ISO-10303-21;
HEADER;
/* Generated by software containing ST-Developer
 * from STEP Tools, Inc. (www.steptools.com) 
 */

FILE_DESCRIPTION(
/* description */ (''),
/* implementation_level */ '2;1');

FILE_NAME(
/* name */ 'The_Shard_TPU_-_Action_2_Mount_CamAngle_25.step',
/* time_stamp */ '2026-10-02T21:43:33+02:00',
/* author */ (''),
/* organization */ (''),
/* preprocessor_version */ 'ST-DEVELOPER v20.2',
/* originating_system */ 'Autodesk Translation Framework v15.15.0.0',
/* authorisation */ '');

FILE_SCHEMA (('AUTOMOTIVE_DESIGN { 1 0 10303 214 3 1 1 }'));
ENDSEC;

DATA;
#10=MECHANICAL_DESIGN_GEOMETRIC_PRESENTATION_REPRESENTATION('',(#13),#10316);
#11=SHAPE_REPRESENTATION_RELATIONSHIP('SRR','None',#10323,#12);
#12=ADVANCED_BREP_SHAPE_REPRESENTATION('',(#14),#10315);
#13=STYLED_ITEM('',(#10332),#14);
#14=MANIFOLD_SOLID_BREP('Body1 (1)',#4860);
#15=(
BOUNDED_CURVE()
B_SPLINE_CURVE(2,(#7953,#7954,#7955),.UNSPECIFIED.,.F.,.F.)
B_SPLINE_CURVE_WITH_KNOTS((3,3),(0.,1.12249721603219),.UNSPECIFIED.)
CURVE()
GEOMETRIC_REPRESENTATION_ITEM()
RATIONAL_B_SPLINE_CURVE((1.,1.05421686746988,1.))
REPRESENTATION_ITEM('')
);
#16=(
BOUNDED_CURVE()
B_SPLINE_CURVE(2,(#8832,#8833,#8834),.UNSPECIFIED.,.F.,.F.)
B_SPLINE_CURVE_WITH_KNOTS((3,3),(0.,1.12249721603219),.UNSPECIFIED.)
CURVE()
GEOMETRIC_REPRESENTATION_ITEM()
RATIONAL_B_SPLINE_CURVE((1.,1.05421686746988,1.))
REPRESENTATION_ITEM('')
);
#17=CONICAL_SURFACE('',#4939,2.7,0.785398163397449);
#18=CONICAL_SURFACE('',#4943,2.7,0.785398163397449);
#19=CONICAL_SURFACE('',#4947,2.7,0.785398163397449);
#20=CONICAL_SURFACE('',#4951,2.7,0.785398163397449);
#21=CONICAL_SURFACE('',#4955,2.7,0.785398163397448);
#22=CONICAL_SURFACE('',#4958,2.7,0.785398163397448);
#23=CONICAL_SURFACE('',#4959,2.7,0.785398163397448);
#24=CONICAL_SURFACE('',#4960,2.7,0.785398163397448);
#25=CONICAL_SURFACE('',#5077,7.00000000000003,0.785398163397448);
#26=CONICAL_SURFACE('',#5111,16.75,0.785398163397451);
#27=CONICAL_SURFACE('',#5112,16.75,0.785398163397451);
#28=CONICAL_SURFACE('',#5133,0.900000000000003,0.174532925199433);
#29=CONICAL_SURFACE('',#5135,0.900000000000003,0.174532925199433);
#30=ELLIPSE('',#4894,5.6568542494924,4.00000000000003);
#31=ELLIPSE('',#4896,4.49388704869485,3.17765800601853);
#32=ELLIPSE('',#4898,4.49388704869485,3.17765800601853);
#33=ELLIPSE('',#4899,4.49388704869483,3.17765800601853);
#34=ELLIPSE('',#4901,4.49388704869483,3.17765800601853);
#35=ELLIPSE('',#4903,5.65685424949242,4.00000000000003);
#36=ELLIPSE('',#4905,4.49388704870166,3.17765800602336);
#37=ELLIPSE('',#4907,4.49388704870166,3.17765800602336);
#38=ELLIPSE('',#4908,4.49388704870167,3.17765800602336);
#39=ELLIPSE('',#4910,4.49388704870167,3.17765800602336);
#40=ELLIPSE('',#4964,5.65685424949242,4.00000000000003);
#41=ELLIPSE('',#4966,5.6568542494924,4.00000000000003);
#42=ELLIPSE('',#5031,4.49388704870165,3.17765800602335);
#43=ELLIPSE('',#5033,4.49388704870165,3.17765800602335);
#44=ELLIPSE('',#5035,5.6568542494924,4.00000000000004);
#45=ELLIPSE('',#5038,6.33663272280172,4.48067596818168);
#46=ELLIPSE('',#5042,6.3366327228017,4.48067596818168);
#47=ELLIPSE('',#5046,5.65685424949241,4.00000000000003);
#48=ELLIPSE('',#5052,5.65685424949239,4.00000000000003);
#49=ELLIPSE('',#5054,4.49388704870112,3.17765800602297);
#50=ELLIPSE('',#5056,4.49388704870112,3.17765800602297);
#51=ELLIPSE('',#5058,4.4938870487011,3.17765800602297);
#52=ELLIPSE('',#5060,4.4938870487011,3.17765800602297);
#53=ELLIPSE('',#5062,6.33663272280172,4.48067596818168);
#54=ELLIPSE('',#5064,6.3366327228017,4.48067596818168);
#55=ELLIPSE('',#5087,5.65685424949242,4.00000000000004);
#56=ELLIPSE('',#5088,4.49388704870166,3.17765800602335);
#57=ELLIPSE('',#5093,6.33663272280171,4.48067596818168);
#58=ELLIPSE('',#5094,6.33663272280172,4.48067596818168);
#59=ELLIPSE('',#5102,4.49388704870166,3.17765800602335);
#60=ELLIPSE('',#5106,6.33663272280172,4.48067596818168);
#61=ELLIPSE('',#5107,6.33663272280171,4.48067596818168);
#62=CYLINDRICAL_SURFACE('',#4891,3.);
#63=CYLINDRICAL_SURFACE('',#4892,3.);
#64=CYLINDRICAL_SURFACE('',#4893,4.00000000000003);
#65=CYLINDRICAL_SURFACE('',#4895,3.17765800601853);
#66=CYLINDRICAL_SURFACE('',#4902,4.00000000000003);
#67=CYLINDRICAL_SURFACE('',#4904,3.17765800602336);
#68=CYLINDRICAL_SURFACE('',#4941,2.5);
#69=CYLINDRICAL_SURFACE('',#4945,2.5);
#70=CYLINDRICAL_SURFACE('',#4949,2.5);
#71=CYLINDRICAL_SURFACE('',#4953,2.5);
#72=CYLINDRICAL_SURFACE('',#4963,4.00000000000003);
#73=CYLINDRICAL_SURFACE('',#4965,4.00000000000003);
#74=CYLINDRICAL_SURFACE('',#5030,3.17765800602335);
#75=CYLINDRICAL_SURFACE('',#5034,4.00000000000003);
#76=CYLINDRICAL_SURFACE('',#5037,4.48067596818168);
#77=CYLINDRICAL_SURFACE('',#5039,1.5);
#78=CYLINDRICAL_SURFACE('',#5041,4.48067596818168);
#79=CYLINDRICAL_SURFACE('',#5043,1.5);
#80=CYLINDRICAL_SURFACE('',#5045,4.00000000000003);
#81=CYLINDRICAL_SURFACE('',#5047,1.5);
#82=CYLINDRICAL_SURFACE('',#5048,1.5);
#83=CYLINDRICAL_SURFACE('',#5051,4.00000000000003);
#84=CYLINDRICAL_SURFACE('',#5053,3.17765800602297);
#85=CYLINDRICAL_SURFACE('',#5057,3.17765800602297);
#86=CYLINDRICAL_SURFACE('',#5061,4.48067596818168);
#87=CYLINDRICAL_SURFACE('',#5063,4.48067596818168);
#88=CYLINDRICAL_SURFACE('',#5065,17.5);
#89=CYLINDRICAL_SURFACE('',#5079,5.75000000000003);
#90=CYLINDRICAL_SURFACE('',#5092,4.48067596818168);
#91=CYLINDRICAL_SURFACE('',#5100,4.00000000000003);
#92=CYLINDRICAL_SURFACE('',#5101,3.17765800602335);
#93=CYLINDRICAL_SURFACE('',#5105,4.48067596818168);
#94=B_SPLINE_SURFACE_WITH_KNOTS('',3,3,((#6535,#6536,#6537,#6538,#6539,
#6540,#6541,#6542,#6543,#6544),(#6545,#6546,#6547,#6548,#6549,#6550,#6551,
#6552,#6553,#6554),(#6555,#6556,#6557,#6558,#6559,#6560,#6561,#6562,#6563,
#6564),(#6565,#6566,#6567,#6568,#6569,#6570,#6571,#6572,#6573,#6574)),
 .UNSPECIFIED.,.F.,.F.,.F.,(4,4),(4,1,1,1,1,1,1,4),(0.,1.),(-1.02517269584535,
-0.285506229150588,0.454160237544173,1.19382670423893,1.93349317093369,
2.67315963762845,3.41282610432321,4.15249257101797),.UNSPECIFIED.);
#95=B_SPLINE_SURFACE_WITH_KNOTS('',3,3,((#6628,#6629,#6630,#6631,#6632,
#6633),(#6634,#6635,#6636,#6637,#6638,#6639),(#6640,#6641,#6642,#6643,#6644,
#6645),(#6646,#6647,#6648,#6649,#6650,#6651)),.UNSPECIFIED.,.F.,.F.,.F.,
(4,4),(4,1,1,4),(0.,1.),(-1.11022799419332,-0.49718809429166,-0.0884948276905513,
0.320198438910557),.UNSPECIFIED.);
#96=B_SPLINE_SURFACE_WITH_KNOTS('',3,3,((#6736,#6737,#6738,#6739,#6740,
#6741,#6742,#6743,#6744,#6745),(#6746,#6747,#6748,#6749,#6750,#6751,#6752,
#6753,#6754,#6755),(#6756,#6757,#6758,#6759,#6760,#6761,#6762,#6763,#6764,
#6765),(#6766,#6767,#6768,#6769,#6770,#6771,#6772,#6773,#6774,#6775)),
 .UNSPECIFIED.,.F.,.F.,.F.,(4,4),(4,1,1,1,1,1,1,4),(0.,1.),(2.13069273616162,
2.87035920285638,3.61002566955115,4.34969213624591,5.08935860294067,5.82902506963543,
6.5686915363302,7.30835800302496),.UNSPECIFIED.);
#97=B_SPLINE_SURFACE_WITH_KNOTS('',3,3,((#6824,#6825,#6826,#6827,#6828,
#6829),(#6830,#6831,#6832,#6833,#6834,#6835),(#6836,#6837,#6838,#6839,#6840,
#6841),(#6842,#6843,#6844,#6845,#6846,#6847)),.UNSPECIFIED.,.F.,.F.,.F.,
(4,4),(4,1,1,4),(0.,1.),(2.82139421467925,3.4344341145809,3.84312738118201,
4.25182064778311),.UNSPECIFIED.);
#98=B_SPLINE_SURFACE_WITH_KNOTS('',3,3,((#6936,#6937,#6938,#6939,#6940,
#6941,#6942),(#6943,#6944,#6945,#6946,#6947,#6948,#6949),(#6950,#6951,#6952,
#6953,#6954,#6955,#6956),(#6957,#6958,#6959,#6960,#6961,#6962,#6963)),
 .UNSPECIFIED.,.F.,.F.,.F.,(4,4),(4,1,1,1,4),(0.,1.),(2.21014793214386,
2.29652518751233,2.33971381519657,2.42609107056505,2.51246832593352),
 .UNSPECIFIED.);
#99=B_SPLINE_SURFACE_WITH_KNOTS('',3,3,((#6975,#6976,#6977,#6978,#6979,
#6980,#6981,#6982,#6983),(#6984,#6985,#6986,#6987,#6988,#6989,#6990,#6991,
#6992),(#6993,#6994,#6995,#6996,#6997,#6998,#6999,#7000,#7001),(#7002,#7003,
#7004,#7005,#7006,#7007,#7008,#7009,#7010)),.UNSPECIFIED.,.F.,.F.,.F.,(4,
4),(4,1,1,1,1,1,4),(0.,1.),(-6.37048042654971,-5.8967400133597,-5.4229996001697,
-4.47551877378969,-4.00177836059968,-3.52803794740968,-3.05429753421967),
 .UNSPECIFIED.);
#100=B_SPLINE_SURFACE_WITH_KNOTS('',3,3,((#7024,#7025,#7026,#7027),(#7028,
#7029,#7030,#7031),(#7032,#7033,#7034,#7035),(#7036,#7037,#7038,#7039)),
 .UNSPECIFIED.,.F.,.F.,.F.,(4,4),(4,4),(0.,1.),(-6.3833527283412,-6.37048042654971),
 .UNSPECIFIED.);
#101=B_SPLINE_SURFACE_WITH_KNOTS('',3,3,((#7044,#7045,#7046,#7047,#7048,
#7049),(#7050,#7051,#7052,#7053,#7054,#7055),(#7056,#7057,#7058,#7059,#7060,
#7061),(#7062,#7063,#7064,#7065,#7066,#7067)),.UNSPECIFIED.,.F.,.F.,.F.,
(4,4),(4,1,1,4),(0.,1.),(1.58438164307836,1.66090487672123,1.73742811036409,
1.8522129608284),.UNSPECIFIED.);
#102=B_SPLINE_SURFACE_WITH_KNOTS('',3,3,((#7078,#7079,#7080,#7081),(#7082,
#7083,#7084,#7085),(#7086,#7087,#7088,#7089),(#7090,#7091,#7092,#7093)),
 .UNSPECIFIED.,.F.,.F.,.F.,(4,4),(4,4),(0.,1.),(-3.05429753421967,-3.04142523242818),
 .UNSPECIFIED.);
#103=B_SPLINE_SURFACE_WITH_KNOTS('',3,3,((#7098,#7099,#7100,#7101,#7102,
#7103,#7104),(#7105,#7106,#7107,#7108,#7109,#7110,#7111),(#7112,#7113,#7114,
#7115,#7116,#7117,#7118),(#7119,#7120,#7121,#7122,#7123,#7124,#7125)),
 .UNSPECIFIED.,.F.,.F.,.F.,(4,4),(4,1,2,4),(0.,1.),(1.30820712630344,1.38377474190049,
1.49712616529605,1.5289044920008),.UNSPECIFIED.);
#104=B_SPLINE_SURFACE_WITH_KNOTS('',3,3,((#7137,#7138,#7139,#7140,#7141,
#7142),(#7143,#7144,#7145,#7146,#7147,#7148),(#7149,#7150,#7151,#7152,#7153,
#7154),(#7155,#7156,#7157,#7158,#7159,#7160)),.UNSPECIFIED.,.F.,.F.,.F.,
(4,4),(4,2,4),(0.,1.),(1.8522129608284,1.89974290195225,1.90755841578442),
 .UNSPECIFIED.);
#105=B_SPLINE_SURFACE_WITH_KNOTS('',3,3,((#7167,#7168,#7169,#7170),(#7171,
#7172,#7173,#7174),(#7175,#7176,#7177,#7178),(#7179,#7180,#7181,#7182)),
 .UNSPECIFIED.,.F.,.F.,.F.,(4,4),(4,4),(0.,1.),(2.13471927615766,2.21014793214386),
 .UNSPECIFIED.);
#106=B_SPLINE_SURFACE_WITH_KNOTS('',3,3,((#7209,#7210,#7211,#7212,#7213),
(#7214,#7215,#7216,#7217,#7218),(#7219,#7220,#7221,#7222,#7223),(#7224,
#7225,#7226,#7227,#7228)),.UNSPECIFIED.,.F.,.F.,.F.,(4,4),(4,1,4),(0.,1.),
(1.24956524739186,1.4026117146776,1.5173965651419),.UNSPECIFIED.);
#107=B_SPLINE_SURFACE_WITH_KNOTS('',3,3,((#7238,#7239,#7240,#7241,#7242,
#7243,#7244,#7245),(#7246,#7247,#7248,#7249,#7250,#7251,#7252,#7253),(#7254,
#7255,#7256,#7257,#7258,#7259,#7260,#7261),(#7262,#7263,#7264,#7265,#7266,
#7267,#7268,#7269)),.UNSPECIFIED.,.F.,.F.,.F.,(4,4),(4,1,1,1,1,4),(0.,1.),
(-3.22888777295992,-2.75514735976991,-1.8076665333899,-0.860185707009888,
-0.386445293819882,0.0872951193701242),.UNSPECIFIED.);
#108=B_SPLINE_SURFACE_WITH_KNOTS('',3,3,((#7282,#7283,#7284,#7285),(#7286,
#7287,#7288,#7289),(#7290,#7291,#7292,#7293),(#7294,#7295,#7296,#7297)),
 .UNSPECIFIED.,.F.,.F.,.F.,(4,4),(4,4),(0.,1.),(-3.2417600747514,-3.22888777295991),
 .UNSPECIFIED.);
#109=B_SPLINE_SURFACE_WITH_KNOTS('',3,3,((#7302,#7303,#7304,#7305,#7306,
#7307),(#7308,#7309,#7310,#7311,#7312,#7313),(#7314,#7315,#7316,#7317,#7318,
#7319),(#7320,#7321,#7322,#7323,#7324,#7325)),.UNSPECIFIED.,.F.,.F.,.F.,
(4,4),(4,1,1,4),(0.,1.),(0.589309882286738,0.654092823813093,0.718875765339449,
0.891630276076398),.UNSPECIFIED.);
#110=B_SPLINE_SURFACE_WITH_KNOTS('',3,3,((#7336,#7337,#7338,#7339),(#7340,
#7341,#7342,#7343),(#7344,#7345,#7346,#7347),(#7348,#7349,#7350,#7351)),
 .UNSPECIFIED.,.F.,.F.,.F.,(4,4),(4,4),(0.,1.),(0.0872951193701244,0.100167421161608),
 .UNSPECIFIED.);
#111=B_SPLINE_SURFACE_WITH_KNOTS('',3,3,((#7356,#7357,#7358,#7359,#7360,
#7361,#7362,#7363,#7364),(#7365,#7366,#7367,#7368,#7369,#7370,#7371,#7372,
#7373),(#7374,#7375,#7376,#7377,#7378,#7379,#7380,#7381,#7382),(#7383,#7384,
#7385,#7386,#7387,#7388,#7389,#7390,#7391)),.UNSPECIFIED.,.F.,.F.,.F.,(4,
4),(4,2,1,2,4),(0.,1.),(1.23623992329124,1.26801824999591,1.36243038429878,
1.42537180716736,1.45693728898861),.UNSPECIFIED.);
#112=B_SPLINE_SURFACE_WITH_KNOTS('',3,3,((#7405,#7406,#7407,#7408),(#7409,
#7410,#7411,#7412),(#7413,#7414,#7415,#7416),(#7417,#7418,#7419,#7420)),
 .UNSPECIFIED.,.F.,.F.,.F.,(4,4),(4,4),(0.,1.),(0.891630276076399,0.96705893206259),
 .UNSPECIFIED.);
#113=B_SPLINE_SURFACE_WITH_KNOTS('',3,3,((#7425,#7426,#7427,#7428,#7429,
#7430),(#7431,#7432,#7433,#7434,#7435,#7436),(#7437,#7438,#7439,#7440,#7441,
#7442),(#7443,#7444,#7445,#7446,#7447,#7448)),.UNSPECIFIED.,.F.,.F.,.F.,
(4,4),(4,2,4),(0.,1.),(1.19421979243585,1.20203530626801,1.24956524739186),
 .UNSPECIFIED.);
#114=B_SPLINE_SURFACE_WITH_KNOTS('',3,3,((#7972,#7973,#7974,#7975,#7976,
#7977),(#7978,#7979,#7980,#7981,#7982,#7983),(#7984,#7985,#7986,#7987,#7988,
#7989),(#7990,#7991,#7992,#7993,#7994,#7995)),.UNSPECIFIED.,.F.,.F.,.F.,
(4,4),(4,2,4),(0.,1.),(-0.000997115026853896,0.,0.408293742852712),
 .UNSPECIFIED.);
#115=B_SPLINE_SURFACE_WITH_KNOTS('',3,3,((#8046,#8047,#8048,#8049,#8050,
#8051),(#8052,#8053,#8054,#8055,#8056,#8057),(#8058,#8059,#8060,#8061,#8062,
#8063),(#8064,#8065,#8066,#8067,#8068,#8069)),.UNSPECIFIED.,.F.,.F.,.F.,
(4,4),(4,2,4),(0.,1.),(-0.00109353235225856,0.,0.39703404988188),
 .UNSPECIFIED.);
#116=B_SPLINE_SURFACE_WITH_KNOTS('',3,3,((#8086,#8087,#8088,#8089,#8090,
#8091),(#8092,#8093,#8094,#8095,#8096,#8097),(#8098,#8099,#8100,#8101,#8102,
#8103),(#8104,#8105,#8106,#8107,#8108,#8109),(#8110,#8111,#8112,#8113,#8114,
#8115)),.UNSPECIFIED.,.F.,.F.,.F.,(4,1,4),(4,1,1,4),(0.,0.5,1.),(3.31903194148284,
3.40601884188723,3.49300574229161,3.62348609289819),.UNSPECIFIED.);
#117=B_SPLINE_SURFACE_WITH_KNOTS('',3,3,((#8149,#8150,#8151,#8152,#8153,
#8154),(#8155,#8156,#8157,#8158,#8159,#8160),(#8161,#8162,#8163,#8164,#8165,
#8166),(#8167,#8168,#8169,#8170,#8171,#8172)),.UNSPECIFIED.,.F.,.F.,.F.,
(4,4),(4,2,4),(0.,1.),(-0.000951634079369985,0.,0.397176904883988),
 .UNSPECIFIED.);
#118=B_SPLINE_SURFACE_WITH_KNOTS('',3,3,((#8189,#8190,#8191,#8192,#8193,
#8194),(#8195,#8196,#8197,#8198,#8199,#8200),(#8201,#8202,#8203,#8204,#8205,
#8206),(#8207,#8208,#8209,#8210,#8211,#8212),(#8213,#8214,#8215,#8216,#8217,
#8218)),.UNSPECIFIED.,.F.,.F.,.F.,(4,1,4),(4,1,1,4),(0.,0.5,1.),(1.65951781098656,
1.78999772523765,1.87698433473838,1.96397094423911),.UNSPECIFIED.);
#119=B_SPLINE_SURFACE_WITH_KNOTS('',3,3,((#8278,#8279,#8280,#8281,#8282,
#8283),(#8284,#8285,#8286,#8287,#8288,#8289),(#8290,#8291,#8292,#8293,#8294,
#8295),(#8296,#8297,#8298,#8299,#8300,#8301)),.UNSPECIFIED.,.F.,.F.,.F.,
(4,4),(4,2,4),(0.,1.),(-0.00113821279664668,0.,0.408209777442428),
 .UNSPECIFIED.);
#120=B_SPLINE_SURFACE_WITH_KNOTS('',3,3,((#8325,#8326,#8327,#8328,#8329,
#8330),(#8331,#8332,#8333,#8334,#8335,#8336),(#8337,#8338,#8339,#8340,#8341,
#8342),(#8343,#8344,#8345,#8346,#8347,#8348)),.UNSPECIFIED.,.F.,.F.,.F.,
(4,4),(4,2,4),(0.,1.),(-0.000951617950152106,0.,0.397176920245529),
 .UNSPECIFIED.);
#121=B_SPLINE_SURFACE_WITH_KNOTS('',3,3,((#8365,#8366,#8367,#8368,#8369,
#8370),(#8371,#8372,#8373,#8374,#8375,#8376),(#8377,#8378,#8379,#8380,#8381,
#8382),(#8383,#8384,#8385,#8386,#8387,#8388),(#8389,#8390,#8391,#8392,#8393,
#8394)),.UNSPECIFIED.,.F.,.F.,.F.,(4,1,4),(4,1,1,4),(0.,0.5,1.),(3.31903562197343,
3.44951553622412,3.53650214572458,3.62348875522504),.UNSPECIFIED.);
#122=B_SPLINE_SURFACE_WITH_KNOTS('',3,3,((#8454,#8455,#8456,#8457,#8458,
#8459),(#8460,#8461,#8462,#8463,#8464,#8465),(#8466,#8467,#8468,#8469,#8470,
#8471),(#8472,#8473,#8474,#8475,#8476,#8477)),.UNSPECIFIED.,.F.,.F.,.F.,
(4,4),(4,2,4),(0.,1.),(-0.00113819766463252,0.,0.408209775237971),
 .UNSPECIFIED.);
#123=B_SPLINE_SURFACE_WITH_KNOTS('',3,3,((#8504,#8505,#8506,#8507,#8508,
#8509),(#8510,#8511,#8512,#8513,#8514,#8515),(#8516,#8517,#8518,#8519,#8520,
#8521),(#8522,#8523,#8524,#8525,#8526,#8527)),.UNSPECIFIED.,.F.,.F.,.F.,
(4,4),(4,2,4),(0.,1.),(-0.000997115026853896,0.,0.408290675566718),
 .UNSPECIFIED.);
#124=B_SPLINE_SURFACE_WITH_KNOTS('',3,3,((#8582,#8583,#8584,#8585,#8586,
#8587),(#8588,#8589,#8590,#8591,#8592,#8593),(#8594,#8595,#8596,#8597,#8598,
#8599),(#8600,#8601,#8602,#8603,#8604,#8605),(#8606,#8607,#8608,#8609,#8610,
#8611)),.UNSPECIFIED.,.F.,.F.,.F.,(4,1,4),(4,1,1,4),(0.,0.5,1.),(0.365179548626319,
0.495658521539857,0.582644503482216,0.669630485424574),.UNSPECIFIED.);
#125=B_SPLINE_SURFACE_WITH_KNOTS('',3,3,((#8635,#8636,#8637,#8638,#8639,
#8640),(#8641,#8642,#8643,#8644,#8645,#8646),(#8647,#8648,#8649,#8650,#8651,
#8652),(#8653,#8654,#8655,#8656,#8657,#8658)),.UNSPECIFIED.,.F.,.F.,.F.,
(4,4),(4,2,4),(0.,1.),(-0.00109353235225856,0.,0.397034049881881),
 .UNSPECIFIED.);
#126=B_SPLINE_SURFACE_WITH_KNOTS('',3,3,((#9018,#9019,#9020,#9021),(#9022,
#9023,#9024,#9025),(#9026,#9027,#9028,#9029),(#9030,#9031,#9032,#9033)),
 .UNSPECIFIED.,.F.,.F.,.F.,(4,4),(4,4),(0.,1.),(0.0777621333092008,0.79591817788771),
 .UNSPECIFIED.);
#127=B_SPLINE_SURFACE_WITH_KNOTS('',3,3,((#9054,#9055,#9056,#9057),(#9058,
#9059,#9060,#9061),(#9062,#9063,#9064,#9065),(#9066,#9067,#9068,#9069)),
 .UNSPECIFIED.,.F.,.F.,.F.,(4,4),(4,4),(0.,1.),(0.00724556493487301,0.796664551841633),
 .UNSPECIFIED.);
#128=B_SPLINE_SURFACE_WITH_KNOTS('',3,3,((#9080,#9081,#9082,#9083),(#9084,
#9085,#9086,#9087),(#9088,#9089,#9090,#9091),(#9092,#9093,#9094,#9095)),
 .UNSPECIFIED.,.F.,.F.,.F.,(4,4),(4,4),(0.,1.),(0.0750003938322495,0.802984938277463),
 .UNSPECIFIED.);
#129=B_SPLINE_SURFACE_WITH_KNOTS('',3,3,((#9104,#9105,#9106,#9107),(#9108,
#9109,#9110,#9111),(#9112,#9113,#9114,#9115),(#9116,#9117,#9118,#9119),
(#9120,#9121,#9122,#9123)),.UNSPECIFIED.,.F.,.F.,.F.,(4,1,4),(4,4),(0.,
0.571428571428571,1.),(0.,0.846767763452959),.UNSPECIFIED.);
#130=B_SPLINE_SURFACE_WITH_KNOTS('',3,3,((#9141,#9142,#9143,#9144),(#9145,
#9146,#9147,#9148),(#9149,#9150,#9151,#9152),(#9153,#9154,#9155,#9156)),
 .UNSPECIFIED.,.F.,.F.,.F.,(4,4),(4,4),(0.,1.),(0.0750003938322495,0.802984938277464),
 .UNSPECIFIED.);
#131=B_SPLINE_SURFACE_WITH_KNOTS('',3,3,((#9187,#9188,#9189,#9190),(#9191,
#9192,#9193,#9194),(#9195,#9196,#9197,#9198),(#9199,#9200,#9201,#9202)),
 .UNSPECIFIED.,.F.,.F.,.F.,(4,4),(4,4),(0.,1.),(0.00724556493487232,0.796664538747952),
 .UNSPECIFIED.);
#132=B_SPLINE_SURFACE_WITH_KNOTS('',3,3,((#9343,#9344,#9345,#9346),(#9347,
#9348,#9349,#9350),(#9351,#9352,#9353,#9354),(#9355,#9356,#9357,#9358)),
 .UNSPECIFIED.,.F.,.F.,.F.,(4,4),(4,4),(0.,1.01109114522823),(0.0777621333092009,
0.795918177887722),.UNSPECIFIED.);
#133=B_SPLINE_SURFACE_WITH_KNOTS('',3,3,((#9450,#9451,#9452,#9453),(#9454,
#9455,#9456,#9457),(#9458,#9459,#9460,#9461),(#9462,#9463,#9464,#9465),
(#9466,#9467,#9468,#9469)),.UNSPECIFIED.,.F.,.F.,.F.,(4,1,4),(4,4),(0.,
0.571428571428571,1.),(0.,0.835688898409572),.UNSPECIFIED.);
#134=B_SPLINE_SURFACE_WITH_KNOTS('',3,3,((#9471,#9472,#9473,#9474),(#9475,
#9476,#9477,#9478),(#9479,#9480,#9481,#9482),(#9483,#9484,#9485,#9486)),
 .UNSPECIFIED.,.F.,.F.,.F.,(4,4),(4,4),(0.,1.),(0.077762133309201,0.79591817788771),
 .UNSPECIFIED.);
#135=B_SPLINE_SURFACE_WITH_KNOTS('',3,3,((#9543,#9544,#9545,#9546),(#9547,
#9548,#9549,#9550),(#9551,#9552,#9553,#9554),(#9555,#9556,#9557,#9558)),
 .UNSPECIFIED.,.F.,.F.,.F.,(4,4),(4,4),(0.,1.),(0.0752865397627041,0.805104708277563),
 .UNSPECIFIED.);
#136=B_SPLINE_SURFACE_WITH_KNOTS('',3,3,((#9561,#9562,#9563,#9564),(#9565,
#9566,#9567,#9568),(#9569,#9570,#9571,#9572),(#9573,#9574,#9575,#9576)),
 .UNSPECIFIED.,.F.,.F.,.F.,(4,4),(4,4),(0.,1.),(0.0072445771087051,0.796677506586002),
 .UNSPECIFIED.);
#137=B_SPLINE_SURFACE_WITH_KNOTS('',3,3,((#9739,#9740,#9741,#9742),(#9743,
#9744,#9745,#9746),(#9747,#9748,#9749,#9750),(#9751,#9752,#9753,#9754),
(#9755,#9756,#9757,#9758)),.UNSPECIFIED.,.F.,.F.,.F.,(4,1,4),(4,4),(0.,
0.571428571428571,1.),(0.,0.835688898409571),.UNSPECIFIED.);
#138=B_SPLINE_SURFACE_WITH_KNOTS('',3,3,((#9765,#9766,#9767,#9768,#9769,
#9770,#9771,#9772,#9773,#9774,#9775,#9776,#9777,#9778,#9779,#9780,#9781,
#9782,#9783,#9784,#9785),(#9786,#9787,#9788,#9789,#9790,#9791,#9792,#9793,
#9794,#9795,#9796,#9797,#9798,#9799,#9800,#9801,#9802,#9803,#9804,#9805,
#9806),(#9807,#9808,#9809,#9810,#9811,#9812,#9813,#9814,#9815,#9816,#9817,
#9818,#9819,#9820,#9821,#9822,#9823,#9824,#9825,#9826,#9827),(#9828,#9829,
#9830,#9831,#9832,#9833,#9834,#9835,#9836,#9837,#9838,#9839,#9840,#9841,
#9842,#9843,#9844,#9845,#9846,#9847,#9848)),.UNSPECIFIED.,.F.,.F.,.F.,(4,
4),(4,2,2,2,2,2,2,1,1,1,2,4),(0.,1.),(-0.580320670704625,-0.578803985341242,
-0.539834198533715,-0.505768341374649,-0.458633380640818,-0.413774690127576,
-0.37128121183342,-0.289014357194056,-0.206747502554692,-0.124480647915328,
-0.0422137932759637,0.000997618496548868),.UNSPECIFIED.);
#139=B_SPLINE_SURFACE_WITH_KNOTS('',3,3,((#9928,#9929,#9930,#9931,#9932,
#9933,#9934,#9935,#9936,#9937,#9938,#9939),(#9940,#9941,#9942,#9943,#9944,
#9945,#9946,#9947,#9948,#9949,#9950,#9951),(#9952,#9953,#9954,#9955,#9956,
#9957,#9958,#9959,#9960,#9961,#9962,#9963),(#9964,#9965,#9966,#9967,#9968,
#9969,#9970,#9971,#9972,#9973,#9974,#9975)),.UNSPECIFIED.,.F.,.F.,.F.,(4,
4),(4,2,2,2,2,4),(0.,1.),(-0.23252215121489,-0.205564291777862,-0.161966715004619,
-0.128616943643171,-0.0475200662198792,0.0305150832749965),
 .UNSPECIFIED.);
#140=B_SPLINE_SURFACE_WITH_KNOTS('',3,3,((#10014,#10015,#10016,#10017,#10018,
#10019,#10020,#10021,#10022,#10023),(#10024,#10025,#10026,#10027,#10028,
#10029,#10030,#10031,#10032,#10033),(#10034,#10035,#10036,#10037,#10038,
#10039,#10040,#10041,#10042,#10043),(#10044,#10045,#10046,#10047,#10048,
#10049,#10050,#10051,#10052,#10053)),.UNSPECIFIED.,.F.,.F.,.F.,(4,4),(4,
2,2,2,4),(0.,1.),(-0.23612445177317,-0.205605059254266,-0.0799763393698809,
-0.049345039513742,0.0269643323873214),.UNSPECIFIED.);
#141=B_SPLINE_SURFACE_WITH_KNOTS('',3,3,((#10101,#10102,#10103,#10104,#10105,
#10106,#10107,#10108,#10109,#10110,#10111,#10112,#10113,#10114,#10115,#10116,
#10117,#10118,#10119,#10120,#10121,#10122,#10123,#10124,#10125,#10126),
(#10127,#10128,#10129,#10130,#10131,#10132,#10133,#10134,#10135,#10136,
#10137,#10138,#10139,#10140,#10141,#10142,#10143,#10144,#10145,#10146,#10147,
#10148,#10149,#10150,#10151,#10152),(#10153,#10154,#10155,#10156,#10157,
#10158,#10159,#10160,#10161,#10162,#10163,#10164,#10165,#10166,#10167,#10168,
#10169,#10170,#10171,#10172,#10173,#10174,#10175,#10176,#10177,#10178),
(#10179,#10180,#10181,#10182,#10183,#10184,#10185,#10186,#10187,#10188,
#10189,#10190,#10191,#10192,#10193,#10194,#10195,#10196,#10197,#10198,#10199,
#10200,#10201,#10202,#10203,#10204)),.UNSPECIFIED.,.F.,.F.,.F.,(4,4),(4,
2,2,2,2,2,2,2,2,2,2,2,4),(0.,1.),(-0.579752740292609,-0.578753722351991,
-0.501873735623597,-0.413023561872377,-0.373231987797114,-0.335726592681086,
-0.275851083814228,-0.232072577781501,-0.185013884493697,-0.0886637712519639,
-0.0432210962557917,0.,0.00151803803691436),.UNSPECIFIED.);
#142=B_SPLINE_SURFACE_WITH_KNOTS('',3,3,((#10235,#10236,#10237,#10238),
(#10239,#10240,#10241,#10242),(#10243,#10244,#10245,#10246),(#10247,#10248,
#10249,#10250)),.UNSPECIFIED.,.F.,.F.,.F.,(4,4),(4,4),(-0.0110933868855786,
1.),(0.077762133309201,0.79591817788771),.UNSPECIFIED.);
#143=B_SPLINE_SURFACE_WITH_KNOTS('',3,3,((#10251,#10252,#10253,#10254),
(#10255,#10256,#10257,#10258),(#10259,#10260,#10261,#10262),(#10263,#10264,
#10265,#10266)),.UNSPECIFIED.,.F.,.F.,.F.,(4,4),(4,4),(0.,1.),(0.00724556493487409,
0.796664538776304),.UNSPECIFIED.);
#144=B_SPLINE_SURFACE_WITH_KNOTS('',3,3,((#10268,#10269,#10270,#10271),
(#10272,#10273,#10274,#10275),(#10276,#10277,#10278,#10279),(#10280,#10281,
#10282,#10283)),.UNSPECIFIED.,.F.,.F.,.F.,(4,4),(4,4),(0.,1.),(0.0750003938322493,
0.802379254142811),.UNSPECIFIED.);
#145=B_SPLINE_SURFACE_WITH_KNOTS('',3,3,((#10285,#10286,#10287,#10288),
(#10289,#10290,#10291,#10292),(#10293,#10294,#10295,#10296),(#10297,#10298,
#10299,#10300),(#10301,#10302,#10303,#10304)),.UNSPECIFIED.,.F.,.F.,.F.,
(4,1,4),(4,4),(0.,0.571428571428571,1.),(0.,0.847472045267749),
 .UNSPECIFIED.);
#146=FACE_BOUND('',#630,.T.);
#147=FACE_BOUND('',#631,.T.);
#148=FACE_BOUND('',#632,.T.);
#149=FACE_BOUND('',#633,.T.);
#150=FACE_BOUND('',#634,.T.);
#151=FACE_BOUND('',#676,.T.);
#152=FACE_BOUND('',#687,.T.);
#153=FACE_BOUND('',#688,.T.);
#154=FACE_BOUND('',#703,.T.);
#155=FACE_BOUND('',#750,.T.);
#156=FACE_BOUND('',#768,.T.);
#157=FACE_BOUND('',#771,.T.);
#158=FACE_BOUND('',#797,.T.);
#159=FACE_BOUND('',#813,.T.);
#160=FACE_BOUND('',#825,.T.);
#161=FACE_BOUND('',#828,.T.);
#162=FACE_BOUND('',#847,.T.);
#163=FACE_BOUND('',#887,.T.);
#164=FACE_BOUND('',#888,.T.);
#165=FACE_BOUND('',#889,.T.);
#166=CIRCLE('',#4883,2.9);
#167=CIRCLE('',#4884,2.9);
#168=CIRCLE('',#4885,2.9);
#169=CIRCLE('',#4886,2.9);
#170=CIRCLE('',#4897,3.17765800601853);
#171=CIRCLE('',#4900,3.17765800601853);
#172=CIRCLE('',#4906,3.17765800602336);
#173=CIRCLE('',#4909,3.17765800602336);
#174=CIRCLE('',#4922,2.9);
#175=CIRCLE('',#4933,2.9);
#176=CIRCLE('',#4934,2.9);
#177=CIRCLE('',#4940,2.5);
#178=CIRCLE('',#4942,2.5);
#179=CIRCLE('',#4944,2.5);
#180=CIRCLE('',#4946,2.5);
#181=CIRCLE('',#4948,2.5);
#182=CIRCLE('',#4950,2.5);
#183=CIRCLE('',#4952,2.5);
#184=CIRCLE('',#4954,2.5);
#185=CIRCLE('',#4956,2.9);
#186=CIRCLE('',#5025,8.25000000000003);
#187=CIRCLE('',#5029,1.);
#188=CIRCLE('',#5032,3.17765800602335);
#189=CIRCLE('',#5036,0.999999999999999);
#190=CIRCLE('',#5040,1.);
#191=CIRCLE('',#5044,0.999999999999995);
#192=CIRCLE('',#5050,5.75000000000003);
#193=CIRCLE('',#5055,3.17765800602297);
#194=CIRCLE('',#5059,3.17765800602297);
#195=CIRCLE('',#5066,17.5);
#196=CIRCLE('',#5067,17.5);
#197=CIRCLE('',#5078,5.75000000000003);
#198=CIRCLE('',#5091,3.17765800602335);
#199=CIRCLE('',#5096,17.5);
#200=CIRCLE('',#5097,17.5);
#201=CIRCLE('',#5134,0.900000000000003);
#202=CIRCLE('',#5136,0.900000000000003);
#203=B_SPLINE_CURVE_WITH_KNOTS('',3,(#6173,#6174,#6175,#6176,#6177,#6178,
#6179,#6180,#6181,#6182,#6183,#6184,#6185,#6186,#6187,#6188,#6189,#6190,
#6191,#6192,#6193,#6194,#6195,#6196,#6197,#6198,#6199,#6200,#6201,#6202,
#6203,#6204,#6205,#6206,#6207,#6208,#6209,#6210,#6211,#6212,#6213,#6214,
#6215,#6216,#6217,#6218,#6219,#6220,#6221,#6222,#6223,#6224,#6225,#6226,
#6227,#6228,#6229,#6230),.UNSPECIFIED.,.F.,.F.,(4,3,3,3,3,3,3,3,3,3,3,3,
3,3,3,3,3,3,3,4),(-3.96208539195201,-3.67546371149753,-3.41213822023752,
-3.13059821980468,-2.81539071073344,-2.67263726374872,-2.36098020183351,
-2.06027345993062,-1.93339741087306,-1.79354234894361,-1.46452585102249,
-1.19407374844743,-0.857249358815754,-0.535701960439709,-0.454902304987256,
-0.142943440826671,0.138188556036659,0.284721879416147,0.559845940303598,
0.820492717276233),.UNSPECIFIED.);
#204=B_SPLINE_CURVE_WITH_KNOTS('',3,(#6242,#6243,#6244,#6245,#6246,#6247,
#6248,#6249,#6250,#6251,#6252,#6253,#6254,#6255,#6256,#6257,#6258,#6259,
#6260,#6261,#6262,#6263,#6264,#6265,#6266,#6267,#6268,#6269,#6270,#6271,
#6272,#6273,#6274,#6275,#6276,#6277,#6278,#6279,#6280,#6281,#6282,#6283,
#6284,#6285,#6286,#6287,#6288,#6289,#6290,#6291,#6292,#6293,#6294,#6295,
#6296,#6297,#6298,#6299,#6300,#6301,#6302,#6303,#6304,#6305,#6306,#6307,
#6308),.UNSPECIFIED.,.F.,.F.,(4,3,3,3,3,3,3,3,3,3,3,3,3,3,3,3,3,3,3,3,3,
3,4),(-7.10367802445583,-6.85596088113505,-6.59114555381368,-6.56794238044873,
-6.28045327689975,-5.98337629088455,-5.82844761267905,-5.45890845246209,
-5.1134835261107,-5.08936929224513,-4.71965367283382,-4.38848062109131,
-4.3499380534225,-4.25472674566056,-3.9963173283239,-3.72135211798151,-3.61033077875576,
-3.33558836642591,-3.07456448775605,-2.87095077636026,-2.59602534589348,
-2.35410481607495,-2.3210999154267),.UNSPECIFIED.);
#205=B_SPLINE_CURVE_WITH_KNOTS('',3,(#6326,#6327,#6328,#6329,#6330,#6331),
 .UNSPECIFIED.,.F.,.F.,(4,2,4),(-0.244671308063392,-0.19932830030875,-0.153435739558645),
 .UNSPECIFIED.);
#206=B_SPLINE_CURVE_WITH_KNOTS('',3,(#6363,#6364,#6365,#6366,#6367,#6368),
 .UNSPECIFIED.,.F.,.F.,(4,2,4),(-0.245220304752064,-0.199327745006762,-0.15398473979446),
 .UNSPECIFIED.);
#207=B_SPLINE_CURVE_WITH_KNOTS('',3,(#6577,#6578,#6579,#6580,#6581,#6582,
#6583),.UNSPECIFIED.,.F.,.F.,(4,1,1,1,4),(-1.02517269584535,-0.285506229150588,
0.454160237544173,1.19382670423893,1.6270978244593),.UNSPECIFIED.);
#208=B_SPLINE_CURVE_WITH_KNOTS('',3,(#6585,#6586,#6587,#6588,#6589,#6590,
#6591),.UNSPECIFIED.,.F.,.F.,(4,1,1,1,4),(1.62730072686059,1.93349317093369,
2.67315963762845,3.41282610432321,4.15249257101797),.UNSPECIFIED.);
#209=B_SPLINE_CURVE_WITH_KNOTS('',3,(#6593,#6594,#6595,#6596,#6597,#6598,
#6599,#6600,#6601,#6602,#6603,#6604,#6605),.UNSPECIFIED.,.F.,.F.,(4,3,3,
3,4),(-0.0823945510177869,-0.059797173338848,-0.0373734081954366,-0.0118530712310148,
0.),.UNSPECIFIED.);
#210=B_SPLINE_CURVE_WITH_KNOTS('',3,(#6606,#6607,#6608,#6609),
 .UNSPECIFIED.,.F.,.F.,(4,4),(-0.000807533042320465,0.),.UNSPECIFIED.);
#211=B_SPLINE_CURVE_WITH_KNOTS('',3,(#6611,#6612,#6613,#6614),
 .UNSPECIFIED.,.F.,.F.,(4,4),(-0.0643205685254689,-0.0463860014232565),
 .UNSPECIFIED.);
#212=B_SPLINE_CURVE_WITH_KNOTS('',3,(#6615,#6616,#6617,#6618,#6619,#6620,
#6621,#6622,#6623,#6624,#6625,#6626,#6627),.UNSPECIFIED.,.F.,.F.,(4,3,3,
3,4),(0.,0.0254746743081421,0.0512790254549075,0.0774545273395469,0.0798723460632592),
 .UNSPECIFIED.);
#213=B_SPLINE_CURVE_WITH_KNOTS('',3,(#6654,#6655,#6656,#6657,#6658,#6659),
 .UNSPECIFIED.,.F.,.F.,(4,1,1,4),(-0.273113901307298,0.0884948276905513,
0.49718809429166,1.10748562096541),.UNSPECIFIED.);
#214=B_SPLINE_CURVE_WITH_KNOTS('',3,(#6660,#6661,#6662,#6663),
 .UNSPECIFIED.,.F.,.F.,(4,4),(-1.11022799419332,-1.10748562096541),
 .UNSPECIFIED.);
#215=B_SPLINE_CURVE_WITH_KNOTS('',3,(#6664,#6665,#6666,#6667,#6668,#6669),
 .UNSPECIFIED.,.F.,.F.,(4,1,1,4),(-1.00554433953276,-0.49718809429166,-0.0884948276905513,
0.230107214464098),.UNSPECIFIED.);
#216=B_SPLINE_CURVE_WITH_KNOTS('',3,(#6670,#6671,#6672,#6673),
 .UNSPECIFIED.,.F.,.F.,(4,4),(-0.320198438578917,-0.273113901307298),
 .UNSPECIFIED.);
#217=B_SPLINE_CURVE_WITH_KNOTS('',3,(#6678,#6679,#6680,#6681,#6682,#6683),
 .UNSPECIFIED.,.F.,.F.,(4,2,4),(-1.5289044920008,-1.49712616529605,-1.40390569962283),
 .UNSPECIFIED.);
#218=B_SPLINE_CURVE_WITH_KNOTS('',3,(#6685,#6686,#6687,#6688,#6689,#6690),
 .UNSPECIFIED.,.F.,.F.,(4,2,4),(1.8522129608284,1.89974290195225,1.90755841578442),
 .UNSPECIFIED.);
#219=B_SPLINE_CURVE_WITH_KNOTS('',3,(#6692,#6693,#6694,#6695,#6696,#6697),
 .UNSPECIFIED.,.F.,.F.,(4,1,1,4),(1.58438164307836,1.66090487672123,1.73742811036409,
1.8522129608284),.UNSPECIFIED.);
#220=B_SPLINE_CURVE_WITH_KNOTS('',3,(#6699,#6700,#6701,#6702),
 .UNSPECIFIED.,.F.,.F.,(4,4),(-3.05429753421967,-3.04142523242818),
 .UNSPECIFIED.);
#221=B_SPLINE_CURVE_WITH_KNOTS('',3,(#6704,#6705,#6706,#6707,#6708,#6709,
#6710,#6711,#6712),.UNSPECIFIED.,.F.,.F.,(4,1,1,1,1,1,4),(-6.37048042654971,
-5.8967400133597,-5.4229996001697,-4.47551877378969,-4.00177836059968,-3.52803794740968,
-3.05429753421967),.UNSPECIFIED.);
#222=B_SPLINE_CURVE_WITH_KNOTS('',3,(#6714,#6715,#6716,#6717),
 .UNSPECIFIED.,.F.,.F.,(4,4),(-6.3833527283412,-6.37048042654971),
 .UNSPECIFIED.);
#223=B_SPLINE_CURVE_WITH_KNOTS('',3,(#6719,#6720,#6721,#6722,#6723,#6724,
#6725),.UNSPECIFIED.,.F.,.F.,(4,1,1,1,4),(2.21014793214386,2.29652518751233,
2.33971381519657,2.42609107056505,2.51246832593352),.UNSPECIFIED.);
#224=B_SPLINE_CURVE_WITH_KNOTS('',3,(#6727,#6728,#6729,#6730),
 .UNSPECIFIED.,.F.,.F.,(4,4),(2.13471927615766,2.21014793214386),
 .UNSPECIFIED.);
#225=B_SPLINE_CURVE_WITH_KNOTS('',3,(#6731,#6732,#6733,#6734,#6735),
 .UNSPECIFIED.,.F.,.F.,(4,1,4),(-1.40390569962283,-1.38377474190049,-1.30820712630344),
 .UNSPECIFIED.);
#226=B_SPLINE_CURVE_WITH_KNOTS('',3,(#6778,#6779,#6780,#6781,#6782,#6783,
#6784,#6785,#6786,#6787),.UNSPECIFIED.,.F.,.F.,(4,1,1,1,1,1,1,4),(2.13069273616162,
2.87035920285638,3.61002566955115,4.34969213624591,5.08935860294067,5.82902506963543,
6.5686915363302,7.30835800290403),.UNSPECIFIED.);
#227=B_SPLINE_CURVE_WITH_KNOTS('',3,(#6789,#6790,#6791,#6792,#6793,#6794,
#6795,#6796,#6797,#6798,#6799,#6800,#6801),.UNSPECIFIED.,.F.,.F.,(4,3,3,
3,4),(-0.0815749149474165,-0.0555909678103352,-0.0292565818178267,-0.00253200874208936,
0.),.UNSPECIFIED.);
#228=B_SPLINE_CURVE_WITH_KNOTS('',3,(#6802,#6803,#6804,#6805),
 .UNSPECIFIED.,.F.,.F.,(4,4),(-0.017932518379007,0.),.UNSPECIFIED.);
#229=B_SPLINE_CURVE_WITH_KNOTS('',3,(#6807,#6808,#6809,#6810),
 .UNSPECIFIED.,.F.,.F.,(4,4),(-0.0538527351464327,-0.0530448972517643),
 .UNSPECIFIED.);
#230=B_SPLINE_CURVE_WITH_KNOTS('',3,(#6811,#6812,#6813,#6814,#6815,#6816,
#6817,#6818,#6819,#6820,#6821,#6822,#6823),.UNSPECIFIED.,.F.,.F.,(4,3,3,
3,4),(0.,0.023071655472212,0.046143310944424,0.071673589798368,0.0823905087839939),
 .UNSPECIFIED.);
#231=B_SPLINE_CURVE_WITH_KNOTS('',3,(#6850,#6851,#6852,#6853,#6854,#6855),
 .UNSPECIFIED.,.F.,.F.,(4,1,1,4),(-4.24907818708472,-3.84312738118201,-3.4344341145809,
-2.8685389825548),.UNSPECIFIED.);
#232=B_SPLINE_CURVE_WITH_KNOTS('',3,(#6856,#6857,#6858,#6859),
 .UNSPECIFIED.,.F.,.F.,(4,4),(2.82139421501088,2.8685389825548),
 .UNSPECIFIED.);
#233=B_SPLINE_CURVE_WITH_KNOTS('',3,(#6861,#6862,#6863,#6864,#6865),
 .UNSPECIFIED.,.F.,.F.,(4,1,4),(2.91127571187836,3.4344341145809,3.60439676527469),
 .UNSPECIFIED.);
#234=B_SPLINE_CURVE_WITH_KNOTS('',3,(#6866,#6867,#6868,#6869,#6870),
 .UNSPECIFIED.,.F.,.F.,(4,1,4),(3.60439676527469,3.84312738118201,4.14731155716973),
 .UNSPECIFIED.);
#235=B_SPLINE_CURVE_WITH_KNOTS('',3,(#6871,#6872,#6873,#6874),
 .UNSPECIFIED.,.F.,.F.,(4,4),(-4.25182064778311,-4.24907818708472),
 .UNSPECIFIED.);
#236=B_SPLINE_CURVE_WITH_KNOTS('',3,(#6879,#6880,#6881,#6882,#6883,#6884),
 .UNSPECIFIED.,.F.,.F.,(4,1,1,4),(-3.22888777295992,-2.75514735976991,-1.8076665333899,
-1.51355961753794),.UNSPECIFIED.);
#237=B_SPLINE_CURVE_WITH_KNOTS('',3,(#6886,#6887,#6888,#6889),
 .UNSPECIFIED.,.F.,.F.,(4,4),(-3.2417600747514,-3.22888777295991),
 .UNSPECIFIED.);
#238=B_SPLINE_CURVE_WITH_KNOTS('',3,(#6891,#6892,#6893,#6894,#6895),
 .UNSPECIFIED.,.F.,.F.,(4,1,4),(1.24956524739186,1.4026117146776,1.5173965651419),
 .UNSPECIFIED.);
#239=B_SPLINE_CURVE_WITH_KNOTS('',3,(#6897,#6898,#6899,#6900,#6901,#6902),
 .UNSPECIFIED.,.F.,.F.,(4,2,4),(1.19421979243585,1.20203530626801,1.24956524739186),
 .UNSPECIFIED.);
#240=B_SPLINE_CURVE_WITH_KNOTS('',3,(#6904,#6905,#6906,#6907,#6908,#6909,
#6910,#6911,#6912),.UNSPECIFIED.,.F.,.F.,(4,2,1,2,4),(-1.45693728898861,
-1.42537180716736,-1.36243038429878,-1.26801824999591,-1.23623992329124),
 .UNSPECIFIED.);
#241=B_SPLINE_CURVE_WITH_KNOTS('',3,(#6914,#6915,#6916,#6917),
 .UNSPECIFIED.,.F.,.F.,(4,4),(0.891630276076399,0.96705893206259),
 .UNSPECIFIED.);
#242=B_SPLINE_CURVE_WITH_KNOTS('',3,(#6919,#6920,#6921,#6922,#6923,#6924),
 .UNSPECIFIED.,.F.,.F.,(4,1,1,4),(0.589309882286738,0.654092823813093,0.718875765339449,
0.891630276076398),.UNSPECIFIED.);
#243=B_SPLINE_CURVE_WITH_KNOTS('',3,(#6926,#6927,#6928,#6929),
 .UNSPECIFIED.,.F.,.F.,(4,4),(0.0872951193701244,0.100167421161608),
 .UNSPECIFIED.);
#244=B_SPLINE_CURVE_WITH_KNOTS('',3,(#6930,#6931,#6932,#6933,#6934,#6935),
 .UNSPECIFIED.,.F.,.F.,(4,1,1,4),(-1.51355961753794,-0.860185707009888,
-0.386445293819882,0.0872951193701242),.UNSPECIFIED.);
#245=B_SPLINE_CURVE_WITH_KNOTS('',3,(#6968,#6969,#6970,#6971,#6972,#6973,
#6974),.UNSPECIFIED.,.F.,.F.,(4,1,1,1,4),(-2.51246832593352,-2.42609107056505,
-2.33971381519657,-2.29652518751233,-2.21014793214386),.UNSPECIFIED.);
#246=B_SPLINE_CURVE_WITH_KNOTS('',3,(#7015,#7016,#7017,#7018,#7019,#7020,
#7021,#7022,#7023),.UNSPECIFIED.,.F.,.F.,(4,1,1,1,1,1,4),(3.05429753421967,
3.52803794740968,4.00177836059968,4.47551877378969,5.4229996001697,5.8967400133597,
6.37048042654971),.UNSPECIFIED.);
#247=B_SPLINE_CURVE_WITH_KNOTS('',3,(#7040,#7041,#7042,#7043),
 .UNSPECIFIED.,.F.,.F.,(4,4),(6.37048042654971,6.3833527283412),
 .UNSPECIFIED.);
#248=B_SPLINE_CURVE_WITH_KNOTS('',3,(#7071,#7072,#7073,#7074,#7075,#7076),
 .UNSPECIFIED.,.F.,.F.,(4,1,1,4),(-1.8522129608284,-1.73742811036409,-1.66090487672123,
-1.58438164307836),.UNSPECIFIED.);
#249=B_SPLINE_CURVE_WITH_KNOTS('',3,(#7094,#7095,#7096,#7097),
 .UNSPECIFIED.,.F.,.F.,(4,4),(3.04142523242818,3.05429753421967),
 .UNSPECIFIED.);
#250=B_SPLINE_CURVE_WITH_KNOTS('',3,(#7130,#7131,#7132,#7133,#7134,#7135,
#7136),.UNSPECIFIED.,.F.,.F.,(4,1,2,4),(1.30820712630344,1.38377474190049,
1.49712616529605,1.5289044920008),.UNSPECIFIED.);
#251=B_SPLINE_CURVE_WITH_KNOTS('',3,(#7161,#7162,#7163,#7164,#7165,#7166),
 .UNSPECIFIED.,.F.,.F.,(4,2,4),(-1.90755841578442,-1.89974290195225,-1.8522129608284),
 .UNSPECIFIED.);
#252=B_SPLINE_CURVE_WITH_KNOTS('',3,(#7183,#7184,#7185,#7186),
 .UNSPECIFIED.,.F.,.F.,(4,4),(-2.21014793214386,-2.13471927615766),
 .UNSPECIFIED.);
#253=B_SPLINE_CURVE_WITH_KNOTS('',3,(#7233,#7234,#7235,#7236,#7237),
 .UNSPECIFIED.,.F.,.F.,(4,1,4),(-1.5173965651419,-1.4026117146776,-1.24956524739186),
 .UNSPECIFIED.);
#254=B_SPLINE_CURVE_WITH_KNOTS('',3,(#7274,#7275,#7276,#7277,#7278,#7279,
#7280,#7281),.UNSPECIFIED.,.F.,.F.,(4,1,1,1,1,4),(-0.0872951193701242,0.386445293819882,
0.860185707009888,1.8076665333899,2.75514735976991,3.22888777295992),
 .UNSPECIFIED.);
#255=B_SPLINE_CURVE_WITH_KNOTS('',3,(#7298,#7299,#7300,#7301),
 .UNSPECIFIED.,.F.,.F.,(4,4),(3.22888777295991,3.2417600747514),
 .UNSPECIFIED.);
#256=B_SPLINE_CURVE_WITH_KNOTS('',3,(#7329,#7330,#7331,#7332,#7333,#7334),
 .UNSPECIFIED.,.F.,.F.,(4,1,1,4),(-0.891630276076398,-0.718875765339449,
-0.654092823813093,-0.589309882286738),.UNSPECIFIED.);
#257=B_SPLINE_CURVE_WITH_KNOTS('',3,(#7352,#7353,#7354,#7355),
 .UNSPECIFIED.,.F.,.F.,(4,4),(-0.100167421161608,-0.0872951193701244),
 .UNSPECIFIED.);
#258=B_SPLINE_CURVE_WITH_KNOTS('',3,(#7396,#7397,#7398,#7399,#7400,#7401,
#7402,#7403,#7404),.UNSPECIFIED.,.F.,.F.,(4,2,1,2,4),(1.23623992329124,
1.26801824999591,1.36243038429878,1.42537180716736,1.45693728898861),
 .UNSPECIFIED.);
#259=B_SPLINE_CURVE_WITH_KNOTS('',3,(#7421,#7422,#7423,#7424),
 .UNSPECIFIED.,.F.,.F.,(4,4),(-0.96705893206259,-0.891630276076399),
 .UNSPECIFIED.);
#260=B_SPLINE_CURVE_WITH_KNOTS('',3,(#7449,#7450,#7451,#7452,#7453,#7454),
 .UNSPECIFIED.,.F.,.F.,(4,2,4),(-1.24956524739186,-1.20203530626801,-1.19421979243585),
 .UNSPECIFIED.);
#261=B_SPLINE_CURVE_WITH_KNOTS('',3,(#7912,#7913,#7914,#7915,#7916,#7917),
 .UNSPECIFIED.,.F.,.F.,(4,2,4),(-0.245220304750243,-0.199327745005521,-0.153984739793618),
 .UNSPECIFIED.);
#262=B_SPLINE_CURVE_WITH_KNOTS('',3,(#7935,#7936,#7937,#7938,#7939,#7940),
 .UNSPECIFIED.,.F.,.F.,(4,2,4),(-0.244752131284914,-0.199373318442255,-0.153514182223065),
 .UNSPECIFIED.);
#263=B_SPLINE_CURVE_WITH_KNOTS('',3,(#7997,#7998,#7999,#8000,#8001,#8002),
 .UNSPECIFIED.,.F.,.F.,(4,2,4),(-0.405889561490448,0.,0.000997115026853896),
 .UNSPECIFIED.);
#264=B_SPLINE_CURVE_WITH_KNOTS('',3,(#8004,#8005,#8006,#8007,#8008,#8009),
 .UNSPECIFIED.,.F.,.F.,(4,2,4),(-0.000997115026853896,0.,0.408293742852712),
 .UNSPECIFIED.);
#265=B_SPLINE_CURVE_WITH_KNOTS('',3,(#8011,#8012,#8013,#8014,#8015,#8016,
#8017,#8018,#8019,#8020,#8021,#8022,#8023,#8024,#8025,#8026,#8027,#8028,
#8029,#8030,#8031,#8032,#8033,#8034,#8035,#8036,#8037,#8038,#8039,#8040,
#8041),.UNSPECIFIED.,.F.,.F.,(4,3,3,3,3,3,3,3,3,3,4),(-0.11105535331428,
-0.110537919755068,-0.0975037003272042,-0.0840496799854548,-0.0747324330454112,
-0.0612889373980712,-0.0478087628238435,-0.0390886894767219,-0.0255926937384587,
-0.0124932177107289,0.),.UNSPECIFIED.);
#266=B_SPLINE_CURVE_WITH_KNOTS('',3,(#8042,#8043,#8044,#8045),
 .UNSPECIFIED.,.F.,.F.,(4,4),(-0.406261903787409,-0.405889961078951),
 .UNSPECIFIED.);
#267=B_SPLINE_CURVE_WITH_KNOTS('',3,(#8074,#8075,#8076,#8077,#8078,#8079),
 .UNSPECIFIED.,.F.,.F.,(4,2,4),(-0.39703404988188,0.,0.00109353235225856),
 .UNSPECIFIED.);
#268=B_SPLINE_CURVE_WITH_KNOTS('',3,(#8080,#8081,#8082,#8083,#8084,#8085),
 .UNSPECIFIED.,.F.,.F.,(4,2,4),(-0.00109353235225856,0.,0.39703404988188),
 .UNSPECIFIED.);
#269=B_SPLINE_CURVE_WITH_KNOTS('',3,(#8116,#8117,#8118,#8119,#8120,#8121),
 .UNSPECIFIED.,.F.,.F.,(4,1,1,4),(-3.62348609289819,-3.49300574229161,-3.40601884188723,
-3.31903194148284),.UNSPECIFIED.);
#270=B_SPLINE_CURVE_WITH_KNOTS('',3,(#8123,#8124,#8125,#8126,#8127,#8128),
 .UNSPECIFIED.,.F.,.F.,(4,1,1,4),(3.31903194148284,3.40601884188723,3.49300574229161,
3.62167527925089),.UNSPECIFIED.);
#271=B_SPLINE_CURVE_WITH_KNOTS('',3,(#8129,#8130,#8131,#8132,#8133,#8134),
 .UNSPECIFIED.,.F.,.F.,(4,2,4),(-0.0194537926366536,-0.0184587015167832,
-0.0178976042232734),.UNSPECIFIED.);
#272=B_SPLINE_CURVE_WITH_KNOTS('',3,(#8177,#8178,#8179,#8180,#8181,#8182),
 .UNSPECIFIED.,.F.,.F.,(4,2,4),(-0.397176904883988,0.,0.000951634079369985),
 .UNSPECIFIED.);
#273=B_SPLINE_CURVE_WITH_KNOTS('',3,(#8183,#8184,#8185,#8186,#8187,#8188),
 .UNSPECIFIED.,.F.,.F.,(4,2,4),(-0.000951634079369985,0.,0.397176904883988),
 .UNSPECIFIED.);
#274=B_SPLINE_CURVE_WITH_KNOTS('',3,(#8220,#8221,#8222,#8223,#8224,#8225),
 .UNSPECIFIED.,.F.,.F.,(4,1,1,4),(-1.96216023899545,-1.87698433473838,-1.78999772523765,
-1.65951781098656),.UNSPECIFIED.);
#275=B_SPLINE_CURVE_WITH_KNOTS('',3,(#8227,#8228,#8229,#8230,#8231,#8232,
#8233,#8234,#8235,#8236),.UNSPECIFIED.,.F.,.F.,(4,3,3,4),(1.65951781098905,
1.78999772523631,1.87698433473771,1.96397094423911),.UNSPECIFIED.);
#276=B_SPLINE_CURVE_WITH_KNOTS('',3,(#8238,#8239,#8240,#8241,#8242,#8243,
#8244,#8245,#8246,#8247,#8248,#8249,#8250,#8251,#8252,#8253,#8254,#8255,
#8256,#8257,#8258,#8259,#8260,#8261,#8262,#8263,#8264,#8265,#8266,#8267,
#8268,#8269,#8270,#8271),.UNSPECIFIED.,.F.,.F.,(4,3,3,3,3,3,3,3,3,3,3,4),
(-0.00051743807356668,0.,0.0131351323528787,0.0264565867804197,0.0344440776082103,
0.0478035478248724,0.0556824209986412,0.069016738398128,0.071450567954373,
0.0847714854252727,0.0980551864266156,0.110539600176631),.UNSPECIFIED.);
#277=B_SPLINE_CURVE_WITH_KNOTS('',3,(#8272,#8273,#8274,#8275,#8276,#8277),
 .UNSPECIFIED.,.F.,.F.,(4,2,4),(-0.00151546552821114,-0.000733690682726276,
0.),.UNSPECIFIED.);
#278=B_SPLINE_CURVE_WITH_KNOTS('',3,(#8302,#8303,#8304,#8305,#8306,#8307),
 .UNSPECIFIED.,.F.,.F.,(4,2,4),(-0.408209777442428,0.,0.00113821279664668),
 .UNSPECIFIED.);
#279=B_SPLINE_CURVE_WITH_KNOTS('',3,(#8309,#8310,#8311,#8312,#8313,#8314),
 .UNSPECIFIED.,.F.,.F.,(4,2,4),(-0.00113821279664668,0.,0.405806116443229),
 .UNSPECIFIED.);
#280=B_SPLINE_CURVE_WITH_KNOTS('',3,(#8315,#8316,#8317,#8318),
 .UNSPECIFIED.,.F.,.F.,(4,4),(-0.406177625091949,-0.405805522903781),
 .UNSPECIFIED.);
#281=B_SPLINE_CURVE_WITH_KNOTS('',3,(#8353,#8354,#8355,#8356,#8357,#8358),
 .UNSPECIFIED.,.F.,.F.,(4,2,4),(-0.397176920245529,0.,0.000951617950152106),
 .UNSPECIFIED.);
#282=B_SPLINE_CURVE_WITH_KNOTS('',3,(#8359,#8360,#8361,#8362,#8363,#8364),
 .UNSPECIFIED.,.F.,.F.,(4,2,4),(-0.000951617950152106,0.,0.397176920245529),
 .UNSPECIFIED.);
#283=B_SPLINE_CURVE_WITH_KNOTS('',3,(#8396,#8397,#8398,#8399,#8400,#8401),
 .UNSPECIFIED.,.F.,.F.,(4,1,1,4),(-3.62167804997431,-3.53650214572458,-3.44951553622412,
-3.31903562197343),.UNSPECIFIED.);
#284=B_SPLINE_CURVE_WITH_KNOTS('',3,(#8403,#8404,#8405,#8406,#8407,#8408,
#8409,#8410,#8411,#8412),.UNSPECIFIED.,.F.,.F.,(4,3,3,4),(3.31903562197593,
3.44951553622279,3.53650214572391,3.62348875522503),.UNSPECIFIED.);
#285=B_SPLINE_CURVE_WITH_KNOTS('',3,(#8414,#8415,#8416,#8417,#8418,#8419,
#8420,#8421,#8422,#8423,#8424,#8425,#8426,#8427,#8428,#8429,#8430,#8431,
#8432,#8433,#8434,#8435,#8436,#8437,#8438,#8439,#8440,#8441,#8442,#8443,
#8444,#8445,#8446,#8447),.UNSPECIFIED.,.F.,.F.,(4,3,3,3,3,3,3,3,3,3,3,4),
(-0.000517438077267295,0.,0.0131367733621648,0.0264612991826662,0.0358057974107036,
0.0491613812176387,0.0556837750187047,0.0690144703186841,0.0714498495717043,
0.0847709459617409,0.0980544672548445,0.110538878253773),.UNSPECIFIED.);
#286=B_SPLINE_CURVE_WITH_KNOTS('',3,(#8448,#8449,#8450,#8451,#8452,#8453),
 .UNSPECIFIED.,.F.,.F.,(4,2,4),(-0.00151546552871094,-0.00073369068295095,
0.),.UNSPECIFIED.);
#287=B_SPLINE_CURVE_WITH_KNOTS('',3,(#8479,#8480,#8481,#8482,#8483,#8484),
 .UNSPECIFIED.,.F.,.F.,(4,2,4),(-0.408209775237971,0.,0.00113819766463252),
 .UNSPECIFIED.);
#288=B_SPLINE_CURVE_WITH_KNOTS('',3,(#8486,#8487,#8488,#8489,#8490,#8491),
 .UNSPECIFIED.,.F.,.F.,(4,2,4),(-0.00113819766463252,0.,0.405806112945207),
 .UNSPECIFIED.);
#289=B_SPLINE_CURVE_WITH_KNOTS('',3,(#8492,#8493,#8494,#8495),
 .UNSPECIFIED.,.F.,.F.,(4,4),(-0.406177622149587,-0.405805520010606),
 .UNSPECIFIED.);
#290=B_SPLINE_CURVE_WITH_KNOTS('',3,(#8530,#8531,#8532,#8533,#8534,#8535),
 .UNSPECIFIED.,.F.,.F.,(4,2,4),(-0.405886583596065,0.,0.000997115026853896),
 .UNSPECIFIED.);
#291=B_SPLINE_CURVE_WITH_KNOTS('',3,(#8537,#8538,#8539,#8540,#8541,#8542),
 .UNSPECIFIED.,.F.,.F.,(4,2,4),(-0.000997115026853896,0.,0.408290675566718),
 .UNSPECIFIED.);
#292=B_SPLINE_CURVE_WITH_KNOTS('',3,(#8544,#8545,#8546,#8547,#8548,#8549,
#8550,#8551,#8552,#8553,#8554,#8555,#8556,#8557,#8558,#8559,#8560,#8561,
#8562,#8563,#8564,#8565,#8566,#8567,#8568,#8569,#8570,#8571,#8572,#8573,
#8574,#8575,#8576,#8577),.UNSPECIFIED.,.F.,.F.,(4,3,3,3,3,3,3,3,3,3,3,4),
(-0.111040364971173,-0.110522931221272,-0.0974892710970793,-0.0840411621867312,
-0.0757081974566262,-0.0622730116068993,-0.0487873527363085,-0.0410475463273741,
-0.027542932645277,-0.0144165152314247,-0.00195601919389269,0.),
 .UNSPECIFIED.);
#293=B_SPLINE_CURVE_WITH_KNOTS('',3,(#8578,#8579,#8580,#8581),
 .UNSPECIFIED.,.F.,.F.,(4,4),(-0.406258913259878,-0.405886984700901),
 .UNSPECIFIED.);
#294=B_SPLINE_CURVE_WITH_KNOTS('',3,(#8613,#8614,#8615,#8616,#8617,#8618),
 .UNSPECIFIED.,.F.,.F.,(4,1,1,4),(0.365179548626319,0.495658521539857,0.582644503482216,
0.669630485424574),.UNSPECIFIED.);
#295=B_SPLINE_CURVE_WITH_KNOTS('',3,(#8622,#8623,#8624,#8625,#8626,#8627),
 .UNSPECIFIED.,.F.,.F.,(4,1,1,4),(-0.669630485424574,-0.582644503482216,
-0.495658521539857,-0.366990263193232),.UNSPECIFIED.);
#296=B_SPLINE_CURVE_WITH_KNOTS('',3,(#8628,#8629,#8630,#8631,#8632,#8633,
#8634),.UNSPECIFIED.,.F.,.F.,(4,3,4),(-0.0194537298940353,-0.0184585779742542,
-0.0178975484432994),.UNSPECIFIED.);
#297=B_SPLINE_CURVE_WITH_KNOTS('',3,(#8660,#8661,#8662,#8663,#8664,#8665),
 .UNSPECIFIED.,.F.,.F.,(4,2,4),(-0.397034049881881,0.,0.00109353235225856),
 .UNSPECIFIED.);
#298=B_SPLINE_CURVE_WITH_KNOTS('',3,(#8666,#8667,#8668,#8669,#8670,#8671),
 .UNSPECIFIED.,.F.,.F.,(4,2,4),(-0.00109353235225856,0.,0.397034049881881),
 .UNSPECIFIED.);
#299=B_SPLINE_CURVE_WITH_KNOTS('',3,(#8849,#8850,#8851,#8852),
 .UNSPECIFIED.,.F.,.F.,(4,4),(-0.31219115863038,0.),.UNSPECIFIED.);
#300=B_SPLINE_CURVE_WITH_KNOTS('',3,(#8860,#8861,#8862,#8863),
 .UNSPECIFIED.,.F.,.F.,(4,4),(-0.414026353598317,-0.0509499521058067),
 .UNSPECIFIED.);
#301=B_SPLINE_CURVE_WITH_KNOTS('',3,(#8864,#8865,#8866,#8867,#8868,#8869),
 .UNSPECIFIED.,.F.,.F.,(4,2,4),(-1.74401846049927,-0.841028632633088,0.),
 .UNSPECIFIED.);
#302=B_SPLINE_CURVE_WITH_KNOTS('',3,(#8872,#8873,#8874,#8875),
 .UNSPECIFIED.,.F.,.F.,(4,4),(-0.248389833399114,0.),.UNSPECIFIED.);
#303=B_SPLINE_CURVE_WITH_KNOTS('',3,(#8881,#8882,#8883,#8884),
 .UNSPECIFIED.,.F.,.F.,(4,4),(-0.382742329257792,-0.0505231380494455),
 .UNSPECIFIED.);
#304=B_SPLINE_CURVE_WITH_KNOTS('',3,(#8885,#8886,#8887,#8888,#8889,#8890,
#8891),.UNSPECIFIED.,.F.,.F.,(4,3,4),(-0.229526175882338,-0.114656086310102,
0.),.UNSPECIFIED.);
#305=B_SPLINE_CURVE_WITH_KNOTS('',3,(#8894,#8895,#8896,#8897),
 .UNSPECIFIED.,.F.,.F.,(4,4),(-0.224509512430585,0.),.UNSPECIFIED.);
#306=B_SPLINE_CURVE_WITH_KNOTS('',3,(#8903,#8904,#8905,#8906),
 .UNSPECIFIED.,.F.,.F.,(4,4),(-0.310917405614882,-0.0505340796934646),
 .UNSPECIFIED.);
#307=B_SPLINE_CURVE_WITH_KNOTS('',3,(#8907,#8908,#8909,#8910,#8911,#8912),
 .UNSPECIFIED.,.F.,.F.,(4,2,4),(-1.94647413585383,-0.92784974296208,0.),
 .UNSPECIFIED.);
#308=B_SPLINE_CURVE_WITH_KNOTS('',3,(#8915,#8916,#8917,#8918),
 .UNSPECIFIED.,.F.,.F.,(4,4),(-0.33026521802938,0.),.UNSPECIFIED.);
#309=B_SPLINE_CURVE_WITH_KNOTS('',3,(#8924,#8925,#8926,#8927),
 .UNSPECIFIED.,.F.,.F.,(4,4),(-0.299353425761205,-0.0504207499406628),
 .UNSPECIFIED.);
#310=B_SPLINE_CURVE_WITH_KNOTS('',3,(#8928,#8929,#8930,#8931,#8932,#8933,
#8934),.UNSPECIFIED.,.F.,.F.,(4,3,4),(-0.229521578479185,-0.114862367906197,
0.),.UNSPECIFIED.);
#311=B_SPLINE_CURVE_WITH_KNOTS('',3,(#8938,#8939,#8940,#8941),
 .UNSPECIFIED.,.F.,.F.,(4,4),(-0.38283929033885,-0.0505164927866852),
 .UNSPECIFIED.);
#312=B_SPLINE_CURVE_WITH_KNOTS('',3,(#8943,#8944,#8945,#8946,#8947,#8948,
#8949),.UNSPECIFIED.,.F.,.F.,(4,3,4),(-0.229526175881426,-0.11465607454657,
0.),.UNSPECIFIED.);
#313=B_SPLINE_CURVE_WITH_KNOTS('',3,(#8951,#8952,#8953,#8954),
 .UNSPECIFIED.,.F.,.F.,(4,4),(-0.248370648074705,0.),.UNSPECIFIED.);
#314=B_SPLINE_CURVE_WITH_KNOTS('',3,(#8963,#8964,#8965,#8966),
 .UNSPECIFIED.,.F.,.F.,(4,4),(-0.310917405614874,-0.0505340796934637),
 .UNSPECIFIED.);
#315=B_SPLINE_CURVE_WITH_KNOTS('',3,(#8968,#8969,#8970,#8971,#8972,#8973),
 .UNSPECIFIED.,.F.,.F.,(4,2,4),(-1.94647413585375,-0.927849742962043,0.),
 .UNSPECIFIED.);
#316=B_SPLINE_CURVE_WITH_KNOTS('',3,(#8974,#8975,#8976,#8977),
 .UNSPECIFIED.,.F.,.F.,(4,4),(-0.224509512430825,0.),.UNSPECIFIED.);
#317=B_SPLINE_CURVE_WITH_KNOTS('',3,(#8983,#8984,#8985,#8986),
 .UNSPECIFIED.,.F.,.F.,(4,4),(-0.29166235837796,-0.050419405623944),
 .UNSPECIFIED.);
#318=B_SPLINE_CURVE_WITH_KNOTS('',3,(#8988,#8989,#8990,#8991,#8992,#8993,
#8994),.UNSPECIFIED.,.F.,.F.,(4,3,4),(-0.237096691472619,-0.118648464855654,
0.),.UNSPECIFIED.);
#319=B_SPLINE_CURVE_WITH_KNOTS('',3,(#8995,#8996,#8997,#8998),
 .UNSPECIFIED.,.F.,.F.,(4,4),(-0.335872262687117,-0.00560012834793774),
 .UNSPECIFIED.);
#320=B_SPLINE_CURVE_WITH_KNOTS('',3,(#9002,#9003,#9004,#9005),
 .UNSPECIFIED.,.F.,.F.,(4,4),(-0.41664745635948,-0.0509677303601433),
 .UNSPECIFIED.);
#321=B_SPLINE_CURVE_WITH_KNOTS('',3,(#9007,#9008,#9009,#9010,#9011,#9012),
 .UNSPECIFIED.,.F.,.F.,(4,2,4),(-1.75485186669445,-0.858767989185181,0.),
 .UNSPECIFIED.);
#322=B_SPLINE_CURVE_WITH_KNOTS('',3,(#9013,#9014,#9015,#9016),
 .UNSPECIFIED.,.F.,.F.,(4,4),(-0.305433029467399,0.),.UNSPECIFIED.);
#323=B_SPLINE_CURVE_WITH_KNOTS('',3,(#9037,#9038,#9039,#9040,#9041,#9042,
#9043,#9044,#9045,#9046,#9047,#9048,#9049,#9050,#9051,#9052),
 .UNSPECIFIED.,.F.,.F.,(4,3,3,3,3,4),(-0.929263094073037,-0.764159950327633,
-0.600151678374279,-0.462608655811717,-0.15820297421537,0.),
 .UNSPECIFIED.);
#324=B_SPLINE_CURVE_WITH_KNOTS('',3,(#9072,#9073,#9074,#9075),
 .UNSPECIFIED.,.F.,.F.,(4,4),(-0.183008277707134,0.),.UNSPECIFIED.);
#325=B_SPLINE_CURVE_WITH_KNOTS('',3,(#9076,#9077,#9078,#9079),
 .UNSPECIFIED.,.F.,.F.,(4,4),(-0.224217455345614,-0.0198420213526131),
 .UNSPECIFIED.);
#326=B_SPLINE_CURVE_WITH_KNOTS('',3,(#9098,#9099,#9100,#9101,#9102,#9103),
 .UNSPECIFIED.,.F.,.F.,(4,2,4),(-0.881265026803885,-0.440129873167893,0.),
 .UNSPECIFIED.);
#327=B_SPLINE_CURVE_WITH_KNOTS('',3,(#9127,#9128,#9129,#9130),
 .UNSPECIFIED.,.F.,.F.,(4,4),(-0.191911525173016,0.),.UNSPECIFIED.);
#328=B_SPLINE_CURVE_WITH_KNOTS('',3,(#9132,#9133,#9134,#9135,#9136),
 .UNSPECIFIED.,.F.,.F.,(4,1,4),(-0.885439105549788,-0.571428571428571,-0.11456089445021),
 .UNSPECIFIED.);
#329=B_SPLINE_CURVE_WITH_KNOTS('',3,(#9137,#9138,#9139,#9140),
 .UNSPECIFIED.,.F.,.F.,(4,4),(-0.191599764449325,0.),.UNSPECIFIED.);
#330=B_SPLINE_CURVE_WITH_KNOTS('',3,(#9159,#9160,#9161,#9162,#9163,#9164,
#9165,#9166,#9167,#9168,#9169,#9170,#9171,#9172,#9173,#9174,#9175,#9176,
#9177,#9178,#9179,#9180,#9181,#9182,#9183,#9184,#9185,#9186),
 .UNSPECIFIED.,.F.,.F.,(4,3,3,3,3,3,3,3,3,4),(-1.36452059640894,-1.0740504953612,
-0.787331005662012,-0.682828983000617,-0.558535010313211,-0.427499980815915,
-0.301944830502432,-0.18430807936275,-0.0796031199477474,0.),
 .UNSPECIFIED.);
#331=B_SPLINE_CURVE_WITH_KNOTS('',3,(#9206,#9207,#9208,#9209,#9210,#9211,
#9212,#9213,#9214,#9215,#9216,#9217,#9218,#9219,#9220,#9221,#9222,#9223,
#9224,#9225,#9226,#9227,#9228,#9229,#9230,#9231,#9232,#9233,#9234,#9235,
#9236,#9237,#9238,#9239,#9240,#9241,#9242,#9243,#9244,#9245,#9246,#9247,
#9248,#9249,#9250,#9251,#9252,#9253,#9254,#9255,#9256,#9257,#9258,#9259,
#9260,#9261,#9262,#9263,#9264,#9265,#9266,#9267,#9268,#9269,#9270,#9271,
#9272,#9273,#9274,#9275,#9276,#9277,#9278,#9279,#9280,#9281,#9282,#9283,
#9284,#9285,#9286,#9287,#9288,#9289,#9290,#9291,#9292,#9293,#9294,#9295,
#9296,#9297,#9298,#9299,#9300,#9301,#9302,#9303,#9304,#9305,#9306,#9307,
#9308,#9309,#9310,#9311,#9312,#9313,#9314,#9315,#9316,#9317,#9318,#9319,
#9320,#9321,#9322,#9323,#9324,#9325,#9326,#9327,#9328,#9329,#9330,#9331,
#9332),.UNSPECIFIED.,.F.,.F.,(4,3,3,3,3,3,3,3,3,3,3,3,3,3,3,3,3,3,3,3,3,
3,3,3,3,3,3,3,3,3,3,3,3,3,3,3,3,3,3,3,3,3,4),(0.0264633931710864,0.0432200280227045,
0.0432210962557917,0.0702223021540963,0.088659121876089,0.0886637712519639,
0.104007364098564,0.120254982149804,0.136502600201045,0.151397215321788,
0.166312595838529,0.180921471964576,0.185013884493697,0.185064477169072,
0.209723448971092,0.232072577781501,0.232104859565133,0.269537949082765,
0.275851083814228,0.275865114080406,0.290730008321075,0.299669511599043,
0.307562396325081,0.317307186602936,0.332777095059936,0.335718828190314,
0.335726592681086,0.373207880632741,0.373231987797114,0.399064114000769,
0.412983736765682,0.413023561872377,0.427993134845612,0.443063346971255,
0.455958112059132,0.471362271114235,0.486699935830817,0.501860476478083,
0.501873735623597,0.517441726257097,0.533134576371636,0.537327064339547,
0.552365339669715),.UNSPECIFIED.);
#332=B_SPLINE_CURVE_WITH_KNOTS('',3,(#9335,#9336,#9337,#9338),
 .UNSPECIFIED.,.F.,.F.,(4,4),(-0.189564279029829,0.),.UNSPECIFIED.);
#333=B_SPLINE_CURVE_WITH_KNOTS('',3,(#9339,#9340,#9341,#9342),
 .UNSPECIFIED.,.F.,.F.,(4,4),(-0.181747604385465,-5.16460735911495E-5),
 .UNSPECIFIED.);
#334=B_SPLINE_CURVE_WITH_KNOTS('',3,(#9361,#9362,#9363,#9364,#9365,#9366,
#9367,#9368,#9369,#9370,#9371,#9372,#9373,#9374,#9375,#9376),
 .UNSPECIFIED.,.F.,.F.,(4,3,3,3,3,4),(-0.874975619075197,-0.544072829618795,
-0.444056512061764,-0.290813632360425,-0.135805059768711,0.),
 .UNSPECIFIED.);
#335=B_SPLINE_CURVE_WITH_KNOTS('',3,(#9378,#9379,#9380,#9381),
 .UNSPECIFIED.,.F.,.F.,(4,4),(-0.00670838563646915,0.),.UNSPECIFIED.);
#336=B_SPLINE_CURVE_WITH_KNOTS('',3,(#9383,#9384,#9385,#9386),
 .UNSPECIFIED.,.F.,.F.,(4,4),(0.230824941279479,0.23612445177317),
 .UNSPECIFIED.);
#337=B_SPLINE_CURVE_WITH_KNOTS('',3,(#9388,#9389,#9390,#9391,#9392,#9393,
#9394,#9395,#9396,#9397),.UNSPECIFIED.,.F.,.F.,(4,2,2,2,4),(-0.0263297657988965,
0.049345039513742,0.0799763393698809,0.205605059254266,0.230823531489115),
 .UNSPECIFIED.);
#338=B_SPLINE_CURVE_WITH_KNOTS('',3,(#9399,#9400,#9401,#9402),
 .UNSPECIFIED.,.F.,.F.,(4,4),(-0.0269643323873214,-0.0263297744884547),
 .UNSPECIFIED.);
#339=B_SPLINE_CURVE_WITH_KNOTS('',3,(#9403,#9404,#9405,#9406),
 .UNSPECIFIED.,.F.,.F.,(4,4),(-0.0232773110095703,-0.0224662346368637),
 .UNSPECIFIED.);
#340=B_SPLINE_CURVE_WITH_KNOTS('',3,(#9412,#9413,#9414,#9415),
 .UNSPECIFIED.,.F.,.F.,(4,4),(-0.190006980542179,0.),.UNSPECIFIED.);
#341=B_SPLINE_CURVE_WITH_KNOTS('',3,(#9417,#9418,#9419,#9420,#9421,#9422,
#9423,#9424,#9425,#9426,#9427,#9428,#9429,#9430,#9431,#9432),
 .UNSPECIFIED.,.F.,.F.,(4,3,3,3,3,4),(-0.875012292113677,-0.588832411183584,
-0.439221218750211,-0.285347675242116,-0.129679264858829,0.),
 .UNSPECIFIED.);
#342=B_SPLINE_CURVE_WITH_KNOTS('',3,(#9434,#9435,#9436,#9437),
 .UNSPECIFIED.,.F.,.F.,(4,4),(-0.274045478078133,0.),.UNSPECIFIED.);
#343=B_SPLINE_CURVE_WITH_KNOTS('',3,(#9440,#9441,#9442,#9443),
 .UNSPECIFIED.,.F.,.F.,(4,4),(-0.274853376134547,0.),.UNSPECIFIED.);
#344=B_SPLINE_CURVE_WITH_KNOTS('',3,(#9445,#9446,#9447,#9448,#9449),
 .UNSPECIFIED.,.F.,.F.,(4,1,4),(-0.859328776329234,-0.571428571428571,-0.140671223670766),
 .UNSPECIFIED.);
#345=B_SPLINE_CURVE_WITH_KNOTS('',3,(#9490,#9491,#9492,#9493),
 .UNSPECIFIED.,.F.,.F.,(4,4),(-0.184477940708491,0.),.UNSPECIFIED.);
#346=B_SPLINE_CURVE_WITH_KNOTS('',3,(#9495,#9496,#9497,#9498,#9499,#9500,
#9501,#9502,#9503,#9504,#9505,#9506,#9507,#9508,#9509,#9510,#9511,#9512,
#9513,#9514,#9515,#9516,#9517,#9518,#9519),.UNSPECIFIED.,.F.,.F.,(4,3,3,
3,3,3,3,3,4),(-0.884637921562164,-0.802811132043093,-0.724280822434627,
-0.662138944433958,-0.500852227629296,-0.440108204653711,-0.253531789403801,
-0.0641380348687979,0.),.UNSPECIFIED.);
#347=B_SPLINE_CURVE_WITH_KNOTS('',3,(#9521,#9522,#9523,#9524),
 .UNSPECIFIED.,.F.,.F.,(4,4),(-0.190934420605467,0.),.UNSPECIFIED.);
#348=B_SPLINE_CURVE_WITH_KNOTS('',3,(#9528,#9529,#9530,#9531),
 .UNSPECIFIED.,.F.,.F.,(4,4),(-0.192083964292889,0.),.UNSPECIFIED.);
#349=B_SPLINE_CURVE_WITH_KNOTS('',3,(#9533,#9534,#9535,#9536,#9537,#9538),
 .UNSPECIFIED.,.F.,.F.,(4,2,4),(-1.34895338047968,-0.675053603008382,0.),
 .UNSPECIFIED.);
#350=B_SPLINE_CURVE_WITH_KNOTS('',3,(#9539,#9540,#9541,#9542),
 .UNSPECIFIED.,.F.,.F.,(4,4),(-0.199515196158293,-0.0195706214946175),
 .UNSPECIFIED.);
#351=B_SPLINE_CURVE_WITH_KNOTS('',3,(#9578,#9579,#9580,#9581),
 .UNSPECIFIED.,.F.,.F.,(4,4),(-0.206880024436087,-7.24144047610231E-5),
 .UNSPECIFIED.);
#352=B_SPLINE_CURVE_WITH_KNOTS('',3,(#9585,#9586,#9587,#9588,#9589,#9590,
#9591,#9592,#9593,#9594,#9595,#9596,#9597,#9598,#9599,#9600,#9601,#9602,
#9603,#9604,#9605,#9606,#9607,#9608,#9609,#9610,#9611,#9612,#9613,#9614,
#9615,#9616,#9617,#9618,#9619,#9620,#9621,#9622,#9623,#9624,#9625,#9626,
#9627,#9628,#9629,#9630,#9631,#9632,#9633,#9634,#9635,#9636,#9637,#9638,
#9639,#9640,#9641,#9642,#9643,#9644,#9645,#9646,#9647,#9648,#9649,#9650,
#9651,#9652,#9653,#9654,#9655,#9656,#9657,#9658,#9659,#9660,#9661,#9662,
#9663,#9664,#9665,#9666,#9667,#9668,#9669,#9670,#9671,#9672,#9673,#9674,
#9675,#9676,#9677,#9678,#9679,#9680,#9681,#9682,#9683,#9684,#9685,#9686,
#9687,#9688,#9689,#9690,#9691,#9692,#9693,#9694,#9695,#9696,#9697,#9698,
#9699,#9700,#9701,#9702,#9703,#9704,#9705,#9706,#9707,#9708),
 .UNSPECIFIED.,.F.,.F.,(4,3,3,3,3,3,3,3,3,3,3,3,3,3,3,3,3,3,3,3,3,3,3,3,
3,3,3,3,3,3,3,3,3,3,3,3,3,3,3,3,3,4),(0.0263932665013354,0.0422058113555364,
0.0422137932759637,0.0560224264945685,0.0700619370961794,0.0841260309734994,
0.0873045092357155,0.101796697703369,0.116153169283802,0.124632553162685,
0.136045709914194,0.149919215986677,0.163990310933456,0.178028387851713,
0.183863325173781,0.199876943310458,0.206776059462492,0.222834936706186,
0.228908187812773,0.243229288886764,0.256510101701438,0.268576786055076,
0.27701118057048,0.285385228238953,0.288963989111751,0.297157051552669,
0.311734562037772,0.320991903487624,0.336745004790337,0.352489922006094,
0.367876866430343,0.371275158575434,0.37128121183342,0.405560498333717,
0.413767416209641,0.413774690127576,0.458627483588845,0.458633380640818,
0.505765159125397,0.505768341374649,0.539832625254437,0.552353184934251),
 .UNSPECIFIED.);
#353=B_SPLINE_CURVE_WITH_KNOTS('',3,(#9712,#9713,#9714,#9715),
 .UNSPECIFIED.,.F.,.F.,(4,4),(-0.274045478078084,0.),.UNSPECIFIED.);
#354=B_SPLINE_CURVE_WITH_KNOTS('',3,(#9719,#9720,#9721,#9722),
 .UNSPECIFIED.,.F.,.F.,(4,4),(-0.27485337613458,0.),.UNSPECIFIED.);
#355=B_SPLINE_CURVE_WITH_KNOTS('',3,(#9723,#9724,#9725,#9726,#9727,#9728,
#9729,#9730,#9731,#9732,#9733,#9734,#9735,#9736,#9737,#9738),
 .UNSPECIFIED.,.F.,.F.,(4,3,3,3,3,4),(-0.940319885435568,-0.775725304565981,
-0.612154663071769,-0.46790764614861,-0.133907156701825,-0.00988387555639614),
 .UNSPECIFIED.);
#356=B_SPLINE_CURVE_WITH_KNOTS('',3,(#9760,#9761,#9762,#9763,#9764),
 .UNSPECIFIED.,.F.,.F.,(4,1,4),(-0.859328776329234,-0.571428571428571,-0.140671223670763),
 .UNSPECIFIED.);
#357=B_SPLINE_CURVE_WITH_KNOTS('',3,(#9851,#9852,#9853,#9854,#9855,#9856,
#9857,#9858,#9859,#9860,#9861,#9862,#9863,#9864),.UNSPECIFIED.,.F.,.F.,
(4,2,2,2,2,2,4),(-0.580320670704625,-0.578803985341242,-0.539834198533715,
-0.505768341374649,-0.458633380640818,-0.413774690127576,-0.373914806128229),
 .UNSPECIFIED.);
#358=B_SPLINE_CURVE_WITH_KNOTS('',3,(#9866,#9867,#9868,#9869,#9870,#9871,
#9872,#9873,#9874,#9875,#9876),.UNSPECIFIED.,.F.,.F.,(4,2,1,1,1,2,4),(-0.373930348705456,
-0.37128121183342,-0.289014357194056,-0.206747502554692,-0.124480647915328,
-0.0422137932759637,0.000997618496548868),.UNSPECIFIED.);
#359=B_SPLINE_CURVE_WITH_KNOTS('',3,(#9878,#9879,#9880,#9881,#9882,#9883,
#9884,#9885,#9886,#9887,#9888,#9889,#9890,#9891,#9892,#9893,#9894,#9895,
#9896),.UNSPECIFIED.,.F.,.F.,(4,3,3,3,3,3,4),(-0.0649946834265579,-0.0537299267454003,
-0.0409044945502322,-0.0314415071732185,-0.0178742739738315,-0.00276536027906862,
0.),.UNSPECIFIED.);
#360=B_SPLINE_CURVE_WITH_KNOTS('',3,(#9897,#9898,#9899,#9900),
 .UNSPECIFIED.,.F.,.F.,(4,4),(-0.000811860415145843,0.),.UNSPECIFIED.);
#361=B_SPLINE_CURVE_WITH_KNOTS('',3,(#9902,#9903,#9904,#9905),
 .UNSPECIFIED.,.F.,.F.,(4,4),(-0.0243251574832029,-0.0176149076139832),
 .UNSPECIFIED.);
#362=B_SPLINE_CURVE_WITH_KNOTS('',3,(#9906,#9907,#9908,#9909,#9910,#9911,
#9912,#9913,#9914,#9915,#9916,#9917,#9918,#9919,#9920,#9921,#9922,#9923,
#9924,#9925,#9926,#9927),.UNSPECIFIED.,.F.,.F.,(4,3,3,3,3,3,3,4),(-0.0730447824402302,
-0.0706731187517889,-0.0588210789907437,-0.0453071370537384,-0.0357144517207157,
-0.0202828039429285,-0.00583353346802414,0.),.UNSPECIFIED.);
#363=B_SPLINE_CURVE_WITH_KNOTS('',3,(#9978,#9979,#9980,#9981,#9982,#9983,
#9984,#9985,#9986,#9987,#9988,#9989),.UNSPECIFIED.,.F.,.F.,(4,2,2,2,2,4),
(-0.0252154301930014,0.0475200662198792,0.128616943643171,0.161966715004619,
0.205564291777862,0.231887164664198),.UNSPECIFIED.);
#364=B_SPLINE_CURVE_WITH_KNOTS('',3,(#9990,#9991,#9992,#9993),
 .UNSPECIFIED.,.F.,.F.,(4,4),(-0.23252215121489,-0.231887166581852),
 .UNSPECIFIED.);
#365=B_SPLINE_CURVE_WITH_KNOTS('',3,(#9994,#9995,#9996,#9997,#9998,#9999,
#10000,#10001,#10002,#10003,#10004,#10005),.UNSPECIFIED.,.F.,.F.,(4,2,2,
2,2,4),(-0.206565747562633,-0.205564291777862,-0.161966715004619,-0.128616943643171,
-0.0475200662198792,0.00153732104352378),.UNSPECIFIED.);
#366=B_SPLINE_CURVE_WITH_KNOTS('',3,(#10006,#10007,#10008,#10009),
 .UNSPECIFIED.,.F.,.F.,(4,4),(-0.0305150832749965,-0.0252154456277521),
 .UNSPECIFIED.);
#367=B_SPLINE_CURVE_WITH_KNOTS('',3,(#10055,#10056,#10057,#10058,#10059,
#10060,#10061,#10062,#10063,#10064,#10065,#10066,#10067,#10068,#10069,#10070,
#10071,#10072,#10073),.UNSPECIFIED.,.F.,.F.,(4,3,3,3,3,3,4),(-0.0720468237503018,
-0.0599688551168249,-0.0467708523812148,-0.036697655766495,-0.0189081180758163,
-0.002735067743135,0.),.UNSPECIFIED.);
#368=B_SPLINE_CURVE_WITH_KNOTS('',3,(#10075,#10076,#10077,#10078,#10079,
#10080,#10081,#10082,#10083,#10084),.UNSPECIFIED.,.F.,.F.,(4,2,2,2,4),(-0.207144224406623,
-0.205605059254266,-0.0799763393698809,-0.049345039513742,0.00100311032922887),
 .UNSPECIFIED.);
#369=B_SPLINE_CURVE_WITH_KNOTS('',3,(#10085,#10086,#10087,#10088,#10089,
#10090,#10091,#10092,#10093,#10094,#10095,#10096,#10097,#10098,#10099,#10100),
 .UNSPECIFIED.,.F.,.F.,(4,3,3,3,3,4),(-0.0649905474207548,-0.0530717763488628,
-0.0395421452051184,-0.0314716423887596,-0.0172073046162368,0.),
 .UNSPECIFIED.);
#370=B_SPLINE_CURVE_WITH_KNOTS('',3,(#10205,#10206,#10207,#10208,#10209,
#10210,#10211,#10212,#10213,#10214,#10215,#10216,#10217,#10218,#10219,#10220,
#10221,#10222,#10223,#10224,#10225,#10226,#10227,#10228,#10229,#10230),
 .UNSPECIFIED.,.F.,.F.,(4,2,2,2,2,2,2,2,2,2,2,2,4),(-0.579655310090887,
-0.578753722351991,-0.501873735623597,-0.413023561872377,-0.373231987797114,
-0.335726592681086,-0.275851083814228,-0.232072577781501,-0.185013884493697,
-0.0886637712519639,-0.0432210962557917,0.,0.00151803803691436),
 .UNSPECIFIED.);
#371=B_SPLINE_CURVE_WITH_KNOTS('',3,(#10305,#10306,#10307,#10308,#10309),
 .UNSPECIFIED.,.F.,.F.,(4,1,4),(-0.885439105549785,-0.571428571428571,-0.114560894450218),
 .UNSPECIFIED.);
#372=FACE_OUTER_BOUND('',#621,.T.);
#373=FACE_OUTER_BOUND('',#622,.T.);
#374=FACE_OUTER_BOUND('',#623,.T.);
#375=FACE_OUTER_BOUND('',#624,.T.);
#376=FACE_OUTER_BOUND('',#625,.T.);
#377=FACE_OUTER_BOUND('',#626,.T.);
#378=FACE_OUTER_BOUND('',#627,.T.);
#379=FACE_OUTER_BOUND('',#628,.T.);
#380=FACE_OUTER_BOUND('',#629,.T.);
#381=FACE_OUTER_BOUND('',#635,.T.);
#382=FACE_OUTER_BOUND('',#636,.T.);
#383=FACE_OUTER_BOUND('',#637,.T.);
#384=FACE_OUTER_BOUND('',#638,.T.);
#385=FACE_OUTER_BOUND('',#639,.T.);
#386=FACE_OUTER_BOUND('',#640,.T.);
#387=FACE_OUTER_BOUND('',#641,.T.);
#388=FACE_OUTER_BOUND('',#642,.T.);
#389=FACE_OUTER_BOUND('',#643,.T.);
#390=FACE_OUTER_BOUND('',#644,.T.);
#391=FACE_OUTER_BOUND('',#645,.T.);
#392=FACE_OUTER_BOUND('',#646,.T.);
#393=FACE_OUTER_BOUND('',#647,.T.);
#394=FACE_OUTER_BOUND('',#648,.T.);
#395=FACE_OUTER_BOUND('',#649,.T.);
#396=FACE_OUTER_BOUND('',#650,.T.);
#397=FACE_OUTER_BOUND('',#651,.T.);
#398=FACE_OUTER_BOUND('',#652,.T.);
#399=FACE_OUTER_BOUND('',#653,.T.);
#400=FACE_OUTER_BOUND('',#654,.T.);
#401=FACE_OUTER_BOUND('',#655,.T.);
#402=FACE_OUTER_BOUND('',#656,.T.);
#403=FACE_OUTER_BOUND('',#657,.T.);
#404=FACE_OUTER_BOUND('',#658,.T.);
#405=FACE_OUTER_BOUND('',#659,.T.);
#406=FACE_OUTER_BOUND('',#660,.T.);
#407=FACE_OUTER_BOUND('',#661,.T.);
#408=FACE_OUTER_BOUND('',#662,.T.);
#409=FACE_OUTER_BOUND('',#663,.T.);
#410=FACE_OUTER_BOUND('',#664,.T.);
#411=FACE_OUTER_BOUND('',#665,.T.);
#412=FACE_OUTER_BOUND('',#666,.T.);
#413=FACE_OUTER_BOUND('',#667,.T.);
#414=FACE_OUTER_BOUND('',#668,.T.);
#415=FACE_OUTER_BOUND('',#669,.T.);
#416=FACE_OUTER_BOUND('',#670,.T.);
#417=FACE_OUTER_BOUND('',#671,.T.);
#418=FACE_OUTER_BOUND('',#672,.T.);
#419=FACE_OUTER_BOUND('',#673,.T.);
#420=FACE_OUTER_BOUND('',#674,.T.);
#421=FACE_OUTER_BOUND('',#675,.T.);
#422=FACE_OUTER_BOUND('',#677,.T.);
#423=FACE_OUTER_BOUND('',#678,.T.);
#424=FACE_OUTER_BOUND('',#679,.T.);
#425=FACE_OUTER_BOUND('',#680,.T.);
#426=FACE_OUTER_BOUND('',#681,.T.);
#427=FACE_OUTER_BOUND('',#682,.T.);
#428=FACE_OUTER_BOUND('',#683,.T.);
#429=FACE_OUTER_BOUND('',#684,.T.);
#430=FACE_OUTER_BOUND('',#685,.T.);
#431=FACE_OUTER_BOUND('',#686,.T.);
#432=FACE_OUTER_BOUND('',#689,.T.);
#433=FACE_OUTER_BOUND('',#690,.T.);
#434=FACE_OUTER_BOUND('',#691,.T.);
#435=FACE_OUTER_BOUND('',#692,.T.);
#436=FACE_OUTER_BOUND('',#693,.T.);
#437=FACE_OUTER_BOUND('',#694,.T.);
#438=FACE_OUTER_BOUND('',#695,.T.);
#439=FACE_OUTER_BOUND('',#696,.T.);
#440=FACE_OUTER_BOUND('',#697,.T.);
#441=FACE_OUTER_BOUND('',#698,.T.);
#442=FACE_OUTER_BOUND('',#699,.T.);
#443=FACE_OUTER_BOUND('',#700,.T.);
#444=FACE_OUTER_BOUND('',#701,.T.);
#445=FACE_OUTER_BOUND('',#702,.T.);
#446=FACE_OUTER_BOUND('',#704,.T.);
#447=FACE_OUTER_BOUND('',#705,.T.);
#448=FACE_OUTER_BOUND('',#706,.T.);
#449=FACE_OUTER_BOUND('',#707,.T.);
#450=FACE_OUTER_BOUND('',#708,.T.);
#451=FACE_OUTER_BOUND('',#709,.T.);
#452=FACE_OUTER_BOUND('',#710,.T.);
#453=FACE_OUTER_BOUND('',#711,.T.);
#454=FACE_OUTER_BOUND('',#712,.T.);
#455=FACE_OUTER_BOUND('',#713,.T.);
#456=FACE_OUTER_BOUND('',#714,.T.);
#457=FACE_OUTER_BOUND('',#715,.T.);
#458=FACE_OUTER_BOUND('',#716,.T.);
#459=FACE_OUTER_BOUND('',#717,.T.);
#460=FACE_OUTER_BOUND('',#718,.T.);
#461=FACE_OUTER_BOUND('',#719,.T.);
#462=FACE_OUTER_BOUND('',#720,.T.);
#463=FACE_OUTER_BOUND('',#721,.T.);
#464=FACE_OUTER_BOUND('',#722,.T.);
#465=FACE_OUTER_BOUND('',#723,.T.);
#466=FACE_OUTER_BOUND('',#724,.T.);
#467=FACE_OUTER_BOUND('',#725,.T.);
#468=FACE_OUTER_BOUND('',#726,.T.);
#469=FACE_OUTER_BOUND('',#727,.T.);
#470=FACE_OUTER_BOUND('',#728,.T.);
#471=FACE_OUTER_BOUND('',#729,.T.);
#472=FACE_OUTER_BOUND('',#730,.T.);
#473=FACE_OUTER_BOUND('',#731,.T.);
#474=FACE_OUTER_BOUND('',#732,.T.);
#475=FACE_OUTER_BOUND('',#733,.T.);
#476=FACE_OUTER_BOUND('',#734,.T.);
#477=FACE_OUTER_BOUND('',#735,.T.);
#478=FACE_OUTER_BOUND('',#736,.T.);
#479=FACE_OUTER_BOUND('',#737,.T.);
#480=FACE_OUTER_BOUND('',#738,.T.);
#481=FACE_OUTER_BOUND('',#739,.T.);
#482=FACE_OUTER_BOUND('',#740,.T.);
#483=FACE_OUTER_BOUND('',#741,.T.);
#484=FACE_OUTER_BOUND('',#742,.T.);
#485=FACE_OUTER_BOUND('',#743,.T.);
#486=FACE_OUTER_BOUND('',#744,.T.);
#487=FACE_OUTER_BOUND('',#745,.T.);
#488=FACE_OUTER_BOUND('',#746,.T.);
#489=FACE_OUTER_BOUND('',#747,.T.);
#490=FACE_OUTER_BOUND('',#748,.T.);
#491=FACE_OUTER_BOUND('',#749,.T.);
#492=FACE_OUTER_BOUND('',#751,.T.);
#493=FACE_OUTER_BOUND('',#752,.T.);
#494=FACE_OUTER_BOUND('',#753,.T.);
#495=FACE_OUTER_BOUND('',#754,.T.);
#496=FACE_OUTER_BOUND('',#755,.T.);
#497=FACE_OUTER_BOUND('',#756,.T.);
#498=FACE_OUTER_BOUND('',#757,.T.);
#499=FACE_OUTER_BOUND('',#758,.T.);
#500=FACE_OUTER_BOUND('',#759,.T.);
#501=FACE_OUTER_BOUND('',#760,.T.);
#502=FACE_OUTER_BOUND('',#761,.T.);
#503=FACE_OUTER_BOUND('',#762,.T.);
#504=FACE_OUTER_BOUND('',#763,.T.);
#505=FACE_OUTER_BOUND('',#764,.T.);
#506=FACE_OUTER_BOUND('',#765,.T.);
#507=FACE_OUTER_BOUND('',#766,.T.);
#508=FACE_OUTER_BOUND('',#767,.T.);
#509=FACE_OUTER_BOUND('',#769,.T.);
#510=FACE_OUTER_BOUND('',#770,.T.);
#511=FACE_OUTER_BOUND('',#772,.T.);
#512=FACE_OUTER_BOUND('',#773,.T.);
#513=FACE_OUTER_BOUND('',#774,.T.);
#514=FACE_OUTER_BOUND('',#775,.T.);
#515=FACE_OUTER_BOUND('',#776,.T.);
#516=FACE_OUTER_BOUND('',#777,.T.);
#517=FACE_OUTER_BOUND('',#778,.T.);
#518=FACE_OUTER_BOUND('',#779,.T.);
#519=FACE_OUTER_BOUND('',#780,.T.);
#520=FACE_OUTER_BOUND('',#781,.T.);
#521=FACE_OUTER_BOUND('',#782,.T.);
#522=FACE_OUTER_BOUND('',#783,.T.);
#523=FACE_OUTER_BOUND('',#784,.T.);
#524=FACE_OUTER_BOUND('',#785,.T.);
#525=FACE_OUTER_BOUND('',#786,.T.);
#526=FACE_OUTER_BOUND('',#787,.T.);
#527=FACE_OUTER_BOUND('',#788,.T.);
#528=FACE_OUTER_BOUND('',#789,.T.);
#529=FACE_OUTER_BOUND('',#790,.T.);
#530=FACE_OUTER_BOUND('',#791,.T.);
#531=FACE_OUTER_BOUND('',#792,.T.);
#532=FACE_OUTER_BOUND('',#793,.T.);
#533=FACE_OUTER_BOUND('',#794,.T.);
#534=FACE_OUTER_BOUND('',#795,.T.);
#535=FACE_OUTER_BOUND('',#796,.T.);
#536=FACE_OUTER_BOUND('',#798,.T.);
#537=FACE_OUTER_BOUND('',#799,.T.);
#538=FACE_OUTER_BOUND('',#800,.T.);
#539=FACE_OUTER_BOUND('',#801,.T.);
#540=FACE_OUTER_BOUND('',#802,.T.);
#541=FACE_OUTER_BOUND('',#803,.T.);
#542=FACE_OUTER_BOUND('',#804,.T.);
#543=FACE_OUTER_BOUND('',#805,.T.);
#544=FACE_OUTER_BOUND('',#806,.T.);
#545=FACE_OUTER_BOUND('',#807,.T.);
#546=FACE_OUTER_BOUND('',#808,.T.);
#547=FACE_OUTER_BOUND('',#809,.T.);
#548=FACE_OUTER_BOUND('',#810,.T.);
#549=FACE_OUTER_BOUND('',#811,.T.);
#550=FACE_OUTER_BOUND('',#812,.T.);
#551=FACE_OUTER_BOUND('',#814,.T.);
#552=FACE_OUTER_BOUND('',#815,.T.);
#553=FACE_OUTER_BOUND('',#816,.T.);
#554=FACE_OUTER_BOUND('',#817,.T.);
#555=FACE_OUTER_BOUND('',#818,.T.);
#556=FACE_OUTER_BOUND('',#819,.T.);
#557=FACE_OUTER_BOUND('',#820,.T.);
#558=FACE_OUTER_BOUND('',#821,.T.);
#559=FACE_OUTER_BOUND('',#822,.T.);
#560=FACE_OUTER_BOUND('',#823,.T.);
#561=FACE_OUTER_BOUND('',#824,.T.);
#562=FACE_OUTER_BOUND('',#826,.T.);
#563=FACE_OUTER_BOUND('',#827,.T.);
#564=FACE_OUTER_BOUND('',#829,.T.);
#565=FACE_OUTER_BOUND('',#830,.T.);
#566=FACE_OUTER_BOUND('',#831,.T.);
#567=FACE_OUTER_BOUND('',#832,.T.);
#568=FACE_OUTER_BOUND('',#833,.T.);
#569=FACE_OUTER_BOUND('',#834,.T.);
#570=FACE_OUTER_BOUND('',#835,.T.);
#571=FACE_OUTER_BOUND('',#836,.T.);
#572=FACE_OUTER_BOUND('',#837,.T.);
#573=FACE_OUTER_BOUND('',#838,.T.);
#574=FACE_OUTER_BOUND('',#839,.T.);
#575=FACE_OUTER_BOUND('',#840,.T.);
#576=FACE_OUTER_BOUND('',#841,.T.);
#577=FACE_OUTER_BOUND('',#842,.T.);
#578=FACE_OUTER_BOUND('',#843,.T.);
#579=FACE_OUTER_BOUND('',#844,.T.);
#580=FACE_OUTER_BOUND('',#845,.T.);
#581=FACE_OUTER_BOUND('',#846,.T.);
#582=FACE_OUTER_BOUND('',#848,.T.);
#583=FACE_OUTER_BOUND('',#849,.T.);
#584=FACE_OUTER_BOUND('',#850,.T.);
#585=FACE_OUTER_BOUND('',#851,.T.);
#586=FACE_OUTER_BOUND('',#852,.T.);
#587=FACE_OUTER_BOUND('',#853,.T.);
#588=FACE_OUTER_BOUND('',#854,.T.);
#589=FACE_OUTER_BOUND('',#855,.T.);
#590=FACE_OUTER_BOUND('',#856,.T.);
#591=FACE_OUTER_BOUND('',#857,.T.);
#592=FACE_OUTER_BOUND('',#858,.T.);
#593=FACE_OUTER_BOUND('',#859,.T.);
#594=FACE_OUTER_BOUND('',#860,.T.);
#595=FACE_OUTER_BOUND('',#861,.T.);
#596=FACE_OUTER_BOUND('',#862,.T.);
#597=FACE_OUTER_BOUND('',#863,.T.);
#598=FACE_OUTER_BOUND('',#864,.T.);
#599=FACE_OUTER_BOUND('',#865,.T.);
#600=FACE_OUTER_BOUND('',#866,.T.);
#601=FACE_OUTER_BOUND('',#867,.T.);
#602=FACE_OUTER_BOUND('',#868,.T.);
#603=FACE_OUTER_BOUND('',#869,.T.);
#604=FACE_OUTER_BOUND('',#870,.T.);
#605=FACE_OUTER_BOUND('',#871,.T.);
#606=FACE_OUTER_BOUND('',#872,.T.);
#607=FACE_OUTER_BOUND('',#873,.T.);
#608=FACE_OUTER_BOUND('',#874,.T.);
#609=FACE_OUTER_BOUND('',#875,.T.);
#610=FACE_OUTER_BOUND('',#876,.T.);
#611=FACE_OUTER_BOUND('',#877,.T.);
#612=FACE_OUTER_BOUND('',#878,.T.);
#613=FACE_OUTER_BOUND('',#879,.T.);
#614=FACE_OUTER_BOUND('',#880,.T.);
#615=FACE_OUTER_BOUND('',#881,.T.);
#616=FACE_OUTER_BOUND('',#882,.T.);
#617=FACE_OUTER_BOUND('',#883,.T.);
#618=FACE_OUTER_BOUND('',#884,.T.);
#619=FACE_OUTER_BOUND('',#885,.T.);
#620=FACE_OUTER_BOUND('',#886,.T.);
#621=EDGE_LOOP('',(#3025,#3026,#3027,#3028,#3029,#3030));
#622=EDGE_LOOP('',(#3031,#3032,#3033,#3034,#3035,#3036,#3037,#3038,#3039,
#3040,#3041,#3042,#3043,#3044,#3045,#3046,#3047,#3048));
#623=EDGE_LOOP('',(#3049,#3050,#3051,#3052,#3053,#3054,#3055,#3056,#3057));
#624=EDGE_LOOP('',(#3058,#3059,#3060,#3061,#3062));
#625=EDGE_LOOP('',(#3063,#3064,#3065,#3066,#3067,#3068,#3069,#3070,#3071));
#626=EDGE_LOOP('',(#3072,#3073,#3074,#3075,#3076,#3077,#3078,#3079));
#627=EDGE_LOOP('',(#3080,#3081,#3082));
#628=EDGE_LOOP('',(#3083,#3084,#3085,#3086));
#629=EDGE_LOOP('',(#3087,#3088,#3089,#3090,#3091,#3092,#3093,#3094,#3095,
#3096,#3097,#3098,#3099,#3100,#3101,#3102,#3103,#3104,#3105,#3106,#3107,
#3108,#3109,#3110,#3111,#3112));
#630=EDGE_LOOP('',(#3113));
#631=EDGE_LOOP('',(#3114));
#632=EDGE_LOOP('',(#3115));
#633=EDGE_LOOP('',(#3116));
#634=EDGE_LOOP('',(#3117,#3118,#3119,#3120,#3121,#3122,#3123,#3124,#3125,
#3126,#3127,#3128,#3129,#3130,#3131,#3132,#3133,#3134,#3135,#3136));
#635=EDGE_LOOP('',(#3137,#3138,#3139));
#636=EDGE_LOOP('',(#3140,#3141,#3142,#3143,#3144,#3145,#3146,#3147,#3148,
#3149,#3150,#3151,#3152,#3153,#3154,#3155,#3156,#3157,#3158,#3159));
#637=EDGE_LOOP('',(#3160,#3161,#3162,#3163,#3164,#3165));
#638=EDGE_LOOP('',(#3166,#3167,#3168,#3169,#3170,#3171));
#639=EDGE_LOOP('',(#3172,#3173,#3174,#3175,#3176,#3177,#3178));
#640=EDGE_LOOP('',(#3179,#3180,#3181,#3182,#3183,#3184));
#641=EDGE_LOOP('',(#3185,#3186,#3187,#3188,#3189,#3190,#3191,#3192,#3193,
#3194,#3195,#3196,#3197,#3198));
#642=EDGE_LOOP('',(#3199,#3200,#3201,#3202,#3203,#3204));
#643=EDGE_LOOP('',(#3205,#3206,#3207,#3208,#3209,#3210,#3211));
#644=EDGE_LOOP('',(#3212,#3213,#3214,#3215,#3216,#3217,#3218,#3219,#3220,
#3221,#3222,#3223,#3224,#3225));
#645=EDGE_LOOP('',(#3226,#3227,#3228,#3229));
#646=EDGE_LOOP('',(#3230,#3231,#3232,#3233));
#647=EDGE_LOOP('',(#3234,#3235,#3236,#3237));
#648=EDGE_LOOP('',(#3238,#3239,#3240,#3241));
#649=EDGE_LOOP('',(#3242,#3243,#3244,#3245));
#650=EDGE_LOOP('',(#3246,#3247,#3248,#3249,#3250));
#651=EDGE_LOOP('',(#3251,#3252,#3253,#3254));
#652=EDGE_LOOP('',(#3255,#3256,#3257,#3258));
#653=EDGE_LOOP('',(#3259,#3260,#3261,#3262,#3263));
#654=EDGE_LOOP('',(#3264,#3265,#3266,#3267,#3268,#3269,#3270,#3271,#3272,
#3273,#3274,#3275));
#655=EDGE_LOOP('',(#3276,#3277,#3278,#3279));
#656=EDGE_LOOP('',(#3280,#3281,#3282,#3283,#3284));
#657=EDGE_LOOP('',(#3285,#3286,#3287,#3288));
#658=EDGE_LOOP('',(#3289,#3290,#3291,#3292));
#659=EDGE_LOOP('',(#3293,#3294,#3295,#3296));
#660=EDGE_LOOP('',(#3297,#3298,#3299,#3300));
#661=EDGE_LOOP('',(#3301,#3302,#3303,#3304));
#662=EDGE_LOOP('',(#3305,#3306,#3307,#3308));
#663=EDGE_LOOP('',(#3309,#3310,#3311,#3312,#3313));
#664=EDGE_LOOP('',(#3314,#3315,#3316,#3317,#3318,#3319,#3320,#3321,#3322,
#3323,#3324,#3325));
#665=EDGE_LOOP('',(#3326,#3327,#3328,#3329,#3330));
#666=EDGE_LOOP('',(#3331,#3332,#3333,#3334));
#667=EDGE_LOOP('',(#3335,#3336,#3337,#3338,#3339));
#668=EDGE_LOOP('',(#3340,#3341,#3342,#3343,#3344,#3345,#3346));
#669=EDGE_LOOP('',(#3347,#3348,#3349,#3350,#3351));
#670=EDGE_LOOP('',(#3352,#3353,#3354,#3355,#3356));
#671=EDGE_LOOP('',(#3357,#3358,#3359,#3360));
#672=EDGE_LOOP('',(#3361,#3362,#3363,#3364,#3365));
#673=EDGE_LOOP('',(#3366,#3367,#3368,#3369,#3370));
#674=EDGE_LOOP('',(#3371,#3372,#3373,#3374,#3375,#3376,#3377));
#675=EDGE_LOOP('',(#3378,#3379,#3380,#3381,#3382,#3383,#3384,#3385));
#676=EDGE_LOOP('',(#3386));
#677=EDGE_LOOP('',(#3387,#3388,#3389,#3390));
#678=EDGE_LOOP('',(#3391,#3392,#3393,#3394));
#679=EDGE_LOOP('',(#3395,#3396,#3397,#3398));
#680=EDGE_LOOP('',(#3399,#3400,#3401,#3402));
#681=EDGE_LOOP('',(#3403,#3404,#3405,#3406));
#682=EDGE_LOOP('',(#3407,#3408,#3409,#3410));
#683=EDGE_LOOP('',(#3411,#3412,#3413,#3414));
#684=EDGE_LOOP('',(#3415,#3416,#3417,#3418));
#685=EDGE_LOOP('',(#3419,#3420,#3421,#3422,#3423,#3424));
#686=EDGE_LOOP('',(#3425,#3426,#3427,#3428,#3429,#3430,#3431,#3432,#3433,
#3434,#3435,#3436,#3437,#3438));
#687=EDGE_LOOP('',(#3439));
#688=EDGE_LOOP('',(#3440));
#689=EDGE_LOOP('',(#3441,#3442,#3443,#3444));
#690=EDGE_LOOP('',(#3445,#3446,#3447,#3448));
#691=EDGE_LOOP('',(#3449,#3450,#3451,#3452));
#692=EDGE_LOOP('',(#3453,#3454,#3455,#3456));
#693=EDGE_LOOP('',(#3457,#3458,#3459,#3460));
#694=EDGE_LOOP('',(#3461,#3462,#3463,#3464));
#695=EDGE_LOOP('',(#3465,#3466,#3467,#3468));
#696=EDGE_LOOP('',(#3469,#3470,#3471,#3472));
#697=EDGE_LOOP('',(#3473,#3474,#3475,#3476));
#698=EDGE_LOOP('',(#3477,#3478,#3479,#3480));
#699=EDGE_LOOP('',(#3481,#3482,#3483,#3484));
#700=EDGE_LOOP('',(#3485,#3486,#3487,#3488));
#701=EDGE_LOOP('',(#3489,#3490,#3491,#3492));
#702=EDGE_LOOP('',(#3493,#3494,#3495,#3496,#3497,#3498,#3499,#3500));
#703=EDGE_LOOP('',(#3501));
#704=EDGE_LOOP('',(#3502,#3503,#3504,#3505));
#705=EDGE_LOOP('',(#3506,#3507,#3508,#3509));
#706=EDGE_LOOP('',(#3510,#3511,#3512,#3513));
#707=EDGE_LOOP('',(#3514,#3515,#3516,#3517));
#708=EDGE_LOOP('',(#3518,#3519,#3520,#3521,#3522,#3523));
#709=EDGE_LOOP('',(#3524,#3525,#3526,#3527,#3528));
#710=EDGE_LOOP('',(#3529,#3530,#3531,#3532,#3533));
#711=EDGE_LOOP('',(#3534,#3535,#3536,#3537,#3538,#3539,#3540,#3541,#3542,
#3543));
#712=EDGE_LOOP('',(#3544,#3545,#3546,#3547,#3548,#3549,#3550,#3551,#3552,
#3553));
#713=EDGE_LOOP('',(#3554,#3555,#3556,#3557,#3558,#3559,#3560,#3561));
#714=EDGE_LOOP('',(#3562,#3563,#3564,#3565,#3566));
#715=EDGE_LOOP('',(#3567,#3568,#3569,#3570));
#716=EDGE_LOOP('',(#3571,#3572,#3573,#3574));
#717=EDGE_LOOP('',(#3575,#3576,#3577,#3578));
#718=EDGE_LOOP('',(#3579,#3580,#3581,#3582,#3583));
#719=EDGE_LOOP('',(#3584,#3585,#3586,#3587,#3588));
#720=EDGE_LOOP('',(#3589,#3590,#3591,#3592));
#721=EDGE_LOOP('',(#3593,#3594,#3595,#3596));
#722=EDGE_LOOP('',(#3597,#3598,#3599,#3600));
#723=EDGE_LOOP('',(#3601,#3602,#3603,#3604));
#724=EDGE_LOOP('',(#3605,#3606,#3607,#3608));
#725=EDGE_LOOP('',(#3609,#3610,#3611,#3612));
#726=EDGE_LOOP('',(#3613,#3614,#3615,#3616));
#727=EDGE_LOOP('',(#3617,#3618,#3619,#3620));
#728=EDGE_LOOP('',(#3621,#3622,#3623,#3624));
#729=EDGE_LOOP('',(#3625,#3626,#3627,#3628));
#730=EDGE_LOOP('',(#3629,#3630,#3631,#3632));
#731=EDGE_LOOP('',(#3633,#3634,#3635,#3636,#3637,#3638,#3639,#3640,#3641,
#3642,#3643,#3644));
#732=EDGE_LOOP('',(#3645,#3646,#3647,#3648,#3649,#3650,#3651,#3652));
#733=EDGE_LOOP('',(#3653,#3654,#3655));
#734=EDGE_LOOP('',(#3656,#3657,#3658,#3659,#3660));
#735=EDGE_LOOP('',(#3661,#3662,#3663,#3664));
#736=EDGE_LOOP('',(#3665,#3666,#3667,#3668,#3669));
#737=EDGE_LOOP('',(#3670,#3671,#3672));
#738=EDGE_LOOP('',(#3673,#3674,#3675,#3676));
#739=EDGE_LOOP('',(#3677,#3678,#3679,#3680));
#740=EDGE_LOOP('',(#3681,#3682,#3683,#3684));
#741=EDGE_LOOP('',(#3685,#3686,#3687,#3688));
#742=EDGE_LOOP('',(#3689,#3690,#3691,#3692));
#743=EDGE_LOOP('',(#3693,#3694,#3695,#3696));
#744=EDGE_LOOP('',(#3697,#3698,#3699,#3700));
#745=EDGE_LOOP('',(#3701,#3702,#3703,#3704));
#746=EDGE_LOOP('',(#3705,#3706,#3707,#3708));
#747=EDGE_LOOP('',(#3709,#3710,#3711,#3712,#3713,#3714));
#748=EDGE_LOOP('',(#3715,#3716,#3717,#3718));
#749=EDGE_LOOP('',(#3719,#3720,#3721,#3722,#3723,#3724,#3725,#3726));
#750=EDGE_LOOP('',(#3727,#3728,#3729,#3730,#3731,#3732,#3733,#3734));
#751=EDGE_LOOP('',(#3735,#3736,#3737,#3738));
#752=EDGE_LOOP('',(#3739,#3740,#3741,#3742));
#753=EDGE_LOOP('',(#3743,#3744,#3745,#3746));
#754=EDGE_LOOP('',(#3747,#3748,#3749,#3750));
#755=EDGE_LOOP('',(#3751,#3752,#3753,#3754));
#756=EDGE_LOOP('',(#3755,#3756,#3757,#3758));
#757=EDGE_LOOP('',(#3759,#3760,#3761,#3762,#3763));
#758=EDGE_LOOP('',(#3764,#3765,#3766,#3767));
#759=EDGE_LOOP('',(#3768,#3769,#3770,#3771,#3772));
#760=EDGE_LOOP('',(#3773,#3774,#3775,#3776));
#761=EDGE_LOOP('',(#3777,#3778,#3779,#3780));
#762=EDGE_LOOP('',(#3781,#3782,#3783,#3784));
#763=EDGE_LOOP('',(#3785,#3786,#3787,#3788));
#764=EDGE_LOOP('',(#3789,#3790,#3791,#3792));
#765=EDGE_LOOP('',(#3793,#3794,#3795,#3796));
#766=EDGE_LOOP('',(#3797,#3798,#3799,#3800));
#767=EDGE_LOOP('',(#3801,#3802,#3803,#3804));
#768=EDGE_LOOP('',(#3805,#3806,#3807,#3808,#3809,#3810,#3811,#3812,#3813,
#3814));
#769=EDGE_LOOP('',(#3815,#3816,#3817,#3818,#3819,#3820));
#770=EDGE_LOOP('',(#3821,#3822,#3823,#3824));
#771=EDGE_LOOP('',(#3825));
#772=EDGE_LOOP('',(#3826,#3827,#3828,#3829,#3830,#3831));
#773=EDGE_LOOP('',(#3832,#3833,#3834,#3835,#3836,#3837,#3838));
#774=EDGE_LOOP('',(#3839,#3840,#3841,#3842,#3843,#3844));
#775=EDGE_LOOP('',(#3845,#3846,#3847,#3848));
#776=EDGE_LOOP('',(#3849,#3850,#3851));
#777=EDGE_LOOP('',(#3852,#3853,#3854,#3855,#3856));
#778=EDGE_LOOP('',(#3857,#3858,#3859,#3860,#3861,#3862));
#779=EDGE_LOOP('',(#3863,#3864,#3865,#3866));
#780=EDGE_LOOP('',(#3867,#3868,#3869));
#781=EDGE_LOOP('',(#3870,#3871,#3872,#3873,#3874));
#782=EDGE_LOOP('',(#3875,#3876,#3877,#3878));
#783=EDGE_LOOP('',(#3879,#3880,#3881,#3882,#3883,#3884));
#784=EDGE_LOOP('',(#3885,#3886,#3887,#3888));
#785=EDGE_LOOP('',(#3889,#3890,#3891));
#786=EDGE_LOOP('',(#3892,#3893,#3894,#3895,#3896));
#787=EDGE_LOOP('',(#3897,#3898,#3899,#3900));
#788=EDGE_LOOP('',(#3901,#3902,#3903,#3904,#3905,#3906));
#789=EDGE_LOOP('',(#3907,#3908,#3909,#3910));
#790=EDGE_LOOP('',(#3911,#3912,#3913,#3914));
#791=EDGE_LOOP('',(#3915,#3916,#3917,#3918,#3919));
#792=EDGE_LOOP('',(#3920,#3921,#3922));
#793=EDGE_LOOP('',(#3923,#3924,#3925,#3926));
#794=EDGE_LOOP('',(#3927,#3928,#3929,#3930));
#795=EDGE_LOOP('',(#3931,#3932,#3933,#3934));
#796=EDGE_LOOP('',(#3935,#3936,#3937,#3938,#3939,#3940,#3941,#3942,#3943,
#3944,#3945,#3946));
#797=EDGE_LOOP('',(#3947));
#798=EDGE_LOOP('',(#3948,#3949,#3950,#3951));
#799=EDGE_LOOP('',(#3952,#3953,#3954,#3955,#3956,#3957));
#800=EDGE_LOOP('',(#3958,#3959,#3960,#3961,#3962,#3963));
#801=EDGE_LOOP('',(#3964,#3965,#3966,#3967,#3968,#3969));
#802=EDGE_LOOP('',(#3970,#3971,#3972,#3973,#3974,#3975));
#803=EDGE_LOOP('',(#3976,#3977,#3978,#3979));
#804=EDGE_LOOP('',(#3980,#3981,#3982,#3983));
#805=EDGE_LOOP('',(#3984,#3985,#3986,#3987));
#806=EDGE_LOOP('',(#3988,#3989,#3990,#3991));
#807=EDGE_LOOP('',(#3992,#3993,#3994,#3995));
#808=EDGE_LOOP('',(#3996,#3997,#3998,#3999));
#809=EDGE_LOOP('',(#4000,#4001,#4002,#4003));
#810=EDGE_LOOP('',(#4004,#4005,#4006,#4007));
#811=EDGE_LOOP('',(#4008,#4009,#4010,#4011));
#812=EDGE_LOOP('',(#4012,#4013,#4014,#4015));
#813=EDGE_LOOP('',(#4016,#4017,#4018,#4019,#4020,#4021,#4022,#4023,#4024,
#4025));
#814=EDGE_LOOP('',(#4026,#4027,#4028,#4029));
#815=EDGE_LOOP('',(#4030,#4031,#4032,#4033));
#816=EDGE_LOOP('',(#4034,#4035,#4036,#4037));
#817=EDGE_LOOP('',(#4038,#4039,#4040,#4041));
#818=EDGE_LOOP('',(#4042,#4043,#4044,#4045));
#819=EDGE_LOOP('',(#4046,#4047,#4048,#4049));
#820=EDGE_LOOP('',(#4050,#4051,#4052,#4053,#4054,#4055));
#821=EDGE_LOOP('',(#4056,#4057,#4058,#4059));
#822=EDGE_LOOP('',(#4060,#4061,#4062,#4063,#4064,#4065));
#823=EDGE_LOOP('',(#4066,#4067,#4068,#4069));
#824=EDGE_LOOP('',(#4070,#4071,#4072,#4073,#4074,#4075,#4076,#4077,#4078,
#4079,#4080,#4081));
#825=EDGE_LOOP('',(#4082,#4083,#4084,#4085,#4086,#4087,#4088,#4089));
#826=EDGE_LOOP('',(#4090,#4091,#4092,#4093));
#827=EDGE_LOOP('',(#4094,#4095,#4096,#4097,#4098,#4099,#4100,#4101,#4102,
#4103,#4104,#4105));
#828=EDGE_LOOP('',(#4106,#4107,#4108,#4109,#4110,#4111,#4112,#4113,#4114,
#4115,#4116,#4117));
#829=EDGE_LOOP('',(#4118,#4119,#4120,#4121,#4122,#4123));
#830=EDGE_LOOP('',(#4124,#4125,#4126,#4127,#4128,#4129));
#831=EDGE_LOOP('',(#4130,#4131,#4132,#4133));
#832=EDGE_LOOP('',(#4134,#4135,#4136,#4137,#4138,#4139));
#833=EDGE_LOOP('',(#4140,#4141,#4142,#4143));
#834=EDGE_LOOP('',(#4144,#4145,#4146,#4147));
#835=EDGE_LOOP('',(#4148,#4149,#4150,#4151));
#836=EDGE_LOOP('',(#4152,#4153,#4154,#4155));
#837=EDGE_LOOP('',(#4156,#4157,#4158,#4159));
#838=EDGE_LOOP('',(#4160,#4161,#4162,#4163));
#839=EDGE_LOOP('',(#4164,#4165));
#840=EDGE_LOOP('',(#4166,#4167));
#841=EDGE_LOOP('',(#4168,#4169,#4170,#4171,#4172,#4173,#4174));
#842=EDGE_LOOP('',(#4175,#4176,#4177,#4178));
#843=EDGE_LOOP('',(#4179,#4180,#4181,#4182));
#844=EDGE_LOOP('',(#4183,#4184,#4185,#4186,#4187,#4188));
#845=EDGE_LOOP('',(#4189,#4190,#4191,#4192));
#846=EDGE_LOOP('',(#4193,#4194,#4195,#4196));
#847=EDGE_LOOP('',(#4197,#4198,#4199,#4200,#4201,#4202,#4203,#4204));
#848=EDGE_LOOP('',(#4205,#4206,#4207,#4208,#4209,#4210));
#849=EDGE_LOOP('',(#4211,#4212,#4213,#4214,#4215,#4216));
#850=EDGE_LOOP('',(#4217,#4218,#4219,#4220,#4221,#4222));
#851=EDGE_LOOP('',(#4223,#4224,#4225,#4226,#4227,#4228));
#852=EDGE_LOOP('',(#4229,#4230,#4231,#4232,#4233,#4234));
#853=EDGE_LOOP('',(#4235,#4236,#4237,#4238,#4239,#4240));
#854=EDGE_LOOP('',(#4241,#4242,#4243,#4244,#4245,#4246));
#855=EDGE_LOOP('',(#4247,#4248,#4249,#4250,#4251,#4252));
#856=EDGE_LOOP('',(#4253,#4254,#4255,#4256,#4257));
#857=EDGE_LOOP('',(#4258,#4259,#4260,#4261,#4262,#4263));
#858=EDGE_LOOP('',(#4264,#4265,#4266,#4267,#4268));
#859=EDGE_LOOP('',(#4269,#4270,#4271,#4272,#4273,#4274));
#860=EDGE_LOOP('',(#4275,#4276,#4277,#4278,#4279));
#861=EDGE_LOOP('',(#4280,#4281,#4282,#4283,#4284,#4285,#4286,#4287));
#862=EDGE_LOOP('',(#4288,#4289,#4290,#4291,#4292,#4293,#4294,#4295,#4296,
#4297,#4298));
#863=EDGE_LOOP('',(#4299,#4300,#4301,#4302,#4303,#4304,#4305,#4306,#4307,
#4308));
#864=EDGE_LOOP('',(#4309,#4310));
#865=EDGE_LOOP('',(#4311,#4312,#4313,#4314,#4315,#4316,#4317,#4318,#4319,
#4320));
#866=EDGE_LOOP('',(#4321,#4322));
#867=EDGE_LOOP('',(#4323,#4324,#4325,#4326,#4327,#4328));
#868=EDGE_LOOP('',(#4329,#4330,#4331,#4332,#4333));
#869=EDGE_LOOP('',(#4334,#4335,#4336,#4337,#4338,#4339,#4340,#4341,#4342,
#4343));
#870=EDGE_LOOP('',(#4344,#4345,#4346,#4347,#4348));
#871=EDGE_LOOP('',(#4349,#4350,#4351,#4352,#4353,#4354,#4355,#4356));
#872=EDGE_LOOP('',(#4357,#4358,#4359,#4360,#4361,#4362,#4363,#4364,#4365,
#4366));
#873=EDGE_LOOP('',(#4367,#4368,#4369,#4370,#4371,#4372));
#874=EDGE_LOOP('',(#4373,#4374,#4375,#4376,#4377,#4378,#4379));
#875=EDGE_LOOP('',(#4380,#4381,#4382,#4383,#4384,#4385));
#876=EDGE_LOOP('',(#4386,#4387,#4388,#4389,#4390,#4391));
#877=EDGE_LOOP('',(#4392,#4393,#4394,#4395,#4396,#4397));
#878=EDGE_LOOP('',(#4398,#4399,#4400,#4401,#4402,#4403));
#879=EDGE_LOOP('',(#4404,#4405,#4406,#4407,#4408));
#880=EDGE_LOOP('',(#4409,#4410,#4411,#4412,#4413,#4414,#4415,#4416,#4417,
#4418,#4419));
#881=EDGE_LOOP('',(#4420,#4421,#4422,#4423,#4424,#4425));
#882=EDGE_LOOP('',(#4426,#4427,#4428,#4429,#4430));
#883=EDGE_LOOP('',(#4431,#4432,#4433,#4434,#4435,#4436));
#884=EDGE_LOOP('',(#4437,#4438));
#885=EDGE_LOOP('',(#4439,#4440));
#886=EDGE_LOOP('',(#4441,#4442,#4443,#4444,#4445,#4446,#4447,#4448));
#887=EDGE_LOOP('',(#4449));
#888=EDGE_LOOP('',(#4450));
#889=EDGE_LOOP('',(#4451,#4452,#4453,#4454,#4455,#4456,#4457,#4458));
#890=LINE('',#6155,#1367);
#891=LINE('',#6157,#1368);
#892=LINE('',#6159,#1369);
#893=LINE('',#6161,#1370);
#894=LINE('',#6163,#1371);
#895=LINE('',#6164,#1372);
#896=LINE('',#6167,#1373);
#897=LINE('',#6169,#1374);
#898=LINE('',#6171,#1375);
#899=LINE('',#6232,#1376);
#900=LINE('',#6234,#1377);
#901=LINE('',#6236,#1378);
#902=LINE('',#6238,#1379);
#903=LINE('',#6240,#1380);
#904=LINE('',#6310,#1381);
#905=LINE('',#6312,#1382);
#906=LINE('',#6314,#1383);
#907=LINE('',#6316,#1384);
#908=LINE('',#6318,#1385);
#909=LINE('',#6320,#1386);
#910=LINE('',#6321,#1387);
#911=LINE('',#6324,#1388);
#912=LINE('',#6333,#1389);
#913=LINE('',#6335,#1390);
#914=LINE('',#6337,#1391);
#915=LINE('',#6339,#1392);
#916=LINE('',#6340,#1393);
#917=LINE('',#6344,#1394);
#918=LINE('',#6346,#1395);
#919=LINE('',#6348,#1396);
#920=LINE('',#6350,#1397);
#921=LINE('',#6351,#1398);
#922=LINE('',#6353,#1399);
#923=LINE('',#6355,#1400);
#924=LINE('',#6357,#1401);
#925=LINE('',#6359,#1402);
#926=LINE('',#6361,#1403);
#927=LINE('',#6369,#1404);
#928=LINE('',#6373,#1405);
#929=LINE('',#6375,#1406);
#930=LINE('',#6377,#1407);
#931=LINE('',#6379,#1408);
#932=LINE('',#6381,#1409);
#933=LINE('',#6383,#1410);
#934=LINE('',#6385,#1411);
#935=LINE('',#6386,#1412);
#936=LINE('',#6390,#1413);
#937=LINE('',#6392,#1414);
#938=LINE('',#6393,#1415);
#939=LINE('',#6396,#1416);
#940=LINE('',#6398,#1417);
#941=LINE('',#6399,#1418);
#942=LINE('',#6402,#1419);
#943=LINE('',#6404,#1420);
#944=LINE('',#6406,#1421);
#945=LINE('',#6408,#1422);
#946=LINE('',#6410,#1423);
#947=LINE('',#6412,#1424);
#948=LINE('',#6414,#1425);
#949=LINE('',#6416,#1426);
#950=LINE('',#6418,#1427);
#951=LINE('',#6420,#1428);
#952=LINE('',#6422,#1429);
#953=LINE('',#6424,#1430);
#954=LINE('',#6426,#1431);
#955=LINE('',#6428,#1432);
#956=LINE('',#6430,#1433);
#957=LINE('',#6432,#1434);
#958=LINE('',#6433,#1435);
#959=LINE('',#6435,#1436);
#960=LINE('',#6437,#1437);
#961=LINE('',#6439,#1438);
#962=LINE('',#6441,#1439);
#963=LINE('',#6443,#1440);
#964=LINE('',#6444,#1441);
#965=LINE('',#6454,#1442);
#966=LINE('',#6455,#1443);
#967=LINE('',#6457,#1444);
#968=LINE('',#6459,#1445);
#969=LINE('',#6460,#1446);
#970=LINE('',#6462,#1447);
#971=LINE('',#6464,#1448);
#972=LINE('',#6466,#1449);
#973=LINE('',#6468,#1450);
#974=LINE('',#6470,#1451);
#975=LINE('',#6472,#1452);
#976=LINE('',#6474,#1453);
#977=LINE('',#6476,#1454);
#978=LINE('',#6478,#1455);
#979=LINE('',#6480,#1456);
#980=LINE('',#6481,#1457);
#981=LINE('',#6483,#1458);
#982=LINE('',#6486,#1459);
#983=LINE('',#6488,#1460);
#984=LINE('',#6490,#1461);
#985=LINE('',#6492,#1462);
#986=LINE('',#6494,#1463);
#987=LINE('',#6496,#1464);
#988=LINE('',#6497,#1465);
#989=LINE('',#6499,#1466);
#990=LINE('',#6501,#1467);
#991=LINE('',#6503,#1468);
#992=LINE('',#6505,#1469);
#993=LINE('',#6507,#1470);
#994=LINE('',#6509,#1471);
#995=LINE('',#6511,#1472);
#996=LINE('',#6513,#1473);
#997=LINE('',#6515,#1474);
#998=LINE('',#6517,#1475);
#999=LINE('',#6518,#1476);
#1000=LINE('',#6521,#1477);
#1001=LINE('',#6523,#1478);
#1002=LINE('',#6525,#1479);
#1003=LINE('',#6526,#1480);
#1004=LINE('',#6529,#1481);
#1005=LINE('',#6531,#1482);
#1006=LINE('',#6533,#1483);
#1007=LINE('',#6534,#1484);
#1008=LINE('',#6676,#1485);
#1009=LINE('',#6877,#1486);
#1010=LINE('',#6965,#1487);
#1011=LINE('',#6967,#1488);
#1012=LINE('',#7012,#1489);
#1013=LINE('',#7014,#1490);
#1014=LINE('',#7069,#1491);
#1015=LINE('',#7077,#1492);
#1016=LINE('',#7127,#1493);
#1017=LINE('',#7129,#1494);
#1018=LINE('',#7189,#1495);
#1019=LINE('',#7192,#1496);
#1020=LINE('',#7195,#1497);
#1021=LINE('',#7203,#1498);
#1022=LINE('',#7230,#1499);
#1023=LINE('',#7232,#1500);
#1024=LINE('',#7271,#1501);
#1025=LINE('',#7273,#1502);
#1026=LINE('',#7327,#1503);
#1027=LINE('',#7335,#1504);
#1028=LINE('',#7393,#1505);
#1029=LINE('',#7395,#1506);
#1030=LINE('',#7457,#1507);
#1031=LINE('',#7460,#1508);
#1032=LINE('',#7463,#1509);
#1033=LINE('',#7471,#1510);
#1034=LINE('',#7480,#1511);
#1035=LINE('',#7482,#1512);
#1036=LINE('',#7484,#1513);
#1037=LINE('',#7486,#1514);
#1038=LINE('',#7487,#1515);
#1039=LINE('',#7490,#1516);
#1040=LINE('',#7492,#1517);
#1041=LINE('',#7493,#1518);
#1042=LINE('',#7495,#1519);
#1043=LINE('',#7497,#1520);
#1044=LINE('',#7498,#1521);
#1045=LINE('',#7501,#1522);
#1046=LINE('',#7502,#1523);
#1047=LINE('',#7504,#1524);
#1048=LINE('',#7505,#1525);
#1049=LINE('',#7507,#1526);
#1050=LINE('',#7512,#1527);
#1051=LINE('',#7514,#1528);
#1052=LINE('',#7516,#1529);
#1053=LINE('',#7517,#1530);
#1054=LINE('',#7520,#1531);
#1055=LINE('',#7522,#1532);
#1056=LINE('',#7524,#1533);
#1057=LINE('',#7525,#1534);
#1058=LINE('',#7528,#1535);
#1059=LINE('',#7529,#1536);
#1060=LINE('',#7530,#1537);
#1061=LINE('',#7533,#1538);
#1062=LINE('',#7535,#1539);
#1063=LINE('',#7536,#1540);
#1064=LINE('',#7537,#1541);
#1065=LINE('',#7540,#1542);
#1066=LINE('',#7542,#1543);
#1067=LINE('',#7544,#1544);
#1068=LINE('',#7546,#1545);
#1069=LINE('',#7547,#1546);
#1070=LINE('',#7552,#1547);
#1071=LINE('',#7554,#1548);
#1072=LINE('',#7555,#1549);
#1073=LINE('',#7558,#1550);
#1074=LINE('',#7560,#1551);
#1075=LINE('',#7561,#1552);
#1076=LINE('',#7564,#1553);
#1077=LINE('',#7566,#1554);
#1078=LINE('',#7567,#1555);
#1079=LINE('',#7570,#1556);
#1080=LINE('',#7572,#1557);
#1081=LINE('',#7573,#1558);
#1082=LINE('',#7576,#1559);
#1083=LINE('',#7578,#1560);
#1084=LINE('',#7579,#1561);
#1085=LINE('',#7582,#1562);
#1086=LINE('',#7584,#1563);
#1087=LINE('',#7585,#1564);
#1088=LINE('',#7588,#1565);
#1089=LINE('',#7590,#1566);
#1090=LINE('',#7591,#1567);
#1091=LINE('',#7594,#1568);
#1092=LINE('',#7596,#1569);
#1093=LINE('',#7597,#1570);
#1094=LINE('',#7600,#1571);
#1095=LINE('',#7602,#1572);
#1096=LINE('',#7603,#1573);
#1097=LINE('',#7604,#1574);
#1098=LINE('',#7606,#1575);
#1099=LINE('',#7608,#1576);
#1100=LINE('',#7609,#1577);
#1101=LINE('',#7616,#1578);
#1102=LINE('',#7617,#1579);
#1103=LINE('',#7619,#1580);
#1104=LINE('',#7621,#1581);
#1105=LINE('',#7626,#1582);
#1106=LINE('',#7630,#1583);
#1107=LINE('',#7634,#1584);
#1108=LINE('',#7638,#1585);
#1109=LINE('',#7642,#1586);
#1110=LINE('',#7646,#1587);
#1111=LINE('',#7650,#1588);
#1112=LINE('',#7654,#1589);
#1113=LINE('',#7658,#1590);
#1114=LINE('',#7661,#1591);
#1115=LINE('',#7663,#1592);
#1116=LINE('',#7665,#1593);
#1117=LINE('',#7666,#1594);
#1118=LINE('',#7668,#1595);
#1119=LINE('',#7670,#1596);
#1120=LINE('',#7672,#1597);
#1121=LINE('',#7674,#1598);
#1122=LINE('',#7676,#1599);
#1123=LINE('',#7679,#1600);
#1124=LINE('',#7683,#1601);
#1125=LINE('',#7687,#1602);
#1126=LINE('',#7688,#1603);
#1127=LINE('',#7689,#1604);
#1128=LINE('',#7691,#1605);
#1129=LINE('',#7693,#1606);
#1130=LINE('',#7694,#1607);
#1131=LINE('',#7696,#1608);
#1132=LINE('',#7697,#1609);
#1133=LINE('',#7699,#1610);
#1134=LINE('',#7701,#1611);
#1135=LINE('',#7703,#1612);
#1136=LINE('',#7704,#1613);
#1137=LINE('',#7707,#1614);
#1138=LINE('',#7708,#1615);
#1139=LINE('',#7712,#1616);
#1140=LINE('',#7714,#1617);
#1141=LINE('',#7715,#1618);
#1142=LINE('',#7718,#1619);
#1143=LINE('',#7719,#1620);
#1144=LINE('',#7722,#1621);
#1145=LINE('',#7723,#1622);
#1146=LINE('',#7726,#1623);
#1147=LINE('',#7727,#1624);
#1148=LINE('',#7729,#1625);
#1149=LINE('',#7732,#1626);
#1150=LINE('',#7733,#1627);
#1151=LINE('',#7736,#1628);
#1152=LINE('',#7737,#1629);
#1153=LINE('',#7740,#1630);
#1154=LINE('',#7741,#1631);
#1155=LINE('',#7744,#1632);
#1156=LINE('',#7745,#1633);
#1157=LINE('',#7748,#1634);
#1158=LINE('',#7749,#1635);
#1159=LINE('',#7751,#1636);
#1160=LINE('',#7755,#1637);
#1161=LINE('',#7757,#1638);
#1162=LINE('',#7758,#1639);
#1163=LINE('',#7760,#1640);
#1164=LINE('',#7764,#1641);
#1165=LINE('',#7768,#1642);
#1166=LINE('',#7770,#1643);
#1167=LINE('',#7772,#1644);
#1168=LINE('',#7774,#1645);
#1169=LINE('',#7776,#1646);
#1170=LINE('',#7778,#1647);
#1171=LINE('',#7780,#1648);
#1172=LINE('',#7784,#1649);
#1173=LINE('',#7786,#1650);
#1174=LINE('',#7788,#1651);
#1175=LINE('',#7789,#1652);
#1176=LINE('',#7792,#1653);
#1177=LINE('',#7793,#1654);
#1178=LINE('',#7796,#1655);
#1179=LINE('',#7797,#1656);
#1180=LINE('',#7800,#1657);
#1181=LINE('',#7802,#1658);
#1182=LINE('',#7804,#1659);
#1183=LINE('',#7806,#1660);
#1184=LINE('',#7808,#1661);
#1185=LINE('',#7810,#1662);
#1186=LINE('',#7812,#1663);
#1187=LINE('',#7813,#1664);
#1188=LINE('',#7817,#1665);
#1189=LINE('',#7819,#1666);
#1190=LINE('',#7821,#1667);
#1191=LINE('',#7822,#1668);
#1192=LINE('',#7825,#1669);
#1193=LINE('',#7827,#1670);
#1194=LINE('',#7828,#1671);
#1195=LINE('',#7832,#1672);
#1196=LINE('',#7834,#1673);
#1197=LINE('',#7836,#1674);
#1198=LINE('',#7837,#1675);
#1199=LINE('',#7839,#1676);
#1200=LINE('',#7840,#1677);
#1201=LINE('',#7844,#1678);
#1202=LINE('',#7846,#1679);
#1203=LINE('',#7848,#1680);
#1204=LINE('',#7849,#1681);
#1205=LINE('',#7851,#1682);
#1206=LINE('',#7852,#1683);
#1207=LINE('',#7854,#1684);
#1208=LINE('',#7855,#1685);
#1209=LINE('',#7857,#1686);
#1210=LINE('',#7859,#1687);
#1211=LINE('',#7861,#1688);
#1212=LINE('',#7863,#1689);
#1213=LINE('',#7865,#1690);
#1214=LINE('',#7867,#1691);
#1215=LINE('',#7871,#1692);
#1216=LINE('',#7873,#1693);
#1217=LINE('',#7874,#1694);
#1218=LINE('',#7876,#1695);
#1219=LINE('',#7877,#1696);
#1220=LINE('',#7881,#1697);
#1221=LINE('',#7882,#1698);
#1222=LINE('',#7883,#1699);
#1223=LINE('',#7886,#1700);
#1224=LINE('',#7888,#1701);
#1225=LINE('',#7890,#1702);
#1226=LINE('',#7892,#1703);
#1227=LINE('',#7894,#1704);
#1228=LINE('',#7896,#1705);
#1229=LINE('',#7898,#1706);
#1230=LINE('',#7900,#1707);
#1231=LINE('',#7902,#1708);
#1232=LINE('',#7903,#1709);
#1233=LINE('',#7907,#1710);
#1234=LINE('',#7908,#1711);
#1235=LINE('',#7910,#1712);
#1236=LINE('',#7918,#1713);
#1237=LINE('',#7922,#1714);
#1238=LINE('',#7923,#1715);
#1239=LINE('',#7924,#1716);
#1240=LINE('',#7930,#1717);
#1241=LINE('',#7931,#1718);
#1242=LINE('',#7933,#1719);
#1243=LINE('',#7941,#1720);
#1244=LINE('',#7945,#1721);
#1245=LINE('',#7947,#1722);
#1246=LINE('',#7949,#1723);
#1247=LINE('',#7951,#1724);
#1248=LINE('',#7957,#1725);
#1249=LINE('',#7958,#1726);
#1250=LINE('',#7962,#1727);
#1251=LINE('',#7964,#1728);
#1252=LINE('',#7966,#1729);
#1253=LINE('',#7968,#1730);
#1254=LINE('',#7970,#1731);
#1255=LINE('',#7971,#1732);
#1256=LINE('',#8137,#1733);
#1257=LINE('',#8144,#1734);
#1258=LINE('',#8147,#1735);
#1259=LINE('',#8322,#1736);
#1260=LINE('',#8324,#1737);
#1261=LINE('',#8498,#1738);
#1262=LINE('',#8501,#1739);
#1263=LINE('',#8503,#1740);
#1264=LINE('',#8674,#1741);
#1265=LINE('',#8677,#1742);
#1266=LINE('',#8679,#1743);
#1267=LINE('',#8681,#1744);
#1268=LINE('',#8684,#1745);
#1269=LINE('',#8685,#1746);
#1270=LINE('',#8686,#1747);
#1271=LINE('',#8688,#1748);
#1272=LINE('',#8689,#1749);
#1273=LINE('',#8694,#1750);
#1274=LINE('',#8703,#1751);
#1275=LINE('',#8713,#1752);
#1276=LINE('',#8721,#1753);
#1277=LINE('',#8724,#1754);
#1278=LINE('',#8727,#1755);
#1279=LINE('',#8729,#1756);
#1280=LINE('',#8730,#1757);
#1281=LINE('',#8732,#1758);
#1282=LINE('',#8733,#1759);
#1283=LINE('',#8734,#1760);
#1284=LINE('',#8736,#1761);
#1285=LINE('',#8737,#1762);
#1286=LINE('',#8739,#1763);
#1287=LINE('',#8740,#1764);
#1288=LINE('',#8746,#1765);
#1289=LINE('',#8748,#1766);
#1290=LINE('',#8750,#1767);
#1291=LINE('',#8752,#1768);
#1292=LINE('',#8754,#1769);
#1293=LINE('',#8756,#1770);
#1294=LINE('',#8758,#1771);
#1295=LINE('',#8759,#1772);
#1296=LINE('',#8762,#1773);
#1297=LINE('',#8765,#1774);
#1298=LINE('',#8767,#1775);
#1299=LINE('',#8768,#1776);
#1300=LINE('',#8770,#1777);
#1301=LINE('',#8773,#1778);
#1302=LINE('',#8775,#1779);
#1303=LINE('',#8776,#1780);
#1304=LINE('',#8779,#1781);
#1305=LINE('',#8780,#1782);
#1306=LINE('',#8782,#1783);
#1307=LINE('',#8784,#1784);
#1308=LINE('',#8790,#1785);
#1309=LINE('',#8792,#1786);
#1310=LINE('',#8796,#1787);
#1311=LINE('',#8797,#1788);
#1312=LINE('',#8798,#1789);
#1313=LINE('',#8799,#1790);
#1314=LINE('',#8804,#1791);
#1315=LINE('',#8805,#1792);
#1316=LINE('',#8806,#1793);
#1317=LINE('',#8807,#1794);
#1318=LINE('',#8809,#1795);
#1319=LINE('',#8812,#1796);
#1320=LINE('',#8813,#1797);
#1321=LINE('',#8818,#1798);
#1322=LINE('',#8829,#1799);
#1323=LINE('',#8836,#1800);
#1324=LINE('',#8841,#1801);
#1325=LINE('',#8842,#1802);
#1326=LINE('',#8844,#1803);
#1327=LINE('',#8854,#1804);
#1328=LINE('',#8856,#1805);
#1329=LINE('',#8858,#1806);
#1330=LINE('',#8877,#1807);
#1331=LINE('',#8879,#1808);
#1332=LINE('',#8899,#1809);
#1333=LINE('',#8901,#1810);
#1334=LINE('',#8920,#1811);
#1335=LINE('',#8922,#1812);
#1336=LINE('',#8956,#1813);
#1337=LINE('',#8958,#1814);
#1338=LINE('',#8959,#1815);
#1339=LINE('',#8979,#1816);
#1340=LINE('',#8980,#1817);
#1341=LINE('',#8999,#1818);
#1342=LINE('',#9017,#1819);
#1343=LINE('',#9035,#1820);
#1344=LINE('',#9053,#1821);
#1345=LINE('',#9071,#1822);
#1346=LINE('',#9097,#1823);
#1347=LINE('',#9125,#1824);
#1348=LINE('',#9158,#1825);
#1349=LINE('',#9204,#1826);
#1350=LINE('',#9334,#1827);
#1351=LINE('',#9360,#1828);
#1352=LINE('',#9408,#1829);
#1353=LINE('',#9439,#1830);
#1354=LINE('',#9470,#1831);
#1355=LINE('',#9487,#1832);
#1356=LINE('',#9526,#1833);
#1357=LINE('',#9559,#1834);
#1358=LINE('',#9560,#1835);
#1359=LINE('',#9583,#1836);
#1360=LINE('',#9709,#1837);
#1361=LINE('',#9717,#1838);
#1362=LINE('',#9759,#1839);
#1363=LINE('',#10013,#1840);
#1364=LINE('',#10233,#1841);
#1365=LINE('',#10267,#1842);
#1366=LINE('',#10284,#1843);
#1367=VECTOR('',#5144,10.);
#1368=VECTOR('',#5145,10.);
#1369=VECTOR('',#5146,10.);
#1370=VECTOR('',#5147,10.);
#1371=VECTOR('',#5148,10.);
#1372=VECTOR('',#5149,10.);
#1373=VECTOR('',#5152,10.);
#1374=VECTOR('',#5153,10.);
#1375=VECTOR('',#5154,10.);
#1376=VECTOR('',#5155,10.);
#1377=VECTOR('',#5156,10.);
#1378=VECTOR('',#5157,10.);
#1379=VECTOR('',#5158,10.);
#1380=VECTOR('',#5159,10.);
#1381=VECTOR('',#5160,10.);
#1382=VECTOR('',#5161,10.);
#1383=VECTOR('',#5162,10.);
#1384=VECTOR('',#5163,10.);
#1385=VECTOR('',#5164,10.);
#1386=VECTOR('',#5165,10.);
#1387=VECTOR('',#5166,10.);
#1388=VECTOR('',#5169,10.);
#1389=VECTOR('',#5170,10.);
#1390=VECTOR('',#5171,10.);
#1391=VECTOR('',#5172,10.);
#1392=VECTOR('',#5173,10.);
#1393=VECTOR('',#5174,10.);
#1394=VECTOR('',#5177,10.);
#1395=VECTOR('',#5178,10.);
#1396=VECTOR('',#5179,10.);
#1397=VECTOR('',#5180,10.);
#1398=VECTOR('',#5181,10.);
#1399=VECTOR('',#5184,10.);
#1400=VECTOR('',#5185,10.);
#1401=VECTOR('',#5186,10.);
#1402=VECTOR('',#5187,10.);
#1403=VECTOR('',#5188,10.);
#1404=VECTOR('',#5189,10.);
#1405=VECTOR('',#5192,10.);
#1406=VECTOR('',#5193,10.);
#1407=VECTOR('',#5194,10.);
#1408=VECTOR('',#5195,10.);
#1409=VECTOR('',#5196,10.);
#1410=VECTOR('',#5197,10.);
#1411=VECTOR('',#5198,10.);
#1412=VECTOR('',#5199,10.);
#1413=VECTOR('',#5202,10.);
#1414=VECTOR('',#5203,10.);
#1415=VECTOR('',#5204,10.);
#1416=VECTOR('',#5207,10.);
#1417=VECTOR('',#5208,10.);
#1418=VECTOR('',#5209,10.);
#1419=VECTOR('',#5212,10.);
#1420=VECTOR('',#5213,10.);
#1421=VECTOR('',#5214,10.);
#1422=VECTOR('',#5215,10.);
#1423=VECTOR('',#5216,10.);
#1424=VECTOR('',#5217,10.);
#1425=VECTOR('',#5218,10.);
#1426=VECTOR('',#5219,10.);
#1427=VECTOR('',#5220,10.);
#1428=VECTOR('',#5221,10.);
#1429=VECTOR('',#5222,10.);
#1430=VECTOR('',#5223,10.);
#1431=VECTOR('',#5224,10.);
#1432=VECTOR('',#5225,10.);
#1433=VECTOR('',#5226,10.);
#1434=VECTOR('',#5227,10.);
#1435=VECTOR('',#5228,10.);
#1436=VECTOR('',#5229,10.);
#1437=VECTOR('',#5230,10.);
#1438=VECTOR('',#5231,10.);
#1439=VECTOR('',#5232,10.);
#1440=VECTOR('',#5233,10.);
#1441=VECTOR('',#5234,10.);
#1442=VECTOR('',#5243,10.);
#1443=VECTOR('',#5244,10.);
#1444=VECTOR('',#5245,10.);
#1445=VECTOR('',#5246,10.);
#1446=VECTOR('',#5247,10.);
#1447=VECTOR('',#5248,10.);
#1448=VECTOR('',#5249,10.);
#1449=VECTOR('',#5250,10.);
#1450=VECTOR('',#5251,10.);
#1451=VECTOR('',#5252,10.);
#1452=VECTOR('',#5253,10.);
#1453=VECTOR('',#5254,10.);
#1454=VECTOR('',#5255,10.);
#1455=VECTOR('',#5256,10.);
#1456=VECTOR('',#5257,10.);
#1457=VECTOR('',#5258,10.);
#1458=VECTOR('',#5261,10.);
#1459=VECTOR('',#5264,10.);
#1460=VECTOR('',#5265,10.);
#1461=VECTOR('',#5266,10.);
#1462=VECTOR('',#5267,10.);
#1463=VECTOR('',#5268,10.);
#1464=VECTOR('',#5269,10.);
#1465=VECTOR('',#5270,10.);
#1466=VECTOR('',#5271,10.);
#1467=VECTOR('',#5272,10.);
#1468=VECTOR('',#5273,10.);
#1469=VECTOR('',#5274,10.);
#1470=VECTOR('',#5275,10.);
#1471=VECTOR('',#5276,10.);
#1472=VECTOR('',#5277,10.);
#1473=VECTOR('',#5278,10.);
#1474=VECTOR('',#5279,10.);
#1475=VECTOR('',#5280,10.);
#1476=VECTOR('',#5281,10.);
#1477=VECTOR('',#5284,10.);
#1478=VECTOR('',#5285,10.);
#1479=VECTOR('',#5286,10.);
#1480=VECTOR('',#5287,10.);
#1481=VECTOR('',#5290,10.);
#1482=VECTOR('',#5291,10.);
#1483=VECTOR('',#5292,10.);
#1484=VECTOR('',#5293,10.);
#1485=VECTOR('',#5296,2.5);
#1486=VECTOR('',#5299,2.5);
#1487=VECTOR('',#5300,10.);
#1488=VECTOR('',#5301,10.);
#1489=VECTOR('',#5302,10.);
#1490=VECTOR('',#5303,10.);
#1491=VECTOR('',#5304,10.);
#1492=VECTOR('',#5305,10.);
#1493=VECTOR('',#5306,10.);
#1494=VECTOR('',#5307,10.);
#1495=VECTOR('',#5310,10.);
#1496=VECTOR('',#5313,10.);
#1497=VECTOR('',#5316,10.);
#1498=VECTOR('',#5323,10.);
#1499=VECTOR('',#5330,10.);
#1500=VECTOR('',#5331,10.);
#1501=VECTOR('',#5332,10.);
#1502=VECTOR('',#5333,10.);
#1503=VECTOR('',#5334,10.);
#1504=VECTOR('',#5335,10.);
#1505=VECTOR('',#5336,10.);
#1506=VECTOR('',#5337,10.);
#1507=VECTOR('',#5340,10.);
#1508=VECTOR('',#5343,10.);
#1509=VECTOR('',#5346,10.);
#1510=VECTOR('',#5353,10.);
#1511=VECTOR('',#5362,10.);
#1512=VECTOR('',#5363,10.);
#1513=VECTOR('',#5364,10.);
#1514=VECTOR('',#5365,10.);
#1515=VECTOR('',#5366,10.);
#1516=VECTOR('',#5369,10.);
#1517=VECTOR('',#5370,10.);
#1518=VECTOR('',#5371,10.);
#1519=VECTOR('',#5374,10.);
#1520=VECTOR('',#5375,10.);
#1521=VECTOR('',#5376,10.);
#1522=VECTOR('',#5379,10.);
#1523=VECTOR('',#5380,10.);
#1524=VECTOR('',#5381,10.);
#1525=VECTOR('',#5382,10.);
#1526=VECTOR('',#5385,10.);
#1527=VECTOR('',#5390,10.);
#1528=VECTOR('',#5391,10.);
#1529=VECTOR('',#5392,10.);
#1530=VECTOR('',#5393,10.);
#1531=VECTOR('',#5396,10.);
#1532=VECTOR('',#5397,10.);
#1533=VECTOR('',#5398,10.);
#1534=VECTOR('',#5399,10.);
#1535=VECTOR('',#5402,10.);
#1536=VECTOR('',#5403,10.);
#1537=VECTOR('',#5404,10.);
#1538=VECTOR('',#5407,10.);
#1539=VECTOR('',#5408,10.);
#1540=VECTOR('',#5409,10.);
#1541=VECTOR('',#5410,10.);
#1542=VECTOR('',#5413,10.);
#1543=VECTOR('',#5414,10.);
#1544=VECTOR('',#5415,10.);
#1545=VECTOR('',#5416,10.);
#1546=VECTOR('',#5417,10.);
#1547=VECTOR('',#5422,10.);
#1548=VECTOR('',#5423,10.);
#1549=VECTOR('',#5424,10.);
#1550=VECTOR('',#5427,10.);
#1551=VECTOR('',#5428,10.);
#1552=VECTOR('',#5429,10.);
#1553=VECTOR('',#5432,10.);
#1554=VECTOR('',#5433,10.);
#1555=VECTOR('',#5434,10.);
#1556=VECTOR('',#5437,10.);
#1557=VECTOR('',#5438,10.);
#1558=VECTOR('',#5439,10.);
#1559=VECTOR('',#5442,10.);
#1560=VECTOR('',#5443,10.);
#1561=VECTOR('',#5444,10.);
#1562=VECTOR('',#5447,10.);
#1563=VECTOR('',#5448,10.);
#1564=VECTOR('',#5449,10.);
#1565=VECTOR('',#5452,10.);
#1566=VECTOR('',#5453,10.);
#1567=VECTOR('',#5454,10.);
#1568=VECTOR('',#5457,10.);
#1569=VECTOR('',#5458,10.);
#1570=VECTOR('',#5459,10.);
#1571=VECTOR('',#5462,10.);
#1572=VECTOR('',#5463,10.);
#1573=VECTOR('',#5464,10.);
#1574=VECTOR('',#5465,10.);
#1575=VECTOR('',#5468,10.);
#1576=VECTOR('',#5469,10.);
#1577=VECTOR('',#5470,10.);
#1578=VECTOR('',#5477,10.);
#1579=VECTOR('',#5478,10.);
#1580=VECTOR('',#5481,10.);
#1581=VECTOR('',#5484,10.);
#1582=VECTOR('',#5491,2.7);
#1583=VECTOR('',#5496,2.5);
#1584=VECTOR('',#5501,2.7);
#1585=VECTOR('',#5506,2.5);
#1586=VECTOR('',#5511,2.7);
#1587=VECTOR('',#5516,2.5);
#1588=VECTOR('',#5521,2.7);
#1589=VECTOR('',#5526,2.5);
#1590=VECTOR('',#5531,2.7);
#1591=VECTOR('',#5534,10.);
#1592=VECTOR('',#5535,10.);
#1593=VECTOR('',#5536,10.);
#1594=VECTOR('',#5537,10.);
#1595=VECTOR('',#5540,2.7);
#1596=VECTOR('',#5543,2.7);
#1597=VECTOR('',#5546,2.7);
#1598=VECTOR('',#5549,10.);
#1599=VECTOR('',#5552,10.);
#1600=VECTOR('',#5555,10.);
#1601=VECTOR('',#5560,10.);
#1602=VECTOR('',#5565,10.);
#1603=VECTOR('',#5566,10.);
#1604=VECTOR('',#5567,10.);
#1605=VECTOR('',#5570,10.);
#1606=VECTOR('',#5571,10.);
#1607=VECTOR('',#5572,10.);
#1608=VECTOR('',#5575,10.);
#1609=VECTOR('',#5576,10.);
#1610=VECTOR('',#5579,10.);
#1611=VECTOR('',#5582,10.);
#1612=VECTOR('',#5585,10.);
#1613=VECTOR('',#5586,10.);
#1614=VECTOR('',#5591,10.);
#1615=VECTOR('',#5592,10.);
#1616=VECTOR('',#5597,10.);
#1617=VECTOR('',#5598,10.);
#1618=VECTOR('',#5599,10.);
#1619=VECTOR('',#5602,10.);
#1620=VECTOR('',#5603,10.);
#1621=VECTOR('',#5606,10.);
#1622=VECTOR('',#5607,10.);
#1623=VECTOR('',#5610,10.);
#1624=VECTOR('',#5611,10.);
#1625=VECTOR('',#5614,10.);
#1626=VECTOR('',#5617,10.);
#1627=VECTOR('',#5618,10.);
#1628=VECTOR('',#5621,10.);
#1629=VECTOR('',#5622,10.);
#1630=VECTOR('',#5625,10.);
#1631=VECTOR('',#5626,10.);
#1632=VECTOR('',#5629,10.);
#1633=VECTOR('',#5630,10.);
#1634=VECTOR('',#5633,10.);
#1635=VECTOR('',#5634,10.);
#1636=VECTOR('',#5637,10.);
#1637=VECTOR('',#5642,10.);
#1638=VECTOR('',#5643,10.);
#1639=VECTOR('',#5644,10.);
#1640=VECTOR('',#5647,10.);
#1641=VECTOR('',#5654,10.);
#1642=VECTOR('',#5661,10.);
#1643=VECTOR('',#5664,10.);
#1644=VECTOR('',#5667,10.);
#1645=VECTOR('',#5670,10.);
#1646=VECTOR('',#5673,10.);
#1647=VECTOR('',#5676,10.);
#1648=VECTOR('',#5679,10.);
#1649=VECTOR('',#5684,10.);
#1650=VECTOR('',#5685,10.);
#1651=VECTOR('',#5686,10.);
#1652=VECTOR('',#5687,10.);
#1653=VECTOR('',#5690,10.);
#1654=VECTOR('',#5691,10.);
#1655=VECTOR('',#5694,10.);
#1656=VECTOR('',#5695,10.);
#1657=VECTOR('',#5696,10.);
#1658=VECTOR('',#5697,10.);
#1659=VECTOR('',#5698,10.);
#1660=VECTOR('',#5699,10.);
#1661=VECTOR('',#5700,10.);
#1662=VECTOR('',#5701,10.);
#1663=VECTOR('',#5702,10.);
#1664=VECTOR('',#5703,10.);
#1665=VECTOR('',#5706,10.);
#1666=VECTOR('',#5707,10.);
#1667=VECTOR('',#5708,10.);
#1668=VECTOR('',#5709,10.);
#1669=VECTOR('',#5712,10.);
#1670=VECTOR('',#5713,10.);
#1671=VECTOR('',#5714,10.);
#1672=VECTOR('',#5717,10.);
#1673=VECTOR('',#5718,10.);
#1674=VECTOR('',#5719,10.);
#1675=VECTOR('',#5720,10.);
#1676=VECTOR('',#5723,10.);
#1677=VECTOR('',#5724,10.);
#1678=VECTOR('',#5727,10.);
#1679=VECTOR('',#5728,10.);
#1680=VECTOR('',#5729,10.);
#1681=VECTOR('',#5730,10.);
#1682=VECTOR('',#5733,10.);
#1683=VECTOR('',#5734,10.);
#1684=VECTOR('',#5737,10.);
#1685=VECTOR('',#5738,10.);
#1686=VECTOR('',#5741,10.);
#1687=VECTOR('',#5744,10.);
#1688=VECTOR('',#5747,10.);
#1689=VECTOR('',#5750,10.);
#1690=VECTOR('',#5753,10.);
#1691=VECTOR('',#5756,10.);
#1692=VECTOR('',#5761,10.);
#1693=VECTOR('',#5762,10.);
#1694=VECTOR('',#5763,10.);
#1695=VECTOR('',#5766,10.);
#1696=VECTOR('',#5767,10.);
#1697=VECTOR('',#5770,10.);
#1698=VECTOR('',#5771,10.);
#1699=VECTOR('',#5772,10.);
#1700=VECTOR('',#5773,10.);
#1701=VECTOR('',#5774,10.);
#1702=VECTOR('',#5775,10.);
#1703=VECTOR('',#5776,10.);
#1704=VECTOR('',#5777,10.);
#1705=VECTOR('',#5778,10.);
#1706=VECTOR('',#5779,10.);
#1707=VECTOR('',#5780,10.);
#1708=VECTOR('',#5781,10.);
#1709=VECTOR('',#5782,10.);
#1710=VECTOR('',#5785,10.);
#1711=VECTOR('',#5786,10.);
#1712=VECTOR('',#5787,10.);
#1713=VECTOR('',#5788,10.);
#1714=VECTOR('',#5791,10.);
#1715=VECTOR('',#5792,10.);
#1716=VECTOR('',#5793,10.);
#1717=VECTOR('',#5798,10.);
#1718=VECTOR('',#5799,10.);
#1719=VECTOR('',#5800,10.);
#1720=VECTOR('',#5801,10.);
#1721=VECTOR('',#5804,10.);
#1722=VECTOR('',#5805,10.);
#1723=VECTOR('',#5806,10.);
#1724=VECTOR('',#5807,10.);
#1725=VECTOR('',#5808,10.);
#1726=VECTOR('',#5809,10.);
#1727=VECTOR('',#5812,10.);
#1728=VECTOR('',#5813,10.);
#1729=VECTOR('',#5814,10.);
#1730=VECTOR('',#5815,10.);
#1731=VECTOR('',#5816,10.);
#1732=VECTOR('',#5817,10.);
#1733=VECTOR('',#5822,10.);
#1734=VECTOR('',#5829,10.);
#1735=VECTOR('',#5832,10.);
#1736=VECTOR('',#5841,10.);
#1737=VECTOR('',#5844,10.);
#1738=VECTOR('',#5849,10.);
#1739=VECTOR('',#5852,10.);
#1740=VECTOR('',#5855,10.);
#1741=VECTOR('',#5860,10.);
#1742=VECTOR('',#5863,10.);
#1743=VECTOR('',#5866,10.);
#1744=VECTOR('',#5869,10.);
#1745=VECTOR('',#5872,10.);
#1746=VECTOR('',#5873,10.);
#1747=VECTOR('',#5874,10.);
#1748=VECTOR('',#5875,10.);
#1749=VECTOR('',#5876,10.);
#1750=VECTOR('',#5881,10.);
#1751=VECTOR('',#5892,10.);
#1752=VECTOR('',#5905,10.);
#1753=VECTOR('',#5914,10.);
#1754=VECTOR('',#5917,10.);
#1755=VECTOR('',#5920,10.);
#1756=VECTOR('',#5921,10.);
#1757=VECTOR('',#5922,10.);
#1758=VECTOR('',#5925,10.);
#1759=VECTOR('',#5926,10.);
#1760=VECTOR('',#5927,10.);
#1761=VECTOR('',#5930,10.);
#1762=VECTOR('',#5931,10.);
#1763=VECTOR('',#5934,10.);
#1764=VECTOR('',#5935,10.);
#1765=VECTOR('',#5946,10.);
#1766=VECTOR('',#5947,10.);
#1767=VECTOR('',#5948,10.);
#1768=VECTOR('',#5949,10.);
#1769=VECTOR('',#5950,10.);
#1770=VECTOR('',#5951,10.);
#1771=VECTOR('',#5952,10.);
#1772=VECTOR('',#5953,10.);
#1773=VECTOR('',#5956,7.00000000000003);
#1774=VECTOR('',#5961,5.75000000000003);
#1775=VECTOR('',#5964,10.);
#1776=VECTOR('',#5965,10.);
#1777=VECTOR('',#5968,10.);
#1778=VECTOR('',#5971,10.);
#1779=VECTOR('',#5972,10.);
#1780=VECTOR('',#5973,10.);
#1781=VECTOR('',#5976,10.);
#1782=VECTOR('',#5977,10.);
#1783=VECTOR('',#5980,10.);
#1784=VECTOR('',#5983,10.);
#1785=VECTOR('',#5990,10.);
#1786=VECTOR('',#5993,10.);
#1787=VECTOR('',#5998,10.);
#1788=VECTOR('',#5999,10.);
#1789=VECTOR('',#6000,10.);
#1790=VECTOR('',#6001,10.);
#1791=VECTOR('',#6010,10.);
#1792=VECTOR('',#6011,10.);
#1793=VECTOR('',#6012,10.);
#1794=VECTOR('',#6013,10.);
#1795=VECTOR('',#6014,10.);
#1796=VECTOR('',#6017,10.);
#1797=VECTOR('',#6018,10.);
#1798=VECTOR('',#6027,10.);
#1799=VECTOR('',#6048,10.);
#1800=VECTOR('',#6055,10.);
#1801=VECTOR('',#6062,10.);
#1802=VECTOR('',#6063,10.);
#1803=VECTOR('',#6066,10.);
#1804=VECTOR('',#6071,10.);
#1805=VECTOR('',#6072,10.);
#1806=VECTOR('',#6073,10.);
#1807=VECTOR('',#6076,10.);
#1808=VECTOR('',#6077,10.);
#1809=VECTOR('',#6080,10.);
#1810=VECTOR('',#6081,10.);
#1811=VECTOR('',#6084,10.);
#1812=VECTOR('',#6085,10.);
#1813=VECTOR('',#6088,10.);
#1814=VECTOR('',#6089,10.);
#1815=VECTOR('',#6090,10.);
#1816=VECTOR('',#6093,10.);
#1817=VECTOR('',#6094,10.);
#1818=VECTOR('',#6097,10.);
#1819=VECTOR('',#6100,10.);
#1820=VECTOR('',#6101,17.0450368352903);
#1821=VECTOR('',#6102,11.9009343485005);
#1822=VECTOR('',#6103,17.133885863169);
#1823=VECTOR('',#6104,12.3232156215368);
#1824=VECTOR('',#6105,12.3232156215368);
#1825=VECTOR('',#6106,17.133885863169);
#1826=VECTOR('',#6107,17.0450368352903);
#1827=VECTOR('',#6108,17.0450368352903);
#1828=VECTOR('',#6109,11.9009343485005);
#1829=VECTOR('',#6112,10.);
#1830=VECTOR('',#6117,10.);
#1831=VECTOR('',#6120,11.9009343485005);
#1832=VECTOR('',#6121,17.0450368352903);
#1833=VECTOR('',#6124,10.);
#1834=VECTOR('',#6125,12.3300030246435);
#1835=VECTOR('',#6126,17.134453913472);
#1836=VECTOR('',#6127,17.0450368352903);
#1837=VECTOR('',#6128,17.0450368352903);
#1838=VECTOR('',#6131,10.);
#1839=VECTOR('',#6132,11.9009343485005);
#1840=VECTOR('',#6137,0.900000000000003);
#1841=VECTOR('',#6140,0.900000000000003);
#1842=VECTOR('',#6143,17.133885863169);
#1843=VECTOR('',#6144,12.3214316496545);
#1844=VERTEX_POINT('',#6153);
#1845=VERTEX_POINT('',#6154);
#1846=VERTEX_POINT('',#6156);
#1847=VERTEX_POINT('',#6158);
#1848=VERTEX_POINT('',#6160);
#1849=VERTEX_POINT('',#6162);
#1850=VERTEX_POINT('',#6166);
#1851=VERTEX_POINT('',#6168);
#1852=VERTEX_POINT('',#6170);
#1853=VERTEX_POINT('',#6172);
#1854=VERTEX_POINT('',#6231);
#1855=VERTEX_POINT('',#6233);
#1856=VERTEX_POINT('',#6235);
#1857=VERTEX_POINT('',#6237);
#1858=VERTEX_POINT('',#6239);
#1859=VERTEX_POINT('',#6241);
#1860=VERTEX_POINT('',#6309);
#1861=VERTEX_POINT('',#6311);
#1862=VERTEX_POINT('',#6313);
#1863=VERTEX_POINT('',#6315);
#1864=VERTEX_POINT('',#6317);
#1865=VERTEX_POINT('',#6319);
#1866=VERTEX_POINT('',#6323);
#1867=VERTEX_POINT('',#6325);
#1868=VERTEX_POINT('',#6332);
#1869=VERTEX_POINT('',#6334);
#1870=VERTEX_POINT('',#6336);
#1871=VERTEX_POINT('',#6338);
#1872=VERTEX_POINT('',#6342);
#1873=VERTEX_POINT('',#6343);
#1874=VERTEX_POINT('',#6345);
#1875=VERTEX_POINT('',#6347);
#1876=VERTEX_POINT('',#6349);
#1877=VERTEX_POINT('',#6354);
#1878=VERTEX_POINT('',#6356);
#1879=VERTEX_POINT('',#6358);
#1880=VERTEX_POINT('',#6360);
#1881=VERTEX_POINT('',#6362);
#1882=VERTEX_POINT('',#6371);
#1883=VERTEX_POINT('',#6372);
#1884=VERTEX_POINT('',#6374);
#1885=VERTEX_POINT('',#6376);
#1886=VERTEX_POINT('',#6378);
#1887=VERTEX_POINT('',#6380);
#1888=VERTEX_POINT('',#6382);
#1889=VERTEX_POINT('',#6384);
#1890=VERTEX_POINT('',#6388);
#1891=VERTEX_POINT('',#6389);
#1892=VERTEX_POINT('',#6391);
#1893=VERTEX_POINT('',#6395);
#1894=VERTEX_POINT('',#6397);
#1895=VERTEX_POINT('',#6401);
#1896=VERTEX_POINT('',#6403);
#1897=VERTEX_POINT('',#6405);
#1898=VERTEX_POINT('',#6407);
#1899=VERTEX_POINT('',#6409);
#1900=VERTEX_POINT('',#6411);
#1901=VERTEX_POINT('',#6413);
#1902=VERTEX_POINT('',#6415);
#1903=VERTEX_POINT('',#6417);
#1904=VERTEX_POINT('',#6419);
#1905=VERTEX_POINT('',#6421);
#1906=VERTEX_POINT('',#6423);
#1907=VERTEX_POINT('',#6425);
#1908=VERTEX_POINT('',#6427);
#1909=VERTEX_POINT('',#6429);
#1910=VERTEX_POINT('',#6431);
#1911=VERTEX_POINT('',#6434);
#1912=VERTEX_POINT('',#6436);
#1913=VERTEX_POINT('',#6438);
#1914=VERTEX_POINT('',#6440);
#1915=VERTEX_POINT('',#6442);
#1916=VERTEX_POINT('',#6445);
#1917=VERTEX_POINT('',#6447);
#1918=VERTEX_POINT('',#6449);
#1919=VERTEX_POINT('',#6451);
#1920=VERTEX_POINT('',#6453);
#1921=VERTEX_POINT('',#6456);
#1922=VERTEX_POINT('',#6458);
#1923=VERTEX_POINT('',#6461);
#1924=VERTEX_POINT('',#6463);
#1925=VERTEX_POINT('',#6465);
#1926=VERTEX_POINT('',#6467);
#1927=VERTEX_POINT('',#6469);
#1928=VERTEX_POINT('',#6471);
#1929=VERTEX_POINT('',#6473);
#1930=VERTEX_POINT('',#6475);
#1931=VERTEX_POINT('',#6477);
#1932=VERTEX_POINT('',#6479);
#1933=VERTEX_POINT('',#6485);
#1934=VERTEX_POINT('',#6487);
#1935=VERTEX_POINT('',#6489);
#1936=VERTEX_POINT('',#6491);
#1937=VERTEX_POINT('',#6493);
#1938=VERTEX_POINT('',#6495);
#1939=VERTEX_POINT('',#6498);
#1940=VERTEX_POINT('',#6500);
#1941=VERTEX_POINT('',#6502);
#1942=VERTEX_POINT('',#6504);
#1943=VERTEX_POINT('',#6506);
#1944=VERTEX_POINT('',#6508);
#1945=VERTEX_POINT('',#6510);
#1946=VERTEX_POINT('',#6512);
#1947=VERTEX_POINT('',#6514);
#1948=VERTEX_POINT('',#6516);
#1949=VERTEX_POINT('',#6520);
#1950=VERTEX_POINT('',#6522);
#1951=VERTEX_POINT('',#6524);
#1952=VERTEX_POINT('',#6528);
#1953=VERTEX_POINT('',#6530);
#1954=VERTEX_POINT('',#6532);
#1955=VERTEX_POINT('',#6575);
#1956=VERTEX_POINT('',#6576);
#1957=VERTEX_POINT('',#6584);
#1958=VERTEX_POINT('',#6592);
#1959=VERTEX_POINT('',#6610);
#1960=VERTEX_POINT('',#6652);
#1961=VERTEX_POINT('',#6653);
#1962=VERTEX_POINT('',#6675);
#1963=VERTEX_POINT('',#6677);
#1964=VERTEX_POINT('',#6684);
#1965=VERTEX_POINT('',#6691);
#1966=VERTEX_POINT('',#6698);
#1967=VERTEX_POINT('',#6703);
#1968=VERTEX_POINT('',#6713);
#1969=VERTEX_POINT('',#6718);
#1970=VERTEX_POINT('',#6726);
#1971=VERTEX_POINT('',#6776);
#1972=VERTEX_POINT('',#6777);
#1973=VERTEX_POINT('',#6788);
#1974=VERTEX_POINT('',#6806);
#1975=VERTEX_POINT('',#6848);
#1976=VERTEX_POINT('',#6849);
#1977=VERTEX_POINT('',#6860);
#1978=VERTEX_POINT('',#6876);
#1979=VERTEX_POINT('',#6878);
#1980=VERTEX_POINT('',#6885);
#1981=VERTEX_POINT('',#6890);
#1982=VERTEX_POINT('',#6896);
#1983=VERTEX_POINT('',#6903);
#1984=VERTEX_POINT('',#6913);
#1985=VERTEX_POINT('',#6918);
#1986=VERTEX_POINT('',#6925);
#1987=VERTEX_POINT('',#6964);
#1988=VERTEX_POINT('',#6966);
#1989=VERTEX_POINT('',#7011);
#1990=VERTEX_POINT('',#7013);
#1991=VERTEX_POINT('',#7068);
#1992=VERTEX_POINT('',#7070);
#1993=VERTEX_POINT('',#7126);
#1994=VERTEX_POINT('',#7128);
#1995=VERTEX_POINT('',#7188);
#1996=VERTEX_POINT('',#7190);
#1997=VERTEX_POINT('',#7194);
#1998=VERTEX_POINT('',#7196);
#1999=VERTEX_POINT('',#7198);
#2000=VERTEX_POINT('',#7200);
#2001=VERTEX_POINT('',#7202);
#2002=VERTEX_POINT('',#7204);
#2003=VERTEX_POINT('',#7206);
#2004=VERTEX_POINT('',#7229);
#2005=VERTEX_POINT('',#7231);
#2006=VERTEX_POINT('',#7270);
#2007=VERTEX_POINT('',#7272);
#2008=VERTEX_POINT('',#7326);
#2009=VERTEX_POINT('',#7328);
#2010=VERTEX_POINT('',#7392);
#2011=VERTEX_POINT('',#7394);
#2012=VERTEX_POINT('',#7456);
#2013=VERTEX_POINT('',#7458);
#2014=VERTEX_POINT('',#7462);
#2015=VERTEX_POINT('',#7464);
#2016=VERTEX_POINT('',#7466);
#2017=VERTEX_POINT('',#7468);
#2018=VERTEX_POINT('',#7470);
#2019=VERTEX_POINT('',#7472);
#2020=VERTEX_POINT('',#7474);
#2021=VERTEX_POINT('',#7478);
#2022=VERTEX_POINT('',#7479);
#2023=VERTEX_POINT('',#7481);
#2024=VERTEX_POINT('',#7483);
#2025=VERTEX_POINT('',#7485);
#2026=VERTEX_POINT('',#7489);
#2027=VERTEX_POINT('',#7491);
#2028=VERTEX_POINT('',#7496);
#2029=VERTEX_POINT('',#7500);
#2030=VERTEX_POINT('',#7503);
#2031=VERTEX_POINT('',#7510);
#2032=VERTEX_POINT('',#7511);
#2033=VERTEX_POINT('',#7513);
#2034=VERTEX_POINT('',#7515);
#2035=VERTEX_POINT('',#7519);
#2036=VERTEX_POINT('',#7521);
#2037=VERTEX_POINT('',#7523);
#2038=VERTEX_POINT('',#7527);
#2039=VERTEX_POINT('',#7532);
#2040=VERTEX_POINT('',#7534);
#2041=VERTEX_POINT('',#7539);
#2042=VERTEX_POINT('',#7541);
#2043=VERTEX_POINT('',#7543);
#2044=VERTEX_POINT('',#7545);
#2045=VERTEX_POINT('',#7548);
#2046=VERTEX_POINT('',#7551);
#2047=VERTEX_POINT('',#7553);
#2048=VERTEX_POINT('',#7557);
#2049=VERTEX_POINT('',#7559);
#2050=VERTEX_POINT('',#7563);
#2051=VERTEX_POINT('',#7565);
#2052=VERTEX_POINT('',#7569);
#2053=VERTEX_POINT('',#7571);
#2054=VERTEX_POINT('',#7575);
#2055=VERTEX_POINT('',#7577);
#2056=VERTEX_POINT('',#7581);
#2057=VERTEX_POINT('',#7583);
#2058=VERTEX_POINT('',#7587);
#2059=VERTEX_POINT('',#7589);
#2060=VERTEX_POINT('',#7593);
#2061=VERTEX_POINT('',#7595);
#2062=VERTEX_POINT('',#7599);
#2063=VERTEX_POINT('',#7601);
#2064=VERTEX_POINT('',#7607);
#2065=VERTEX_POINT('',#7610);
#2066=VERTEX_POINT('',#7612);
#2067=VERTEX_POINT('',#7615);
#2068=VERTEX_POINT('',#7624);
#2069=VERTEX_POINT('',#7628);
#2070=VERTEX_POINT('',#7632);
#2071=VERTEX_POINT('',#7636);
#2072=VERTEX_POINT('',#7640);
#2073=VERTEX_POINT('',#7644);
#2074=VERTEX_POINT('',#7648);
#2075=VERTEX_POINT('',#7652);
#2076=VERTEX_POINT('',#7656);
#2077=VERTEX_POINT('',#7660);
#2078=VERTEX_POINT('',#7662);
#2079=VERTEX_POINT('',#7664);
#2080=VERTEX_POINT('',#7678);
#2081=VERTEX_POINT('',#7682);
#2082=VERTEX_POINT('',#7686);
#2083=VERTEX_POINT('',#7692);
#2084=VERTEX_POINT('',#7711);
#2085=VERTEX_POINT('',#7713);
#2086=VERTEX_POINT('',#7717);
#2087=VERTEX_POINT('',#7721);
#2088=VERTEX_POINT('',#7725);
#2089=VERTEX_POINT('',#7731);
#2090=VERTEX_POINT('',#7735);
#2091=VERTEX_POINT('',#7739);
#2092=VERTEX_POINT('',#7743);
#2093=VERTEX_POINT('',#7747);
#2094=VERTEX_POINT('',#7754);
#2095=VERTEX_POINT('',#7756);
#2096=VERTEX_POINT('',#7783);
#2097=VERTEX_POINT('',#7785);
#2098=VERTEX_POINT('',#7787);
#2099=VERTEX_POINT('',#7791);
#2100=VERTEX_POINT('',#7795);
#2101=VERTEX_POINT('',#7798);
#2102=VERTEX_POINT('',#7799);
#2103=VERTEX_POINT('',#7801);
#2104=VERTEX_POINT('',#7803);
#2105=VERTEX_POINT('',#7805);
#2106=VERTEX_POINT('',#7807);
#2107=VERTEX_POINT('',#7809);
#2108=VERTEX_POINT('',#7811);
#2109=VERTEX_POINT('',#7815);
#2110=VERTEX_POINT('',#7816);
#2111=VERTEX_POINT('',#7818);
#2112=VERTEX_POINT('',#7820);
#2113=VERTEX_POINT('',#7824);
#2114=VERTEX_POINT('',#7826);
#2115=VERTEX_POINT('',#7830);
#2116=VERTEX_POINT('',#7831);
#2117=VERTEX_POINT('',#7833);
#2118=VERTEX_POINT('',#7835);
#2119=VERTEX_POINT('',#7842);
#2120=VERTEX_POINT('',#7843);
#2121=VERTEX_POINT('',#7845);
#2122=VERTEX_POINT('',#7847);
#2123=VERTEX_POINT('',#7870);
#2124=VERTEX_POINT('',#7872);
#2125=VERTEX_POINT('',#7879);
#2126=VERTEX_POINT('',#7880);
#2127=VERTEX_POINT('',#7884);
#2128=VERTEX_POINT('',#7885);
#2129=VERTEX_POINT('',#7887);
#2130=VERTEX_POINT('',#7889);
#2131=VERTEX_POINT('',#7891);
#2132=VERTEX_POINT('',#7893);
#2133=VERTEX_POINT('',#7895);
#2134=VERTEX_POINT('',#7897);
#2135=VERTEX_POINT('',#7899);
#2136=VERTEX_POINT('',#7901);
#2137=VERTEX_POINT('',#7905);
#2138=VERTEX_POINT('',#7906);
#2139=VERTEX_POINT('',#7909);
#2140=VERTEX_POINT('',#7911);
#2141=VERTEX_POINT('',#7920);
#2142=VERTEX_POINT('',#7921);
#2143=VERTEX_POINT('',#7925);
#2144=VERTEX_POINT('',#7928);
#2145=VERTEX_POINT('',#7929);
#2146=VERTEX_POINT('',#7932);
#2147=VERTEX_POINT('',#7934);
#2148=VERTEX_POINT('',#7943);
#2149=VERTEX_POINT('',#7944);
#2150=VERTEX_POINT('',#7946);
#2151=VERTEX_POINT('',#7948);
#2152=VERTEX_POINT('',#7950);
#2153=VERTEX_POINT('',#7952);
#2154=VERTEX_POINT('',#7956);
#2155=VERTEX_POINT('',#7960);
#2156=VERTEX_POINT('',#7961);
#2157=VERTEX_POINT('',#7963);
#2158=VERTEX_POINT('',#7965);
#2159=VERTEX_POINT('',#7967);
#2160=VERTEX_POINT('',#7969);
#2161=VERTEX_POINT('',#7996);
#2162=VERTEX_POINT('',#8003);
#2163=VERTEX_POINT('',#8010);
#2164=VERTEX_POINT('',#8070);
#2165=VERTEX_POINT('',#8071);
#2166=VERTEX_POINT('',#8073);
#2167=VERTEX_POINT('',#8122);
#2168=VERTEX_POINT('',#8136);
#2169=VERTEX_POINT('',#8138);
#2170=VERTEX_POINT('',#8140);
#2171=VERTEX_POINT('',#8142);
#2172=VERTEX_POINT('',#8146);
#2173=VERTEX_POINT('',#8173);
#2174=VERTEX_POINT('',#8174);
#2175=VERTEX_POINT('',#8176);
#2176=VERTEX_POINT('',#8219);
#2177=VERTEX_POINT('',#8226);
#2178=VERTEX_POINT('',#8237);
#2179=VERTEX_POINT('',#8308);
#2180=VERTEX_POINT('',#8320);
#2181=VERTEX_POINT('',#8349);
#2182=VERTEX_POINT('',#8350);
#2183=VERTEX_POINT('',#8352);
#2184=VERTEX_POINT('',#8395);
#2185=VERTEX_POINT('',#8402);
#2186=VERTEX_POINT('',#8413);
#2187=VERTEX_POINT('',#8478);
#2188=VERTEX_POINT('',#8485);
#2189=VERTEX_POINT('',#8497);
#2190=VERTEX_POINT('',#8499);
#2191=VERTEX_POINT('',#8528);
#2192=VERTEX_POINT('',#8529);
#2193=VERTEX_POINT('',#8536);
#2194=VERTEX_POINT('',#8543);
#2195=VERTEX_POINT('',#8612);
#2196=VERTEX_POINT('',#8619);
#2197=VERTEX_POINT('',#8621);
#2198=VERTEX_POINT('',#8659);
#2199=VERTEX_POINT('',#8673);
#2200=VERTEX_POINT('',#8675);
#2201=VERTEX_POINT('',#8683);
#2202=VERTEX_POINT('',#8687);
#2203=VERTEX_POINT('',#8690);
#2204=VERTEX_POINT('',#8693);
#2205=VERTEX_POINT('',#8697);
#2206=VERTEX_POINT('',#8699);
#2207=VERTEX_POINT('',#8701);
#2208=VERTEX_POINT('',#8705);
#2209=VERTEX_POINT('',#8707);
#2210=VERTEX_POINT('',#8711);
#2211=VERTEX_POINT('',#8717);
#2212=VERTEX_POINT('',#8718);
#2213=VERTEX_POINT('',#8720);
#2214=VERTEX_POINT('',#8722);
#2215=VERTEX_POINT('',#8726);
#2216=VERTEX_POINT('',#8728);
#2217=VERTEX_POINT('',#8747);
#2218=VERTEX_POINT('',#8749);
#2219=VERTEX_POINT('',#8751);
#2220=VERTEX_POINT('',#8753);
#2221=VERTEX_POINT('',#8755);
#2222=VERTEX_POINT('',#8757);
#2223=VERTEX_POINT('',#8761);
#2224=VERTEX_POINT('',#8772);
#2225=VERTEX_POINT('',#8774);
#2226=VERTEX_POINT('',#8778);
#2227=VERTEX_POINT('',#8786);
#2228=VERTEX_POINT('',#8788);
#2229=VERTEX_POINT('',#8794);
#2230=VERTEX_POINT('',#8808);
#2231=VERTEX_POINT('',#8810);
#2232=VERTEX_POINT('',#8840);
#2233=VERTEX_POINT('',#8847);
#2234=VERTEX_POINT('',#8848);
#2235=VERTEX_POINT('',#8853);
#2236=VERTEX_POINT('',#8855);
#2237=VERTEX_POINT('',#8857);
#2238=VERTEX_POINT('',#8859);
#2239=VERTEX_POINT('',#8871);
#2240=VERTEX_POINT('',#8876);
#2241=VERTEX_POINT('',#8878);
#2242=VERTEX_POINT('',#8880);
#2243=VERTEX_POINT('',#8893);
#2244=VERTEX_POINT('',#8898);
#2245=VERTEX_POINT('',#8900);
#2246=VERTEX_POINT('',#8902);
#2247=VERTEX_POINT('',#8914);
#2248=VERTEX_POINT('',#8919);
#2249=VERTEX_POINT('',#8921);
#2250=VERTEX_POINT('',#8923);
#2251=VERTEX_POINT('',#8936);
#2252=VERTEX_POINT('',#8937);
#2253=VERTEX_POINT('',#8942);
#2254=VERTEX_POINT('',#8950);
#2255=VERTEX_POINT('',#8955);
#2256=VERTEX_POINT('',#8957);
#2257=VERTEX_POINT('',#8961);
#2258=VERTEX_POINT('',#8962);
#2259=VERTEX_POINT('',#8967);
#2260=VERTEX_POINT('',#8978);
#2261=VERTEX_POINT('',#8982);
#2262=VERTEX_POINT('',#8987);
#2263=VERTEX_POINT('',#9001);
#2264=VERTEX_POINT('',#9006);
#2265=VERTEX_POINT('',#9034);
#2266=VERTEX_POINT('',#9036);
#2267=VERTEX_POINT('',#9070);
#2268=VERTEX_POINT('',#9096);
#2269=VERTEX_POINT('',#9124);
#2270=VERTEX_POINT('',#9126);
#2271=VERTEX_POINT('',#9131);
#2272=VERTEX_POINT('',#9157);
#2273=VERTEX_POINT('',#9203);
#2274=VERTEX_POINT('',#9205);
#2275=VERTEX_POINT('',#9333);
#2276=VERTEX_POINT('',#9359);
#2277=VERTEX_POINT('',#9377);
#2278=VERTEX_POINT('',#9382);
#2279=VERTEX_POINT('',#9387);
#2280=VERTEX_POINT('',#9398);
#2281=VERTEX_POINT('',#9411);
#2282=VERTEX_POINT('',#9416);
#2283=VERTEX_POINT('',#9433);
#2284=VERTEX_POINT('',#9438);
#2285=VERTEX_POINT('',#9489);
#2286=VERTEX_POINT('',#9494);
#2287=VERTEX_POINT('',#9520);
#2288=VERTEX_POINT('',#9525);
#2289=VERTEX_POINT('',#9527);
#2290=VERTEX_POINT('',#9532);
#2291=VERTEX_POINT('',#9577);
#2292=VERTEX_POINT('',#9582);
#2293=VERTEX_POINT('',#9584);
#2294=VERTEX_POINT('',#9711);
#2295=VERTEX_POINT('',#9716);
#2296=VERTEX_POINT('',#9718);
#2297=VERTEX_POINT('',#9849);
#2298=VERTEX_POINT('',#9850);
#2299=VERTEX_POINT('',#9865);
#2300=VERTEX_POINT('',#9877);
#2301=VERTEX_POINT('',#9901);
#2302=VERTEX_POINT('',#9976);
#2303=VERTEX_POINT('',#9977);
#2304=VERTEX_POINT('',#10011);
#2305=VERTEX_POINT('',#10054);
#2306=VERTEX_POINT('',#10074);
#2307=VERTEX_POINT('',#10232);
#2308=EDGE_CURVE('',#1844,#1845,#890,.F.);
#2309=EDGE_CURVE('',#1844,#1846,#891,.F.);
#2310=EDGE_CURVE('',#1846,#1847,#892,.T.);
#2311=EDGE_CURVE('',#1847,#1848,#893,.F.);
#2312=EDGE_CURVE('',#1849,#1848,#894,.T.);
#2313=EDGE_CURVE('',#1849,#1845,#895,.T.);
#2314=EDGE_CURVE('',#1847,#1850,#896,.T.);
#2315=EDGE_CURVE('',#1851,#1850,#897,.T.);
#2316=EDGE_CURVE('',#1852,#1851,#898,.T.);
#2317=EDGE_CURVE('',#1853,#1852,#203,.T.);
#2318=EDGE_CURVE('',#1854,#1853,#899,.T.);
#2319=EDGE_CURVE('',#1855,#1854,#900,.T.);
#2320=EDGE_CURVE('',#1856,#1855,#901,.T.);
#2321=EDGE_CURVE('',#1857,#1856,#902,.T.);
#2322=EDGE_CURVE('',#1858,#1857,#903,.T.);
#2323=EDGE_CURVE('',#1859,#1858,#204,.T.);
#2324=EDGE_CURVE('',#1860,#1859,#904,.T.);
#2325=EDGE_CURVE('',#1861,#1860,#905,.T.);
#2326=EDGE_CURVE('',#1861,#1862,#906,.T.);
#2327=EDGE_CURVE('',#1863,#1862,#907,.F.);
#2328=EDGE_CURVE('',#1864,#1863,#908,.T.);
#2329=EDGE_CURVE('',#1865,#1864,#909,.T.);
#2330=EDGE_CURVE('',#1848,#1865,#910,.T.);
#2331=EDGE_CURVE('',#1866,#1865,#911,.T.);
#2332=EDGE_CURVE('',#1866,#1867,#205,.T.);
#2333=EDGE_CURVE('',#1868,#1867,#912,.T.);
#2334=EDGE_CURVE('',#1868,#1869,#913,.T.);
#2335=EDGE_CURVE('',#1870,#1869,#914,.T.);
#2336=EDGE_CURVE('',#1870,#1871,#915,.T.);
#2337=EDGE_CURVE('',#1849,#1871,#916,.T.);
#2338=EDGE_CURVE('',#1872,#1873,#917,.T.);
#2339=EDGE_CURVE('',#1874,#1873,#918,.T.);
#2340=EDGE_CURVE('',#1874,#1875,#919,.T.);
#2341=EDGE_CURVE('',#1875,#1876,#920,.F.);
#2342=EDGE_CURVE('',#1876,#1872,#921,.T.);
#2343=EDGE_CURVE('',#1863,#1872,#922,.T.);
#2344=EDGE_CURVE('',#1877,#1876,#923,.T.);
#2345=EDGE_CURVE('',#1878,#1877,#924,.T.);
#2346=EDGE_CURVE('',#1878,#1879,#925,.T.);
#2347=EDGE_CURVE('',#1880,#1879,#926,.T.);
#2348=EDGE_CURVE('',#1880,#1881,#206,.T.);
#2349=EDGE_CURVE('',#1864,#1881,#927,.T.);
#2350=EDGE_CURVE('',#1882,#1883,#928,.T.);
#2351=EDGE_CURVE('',#1884,#1882,#929,.T.);
#2352=EDGE_CURVE('',#1885,#1884,#930,.T.);
#2353=EDGE_CURVE('',#1886,#1885,#931,.T.);
#2354=EDGE_CURVE('',#1887,#1886,#932,.T.);
#2355=EDGE_CURVE('',#1888,#1887,#933,.T.);
#2356=EDGE_CURVE('',#1889,#1888,#934,.T.);
#2357=EDGE_CURVE('',#1889,#1883,#935,.T.);
#2358=EDGE_CURVE('',#1890,#1891,#936,.T.);
#2359=EDGE_CURVE('',#1891,#1892,#937,.T.);
#2360=EDGE_CURVE('',#1890,#1892,#938,.T.);
#2361=EDGE_CURVE('',#1891,#1893,#939,.T.);
#2362=EDGE_CURVE('',#1894,#1893,#940,.T.);
#2363=EDGE_CURVE('',#1892,#1894,#941,.T.);
#2364=EDGE_CURVE('',#1895,#1870,#942,.T.);
#2365=EDGE_CURVE('',#1896,#1895,#943,.T.);
#2366=EDGE_CURVE('',#1896,#1897,#944,.T.);
#2367=EDGE_CURVE('',#1897,#1898,#945,.T.);
#2368=EDGE_CURVE('',#1898,#1899,#946,.T.);
#2369=EDGE_CURVE('',#1899,#1900,#947,.T.);
#2370=EDGE_CURVE('',#1900,#1901,#948,.T.);
#2371=EDGE_CURVE('',#1901,#1902,#949,.T.);
#2372=EDGE_CURVE('',#1903,#1902,#950,.T.);
#2373=EDGE_CURVE('',#1904,#1903,#951,.T.);
#2374=EDGE_CURVE('',#1905,#1904,#952,.T.);
#2375=EDGE_CURVE('',#1906,#1905,#953,.T.);
#2376=EDGE_CURVE('',#1907,#1906,#954,.T.);
#2377=EDGE_CURVE('',#1908,#1907,#955,.T.);
#2378=EDGE_CURVE('',#1909,#1908,#956,.F.);
#2379=EDGE_CURVE('',#1909,#1910,#957,.T.);
#2380=EDGE_CURVE('',#1877,#1910,#958,.T.);
#2381=EDGE_CURVE('',#1911,#1875,#959,.T.);
#2382=EDGE_CURVE('',#1912,#1911,#960,.T.);
#2383=EDGE_CURVE('',#1913,#1912,#961,.T.);
#2384=EDGE_CURVE('',#1914,#1913,#962,.T.);
#2385=EDGE_CURVE('',#1915,#1914,#963,.T.);
#2386=EDGE_CURVE('',#1915,#1871,#964,.T.);
#2387=EDGE_CURVE('',#1916,#1916,#166,.T.);
#2388=EDGE_CURVE('',#1917,#1917,#167,.T.);
#2389=EDGE_CURVE('',#1918,#1918,#168,.T.);
#2390=EDGE_CURVE('',#1919,#1919,#169,.T.);
#2391=EDGE_CURVE('',#1883,#1920,#965,.T.);
#2392=EDGE_CURVE('',#1920,#1890,#966,.T.);
#2393=EDGE_CURVE('',#1894,#1921,#967,.T.);
#2394=EDGE_CURVE('',#1921,#1922,#968,.T.);
#2395=EDGE_CURVE('',#1922,#1887,#969,.T.);
#2396=EDGE_CURVE('',#1886,#1923,#970,.T.);
#2397=EDGE_CURVE('',#1923,#1924,#971,.T.);
#2398=EDGE_CURVE('',#1924,#1925,#972,.T.);
#2399=EDGE_CURVE('',#1925,#1926,#973,.T.);
#2400=EDGE_CURVE('',#1926,#1927,#974,.T.);
#2401=EDGE_CURVE('',#1927,#1928,#975,.T.);
#2402=EDGE_CURVE('',#1928,#1929,#976,.T.);
#2403=EDGE_CURVE('',#1929,#1930,#977,.T.);
#2404=EDGE_CURVE('',#1930,#1931,#978,.T.);
#2405=EDGE_CURVE('',#1931,#1932,#979,.T.);
#2406=EDGE_CURVE('',#1932,#1882,#980,.T.);
#2407=EDGE_CURVE('',#1893,#1921,#981,.T.);
#2408=EDGE_CURVE('',#1933,#1895,#982,.F.);
#2409=EDGE_CURVE('',#1934,#1933,#983,.F.);
#2410=EDGE_CURVE('',#1935,#1934,#984,.F.);
#2411=EDGE_CURVE('',#1936,#1935,#985,.F.);
#2412=EDGE_CURVE('',#1937,#1936,#986,.F.);
#2413=EDGE_CURVE('',#1938,#1937,#987,.F.);
#2414=EDGE_CURVE('',#1910,#1938,#988,.F.);
#2415=EDGE_CURVE('',#1909,#1939,#989,.T.);
#2416=EDGE_CURVE('',#1940,#1939,#990,.T.);
#2417=EDGE_CURVE('',#1941,#1940,#991,.F.);
#2418=EDGE_CURVE('',#1941,#1942,#992,.F.);
#2419=EDGE_CURVE('',#1943,#1942,#993,.F.);
#2420=EDGE_CURVE('',#1943,#1944,#994,.F.);
#2421=EDGE_CURVE('',#1945,#1944,#995,.F.);
#2422=EDGE_CURVE('',#1945,#1946,#996,.F.);
#2423=EDGE_CURVE('',#1947,#1946,#997,.F.);
#2424=EDGE_CURVE('',#1948,#1947,#998,.T.);
#2425=EDGE_CURVE('',#1948,#1896,#999,.T.);
#2426=EDGE_CURVE('',#1949,#1948,#1000,.F.);
#2427=EDGE_CURVE('',#1950,#1949,#1001,.T.);
#2428=EDGE_CURVE('',#1951,#1950,#1002,.F.);
#2429=EDGE_CURVE('',#1897,#1951,#1003,.T.);
#2430=EDGE_CURVE('',#1908,#1952,#1004,.F.);
#2431=EDGE_CURVE('',#1953,#1952,#1005,.F.);
#2432=EDGE_CURVE('',#1954,#1953,#1006,.T.);
#2433=EDGE_CURVE('',#1954,#1939,#1007,.T.);
#2434=EDGE_CURVE('',#1955,#1956,#207,.T.);
#2435=EDGE_CURVE('',#1956,#1957,#208,.T.);
#2436=EDGE_CURVE('',#1957,#1958,#209,.T.);
#2437=EDGE_CURVE('',#1958,#1853,#210,.T.);
#2438=EDGE_CURVE('',#1852,#1959,#211,.T.);
#2439=EDGE_CURVE('',#1955,#1959,#212,.T.);
#2440=EDGE_CURVE('',#1960,#1961,#213,.T.);
#2441=EDGE_CURVE('',#1958,#1961,#214,.T.);
#2442=EDGE_CURVE('',#1957,#1955,#215,.T.);
#2443=EDGE_CURVE('',#1959,#1960,#216,.T.);
#2444=EDGE_CURVE('',#1956,#1962,#1008,.T.);
#2445=EDGE_CURVE('',#1963,#1962,#217,.T.);
#2446=EDGE_CURVE('',#1964,#1963,#218,.T.);
#2447=EDGE_CURVE('',#1965,#1964,#219,.T.);
#2448=EDGE_CURVE('',#1966,#1965,#220,.T.);
#2449=EDGE_CURVE('',#1967,#1966,#221,.T.);
#2450=EDGE_CURVE('',#1968,#1967,#222,.T.);
#2451=EDGE_CURVE('',#1969,#1968,#223,.T.);
#2452=EDGE_CURVE('',#1970,#1969,#224,.T.);
#2453=EDGE_CURVE('',#1962,#1970,#225,.T.);
#2454=EDGE_CURVE('',#1971,#1972,#226,.T.);
#2455=EDGE_CURVE('',#1972,#1973,#227,.T.);
#2456=EDGE_CURVE('',#1973,#1859,#228,.T.);
#2457=EDGE_CURVE('',#1858,#1974,#229,.T.);
#2458=EDGE_CURVE('',#1971,#1974,#230,.T.);
#2459=EDGE_CURVE('',#1975,#1976,#231,.T.);
#2460=EDGE_CURVE('',#1973,#1976,#232,.T.);
#2461=EDGE_CURVE('',#1972,#1977,#233,.T.);
#2462=EDGE_CURVE('',#1977,#1971,#234,.T.);
#2463=EDGE_CURVE('',#1974,#1975,#235,.T.);
#2464=EDGE_CURVE('',#1977,#1978,#1009,.T.);
#2465=EDGE_CURVE('',#1979,#1978,#236,.T.);
#2466=EDGE_CURVE('',#1980,#1979,#237,.T.);
#2467=EDGE_CURVE('',#1981,#1980,#238,.T.);
#2468=EDGE_CURVE('',#1982,#1981,#239,.T.);
#2469=EDGE_CURVE('',#1983,#1982,#240,.T.);
#2470=EDGE_CURVE('',#1984,#1983,#241,.T.);
#2471=EDGE_CURVE('',#1985,#1984,#242,.T.);
#2472=EDGE_CURVE('',#1986,#1985,#243,.T.);
#2473=EDGE_CURVE('',#1978,#1986,#244,.T.);
#2474=EDGE_CURVE('',#1987,#1969,#1010,.T.);
#2475=EDGE_CURVE('',#1968,#1988,#1011,.T.);
#2476=EDGE_CURVE('',#1988,#1987,#245,.T.);
#2477=EDGE_CURVE('',#1989,#1967,#1012,.T.);
#2478=EDGE_CURVE('',#1966,#1990,#1013,.T.);
#2479=EDGE_CURVE('',#1990,#1989,#246,.T.);
#2480=EDGE_CURVE('',#1989,#1988,#247,.T.);
#2481=EDGE_CURVE('',#1964,#1991,#1014,.T.);
#2482=EDGE_CURVE('',#1991,#1992,#248,.T.);
#2483=EDGE_CURVE('',#1992,#1965,#1015,.T.);
#2484=EDGE_CURVE('',#1992,#1990,#249,.T.);
#2485=EDGE_CURVE('',#1993,#1963,#1016,.T.);
#2486=EDGE_CURVE('',#1970,#1994,#1017,.T.);
#2487=EDGE_CURVE('',#1994,#1993,#250,.T.);
#2488=EDGE_CURVE('',#1993,#1991,#251,.T.);
#2489=EDGE_CURVE('',#1987,#1994,#252,.T.);
#2490=EDGE_CURVE('',#1991,#1995,#1018,.T.);
#2491=EDGE_CURVE('',#1996,#1995,#30,.T.);
#2492=EDGE_CURVE('',#1996,#1990,#1019,.T.);
#2493=EDGE_CURVE('',#1997,#1987,#1020,.T.);
#2494=EDGE_CURVE('',#1998,#1997,#31,.T.);
#2495=EDGE_CURVE('',#1999,#1998,#170,.T.);
#2496=EDGE_CURVE('',#2000,#1999,#32,.T.);
#2497=EDGE_CURVE('',#2000,#2001,#1021,.T.);
#2498=EDGE_CURVE('',#2002,#2001,#33,.T.);
#2499=EDGE_CURVE('',#2003,#2002,#171,.T.);
#2500=EDGE_CURVE('',#1995,#2003,#34,.T.);
#2501=EDGE_CURVE('',#2004,#1981,#1022,.T.);
#2502=EDGE_CURVE('',#1980,#2005,#1023,.T.);
#2503=EDGE_CURVE('',#2005,#2004,#253,.T.);
#2504=EDGE_CURVE('',#2006,#1979,#1024,.T.);
#2505=EDGE_CURVE('',#1986,#2007,#1025,.T.);
#2506=EDGE_CURVE('',#2007,#2006,#254,.T.);
#2507=EDGE_CURVE('',#2006,#2005,#255,.T.);
#2508=EDGE_CURVE('',#1984,#2008,#1026,.T.);
#2509=EDGE_CURVE('',#2008,#2009,#256,.T.);
#2510=EDGE_CURVE('',#2009,#1985,#1027,.T.);
#2511=EDGE_CURVE('',#2009,#2007,#257,.T.);
#2512=EDGE_CURVE('',#2010,#1983,#1028,.T.);
#2513=EDGE_CURVE('',#1982,#2011,#1029,.T.);
#2514=EDGE_CURVE('',#2011,#2010,#258,.T.);
#2515=EDGE_CURVE('',#2010,#2008,#259,.T.);
#2516=EDGE_CURVE('',#2004,#2011,#260,.T.);
#2517=EDGE_CURVE('',#2012,#2008,#1030,.T.);
#2518=EDGE_CURVE('',#2013,#2012,#35,.T.);
#2519=EDGE_CURVE('',#2007,#2013,#1031,.T.);
#2520=EDGE_CURVE('',#2004,#2014,#1032,.T.);
#2521=EDGE_CURVE('',#2015,#2014,#36,.T.);
#2522=EDGE_CURVE('',#2016,#2015,#172,.T.);
#2523=EDGE_CURVE('',#2017,#2016,#37,.T.);
#2524=EDGE_CURVE('',#2018,#2017,#1033,.T.);
#2525=EDGE_CURVE('',#2019,#2018,#38,.T.);
#2526=EDGE_CURVE('',#2020,#2019,#173,.T.);
#2527=EDGE_CURVE('',#2012,#2020,#39,.T.);
#2528=EDGE_CURVE('',#2021,#2022,#1034,.T.);
#2529=EDGE_CURVE('',#2022,#2023,#1035,.T.);
#2530=EDGE_CURVE('',#2023,#2024,#1036,.T.);
#2531=EDGE_CURVE('',#2024,#2025,#1037,.T.);
#2532=EDGE_CURVE('',#2025,#2021,#1038,.T.);
#2533=EDGE_CURVE('',#2023,#2026,#1039,.T.);
#2534=EDGE_CURVE('',#2026,#2027,#1040,.F.);
#2535=EDGE_CURVE('',#2027,#2024,#1041,.T.);
#2536=EDGE_CURVE('',#2025,#1844,#1042,.T.);
#2537=EDGE_CURVE('',#1845,#2028,#1043,.T.);
#2538=EDGE_CURVE('',#2028,#2021,#1044,.T.);
#2539=EDGE_CURVE('',#2029,#2026,#1045,.T.);
#2540=EDGE_CURVE('',#2022,#1914,#1046,.T.);
#2541=EDGE_CURVE('',#2030,#1913,#1047,.T.);
#2542=EDGE_CURVE('',#2029,#2030,#1048,.T.);
#2543=EDGE_CURVE('',#1915,#2028,#1049,.T.);
#2544=EDGE_CURVE('',#2031,#2032,#1050,.T.);
#2545=EDGE_CURVE('',#2032,#2033,#1051,.F.);
#2546=EDGE_CURVE('',#2033,#2034,#1052,.T.);
#2547=EDGE_CURVE('',#2034,#2031,#1053,.T.);
#2548=EDGE_CURVE('',#1873,#2035,#1054,.F.);
#2549=EDGE_CURVE('',#2035,#2036,#1055,.T.);
#2550=EDGE_CURVE('',#2036,#2037,#1056,.T.);
#2551=EDGE_CURVE('',#2037,#1874,#1057,.T.);
#2552=EDGE_CURVE('',#2038,#2037,#1058,.T.);
#2553=EDGE_CURVE('',#2036,#2031,#1059,.T.);
#2554=EDGE_CURVE('',#2034,#2038,#1060,.T.);
#2555=EDGE_CURVE('',#2039,#2033,#1061,.T.);
#2556=EDGE_CURVE('',#2040,#2039,#1062,.T.);
#2557=EDGE_CURVE('',#2040,#1912,#1063,.T.);
#2558=EDGE_CURVE('',#2038,#1911,#1064,.F.);
#2559=EDGE_CURVE('',#2041,#2035,#1065,.F.);
#2560=EDGE_CURVE('',#2041,#2042,#1066,.T.);
#2561=EDGE_CURVE('',#2042,#2043,#1067,.T.);
#2562=EDGE_CURVE('',#2043,#2044,#1068,.T.);
#2563=EDGE_CURVE('',#2044,#2032,#1069,.T.);
#2564=EDGE_CURVE('',#2045,#2045,#174,.T.);
#2565=EDGE_CURVE('',#2046,#1951,#1070,.T.);
#2566=EDGE_CURVE('',#1950,#2047,#1071,.T.);
#2567=EDGE_CURVE('',#2047,#2046,#1072,.T.);
#2568=EDGE_CURVE('',#2047,#2048,#1073,.T.);
#2569=EDGE_CURVE('',#2048,#2049,#1074,.T.);
#2570=EDGE_CURVE('',#2049,#2046,#1075,.T.);
#2571=EDGE_CURVE('',#2048,#2050,#1076,.T.);
#2572=EDGE_CURVE('',#2050,#2051,#1077,.T.);
#2573=EDGE_CURVE('',#2051,#2049,#1078,.T.);
#2574=EDGE_CURVE('',#2050,#2052,#1079,.T.);
#2575=EDGE_CURVE('',#2052,#2053,#1080,.T.);
#2576=EDGE_CURVE('',#2053,#2051,#1081,.T.);
#2577=EDGE_CURVE('',#2052,#2054,#1082,.T.);
#2578=EDGE_CURVE('',#2054,#2055,#1083,.T.);
#2579=EDGE_CURVE('',#2055,#2053,#1084,.T.);
#2580=EDGE_CURVE('',#2054,#2056,#1085,.T.);
#2581=EDGE_CURVE('',#2056,#2057,#1086,.T.);
#2582=EDGE_CURVE('',#2057,#2055,#1087,.T.);
#2583=EDGE_CURVE('',#2056,#2058,#1088,.T.);
#2584=EDGE_CURVE('',#2058,#2059,#1089,.T.);
#2585=EDGE_CURVE('',#2059,#2057,#1090,.T.);
#2586=EDGE_CURVE('',#2058,#2060,#1091,.T.);
#2587=EDGE_CURVE('',#2060,#2061,#1092,.T.);
#2588=EDGE_CURVE('',#2061,#2059,#1093,.T.);
#2589=EDGE_CURVE('',#2062,#2060,#1094,.T.);
#2590=EDGE_CURVE('',#2063,#2062,#1095,.T.);
#2591=EDGE_CURVE('',#1906,#2063,#1096,.T.);
#2592=EDGE_CURVE('',#1905,#2061,#1097,.T.);
#2593=EDGE_CURVE('',#1954,#1949,#1098,.T.);
#2594=EDGE_CURVE('',#2064,#1953,#1099,.T.);
#2595=EDGE_CURVE('',#2062,#2064,#1100,.T.);
#2596=EDGE_CURVE('',#2065,#2065,#175,.T.);
#2597=EDGE_CURVE('',#2066,#2066,#176,.T.);
#2598=EDGE_CURVE('',#2067,#2063,#1101,.T.);
#2599=EDGE_CURVE('',#2064,#2067,#1102,.T.);
#2600=EDGE_CURVE('',#1952,#2067,#1103,.T.);
#2601=EDGE_CURVE('',#1907,#2067,#1104,.T.);
#2602=EDGE_CURVE('',#2068,#2068,#177,.T.);
#2603=EDGE_CURVE('',#2068,#1916,#1105,.T.);
#2604=EDGE_CURVE('',#2069,#2069,#178,.T.);
#2605=EDGE_CURVE('',#2069,#2068,#1106,.T.);
#2606=EDGE_CURVE('',#2070,#2070,#179,.T.);
#2607=EDGE_CURVE('',#2070,#1919,#1107,.T.);
#2608=EDGE_CURVE('',#2071,#2071,#180,.T.);
#2609=EDGE_CURVE('',#2071,#2070,#1108,.T.);
#2610=EDGE_CURVE('',#2072,#2072,#181,.T.);
#2611=EDGE_CURVE('',#2072,#1917,#1109,.T.);
#2612=EDGE_CURVE('',#2073,#2073,#182,.T.);
#2613=EDGE_CURVE('',#2073,#2072,#1110,.T.);
#2614=EDGE_CURVE('',#2074,#2074,#183,.T.);
#2615=EDGE_CURVE('',#2074,#1918,#1111,.T.);
#2616=EDGE_CURVE('',#2075,#2075,#184,.T.);
#2617=EDGE_CURVE('',#2075,#2074,#1112,.T.);
#2618=EDGE_CURVE('',#2076,#2076,#185,.T.);
#2619=EDGE_CURVE('',#2076,#2069,#1113,.T.);
#2620=EDGE_CURVE('',#2027,#2077,#1114,.T.);
#2621=EDGE_CURVE('',#2077,#2078,#1115,.T.);
#2622=EDGE_CURVE('',#2078,#2079,#1116,.T.);
#2623=EDGE_CURVE('',#2079,#1846,#1117,.T.);
#2624=EDGE_CURVE('',#2065,#2071,#1118,.T.);
#2625=EDGE_CURVE('',#2066,#2073,#1119,.T.);
#2626=EDGE_CURVE('',#2045,#2075,#1120,.T.);
#2627=EDGE_CURVE('',#2079,#1850,#1121,.T.);
#2628=EDGE_CURVE('',#1862,#2041,#1122,.T.);
#2629=EDGE_CURVE('',#1989,#2080,#1123,.T.);
#2630=EDGE_CURVE('',#1997,#2080,#40,.T.);
#2631=EDGE_CURVE('',#2081,#2006,#1124,.T.);
#2632=EDGE_CURVE('',#2014,#2081,#41,.T.);
#2633=EDGE_CURVE('',#2082,#1851,#1125,.T.);
#2634=EDGE_CURVE('',#2082,#2029,#1126,.T.);
#2635=EDGE_CURVE('',#2029,#1854,#1127,.T.);
#2636=EDGE_CURVE('',#2039,#1857,#1128,.T.);
#2637=EDGE_CURVE('',#2039,#2083,#1129,.T.);
#2638=EDGE_CURVE('',#2083,#1860,#1130,.T.);
#2639=EDGE_CURVE('',#2081,#1996,#1131,.T.);
#2640=EDGE_CURVE('',#2013,#2080,#1132,.T.);
#2641=EDGE_CURVE('',#2078,#2082,#1133,.T.);
#2642=EDGE_CURVE('',#2030,#1855,#1134,.T.);
#2643=EDGE_CURVE('',#2030,#2040,#1135,.T.);
#2644=EDGE_CURVE('',#2040,#1856,#1136,.T.);
#2645=EDGE_CURVE('',#2083,#2043,#1137,.T.);
#2646=EDGE_CURVE('',#1861,#2042,#1138,.T.);
#2647=EDGE_CURVE('',#2084,#1928,#1139,.T.);
#2648=EDGE_CURVE('',#2084,#2085,#1140,.T.);
#2649=EDGE_CURVE('',#2085,#1929,#1141,.T.);
#2650=EDGE_CURVE('',#2085,#2086,#1142,.T.);
#2651=EDGE_CURVE('',#2086,#1930,#1143,.T.);
#2652=EDGE_CURVE('',#2086,#2087,#1144,.T.);
#2653=EDGE_CURVE('',#2087,#1931,#1145,.T.);
#2654=EDGE_CURVE('',#2087,#2088,#1146,.T.);
#2655=EDGE_CURVE('',#2088,#1932,#1147,.T.);
#2656=EDGE_CURVE('',#2088,#1884,#1148,.T.);
#2657=EDGE_CURVE('',#1885,#2089,#1149,.T.);
#2658=EDGE_CURVE('',#2089,#1923,#1150,.T.);
#2659=EDGE_CURVE('',#2089,#2090,#1151,.T.);
#2660=EDGE_CURVE('',#2090,#1924,#1152,.T.);
#2661=EDGE_CURVE('',#2090,#2091,#1153,.T.);
#2662=EDGE_CURVE('',#2091,#1925,#1154,.T.);
#2663=EDGE_CURVE('',#2091,#2092,#1155,.T.);
#2664=EDGE_CURVE('',#2092,#1926,#1156,.T.);
#2665=EDGE_CURVE('',#2092,#2093,#1157,.T.);
#2666=EDGE_CURVE('',#2093,#1927,#1158,.T.);
#2667=EDGE_CURVE('',#2093,#2084,#1159,.T.);
#2668=EDGE_CURVE('',#2094,#1947,#1160,.F.);
#2669=EDGE_CURVE('',#2095,#2094,#1161,.F.);
#2670=EDGE_CURVE('',#1940,#2095,#1162,.F.);
#2671=EDGE_CURVE('',#2082,#2077,#1163,.T.);
#2672=EDGE_CURVE('',#2083,#2044,#1164,.T.);
#2673=EDGE_CURVE('',#1898,#2046,#1165,.T.);
#2674=EDGE_CURVE('',#1899,#2049,#1166,.T.);
#2675=EDGE_CURVE('',#1900,#2051,#1167,.T.);
#2676=EDGE_CURVE('',#1901,#2053,#1168,.T.);
#2677=EDGE_CURVE('',#1902,#2055,#1169,.T.);
#2678=EDGE_CURVE('',#1903,#2057,#1170,.T.);
#2679=EDGE_CURVE('',#1904,#2059,#1171,.T.);
#2680=EDGE_CURVE('',#2096,#1889,#1172,.T.);
#2681=EDGE_CURVE('',#2097,#2096,#1173,.T.);
#2682=EDGE_CURVE('',#2098,#2097,#1174,.T.);
#2683=EDGE_CURVE('',#1920,#2098,#1175,.T.);
#2684=EDGE_CURVE('',#2099,#1888,#1176,.T.);
#2685=EDGE_CURVE('',#2096,#2099,#1177,.T.);
#2686=EDGE_CURVE('',#2100,#2098,#1178,.F.);
#2687=EDGE_CURVE('',#1922,#2100,#1179,.T.);
#2688=EDGE_CURVE('',#2101,#2102,#1180,.T.);
#2689=EDGE_CURVE('',#2103,#2102,#1181,.T.);
#2690=EDGE_CURVE('',#2103,#2104,#1182,.T.);
#2691=EDGE_CURVE('',#2105,#2104,#1183,.T.);
#2692=EDGE_CURVE('',#2105,#2106,#1184,.T.);
#2693=EDGE_CURVE('',#2107,#2106,#1185,.T.);
#2694=EDGE_CURVE('',#2107,#2108,#1186,.T.);
#2695=EDGE_CURVE('',#2101,#2108,#1187,.T.);
#2696=EDGE_CURVE('',#2109,#2110,#1188,.T.);
#2697=EDGE_CURVE('',#2110,#2111,#1189,.T.);
#2698=EDGE_CURVE('',#2111,#2112,#1190,.T.);
#2699=EDGE_CURVE('',#2112,#2109,#1191,.T.);
#2700=EDGE_CURVE('',#2113,#2110,#1192,.T.);
#2701=EDGE_CURVE('',#2114,#2113,#1193,.T.);
#2702=EDGE_CURVE('',#2111,#2114,#1194,.T.);
#2703=EDGE_CURVE('',#2115,#2116,#1195,.T.);
#2704=EDGE_CURVE('',#2116,#2117,#1196,.T.);
#2705=EDGE_CURVE('',#2117,#2118,#1197,.T.);
#2706=EDGE_CURVE('',#2118,#2115,#1198,.T.);
#2707=EDGE_CURVE('',#2117,#2112,#1199,.T.);
#2708=EDGE_CURVE('',#2109,#2116,#1200,.T.);
#2709=EDGE_CURVE('',#2119,#2120,#1201,.T.);
#2710=EDGE_CURVE('',#2120,#2121,#1202,.T.);
#2711=EDGE_CURVE('',#2121,#2122,#1203,.T.);
#2712=EDGE_CURVE('',#2122,#2119,#1204,.T.);
#2713=EDGE_CURVE('',#2121,#2118,#1205,.T.);
#2714=EDGE_CURVE('',#2115,#2120,#1206,.T.);
#2715=EDGE_CURVE('',#2108,#2094,#1207,.T.);
#2716=EDGE_CURVE('',#1946,#2101,#1208,.T.);
#2717=EDGE_CURVE('',#2095,#2107,#1209,.T.);
#2718=EDGE_CURVE('',#2106,#1941,#1210,.T.);
#2719=EDGE_CURVE('',#1942,#2105,#1211,.T.);
#2720=EDGE_CURVE('',#2104,#1943,#1212,.T.);
#2721=EDGE_CURVE('',#1944,#2103,#1213,.T.);
#2722=EDGE_CURVE('',#2102,#1945,#1214,.T.);
#2723=EDGE_CURVE('',#2113,#2123,#1215,.T.);
#2724=EDGE_CURVE('',#2123,#2124,#1216,.T.);
#2725=EDGE_CURVE('',#2124,#2114,#1217,.T.);
#2726=EDGE_CURVE('',#2124,#2122,#1218,.T.);
#2727=EDGE_CURVE('',#2119,#2123,#1219,.T.);
#2728=EDGE_CURVE('',#2125,#2126,#1220,.T.);
#2729=EDGE_CURVE('',#1869,#2125,#1221,.T.);
#2730=EDGE_CURVE('',#2126,#1868,#1222,.T.);
#2731=EDGE_CURVE('',#2127,#2128,#1223,.T.);
#2732=EDGE_CURVE('',#2128,#2129,#1224,.T.);
#2733=EDGE_CURVE('',#2129,#2130,#1225,.T.);
#2734=EDGE_CURVE('',#2130,#2131,#1226,.T.);
#2735=EDGE_CURVE('',#2131,#2132,#1227,.T.);
#2736=EDGE_CURVE('',#2132,#2133,#1228,.T.);
#2737=EDGE_CURVE('',#2133,#2134,#1229,.T.);
#2738=EDGE_CURVE('',#2134,#2135,#1230,.T.);
#2739=EDGE_CURVE('',#2135,#2136,#1231,.T.);
#2740=EDGE_CURVE('',#2136,#2127,#1232,.T.);
#2741=EDGE_CURVE('',#2137,#2138,#1233,.T.);
#2742=EDGE_CURVE('',#2125,#2138,#1234,.T.);
#2743=EDGE_CURVE('',#2139,#2126,#1235,.T.);
#2744=EDGE_CURVE('',#2139,#2140,#261,.T.);
#2745=EDGE_CURVE('',#2137,#2140,#1236,.T.);
#2746=EDGE_CURVE('',#2141,#2142,#1237,.T.);
#2747=EDGE_CURVE('',#2138,#2141,#1238,.T.);
#2748=EDGE_CURVE('',#2142,#2137,#1239,.T.);
#2749=EDGE_CURVE('',#2143,#2143,#186,.T.);
#2750=EDGE_CURVE('',#2144,#2145,#1240,.T.);
#2751=EDGE_CURVE('',#2141,#2145,#1241,.T.);
#2752=EDGE_CURVE('',#2146,#2142,#1242,.T.);
#2753=EDGE_CURVE('',#2146,#2147,#262,.T.);
#2754=EDGE_CURVE('',#2144,#2147,#1243,.T.);
#2755=EDGE_CURVE('',#2148,#2149,#1244,.T.);
#2756=EDGE_CURVE('',#2148,#2150,#1245,.T.);
#2757=EDGE_CURVE('',#2151,#2150,#1246,.F.);
#2758=EDGE_CURVE('',#2152,#2151,#1247,.T.);
#2759=EDGE_CURVE('',#2153,#2152,#15,.T.);
#2760=EDGE_CURVE('',#2154,#2153,#1248,.T.);
#2761=EDGE_CURVE('',#2149,#2154,#1249,.T.);
#2762=EDGE_CURVE('',#2155,#2156,#1250,.T.);
#2763=EDGE_CURVE('',#2155,#2157,#1251,.T.);
#2764=EDGE_CURVE('',#2158,#2157,#1252,.F.);
#2765=EDGE_CURVE('',#2159,#2158,#1253,.T.);
#2766=EDGE_CURVE('',#2160,#2159,#1254,.F.);
#2767=EDGE_CURVE('',#2156,#2160,#1255,.T.);
#2768=EDGE_CURVE('',#2161,#2130,#263,.T.);
#2769=EDGE_CURVE('',#2130,#2162,#264,.T.);
#2770=EDGE_CURVE('',#2162,#2163,#265,.T.);
#2771=EDGE_CURVE('',#2163,#2161,#266,.T.);
#2772=EDGE_CURVE('',#2164,#2165,#187,.T.);
#2773=EDGE_CURVE('',#2165,#2166,#267,.T.);
#2774=EDGE_CURVE('',#2166,#2164,#268,.T.);
#2775=EDGE_CURVE('',#2162,#2165,#269,.T.);
#2776=EDGE_CURVE('',#2164,#2167,#270,.T.);
#2777=EDGE_CURVE('',#2167,#2163,#271,.T.);
#2778=EDGE_CURVE('',#2164,#2168,#1256,.T.);
#2779=EDGE_CURVE('',#2169,#2168,#42,.T.);
#2780=EDGE_CURVE('',#2170,#2169,#188,.T.);
#2781=EDGE_CURVE('',#2171,#2170,#43,.T.);
#2782=EDGE_CURVE('',#2167,#2171,#1257,.T.);
#2783=EDGE_CURVE('',#2172,#2166,#1258,.T.);
#2784=EDGE_CURVE('',#2168,#2172,#44,.T.);
#2785=EDGE_CURVE('',#2173,#2174,#189,.T.);
#2786=EDGE_CURVE('',#2174,#2175,#272,.T.);
#2787=EDGE_CURVE('',#2175,#2173,#273,.T.);
#2788=EDGE_CURVE('',#2176,#2174,#274,.T.);
#2789=EDGE_CURVE('',#2173,#2177,#275,.T.);
#2790=EDGE_CURVE('',#2177,#2178,#276,.T.);
#2791=EDGE_CURVE('',#2178,#2176,#277,.T.);
#2792=EDGE_CURVE('',#2177,#2129,#278,.T.);
#2793=EDGE_CURVE('',#2129,#2179,#279,.T.);
#2794=EDGE_CURVE('',#2178,#2179,#280,.T.);
#2795=EDGE_CURVE('',#2180,#2128,#45,.T.);
#2796=EDGE_CURVE('',#2180,#2176,#1259,.T.);
#2797=EDGE_CURVE('',#2175,#2129,#1260,.T.);
#2798=EDGE_CURVE('',#2181,#2182,#190,.T.);
#2799=EDGE_CURVE('',#2182,#2183,#281,.T.);
#2800=EDGE_CURVE('',#2183,#2181,#282,.T.);
#2801=EDGE_CURVE('',#2184,#2182,#283,.T.);
#2802=EDGE_CURVE('',#2181,#2185,#284,.T.);
#2803=EDGE_CURVE('',#2185,#2186,#285,.T.);
#2804=EDGE_CURVE('',#2186,#2184,#286,.T.);
#2805=EDGE_CURVE('',#2185,#2187,#287,.T.);
#2806=EDGE_CURVE('',#2187,#2188,#288,.T.);
#2807=EDGE_CURVE('',#2186,#2188,#289,.T.);
#2808=EDGE_CURVE('',#2189,#2187,#1261,.T.);
#2809=EDGE_CURVE('',#2190,#2189,#46,.T.);
#2810=EDGE_CURVE('',#2184,#2190,#1262,.T.);
#2811=EDGE_CURVE('',#2183,#2187,#1263,.T.);
#2812=EDGE_CURVE('',#2191,#2192,#290,.T.);
#2813=EDGE_CURVE('',#2192,#2193,#291,.T.);
#2814=EDGE_CURVE('',#2193,#2194,#292,.T.);
#2815=EDGE_CURVE('',#2194,#2191,#293,.T.);
#2816=EDGE_CURVE('',#2193,#2195,#294,.T.);
#2817=EDGE_CURVE('',#2195,#2196,#191,.T.);
#2818=EDGE_CURVE('',#2196,#2197,#295,.T.);
#2819=EDGE_CURVE('',#2197,#2194,#296,.T.);
#2820=EDGE_CURVE('',#2195,#2198,#297,.T.);
#2821=EDGE_CURVE('',#2198,#2196,#298,.T.);
#2822=EDGE_CURVE('',#2198,#2199,#1264,.T.);
#2823=EDGE_CURVE('',#2200,#2199,#47,.T.);
#2824=EDGE_CURVE('',#2200,#2196,#1265,.T.);
#2825=EDGE_CURVE('',#2192,#2198,#1266,.T.);
#2826=EDGE_CURVE('',#2130,#2166,#1267,.T.);
#2827=EDGE_CURVE('',#2175,#2201,#1268,.T.);
#2828=EDGE_CURVE('',#2199,#2201,#1269,.T.);
#2829=EDGE_CURVE('',#2187,#2192,#1270,.T.);
#2830=EDGE_CURVE('',#2202,#2183,#1271,.T.);
#2831=EDGE_CURVE('',#2202,#2172,#1272,.T.);
#2832=EDGE_CURVE('',#2203,#2203,#192,.T.);
#2833=EDGE_CURVE('',#2182,#2204,#1273,.T.);
#2834=EDGE_CURVE('',#2202,#2204,#48,.T.);
#2835=EDGE_CURVE('',#2205,#2200,#49,.T.);
#2836=EDGE_CURVE('',#2206,#2205,#193,.T.);
#2837=EDGE_CURVE('',#2207,#2206,#50,.T.);
#2838=EDGE_CURVE('',#2207,#2197,#1274,.T.);
#2839=EDGE_CURVE('',#2208,#2190,#51,.T.);
#2840=EDGE_CURVE('',#2209,#2208,#194,.T.);
#2841=EDGE_CURVE('',#2204,#2209,#52,.T.);
#2842=EDGE_CURVE('',#2210,#2207,#53,.T.);
#2843=EDGE_CURVE('',#2192,#2210,#1275,.T.);
#2844=EDGE_CURVE('',#2131,#2171,#54,.T.);
#2845=EDGE_CURVE('',#2211,#2212,#195,.T.);
#2846=EDGE_CURVE('',#2213,#2211,#1276,.T.);
#2847=EDGE_CURVE('',#2214,#2213,#196,.T.);
#2848=EDGE_CURVE('',#2212,#2214,#1277,.T.);
#2849=EDGE_CURVE('',#2215,#2214,#1278,.T.);
#2850=EDGE_CURVE('',#2216,#2215,#1279,.T.);
#2851=EDGE_CURVE('',#2212,#2216,#1280,.T.);
#2852=EDGE_CURVE('',#2145,#1878,#1281,.T.);
#2853=EDGE_CURVE('',#1878,#1938,#1282,.T.);
#2854=EDGE_CURVE('',#1937,#2145,#1283,.T.);
#2855=EDGE_CURVE('',#1935,#2138,#1284,.T.);
#2856=EDGE_CURVE('',#2141,#1936,#1285,.T.);
#2857=EDGE_CURVE('',#1933,#1869,#1286,.T.);
#2858=EDGE_CURVE('',#2125,#1934,#1287,.T.);
#2859=EDGE_CURVE('',#1879,#2144,#1288,.T.);
#2860=EDGE_CURVE('',#2210,#2217,#1289,.T.);
#2861=EDGE_CURVE('',#2217,#2218,#1290,.T.);
#2862=EDGE_CURVE('',#2218,#2219,#1291,.T.);
#2863=EDGE_CURVE('',#2219,#2220,#1292,.T.);
#2864=EDGE_CURVE('',#2220,#2221,#1293,.T.);
#2865=EDGE_CURVE('',#2221,#2222,#1294,.T.);
#2866=EDGE_CURVE('',#2222,#2189,#1295,.T.);
#2867=EDGE_CURVE('',#2143,#2223,#1296,.T.);
#2868=EDGE_CURVE('',#2223,#2223,#197,.T.);
#2869=EDGE_CURVE('',#2223,#2203,#1297,.T.);
#2870=EDGE_CURVE('',#2150,#2160,#1298,.T.);
#2871=EDGE_CURVE('',#2159,#2151,#1299,.T.);
#2872=EDGE_CURVE('',#2156,#2148,#1300,.T.);
#2873=EDGE_CURVE('',#2157,#2224,#1301,.T.);
#2874=EDGE_CURVE('',#2224,#2225,#1302,.F.);
#2875=EDGE_CURVE('',#2225,#2158,#1303,.T.);
#2876=EDGE_CURVE('',#2226,#2155,#1304,.T.);
#2877=EDGE_CURVE('',#2226,#2224,#1305,.T.);
#2878=EDGE_CURVE('',#2209,#2169,#1306,.T.);
#2879=EDGE_CURVE('',#2222,#2208,#1307,.T.);
#2880=EDGE_CURVE('',#2201,#2227,#55,.T.);
#2881=EDGE_CURVE('',#2227,#2228,#56,.T.);
#2882=EDGE_CURVE('',#2205,#2228,#1308,.T.);
#2883=EDGE_CURVE('',#2217,#2206,#1309,.T.);
#2884=EDGE_CURVE('',#2228,#2229,#198,.T.);
#2885=EDGE_CURVE('',#2229,#2127,#1310,.T.);
#2886=EDGE_CURVE('',#1999,#2136,#1311,.T.);
#2887=EDGE_CURVE('',#2020,#1998,#1312,.T.);
#2888=EDGE_CURVE('',#2218,#2019,#1313,.T.);
#2889=EDGE_CURVE('',#2220,#2017,#57,.T.);
#2890=EDGE_CURVE('',#2018,#2219,#58,.T.);
#2891=EDGE_CURVE('',#2221,#2016,#1314,.T.);
#2892=EDGE_CURVE('',#2015,#2003,#1315,.T.);
#2893=EDGE_CURVE('',#2002,#2133,#1316,.T.);
#2894=EDGE_CURVE('',#2170,#2132,#1317,.T.);
#2895=EDGE_CURVE('',#2225,#2230,#1318,.T.);
#2896=EDGE_CURVE('',#2230,#2231,#199,.T.);
#2897=EDGE_CURVE('',#2231,#2215,#1319,.T.);
#2898=EDGE_CURVE('',#2213,#2154,#1320,.T.);
#2899=EDGE_CURVE('',#2153,#2152,#200,.T.);
#2900=EDGE_CURVE('',#2227,#2174,#1321,.T.);
#2901=EDGE_CURVE('',#2229,#2180,#59,.T.);
#2902=EDGE_CURVE('',#2135,#2000,#60,.T.);
#2903=EDGE_CURVE('',#2001,#2134,#61,.T.);
#2904=EDGE_CURVE('',#2149,#2211,#1322,.T.);
#2905=EDGE_CURVE('',#2230,#2231,#16,.T.);
#2906=EDGE_CURVE('',#2216,#2226,#1323,.T.);
#2907=EDGE_CURVE('',#2099,#2232,#1324,.T.);
#2908=EDGE_CURVE('',#2100,#2232,#1325,.T.);
#2909=EDGE_CURVE('',#2232,#2097,#1326,.T.);
#2910=EDGE_CURVE('',#2233,#2234,#299,.T.);
#2911=EDGE_CURVE('',#2235,#2233,#1327,.T.);
#2912=EDGE_CURVE('',#2236,#2235,#1328,.T.);
#2913=EDGE_CURVE('',#2236,#2237,#1329,.T.);
#2914=EDGE_CURVE('',#2238,#2237,#300,.T.);
#2915=EDGE_CURVE('',#2234,#2238,#301,.T.);
#2916=EDGE_CURVE('',#2237,#2239,#302,.T.);
#2917=EDGE_CURVE('',#2240,#2236,#1330,.T.);
#2918=EDGE_CURVE('',#2240,#2241,#1331,.T.);
#2919=EDGE_CURVE('',#2242,#2241,#303,.T.);
#2920=EDGE_CURVE('',#2239,#2242,#304,.T.);
#2921=EDGE_CURVE('',#2241,#2243,#305,.T.);
#2922=EDGE_CURVE('',#2244,#2240,#1332,.T.);
#2923=EDGE_CURVE('',#2244,#2245,#1333,.T.);
#2924=EDGE_CURVE('',#2246,#2245,#306,.T.);
#2925=EDGE_CURVE('',#2243,#2246,#307,.T.);
#2926=EDGE_CURVE('',#2245,#2247,#308,.T.);
#2927=EDGE_CURVE('',#2248,#2244,#1334,.T.);
#2928=EDGE_CURVE('',#2248,#2249,#1335,.T.);
#2929=EDGE_CURVE('',#2250,#2249,#309,.T.);
#2930=EDGE_CURVE('',#2247,#2250,#310,.T.);
#2931=EDGE_CURVE('',#2251,#2252,#311,.T.);
#2932=EDGE_CURVE('',#2253,#2251,#312,.T.);
#2933=EDGE_CURVE('',#2254,#2253,#313,.T.);
#2934=EDGE_CURVE('',#2255,#2254,#1336,.T.);
#2935=EDGE_CURVE('',#2256,#2255,#1337,.T.);
#2936=EDGE_CURVE('',#2256,#2252,#1338,.T.);
#2937=EDGE_CURVE('',#2257,#2258,#314,.T.);
#2938=EDGE_CURVE('',#2259,#2257,#315,.T.);
#2939=EDGE_CURVE('',#2252,#2259,#316,.T.);
#2940=EDGE_CURVE('',#2260,#2256,#1339,.T.);
#2941=EDGE_CURVE('',#2260,#2258,#1340,.T.);
#2942=EDGE_CURVE('',#2261,#2233,#317,.T.);
#2943=EDGE_CURVE('',#2262,#2261,#318,.T.);
#2944=EDGE_CURVE('',#2258,#2262,#319,.T.);
#2945=EDGE_CURVE('',#2235,#2260,#1341,.T.);
#2946=EDGE_CURVE('',#2263,#2254,#320,.T.);
#2947=EDGE_CURVE('',#2264,#2263,#321,.T.);
#2948=EDGE_CURVE('',#2249,#2264,#322,.T.);
#2949=EDGE_CURVE('',#2255,#2248,#1342,.T.);
#2950=EDGE_CURVE('',#2265,#2247,#1343,.T.);
#2951=EDGE_CURVE('',#2266,#2265,#323,.T.);
#2952=EDGE_CURVE('',#2266,#2246,#1344,.T.);
#2953=EDGE_CURVE('',#2267,#2250,#1345,.T.);
#2954=EDGE_CURVE('',#1867,#2267,#324,.T.);
#2955=EDGE_CURVE('',#2265,#1866,#325,.T.);
#2956=EDGE_CURVE('',#2268,#2264,#1346,.T.);
#2957=EDGE_CURVE('',#2267,#2268,#326,.T.);
#2958=EDGE_CURVE('',#2269,#2263,#1347,.T.);
#2959=EDGE_CURVE('',#2270,#2269,#327,.T.);
#2960=EDGE_CURVE('',#2271,#2270,#328,.T.);
#2961=EDGE_CURVE('',#2268,#2271,#329,.T.);
#2962=EDGE_CURVE('',#2272,#2253,#1348,.T.);
#2963=EDGE_CURVE('',#2269,#2272,#330,.T.);
#2964=EDGE_CURVE('',#2273,#2251,#1349,.T.);
#2965=EDGE_CURVE('',#2274,#2273,#331,.T.);
#2966=EDGE_CURVE('',#2275,#2274,#1350,.T.);
#2967=EDGE_CURVE('',#2140,#2275,#332,.T.);
#2968=EDGE_CURVE('',#2272,#2139,#333,.T.);
#2969=EDGE_CURVE('',#2276,#2259,#1351,.T.);
#2970=EDGE_CURVE('',#2275,#2276,#334,.T.);
#2971=EDGE_CURVE('',#2277,#2274,#335,.T.);
#2972=EDGE_CURVE('',#2278,#2277,#336,.T.);
#2973=EDGE_CURVE('',#2279,#2278,#337,.T.);
#2974=EDGE_CURVE('',#2280,#2279,#338,.T.);
#2975=EDGE_CURVE('',#2273,#2280,#339,.T.);
#2976=EDGE_CURVE('',#2271,#2270,#1352,.T.);
#2977=EDGE_CURVE('',#1881,#2281,#340,.T.);
#2978=EDGE_CURVE('',#2281,#2282,#341,.T.);
#2979=EDGE_CURVE('',#2282,#2283,#342,.T.);
#2980=EDGE_CURVE('',#2283,#2284,#1353,.T.);
#2981=EDGE_CURVE('',#2284,#2266,#343,.T.);
#2982=EDGE_CURVE('',#2283,#2284,#344,.T.);
#2983=EDGE_CURVE('',#2282,#2243,#1354,.T.);
#2984=EDGE_CURVE('',#2281,#2242,#1355,.T.);
#2985=EDGE_CURVE('',#2147,#2285,#345,.T.);
#2986=EDGE_CURVE('',#2285,#2286,#346,.T.);
#2987=EDGE_CURVE('',#2286,#2287,#347,.T.);
#2988=EDGE_CURVE('',#2287,#2288,#1356,.T.);
#2989=EDGE_CURVE('',#2288,#2289,#348,.T.);
#2990=EDGE_CURVE('',#2289,#2290,#349,.T.);
#2991=EDGE_CURVE('',#2290,#1880,#350,.T.);
#2992=EDGE_CURVE('',#2286,#2234,#1357,.T.);
#2993=EDGE_CURVE('',#2285,#2261,#1358,.T.);
#2994=EDGE_CURVE('',#2291,#2146,#351,.T.);
#2995=EDGE_CURVE('',#2291,#2292,#1359,.T.);
#2996=EDGE_CURVE('',#2293,#2292,#352,.T.);
#2997=EDGE_CURVE('',#2293,#2262,#1360,.T.);
#2998=EDGE_CURVE('',#2276,#2294,#353,.T.);
#2999=EDGE_CURVE('',#2294,#2295,#1361,.T.);
#3000=EDGE_CURVE('',#2295,#2296,#354,.T.);
#3001=EDGE_CURVE('',#2296,#2291,#355,.T.);
#3002=EDGE_CURVE('',#2296,#2257,#1362,.T.);
#3003=EDGE_CURVE('',#2294,#2295,#356,.T.);
#3004=EDGE_CURVE('',#2297,#2298,#357,.T.);
#3005=EDGE_CURVE('',#2298,#2299,#358,.T.);
#3006=EDGE_CURVE('',#2299,#2300,#359,.T.);
#3007=EDGE_CURVE('',#2300,#2293,#360,.T.);
#3008=EDGE_CURVE('',#2292,#2301,#361,.T.);
#3009=EDGE_CURVE('',#2297,#2301,#362,.T.);
#3010=EDGE_CURVE('',#2302,#2303,#363,.T.);
#3011=EDGE_CURVE('',#2300,#2303,#364,.T.);
#3012=EDGE_CURVE('',#2299,#2297,#365,.T.);
#3013=EDGE_CURVE('',#2301,#2302,#366,.T.);
#3014=EDGE_CURVE('',#2304,#2304,#201,.T.);
#3015=EDGE_CURVE('',#2304,#2298,#1363,.T.);
#3016=EDGE_CURVE('',#2277,#2305,#367,.T.);
#3017=EDGE_CURVE('',#2305,#2306,#368,.T.);
#3018=EDGE_CURVE('',#2306,#2280,#369,.T.);
#3019=EDGE_CURVE('',#2306,#2305,#370,.T.);
#3020=EDGE_CURVE('',#2307,#2306,#1364,.T.);
#3021=EDGE_CURVE('',#2307,#2307,#202,.T.);
#3022=EDGE_CURVE('',#2290,#2239,#1365,.T.);
#3023=EDGE_CURVE('',#2289,#2238,#1366,.T.);
#3024=EDGE_CURVE('',#2287,#2288,#371,.T.);
#3025=ORIENTED_EDGE('',*,*,#2308,.F.);
#3026=ORIENTED_EDGE('',*,*,#2309,.T.);
#3027=ORIENTED_EDGE('',*,*,#2310,.T.);
#3028=ORIENTED_EDGE('',*,*,#2311,.T.);
#3029=ORIENTED_EDGE('',*,*,#2312,.F.);
#3030=ORIENTED_EDGE('',*,*,#2313,.T.);
#3031=ORIENTED_EDGE('',*,*,#2311,.F.);
#3032=ORIENTED_EDGE('',*,*,#2314,.T.);
#3033=ORIENTED_EDGE('',*,*,#2315,.F.);
#3034=ORIENTED_EDGE('',*,*,#2316,.F.);
#3035=ORIENTED_EDGE('',*,*,#2317,.F.);
#3036=ORIENTED_EDGE('',*,*,#2318,.F.);
#3037=ORIENTED_EDGE('',*,*,#2319,.F.);
#3038=ORIENTED_EDGE('',*,*,#2320,.F.);
#3039=ORIENTED_EDGE('',*,*,#2321,.F.);
#3040=ORIENTED_EDGE('',*,*,#2322,.F.);
#3041=ORIENTED_EDGE('',*,*,#2323,.F.);
#3042=ORIENTED_EDGE('',*,*,#2324,.F.);
#3043=ORIENTED_EDGE('',*,*,#2325,.F.);
#3044=ORIENTED_EDGE('',*,*,#2326,.T.);
#3045=ORIENTED_EDGE('',*,*,#2327,.F.);
#3046=ORIENTED_EDGE('',*,*,#2328,.F.);
#3047=ORIENTED_EDGE('',*,*,#2329,.F.);
#3048=ORIENTED_EDGE('',*,*,#2330,.F.);
#3049=ORIENTED_EDGE('',*,*,#2330,.T.);
#3050=ORIENTED_EDGE('',*,*,#2331,.F.);
#3051=ORIENTED_EDGE('',*,*,#2332,.T.);
#3052=ORIENTED_EDGE('',*,*,#2333,.F.);
#3053=ORIENTED_EDGE('',*,*,#2334,.T.);
#3054=ORIENTED_EDGE('',*,*,#2335,.F.);
#3055=ORIENTED_EDGE('',*,*,#2336,.T.);
#3056=ORIENTED_EDGE('',*,*,#2337,.F.);
#3057=ORIENTED_EDGE('',*,*,#2312,.T.);
#3058=ORIENTED_EDGE('',*,*,#2338,.T.);
#3059=ORIENTED_EDGE('',*,*,#2339,.F.);
#3060=ORIENTED_EDGE('',*,*,#2340,.T.);
#3061=ORIENTED_EDGE('',*,*,#2341,.T.);
#3062=ORIENTED_EDGE('',*,*,#2342,.T.);
#3063=ORIENTED_EDGE('',*,*,#2343,.T.);
#3064=ORIENTED_EDGE('',*,*,#2342,.F.);
#3065=ORIENTED_EDGE('',*,*,#2344,.F.);
#3066=ORIENTED_EDGE('',*,*,#2345,.F.);
#3067=ORIENTED_EDGE('',*,*,#2346,.T.);
#3068=ORIENTED_EDGE('',*,*,#2347,.F.);
#3069=ORIENTED_EDGE('',*,*,#2348,.T.);
#3070=ORIENTED_EDGE('',*,*,#2349,.F.);
#3071=ORIENTED_EDGE('',*,*,#2328,.T.);
#3072=ORIENTED_EDGE('',*,*,#2350,.F.);
#3073=ORIENTED_EDGE('',*,*,#2351,.F.);
#3074=ORIENTED_EDGE('',*,*,#2352,.F.);
#3075=ORIENTED_EDGE('',*,*,#2353,.F.);
#3076=ORIENTED_EDGE('',*,*,#2354,.F.);
#3077=ORIENTED_EDGE('',*,*,#2355,.F.);
#3078=ORIENTED_EDGE('',*,*,#2356,.F.);
#3079=ORIENTED_EDGE('',*,*,#2357,.T.);
#3080=ORIENTED_EDGE('',*,*,#2358,.T.);
#3081=ORIENTED_EDGE('',*,*,#2359,.T.);
#3082=ORIENTED_EDGE('',*,*,#2360,.F.);
#3083=ORIENTED_EDGE('',*,*,#2361,.T.);
#3084=ORIENTED_EDGE('',*,*,#2362,.F.);
#3085=ORIENTED_EDGE('',*,*,#2363,.F.);
#3086=ORIENTED_EDGE('',*,*,#2359,.F.);
#3087=ORIENTED_EDGE('',*,*,#2364,.F.);
#3088=ORIENTED_EDGE('',*,*,#2365,.F.);
#3089=ORIENTED_EDGE('',*,*,#2366,.T.);
#3090=ORIENTED_EDGE('',*,*,#2367,.T.);
#3091=ORIENTED_EDGE('',*,*,#2368,.T.);
#3092=ORIENTED_EDGE('',*,*,#2369,.T.);
#3093=ORIENTED_EDGE('',*,*,#2370,.T.);
#3094=ORIENTED_EDGE('',*,*,#2371,.T.);
#3095=ORIENTED_EDGE('',*,*,#2372,.F.);
#3096=ORIENTED_EDGE('',*,*,#2373,.F.);
#3097=ORIENTED_EDGE('',*,*,#2374,.F.);
#3098=ORIENTED_EDGE('',*,*,#2375,.F.);
#3099=ORIENTED_EDGE('',*,*,#2376,.F.);
#3100=ORIENTED_EDGE('',*,*,#2377,.F.);
#3101=ORIENTED_EDGE('',*,*,#2378,.F.);
#3102=ORIENTED_EDGE('',*,*,#2379,.T.);
#3103=ORIENTED_EDGE('',*,*,#2380,.F.);
#3104=ORIENTED_EDGE('',*,*,#2344,.T.);
#3105=ORIENTED_EDGE('',*,*,#2341,.F.);
#3106=ORIENTED_EDGE('',*,*,#2381,.F.);
#3107=ORIENTED_EDGE('',*,*,#2382,.F.);
#3108=ORIENTED_EDGE('',*,*,#2383,.F.);
#3109=ORIENTED_EDGE('',*,*,#2384,.F.);
#3110=ORIENTED_EDGE('',*,*,#2385,.F.);
#3111=ORIENTED_EDGE('',*,*,#2386,.T.);
#3112=ORIENTED_EDGE('',*,*,#2336,.F.);
#3113=ORIENTED_EDGE('',*,*,#2387,.F.);
#3114=ORIENTED_EDGE('',*,*,#2388,.F.);
#3115=ORIENTED_EDGE('',*,*,#2389,.F.);
#3116=ORIENTED_EDGE('',*,*,#2390,.F.);
#3117=ORIENTED_EDGE('',*,*,#2350,.T.);
#3118=ORIENTED_EDGE('',*,*,#2391,.T.);
#3119=ORIENTED_EDGE('',*,*,#2392,.T.);
#3120=ORIENTED_EDGE('',*,*,#2360,.T.);
#3121=ORIENTED_EDGE('',*,*,#2363,.T.);
#3122=ORIENTED_EDGE('',*,*,#2393,.T.);
#3123=ORIENTED_EDGE('',*,*,#2394,.T.);
#3124=ORIENTED_EDGE('',*,*,#2395,.T.);
#3125=ORIENTED_EDGE('',*,*,#2354,.T.);
#3126=ORIENTED_EDGE('',*,*,#2396,.T.);
#3127=ORIENTED_EDGE('',*,*,#2397,.T.);
#3128=ORIENTED_EDGE('',*,*,#2398,.T.);
#3129=ORIENTED_EDGE('',*,*,#2399,.T.);
#3130=ORIENTED_EDGE('',*,*,#2400,.T.);
#3131=ORIENTED_EDGE('',*,*,#2401,.T.);
#3132=ORIENTED_EDGE('',*,*,#2402,.T.);
#3133=ORIENTED_EDGE('',*,*,#2403,.T.);
#3134=ORIENTED_EDGE('',*,*,#2404,.T.);
#3135=ORIENTED_EDGE('',*,*,#2405,.T.);
#3136=ORIENTED_EDGE('',*,*,#2406,.T.);
#3137=ORIENTED_EDGE('',*,*,#2407,.T.);
#3138=ORIENTED_EDGE('',*,*,#2393,.F.);
#3139=ORIENTED_EDGE('',*,*,#2362,.T.);
#3140=ORIENTED_EDGE('',*,*,#2408,.F.);
#3141=ORIENTED_EDGE('',*,*,#2409,.F.);
#3142=ORIENTED_EDGE('',*,*,#2410,.F.);
#3143=ORIENTED_EDGE('',*,*,#2411,.F.);
#3144=ORIENTED_EDGE('',*,*,#2412,.F.);
#3145=ORIENTED_EDGE('',*,*,#2413,.F.);
#3146=ORIENTED_EDGE('',*,*,#2414,.F.);
#3147=ORIENTED_EDGE('',*,*,#2379,.F.);
#3148=ORIENTED_EDGE('',*,*,#2415,.T.);
#3149=ORIENTED_EDGE('',*,*,#2416,.F.);
#3150=ORIENTED_EDGE('',*,*,#2417,.F.);
#3151=ORIENTED_EDGE('',*,*,#2418,.T.);
#3152=ORIENTED_EDGE('',*,*,#2419,.F.);
#3153=ORIENTED_EDGE('',*,*,#2420,.T.);
#3154=ORIENTED_EDGE('',*,*,#2421,.F.);
#3155=ORIENTED_EDGE('',*,*,#2422,.T.);
#3156=ORIENTED_EDGE('',*,*,#2423,.F.);
#3157=ORIENTED_EDGE('',*,*,#2424,.F.);
#3158=ORIENTED_EDGE('',*,*,#2425,.T.);
#3159=ORIENTED_EDGE('',*,*,#2365,.T.);
#3160=ORIENTED_EDGE('',*,*,#2425,.F.);
#3161=ORIENTED_EDGE('',*,*,#2426,.F.);
#3162=ORIENTED_EDGE('',*,*,#2427,.F.);
#3163=ORIENTED_EDGE('',*,*,#2428,.F.);
#3164=ORIENTED_EDGE('',*,*,#2429,.F.);
#3165=ORIENTED_EDGE('',*,*,#2366,.F.);
#3166=ORIENTED_EDGE('',*,*,#2415,.F.);
#3167=ORIENTED_EDGE('',*,*,#2378,.T.);
#3168=ORIENTED_EDGE('',*,*,#2430,.T.);
#3169=ORIENTED_EDGE('',*,*,#2431,.F.);
#3170=ORIENTED_EDGE('',*,*,#2432,.F.);
#3171=ORIENTED_EDGE('',*,*,#2433,.T.);
#3172=ORIENTED_EDGE('',*,*,#2434,.T.);
#3173=ORIENTED_EDGE('',*,*,#2435,.T.);
#3174=ORIENTED_EDGE('',*,*,#2436,.T.);
#3175=ORIENTED_EDGE('',*,*,#2437,.T.);
#3176=ORIENTED_EDGE('',*,*,#2317,.T.);
#3177=ORIENTED_EDGE('',*,*,#2438,.T.);
#3178=ORIENTED_EDGE('',*,*,#2439,.F.);
#3179=ORIENTED_EDGE('',*,*,#2440,.T.);
#3180=ORIENTED_EDGE('',*,*,#2441,.F.);
#3181=ORIENTED_EDGE('',*,*,#2436,.F.);
#3182=ORIENTED_EDGE('',*,*,#2442,.T.);
#3183=ORIENTED_EDGE('',*,*,#2439,.T.);
#3184=ORIENTED_EDGE('',*,*,#2443,.T.);
#3185=ORIENTED_EDGE('',*,*,#2434,.F.);
#3186=ORIENTED_EDGE('',*,*,#2442,.F.);
#3187=ORIENTED_EDGE('',*,*,#2435,.F.);
#3188=ORIENTED_EDGE('',*,*,#2444,.T.);
#3189=ORIENTED_EDGE('',*,*,#2445,.F.);
#3190=ORIENTED_EDGE('',*,*,#2446,.F.);
#3191=ORIENTED_EDGE('',*,*,#2447,.F.);
#3192=ORIENTED_EDGE('',*,*,#2448,.F.);
#3193=ORIENTED_EDGE('',*,*,#2449,.F.);
#3194=ORIENTED_EDGE('',*,*,#2450,.F.);
#3195=ORIENTED_EDGE('',*,*,#2451,.F.);
#3196=ORIENTED_EDGE('',*,*,#2452,.F.);
#3197=ORIENTED_EDGE('',*,*,#2453,.F.);
#3198=ORIENTED_EDGE('',*,*,#2444,.F.);
#3199=ORIENTED_EDGE('',*,*,#2454,.T.);
#3200=ORIENTED_EDGE('',*,*,#2455,.T.);
#3201=ORIENTED_EDGE('',*,*,#2456,.T.);
#3202=ORIENTED_EDGE('',*,*,#2323,.T.);
#3203=ORIENTED_EDGE('',*,*,#2457,.T.);
#3204=ORIENTED_EDGE('',*,*,#2458,.F.);
#3205=ORIENTED_EDGE('',*,*,#2459,.T.);
#3206=ORIENTED_EDGE('',*,*,#2460,.F.);
#3207=ORIENTED_EDGE('',*,*,#2455,.F.);
#3208=ORIENTED_EDGE('',*,*,#2461,.T.);
#3209=ORIENTED_EDGE('',*,*,#2462,.T.);
#3210=ORIENTED_EDGE('',*,*,#2458,.T.);
#3211=ORIENTED_EDGE('',*,*,#2463,.T.);
#3212=ORIENTED_EDGE('',*,*,#2454,.F.);
#3213=ORIENTED_EDGE('',*,*,#2462,.F.);
#3214=ORIENTED_EDGE('',*,*,#2464,.T.);
#3215=ORIENTED_EDGE('',*,*,#2465,.F.);
#3216=ORIENTED_EDGE('',*,*,#2466,.F.);
#3217=ORIENTED_EDGE('',*,*,#2467,.F.);
#3218=ORIENTED_EDGE('',*,*,#2468,.F.);
#3219=ORIENTED_EDGE('',*,*,#2469,.F.);
#3220=ORIENTED_EDGE('',*,*,#2470,.F.);
#3221=ORIENTED_EDGE('',*,*,#2471,.F.);
#3222=ORIENTED_EDGE('',*,*,#2472,.F.);
#3223=ORIENTED_EDGE('',*,*,#2473,.F.);
#3224=ORIENTED_EDGE('',*,*,#2464,.F.);
#3225=ORIENTED_EDGE('',*,*,#2461,.F.);
#3226=ORIENTED_EDGE('',*,*,#2474,.T.);
#3227=ORIENTED_EDGE('',*,*,#2451,.T.);
#3228=ORIENTED_EDGE('',*,*,#2475,.T.);
#3229=ORIENTED_EDGE('',*,*,#2476,.T.);
#3230=ORIENTED_EDGE('',*,*,#2477,.T.);
#3231=ORIENTED_EDGE('',*,*,#2449,.T.);
#3232=ORIENTED_EDGE('',*,*,#2478,.T.);
#3233=ORIENTED_EDGE('',*,*,#2479,.T.);
#3234=ORIENTED_EDGE('',*,*,#2477,.F.);
#3235=ORIENTED_EDGE('',*,*,#2480,.T.);
#3236=ORIENTED_EDGE('',*,*,#2475,.F.);
#3237=ORIENTED_EDGE('',*,*,#2450,.T.);
#3238=ORIENTED_EDGE('',*,*,#2481,.T.);
#3239=ORIENTED_EDGE('',*,*,#2482,.T.);
#3240=ORIENTED_EDGE('',*,*,#2483,.T.);
#3241=ORIENTED_EDGE('',*,*,#2447,.T.);
#3242=ORIENTED_EDGE('',*,*,#2483,.F.);
#3243=ORIENTED_EDGE('',*,*,#2484,.T.);
#3244=ORIENTED_EDGE('',*,*,#2478,.F.);
#3245=ORIENTED_EDGE('',*,*,#2448,.T.);
#3246=ORIENTED_EDGE('',*,*,#2485,.T.);
#3247=ORIENTED_EDGE('',*,*,#2445,.T.);
#3248=ORIENTED_EDGE('',*,*,#2453,.T.);
#3249=ORIENTED_EDGE('',*,*,#2486,.T.);
#3250=ORIENTED_EDGE('',*,*,#2487,.T.);
#3251=ORIENTED_EDGE('',*,*,#2485,.F.);
#3252=ORIENTED_EDGE('',*,*,#2488,.T.);
#3253=ORIENTED_EDGE('',*,*,#2481,.F.);
#3254=ORIENTED_EDGE('',*,*,#2446,.T.);
#3255=ORIENTED_EDGE('',*,*,#2474,.F.);
#3256=ORIENTED_EDGE('',*,*,#2489,.T.);
#3257=ORIENTED_EDGE('',*,*,#2486,.F.);
#3258=ORIENTED_EDGE('',*,*,#2452,.T.);
#3259=ORIENTED_EDGE('',*,*,#2484,.F.);
#3260=ORIENTED_EDGE('',*,*,#2482,.F.);
#3261=ORIENTED_EDGE('',*,*,#2490,.T.);
#3262=ORIENTED_EDGE('',*,*,#2491,.F.);
#3263=ORIENTED_EDGE('',*,*,#2492,.T.);
#3264=ORIENTED_EDGE('',*,*,#2488,.F.);
#3265=ORIENTED_EDGE('',*,*,#2487,.F.);
#3266=ORIENTED_EDGE('',*,*,#2489,.F.);
#3267=ORIENTED_EDGE('',*,*,#2493,.F.);
#3268=ORIENTED_EDGE('',*,*,#2494,.F.);
#3269=ORIENTED_EDGE('',*,*,#2495,.F.);
#3270=ORIENTED_EDGE('',*,*,#2496,.F.);
#3271=ORIENTED_EDGE('',*,*,#2497,.T.);
#3272=ORIENTED_EDGE('',*,*,#2498,.F.);
#3273=ORIENTED_EDGE('',*,*,#2499,.F.);
#3274=ORIENTED_EDGE('',*,*,#2500,.F.);
#3275=ORIENTED_EDGE('',*,*,#2490,.F.);
#3276=ORIENTED_EDGE('',*,*,#2501,.T.);
#3277=ORIENTED_EDGE('',*,*,#2467,.T.);
#3278=ORIENTED_EDGE('',*,*,#2502,.T.);
#3279=ORIENTED_EDGE('',*,*,#2503,.T.);
#3280=ORIENTED_EDGE('',*,*,#2504,.T.);
#3281=ORIENTED_EDGE('',*,*,#2465,.T.);
#3282=ORIENTED_EDGE('',*,*,#2473,.T.);
#3283=ORIENTED_EDGE('',*,*,#2505,.T.);
#3284=ORIENTED_EDGE('',*,*,#2506,.T.);
#3285=ORIENTED_EDGE('',*,*,#2504,.F.);
#3286=ORIENTED_EDGE('',*,*,#2507,.T.);
#3287=ORIENTED_EDGE('',*,*,#2502,.F.);
#3288=ORIENTED_EDGE('',*,*,#2466,.T.);
#3289=ORIENTED_EDGE('',*,*,#2508,.T.);
#3290=ORIENTED_EDGE('',*,*,#2509,.T.);
#3291=ORIENTED_EDGE('',*,*,#2510,.T.);
#3292=ORIENTED_EDGE('',*,*,#2471,.T.);
#3293=ORIENTED_EDGE('',*,*,#2510,.F.);
#3294=ORIENTED_EDGE('',*,*,#2511,.T.);
#3295=ORIENTED_EDGE('',*,*,#2505,.F.);
#3296=ORIENTED_EDGE('',*,*,#2472,.T.);
#3297=ORIENTED_EDGE('',*,*,#2512,.T.);
#3298=ORIENTED_EDGE('',*,*,#2469,.T.);
#3299=ORIENTED_EDGE('',*,*,#2513,.T.);
#3300=ORIENTED_EDGE('',*,*,#2514,.T.);
#3301=ORIENTED_EDGE('',*,*,#2512,.F.);
#3302=ORIENTED_EDGE('',*,*,#2515,.T.);
#3303=ORIENTED_EDGE('',*,*,#2508,.F.);
#3304=ORIENTED_EDGE('',*,*,#2470,.T.);
#3305=ORIENTED_EDGE('',*,*,#2501,.F.);
#3306=ORIENTED_EDGE('',*,*,#2516,.T.);
#3307=ORIENTED_EDGE('',*,*,#2513,.F.);
#3308=ORIENTED_EDGE('',*,*,#2468,.T.);
#3309=ORIENTED_EDGE('',*,*,#2511,.F.);
#3310=ORIENTED_EDGE('',*,*,#2509,.F.);
#3311=ORIENTED_EDGE('',*,*,#2517,.F.);
#3312=ORIENTED_EDGE('',*,*,#2518,.F.);
#3313=ORIENTED_EDGE('',*,*,#2519,.F.);
#3314=ORIENTED_EDGE('',*,*,#2515,.F.);
#3315=ORIENTED_EDGE('',*,*,#2514,.F.);
#3316=ORIENTED_EDGE('',*,*,#2516,.F.);
#3317=ORIENTED_EDGE('',*,*,#2520,.T.);
#3318=ORIENTED_EDGE('',*,*,#2521,.F.);
#3319=ORIENTED_EDGE('',*,*,#2522,.F.);
#3320=ORIENTED_EDGE('',*,*,#2523,.F.);
#3321=ORIENTED_EDGE('',*,*,#2524,.F.);
#3322=ORIENTED_EDGE('',*,*,#2525,.F.);
#3323=ORIENTED_EDGE('',*,*,#2526,.F.);
#3324=ORIENTED_EDGE('',*,*,#2527,.F.);
#3325=ORIENTED_EDGE('',*,*,#2517,.T.);
#3326=ORIENTED_EDGE('',*,*,#2528,.T.);
#3327=ORIENTED_EDGE('',*,*,#2529,.T.);
#3328=ORIENTED_EDGE('',*,*,#2530,.T.);
#3329=ORIENTED_EDGE('',*,*,#2531,.T.);
#3330=ORIENTED_EDGE('',*,*,#2532,.T.);
#3331=ORIENTED_EDGE('',*,*,#2533,.T.);
#3332=ORIENTED_EDGE('',*,*,#2534,.T.);
#3333=ORIENTED_EDGE('',*,*,#2535,.T.);
#3334=ORIENTED_EDGE('',*,*,#2530,.F.);
#3335=ORIENTED_EDGE('',*,*,#2536,.T.);
#3336=ORIENTED_EDGE('',*,*,#2308,.T.);
#3337=ORIENTED_EDGE('',*,*,#2537,.T.);
#3338=ORIENTED_EDGE('',*,*,#2538,.T.);
#3339=ORIENTED_EDGE('',*,*,#2532,.F.);
#3340=ORIENTED_EDGE('',*,*,#2539,.T.);
#3341=ORIENTED_EDGE('',*,*,#2533,.F.);
#3342=ORIENTED_EDGE('',*,*,#2529,.F.);
#3343=ORIENTED_EDGE('',*,*,#2540,.T.);
#3344=ORIENTED_EDGE('',*,*,#2384,.T.);
#3345=ORIENTED_EDGE('',*,*,#2541,.F.);
#3346=ORIENTED_EDGE('',*,*,#2542,.F.);
#3347=ORIENTED_EDGE('',*,*,#2528,.F.);
#3348=ORIENTED_EDGE('',*,*,#2538,.F.);
#3349=ORIENTED_EDGE('',*,*,#2543,.F.);
#3350=ORIENTED_EDGE('',*,*,#2385,.T.);
#3351=ORIENTED_EDGE('',*,*,#2540,.F.);
#3352=ORIENTED_EDGE('',*,*,#2337,.T.);
#3353=ORIENTED_EDGE('',*,*,#2386,.F.);
#3354=ORIENTED_EDGE('',*,*,#2543,.T.);
#3355=ORIENTED_EDGE('',*,*,#2537,.F.);
#3356=ORIENTED_EDGE('',*,*,#2313,.F.);
#3357=ORIENTED_EDGE('',*,*,#2544,.T.);
#3358=ORIENTED_EDGE('',*,*,#2545,.T.);
#3359=ORIENTED_EDGE('',*,*,#2546,.T.);
#3360=ORIENTED_EDGE('',*,*,#2547,.T.);
#3361=ORIENTED_EDGE('',*,*,#2339,.T.);
#3362=ORIENTED_EDGE('',*,*,#2548,.T.);
#3363=ORIENTED_EDGE('',*,*,#2549,.T.);
#3364=ORIENTED_EDGE('',*,*,#2550,.T.);
#3365=ORIENTED_EDGE('',*,*,#2551,.T.);
#3366=ORIENTED_EDGE('',*,*,#2552,.T.);
#3367=ORIENTED_EDGE('',*,*,#2550,.F.);
#3368=ORIENTED_EDGE('',*,*,#2553,.T.);
#3369=ORIENTED_EDGE('',*,*,#2547,.F.);
#3370=ORIENTED_EDGE('',*,*,#2554,.T.);
#3371=ORIENTED_EDGE('',*,*,#2554,.F.);
#3372=ORIENTED_EDGE('',*,*,#2546,.F.);
#3373=ORIENTED_EDGE('',*,*,#2555,.F.);
#3374=ORIENTED_EDGE('',*,*,#2556,.F.);
#3375=ORIENTED_EDGE('',*,*,#2557,.T.);
#3376=ORIENTED_EDGE('',*,*,#2382,.T.);
#3377=ORIENTED_EDGE('',*,*,#2558,.F.);
#3378=ORIENTED_EDGE('',*,*,#2544,.F.);
#3379=ORIENTED_EDGE('',*,*,#2553,.F.);
#3380=ORIENTED_EDGE('',*,*,#2549,.F.);
#3381=ORIENTED_EDGE('',*,*,#2559,.F.);
#3382=ORIENTED_EDGE('',*,*,#2560,.T.);
#3383=ORIENTED_EDGE('',*,*,#2561,.T.);
#3384=ORIENTED_EDGE('',*,*,#2562,.T.);
#3385=ORIENTED_EDGE('',*,*,#2563,.T.);
#3386=ORIENTED_EDGE('',*,*,#2564,.F.);
#3387=ORIENTED_EDGE('',*,*,#2565,.T.);
#3388=ORIENTED_EDGE('',*,*,#2428,.T.);
#3389=ORIENTED_EDGE('',*,*,#2566,.T.);
#3390=ORIENTED_EDGE('',*,*,#2567,.T.);
#3391=ORIENTED_EDGE('',*,*,#2568,.T.);
#3392=ORIENTED_EDGE('',*,*,#2569,.T.);
#3393=ORIENTED_EDGE('',*,*,#2570,.T.);
#3394=ORIENTED_EDGE('',*,*,#2567,.F.);
#3395=ORIENTED_EDGE('',*,*,#2571,.T.);
#3396=ORIENTED_EDGE('',*,*,#2572,.T.);
#3397=ORIENTED_EDGE('',*,*,#2573,.T.);
#3398=ORIENTED_EDGE('',*,*,#2569,.F.);
#3399=ORIENTED_EDGE('',*,*,#2574,.T.);
#3400=ORIENTED_EDGE('',*,*,#2575,.T.);
#3401=ORIENTED_EDGE('',*,*,#2576,.T.);
#3402=ORIENTED_EDGE('',*,*,#2572,.F.);
#3403=ORIENTED_EDGE('',*,*,#2577,.T.);
#3404=ORIENTED_EDGE('',*,*,#2578,.T.);
#3405=ORIENTED_EDGE('',*,*,#2579,.T.);
#3406=ORIENTED_EDGE('',*,*,#2575,.F.);
#3407=ORIENTED_EDGE('',*,*,#2580,.T.);
#3408=ORIENTED_EDGE('',*,*,#2581,.T.);
#3409=ORIENTED_EDGE('',*,*,#2582,.T.);
#3410=ORIENTED_EDGE('',*,*,#2578,.F.);
#3411=ORIENTED_EDGE('',*,*,#2583,.T.);
#3412=ORIENTED_EDGE('',*,*,#2584,.T.);
#3413=ORIENTED_EDGE('',*,*,#2585,.T.);
#3414=ORIENTED_EDGE('',*,*,#2581,.F.);
#3415=ORIENTED_EDGE('',*,*,#2586,.T.);
#3416=ORIENTED_EDGE('',*,*,#2587,.T.);
#3417=ORIENTED_EDGE('',*,*,#2588,.T.);
#3418=ORIENTED_EDGE('',*,*,#2584,.F.);
#3419=ORIENTED_EDGE('',*,*,#2587,.F.);
#3420=ORIENTED_EDGE('',*,*,#2589,.F.);
#3421=ORIENTED_EDGE('',*,*,#2590,.F.);
#3422=ORIENTED_EDGE('',*,*,#2591,.F.);
#3423=ORIENTED_EDGE('',*,*,#2375,.T.);
#3424=ORIENTED_EDGE('',*,*,#2592,.T.);
#3425=ORIENTED_EDGE('',*,*,#2586,.F.);
#3426=ORIENTED_EDGE('',*,*,#2583,.F.);
#3427=ORIENTED_EDGE('',*,*,#2580,.F.);
#3428=ORIENTED_EDGE('',*,*,#2577,.F.);
#3429=ORIENTED_EDGE('',*,*,#2574,.F.);
#3430=ORIENTED_EDGE('',*,*,#2571,.F.);
#3431=ORIENTED_EDGE('',*,*,#2568,.F.);
#3432=ORIENTED_EDGE('',*,*,#2566,.F.);
#3433=ORIENTED_EDGE('',*,*,#2427,.T.);
#3434=ORIENTED_EDGE('',*,*,#2593,.F.);
#3435=ORIENTED_EDGE('',*,*,#2432,.T.);
#3436=ORIENTED_EDGE('',*,*,#2594,.F.);
#3437=ORIENTED_EDGE('',*,*,#2595,.F.);
#3438=ORIENTED_EDGE('',*,*,#2589,.T.);
#3439=ORIENTED_EDGE('',*,*,#2596,.F.);
#3440=ORIENTED_EDGE('',*,*,#2597,.F.);
#3441=ORIENTED_EDGE('',*,*,#2598,.T.);
#3442=ORIENTED_EDGE('',*,*,#2590,.T.);
#3443=ORIENTED_EDGE('',*,*,#2595,.T.);
#3444=ORIENTED_EDGE('',*,*,#2599,.T.);
#3445=ORIENTED_EDGE('',*,*,#2594,.T.);
#3446=ORIENTED_EDGE('',*,*,#2431,.T.);
#3447=ORIENTED_EDGE('',*,*,#2600,.T.);
#3448=ORIENTED_EDGE('',*,*,#2599,.F.);
#3449=ORIENTED_EDGE('',*,*,#2598,.F.);
#3450=ORIENTED_EDGE('',*,*,#2601,.F.);
#3451=ORIENTED_EDGE('',*,*,#2376,.T.);
#3452=ORIENTED_EDGE('',*,*,#2591,.T.);
#3453=ORIENTED_EDGE('',*,*,#2600,.F.);
#3454=ORIENTED_EDGE('',*,*,#2430,.F.);
#3455=ORIENTED_EDGE('',*,*,#2377,.T.);
#3456=ORIENTED_EDGE('',*,*,#2601,.T.);
#3457=ORIENTED_EDGE('',*,*,#2602,.T.);
#3458=ORIENTED_EDGE('',*,*,#2603,.T.);
#3459=ORIENTED_EDGE('',*,*,#2387,.T.);
#3460=ORIENTED_EDGE('',*,*,#2603,.F.);
#3461=ORIENTED_EDGE('',*,*,#2604,.F.);
#3462=ORIENTED_EDGE('',*,*,#2605,.T.);
#3463=ORIENTED_EDGE('',*,*,#2602,.F.);
#3464=ORIENTED_EDGE('',*,*,#2605,.F.);
#3465=ORIENTED_EDGE('',*,*,#2606,.T.);
#3466=ORIENTED_EDGE('',*,*,#2607,.T.);
#3467=ORIENTED_EDGE('',*,*,#2390,.T.);
#3468=ORIENTED_EDGE('',*,*,#2607,.F.);
#3469=ORIENTED_EDGE('',*,*,#2608,.F.);
#3470=ORIENTED_EDGE('',*,*,#2609,.T.);
#3471=ORIENTED_EDGE('',*,*,#2606,.F.);
#3472=ORIENTED_EDGE('',*,*,#2609,.F.);
#3473=ORIENTED_EDGE('',*,*,#2610,.T.);
#3474=ORIENTED_EDGE('',*,*,#2611,.T.);
#3475=ORIENTED_EDGE('',*,*,#2388,.T.);
#3476=ORIENTED_EDGE('',*,*,#2611,.F.);
#3477=ORIENTED_EDGE('',*,*,#2612,.F.);
#3478=ORIENTED_EDGE('',*,*,#2613,.T.);
#3479=ORIENTED_EDGE('',*,*,#2610,.F.);
#3480=ORIENTED_EDGE('',*,*,#2613,.F.);
#3481=ORIENTED_EDGE('',*,*,#2614,.T.);
#3482=ORIENTED_EDGE('',*,*,#2615,.T.);
#3483=ORIENTED_EDGE('',*,*,#2389,.T.);
#3484=ORIENTED_EDGE('',*,*,#2615,.F.);
#3485=ORIENTED_EDGE('',*,*,#2616,.F.);
#3486=ORIENTED_EDGE('',*,*,#2617,.T.);
#3487=ORIENTED_EDGE('',*,*,#2614,.F.);
#3488=ORIENTED_EDGE('',*,*,#2617,.F.);
#3489=ORIENTED_EDGE('',*,*,#2618,.T.);
#3490=ORIENTED_EDGE('',*,*,#2619,.T.);
#3491=ORIENTED_EDGE('',*,*,#2604,.T.);
#3492=ORIENTED_EDGE('',*,*,#2619,.F.);
#3493=ORIENTED_EDGE('',*,*,#2535,.F.);
#3494=ORIENTED_EDGE('',*,*,#2620,.T.);
#3495=ORIENTED_EDGE('',*,*,#2621,.T.);
#3496=ORIENTED_EDGE('',*,*,#2622,.T.);
#3497=ORIENTED_EDGE('',*,*,#2623,.T.);
#3498=ORIENTED_EDGE('',*,*,#2309,.F.);
#3499=ORIENTED_EDGE('',*,*,#2536,.F.);
#3500=ORIENTED_EDGE('',*,*,#2531,.F.);
#3501=ORIENTED_EDGE('',*,*,#2618,.F.);
#3502=ORIENTED_EDGE('',*,*,#2596,.T.);
#3503=ORIENTED_EDGE('',*,*,#2624,.T.);
#3504=ORIENTED_EDGE('',*,*,#2608,.T.);
#3505=ORIENTED_EDGE('',*,*,#2624,.F.);
#3506=ORIENTED_EDGE('',*,*,#2597,.T.);
#3507=ORIENTED_EDGE('',*,*,#2625,.T.);
#3508=ORIENTED_EDGE('',*,*,#2612,.T.);
#3509=ORIENTED_EDGE('',*,*,#2625,.F.);
#3510=ORIENTED_EDGE('',*,*,#2564,.T.);
#3511=ORIENTED_EDGE('',*,*,#2626,.T.);
#3512=ORIENTED_EDGE('',*,*,#2616,.T.);
#3513=ORIENTED_EDGE('',*,*,#2626,.F.);
#3514=ORIENTED_EDGE('',*,*,#2310,.F.);
#3515=ORIENTED_EDGE('',*,*,#2623,.F.);
#3516=ORIENTED_EDGE('',*,*,#2627,.T.);
#3517=ORIENTED_EDGE('',*,*,#2314,.F.);
#3518=ORIENTED_EDGE('',*,*,#2327,.T.);
#3519=ORIENTED_EDGE('',*,*,#2628,.T.);
#3520=ORIENTED_EDGE('',*,*,#2559,.T.);
#3521=ORIENTED_EDGE('',*,*,#2548,.F.);
#3522=ORIENTED_EDGE('',*,*,#2338,.F.);
#3523=ORIENTED_EDGE('',*,*,#2343,.F.);
#3524=ORIENTED_EDGE('',*,*,#2480,.F.);
#3525=ORIENTED_EDGE('',*,*,#2629,.T.);
#3526=ORIENTED_EDGE('',*,*,#2630,.F.);
#3527=ORIENTED_EDGE('',*,*,#2493,.T.);
#3528=ORIENTED_EDGE('',*,*,#2476,.F.);
#3529=ORIENTED_EDGE('',*,*,#2507,.F.);
#3530=ORIENTED_EDGE('',*,*,#2631,.F.);
#3531=ORIENTED_EDGE('',*,*,#2632,.F.);
#3532=ORIENTED_EDGE('',*,*,#2520,.F.);
#3533=ORIENTED_EDGE('',*,*,#2503,.F.);
#3534=ORIENTED_EDGE('',*,*,#2440,.F.);
#3535=ORIENTED_EDGE('',*,*,#2443,.F.);
#3536=ORIENTED_EDGE('',*,*,#2438,.F.);
#3537=ORIENTED_EDGE('',*,*,#2316,.T.);
#3538=ORIENTED_EDGE('',*,*,#2633,.F.);
#3539=ORIENTED_EDGE('',*,*,#2634,.T.);
#3540=ORIENTED_EDGE('',*,*,#2635,.T.);
#3541=ORIENTED_EDGE('',*,*,#2318,.T.);
#3542=ORIENTED_EDGE('',*,*,#2437,.F.);
#3543=ORIENTED_EDGE('',*,*,#2441,.T.);
#3544=ORIENTED_EDGE('',*,*,#2459,.F.);
#3545=ORIENTED_EDGE('',*,*,#2463,.F.);
#3546=ORIENTED_EDGE('',*,*,#2457,.F.);
#3547=ORIENTED_EDGE('',*,*,#2322,.T.);
#3548=ORIENTED_EDGE('',*,*,#2636,.F.);
#3549=ORIENTED_EDGE('',*,*,#2637,.T.);
#3550=ORIENTED_EDGE('',*,*,#2638,.T.);
#3551=ORIENTED_EDGE('',*,*,#2324,.T.);
#3552=ORIENTED_EDGE('',*,*,#2456,.F.);
#3553=ORIENTED_EDGE('',*,*,#2460,.T.);
#3554=ORIENTED_EDGE('',*,*,#2479,.F.);
#3555=ORIENTED_EDGE('',*,*,#2492,.F.);
#3556=ORIENTED_EDGE('',*,*,#2639,.F.);
#3557=ORIENTED_EDGE('',*,*,#2631,.T.);
#3558=ORIENTED_EDGE('',*,*,#2506,.F.);
#3559=ORIENTED_EDGE('',*,*,#2519,.T.);
#3560=ORIENTED_EDGE('',*,*,#2640,.T.);
#3561=ORIENTED_EDGE('',*,*,#2629,.F.);
#3562=ORIENTED_EDGE('',*,*,#2315,.T.);
#3563=ORIENTED_EDGE('',*,*,#2627,.F.);
#3564=ORIENTED_EDGE('',*,*,#2622,.F.);
#3565=ORIENTED_EDGE('',*,*,#2641,.T.);
#3566=ORIENTED_EDGE('',*,*,#2633,.T.);
#3567=ORIENTED_EDGE('',*,*,#2319,.T.);
#3568=ORIENTED_EDGE('',*,*,#2635,.F.);
#3569=ORIENTED_EDGE('',*,*,#2542,.T.);
#3570=ORIENTED_EDGE('',*,*,#2642,.T.);
#3571=ORIENTED_EDGE('',*,*,#2320,.T.);
#3572=ORIENTED_EDGE('',*,*,#2642,.F.);
#3573=ORIENTED_EDGE('',*,*,#2643,.T.);
#3574=ORIENTED_EDGE('',*,*,#2644,.T.);
#3575=ORIENTED_EDGE('',*,*,#2321,.T.);
#3576=ORIENTED_EDGE('',*,*,#2644,.F.);
#3577=ORIENTED_EDGE('',*,*,#2556,.T.);
#3578=ORIENTED_EDGE('',*,*,#2636,.T.);
#3579=ORIENTED_EDGE('',*,*,#2645,.T.);
#3580=ORIENTED_EDGE('',*,*,#2561,.F.);
#3581=ORIENTED_EDGE('',*,*,#2646,.F.);
#3582=ORIENTED_EDGE('',*,*,#2325,.T.);
#3583=ORIENTED_EDGE('',*,*,#2638,.F.);
#3584=ORIENTED_EDGE('',*,*,#2552,.F.);
#3585=ORIENTED_EDGE('',*,*,#2558,.T.);
#3586=ORIENTED_EDGE('',*,*,#2381,.T.);
#3587=ORIENTED_EDGE('',*,*,#2340,.F.);
#3588=ORIENTED_EDGE('',*,*,#2551,.F.);
#3589=ORIENTED_EDGE('',*,*,#2402,.F.);
#3590=ORIENTED_EDGE('',*,*,#2647,.F.);
#3591=ORIENTED_EDGE('',*,*,#2648,.T.);
#3592=ORIENTED_EDGE('',*,*,#2649,.T.);
#3593=ORIENTED_EDGE('',*,*,#2403,.F.);
#3594=ORIENTED_EDGE('',*,*,#2649,.F.);
#3595=ORIENTED_EDGE('',*,*,#2650,.T.);
#3596=ORIENTED_EDGE('',*,*,#2651,.T.);
#3597=ORIENTED_EDGE('',*,*,#2404,.F.);
#3598=ORIENTED_EDGE('',*,*,#2651,.F.);
#3599=ORIENTED_EDGE('',*,*,#2652,.T.);
#3600=ORIENTED_EDGE('',*,*,#2653,.T.);
#3601=ORIENTED_EDGE('',*,*,#2405,.F.);
#3602=ORIENTED_EDGE('',*,*,#2653,.F.);
#3603=ORIENTED_EDGE('',*,*,#2654,.T.);
#3604=ORIENTED_EDGE('',*,*,#2655,.T.);
#3605=ORIENTED_EDGE('',*,*,#2351,.T.);
#3606=ORIENTED_EDGE('',*,*,#2406,.F.);
#3607=ORIENTED_EDGE('',*,*,#2655,.F.);
#3608=ORIENTED_EDGE('',*,*,#2656,.T.);
#3609=ORIENTED_EDGE('',*,*,#2353,.T.);
#3610=ORIENTED_EDGE('',*,*,#2657,.T.);
#3611=ORIENTED_EDGE('',*,*,#2658,.T.);
#3612=ORIENTED_EDGE('',*,*,#2396,.F.);
#3613=ORIENTED_EDGE('',*,*,#2397,.F.);
#3614=ORIENTED_EDGE('',*,*,#2658,.F.);
#3615=ORIENTED_EDGE('',*,*,#2659,.T.);
#3616=ORIENTED_EDGE('',*,*,#2660,.T.);
#3617=ORIENTED_EDGE('',*,*,#2398,.F.);
#3618=ORIENTED_EDGE('',*,*,#2660,.F.);
#3619=ORIENTED_EDGE('',*,*,#2661,.T.);
#3620=ORIENTED_EDGE('',*,*,#2662,.T.);
#3621=ORIENTED_EDGE('',*,*,#2399,.F.);
#3622=ORIENTED_EDGE('',*,*,#2662,.F.);
#3623=ORIENTED_EDGE('',*,*,#2663,.T.);
#3624=ORIENTED_EDGE('',*,*,#2664,.T.);
#3625=ORIENTED_EDGE('',*,*,#2400,.F.);
#3626=ORIENTED_EDGE('',*,*,#2664,.F.);
#3627=ORIENTED_EDGE('',*,*,#2665,.T.);
#3628=ORIENTED_EDGE('',*,*,#2666,.T.);
#3629=ORIENTED_EDGE('',*,*,#2401,.F.);
#3630=ORIENTED_EDGE('',*,*,#2666,.F.);
#3631=ORIENTED_EDGE('',*,*,#2667,.T.);
#3632=ORIENTED_EDGE('',*,*,#2647,.T.);
#3633=ORIENTED_EDGE('',*,*,#2352,.T.);
#3634=ORIENTED_EDGE('',*,*,#2656,.F.);
#3635=ORIENTED_EDGE('',*,*,#2654,.F.);
#3636=ORIENTED_EDGE('',*,*,#2652,.F.);
#3637=ORIENTED_EDGE('',*,*,#2650,.F.);
#3638=ORIENTED_EDGE('',*,*,#2648,.F.);
#3639=ORIENTED_EDGE('',*,*,#2667,.F.);
#3640=ORIENTED_EDGE('',*,*,#2665,.F.);
#3641=ORIENTED_EDGE('',*,*,#2663,.F.);
#3642=ORIENTED_EDGE('',*,*,#2661,.F.);
#3643=ORIENTED_EDGE('',*,*,#2659,.F.);
#3644=ORIENTED_EDGE('',*,*,#2657,.F.);
#3645=ORIENTED_EDGE('',*,*,#2668,.F.);
#3646=ORIENTED_EDGE('',*,*,#2669,.F.);
#3647=ORIENTED_EDGE('',*,*,#2670,.F.);
#3648=ORIENTED_EDGE('',*,*,#2416,.T.);
#3649=ORIENTED_EDGE('',*,*,#2433,.F.);
#3650=ORIENTED_EDGE('',*,*,#2593,.T.);
#3651=ORIENTED_EDGE('',*,*,#2426,.T.);
#3652=ORIENTED_EDGE('',*,*,#2424,.T.);
#3653=ORIENTED_EDGE('',*,*,#2641,.F.);
#3654=ORIENTED_EDGE('',*,*,#2621,.F.);
#3655=ORIENTED_EDGE('',*,*,#2671,.F.);
#3656=ORIENTED_EDGE('',*,*,#2634,.F.);
#3657=ORIENTED_EDGE('',*,*,#2671,.T.);
#3658=ORIENTED_EDGE('',*,*,#2620,.F.);
#3659=ORIENTED_EDGE('',*,*,#2534,.F.);
#3660=ORIENTED_EDGE('',*,*,#2539,.F.);
#3661=ORIENTED_EDGE('',*,*,#2643,.F.);
#3662=ORIENTED_EDGE('',*,*,#2541,.T.);
#3663=ORIENTED_EDGE('',*,*,#2383,.T.);
#3664=ORIENTED_EDGE('',*,*,#2557,.F.);
#3665=ORIENTED_EDGE('',*,*,#2637,.F.);
#3666=ORIENTED_EDGE('',*,*,#2555,.T.);
#3667=ORIENTED_EDGE('',*,*,#2545,.F.);
#3668=ORIENTED_EDGE('',*,*,#2563,.F.);
#3669=ORIENTED_EDGE('',*,*,#2672,.F.);
#3670=ORIENTED_EDGE('',*,*,#2645,.F.);
#3671=ORIENTED_EDGE('',*,*,#2672,.T.);
#3672=ORIENTED_EDGE('',*,*,#2562,.F.);
#3673=ORIENTED_EDGE('',*,*,#2628,.F.);
#3674=ORIENTED_EDGE('',*,*,#2326,.F.);
#3675=ORIENTED_EDGE('',*,*,#2646,.T.);
#3676=ORIENTED_EDGE('',*,*,#2560,.F.);
#3677=ORIENTED_EDGE('',*,*,#2565,.F.);
#3678=ORIENTED_EDGE('',*,*,#2673,.F.);
#3679=ORIENTED_EDGE('',*,*,#2367,.F.);
#3680=ORIENTED_EDGE('',*,*,#2429,.T.);
#3681=ORIENTED_EDGE('',*,*,#2570,.F.);
#3682=ORIENTED_EDGE('',*,*,#2674,.F.);
#3683=ORIENTED_EDGE('',*,*,#2368,.F.);
#3684=ORIENTED_EDGE('',*,*,#2673,.T.);
#3685=ORIENTED_EDGE('',*,*,#2573,.F.);
#3686=ORIENTED_EDGE('',*,*,#2675,.F.);
#3687=ORIENTED_EDGE('',*,*,#2369,.F.);
#3688=ORIENTED_EDGE('',*,*,#2674,.T.);
#3689=ORIENTED_EDGE('',*,*,#2576,.F.);
#3690=ORIENTED_EDGE('',*,*,#2676,.F.);
#3691=ORIENTED_EDGE('',*,*,#2370,.F.);
#3692=ORIENTED_EDGE('',*,*,#2675,.T.);
#3693=ORIENTED_EDGE('',*,*,#2579,.F.);
#3694=ORIENTED_EDGE('',*,*,#2677,.F.);
#3695=ORIENTED_EDGE('',*,*,#2371,.F.);
#3696=ORIENTED_EDGE('',*,*,#2676,.T.);
#3697=ORIENTED_EDGE('',*,*,#2582,.F.);
#3698=ORIENTED_EDGE('',*,*,#2678,.F.);
#3699=ORIENTED_EDGE('',*,*,#2372,.T.);
#3700=ORIENTED_EDGE('',*,*,#2677,.T.);
#3701=ORIENTED_EDGE('',*,*,#2585,.F.);
#3702=ORIENTED_EDGE('',*,*,#2679,.F.);
#3703=ORIENTED_EDGE('',*,*,#2373,.T.);
#3704=ORIENTED_EDGE('',*,*,#2678,.T.);
#3705=ORIENTED_EDGE('',*,*,#2588,.F.);
#3706=ORIENTED_EDGE('',*,*,#2592,.F.);
#3707=ORIENTED_EDGE('',*,*,#2374,.T.);
#3708=ORIENTED_EDGE('',*,*,#2679,.T.);
#3709=ORIENTED_EDGE('',*,*,#2680,.F.);
#3710=ORIENTED_EDGE('',*,*,#2681,.F.);
#3711=ORIENTED_EDGE('',*,*,#2682,.F.);
#3712=ORIENTED_EDGE('',*,*,#2683,.F.);
#3713=ORIENTED_EDGE('',*,*,#2391,.F.);
#3714=ORIENTED_EDGE('',*,*,#2357,.F.);
#3715=ORIENTED_EDGE('',*,*,#2356,.T.);
#3716=ORIENTED_EDGE('',*,*,#2684,.F.);
#3717=ORIENTED_EDGE('',*,*,#2685,.F.);
#3718=ORIENTED_EDGE('',*,*,#2680,.T.);
#3719=ORIENTED_EDGE('',*,*,#2683,.T.);
#3720=ORIENTED_EDGE('',*,*,#2686,.F.);
#3721=ORIENTED_EDGE('',*,*,#2687,.F.);
#3722=ORIENTED_EDGE('',*,*,#2394,.F.);
#3723=ORIENTED_EDGE('',*,*,#2407,.F.);
#3724=ORIENTED_EDGE('',*,*,#2361,.F.);
#3725=ORIENTED_EDGE('',*,*,#2358,.F.);
#3726=ORIENTED_EDGE('',*,*,#2392,.F.);
#3727=ORIENTED_EDGE('',*,*,#2688,.T.);
#3728=ORIENTED_EDGE('',*,*,#2689,.F.);
#3729=ORIENTED_EDGE('',*,*,#2690,.T.);
#3730=ORIENTED_EDGE('',*,*,#2691,.F.);
#3731=ORIENTED_EDGE('',*,*,#2692,.T.);
#3732=ORIENTED_EDGE('',*,*,#2693,.F.);
#3733=ORIENTED_EDGE('',*,*,#2694,.T.);
#3734=ORIENTED_EDGE('',*,*,#2695,.F.);
#3735=ORIENTED_EDGE('',*,*,#2696,.T.);
#3736=ORIENTED_EDGE('',*,*,#2697,.T.);
#3737=ORIENTED_EDGE('',*,*,#2698,.T.);
#3738=ORIENTED_EDGE('',*,*,#2699,.T.);
#3739=ORIENTED_EDGE('',*,*,#2697,.F.);
#3740=ORIENTED_EDGE('',*,*,#2700,.F.);
#3741=ORIENTED_EDGE('',*,*,#2701,.F.);
#3742=ORIENTED_EDGE('',*,*,#2702,.F.);
#3743=ORIENTED_EDGE('',*,*,#2703,.T.);
#3744=ORIENTED_EDGE('',*,*,#2704,.T.);
#3745=ORIENTED_EDGE('',*,*,#2705,.T.);
#3746=ORIENTED_EDGE('',*,*,#2706,.T.);
#3747=ORIENTED_EDGE('',*,*,#2699,.F.);
#3748=ORIENTED_EDGE('',*,*,#2707,.F.);
#3749=ORIENTED_EDGE('',*,*,#2704,.F.);
#3750=ORIENTED_EDGE('',*,*,#2708,.F.);
#3751=ORIENTED_EDGE('',*,*,#2709,.T.);
#3752=ORIENTED_EDGE('',*,*,#2710,.T.);
#3753=ORIENTED_EDGE('',*,*,#2711,.T.);
#3754=ORIENTED_EDGE('',*,*,#2712,.T.);
#3755=ORIENTED_EDGE('',*,*,#2706,.F.);
#3756=ORIENTED_EDGE('',*,*,#2713,.F.);
#3757=ORIENTED_EDGE('',*,*,#2710,.F.);
#3758=ORIENTED_EDGE('',*,*,#2714,.F.);
#3759=ORIENTED_EDGE('',*,*,#2695,.T.);
#3760=ORIENTED_EDGE('',*,*,#2715,.T.);
#3761=ORIENTED_EDGE('',*,*,#2668,.T.);
#3762=ORIENTED_EDGE('',*,*,#2423,.T.);
#3763=ORIENTED_EDGE('',*,*,#2716,.T.);
#3764=ORIENTED_EDGE('',*,*,#2715,.F.);
#3765=ORIENTED_EDGE('',*,*,#2694,.F.);
#3766=ORIENTED_EDGE('',*,*,#2717,.F.);
#3767=ORIENTED_EDGE('',*,*,#2669,.T.);
#3768=ORIENTED_EDGE('',*,*,#2693,.T.);
#3769=ORIENTED_EDGE('',*,*,#2718,.T.);
#3770=ORIENTED_EDGE('',*,*,#2417,.T.);
#3771=ORIENTED_EDGE('',*,*,#2670,.T.);
#3772=ORIENTED_EDGE('',*,*,#2717,.T.);
#3773=ORIENTED_EDGE('',*,*,#2718,.F.);
#3774=ORIENTED_EDGE('',*,*,#2692,.F.);
#3775=ORIENTED_EDGE('',*,*,#2719,.F.);
#3776=ORIENTED_EDGE('',*,*,#2418,.F.);
#3777=ORIENTED_EDGE('',*,*,#2691,.T.);
#3778=ORIENTED_EDGE('',*,*,#2720,.T.);
#3779=ORIENTED_EDGE('',*,*,#2419,.T.);
#3780=ORIENTED_EDGE('',*,*,#2719,.T.);
#3781=ORIENTED_EDGE('',*,*,#2720,.F.);
#3782=ORIENTED_EDGE('',*,*,#2690,.F.);
#3783=ORIENTED_EDGE('',*,*,#2721,.F.);
#3784=ORIENTED_EDGE('',*,*,#2420,.F.);
#3785=ORIENTED_EDGE('',*,*,#2689,.T.);
#3786=ORIENTED_EDGE('',*,*,#2722,.T.);
#3787=ORIENTED_EDGE('',*,*,#2421,.T.);
#3788=ORIENTED_EDGE('',*,*,#2721,.T.);
#3789=ORIENTED_EDGE('',*,*,#2716,.F.);
#3790=ORIENTED_EDGE('',*,*,#2422,.F.);
#3791=ORIENTED_EDGE('',*,*,#2722,.F.);
#3792=ORIENTED_EDGE('',*,*,#2688,.F.);
#3793=ORIENTED_EDGE('',*,*,#2723,.T.);
#3794=ORIENTED_EDGE('',*,*,#2724,.T.);
#3795=ORIENTED_EDGE('',*,*,#2725,.T.);
#3796=ORIENTED_EDGE('',*,*,#2701,.T.);
#3797=ORIENTED_EDGE('',*,*,#2712,.F.);
#3798=ORIENTED_EDGE('',*,*,#2726,.F.);
#3799=ORIENTED_EDGE('',*,*,#2724,.F.);
#3800=ORIENTED_EDGE('',*,*,#2727,.F.);
#3801=ORIENTED_EDGE('',*,*,#2728,.F.);
#3802=ORIENTED_EDGE('',*,*,#2729,.F.);
#3803=ORIENTED_EDGE('',*,*,#2334,.F.);
#3804=ORIENTED_EDGE('',*,*,#2730,.F.);
#3805=ORIENTED_EDGE('',*,*,#2731,.T.);
#3806=ORIENTED_EDGE('',*,*,#2732,.T.);
#3807=ORIENTED_EDGE('',*,*,#2733,.T.);
#3808=ORIENTED_EDGE('',*,*,#2734,.T.);
#3809=ORIENTED_EDGE('',*,*,#2735,.T.);
#3810=ORIENTED_EDGE('',*,*,#2736,.T.);
#3811=ORIENTED_EDGE('',*,*,#2737,.T.);
#3812=ORIENTED_EDGE('',*,*,#2738,.T.);
#3813=ORIENTED_EDGE('',*,*,#2739,.T.);
#3814=ORIENTED_EDGE('',*,*,#2740,.T.);
#3815=ORIENTED_EDGE('',*,*,#2741,.T.);
#3816=ORIENTED_EDGE('',*,*,#2742,.F.);
#3817=ORIENTED_EDGE('',*,*,#2728,.T.);
#3818=ORIENTED_EDGE('',*,*,#2743,.F.);
#3819=ORIENTED_EDGE('',*,*,#2744,.T.);
#3820=ORIENTED_EDGE('',*,*,#2745,.F.);
#3821=ORIENTED_EDGE('',*,*,#2746,.F.);
#3822=ORIENTED_EDGE('',*,*,#2747,.F.);
#3823=ORIENTED_EDGE('',*,*,#2741,.F.);
#3824=ORIENTED_EDGE('',*,*,#2748,.F.);
#3825=ORIENTED_EDGE('',*,*,#2749,.F.);
#3826=ORIENTED_EDGE('',*,*,#2750,.T.);
#3827=ORIENTED_EDGE('',*,*,#2751,.F.);
#3828=ORIENTED_EDGE('',*,*,#2746,.T.);
#3829=ORIENTED_EDGE('',*,*,#2752,.F.);
#3830=ORIENTED_EDGE('',*,*,#2753,.T.);
#3831=ORIENTED_EDGE('',*,*,#2754,.F.);
#3832=ORIENTED_EDGE('',*,*,#2755,.F.);
#3833=ORIENTED_EDGE('',*,*,#2756,.T.);
#3834=ORIENTED_EDGE('',*,*,#2757,.F.);
#3835=ORIENTED_EDGE('',*,*,#2758,.F.);
#3836=ORIENTED_EDGE('',*,*,#2759,.F.);
#3837=ORIENTED_EDGE('',*,*,#2760,.F.);
#3838=ORIENTED_EDGE('',*,*,#2761,.F.);
#3839=ORIENTED_EDGE('',*,*,#2762,.F.);
#3840=ORIENTED_EDGE('',*,*,#2763,.T.);
#3841=ORIENTED_EDGE('',*,*,#2764,.F.);
#3842=ORIENTED_EDGE('',*,*,#2765,.F.);
#3843=ORIENTED_EDGE('',*,*,#2766,.F.);
#3844=ORIENTED_EDGE('',*,*,#2767,.F.);
#3845=ORIENTED_EDGE('',*,*,#2768,.T.);
#3846=ORIENTED_EDGE('',*,*,#2769,.T.);
#3847=ORIENTED_EDGE('',*,*,#2770,.T.);
#3848=ORIENTED_EDGE('',*,*,#2771,.T.);
#3849=ORIENTED_EDGE('',*,*,#2772,.T.);
#3850=ORIENTED_EDGE('',*,*,#2773,.T.);
#3851=ORIENTED_EDGE('',*,*,#2774,.T.);
#3852=ORIENTED_EDGE('',*,*,#2775,.T.);
#3853=ORIENTED_EDGE('',*,*,#2772,.F.);
#3854=ORIENTED_EDGE('',*,*,#2776,.T.);
#3855=ORIENTED_EDGE('',*,*,#2777,.T.);
#3856=ORIENTED_EDGE('',*,*,#2770,.F.);
#3857=ORIENTED_EDGE('',*,*,#2776,.F.);
#3858=ORIENTED_EDGE('',*,*,#2778,.T.);
#3859=ORIENTED_EDGE('',*,*,#2779,.F.);
#3860=ORIENTED_EDGE('',*,*,#2780,.F.);
#3861=ORIENTED_EDGE('',*,*,#2781,.F.);
#3862=ORIENTED_EDGE('',*,*,#2782,.F.);
#3863=ORIENTED_EDGE('',*,*,#2774,.F.);
#3864=ORIENTED_EDGE('',*,*,#2783,.F.);
#3865=ORIENTED_EDGE('',*,*,#2784,.F.);
#3866=ORIENTED_EDGE('',*,*,#2778,.F.);
#3867=ORIENTED_EDGE('',*,*,#2785,.T.);
#3868=ORIENTED_EDGE('',*,*,#2786,.T.);
#3869=ORIENTED_EDGE('',*,*,#2787,.T.);
#3870=ORIENTED_EDGE('',*,*,#2788,.T.);
#3871=ORIENTED_EDGE('',*,*,#2785,.F.);
#3872=ORIENTED_EDGE('',*,*,#2789,.T.);
#3873=ORIENTED_EDGE('',*,*,#2790,.T.);
#3874=ORIENTED_EDGE('',*,*,#2791,.T.);
#3875=ORIENTED_EDGE('',*,*,#2792,.T.);
#3876=ORIENTED_EDGE('',*,*,#2793,.T.);
#3877=ORIENTED_EDGE('',*,*,#2794,.F.);
#3878=ORIENTED_EDGE('',*,*,#2790,.F.);
#3879=ORIENTED_EDGE('',*,*,#2793,.F.);
#3880=ORIENTED_EDGE('',*,*,#2732,.F.);
#3881=ORIENTED_EDGE('',*,*,#2795,.F.);
#3882=ORIENTED_EDGE('',*,*,#2796,.T.);
#3883=ORIENTED_EDGE('',*,*,#2791,.F.);
#3884=ORIENTED_EDGE('',*,*,#2794,.T.);
#3885=ORIENTED_EDGE('',*,*,#2792,.F.);
#3886=ORIENTED_EDGE('',*,*,#2789,.F.);
#3887=ORIENTED_EDGE('',*,*,#2787,.F.);
#3888=ORIENTED_EDGE('',*,*,#2797,.T.);
#3889=ORIENTED_EDGE('',*,*,#2798,.T.);
#3890=ORIENTED_EDGE('',*,*,#2799,.T.);
#3891=ORIENTED_EDGE('',*,*,#2800,.T.);
#3892=ORIENTED_EDGE('',*,*,#2801,.T.);
#3893=ORIENTED_EDGE('',*,*,#2798,.F.);
#3894=ORIENTED_EDGE('',*,*,#2802,.T.);
#3895=ORIENTED_EDGE('',*,*,#2803,.T.);
#3896=ORIENTED_EDGE('',*,*,#2804,.T.);
#3897=ORIENTED_EDGE('',*,*,#2805,.T.);
#3898=ORIENTED_EDGE('',*,*,#2806,.T.);
#3899=ORIENTED_EDGE('',*,*,#2807,.F.);
#3900=ORIENTED_EDGE('',*,*,#2803,.F.);
#3901=ORIENTED_EDGE('',*,*,#2806,.F.);
#3902=ORIENTED_EDGE('',*,*,#2808,.F.);
#3903=ORIENTED_EDGE('',*,*,#2809,.F.);
#3904=ORIENTED_EDGE('',*,*,#2810,.F.);
#3905=ORIENTED_EDGE('',*,*,#2804,.F.);
#3906=ORIENTED_EDGE('',*,*,#2807,.T.);
#3907=ORIENTED_EDGE('',*,*,#2805,.F.);
#3908=ORIENTED_EDGE('',*,*,#2802,.F.);
#3909=ORIENTED_EDGE('',*,*,#2800,.F.);
#3910=ORIENTED_EDGE('',*,*,#2811,.T.);
#3911=ORIENTED_EDGE('',*,*,#2812,.T.);
#3912=ORIENTED_EDGE('',*,*,#2813,.T.);
#3913=ORIENTED_EDGE('',*,*,#2814,.T.);
#3914=ORIENTED_EDGE('',*,*,#2815,.T.);
#3915=ORIENTED_EDGE('',*,*,#2816,.T.);
#3916=ORIENTED_EDGE('',*,*,#2817,.T.);
#3917=ORIENTED_EDGE('',*,*,#2818,.T.);
#3918=ORIENTED_EDGE('',*,*,#2819,.T.);
#3919=ORIENTED_EDGE('',*,*,#2814,.F.);
#3920=ORIENTED_EDGE('',*,*,#2817,.F.);
#3921=ORIENTED_EDGE('',*,*,#2820,.T.);
#3922=ORIENTED_EDGE('',*,*,#2821,.T.);
#3923=ORIENTED_EDGE('',*,*,#2821,.F.);
#3924=ORIENTED_EDGE('',*,*,#2822,.T.);
#3925=ORIENTED_EDGE('',*,*,#2823,.F.);
#3926=ORIENTED_EDGE('',*,*,#2824,.T.);
#3927=ORIENTED_EDGE('',*,*,#2820,.F.);
#3928=ORIENTED_EDGE('',*,*,#2816,.F.);
#3929=ORIENTED_EDGE('',*,*,#2813,.F.);
#3930=ORIENTED_EDGE('',*,*,#2825,.T.);
#3931=ORIENTED_EDGE('',*,*,#2769,.F.);
#3932=ORIENTED_EDGE('',*,*,#2826,.T.);
#3933=ORIENTED_EDGE('',*,*,#2773,.F.);
#3934=ORIENTED_EDGE('',*,*,#2775,.F.);
#3935=ORIENTED_EDGE('',*,*,#2826,.F.);
#3936=ORIENTED_EDGE('',*,*,#2733,.F.);
#3937=ORIENTED_EDGE('',*,*,#2797,.F.);
#3938=ORIENTED_EDGE('',*,*,#2827,.T.);
#3939=ORIENTED_EDGE('',*,*,#2828,.F.);
#3940=ORIENTED_EDGE('',*,*,#2822,.F.);
#3941=ORIENTED_EDGE('',*,*,#2825,.F.);
#3942=ORIENTED_EDGE('',*,*,#2829,.F.);
#3943=ORIENTED_EDGE('',*,*,#2811,.F.);
#3944=ORIENTED_EDGE('',*,*,#2830,.F.);
#3945=ORIENTED_EDGE('',*,*,#2831,.T.);
#3946=ORIENTED_EDGE('',*,*,#2783,.T.);
#3947=ORIENTED_EDGE('',*,*,#2832,.T.);
#3948=ORIENTED_EDGE('',*,*,#2799,.F.);
#3949=ORIENTED_EDGE('',*,*,#2833,.T.);
#3950=ORIENTED_EDGE('',*,*,#2834,.F.);
#3951=ORIENTED_EDGE('',*,*,#2830,.T.);
#3952=ORIENTED_EDGE('',*,*,#2818,.F.);
#3953=ORIENTED_EDGE('',*,*,#2824,.F.);
#3954=ORIENTED_EDGE('',*,*,#2835,.F.);
#3955=ORIENTED_EDGE('',*,*,#2836,.F.);
#3956=ORIENTED_EDGE('',*,*,#2837,.F.);
#3957=ORIENTED_EDGE('',*,*,#2838,.T.);
#3958=ORIENTED_EDGE('',*,*,#2801,.F.);
#3959=ORIENTED_EDGE('',*,*,#2810,.T.);
#3960=ORIENTED_EDGE('',*,*,#2839,.F.);
#3961=ORIENTED_EDGE('',*,*,#2840,.F.);
#3962=ORIENTED_EDGE('',*,*,#2841,.F.);
#3963=ORIENTED_EDGE('',*,*,#2833,.F.);
#3964=ORIENTED_EDGE('',*,*,#2812,.F.);
#3965=ORIENTED_EDGE('',*,*,#2815,.F.);
#3966=ORIENTED_EDGE('',*,*,#2819,.F.);
#3967=ORIENTED_EDGE('',*,*,#2838,.F.);
#3968=ORIENTED_EDGE('',*,*,#2842,.F.);
#3969=ORIENTED_EDGE('',*,*,#2843,.F.);
#3970=ORIENTED_EDGE('',*,*,#2768,.F.);
#3971=ORIENTED_EDGE('',*,*,#2771,.F.);
#3972=ORIENTED_EDGE('',*,*,#2777,.F.);
#3973=ORIENTED_EDGE('',*,*,#2782,.T.);
#3974=ORIENTED_EDGE('',*,*,#2844,.F.);
#3975=ORIENTED_EDGE('',*,*,#2734,.F.);
#3976=ORIENTED_EDGE('',*,*,#2845,.F.);
#3977=ORIENTED_EDGE('',*,*,#2846,.F.);
#3978=ORIENTED_EDGE('',*,*,#2847,.F.);
#3979=ORIENTED_EDGE('',*,*,#2848,.F.);
#3980=ORIENTED_EDGE('',*,*,#2848,.T.);
#3981=ORIENTED_EDGE('',*,*,#2849,.F.);
#3982=ORIENTED_EDGE('',*,*,#2850,.F.);
#3983=ORIENTED_EDGE('',*,*,#2851,.F.);
#3984=ORIENTED_EDGE('',*,*,#2852,.T.);
#3985=ORIENTED_EDGE('',*,*,#2853,.T.);
#3986=ORIENTED_EDGE('',*,*,#2413,.T.);
#3987=ORIENTED_EDGE('',*,*,#2854,.T.);
#3988=ORIENTED_EDGE('',*,*,#2411,.T.);
#3989=ORIENTED_EDGE('',*,*,#2855,.T.);
#3990=ORIENTED_EDGE('',*,*,#2747,.T.);
#3991=ORIENTED_EDGE('',*,*,#2856,.T.);
#3992=ORIENTED_EDGE('',*,*,#2409,.T.);
#3993=ORIENTED_EDGE('',*,*,#2857,.T.);
#3994=ORIENTED_EDGE('',*,*,#2729,.T.);
#3995=ORIENTED_EDGE('',*,*,#2858,.T.);
#3996=ORIENTED_EDGE('',*,*,#2335,.T.);
#3997=ORIENTED_EDGE('',*,*,#2857,.F.);
#3998=ORIENTED_EDGE('',*,*,#2408,.T.);
#3999=ORIENTED_EDGE('',*,*,#2364,.T.);
#4000=ORIENTED_EDGE('',*,*,#2410,.T.);
#4001=ORIENTED_EDGE('',*,*,#2858,.F.);
#4002=ORIENTED_EDGE('',*,*,#2742,.T.);
#4003=ORIENTED_EDGE('',*,*,#2855,.F.);
#4004=ORIENTED_EDGE('',*,*,#2414,.T.);
#4005=ORIENTED_EDGE('',*,*,#2853,.F.);
#4006=ORIENTED_EDGE('',*,*,#2345,.T.);
#4007=ORIENTED_EDGE('',*,*,#2380,.T.);
#4008=ORIENTED_EDGE('',*,*,#2751,.T.);
#4009=ORIENTED_EDGE('',*,*,#2854,.F.);
#4010=ORIENTED_EDGE('',*,*,#2412,.T.);
#4011=ORIENTED_EDGE('',*,*,#2856,.F.);
#4012=ORIENTED_EDGE('',*,*,#2346,.F.);
#4013=ORIENTED_EDGE('',*,*,#2852,.F.);
#4014=ORIENTED_EDGE('',*,*,#2750,.F.);
#4015=ORIENTED_EDGE('',*,*,#2859,.F.);
#4016=ORIENTED_EDGE('',*,*,#2860,.T.);
#4017=ORIENTED_EDGE('',*,*,#2861,.T.);
#4018=ORIENTED_EDGE('',*,*,#2862,.T.);
#4019=ORIENTED_EDGE('',*,*,#2863,.T.);
#4020=ORIENTED_EDGE('',*,*,#2864,.T.);
#4021=ORIENTED_EDGE('',*,*,#2865,.T.);
#4022=ORIENTED_EDGE('',*,*,#2866,.T.);
#4023=ORIENTED_EDGE('',*,*,#2808,.T.);
#4024=ORIENTED_EDGE('',*,*,#2829,.T.);
#4025=ORIENTED_EDGE('',*,*,#2843,.T.);
#4026=ORIENTED_EDGE('',*,*,#2749,.T.);
#4027=ORIENTED_EDGE('',*,*,#2867,.T.);
#4028=ORIENTED_EDGE('',*,*,#2868,.T.);
#4029=ORIENTED_EDGE('',*,*,#2867,.F.);
#4030=ORIENTED_EDGE('',*,*,#2868,.F.);
#4031=ORIENTED_EDGE('',*,*,#2869,.T.);
#4032=ORIENTED_EDGE('',*,*,#2832,.F.);
#4033=ORIENTED_EDGE('',*,*,#2869,.F.);
#4034=ORIENTED_EDGE('',*,*,#2757,.T.);
#4035=ORIENTED_EDGE('',*,*,#2870,.T.);
#4036=ORIENTED_EDGE('',*,*,#2766,.T.);
#4037=ORIENTED_EDGE('',*,*,#2871,.T.);
#4038=ORIENTED_EDGE('',*,*,#2870,.F.);
#4039=ORIENTED_EDGE('',*,*,#2756,.F.);
#4040=ORIENTED_EDGE('',*,*,#2872,.F.);
#4041=ORIENTED_EDGE('',*,*,#2767,.T.);
#4042=ORIENTED_EDGE('',*,*,#2764,.T.);
#4043=ORIENTED_EDGE('',*,*,#2873,.T.);
#4044=ORIENTED_EDGE('',*,*,#2874,.T.);
#4045=ORIENTED_EDGE('',*,*,#2875,.T.);
#4046=ORIENTED_EDGE('',*,*,#2873,.F.);
#4047=ORIENTED_EDGE('',*,*,#2763,.F.);
#4048=ORIENTED_EDGE('',*,*,#2876,.F.);
#4049=ORIENTED_EDGE('',*,*,#2877,.T.);
#4050=ORIENTED_EDGE('',*,*,#2841,.T.);
#4051=ORIENTED_EDGE('',*,*,#2878,.T.);
#4052=ORIENTED_EDGE('',*,*,#2779,.T.);
#4053=ORIENTED_EDGE('',*,*,#2784,.T.);
#4054=ORIENTED_EDGE('',*,*,#2831,.F.);
#4055=ORIENTED_EDGE('',*,*,#2834,.T.);
#4056=ORIENTED_EDGE('',*,*,#2839,.T.);
#4057=ORIENTED_EDGE('',*,*,#2809,.T.);
#4058=ORIENTED_EDGE('',*,*,#2866,.F.);
#4059=ORIENTED_EDGE('',*,*,#2879,.T.);
#4060=ORIENTED_EDGE('',*,*,#2823,.T.);
#4061=ORIENTED_EDGE('',*,*,#2828,.T.);
#4062=ORIENTED_EDGE('',*,*,#2880,.T.);
#4063=ORIENTED_EDGE('',*,*,#2881,.T.);
#4064=ORIENTED_EDGE('',*,*,#2882,.F.);
#4065=ORIENTED_EDGE('',*,*,#2835,.T.);
#4066=ORIENTED_EDGE('',*,*,#2842,.T.);
#4067=ORIENTED_EDGE('',*,*,#2837,.T.);
#4068=ORIENTED_EDGE('',*,*,#2883,.F.);
#4069=ORIENTED_EDGE('',*,*,#2860,.F.);
#4070=ORIENTED_EDGE('',*,*,#2836,.T.);
#4071=ORIENTED_EDGE('',*,*,#2882,.T.);
#4072=ORIENTED_EDGE('',*,*,#2884,.T.);
#4073=ORIENTED_EDGE('',*,*,#2885,.T.);
#4074=ORIENTED_EDGE('',*,*,#2740,.F.);
#4075=ORIENTED_EDGE('',*,*,#2886,.F.);
#4076=ORIENTED_EDGE('',*,*,#2495,.T.);
#4077=ORIENTED_EDGE('',*,*,#2887,.F.);
#4078=ORIENTED_EDGE('',*,*,#2526,.T.);
#4079=ORIENTED_EDGE('',*,*,#2888,.F.);
#4080=ORIENTED_EDGE('',*,*,#2861,.F.);
#4081=ORIENTED_EDGE('',*,*,#2883,.T.);
#4082=ORIENTED_EDGE('',*,*,#2727,.T.);
#4083=ORIENTED_EDGE('',*,*,#2723,.F.);
#4084=ORIENTED_EDGE('',*,*,#2700,.T.);
#4085=ORIENTED_EDGE('',*,*,#2696,.F.);
#4086=ORIENTED_EDGE('',*,*,#2708,.T.);
#4087=ORIENTED_EDGE('',*,*,#2703,.F.);
#4088=ORIENTED_EDGE('',*,*,#2714,.T.);
#4089=ORIENTED_EDGE('',*,*,#2709,.F.);
#4090=ORIENTED_EDGE('',*,*,#2889,.F.);
#4091=ORIENTED_EDGE('',*,*,#2863,.F.);
#4092=ORIENTED_EDGE('',*,*,#2890,.F.);
#4093=ORIENTED_EDGE('',*,*,#2524,.T.);
#4094=ORIENTED_EDGE('',*,*,#2840,.T.);
#4095=ORIENTED_EDGE('',*,*,#2879,.F.);
#4096=ORIENTED_EDGE('',*,*,#2865,.F.);
#4097=ORIENTED_EDGE('',*,*,#2891,.T.);
#4098=ORIENTED_EDGE('',*,*,#2522,.T.);
#4099=ORIENTED_EDGE('',*,*,#2892,.T.);
#4100=ORIENTED_EDGE('',*,*,#2499,.T.);
#4101=ORIENTED_EDGE('',*,*,#2893,.T.);
#4102=ORIENTED_EDGE('',*,*,#2736,.F.);
#4103=ORIENTED_EDGE('',*,*,#2894,.F.);
#4104=ORIENTED_EDGE('',*,*,#2780,.T.);
#4105=ORIENTED_EDGE('',*,*,#2878,.F.);
#4106=ORIENTED_EDGE('',*,*,#2765,.T.);
#4107=ORIENTED_EDGE('',*,*,#2875,.F.);
#4108=ORIENTED_EDGE('',*,*,#2895,.T.);
#4109=ORIENTED_EDGE('',*,*,#2896,.T.);
#4110=ORIENTED_EDGE('',*,*,#2897,.T.);
#4111=ORIENTED_EDGE('',*,*,#2849,.T.);
#4112=ORIENTED_EDGE('',*,*,#2847,.T.);
#4113=ORIENTED_EDGE('',*,*,#2898,.T.);
#4114=ORIENTED_EDGE('',*,*,#2760,.T.);
#4115=ORIENTED_EDGE('',*,*,#2899,.T.);
#4116=ORIENTED_EDGE('',*,*,#2758,.T.);
#4117=ORIENTED_EDGE('',*,*,#2871,.F.);
#4118=ORIENTED_EDGE('',*,*,#2521,.T.);
#4119=ORIENTED_EDGE('',*,*,#2632,.T.);
#4120=ORIENTED_EDGE('',*,*,#2639,.T.);
#4121=ORIENTED_EDGE('',*,*,#2491,.T.);
#4122=ORIENTED_EDGE('',*,*,#2500,.T.);
#4123=ORIENTED_EDGE('',*,*,#2892,.F.);
#4124=ORIENTED_EDGE('',*,*,#2518,.T.);
#4125=ORIENTED_EDGE('',*,*,#2527,.T.);
#4126=ORIENTED_EDGE('',*,*,#2887,.T.);
#4127=ORIENTED_EDGE('',*,*,#2494,.T.);
#4128=ORIENTED_EDGE('',*,*,#2630,.T.);
#4129=ORIENTED_EDGE('',*,*,#2640,.F.);
#4130=ORIENTED_EDGE('',*,*,#2786,.F.);
#4131=ORIENTED_EDGE('',*,*,#2900,.F.);
#4132=ORIENTED_EDGE('',*,*,#2880,.F.);
#4133=ORIENTED_EDGE('',*,*,#2827,.F.);
#4134=ORIENTED_EDGE('',*,*,#2788,.F.);
#4135=ORIENTED_EDGE('',*,*,#2796,.F.);
#4136=ORIENTED_EDGE('',*,*,#2901,.F.);
#4137=ORIENTED_EDGE('',*,*,#2884,.F.);
#4138=ORIENTED_EDGE('',*,*,#2881,.F.);
#4139=ORIENTED_EDGE('',*,*,#2900,.T.);
#4140=ORIENTED_EDGE('',*,*,#2901,.T.);
#4141=ORIENTED_EDGE('',*,*,#2795,.T.);
#4142=ORIENTED_EDGE('',*,*,#2731,.F.);
#4143=ORIENTED_EDGE('',*,*,#2885,.F.);
#4144=ORIENTED_EDGE('',*,*,#2844,.T.);
#4145=ORIENTED_EDGE('',*,*,#2781,.T.);
#4146=ORIENTED_EDGE('',*,*,#2894,.T.);
#4147=ORIENTED_EDGE('',*,*,#2735,.F.);
#4148=ORIENTED_EDGE('',*,*,#2902,.F.);
#4149=ORIENTED_EDGE('',*,*,#2738,.F.);
#4150=ORIENTED_EDGE('',*,*,#2903,.F.);
#4151=ORIENTED_EDGE('',*,*,#2497,.F.);
#4152=ORIENTED_EDGE('',*,*,#2890,.T.);
#4153=ORIENTED_EDGE('',*,*,#2862,.F.);
#4154=ORIENTED_EDGE('',*,*,#2888,.T.);
#4155=ORIENTED_EDGE('',*,*,#2525,.T.);
#4156=ORIENTED_EDGE('',*,*,#2523,.T.);
#4157=ORIENTED_EDGE('',*,*,#2891,.F.);
#4158=ORIENTED_EDGE('',*,*,#2864,.F.);
#4159=ORIENTED_EDGE('',*,*,#2889,.T.);
#4160=ORIENTED_EDGE('',*,*,#2846,.T.);
#4161=ORIENTED_EDGE('',*,*,#2904,.F.);
#4162=ORIENTED_EDGE('',*,*,#2761,.T.);
#4163=ORIENTED_EDGE('',*,*,#2898,.F.);
#4164=ORIENTED_EDGE('',*,*,#2759,.T.);
#4165=ORIENTED_EDGE('',*,*,#2899,.F.);
#4166=ORIENTED_EDGE('',*,*,#2905,.T.);
#4167=ORIENTED_EDGE('',*,*,#2896,.F.);
#4168=ORIENTED_EDGE('',*,*,#2906,.F.);
#4169=ORIENTED_EDGE('',*,*,#2850,.T.);
#4170=ORIENTED_EDGE('',*,*,#2897,.F.);
#4171=ORIENTED_EDGE('',*,*,#2905,.F.);
#4172=ORIENTED_EDGE('',*,*,#2895,.F.);
#4173=ORIENTED_EDGE('',*,*,#2874,.F.);
#4174=ORIENTED_EDGE('',*,*,#2877,.F.);
#4175=ORIENTED_EDGE('',*,*,#2496,.T.);
#4176=ORIENTED_EDGE('',*,*,#2886,.T.);
#4177=ORIENTED_EDGE('',*,*,#2739,.F.);
#4178=ORIENTED_EDGE('',*,*,#2902,.T.);
#4179=ORIENTED_EDGE('',*,*,#2903,.T.);
#4180=ORIENTED_EDGE('',*,*,#2737,.F.);
#4181=ORIENTED_EDGE('',*,*,#2893,.F.);
#4182=ORIENTED_EDGE('',*,*,#2498,.T.);
#4183=ORIENTED_EDGE('',*,*,#2907,.F.);
#4184=ORIENTED_EDGE('',*,*,#2684,.T.);
#4185=ORIENTED_EDGE('',*,*,#2355,.T.);
#4186=ORIENTED_EDGE('',*,*,#2395,.F.);
#4187=ORIENTED_EDGE('',*,*,#2687,.T.);
#4188=ORIENTED_EDGE('',*,*,#2908,.T.);
#4189=ORIENTED_EDGE('',*,*,#2682,.T.);
#4190=ORIENTED_EDGE('',*,*,#2909,.F.);
#4191=ORIENTED_EDGE('',*,*,#2908,.F.);
#4192=ORIENTED_EDGE('',*,*,#2686,.T.);
#4193=ORIENTED_EDGE('',*,*,#2681,.T.);
#4194=ORIENTED_EDGE('',*,*,#2685,.T.);
#4195=ORIENTED_EDGE('',*,*,#2907,.T.);
#4196=ORIENTED_EDGE('',*,*,#2909,.T.);
#4197=ORIENTED_EDGE('',*,*,#2726,.T.);
#4198=ORIENTED_EDGE('',*,*,#2711,.F.);
#4199=ORIENTED_EDGE('',*,*,#2713,.T.);
#4200=ORIENTED_EDGE('',*,*,#2705,.F.);
#4201=ORIENTED_EDGE('',*,*,#2707,.T.);
#4202=ORIENTED_EDGE('',*,*,#2698,.F.);
#4203=ORIENTED_EDGE('',*,*,#2702,.T.);
#4204=ORIENTED_EDGE('',*,*,#2725,.F.);
#4205=ORIENTED_EDGE('',*,*,#2910,.F.);
#4206=ORIENTED_EDGE('',*,*,#2911,.F.);
#4207=ORIENTED_EDGE('',*,*,#2912,.F.);
#4208=ORIENTED_EDGE('',*,*,#2913,.T.);
#4209=ORIENTED_EDGE('',*,*,#2914,.F.);
#4210=ORIENTED_EDGE('',*,*,#2915,.F.);
#4211=ORIENTED_EDGE('',*,*,#2916,.F.);
#4212=ORIENTED_EDGE('',*,*,#2913,.F.);
#4213=ORIENTED_EDGE('',*,*,#2917,.F.);
#4214=ORIENTED_EDGE('',*,*,#2918,.T.);
#4215=ORIENTED_EDGE('',*,*,#2919,.F.);
#4216=ORIENTED_EDGE('',*,*,#2920,.F.);
#4217=ORIENTED_EDGE('',*,*,#2921,.F.);
#4218=ORIENTED_EDGE('',*,*,#2918,.F.);
#4219=ORIENTED_EDGE('',*,*,#2922,.F.);
#4220=ORIENTED_EDGE('',*,*,#2923,.T.);
#4221=ORIENTED_EDGE('',*,*,#2924,.F.);
#4222=ORIENTED_EDGE('',*,*,#2925,.F.);
#4223=ORIENTED_EDGE('',*,*,#2926,.F.);
#4224=ORIENTED_EDGE('',*,*,#2923,.F.);
#4225=ORIENTED_EDGE('',*,*,#2927,.F.);
#4226=ORIENTED_EDGE('',*,*,#2928,.T.);
#4227=ORIENTED_EDGE('',*,*,#2929,.F.);
#4228=ORIENTED_EDGE('',*,*,#2930,.F.);
#4229=ORIENTED_EDGE('',*,*,#2931,.F.);
#4230=ORIENTED_EDGE('',*,*,#2932,.F.);
#4231=ORIENTED_EDGE('',*,*,#2933,.F.);
#4232=ORIENTED_EDGE('',*,*,#2934,.F.);
#4233=ORIENTED_EDGE('',*,*,#2935,.F.);
#4234=ORIENTED_EDGE('',*,*,#2936,.T.);
#4235=ORIENTED_EDGE('',*,*,#2937,.F.);
#4236=ORIENTED_EDGE('',*,*,#2938,.F.);
#4237=ORIENTED_EDGE('',*,*,#2939,.F.);
#4238=ORIENTED_EDGE('',*,*,#2936,.F.);
#4239=ORIENTED_EDGE('',*,*,#2940,.F.);
#4240=ORIENTED_EDGE('',*,*,#2941,.T.);
#4241=ORIENTED_EDGE('',*,*,#2942,.F.);
#4242=ORIENTED_EDGE('',*,*,#2943,.F.);
#4243=ORIENTED_EDGE('',*,*,#2944,.F.);
#4244=ORIENTED_EDGE('',*,*,#2941,.F.);
#4245=ORIENTED_EDGE('',*,*,#2945,.F.);
#4246=ORIENTED_EDGE('',*,*,#2911,.T.);
#4247=ORIENTED_EDGE('',*,*,#2946,.F.);
#4248=ORIENTED_EDGE('',*,*,#2947,.F.);
#4249=ORIENTED_EDGE('',*,*,#2948,.F.);
#4250=ORIENTED_EDGE('',*,*,#2928,.F.);
#4251=ORIENTED_EDGE('',*,*,#2949,.F.);
#4252=ORIENTED_EDGE('',*,*,#2934,.T.);
#4253=ORIENTED_EDGE('',*,*,#2924,.T.);
#4254=ORIENTED_EDGE('',*,*,#2926,.T.);
#4255=ORIENTED_EDGE('',*,*,#2950,.F.);
#4256=ORIENTED_EDGE('',*,*,#2951,.F.);
#4257=ORIENTED_EDGE('',*,*,#2952,.T.);
#4258=ORIENTED_EDGE('',*,*,#2930,.T.);
#4259=ORIENTED_EDGE('',*,*,#2953,.F.);
#4260=ORIENTED_EDGE('',*,*,#2954,.F.);
#4261=ORIENTED_EDGE('',*,*,#2332,.F.);
#4262=ORIENTED_EDGE('',*,*,#2955,.F.);
#4263=ORIENTED_EDGE('',*,*,#2950,.T.);
#4264=ORIENTED_EDGE('',*,*,#2929,.T.);
#4265=ORIENTED_EDGE('',*,*,#2948,.T.);
#4266=ORIENTED_EDGE('',*,*,#2956,.F.);
#4267=ORIENTED_EDGE('',*,*,#2957,.F.);
#4268=ORIENTED_EDGE('',*,*,#2953,.T.);
#4269=ORIENTED_EDGE('',*,*,#2947,.T.);
#4270=ORIENTED_EDGE('',*,*,#2958,.F.);
#4271=ORIENTED_EDGE('',*,*,#2959,.F.);
#4272=ORIENTED_EDGE('',*,*,#2960,.F.);
#4273=ORIENTED_EDGE('',*,*,#2961,.F.);
#4274=ORIENTED_EDGE('',*,*,#2956,.T.);
#4275=ORIENTED_EDGE('',*,*,#2946,.T.);
#4276=ORIENTED_EDGE('',*,*,#2933,.T.);
#4277=ORIENTED_EDGE('',*,*,#2962,.F.);
#4278=ORIENTED_EDGE('',*,*,#2963,.F.);
#4279=ORIENTED_EDGE('',*,*,#2958,.T.);
#4280=ORIENTED_EDGE('',*,*,#2932,.T.);
#4281=ORIENTED_EDGE('',*,*,#2964,.F.);
#4282=ORIENTED_EDGE('',*,*,#2965,.F.);
#4283=ORIENTED_EDGE('',*,*,#2966,.F.);
#4284=ORIENTED_EDGE('',*,*,#2967,.F.);
#4285=ORIENTED_EDGE('',*,*,#2744,.F.);
#4286=ORIENTED_EDGE('',*,*,#2968,.F.);
#4287=ORIENTED_EDGE('',*,*,#2962,.T.);
#4288=ORIENTED_EDGE('',*,*,#2931,.T.);
#4289=ORIENTED_EDGE('',*,*,#2939,.T.);
#4290=ORIENTED_EDGE('',*,*,#2969,.F.);
#4291=ORIENTED_EDGE('',*,*,#2970,.F.);
#4292=ORIENTED_EDGE('',*,*,#2966,.T.);
#4293=ORIENTED_EDGE('',*,*,#2971,.F.);
#4294=ORIENTED_EDGE('',*,*,#2972,.F.);
#4295=ORIENTED_EDGE('',*,*,#2973,.F.);
#4296=ORIENTED_EDGE('',*,*,#2974,.F.);
#4297=ORIENTED_EDGE('',*,*,#2975,.F.);
#4298=ORIENTED_EDGE('',*,*,#2964,.T.);
#4299=ORIENTED_EDGE('',*,*,#2743,.T.);
#4300=ORIENTED_EDGE('',*,*,#2730,.T.);
#4301=ORIENTED_EDGE('',*,*,#2333,.T.);
#4302=ORIENTED_EDGE('',*,*,#2954,.T.);
#4303=ORIENTED_EDGE('',*,*,#2957,.T.);
#4304=ORIENTED_EDGE('',*,*,#2961,.T.);
#4305=ORIENTED_EDGE('',*,*,#2976,.T.);
#4306=ORIENTED_EDGE('',*,*,#2959,.T.);
#4307=ORIENTED_EDGE('',*,*,#2963,.T.);
#4308=ORIENTED_EDGE('',*,*,#2968,.T.);
#4309=ORIENTED_EDGE('',*,*,#2976,.F.);
#4310=ORIENTED_EDGE('',*,*,#2960,.T.);
#4311=ORIENTED_EDGE('',*,*,#2331,.T.);
#4312=ORIENTED_EDGE('',*,*,#2329,.T.);
#4313=ORIENTED_EDGE('',*,*,#2349,.T.);
#4314=ORIENTED_EDGE('',*,*,#2977,.T.);
#4315=ORIENTED_EDGE('',*,*,#2978,.T.);
#4316=ORIENTED_EDGE('',*,*,#2979,.T.);
#4317=ORIENTED_EDGE('',*,*,#2980,.T.);
#4318=ORIENTED_EDGE('',*,*,#2981,.T.);
#4319=ORIENTED_EDGE('',*,*,#2951,.T.);
#4320=ORIENTED_EDGE('',*,*,#2955,.T.);
#4321=ORIENTED_EDGE('',*,*,#2980,.F.);
#4322=ORIENTED_EDGE('',*,*,#2982,.T.);
#4323=ORIENTED_EDGE('',*,*,#2925,.T.);
#4324=ORIENTED_EDGE('',*,*,#2952,.F.);
#4325=ORIENTED_EDGE('',*,*,#2981,.F.);
#4326=ORIENTED_EDGE('',*,*,#2982,.F.);
#4327=ORIENTED_EDGE('',*,*,#2979,.F.);
#4328=ORIENTED_EDGE('',*,*,#2983,.T.);
#4329=ORIENTED_EDGE('',*,*,#2921,.T.);
#4330=ORIENTED_EDGE('',*,*,#2983,.F.);
#4331=ORIENTED_EDGE('',*,*,#2978,.F.);
#4332=ORIENTED_EDGE('',*,*,#2984,.T.);
#4333=ORIENTED_EDGE('',*,*,#2919,.T.);
#4334=ORIENTED_EDGE('',*,*,#2347,.T.);
#4335=ORIENTED_EDGE('',*,*,#2859,.T.);
#4336=ORIENTED_EDGE('',*,*,#2754,.T.);
#4337=ORIENTED_EDGE('',*,*,#2985,.T.);
#4338=ORIENTED_EDGE('',*,*,#2986,.T.);
#4339=ORIENTED_EDGE('',*,*,#2987,.T.);
#4340=ORIENTED_EDGE('',*,*,#2988,.T.);
#4341=ORIENTED_EDGE('',*,*,#2989,.T.);
#4342=ORIENTED_EDGE('',*,*,#2990,.T.);
#4343=ORIENTED_EDGE('',*,*,#2991,.T.);
#4344=ORIENTED_EDGE('',*,*,#2910,.T.);
#4345=ORIENTED_EDGE('',*,*,#2992,.F.);
#4346=ORIENTED_EDGE('',*,*,#2986,.F.);
#4347=ORIENTED_EDGE('',*,*,#2993,.T.);
#4348=ORIENTED_EDGE('',*,*,#2942,.T.);
#4349=ORIENTED_EDGE('',*,*,#2943,.T.);
#4350=ORIENTED_EDGE('',*,*,#2993,.F.);
#4351=ORIENTED_EDGE('',*,*,#2985,.F.);
#4352=ORIENTED_EDGE('',*,*,#2753,.F.);
#4353=ORIENTED_EDGE('',*,*,#2994,.F.);
#4354=ORIENTED_EDGE('',*,*,#2995,.T.);
#4355=ORIENTED_EDGE('',*,*,#2996,.F.);
#4356=ORIENTED_EDGE('',*,*,#2997,.T.);
#4357=ORIENTED_EDGE('',*,*,#2752,.T.);
#4358=ORIENTED_EDGE('',*,*,#2748,.T.);
#4359=ORIENTED_EDGE('',*,*,#2745,.T.);
#4360=ORIENTED_EDGE('',*,*,#2967,.T.);
#4361=ORIENTED_EDGE('',*,*,#2970,.T.);
#4362=ORIENTED_EDGE('',*,*,#2998,.T.);
#4363=ORIENTED_EDGE('',*,*,#2999,.T.);
#4364=ORIENTED_EDGE('',*,*,#3000,.T.);
#4365=ORIENTED_EDGE('',*,*,#3001,.T.);
#4366=ORIENTED_EDGE('',*,*,#2994,.T.);
#4367=ORIENTED_EDGE('',*,*,#2938,.T.);
#4368=ORIENTED_EDGE('',*,*,#3002,.F.);
#4369=ORIENTED_EDGE('',*,*,#3000,.F.);
#4370=ORIENTED_EDGE('',*,*,#3003,.F.);
#4371=ORIENTED_EDGE('',*,*,#2998,.F.);
#4372=ORIENTED_EDGE('',*,*,#2969,.T.);
#4373=ORIENTED_EDGE('',*,*,#3004,.T.);
#4374=ORIENTED_EDGE('',*,*,#3005,.T.);
#4375=ORIENTED_EDGE('',*,*,#3006,.T.);
#4376=ORIENTED_EDGE('',*,*,#3007,.T.);
#4377=ORIENTED_EDGE('',*,*,#2996,.T.);
#4378=ORIENTED_EDGE('',*,*,#3008,.T.);
#4379=ORIENTED_EDGE('',*,*,#3009,.F.);
#4380=ORIENTED_EDGE('',*,*,#3010,.T.);
#4381=ORIENTED_EDGE('',*,*,#3011,.F.);
#4382=ORIENTED_EDGE('',*,*,#3006,.F.);
#4383=ORIENTED_EDGE('',*,*,#3012,.T.);
#4384=ORIENTED_EDGE('',*,*,#3009,.T.);
#4385=ORIENTED_EDGE('',*,*,#3013,.T.);
#4386=ORIENTED_EDGE('',*,*,#3014,.F.);
#4387=ORIENTED_EDGE('',*,*,#3015,.T.);
#4388=ORIENTED_EDGE('',*,*,#3004,.F.);
#4389=ORIENTED_EDGE('',*,*,#3012,.F.);
#4390=ORIENTED_EDGE('',*,*,#3005,.F.);
#4391=ORIENTED_EDGE('',*,*,#3015,.F.);
#4392=ORIENTED_EDGE('',*,*,#2973,.T.);
#4393=ORIENTED_EDGE('',*,*,#2972,.T.);
#4394=ORIENTED_EDGE('',*,*,#3016,.T.);
#4395=ORIENTED_EDGE('',*,*,#3017,.T.);
#4396=ORIENTED_EDGE('',*,*,#3018,.T.);
#4397=ORIENTED_EDGE('',*,*,#2974,.T.);
#4398=ORIENTED_EDGE('',*,*,#3019,.T.);
#4399=ORIENTED_EDGE('',*,*,#3016,.F.);
#4400=ORIENTED_EDGE('',*,*,#2971,.T.);
#4401=ORIENTED_EDGE('',*,*,#2965,.T.);
#4402=ORIENTED_EDGE('',*,*,#2975,.T.);
#4403=ORIENTED_EDGE('',*,*,#3018,.F.);
#4404=ORIENTED_EDGE('',*,*,#3017,.F.);
#4405=ORIENTED_EDGE('',*,*,#3019,.F.);
#4406=ORIENTED_EDGE('',*,*,#3020,.F.);
#4407=ORIENTED_EDGE('',*,*,#3021,.F.);
#4408=ORIENTED_EDGE('',*,*,#3020,.T.);
#4409=ORIENTED_EDGE('',*,*,#2944,.T.);
#4410=ORIENTED_EDGE('',*,*,#2997,.F.);
#4411=ORIENTED_EDGE('',*,*,#3007,.F.);
#4412=ORIENTED_EDGE('',*,*,#3011,.T.);
#4413=ORIENTED_EDGE('',*,*,#3010,.F.);
#4414=ORIENTED_EDGE('',*,*,#3013,.F.);
#4415=ORIENTED_EDGE('',*,*,#3008,.F.);
#4416=ORIENTED_EDGE('',*,*,#2995,.F.);
#4417=ORIENTED_EDGE('',*,*,#3001,.F.);
#4418=ORIENTED_EDGE('',*,*,#3002,.T.);
#4419=ORIENTED_EDGE('',*,*,#2937,.T.);
#4420=ORIENTED_EDGE('',*,*,#2920,.T.);
#4421=ORIENTED_EDGE('',*,*,#2984,.F.);
#4422=ORIENTED_EDGE('',*,*,#2977,.F.);
#4423=ORIENTED_EDGE('',*,*,#2348,.F.);
#4424=ORIENTED_EDGE('',*,*,#2991,.F.);
#4425=ORIENTED_EDGE('',*,*,#3022,.T.);
#4426=ORIENTED_EDGE('',*,*,#2916,.T.);
#4427=ORIENTED_EDGE('',*,*,#3022,.F.);
#4428=ORIENTED_EDGE('',*,*,#2990,.F.);
#4429=ORIENTED_EDGE('',*,*,#3023,.T.);
#4430=ORIENTED_EDGE('',*,*,#2914,.T.);
#4431=ORIENTED_EDGE('',*,*,#2915,.T.);
#4432=ORIENTED_EDGE('',*,*,#3023,.F.);
#4433=ORIENTED_EDGE('',*,*,#2989,.F.);
#4434=ORIENTED_EDGE('',*,*,#3024,.F.);
#4435=ORIENTED_EDGE('',*,*,#2987,.F.);
#4436=ORIENTED_EDGE('',*,*,#2992,.T.);
#4437=ORIENTED_EDGE('',*,*,#2988,.F.);
#4438=ORIENTED_EDGE('',*,*,#3024,.T.);
#4439=ORIENTED_EDGE('',*,*,#2999,.F.);
#4440=ORIENTED_EDGE('',*,*,#3003,.T.);
#4441=ORIENTED_EDGE('',*,*,#2872,.T.);
#4442=ORIENTED_EDGE('',*,*,#2755,.T.);
#4443=ORIENTED_EDGE('',*,*,#2904,.T.);
#4444=ORIENTED_EDGE('',*,*,#2845,.T.);
#4445=ORIENTED_EDGE('',*,*,#2851,.T.);
#4446=ORIENTED_EDGE('',*,*,#2906,.T.);
#4447=ORIENTED_EDGE('',*,*,#2876,.T.);
#4448=ORIENTED_EDGE('',*,*,#2762,.T.);
#4449=ORIENTED_EDGE('',*,*,#3014,.T.);
#4450=ORIENTED_EDGE('',*,*,#3021,.T.);
#4451=ORIENTED_EDGE('',*,*,#2935,.T.);
#4452=ORIENTED_EDGE('',*,*,#2949,.T.);
#4453=ORIENTED_EDGE('',*,*,#2927,.T.);
#4454=ORIENTED_EDGE('',*,*,#2922,.T.);
#4455=ORIENTED_EDGE('',*,*,#2917,.T.);
#4456=ORIENTED_EDGE('',*,*,#2912,.T.);
#4457=ORIENTED_EDGE('',*,*,#2945,.T.);
#4458=ORIENTED_EDGE('',*,*,#2940,.T.);
#4459=PLANE('',#4874);
#4460=PLANE('',#4875);
#4461=PLANE('',#4876);
#4462=PLANE('',#4877);
#4463=PLANE('',#4878);
#4464=PLANE('',#4879);
#4465=PLANE('',#4880);
#4466=PLANE('',#4881);
#4467=PLANE('',#4882);
#4468=PLANE('',#4887);
#4469=PLANE('',#4888);
#4470=PLANE('',#4889);
#4471=PLANE('',#4890);
#4472=PLANE('',#4911);
#4473=PLANE('',#4912);
#4474=PLANE('',#4913);
#4475=PLANE('',#4914);
#4476=PLANE('',#4915);
#4477=PLANE('',#4916);
#4478=PLANE('',#4917);
#4479=PLANE('',#4918);
#4480=PLANE('',#4919);
#4481=PLANE('',#4920);
#4482=PLANE('',#4921);
#4483=PLANE('',#4923);
#4484=PLANE('',#4924);
#4485=PLANE('',#4925);
#4486=PLANE('',#4926);
#4487=PLANE('',#4927);
#4488=PLANE('',#4928);
#4489=PLANE('',#4929);
#4490=PLANE('',#4930);
#4491=PLANE('',#4931);
#4492=PLANE('',#4932);
#4493=PLANE('',#4935);
#4494=PLANE('',#4936);
#4495=PLANE('',#4937);
#4496=PLANE('',#4938);
#4497=PLANE('',#4957);
#4498=PLANE('',#4961);
#4499=PLANE('',#4962);
#4500=PLANE('',#4967);
#4501=PLANE('',#4968);
#4502=PLANE('',#4969);
#4503=PLANE('',#4970);
#4504=PLANE('',#4971);
#4505=PLANE('',#4972);
#4506=PLANE('',#4973);
#4507=PLANE('',#4974);
#4508=PLANE('',#4975);
#4509=PLANE('',#4976);
#4510=PLANE('',#4977);
#4511=PLANE('',#4978);
#4512=PLANE('',#4979);
#4513=PLANE('',#4980);
#4514=PLANE('',#4981);
#4515=PLANE('',#4982);
#4516=PLANE('',#4983);
#4517=PLANE('',#4984);
#4518=PLANE('',#4985);
#4519=PLANE('',#4986);
#4520=PLANE('',#4987);
#4521=PLANE('',#4988);
#4522=PLANE('',#4989);
#4523=PLANE('',#4990);
#4524=PLANE('',#4991);
#4525=PLANE('',#4992);
#4526=PLANE('',#4993);
#4527=PLANE('',#4994);
#4528=PLANE('',#4995);
#4529=PLANE('',#4996);
#4530=PLANE('',#4997);
#4531=PLANE('',#4998);
#4532=PLANE('',#4999);
#4533=PLANE('',#5000);
#4534=PLANE('',#5001);
#4535=PLANE('',#5002);
#4536=PLANE('',#5003);
#4537=PLANE('',#5004);
#4538=PLANE('',#5005);
#4539=PLANE('',#5006);
#4540=PLANE('',#5007);
#4541=PLANE('',#5008);
#4542=PLANE('',#5009);
#4543=PLANE('',#5010);
#4544=PLANE('',#5011);
#4545=PLANE('',#5012);
#4546=PLANE('',#5013);
#4547=PLANE('',#5014);
#4548=PLANE('',#5015);
#4549=PLANE('',#5016);
#4550=PLANE('',#5017);
#4551=PLANE('',#5018);
#4552=PLANE('',#5019);
#4553=PLANE('',#5020);
#4554=PLANE('',#5021);
#4555=PLANE('',#5022);
#4556=PLANE('',#5023);
#4557=PLANE('',#5024);
#4558=PLANE('',#5026);
#4559=PLANE('',#5027);
#4560=PLANE('',#5028);
#4561=PLANE('',#5049);
#4562=PLANE('',#5068);
#4563=PLANE('',#5069);
#4564=PLANE('',#5070);
#4565=PLANE('',#5071);
#4566=PLANE('',#5072);
#4567=PLANE('',#5073);
#4568=PLANE('',#5074);
#4569=PLANE('',#5075);
#4570=PLANE('',#5076);
#4571=PLANE('',#5080);
#4572=PLANE('',#5081);
#4573=PLANE('',#5082);
#4574=PLANE('',#5083);
#4575=PLANE('',#5084);
#4576=PLANE('',#5085);
#4577=PLANE('',#5086);
#4578=PLANE('',#5089);
#4579=PLANE('',#5090);
#4580=PLANE('',#5095);
#4581=PLANE('',#5098);
#4582=PLANE('',#5099);
#4583=PLANE('',#5103);
#4584=PLANE('',#5104);
#4585=PLANE('',#5108);
#4586=PLANE('',#5109);
#4587=PLANE('',#5110);
#4588=PLANE('',#5113);
#4589=PLANE('',#5114);
#4590=PLANE('',#5115);
#4591=PLANE('',#5116);
#4592=PLANE('',#5117);
#4593=PLANE('',#5118);
#4594=PLANE('',#5119);
#4595=PLANE('',#5120);
#4596=PLANE('',#5121);
#4597=PLANE('',#5122);
#4598=PLANE('',#5123);
#4599=PLANE('',#5124);
#4600=PLANE('',#5125);
#4601=PLANE('',#5126);
#4602=PLANE('',#5127);
#4603=PLANE('',#5128);
#4604=PLANE('',#5129);
#4605=PLANE('',#5130);
#4606=PLANE('',#5131);
#4607=PLANE('',#5132);
#4608=PLANE('',#5137);
#4609=PLANE('',#5138);
#4610=PLANE('',#5139);
#4611=ADVANCED_FACE('',(#372),#4459,.T.);
#4612=ADVANCED_FACE('',(#373),#4460,.T.);
#4613=ADVANCED_FACE('',(#374),#4461,.T.);
#4614=ADVANCED_FACE('',(#375),#4462,.T.);
#4615=ADVANCED_FACE('',(#376),#4463,.T.);
#4616=ADVANCED_FACE('',(#377),#4464,.F.);
#4617=ADVANCED_FACE('',(#378),#4465,.F.);
#4618=ADVANCED_FACE('',(#379),#4466,.T.);
#4619=ADVANCED_FACE('',(#380,#146,#147,#148,#149,#150),#4467,.F.);
#4620=ADVANCED_FACE('',(#381),#4468,.F.);
#4621=ADVANCED_FACE('',(#382),#4469,.T.);
#4622=ADVANCED_FACE('',(#383),#4470,.T.);
#4623=ADVANCED_FACE('',(#384),#4471,.T.);
#4624=ADVANCED_FACE('',(#385),#94,.T.);
#4625=ADVANCED_FACE('',(#386),#95,.T.);
#4626=ADVANCED_FACE('',(#387),#62,.F.);
#4627=ADVANCED_FACE('',(#388),#96,.T.);
#4628=ADVANCED_FACE('',(#389),#97,.T.);
#4629=ADVANCED_FACE('',(#390),#63,.F.);
#4630=ADVANCED_FACE('',(#391),#98,.T.);
#4631=ADVANCED_FACE('',(#392),#99,.T.);
#4632=ADVANCED_FACE('',(#393),#100,.T.);
#4633=ADVANCED_FACE('',(#394),#101,.T.);
#4634=ADVANCED_FACE('',(#395),#102,.T.);
#4635=ADVANCED_FACE('',(#396),#103,.T.);
#4636=ADVANCED_FACE('',(#397),#104,.T.);
#4637=ADVANCED_FACE('',(#398),#105,.T.);
#4638=ADVANCED_FACE('',(#399),#64,.F.);
#4639=ADVANCED_FACE('',(#400),#65,.T.);
#4640=ADVANCED_FACE('',(#401),#106,.T.);
#4641=ADVANCED_FACE('',(#402),#107,.T.);
#4642=ADVANCED_FACE('',(#403),#108,.T.);
#4643=ADVANCED_FACE('',(#404),#109,.T.);
#4644=ADVANCED_FACE('',(#405),#110,.T.);
#4645=ADVANCED_FACE('',(#406),#111,.T.);
#4646=ADVANCED_FACE('',(#407),#112,.T.);
#4647=ADVANCED_FACE('',(#408),#113,.T.);
#4648=ADVANCED_FACE('',(#409),#66,.F.);
#4649=ADVANCED_FACE('',(#410),#67,.T.);
#4650=ADVANCED_FACE('',(#411),#4472,.T.);
#4651=ADVANCED_FACE('',(#412),#4473,.T.);
#4652=ADVANCED_FACE('',(#413),#4474,.T.);
#4653=ADVANCED_FACE('',(#414),#4475,.T.);
#4654=ADVANCED_FACE('',(#415),#4476,.F.);
#4655=ADVANCED_FACE('',(#416),#4477,.T.);
#4656=ADVANCED_FACE('',(#417),#4478,.T.);
#4657=ADVANCED_FACE('',(#418),#4479,.T.);
#4658=ADVANCED_FACE('',(#419),#4480,.T.);
#4659=ADVANCED_FACE('',(#420),#4481,.T.);
#4660=ADVANCED_FACE('',(#421,#151),#4482,.T.);
#4661=ADVANCED_FACE('',(#422),#4483,.T.);
#4662=ADVANCED_FACE('',(#423),#4484,.T.);
#4663=ADVANCED_FACE('',(#424),#4485,.T.);
#4664=ADVANCED_FACE('',(#425),#4486,.T.);
#4665=ADVANCED_FACE('',(#426),#4487,.T.);
#4666=ADVANCED_FACE('',(#427),#4488,.T.);
#4667=ADVANCED_FACE('',(#428),#4489,.T.);
#4668=ADVANCED_FACE('',(#429),#4490,.T.);
#4669=ADVANCED_FACE('',(#430),#4491,.T.);
#4670=ADVANCED_FACE('',(#431,#152,#153),#4492,.T.);
#4671=ADVANCED_FACE('',(#432),#4493,.T.);
#4672=ADVANCED_FACE('',(#433),#4494,.T.);
#4673=ADVANCED_FACE('',(#434),#4495,.T.);
#4674=ADVANCED_FACE('',(#435),#4496,.T.);
#4675=ADVANCED_FACE('',(#436),#17,.F.);
#4676=ADVANCED_FACE('',(#437),#68,.F.);
#4677=ADVANCED_FACE('',(#438),#18,.F.);
#4678=ADVANCED_FACE('',(#439),#69,.F.);
#4679=ADVANCED_FACE('',(#440),#19,.F.);
#4680=ADVANCED_FACE('',(#441),#70,.F.);
#4681=ADVANCED_FACE('',(#442),#20,.F.);
#4682=ADVANCED_FACE('',(#443),#71,.F.);
#4683=ADVANCED_FACE('',(#444),#21,.F.);
#4684=ADVANCED_FACE('',(#445,#154),#4497,.T.);
#4685=ADVANCED_FACE('',(#446),#22,.F.);
#4686=ADVANCED_FACE('',(#447),#23,.F.);
#4687=ADVANCED_FACE('',(#448),#24,.F.);
#4688=ADVANCED_FACE('',(#449),#4498,.T.);
#4689=ADVANCED_FACE('',(#450),#4499,.T.);
#4690=ADVANCED_FACE('',(#451),#72,.F.);
#4691=ADVANCED_FACE('',(#452),#73,.F.);
#4692=ADVANCED_FACE('',(#453),#4500,.T.);
#4693=ADVANCED_FACE('',(#454),#4501,.T.);
#4694=ADVANCED_FACE('',(#455),#4502,.F.);
#4695=ADVANCED_FACE('',(#456),#4503,.T.);
#4696=ADVANCED_FACE('',(#457),#4504,.T.);
#4697=ADVANCED_FACE('',(#458),#4505,.T.);
#4698=ADVANCED_FACE('',(#459),#4506,.T.);
#4699=ADVANCED_FACE('',(#460),#4507,.T.);
#4700=ADVANCED_FACE('',(#461),#4508,.F.);
#4701=ADVANCED_FACE('',(#462),#4509,.F.);
#4702=ADVANCED_FACE('',(#463),#4510,.F.);
#4703=ADVANCED_FACE('',(#464),#4511,.F.);
#4704=ADVANCED_FACE('',(#465),#4512,.F.);
#4705=ADVANCED_FACE('',(#466),#4513,.F.);
#4706=ADVANCED_FACE('',(#467),#4514,.F.);
#4707=ADVANCED_FACE('',(#468),#4515,.F.);
#4708=ADVANCED_FACE('',(#469),#4516,.F.);
#4709=ADVANCED_FACE('',(#470),#4517,.F.);
#4710=ADVANCED_FACE('',(#471),#4518,.F.);
#4711=ADVANCED_FACE('',(#472),#4519,.F.);
#4712=ADVANCED_FACE('',(#473),#4520,.T.);
#4713=ADVANCED_FACE('',(#474),#4521,.T.);
#4714=ADVANCED_FACE('',(#475),#4522,.T.);
#4715=ADVANCED_FACE('',(#476),#4523,.T.);
#4716=ADVANCED_FACE('',(#477),#4524,.T.);
#4717=ADVANCED_FACE('',(#478),#4525,.T.);
#4718=ADVANCED_FACE('',(#479),#4526,.T.);
#4719=ADVANCED_FACE('',(#480),#4527,.T.);
#4720=ADVANCED_FACE('',(#481),#4528,.T.);
#4721=ADVANCED_FACE('',(#482),#4529,.T.);
#4722=ADVANCED_FACE('',(#483),#4530,.T.);
#4723=ADVANCED_FACE('',(#484),#4531,.T.);
#4724=ADVANCED_FACE('',(#485),#4532,.T.);
#4725=ADVANCED_FACE('',(#486),#4533,.T.);
#4726=ADVANCED_FACE('',(#487),#4534,.T.);
#4727=ADVANCED_FACE('',(#488),#4535,.T.);
#4728=ADVANCED_FACE('',(#489),#4536,.T.);
#4729=ADVANCED_FACE('',(#490),#4537,.F.);
#4730=ADVANCED_FACE('',(#491,#155),#4538,.F.);
#4731=ADVANCED_FACE('',(#492),#4539,.T.);
#4732=ADVANCED_FACE('',(#493),#4540,.F.);
#4733=ADVANCED_FACE('',(#494),#4541,.T.);
#4734=ADVANCED_FACE('',(#495),#4542,.F.);
#4735=ADVANCED_FACE('',(#496),#4543,.T.);
#4736=ADVANCED_FACE('',(#497),#4544,.F.);
#4737=ADVANCED_FACE('',(#498),#4545,.T.);
#4738=ADVANCED_FACE('',(#499),#4546,.F.);
#4739=ADVANCED_FACE('',(#500),#4547,.T.);
#4740=ADVANCED_FACE('',(#501),#4548,.F.);
#4741=ADVANCED_FACE('',(#502),#4549,.T.);
#4742=ADVANCED_FACE('',(#503),#4550,.F.);
#4743=ADVANCED_FACE('',(#504),#4551,.T.);
#4744=ADVANCED_FACE('',(#505),#4552,.F.);
#4745=ADVANCED_FACE('',(#506),#4553,.T.);
#4746=ADVANCED_FACE('',(#507),#4554,.F.);
#4747=ADVANCED_FACE('',(#508,#156),#4555,.T.);
#4748=ADVANCED_FACE('',(#509),#4556,.T.);
#4749=ADVANCED_FACE('',(#510,#157),#4557,.T.);
#4750=ADVANCED_FACE('',(#511),#4558,.T.);
#4751=ADVANCED_FACE('',(#512),#4559,.F.);
#4752=ADVANCED_FACE('',(#513),#4560,.F.);
#4753=ADVANCED_FACE('',(#514),#114,.F.);
#4754=ADVANCED_FACE('',(#515),#115,.F.);
#4755=ADVANCED_FACE('',(#516),#116,.F.);
#4756=ADVANCED_FACE('',(#517),#74,.T.);
#4757=ADVANCED_FACE('',(#518),#75,.F.);
#4758=ADVANCED_FACE('',(#519),#117,.F.);
#4759=ADVANCED_FACE('',(#520),#118,.F.);
#4760=ADVANCED_FACE('',(#521),#119,.F.);
#4761=ADVANCED_FACE('',(#522),#76,.F.);
#4762=ADVANCED_FACE('',(#523),#77,.F.);
#4763=ADVANCED_FACE('',(#524),#120,.F.);
#4764=ADVANCED_FACE('',(#525),#121,.F.);
#4765=ADVANCED_FACE('',(#526),#122,.F.);
#4766=ADVANCED_FACE('',(#527),#78,.F.);
#4767=ADVANCED_FACE('',(#528),#79,.F.);
#4768=ADVANCED_FACE('',(#529),#123,.F.);
#4769=ADVANCED_FACE('',(#530),#124,.F.);
#4770=ADVANCED_FACE('',(#531),#125,.F.);
#4771=ADVANCED_FACE('',(#532),#80,.F.);
#4772=ADVANCED_FACE('',(#533),#81,.F.);
#4773=ADVANCED_FACE('',(#534),#82,.F.);
#4774=ADVANCED_FACE('',(#535,#158),#4561,.F.);
#4775=ADVANCED_FACE('',(#536),#83,.F.);
#4776=ADVANCED_FACE('',(#537),#84,.T.);
#4777=ADVANCED_FACE('',(#538),#85,.T.);
#4778=ADVANCED_FACE('',(#539),#86,.F.);
#4779=ADVANCED_FACE('',(#540),#87,.F.);
#4780=ADVANCED_FACE('',(#541),#88,.F.);
#4781=ADVANCED_FACE('',(#542),#4562,.F.);
#4782=ADVANCED_FACE('',(#543),#4563,.T.);
#4783=ADVANCED_FACE('',(#544),#4564,.T.);
#4784=ADVANCED_FACE('',(#545),#4565,.T.);
#4785=ADVANCED_FACE('',(#546),#4566,.T.);
#4786=ADVANCED_FACE('',(#547),#4567,.T.);
#4787=ADVANCED_FACE('',(#548),#4568,.T.);
#4788=ADVANCED_FACE('',(#549),#4569,.T.);
#4789=ADVANCED_FACE('',(#550,#159),#4570,.T.);
#4790=ADVANCED_FACE('',(#551),#25,.F.);
#4791=ADVANCED_FACE('',(#552),#89,.F.);
#4792=ADVANCED_FACE('',(#553),#4571,.T.);
#4793=ADVANCED_FACE('',(#554),#4572,.F.);
#4794=ADVANCED_FACE('',(#555),#4573,.T.);
#4795=ADVANCED_FACE('',(#556),#4574,.F.);
#4796=ADVANCED_FACE('',(#557),#4575,.F.);
#4797=ADVANCED_FACE('',(#558),#4576,.F.);
#4798=ADVANCED_FACE('',(#559),#4577,.F.);
#4799=ADVANCED_FACE('',(#560),#4578,.F.);
#4800=ADVANCED_FACE('',(#561,#160),#4579,.F.);
#4801=ADVANCED_FACE('',(#562),#90,.F.);
#4802=ADVANCED_FACE('',(#563,#161),#4580,.F.);
#4803=ADVANCED_FACE('',(#564),#4581,.F.);
#4804=ADVANCED_FACE('',(#565),#4582,.F.);
#4805=ADVANCED_FACE('',(#566),#91,.F.);
#4806=ADVANCED_FACE('',(#567),#92,.T.);
#4807=ADVANCED_FACE('',(#568),#4583,.F.);
#4808=ADVANCED_FACE('',(#569),#4584,.F.);
#4809=ADVANCED_FACE('',(#570),#93,.F.);
#4810=ADVANCED_FACE('',(#571),#4585,.F.);
#4811=ADVANCED_FACE('',(#572),#4586,.F.);
#4812=ADVANCED_FACE('',(#573),#4587,.F.);
#4813=ADVANCED_FACE('',(#574),#26,.F.);
#4814=ADVANCED_FACE('',(#575),#27,.F.);
#4815=ADVANCED_FACE('',(#576),#4588,.F.);
#4816=ADVANCED_FACE('',(#577),#4589,.F.);
#4817=ADVANCED_FACE('',(#578),#4590,.F.);
#4818=ADVANCED_FACE('',(#579),#4591,.F.);
#4819=ADVANCED_FACE('',(#580),#4592,.F.);
#4820=ADVANCED_FACE('',(#581,#162),#4593,.F.);
#4821=ADVANCED_FACE('',(#582),#4594,.F.);
#4822=ADVANCED_FACE('',(#583),#4595,.F.);
#4823=ADVANCED_FACE('',(#584),#4596,.F.);
#4824=ADVANCED_FACE('',(#585),#4597,.F.);
#4825=ADVANCED_FACE('',(#586),#4598,.F.);
#4826=ADVANCED_FACE('',(#587),#4599,.F.);
#4827=ADVANCED_FACE('',(#588),#4600,.F.);
#4828=ADVANCED_FACE('',(#589),#4601,.F.);
#4829=ADVANCED_FACE('',(#590),#126,.T.);
#4830=ADVANCED_FACE('',(#591),#127,.T.);
#4831=ADVANCED_FACE('',(#592),#128,.T.);
#4832=ADVANCED_FACE('',(#593),#129,.T.);
#4833=ADVANCED_FACE('',(#594),#130,.T.);
#4834=ADVANCED_FACE('',(#595),#131,.T.);
#4835=ADVANCED_FACE('',(#596),#132,.T.);
#4836=ADVANCED_FACE('',(#597),#4602,.T.);
#4837=ADVANCED_FACE('',(#598),#4603,.T.);
#4838=ADVANCED_FACE('',(#599),#4604,.T.);
#4839=ADVANCED_FACE('',(#600),#4605,.T.);
#4840=ADVANCED_FACE('',(#601),#133,.T.);
#4841=ADVANCED_FACE('',(#602),#134,.T.);
#4842=ADVANCED_FACE('',(#603),#4606,.T.);
#4843=ADVANCED_FACE('',(#604),#135,.T.);
#4844=ADVANCED_FACE('',(#605),#136,.T.);
#4845=ADVANCED_FACE('',(#606),#4607,.T.);
#4846=ADVANCED_FACE('',(#607),#137,.T.);
#4847=ADVANCED_FACE('',(#608),#138,.T.);
#4848=ADVANCED_FACE('',(#609),#139,.T.);
#4849=ADVANCED_FACE('',(#610),#28,.F.);
#4850=ADVANCED_FACE('',(#611),#140,.T.);
#4851=ADVANCED_FACE('',(#612),#141,.T.);
#4852=ADVANCED_FACE('',(#613),#29,.F.);
#4853=ADVANCED_FACE('',(#614),#142,.T.);
#4854=ADVANCED_FACE('',(#615),#143,.T.);
#4855=ADVANCED_FACE('',(#616),#144,.T.);
#4856=ADVANCED_FACE('',(#617),#145,.T.);
#4857=ADVANCED_FACE('',(#618),#4608,.T.);
#4858=ADVANCED_FACE('',(#619),#4609,.T.);
#4859=ADVANCED_FACE('',(#620,#163,#164,#165),#4610,.F.);
#4860=CLOSED_SHELL('',(#4611,#4612,#4613,#4614,#4615,#4616,#4617,#4618,
#4619,#4620,#4621,#4622,#4623,#4624,#4625,#4626,#4627,#4628,#4629,#4630,
#4631,#4632,#4633,#4634,#4635,#4636,#4637,#4638,#4639,#4640,#4641,#4642,
#4643,#4644,#4645,#4646,#4647,#4648,#4649,#4650,#4651,#4652,#4653,#4654,
#4655,#4656,#4657,#4658,#4659,#4660,#4661,#4662,#4663,#4664,#4665,#4666,
#4667,#4668,#4669,#4670,#4671,#4672,#4673,#4674,#4675,#4676,#4677,#4678,
#4679,#4680,#4681,#4682,#4683,#4684,#4685,#4686,#4687,#4688,#4689,#4690,
#4691,#4692,#4693,#4694,#4695,#4696,#4697,#4698,#4699,#4700,#4701,#4702,
#4703,#4704,#4705,#4706,#4707,#4708,#4709,#4710,#4711,#4712,#4713,#4714,
#4715,#4716,#4717,#4718,#4719,#4720,#4721,#4722,#4723,#4724,#4725,#4726,
#4727,#4728,#4729,#4730,#4731,#4732,#4733,#4734,#4735,#4736,#4737,#4738,
#4739,#4740,#4741,#4742,#4743,#4744,#4745,#4746,#4747,#4748,#4749,#4750,
#4751,#4752,#4753,#4754,#4755,#4756,#4757,#4758,#4759,#4760,#4761,#4762,
#4763,#4764,#4765,#4766,#4767,#4768,#4769,#4770,#4771,#4772,#4773,#4774,
#4775,#4776,#4777,#4778,#4779,#4780,#4781,#4782,#4783,#4784,#4785,#4786,
#4787,#4788,#4789,#4790,#4791,#4792,#4793,#4794,#4795,#4796,#4797,#4798,
#4799,#4800,#4801,#4802,#4803,#4804,#4805,#4806,#4807,#4808,#4809,#4810,
#4811,#4812,#4813,#4814,#4815,#4816,#4817,#4818,#4819,#4820,#4821,#4822,
#4823,#4824,#4825,#4826,#4827,#4828,#4829,#4830,#4831,#4832,#4833,#4834,
#4835,#4836,#4837,#4838,#4839,#4840,#4841,#4842,#4843,#4844,#4845,#4846,
#4847,#4848,#4849,#4850,#4851,#4852,#4853,#4854,#4855,#4856,#4857,#4858,
#4859));
#4861=DERIVED_UNIT_ELEMENT(#4863,1.);
#4862=DERIVED_UNIT_ELEMENT(#10318,-3.);
#4863=(
MASS_UNIT()
NAMED_UNIT(*)
SI_UNIT(.KILO.,.GRAM.)
);
#4864=DERIVED_UNIT((#4861,#4862));
#4865=MEASURE_REPRESENTATION_ITEM('density measure',
POSITIVE_RATIO_MEASURE(7850.),#4864);
#4866=PROPERTY_DEFINITION_REPRESENTATION(#4871,#4868);
#4867=PROPERTY_DEFINITION_REPRESENTATION(#4872,#4869);
#4868=REPRESENTATION('material name',(#4870),#10315);
#4869=REPRESENTATION('density',(#4865),#10315);
#4870=DESCRIPTIVE_REPRESENTATION_ITEM('Steel','Steel');
#4871=PROPERTY_DEFINITION('material property','material name',#10325);
#4872=PROPERTY_DEFINITION('material property','density of part',#10325);
#4873=AXIS2_PLACEMENT_3D('',#6151,#5140,#5141);
#4874=AXIS2_PLACEMENT_3D('',#6152,#5142,#5143);
#4875=AXIS2_PLACEMENT_3D('',#6165,#5150,#5151);
#4876=AXIS2_PLACEMENT_3D('',#6322,#5167,#5168);
#4877=AXIS2_PLACEMENT_3D('',#6341,#5175,#5176);
#4878=AXIS2_PLACEMENT_3D('',#6352,#5182,#5183);
#4879=AXIS2_PLACEMENT_3D('',#6370,#5190,#5191);
#4880=AXIS2_PLACEMENT_3D('',#6387,#5200,#5201);
#4881=AXIS2_PLACEMENT_3D('',#6394,#5205,#5206);
#4882=AXIS2_PLACEMENT_3D('',#6400,#5210,#5211);
#4883=AXIS2_PLACEMENT_3D('',#6446,#5235,#5236);
#4884=AXIS2_PLACEMENT_3D('',#6448,#5237,#5238);
#4885=AXIS2_PLACEMENT_3D('',#6450,#5239,#5240);
#4886=AXIS2_PLACEMENT_3D('',#6452,#5241,#5242);
#4887=AXIS2_PLACEMENT_3D('',#6482,#5259,#5260);
#4888=AXIS2_PLACEMENT_3D('',#6484,#5262,#5263);
#4889=AXIS2_PLACEMENT_3D('',#6519,#5282,#5283);
#4890=AXIS2_PLACEMENT_3D('',#6527,#5288,#5289);
#4891=AXIS2_PLACEMENT_3D('',#6674,#5294,#5295);
#4892=AXIS2_PLACEMENT_3D('',#6875,#5297,#5298);
#4893=AXIS2_PLACEMENT_3D('',#7187,#5308,#5309);
#4894=AXIS2_PLACEMENT_3D('',#7191,#5311,#5312);
#4895=AXIS2_PLACEMENT_3D('',#7193,#5314,#5315);
#4896=AXIS2_PLACEMENT_3D('',#7197,#5317,#5318);
#4897=AXIS2_PLACEMENT_3D('',#7199,#5319,#5320);
#4898=AXIS2_PLACEMENT_3D('',#7201,#5321,#5322);
#4899=AXIS2_PLACEMENT_3D('',#7205,#5324,#5325);
#4900=AXIS2_PLACEMENT_3D('',#7207,#5326,#5327);
#4901=AXIS2_PLACEMENT_3D('',#7208,#5328,#5329);
#4902=AXIS2_PLACEMENT_3D('',#7455,#5338,#5339);
#4903=AXIS2_PLACEMENT_3D('',#7459,#5341,#5342);
#4904=AXIS2_PLACEMENT_3D('',#7461,#5344,#5345);
#4905=AXIS2_PLACEMENT_3D('',#7465,#5347,#5348);
#4906=AXIS2_PLACEMENT_3D('',#7467,#5349,#5350);
#4907=AXIS2_PLACEMENT_3D('',#7469,#5351,#5352);
#4908=AXIS2_PLACEMENT_3D('',#7473,#5354,#5355);
#4909=AXIS2_PLACEMENT_3D('',#7475,#5356,#5357);
#4910=AXIS2_PLACEMENT_3D('',#7476,#5358,#5359);
#4911=AXIS2_PLACEMENT_3D('',#7477,#5360,#5361);
#4912=AXIS2_PLACEMENT_3D('',#7488,#5367,#5368);
#4913=AXIS2_PLACEMENT_3D('',#7494,#5372,#5373);
#4914=AXIS2_PLACEMENT_3D('',#7499,#5377,#5378);
#4915=AXIS2_PLACEMENT_3D('',#7506,#5383,#5384);
#4916=AXIS2_PLACEMENT_3D('',#7508,#5386,#5387);
#4917=AXIS2_PLACEMENT_3D('',#7509,#5388,#5389);
#4918=AXIS2_PLACEMENT_3D('',#7518,#5394,#5395);
#4919=AXIS2_PLACEMENT_3D('',#7526,#5400,#5401);
#4920=AXIS2_PLACEMENT_3D('',#7531,#5405,#5406);
#4921=AXIS2_PLACEMENT_3D('',#7538,#5411,#5412);
#4922=AXIS2_PLACEMENT_3D('',#7549,#5418,#5419);
#4923=AXIS2_PLACEMENT_3D('',#7550,#5420,#5421);
#4924=AXIS2_PLACEMENT_3D('',#7556,#5425,#5426);
#4925=AXIS2_PLACEMENT_3D('',#7562,#5430,#5431);
#4926=AXIS2_PLACEMENT_3D('',#7568,#5435,#5436);
#4927=AXIS2_PLACEMENT_3D('',#7574,#5440,#5441);
#4928=AXIS2_PLACEMENT_3D('',#7580,#5445,#5446);
#4929=AXIS2_PLACEMENT_3D('',#7586,#5450,#5451);
#4930=AXIS2_PLACEMENT_3D('',#7592,#5455,#5456);
#4931=AXIS2_PLACEMENT_3D('',#7598,#5460,#5461);
#4932=AXIS2_PLACEMENT_3D('',#7605,#5466,#5467);
#4933=AXIS2_PLACEMENT_3D('',#7611,#5471,#5472);
#4934=AXIS2_PLACEMENT_3D('',#7613,#5473,#5474);
#4935=AXIS2_PLACEMENT_3D('',#7614,#5475,#5476);
#4936=AXIS2_PLACEMENT_3D('',#7618,#5479,#5480);
#4937=AXIS2_PLACEMENT_3D('',#7620,#5482,#5483);
#4938=AXIS2_PLACEMENT_3D('',#7622,#5485,#5486);
#4939=AXIS2_PLACEMENT_3D('',#7623,#5487,#5488);
#4940=AXIS2_PLACEMENT_3D('',#7625,#5489,#5490);
#4941=AXIS2_PLACEMENT_3D('',#7627,#5492,#5493);
#4942=AXIS2_PLACEMENT_3D('',#7629,#5494,#5495);
#4943=AXIS2_PLACEMENT_3D('',#7631,#5497,#5498);
#4944=AXIS2_PLACEMENT_3D('',#7633,#5499,#5500);
#4945=AXIS2_PLACEMENT_3D('',#7635,#5502,#5503);
#4946=AXIS2_PLACEMENT_3D('',#7637,#5504,#5505);
#4947=AXIS2_PLACEMENT_3D('',#7639,#5507,#5508);
#4948=AXIS2_PLACEMENT_3D('',#7641,#5509,#5510);
#4949=AXIS2_PLACEMENT_3D('',#7643,#5512,#5513);
#4950=AXIS2_PLACEMENT_3D('',#7645,#5514,#5515);
#4951=AXIS2_PLACEMENT_3D('',#7647,#5517,#5518);
#4952=AXIS2_PLACEMENT_3D('',#7649,#5519,#5520);
#4953=AXIS2_PLACEMENT_3D('',#7651,#5522,#5523);
#4954=AXIS2_PLACEMENT_3D('',#7653,#5524,#5525);
#4955=AXIS2_PLACEMENT_3D('',#7655,#5527,#5528);
#4956=AXIS2_PLACEMENT_3D('',#7657,#5529,#5530);
#4957=AXIS2_PLACEMENT_3D('',#7659,#5532,#5533);
#4958=AXIS2_PLACEMENT_3D('',#7667,#5538,#5539);
#4959=AXIS2_PLACEMENT_3D('',#7669,#5541,#5542);
#4960=AXIS2_PLACEMENT_3D('',#7671,#5544,#5545);
#4961=AXIS2_PLACEMENT_3D('',#7673,#5547,#5548);
#4962=AXIS2_PLACEMENT_3D('',#7675,#5550,#5551);
#4963=AXIS2_PLACEMENT_3D('',#7677,#5553,#5554);
#4964=AXIS2_PLACEMENT_3D('',#7680,#5556,#5557);
#4965=AXIS2_PLACEMENT_3D('',#7681,#5558,#5559);
#4966=AXIS2_PLACEMENT_3D('',#7684,#5561,#5562);
#4967=AXIS2_PLACEMENT_3D('',#7685,#5563,#5564);
#4968=AXIS2_PLACEMENT_3D('',#7690,#5568,#5569);
#4969=AXIS2_PLACEMENT_3D('',#7695,#5573,#5574);
#4970=AXIS2_PLACEMENT_3D('',#7698,#5577,#5578);
#4971=AXIS2_PLACEMENT_3D('',#7700,#5580,#5581);
#4972=AXIS2_PLACEMENT_3D('',#7702,#5583,#5584);
#4973=AXIS2_PLACEMENT_3D('',#7705,#5587,#5588);
#4974=AXIS2_PLACEMENT_3D('',#7706,#5589,#5590);
#4975=AXIS2_PLACEMENT_3D('',#7709,#5593,#5594);
#4976=AXIS2_PLACEMENT_3D('',#7710,#5595,#5596);
#4977=AXIS2_PLACEMENT_3D('',#7716,#5600,#5601);
#4978=AXIS2_PLACEMENT_3D('',#7720,#5604,#5605);
#4979=AXIS2_PLACEMENT_3D('',#7724,#5608,#5609);
#4980=AXIS2_PLACEMENT_3D('',#7728,#5612,#5613);
#4981=AXIS2_PLACEMENT_3D('',#7730,#5615,#5616);
#4982=AXIS2_PLACEMENT_3D('',#7734,#5619,#5620);
#4983=AXIS2_PLACEMENT_3D('',#7738,#5623,#5624);
#4984=AXIS2_PLACEMENT_3D('',#7742,#5627,#5628);
#4985=AXIS2_PLACEMENT_3D('',#7746,#5631,#5632);
#4986=AXIS2_PLACEMENT_3D('',#7750,#5635,#5636);
#4987=AXIS2_PLACEMENT_3D('',#7752,#5638,#5639);
#4988=AXIS2_PLACEMENT_3D('',#7753,#5640,#5641);
#4989=AXIS2_PLACEMENT_3D('',#7759,#5645,#5646);
#4990=AXIS2_PLACEMENT_3D('',#7761,#5648,#5649);
#4991=AXIS2_PLACEMENT_3D('',#7762,#5650,#5651);
#4992=AXIS2_PLACEMENT_3D('',#7763,#5652,#5653);
#4993=AXIS2_PLACEMENT_3D('',#7765,#5655,#5656);
#4994=AXIS2_PLACEMENT_3D('',#7766,#5657,#5658);
#4995=AXIS2_PLACEMENT_3D('',#7767,#5659,#5660);
#4996=AXIS2_PLACEMENT_3D('',#7769,#5662,#5663);
#4997=AXIS2_PLACEMENT_3D('',#7771,#5665,#5666);
#4998=AXIS2_PLACEMENT_3D('',#7773,#5668,#5669);
#4999=AXIS2_PLACEMENT_3D('',#7775,#5671,#5672);
#5000=AXIS2_PLACEMENT_3D('',#7777,#5674,#5675);
#5001=AXIS2_PLACEMENT_3D('',#7779,#5677,#5678);
#5002=AXIS2_PLACEMENT_3D('',#7781,#5680,#5681);
#5003=AXIS2_PLACEMENT_3D('',#7782,#5682,#5683);
#5004=AXIS2_PLACEMENT_3D('',#7790,#5688,#5689);
#5005=AXIS2_PLACEMENT_3D('',#7794,#5692,#5693);
#5006=AXIS2_PLACEMENT_3D('',#7814,#5704,#5705);
#5007=AXIS2_PLACEMENT_3D('',#7823,#5710,#5711);
#5008=AXIS2_PLACEMENT_3D('',#7829,#5715,#5716);
#5009=AXIS2_PLACEMENT_3D('',#7838,#5721,#5722);
#5010=AXIS2_PLACEMENT_3D('',#7841,#5725,#5726);
#5011=AXIS2_PLACEMENT_3D('',#7850,#5731,#5732);
#5012=AXIS2_PLACEMENT_3D('',#7853,#5735,#5736);
#5013=AXIS2_PLACEMENT_3D('',#7856,#5739,#5740);
#5014=AXIS2_PLACEMENT_3D('',#7858,#5742,#5743);
#5015=AXIS2_PLACEMENT_3D('',#7860,#5745,#5746);
#5016=AXIS2_PLACEMENT_3D('',#7862,#5748,#5749);
#5017=AXIS2_PLACEMENT_3D('',#7864,#5751,#5752);
#5018=AXIS2_PLACEMENT_3D('',#7866,#5754,#5755);
#5019=AXIS2_PLACEMENT_3D('',#7868,#5757,#5758);
#5020=AXIS2_PLACEMENT_3D('',#7869,#5759,#5760);
#5021=AXIS2_PLACEMENT_3D('',#7875,#5764,#5765);
#5022=AXIS2_PLACEMENT_3D('',#7878,#5768,#5769);
#5023=AXIS2_PLACEMENT_3D('',#7904,#5783,#5784);
#5024=AXIS2_PLACEMENT_3D('',#7919,#5789,#5790);
#5025=AXIS2_PLACEMENT_3D('',#7926,#5794,#5795);
#5026=AXIS2_PLACEMENT_3D('',#7927,#5796,#5797);
#5027=AXIS2_PLACEMENT_3D('',#7942,#5802,#5803);
#5028=AXIS2_PLACEMENT_3D('',#7959,#5810,#5811);
#5029=AXIS2_PLACEMENT_3D('',#8072,#5818,#5819);
#5030=AXIS2_PLACEMENT_3D('',#8135,#5820,#5821);
#5031=AXIS2_PLACEMENT_3D('',#8139,#5823,#5824);
#5032=AXIS2_PLACEMENT_3D('',#8141,#5825,#5826);
#5033=AXIS2_PLACEMENT_3D('',#8143,#5827,#5828);
#5034=AXIS2_PLACEMENT_3D('',#8145,#5830,#5831);
#5035=AXIS2_PLACEMENT_3D('',#8148,#5833,#5834);
#5036=AXIS2_PLACEMENT_3D('',#8175,#5835,#5836);
#5037=AXIS2_PLACEMENT_3D('',#8319,#5837,#5838);
#5038=AXIS2_PLACEMENT_3D('',#8321,#5839,#5840);
#5039=AXIS2_PLACEMENT_3D('',#8323,#5842,#5843);
#5040=AXIS2_PLACEMENT_3D('',#8351,#5845,#5846);
#5041=AXIS2_PLACEMENT_3D('',#8496,#5847,#5848);
#5042=AXIS2_PLACEMENT_3D('',#8500,#5850,#5851);
#5043=AXIS2_PLACEMENT_3D('',#8502,#5853,#5854);
#5044=AXIS2_PLACEMENT_3D('',#8620,#5856,#5857);
#5045=AXIS2_PLACEMENT_3D('',#8672,#5858,#5859);
#5046=AXIS2_PLACEMENT_3D('',#8676,#5861,#5862);
#5047=AXIS2_PLACEMENT_3D('',#8678,#5864,#5865);
#5048=AXIS2_PLACEMENT_3D('',#8680,#5867,#5868);
#5049=AXIS2_PLACEMENT_3D('',#8682,#5870,#5871);
#5050=AXIS2_PLACEMENT_3D('',#8691,#5877,#5878);
#5051=AXIS2_PLACEMENT_3D('',#8692,#5879,#5880);
#5052=AXIS2_PLACEMENT_3D('',#8695,#5882,#5883);
#5053=AXIS2_PLACEMENT_3D('',#8696,#5884,#5885);
#5054=AXIS2_PLACEMENT_3D('',#8698,#5886,#5887);
#5055=AXIS2_PLACEMENT_3D('',#8700,#5888,#5889);
#5056=AXIS2_PLACEMENT_3D('',#8702,#5890,#5891);
#5057=AXIS2_PLACEMENT_3D('',#8704,#5893,#5894);
#5058=AXIS2_PLACEMENT_3D('',#8706,#5895,#5896);
#5059=AXIS2_PLACEMENT_3D('',#8708,#5897,#5898);
#5060=AXIS2_PLACEMENT_3D('',#8709,#5899,#5900);
#5061=AXIS2_PLACEMENT_3D('',#8710,#5901,#5902);
#5062=AXIS2_PLACEMENT_3D('',#8712,#5903,#5904);
#5063=AXIS2_PLACEMENT_3D('',#8714,#5906,#5907);
#5064=AXIS2_PLACEMENT_3D('',#8715,#5908,#5909);
#5065=AXIS2_PLACEMENT_3D('',#8716,#5910,#5911);
#5066=AXIS2_PLACEMENT_3D('',#8719,#5912,#5913);
#5067=AXIS2_PLACEMENT_3D('',#8723,#5915,#5916);
#5068=AXIS2_PLACEMENT_3D('',#8725,#5918,#5919);
#5069=AXIS2_PLACEMENT_3D('',#8731,#5923,#5924);
#5070=AXIS2_PLACEMENT_3D('',#8735,#5928,#5929);
#5071=AXIS2_PLACEMENT_3D('',#8738,#5932,#5933);
#5072=AXIS2_PLACEMENT_3D('',#8741,#5936,#5937);
#5073=AXIS2_PLACEMENT_3D('',#8742,#5938,#5939);
#5074=AXIS2_PLACEMENT_3D('',#8743,#5940,#5941);
#5075=AXIS2_PLACEMENT_3D('',#8744,#5942,#5943);
#5076=AXIS2_PLACEMENT_3D('',#8745,#5944,#5945);
#5077=AXIS2_PLACEMENT_3D('',#8760,#5954,#5955);
#5078=AXIS2_PLACEMENT_3D('',#8763,#5957,#5958);
#5079=AXIS2_PLACEMENT_3D('',#8764,#5959,#5960);
#5080=AXIS2_PLACEMENT_3D('',#8766,#5962,#5963);
#5081=AXIS2_PLACEMENT_3D('',#8769,#5966,#5967);
#5082=AXIS2_PLACEMENT_3D('',#8771,#5969,#5970);
#5083=AXIS2_PLACEMENT_3D('',#8777,#5974,#5975);
#5084=AXIS2_PLACEMENT_3D('',#8781,#5978,#5979);
#5085=AXIS2_PLACEMENT_3D('',#8783,#5981,#5982);
#5086=AXIS2_PLACEMENT_3D('',#8785,#5984,#5985);
#5087=AXIS2_PLACEMENT_3D('',#8787,#5986,#5987);
#5088=AXIS2_PLACEMENT_3D('',#8789,#5988,#5989);
#5089=AXIS2_PLACEMENT_3D('',#8791,#5991,#5992);
#5090=AXIS2_PLACEMENT_3D('',#8793,#5994,#5995);
#5091=AXIS2_PLACEMENT_3D('',#8795,#5996,#5997);
#5092=AXIS2_PLACEMENT_3D('',#8800,#6002,#6003);
#5093=AXIS2_PLACEMENT_3D('',#8801,#6004,#6005);
#5094=AXIS2_PLACEMENT_3D('',#8802,#6006,#6007);
#5095=AXIS2_PLACEMENT_3D('',#8803,#6008,#6009);
#5096=AXIS2_PLACEMENT_3D('',#8811,#6015,#6016);
#5097=AXIS2_PLACEMENT_3D('',#8814,#6019,#6020);
#5098=AXIS2_PLACEMENT_3D('',#8815,#6021,#6022);
#5099=AXIS2_PLACEMENT_3D('',#8816,#6023,#6024);
#5100=AXIS2_PLACEMENT_3D('',#8817,#6025,#6026);
#5101=AXIS2_PLACEMENT_3D('',#8819,#6028,#6029);
#5102=AXIS2_PLACEMENT_3D('',#8820,#6030,#6031);
#5103=AXIS2_PLACEMENT_3D('',#8821,#6032,#6033);
#5104=AXIS2_PLACEMENT_3D('',#8822,#6034,#6035);
#5105=AXIS2_PLACEMENT_3D('',#8823,#6036,#6037);
#5106=AXIS2_PLACEMENT_3D('',#8824,#6038,#6039);
#5107=AXIS2_PLACEMENT_3D('',#8825,#6040,#6041);
#5108=AXIS2_PLACEMENT_3D('',#8826,#6042,#6043);
#5109=AXIS2_PLACEMENT_3D('',#8827,#6044,#6045);
#5110=AXIS2_PLACEMENT_3D('',#8828,#6046,#6047);
#5111=AXIS2_PLACEMENT_3D('',#8830,#6049,#6050);
#5112=AXIS2_PLACEMENT_3D('',#8831,#6051,#6052);
#5113=AXIS2_PLACEMENT_3D('',#8835,#6053,#6054);
#5114=AXIS2_PLACEMENT_3D('',#8837,#6056,#6057);
#5115=AXIS2_PLACEMENT_3D('',#8838,#6058,#6059);
#5116=AXIS2_PLACEMENT_3D('',#8839,#6060,#6061);
#5117=AXIS2_PLACEMENT_3D('',#8843,#6064,#6065);
#5118=AXIS2_PLACEMENT_3D('',#8845,#6067,#6068);
#5119=AXIS2_PLACEMENT_3D('',#8846,#6069,#6070);
#5120=AXIS2_PLACEMENT_3D('',#8870,#6074,#6075);
#5121=AXIS2_PLACEMENT_3D('',#8892,#6078,#6079);
#5122=AXIS2_PLACEMENT_3D('',#8913,#6082,#6083);
#5123=AXIS2_PLACEMENT_3D('',#8935,#6086,#6087);
#5124=AXIS2_PLACEMENT_3D('',#8960,#6091,#6092);
#5125=AXIS2_PLACEMENT_3D('',#8981,#6095,#6096);
#5126=AXIS2_PLACEMENT_3D('',#9000,#6098,#6099);
#5127=AXIS2_PLACEMENT_3D('',#9407,#6110,#6111);
#5128=AXIS2_PLACEMENT_3D('',#9409,#6113,#6114);
#5129=AXIS2_PLACEMENT_3D('',#9410,#6115,#6116);
#5130=AXIS2_PLACEMENT_3D('',#9444,#6118,#6119);
#5131=AXIS2_PLACEMENT_3D('',#9488,#6122,#6123);
#5132=AXIS2_PLACEMENT_3D('',#9710,#6129,#6130);
#5133=AXIS2_PLACEMENT_3D('',#10010,#6133,#6134);
#5134=AXIS2_PLACEMENT_3D('',#10012,#6135,#6136);
#5135=AXIS2_PLACEMENT_3D('',#10231,#6138,#6139);
#5136=AXIS2_PLACEMENT_3D('',#10234,#6141,#6142);
#5137=AXIS2_PLACEMENT_3D('',#10310,#6145,#6146);
#5138=AXIS2_PLACEMENT_3D('',#10311,#6147,#6148);
#5139=AXIS2_PLACEMENT_3D('',#10312,#6149,#6150);
#5140=DIRECTION('axis',(0.,0.,1.));
#5141=DIRECTION('refdir',(1.,0.,0.));
#5142=DIRECTION('center_axis',(-0.707106781186547,-0.640856382055789,0.29883623873012));
#5143=DIRECTION('ref_axis',(0.389281620635025,0.,0.921118787038766));
#5144=DIRECTION('',(0.644710818692432,-0.4107260894098,0.644710818692432));
#5145=DIRECTION('',(-0.671542934237818,0.740965645273289,0.));
#5146=DIRECTION('',(0.,0.422618261740699,0.90630778703665));
#5147=DIRECTION('',(0.707106781186548,-0.640856382055789,0.29883623873012));
#5148=DIRECTION('',(-0.577350269189625,0.767255811994708,0.27925827763382));
#5149=DIRECTION('',(0.,0.422618261740699,0.90630778703665));
#5150=DIRECTION('center_axis',(-4.13059949755722E-17,-0.422618261740699,
-0.90630778703665));
#5151=DIRECTION('ref_axis',(1.,2.79286026673563E-18,-4.68784549073577E-17));
#5152=DIRECTION('',(1.,1.27499082893423E-15,-6.40114110386244E-16));
#5153=DIRECTION('',(-0.70710678118654,0.640856382055795,-0.298836238730123));
#5154=DIRECTION('',(-2.48997798053321E-15,0.90630778703665,-0.422618261740699));
#5155=DIRECTION('',(-2.48997798053321E-15,0.90630778703665,-0.422618261740699));
#5156=DIRECTION('',(-0.987105477747584,0.145073737477167,-0.0676489947827709));
#5157=DIRECTION('',(-1.,9.77383107048882E-17,6.68629864125002E-33));
#5158=DIRECTION('',(-0.987105477747584,-0.145073737477167,0.0676489947827709));
#5159=DIRECTION('',(1.97925560429339E-16,-0.90630778703665,0.422618261740699));
#5160=DIRECTION('',(1.97925560429339E-16,-0.90630778703665,0.422618261740699));
#5161=DIRECTION('',(-0.707106781186539,-0.640856382055796,0.298836238730123));
#5162=DIRECTION('',(1.,-9.77383107048882E-17,-6.16297582203915E-33));
#5163=DIRECTION('',(0.707106781186547,0.640856382055789,-0.29883623873012));
#5164=DIRECTION('',(-2.2342882133885E-17,0.90630778703665,-0.422618261740699));
#5165=DIRECTION('',(1.,5.12183520127846E-16,-2.84411220593221E-16));
#5166=DIRECTION('',(2.2342882133885E-17,-0.90630778703665,0.422618261740699));
#5167=DIRECTION('center_axis',(-0.707106781186548,-0.298836238730119,-0.640856382055788));
#5168=DIRECTION('ref_axis',(-0.707106781186547,0.29883623873012,0.640856382055789));
#5169=DIRECTION('',(0.577350269189625,0.27925827763382,-0.767255811994709));
#5170=DIRECTION('',(0.577350269189626,-0.767255811994708,-0.27925827763382));
#5171=DIRECTION('',(-2.2342882133885E-17,0.90630778703665,-0.422618261740699));
#5172=DIRECTION('',(-0.707106781186547,0.29883623873012,0.640856382055789));
#5173=DIRECTION('',(0.389281620635025,-0.921118787038767,0.));
#5174=DIRECTION('',(0.,0.90630778703665,-0.422618261740699));
#5175=DIRECTION('center_axis',(1.,0.,0.));
#5176=DIRECTION('ref_axis',(0.,1.,0.));
#5177=DIRECTION('',(0.,0.422618261740699,0.90630778703665));
#5178=DIRECTION('',(0.,1.,0.));
#5179=DIRECTION('',(0.,-0.4226182617407,-0.906307787036649));
#5180=DIRECTION('',(0.,-1.,0.));
#5181=DIRECTION('',(0.,-0.90630778703665,0.422618261740699));
#5182=DIRECTION('center_axis',(0.707106781186548,-0.29883623873012,-0.640856382055788));
#5183=DIRECTION('ref_axis',(-0.707106781186547,-0.29883623873012,-0.640856382055789));
#5184=DIRECTION('',(-0.577350269189626,-0.767255811994708,-0.27925827763382));
#5185=DIRECTION('',(-0.389281620635025,-0.921118787038767,0.));
#5186=DIRECTION('',(-0.707106781186547,-0.29883623873012,-0.640856382055789));
#5187=DIRECTION('',(2.2342882133885E-17,-0.90630778703665,0.422618261740699));
#5188=DIRECTION('',(0.577350269189626,0.767255811994708,0.27925827763382));
#5189=DIRECTION('',(0.577350269189625,-0.27925827763382,0.767255811994709));
#5190=DIRECTION('center_axis',(-1.31651543382406E-17,-0.90630778703665,
0.4226182617407));
#5191=DIRECTION('ref_axis',(-1.,1.96335776564437E-14,4.20731917495677E-14));
#5192=DIRECTION('',(1.,-1.4526140596548E-17,0.));
#5193=DIRECTION('',(-5.15239500215051E-16,-0.4226182617407,-0.90630778703665));
#5194=DIRECTION('',(1.,-2.09420443236463E-16,-4.17952180779183E-16));
#5195=DIRECTION('',(5.15239500215051E-16,0.4226182617407,0.90630778703665));
#5196=DIRECTION('',(1.,-1.4526140596548E-17,0.));
#5197=DIRECTION('',(-4.63618032618618E-14,-0.4226182617407,-0.90630778703665));
#5198=DIRECTION('',(-1.,1.96466550359359E-14,4.21012362803908E-14));
#5199=DIRECTION('',(-4.63618032618618E-14,-0.4226182617407,-0.90630778703665));
#5200=DIRECTION('center_axis',(1.,1.13099806212575E-16,-6.21243193287328E-16));
#5201=DIRECTION('ref_axis',(3.65051953548125E-16,-0.90630778703665,0.4226182617407));
#5202=DIRECTION('',(5.15239500215051E-16,0.4226182617407,0.90630778703665));
#5203=DIRECTION('',(-3.65051953548125E-16,0.90630778703665,-0.4226182617407));
#5204=DIRECTION('',(-1.13099806212575E-16,1.,0.));
#5205=DIRECTION('center_axis',(-4.67298219742684E-16,-0.4226182617407,-0.90630778703665));
#5206=DIRECTION('ref_axis',(1.,-2.77770404251018E-16,-3.860800705235E-16));
#5207=DIRECTION('',(-1.,3.18199229459785E-16,3.67227799718442E-16));
#5208=DIRECTION('',(3.65051953548126E-16,-0.90630778703665,0.422618261740699));
#5209=DIRECTION('',(-1.,1.10572178735948E-15,0.));
#5210=DIRECTION('center_axis',(0.,0.,1.));
#5211=DIRECTION('ref_axis',(1.,0.,0.));
#5212=DIRECTION('',(-0.651644352716007,-0.75852464533022,0.));
#5213=DIRECTION('',(-1.,0.,0.));
#5214=DIRECTION('',(0.,1.,0.));
#5215=DIRECTION('',(-0.707106781186548,0.707106781186546,0.));
#5216=DIRECTION('',(-1.11022302462516E-15,1.,0.));
#5217=DIRECTION('',(0.707106781186546,0.707106781186549,0.));
#5218=DIRECTION('',(1.,8.88178419700125E-16,0.));
#5219=DIRECTION('',(0.707106781186547,-0.707106781186547,0.));
#5220=DIRECTION('',(-1.,0.,0.));
#5221=DIRECTION('',(-0.707106781186547,-0.707106781186547,0.));
#5222=DIRECTION('',(-1.,8.88178419700125E-16,0.));
#5223=DIRECTION('',(-0.707106781186546,0.707106781186549,0.));
#5224=DIRECTION('',(1.11022302462516E-15,1.,0.));
#5225=DIRECTION('',(0.707106781186549,0.707106781186546,0.));
#5226=DIRECTION('',(0.,-1.,0.));
#5227=DIRECTION('',(1.,0.,0.));
#5228=DIRECTION('',(-0.651644352716012,0.758524645330216,0.));
#5229=DIRECTION('',(0.518924781827114,0.854819905480495,0.));
#5230=DIRECTION('',(0.98436709149258,0.176129012903721,0.));
#5231=DIRECTION('',(1.,0.,0.));
#5232=DIRECTION('',(0.98436709149258,-0.176129012903721,0.));
#5233=DIRECTION('',(0.518924781827113,-0.854819905480495,0.));
#5234=DIRECTION('',(0.,1.,0.));
#5235=DIRECTION('center_axis',(0.,0.,-1.));
#5236=DIRECTION('ref_axis',(1.,0.,0.));
#5237=DIRECTION('center_axis',(0.,0.,-1.));
#5238=DIRECTION('ref_axis',(1.,0.,0.));
#5239=DIRECTION('center_axis',(0.,0.,-1.));
#5240=DIRECTION('ref_axis',(1.,0.,0.));
#5241=DIRECTION('center_axis',(0.,0.,-1.));
#5242=DIRECTION('ref_axis',(1.,0.,0.));
#5243=DIRECTION('',(1.93333294220292E-14,1.,0.));
#5244=DIRECTION('',(-1.,1.46958094163666E-16,0.));
#5245=DIRECTION('',(1.13099806212576E-16,-1.,0.));
#5246=DIRECTION('',(-1.,1.46958094163666E-16,0.));
#5247=DIRECTION('',(3.09768592062278E-14,-1.,0.));
#5248=DIRECTION('',(1.13099806212576E-16,-1.,0.));
#5249=DIRECTION('',(1.,2.28865443867898E-15,0.));
#5250=DIRECTION('',(0.671542934237815,-0.740965645273291,0.));
#5251=DIRECTION('',(1.73312257269178E-15,-1.,0.));
#5252=DIRECTION('',(0.984367091492581,-0.176129012903716,0.));
#5253=DIRECTION('',(1.,-9.77383107048876E-17,0.));
#5254=DIRECTION('',(0.98436709149258,0.176129012903718,0.));
#5255=DIRECTION('',(-4.83181749576929E-16,1.,0.));
#5256=DIRECTION('',(0.67154293423781,0.740965645273296,0.));
#5257=DIRECTION('',(1.,-9.77383107048877E-17,0.));
#5258=DIRECTION('',(-1.13099806212575E-16,1.,0.));
#5259=DIRECTION('center_axis',(-1.,-1.13099806212576E-16,6.21243193287328E-16));
#5260=DIRECTION('ref_axis',(-3.65051953548126E-16,0.90630778703665,-0.422618261740699));
#5261=DIRECTION('',(-5.15239500215051E-16,-0.4226182617407,-0.90630778703665));
#5262=DIRECTION('center_axis',(-2.2342882133885E-17,0.90630778703665,-0.422618261740699));
#5263=DIRECTION('ref_axis',(1.,2.2342882133885E-17,-4.95329771714261E-18));
#5264=DIRECTION('',(-0.707106781186547,0.29883623873012,0.640856382055789));
#5265=DIRECTION('',(-7.85046229341888E-17,0.422618261740699,0.90630778703665));
#5266=DIRECTION('',(0.707106781186547,0.29883623873012,0.640856382055789));
#5267=DIRECTION('',(1.,2.2342882133885E-17,-4.95329771714261E-18));
#5268=DIRECTION('',(0.707106781186547,-0.29883623873012,-0.640856382055789));
#5269=DIRECTION('',(0.,-0.422618261740699,-0.90630778703665));
#5270=DIRECTION('',(-0.707106781186547,-0.29883623873012,-0.640856382055789));
#5271=DIRECTION('',(0.,0.422618261740699,0.90630778703665));
#5272=DIRECTION('',(1.,2.46526427925103E-17,0.));
#5273=DIRECTION('',(0.707106781186547,0.29883623873012,0.640856382055789));
#5274=DIRECTION('',(-2.89913133852506E-15,-0.422618261740699,-0.90630778703665));
#5275=DIRECTION('',(-0.707106781186546,0.29883623873012,0.64085638205579));
#5276=DIRECTION('',(1.,2.46526427925154E-17,1.0943904315986E-29));
#5277=DIRECTION('',(-0.70710678118655,-0.298836238730119,-0.640856382055786));
#5278=DIRECTION('',(6.78685289274784E-16,0.422618261740699,0.90630778703665));
#5279=DIRECTION('',(0.707106781186548,-0.29883623873012,-0.640856382055789));
#5280=DIRECTION('',(1.,2.46526427925103E-17,0.));
#5281=DIRECTION('',(0.,-0.422618261740699,-0.90630778703665));
#5282=DIRECTION('center_axis',(-1.,0.,0.));
#5283=DIRECTION('ref_axis',(0.,-1.,0.));
#5284=DIRECTION('',(0.,0.0850717791882894,-0.996374825246874));
#5285=DIRECTION('',(0.,1.,0.));
#5286=DIRECTION('',(0.,-0.816496580927726,-0.577350269189627));
#5287=DIRECTION('',(0.,0.,1.));
#5288=DIRECTION('center_axis',(1.,0.,0.));
#5289=DIRECTION('ref_axis',(0.,1.,0.));
#5290=DIRECTION('',(0.,0.,-1.));
#5291=DIRECTION('',(0.,0.816496580927726,0.577350269189627));
#5292=DIRECTION('',(0.,-1.,0.));
#5293=DIRECTION('',(0.,-0.0850717791882894,0.996374825246874));
#5294=DIRECTION('center_axis',(0.,0.,1.));
#5295=DIRECTION('ref_axis',(1.,0.,0.));
#5296=DIRECTION('',(0.,0.,1.));
#5297=DIRECTION('center_axis',(0.,0.,1.));
#5298=DIRECTION('ref_axis',(1.,0.,0.));
#5299=DIRECTION('',(0.,0.,1.));
#5300=DIRECTION('',(0.23506689567642,-0.738599007883253,-0.631834677831888));
#5301=DIRECTION('',(-0.0593071471288033,0.840923162764605,0.537894875068927));
#5302=DIRECTION('',(0.0517204438276171,-0.841639472045553,-0.53755743394093));
#5303=DIRECTION('',(-0.0810219303188797,-0.533060161838011,0.842188999375221));
#5304=DIRECTION('',(-0.341384734768658,-0.199152883877974,0.918582925875514));
#5305=DIRECTION('',(0.0928739741500739,0.531465967907609,-0.841972891417295));
#5306=DIRECTION('',(0.424539186760893,0.0289272563174809,-0.904947342526814));
#5307=DIRECTION('',(-0.339043588175973,0.657544622745976,0.672818336859671));
#5308=DIRECTION('center_axis',(2.2342882133885E-17,-0.90630778703665,0.422618261740699));
#5309=DIRECTION('ref_axis',(-0.629394351503174,-0.32841076143639,-0.704279150670152));
#5310=DIRECTION('',(2.2342882133885E-17,-0.90630778703665,0.422618261740699));
#5311=DIRECTION('center_axis',(-1.93013138731493E-17,0.93969262078591,0.342020143325665));
#5312=DIRECTION('ref_axis',(-1.22962930630944E-17,0.342020143325665,-0.93969262078591));
#5313=DIRECTION('',(-2.2342882133885E-17,0.90630778703665,-0.422618261740699));
#5314=DIRECTION('center_axis',(2.2342882133885E-17,-0.90630778703665,0.422618261740699));
#5315=DIRECTION('ref_axis',(0.629394351503504,0.328410761436277,0.704279150669909));
#5316=DIRECTION('',(2.2342882133885E-17,-0.90630778703665,0.422618261740699));
#5317=DIRECTION('center_axis',(-1.22962930630945E-17,0.34202014332567,-0.939692620785908));
#5318=DIRECTION('ref_axis',(4.24616439290277E-17,0.939692620785908,0.34202014332567));
#5319=DIRECTION('center_axis',(-2.2342882133885E-17,0.90630778703665,-0.422618261740699));
#5320=DIRECTION('ref_axis',(0.629394351503504,0.328410761436277,0.704279150669909));
#5321=DIRECTION('center_axis',(-1.22962930630945E-17,0.34202014332567,-0.939692620785908));
#5322=DIRECTION('ref_axis',(4.24616439290277E-17,0.939692620785908,0.34202014332567));
#5323=DIRECTION('',(2.2342882133885E-17,-0.90630778703665,0.422618261740699));
#5324=DIRECTION('center_axis',(1.93013138731493E-17,-0.93969262078591,-0.342020143325665));
#5325=DIRECTION('ref_axis',(-4.94666647390827E-17,-0.342020143325665,0.93969262078591));
#5326=DIRECTION('center_axis',(2.2342882133885E-17,-0.90630778703665,0.422618261740699));
#5327=DIRECTION('ref_axis',(0.629394351503504,0.328410761436277,0.704279150669909));
#5328=DIRECTION('center_axis',(1.93013138731493E-17,-0.93969262078591,-0.342020143325665));
#5329=DIRECTION('ref_axis',(-4.94666647390827E-17,-0.342020143325665,0.93969262078591));
#5330=DIRECTION('',(-0.341384734768667,0.199152883877972,-0.918582925875511));
#5331=DIRECTION('',(0.092873974150068,-0.5314659679076,0.841972891417301));
#5332=DIRECTION('',(-0.0810219303188764,0.533060161838011,-0.842188999375221));
#5333=DIRECTION('',(0.0517204438276171,0.841639472045553,0.53755743394093));
#5334=DIRECTION('',(0.235066895676417,0.738599007883259,0.631834677831881));
#5335=DIRECTION('',(-0.0593071471288041,-0.840923162764597,-0.53789487506894));
#5336=DIRECTION('',(-0.339043588176138,-0.657544622745905,-0.672818336859657));
#5337=DIRECTION('',(0.424539186761186,-0.0289272563172405,0.904947342526684));
#5338=DIRECTION('center_axis',(2.2342882133885E-17,-0.90630778703665,0.422618261740699));
#5339=DIRECTION('ref_axis',(4.95329771714261E-18,-0.422618261740699,-0.90630778703665));
#5340=DIRECTION('',(2.2342882133885E-17,-0.90630778703665,0.422618261740699));
#5341=DIRECTION('center_axis',(1.22962930630945E-17,-0.34202014332567,0.939692620785908));
#5342=DIRECTION('ref_axis',(1.93013138731492E-17,-0.939692620785908,-0.34202014332567));
#5343=DIRECTION('',(-2.2342882133885E-17,0.90630778703665,-0.422618261740699));
#5344=DIRECTION('center_axis',(2.2342882133885E-17,-0.90630778703665,0.422618261740699));
#5345=DIRECTION('ref_axis',(0.629394351503289,0.32841076143635,0.704279150670067));
#5346=DIRECTION('',(2.2342882133885E-17,-0.90630778703665,0.422618261740699));
#5347=DIRECTION('center_axis',(1.93013138731493E-17,-0.93969262078591,-0.342020143325665));
#5348=DIRECTION('ref_axis',(1.22962930630944E-17,-0.342020143325665,0.93969262078591));
#5349=DIRECTION('center_axis',(2.2342882133885E-17,-0.90630778703665,0.422618261740699));
#5350=DIRECTION('ref_axis',(0.629394351503289,0.32841076143635,0.704279150670067));
#5351=DIRECTION('center_axis',(1.93013138731493E-17,-0.93969262078591,-0.342020143325665));
#5352=DIRECTION('ref_axis',(1.22962930630944E-17,-0.342020143325665,0.93969262078591));
#5353=DIRECTION('',(2.2342882133885E-17,-0.90630778703665,0.422618261740699));
#5354=DIRECTION('center_axis',(-1.22962930630945E-17,0.34202014332567,-0.939692620785908));
#5355=DIRECTION('ref_axis',(-1.93013138731492E-17,0.939692620785908,0.34202014332567));
#5356=DIRECTION('center_axis',(-2.2342882133885E-17,0.90630778703665,-0.422618261740699));
#5357=DIRECTION('ref_axis',(0.629394351503289,0.32841076143635,0.704279150670067));
#5358=DIRECTION('center_axis',(-1.22962930630945E-17,0.34202014332567,-0.939692620785908));
#5359=DIRECTION('ref_axis',(-1.93013138731492E-17,0.939692620785908,0.34202014332567));
#5360=DIRECTION('center_axis',(-0.528610944552072,-0.32089720573238,0.785872414996809));
#5361=DIRECTION('ref_axis',(0.8297548037364,0.,0.558128090742947));
#5362=DIRECTION('',(0.518924781827113,-0.854819905480495,0.));
#5363=DIRECTION('',(0.796520957785362,0.132556867342703,0.589900873646564));
#5364=DIRECTION('',(0.313344002354944,0.786645655927385,0.531981341964884));
#5365=DIRECTION('',(-0.518924781827113,0.854819905480495,0.));
#5366=DIRECTION('',(-0.615141367513345,-0.493155346668394,-0.615141367513345));
#5367=DIRECTION('center_axis',(-0.0950795897194811,-0.531390130731245,0.841774554486061));
#5368=DIRECTION('ref_axis',(0.993681389740328,0.,0.112237674974718));
#5369=DIRECTION('',(0.98436709149258,-0.176129012903721,0.));
#5370=DIRECTION('',(1.21434954592765E-15,-0.845605422818561,-0.533808457126564));
#5371=DIRECTION('',(-0.98436709149258,0.176129012903721,0.));
#5372=DIRECTION('center_axis',(-0.707106781186548,0.,0.707106781186548));
#5373=DIRECTION('ref_axis',(0.707106781186548,0.,0.707106781186548));
#5374=DIRECTION('',(0.,1.,0.));
#5375=DIRECTION('',(0.,-1.,0.));
#5376=DIRECTION('',(0.542747682809407,-0.640975744946748,0.542747682809407));
#5377=DIRECTION('center_axis',(-0.160071158553668,-0.894621381109168,0.417168801160406));
#5378=DIRECTION('ref_axis',(-0.987105477747584,0.145073737477167,-0.0676489947827711));
#5379=DIRECTION('',(-1.57145125133841E-16,-0.422618261740699,-0.90630778703665));
#5380=DIRECTION('',(-6.07469988842204E-16,-0.422618261740699,-0.90630778703665));
#5381=DIRECTION('',(-1.57145125133841E-16,-0.422618261740699,-0.90630778703665));
#5382=DIRECTION('',(0.987105477747584,-0.145073737477167,0.0676489947827709));
#5383=DIRECTION('center_axis',(0.830841519177762,0.504368524069267,-0.235190905305833));
#5384=DIRECTION('ref_axis',(0.556509092477731,-0.752998138624166,0.351128798616907));
#5385=DIRECTION('',(0.,0.4226182617407,0.90630778703665));
#5386=DIRECTION('center_axis',(-1.,0.,0.));
#5387=DIRECTION('ref_axis',(0.,-1.,0.));
#5388=DIRECTION('center_axis',(0.0950795897194834,-0.531390130731258,0.841774554486052));
#5389=DIRECTION('ref_axis',(0.993681389740328,0.,-0.112237674974721));
#5390=DIRECTION('',(-0.98436709149258,-0.176129012903721,0.));
#5391=DIRECTION('',(2.51501768585465E-17,0.845605422818553,0.533808457126577));
#5392=DIRECTION('',(0.98436709149258,0.176129012903721,0.));
#5393=DIRECTION('',(-0.313344002354966,0.786645655927366,0.531981341964899));
#5394=DIRECTION('center_axis',(0.707106781186548,0.,0.707106781186548));
#5395=DIRECTION('ref_axis',(0.707106781186548,0.,-0.707106781186548));
#5396=DIRECTION('',(0.644710818692432,0.410726089409801,-0.644710818692432));
#5397=DIRECTION('',(0.,-1.,0.));
#5398=DIRECTION('',(0.615141367513352,-0.49315534666838,-0.615141367513349));
#5399=DIRECTION('',(0.542747682809408,0.640975744946747,-0.542747682809408));
#5400=DIRECTION('center_axis',(0.528610944552074,-0.320897205732382,0.785872414996807));
#5401=DIRECTION('ref_axis',(0.829754803736399,0.,-0.558128090742949));
#5402=DIRECTION('',(0.518924781827114,0.854819905480495,-1.30557179126486E-17));
#5403=DIRECTION('',(-0.518924781827114,-0.854819905480495,0.));
#5404=DIRECTION('',(0.796520957785359,-0.132556867342704,-0.589900873646566));
#5405=DIRECTION('center_axis',(0.160071158553668,-0.894621381109168,0.417168801160406));
#5406=DIRECTION('ref_axis',(-0.987105477747584,-0.145073737477167,0.0676489947827709));
#5407=DIRECTION('',(-1.57145125133841E-16,-0.422618261740699,-0.90630778703665));
#5408=DIRECTION('',(0.987105477747584,0.145073737477167,-0.0676489947827709));
#5409=DIRECTION('',(-1.57145125133841E-16,-0.422618261740699,-0.90630778703665));
#5410=DIRECTION('',(-1.02510560617122E-15,0.422618261740699,0.90630778703665));
#5411=DIRECTION('center_axis',(0.,0.,1.));
#5412=DIRECTION('ref_axis',(1.,0.,0.));
#5413=DIRECTION('',(-0.671542934237818,-0.740965645273289,0.));
#5414=DIRECTION('',(-1.,9.77383107048882E-17,0.));
#5415=DIRECTION('',(-0.832727765978116,-0.553682641744435,0.));
#5416=DIRECTION('',(-0.671542934237809,-0.740965645273297,0.));
#5417=DIRECTION('',(1.12969077045614E-16,-1.,0.));
#5418=DIRECTION('center_axis',(0.,0.,1.));
#5419=DIRECTION('ref_axis',(1.,0.,0.));
#5420=DIRECTION('center_axis',(-0.499999999999999,-0.500000000000001,0.707106781186547));
#5421=DIRECTION('ref_axis',(0.816496580927726,0.,0.577350269189625));
#5422=DIRECTION('',(0.707106781186548,-0.707106781186546,0.));
#5423=DIRECTION('',(-0.707106781186548,0.707106781186546,0.));
#5424=DIRECTION('',(-0.678598344545848,-0.281084637714816,-0.678598344545848));
#5425=DIRECTION('center_axis',(-0.707106781186548,-7.85046229341887E-16,
0.707106781186548));
#5426=DIRECTION('ref_axis',(0.707106781186548,0.,0.707106781186548));
#5427=DIRECTION('',(-1.11022302462516E-15,1.,0.));
#5428=DIRECTION('',(-0.678598344545845,0.28108463771483,-0.678598344545845));
#5429=DIRECTION('',(1.11022302462516E-15,-1.,0.));
#5430=DIRECTION('center_axis',(-0.5,0.499999999999997,0.70710678118655));
#5431=DIRECTION('ref_axis',(0.816496580927727,0.,0.577350269189624));
#5432=DIRECTION('',(0.707106781186546,0.707106781186549,0.));
#5433=DIRECTION('',(-0.28108463771483,0.678598344545845,-0.678598344545845));
#5434=DIRECTION('',(-0.707106781186546,-0.707106781186549,0.));
#5435=DIRECTION('center_axis',(-6.28036983473514E-16,0.707106781186551,
0.707106781186544));
#5436=DIRECTION('ref_axis',(1.,0.,8.88178419700135E-16));
#5437=DIRECTION('',(1.,8.88178419700125E-16,0.));
#5438=DIRECTION('',(0.281084637714835,0.67859834454584,-0.678598344545848));
#5439=DIRECTION('',(-1.,-8.88178419700125E-16,0.));
#5440=DIRECTION('center_axis',(0.499999999999999,0.499999999999999,0.707106781186549));
#5441=DIRECTION('ref_axis',(0.816496580927727,0.,-0.577350269189624));
#5442=DIRECTION('',(0.707106781186548,-0.707106781186548,0.));
#5443=DIRECTION('',(0.281084637714827,0.678598344545846,-0.678598344545846));
#5444=DIRECTION('',(-0.707106781186547,0.707106781186547,0.));
#5445=DIRECTION('center_axis',(0.,0.707106781186548,0.707106781186548));
#5446=DIRECTION('ref_axis',(1.,0.,0.));
#5447=DIRECTION('',(1.,0.,0.));
#5448=DIRECTION('',(-0.281084637714827,0.678598344545846,-0.678598344545846));
#5449=DIRECTION('',(-1.,0.,0.));
#5450=DIRECTION('center_axis',(-0.499999999999999,0.499999999999999,0.707106781186549));
#5451=DIRECTION('ref_axis',(0.816496580927727,0.,0.577350269189624));
#5452=DIRECTION('',(0.707106781186548,0.707106781186548,0.));
#5453=DIRECTION('',(-0.28108463771483,0.678598344545845,-0.678598344545845));
#5454=DIRECTION('',(-0.707106781186547,-0.707106781186547,0.));
#5455=DIRECTION('center_axis',(6.2803698347351E-16,0.707106781186548,0.707106781186548));
#5456=DIRECTION('ref_axis',(1.,0.,-8.88178419700125E-16));
#5457=DIRECTION('',(1.,-8.88178419700125E-16,0.));
#5458=DIRECTION('',(-0.577350269189625,0.577350269189627,-0.577350269189626));
#5459=DIRECTION('',(-1.,8.88178419700125E-16,0.));
#5460=DIRECTION('center_axis',(0.707106781186549,0.707106781186546,0.));
#5461=DIRECTION('ref_axis',(-0.707106781186546,0.707106781186549,0.));
#5462=DIRECTION('',(-0.707106781186546,0.707106781186549,0.));
#5463=DIRECTION('',(-0.577350269189625,0.577350269189627,0.577350269189626));
#5464=DIRECTION('',(0.,0.,1.));
#5465=DIRECTION('',(0.,0.,1.));
#5466=DIRECTION('center_axis',(0.,0.,1.));
#5467=DIRECTION('ref_axis',(1.,0.,0.));
#5468=DIRECTION('',(-1.,-2.46526427925103E-17,0.));
#5469=DIRECTION('',(-0.707106781186549,-0.707106781186546,0.));
#5470=DIRECTION('',(-1.11022302462516E-15,-1.,0.));
#5471=DIRECTION('center_axis',(0.,0.,1.));
#5472=DIRECTION('ref_axis',(1.,0.,0.));
#5473=DIRECTION('center_axis',(0.,0.,1.));
#5474=DIRECTION('ref_axis',(1.,0.,0.));
#5475=DIRECTION('center_axis',(0.707106781186548,-7.85046229341888E-16,
0.707106781186548));
#5476=DIRECTION('ref_axis',(0.707106781186548,0.,-0.707106781186548));
#5477=DIRECTION('',(1.11022302462516E-15,1.,0.));
#5478=DIRECTION('',(0.678598344545846,-0.281084637714823,-0.678598344545846));
#5479=DIRECTION('center_axis',(0.499999999999999,-0.500000000000001,0.707106781186547));
#5480=DIRECTION('ref_axis',(0.816496580927726,0.,-0.577350269189625));
#5481=DIRECTION('',(0.707106781186549,0.707106781186546,0.));
#5482=DIRECTION('center_axis',(1.,-1.11022302462516E-15,0.));
#5483=DIRECTION('ref_axis',(1.11022302462516E-15,1.,0.));
#5484=DIRECTION('',(0.,0.,1.));
#5485=DIRECTION('center_axis',(0.707106781186546,-0.707106781186549,0.));
#5486=DIRECTION('ref_axis',(0.707106781186549,0.707106781186546,0.));
#5487=DIRECTION('center_axis',(0.,0.,-1.));
#5488=DIRECTION('ref_axis',(1.,0.,0.));
#5489=DIRECTION('center_axis',(0.,0.,1.));
#5490=DIRECTION('ref_axis',(1.,0.,0.));
#5491=DIRECTION('',(-0.707106781186548,-8.65956056235494E-17,-0.707106781186547));
#5492=DIRECTION('center_axis',(0.,0.,1.));
#5493=DIRECTION('ref_axis',(1.,0.,0.));
#5494=DIRECTION('center_axis',(0.,0.,-1.));
#5495=DIRECTION('ref_axis',(1.,0.,0.));
#5496=DIRECTION('',(0.,0.,-1.));
#5497=DIRECTION('center_axis',(0.,0.,-1.));
#5498=DIRECTION('ref_axis',(1.,0.,0.));
#5499=DIRECTION('center_axis',(0.,0.,1.));
#5500=DIRECTION('ref_axis',(1.,0.,0.));
#5501=DIRECTION('',(-0.707106781186548,-8.65956056235494E-17,-0.707106781186547));
#5502=DIRECTION('center_axis',(0.,0.,1.));
#5503=DIRECTION('ref_axis',(1.,0.,0.));
#5504=DIRECTION('center_axis',(0.,0.,-1.));
#5505=DIRECTION('ref_axis',(1.,0.,0.));
#5506=DIRECTION('',(0.,0.,-1.));
#5507=DIRECTION('center_axis',(0.,0.,-1.));
#5508=DIRECTION('ref_axis',(1.,0.,0.));
#5509=DIRECTION('center_axis',(0.,0.,1.));
#5510=DIRECTION('ref_axis',(1.,0.,0.));
#5511=DIRECTION('',(-0.707106781186548,-8.65956056235494E-17,-0.707106781186547));
#5512=DIRECTION('center_axis',(0.,0.,1.));
#5513=DIRECTION('ref_axis',(1.,0.,0.));
#5514=DIRECTION('center_axis',(0.,0.,-1.));
#5515=DIRECTION('ref_axis',(1.,0.,0.));
#5516=DIRECTION('',(0.,0.,-1.));
#5517=DIRECTION('center_axis',(0.,0.,-1.));
#5518=DIRECTION('ref_axis',(1.,0.,0.));
#5519=DIRECTION('center_axis',(0.,0.,1.));
#5520=DIRECTION('ref_axis',(1.,0.,0.));
#5521=DIRECTION('',(-0.707106781186548,-8.65956056235494E-17,-0.707106781186547));
#5522=DIRECTION('center_axis',(0.,0.,1.));
#5523=DIRECTION('ref_axis',(1.,0.,0.));
#5524=DIRECTION('center_axis',(0.,0.,-1.));
#5525=DIRECTION('ref_axis',(1.,0.,0.));
#5526=DIRECTION('',(0.,0.,-1.));
#5527=DIRECTION('center_axis',(0.,0.,1.));
#5528=DIRECTION('ref_axis',(1.,0.,0.));
#5529=DIRECTION('center_axis',(0.,0.,1.));
#5530=DIRECTION('ref_axis',(1.,0.,0.));
#5531=DIRECTION('',(0.707106781186548,8.65956056235493E-17,-0.707106781186548));
#5532=DIRECTION('center_axis',(0.,0.,1.));
#5533=DIRECTION('ref_axis',(1.,0.,0.));
#5534=DIRECTION('',(-2.19027403368195E-15,1.,0.));
#5535=DIRECTION('',(-0.67154293423781,0.740965645273296,0.));
#5536=DIRECTION('',(-0.832727765978116,0.553682641744434,0.));
#5537=DIRECTION('',(-1.,-1.57348094070041E-15,0.));
#5538=DIRECTION('center_axis',(0.,0.,1.));
#5539=DIRECTION('ref_axis',(1.,0.,0.));
#5540=DIRECTION('',(0.707106781186548,8.65956056235494E-17,-0.707106781186548));
#5541=DIRECTION('center_axis',(0.,0.,1.));
#5542=DIRECTION('ref_axis',(1.,0.,0.));
#5543=DIRECTION('',(0.707106781186548,8.65956056235494E-17,-0.707106781186548));
#5544=DIRECTION('center_axis',(0.,0.,1.));
#5545=DIRECTION('ref_axis',(1.,0.,0.));
#5546=DIRECTION('',(0.707106781186548,8.65956056235493E-17,-0.707106781186548));
#5547=DIRECTION('center_axis',(-8.85809920836477E-17,-0.90630778703665,
0.422618261740699));
#5548=DIRECTION('ref_axis',(-1.,9.77383107048882E-17,-7.29142157351981E-33));
#5549=DIRECTION('',(-0.816496580927723,0.243998767180445,0.523257044814269));
#5550=DIRECTION('center_axis',(0.707106781186548,-0.640856382055789,0.29883623873012));
#5551=DIRECTION('ref_axis',(0.389281620635025,0.,-0.921118787038767));
#5552=DIRECTION('',(0.,-0.422618261740699,-0.90630778703665));
#5553=DIRECTION('center_axis',(2.2342882133885E-17,-0.90630778703665,0.422618261740699));
#5554=DIRECTION('ref_axis',(-0.629394351503174,-0.32841076143639,-0.704279150670152));
#5555=DIRECTION('',(-2.2342882133885E-17,0.90630778703665,-0.422618261740699));
#5556=DIRECTION('center_axis',(1.22962930630945E-17,-0.34202014332567,0.939692620785908));
#5557=DIRECTION('ref_axis',(1.93013138731492E-17,-0.939692620785908,-0.34202014332567));
#5558=DIRECTION('center_axis',(2.2342882133885E-17,-0.90630778703665,0.422618261740699));
#5559=DIRECTION('ref_axis',(4.95329771714261E-18,-0.422618261740699,-0.90630778703665));
#5560=DIRECTION('',(-2.2342882133885E-17,0.90630778703665,-0.422618261740699));
#5561=DIRECTION('center_axis',(-1.93013138731493E-17,0.93969262078591,0.342020143325665));
#5562=DIRECTION('ref_axis',(-1.22962930630944E-17,0.342020143325665,-0.93969262078591));
#5563=DIRECTION('center_axis',(-0.707106781186548,-0.298836238730121,-0.640856382055788));
#5564=DIRECTION('ref_axis',(-0.671542934237817,0.,0.74096564527329));
#5565=DIRECTION('',(-0.678598344545847,0.0320388568147666,0.733810464925132));
#5566=DIRECTION('',(2.48997798053321E-15,-0.90630778703665,0.422618261740699));
#5567=DIRECTION('',(-0.605890138150434,-0.211188921128237,0.767004810991912));
#5568=DIRECTION('center_axis',(0.707106781186547,-0.29883623873012,-0.640856382055789));
#5569=DIRECTION('ref_axis',(-0.671542934237818,0.,-0.740965645273289));
#5570=DIRECTION('',(0.605890138150437,-0.211188921128232,0.767004810991912));
#5571=DIRECTION('',(-1.97925560429339E-16,0.90630778703665,-0.422618261740699));
#5572=DIRECTION('',(0.678598344545848,0.0320388568147666,0.733810464925132));
#5573=DIRECTION('center_axis',(4.9532977171426E-18,-0.422618261740699,-0.90630778703665));
#5574=DIRECTION('ref_axis',(2.2342882133885E-17,-0.90630778703665,0.422618261740699));
#5575=DIRECTION('',(-1.,-2.2342882133885E-17,4.95329771714261E-18));
#5576=DIRECTION('',(-1.,-2.2342882133885E-17,4.95329771714261E-18));
#5577=DIRECTION('center_axis',(-0.500000000000005,-0.75199013224844,-0.429547251185441));
#5578=DIRECTION('ref_axis',(-0.651644352716008,0.,0.75852464533022));
#5579=DIRECTION('',(0.70710678118654,-0.640856382055795,0.298836238730123));
#5580=DIRECTION('center_axis',(-0.113187401685685,-0.931429083906887,-0.345873493855804));
#5581=DIRECTION('ref_axis',(0.,0.348110571754107,-0.937453481423494));
#5582=DIRECTION('',(-0.0568687608864252,-0.341466639305221,0.938171880988149));
#5583=DIRECTION('center_axis',(-9.18439693374637E-17,-0.939692620785908,
-0.34202014332567));
#5584=DIRECTION('ref_axis',(0.,0.34202014332567,-0.939692620785908));
#5585=DIRECTION('',(1.,-9.77383107048882E-17,-5.06223015962182E-33));
#5586=DIRECTION('',(0.0568687608863834,-0.341466639305222,0.938171880988151));
#5587=DIRECTION('center_axis',(0.113187401685686,-0.931429083906888,-0.345873493855801));
#5588=DIRECTION('ref_axis',(0.,0.348110571754104,-0.937453481423495));
#5589=DIRECTION('center_axis',(0.500000000000006,-0.751990132248439,-0.429547251185442));
#5590=DIRECTION('ref_axis',(-0.651644352716009,0.,-0.758524645330219));
#5591=DIRECTION('',(0.707106781186539,0.640856382055796,-0.298836238730123));
#5592=DIRECTION('',(-0.816496580927723,-0.243998767180446,-0.523257044814267));
#5593=DIRECTION('center_axis',(-0.830841519177762,0.504368524069267,-0.235190905305834));
#5594=DIRECTION('ref_axis',(0.556509092477732,0.752998138624165,-0.351128798616908));
#5595=DIRECTION('center_axis',(0.160071158553665,-0.894621381109168,0.417168801160408));
#5596=DIRECTION('ref_axis',(-0.987105477747585,-0.145073737477165,0.0676489947827698));
#5597=DIRECTION('',(-5.15239500215051E-16,-0.4226182617407,-0.906307787036649));
#5598=DIRECTION('',(0.987105477747585,0.145073737477165,-0.0676489947827698));
#5599=DIRECTION('',(-5.15239500215051E-16,-0.4226182617407,-0.906307787036649));
#5600=DIRECTION('center_axis',(1.,4.83181749576929E-16,-7.93815237623011E-16));
#5601=DIRECTION('ref_axis',(7.73392198063079E-16,-0.906307787036651,0.422618261740698));
#5602=DIRECTION('',(-7.73392198063079E-16,0.906307787036651,-0.422618261740698));
#5603=DIRECTION('',(-5.15239500215051E-16,-0.4226182617407,-0.906307787036649));
#5604=DIRECTION('center_axis',(0.707106781186555,-0.640856382055782,0.298836238730117));
#5605=DIRECTION('ref_axis',(-0.70710678118654,-0.640856382055795,0.298836238730124));
#5606=DIRECTION('',(0.70710678118654,0.640856382055795,-0.298836238730124));
#5607=DIRECTION('',(-5.15239500215051E-16,-0.4226182617407,-0.906307787036649));
#5608=DIRECTION('center_axis',(-8.85809920836472E-17,-0.90630778703665,
0.4226182617407));
#5609=DIRECTION('ref_axis',(-1.,2.77770404251018E-16,3.860800705235E-16));
#5610=DIRECTION('',(1.,-2.77770404251018E-16,-3.860800705235E-16));
#5611=DIRECTION('',(-5.15239500215051E-16,-0.4226182617407,-0.906307787036649));
#5612=DIRECTION('center_axis',(1.,1.13099806212575E-16,-6.21243193287328E-16));
#5613=DIRECTION('ref_axis',(3.65051953548125E-16,-0.90630778703665,0.4226182617407));
#5614=DIRECTION('',(-3.65051953548125E-16,0.90630778703665,-0.4226182617407));
#5615=DIRECTION('center_axis',(-1.,-1.13099806212576E-16,6.21243193287328E-16));
#5616=DIRECTION('ref_axis',(-3.65051953548126E-16,0.90630778703665,-0.422618261740699));
#5617=DIRECTION('',(3.65051953548126E-16,-0.90630778703665,0.422618261740699));
#5618=DIRECTION('',(-5.15239500215051E-16,-0.4226182617407,-0.906307787036649));
#5619=DIRECTION('center_axis',(2.07422533961075E-15,-0.90630778703665,0.4226182617407));
#5620=DIRECTION('ref_axis',(-1.,-1.8719511746909E-15,8.93623033421351E-16));
#5621=DIRECTION('',(1.,1.8719511746909E-15,-8.93623033421351E-16));
#5622=DIRECTION('',(-5.15239500215051E-16,-0.4226182617407,-0.906307787036649));
#5623=DIRECTION('center_axis',(-0.70710678118655,-0.640856382055786,0.29883623873012));
#5624=DIRECTION('ref_axis',(-0.707106781186545,0.640856382055791,-0.298836238730121));
#5625=DIRECTION('',(0.707106781186545,-0.640856382055791,0.298836238730121));
#5626=DIRECTION('',(-5.15239500215051E-16,-0.4226182617407,-0.906307787036649));
#5627=DIRECTION('center_axis',(-1.,-1.73312257269178E-15,1.37667221568203E-15));
#5628=DIRECTION('ref_axis',(-2.15254930229781E-15,0.90630778703665,-0.422618261740699));
#5629=DIRECTION('',(2.15254930229781E-15,-0.90630778703665,0.422618261740699));
#5630=DIRECTION('',(-5.15239500215051E-16,-0.4226182617407,-0.906307787036649));
#5631=DIRECTION('center_axis',(-0.160071158553663,-0.894621381109168,0.417168801160408));
#5632=DIRECTION('ref_axis',(-0.987105477747585,0.145073737477163,-0.0676489947827698));
#5633=DIRECTION('',(0.987105477747585,-0.145073737477163,0.0676489947827698));
#5634=DIRECTION('',(-5.15239500215051E-16,-0.4226182617407,-0.906307787036649));
#5635=DIRECTION('center_axis',(-8.85809920836472E-17,-0.90630778703665,
0.4226182617407));
#5636=DIRECTION('ref_axis',(-1.,2.94669524853141E-16,4.22320351605278E-16));
#5637=DIRECTION('',(1.,-2.94669524853141E-16,-4.22320351605278E-16));
#5638=DIRECTION('center_axis',(-4.67298219742684E-16,-0.4226182617407,-0.90630778703665));
#5639=DIRECTION('ref_axis',(1.,-2.77770404251018E-16,-3.860800705235E-16));
#5640=DIRECTION('center_axis',(-2.45632726542611E-17,0.996374825246874,
0.0850717791882894));
#5641=DIRECTION('ref_axis',(0.,-0.0850717791882894,0.996374825246874));
#5642=DIRECTION('',(0.655104274789952,0.0642750024230484,-0.752799517278968));
#5643=DIRECTION('',(1.,7.99062774469537E-17,-6.47139757724193E-16));
#5644=DIRECTION('',(0.655104274789954,-0.0642750024230482,0.752799517278967));
#5645=DIRECTION('center_axis',(-0.707106781186555,-0.640856382055782,0.298836238730117));
#5646=DIRECTION('ref_axis',(-0.70710678118654,0.640856382055796,-0.298836238730123));
#5647=DIRECTION('',(-1.57145125133841E-16,-0.422618261740699,-0.90630778703665));
#5648=DIRECTION('center_axis',(-1.,-2.19027403368195E-15,1.19473201650921E-15));
#5649=DIRECTION('ref_axis',(-2.48997798053321E-15,0.90630778703665,-0.422618261740699));
#5650=DIRECTION('center_axis',(-8.85809920836477E-17,-0.90630778703665,
0.422618261740699));
#5651=DIRECTION('ref_axis',(-1.,9.77383107048882E-17,-7.29142157351981E-33));
#5652=DIRECTION('center_axis',(1.,1.12969077045614E-16,-2.2606880690635E-16));
#5653=DIRECTION('ref_axis',(1.97925560429339E-16,-0.90630778703665,0.422618261740699));
#5654=DIRECTION('',(-1.57145125133841E-16,-0.422618261740699,-0.90630778703665));
#5655=DIRECTION('center_axis',(0.707106781186556,-0.640856382055781,0.298836238730116));
#5656=DIRECTION('ref_axis',(-0.707106781186539,-0.640856382055797,0.298836238730122));
#5657=DIRECTION('center_axis',(-8.85809920836477E-17,-0.90630778703665,
0.422618261740699));
#5658=DIRECTION('ref_axis',(-1.,9.77383107048882E-17,-7.29142157351981E-33));
#5659=DIRECTION('center_axis',(-0.707106781186547,-0.707106781186549,0.));
#5660=DIRECTION('ref_axis',(0.707106781186548,-0.707106781186546,0.));
#5661=DIRECTION('',(0.,0.,1.));
#5662=DIRECTION('center_axis',(-1.,-1.11022302462516E-15,0.));
#5663=DIRECTION('ref_axis',(1.11022302462516E-15,-1.,0.));
#5664=DIRECTION('',(0.,0.,1.));
#5665=DIRECTION('center_axis',(-0.707106781186549,0.707106781186546,0.));
#5666=DIRECTION('ref_axis',(-0.707106781186546,-0.707106781186549,0.));
#5667=DIRECTION('',(0.,0.,1.));
#5668=DIRECTION('center_axis',(-8.88178419700125E-16,1.,0.));
#5669=DIRECTION('ref_axis',(-1.,-8.88178419700125E-16,0.));
#5670=DIRECTION('',(0.,0.,1.));
#5671=DIRECTION('center_axis',(0.707106781186548,0.707106781186548,0.));
#5672=DIRECTION('ref_axis',(-0.707106781186548,0.707106781186548,0.));
#5673=DIRECTION('',(0.,0.,1.));
#5674=DIRECTION('center_axis',(0.,1.,0.));
#5675=DIRECTION('ref_axis',(-1.,0.,0.));
#5676=DIRECTION('',(0.,0.,1.));
#5677=DIRECTION('center_axis',(-0.707106781186548,0.707106781186548,0.));
#5678=DIRECTION('ref_axis',(-0.707106781186548,-0.707106781186548,0.));
#5679=DIRECTION('',(0.,0.,1.));
#5680=DIRECTION('center_axis',(8.88178419700125E-16,1.,0.));
#5681=DIRECTION('ref_axis',(-1.,8.88178419700125E-16,0.));
#5682=DIRECTION('center_axis',(-1.,0.,0.));
#5683=DIRECTION('ref_axis',(0.,0.,1.));
#5684=DIRECTION('',(0.,0.90630778703665,-0.422618261740699));
#5685=DIRECTION('',(0.,-0.422618261740699,-0.90630778703665));
#5686=DIRECTION('',(0.,-0.90630778703665,0.422618261740699));
#5687=DIRECTION('',(0.,0.422618261740699,0.90630778703665));
#5688=DIRECTION('center_axis',(-4.64597134850945E-14,-0.422618261740699,
-0.90630778703665));
#5689=DIRECTION('ref_axis',(-1.,1.96144738259788E-14,4.21162426250425E-14));
#5690=DIRECTION('',(-2.23428821338851E-17,0.90630778703665,-0.422618261740699));
#5691=DIRECTION('',(-1.,1.96144738259788E-14,4.21162426250425E-14));
#5692=DIRECTION('center_axis',(-2.2342882133885E-17,0.90630778703665,-0.422618261740699));
#5693=DIRECTION('ref_axis',(-4.95329771714261E-18,0.422618261740699,0.90630778703665));
#5694=DIRECTION('',(-1.,-2.2342882133885E-17,4.95329771714261E-18));
#5695=DIRECTION('',(1.74302310050503E-17,0.422618261740699,0.90630778703665));
#5696=DIRECTION('',(6.78685289274784E-16,0.422618261740699,0.90630778703665));
#5697=DIRECTION('',(-0.70710678118655,-0.298836238730119,-0.640856382055786));
#5698=DIRECTION('',(1.,2.46526427925154E-17,1.0943904315986E-29));
#5699=DIRECTION('',(-0.707106781186546,0.29883623873012,0.64085638205579));
#5700=DIRECTION('',(-2.89913133852506E-15,-0.422618261740699,-0.90630778703665));
#5701=DIRECTION('',(0.707106781186547,0.29883623873012,0.640856382055789));
#5702=DIRECTION('',(-1.,2.1334762341627E-16,5.10393217967846E-16));
#5703=DIRECTION('',(0.707106781186548,-0.29883623873012,-0.640856382055789));
#5704=DIRECTION('center_axis',(-0.707106781186549,-0.298836238730119,-0.640856382055787));
#5705=DIRECTION('ref_axis',(-0.671542934237816,0.,0.74096564527329));
#5706=DIRECTION('',(-0.707106781186546,0.29883623873012,0.64085638205579));
#5707=DIRECTION('',(-3.80647894157196E-15,0.906307787036652,-0.422618261740696));
#5708=DIRECTION('',(0.707106781186546,-0.29883623873012,-0.64085638205579));
#5709=DIRECTION('',(3.80647894157196E-15,-0.906307787036652,0.422618261740696));
#5710=DIRECTION('center_axis',(-1.04186570442971E-17,0.422618261740696,
0.906307787036652));
#5711=DIRECTION('ref_axis',(1.,-2.92075133280601E-15,1.37346443018177E-15));
#5712=DIRECTION('',(1.,2.46526427925154E-17,1.09454450599415E-29));
#5713=DIRECTION('',(3.80647894157196E-15,-0.906307787036652,0.422618261740696));
#5714=DIRECTION('',(-1.,-2.46526427925154E-17,-1.09423635720305E-29));
#5715=DIRECTION('center_axis',(-0.707106781186546,0.298836238730115,0.640856382055792));
#5716=DIRECTION('ref_axis',(0.671542934237821,0.,0.740965645273287));
#5717=DIRECTION('',(0.707106781186549,0.298836238730119,0.640856382055788));
#5718=DIRECTION('',(-3.80647894157196E-15,0.906307787036652,-0.422618261740696));
#5719=DIRECTION('',(-0.707106781186549,-0.298836238730119,-0.640856382055788));
#5720=DIRECTION('',(3.80647894157196E-15,-0.906307787036652,0.422618261740696));
#5721=DIRECTION('center_axis',(1.,2.22461565909226E-15,-4.23619282138697E-15));
#5722=DIRECTION('ref_axis',(-2.89913133852507E-15,-0.422618261740696,-0.906307787036651));
#5723=DIRECTION('',(2.89913133852506E-15,0.422618261740699,0.90630778703665));
#5724=DIRECTION('',(-2.89913133852506E-15,-0.422618261740699,-0.90630778703665));
#5725=DIRECTION('center_axis',(0.707106781186547,0.29883623873012,0.640856382055789));
#5726=DIRECTION('ref_axis',(0.671542934237818,0.,-0.740965645273289));
#5727=DIRECTION('',(0.707106781186548,-0.29883623873012,-0.640856382055789));
#5728=DIRECTION('',(-3.80647894157196E-15,0.906307787036652,-0.422618261740696));
#5729=DIRECTION('',(-0.707106781186548,0.29883623873012,0.640856382055789));
#5730=DIRECTION('',(3.80647894157196E-15,-0.906307787036652,0.422618261740696));
#5731=DIRECTION('center_axis',(-5.52737949649647E-16,-0.422618261740696,
-0.906307787036652));
#5732=DIRECTION('ref_axis',(-1.,-3.02370961959246E-15,2.01985780026891E-15));
#5733=DIRECTION('',(1.,-2.1334762341627E-16,-5.10393217967846E-16));
#5734=DIRECTION('',(-1.,2.1334762341627E-16,5.10393217967846E-16));
#5735=DIRECTION('center_axis',(0.707106781186547,0.29883623873012,0.640856382055789));
#5736=DIRECTION('ref_axis',(0.671542934237818,0.,-0.740965645273289));
#5737=DIRECTION('',(-3.80647894157196E-15,0.906307787036652,-0.422618261740696));
#5738=DIRECTION('',(3.80647894157196E-15,-0.906307787036652,0.422618261740696));
#5739=DIRECTION('center_axis',(-5.52737949649647E-16,-0.422618261740696,
-0.906307787036652));
#5740=DIRECTION('ref_axis',(-1.,-3.02370961959246E-15,2.01985780026891E-15));
#5741=DIRECTION('',(3.80647894157196E-15,-0.906307787036652,0.422618261740696));
#5742=DIRECTION('center_axis',(-0.707106781186548,0.298836238730115,0.640856382055791));
#5743=DIRECTION('ref_axis',(0.671542934237819,0.,0.740965645273288));
#5744=DIRECTION('',(-3.80647894157196E-15,0.906307787036652,-0.422618261740696));
#5745=DIRECTION('center_axis',(1.,2.22461565909226E-15,-4.23619282138697E-15));
#5746=DIRECTION('ref_axis',(-2.89913133852507E-15,-0.422618261740696,-0.906307787036651));
#5747=DIRECTION('',(3.80647894157196E-15,-0.906307787036652,0.422618261740696));
#5748=DIRECTION('center_axis',(-0.707106781186549,-0.298836238730119,-0.640856382055787));
#5749=DIRECTION('ref_axis',(-0.671542934237816,0.,0.74096564527329));
#5750=DIRECTION('',(-3.80647894157196E-15,0.906307787036652,-0.422618261740696));
#5751=DIRECTION('center_axis',(-1.04186570442971E-17,0.422618261740696,
0.906307787036652));
#5752=DIRECTION('ref_axis',(1.,-2.92075133280601E-15,1.37346443018177E-15));
#5753=DIRECTION('',(3.80647894157196E-15,-0.906307787036652,0.422618261740696));
#5754=DIRECTION('center_axis',(0.707106781186545,-0.298836238730116,-0.640856382055793));
#5755=DIRECTION('ref_axis',(-0.671542934237822,0.,-0.740965645273286));
#5756=DIRECTION('',(-3.80647894157196E-15,0.906307787036652,-0.422618261740696));
#5757=DIRECTION('center_axis',(-1.,-3.1630167087154E-15,2.22378527625668E-15));
#5758=DIRECTION('ref_axis',(6.78685289274774E-16,0.422618261740702,0.906307787036649));
#5759=DIRECTION('center_axis',(0.707106781186545,-0.298836238730116,-0.640856382055793));
#5760=DIRECTION('ref_axis',(-0.671542934237822,0.,-0.740965645273285));
#5761=DIRECTION('',(-0.70710678118655,-0.298836238730118,-0.640856382055786));
#5762=DIRECTION('',(-3.80647894157196E-15,0.906307787036652,-0.422618261740696));
#5763=DIRECTION('',(0.70710678118655,0.298836238730119,0.640856382055786));
#5764=DIRECTION('center_axis',(-1.,-3.1630167087154E-15,2.22378527625668E-15));
#5765=DIRECTION('ref_axis',(6.78685289274774E-16,0.422618261740702,0.906307787036649));
#5766=DIRECTION('',(-6.78685289274784E-16,-0.422618261740699,-0.90630778703665));
#5767=DIRECTION('',(6.78685289274785E-16,0.422618261740699,0.90630778703665));
#5768=DIRECTION('center_axis',(-1.,-6.31429277696749E-17,-8.25426825059146E-17));
#5769=DIRECTION('ref_axis',(1.01494430293243E-16,-0.422618261740699,-0.90630778703665));
#5770=DIRECTION('',(2.2342882133885E-17,-0.90630778703665,0.422618261740699));
#5771=DIRECTION('',(-1.01494430293243E-16,0.422618261740699,0.90630778703665));
#5772=DIRECTION('',(1.01494430293243E-16,-0.422618261740699,-0.90630778703665));
#5773=DIRECTION('',(-5.59685964448957E-17,-0.342020143325667,0.939692620785909));
#5774=DIRECTION('',(2.2342882133885E-17,-0.90630778703665,0.422618261740699));
#5775=DIRECTION('',(2.2342882133885E-17,-0.90630778703665,0.422618261740699));
#5776=DIRECTION('',(2.2342882133885E-17,-0.90630778703665,0.422618261740699));
#5777=DIRECTION('',(8.75662033811395E-17,-0.939692620785907,-0.342020143325673));
#5778=DIRECTION('',(1.01494430293243E-16,-0.422618261740699,-0.90630778703665));
#5779=DIRECTION('',(5.59685964448958E-17,0.342020143325665,-0.93969262078591));
#5780=DIRECTION('',(-2.23428821338851E-17,0.90630778703665,-0.422618261740699));
#5781=DIRECTION('',(-8.75662033811393E-17,0.939692620785908,0.34202014332567));
#5782=DIRECTION('',(-1.01494430293243E-16,0.422618261740699,0.90630778703665));
#5783=DIRECTION('center_axis',(-0.707106781186548,0.29883623873012,0.640856382055788));
#5784=DIRECTION('ref_axis',(0.707106781186547,0.29883623873012,0.640856382055789));
#5785=DIRECTION('',(-2.2342882133885E-17,0.90630778703665,-0.422618261740699));
#5786=DIRECTION('',(0.707106781186547,0.29883623873012,0.640856382055789));
#5787=DIRECTION('',(-0.577350269189625,0.279258277633819,-0.767255811994709));
#5788=DIRECTION('',(-0.577350269189625,-0.767255811994709,-0.279258277633819));
#5789=DIRECTION('center_axis',(-4.95329771714261E-18,0.422618261740699,
0.90630778703665));
#5790=DIRECTION('ref_axis',(-1.,-2.2342882133885E-17,4.95329771714261E-18));
#5791=DIRECTION('',(2.2342882133885E-17,-0.90630778703665,0.422618261740699));
#5792=DIRECTION('',(1.,2.2342882133885E-17,-4.95329771714261E-18));
#5793=DIRECTION('',(-1.,-5.31733541994995E-16,2.42486063403006E-16));
#5794=DIRECTION('center_axis',(-4.95329771714261E-18,0.422618261740699,
0.90630778703665));
#5795=DIRECTION('ref_axis',(-1.,-2.2342882133885E-17,4.95329771714261E-18));
#5796=DIRECTION('center_axis',(0.707106781186548,0.29883623873012,0.640856382055788));
#5797=DIRECTION('ref_axis',(0.707106781186547,-0.29883623873012,-0.640856382055789));
#5798=DIRECTION('',(-2.2342882133885E-17,0.90630778703665,-0.422618261740699));
#5799=DIRECTION('',(0.707106781186547,-0.29883623873012,-0.640856382055789));
#5800=DIRECTION('',(-0.577350269189625,0.767255811994709,0.27925827763382));
#5801=DIRECTION('',(-0.577350269189626,-0.279258277633819,0.767255811994709));
#5802=DIRECTION('center_axis',(6.62915863704662E-17,-0.422618261740699,
-0.90630778703665));
#5803=DIRECTION('ref_axis',(1.,4.82655630627019E-17,5.06380709328663E-17));
#5804=DIRECTION('',(-1.,-4.82655630627019E-17,-5.06380709328663E-17));
#5805=DIRECTION('',(-2.2342882133885E-17,0.90630778703665,-0.422618261740699));
#5806=DIRECTION('',(0.816496580927724,0.523257044814267,-0.243998767180446));
#5807=DIRECTION('',(1.,5.07792775770114E-17,5.60287491049884E-17));
#5808=DIRECTION('',(1.,5.07792775770114E-17,5.60287491049884E-17));
#5809=DIRECTION('',(-2.2342882133885E-17,0.90630778703665,-0.422618261740699));
#5810=DIRECTION('center_axis',(1.,2.2342882133885E-17,-4.95329771714261E-18));
#5811=DIRECTION('ref_axis',(-4.95329771714261E-18,0.422618261740699,0.90630778703665));
#5812=DIRECTION('',(4.95329771714261E-18,-0.422618261740699,-0.90630778703665));
#5813=DIRECTION('',(-2.2342882133885E-17,0.90630778703665,-0.422618261740699));
#5814=DIRECTION('',(-1.69440196648346E-17,0.868323410563163,0.495998442203156));
#5815=DIRECTION('',(-4.9532977171426E-18,0.422618261740699,0.90630778703665));
#5816=DIRECTION('',(8.85531836410666E-18,-0.178190679065369,0.983995976564042));
#5817=DIRECTION('',(-2.2342882133885E-17,0.90630778703665,-0.422618261740699));
#5818=DIRECTION('center_axis',(0.716710057869754,0.595582154858477,0.362778981974517));
#5819=DIRECTION('ref_axis',(0.62939435166516,-0.328410761380943,-0.704279150551245));
#5820=DIRECTION('center_axis',(2.2342882133885E-17,-0.90630778703665,0.422618261740699));
#5821=DIRECTION('ref_axis',(-0.629394351503293,-0.328410761436349,-0.704279150670064));
#5822=DIRECTION('',(2.2342882133885E-17,-0.90630778703665,0.422618261740699));
#5823=DIRECTION('center_axis',(1.22962930630946E-17,-0.342020143325673,
0.939692620785907));
#5824=DIRECTION('ref_axis',(-4.24616439289343E-17,-0.939692620785907,-0.342020143325673));
#5825=DIRECTION('center_axis',(2.2342882133885E-17,-0.90630778703665,0.422618261740699));
#5826=DIRECTION('ref_axis',(-0.629394351503293,-0.328410761436349,-0.704279150670064));
#5827=DIRECTION('center_axis',(1.22962930630946E-17,-0.342020143325673,
0.939692620785907));
#5828=DIRECTION('ref_axis',(-4.24616439289343E-17,-0.939692620785907,-0.342020143325673));
#5829=DIRECTION('',(2.2342882133885E-17,-0.90630778703665,0.422618261740699));
#5830=DIRECTION('center_axis',(2.2342882133885E-17,-0.90630778703665,0.422618261740699));
#5831=DIRECTION('ref_axis',(6.10127333772117E-15,0.4226182617407,0.90630778703665));
#5832=DIRECTION('',(-2.2342882133885E-17,0.90630778703665,-0.422618261740699));
#5833=DIRECTION('center_axis',(-1.22962930630946E-17,0.342020143325673,
-0.939692620785907));
#5834=DIRECTION('ref_axis',(4.29845294750722E-15,0.939692620785907,0.342020143325673));
#5835=DIRECTION('center_axis',(0.716710057970238,-0.104928006514582,0.689432234707062));
#5836=DIRECTION('ref_axis',(2.13432415047692E-17,-0.988615764825873,-0.150462186404939));
#5837=DIRECTION('center_axis',(2.2342882133885E-17,-0.90630778703665,0.422618261740699));
#5838=DIRECTION('ref_axis',(0.598664713323542,0.338517111848762,0.725952289070579));
#5839=DIRECTION('center_axis',(1.93013138731493E-17,-0.939692620785909,
-0.342020143325667));
#5840=DIRECTION('ref_axis',(5.60980673331312E-17,-0.342020143325667,0.939692620785909));
#5841=DIRECTION('',(2.2342882133885E-17,-0.90630778703665,0.422618261740699));
#5842=DIRECTION('center_axis',(-1.,-2.2342882133885E-17,4.95329771714261E-18));
#5843=DIRECTION('ref_axis',(-1.93013138731493E-17,0.939692620785909,0.342020143325667));
#5844=DIRECTION('',(-1.,-2.2342882133885E-17,4.95329771714261E-18));
#5845=DIRECTION('center_axis',(-0.716710057970236,0.595582154801129,0.362778981870153));
#5846=DIRECTION('ref_axis',(-1.58532824391113E-17,0.520209242575814,-0.854038842172121));
#5847=DIRECTION('center_axis',(2.2342882133885E-17,-0.90630778703665,0.422618261740699));
#5848=DIRECTION('ref_axis',(-4.9605583560124E-15,0.422618261740699,0.90630778703665));
#5849=DIRECTION('',(-2.2342882133885E-17,0.90630778703665,-0.422618261740699));
#5850=DIRECTION('center_axis',(-1.22962930630946E-17,0.342020143325673,
-0.939692620785907));
#5851=DIRECTION('ref_axis',(-3.5234432554761E-15,0.939692620785907,0.342020143325673));
#5852=DIRECTION('',(2.2342882133885E-17,-0.90630778703665,0.422618261740699));
#5853=DIRECTION('center_axis',(1.,2.2342882133885E-17,-4.95329771714261E-18));
#5854=DIRECTION('ref_axis',(1.22962930630945E-17,-0.342020143325668,0.939692620785909));
#5855=DIRECTION('',(1.,2.2342882133885E-17,-4.95329771714261E-18));
#5856=DIRECTION('center_axis',(0.716710057994681,0.104928006524264,-0.689432234680179));
#5857=DIRECTION('ref_axis',(2.24178929075493E-15,-0.988615764822935,-0.15046218642424));
#5858=DIRECTION('center_axis',(2.2342882133885E-17,-0.90630778703665,0.422618261740699));
#5859=DIRECTION('ref_axis',(0.629394351503169,0.328410761436391,0.704279150670155));
#5860=DIRECTION('',(-2.2342882133885E-17,0.90630778703665,-0.422618261740699));
#5861=DIRECTION('center_axis',(1.93013138731493E-17,-0.939692620785909,
-0.342020143325667));
#5862=DIRECTION('ref_axis',(1.22962930630944E-17,-0.342020143325667,0.939692620785909));
#5863=DIRECTION('',(2.2342882133885E-17,-0.90630778703665,0.422618261740699));
#5864=DIRECTION('center_axis',(1.,2.2342882133885E-17,-4.95329771714261E-18));
#5865=DIRECTION('ref_axis',(-1.93013138731492E-17,0.939692620785908,0.34202014332567));
#5866=DIRECTION('',(-1.,-2.2342882133885E-17,4.95329771714261E-18));
#5867=DIRECTION('center_axis',(-1.,-2.2342882133885E-17,4.95329771714261E-18));
#5868=DIRECTION('ref_axis',(1.22962930630945E-17,-0.342020143325668,0.939692620785909));
#5869=DIRECTION('',(1.,2.2342882133885E-17,-4.95329771714261E-18));
#5870=DIRECTION('center_axis',(-4.9532977171426E-18,0.422618261740699,0.90630778703665));
#5871=DIRECTION('ref_axis',(-2.2342882133885E-17,0.90630778703665,-0.422618261740699));
#5872=DIRECTION('',(-2.2342882133885E-17,0.90630778703665,-0.422618261740699));
#5873=DIRECTION('',(-1.,-2.2342882133885E-17,4.95329771714261E-18));
#5874=DIRECTION('',(-2.2342882133885E-17,0.90630778703665,-0.422618261740699));
#5875=DIRECTION('',(-2.2342882133885E-17,0.90630778703665,-0.422618261740699));
#5876=DIRECTION('',(-1.,-2.2342882133885E-17,4.95329771714261E-18));
#5877=DIRECTION('center_axis',(-4.9532977171426E-18,0.422618261740699,0.90630778703665));
#5878=DIRECTION('ref_axis',(-1.,-2.2342882133885E-17,4.95329771714261E-18));
#5879=DIRECTION('center_axis',(2.2342882133885E-17,-0.90630778703665,0.422618261740699));
#5880=DIRECTION('ref_axis',(0.629394351503169,0.328410761436391,0.704279150670155));
#5881=DIRECTION('',(2.2342882133885E-17,-0.90630778703665,0.422618261740699));
#5882=DIRECTION('center_axis',(-1.22962930630946E-17,0.342020143325673,
-0.939692620785907));
#5883=DIRECTION('ref_axis',(-1.93013138731492E-17,0.939692620785907,0.342020143325673));
#5884=DIRECTION('center_axis',(2.2342882133885E-17,-0.90630778703665,0.422618261740699));
#5885=DIRECTION('ref_axis',(-0.62939435150317,-0.328410761436391,-0.704279150670155));
#5886=DIRECTION('center_axis',(-1.93013138731493E-17,0.939692620785909,
0.342020143325667));
#5887=DIRECTION('ref_axis',(4.94666647389963E-17,0.342020143325667,-0.939692620785909));
#5888=DIRECTION('center_axis',(-2.2342882133885E-17,0.90630778703665,-0.422618261740699));
#5889=DIRECTION('ref_axis',(-0.62939435150317,-0.328410761436391,-0.704279150670155));
#5890=DIRECTION('center_axis',(-1.93013138731493E-17,0.939692620785909,
0.342020143325667));
#5891=DIRECTION('ref_axis',(4.94666647389963E-17,0.342020143325667,-0.939692620785909));
#5892=DIRECTION('',(2.2342882133885E-17,-0.90630778703665,0.422618261740699));
#5893=DIRECTION('center_axis',(2.2342882133885E-17,-0.90630778703665,0.422618261740699));
#5894=DIRECTION('ref_axis',(-0.62939435150317,-0.328410761436391,-0.704279150670155));
#5895=DIRECTION('center_axis',(1.22962930630946E-17,-0.342020143325673,
0.939692620785907));
#5896=DIRECTION('ref_axis',(1.42827229477331E-16,-0.939692620785907,-0.342020143325674));
#5897=DIRECTION('center_axis',(2.2342882133885E-17,-0.90630778703665,0.422618261740699));
#5898=DIRECTION('ref_axis',(-0.62939435150317,-0.328410761436391,-0.704279150670155));
#5899=DIRECTION('center_axis',(1.22962930630946E-17,-0.342020143325673,
0.939692620785907));
#5900=DIRECTION('ref_axis',(1.42827229477331E-16,-0.939692620785907,-0.342020143325674));
#5901=DIRECTION('center_axis',(2.2342882133885E-17,-0.90630778703665,0.422618261740699));
#5902=DIRECTION('ref_axis',(-4.9605583560124E-15,0.422618261740699,0.90630778703665));
#5903=DIRECTION('center_axis',(1.93013138731493E-17,-0.939692620785909,
-0.342020143325667));
#5904=DIRECTION('ref_axis',(-3.49184564853984E-15,-0.342020143325667,0.939692620785909));
#5905=DIRECTION('',(-2.2342882133885E-17,0.90630778703665,-0.422618261740699));
#5906=DIRECTION('center_axis',(2.2342882133885E-17,-0.90630778703665,0.422618261740699));
#5907=DIRECTION('ref_axis',(0.598664713323542,0.338517111848762,0.725952289070579));
#5908=DIRECTION('center_axis',(-1.22962930630946E-17,0.342020143325673,
-0.939692620785907));
#5909=DIRECTION('ref_axis',(6.83022346669245E-17,0.939692620785907,0.342020143325673));
#5910=DIRECTION('center_axis',(2.2342882133885E-17,-0.90630778703665,0.422618261740699));
#5911=DIRECTION('ref_axis',(-0.942857142857143,-0.140815243091037,-0.301979263321965));
#5912=DIRECTION('center_axis',(-2.2342882133885E-17,0.90630778703665,-0.422618261740699));
#5913=DIRECTION('ref_axis',(-0.942857142857143,-0.140815243091037,-0.301979263321965));
#5914=DIRECTION('',(2.2342882133885E-17,-0.90630778703665,0.422618261740699));
#5915=DIRECTION('center_axis',(2.2342882133885E-17,-0.90630778703665,0.422618261740699));
#5916=DIRECTION('ref_axis',(-2.96786099468552E-15,0.422618261740699,0.90630778703665));
#5917=DIRECTION('',(-2.2342882133885E-17,0.90630778703665,-0.422618261740699));
#5918=DIRECTION('center_axis',(-1.,-7.88730658461242E-17,-1.16276072471431E-16));
#5919=DIRECTION('ref_axis',(-1.38715107912945E-16,0.422618261740699,0.90630778703665));
#5920=DIRECTION('',(1.38715107912945E-16,-0.422618261740699,-0.90630778703665));
#5921=DIRECTION('',(-2.2342882133885E-17,0.90630778703665,-0.422618261740699));
#5922=DIRECTION('',(-1.38715107912945E-16,0.422618261740699,0.90630778703665));
#5923=DIRECTION('center_axis',(0.707106781186548,0.640856382055789,-0.29883623873012));
#5924=DIRECTION('ref_axis',(4.95329771714261E-18,-0.422618261740699,-0.90630778703665));
#5925=DIRECTION('',(4.95329771714261E-18,-0.422618261740699,-0.90630778703665));
#5926=DIRECTION('',(-0.678598344545846,0.733810464925133,-0.0320388568147607));
#5927=DIRECTION('',(0.678598344545848,-0.496227462939027,0.541537248769401));
#5928=DIRECTION('center_axis',(-1.93013138731492E-17,0.939692620785908,
0.342020143325669));
#5929=DIRECTION('ref_axis',(1.,2.2342882133885E-17,-4.95329771714261E-18));
#5930=DIRECTION('',(-0.281084637714821,-0.328230911139998,0.901807016724163));
#5931=DIRECTION('',(-0.281084637714823,0.328230911139998,-0.901807016724162));
#5932=DIRECTION('center_axis',(-0.707106781186548,0.640856382055789,-0.29883623873012));
#5933=DIRECTION('ref_axis',(-1.01494430293243E-16,0.422618261740699,0.90630778703665));
#5934=DIRECTION('',(-0.678598344545848,-0.733810464925131,0.0320388568147711));
#5935=DIRECTION('',(0.678598344545847,0.496227462939029,-0.5415372487694));
#5936=DIRECTION('center_axis',(-0.500000000000002,0.429547251185437,-0.751990132248445));
#5937=DIRECTION('ref_axis',(-0.707106781186547,0.29883623873012,0.640856382055789));
#5938=DIRECTION('center_axis',(-0.5,0.852165512926138,0.154317654788205));
#5939=DIRECTION('ref_axis',(0.707106781186547,0.29883623873012,0.640856382055789));
#5940=DIRECTION('center_axis',(0.499999999999999,0.42954725118544,-0.751990132248444));
#5941=DIRECTION('ref_axis',(-0.707106781186547,-0.29883623873012,-0.640856382055789));
#5942=DIRECTION('center_axis',(0.499999999999999,0.85216551292614,0.154317654788203));
#5943=DIRECTION('ref_axis',(0.707106781186547,-0.29883623873012,-0.640856382055789));
#5944=DIRECTION('center_axis',(1.,2.2342882133885E-17,-4.95329771714261E-18));
#5945=DIRECTION('ref_axis',(-4.95329771714261E-18,0.422618261740699,0.90630778703665));
#5946=DIRECTION('',(-4.9532977171426E-18,0.422618261740699,0.90630778703665));
#5947=DIRECTION('',(-1.22962930630944E-17,0.342020143325667,-0.939692620785909));
#5948=DIRECTION('',(4.9532977171426E-18,-0.422618261740699,-0.90630778703665));
#5949=DIRECTION('',(1.93013138731492E-17,-0.939692620785908,-0.34202014332567));
#5950=DIRECTION('',(2.2342882133885E-17,-0.90630778703665,0.422618261740699));
#5951=DIRECTION('',(1.22962930630944E-17,-0.342020143325665,0.93969262078591));
#5952=DIRECTION('',(-4.9532977171426E-18,0.422618261740699,0.90630778703665));
#5953=DIRECTION('',(-1.93013138731492E-17,0.939692620785907,0.342020143325673));
#5954=DIRECTION('center_axis',(-4.95329771714261E-18,0.422618261740699,
0.90630778703665));
#5955=DIRECTION('ref_axis',(-1.,-2.2342882133885E-17,4.95329771714261E-18));
#5956=DIRECTION('',(-0.707106781186548,-0.29883623873012,-0.640856382055788));
#5957=DIRECTION('center_axis',(4.95329771714261E-18,-0.422618261740699,
-0.90630778703665));
#5958=DIRECTION('ref_axis',(-1.,-2.2342882133885E-17,4.95329771714261E-18));
#5959=DIRECTION('center_axis',(4.95329771714261E-18,-0.422618261740699,
-0.90630778703665));
#5960=DIRECTION('ref_axis',(-1.,-2.2342882133885E-17,4.95329771714261E-18));
#5961=DIRECTION('',(4.95329771714261E-18,-0.422618261740699,-0.90630778703665));
#5962=DIRECTION('center_axis',(-0.500000000000002,0.852165512926136,0.154317654788209));
#5963=DIRECTION('ref_axis',(0.707106781186548,0.298836238730119,0.640856382055788));
#5964=DIRECTION('',(0.707106781186548,0.298836238730119,0.640856382055788));
#5965=DIRECTION('',(-0.707106781186548,-0.298836238730119,-0.640856382055788));
#5966=DIRECTION('center_axis',(0.707106781186547,-0.29883623873012,-0.640856382055789));
#5967=DIRECTION('ref_axis',(-0.707106781186548,-0.29883623873012,-0.640856382055788));
#5968=DIRECTION('',(-0.707106781186548,-0.29883623873012,-0.640856382055788));
#5969=DIRECTION('center_axis',(-0.5,0.429547251185441,-0.751990132248444));
#5970=DIRECTION('ref_axis',(-0.707106781186547,0.29883623873012,0.640856382055789));
#5971=DIRECTION('',(-0.707106781186547,0.29883623873012,0.640856382055789));
#5972=DIRECTION('',(-0.816496580927727,-0.523257044814263,0.243998767180444));
#5973=DIRECTION('',(0.707106781186547,-0.29883623873012,-0.640856382055789));
#5974=DIRECTION('center_axis',(0.707106781186548,0.298836238730119,0.640856382055788));
#5975=DIRECTION('ref_axis',(0.707106781186547,-0.29883623873012,-0.640856382055789));
#5976=DIRECTION('',(0.707106781186547,-0.29883623873012,-0.640856382055789));
#5977=DIRECTION('',(-2.2342882133885E-17,0.90630778703665,-0.422618261740699));
#5978=DIRECTION('center_axis',(1.22962930630946E-17,-0.342020143325673,
0.939692620785907));
#5979=DIRECTION('ref_axis',(-1.93013138731492E-17,0.939692620785907,0.342020143325673));
#5980=DIRECTION('',(-1.,-2.2342882133885E-17,4.95329771714261E-18));
#5981=DIRECTION('center_axis',(1.22962930630946E-17,-0.342020143325673,
0.939692620785907));
#5982=DIRECTION('ref_axis',(-1.93013138731492E-17,0.939692620785907,0.342020143325673));
#5983=DIRECTION('',(-1.,-2.2342882133885E-17,4.95329771714261E-18));
#5984=DIRECTION('center_axis',(-1.93013138731493E-17,0.939692620785909,
0.342020143325667));
#5985=DIRECTION('ref_axis',(-1.22962930630944E-17,0.342020143325667,-0.939692620785909));
#5986=DIRECTION('center_axis',(1.93013138731493E-17,-0.939692620785909,
-0.342020143325667));
#5987=DIRECTION('ref_axis',(4.33005055444345E-15,-0.342020143325667,0.939692620785909));
#5988=DIRECTION('center_axis',(-1.93013138731493E-17,0.939692620785909,
0.342020143325667));
#5989=DIRECTION('ref_axis',(-1.35822208667261E-16,0.342020143325667,-0.939692620785909));
#5990=DIRECTION('',(-1.,-2.2342882133885E-17,4.95329771714261E-18));
#5991=DIRECTION('center_axis',(-1.93013138731493E-17,0.939692620785909,
0.342020143325667));
#5992=DIRECTION('ref_axis',(-1.22962930630944E-17,0.342020143325667,-0.939692620785909));
#5993=DIRECTION('',(-1.,-2.2342882133885E-17,4.95329771714261E-18));
#5994=DIRECTION('center_axis',(-2.2342882133885E-17,0.90630778703665,-0.422618261740699));
#5995=DIRECTION('ref_axis',(4.9532977171426E-18,-0.422618261740699,-0.90630778703665));
#5996=DIRECTION('center_axis',(-2.2342882133885E-17,0.90630778703665,-0.422618261740699));
#5997=DIRECTION('ref_axis',(-0.629394351503293,-0.328410761436349,-0.704279150670064));
#5998=DIRECTION('',(-1.,-2.2342882133885E-17,4.95329771714261E-18));
#5999=DIRECTION('',(-1.,-2.2342882133885E-17,4.95329771714261E-18));
#6000=DIRECTION('',(-1.,-2.2342882133885E-17,4.95329771714261E-18));
#6001=DIRECTION('',(-1.,-2.2342882133885E-17,4.95329771714261E-18));
#6002=DIRECTION('center_axis',(2.2342882133885E-17,-0.90630778703665,0.422618261740699));
#6003=DIRECTION('ref_axis',(-0.598664713323537,-0.338517111848764,-0.725952289070582));
#6004=DIRECTION('center_axis',(-1.93013138731493E-17,0.93969262078591,0.342020143325665));
#6005=DIRECTION('ref_axis',(3.15054812069424E-17,0.342020143325665,-0.93969262078591));
#6006=DIRECTION('center_axis',(1.22962930630945E-17,-0.34202014332567,0.939692620785908));
#6007=DIRECTION('ref_axis',(1.94508410953296E-16,-0.939692620785908,-0.34202014332567));
#6008=DIRECTION('center_axis',(2.2342882133885E-17,-0.90630778703665,0.422618261740699));
#6009=DIRECTION('ref_axis',(-4.9532977171426E-18,0.422618261740699,0.90630778703665));
#6010=DIRECTION('',(-1.,-2.2342882133885E-17,4.95329771714261E-18));
#6011=DIRECTION('',(-1.,-2.2342882133885E-17,4.95329771714261E-18));
#6012=DIRECTION('',(-1.,-2.2342882133885E-17,4.95329771714261E-18));
#6013=DIRECTION('',(-1.,-2.2342882133885E-17,4.95329771714261E-18));
#6014=DIRECTION('',(-1.,-2.2342882133885E-17,4.95329771714261E-18));
#6015=DIRECTION('center_axis',(2.2342882133885E-17,-0.90630778703665,0.422618261740699));
#6016=DIRECTION('ref_axis',(-2.96786099468552E-15,0.422618261740699,0.90630778703665));
#6017=DIRECTION('',(-1.,-2.2342882133885E-17,4.95329771714261E-18));
#6018=DIRECTION('',(1.38715107912945E-16,-0.422618261740699,-0.90630778703665));
#6019=DIRECTION('center_axis',(2.2342882133885E-17,-0.90630778703665,0.422618261740699));
#6020=DIRECTION('ref_axis',(-2.96786099468552E-15,0.422618261740699,0.90630778703665));
#6021=DIRECTION('center_axis',(1.93013138731493E-17,-0.93969262078591,-0.342020143325665));
#6022=DIRECTION('ref_axis',(1.22962930630944E-17,-0.342020143325665,0.93969262078591));
#6023=DIRECTION('center_axis',(-1.22962930630945E-17,0.34202014332567,-0.939692620785908));
#6024=DIRECTION('ref_axis',(1.93013138731492E-17,-0.939692620785908,-0.34202014332567));
#6025=DIRECTION('center_axis',(2.2342882133885E-17,-0.90630778703665,0.422618261740699));
#6026=DIRECTION('ref_axis',(6.10127333772117E-15,0.4226182617407,0.90630778703665));
#6027=DIRECTION('',(2.2342882133885E-17,-0.90630778703665,0.422618261740699));
#6028=DIRECTION('center_axis',(2.2342882133885E-17,-0.90630778703665,0.422618261740699));
#6029=DIRECTION('ref_axis',(-0.629394351503293,-0.328410761436349,-0.704279150670064));
#6030=DIRECTION('center_axis',(-1.93013138731493E-17,0.939692620785909,
0.342020143325667));
#6031=DIRECTION('ref_axis',(-1.35822208667261E-16,0.342020143325667,-0.939692620785909));
#6032=DIRECTION('center_axis',(-1.93013138731493E-17,0.939692620785909,
0.342020143325667));
#6033=DIRECTION('ref_axis',(-1.22962930630944E-17,0.342020143325667,-0.939692620785909));
#6034=DIRECTION('center_axis',(1.22962930630946E-17,-0.342020143325673,
0.939692620785907));
#6035=DIRECTION('ref_axis',(-1.93013138731492E-17,0.939692620785907,0.342020143325673));
#6036=DIRECTION('center_axis',(2.2342882133885E-17,-0.90630778703665,0.422618261740699));
#6037=DIRECTION('ref_axis',(4.95329771714261E-18,-0.422618261740699,-0.90630778703665));
#6038=DIRECTION('center_axis',(1.22962930630945E-17,-0.34202014332567,0.939692620785908));
#6039=DIRECTION('ref_axis',(1.93013138731492E-17,-0.939692620785908,-0.34202014332567));
#6040=DIRECTION('center_axis',(-1.93013138731493E-17,0.93969262078591,0.342020143325665));
#6041=DIRECTION('ref_axis',(-1.22962930630944E-17,0.342020143325665,-0.93969262078591));
#6042=DIRECTION('center_axis',(-1.22962930630945E-17,0.34202014332567,-0.939692620785908));
#6043=DIRECTION('ref_axis',(1.93013138731492E-17,-0.939692620785908,-0.34202014332567));
#6044=DIRECTION('center_axis',(1.93013138731493E-17,-0.93969262078591,-0.342020143325665));
#6045=DIRECTION('ref_axis',(1.22962930630944E-17,-0.342020143325665,0.93969262078591));
#6046=DIRECTION('center_axis',(-1.,-7.88730658461242E-17,-1.16276072471431E-16));
#6047=DIRECTION('ref_axis',(-1.38715107912945E-16,0.422618261740699,0.90630778703665));
#6048=DIRECTION('',(-1.38715107912945E-16,0.422618261740699,0.90630778703665));
#6049=DIRECTION('center_axis',(-5.84393288350367E-16,0.90630778703665,-0.422618261740699));
#6050=DIRECTION('ref_axis',(1.80861055670405E-16,-0.422618261740699,-0.90630778703665));
#6051=DIRECTION('center_axis',(-5.84393288350367E-16,0.90630778703665,-0.422618261740699));
#6052=DIRECTION('ref_axis',(-2.96786099468552E-15,0.422618261740699,0.90630778703665));
#6053=DIRECTION('center_axis',(-4.95329771714261E-18,0.422618261740699,
0.90630778703665));
#6054=DIRECTION('ref_axis',(-1.,-2.2342882133885E-17,4.95329771714261E-18));
#6055=DIRECTION('',(1.,2.2342882133885E-17,-4.95329771714261E-18));
#6056=DIRECTION('center_axis',(-1.22962930630945E-17,0.34202014332567,-0.939692620785908));
#6057=DIRECTION('ref_axis',(1.93013138731492E-17,-0.939692620785908,-0.34202014332567));
#6058=DIRECTION('center_axis',(1.93013138731493E-17,-0.93969262078591,-0.342020143325665));
#6059=DIRECTION('ref_axis',(1.22962930630944E-17,-0.342020143325665,0.93969262078591));
#6060=DIRECTION('center_axis',(-1.,-1.26345394776453E-15,-2.65661797164876E-15));
#6061=DIRECTION('ref_axis',(-2.94167226608045E-15,0.422618261740699,0.90630778703665));
#6062=DIRECTION('',(-2.94167226608045E-15,0.422618261740699,0.90630778703665));
#6063=DIRECTION('',(2.2342882133885E-17,-0.90630778703665,0.422618261740699));
#6064=DIRECTION('center_axis',(-4.95329771714261E-18,0.422618261740699,
0.90630778703665));
#6065=DIRECTION('ref_axis',(1.,2.2342882133885E-17,-4.95329771714258E-18));
#6066=DIRECTION('',(1.,2.2342882133885E-17,-4.95329771714261E-18));
#6067=DIRECTION('center_axis',(2.2342882133885E-17,-0.90630778703665,0.422618261740699));
#6068=DIRECTION('ref_axis',(1.,2.2342882133885E-17,-4.95329771714261E-18));
#6069=DIRECTION('center_axis',(1.,4.04512595295083E-16,8.146122969662E-16));
#6070=DIRECTION('ref_axis',(-9.09243878032106E-16,0.422618261740699,0.90630778703665));
#6071=DIRECTION('',(2.2342882133885E-17,-0.90630778703665,0.422618261740699));
#6072=DIRECTION('',(-9.09243878032106E-16,0.422618261740699,0.90630778703665));
#6073=DIRECTION('',(2.2342882133885E-17,-0.90630778703665,0.422618261740699));
#6074=DIRECTION('center_axis',(0.707106781186548,-0.29883623873012,-0.640856382055788));
#6075=DIRECTION('ref_axis',(0.707106781186547,0.29883623873012,0.640856382055789));
#6076=DIRECTION('',(0.707106781186547,0.29883623873012,0.640856382055789));
#6077=DIRECTION('',(2.2342882133885E-17,-0.90630778703665,0.422618261740699));
#6078=DIRECTION('center_axis',(-4.47191992440339E-16,-0.422618261740699,
-0.90630778703665));
#6079=DIRECTION('ref_axis',(1.,-1.68741974446714E-16,-4.14736095058814E-16));
#6080=DIRECTION('',(1.,-1.68741974446714E-16,-4.14736095058814E-16));
#6081=DIRECTION('',(2.2342882133885E-17,-0.90630778703665,0.422618261740699));
#6082=DIRECTION('center_axis',(-0.707106781186548,-0.29883623873012,-0.640856382055788));
#6083=DIRECTION('ref_axis',(0.707106781186547,-0.29883623873012,-0.640856382055789));
#6084=DIRECTION('',(0.707106781186547,-0.29883623873012,-0.640856382055789));
#6085=DIRECTION('',(2.2342882133885E-17,-0.90630778703665,0.422618261740699));
#6086=DIRECTION('center_axis',(-0.707106781186548,0.29883623873012,0.640856382055788));
#6087=DIRECTION('ref_axis',(-0.707106781186547,-0.29883623873012,-0.640856382055789));
#6088=DIRECTION('',(2.2342882133885E-17,-0.90630778703665,0.422618261740699));
#6089=DIRECTION('',(-0.707106781186547,-0.29883623873012,-0.640856382055789));
#6090=DIRECTION('',(2.2342882133885E-17,-0.90630778703665,0.422618261740699));
#6091=DIRECTION('center_axis',(4.47191992440339E-16,0.422618261740699,0.90630778703665));
#6092=DIRECTION('ref_axis',(-1.,1.68741974446714E-16,4.14736095058814E-16));
#6093=DIRECTION('',(-1.,1.68741974446714E-16,4.14736095058814E-16));
#6094=DIRECTION('',(2.2342882133885E-17,-0.90630778703665,0.422618261740699));
#6095=DIRECTION('center_axis',(0.707106781186548,0.29883623873012,0.640856382055788));
#6096=DIRECTION('ref_axis',(-0.707106781186547,0.29883623873012,0.640856382055789));
#6097=DIRECTION('',(-0.707106781186547,0.29883623873012,0.640856382055789));
#6098=DIRECTION('center_axis',(-1.,3.59826831027313E-16,8.24518892400485E-16));
#6099=DIRECTION('ref_axis',(-8.99337282597821E-16,-0.422618261740699,-0.90630778703665));
#6100=DIRECTION('',(-8.99337282597821E-16,-0.422618261740699,-0.90630778703665));
#6101=DIRECTION('',(0.665961968427747,0.470585393342558,0.578829892265828));
#6102=DIRECTION('',(0.50388047721775,0.584130358507825,0.636314536175572));
#6103=DIRECTION('',(0.752889104428105,0.4314050357989,0.497038923547035));
#6104=DIRECTION('',(0.858988755961403,0.416448522912179,0.297840468869067));
#6105=DIRECTION('',(0.858988755961403,0.0395289144871107,-0.510466239874247));
#6106=DIRECTION('',(0.752889104428106,-0.103452093629133,-0.64996589199526));
#6107=DIRECTION('',(0.665961968427747,-0.140922962341331,-0.732554008447694));
#6108=DIRECTION('',(0.665961968427747,-0.140922962341331,-0.732554008447694));
#6109=DIRECTION('',(0.503880477217751,-0.111973457622539,-0.85648491490911));
#6110=DIRECTION('center_axis',(-0.707106781186548,-0.640856382055789,0.29883623873012));
#6111=DIRECTION('ref_axis',(-3.23539035218272E-16,0.422618261740699,0.90630778703665));
#6112=DIRECTION('',(-1.01494430293243E-16,0.422618261740699,0.90630778703665));
#6113=DIRECTION('center_axis',(5.84393288350367E-16,-0.90630778703665,0.422618261740699));
#6114=DIRECTION('ref_axis',(4.9532977171426E-18,-0.422618261740699,-0.90630778703665));
#6115=DIRECTION('center_axis',(3.84020707921565E-16,-0.939692620785908,
-0.34202014332567));
#6116=DIRECTION('ref_axis',(-1.,-2.40325625952599E-16,-4.62512204953752E-16));
#6117=DIRECTION('',(-1.,-5.12183520127846E-16,2.84411220593221E-16));
#6118=DIRECTION('center_axis',(5.84393288350367E-16,-0.90630778703665,0.422618261740699));
#6119=DIRECTION('ref_axis',(4.9532977171426E-18,-0.422618261740699,-0.90630778703665));
#6120=DIRECTION('',(-0.503880477217752,0.584130358507824,0.636314536175571));
#6121=DIRECTION('',(-0.665961968427746,0.470585393342557,0.57882989226583));
#6122=DIRECTION('center_axis',(0.707106781186548,-0.640856382055789,0.29883623873012));
#6123=DIRECTION('ref_axis',(-2.17091307207887E-16,-0.422618261740699,-0.90630778703665));
#6124=DIRECTION('',(4.9532977171426E-18,-0.422618261740699,-0.90630778703665));
#6125=DIRECTION('',(-0.856255504031949,0.037162197209182,-0.515214016612106));
#6126=DIRECTION('',(-0.749315048876139,-0.105245150759018,-0.653796922422751));
#6127=DIRECTION('',(-0.665961968427746,-0.140922962341333,-0.732554008447694));
#6128=DIRECTION('',(-0.665961968427746,-0.140922962341333,-0.732554008447694));
#6129=DIRECTION('center_axis',(4.09725946667423E-16,-0.342020143325669,
0.939692620785908));
#6130=DIRECTION('ref_axis',(1.,-2.15189883551979E-16,-5.14343957578253E-16));
#6131=DIRECTION('',(1.,5.31733541994995E-16,-2.42486063403006E-16));
#6132=DIRECTION('',(-0.503880477217752,-0.11197345762254,-0.856484914909109));
#6133=DIRECTION('center_axis',(2.2342882133885E-17,-0.90630778703665,0.422618261740699));
#6134=DIRECTION('ref_axis',(-1.,-2.2342882133885E-17,4.95329771714261E-18));
#6135=DIRECTION('center_axis',(2.2342882133885E-17,-0.90630778703665,0.422618261740699));
#6136=DIRECTION('ref_axis',(-1.,-2.2342882133885E-17,4.95329771714261E-18));
#6137=DIRECTION('',(0.17364817766693,-0.89253893528903,0.416197740726783));
#6138=DIRECTION('center_axis',(2.2342882133885E-17,-0.90630778703665,0.422618261740699));
#6139=DIRECTION('ref_axis',(-1.,-2.2342882133885E-17,4.95329771714261E-18));
#6140=DIRECTION('',(0.17364817766693,-0.89253893528903,0.416197740726783));
#6141=DIRECTION('center_axis',(2.2342882133885E-17,-0.90630778703665,0.422618261740699));
#6142=DIRECTION('ref_axis',(-1.,-2.2342882133885E-17,4.95329771714261E-18));
#6143=DIRECTION('',(-0.752889104428105,0.431405035798899,0.497038923547037));
#6144=DIRECTION('',(-0.859761635856781,0.415842298090853,0.296454233613537));
#6145=DIRECTION('center_axis',(5.84393288350367E-16,-0.90630778703665,0.422618261740699));
#6146=DIRECTION('ref_axis',(4.9532977171426E-18,-0.422618261740699,-0.90630778703665));
#6147=DIRECTION('center_axis',(5.84393288350367E-16,-0.90630778703665,0.422618261740699));
#6148=DIRECTION('ref_axis',(4.9532977171426E-18,-0.422618261740699,-0.90630778703665));
#6149=DIRECTION('center_axis',(2.2342882133885E-17,-0.90630778703665,0.422618261740699));
#6150=DIRECTION('ref_axis',(4.95329771714261E-18,-0.422618261740699,-0.90630778703665));
#6151=CARTESIAN_POINT('',(0.,0.,0.));
#6152=CARTESIAN_POINT('Origin',(-18.1,-50.4760825811501,4.62213911108395));
#6153=CARTESIAN_POINT('',(-18.7,-50.5704717198638,3.));
#6154=CARTESIAN_POINT('',(-19.1,-50.3156436155408,2.6));
#6155=CARTESIAN_POINT('',(-19.2650952717956,-50.2104663276799,2.4349047282044));
#6156=CARTESIAN_POINT('',(-17.1,-52.3358763902038,3.));
#6157=CARTESIAN_POINT('',(-15.1173419282317,-54.5234975274456,3.));
#6158=CARTESIAN_POINT('',(-17.1,-51.5724047250477,4.63727026954026));
#6159=CARTESIAN_POINT('',(-17.1,-51.3823903681868,5.04475737282465));
#6160=CARTESIAN_POINT('',(-21.,-48.0378043556047,2.98905904875154));
#6161=CARTESIAN_POINT('',(-22.072403865429,-47.0658763815182,2.53584159125992));
#6162=CARTESIAN_POINT('',(-19.1,-50.5627638482817,2.07004895068921));
#6163=CARTESIAN_POINT('',(-21.789871288957,-46.9881238245284,3.37111151755206));
#6164=CARTESIAN_POINT('',(-19.1,-49.474767615683,4.40326440098545));
#6165=CARTESIAN_POINT('Origin',(-24.,-41.612430655556,-0.00714191408889731));
#6166=CARTESIAN_POINT('',(-15.4644660940672,-51.5724047250477,4.63727026954026));
#6167=CARTESIAN_POINT('',(-18.3180194846605,-51.5724047250477,4.63727026954027));
#6168=CARTESIAN_POINT('',(-12.,-54.7122773240252,6.10141690807454));
#6169=CARTESIAN_POINT('',(-18.3206271701323,-48.9838437007788,3.43020444032213));
#6170=CARTESIAN_POINT('',(-12.0000000306362,-56.420462523006,6.89795674790632));
#6171=CARTESIAN_POINT('',(-12.,-51.2989237432746,4.50974399337975));
#6172=CARTESIAN_POINT('',(-12.,-60.9795374112626,9.02388828240251));
#6173=CARTESIAN_POINT('Ctrl Pts',(-12.0011887906695,-60.9786248848501,9.02346276434808));
#6174=CARTESIAN_POINT('Ctrl Pts',(-12.2216416591376,-61.2137694100371,9.133112457216));
#6175=CARTESIAN_POINT('Ctrl Pts',(-12.4767301543792,-61.4189775070233,9.22884165209986));
#6176=CARTESIAN_POINT('Ctrl Pts',(-12.7560384070803,-61.5852648990267,9.30644575729587));
#6177=CARTESIAN_POINT('Ctrl Pts',(-13.0126448952527,-61.7380366960527,9.37774231480726));
#6178=CARTESIAN_POINT('Ctrl Pts',(-13.2896925753105,-61.8579571028621,9.43374016099065));
#6179=CARTESIAN_POINT('Ctrl Pts',(-13.5790665302435,-61.9380527441312,9.47117863305204));
#6180=CARTESIAN_POINT('Ctrl Pts',(-13.8884567947683,-62.0236886875776,9.51120676473779));
#6181=CARTESIAN_POINT('Ctrl Pts',(-14.2119382039219,-62.0637965943997,9.53001789678117));
#6182=CARTESIAN_POINT('Ctrl Pts',(-14.5353228331138,-62.0597467667263,9.52824188836197));
#6183=CARTESIAN_POINT('Ctrl Pts',(-14.8973788936481,-62.0552126469168,9.52625349882924));
#6184=CARTESIAN_POINT('Ctrl Pts',(-15.2593120998051,-61.995327789103,9.49845977971771));
#6185=CARTESIAN_POINT('Ctrl Pts',(-15.6011717734138,-61.8820645452694,9.44576696081358));
#6186=CARTESIAN_POINT('Ctrl Pts',(-15.7559956446359,-61.8307690716255,9.42190305746917));
#6187=CARTESIAN_POINT('Ctrl Pts',(-15.9067019508966,-61.7685259947862,9.39293246221218));
#6188=CARTESIAN_POINT('Ctrl Pts',(-16.0514368793995,-61.6955216110178,9.35894059327695));
#6189=CARTESIAN_POINT('Ctrl Pts',(-16.3674198803462,-61.5361395979542,9.2847300840029));
#6190=CARTESIAN_POINT('Ctrl Pts',(-16.6549384120451,-61.3254637063234,9.1865860088456));
#6191=CARTESIAN_POINT('Ctrl Pts',(-16.9037256914045,-61.0774062350857,9.07097492308977));
#6192=CARTESIAN_POINT('Ctrl Pts',(-17.1437716308205,-60.8380644613997,8.9594259252527));
#6193=CARTESIAN_POINT('Ctrl Pts',(-17.3477596887678,-60.5639244369514,8.8316166967173));
#6194=CARTESIAN_POINT('Ctrl Pts',(-17.5065103340652,-60.267493263662,8.6933579954936));
#6195=CARTESIAN_POINT('Ctrl Pts',(-17.5734913885411,-60.1424211889674,8.63502302884773));
#6196=CARTESIAN_POINT('Ctrl Pts',(-17.6324197762388,-60.0133807119941,8.57482777974321));
#6197=CARTESIAN_POINT('Ctrl Pts',(-17.68260865235,-59.8813100942822,8.51320826640003));
#6198=CARTESIAN_POINT('Ctrl Pts',(-17.7379316895098,-59.7357290759862,8.44528527448243));
#6199=CARTESIAN_POINT('Ctrl Pts',(-17.7826357759623,-59.5864663350394,8.37563175157522));
#6200=CARTESIAN_POINT('Ctrl Pts',(-17.8167187585635,-59.4349513490934,8.3049128010235));
#6201=CARTESIAN_POINT('Ctrl Pts',(-17.8969007943042,-59.0785042575777,8.13854269524269));
#6202=CARTESIAN_POINT('Ctrl Pts',(-17.918251365456,-58.7093828643498,7.96627711523216));
#6203=CARTESIAN_POINT('Ctrl Pts',(-17.8805520937857,-58.3462163845394,7.79680469073426));
#6204=CARTESIAN_POINT('Ctrl Pts',(-17.8495632304515,-58.0476929406692,7.6574980789882));
#6205=CARTESIAN_POINT('Ctrl Pts',(-17.7786756244234,-57.753194924472,7.52007952728629));
#6206=CARTESIAN_POINT('Ctrl Pts',(-17.6677872408082,-57.4730855613247,7.38938131284718));
#6207=CARTESIAN_POINT('Ctrl Pts',(-17.5296854779718,-57.1242339000735,7.2266081419779));
#6208=CARTESIAN_POINT('Ctrl Pts',(-17.329538294752,-56.7977006412558,7.07425912707777));
#6209=CARTESIAN_POINT('Ctrl Pts',(-17.081039289653,-56.5108551505944,6.94043215245313));
#6210=CARTESIAN_POINT('Ctrl Pts',(-16.8438111938016,-56.2370198105854,6.81267502782761));
#6211=CARTESIAN_POINT('Ctrl Pts',(-16.5625197068016,-55.9993560142456,6.70179880991722));
#6212=CARTESIAN_POINT('Ctrl Pts',(-16.2491117507132,-55.8129522255762,6.61483634103659));
#6213=CARTESIAN_POINT('Ctrl Pts',(-16.1703574053324,-55.766111971307,6.59298408050413));
#6214=CARTESIAN_POINT('Ctrl Pts',(-16.089575210382,-55.7225082486105,6.57264171881971));
#6215=CARTESIAN_POINT('Ctrl Pts',(-16.0069548796601,-55.6823799827518,6.5539206161101));
#6216=CARTESIAN_POINT('Ctrl Pts',(-15.6879665821947,-55.5274490221194,6.48164043243332));
#6217=CARTESIAN_POINT('Ctrl Pts',(-15.3415795156701,-55.4243281647947,6.43352898132345));
#6218=CARTESIAN_POINT('Ctrl Pts',(-14.9869863996237,-55.3746314349766,6.41033598286606));
#6219=CARTESIAN_POINT('Ctrl Pts',(-14.6674331435995,-55.3298455914043,6.38943484903511));
#6220=CARTESIAN_POINT('Ctrl Pts',(-14.3412167543838,-55.3284465954778,6.38877052727985));
#6221=CARTESIAN_POINT('Ctrl Pts',(-14.0223573529058,-55.3715862250618,6.40887838828856));
#6222=CARTESIAN_POINT('Ctrl Pts',(-13.8561595230229,-55.3940717242679,6.41935912947964));
#6223=CARTESIAN_POINT('Ctrl Pts',(-13.6919598474231,-55.4286568633637,6.43548297678856));
#6224=CARTESIAN_POINT('Ctrl Pts',(-13.5317389009788,-55.4755017244795,6.45732436475605));
#6225=CARTESIAN_POINT('Ctrl Pts',(-13.2309156042135,-55.5634554276007,6.49833272527395));
#6226=CARTESIAN_POINT('Ctrl Pts',(-12.9441206462989,-55.6946258390679,6.55949596688067));
#6227=CARTESIAN_POINT('Ctrl Pts',(-12.6804908946839,-55.860950670029,6.63705326966743));
#6228=CARTESIAN_POINT('Ctrl Pts',(-12.4307335857415,-56.0185233337236,6.71052943506298));
#6229=CARTESIAN_POINT('Ctrl Pts',(-12.2017678229655,-56.2076475319579,6.79871948781038));
#6230=CARTESIAN_POINT('Ctrl Pts',(-12.0013217344405,-56.4214807242931,6.89843154296404));
#6231=CARTESIAN_POINT('',(-12.,-62.5277728744356,9.7458423355072));
#6232=CARTESIAN_POINT('',(-12.,-51.2989237432746,4.50974399337975));
#6233=CARTESIAN_POINT('',(-4.84213035892257,-63.5797566032413,10.2363904045038));
#6234=CARTESIAN_POINT('',(-16.17005148662,-61.91490528503,9.46005748513239));
#6235=CARTESIAN_POINT('',(4.84213035892245,-63.5797566032413,10.2363904045038));
#6236=CARTESIAN_POINT('',(-9.65948975853586,-63.5797566032413,10.2363904045038));
#6237=CARTESIAN_POINT('',(12.,-62.5277728744355,9.74584233550719));
#6238=CARTESIAN_POINT('',(-4.55551213562705,-64.9609171285273,10.880436134586));
#6239=CARTESIAN_POINT('',(12.0000000002893,-60.9795374118833,9.02388828269196));
#6240=CARTESIAN_POINT('',(12.,-47.7869490127157,2.87208328127329));
#6241=CARTESIAN_POINT('',(12.0000000306362,-56.4204625230061,6.89795674790633));
#6242=CARTESIAN_POINT('Ctrl Pts',(12.0012722114853,-56.421442582288,6.89841375705493));
#6243=CARTESIAN_POINT('Ctrl Pts',(12.1917441916154,-56.2181867673194,6.80363401397055));
#6244=CARTESIAN_POINT('Ctrl Pts',(12.4080250744328,-56.0372395394832,6.71929982857713));
#6245=CARTESIAN_POINT('Ctrl Pts',(12.643486120064,-55.8845121335126,6.64815554720116));
#6246=CARTESIAN_POINT('Ctrl Pts',(12.895199396886,-55.7212430215695,6.57210067305293));
#6247=CARTESIAN_POINT('Ctrl Pts',(13.1688308024602,-55.5902253457574,6.51111991426967));
#6248=CARTESIAN_POINT('Ctrl Pts',(13.456229864795,-55.4986591215688,6.46855928371502));
#6249=CARTESIAN_POINT('Ctrl Pts',(13.4814118296598,-55.4906360702004,6.46483011252516));
#6250=CARTESIAN_POINT('Ctrl Pts',(13.5066994688486,-55.482915878346,6.46124235116385));
#6251=CARTESIAN_POINT('Ctrl Pts',(13.5320872869828,-55.4755033765717,6.45779824615508));
#6252=CARTESIAN_POINT('Ctrl Pts',(13.846644307338,-55.3836619091727,6.41512552006161));
#6253=CARTESIAN_POINT('Ctrl Pts',(14.1765808126409,-55.3390596646986,6.39450798039624));
#6254=CARTESIAN_POINT('Ctrl Pts',(14.5067364067068,-55.3404537932439,6.39535518200401));
#6255=CARTESIAN_POINT('Ctrl Pts',(14.847902828635,-55.3418944165624,6.39623063814157));
#6256=CARTESIAN_POINT('Ctrl Pts',(15.1893002970015,-55.3924489148463,6.42002582956753));
#6257=CARTESIAN_POINT('Ctrl Pts',(15.5142215888648,-55.4907030300806,6.46606985615216));
#6258=CARTESIAN_POINT('Ctrl Pts',(15.6836713565645,-55.5419435533056,6.49008228563619));
#6259=CARTESIAN_POINT('Ctrl Pts',(15.8486407058218,-55.6061565441044,6.52014553818535));
#6260=CARTESIAN_POINT('Ctrl Pts',(16.0067650808225,-55.6831392286285,6.55616326960248));
#6261=CARTESIAN_POINT('Ctrl Pts',(16.383926684629,-55.8667599560483,6.64207352440472));
#6262=CARTESIAN_POINT('Ctrl Pts',(16.7221449450553,-56.1230270115239,6.76185986506372));
#6263=CARTESIAN_POINT('Ctrl Pts',(17.0039906411266,-56.4290001813758,6.90478544105981));
#6264=CARTESIAN_POINT('Ctrl Pts',(17.2674445298856,-56.7150071084889,7.03838442562534));
#6265=CARTESIAN_POINT('Ctrl Pts',(17.4816438799445,-57.0444444804447,7.19220057047222));
#6266=CARTESIAN_POINT('Ctrl Pts',(17.6323671311536,-57.3986269903504,7.3574786089939));
#6267=CARTESIAN_POINT('Ctrl Pts',(17.6428891735754,-57.4233525941601,7.36901672616411));
#6268=CARTESIAN_POINT('Ctrl Pts',(17.6531018693509,-57.4481988121348,7.38061070999716));
#6269=CARTESIAN_POINT('Ctrl Pts',(17.6630003813278,-57.4731592950793,7.39225758503399));
#6270=CARTESIAN_POINT('Ctrl Pts',(17.814762801283,-57.8558494715155,7.57082563087998));
#6271=CARTESIAN_POINT('Ctrl Pts',(17.8926732904903,-58.2653965250855,7.76182439117366));
#6272=CARTESIAN_POINT('Ctrl Pts',(17.8962583407613,-58.6754389763573,7.9529222021349));
#6273=CARTESIAN_POINT('Ctrl Pts',(17.8994696523115,-59.0427348188968,8.12409821395209));
#6274=CARTESIAN_POINT('Ctrl Pts',(17.8430422449827,-59.4104278770653,8.29535329150328));
#6275=CARTESIAN_POINT('Ctrl Pts',(17.7266363109063,-59.7596035409584,8.45785024020587));
#6276=CARTESIAN_POINT('Ctrl Pts',(17.7130887605619,-59.8002412878496,8.47676195300494));
#6277=CARTESIAN_POINT('Ctrl Pts',(17.6987288402418,-59.8406282618256,8.49555507407497));
#6278=CARTESIAN_POINT('Ctrl Pts',(17.6835560397805,-59.8807346796522,8.51421570172581));
#6279=CARTESIAN_POINT('Ctrl Pts',(17.6460748271445,-59.9798091503445,8.56031285792884));
#6280=CARTESIAN_POINT('Ctrl Pts',(17.6036331705141,-60.0771715437088,8.60560148029592));
#6281=CARTESIAN_POINT('Ctrl Pts',(17.5565342549407,-60.1724289250958,8.64989836899693));
#6282=CARTESIAN_POINT('Ctrl Pts',(17.4287048655897,-60.4309633891195,8.77012288295569));
#6283=CARTESIAN_POINT('Ctrl Pts',(17.2664015234404,-60.6740758353671,8.88320101035742));
#6284=CARTESIAN_POINT('Ctrl Pts',(17.0756407677148,-60.8938041357912,8.98541662111254));
#6285=CARTESIAN_POINT('Ctrl Pts',(16.8726583382672,-61.12761000466,9.09418098891785));
#6286=CARTESIAN_POINT('Ctrl Pts',(16.6374561732767,-61.3349382448834,9.19064564316033));
#6287=CARTESIAN_POINT('Ctrl Pts',(16.3773375817427,-61.5062151998437,9.27033790066379));
#6288=CARTESIAN_POINT('Ctrl Pts',(16.2723107881579,-61.57537084646,9.3025148482236));
#6289=CARTESIAN_POINT('Ctrl Pts',(16.1632224769041,-61.6386494960702,9.33195756790882));
#6290=CARTESIAN_POINT('Ctrl Pts',(16.0505551192431,-61.6954224809403,9.35837227307629));
#6291=CARTESIAN_POINT('Ctrl Pts',(15.7717393361647,-61.8359175148424,9.4237402452995));
#6292=CARTESIAN_POINT('Ctrl Pts',(15.4710048114917,-61.9365682508578,9.47056280811902));
#6293=CARTESIAN_POINT('Ctrl Pts',(15.1614657933973,-61.9960236767259,9.49820039557109));
#6294=CARTESIAN_POINT('Ctrl Pts',(14.8673827851806,-62.0525103535969,9.52445797339695));
#6295=CARTESIAN_POINT('Ctrl Pts',(14.565354268964,-62.0718132383661,9.5333988022585));
#6296=CARTESIAN_POINT('Ctrl Pts',(14.2666201713627,-62.0528129446398,9.52449415489481));
#6297=CARTESIAN_POINT('Ctrl Pts',(14.0335903097154,-62.0379916173998,9.51754801530163));
#6298=CARTESIAN_POINT('Ctrl Pts',(13.802565196857,-61.9998639242305,9.49974345926623));
#6299=CARTESIAN_POINT('Ctrl Pts',(13.5788675460425,-61.9379151416567,9.47083772738472));
#6300=CARTESIAN_POINT('Ctrl Pts',(13.2768241692827,-61.8542700099058,9.43180832840171));
#6301=CARTESIAN_POINT('Ctrl Pts',(12.988142147369,-61.7271975571306,9.37254079496326));
#6302=CARTESIAN_POINT('Ctrl Pts',(12.7221161271482,-61.564656939116,9.29674045797097));
#6303=CARTESIAN_POINT('Ctrl Pts',(12.4880266300505,-61.4216293830242,9.23003997975597));
#6304=CARTESIAN_POINT('Ctrl Pts',(12.2714799227268,-61.2511392915409,9.15053841443842));
#6305=CARTESIAN_POINT('Ctrl Pts',(12.0787624151005,-61.0586086002914,9.06075979483721));
#6306=CARTESIAN_POINT('Ctrl Pts',(12.0524702182491,-61.0323418905532,9.04851141549339));
#6307=CARTESIAN_POINT('Ctrl Pts',(12.0266214705556,-61.0056649315122,9.03607174518349));
#6308=CARTESIAN_POINT('Ctrl Pts',(12.0012320579297,-60.9785914769887,9.02344718600646));
#6309=CARTESIAN_POINT('',(12.,-54.7122773240253,6.10141690807456));
#6310=CARTESIAN_POINT('',(12.,-47.7869490127157,2.87208328127329));
#6311=CARTESIAN_POINT('',(15.4644660940672,-51.5724047250477,4.63727026954027));
#6312=CARTESIAN_POINT('',(7.6386466547931,-58.6650058228047,7.94460447766292));
#6313=CARTESIAN_POINT('',(17.1,-51.5724047250477,4.63727026954027));
#6314=CARTESIAN_POINT('',(-2.75,-51.5724047250477,4.63727026954027));
#6315=CARTESIAN_POINT('',(21.,-48.0378043556047,2.98905904875153));
#6316=CARTESIAN_POINT('',(10.072403865429,-57.941569825958,7.60726073214831));
#6317=CARTESIAN_POINT('',(21.,-68.3485103731372,12.4600968072617));
#6318=CARTESIAN_POINT('',(21.,-40.1623381962974,-0.683331132874017));
#6319=CARTESIAN_POINT('',(-21.,-68.3485103731372,12.4600968072617));
#6320=CARTESIAN_POINT('',(-12.,-68.3485103731372,12.4600968072617));
#6321=CARTESIAN_POINT('',(-21.,-40.1623381962974,-0.683331132874017));
#6322=CARTESIAN_POINT('Origin',(-22.5,-40.978503262945,1.35231976646608));
#6323=CARTESIAN_POINT('',(-22.1775258626259,-68.9180672986544,14.0249415992143));
#6324=CARTESIAN_POINT('',(-15.0166666666667,-65.4544347134497,4.50868928207725));
#6325=CARTESIAN_POINT('',(-22.8224612512989,-68.6455175045087,14.6094570099949));
#6326=CARTESIAN_POINT('Ctrl Pts',(-22.1775258626259,-68.9180672986544,14.0249415992143));
#6327=CARTESIAN_POINT('Ctrl Pts',(-22.2843406725437,-68.8729260936369,14.1217490122978));
#6328=CARTESIAN_POINT('Ctrl Pts',(-22.3911765343546,-68.8277766134802,14.2185757948145));
#6329=CARTESIAN_POINT('Ctrl Pts',(-22.6062208162559,-68.7368988526865,14.4134739112494));
#6330=CARTESIAN_POINT('Ctrl Pts',(-22.7143515665243,-68.691203410489,14.511474858817));
#6331=CARTESIAN_POINT('Ctrl Pts',(-22.8224612512989,-68.6455175045087,14.6094570099949));
#6332=CARTESIAN_POINT('',(-24.,-67.0806555879151,15.1790201683717));
#6333=CARTESIAN_POINT('',(-33.7333333333333,-54.1457753798155,19.886931547919));
#6334=CARTESIAN_POINT('',(-24.,-41.4321452147779,3.2189233611099));
#6335=CARTESIAN_POINT('',(-24.,-40.3445758703339,2.71178144702106));
#6336=CARTESIAN_POINT('',(-20.4483110405188,-42.9331538290775,0.));
#6337=CARTESIAN_POINT('',(-22.25,-42.1717271728241,1.63288473379579));
#6338=CARTESIAN_POINT('',(-19.1,-46.1235295477351,0.));
#6339=CARTESIAN_POINT('',(-18.1502255838445,-48.3708872748801,0.));
#6340=CARTESIAN_POINT('',(-19.1,-43.9821418275048,-0.998545493022475));
#6341=CARTESIAN_POINT('Origin',(19.1,-60.3568542494924,0.));
#6342=CARTESIAN_POINT('',(19.1,-50.5627638482817,2.07004895068921));
#6343=CARTESIAN_POINT('',(19.1,-50.3156436155408,2.6));
#6344=CARTESIAN_POINT('',(19.1,-52.2686401510133,-1.58821458605184));
#6345=CARTESIAN_POINT('',(19.1,-59.3456863415764,2.6));
#6346=CARTESIAN_POINT('',(19.1,-53.9650041254464,2.6));
#6347=CARTESIAN_POINT('',(19.1,-60.5580862527794,0.));
#6348=CARTESIAN_POINT('',(19.1,-58.8495776369693,3.66390855035498));
#6349=CARTESIAN_POINT('',(19.1,-46.1235295477351,0.));
#6350=CARTESIAN_POINT('',(19.1,-53.9650041254464,0.));
#6351=CARTESIAN_POINT('',(19.1,-52.5479872620309,2.99577383166906));
#6352=CARTESIAN_POINT('Origin',(22.5,-40.978503262945,1.35231976646608));
#6353=CARTESIAN_POINT('',(21.055330664932,-47.9642739936804,3.01582191180682));
#6354=CARTESIAN_POINT('',(20.4483110405188,-42.9331538290775,0.));
#6355=CARTESIAN_POINT('',(18.1502255838445,-48.3708872748801,0.));
#6356=CARTESIAN_POINT('',(24.,-41.4321452147779,3.21892336110989));
#6357=CARTESIAN_POINT('',(22.25,-42.1717271728241,1.63288473379578));
#6358=CARTESIAN_POINT('',(24.,-67.0806555879151,15.1790201683717));
#6359=CARTESIAN_POINT('',(24.,-38.8944834110753,2.03559222823593));
#6360=CARTESIAN_POINT('',(22.8224612512989,-68.6455175045086,14.6094570099949));
#6361=CARTESIAN_POINT('',(29.9,-59.2399919001287,18.0327883676178));
#6362=CARTESIAN_POINT('',(22.1775258626259,-68.9180672986544,14.0249415992143));
#6363=CARTESIAN_POINT('Ctrl Pts',(22.8224612512989,-68.6455175045086,14.6094570099949));
#6364=CARTESIAN_POINT('Ctrl Pts',(22.7143515646911,-68.6912034112636,14.5114748571555));
#6365=CARTESIAN_POINT('Ctrl Pts',(22.6062208125863,-68.7368988542371,14.4134739079236));
#6366=CARTESIAN_POINT('Ctrl Pts',(22.3911765306841,-68.8277766150313,14.2185757914878));
#6367=CARTESIAN_POINT('Ctrl Pts',(22.2843406707084,-68.8729260944125,14.1217490106345));
#6368=CARTESIAN_POINT('Ctrl Pts',(22.1775258626259,-68.9180672986544,14.0249415992143));
#6369=CARTESIAN_POINT('',(11.0166666666667,-63.5196766122659,-0.80701491303214));
#6370=CARTESIAN_POINT('Origin',(18.5,-41.5655258779709,4.8258488723523));
#6371=CARTESIAN_POINT('',(15.5,-43.8158561642475,0.));
#6372=CARTESIAN_POINT('',(18.4999999999998,-43.8158561642474,0.));
#6373=CARTESIAN_POINT('',(9.25,-43.8158561642474,0.));
#6374=CARTESIAN_POINT('',(15.5,-43.4250462296293,0.838094609392502));
#6375=CARTESIAN_POINT('',(15.5,-42.4952860538001,2.8319717408724));
#6376=CARTESIAN_POINT('',(-15.5,-43.4250462296293,0.838094609392504));
#6377=CARTESIAN_POINT('',(9.25,-43.4250462296293,0.838094609392495));
#6378=CARTESIAN_POINT('',(-15.5,-43.8158561642475,0.));
#6379=CARTESIAN_POINT('',(-15.5,-42.4952860538001,2.83197174087241));
#6380=CARTESIAN_POINT('',(-18.5000000000003,-43.8158561642474,0.));
#6381=CARTESIAN_POINT('',(9.25,-43.8158561642474,0.));
#6382=CARTESIAN_POINT('',(-18.5000000000001,-41.8190968350146,4.28206420013187));
#6383=CARTESIAN_POINT('',(-18.5000000000001,-41.5655258779702,4.82584887235386));
#6384=CARTESIAN_POINT('',(18.5,-41.8190968350153,4.28206420013031));
#6385=CARTESIAN_POINT('',(17.9796507144318,-41.8190968350153,4.28206420013034));
#6386=CARTESIAN_POINT('',(18.5,-41.5655258779709,4.8258488723523));
#6387=CARTESIAN_POINT('Origin',(15.5,-41.6277465397453,-4.9960036108132E-15));
#6388=CARTESIAN_POINT('',(15.5,-43.2641672047662,0.));
#6389=CARTESIAN_POINT('',(15.5,-42.971892336111,0.626785478522147));
#6390=CARTESIAN_POINT('',(15.5,-42.0421321602814,2.62066261000282));
#6391=CARTESIAN_POINT('',(15.5,-41.6277465397453,0.));
#6392=CARTESIAN_POINT('',(15.5,-48.8534813639377,3.36941548431817));
#6393=CARTESIAN_POINT('',(15.5,-44.6004502705728,0.));
#6394=CARTESIAN_POINT('Origin',(1.7413888126227E-15,-50.3379821039017,4.06164954790013));
#6395=CARTESIAN_POINT('',(-15.5,-42.971892336111,0.626785478522147));
#6396=CARTESIAN_POINT('',(-9.25000000000004,-42.971892336111,0.626785478522146));
#6397=CARTESIAN_POINT('',(-15.5,-41.6277465397453,0.));
#6398=CARTESIAN_POINT('',(-15.5,-39.98107663889,-0.767854785222162));
#6399=CARTESIAN_POINT('',(1.1193672356263E-14,-41.6277465397453,0.));
#6400=CARTESIAN_POINT('Origin',(4.44089209850063E-15,-47.5731540014004,
0.));
#6401=CARTESIAN_POINT('',(-19.7847769075662,-42.1607892858037,0.));
#6402=CARTESIAN_POINT('',(-17.1790372170279,-39.127665824593,0.));
#6403=CARTESIAN_POINT('',(-19.1,-42.1607892858037,0.));
#6404=CARTESIAN_POINT('',(-19.1,-42.1607892858037,0.));
#6405=CARTESIAN_POINT('',(-19.1,-38.9,0.));
#6406=CARTESIAN_POINT('',(-19.1,-43.5365770007002,0.));
#6407=CARTESIAN_POINT('',(-20.,-38.,0.));
#6408=CARTESIAN_POINT('',(-18.5,-39.5,0.));
#6409=CARTESIAN_POINT('',(-20.,-30.,0.));
#6410=CARTESIAN_POINT('',(-20.,-38.,0.));
#6411=CARTESIAN_POINT('',(-19.,-29.,0.));
#6412=CARTESIAN_POINT('',(-20.,-30.,0.));
#6413=CARTESIAN_POINT('',(-14.,-29.,0.));
#6414=CARTESIAN_POINT('',(-19.,-29.,0.));
#6415=CARTESIAN_POINT('',(-11.,-32.,0.));
#6416=CARTESIAN_POINT('',(-14.,-29.,0.));
#6417=CARTESIAN_POINT('',(11.,-32.,0.));
#6418=CARTESIAN_POINT('',(11.,-32.,0.));
#6419=CARTESIAN_POINT('',(14.,-29.,0.));
#6420=CARTESIAN_POINT('',(14.,-29.,0.));
#6421=CARTESIAN_POINT('',(19.,-29.,0.));
#6422=CARTESIAN_POINT('',(19.,-29.,0.));
#6423=CARTESIAN_POINT('',(20.,-30.,0.));
#6424=CARTESIAN_POINT('',(20.,-30.,0.));
#6425=CARTESIAN_POINT('',(20.,-38.,0.));
#6426=CARTESIAN_POINT('',(20.,-38.,0.));
#6427=CARTESIAN_POINT('',(19.1,-38.9,0.));
#6428=CARTESIAN_POINT('',(18.5,-39.5,0.));
#6429=CARTESIAN_POINT('',(19.1,-42.1607892858037,0.));
#6430=CARTESIAN_POINT('',(19.1,-53.9650041254464,0.));
#6431=CARTESIAN_POINT('',(19.7847769075662,-42.1607892858037,0.));
#6432=CARTESIAN_POINT('',(19.1,-42.1607892858037,0.));
#6433=CARTESIAN_POINT('',(17.1790372170278,-39.1276658245929,0.));
#6434=CARTESIAN_POINT('',(17.0512652266746,-63.9329477483555,5.55111512312578E-16));
#6435=CARTESIAN_POINT('',(19.132058302993,-60.5052769122082,-1.11022302462516E-15));
#6436=CARTESIAN_POINT('',(4.68102048292829,-66.1463080028007,0.));
#6437=CARTESIAN_POINT('',(4.68102048292829,-66.1463080028007,0.));
#6438=CARTESIAN_POINT('',(-4.68102048292828,-66.1463080028007,0.));
#6439=CARTESIAN_POINT('',(-4.68102048292828,-66.1463080028007,0.));
#6440=CARTESIAN_POINT('',(-17.0512652266746,-63.9329477483555,5.55111512312578E-16));
#6441=CARTESIAN_POINT('',(-16.2411077985004,-64.0779060970795,0.));
#6442=CARTESIAN_POINT('',(-19.1,-60.5580862527794,3.70074341541719E-16));
#6443=CARTESIAN_POINT('',(-20.1140997202634,-58.8875693351422,-1.11022302462516E-15));
#6444=CARTESIAN_POINT('',(-19.1,-43.5365770007002,0.));
#6445=CARTESIAN_POINT('',(-17.4,-58.7,0.));
#6446=CARTESIAN_POINT('Origin',(-14.5,-58.7,0.));
#6447=CARTESIAN_POINT('',(13.1,-34.,0.));
#6448=CARTESIAN_POINT('Origin',(16.,-34.,0.));
#6449=CARTESIAN_POINT('',(11.6,-58.7,0.));
#6450=CARTESIAN_POINT('Origin',(14.5,-58.7,0.));
#6451=CARTESIAN_POINT('',(-18.9,-34.,0.));
#6452=CARTESIAN_POINT('Origin',(-16.,-34.,0.));
#6453=CARTESIAN_POINT('',(18.4999999999998,-43.2641672047662,0.));
#6454=CARTESIAN_POINT('',(18.4999999999997,-44.3427629929267,0.));
#6455=CARTESIAN_POINT('',(-9.25000000000004,-43.2641672047662,0.));
#6456=CARTESIAN_POINT('',(-15.5,-43.2641672047662,0.));
#6457=CARTESIAN_POINT('',(-15.5,-48.213317682669,0.));
#6458=CARTESIAN_POINT('',(-18.5000000000003,-43.2641672047662,-5.55111512312578E-16));
#6459=CARTESIAN_POINT('',(-9.25000000000004,-43.2641672047662,0.));
#6460=CARTESIAN_POINT('',(-18.5000000000003,-44.5693399396856,0.));
#6461=CARTESIAN_POINT('',(-15.5,-50.4246656077813,0.));
#6462=CARTESIAN_POINT('',(-15.5,-48.213317682669,0.));
#6463=CARTESIAN_POINT('',(-11.3933982822017,-50.4246656077813,0.));
#6464=CARTESIAN_POINT('',(-5.69669914110084,-50.4246656077813,-2.77555756156289E-16));
#6465=CARTESIAN_POINT('',(-7.00000000000003,-55.2722442615704,0.));
#6466=CARTESIAN_POINT('',(-7.94341308258155,-54.2313030977896,0.));
#6467=CARTESIAN_POINT('',(-7.00000000000002,-62.3780080167438,0.));
#6468=CARTESIAN_POINT('',(-7.00000000000004,-53.1225183836151,0.));
#6469=CARTESIAN_POINT('',(-4.43935566893685,-62.8361742459133,0.));
#6470=CARTESIAN_POINT('',(-3.94002272143035,-62.9255179672899,-1.11022302462516E-15));
#6471=CARTESIAN_POINT('',(4.43935566893701,-62.8361742459133,0.));
#6472=CARTESIAN_POINT('',(2.21967783446851,-62.8361742459133,0.));
#6473=CARTESIAN_POINT('',(6.99999999999999,-62.3780080167438,0.));
#6474=CARTESIAN_POINT('',(5.21325110908814,-62.6977041150622,0.));
#6475=CARTESIAN_POINT('',(6.99999999999998,-55.2722442615705,0.));
#6476=CARTESIAN_POINT('',(6.99999999999998,-50.2042032200255,0.));
#6477=CARTESIAN_POINT('',(11.3933982822017,-50.4246656077813,0.));
#6478=CARTESIAN_POINT('',(9.92470352159241,-52.0451909763335,0.));
#6479=CARTESIAN_POINT('',(15.5,-50.4246656077813,0.));
#6480=CARTESIAN_POINT('',(7.75,-50.4246656077813,-2.77555756156289E-16));
#6481=CARTESIAN_POINT('',(15.5,-44.6004502705728,0.));
#6482=CARTESIAN_POINT('Origin',(-15.5,-48.8534813639377,3.36941548431817));
#6483=CARTESIAN_POINT('',(-15.5,-42.0421321602814,2.62066261000282));
#6484=CARTESIAN_POINT('Origin',(3.54334600620894E-15,-32.3453645290382,
21.0492463186245));
#6485=CARTESIAN_POINT('',(-23.3,-40.6751918128486,3.18587406184385));
#6486=CARTESIAN_POINT('',(-21.6300252531695,-41.380953637505,1.67236294463677));
#6487=CARTESIAN_POINT('',(-23.3,-24.0155372452279,38.9126185754051));
#6488=CARTESIAN_POINT('',(-23.3,-29.9153095240292,26.2605160940852));
#6489=CARTESIAN_POINT('',(-20.7100505063388,-22.9209772922206,41.2599099695419));
#6490=CARTESIAN_POINT('',(-21.6300252531695,-23.3097754205715,40.4261296926122));
#6491=CARTESIAN_POINT('',(20.7100505063388,-22.9209772922206,41.2599099695419));
#6492=CARTESIAN_POINT('',(6.,-22.9209772922206,41.2599099695419));
#6493=CARTESIAN_POINT('',(23.3,-24.0155372452279,38.9126185754051));
#6494=CARTESIAN_POINT('',(21.6300252531695,-23.3097754205715,40.4261296926122));
#6495=CARTESIAN_POINT('',(23.3,-40.6751918128486,3.18587406184386));
#6496=CARTESIAN_POINT('',(23.3,-34.7754195340472,15.8379765431637));
#6497=CARTESIAN_POINT('',(21.6300252531695,-41.380953637505,1.67236294463677));
#6498=CARTESIAN_POINT('',(19.1,-38.2261567408945,8.4378467222199));
#6499=CARTESIAN_POINT('',(19.1,-38.8780418724155,7.03987454629583));
#6500=CARTESIAN_POINT('',(12.3848601581147,-38.2261567408945,8.4378467222199));
#6501=CARTESIAN_POINT('',(3.9493934948998E-15,-38.2261567408945,8.4378467222199));
#6502=CARTESIAN_POINT('',(13.8,-37.628092800797,9.72039898066634));
#6503=CARTESIAN_POINT('',(12.975,-37.976752866733,8.97269505636111));
#6504=CARTESIAN_POINT('',(13.8000000000001,-27.0626362572794,32.3780936565827));
#6505=CARTESIAN_POINT('',(13.8,-29.2813821314181,27.6199777746402));
#6506=CARTESIAN_POINT('',(11.8000000000001,-26.217399733798,34.190709230656));
#6507=CARTESIAN_POINT('',(12.9750000000001,-26.7139761913433,33.1257975808879));
#6508=CARTESIAN_POINT('',(-11.8000000000001,-26.217399733798,34.190709230656));
#6509=CARTESIAN_POINT('',(-6.90000000000003,-26.217399733798,34.190709230656));
#6510=CARTESIAN_POINT('',(-13.8000000000001,-27.0626362572794,32.3780936565828));
#6511=CARTESIAN_POINT('',(-12.9750000000001,-26.7139761913433,33.125797580888));
#6512=CARTESIAN_POINT('',(-13.8000000000001,-37.628092800797,9.72039898066635));
#6513=CARTESIAN_POINT('',(-13.8000000000001,-35.4093469266583,14.4785148626088));
#6514=CARTESIAN_POINT('',(-12.3848601581148,-38.2261567408945,8.4378467222199));
#6515=CARTESIAN_POINT('',(-12.9750000000001,-37.9767528667331,8.97269505636108));
#6516=CARTESIAN_POINT('',(-19.1,-38.2261567408945,8.4378467222199));
#6517=CARTESIAN_POINT('',(3.9493934948998E-15,-38.2261567408945,8.4378467222199));
#6518=CARTESIAN_POINT('',(-19.1,-37.0154601821954,11.0341938709874));
#6519=CARTESIAN_POINT('Origin',(-19.1,-39.5,0.));
#6520=CARTESIAN_POINT('',(-19.1,-37.7618663113387,3.));
#6521=CARTESIAN_POINT('',(-19.1,-37.7570834672275,2.94398253438488));
#6522=CARTESIAN_POINT('',(-19.1,-38.3343145750508,3.));
#6523=CARTESIAN_POINT('',(-19.1,-43.5365770007002,3.));
#6524=CARTESIAN_POINT('',(-19.1,-38.9,2.6));
#6525=CARTESIAN_POINT('',(-19.1,-41.7829744729868,0.561429200163297));
#6526=CARTESIAN_POINT('',(-19.1,-38.9,0.));
#6527=CARTESIAN_POINT('Origin',(19.1,-60.3568542494924,0.));
#6528=CARTESIAN_POINT('',(19.1,-38.9,2.6));
#6529=CARTESIAN_POINT('',(19.1,-38.9,0.));
#6530=CARTESIAN_POINT('',(19.1,-38.3343145750508,3.));
#6531=CARTESIAN_POINT('',(19.1,-48.9852592228176,-4.53135518647852));
#6532=CARTESIAN_POINT('',(19.1,-37.7618663113387,3.));
#6533=CARTESIAN_POINT('',(19.1,-53.9650041254464,3.));
#6534=CARTESIAN_POINT('',(19.1,-37.8325561594195,3.82793125640768));
#6535=CARTESIAN_POINT('Ctrl Pts',(-11.5851346289409,-56.9683860131829,7.15345766745881));
#6536=CARTESIAN_POINT('Ctrl Pts',(-12.0142508492142,-56.2615562888765,6.82385755400314));
#6537=CARTESIAN_POINT('Ctrl Pts',(-13.4308432357853,-55.1626325704422,6.31142100836907));
#6538=CARTESIAN_POINT('Ctrl Pts',(-16.1610797762901,-55.3914120537595,6.41810263346866));
#6539=CARTESIAN_POINT('Ctrl Pts',(-17.967100025927,-57.3654178220308,7.33859664045573));
#6540=CARTESIAN_POINT('Ctrl Pts',(-17.9807509294401,-59.9856310587013,8.56042213871424));
#6541=CARTESIAN_POINT('Ctrl Pts',(-16.2119443508165,-61.9852005050844,9.49283668457547));
#6542=CARTESIAN_POINT('Ctrl Pts',(-13.4822047512365,-62.2528511427238,9.61764422661679));
#6543=CARTESIAN_POINT('Ctrl Pts',(-12.0495989361878,-61.1732598528877,9.11422254048878));
#6544=CARTESIAN_POINT('Ctrl Pts',(-11.6102715416091,-60.4723604834476,8.78738779692283));
#6545=CARTESIAN_POINT('Ctrl Pts',(-11.7286141126689,-56.9850727721036,7.30447301758968));
#6546=CARTESIAN_POINT('Ctrl Pts',(-12.1493125133659,-56.314956044724,6.98900651999193));
#6547=CARTESIAN_POINT('Ctrl Pts',(-13.5031963881533,-55.2971618999776,6.50608258820091));
#6548=CARTESIAN_POINT('Ctrl Pts',(-16.0524298376107,-55.5055044736404,6.60533183158535));
#6549=CARTESIAN_POINT('Ctrl Pts',(-17.8022710091499,-57.3492508182896,7.47817472886739));
#6550=CARTESIAN_POINT('Ctrl Pts',(-17.8687962192146,-59.8857719822781,8.66198105999941));
#6551=CARTESIAN_POINT('Ctrl Pts',(-16.1737413479683,-61.8633280754387,9.57055611597534));
#6552=CARTESIAN_POINT('Ctrl Pts',(-13.5037183172531,-62.1312740284021,9.69250187923027));
#6553=CARTESIAN_POINT('Ctrl Pts',(-12.1178447991059,-61.0585804019471,9.20145059866562));
#6554=CARTESIAN_POINT('Ctrl Pts',(-11.7012015008706,-60.3705217857293,8.88355461377017));
#6555=CARTESIAN_POINT('Ctrl Pts',(-11.8720935963969,-57.0017595310242,7.45548836772055));
#6556=CARTESIAN_POINT('Ctrl Pts',(-12.2843741775176,-56.3683558005715,7.15415548598072));
#6557=CARTESIAN_POINT('Ctrl Pts',(-13.5755495405214,-55.4316912295129,6.70074416803275));
#6558=CARTESIAN_POINT('Ctrl Pts',(-15.9437798989314,-55.6195968935214,6.79256102970205));
#6559=CARTESIAN_POINT('Ctrl Pts',(-17.6374419923727,-57.3330838145482,7.61775281727906));
#6560=CARTESIAN_POINT('Ctrl Pts',(-17.756841508989,-59.7859129058549,8.76353998128459));
#6561=CARTESIAN_POINT('Ctrl Pts',(-16.13553834512,-61.741455645793,9.6482755473752));
#6562=CARTESIAN_POINT('Ctrl Pts',(-13.5252318832698,-62.0096969140803,9.76735953184376));
#6563=CARTESIAN_POINT('Ctrl Pts',(-12.186090662024,-60.9439009510064,9.28867865684245));
#6564=CARTESIAN_POINT('Ctrl Pts',(-11.7921314601321,-60.2686830880111,8.97972143061751));
#6565=CARTESIAN_POINT('Ctrl Pts',(-12.0155730801249,-57.0184462899449,7.60650371785143));
#6566=CARTESIAN_POINT('Ctrl Pts',(-12.4194358416693,-56.4217555564191,7.31930445196951));
#6567=CARTESIAN_POINT('Ctrl Pts',(-13.6479026928894,-55.5662205590483,6.8954057478646));
#6568=CARTESIAN_POINT('Ctrl Pts',(-15.8351299602521,-55.7336893134024,6.97979022781875));
#6569=CARTESIAN_POINT('Ctrl Pts',(-17.4726129755956,-57.3169168108069,7.75733090569073));
#6570=CARTESIAN_POINT('Ctrl Pts',(-17.6448867987635,-59.6860538294318,8.86509890256976));
#6571=CARTESIAN_POINT('Ctrl Pts',(-16.0973353422718,-61.6195832161472,9.72599497877507));
#6572=CARTESIAN_POINT('Ctrl Pts',(-13.5467454492865,-61.8881197997585,9.84221718445724));
#6573=CARTESIAN_POINT('Ctrl Pts',(-12.2543365249421,-60.8292215000657,9.37590671501929));
#6574=CARTESIAN_POINT('Ctrl Pts',(-11.8830614193935,-60.1668443902928,9.07588824746484));
#6575=CARTESIAN_POINT('',(-12.015397258826,-57.0182386488795,7.60623856071425));
#6576=CARTESIAN_POINT('',(-17.499227951734,-58.7003230303999,8.40155045725991));
#6577=CARTESIAN_POINT('Ctrl Pts',(-12.0155730801249,-57.0184462899449,7.60650371785143));
#6578=CARTESIAN_POINT('Ctrl Pts',(-12.4194358416693,-56.4217555564191,7.31930445196951));
#6579=CARTESIAN_POINT('Ctrl Pts',(-13.6479026928894,-55.5662205590483,6.8954057478646));
#6580=CARTESIAN_POINT('Ctrl Pts',(-15.8351299602521,-55.7336893134024,6.97979022781875));
#6581=CARTESIAN_POINT('Ctrl Pts',(-17.2465123395102,-57.0983076766194,7.64996952227374));
#6582=CARTESIAN_POINT('Ctrl Pts',(-17.4979850985164,-58.2645650738573,8.19936973961557));
#6583=CARTESIAN_POINT('Ctrl Pts',(-17.4985566657985,-58.6993938061686,8.40186548798418));
#6584=CARTESIAN_POINT('',(-11.882598991125,-60.167362295426,9.0753991869289));
#6585=CARTESIAN_POINT('Ctrl Pts',(-17.499227951734,-58.7003230303999,8.40155045725991));
#6586=CARTESIAN_POINT('Ctrl Pts',(-17.4995377074231,-59.0076729932339,8.54467933371295));
#6587=CARTESIAN_POINT('Ctrl Pts',(-17.3430739417974,-60.0642919578231,9.03277923823458));
#6588=CARTESIAN_POINT('Ctrl Pts',(-16.0975296253069,-61.6202030036968,9.72559973322136));
#6589=CARTESIAN_POINT('Ctrl Pts',(-13.5466360411094,-61.8887380854691,9.8418364926042));
#6590=CARTESIAN_POINT('Ctrl Pts',(-12.2539894576335,-60.8298047074087,9.37546311292992));
#6591=CARTESIAN_POINT('Ctrl Pts',(-11.882598991125,-60.167362295426,9.0753991869289));
#6592=CARTESIAN_POINT('',(-12.0057099772561,-60.9772448584852,9.02911951030783));
#6593=CARTESIAN_POINT('Ctrl Pts',(-11.8830614193935,-60.1668443902928,9.07588824746484));
#6594=CARTESIAN_POINT('Ctrl Pts',(-11.8936747730701,-60.2413127589139,9.07969316258407));
#6595=CARTESIAN_POINT('Ctrl Pts',(-11.9047172132382,-60.3155393913541,9.08114450350776));
#6596=CARTESIAN_POINT('Ctrl Pts',(-11.9159903486449,-60.3897047905588,9.08034109690408));
#6597=CARTESIAN_POINT('Ctrl Pts',(-11.9271768741073,-60.4633003872321,9.0795438627625));
#6598=CARTESIAN_POINT('Ctrl Pts',(-11.9385911983871,-60.5368357854571,9.07652635288345));
#6599=CARTESIAN_POINT('Ctrl Pts',(-11.9500892911433,-60.6104887479759,9.07137605250365));
#6600=CARTESIAN_POINT('Ctrl Pts',(-11.9631751935201,-60.6943126914522,9.06551453012684));
#6601=CARTESIAN_POINT('Ctrl Pts',(-11.976286279808,-60.7777590598043,9.05692746305978));
#6602=CARTESIAN_POINT('Ctrl Pts',(-11.9892696165771,-60.8609485320149,9.04586353577606));
#6603=CARTESIAN_POINT('Ctrl Pts',(-11.9952998040215,-60.8995863737157,9.04072482940351));
#6604=CARTESIAN_POINT('Ctrl Pts',(-12.0013031301722,-60.9381687081317,9.03505150591085));
#6605=CARTESIAN_POINT('Ctrl Pts',(-12.0072676748909,-60.9767071211381,9.02886697556595));
#6606=CARTESIAN_POINT('Ctrl Pts',(-12.0072676773173,-60.9767071225663,9.02886697709939));
#6607=CARTESIAN_POINT('Ctrl Pts',(-12.0053581350418,-60.9774713963404,9.02712364459945));
#6608=CARTESIAN_POINT('Ctrl Pts',(-12.0034488228413,-60.9782354167098,9.02538041520922));
#6609=CARTESIAN_POINT('Ctrl Pts',(-12.0015397440337,-60.9789991703835,9.02363729655864));
#6610=CARTESIAN_POINT('',(-12.1065321814058,-56.4637794330571,7.03570101141279));
#6611=CARTESIAN_POINT('Ctrl Pts',(-12.,-56.4204625887373,6.89795677855732));
#6612=CARTESIAN_POINT('Ctrl Pts',(-12.035475614925,-56.4349217339672,6.9438421988783));
#6613=CARTESIAN_POINT('Ctrl Pts',(-12.0709991901439,-56.4493669042594,6.98977402090793));
#6614=CARTESIAN_POINT('Ctrl Pts',(-12.1065321814058,-56.4637794330571,7.03570101141279));
#6615=CARTESIAN_POINT('Ctrl Pts',(-12.0155730801249,-57.0184462899449,7.60650371785142));
#6616=CARTESIAN_POINT('Ctrl Pts',(-12.0245980845804,-56.9578123520914,7.54774377591701));
#6617=CARTESIAN_POINT('Ctrl Pts',(-12.0340296498688,-56.8981087252717,7.48869716084073));
#6618=CARTESIAN_POINT('Ctrl Pts',(-12.0437038680508,-56.8389696633471,7.42906099748945));
#6619=CARTESIAN_POINT('Ctrl Pts',(-12.053503283738,-56.7790652617469,7.36865306129572));
#6620=CARTESIAN_POINT('Ctrl Pts',(-12.0635514371681,-56.7197406368656,7.30764029268824));
#6621=CARTESIAN_POINT('Ctrl Pts',(-12.0737192894812,-56.6606491263338,7.24571497581257));
#6622=CARTESIAN_POINT('Ctrl Pts',(-12.0840333886761,-56.6007076871365,7.18289897089283));
#6623=CARTESIAN_POINT('Ctrl Pts',(-12.0944705251174,-56.5410064564747,7.11914400924541));
#6624=CARTESIAN_POINT('Ctrl Pts',(-12.1049410245123,-56.4812114209671,7.05413535094631));
#6625=CARTESIAN_POINT('Ctrl Pts',(-12.1059081795871,-56.4756881818303,7.04813053193914));
#6626=CARTESIAN_POINT('Ctrl Pts',(-12.106875651293,-56.4701641597219,7.04211502055667));
#6627=CARTESIAN_POINT('Ctrl Pts',(-12.1078433884488,-56.4646391017563,7.03608857136997));
#6628=CARTESIAN_POINT('Ctrl Pts',(-12.0057099772561,-60.9772448584852,9.02911951030783));
#6629=CARTESIAN_POINT('Ctrl Pts',(-11.5795775637531,-60.4818477028194,8.32792692717927));
#6630=CARTESIAN_POINT('Ctrl Pts',(-11.1141066541548,-59.4276269655598,7.32274540043919));
#6631=CARTESIAN_POINT('Ctrl Pts',(-11.2876840919118,-57.7111750149457,6.71387222306385));
#6632=CARTESIAN_POINT('Ctrl Pts',(-11.7910949194589,-56.8233929197942,6.85534502460389));
#6633=CARTESIAN_POINT('Ctrl Pts',(-12.1065321821737,-56.4637794321817,7.03570101185185));
#6634=CARTESIAN_POINT('Ctrl Pts',(-12.0190652873615,-60.7932752188251,9.15097890777458));
#6635=CARTESIAN_POINT('Ctrl Pts',(-11.6201026453155,-60.2996060752905,8.46918349526231));
#6636=CARTESIAN_POINT('Ctrl Pts',(-11.2099101261116,-59.2699117767228,7.50749806416481));
#6637=CARTESIAN_POINT('Ctrl Pts',(-11.3941128309085,-57.7114862674589,6.9605560142419));
#6638=CARTESIAN_POINT('Ctrl Pts',(-11.8377442948477,-56.918882075763,7.08614657236096));
#6639=CARTESIAN_POINT('Ctrl Pts',(-12.122396699275,-56.5858552787076,7.25136261348345));
#6640=CARTESIAN_POINT('Ctrl Pts',(-12.0324205974668,-60.6093055791649,9.27283830524133));
#6641=CARTESIAN_POINT('Ctrl Pts',(-11.6606277268778,-60.1173644477616,8.61044006334535));
#6642=CARTESIAN_POINT('Ctrl Pts',(-11.3057135980683,-59.1121965878857,7.69225072789043));
#6643=CARTESIAN_POINT('Ctrl Pts',(-11.5005415699053,-57.711797519972,7.20723980541996));
#6644=CARTESIAN_POINT('Ctrl Pts',(-11.8843936702366,-57.0143712317317,7.31694812011803));
#6645=CARTESIAN_POINT('Ctrl Pts',(-12.1382612163763,-56.7079311252336,7.46702421511505));
#6646=CARTESIAN_POINT('Ctrl Pts',(-12.0457759075722,-60.4253359395048,9.39469770270808));
#6647=CARTESIAN_POINT('Ctrl Pts',(-11.7011528084401,-59.9351228202326,8.75169663142839));
#6648=CARTESIAN_POINT('Ctrl Pts',(-11.401517070025,-58.9544813990487,7.87700339161605));
#6649=CARTESIAN_POINT('Ctrl Pts',(-11.606970308902,-57.7121087724852,7.45392359659801));
#6650=CARTESIAN_POINT('Ctrl Pts',(-11.9310430456255,-57.1098603877005,7.54774966787511));
#6651=CARTESIAN_POINT('Ctrl Pts',(-12.1541257334775,-56.8300069717596,7.68268581674665));
#6652=CARTESIAN_POINT('',(-12.,-56.5911711951692,6.97755950904948));
#6653=CARTESIAN_POINT('',(-12.,-60.9705883251363,9.01971525500831));
#6654=CARTESIAN_POINT('Ctrl Pts',(-12.0001047162434,-56.5913324563679,6.97775024797213));
#6655=CARTESIAN_POINT('Ctrl Pts',(-11.7344394989591,-56.9259808429769,6.84067021884927));
#6656=CARTESIAN_POINT('Ctrl Pts',(-11.2819705415984,-57.7676744926837,6.73391415696012));
#6657=CARTESIAN_POINT('Ctrl Pts',(-11.1144394319246,-59.424336232274,7.32157808595018));
#6658=CARTESIAN_POINT('Ctrl Pts',(-11.5770831246567,-60.4761873226726,8.32253513954957));
#6659=CARTESIAN_POINT('Ctrl Pts',(-12.0000000157424,-60.970588302235,9.01971526169912));
#6660=CARTESIAN_POINT('Ctrl Pts',(-12.0057099772561,-60.9772448584852,9.02911951030783));
#6661=CARTESIAN_POINT('Ctrl Pts',(-12.0038037161424,-60.9750287484129,9.02598279478916));
#6662=CARTESIAN_POINT('Ctrl Pts',(-12.0019003936877,-60.9728098940831,9.0228480420537));
#6663=CARTESIAN_POINT('Ctrl Pts',(-12.0000000157424,-60.970588302235,9.01971526169912));
#6664=CARTESIAN_POINT('Ctrl Pts',(-11.8836302482352,-60.1662752899402,9.076074496031));
#6665=CARTESIAN_POINT('Ctrl Pts',(-11.6444392111322,-59.7351544800806,8.57846955050211));
#6666=CARTESIAN_POINT('Ctrl Pts',(-11.4165528631352,-58.8635601856336,7.84604091907601));
#6667=CARTESIAN_POINT('Ctrl Pts',(-11.594030437666,-57.7903559780426,7.48057003984712));
#6668=CARTESIAN_POINT('Ctrl Pts',(-11.8621160072553,-57.2439264705438,7.53114365302647));
#6669=CARTESIAN_POINT('Ctrl Pts',(-12.015397258826,-57.0182386488795,7.60623856071425));
#6670=CARTESIAN_POINT('Ctrl Pts',(-12.1065321814058,-56.4637794330571,7.03570101141279));
#6671=CARTESIAN_POINT('Ctrl Pts',(-12.0701914369844,-56.5052096107748,7.01492264560808));
#6672=CARTESIAN_POINT('Ctrl Pts',(-12.0346965908911,-56.5477583853663,6.99559923562881));
#6673=CARTESIAN_POINT('Ctrl Pts',(-12.0001047162434,-56.5913324563679,6.97775024797213));
#6674=CARTESIAN_POINT('Origin',(-14.5,-58.7,0.));
#6675=CARTESIAN_POINT('',(-17.4999325758437,-58.6999596133314,12.5127591102036));
#6676=CARTESIAN_POINT('',(-17.5,-58.7,0.));
#6677=CARTESIAN_POINT('',(-17.299303246686,-59.7788425895806,12.890348989396));
#6678=CARTESIAN_POINT('Ctrl Pts',(-17.299303246686,-59.7788425895806,12.890348989396));
#6679=CARTESIAN_POINT('Ctrl Pts',(-17.3323922110422,-59.6929857220021,12.878288588378));
#6680=CARTESIAN_POINT('Ctrl Pts',(-17.3624976797132,-59.6036362167065,12.8599248766034));
#6681=CARTESIAN_POINT('Ctrl Pts',(-17.4645225661888,-59.2345041648327,12.7593003056237));
#6682=CARTESIAN_POINT('Ctrl Pts',(-17.5004675980687,-58.9670191509451,12.6507293874161));
#6683=CARTESIAN_POINT('Ctrl Pts',(-17.4999325758437,-58.6999596133314,12.5127591102036));
#6684=CARTESIAN_POINT('',(-17.0666995920213,-60.2530786214219,12.9239860731487));
#6685=CARTESIAN_POINT('Ctrl Pts',(-17.0666995920213,-60.2530786214219,12.9239860731487));
#6686=CARTESIAN_POINT('Ctrl Pts',(-17.146839536651,-60.1206351247768,12.9229749774495));
#6687=CARTESIAN_POINT('Ctrl Pts',(-17.215440520316,-59.9839459634046,12.9155304459005));
#6688=CARTESIAN_POINT('Ctrl Pts',(-17.2815583977338,-59.8240652212202,12.8964556481505));
#6689=CARTESIAN_POINT('Ctrl Pts',(-17.2905864528866,-59.8014602999111,12.89352612204));
#6690=CARTESIAN_POINT('Ctrl Pts',(-17.299303246686,-59.7788425895806,12.890348989396));
#6691=CARTESIAN_POINT('',(-14.7814555483316,-61.6867679478515,12.8150902138273));
#6692=CARTESIAN_POINT('Ctrl Pts',(-14.7814555483316,-61.6867679478515,12.8150902138273));
#6693=CARTESIAN_POINT('Ctrl Pts',(-15.0542244411875,-61.6610638022175,12.8023144415679));
#6694=CARTESIAN_POINT('Ctrl Pts',(-15.607558122894,-61.532145371013,12.8033122777668));
#6695=CARTESIAN_POINT('Ctrl Pts',(-16.4586906671937,-61.0465354302094,12.8729126101887));
#6696=CARTESIAN_POINT('Ctrl Pts',(-16.873161553828,-60.5729297846659,12.9264278701694));
#6697=CARTESIAN_POINT('Ctrl Pts',(-17.0666995920213,-60.2530786214219,12.9239860731487));
#6698=CARTESIAN_POINT('',(-14.7453624472657,-61.6899493757373,12.8166715567054));
#6699=CARTESIAN_POINT('Ctrl Pts',(-14.7453624472657,-61.6899493757373,12.8166715567054));
#6700=CARTESIAN_POINT('Ctrl Pts',(-14.7573989699863,-61.6889616296921,12.8161805705516));
#6701=CARTESIAN_POINT('Ctrl Pts',(-14.769430261635,-61.6879011405602,12.815653446396));
#6702=CARTESIAN_POINT('Ctrl Pts',(-14.7814555483316,-61.6867679478515,12.8150902138273));
#6703=CARTESIAN_POINT('',(-14.7777356227075,-55.7128838449301,10.0294792453542));
#6704=CARTESIAN_POINT('Ctrl Pts',(-14.7777356227075,-55.7128838449301,10.0294792453542));
#6705=CARTESIAN_POINT('Ctrl Pts',(-14.2768852661738,-55.6663158581382,10.0090294994271));
#6706=CARTESIAN_POINT('Ctrl Pts',(-13.2552843555956,-55.8320945849156,10.0818087229395));
#6707=CARTESIAN_POINT('Ctrl Pts',(-11.625020796854,-57.0905932695858,10.6377720660457));
#6708=CARTESIAN_POINT('Ctrl Pts',(-11.2690144511551,-59.1917747830779,11.6037318155483));
#6709=CARTESIAN_POINT('Ctrl Pts',(-12.2452094090782,-60.8336797678185,12.3941782229715));
#6710=CARTESIAN_POINT('Ctrl Pts',(-13.3995352216134,-61.6006371074727,12.771649592163));
#6711=CARTESIAN_POINT('Ctrl Pts',(-14.3023812820165,-61.7263014771073,12.8347413617102));
#6712=CARTESIAN_POINT('Ctrl Pts',(-14.7453624472657,-61.6899493757373,12.8166715567054));
#6713=CARTESIAN_POINT('',(-14.8185328797683,-55.7169584641667,10.0312686436823));
#6714=CARTESIAN_POINT('Ctrl Pts',(-14.8185328797683,-55.7169584641667,10.0312686436823));
#6715=CARTESIAN_POINT('Ctrl Pts',(-14.8049440892956,-55.7155074362444,10.0306313856704));
#6716=CARTESIAN_POINT('Ctrl Pts',(-14.7913445459958,-55.7141491732895,10.030034898395));
#6717=CARTESIAN_POINT('Ctrl Pts',(-14.7777356227075,-55.7128838449301,10.0294792453542));
#6718=CARTESIAN_POINT('',(-17.1632191977812,-57.3189628880548,11.5215300276096));
#6719=CARTESIAN_POINT('Ctrl Pts',(-17.1632191977812,-57.3189628880548,11.5215300276096));
#6720=CARTESIAN_POINT('Ctrl Pts',(-17.0528813011494,-57.1061851125622,11.3317803659232));
#6721=CARTESIAN_POINT('Ctrl Pts',(-16.847206966187,-56.8045773572698,11.0468851020654));
#6722=CARTESIAN_POINT('Ctrl Pts',(-16.4091842319647,-56.3617844243864,10.6175280973694));
#6723=CARTESIAN_POINT('Ctrl Pts',(-15.8018349786137,-55.9414895681643,10.2082315748582));
#6724=CARTESIAN_POINT('Ctrl Pts',(-15.1547064101595,-55.7528554912282,10.04703379041));
#6725=CARTESIAN_POINT('Ctrl Pts',(-14.8185328797683,-55.7169584641667,10.0312686436823));
#6726=CARTESIAN_POINT('',(-17.3906574645143,-57.8974419504809,12.005497577649));
#6727=CARTESIAN_POINT('Ctrl Pts',(-17.3906574645143,-57.8974419504809,12.005497577649));
#6728=CARTESIAN_POINT('Ctrl Pts',(-17.3355306334191,-57.6988858636086,11.8520125777552));
#6729=CARTESIAN_POINT('Ctrl Pts',(-17.2595714054517,-57.5047703851867,11.6872282996118));
#6730=CARTESIAN_POINT('Ctrl Pts',(-17.1632191977812,-57.3189628880548,11.5215300276096));
#6731=CARTESIAN_POINT('Ctrl Pts',(-17.4999325758437,-58.6999596133314,12.5127591102036));
#6732=CARTESIAN_POINT('Ctrl Pts',(-17.4998170378048,-58.6422881114544,12.4829644315625));
#6733=CARTESIAN_POINT('Ctrl Pts',(-17.4911805062549,-58.3682235740259,12.3348088862036));
#6734=CARTESIAN_POINT('Ctrl Pts',(-17.4449320576785,-58.0929284426513,12.156609763141));
#6735=CARTESIAN_POINT('Ctrl Pts',(-17.3906574645143,-57.8974419504809,12.005497577649));
#6736=CARTESIAN_POINT('Ctrl Pts',(11.6102715416091,-60.4723604834476,8.78738779692285));
#6737=CARTESIAN_POINT('Ctrl Pts',(12.0495989361878,-61.1732598528878,9.1142225404888));
#6738=CARTESIAN_POINT('Ctrl Pts',(13.482770465023,-62.2524268839671,9.61744639150946));
#6739=CARTESIAN_POINT('Ctrl Pts',(16.2090577686068,-61.9843777355875,9.49245302085814));
#6740=CARTESIAN_POINT('Ctrl Pts',(17.9855092326672,-59.9860327852406,8.56060946687604));
#6741=CARTESIAN_POINT('Ctrl Pts',(17.9623055547719,-57.3658788469078,7.33881161988647));
#6742=CARTESIAN_POINT('Ctrl Pts',(16.1639764125724,-55.39054742254,6.41769944930951));
#6743=CARTESIAN_POINT('Ctrl Pts',(13.4302642840877,-55.1622132239241,6.31122546387626));
#6744=CARTESIAN_POINT('Ctrl Pts',(12.0142508492142,-56.2615562888766,6.82385755400317));
#6745=CARTESIAN_POINT('Ctrl Pts',(11.5851346289409,-56.968386013183,7.15345766745884));
#6746=CARTESIAN_POINT('Ctrl Pts',(11.7012015008706,-60.3705217857294,8.88355461377019));
#6747=CARTESIAN_POINT('Ctrl Pts',(12.1178447991059,-61.0585804019471,9.20145059866563));
#6748=CARTESIAN_POINT('Ctrl Pts',(13.5042824497892,-62.1308039866737,9.69231557510386));
#6749=CARTESIAN_POINT('Ctrl Pts',(16.1708062381977,-61.8627685409122,9.57022539270294));
#6750=CARTESIAN_POINT('Ctrl Pts',(17.873795275823,-59.8859939610111,8.66221769840118));
#6751=CARTESIAN_POINT('Ctrl Pts',(17.7979613355168,-57.3504012726149,7.47863148984288));
#6752=CARTESIAN_POINT('Ctrl Pts',(16.054790911986,-55.5041481546372,6.60474005247091));
#6753=CARTESIAN_POINT('Ctrl Pts',(13.5025669046158,-55.2969095176019,6.50594037879895));
#6754=CARTESIAN_POINT('Ctrl Pts',(12.1493125133659,-56.3149560447241,6.98900651999196));
#6755=CARTESIAN_POINT('Ctrl Pts',(11.7286141126689,-56.9850727721036,7.30447301758971));
#6756=CARTESIAN_POINT('Ctrl Pts',(11.7921314601321,-60.2686830880111,8.97972143061752));
#6757=CARTESIAN_POINT('Ctrl Pts',(12.186090662024,-60.9439009510064,9.28867865684247));
#6758=CARTESIAN_POINT('Ctrl Pts',(13.5257944345554,-62.0091810893804,9.76718475869827));
#6759=CARTESIAN_POINT('Ctrl Pts',(16.1325547077886,-61.741159346237,9.64799776454774));
#6760=CARTESIAN_POINT('Ctrl Pts',(17.7620813189788,-59.7859551367816,8.76382592992632));
#6761=CARTESIAN_POINT('Ctrl Pts',(17.6336171162617,-57.3349236983219,7.6184513597993));
#6762=CARTESIAN_POINT('Ctrl Pts',(15.9456054113996,-55.6177488867346,6.7917806556323));
#6763=CARTESIAN_POINT('Ctrl Pts',(13.5748695251438,-55.4316058112796,6.70065529372164));
#6764=CARTESIAN_POINT('Ctrl Pts',(12.2843741775175,-56.3683558005716,7.15415548598075));
#6765=CARTESIAN_POINT('Ctrl Pts',(11.8720935963969,-57.0017595310243,7.45548836772059));
#6766=CARTESIAN_POINT('Ctrl Pts',(11.8830614193936,-60.1668443902928,9.07588824746486));
#6767=CARTESIAN_POINT('Ctrl Pts',(12.2543365249421,-60.8292215000657,9.3759067150193));
#6768=CARTESIAN_POINT('Ctrl Pts',(13.5473064193216,-61.8875581920871,9.84205394229268));
#6769=CARTESIAN_POINT('Ctrl Pts',(16.0943031773794,-61.6195501515618,9.72577013639254));
#6770=CARTESIAN_POINT('Ctrl Pts',(17.6503673621345,-59.6859163125522,8.86543416145147));
#6771=CARTESIAN_POINT('Ctrl Pts',(17.4692728970066,-57.319446124029,7.75827122975571));
#6772=CARTESIAN_POINT('Ctrl Pts',(15.8364199108132,-55.7313496188318,6.9788212587937));
#6773=CARTESIAN_POINT('Ctrl Pts',(13.6471721456719,-55.5663021049573,6.89537020864432));
#6774=CARTESIAN_POINT('Ctrl Pts',(12.4194358416692,-56.4217555564191,7.31930445196954));
#6775=CARTESIAN_POINT('Ctrl Pts',(12.0155730801249,-57.0184462899449,7.60650371785146));
#6776=CARTESIAN_POINT('',(11.8830614193936,-60.1668443902928,9.07588824746486));
#6777=CARTESIAN_POINT('',(12.0154658185548,-57.0183354627255,7.60639240536117));
#6778=CARTESIAN_POINT('Ctrl Pts',(11.8830614193936,-60.1668443902928,9.07588824746486));
#6779=CARTESIAN_POINT('Ctrl Pts',(12.2543365249421,-60.8292215000657,9.3759067150193));
#6780=CARTESIAN_POINT('Ctrl Pts',(13.5473064193216,-61.8875581920871,9.84205394229268));
#6781=CARTESIAN_POINT('Ctrl Pts',(16.0943031773794,-61.6195501515618,9.72577013639254));
#6782=CARTESIAN_POINT('Ctrl Pts',(17.6503673621345,-59.6859163125522,8.86543416145147));
#6783=CARTESIAN_POINT('Ctrl Pts',(17.4692728970066,-57.319446124029,7.75827122975571));
#6784=CARTESIAN_POINT('Ctrl Pts',(15.8364199108132,-55.7313496188318,6.9788212587937));
#6785=CARTESIAN_POINT('Ctrl Pts',(13.6471721457912,-55.5663021049663,6.89537020864887));
#6786=CARTESIAN_POINT('Ctrl Pts',(12.41943584187,-56.4217555562793,7.31930445190022));
#6787=CARTESIAN_POINT('Ctrl Pts',(12.015573080323,-57.0184462896523,7.60650371771059));
#6788=CARTESIAN_POINT('',(12.1065321814058,-56.4637794330571,7.0357010114128));
#6789=CARTESIAN_POINT('Ctrl Pts',(12.0155730801249,-57.0184462899449,7.60650371785146));
#6790=CARTESIAN_POINT('Ctrl Pts',(12.0245863779173,-56.9578910025881,7.54781999558513));
#6791=CARTESIAN_POINT('Ctrl Pts',(12.0340018680807,-56.8982639342421,7.48885016275855));
#6792=CARTESIAN_POINT('Ctrl Pts',(12.0436579038474,-56.8391992208766,7.42929209804586));
#6793=CARTESIAN_POINT('Ctrl Pts',(12.0534441681012,-56.7793379168147,7.36893078893311));
#6794=CARTESIAN_POINT('Ctrl Pts',(12.063477267814,-56.7200547492045,7.30796535056962));
#6795=CARTESIAN_POINT('Ctrl Pts',(12.0736298465394,-56.6610028686638,7.24608852723207));
#6796=CARTESIAN_POINT('Ctrl Pts',(12.0839328523558,-56.6010760377432,7.18329489735783));
#6797=CARTESIAN_POINT('Ctrl Pts',(12.0943587681563,-56.5413877445629,7.11956270854878));
#6798=CARTESIAN_POINT('Ctrl Pts',(12.1048192181305,-56.4816038037906,7.05457744451386));
#6799=CARTESIAN_POINT('Ctrl Pts',(12.1058102891835,-56.4759395987818,7.04842044226065));
#6800=CARTESIAN_POINT('Ctrl Pts',(12.106801703675,-56.4702745537798,7.04225219637771));
#6801=CARTESIAN_POINT('Ctrl Pts',(12.1077934074116,-56.4646083959494,7.03607244226788));
#6802=CARTESIAN_POINT('Ctrl Pts',(12.1065321814058,-56.4637794330571,7.0357010114128));
#6803=CARTESIAN_POINT('Ctrl Pts',(12.0709991902215,-56.449366904291,6.98977402100834));
#6804=CARTESIAN_POINT('Ctrl Pts',(12.035475615004,-56.4349217339995,6.94384219898052));
#6805=CARTESIAN_POINT('Ctrl Pts',(12.,-56.4204625887374,6.89795677855734));
#6806=CARTESIAN_POINT('',(12.0057099772561,-60.9772448584852,9.02911951030783));
#6807=CARTESIAN_POINT('Ctrl Pts',(12.,-60.9795374112626,9.02388828240251));
#6808=CARTESIAN_POINT('Ctrl Pts',(12.0019032144123,-60.9787734618829,9.02563201171382));
#6809=CARTESIAN_POINT('Ctrl Pts',(12.0038065442216,-60.9780092765696,9.0273757583341));
#6810=CARTESIAN_POINT('Ctrl Pts',(12.0057099772561,-60.9772448584852,9.02911951030783));
#6811=CARTESIAN_POINT('Ctrl Pts',(11.8830614193936,-60.1668443902928,9.07588824746486));
#6812=CARTESIAN_POINT('Ctrl Pts',(11.8938986126254,-60.2428833243563,9.07977340965151));
#6813=CARTESIAN_POINT('Ctrl Pts',(11.9051837817811,-60.3186623884515,9.08120366989272));
#6814=CARTESIAN_POINT('Ctrl Pts',(11.9167055466065,-60.3943733674491,9.08028571243358));
#6815=CARTESIAN_POINT('Ctrl Pts',(11.928227311432,-60.4700843464468,9.07936775497445));
#6816=CARTESIAN_POINT('Ctrl Pts',(11.9399863223507,-60.5457273459203,9.07610154385485));
#6817=CARTESIAN_POINT('Ctrl Pts',(11.95182674802,-60.6214953652609,9.07058350784416));
#6818=CARTESIAN_POINT('Ctrl Pts',(11.9649289447589,-60.7053375786775,9.06447744413978));
#6819=CARTESIAN_POINT('Ctrl Pts',(11.9780481358523,-60.7888030897661,9.05565284618807));
#6820=CARTESIAN_POINT('Ctrl Pts',(11.9910330374204,-60.8720111497893,9.04435951707228));
#6821=CARTESIAN_POINT('Ctrl Pts',(11.9964837471027,-60.9069396377749,9.03961888365013));
#6822=CARTESIAN_POINT('Ctrl Pts',(12.0019113845607,-60.9418226774605,9.03444297199315));
#6823=CARTESIAN_POINT('Ctrl Pts',(12.0073071865988,-60.9766687072291,9.02884917888749));
#6824=CARTESIAN_POINT('Ctrl Pts',(12.1065321821737,-56.4637794321817,7.03570101185186));
#6825=CARTESIAN_POINT('Ctrl Pts',(11.6333762881014,-57.0031996636005,6.76516703097993));
#6826=CARTESIAN_POINT('Ctrl Pts',(11.1083311592879,-58.2175493929665,6.75210440787001));
#6827=CARTESIAN_POINT('Ctrl Pts',(11.2878622471531,-59.8660014475946,7.71888086316223));
#6828=CARTESIAN_POINT('Ctrl Pts',(11.7216217015875,-60.6469800880413,8.56165778822214));
#6829=CARTESIAN_POINT('Ctrl Pts',(12.0057099772561,-60.9772448584852,9.02911951030784));
#6830=CARTESIAN_POINT('Ctrl Pts',(12.122396699275,-56.5858552787077,7.25136261348346));
#6831=CARTESIAN_POINT('Ctrl Pts',(11.6954180926341,-57.0853954742907,7.00353855179974));
#6832=CARTESIAN_POINT('Ctrl Pts',(11.2295545545382,-58.1564104361367,6.98852722676567));
#6833=CARTESIAN_POINT('Ctrl Pts',(11.356446240678,-59.6966248983305,7.88108597939777));
#6834=CARTESIAN_POINT('Ctrl Pts',(11.7530901926641,-60.4641624564687,8.69644863276642));
#6835=CARTESIAN_POINT('Ctrl Pts',(12.0190652873615,-60.7932752188251,9.15097890777459));
#6836=CARTESIAN_POINT('Ctrl Pts',(12.1382612163762,-56.7079311252336,7.46702421511506));
#6837=CARTESIAN_POINT('Ctrl Pts',(11.7574598971668,-57.1675912849808,7.24191007261955));
#6838=CARTESIAN_POINT('Ctrl Pts',(11.3507779497885,-58.0952714793069,7.22495004566132));
#6839=CARTESIAN_POINT('Ctrl Pts',(11.4250302342029,-59.5272483490664,8.0432910956333));
#6840=CARTESIAN_POINT('Ctrl Pts',(11.7845586837408,-60.281344824896,8.83123947731069));
#6841=CARTESIAN_POINT('Ctrl Pts',(12.0324205974668,-60.609305579165,9.27283830524134));
#6842=CARTESIAN_POINT('Ctrl Pts',(12.1541257334775,-56.8300069717596,7.68268581674667));
#6843=CARTESIAN_POINT('Ctrl Pts',(11.8195017016995,-57.249787095671,7.48028159343936));
#6844=CARTESIAN_POINT('Ctrl Pts',(11.4720013450388,-58.0341325224771,7.46137286455698));
#6845=CARTESIAN_POINT('Ctrl Pts',(11.4936142277277,-59.3578717998023,8.20549621186883));
#6846=CARTESIAN_POINT('Ctrl Pts',(11.8160271748175,-60.0985271933234,8.96603032185497));
#6847=CARTESIAN_POINT('Ctrl Pts',(12.0457759075722,-60.4253359395048,9.39469770270808));
#6848=CARTESIAN_POINT('',(12.,-60.9705883251363,9.01971525500831));
#6849=CARTESIAN_POINT('',(12.,-56.5911711951693,6.9775595090495));
#6850=CARTESIAN_POINT('Ctrl Pts',(12.0000000950845,-60.9705881868166,9.01971529542291));
#6851=CARTESIAN_POINT('Ctrl Pts',(11.7187147668753,-60.6417376627636,8.5560057575946));
#6852=CARTESIAN_POINT('Ctrl Pts',(11.2875180442348,-59.8628409809894,7.71702732748126));
#6853=CARTESIAN_POINT('Ctrl Pts',(11.1142482419619,-58.2718799671721,6.78396794906129));
#6854=CARTESIAN_POINT('Ctrl Pts',(11.5863139575076,-57.1151860807463,6.7654596185122));
#6855=CARTESIAN_POINT('Ctrl Pts',(12.0002111065478,-56.5914935379733,6.97794275027094));
#6856=CARTESIAN_POINT('Ctrl Pts',(12.1065321814058,-56.4637794330571,7.0357010114128));
#6857=CARTESIAN_POINT('Ctrl Pts',(12.0701449501121,-56.5052626080225,7.01489606604206));
#6858=CARTESIAN_POINT('Ctrl Pts',(12.0346929102854,-56.5478646714285,6.99564473653454));
#6859=CARTESIAN_POINT('Ctrl Pts',(12.0002111065478,-56.5914935379733,6.97794275027094));
#6860=CARTESIAN_POINT('',(11.4999421903108,-58.6999530997052,7.85650772590651));
#6861=CARTESIAN_POINT('Ctrl Pts',(12.0150898226195,-57.0179469694656,7.60600221049832));
#6862=CARTESIAN_POINT('Ctrl Pts',(11.7611713940626,-57.3890315999464,7.48121435892637));
#6863=CARTESIAN_POINT('Ctrl Pts',(11.54709381196,-57.9307329296793,7.50123463989505));
#6864=CARTESIAN_POINT('Ctrl Pts',(11.5000390437169,-58.5466099216503,7.77455870035208));
#6865=CARTESIAN_POINT('Ctrl Pts',(11.4999421903108,-58.6999530997052,7.85650772590651));
#6866=CARTESIAN_POINT('Ctrl Pts',(11.4999421903108,-58.6999530997052,7.85650772590651));
#6867=CARTESIAN_POINT('Ctrl Pts',(11.499806149403,-58.9153398990566,7.97161384636152));
#6868=CARTESIAN_POINT('Ctrl Pts',(11.5508325303595,-59.4155842336744,8.30035570441533));
#6869=CARTESIAN_POINT('Ctrl Pts',(11.7386500473875,-59.9088725797927,8.77703185024767));
#6870=CARTESIAN_POINT('Ctrl Pts',(11.8831211999218,-60.1667506563467,9.07593454059089));
#6871=CARTESIAN_POINT('Ctrl Pts',(12.0057099772561,-60.9772448584852,9.02911951030784));
#6872=CARTESIAN_POINT('Ctrl Pts',(12.0038036553405,-60.9750286777281,9.02598269474079));
#6873=CARTESIAN_POINT('Ctrl Pts',(12.0019003597137,-60.9728097851599,9.02284795377577));
#6874=CARTESIAN_POINT('Ctrl Pts',(12.0000000950845,-60.9705881868166,9.01971529542291));
#6875=CARTESIAN_POINT('Origin',(14.5,-58.7,0.));
#6876=CARTESIAN_POINT('',(11.5039543977037,-58.6991748086719,11.3833401676496));
#6877=CARTESIAN_POINT('',(11.5,-58.7,0.));
#6878=CARTESIAN_POINT('',(14.7453624472657,-61.6899493757373,12.8166715567054));
#6879=CARTESIAN_POINT('Ctrl Pts',(14.7453624472657,-61.6899493757373,12.8166715567054));
#6880=CARTESIAN_POINT('Ctrl Pts',(14.3023812820165,-61.7263014771074,12.8347413617102));
#6881=CARTESIAN_POINT('Ctrl Pts',(12.9526216755433,-61.5536416152192,12.7481282228033));
#6882=CARTESIAN_POINT('Ctrl Pts',(11.6696551114009,-60.2325665419403,12.098624728577));
#6883=CARTESIAN_POINT('Ctrl Pts',(11.5017933611806,-58.9953164092677,11.5191423233032));
#6884=CARTESIAN_POINT('Ctrl Pts',(11.504190299134,-58.6999465431464,11.3818201955598));
#6885=CARTESIAN_POINT('',(14.7814555483316,-61.6867679478516,12.8150902138273));
#6886=CARTESIAN_POINT('Ctrl Pts',(14.7814555483316,-61.6867679478516,12.8150902138273));
#6887=CARTESIAN_POINT('Ctrl Pts',(14.769430261635,-61.6879011405602,12.815653446396));
#6888=CARTESIAN_POINT('Ctrl Pts',(14.7573989699863,-61.6889616296921,12.8161805705517));
#6889=CARTESIAN_POINT('Ctrl Pts',(14.7453624472657,-61.6899493757373,12.8166715567054));
#6890=CARTESIAN_POINT('',(17.0666995920212,-60.253078621422,12.9239860731487));
#6891=CARTESIAN_POINT('Ctrl Pts',(17.0666995920212,-60.253078621422,12.9239860731487));
#6892=CARTESIAN_POINT('Ctrl Pts',(16.8086488744303,-60.6795468390805,12.9272418025097));
#6893=CARTESIAN_POINT('Ctrl Pts',(16.1681702336415,-61.3323829278071,12.8255090844133));
#6894=CARTESIAN_POINT('Ctrl Pts',(15.1906088876155,-61.6482117294005,12.7959265554381));
#6895=CARTESIAN_POINT('Ctrl Pts',(14.7814555483316,-61.6867679478516,12.8150902138273));
#6896=CARTESIAN_POINT('',(17.299303246686,-59.7788425895807,12.8903489893966));
#6897=CARTESIAN_POINT('Ctrl Pts',(17.299303246686,-59.7788425895808,12.890348989396));
#6898=CARTESIAN_POINT('Ctrl Pts',(17.2905864528866,-59.8014602999112,12.89352612204));
#6899=CARTESIAN_POINT('Ctrl Pts',(17.2815583977337,-59.8240652212203,12.8964556481505));
#6900=CARTESIAN_POINT('Ctrl Pts',(17.2154405203164,-59.9839459634035,12.9155304459003));
#6901=CARTESIAN_POINT('Ctrl Pts',(17.146839536651,-60.1206351247768,12.9229749774495));
#6902=CARTESIAN_POINT('Ctrl Pts',(17.0666995920212,-60.253078621422,12.9239860731487));
#6903=CARTESIAN_POINT('',(17.3906574645142,-57.8974419504806,12.0054975776494));
#6904=CARTESIAN_POINT('Ctrl Pts',(17.3906574645142,-57.8974419504806,12.0054975776494));
#6905=CARTESIAN_POINT('Ctrl Pts',(17.413328600428,-57.979098957469,12.068618914831));
#6906=CARTESIAN_POINT('Ctrl Pts',(17.4332351125061,-58.0642591202051,12.1300770989485));
#6907=CARTESIAN_POINT('Ctrl Pts',(17.4820112025333,-58.3276562423067,12.3077652230921));
#6908=CARTESIAN_POINT('Ctrl Pts',(17.5245905530021,-58.7767457848452,12.5707352664394));
#6909=CARTESIAN_POINT('Ctrl Pts',(17.4657917590634,-59.2312757967664,12.7591227973618));
#6910=CARTESIAN_POINT('Ctrl Pts',(17.362447366969,-59.6035561985428,12.8597873509942));
#6911=CARTESIAN_POINT('Ctrl Pts',(17.3323922110421,-59.6929857220023,12.8782885883785));
#6912=CARTESIAN_POINT('Ctrl Pts',(17.299303246686,-59.7788425895807,12.8903489893966));
#6913=CARTESIAN_POINT('',(17.1632191977812,-57.3189628880548,11.5215300276096));
#6914=CARTESIAN_POINT('Ctrl Pts',(17.1632191977812,-57.3189628880548,11.5215300276097));
#6915=CARTESIAN_POINT('Ctrl Pts',(17.2595714054517,-57.5047703851867,11.6872282996118));
#6916=CARTESIAN_POINT('Ctrl Pts',(17.3355306334191,-57.6988858636085,11.8520125777552));
#6917=CARTESIAN_POINT('Ctrl Pts',(17.3906574645143,-57.8974419504809,12.005497577649));
#6918=CARTESIAN_POINT('',(14.8185328797683,-55.7169584641667,10.0312686436823));
#6919=CARTESIAN_POINT('Ctrl Pts',(14.8185328797683,-55.7169584641667,10.0312686436823));
#6920=CARTESIAN_POINT('Ctrl Pts',(15.0706630275617,-55.7438812344629,10.0430925037281));
#6921=CARTESIAN_POINT('Ctrl Pts',(15.5634469884616,-55.8588672670337,10.1352496124875));
#6922=CARTESIAN_POINT('Ctrl Pts',(16.5246337912244,-56.3736938239454,10.6233351543241));
#6923=CARTESIAN_POINT('Ctrl Pts',(16.9425434045177,-56.8934073370697,11.1420307042368));
#6924=CARTESIAN_POINT('Ctrl Pts',(17.1632191977812,-57.3189628880548,11.5215300276096));
#6925=CARTESIAN_POINT('',(14.7778417301468,-55.7111571735688,10.0305820750778));
#6926=CARTESIAN_POINT('Ctrl Pts',(14.7777356227075,-55.7128838449302,10.0294792453542));
#6927=CARTESIAN_POINT('Ctrl Pts',(14.7913445459958,-55.7141491732896,10.030034898395));
#6928=CARTESIAN_POINT('Ctrl Pts',(14.8049440892956,-55.7155074362445,10.0306313856704));
#6929=CARTESIAN_POINT('Ctrl Pts',(14.8185328797683,-55.7169584641667,10.0312686436823));
#6930=CARTESIAN_POINT('Ctrl Pts',(11.5022962972824,-58.6990526100128,11.3835045869291));
#6931=CARTESIAN_POINT('Ctrl Pts',(11.5078158557421,-58.0425519828902,11.0782822508134));
#6932=CARTESIAN_POINT('Ctrl Pts',(11.8764769904727,-56.8907214737567,10.5513306526415));
#6933=CARTESIAN_POINT('Ctrl Pts',(13.2549680496693,-55.8320083728825,10.0837298843381));
#6934=CARTESIAN_POINT('Ctrl Pts',(14.276799101075,-55.6645853930313,10.0101245301154));
#6935=CARTESIAN_POINT('Ctrl Pts',(14.7778417301468,-55.7111571735688,10.0305820750778));
#6936=CARTESIAN_POINT('Ctrl Pts',(-17.3175774059069,-56.8339570386568,11.9364283842896));
#6937=CARTESIAN_POINT('Ctrl Pts',(-17.1888433534291,-56.6204819313868,11.7218373263938));
#6938=CARTESIAN_POINT('Ctrl Pts',(-16.9586378386233,-56.3298667426157,11.4034680087419));
#6939=CARTESIAN_POINT('Ctrl Pts',(-16.4868641945962,-55.9196736514616,10.9249867274989));
#6940=CARTESIAN_POINT('Ctrl Pts',(-15.8494199629588,-55.5477333012075,10.4670997743375));
#6941=CARTESIAN_POINT('Ctrl Pts',(-15.1867470585366,-55.3874651458144,10.2825203735627));
#6942=CARTESIAN_POINT('Ctrl Pts',(-14.8440872024139,-55.3546206539402,10.263037323384));
#6943=CARTESIAN_POINT('Ctrl Pts',(-17.266124669865,-56.9956256551228,11.798128932063));
#6944=CARTESIAN_POINT('Ctrl Pts',(-17.1435226693359,-56.7823829917786,11.5918183395703));
#6945=CARTESIAN_POINT('Ctrl Pts',(-16.9214942144779,-56.4881036141671,11.2846070398497));
#6946=CARTESIAN_POINT('Ctrl Pts',(-16.460970873719,-56.0670439091032,10.8225005174557));
#6947=CARTESIAN_POINT('Ctrl Pts',(-15.8335583015104,-55.6789853901931,10.380810374511));
#6948=CARTESIAN_POINT('Ctrl Pts',(-15.1760668424109,-55.509261927619,10.2040248458452));
#6949=CARTESIAN_POINT('Ctrl Pts',(-14.8355690948654,-55.4753999240157,10.1857810968168));
#6950=CARTESIAN_POINT('Ctrl Pts',(-17.2146719338231,-57.1572942715888,11.6598294798363));
#6951=CARTESIAN_POINT('Ctrl Pts',(-17.0982019852426,-56.9442840521704,11.4617993527467));
#6952=CARTESIAN_POINT('Ctrl Pts',(-16.8843505903324,-56.6463404857185,11.1657460709576));
#6953=CARTESIAN_POINT('Ctrl Pts',(-16.4350775528419,-56.2144141667448,10.7200143074126));
#6954=CARTESIAN_POINT('Ctrl Pts',(-15.8176966400621,-55.8102374791787,10.2945209746846));
#6955=CARTESIAN_POINT('Ctrl Pts',(-15.1653866262852,-55.6310587094236,10.1255293181276));
#6956=CARTESIAN_POINT('Ctrl Pts',(-14.8270509873169,-55.5961791940912,10.1085248702496));
#6957=CARTESIAN_POINT('Ctrl Pts',(-17.1632191977812,-57.3189628880548,11.5215300276096));
#6958=CARTESIAN_POINT('Ctrl Pts',(-17.0528813011494,-57.1061851125622,11.3317803659232));
#6959=CARTESIAN_POINT('Ctrl Pts',(-16.847206966187,-56.8045773572698,11.0468851020654));
#6960=CARTESIAN_POINT('Ctrl Pts',(-16.4091842319647,-56.3617844243864,10.6175280973694));
#6961=CARTESIAN_POINT('Ctrl Pts',(-15.8018349786137,-55.9414895681643,10.2082315748582));
#6962=CARTESIAN_POINT('Ctrl Pts',(-15.1547064101595,-55.7528554912282,10.04703379041));
#6963=CARTESIAN_POINT('Ctrl Pts',(-14.8185328797683,-55.7169584641667,10.0312686436823));
#6964=CARTESIAN_POINT('',(-17.3175774059522,-56.8339570386106,11.9364283843085));
#6965=CARTESIAN_POINT('',(-17.3175774059522,-56.8339570386106,11.9364283843085));
#6966=CARTESIAN_POINT('',(-14.8440872024139,-55.3546206539402,10.263037323384));
#6967=CARTESIAN_POINT('',(-14.8185328797683,-55.7169584641667,10.0312686436823));
#6968=CARTESIAN_POINT('Ctrl Pts',(-14.8440872024139,-55.3546206539402,10.263037323384));
#6969=CARTESIAN_POINT('Ctrl Pts',(-15.1867470585366,-55.3874651458144,10.2825203735627));
#6970=CARTESIAN_POINT('Ctrl Pts',(-15.8494199629588,-55.5477333012075,10.4670997743375));
#6971=CARTESIAN_POINT('Ctrl Pts',(-16.4868641945962,-55.9196736514616,10.9249867274989));
#6972=CARTESIAN_POINT('Ctrl Pts',(-16.9586378386233,-56.3298667426157,11.4034680087419));
#6973=CARTESIAN_POINT('Ctrl Pts',(-17.1888433534291,-56.6204819313868,11.7218373263938));
#6974=CARTESIAN_POINT('Ctrl Pts',(-17.3175774059069,-56.8339570386568,11.9364283842896));
#6975=CARTESIAN_POINT('Ctrl Pts',(-14.8000000000001,-55.350578780178,10.2608844816588));
#6976=CARTESIAN_POINT('Ctrl Pts',(-14.2588053626172,-55.3032147570071,10.2387982749332));
#6977=CARTESIAN_POINT('Ctrl Pts',(-13.1569874372072,-55.4717962933861,10.3174091363703));
#6978=CARTESIAN_POINT('Ctrl Pts',(-11.3515644234598,-56.7607151622907,10.918441875681));
#6979=CARTESIAN_POINT('Ctrl Pts',(-10.8115320136511,-59.024358287759,11.9739960004168));
#6980=CARTESIAN_POINT('Ctrl Pts',(-11.8128441835975,-60.9607533433217,12.8769518440391));
#6981=CARTESIAN_POINT('Ctrl Pts',(-13.1503546894357,-61.9285519003791,13.3282437227463));
#6982=CARTESIAN_POINT('Ctrl Pts',(-14.2588053626172,-62.0967852429929,13.4066922187642));
#6983=CARTESIAN_POINT('Ctrl Pts',(-14.8000000000001,-62.049421219822,13.3846060120386));
#6984=CARTESIAN_POINT('Ctrl Pts',(-14.7925785409026,-55.4713471350954,10.1837494028906));
#6985=CARTESIAN_POINT('Ctrl Pts',(-14.264831997136,-55.4242484573841,10.1622086830979));
#6986=CARTESIAN_POINT('Ctrl Pts',(-13.18975307667,-55.591895723896,10.2388756652267));
#6987=CARTESIAN_POINT('Ctrl Pts',(-11.4427165479245,-56.8706745313891,10.8248852724692));
#6988=CARTESIAN_POINT('Ctrl Pts',(-10.9640261594858,-59.0801637861987,11.8505746054606));
#6989=CARTESIAN_POINT('Ctrl Pts',(-11.9569659254244,-60.9183954848206,12.7160273036832));
#6990=CARTESIAN_POINT('Ctrl Pts',(-13.2334148668282,-61.8192469694103,13.1427123458852));
#6991=CARTESIAN_POINT('Ctrl Pts',(-14.2733306690836,-61.9732906543644,13.2160419330795));
#6992=CARTESIAN_POINT('Ctrl Pts',(-14.781787482422,-61.9295972717938,13.1952945269275));
#6993=CARTESIAN_POINT('Ctrl Pts',(-14.7851570818051,-55.5921154900128,10.1066143241224));
#6994=CARTESIAN_POINT('Ctrl Pts',(-14.2708586316549,-55.5452821577612,10.0856190912625));
#6995=CARTESIAN_POINT('Ctrl Pts',(-13.2225187161328,-55.7119951544058,10.1603421940831));
#6996=CARTESIAN_POINT('Ctrl Pts',(-11.5338686723893,-56.9806339004874,10.7313286692575));
#6997=CARTESIAN_POINT('Ctrl Pts',(-11.1165203053204,-59.1359692846383,11.7271532105045));
#6998=CARTESIAN_POINT('Ctrl Pts',(-12.1010876672513,-60.8760376263196,12.5551027633274));
#6999=CARTESIAN_POINT('Ctrl Pts',(-13.3164750442208,-61.7099420384415,12.9571809690241));
#7000=CARTESIAN_POINT('Ctrl Pts',(-14.2878559755501,-61.8497960657359,13.0253916473948));
#7001=CARTESIAN_POINT('Ctrl Pts',(-14.7635749648439,-61.8097733237655,13.0059830418164));
#7002=CARTESIAN_POINT('Ctrl Pts',(-14.7777356227075,-55.7128838449301,10.0294792453542));
#7003=CARTESIAN_POINT('Ctrl Pts',(-14.2768852661738,-55.6663158581382,10.0090294994271));
#7004=CARTESIAN_POINT('Ctrl Pts',(-13.2552843555956,-55.8320945849156,10.0818087229395));
#7005=CARTESIAN_POINT('Ctrl Pts',(-11.625020796854,-57.0905932695858,10.6377720660457));
#7006=CARTESIAN_POINT('Ctrl Pts',(-11.2690144511551,-59.1917747830779,11.6037318155483));
#7007=CARTESIAN_POINT('Ctrl Pts',(-12.2452094090782,-60.8336797678185,12.3941782229715));
#7008=CARTESIAN_POINT('Ctrl Pts',(-13.3995352216134,-61.6006371074727,12.771649592163));
#7009=CARTESIAN_POINT('Ctrl Pts',(-14.3023812820165,-61.7263014771073,12.8347413617102));
#7010=CARTESIAN_POINT('Ctrl Pts',(-14.7453624472657,-61.6899493757373,12.8166715567054));
#7011=CARTESIAN_POINT('',(-14.8000000000001,-55.350578780178,10.2608844816588));
#7012=CARTESIAN_POINT('',(-14.8000000000001,-55.350578780178,10.2608844816588));
#7013=CARTESIAN_POINT('',(-14.8000000000001,-62.049421219822,13.3846060120386));
#7014=CARTESIAN_POINT('',(-14.7453624472657,-61.6899493757373,12.8166715567054));
#7015=CARTESIAN_POINT('Ctrl Pts',(-14.8000000000001,-62.049421219822,13.3846060120386));
#7016=CARTESIAN_POINT('Ctrl Pts',(-14.2588053626172,-62.0967852429929,13.4066922187642));
#7017=CARTESIAN_POINT('Ctrl Pts',(-13.1503546894357,-61.9285519003791,13.3282437227463));
#7018=CARTESIAN_POINT('Ctrl Pts',(-11.8128441835975,-60.9607533433217,12.8769518440391));
#7019=CARTESIAN_POINT('Ctrl Pts',(-10.8115320136511,-59.024358287759,11.9739960004168));
#7020=CARTESIAN_POINT('Ctrl Pts',(-11.3515644234598,-56.7607151622907,10.918441875681));
#7021=CARTESIAN_POINT('Ctrl Pts',(-13.1569874372072,-55.4717962933861,10.3174091363703));
#7022=CARTESIAN_POINT('Ctrl Pts',(-14.2588053626172,-55.3032147570071,10.2387982749332));
#7023=CARTESIAN_POINT('Ctrl Pts',(-14.8000000000001,-55.350578780178,10.2608844816588));
#7024=CARTESIAN_POINT('Ctrl Pts',(-14.8440872024139,-55.3546206539402,10.263037323384));
#7025=CARTESIAN_POINT('Ctrl Pts',(-14.8294013214172,-55.3532129889032,10.2622023094445));
#7026=CARTESIAN_POINT('Ctrl Pts',(-14.814705143379,-55.3518657381476,10.2614846000158));
#7027=CARTESIAN_POINT('Ctrl Pts',(-14.8000000000001,-55.350578780178,10.2608844816588));
#7028=CARTESIAN_POINT('Ctrl Pts',(-14.8355690948654,-55.4753999240157,10.1857810968168));
#7029=CARTESIAN_POINT('Ctrl Pts',(-14.82124891071,-55.4739778046836,10.1850120015198));
#7030=CARTESIAN_POINT('Ctrl Pts',(-14.8069182775846,-55.4726268831949,10.1843346994756));
#7031=CARTESIAN_POINT('Ctrl Pts',(-14.7925785409026,-55.4713471350954,10.1837494028906));
#7032=CARTESIAN_POINT('Ctrl Pts',(-14.8270509873169,-55.5961791940912,10.1085248702496));
#7033=CARTESIAN_POINT('Ctrl Pts',(-14.8130965000028,-55.594742620464,10.1078216935951));
#7034=CARTESIAN_POINT('Ctrl Pts',(-14.7991314117902,-55.5933880282423,10.1071847989353));
#7035=CARTESIAN_POINT('Ctrl Pts',(-14.7851570818051,-55.5921154900128,10.1066143241224));
#7036=CARTESIAN_POINT('Ctrl Pts',(-14.8185328797683,-55.7169584641667,10.0312686436823));
#7037=CARTESIAN_POINT('Ctrl Pts',(-14.8049440892956,-55.7155074362444,10.0306313856704));
#7038=CARTESIAN_POINT('Ctrl Pts',(-14.7913445459958,-55.7141491732895,10.030034898395));
#7039=CARTESIAN_POINT('Ctrl Pts',(-14.7777356227075,-55.7128838449301,10.0294792453542));
#7040=CARTESIAN_POINT('Ctrl Pts',(-14.8000000000001,-55.350578780178,10.2608844816588));
#7041=CARTESIAN_POINT('Ctrl Pts',(-14.814705143379,-55.3518657381476,10.2614846000158));
#7042=CARTESIAN_POINT('Ctrl Pts',(-14.8294013214172,-55.3532129889032,10.2622023094445));
#7043=CARTESIAN_POINT('Ctrl Pts',(-14.8440872024139,-55.3546206539402,10.263037323384));
#7044=CARTESIAN_POINT('Ctrl Pts',(-14.8440872024139,-62.0451739810072,13.3828935770898));
#7045=CARTESIAN_POINT('Ctrl Pts',(-15.1306375632656,-62.0150379999742,13.372325949553));
#7046=CARTESIAN_POINT('Ctrl Pts',(-15.713807539613,-61.8748545918077,13.3846772553435));
#7047=CARTESIAN_POINT('Ctrl Pts',(-16.6272020309626,-61.3445223822677,13.493972307239));
#7048=CARTESIAN_POINT('Ctrl Pts',(-17.0943264179012,-60.7988694533529,13.5857843161871));
#7049=CARTESIAN_POINT('Ctrl Pts',(-17.3175774000741,-60.3994326726583,13.5990369721769));
#7050=CARTESIAN_POINT('Ctrl Pts',(-14.8232099843865,-61.9257053032887,13.1936257893356));
#7051=CARTESIAN_POINT('Ctrl Pts',(-15.1051665225729,-61.897046600722,13.182322113558));
#7052=CARTESIAN_POINT('Ctrl Pts',(-15.6783910673733,-61.7606181848762,13.1908889294846));
#7053=CARTESIAN_POINT('Ctrl Pts',(-16.571031576373,-61.2451933982483,13.2869524082222));
#7054=CARTESIAN_POINT('Ctrl Pts',(-17.0206047965435,-60.7235562304572,13.3659988341812));
#7055=CARTESIAN_POINT('Ctrl Pts',(-17.2339514640564,-60.3506479889129,13.3740200058342));
#7056=CARTESIAN_POINT('Ctrl Pts',(-14.802332766359,-61.8062366255701,13.0043580015815));
#7057=CARTESIAN_POINT('Ctrl Pts',(-15.0796954818802,-61.7790552014698,12.9923182775629));
#7058=CARTESIAN_POINT('Ctrl Pts',(-15.6429745951336,-61.6463817779446,12.9971006036257));
#7059=CARTESIAN_POINT('Ctrl Pts',(-16.5148611217833,-61.1458644142288,13.0799325092055));
#7060=CARTESIAN_POINT('Ctrl Pts',(-16.9468831751858,-60.6482430075616,13.1462133521753));
#7061=CARTESIAN_POINT('Ctrl Pts',(-17.1503255280388,-60.3018633051674,13.1490030394914));
#7062=CARTESIAN_POINT('Ctrl Pts',(-14.7814555483316,-61.6867679478515,12.8150902138273));
#7063=CARTESIAN_POINT('Ctrl Pts',(-15.0542244411875,-61.6610638022175,12.8023144415679));
#7064=CARTESIAN_POINT('Ctrl Pts',(-15.607558122894,-61.532145371013,12.8033122777668));
#7065=CARTESIAN_POINT('Ctrl Pts',(-16.4586906671937,-61.0465354302094,12.8729126101887));
#7066=CARTESIAN_POINT('Ctrl Pts',(-16.873161553828,-60.5729297846659,12.9264278701694));
#7067=CARTESIAN_POINT('Ctrl Pts',(-17.0666995920213,-60.2530786214219,12.9239860731487));
#7068=CARTESIAN_POINT('',(-17.3175774023153,-60.3994326739982,13.5990369748047));
#7069=CARTESIAN_POINT('',(-17.0666995920213,-60.2530786214219,12.9239860731487));
#7070=CARTESIAN_POINT('',(-14.8440872024139,-62.0451739810072,13.3828935770898));
#7071=CARTESIAN_POINT('Ctrl Pts',(-17.3175774000741,-60.3994326726583,13.5990369721769));
#7072=CARTESIAN_POINT('Ctrl Pts',(-17.0943264179012,-60.7988694533529,13.5857843161871));
#7073=CARTESIAN_POINT('Ctrl Pts',(-16.6272020309626,-61.3445223822677,13.493972307239));
#7074=CARTESIAN_POINT('Ctrl Pts',(-15.713807539613,-61.8748545918077,13.3846772553435));
#7075=CARTESIAN_POINT('Ctrl Pts',(-15.1306375632656,-62.0150379999742,13.372325949553));
#7076=CARTESIAN_POINT('Ctrl Pts',(-14.8440872024139,-62.0451739810072,13.3828935770898));
#7077=CARTESIAN_POINT('',(-14.8440872024139,-62.0451739810072,13.3828935770898));
#7078=CARTESIAN_POINT('Ctrl Pts',(-14.8000000000001,-62.049421219822,13.3846060120386));
#7079=CARTESIAN_POINT('Ctrl Pts',(-14.814705143379,-62.0481342618523,13.3840058936816));
#7080=CARTESIAN_POINT('Ctrl Pts',(-14.8294013214172,-62.0467184684399,13.383435174455));
#7081=CARTESIAN_POINT('Ctrl Pts',(-14.8440872024139,-62.0451739810072,13.3828935770898));
#7082=CARTESIAN_POINT('Ctrl Pts',(-14.781787482422,-61.9295972717938,13.1952945269275));
#7083=CARTESIAN_POINT('Ctrl Pts',(-14.7956030855815,-61.9284100511322,13.1947307859716));
#7084=CARTESIAN_POINT('Ctrl Pts',(-14.8094109681565,-61.92711269248,13.1941745984353));
#7085=CARTESIAN_POINT('Ctrl Pts',(-14.8232099843865,-61.9257053032887,13.1936257893356));
#7086=CARTESIAN_POINT('Ctrl Pts',(-14.7635749648439,-61.8097733237655,13.0059830418164));
#7087=CARTESIAN_POINT('Ctrl Pts',(-14.7765010277839,-61.8086858404121,13.0054556782616));
#7088=CARTESIAN_POINT('Ctrl Pts',(-14.7894206148957,-61.8075069165201,13.0049140224157));
#7089=CARTESIAN_POINT('Ctrl Pts',(-14.802332766359,-61.8062366255701,13.0043580015815));
#7090=CARTESIAN_POINT('Ctrl Pts',(-14.7453624472657,-61.6899493757373,12.8166715567054));
#7091=CARTESIAN_POINT('Ctrl Pts',(-14.7573989699863,-61.6889616296921,12.8161805705516));
#7092=CARTESIAN_POINT('Ctrl Pts',(-14.769430261635,-61.6879011405602,12.815653446396));
#7093=CARTESIAN_POINT('Ctrl Pts',(-14.7814555483316,-61.6867679478515,12.8150902138273));
#7094=CARTESIAN_POINT('Ctrl Pts',(-14.8440872024139,-62.0451739810072,13.3828935770898));
#7095=CARTESIAN_POINT('Ctrl Pts',(-14.8294013214172,-62.0467184684399,13.383435174455));
#7096=CARTESIAN_POINT('Ctrl Pts',(-14.814705143379,-62.0481342618523,13.3840058936816));
#7097=CARTESIAN_POINT('Ctrl Pts',(-14.8000000000001,-62.049421219822,13.3846060120386));
#7098=CARTESIAN_POINT('Ctrl Pts',(-17.3906574645143,-57.8974419504809,12.005497577649));
#7099=CARTESIAN_POINT('Ctrl Pts',(-17.4449320576785,-58.0929284426513,12.156609763141));
#7100=CARTESIAN_POINT('Ctrl Pts',(-17.5362313545947,-58.6363899578513,12.5083935558414));
#7101=CARTESIAN_POINT('Ctrl Pts',(-17.4809535943387,-59.175055736661,12.7430947971888));
#7102=CARTESIAN_POINT('Ctrl Pts',(-17.3624976797132,-59.6036362167065,12.8599248766034));
#7103=CARTESIAN_POINT('Ctrl Pts',(-17.3323922110422,-59.6929857220021,12.878288588378));
#7104=CARTESIAN_POINT('Ctrl Pts',(-17.299303246686,-59.7788425895806,12.890348989396));
#7105=CARTESIAN_POINT('Ctrl Pts',(-17.4676576452899,-57.748107007762,12.1583013331958));
#7106=CARTESIAN_POINT('Ctrl Pts',(-17.534169666382,-57.9546920686783,12.3156275396709));
#7107=CARTESIAN_POINT('Ctrl Pts',(-17.64984233943,-58.5323454644953,12.682992071871));
#7108=CARTESIAN_POINT('Ctrl Pts',(-17.6039601661254,-59.1106359159643,12.9371788216393));
#7109=CARTESIAN_POINT('Ctrl Pts',(-17.4753500764639,-59.587199954523,13.0730814752934));
#7110=CARTESIAN_POINT('Ctrl Pts',(-17.4411055831198,-59.6876944923622,13.0950866648957));
#7111=CARTESIAN_POINT('Ctrl Pts',(-17.4026810835594,-59.7858865498982,13.1107090920016));
#7112=CARTESIAN_POINT('Ctrl Pts',(-17.5446578260655,-57.5987720650431,12.3111050887426));
#7113=CARTESIAN_POINT('Ctrl Pts',(-17.6221025899231,-57.8173541259539,12.4744419746658));
#7114=CARTESIAN_POINT('Ctrl Pts',(-17.764050363642,-58.427594225662,12.8574978393943));
#7115=CARTESIAN_POINT('Ctrl Pts',(-17.7276512227476,-59.0469633422089,13.1321884179014));
#7116=CARTESIAN_POINT('Ctrl Pts',(-17.5877736316805,-59.5705494598556,13.2858649571627));
#7117=CARTESIAN_POINT('Ctrl Pts',(-17.5502817914302,-59.6826350783744,13.3123062357509));
#7118=CARTESIAN_POINT('Ctrl Pts',(-17.5060589204327,-59.7929305102157,13.3310691946072));
#7119=CARTESIAN_POINT('Ctrl Pts',(-17.6216580068411,-57.4494371223242,12.4639088442893));
#7120=CARTESIAN_POINT('Ctrl Pts',(-17.7113401986266,-57.679117751981,12.6334597511957));
#7121=CARTESIAN_POINT('Ctrl Pts',(-17.8776613484773,-58.323549732306,13.0320963554238));
#7122=CARTESIAN_POINT('Ctrl Pts',(-17.8506577945343,-58.9825435215122,13.3262724423519));
#7123=CARTESIAN_POINT('Ctrl Pts',(-17.7006260284313,-59.5541131976721,13.4990215558527));
#7124=CARTESIAN_POINT('Ctrl Pts',(-17.6589951635079,-59.6773438487344,13.5291043122687));
#7125=CARTESIAN_POINT('Ctrl Pts',(-17.6094367573061,-59.7999744705333,13.5514292972128));
#7126=CARTESIAN_POINT('',(-17.6094367573061,-59.7999744705332,13.5514292972128));
#7127=CARTESIAN_POINT('',(-17.6094367573061,-59.7999744705332,13.5514292972128));
#7128=CARTESIAN_POINT('',(-17.6216580068411,-57.4494371223242,12.4639088442893));
#7129=CARTESIAN_POINT('',(-17.3906574645143,-57.8974419504809,12.005497577649));
#7130=CARTESIAN_POINT('Ctrl Pts',(-17.6216580068411,-57.4494371223242,12.4639088442893));
#7131=CARTESIAN_POINT('Ctrl Pts',(-17.7113401986266,-57.679117751981,12.6334597511957));
#7132=CARTESIAN_POINT('Ctrl Pts',(-17.8776613484773,-58.323549732306,13.0320963554238));
#7133=CARTESIAN_POINT('Ctrl Pts',(-17.8506577945343,-58.9825435215122,13.3262724423519));
#7134=CARTESIAN_POINT('Ctrl Pts',(-17.7006260284313,-59.5541131976721,13.4990215558527));
#7135=CARTESIAN_POINT('Ctrl Pts',(-17.6589951635079,-59.6773438487344,13.5291043122687));
#7136=CARTESIAN_POINT('Ctrl Pts',(-17.6094367573061,-59.7999744705333,13.5514292972128));
#7137=CARTESIAN_POINT('Ctrl Pts',(-17.3175774000741,-60.3994326726583,13.5990369721769));
#7138=CARTESIAN_POINT('Ctrl Pts',(-17.4100208363027,-60.2340344810542,13.6045246127431));
#7139=CARTESIAN_POINT('Ctrl Pts',(-17.4974926704683,-60.0626261641776,13.593177516847));
#7140=CARTESIAN_POINT('Ctrl Pts',(-17.5855711229975,-59.8580582709867,13.5616065683665));
#7141=CARTESIAN_POINT('Ctrl Pts',(-17.5976802482174,-59.8290655598203,13.5567253490538));
#7142=CARTESIAN_POINT('Ctrl Pts',(-17.6094367573062,-59.7999744705331,13.5514292972127));
#7143=CARTESIAN_POINT('Ctrl Pts',(-17.2339514640565,-60.3506479889128,13.3740200058342));
#7144=CARTESIAN_POINT('Ctrl Pts',(-17.3223278476503,-60.1962105609603,13.3773512947655));
#7145=CARTESIAN_POINT('Ctrl Pts',(-17.4034872325761,-60.0363831945295,13.3672952050709));
#7146=CARTESIAN_POINT('Ctrl Pts',(-17.4842314383513,-59.8467299484901,13.3398895204762));
#7147=CARTESIAN_POINT('Ctrl Pts',(-17.495318208353,-59.8198608629313,13.3356591781926));
#7148=CARTESIAN_POINT('Ctrl Pts',(-17.5060589204328,-59.7929305102156,13.3310691946072));
#7149=CARTESIAN_POINT('Ctrl Pts',(-17.1503255280389,-60.3018633051674,13.1490030394914));
#7150=CARTESIAN_POINT('Ctrl Pts',(-17.2345325253034,-60.1584590448707,13.1501482954271));
#7151=CARTESIAN_POINT('Ctrl Pts',(-17.3094459582081,-60.0101889330526,13.1414127576766));
#7152=CARTESIAN_POINT('Ctrl Pts',(-17.38289808238,-59.8353935437168,13.1181726960407));
#7153=CARTESIAN_POINT('Ctrl Pts',(-17.392948492751,-59.8106649968002,13.1145922929012));
#7154=CARTESIAN_POINT('Ctrl Pts',(-17.4026810835594,-59.7858865498981,13.1107090920016));
#7155=CARTESIAN_POINT('Ctrl Pts',(-17.0666995920213,-60.2530786214219,12.9239860731487));
#7156=CARTESIAN_POINT('Ctrl Pts',(-17.146839536651,-60.1206351247768,12.9229749774495));
#7157=CARTESIAN_POINT('Ctrl Pts',(-17.215440520316,-59.9839459634046,12.9155304459005));
#7158=CARTESIAN_POINT('Ctrl Pts',(-17.2815583977338,-59.8240652212202,12.8964556481505));
#7159=CARTESIAN_POINT('Ctrl Pts',(-17.2905864528866,-59.8014602999111,12.89352612204));
#7160=CARTESIAN_POINT('Ctrl Pts',(-17.299303246686,-59.7788425895806,12.890348989396));
#7161=CARTESIAN_POINT('Ctrl Pts',(-17.6094367573062,-59.7999744705331,13.5514292972127));
#7162=CARTESIAN_POINT('Ctrl Pts',(-17.5976802482174,-59.8290655598203,13.5567253490538));
#7163=CARTESIAN_POINT('Ctrl Pts',(-17.5855711229975,-59.8580582709867,13.5616065683665));
#7164=CARTESIAN_POINT('Ctrl Pts',(-17.4974926704683,-60.0626261641776,13.593177516847));
#7165=CARTESIAN_POINT('Ctrl Pts',(-17.4100208363027,-60.2340344810542,13.6045246127431));
#7166=CARTESIAN_POINT('Ctrl Pts',(-17.3175774000741,-60.3994326726583,13.5990369721769));
#7167=CARTESIAN_POINT('Ctrl Pts',(-17.6216580068411,-57.4494371223243,12.4639088442894));
#7168=CARTESIAN_POINT('Ctrl Pts',(-17.5347190862406,-57.2267821489384,12.2995442972171));
#7169=CARTESIAN_POINT('Ctrl Pts',(-17.4299939965484,-57.020373478481,12.123819324363));
#7170=CARTESIAN_POINT('Ctrl Pts',(-17.3175774059069,-56.8339570386569,11.9364283842896));
#7171=CARTESIAN_POINT('Ctrl Pts',(-17.5446578260655,-57.5987720650432,12.3111050887426));
#7172=CARTESIAN_POINT('Ctrl Pts',(-17.4683229353001,-57.3841500538284,12.1503670573965));
#7173=CARTESIAN_POINT('Ctrl Pts',(-17.3731864661828,-57.1818391140496,11.9782889827793));
#7174=CARTESIAN_POINT('Ctrl Pts',(-17.266124669865,-56.9956256551228,11.798128932063));
#7175=CARTESIAN_POINT('Ctrl Pts',(-17.4676576452899,-57.7481070077621,12.1583013331958));
#7176=CARTESIAN_POINT('Ctrl Pts',(-17.4019267843596,-57.5415179587185,12.0011898175758));
#7177=CARTESIAN_POINT('Ctrl Pts',(-17.3163789358173,-57.3433047496181,11.8327586411955));
#7178=CARTESIAN_POINT('Ctrl Pts',(-17.2146719338231,-57.1572942715888,11.6598294798363));
#7179=CARTESIAN_POINT('Ctrl Pts',(-17.3906574645143,-57.8974419504809,12.005497577649));
#7180=CARTESIAN_POINT('Ctrl Pts',(-17.3355306334191,-57.6988858636086,11.8520125777552));
#7181=CARTESIAN_POINT('Ctrl Pts',(-17.2595714054517,-57.5047703851867,11.6872282996118));
#7182=CARTESIAN_POINT('Ctrl Pts',(-17.1632191977812,-57.3189628880548,11.5215300276096));
#7183=CARTESIAN_POINT('Ctrl Pts',(-17.3175774059069,-56.8339570386569,11.9364283842896));
#7184=CARTESIAN_POINT('Ctrl Pts',(-17.4299939965484,-57.020373478481,12.123819324363));
#7185=CARTESIAN_POINT('Ctrl Pts',(-17.5347190862406,-57.2267821489384,12.2995442972171));
#7186=CARTESIAN_POINT('Ctrl Pts',(-17.6216580068411,-57.4494371223243,12.4639088442894));
#7187=CARTESIAN_POINT('Origin',(-14.8000000000001,-41.614870947129,8.2693304047785));
#7188=CARTESIAN_POINT('',(-17.3175774060129,-63.0409844022212,14.830812778392));
#7189=CARTESIAN_POINT('',(-17.3175774060129,-42.9285139928746,5.45221380209788));
#7190=CARTESIAN_POINT('',(-14.8000000000001,-62.6096998579725,13.6458682317088));
#7191=CARTESIAN_POINT('Origin',(-14.8000000000001,-64.5444579591563,18.9615724268182));
#7192=CARTESIAN_POINT('',(-14.8000000000001,-43.3053439940918,4.64409925663188));
#7193=CARTESIAN_POINT('Origin',(-19.3175774060108,-43.9720910782152,3.21425552049971));
#7194=CARTESIAN_POINT('',(-17.3175774060129,-43.0267072344452,5.49800206262134));
#7195=CARTESIAN_POINT('',(-17.3175774060129,-42.9285139928746,5.45221380209788));
#7196=CARTESIAN_POINT('',(-17.4593014288642,-42.8827257323511,5.55040704366853));
#7197=CARTESIAN_POINT('Origin',(-19.3175774060108,-46.308242601384,4.30362086636379));
#7198=CARTESIAN_POINT('',(-21.1758533831574,-42.8827257323511,5.55040704366853));
#7199=CARTESIAN_POINT('Origin',(-19.3175774060108,-43.9720910782152,3.21425552049971));
#7200=CARTESIAN_POINT('',(-21.3175774060112,-43.0267072344479,5.49800206262037));
#7201=CARTESIAN_POINT('Origin',(-19.3175774060108,-46.308242601384,4.30362086636379));
#7202=CARTESIAN_POINT('',(-21.3175774060112,-63.0409844022202,14.8308127783894));
#7203=CARTESIAN_POINT('',(-21.3175774060112,-42.9285139928754,5.45221380209606));
#7204=CARTESIAN_POINT('',(-21.1758533831574,-63.0933893832684,14.9747942804861));
#7205=CARTESIAN_POINT('Origin',(-19.3175774060108,-61.8466032059637,11.5492774114532));
#7206=CARTESIAN_POINT('',(-17.4593014288642,-63.0933893832684,14.9747942804861));
#7207=CARTESIAN_POINT('Origin',(-19.3175774060108,-64.1827547291325,12.6386427573173));
#7208=CARTESIAN_POINT('Origin',(-19.3175774060108,-61.8466032059637,11.5492774114532));
#7209=CARTESIAN_POINT('Ctrl Pts',(17.3175774000741,-60.3994326726583,13.5990369721769));
#7210=CARTESIAN_POINT('Ctrl Pts',(17.0199094238436,-60.9320150469178,13.5813667641906));
#7211=CARTESIAN_POINT('Ctrl Pts',(16.305178193542,-61.6609440228624,13.4218918606863));
#7212=CARTESIAN_POINT('Ctrl Pts',(15.2739127436915,-61.9999700094577,13.3670421357847));
#7213=CARTESIAN_POINT('Ctrl Pts',(14.8440872024139,-62.0451739810072,13.3828935770898));
#7214=CARTESIAN_POINT('Ctrl Pts',(17.2339514640564,-60.3506479889129,13.3740200058342));
#7215=CARTESIAN_POINT('Ctrl Pts',(16.9494892407058,-60.8478589776387,13.3633251102969));
#7216=CARTESIAN_POINT('Ctrl Pts',(16.2595088735751,-61.5514236578439,13.2230976019287));
#7217=CARTESIAN_POINT('Ctrl Pts',(15.2461447916661,-61.8827172494386,13.1766702756692));
#7218=CARTESIAN_POINT('Ctrl Pts',(14.8232099843865,-61.9257053032887,13.1936257893356));
#7219=CARTESIAN_POINT('Ctrl Pts',(17.1503255280388,-60.3018633051674,13.1490030394914));
#7220=CARTESIAN_POINT('Ctrl Pts',(16.8790690575681,-60.7637029083596,13.1452834564033));
#7221=CARTESIAN_POINT('Ctrl Pts',(16.2138395536083,-61.4419032928255,13.024303343171));
#7222=CARTESIAN_POINT('Ctrl Pts',(15.2183768396408,-61.7654644894196,12.9862984155537));
#7223=CARTESIAN_POINT('Ctrl Pts',(14.802332766359,-61.8062366255701,13.0043580015815));
#7224=CARTESIAN_POINT('Ctrl Pts',(17.0666995920212,-60.253078621422,12.9239860731487));
#7225=CARTESIAN_POINT('Ctrl Pts',(16.8086488744303,-60.6795468390805,12.9272418025097));
#7226=CARTESIAN_POINT('Ctrl Pts',(16.1681702336415,-61.3323829278071,12.8255090844133));
#7227=CARTESIAN_POINT('Ctrl Pts',(15.1906088876155,-61.6482117294005,12.7959265554381));
#7228=CARTESIAN_POINT('Ctrl Pts',(14.7814555483316,-61.6867679478516,12.8150902138273));
#7229=CARTESIAN_POINT('',(17.3175774023153,-60.3994326739982,13.5990369748047));
#7230=CARTESIAN_POINT('',(17.3175774023153,-60.3994326739982,13.5990369748047));
#7231=CARTESIAN_POINT('',(14.8440872024139,-62.0451739810072,13.3828935770898));
#7232=CARTESIAN_POINT('',(14.7814555483316,-61.6867679478516,12.8150902138273));
#7233=CARTESIAN_POINT('Ctrl Pts',(14.8440872024139,-62.0451739810072,13.3828935770898));
#7234=CARTESIAN_POINT('Ctrl Pts',(15.2739127436915,-61.9999700094577,13.3670421357847));
#7235=CARTESIAN_POINT('Ctrl Pts',(16.305178193542,-61.6609440228624,13.4218918606863));
#7236=CARTESIAN_POINT('Ctrl Pts',(17.0199094238436,-60.9320150469178,13.5813667641906));
#7237=CARTESIAN_POINT('Ctrl Pts',(17.3175774000741,-60.3994326726583,13.5990369721769));
#7238=CARTESIAN_POINT('Ctrl Pts',(14.8000000000001,-62.049421219822,13.3846060120386));
#7239=CARTESIAN_POINT('Ctrl Pts',(14.2588053626172,-62.0967852429929,13.4066922187642));
#7240=CARTESIAN_POINT('Ctrl Pts',(12.5874622292773,-61.8564959111606,13.2946434631578));
#7241=CARTESIAN_POINT('Ctrl Pts',(10.6676416591888,-59.5991483003551,12.2420249851213));
#7242=CARTESIAN_POINT('Ctrl Pts',(11.3541301925508,-56.757923209733,10.9171399668221));
#7243=CARTESIAN_POINT('Ctrl Pts',(13.1558416702944,-55.4729829039361,10.317962461957));
#7244=CARTESIAN_POINT('Ctrl Pts',(14.2588053626172,-55.3032147570071,10.2387982749332));
#7245=CARTESIAN_POINT('Ctrl Pts',(14.8000000000001,-55.350578780178,10.2608844816588));
#7246=CARTESIAN_POINT('Ctrl Pts',(14.781787482422,-61.9295972717938,13.1952945269275));
#7247=CARTESIAN_POINT('Ctrl Pts',(14.2733306690836,-61.9732906543644,13.2160419330795));
#7248=CARTESIAN_POINT('Ctrl Pts',(12.7091820446993,-61.7555444791801,13.112471716373));
#7249=CARTESIAN_POINT('Ctrl Pts',(10.8387508048484,-59.64255382532,12.1117589223565));
#7250=CARTESIAN_POINT('Ctrl Pts',(11.4442571333197,-56.8675468652578,10.8233924122005));
#7251=CARTESIAN_POINT('Ctrl Pts',(13.1890420227988,-55.5932311385859,10.2395110528166));
#7252=CARTESIAN_POINT('Ctrl Pts',(14.264831997136,-55.4242484573842,10.1622086830979));
#7253=CARTESIAN_POINT('Ctrl Pts',(14.7925785409026,-55.4713471350954,10.1837494028906));
#7254=CARTESIAN_POINT('Ctrl Pts',(14.7635749648439,-61.8097733237655,13.0059830418164));
#7255=CARTESIAN_POINT('Ctrl Pts',(14.2878559755501,-61.8497960657359,13.0253916473948));
#7256=CARTESIAN_POINT('Ctrl Pts',(12.8309018601213,-61.6545930471996,12.9302999695882));
#7257=CARTESIAN_POINT('Ctrl Pts',(11.009859950508,-59.685959350285,11.9814928595917));
#7258=CARTESIAN_POINT('Ctrl Pts',(11.5343840740885,-56.9771705207826,10.7296448575788));
#7259=CARTESIAN_POINT('Ctrl Pts',(13.2222423753031,-55.7134793732357,10.1610596436762));
#7260=CARTESIAN_POINT('Ctrl Pts',(14.2708586316549,-55.5452821577612,10.0856190912625));
#7261=CARTESIAN_POINT('Ctrl Pts',(14.7851570818051,-55.5921154900128,10.1066143241224));
#7262=CARTESIAN_POINT('Ctrl Pts',(14.7453624472657,-61.6899493757373,12.8166715567054));
#7263=CARTESIAN_POINT('Ctrl Pts',(14.3023812820165,-61.7263014771074,12.8347413617102));
#7264=CARTESIAN_POINT('Ctrl Pts',(12.9526216755433,-61.5536416152192,12.7481282228033));
#7265=CARTESIAN_POINT('Ctrl Pts',(11.1809690961677,-59.7293648752498,11.8512267968268));
#7266=CARTESIAN_POINT('Ctrl Pts',(11.6245110148573,-57.0867941763073,10.6358973029571));
#7267=CARTESIAN_POINT('Ctrl Pts',(13.2554427278074,-55.8337276078854,10.0826082345358));
#7268=CARTESIAN_POINT('Ctrl Pts',(14.2768852661738,-55.6663158581382,10.0090294994271));
#7269=CARTESIAN_POINT('Ctrl Pts',(14.7777356227075,-55.7128838449302,10.0294792453542));
#7270=CARTESIAN_POINT('',(14.8000000000001,-62.049421219822,13.3846060120386));
#7271=CARTESIAN_POINT('',(14.8000000000001,-62.049421219822,13.3846060120386));
#7272=CARTESIAN_POINT('',(14.8000000000001,-55.350578780178,10.2608844816588));
#7273=CARTESIAN_POINT('',(14.7777356227075,-55.7128838449302,10.0294792453542));
#7274=CARTESIAN_POINT('Ctrl Pts',(14.8000000000001,-55.350578780178,10.2608844816588));
#7275=CARTESIAN_POINT('Ctrl Pts',(14.2588053626172,-55.3032147570071,10.2387982749332));
#7276=CARTESIAN_POINT('Ctrl Pts',(13.1558416702944,-55.4729829039361,10.317962461957));
#7277=CARTESIAN_POINT('Ctrl Pts',(11.3541301925508,-56.757923209733,10.9171399668221));
#7278=CARTESIAN_POINT('Ctrl Pts',(10.6676416591888,-59.5991483003551,12.2420249851213));
#7279=CARTESIAN_POINT('Ctrl Pts',(12.5874622292773,-61.8564959111606,13.2946434631578));
#7280=CARTESIAN_POINT('Ctrl Pts',(14.2588053626172,-62.0967852429929,13.4066922187642));
#7281=CARTESIAN_POINT('Ctrl Pts',(14.8000000000001,-62.049421219822,13.3846060120386));
#7282=CARTESIAN_POINT('Ctrl Pts',(14.8440872024139,-62.0451739810072,13.3828935770898));
#7283=CARTESIAN_POINT('Ctrl Pts',(14.8294013214172,-62.0467184684399,13.383435174455));
#7284=CARTESIAN_POINT('Ctrl Pts',(14.814705143379,-62.0481342618524,13.3840058936816));
#7285=CARTESIAN_POINT('Ctrl Pts',(14.8000000000001,-62.049421219822,13.3846060120386));
#7286=CARTESIAN_POINT('Ctrl Pts',(14.8232099843865,-61.9257053032887,13.1936257893356));
#7287=CARTESIAN_POINT('Ctrl Pts',(14.8094109681565,-61.92711269248,13.1941745984353));
#7288=CARTESIAN_POINT('Ctrl Pts',(14.7956030855815,-61.9284100511322,13.1947307859716));
#7289=CARTESIAN_POINT('Ctrl Pts',(14.781787482422,-61.9295972717938,13.1952945269275));
#7290=CARTESIAN_POINT('Ctrl Pts',(14.802332766359,-61.8062366255701,13.0043580015815));
#7291=CARTESIAN_POINT('Ctrl Pts',(14.7894206148957,-61.8075069165201,13.0049140224157));
#7292=CARTESIAN_POINT('Ctrl Pts',(14.7765010277839,-61.8086858404122,13.0054556782616));
#7293=CARTESIAN_POINT('Ctrl Pts',(14.7635749648439,-61.8097733237655,13.0059830418164));
#7294=CARTESIAN_POINT('Ctrl Pts',(14.7814555483316,-61.6867679478516,12.8150902138273));
#7295=CARTESIAN_POINT('Ctrl Pts',(14.769430261635,-61.6879011405602,12.815653446396));
#7296=CARTESIAN_POINT('Ctrl Pts',(14.7573989699863,-61.6889616296921,12.8161805705517));
#7297=CARTESIAN_POINT('Ctrl Pts',(14.7453624472657,-61.6899493757373,12.8166715567054));
#7298=CARTESIAN_POINT('Ctrl Pts',(14.8000000000001,-62.049421219822,13.3846060120386));
#7299=CARTESIAN_POINT('Ctrl Pts',(14.814705143379,-62.0481342618524,13.3840058936816));
#7300=CARTESIAN_POINT('Ctrl Pts',(14.8294013214172,-62.0467184684399,13.383435174455));
#7301=CARTESIAN_POINT('Ctrl Pts',(14.8440872024139,-62.0451739810072,13.3828935770898));
#7302=CARTESIAN_POINT('Ctrl Pts',(14.8440872024139,-55.3546206539402,10.2630373233841));
#7303=CARTESIAN_POINT('Ctrl Pts',(15.1010820945059,-55.3792540228459,10.2776496110181));
#7304=CARTESIAN_POINT('Ctrl Pts',(15.6047395980281,-55.4775249942301,10.3836318309557));
#7305=CARTESIAN_POINT('Ctrl Pts',(16.6031784656916,-55.9266989416666,10.9332526869434));
#7306=CARTESIAN_POINT('Ctrl Pts',(17.0601093009512,-56.4070068241169,11.507246268498));
#7307=CARTESIAN_POINT('Ctrl Pts',(17.3175774059069,-56.8339570386569,11.9364283842896));
#7308=CARTESIAN_POINT('Ctrl Pts',(14.8355690948654,-55.4753999240157,10.1857810968168));
#7309=CARTESIAN_POINT('Ctrl Pts',(15.0909424055245,-55.5007964267182,10.1994639085881));
#7310=CARTESIAN_POINT('Ctrl Pts',(15.5909753948392,-55.6046390851646,10.3008377581329));
#7311=CARTESIAN_POINT('Ctrl Pts',(16.5769969075359,-56.0756972357595,10.829946842737));
#7312=CARTESIAN_POINT('Ctrl Pts',(17.0209206688067,-56.5691403284345,11.3855077470776));
#7313=CARTESIAN_POINT('Ctrl Pts',(17.266124669865,-56.9956256551228,11.798128932063));
#7314=CARTESIAN_POINT('Ctrl Pts',(14.8270509873169,-55.5961791940912,10.1085248702496));
#7315=CARTESIAN_POINT('Ctrl Pts',(15.0808027165431,-55.6223388305905,10.1212782061581));
#7316=CARTESIAN_POINT('Ctrl Pts',(15.5772111916504,-55.7317531760992,10.2180436853102));
#7317=CARTESIAN_POINT('Ctrl Pts',(16.5508153493802,-56.2246955298525,10.7266409985306));
#7318=CARTESIAN_POINT('Ctrl Pts',(16.9817320366622,-56.7312738327521,11.2637692256572));
#7319=CARTESIAN_POINT('Ctrl Pts',(17.2146719338231,-57.1572942715888,11.6598294798363));
#7320=CARTESIAN_POINT('Ctrl Pts',(14.8185328797683,-55.7169584641667,10.0312686436823));
#7321=CARTESIAN_POINT('Ctrl Pts',(15.0706630275617,-55.7438812344629,10.0430925037281));
#7322=CARTESIAN_POINT('Ctrl Pts',(15.5634469884616,-55.8588672670337,10.1352496124875));
#7323=CARTESIAN_POINT('Ctrl Pts',(16.5246337912244,-56.3736938239454,10.6233351543241));
#7324=CARTESIAN_POINT('Ctrl Pts',(16.9425434045177,-56.8934073370697,11.1420307042368));
#7325=CARTESIAN_POINT('Ctrl Pts',(17.1632191977812,-57.3189628880548,11.5215300276096));
#7326=CARTESIAN_POINT('',(17.3175774059522,-56.8339570386106,11.9364283843085));
#7327=CARTESIAN_POINT('',(17.1632191977812,-57.3189628880548,11.5215300276096));
#7328=CARTESIAN_POINT('',(14.8440872024139,-55.3546206539402,10.2630373233841));
#7329=CARTESIAN_POINT('Ctrl Pts',(17.3175774059069,-56.8339570386569,11.9364283842896));
#7330=CARTESIAN_POINT('Ctrl Pts',(17.0601093009512,-56.4070068241169,11.507246268498));
#7331=CARTESIAN_POINT('Ctrl Pts',(16.6031784656916,-55.9266989416666,10.9332526869434));
#7332=CARTESIAN_POINT('Ctrl Pts',(15.6047395980281,-55.4775249942301,10.3836318309557));
#7333=CARTESIAN_POINT('Ctrl Pts',(15.1010820945059,-55.3792540228459,10.2776496110181));
#7334=CARTESIAN_POINT('Ctrl Pts',(14.8440872024139,-55.3546206539402,10.2630373233841));
#7335=CARTESIAN_POINT('',(14.8440872024139,-55.3546206539402,10.2630373233841));
#7336=CARTESIAN_POINT('Ctrl Pts',(14.8000000000001,-55.350578780178,10.2608844816588));
#7337=CARTESIAN_POINT('Ctrl Pts',(14.814705143379,-55.3518657381477,10.2614846000158));
#7338=CARTESIAN_POINT('Ctrl Pts',(14.8294013214172,-55.3532129889032,10.2622023094445));
#7339=CARTESIAN_POINT('Ctrl Pts',(14.8440872024139,-55.3546206539402,10.2630373233841));
#7340=CARTESIAN_POINT('Ctrl Pts',(14.7925785409026,-55.4713471350954,10.1837494028906));
#7341=CARTESIAN_POINT('Ctrl Pts',(14.8069182775846,-55.472626883195,10.1843346994756));
#7342=CARTESIAN_POINT('Ctrl Pts',(14.82124891071,-55.4739778046836,10.1850120015198));
#7343=CARTESIAN_POINT('Ctrl Pts',(14.8355690948654,-55.4753999240157,10.1857810968168));
#7344=CARTESIAN_POINT('Ctrl Pts',(14.7851570818051,-55.5921154900128,10.1066143241224));
#7345=CARTESIAN_POINT('Ctrl Pts',(14.7991314117902,-55.5933880282423,10.1071847989353));
#7346=CARTESIAN_POINT('Ctrl Pts',(14.8130965000028,-55.594742620464,10.1078216935951));
#7347=CARTESIAN_POINT('Ctrl Pts',(14.8270509873169,-55.5961791940912,10.1085248702496));
#7348=CARTESIAN_POINT('Ctrl Pts',(14.7777356227075,-55.7128838449302,10.0294792453542));
#7349=CARTESIAN_POINT('Ctrl Pts',(14.7913445459958,-55.7141491732896,10.030034898395));
#7350=CARTESIAN_POINT('Ctrl Pts',(14.8049440892956,-55.7155074362445,10.0306313856704));
#7351=CARTESIAN_POINT('Ctrl Pts',(14.8185328797683,-55.7169584641667,10.0312686436823));
#7352=CARTESIAN_POINT('Ctrl Pts',(14.8440872024139,-55.3546206539402,10.2630373233841));
#7353=CARTESIAN_POINT('Ctrl Pts',(14.8294013214172,-55.3532129889032,10.2622023094445));
#7354=CARTESIAN_POINT('Ctrl Pts',(14.814705143379,-55.3518657381477,10.2614846000158));
#7355=CARTESIAN_POINT('Ctrl Pts',(14.8000000000001,-55.350578780178,10.2608844816588));
#7356=CARTESIAN_POINT('Ctrl Pts',(17.299303246686,-59.7788425895807,12.8903489893966));
#7357=CARTESIAN_POINT('Ctrl Pts',(17.3323922110421,-59.6929857220023,12.8782885883785));
#7358=CARTESIAN_POINT('Ctrl Pts',(17.362447366969,-59.6035561985428,12.8597873509942));
#7359=CARTESIAN_POINT('Ctrl Pts',(17.4657917590634,-59.2312757967664,12.7591227973618));
#7360=CARTESIAN_POINT('Ctrl Pts',(17.5245905530021,-58.7767457848452,12.5707352664394));
#7361=CARTESIAN_POINT('Ctrl Pts',(17.4820112025333,-58.3276562423067,12.3077652230921));
#7362=CARTESIAN_POINT('Ctrl Pts',(17.4332351125061,-58.0642591202051,12.1300770989485));
#7363=CARTESIAN_POINT('Ctrl Pts',(17.413328600428,-57.979098957469,12.068618914831));
#7364=CARTESIAN_POINT('Ctrl Pts',(17.3906574645142,-57.8974419504806,12.0054975776494));
#7365=CARTESIAN_POINT('Ctrl Pts',(17.4026810835594,-59.7858865498982,13.1107090920021));
#7366=CARTESIAN_POINT('Ctrl Pts',(17.441159601411,-59.68764946558,13.0950973071469));
#7367=CARTESIAN_POINT('Ctrl Pts',(17.4752278848163,-59.5871754539884,13.0729275869741));
#7368=CARTESIAN_POINT('Ctrl Pts',(17.587691256225,-59.1729887411952,12.9557651193431));
#7369=CARTESIAN_POINT('Ctrl Pts',(17.6411341432971,-58.6826864784767,12.750187481037));
#7370=CARTESIAN_POINT('Ctrl Pts',(17.5817870716243,-58.2043818477409,12.4738317851688));
#7371=CARTESIAN_POINT('Ctrl Pts',(17.5197412617827,-57.9247122351939,12.2879782499512));
#7372=CARTESIAN_POINT('Ctrl Pts',(17.4953285083057,-57.834562556277,12.2240318034932));
#7373=CARTESIAN_POINT('Ctrl Pts',(17.4676576452898,-57.7481070077618,12.1583013331961));
#7374=CARTESIAN_POINT('Ctrl Pts',(17.5060589204329,-59.7929305102156,13.3310691946076));
#7375=CARTESIAN_POINT('Ctrl Pts',(17.550227773139,-59.682680105157,13.3122955935007));
#7376=CARTESIAN_POINT('Ctrl Pts',(17.5877083677012,-59.5704539614713,13.2857150519291));
#7377=CARTESIAN_POINT('Ctrl Pts',(17.7100187413401,-59.1154181588929,13.1531400662116));
#7378=CARTESIAN_POINT('Ctrl Pts',(17.7575554235049,-58.58833426817,12.9293848207313));
#7379=CARTESIAN_POINT('Ctrl Pts',(17.6810108233446,-58.0808200478716,12.6396084189929));
#7380=CARTESIAN_POINT('Ctrl Pts',(17.6065353066336,-57.7853172097963,12.4460498071688));
#7381=CARTESIAN_POINT('Ctrl Pts',(17.5771194052667,-57.6899138239059,12.3793193636104));
#7382=CARTESIAN_POINT('Ctrl Pts',(17.5446578260655,-57.5987720650429,12.3111050887428));
#7383=CARTESIAN_POINT('Ctrl Pts',(17.6094367573063,-59.7999744705331,13.5514292972132));
#7384=CARTESIAN_POINT('Ctrl Pts',(17.6589951635079,-59.6773438487347,13.5291043122691));
#7385=CARTESIAN_POINT('Ctrl Pts',(17.7004888855485,-59.5540732169168,13.498855287909));
#7386=CARTESIAN_POINT('Ctrl Pts',(17.8319182385017,-59.0571311033218,13.3497823881929));
#7387=CARTESIAN_POINT('Ctrl Pts',(17.8740990138,-58.4942749618015,13.1088370353288));
#7388=CARTESIAN_POINT('Ctrl Pts',(17.7807866924356,-57.9575456533058,12.8056749810696));
#7389=CARTESIAN_POINT('Ctrl Pts',(17.6930414559102,-57.645770324785,12.6039509581715));
#7390=CARTESIAN_POINT('Ctrl Pts',(17.6591193131445,-57.5453774227139,12.5347322522726));
#7391=CARTESIAN_POINT('Ctrl Pts',(17.6216580068411,-57.4494371223241,12.4639088442896));
#7392=CARTESIAN_POINT('',(17.6216580068411,-57.4494371223241,12.4639088442896));
#7393=CARTESIAN_POINT('',(17.6216580068411,-57.4494371223241,12.4639088442896));
#7394=CARTESIAN_POINT('',(17.6094367573063,-59.7999744705331,13.5514292972132));
#7395=CARTESIAN_POINT('',(17.299303246686,-59.7788425895807,12.8903489893966));
#7396=CARTESIAN_POINT('Ctrl Pts',(17.6094367573063,-59.7999744705331,13.5514292972132));
#7397=CARTESIAN_POINT('Ctrl Pts',(17.6589951635079,-59.6773438487347,13.5291043122691));
#7398=CARTESIAN_POINT('Ctrl Pts',(17.7004888855485,-59.5540732169168,13.498855287909));
#7399=CARTESIAN_POINT('Ctrl Pts',(17.8319182385017,-59.0571311033218,13.3497823881929));
#7400=CARTESIAN_POINT('Ctrl Pts',(17.8740990138,-58.4942749618015,13.1088370353288));
#7401=CARTESIAN_POINT('Ctrl Pts',(17.7807866924356,-57.9575456533058,12.8056749810696));
#7402=CARTESIAN_POINT('Ctrl Pts',(17.6930414559102,-57.645770324785,12.6039509581715));
#7403=CARTESIAN_POINT('Ctrl Pts',(17.6591193131445,-57.5453774227139,12.5347322522726));
#7404=CARTESIAN_POINT('Ctrl Pts',(17.6216580068411,-57.4494371223241,12.4639088442896));
#7405=CARTESIAN_POINT('Ctrl Pts',(17.3175774059067,-56.8339570386567,11.9364283842899));
#7406=CARTESIAN_POINT('Ctrl Pts',(17.4299939965482,-57.0203734784809,12.1238193243633));
#7407=CARTESIAN_POINT('Ctrl Pts',(17.5347190862405,-57.2267821489383,12.2995442972173));
#7408=CARTESIAN_POINT('Ctrl Pts',(17.621658006841,-57.4494371223242,12.4639088442895));
#7409=CARTESIAN_POINT('Ctrl Pts',(17.2661246698648,-56.9956256551228,11.7981289320632));
#7410=CARTESIAN_POINT('Ctrl Pts',(17.3731864661827,-57.1818391140495,11.9782889827794));
#7411=CARTESIAN_POINT('Ctrl Pts',(17.4683229353,-57.3841500538284,12.1503670573966));
#7412=CARTESIAN_POINT('Ctrl Pts',(17.5446578260654,-57.5987720650431,12.3111050887427));
#7413=CARTESIAN_POINT('Ctrl Pts',(17.214671933823,-57.1572942715888,11.6598294798364));
#7414=CARTESIAN_POINT('Ctrl Pts',(17.3163789358172,-57.3433047496181,11.8327586411956));
#7415=CARTESIAN_POINT('Ctrl Pts',(17.4019267843595,-57.5415179587185,12.0011898175759));
#7416=CARTESIAN_POINT('Ctrl Pts',(17.4676576452898,-57.748107007762,12.1583013331959));
#7417=CARTESIAN_POINT('Ctrl Pts',(17.1632191977812,-57.3189628880548,11.5215300276097));
#7418=CARTESIAN_POINT('Ctrl Pts',(17.2595714054517,-57.5047703851867,11.6872282996118));
#7419=CARTESIAN_POINT('Ctrl Pts',(17.3355306334191,-57.6988858636085,11.8520125777552));
#7420=CARTESIAN_POINT('Ctrl Pts',(17.3906574645143,-57.8974419504809,12.005497577649));
#7421=CARTESIAN_POINT('Ctrl Pts',(17.621658006841,-57.4494371223242,12.4639088442895));
#7422=CARTESIAN_POINT('Ctrl Pts',(17.5347190862405,-57.2267821489383,12.2995442972173));
#7423=CARTESIAN_POINT('Ctrl Pts',(17.4299939965482,-57.0203734784809,12.1238193243633));
#7424=CARTESIAN_POINT('Ctrl Pts',(17.3175774059067,-56.8339570386567,11.9364283842899));
#7425=CARTESIAN_POINT('Ctrl Pts',(17.609436757306,-59.7999744705331,13.551429297213));
#7426=CARTESIAN_POINT('Ctrl Pts',(17.5976802482172,-59.8290655598203,13.556725349054));
#7427=CARTESIAN_POINT('Ctrl Pts',(17.5855711229973,-59.8580582709868,13.5616065683667));
#7428=CARTESIAN_POINT('Ctrl Pts',(17.4974926704687,-60.0626261641762,13.5931775168471));
#7429=CARTESIAN_POINT('Ctrl Pts',(17.4100208363025,-60.2340344810541,13.6045246127433));
#7430=CARTESIAN_POINT('Ctrl Pts',(17.3175774000738,-60.3994326726582,13.5990369721772));
#7431=CARTESIAN_POINT('Ctrl Pts',(17.5060589204327,-59.7929305102157,13.3310691946073));
#7432=CARTESIAN_POINT('Ctrl Pts',(17.4953182083529,-59.8198608629313,13.3356591781927));
#7433=CARTESIAN_POINT('Ctrl Pts',(17.4842314383511,-59.8467299484902,13.3398895204763));
#7434=CARTESIAN_POINT('Ctrl Pts',(17.4034872325766,-60.0363831945282,13.3672952050709));
#7435=CARTESIAN_POINT('Ctrl Pts',(17.3223278476502,-60.1962105609603,13.3773512947656));
#7436=CARTESIAN_POINT('Ctrl Pts',(17.2339514640563,-60.3506479889128,13.3740200058344));
#7437=CARTESIAN_POINT('Ctrl Pts',(17.4026810835593,-59.7858865498982,13.1107090920017));
#7438=CARTESIAN_POINT('Ctrl Pts',(17.3929484927509,-59.8106649968002,13.1145922929013));
#7439=CARTESIAN_POINT('Ctrl Pts',(17.3828980823799,-59.8353935437169,13.1181726960408));
#7440=CARTESIAN_POINT('Ctrl Pts',(17.3094459582085,-60.0101889330515,13.1414127576765));
#7441=CARTESIAN_POINT('Ctrl Pts',(17.2345325253033,-60.1584590448707,13.1501482954272));
#7442=CARTESIAN_POINT('Ctrl Pts',(17.1503255280388,-60.3018633051674,13.1490030394915));
#7443=CARTESIAN_POINT('Ctrl Pts',(17.299303246686,-59.7788425895808,12.890348989396));
#7444=CARTESIAN_POINT('Ctrl Pts',(17.2905864528866,-59.8014602999112,12.89352612204));
#7445=CARTESIAN_POINT('Ctrl Pts',(17.2815583977337,-59.8240652212203,12.8964556481505));
#7446=CARTESIAN_POINT('Ctrl Pts',(17.2154405203164,-59.9839459634035,12.9155304459003));
#7447=CARTESIAN_POINT('Ctrl Pts',(17.146839536651,-60.1206351247768,12.9229749774495));
#7448=CARTESIAN_POINT('Ctrl Pts',(17.0666995920212,-60.253078621422,12.9239860731487));
#7449=CARTESIAN_POINT('Ctrl Pts',(17.3175774000738,-60.3994326726582,13.5990369721772));
#7450=CARTESIAN_POINT('Ctrl Pts',(17.4100208363025,-60.2340344810541,13.6045246127433));
#7451=CARTESIAN_POINT('Ctrl Pts',(17.4974926704687,-60.0626261641762,13.5931775168471));
#7452=CARTESIAN_POINT('Ctrl Pts',(17.5855711229973,-59.8580582709868,13.5616065683667));
#7453=CARTESIAN_POINT('Ctrl Pts',(17.5976802482172,-59.8290655598203,13.556725349054));
#7454=CARTESIAN_POINT('Ctrl Pts',(17.609436757306,-59.7999744705331,13.551429297213));
#7455=CARTESIAN_POINT('Origin',(14.8000000000001,-41.614870947129,8.2693304047785));
#7456=CARTESIAN_POINT('',(17.3175774060129,-43.0267072344452,5.49800206262134));
#7457=CARTESIAN_POINT('',(17.3175774060129,-42.9285139928746,5.45221380209788));
#7458=CARTESIAN_POINT('',(14.8000000000001,-44.2116517811285,5.06671751837257));
#7459=CARTESIAN_POINT('Origin',(14.8000000000001,-38.895947586019,7.0014756195564));
#7460=CARTESIAN_POINT('',(14.8000000000001,-43.3053439940918,4.64409925663188));
#7461=CARTESIAN_POINT('Origin',(19.3175774060126,-43.972091078217,3.21425552049581));
#7462=CARTESIAN_POINT('',(17.3175774060129,-63.0409844022212,14.830812778392));
#7463=CARTESIAN_POINT('',(17.3175774060129,-42.9285139928746,5.45221380209788));
#7464=CARTESIAN_POINT('',(17.4593014288637,-63.0933893832684,14.9747942804861));
#7465=CARTESIAN_POINT('Origin',(19.3175774060126,-61.8466032059616,11.5492774114475));
#7466=CARTESIAN_POINT('',(21.1758533831614,-63.0933893832684,14.9747942804861));
#7467=CARTESIAN_POINT('Origin',(19.3175774060126,-64.1827547291343,12.6386427573134));
#7468=CARTESIAN_POINT('',(21.3175774060129,-63.0409844022212,14.830812778392));
#7469=CARTESIAN_POINT('Origin',(19.3175774060126,-61.8466032059616,11.5492774114475));
#7470=CARTESIAN_POINT('',(21.3175774060129,-43.0267072344452,5.49800206262134));
#7471=CARTESIAN_POINT('',(21.3175774060129,-42.9285139928746,5.45221380209788));
#7472=CARTESIAN_POINT('',(21.1758533831614,-42.8827257323511,5.55040704366853));
#7473=CARTESIAN_POINT('Origin',(19.3175774060126,-46.3082426013897,4.30362086636171));
#7474=CARTESIAN_POINT('',(17.4593014288637,-42.8827257323511,5.55040704366853));
#7475=CARTESIAN_POINT('Origin',(19.3175774060126,-43.972091078217,3.21425552049581));
#7476=CARTESIAN_POINT('Origin',(19.3175774060126,-46.3082426013897,4.30362086636171));
#7477=CARTESIAN_POINT('Origin',(-19.3628005412987,-58.4314875803403,2.80561016095882));
#7478=CARTESIAN_POINT('',(-19.0887796780824,-59.3589373501527,2.61122032191764));
#7479=CARTESIAN_POINT('',(-17.0512652266746,-62.7153157151154,2.61122032191764));
#7480=CARTESIAN_POINT('',(-19.5739736958835,-58.5596818145505,2.61122032191764));
#7481=CARTESIAN_POINT('',(-17.01717370858,-62.7096422111135,2.63646839117603));
#7482=CARTESIAN_POINT('',(-11.9456972184138,-61.8656480515527,6.39238765856745));
#7483=CARTESIAN_POINT('',(-16.8030488130138,-62.1720847099097,3.));
#7484=CARTESIAN_POINT('',(-17.01717370858,-62.7096422111135,2.63646839117603));
#7485=CARTESIAN_POINT('',(-18.7,-59.0472548864982,3.));
#7486=CARTESIAN_POINT('',(-19.151627386714,-58.3032933461302,3.));
#7487=CARTESIAN_POINT('',(-18.7,-59.0472548864982,3.));
#7488=CARTESIAN_POINT('Origin',(-4.13973265951567,-64.7258181251784,2.81823419558802));
#7489=CARTESIAN_POINT('',(-10.,-63.9651980798008,2.63646839117603));
#7490=CARTESIAN_POINT('',(-4.18965356792894,-65.0048209913689,2.63646839117603));
#7491=CARTESIAN_POINT('',(-10.,-63.3893280356239,3.));
#7492=CARTESIAN_POINT('',(-10.,-61.6885386077628,4.07366362121647));
#7493=CARTESIAN_POINT('',(-4.08981175110241,-64.446815258988,3.));
#7494=CARTESIAN_POINT('Origin',(-18.9,-43.5365770007002,2.8));
#7495=CARTESIAN_POINT('',(-18.7,-43.5365770007002,3.));
#7496=CARTESIAN_POINT('',(-19.1,-59.3456863415764,2.6));
#7497=CARTESIAN_POINT('',(-19.1,-43.5365770007002,2.6));
#7498=CARTESIAN_POINT('',(-21.4349489058747,-56.5881515574413,0.265051094125311));
#7499=CARTESIAN_POINT('Origin',(-4.68102048292828,-61.767141029168,9.39115388102236));
#7500=CARTESIAN_POINT('',(-10.,-61.8306533544747,7.21401432677511));
#7501=CARTESIAN_POINT('',(-10.,-60.9854168309933,9.02662990084842));
#7502=CARTESIAN_POINT('',(-17.0512652266746,-59.9491006282804,8.54338771925329));
#7503=CARTESIAN_POINT('',(-4.68102048292828,-62.6123775526494,7.57853830694905));
#7504=CARTESIAN_POINT('',(-4.68102048292828,-61.767141029168,9.39115388102236));
#7505=CARTESIAN_POINT('',(-15.8499091695126,-60.9708990462931,6.81310430873827));
#7506=CARTESIAN_POINT('Origin',(-18.9985049115066,-57.3143406972155,7.31477898599778));
#7507=CARTESIAN_POINT('',(-19.1,-56.9869959467491,7.65822787504651));
#7508=CARTESIAN_POINT('Origin',(-19.1,-39.5,0.));
#7509=CARTESIAN_POINT('Origin',(6.78448719740737,-64.2526023806078,2.81823419558801));
#7510=CARTESIAN_POINT('',(16.8030488130138,-62.1720847099098,3.));
#7511=CARTESIAN_POINT('',(9.99999999999999,-63.3893280356239,3.));
#7512=CARTESIAN_POINT('',(6.73456628899411,-63.9735995144173,3.));
#7513=CARTESIAN_POINT('',(9.99999999999999,-63.9651980798008,2.63646839117603));
#7514=CARTESIAN_POINT('',(9.99999999999999,-59.747345964419,5.29908746780786));
#7515=CARTESIAN_POINT('',(17.0171737085801,-62.7096422111135,2.63646839117603));
#7516=CARTESIAN_POINT('',(6.83440810582064,-64.5316052467983,2.63646839117603));
#7517=CARTESIAN_POINT('',(17.0171737085801,-62.7096422111135,2.63646839117603));
#7518=CARTESIAN_POINT('Origin',(18.9,-53.9650041254464,2.8));
#7519=CARTESIAN_POINT('',(18.7,-50.5704717198638,3.));
#7520=CARTESIAN_POINT('',(18.4678919368501,-50.7183408641902,3.23210806314992));
#7521=CARTESIAN_POINT('',(18.7,-59.0472548864983,3.));
#7522=CARTESIAN_POINT('',(18.7,-53.9650041254464,3.));
#7523=CARTESIAN_POINT('',(19.0887796780824,-59.3589373501527,2.61122032191763));
#7524=CARTESIAN_POINT('',(18.7,-59.0472548864983,3.));
#7525=CARTESIAN_POINT('',(18.5467074229028,-59.9991154266028,3.15329257709717));
#7526=CARTESIAN_POINT('Origin',(18.3807591240284,-60.0491951574063,2.80561016095882));
#7527=CARTESIAN_POINT('',(17.0512652266746,-62.7153157151154,2.61122032191763));
#7528=CARTESIAN_POINT('',(18.5919322786131,-60.1773893916164,2.61122032191763));
#7529=CARTESIAN_POINT('',(18.1695859694436,-59.9210009231962,3.));
#7530=CARTESIAN_POINT('',(13.4512454651431,-62.1162011063959,5.27738344256789));
#7531=CARTESIAN_POINT('Origin',(9.99999999999999,-60.9854168309933,9.02662990084842));
#7532=CARTESIAN_POINT('',(9.99999999999999,-61.8306533544747,7.21401432677511));
#7533=CARTESIAN_POINT('',(9.99999999999999,-60.9854168309933,9.02662990084842));
#7534=CARTESIAN_POINT('',(4.68102048292829,-62.6123775526494,7.57853830694905));
#7535=CARTESIAN_POINT('',(-4.87565445273438,-64.0169108897903,8.23348295819188));
#7536=CARTESIAN_POINT('',(4.68102048292829,-61.767141029168,9.39115388102236));
#7537=CARTESIAN_POINT('',(17.0512652266746,-59.9491006282804,8.54338771925329));
#7538=CARTESIAN_POINT('Origin',(4.44089209850063E-15,-47.5731540014004,
3.));
#7539=CARTESIAN_POINT('',(17.1,-52.3358763902038,3.));
#7540=CARTESIAN_POINT('',(14.6539406897545,-55.0348042216013,3.));
#7541=CARTESIAN_POINT('',(12.9096498897125,-52.3358763902038,3.));
#7542=CARTESIAN_POINT('',(9.25,-52.3358763902038,3.));
#7543=CARTESIAN_POINT('',(12.2211366321366,-52.793670467579,3.));
#7544=CARTESIAN_POINT('',(6.05012992884599,-56.8967872763325,3.));
#7545=CARTESIAN_POINT('',(9.99999999999999,-55.2444235824773,3.));
#7546=CARTESIAN_POINT('',(11.161692397729,-53.9626378421964,3.));
#7547=CARTESIAN_POINT('',(9.99999999999999,-50.7673106856379,3.));
#7548=CARTESIAN_POINT('',(11.6,-58.7,3.));
#7549=CARTESIAN_POINT('Origin',(14.5,-58.7,3.));
#7550=CARTESIAN_POINT('Origin',(-12.4652901434126,-45.2518671441128,2.8));
#7551=CARTESIAN_POINT('',(-20.,-38.,2.6));
#7552=CARTESIAN_POINT('',(-12.6067114996499,-45.3932885003501,2.6));
#7553=CARTESIAN_POINT('',(-19.6,-37.8343145750508,3.));
#7554=CARTESIAN_POINT('',(-12.3238687871753,-45.1104457878755,3.));
#7555=CARTESIAN_POINT('',(-19.6,-37.8343145750508,3.));
#7556=CARTESIAN_POINT('Origin',(-19.8,-38.7865770007002,2.8));
#7557=CARTESIAN_POINT('',(-19.6,-30.1656854249492,3.));
#7558=CARTESIAN_POINT('',(-19.6,-38.7865770007002,3.));
#7559=CARTESIAN_POINT('',(-20.,-30.,2.6));
#7560=CARTESIAN_POINT('',(-19.6,-30.1656854249492,3.));
#7561=CARTESIAN_POINT('',(-20.,-38.7865770007002,2.6));
#7562=CARTESIAN_POINT('Origin',(-18.7518671441128,-29.0347098565874,2.8));
#7563=CARTESIAN_POINT('',(-18.8343145750508,-29.4,3.));
#7564=CARTESIAN_POINT('',(-18.6104457878755,-29.1761312128247,3.));
#7565=CARTESIAN_POINT('',(-19.,-29.,2.6));
#7566=CARTESIAN_POINT('',(-18.8343145750508,-29.4,3.));
#7567=CARTESIAN_POINT('',(-18.8932885003501,-28.8932885003501,2.6));
#7568=CARTESIAN_POINT('Origin',(-7.00000000000001,-29.2,2.8));
#7569=CARTESIAN_POINT('',(-14.1656854249493,-29.4,3.));
#7570=CARTESIAN_POINT('',(-7.00000000000001,-29.4,3.));
#7571=CARTESIAN_POINT('',(-14.,-29.,2.6));
#7572=CARTESIAN_POINT('',(-14.1656854249493,-29.4,3.));
#7573=CARTESIAN_POINT('',(-7.00000000000001,-29.,2.6));
#7574=CARTESIAN_POINT('Origin',(-4.49813285588722,-38.7847098565874,2.8));
#7575=CARTESIAN_POINT('',(-11.1656854249493,-32.4,3.));
#7576=CARTESIAN_POINT('',(-4.63955421212454,-38.9261312128247,3.));
#7577=CARTESIAN_POINT('',(-11.,-32.,2.6));
#7578=CARTESIAN_POINT('',(-11.1656854249493,-32.4,3.));
#7579=CARTESIAN_POINT('',(-4.35671149964991,-38.6432885003501,2.6));
#7580=CARTESIAN_POINT('Origin',(5.50000000000001,-32.2,2.8));
#7581=CARTESIAN_POINT('',(11.1656854249493,-32.4,3.));
#7582=CARTESIAN_POINT('',(5.50000000000001,-32.4,3.));
#7583=CARTESIAN_POINT('',(11.,-32.,2.6));
#7584=CARTESIAN_POINT('',(11.1656854249493,-32.4,3.));
#7585=CARTESIAN_POINT('',(5.50000000000001,-32.,2.6));
#7586=CARTESIAN_POINT('Origin',(5.99813285588722,-37.2847098565874,2.8));
#7587=CARTESIAN_POINT('',(14.1656854249493,-29.4,3.));
#7588=CARTESIAN_POINT('',(6.13955421212453,-37.4261312128247,3.));
#7589=CARTESIAN_POINT('',(14.,-29.,2.6));
#7590=CARTESIAN_POINT('',(14.1656854249493,-29.4,3.));
#7591=CARTESIAN_POINT('',(5.85671149964991,-37.1432885003501,2.6));
#7592=CARTESIAN_POINT('Origin',(9.50000000000001,-29.2,2.8));
#7593=CARTESIAN_POINT('',(19.4,-29.4,3.));
#7594=CARTESIAN_POINT('',(9.50000000000001,-29.4,3.));
#7595=CARTESIAN_POINT('',(19.,-29.,2.6));
#7596=CARTESIAN_POINT('',(17.3833333333334,-27.3833333333333,0.983333333333335));
#7597=CARTESIAN_POINT('',(9.50000000000001,-29.,2.6));
#7598=CARTESIAN_POINT('Origin',(20.,-30.,0.));
#7599=CARTESIAN_POINT('',(19.6,-29.6,3.));
#7600=CARTESIAN_POINT('',(20.,-30.,3.));
#7601=CARTESIAN_POINT('',(20.,-30.,2.6));
#7602=CARTESIAN_POINT('',(22.49776283345,-32.49776283345,0.102237166549968));
#7603=CARTESIAN_POINT('',(20.,-30.,0.));
#7604=CARTESIAN_POINT('',(19.,-29.,0.));
#7605=CARTESIAN_POINT('Origin',(4.44089209850063E-15,-47.5731540014004,
3.));
#7606=CARTESIAN_POINT('',(3.93794750878798E-15,-37.7618663113387,3.));
#7607=CARTESIAN_POINT('',(19.6,-37.8343145750508,3.));
#7608=CARTESIAN_POINT('',(11.5738687871753,-45.8604457878755,3.));
#7609=CARTESIAN_POINT('',(19.6,-42.7865770007002,3.));
#7610=CARTESIAN_POINT('',(-18.9,-34.,3.));
#7611=CARTESIAN_POINT('Origin',(-16.,-34.,3.));
#7612=CARTESIAN_POINT('',(13.1,-34.,3.));
#7613=CARTESIAN_POINT('Origin',(16.,-34.,3.));
#7614=CARTESIAN_POINT('Origin',(19.8,-42.7865770007002,2.8));
#7615=CARTESIAN_POINT('',(20.,-38.,2.6));
#7616=CARTESIAN_POINT('',(20.,-42.7865770007002,2.6));
#7617=CARTESIAN_POINT('',(19.6,-37.8343145750508,3.));
#7618=CARTESIAN_POINT('Origin',(11.7152901434126,-46.0018671441128,2.8));
#7619=CARTESIAN_POINT('',(11.8567114996499,-46.1432885003501,2.6));
#7620=CARTESIAN_POINT('Origin',(20.,-38.,0.));
#7621=CARTESIAN_POINT('',(20.,-38.,0.));
#7622=CARTESIAN_POINT('Origin',(18.5,-39.5,0.));
#7623=CARTESIAN_POINT('Origin',(-14.5,-58.7,0.2));
#7624=CARTESIAN_POINT('',(-17.,-58.7,0.4));
#7625=CARTESIAN_POINT('Origin',(-14.5,-58.7,0.4));
#7626=CARTESIAN_POINT('',(-17.2,-58.7,0.2));
#7627=CARTESIAN_POINT('Origin',(-14.5,-58.7,0.));
#7628=CARTESIAN_POINT('',(-17.,-58.7,2.6));
#7629=CARTESIAN_POINT('Origin',(-14.5,-58.7,2.6));
#7630=CARTESIAN_POINT('',(-17.,-58.7,0.));
#7631=CARTESIAN_POINT('Origin',(-16.,-34.,0.2));
#7632=CARTESIAN_POINT('',(-18.5,-34.,0.4));
#7633=CARTESIAN_POINT('Origin',(-16.,-34.,0.4));
#7634=CARTESIAN_POINT('',(-18.7,-34.,0.2));
#7635=CARTESIAN_POINT('Origin',(-16.,-34.,0.));
#7636=CARTESIAN_POINT('',(-18.5,-34.,2.6));
#7637=CARTESIAN_POINT('Origin',(-16.,-34.,2.6));
#7638=CARTESIAN_POINT('',(-18.5,-34.,0.));
#7639=CARTESIAN_POINT('Origin',(16.,-34.,0.2));
#7640=CARTESIAN_POINT('',(13.5,-34.,0.4));
#7641=CARTESIAN_POINT('Origin',(16.,-34.,0.4));
#7642=CARTESIAN_POINT('',(13.3,-34.,0.2));
#7643=CARTESIAN_POINT('Origin',(16.,-34.,0.));
#7644=CARTESIAN_POINT('',(13.5,-34.,2.6));
#7645=CARTESIAN_POINT('Origin',(16.,-34.,2.6));
#7646=CARTESIAN_POINT('',(13.5,-34.,0.));
#7647=CARTESIAN_POINT('Origin',(14.5,-58.7,0.2));
#7648=CARTESIAN_POINT('',(12.,-58.7,0.4));
#7649=CARTESIAN_POINT('Origin',(14.5,-58.7,0.4));
#7650=CARTESIAN_POINT('',(11.8,-58.7,0.2));
#7651=CARTESIAN_POINT('Origin',(14.5,-58.7,0.));
#7652=CARTESIAN_POINT('',(12.,-58.7,2.6));
#7653=CARTESIAN_POINT('Origin',(14.5,-58.7,2.6));
#7654=CARTESIAN_POINT('',(12.,-58.7,0.));
#7655=CARTESIAN_POINT('Origin',(-14.5,-58.7,2.8));
#7656=CARTESIAN_POINT('',(-17.4,-58.7,3.));
#7657=CARTESIAN_POINT('Origin',(-14.5,-58.7,3.));
#7658=CARTESIAN_POINT('',(-17.2,-58.7,2.8));
#7659=CARTESIAN_POINT('Origin',(4.44089209850063E-15,-47.5731540014004,
3.));
#7660=CARTESIAN_POINT('',(-10.,-55.2444235824772,3.));
#7661=CARTESIAN_POINT('',(-10.,-54.2792854161968,3.));
#7662=CARTESIAN_POINT('',(-12.2211366321366,-52.793670467579,3.));
#7663=CARTESIAN_POINT('',(-9.97291813432256,-55.2743051150701,3.));
#7664=CARTESIAN_POINT('',(-12.9096498897125,-52.3358763902038,3.));
#7665=CARTESIAN_POINT('',(-11.9855940999308,-52.9502832488542,3.));
#7666=CARTESIAN_POINT('',(-6.31801948466049,-52.3358763902038,3.));
#7667=CARTESIAN_POINT('Origin',(-16.,-34.,2.8));
#7668=CARTESIAN_POINT('',(-18.7,-34.,2.8));
#7669=CARTESIAN_POINT('Origin',(16.,-34.,2.8));
#7670=CARTESIAN_POINT('',(13.3,-34.,2.8));
#7671=CARTESIAN_POINT('Origin',(14.5,-58.7,2.8));
#7672=CARTESIAN_POINT('',(11.8,-58.7,2.8));
#7673=CARTESIAN_POINT('Origin',(18.5,-51.5724047250477,4.63727026954027));
#7674=CARTESIAN_POINT('',(-15.0023062237158,-51.7105148423955,4.34109216709551));
#7675=CARTESIAN_POINT('Origin',(18.1,-52.3386642713703,0.627819786392432));
#7676=CARTESIAN_POINT('',(17.1,-53.2449720584069,1.05043804813313));
#7677=CARTESIAN_POINT('Origin',(-14.8000000000001,-41.614870947129,8.2693304047785));
#7678=CARTESIAN_POINT('',(-14.8000000000001,-44.2116517811285,5.06671751837257));
#7679=CARTESIAN_POINT('',(-14.8000000000001,-43.3053439940918,4.64409925663188));
#7680=CARTESIAN_POINT('Origin',(-14.8000000000001,-38.895947586019,7.0014756195564));
#7681=CARTESIAN_POINT('Origin',(14.8000000000001,-41.614870947129,8.2693304047785));
#7682=CARTESIAN_POINT('',(14.8000000000001,-62.6096998579725,13.6458682317088));
#7683=CARTESIAN_POINT('',(14.8000000000001,-43.3053439940918,4.64409925663188));
#7684=CARTESIAN_POINT('Origin',(14.8000000000001,-64.5444579591563,18.9615724268182));
#7685=CARTESIAN_POINT('Origin',(-11.,-51.7215420050153,3.6034362063431));
#7686=CARTESIAN_POINT('',(-10.,-54.8067038933568,3.93869290256216));
#7687=CARTESIAN_POINT('',(-10.,-54.8067038933568,3.93869290256216));
#7688=CARTESIAN_POINT('',(-10.,-52.144160266756,2.69712841930645));
#7689=CARTESIAN_POINT('',(-10.,-61.8306533544747,7.21401432677512));
#7690=CARTESIAN_POINT('Origin',(11.,-48.2095672744564,1.96577549423664));
#7691=CARTESIAN_POINT('',(9.99999999999999,-61.8306533544747,7.21401432677511));
#7692=CARTESIAN_POINT('',(9.99999999999999,-54.8067038933568,3.93869290256218));
#7693=CARTESIAN_POINT('',(9.99999999999999,-48.6321855361971,1.05946770719999));
#7694=CARTESIAN_POINT('',(9.99999999999999,-54.8067038933568,3.93869290256218));
#7695=CARTESIAN_POINT('Origin',(24.,-44.2116517811285,5.06671751837258));
#7696=CARTESIAN_POINT('',(24.,-62.6096998579725,13.6458682317088));
#7697=CARTESIAN_POINT('',(24.,-44.2116517811285,5.06671751837258));
#7698=CARTESIAN_POINT('Origin',(-17.6135203889458,-48.7656055804637,2.22506041455536));
#7699=CARTESIAN_POINT('',(-16.9064136077592,-48.5473674601486,1.0199163887886));
#7700=CARTESIAN_POINT('Origin',(-16.0099803280663,-61.4429021656615,8.13658089693534));
#7701=CARTESIAN_POINT('',(-4.68102048292828,-62.6123775526494,7.57853830694905));
#7702=CARTESIAN_POINT('Origin',(-9.65948975853586,-63.0960670779453,8.9074643557264));
#7703=CARTESIAN_POINT('',(-9.65948975853586,-62.6123775526494,7.57853830694905));
#7704=CARTESIAN_POINT('',(4.68102048292829,-62.6123775526494,7.57853830694905));
#7705=CARTESIAN_POINT('Origin',(-4.71558329418071,-64.4889140091588,9.55695954638894));
#7706=CARTESIAN_POINT('Origin',(6.93153987360654,-58.4467677024896,6.73946045189616));
#7707=CARTESIAN_POINT('',(6.22443309241998,-58.2285295821745,5.53431642612939));
#7708=CARTESIAN_POINT('',(13.3962997288291,-52.1904477827036,3.3118726552243));
#7709=CARTESIAN_POINT('Origin',(16.7396127100071,-60.3707896323241,8.74002453119862));
#7710=CARTESIAN_POINT('Origin',(6.99999999999999,-58.6718827658299,7.94781124886025));
#7711=CARTESIAN_POINT('',(4.43935566893701,-59.048217668058,8.12329909580026));
#7712=CARTESIAN_POINT('',(4.43935566893701,-59.048217668058,8.12329909580026));
#7713=CARTESIAN_POINT('',(6.99999999999999,-58.6718827658299,7.94781124886025));
#7714=CARTESIAN_POINT('',(4.43935566893701,-59.048217668058,8.12329909580026));
#7715=CARTESIAN_POINT('',(6.99999999999999,-58.6718827658299,7.94781124886025));
#7716=CARTESIAN_POINT('Origin',(6.99999999999999,-52.8352524386506,5.22614582947687));
#7717=CARTESIAN_POINT('',(6.99999999999999,-52.8352524386506,5.22614582947687));
#7718=CARTESIAN_POINT('',(6.99999999999999,-58.6718827658299,7.94781124886025));
#7719=CARTESIAN_POINT('',(6.99999999999999,-52.8352524386506,5.22614582947687));
#7720=CARTESIAN_POINT('Origin',(11.3933982822017,-48.8534813639377,3.36941548431817));
#7721=CARTESIAN_POINT('',(11.3933982822017,-48.8534813639377,3.36941548431817));
#7722=CARTESIAN_POINT('',(6.99999999999999,-52.8352524386506,5.22614582947687));
#7723=CARTESIAN_POINT('',(11.3933982822017,-48.8534813639377,3.36941548431817));
#7724=CARTESIAN_POINT('Origin',(15.5,-48.8534813639377,3.36941548431817));
#7725=CARTESIAN_POINT('',(15.5,-48.8534813639377,3.36941548431817));
#7726=CARTESIAN_POINT('',(11.3933982822017,-48.8534813639377,3.36941548431817));
#7727=CARTESIAN_POINT('',(15.5,-48.8534813639377,3.36941548431817));
#7728=CARTESIAN_POINT('Origin',(15.5,-41.6277465397453,-4.9960036108132E-15));
#7729=CARTESIAN_POINT('',(15.5,-48.8534813639377,3.36941548431817));
#7730=CARTESIAN_POINT('Origin',(-15.5,-48.8534813639377,3.36941548431817));
#7731=CARTESIAN_POINT('',(-15.5,-48.8534813639377,3.36941548431817));
#7732=CARTESIAN_POINT('',(-15.5,-39.98107663889,-0.767854785222162));
#7733=CARTESIAN_POINT('',(-15.5,-48.8534813639377,3.36941548431817));
#7734=CARTESIAN_POINT('Origin',(-11.3933982822017,-48.8534813639377,3.36941548431817));
#7735=CARTESIAN_POINT('',(-11.3933982822017,-48.8534813639377,3.36941548431817));
#7736=CARTESIAN_POINT('',(-15.5,-48.8534813639377,3.36941548431817));
#7737=CARTESIAN_POINT('',(-11.3933982822017,-48.8534813639377,3.36941548431817));
#7738=CARTESIAN_POINT('Origin',(-7.00000000000003,-52.8352524386505,5.22614582947682));
#7739=CARTESIAN_POINT('',(-7.00000000000003,-52.8352524386505,5.22614582947682));
#7740=CARTESIAN_POINT('',(-11.3933982822017,-48.8534813639377,3.36941548431817));
#7741=CARTESIAN_POINT('',(-7.00000000000003,-52.8352524386505,5.22614582947682));
#7742=CARTESIAN_POINT('Origin',(-7.00000000000002,-58.6718827658298,7.94781124886024));
#7743=CARTESIAN_POINT('',(-7.00000000000002,-58.6718827658298,7.94781124886024));
#7744=CARTESIAN_POINT('',(-7.00000000000003,-52.8352524386505,5.22614582947682));
#7745=CARTESIAN_POINT('',(-7.00000000000002,-58.6718827658298,7.94781124886024));
#7746=CARTESIAN_POINT('Origin',(-4.43935566893684,-59.048217668058,8.12329909580026));
#7747=CARTESIAN_POINT('',(-4.43935566893684,-59.048217668058,8.12329909580026));
#7748=CARTESIAN_POINT('',(-7.00000000000002,-58.6718827658298,7.94781124886024));
#7749=CARTESIAN_POINT('',(-4.43935566893684,-59.048217668058,8.12329909580026));
#7750=CARTESIAN_POINT('Origin',(4.43935566893701,-59.048217668058,8.12329909580025));
#7751=CARTESIAN_POINT('',(-4.43935566893684,-59.048217668058,8.12329909580026));
#7752=CARTESIAN_POINT('Origin',(1.7413888126227E-15,-50.3379821039017,4.06164954790013));
#7753=CARTESIAN_POINT('Origin',(3.94367050184389E-15,-37.9940115261166,
5.71892336110995));
#7754=CARTESIAN_POINT('',(-11.8000000000001,-38.1687736806298,7.76576677762539));
#7755=CARTESIAN_POINT('',(-9.60001807205595,-37.9529243125355,5.23770308286499));
#7756=CARTESIAN_POINT('',(11.8,-38.1687736806298,7.76576677762538));
#7757=CARTESIAN_POINT('',(6.9,-38.1687736806298,7.76576677762538));
#7758=CARTESIAN_POINT('',(9.60001807205584,-37.9529243125355,5.23770308286501));
#7759=CARTESIAN_POINT('Origin',(-10.,-53.9614673698754,5.75130847663547));
#7760=CARTESIAN_POINT('',(-10.,-53.9614673698754,5.75130847663547));
#7761=CARTESIAN_POINT('Origin',(-10.,-60.9854168309933,9.02662990084842));
#7762=CARTESIAN_POINT('Origin',(4.68102048292829,-61.767141029168,9.39115388102236));
#7763=CARTESIAN_POINT('Origin',(9.99999999999999,-53.9614673698754,5.75130847663548));
#7764=CARTESIAN_POINT('',(9.99999999999999,-53.9614673698754,5.75130847663548));
#7765=CARTESIAN_POINT('Origin',(12.636038969321,-51.5724047250477,4.63727026954027));
#7766=CARTESIAN_POINT('Origin',(18.5,-51.5724047250477,4.63727026954027));
#7767=CARTESIAN_POINT('Origin',(-20.,-38.,0.));
#7768=CARTESIAN_POINT('',(-20.,-38.,0.));
#7769=CARTESIAN_POINT('Origin',(-20.,-30.,0.));
#7770=CARTESIAN_POINT('',(-20.,-30.,0.));
#7771=CARTESIAN_POINT('Origin',(-19.,-29.,0.));
#7772=CARTESIAN_POINT('',(-19.,-29.,0.));
#7773=CARTESIAN_POINT('Origin',(-14.,-29.,0.));
#7774=CARTESIAN_POINT('',(-14.,-29.,0.));
#7775=CARTESIAN_POINT('Origin',(-11.,-32.,0.));
#7776=CARTESIAN_POINT('',(-11.,-32.,0.));
#7777=CARTESIAN_POINT('Origin',(11.,-32.,0.));
#7778=CARTESIAN_POINT('',(11.,-32.,0.));
#7779=CARTESIAN_POINT('Origin',(14.,-29.,0.));
#7780=CARTESIAN_POINT('',(14.,-29.,0.));
#7781=CARTESIAN_POINT('Origin',(19.,-29.,0.));
#7782=CARTESIAN_POINT('Origin',(18.5,-33.7048262095936,21.6831737112347));
#7783=CARTESIAN_POINT('',(18.5,-42.2722507285337,4.49337333100066));
#7784=CARTESIAN_POINT('',(18.5,-42.0456737817745,4.38771876556549));
#7785=CARTESIAN_POINT('',(18.5,-26.2972804347344,38.7518076809877));
#7786=CARTESIAN_POINT('',(18.5,-34.1579801031117,21.8944828421055));
#7787=CARTESIAN_POINT('',(18.5,-25.3909726476978,38.329189419247));
#7788=CARTESIAN_POINT('',(18.5,-26.0707034879753,38.6461531155525));
#7789=CARTESIAN_POINT('',(18.5,-33.251672316075,21.4718645803648));
#7790=CARTESIAN_POINT('Origin',(17.4593014288637,-42.2722507285336,4.49337333100071));
#7791=CARTESIAN_POINT('',(-18.5,-42.2722507285329,4.49337333100222));
#7792=CARTESIAN_POINT('',(-18.5,-42.2722507285329,4.49337333100222));
#7793=CARTESIAN_POINT('',(8.72965071443139,-42.2722507285335,4.49337333100108));
#7794=CARTESIAN_POINT('Origin',(1.41670177309061E-14,-33.2516723160748,
21.4718645803652));
#7795=CARTESIAN_POINT('',(-18.5000000000001,-25.3909726476978,38.329189419247));
#7796=CARTESIAN_POINT('',(-8.7296507144318,-25.3909726476978,38.329189419247));
#7797=CARTESIAN_POINT('',(-18.5000000000001,-41.0701101582778,4.70517052018717));
#7798=CARTESIAN_POINT('',(-13.8000000000001,-38.5344005878336,10.143017242407));
#7799=CARTESIAN_POINT('',(-13.8000000000001,-27.968944044316,32.8007119183234));
#7800=CARTESIAN_POINT('',(-13.8000000000001,-36.3156547136949,14.9011331243495));
#7801=CARTESIAN_POINT('',(-11.8000000000001,-27.1237075208346,34.6133274923967));
#7802=CARTESIAN_POINT('',(-12.9750000000001,-27.62028397838,33.5484158426287));
#7803=CARTESIAN_POINT('',(11.8000000000001,-27.1237075208346,34.6133274923967));
#7804=CARTESIAN_POINT('',(-6.90000000000003,-27.1237075208346,34.6133274923967));
#7805=CARTESIAN_POINT('',(13.8000000000001,-27.968944044316,32.8007119183234));
#7806=CARTESIAN_POINT('',(12.9750000000001,-27.62028397838,33.5484158426286));
#7807=CARTESIAN_POINT('',(13.8,-38.5344005878336,10.143017242407));
#7808=CARTESIAN_POINT('',(13.8,-30.1876899184548,28.0425960363809));
#7809=CARTESIAN_POINT('',(11.8,-39.379637111315,8.33040166833373));
#7810=CARTESIAN_POINT('',(12.975,-38.8830606537697,9.3953133181018));
#7811=CARTESIAN_POINT('',(-11.8000000000001,-39.379637111315,8.33040166833374));
#7812=CARTESIAN_POINT('',(6.9,-39.379637111315,8.33040166833373));
#7813=CARTESIAN_POINT('',(-12.9750000000001,-38.8830606537697,9.39531331810178));
#7814=CARTESIAN_POINT('Origin',(12.8000000000001,-29.3589413566486,34.5522562288415));
#7815=CARTESIAN_POINT('',(13.8000000000001,-29.7815596183894,33.6459484418048));
#7816=CARTESIAN_POINT('',(11.8000000000001,-28.936323094908,35.4585640158781));
#7817=CARTESIAN_POINT('',(14.35,-30.0139996623467,33.1474791589347));
#7818=CARTESIAN_POINT('',(11.8000000000001,-28.0300153078713,35.0359457541374));
#7819=CARTESIAN_POINT('',(11.8000000000001,-28.936323094908,35.4585640158781));
#7820=CARTESIAN_POINT('',(13.8000000000001,-28.8752518313527,33.2233301800641));
#7821=CARTESIAN_POINT('',(12.9750000000001,-28.5265917654166,33.9710341043693));
#7822=CARTESIAN_POINT('',(13.8000000000001,-29.7815596183893,33.6459484418048));
#7823=CARTESIAN_POINT('Origin',(-13.8000000000001,-28.9363230949079,35.4585640158781));
#7824=CARTESIAN_POINT('',(-11.8000000000001,-28.936323094908,35.4585640158781));
#7825=CARTESIAN_POINT('',(5.09999999999997,-28.936323094908,35.4585640158781));
#7826=CARTESIAN_POINT('',(-11.8000000000001,-28.0300153078713,35.0359457541374));
#7827=CARTESIAN_POINT('',(-11.8000000000001,-28.936323094908,35.4585640158782));
#7828=CARTESIAN_POINT('',(-6.90000000000003,-28.0300153078713,35.0359457541374));
#7829=CARTESIAN_POINT('Origin',(12.8,-40.7696344236476,10.0819459788518));
#7830=CARTESIAN_POINT('',(11.8,-41.1922526853883,9.17563819181511));
#7831=CARTESIAN_POINT('',(13.8,-40.3470161619069,10.9882537658884));
#7832=CARTESIAN_POINT('',(23.6000000000001,-36.205357196848,19.8700700788476));
#7833=CARTESIAN_POINT('',(13.8,-39.4407083748703,10.5656355041477));
#7834=CARTESIAN_POINT('',(13.8,-40.3470161619069,10.9882537658884));
#7835=CARTESIAN_POINT('',(11.8,-40.2859448983517,8.75301993007443));
#7836=CARTESIAN_POINT('',(12.975,-39.7893684408063,9.81793157984249));
#7837=CARTESIAN_POINT('',(11.8,-41.1922526853883,9.17563819181511));
#7838=CARTESIAN_POINT('Origin',(13.8000000000001,-28.936323094908,35.4585640158782));
#7839=CARTESIAN_POINT('',(13.8000000000001,-31.0939977054914,28.4652142981216));
#7840=CARTESIAN_POINT('',(13.8000000000001,-28.0910865714266,37.2711795899514));
#7841=CARTESIAN_POINT('Origin',(-12.8000000000001,-40.7696344236477,10.0819459788518));
#7842=CARTESIAN_POINT('',(-13.8000000000001,-40.3470161619069,10.9882537658884));
#7843=CARTESIAN_POINT('',(-11.8000000000001,-41.1922526853883,9.17563819181512));
#7844=CARTESIAN_POINT('',(-11.6000000000001,-41.2767763377364,8.99437663440781));
#7845=CARTESIAN_POINT('',(-11.8000000000001,-40.2859448983517,8.75301993007444));
#7846=CARTESIAN_POINT('',(-11.8000000000001,-41.1922526853884,9.17563819181516));
#7847=CARTESIAN_POINT('',(-13.8000000000001,-39.4407083748703,10.5656355041477));
#7848=CARTESIAN_POINT('',(-12.9750000000001,-39.7893684408063,9.81793157984248));
#7849=CARTESIAN_POINT('',(-13.8000000000001,-40.347016161907,10.9882537658885));
#7850=CARTESIAN_POINT('Origin',(13.8,-41.1922526853883,9.17563819181511));
#7851=CARTESIAN_POINT('',(6.9,-40.2859448983517,8.75301993007443));
#7852=CARTESIAN_POINT('',(18.9,-41.1922526853883,9.17563819181511));
#7853=CARTESIAN_POINT('Origin',(-12.8000000000001,-40.7696344236477,10.0819459788518));
#7854=CARTESIAN_POINT('',(-11.8000000000001,-41.1922526853884,9.17563819181516));
#7855=CARTESIAN_POINT('',(-13.8000000000001,-40.347016161907,10.9882537658885));
#7856=CARTESIAN_POINT('Origin',(13.8,-41.1922526853883,9.17563819181511));
#7857=CARTESIAN_POINT('',(11.8,-41.1922526853883,9.17563819181511));
#7858=CARTESIAN_POINT('Origin',(12.8,-40.7696344236476,10.0819459788518));
#7859=CARTESIAN_POINT('',(13.8,-40.3470161619069,10.9882537658884));
#7860=CARTESIAN_POINT('Origin',(13.8000000000001,-28.936323094908,35.4585640158782));
#7861=CARTESIAN_POINT('',(13.8000000000001,-29.7815596183893,33.6459484418048));
#7862=CARTESIAN_POINT('Origin',(12.8000000000001,-29.3589413566486,34.5522562288415));
#7863=CARTESIAN_POINT('',(11.8000000000001,-28.936323094908,35.4585640158781));
#7864=CARTESIAN_POINT('Origin',(-13.8000000000001,-28.9363230949079,35.4585640158781));
#7865=CARTESIAN_POINT('',(-11.8000000000001,-28.936323094908,35.4585640158782));
#7866=CARTESIAN_POINT('Origin',(-12.8000000000001,-29.3589413566487,34.5522562288415));
#7867=CARTESIAN_POINT('',(-13.8000000000001,-29.7815596183894,33.6459484418049));
#7868=CARTESIAN_POINT('Origin',(-13.8000000000001,-41.1922526853884,9.17563819181516));
#7869=CARTESIAN_POINT('Origin',(-12.8000000000001,-29.3589413566487,34.5522562288415));
#7870=CARTESIAN_POINT('',(-13.8000000000001,-29.7815596183893,33.6459484418048));
#7871=CARTESIAN_POINT('',(-2.34999999999998,-24.9425805214583,44.0231726033745));
#7872=CARTESIAN_POINT('',(-13.8000000000001,-28.8752518313527,33.2233301800641));
#7873=CARTESIAN_POINT('',(-13.8000000000001,-29.7815596183894,33.6459484418049));
#7874=CARTESIAN_POINT('',(-12.9750000000001,-28.5265917654166,33.9710341043694));
#7875=CARTESIAN_POINT('Origin',(-13.8000000000001,-41.1922526853884,9.17563819181516));
#7876=CARTESIAN_POINT('',(-13.8000000000001,-37.2219625007316,15.3237513860902));
#7877=CARTESIAN_POINT('',(-13.8000000000001,-34.2190513666667,24.1297166779199));
#7878=CARTESIAN_POINT('Origin',(-24.,-22.1719906154838,41.6830162895972));
#7879=CARTESIAN_POINT('',(-24.,-24.5274147451498,39.4712348425761));
#7880=CARTESIAN_POINT('',(-24.,-50.1759251182871,51.4313316498379));
#7881=CARTESIAN_POINT('',(-24.,-21.9897529414472,38.2879037097021));
#7882=CARTESIAN_POINT('',(-24.,-28.1196699699458,31.7676186527645));
#7883=CARTESIAN_POINT('',(-24.,-53.768180343083,43.7277154600263));
#7884=CARTESIAN_POINT('',(-24.,-27.2458500479452,39.0837951640247));
#7885=CARTESIAN_POINT('',(-24.,-27.7295395732411,40.4127212128021));
#7886=CARTESIAN_POINT('',(-24.,-27.6086171919171,40.0804897006077));
#7887=CARTESIAN_POINT('',(-24.,-33.0767555167573,42.9061689570722));
#7888=CARTESIAN_POINT('',(-24.,-34.8893710908307,43.7514054805536));
#7889=CARTESIAN_POINT('',(-24.,-40.7803717065689,46.4984241818682));
#7890=CARTESIAN_POINT('',(-24.,-34.8893710908307,43.7514054805536));
#7891=CARTESIAN_POINT('',(-24.,-46.1275876500851,48.9918719261383));
#7892=CARTESIAN_POINT('',(-24.,-34.8893710908307,43.7514054805536));
#7893=CARTESIAN_POINT('',(-24.,-47.4565136988625,48.5081824008423));
#7894=CARTESIAN_POINT('',(-24.,-37.3898988793741,52.1721305549592));
#7895=CARTESIAN_POINT('',(-24.,-63.0933893832684,14.9747942804861));
#7896=CARTESIAN_POINT('',(-24.,-54.3240604521489,33.7806808614967));
#7897=CARTESIAN_POINT('',(-24.,-62.6096998579725,13.6458682317088));
#7898=CARTESIAN_POINT('',(-24.,-64.7500260074071,19.5263659975487));
#7899=CARTESIAN_POINT('',(-24.,-44.2116517811285,5.06671751837258));
#7900=CARTESIAN_POINT('',(-24.,-42.172459260296,4.115826429456));
#7901=CARTESIAN_POINT('',(-24.,-42.8827257323511,5.55040704366853));
#7902=CARTESIAN_POINT('',(-24.,-27.9323076836059,10.991914203248));
#7903=CARTESIAN_POINT('',(-24.,-26.2949589590286,41.1229876848572));
#7904=CARTESIAN_POINT('Origin',(-22.5,-22.8059180080948,40.3235546090422));
#7905=CARTESIAN_POINT('',(-21.,-48.9080703330649,54.1502550109478));
#7906=CARTESIAN_POINT('',(-21.,-23.2595599599277,42.190158203686));
#7907=CARTESIAN_POINT('',(-21.,-20.7218981562251,41.006827070812));
#7908=CARTESIAN_POINT('',(-22.25,-23.7878327871036,41.0572734698902));
#7909=CARTESIAN_POINT('',(-22.8224612512989,-50.7454882766639,52.9961935664314));
#7910=CARTESIAN_POINT('',(-29.9,-47.3221569190409,43.5906679620515));
#7911=CARTESIAN_POINT('',(-22.1775258626259,-50.4729151250175,53.5806980854306));
#7912=CARTESIAN_POINT('Ctrl Pts',(-22.8224612512989,-50.7454882766639,52.9961935664314));
#7913=CARTESIAN_POINT('Ctrl Pts',(-22.7143515646902,-50.6997959277555,53.0941727152463));
#7914=CARTESIAN_POINT('Ctrl Pts',(-22.6062208125859,-50.6540953097387,53.1921712513154));
#7915=CARTESIAN_POINT('Ctrl Pts',(-22.3911765306841,-50.5632097893035,53.3870657493706));
#7916=CARTESIAN_POINT('Ctrl Pts',(-22.2843406707084,-50.5180576978157,53.4838913121787));
#7917=CARTESIAN_POINT('Ctrl Pts',(-22.1775258626259,-50.4729151250175,53.5806980854306));
#7918=CARTESIAN_POINT('',(-11.0166666666667,-35.6409586127711,58.9790887718191));
#7919=CARTESIAN_POINT('Origin',(24.,-22.1719906154838,41.6830162895972));
#7920=CARTESIAN_POINT('',(21.,-23.2595599599277,42.190158203686));
#7921=CARTESIAN_POINT('',(21.,-48.9080703330649,54.1502550109478));
#7922=CARTESIAN_POINT('',(21.,-20.7218981562251,41.006827070812));
#7923=CARTESIAN_POINT('',(12.,-23.2595599599277,42.190158203686));
#7924=CARTESIAN_POINT('',(12.,-48.9080703330649,54.1502550109478));
#7925=CARTESIAN_POINT('',(8.24999999999999,-35.4493996955707,47.8743738240984));
#7926=CARTESIAN_POINT('Origin',(-3.73023223093921E-14,-35.4493996955707,
47.8743738240984));
#7927=CARTESIAN_POINT('Origin',(22.5,-22.8059180080948,40.3235546090422));
#7928=CARTESIAN_POINT('',(24.,-50.175925118287,51.4313316498378));
#7929=CARTESIAN_POINT('',(24.,-24.5274147451498,39.4712348425761));
#7930=CARTESIAN_POINT('',(24.,-21.9897529414472,38.2879037097021));
#7931=CARTESIAN_POINT('',(22.25,-23.7878327871036,41.0572734698902));
#7932=CARTESIAN_POINT('',(22.1775263167478,-50.472915728512,53.5806978657766));
#7933=CARTESIAN_POINT('',(15.0166666666667,-40.9566628078804,57.0443306706352));
#7934=CARTESIAN_POINT('',(22.822458189038,-50.7454897578474,52.9961976359497));
#7935=CARTESIAN_POINT('Ctrl Pts',(22.1775263167478,-50.4729157285119,53.5806978657765));
#7936=CARTESIAN_POINT('Ctrl Pts',(22.2844191939157,-50.5180915566737,53.4838204600505));
#7937=CARTESIAN_POINT('Ctrl Pts',(22.3913353475284,-50.5632779096765,53.3869222794231));
#7938=CARTESIAN_POINT('Ctrl Pts',(22.6063852401514,-50.6541665904305,53.1920230643028));
#7939=CARTESIAN_POINT('Ctrl Pts',(22.7144333086482,-50.6998327250237,53.0940996796161));
#7940=CARTESIAN_POINT('Ctrl Pts',(22.822458189038,-50.7454897578474,52.9961976359497));
#7941=CARTESIAN_POINT('',(33.7333333333334,-45.4680137387398,38.4964514417383));
#7942=CARTESIAN_POINT('Origin',(-18.1,-63.1967224729977,17.1193973375965));
#7943=CARTESIAN_POINT('',(15.0857864376269,-63.1967224729977,17.1193973375965));
#7944=CARTESIAN_POINT('',(-16.5,-63.1967224729977,17.1193973375965));
#7945=CARTESIAN_POINT('',(-9.04999872266383,-63.1967224729977,17.1193973375965));
#7946=CARTESIAN_POINT('',(15.0857864376269,-62.6529378007757,16.8658263805521));
#7947=CARTESIAN_POINT('',(15.0857864376269,-63.1967224729977,17.1193973375965));
#7948=CARTESIAN_POINT('',(15.6514718625762,-62.2904146859611,16.6967790758558));
#7949=CARTESIAN_POINT('',(5.06360389693219,-69.0757174441081,19.86081771488));
#7950=CARTESIAN_POINT('',(5.53985559378584,-62.2904146859611,16.6967790758558));
#7951=CARTESIAN_POINT('',(19.5428932188135,-62.2904146859611,16.6967790758558));
#7952=CARTESIAN_POINT('',(-5.53985559378581,-62.2904146859611,16.6967790758558));
#7953=CARTESIAN_POINT('Ctrl Pts',(-5.53985559378582,-62.2904146859611,16.6967790758558));
#7954=CARTESIAN_POINT('Ctrl Pts',(2.50336999835349E-14,-63.8798195993413,
17.4379307588742));
#7955=CARTESIAN_POINT('Ctrl Pts',(5.53985559378588,-62.2904146859611,16.6967790758558));
#7956=CARTESIAN_POINT('',(-16.5,-62.2904146859611,16.6967790758558));
#7957=CARTESIAN_POINT('',(19.5428932188135,-62.2904146859611,16.6967790758558));
#7958=CARTESIAN_POINT('',(-16.5,-63.1967224729977,17.1193973375965));
#7959=CARTESIAN_POINT('Origin',(18.1,-63.1967224729977,17.1193973375965));
#7960=CARTESIAN_POINT('',(18.1,-50.4396578794519,44.4770106438431));
#7961=CARTESIAN_POINT('',(18.1,-61.9228607767524,19.8512025609667));
#7962=CARTESIAN_POINT('',(18.1,-59.6889909005499,24.6417519700007));
#7963=CARTESIAN_POINT('',(18.1,-49.8958732072299,44.2234396867986));
#7964=CARTESIAN_POINT('',(18.1,-50.4396578794519,44.4770106438431));
#7965=CARTESIAN_POINT('',(18.1,-49.2942811014311,44.567077487747));
#7966=CARTESIAN_POINT('',(18.1,-63.478765485199,36.4647021835491));
#7967=CARTESIAN_POINT('',(18.1,-61.2556219806998,18.9158991935814));
#7968=CARTESIAN_POINT('',(18.1,-56.3133697378418,29.5145933312943));
#7969=CARTESIAN_POINT('',(18.1,-61.3790761045304,19.5976316039223));
#7970=CARTESIAN_POINT('',(18.1,-61.1880198624211,18.5425900354233));
#7971=CARTESIAN_POINT('',(18.1,-61.9228607767524,19.8512025609667));
#7972=CARTESIAN_POINT('Ctrl Pts',(-23.9999999999999,-40.7803717065689,46.4984241818682));
#7973=CARTESIAN_POINT('Ctrl Pts',(-23.9972456377171,-40.7813832882467,46.4988958901514));
#7974=CARTESIAN_POINT('Ctrl Pts',(-23.9944853030591,-40.7823996780825,46.4993690287655));
#7975=CARTESIAN_POINT('Ctrl Pts',(-22.8673669346997,-41.1955654969517,46.6905707816966));
#7976=CARTESIAN_POINT('Ctrl Pts',(-21.708670157795,-41.7175477691418,46.7073225627904));
#7977=CARTESIAN_POINT('Ctrl Pts',(-20.7010984768777,-42.1881017873395,46.4239642132954));
#7978=CARTESIAN_POINT('Ctrl Pts',(-23.9999999999999,-40.7803717065689,46.4984241818682));
#7979=CARTESIAN_POINT('Ctrl Pts',(-23.9974167617349,-40.7815045605434,46.4992570640281));
#7980=CARTESIAN_POINT('Ctrl Pts',(-23.9948166252558,-40.7829465013506,46.4993380482129));
#7981=CARTESIAN_POINT('Ctrl Pts',(-22.9370122932911,-41.2858526477132,46.7398173377922));
#7982=CARTESIAN_POINT('Ctrl Pts',(-21.8452255614474,-41.9507351089446,46.6907009167853));
#7983=CARTESIAN_POINT('Ctrl Pts',(-20.9496009884927,-42.4224023834742,46.282873015178));
#7984=CARTESIAN_POINT('Ctrl Pts',(-23.9999999999999,-40.7803717065689,46.4984241818682));
#7985=CARTESIAN_POINT('Ctrl Pts',(-23.9976098185316,-40.7817911638254,46.4993365084747));
#7986=CARTESIAN_POINT('Ctrl Pts',(-23.9951292003922,-40.7833416588008,46.4995730636233));
#7987=CARTESIAN_POINT('Ctrl Pts',(-23.0056235462317,-41.3778359041959,46.7811733889549));
#7988=CARTESIAN_POINT('Ctrl Pts',(-21.9863987009374,-42.1537824536681,46.7627317948532));
#7989=CARTESIAN_POINT('Ctrl Pts',(-21.1922044510066,-42.7663491835394,46.3364494202181));
#7990=CARTESIAN_POINT('Ctrl Pts',(-23.9999999999999,-40.7803717065689,46.4984241818682));
#7991=CARTESIAN_POINT('Ctrl Pts',(-23.9977481965623,-40.7820576760427,46.4992103623452));
#7992=CARTESIAN_POINT('Ctrl Pts',(-23.9954915105001,-40.7837515645416,46.4999991294599));
#7993=CARTESIAN_POINT('Ctrl Pts',(-23.0740263088144,-41.4721911331824,46.8190335615088));
#7994=CARTESIAN_POINT('Ctrl Pts',(-22.1267444711657,-42.3157618739568,46.903567563632));
#7995=CARTESIAN_POINT('Ctrl Pts',(-21.3030135585709,-43.0414563277658,46.5568907836022));
#7996=CARTESIAN_POINT('',(-21.3175774060127,-43.0286229487985,46.5629676927202));
#7997=CARTESIAN_POINT('Ctrl Pts',(-21.317577656613,-43.0286246675948,46.5629700451962));
#7998=CARTESIAN_POINT('Ctrl Pts',(-22.1378993749559,-42.3058328111455,46.9025639261802));
#7999=CARTESIAN_POINT('Ctrl Pts',(-23.0794390108604,-41.4681472276123,46.8171595479053));
#8000=CARTESIAN_POINT('Ctrl Pts',(-23.9954915105001,-40.7837515645416,46.4999991294599));
#8001=CARTESIAN_POINT('Ctrl Pts',(-23.9977481965623,-40.7820576760427,46.4992103623452));
#8002=CARTESIAN_POINT('Ctrl Pts',(-23.9999999999999,-40.7803717065689,46.4984241818682));
#8003=CARTESIAN_POINT('',(-20.7010984768789,-42.1881017873389,46.4239642132957));
#8004=CARTESIAN_POINT('Ctrl Pts',(-23.9999999999999,-40.7803717065689,46.4984241818682));
#8005=CARTESIAN_POINT('Ctrl Pts',(-23.9972456377171,-40.7813832882467,46.4988958901514));
#8006=CARTESIAN_POINT('Ctrl Pts',(-23.9944853030591,-40.7823996780825,46.4993690287655));
#8007=CARTESIAN_POINT('Ctrl Pts',(-22.8673669346997,-41.1955654969517,46.6905707816966));
#8008=CARTESIAN_POINT('Ctrl Pts',(-21.708670157795,-41.7175477691418,46.7073225627904));
#8009=CARTESIAN_POINT('Ctrl Pts',(-20.7010984768777,-42.1881017873395,46.4239642132954));
#8010=CARTESIAN_POINT('',(-21.3153219531311,-43.0306107755081,46.5620334276314));
#8011=CARTESIAN_POINT('Ctrl Pts',(-20.7010984768777,-42.1881017873395,46.4239642132954));
#8012=CARTESIAN_POINT('Ctrl Pts',(-20.7022861066972,-42.1891732893971,46.4233189758884));
#8013=CARTESIAN_POINT('Ctrl Pts',(-20.7034735804163,-42.1902471970363,46.4226779641202));
#8014=CARTESIAN_POINT('Ctrl Pts',(-20.7046608889582,-42.1913234959653,46.4220411729579));
#8015=CARTESIAN_POINT('Ctrl Pts',(-20.7345693473255,-42.2184356075789,46.4060003198074));
#8016=CARTESIAN_POINT('Ctrl Pts',(-20.7642853423985,-42.2469839730589,46.3926803663432));
#8017=CARTESIAN_POINT('Ctrl Pts',(-20.7936666382167,-42.2767277853542,46.3819789468265));
#8018=CARTESIAN_POINT('Ctrl Pts',(-20.8239942350317,-42.3074295744315,46.3709328602802));
#8019=CARTESIAN_POINT('Ctrl Pts',(-20.8539658851817,-42.3394057966767,46.3626765569413));
#8020=CARTESIAN_POINT('Ctrl Pts',(-20.8834220960052,-42.3724179429656,46.3571464658359));
#8021=CARTESIAN_POINT('Ctrl Pts',(-20.9038212616962,-42.3952796832619,46.3533167388754));
#8022=CARTESIAN_POINT('Ctrl Pts',(-20.9239731722858,-42.418638809307,46.3507955104852));
#8023=CARTESIAN_POINT('Ctrl Pts',(-20.9438214004913,-42.442420142361,46.3495752658665));
#8024=CARTESIAN_POINT('Ctrl Pts',(-20.9724596421527,-42.4767333090567,46.3478146220491));
#8025=CARTESIAN_POINT('Ctrl Pts',(-21.0002953779618,-42.5117202251074,46.3487706827364));
#8026=CARTESIAN_POINT('Ctrl Pts',(-21.0271752340014,-42.5471370577268,46.35236607422));
#8027=CARTESIAN_POINT('Ctrl Pts',(-21.054128428427,-42.5826505208244,46.3559712752878));
#8028=CARTESIAN_POINT('Ctrl Pts',(-21.0801211980368,-42.6185971869933,46.3622303443148));
#8029=CARTESIAN_POINT('Ctrl Pts',(-21.1049838293268,-42.6547426940513,46.3711132285456));
#8030=CARTESIAN_POINT('Ctrl Pts',(-21.1210670014888,-42.6781245479716,46.3768594005703));
#8031=CARTESIAN_POINT('Ctrl Pts',(-21.1366769317071,-42.7015898055048,46.3837044876272));
#8032=CARTESIAN_POINT('Ctrl Pts',(-21.1517622739624,-42.7250747625296,46.3916506954315));
#8033=CARTESIAN_POINT('Ctrl Pts',(-21.1751097512923,-42.7614222641277,46.4039489849518));
#8034=CARTESIAN_POINT('Ctrl Pts',(-21.1970555247846,-42.7975891739084,46.4188056957901));
#8035=CARTESIAN_POINT('Ctrl Pts',(-21.2174415278622,-42.8333401659061,46.4361710574709));
#8036=CARTESIAN_POINT('Ctrl Pts',(-21.2372285790584,-42.8680407742734,46.453026215361));
#8037=CARTESIAN_POINT('Ctrl Pts',(-21.2555466427088,-42.9023503908096,46.4722451363471));
#8038=CARTESIAN_POINT('Ctrl Pts',(-21.272228220917,-42.9360512063163,46.4938239077048));
#8039=CARTESIAN_POINT('Ctrl Pts',(-21.288137757136,-42.9681923106066,46.5144039895287));
#8040=CARTESIAN_POINT('Ctrl Pts',(-21.3025590634909,-42.9997802591118,46.5371309049704));
#8041=CARTESIAN_POINT('Ctrl Pts',(-21.3153203993528,-43.0306135340261,46.562034393997));
#8042=CARTESIAN_POINT('Ctrl Pts',(-21.315321534071,-43.0306105389888,46.5620339352109));
#8043=CARTESIAN_POINT('Ctrl Pts',(-21.3160732736625,-43.029948189505,46.5623459368789));
#8044=CARTESIAN_POINT('Ctrl Pts',(-21.3168251152211,-43.029285743275,46.562657581298));
#8045=CARTESIAN_POINT('Ctrl Pts',(-21.3175770586319,-43.0286232005069,46.5629688686177));
#8046=CARTESIAN_POINT('Ctrl Pts',(-14.8,-40.7803717065689,46.4984241818682));
#8047=CARTESIAN_POINT('Ctrl Pts',(-14.8023809732067,-40.782279033912,46.4993135832148));
#8048=CARTESIAN_POINT('Ctrl Pts',(-14.8047641914366,-40.7841926225555,46.500205645738));
#8049=CARTESIAN_POINT('Ctrl Pts',(-15.6704652235388,-41.4764909727663,46.8202357720108));
#8050=CARTESIAN_POINT('Ctrl Pts',(-16.5587552811449,-42.3199471185969,46.9106445904591));
#8051=CARTESIAN_POINT('Ctrl Pts',(-17.3175774062287,-43.043232967219,46.5697804560024));
#8052=CARTESIAN_POINT('Ctrl Pts',(-14.8,-40.7803717065689,46.4984241818682));
#8053=CARTESIAN_POINT('Ctrl Pts',(-14.8025673851379,-40.7819562994232,46.4994372941951));
#8054=CARTESIAN_POINT('Ctrl Pts',(-14.805172288888,-40.783748910046,46.4997406499828));
#8055=CARTESIAN_POINT('Ctrl Pts',(-15.7428032341818,-41.3811995778699,46.7825865048068));
#8056=CARTESIAN_POINT('Ctrl Pts',(-16.7058093799389,-42.1598015290986,46.7633176095738));
#8057=CARTESIAN_POINT('Ctrl Pts',(-17.4302553256007,-42.7681769058741,46.3408226394996));
#8058=CARTESIAN_POINT('Ctrl Pts',(-14.8,-40.7803717065689,46.4984241818682));
#8059=CARTESIAN_POINT('Ctrl Pts',(-14.8027603516169,-40.7816852062497,46.4993484855563));
#8060=CARTESIAN_POINT('Ctrl Pts',(-14.8055751015916,-40.7832533594596,46.4994738481333));
#8061=CARTESIAN_POINT('Ctrl Pts',(-15.8146501653001,-41.2892130188757,46.7411422360601));
#8062=CARTESIAN_POINT('Ctrl Pts',(-16.854625228672,-41.9562821008997,46.6891103244168));
#8063=CARTESIAN_POINT('Ctrl Pts',(-17.6853191785601,-42.4242712330633,46.2801320981295));
#8064=CARTESIAN_POINT('Ctrl Pts',(-14.8,-40.7803717065689,46.4984241818682));
#8065=CARTESIAN_POINT('Ctrl Pts',(-14.8029762165081,-40.7815161029746,46.4989578226761));
#8066=CARTESIAN_POINT('Ctrl Pts',(-14.8059552392957,-40.7826642710135,46.4994930283386));
#8067=CARTESIAN_POINT('Ctrl Pts',(-15.8880815294244,-41.1982037997877,46.6911668707524));
#8068=CARTESIAN_POINT('Ctrl Pts',(-16.9984441014315,-41.7216801732603,46.7080919813135));
#8069=CARTESIAN_POINT('Ctrl Pts',(-17.9469717577859,-42.1946129631526,46.420020764505));
#8070=CARTESIAN_POINT('',(-17.3175774061207,-43.043232967182,46.5697804560817));
#8071=CARTESIAN_POINT('',(-17.9469717577859,-42.1946129631526,46.420020764505));
#8072=CARTESIAN_POINT('Origin',(-17.9469717577859,-42.714822205801,47.2740596066329));
#8073=CARTESIAN_POINT('',(-14.8,-40.7803717065689,46.4984241818682));
#8074=CARTESIAN_POINT('Ctrl Pts',(-17.9469717577859,-42.1946129631526,46.420020764505));
#8075=CARTESIAN_POINT('Ctrl Pts',(-16.9984441014315,-41.7216801732603,46.7080919813135));
#8076=CARTESIAN_POINT('Ctrl Pts',(-15.8880815294244,-41.1982037997877,46.6911668707524));
#8077=CARTESIAN_POINT('Ctrl Pts',(-14.8059552392957,-40.7826642710135,46.4994930283386));
#8078=CARTESIAN_POINT('Ctrl Pts',(-14.8029762165081,-40.7815161029746,46.4989578226761));
#8079=CARTESIAN_POINT('Ctrl Pts',(-14.8,-40.7803717065689,46.4984241818682));
#8080=CARTESIAN_POINT('Ctrl Pts',(-14.8,-40.7803717065689,46.4984241818682));
#8081=CARTESIAN_POINT('Ctrl Pts',(-14.8023809732067,-40.782279033912,46.4993135832148));
#8082=CARTESIAN_POINT('Ctrl Pts',(-14.8047641914366,-40.7841926225555,46.500205645738));
#8083=CARTESIAN_POINT('Ctrl Pts',(-15.6704652235388,-41.4764909727663,46.8202357720108));
#8084=CARTESIAN_POINT('Ctrl Pts',(-16.5587552811449,-42.3199471185969,46.9106445904591));
#8085=CARTESIAN_POINT('Ctrl Pts',(-17.3175774062287,-43.043232967219,46.5697804560024));
#8086=CARTESIAN_POINT('Ctrl Pts',(-17.3175774061422,-43.0432329671012,46.5697804560243));
#8087=CARTESIAN_POINT('Ctrl Pts',(-17.6208223572866,-43.2485912175498,46.3945391474648));
#8088=CARTESIAN_POINT('Ctrl Pts',(-18.3654671717141,-43.5346596221283,46.0840594038462));
#8089=CARTESIAN_POINT('Ctrl Pts',(-19.8731955818703,-43.6273209062897,45.9608224179065));
#8090=CARTESIAN_POINT('Ctrl Pts',(-20.8857709668622,-43.3420174822857,46.3170013259166));
#8091=CARTESIAN_POINT('Ctrl Pts',(-21.336423705652,-43.0303349525721,46.5807406496691));
#8092=CARTESIAN_POINT('Ctrl Pts',(-17.373916365829,-42.9057049364379,46.455301547789));
#8093=CARTESIAN_POINT('Ctrl Pts',(-17.6676574419963,-43.0938483279673,46.2931444736624));
#8094=CARTESIAN_POINT('Ctrl Pts',(-18.387141832232,-43.3560475314729,45.9978146034994));
#8095=CARTESIAN_POINT('Ctrl Pts',(-19.8612191056385,-43.4410398328574,45.8778446205779));
#8096=CARTESIAN_POINT('Ctrl Pts',(-20.8429092377214,-43.1794407889321,46.2215940040927));
#8097=CARTESIAN_POINT('Ctrl Pts',(-21.2794929743625,-42.8938890981095,46.4654361261486));
#8098=CARTESIAN_POINT('Ctrl Pts',(-17.5547831812115,-42.5953086239082,46.3030395876072));
#8099=CARTESIAN_POINT('Ctrl Pts',(-17.8203657235822,-42.7448074254473,46.1762647803353));
#8100=CARTESIAN_POINT('Ctrl Pts',(-18.4699110211239,-42.9487490147282,45.9344052171506));
#8101=CARTESIAN_POINT('Ctrl Pts',(-19.813161485354,-43.0130664633653,45.8327790390569));
#8102=CARTESIAN_POINT('Ctrl Pts',(-20.7021060719899,-42.8129288134599,46.1206329239224));
#8103=CARTESIAN_POINT('Ctrl Pts',(-21.0968799280949,-42.5859172132644,46.3109597603591));
#8104=CARTESIAN_POINT('Ctrl Pts',(-17.8161454680166,-42.3094420980242,46.3500764313794));
#8105=CARTESIAN_POINT('Ctrl Pts',(-18.0432371264486,-42.425460819894,46.2666440578419));
#8106=CARTESIAN_POINT('Ctrl Pts',(-18.5999213632126,-42.5804242685252,46.107815223586));
#8107=CARTESIAN_POINT('Ctrl Pts',(-19.7367176854003,-42.6280772909346,46.0415120579857));
#8108=CARTESIAN_POINT('Ctrl Pts',(-20.4956109358565,-42.4784266223433,46.2300558878914));
#8109=CARTESIAN_POINT('Ctrl Pts',(-20.833123048526,-42.3021487760256,46.3552873659427));
#8110=CARTESIAN_POINT('Ctrl Pts',(-17.9469717576046,-42.1946129630625,46.4200207645599));
#8111=CARTESIAN_POINT('Ctrl Pts',(-18.1547863790631,-42.2982286542158,46.3569067262353));
#8112=CARTESIAN_POINT('Ctrl Pts',(-18.6650935734521,-42.4377678980673,46.2394614099562));
#8113=CARTESIAN_POINT('Ctrl Pts',(-19.6983441111317,-42.4813270515367,46.1913339714145));
#8114=CARTESIAN_POINT('Ctrl Pts',(-20.392264882231,-42.3455260347329,46.3291664362352));
#8115=CARTESIAN_POINT('Ctrl Pts',(-20.7010984768789,-42.1881017873388,46.4239642132957));
#8116=CARTESIAN_POINT('Ctrl Pts',(-20.7010984768789,-42.1881017873388,46.4239642132957));
#8117=CARTESIAN_POINT('Ctrl Pts',(-20.392264882231,-42.3455260347329,46.3291664362352));
#8118=CARTESIAN_POINT('Ctrl Pts',(-19.6983441111317,-42.4813270515367,46.1913339714145));
#8119=CARTESIAN_POINT('Ctrl Pts',(-18.6650935734521,-42.4377678980673,46.2394614099562));
#8120=CARTESIAN_POINT('Ctrl Pts',(-18.1547863790631,-42.2982286542158,46.3569067262353));
#8121=CARTESIAN_POINT('Ctrl Pts',(-17.9469717576046,-42.1946129630625,46.4200207645599));
#8122=CARTESIAN_POINT('',(-21.3175774047085,-43.0432329683331,46.5697804555494));
#8123=CARTESIAN_POINT('Ctrl Pts',(-17.3175774061422,-43.0432329671012,46.5697804560243));
#8124=CARTESIAN_POINT('Ctrl Pts',(-17.6208223572866,-43.2485912175498,46.3945391474648));
#8125=CARTESIAN_POINT('Ctrl Pts',(-18.3654671717141,-43.5346596221283,46.0840594038462));
#8126=CARTESIAN_POINT('Ctrl Pts',(-19.8642280077091,-43.6267697812117,45.9615553992601));
#8127=CARTESIAN_POINT('Ctrl Pts',(-20.8689034096528,-43.3467444596801,46.3111004402971));
#8128=CARTESIAN_POINT('Ctrl Pts',(-21.3175708581821,-43.0432304515877,46.5697892843954));
#8129=CARTESIAN_POINT('Ctrl Pts',(-21.3175774060127,-43.0432329670131,46.5697804560995));
#8130=CARTESIAN_POINT('Ctrl Pts',(-21.3175774060127,-43.0403112709727,46.568418046861));
#8131=CARTESIAN_POINT('Ctrl Pts',(-21.3172910845851,-43.0374950195089,46.5668687607986));
#8132=CARTESIAN_POINT('Ctrl Pts',(-21.3163254314371,-43.033365723455,46.5641464833941));
#8133=CARTESIAN_POINT('Ctrl Pts',(-21.3158754841763,-43.0319481027981,46.5631141078249));
#8134=CARTESIAN_POINT('Ctrl Pts',(-21.3153219531312,-43.030610775508,46.5620334276314));
#8135=CARTESIAN_POINT('Origin',(-19.3175774060124,-26.1564847020792,41.4199466871975));
#8136=CARTESIAN_POINT('',(-17.3175774060127,-47.3125321967683,48.5605873818895));
#8137=CARTESIAN_POINT('',(-17.3175774060127,-27.2000617874217,39.1819884055954));
#8138=CARTESIAN_POINT('',(-17.4593014288636,-47.4565136988625,48.5081824008423));
#8139=CARTESIAN_POINT('Origin',(-19.3175774060124,-44.0309968298238,49.7549685781492));
#8140=CARTESIAN_POINT('',(-21.1758533831612,-47.4565136988625,48.5081824008423));
#8141=CARTESIAN_POINT('Origin',(-19.3175774060124,-46.3671483529966,50.8443339240151));
#8142=CARTESIAN_POINT('',(-21.3175774060127,-47.3125321967683,48.5605873818895));
#8143=CARTESIAN_POINT('Origin',(-19.3175774060124,-44.0309968298238,49.7549685781492));
#8144=CARTESIAN_POINT('',(-21.3175774060127,-27.2000617874217,39.1819884055954));
#8145=CARTESIAN_POINT('Origin',(-14.8000000000001,-28.5137048331673,36.3648718029147));
#8146=CARTESIAN_POINT('',(-14.8,-46.1275876500851,48.9918719261383));
#8147=CARTESIAN_POINT('',(-14.8000000000001,-26.8232317862045,39.9901029510614));
#8148=CARTESIAN_POINT('Origin',(-14.8,-51.4432918451945,47.0571138249544));
#8149=CARTESIAN_POINT('Ctrl Pts',(-14.8,-33.0767555167573,42.9061689570722));
#8150=CARTESIAN_POINT('Ctrl Pts',(-14.802590018862,-33.0757596186841,42.9057045621739));
#8151=CARTESIAN_POINT('Ctrl Pts',(-14.8051826918727,-33.0747604071948,42.9052386240559));
#8152=CARTESIAN_POINT('Ctrl Pts',(-15.8871830952777,-32.6608127736143,42.7102994397875));
#8153=CARTESIAN_POINT('Ctrl Pts',(-16.9981028157963,-32.3111092238535,42.3200536783258));
#8154=CARTESIAN_POINT('Ctrl Pts',(-17.9469717575674,-32.2277592621296,41.7724005561246));
#8155=CARTESIAN_POINT('Ctrl Pts',(-14.8,-33.0767555167573,42.9061689570722));
#8156=CARTESIAN_POINT('Ctrl Pts',(-14.8024009452749,-33.0753855244772,42.9058418197462));
#8157=CARTESIAN_POINT('Ctrl Pts',(-14.8048529912124,-33.0744611231687,42.9048063802884));
#8158=CARTESIAN_POINT('Ctrl Pts',(-15.8138142910525,-32.5640744828976,42.672819800222));
#8159=CARTESIAN_POINT('Ctrl Pts',(-16.8543372535804,-32.1748082068892,42.1281827820313));
#8160=CARTESIAN_POINT('Ctrl Pts',(-17.6853191783687,-32.1872987072805,41.5065534131768));
#8161=CARTESIAN_POINT('Ctrl Pts',(-14.8,-33.0767555167573,42.9061689570722));
#8162=CARTESIAN_POINT('Ctrl Pts',(-14.80223215022,-33.0751744982846,42.9057053820306));
#8163=CARTESIAN_POINT('Ctrl Pts',(-14.804503220338,-33.0740061791686,42.9046302122082));
#8164=CARTESIAN_POINT('Ctrl Pts',(-15.7420208833686,-32.4732659393644,42.6290434336848));
#8165=CARTESIAN_POINT('Ctrl Pts',(-16.7055468047409,-31.9871603774338,42.0200040725535));
#8166=CARTESIAN_POINT('Ctrl Pts',(-17.4302553254338,-31.9197487499487,41.282117511608));
#8167=CARTESIAN_POINT('Ctrl Pts',(-14.8,-33.0767555167573,42.9061689570722));
#8168=CARTESIAN_POINT('Ctrl Pts',(-14.8020720150877,-33.0750956866366,42.9053949655756));
#8169=CARTESIAN_POINT('Ctrl Pts',(-14.8041461534982,-33.0734303343895,42.904618401538));
#8170=CARTESIAN_POINT('Ctrl Pts',(-15.6697464762231,-32.3832734692198,42.5802433264427));
#8171=CARTESIAN_POINT('Ctrl Pts',(-16.558482252637,-31.7714296936029,41.992034130778));
#8172=CARTESIAN_POINT('Ctrl Pts',(-17.317577406054,-31.5675542587366,41.218583591867));
#8173=CARTESIAN_POINT('',(-17.9469717575674,-32.2277592621296,41.7724005561246));
#8174=CARTESIAN_POINT('',(-17.3175774060333,-31.5675542587295,41.2185835918821));
#8175=CARTESIAN_POINT('Origin',(-17.9469717575674,-31.2391434973037,41.9228627425296));
#8176=CARTESIAN_POINT('',(-14.8,-33.0767555167573,42.9061689570722));
#8177=CARTESIAN_POINT('Ctrl Pts',(-17.317577406054,-31.5675542587366,41.218583591867));
#8178=CARTESIAN_POINT('Ctrl Pts',(-16.558482252637,-31.7714296936029,41.992034130778));
#8179=CARTESIAN_POINT('Ctrl Pts',(-15.6697464762231,-32.3832734692198,42.5802433264427));
#8180=CARTESIAN_POINT('Ctrl Pts',(-14.8041461534982,-33.0734303343895,42.904618401538));
#8181=CARTESIAN_POINT('Ctrl Pts',(-14.8020720150877,-33.0750956866366,42.9053949655756));
#8182=CARTESIAN_POINT('Ctrl Pts',(-14.8,-33.0767555167573,42.9061689570722));
#8183=CARTESIAN_POINT('Ctrl Pts',(-14.8,-33.0767555167573,42.9061689570722));
#8184=CARTESIAN_POINT('Ctrl Pts',(-14.802590018862,-33.0757596186841,42.9057045621739));
#8185=CARTESIAN_POINT('Ctrl Pts',(-14.8051826918727,-33.0747604071948,42.9052386240559));
#8186=CARTESIAN_POINT('Ctrl Pts',(-15.8871830952777,-32.6608127736143,42.7102994397875));
#8187=CARTESIAN_POINT('Ctrl Pts',(-16.9981028157963,-32.3111092238535,42.3200536783258));
#8188=CARTESIAN_POINT('Ctrl Pts',(-17.9469717575674,-32.2277592621296,41.7724005561246));
#8189=CARTESIAN_POINT('Ctrl Pts',(-17.9469717575326,-32.2277592621326,41.7724005561444));
#8190=CARTESIAN_POINT('Ctrl Pts',(-18.2586926472362,-32.2003772675464,41.5924864384203));
#8191=CARTESIAN_POINT('Ctrl Pts',(-18.9554878899613,-32.2189225736964,41.4038510875961));
#8192=CARTESIAN_POINT('Ctrl Pts',(-19.9877404942102,-32.2094001969352,41.4735302098531));
#8193=CARTESIAN_POINT('Ctrl Pts',(-20.495215294153,-32.2098768886568,41.658907458187));
#8194=CARTESIAN_POINT('Ctrl Pts',(-20.7010984768776,-32.228923708215,41.7799232060702));
#8195=CARTESIAN_POINT('Ctrl Pts',(-17.816145467938,-32.2075289847062,41.6394769846704));
#8196=CARTESIAN_POINT('Ctrl Pts',(-18.1567818164004,-32.1915353020079,41.4257205097985));
#8197=CARTESIAN_POINT('Ctrl Pts',(-18.9190069742345,-32.2397275122671,41.194688436719));
#8198=CARTESIAN_POINT('Ctrl Pts',(-20.0546232338925,-32.217954648044,41.2804103369057));
#8199=CARTESIAN_POINT('Ctrl Pts',(-20.6081213998416,-32.196641340033,41.5047283501072));
#8200=CARTESIAN_POINT('Ctrl Pts',(-20.8331230485245,-32.2082252342509,41.6484135175812));
#8201=CARTESIAN_POINT('Ctrl Pts',(-17.5547800673751,-32.0598163522368,41.3902515921034));
#8202=CARTESIAN_POINT('Ctrl Pts',(-17.9531525486595,-32.0613450861341,41.0962345730932));
#8203=CARTESIAN_POINT('Ctrl Pts',(-18.8463379847481,-32.1526866677633,40.7645108016686));
#8204=CARTESIAN_POINT('Ctrl Pts',(-20.1880490166124,-32.1131880331546,40.8886845104047));
#8205=CARTESIAN_POINT('Ctrl Pts',(-20.833708009635,-32.0597048507867,41.2050486617847));
#8206=CARTESIAN_POINT('Ctrl Pts',(-21.0968830636443,-32.0597858007626,41.4025368259234));
#8207=CARTESIAN_POINT('Ctrl Pts',(-17.3739163657273,-31.7436515043504,41.2503505517578));
#8208=CARTESIAN_POINT('Ctrl Pts',(-17.8145265064518,-31.7485764148126,40.8778136610993));
#8209=CARTESIAN_POINT('Ctrl Pts',(-18.8006165533165,-31.843057790716,40.4648130021808));
#8210=CARTESIAN_POINT('Ctrl Pts',(-20.273125939397,-31.8027887766872,40.6189252682956));
#8211=CARTESIAN_POINT('Ctrl Pts',(-20.9884454627455,-31.7456461888172,41.0156008859619));
#8212=CARTESIAN_POINT('Ctrl Pts',(-21.2794929743606,-31.7434830413913,41.2659163903614));
#8213=CARTESIAN_POINT('Ctrl Pts',(-17.3175774060372,-31.5675542587478,41.2185835918866));
#8214=CARTESIAN_POINT('Ctrl Pts',(-17.7724433115517,-31.5709155850351,40.8136502133825));
#8215=CARTESIAN_POINT('Ctrl Pts',(-18.7892131512054,-31.6596570768868,40.3752354475654));
#8216=CARTESIAN_POINT('Ctrl Pts',(-20.2954853679892,-31.6220586664693,40.5379626978944));
#8217=CARTESIAN_POINT('Ctrl Pts',(-21.0359971271512,-31.5685758318126,40.96332286866));
#8218=CARTESIAN_POINT('Ctrl Pts',(-21.3364237056501,-31.5674489472403,41.2355091208234));
#8219=CARTESIAN_POINT('',(-21.3175774047004,-31.5675542583178,41.2185835905358));
#8220=CARTESIAN_POINT('Ctrl Pts',(-21.3175723369961,-31.5675523119182,41.2185892742029));
#8221=CARTESIAN_POINT('Ctrl Pts',(-21.0205696802692,-31.5696856593654,40.9545046150527));
#8222=CARTESIAN_POINT('Ctrl Pts',(-20.2865269612479,-31.6222822793393,40.5369948934828));
#8223=CARTESIAN_POINT('Ctrl Pts',(-18.7892131512054,-31.6596570768868,40.3752354475654));
#8224=CARTESIAN_POINT('Ctrl Pts',(-17.7724433115517,-31.5709155850351,40.8136502133825));
#8225=CARTESIAN_POINT('Ctrl Pts',(-17.3175774060372,-31.5675542587478,41.2185835918866));
#8226=CARTESIAN_POINT('',(-20.7010984768776,-32.228923708215,41.7799232060702));
#8227=CARTESIAN_POINT('Ctrl Pts',(-17.9469717575673,-32.2277592621295,41.7724005561244));
#8228=CARTESIAN_POINT('Ctrl Pts',(-18.2586926472672,-32.2003772675472,41.5924864384119));
#8229=CARTESIAN_POINT('Ctrl Pts',(-18.6767697928873,-32.2115044512364,41.4793052279248));
#8230=CARTESIAN_POINT('Ctrl Pts',(-19.109437035075,-32.2135067135452,41.4519502323083));
#8231=CARTESIAN_POINT('Ctrl Pts',(-19.3978818632108,-32.2148415550844,41.4337135685634));
#8232=CARTESIAN_POINT('Ctrl Pts',(-19.6928111787105,-32.2121208760098,41.4536218892082));
#8233=CARTESIAN_POINT('Ctrl Pts',(-19.967144536446,-32.2108797094029,41.5099203616141));
#8234=CARTESIAN_POINT('Ctrl Pts',(-20.2414778941816,-32.209638542796,41.56621883402));
#8235=CARTESIAN_POINT('Ctrl Pts',(-20.495215294153,-32.2098768886568,41.658907458187));
#8236=CARTESIAN_POINT('Ctrl Pts',(-20.7010984768775,-32.228923708215,41.7799232060702));
#8237=CARTESIAN_POINT('',(-21.3153219531312,-31.5816022151628,41.2232730576604));
#8238=CARTESIAN_POINT('Ctrl Pts',(-20.7010984768775,-32.228923708215,41.7799232060702));
#8239=CARTESIAN_POINT('Ctrl Pts',(-20.7022861067628,-32.2287292404879,41.7786876371942));
#8240=CARTESIAN_POINT('Ctrl Pts',(-20.703473695324,-32.2285302412947,41.7774527706007));
#8241=CARTESIAN_POINT('Ctrl Pts',(-20.7046612313432,-32.22832671912,41.7762186171542));
#8242=CARTESIAN_POINT('Ctrl Pts',(-20.7348067571223,-32.223160321751,41.7448897109675));
#8243=CARTESIAN_POINT('Ctrl Pts',(-20.7648328552194,-32.2150984666567,41.7141090526208));
#8244=CARTESIAN_POINT('Ctrl Pts',(-20.7945582205041,-32.2043015724859,41.6840489991038));
#8245=CARTESIAN_POINT('Ctrl Pts',(-20.8247052405984,-32.1933515241886,41.6535625432192));
#8246=CARTESIAN_POINT('Ctrl Pts',(-20.854543741755,-32.1795879525453,41.6238165972583));
#8247=CARTESIAN_POINT('Ctrl Pts',(-20.8838828574069,-32.1631266857252,41.595003452604));
#8248=CARTESIAN_POINT('Ctrl Pts',(-20.9014744738809,-32.153256575937,41.5777272062378));
#8249=CARTESIAN_POINT('Ctrl Pts',(-20.918886464354,-32.1424156417669,41.5607866013947));
#8250=CARTESIAN_POINT('Ctrl Pts',(-20.9360755350044,-32.1306209368205,41.544226798435));
#8251=CARTESIAN_POINT('Ctrl Pts',(-20.9648250988359,-32.1108937142366,41.5165297156835));
#8252=CARTESIAN_POINT('Ctrl Pts',(-20.9927809960418,-32.0886174859553,41.4900601757622));
#8253=CARTESIAN_POINT('Ctrl Pts',(-21.0197564880286,-32.0639267004118,41.4650046423271));
#8254=CARTESIAN_POINT('Ctrl Pts',(-21.0356655380671,-32.0493650774804,41.4502279058972));
#8255=CARTESIAN_POINT('Ctrl Pts',(-21.051233466471,-32.0339626768436,41.4359432390799));
#8256=CARTESIAN_POINT('Ctrl Pts',(-21.0664197109679,-32.0177395504069,41.4221921471867));
#8257=CARTESIAN_POINT('Ctrl Pts',(-21.0921211278789,-31.9902832997035,41.3989196030233));
#8258=CARTESIAN_POINT('Ctrl Pts',(-21.1167308738927,-31.9604779333082,41.377173624689));
#8259=CARTESIAN_POINT('Ctrl Pts',(-21.140113827385,-31.9285563677194,41.3570693349337));
#8260=CARTESIAN_POINT('Ctrl Pts',(-21.1443817716387,-31.922729924004,41.3533998246657));
#8261=CARTESIAN_POINT('Ctrl Pts',(-21.148608772343,-31.9168328928041,41.3497850892719));
#8262=CARTESIAN_POINT('Ctrl Pts',(-21.1527939047363,-31.9108665830822,41.3462259427218));
#8263=CARTESIAN_POINT('Ctrl Pts',(-21.1757001115708,-31.8782115768151,41.3267459025775));
#8264=CARTESIAN_POINT('Ctrl Pts',(-21.1972100614478,-31.8436891697686,41.309050824128));
#8265=CARTESIAN_POINT('Ctrl Pts',(-21.2172111609481,-31.8075649939865,41.2932277481448));
#8266=CARTESIAN_POINT('Ctrl Pts',(-21.2371563806404,-31.7715417432564,41.2774488792537));
#8267=CARTESIAN_POINT('Ctrl Pts',(-21.2556016839569,-31.7339247118026,41.263531192952));
#8268=CARTESIAN_POINT('Ctrl Pts',(-21.2724094198665,-31.6949442777563,41.2515897690232));
#8269=CARTESIAN_POINT('Ctrl Pts',(-21.2882058254974,-31.6583093168566,41.2403668668308));
#8270=CARTESIAN_POINT('Ctrl Pts',(-21.3025559493005,-31.6204691886418,41.2308895190221));
#8271=CARTESIAN_POINT('Ctrl Pts',(-21.3153182901126,-31.5815994897937,41.2232811365878));
#8272=CARTESIAN_POINT('Ctrl Pts',(-21.3153219531311,-31.5816022151627,41.2232730576602));
#8273=CARTESIAN_POINT('Ctrl Pts',(-21.3161102668194,-31.5791990023205,41.2228033654053));
#8274=CARTESIAN_POINT('Ctrl Pts',(-21.3166886242199,-31.5767656855554,41.2221458510234));
#8275=CARTESIAN_POINT('Ctrl Pts',(-21.3174126285978,-31.5720335029779,41.2205364351868));
#8276=CARTESIAN_POINT('Ctrl Pts',(-21.3175774060127,-31.5697707573444,41.2196171621789));
#8277=CARTESIAN_POINT('Ctrl Pts',(-21.3175774060127,-31.5675542587476,41.218583591909));
#8278=CARTESIAN_POINT('Ctrl Pts',(-23.9999999999999,-33.0767555167573,42.9061689570722));
#8279=CARTESIAN_POINT('Ctrl Pts',(-23.9974295531461,-33.0748309726774,42.9052715274293));
#8280=CARTESIAN_POINT('Ctrl Pts',(-23.9948534011834,-33.0728983539475,42.9043687639045));
#8281=CARTESIAN_POINT('Ctrl Pts',(-23.0733271416841,-32.3860308467537,42.5818713493506));
#8282=CARTESIAN_POINT('Ctrl Pts',(-22.1267570517115,-31.7794709730957,41.9904248908951));
#8283=CARTESIAN_POINT('Ctrl Pts',(-21.3030135585708,-31.5785703224328,41.2116592547575));
#8284=CARTESIAN_POINT('Ctrl Pts',(-23.9999999999999,-33.0767555167573,42.9061689570722));
#8285=CARTESIAN_POINT('Ctrl Pts',(-23.9972675952635,-33.0749354687577,42.9055720158357));
#8286=CARTESIAN_POINT('Ctrl Pts',(-23.9944434802417,-33.0735540896633,42.9044376012343));
#8287=CARTESIAN_POINT('Ctrl Pts',(-23.0048790606856,-32.4757256734223,42.6298081272475));
#8288=CARTESIAN_POINT('Ctrl Pts',(-21.9864105167643,-31.9915994609997,42.0239985689045));
#8289=CARTESIAN_POINT('Ctrl Pts',(-21.1922044510065,-31.9242736675318,41.2807065768089));
#8290=CARTESIAN_POINT('Ctrl Pts',(-23.9999999999999,-33.0767555167573,42.9061689570722));
#8291=CARTESIAN_POINT('Ctrl Pts',(-23.9970496194493,-33.0752133183935,42.9057569094193));
#8292=CARTESIAN_POINT('Ctrl Pts',(-23.9940844859186,-33.0740512912233,42.904617526307));
#8293=CARTESIAN_POINT('Ctrl Pts',(-22.9361766339222,-32.566628643319,42.6737740382777));
#8294=CARTESIAN_POINT('Ctrl Pts',(-21.8453329539276,-32.1772209656746,42.1331243594924));
#8295=CARTESIAN_POINT('Ctrl Pts',(-20.9496009884927,-32.1864003163682,41.5097468623961));
#8296=CARTESIAN_POINT('Ctrl Pts',(-23.9999999999999,-33.0767555167573,42.9061689570722));
#8297=CARTESIAN_POINT('Ctrl Pts',(-23.99685587926,-33.0756007903174,42.9056304992902));
#8298=CARTESIAN_POINT('Ctrl Pts',(-23.9937047801153,-33.0744412995253,42.9050886686378));
#8299=CARTESIAN_POINT('Ctrl Pts',(-22.8665117270247,-32.6624339322637,42.7113475967099));
#8300=CARTESIAN_POINT('Ctrl Pts',(-21.7086855460747,-32.3143262160605,42.3225360200583));
#8301=CARTESIAN_POINT('Ctrl Pts',(-20.7010984768776,-32.228923708215,41.7799232060702));
#8302=CARTESIAN_POINT('Ctrl Pts',(-20.7010984768776,-32.228923708215,41.7799232060702));
#8303=CARTESIAN_POINT('Ctrl Pts',(-21.7086855460747,-32.3143262160605,42.3225360200583));
#8304=CARTESIAN_POINT('Ctrl Pts',(-22.8665117270247,-32.6624339322637,42.7113475967099));
#8305=CARTESIAN_POINT('Ctrl Pts',(-23.9937047801153,-33.0744412995253,42.9050886686378));
#8306=CARTESIAN_POINT('Ctrl Pts',(-23.99685587926,-33.0756007903174,42.9056304992902));
#8307=CARTESIAN_POINT('Ctrl Pts',(-23.9999999999999,-33.0767555167573,42.9061689570722));
#8308=CARTESIAN_POINT('',(-21.3175774060127,-31.5821642769623,41.2253963552882));
#8309=CARTESIAN_POINT('Ctrl Pts',(-23.9999999999999,-33.0767555167573,42.9061689570722));
#8310=CARTESIAN_POINT('Ctrl Pts',(-23.9974295531461,-33.0748309726774,42.9052715274293));
#8311=CARTESIAN_POINT('Ctrl Pts',(-23.9948534011834,-33.0728983539475,42.9043687639045));
#8312=CARTESIAN_POINT('Ctrl Pts',(-23.0787382754444,-32.3900640817469,42.5837650302192));
#8313=CARTESIAN_POINT('Ctrl Pts',(-22.1379034689328,-31.7866169024336,41.9973807613144));
#8314=CARTESIAN_POINT('Ctrl Pts',(-21.3175776464094,-31.5821613397092,41.2253965671456));
#8315=CARTESIAN_POINT('Ctrl Pts',(-21.3153215219439,-31.5816019715148,41.2232735797927));
#8316=CARTESIAN_POINT('Ctrl Pts',(-21.3160732611692,-31.5817887119027,41.2239815216551));
#8317=CARTESIAN_POINT('Ctrl Pts',(-21.3168251017634,-31.5819757877812,41.2246893076344));
#8318=CARTESIAN_POINT('Ctrl Pts',(-21.3175770436129,-31.5821631989027,41.2253969376682));
#8319=CARTESIAN_POINT('Origin',(-23.9999999999999,-28.7168472753007,35.9292314299104));
#8320=CARTESIAN_POINT('',(-21.3175774060127,-27.2982550289924,39.2277766661189));
#8321=CARTESIAN_POINT('Origin',(-23.9999999999999,-25.5622835411864,34.4582342025548));
#8322=CARTESIAN_POINT('',(-21.3175774060127,-27.2000617874217,39.1819884055954));
#8323=CARTESIAN_POINT('Origin',(12.0072070143292,-33.7106829093684,41.5467072765172));
#8324=CARTESIAN_POINT('',(12.0072070143292,-33.0767555167573,42.9061689570722));
#8325=CARTESIAN_POINT('Ctrl Pts',(14.8000000000001,-40.7803717065689,46.4984241818682));
#8326=CARTESIAN_POINT('Ctrl Pts',(14.8025899749676,-40.7813675877606,46.4988885688944));
#8327=CARTESIAN_POINT('Ctrl Pts',(14.8051825764264,-40.7823667569962,46.4993544870782));
#8328=CARTESIAN_POINT('Ctrl Pts',(15.8871995803066,-41.1977936144482,46.6911613865128));
#8329=CARTESIAN_POINT('Ctrl Pts',(16.998102779097,-41.7215099910627,46.7081956420613));
#8330=CARTESIAN_POINT('Ctrl Pts',(17.9469717575674,-42.1946129630437,46.4200207645714));
#8331=CARTESIAN_POINT('Ctrl Pts',(14.8000000000001,-40.7803717065689,46.4984241818682));
#8332=CARTESIAN_POINT('Ctrl Pts',(14.8024009040467,-40.7815029020966,46.4992633670958));
#8333=CARTESIAN_POINT('Ctrl Pts',(14.8048528818513,-40.782890243116,46.4993059078931));
#8334=CARTESIAN_POINT('Ctrl Pts',(15.8138307782869,-41.2886868530198,46.7411757725891));
#8335=CARTESIAN_POINT('Ctrl Pts',(16.854337218219,-41.9561042318438,46.6892760456502));
#8336=CARTESIAN_POINT('Ctrl Pts',(17.6853191783687,-42.424271232956,46.2801320982216));
#8337=CARTESIAN_POINT('Ctrl Pts',(14.8000000000001,-40.7803717065689,46.4984241818682));
#8338=CARTESIAN_POINT('Ctrl Pts',(14.8022321123487,-40.7817430601164,46.4993373202253));
#8339=CARTESIAN_POINT('Ctrl Pts',(14.8045031219664,-40.7833176046528,46.49954116413));
#8340=CARTESIAN_POINT('Ctrl Pts',(15.7420340688652,-41.3806019567129,46.7826056401037));
#8341=CARTESIAN_POINT('Ctrl Pts',(16.7055467770583,-42.1595916204925,46.7634866893295));
#8342=CARTESIAN_POINT('Ctrl Pts',(17.4302553254338,-42.7681769057342,46.3408226395951));
#8343=CARTESIAN_POINT('Ctrl Pts',(14.8000000000001,-40.7803717065689,46.4984241818682));
#8344=CARTESIAN_POINT('Ctrl Pts',(14.8020719799745,-40.7820315085553,46.4991981602455));
#8345=CARTESIAN_POINT('Ctrl Pts',(14.8041460611411,-40.7836967903485,46.4999746911218));
#8346=CARTESIAN_POINT('Ctrl Pts',(15.6697596642471,-41.4758310508873,46.8201757631486));
#8347=CARTESIAN_POINT('Ctrl Pts',(16.5584822232777,-42.3196868482563,46.9107672484187));
#8348=CARTESIAN_POINT('Ctrl Pts',(17.317577406054,-43.0432329670524,46.5697804560809));
#8349=CARTESIAN_POINT('',(17.9469717575674,-42.1946129630437,46.4200207645714));
#8350=CARTESIAN_POINT('',(17.3175774060334,-43.0432329670453,46.569780456096));
#8351=CARTESIAN_POINT('Origin',(17.9469717575674,-42.7148222056195,47.2740596067435));
#8352=CARTESIAN_POINT('',(14.8000000000001,-40.7803717065689,46.4984241818682));
#8353=CARTESIAN_POINT('Ctrl Pts',(17.317577406054,-43.0432329670524,46.5697804560809));
#8354=CARTESIAN_POINT('Ctrl Pts',(16.5584822232777,-42.3196868482563,46.9107672484187));
#8355=CARTESIAN_POINT('Ctrl Pts',(15.6697596642471,-41.4758310508873,46.8201757631486));
#8356=CARTESIAN_POINT('Ctrl Pts',(14.8041460611411,-40.7836967903485,46.4999746911218));
#8357=CARTESIAN_POINT('Ctrl Pts',(14.8020719799745,-40.7820315085553,46.4991981602455));
#8358=CARTESIAN_POINT('Ctrl Pts',(14.8000000000001,-40.7803717065689,46.4984241818682));
#8359=CARTESIAN_POINT('Ctrl Pts',(14.8000000000001,-40.7803717065689,46.4984241818682));
#8360=CARTESIAN_POINT('Ctrl Pts',(14.8025899749676,-40.7813675877606,46.4988885688944));
#8361=CARTESIAN_POINT('Ctrl Pts',(14.8051825764264,-40.7823667569962,46.4993544870782));
#8362=CARTESIAN_POINT('Ctrl Pts',(15.8871995803066,-41.1977936144482,46.6911613865128));
#8363=CARTESIAN_POINT('Ctrl Pts',(16.998102779097,-41.7215099910627,46.7081956420613));
#8364=CARTESIAN_POINT('Ctrl Pts',(17.9469717575674,-42.1946129630437,46.4200207645714));
#8365=CARTESIAN_POINT('Ctrl Pts',(17.9469717575329,-42.1946129630265,46.4200207645819));
#8366=CARTESIAN_POINT('Ctrl Pts',(18.2586926472355,-42.3500359799957,46.3253500236957));
#8367=CARTESIAN_POINT('Ctrl Pts',(18.9554878811541,-42.4826182637785,46.1898912200899));
#8368=CARTESIAN_POINT('Ctrl Pts',(19.9877404789356,-42.4353618505502,46.2419745809891));
#8369=CARTESIAN_POINT('Ctrl Pts',(20.4952152941461,-42.2930482881534,46.3607675002591));
#8370=CARTESIAN_POINT('Ctrl Pts',(20.7010984768709,-42.1881017873426,46.4239642132935));
#8371=CARTESIAN_POINT('Ctrl Pts',(17.8161454679383,-42.3094420979838,46.3500764314084));
#8372=CARTESIAN_POINT('Ctrl Pts',(18.1567818163998,-42.4834695988115,46.2249282896269));
#8373=CARTESIAN_POINT('Ctrl Pts',(18.9190070003456,-42.6294729304691,46.0395065806606));
#8374=CARTESIAN_POINT('Ctrl Pts',(20.0546232348691,-42.5778015183267,46.1112864428059));
#8375=CARTESIAN_POINT('Ctrl Pts',(20.608121399834,-42.419663983806,46.2718020983872));
#8376=CARTESIAN_POINT('Ctrl Pts',(20.8331230485173,-42.3021487760298,46.3552873659397));
#8377=CARTESIAN_POINT('Ctrl Pts',(17.5547831811199,-42.5953086238562,46.3030395876513));
#8378=CARTESIAN_POINT('Ctrl Pts',(17.9531556624036,-42.8195560762435,46.1128780126879));
#8379=CARTESIAN_POINT('Ctrl Pts',(18.8463375352231,-43.0149578470681,45.8296787627851));
#8380=CARTESIAN_POINT('Ctrl Pts',(20.1880482060802,-42.945224542675,45.9397536240341));
#8381=CARTESIAN_POINT('Ctrl Pts',(20.8337048740752,-42.7372539576302,46.184078826666));
#8382=CARTESIAN_POINT('Ctrl Pts',(21.0968799280848,-42.5859172132699,46.3109597603545));
#8383=CARTESIAN_POINT('Ctrl Pts',(17.3739163657276,-42.9057049363725,46.4553015478453));
#8384=CARTESIAN_POINT('Ctrl Pts',(17.8145265064515,-43.1879190798941,46.2120667500868));
#8385=CARTESIAN_POINT('Ctrl Pts',(18.8006165991817,-43.4435643022047,45.8742184711523));
#8386=CARTESIAN_POINT('Ctrl Pts',(20.2731259489744,-43.3513919392126,46.0041276257425));
#8387=CARTESIAN_POINT('Ctrl Pts',(20.9884454627358,-43.0842514549232,46.3028793543377));
#8388=CARTESIAN_POINT('Ctrl Pts',(21.2794929743513,-42.8938890981164,46.4654361261427));
#8389=CARTESIAN_POINT('Ctrl Pts',(17.3175774060375,-43.0432329670298,46.5697804560851));
#8390=CARTESIAN_POINT('Ctrl Pts',(17.7724433115514,-43.3512693125765,46.3069193723107));
#8391=CARTESIAN_POINT('Ctrl Pts',(18.7892131383539,-43.6300723660302,45.9571323305581));
#8392=CARTESIAN_POINT('Ctrl Pts',(20.2954853457007,-43.5295839215634,46.0905332546366));
#8393=CARTESIAN_POINT('Ctrl Pts',(21.0359971271412,-43.2381173711002,46.4049194555812));
#8394=CARTESIAN_POINT('Ctrl Pts',(21.3364237056405,-43.0303349525796,46.5807406496627));
#8395=CARTESIAN_POINT('',(21.3175774047002,-43.043232968341,46.5697804555462));
#8396=CARTESIAN_POINT('Ctrl Pts',(21.3175723368982,-43.0432298654864,46.5697856000945));
#8397=CARTESIAN_POINT('Ctrl Pts',(21.0205696797382,-43.2441591589691,46.3984010198699));
#8398=CARTESIAN_POINT('Ctrl Pts',(20.2865269389806,-43.5301815667645,46.0897398656801));
#8399=CARTESIAN_POINT('Ctrl Pts',(18.7892131383539,-43.6300723660302,45.9571323305581));
#8400=CARTESIAN_POINT('Ctrl Pts',(17.7724433115514,-43.3512693125765,46.3069193723107));
#8401=CARTESIAN_POINT('Ctrl Pts',(17.3175774060375,-43.0432329670298,46.5697804560851));
#8402=CARTESIAN_POINT('',(20.7010984768709,-42.1881017873426,46.4239642132935));
#8403=CARTESIAN_POINT('Ctrl Pts',(17.9469717575674,-42.1946129630437,46.4200207645714));
#8404=CARTESIAN_POINT('Ctrl Pts',(18.2586926472664,-42.3500359800016,46.3253500236897));
#8405=CARTESIAN_POINT('Ctrl Pts',(18.6767697876027,-42.4295853502661,46.2440747415315));
#8406=CARTESIAN_POINT('Ctrl Pts',(19.1094370260138,-42.4492534492574,46.2249574928981));
#8407=CARTESIAN_POINT('Ctrl Pts',(19.3978818516319,-42.4623655152521,46.2122126604753));
#8408=CARTESIAN_POINT('Ctrl Pts',(19.6928111652837,-42.4488636829012,46.2270936207322));
#8409=CARTESIAN_POINT('Ctrl Pts',(19.9671445259123,-42.4065343761265,46.2642323306782));
#8410=CARTESIAN_POINT('Ctrl Pts',(20.2414778865408,-42.3642050693518,46.3013710406241));
#8411=CARTESIAN_POINT('Ctrl Pts',(20.4952152941461,-42.2930482881534,46.3607675002591));
#8412=CARTESIAN_POINT('Ctrl Pts',(20.7010984768709,-42.1881017873426,46.4239642132935));
#8413=CARTESIAN_POINT('',(21.3153219531235,-43.0306107755147,46.5620334276283));
#8414=CARTESIAN_POINT('Ctrl Pts',(20.7010984768703,-42.1881017873429,46.4239642132933));
#8415=CARTESIAN_POINT('Ctrl Pts',(20.702286106764,-42.1891732894675,46.423318975846));
#8416=CARTESIAN_POINT('Ctrl Pts',(20.7034736951826,-42.1902471663965,46.4226776614659));
#8417=CARTESIAN_POINT('Ctrl Pts',(20.704661230943,-42.1913234044066,46.4220402705984));
#8418=CARTESIAN_POINT('Ctrl Pts',(20.7348105161036,-42.218647050354,46.4058581229426));
#8419=CARTESIAN_POINT('Ctrl Pts',(20.7648369840253,-42.2474092647111,46.3922490455643));
#8420=CARTESIAN_POINT('Ctrl Pts',(20.7945594192565,-42.2773739545854,46.3811991760393));
#8421=CARTESIAN_POINT('Ctrl Pts',(20.8247066513634,-42.3077669036701,46.3699913803546));
#8422=CARTESIAN_POINT('Ctrl Pts',(20.8545419035474,-42.3393976875707,46.3614162916716));
#8423=CARTESIAN_POINT('Ctrl Pts',(20.8838746774435,-42.3720438846458,46.3555068733714));
#8424=CARTESIAN_POINT('Ctrl Pts',(20.9044457699827,-42.3949386829171,46.3513625946497));
#8425=CARTESIAN_POINT('Ctrl Pts',(20.9247697187706,-42.4183334025449,46.3485303391408));
#8426=CARTESIAN_POINT('Ctrl Pts',(20.9447771500114,-42.4421551569378,46.3470358403731));
#8427=CARTESIAN_POINT('Ctrl Pts',(20.9733726848572,-42.4762022967047,46.3448998344525));
#8428=CARTESIAN_POINT('Ctrl Pts',(21.001152408067,-42.5109201802041,46.3455068809477));
#8429=CARTESIAN_POINT('Ctrl Pts',(21.0279290678848,-42.5460807864485,46.3488767740756));
#8430=CARTESIAN_POINT('Ctrl Pts',(21.0410058395583,-42.5632519804244,46.3505225104481));
#8431=CARTESIAN_POINT('Ctrl Pts',(21.0538432426419,-42.580529056481,46.3528279071261));
#8432=CARTESIAN_POINT('Ctrl Pts',(21.066418223247,-42.597886658668,46.3557994507082));
#8433=CARTESIAN_POINT('Ctrl Pts',(21.0921194059667,-42.6333627297166,46.3618727948316));
#8434=CARTESIAN_POINT('Ctrl Pts',(21.1167261092738,-42.6691753266881,46.3707259614815));
#8435=CARTESIAN_POINT('Ctrl Pts',(21.1401040733032,-42.7050865283224,46.3822528672841));
#8436=CARTESIAN_POINT('Ctrl Pts',(21.1443749839567,-42.7116471310099,46.3843587129742));
#8437=CARTESIAN_POINT('Ctrl Pts',(21.1486048123369,-42.7182110184693,46.3865539157612));
#8438=CARTESIAN_POINT('Ctrl Pts',(21.1527926373247,-42.7247767232271,46.388837985374));
#8439=CARTESIAN_POINT('Ctrl Pts',(21.1756993038152,-42.7606899740435,46.4013314446312));
#8440=CARTESIAN_POINT('Ctrl Pts',(21.1972097137401,-42.7964361910576,46.4164027433523));
#8441=CARTESIAN_POINT('Ctrl Pts',(21.2172112276094,-42.8317779549196,46.4339044399776));
#8442=CARTESIAN_POINT('Ctrl Pts',(21.2371563227877,-42.8670200295245,46.4513567691988));
#8443=CARTESIAN_POINT('Ctrl Pts',(21.2556015370611,-42.9018608265841,46.4712262914409));
#8444=CARTESIAN_POINT('Ctrl Pts',(21.2724091843246,-42.9360641272055,46.4934106021719));
#8445=CARTESIAN_POINT('Ctrl Pts',(21.2882057168653,-42.968209825101,46.5142603487701));
#8446=CARTESIAN_POINT('Ctrl Pts',(21.3025559295742,-42.9997930289431,46.5371554212925));
#8447=CARTESIAN_POINT('Ctrl Pts',(21.3153182868042,-43.0306063394436,46.5620407166157));
#8448=CARTESIAN_POINT('Ctrl Pts',(21.3153219531235,-43.0306107755148,46.5620334276283));
#8449=CARTESIAN_POINT('Ctrl Pts',(21.3161102668117,-43.0325153360951,46.5635724831098));
#8450=CARTESIAN_POINT('Ctrl Pts',(21.316688624212,-43.0345831272004,46.5650138697979));
#8451=CARTESIAN_POINT('Ctrl Pts',(21.3174126285897,-43.038857799585,46.5676044194058));
#8452=CARTESIAN_POINT('Ctrl Pts',(21.3175774060047,-43.0410164684206,46.5687468858249));
#8453=CARTESIAN_POINT('Ctrl Pts',(21.3175774060047,-43.0432329670181,46.5697804560952));
#8454=CARTESIAN_POINT('Ctrl Pts',(23.9999999999999,-40.7803717065689,46.4984241818682));
#8455=CARTESIAN_POINT('Ctrl Pts',(23.9974295873118,-40.7822962250626,46.4993215995801));
#8456=CARTESIAN_POINT('Ctrl Pts',(23.9948534962393,-40.7842299789483,46.5002217534845));
#8457=CARTESIAN_POINT('Ctrl Pts',(23.0733134774676,-41.4728083320655,46.8191062323973));
#8458=CARTESIAN_POINT('Ctrl Pts',(22.1267566777819,-42.315751120113,46.9035727009315));
#8459=CARTESIAN_POINT('Ctrl Pts',(21.3030135585649,-43.0414563277711,46.5568907835997));
#8460=CARTESIAN_POINT('Ctrl Pts',(23.9999999999999,-40.7803717065689,46.4984241818682));
#8461=CARTESIAN_POINT('Ctrl Pts',(23.9972676319591,-40.7819988719195,46.4994347024137));
#8462=CARTESIAN_POINT('Ctrl Pts',(23.9944435804051,-40.7837557547819,46.4997636821403));
#8463=CARTESIAN_POINT('Ctrl Pts',(23.0048654006491,-41.3784319035776,46.7812091749446));
#8464=CARTESIAN_POINT('Ctrl Pts',(21.9864101451156,-42.1536786476795,46.7626536147064));
#8465=CARTESIAN_POINT('Ctrl Pts',(21.1922044510008,-42.7663491835438,46.336449420215));
#8466=CARTESIAN_POINT('Ctrl Pts',(23.9999999999999,-40.7803717065689,46.4984241818682));
#8467=CARTESIAN_POINT('Ctrl Pts',(23.9970496590007,-40.7816786407782,46.4993407060815));
#8468=CARTESIAN_POINT('Ctrl Pts',(23.9940845968251,-40.7832983519925,46.4994984686345));
#8469=CARTESIAN_POINT('Ctrl Pts',(22.9361599231009,-41.2863123135098,46.7398300083528));
#8470=CARTESIAN_POINT('Ctrl Pts',(21.8453324762558,-41.95076809055,46.6906040294073));
#8471=CARTESIAN_POINT('Ctrl Pts',(20.9496009884862,-42.4224023834776,46.2828730151751));
#8472=CARTESIAN_POINT('Ctrl Pts',(23.9999999999999,-40.7803717065689,46.4984241818682));
#8473=CARTESIAN_POINT('Ctrl Pts',(23.9968559210532,-40.7815264176556,46.4989626324909));
#8474=CARTESIAN_POINT('Ctrl Pts',(23.9937048963858,-40.7826867505392,46.4995025521137));
#8475=CARTESIAN_POINT('Ctrl Pts',(22.8664950132198,-41.1959468504596,46.6905907213532));
#8476=CARTESIAN_POINT('Ctrl Pts',(21.7086850886912,-41.7175407961458,46.7073267617928));
#8477=CARTESIAN_POINT('Ctrl Pts',(20.7010984768703,-42.1881017873429,46.4239642132933));
#8478=CARTESIAN_POINT('',(24.,-40.7803717065689,46.4984241818682));
#8479=CARTESIAN_POINT('Ctrl Pts',(20.7010984768703,-42.1881017873429,46.4239642132933));
#8480=CARTESIAN_POINT('Ctrl Pts',(21.7086850886912,-41.7175407961458,46.7073267617928));
#8481=CARTESIAN_POINT('Ctrl Pts',(22.8664950132198,-41.1959468504596,46.6905907213532));
#8482=CARTESIAN_POINT('Ctrl Pts',(23.9937048963858,-40.7826867505392,46.4995025521137));
#8483=CARTESIAN_POINT('Ctrl Pts',(23.9968559210532,-40.7815264176556,46.4989626324909));
#8484=CARTESIAN_POINT('Ctrl Pts',(23.9999999999999,-40.7803717065689,46.4984241818682));
#8485=CARTESIAN_POINT('',(21.3175774060127,-43.0286229487985,46.5629676927202));
#8486=CARTESIAN_POINT('Ctrl Pts',(23.9999999999999,-40.7803717065689,46.4984241818682));
#8487=CARTESIAN_POINT('Ctrl Pts',(23.9974295873118,-40.7822962250626,46.4993215995801));
#8488=CARTESIAN_POINT('Ctrl Pts',(23.9948534962393,-40.7842299789483,46.5002217534845));
#8489=CARTESIAN_POINT('Ctrl Pts',(23.0787246951627,-41.4687650487648,46.8172337653315));
#8490=CARTESIAN_POINT('Ctrl Pts',(22.1379029454848,-42.3058295358167,46.9025698758182));
#8491=CARTESIAN_POINT('Ctrl Pts',(21.3175776463863,-43.0286246754809,46.5629700806068));
#8492=CARTESIAN_POINT('Ctrl Pts',(21.3153215215565,-43.0306105319378,46.5620339503536));
#8493=CARTESIAN_POINT('Ctrl Pts',(21.3160732607927,-43.0299481826715,46.562345955323));
#8494=CARTESIAN_POINT('Ctrl Pts',(21.3168251013875,-43.0292857371859,46.5626576031006));
#8495=CARTESIAN_POINT('Ctrl Pts',(21.3175770432271,-43.028623195688,46.5629688938358));
#8496=CARTESIAN_POINT('Origin',(23.9999999999999,-28.7168472753007,35.9292314299104));
#8497=CARTESIAN_POINT('',(24.,-46.1275876500851,48.9918719261383));
#8498=CARTESIAN_POINT('',(24.,-34.8893710908307,43.7514054805536));
#8499=CARTESIAN_POINT('',(21.3175774060125,-47.3125321967679,48.5605873818897));
#8500=CARTESIAN_POINT('Origin',(23.9999999999999,-52.0820746603323,46.8246158940835));
#8501=CARTESIAN_POINT('',(21.3175774060125,-27.2000617874216,39.1819884055957));
#8502=CARTESIAN_POINT('Origin',(12.0072070143292,-41.41429909918,45.1389625013132));
#8503=CARTESIAN_POINT('',(12.0072070143292,-40.7803717065689,46.4984241818682));
#8504=CARTESIAN_POINT('Ctrl Pts',(23.9999999999999,-33.0767555167573,42.9061689570722));
#8505=CARTESIAN_POINT('Ctrl Pts',(23.9972456377171,-33.0757439350796,42.905697248789));
#8506=CARTESIAN_POINT('Ctrl Pts',(23.9944853211523,-33.0747281563399,42.9052227839322));
#8507=CARTESIAN_POINT('Ctrl Pts',(22.8673649071287,-32.6626907240409,42.7116187411675));
#8508=CARTESIAN_POINT('Ctrl Pts',(21.7087004196133,-32.3143274767319,42.3225440298611));
#8509=CARTESIAN_POINT('Ctrl Pts',(20.7010984768704,-32.2289237082144,41.7799232060663));
#8510=CARTESIAN_POINT('Ctrl Pts',(23.9999999999999,-33.0767555167573,42.9061689570722));
#8511=CARTESIAN_POINT('Ctrl Pts',(23.9974169678464,-33.0753893529749,42.9058362688137));
#8512=CARTESIAN_POINT('Ctrl Pts',(23.99481645014,-33.0744003566685,42.9047842020938));
#8513=CARTESIAN_POINT('Ctrl Pts',(22.9370150989666,-32.5669298405655,42.6741041981975));
#8514=CARTESIAN_POINT('Ctrl Pts',(21.8452505968673,-32.1771694326201,42.1332339619801));
#8515=CARTESIAN_POINT('Ctrl Pts',(20.9496009884863,-32.1864003163683,41.5097468623917));
#8516=CARTESIAN_POINT('Ctrl Pts',(23.9999999999999,-33.0767555167573,42.9061689570722));
#8517=CARTESIAN_POINT('Ctrl Pts',(23.9976097696238,-33.075144510501,42.9056680622583));
#8518=CARTESIAN_POINT('Ctrl Pts',(23.9951292619613,-33.0739660891561,42.9046322996259));
#8519=CARTESIAN_POINT('Ctrl Pts',(23.0056198796306,-32.4761362401729,42.6302307906568));
#8520=CARTESIAN_POINT('Ctrl Pts',(21.9864247450374,-31.9914714967372,42.0239912849679));
#8521=CARTESIAN_POINT('Ctrl Pts',(21.1922044510009,-31.9242736675313,41.2807065768036));
#8522=CARTESIAN_POINT('Ctrl Pts',(23.9999999999999,-33.0767555167573,42.9061689570722));
#8523=CARTESIAN_POINT('Ctrl Pts',(23.9977481965623,-33.0750695472835,42.9053827765951));
#8524=CARTESIAN_POINT('Ctrl Pts',(23.995491525292,-33.0733764896109,42.9045922015297));
#8525=CARTESIAN_POINT('Ctrl Pts',(23.0740246511907,-32.3864764676595,42.5822854392364));
#8526=CARTESIAN_POINT('Ctrl Pts',(22.1267692114355,-31.7794739386971,41.990436386678));
#8527=CARTESIAN_POINT('Ctrl Pts',(21.303013558565,-31.5785703224313,41.211659254752));
#8528=CARTESIAN_POINT('',(21.3175774060127,-31.5821642769622,41.2253963552882));
#8529=CARTESIAN_POINT('',(24.,-33.0767555167573,42.9061689570722));
#8530=CARTESIAN_POINT('Ctrl Pts',(21.3175776558414,-31.5821613691232,41.2253965517699));
#8531=CARTESIAN_POINT('Ctrl Pts',(22.1379234743951,-31.7866249399481,41.9973968503707));
#8532=CARTESIAN_POINT('Ctrl Pts',(23.0794372023691,-32.3905112101203,42.5841786183567));
#8533=CARTESIAN_POINT('Ctrl Pts',(23.995491525292,-33.0733764896109,42.9045922015297));
#8534=CARTESIAN_POINT('Ctrl Pts',(23.9977481965623,-33.0750695472835,42.9053827765951));
#8535=CARTESIAN_POINT('Ctrl Pts',(23.9999999999999,-33.0767555167573,42.9061689570722));
#8536=CARTESIAN_POINT('',(20.7010984768704,-32.2289237082144,41.7799232060663));
#8537=CARTESIAN_POINT('Ctrl Pts',(23.9999999999999,-33.0767555167573,42.9061689570722));
#8538=CARTESIAN_POINT('Ctrl Pts',(23.9972456377171,-33.0757439350796,42.905697248789));
#8539=CARTESIAN_POINT('Ctrl Pts',(23.9944853211523,-33.0747281563399,42.9052227839322));
#8540=CARTESIAN_POINT('Ctrl Pts',(22.8673649071287,-32.6626907240409,42.7116187411675));
#8541=CARTESIAN_POINT('Ctrl Pts',(21.7087004196133,-32.3143274767319,42.3225440298611));
#8542=CARTESIAN_POINT('Ctrl Pts',(20.7010984768704,-32.2289237082144,41.7799232060663));
#8543=CARTESIAN_POINT('',(21.3153219531236,-31.5816022151609,41.2232730576532));
#8544=CARTESIAN_POINT('Ctrl Pts',(20.7010984768704,-32.2289237082144,41.7799232060663));
#8545=CARTESIAN_POINT('Ctrl Pts',(20.7022861066924,-32.2287292404977,41.7786876372562));
#8546=CARTESIAN_POINT('Ctrl Pts',(20.7034735804064,-32.2285299894789,41.7774529418674));
#8547=CARTESIAN_POINT('Ctrl Pts',(20.7046608889478,-32.2283259681954,41.7762191275845));
#8548=CARTESIAN_POINT('Ctrl Pts',(20.7345680528971,-32.2231868676486,41.7451405285905));
#8549=CARTESIAN_POINT('Ctrl Pts',(20.7642851281992,-32.215040082391,41.7147081987345));
#8550=CARTESIAN_POINT('Ctrl Pts',(20.7936697776853,-32.2041174510596,41.6850410592585));
#8551=CARTESIAN_POINT('Ctrl Pts',(20.8239888103144,-32.1928474981583,41.6544305539262));
#8552=CARTESIAN_POINT('Ctrl Pts',(20.8539546001134,-32.1786219860428,41.6246340177845));
#8553=CARTESIAN_POINT('Ctrl Pts',(20.8834075242542,-32.161641380268,41.595793616674));
#8554=CARTESIAN_POINT('Ctrl Pts',(20.9016576871359,-32.1511195448218,41.5779229965848));
#8555=CARTESIAN_POINT('Ctrl Pts',(20.9197108331154,-32.139538840688,41.5604197500422));
#8556=CARTESIAN_POINT('Ctrl Pts',(20.9375266218432,-32.1269380478586,41.5433215691108));
#8557=CARTESIAN_POINT('Ctrl Pts',(20.9662509043008,-32.1066218700035,41.5157542811232));
#8558=CARTESIAN_POINT('Ctrl Pts',(20.9941922692314,-32.0837742140418,41.4893986157488));
#8559=CARTESIAN_POINT('Ctrl Pts',(21.0211972266098,-32.0586104968293,41.4643916826816));
#8560=CARTESIAN_POINT('Ctrl Pts',(21.0483036356386,-32.0333522450984,41.4392908040993));
#8561=CARTESIAN_POINT('Ctrl Pts',(21.0744672707721,-32.0057598155102,41.4155481612457));
#8562=CARTESIAN_POINT('Ctrl Pts',(21.0995179033502,-31.9760067798363,41.3933244096048));
#8563=CARTESIAN_POINT('Ctrl Pts',(21.1138951798656,-31.9589306593142,41.3805695611371));
#8564=CARTESIAN_POINT('Ctrl Pts',(21.1279055102843,-31.9411420890542,41.3683154819892));
#8565=CARTESIAN_POINT('Ctrl Pts',(21.1415131434735,-31.9226686460838,41.3565970838223));
#8566=CARTESIAN_POINT('Ctrl Pts',(21.1652560925395,-31.8904357067166,41.3361505207099));
#8567=CARTESIAN_POINT('Ctrl Pts',(21.1876274346732,-31.8563191072118,41.3174597314251));
#8568=CARTESIAN_POINT('Ctrl Pts',(21.2084692578077,-31.8205102511611,41.3006724807937));
#8569=CARTESIAN_POINT('Ctrl Pts',(21.2287274063611,-31.7857042209629,41.2843553565719));
#8570=CARTESIAN_POINT('Ctrl Pts',(21.2475409931565,-31.7492985714052,41.2698362155353));
#8571=CARTESIAN_POINT('Ctrl Pts',(21.2647424072118,-31.7114380848124,41.2572791942499));
#8572=CARTESIAN_POINT('Ctrl Pts',(21.2810711696547,-31.6754983132589,41.2453592080848));
#8573=CARTESIAN_POINT('Ctrl Pts',(21.2959474514923,-31.6382468977368,41.2352071059817));
#8574=CARTESIAN_POINT('Ctrl Pts',(21.3092020791726,-31.5997900420725,41.2269935504937));
#8575=CARTESIAN_POINT('Ctrl Pts',(21.3112827592734,-31.5937531758363,41.2257042059816));
#8576=CARTESIAN_POINT('Ctrl Pts',(21.3133223952356,-31.5876895754205,41.2244633450019));
#8577=CARTESIAN_POINT('Ctrl Pts',(21.3153203921494,-31.5815996994325,41.2232715601425));
#8578=CARTESIAN_POINT('Ctrl Pts',(21.3153215334162,-31.5816019779984,41.223273565887));
#8579=CARTESIAN_POINT('Ctrl Pts',(21.3160732729854,-31.5817887208276,41.223981505965));
#8580=CARTESIAN_POINT('Ctrl Pts',(21.3168251144735,-31.581975799495,41.2246892904879));
#8581=CARTESIAN_POINT('Ctrl Pts',(21.3175770577658,-31.5821632137526,41.2253969193927));
#8582=CARTESIAN_POINT('Ctrl Pts',(20.7010984768704,-32.2289237082144,41.7799232060663));
#8583=CARTESIAN_POINT('Ctrl Pts',(20.3922508515453,-32.2003513648469,41.5983861525503));
#8584=CARTESIAN_POINT('Ctrl Pts',(19.6983665477152,-32.2186469923426,41.405768061742));
#8585=CARTESIAN_POINT('Ctrl Pts',(18.6650995335419,-32.2097780032761,41.4700682169547));
#8586=CARTESIAN_POINT('Ctrl Pts',(18.1548182215874,-32.2095017409274,41.6524390314652));
#8587=CARTESIAN_POINT('Ctrl Pts',(17.9469717575173,-32.227759262134,41.7724005561536));
#8588=CARTESIAN_POINT('Ctrl Pts',(20.8331230485167,-32.2082252342505,41.6484135175766));
#8589=CARTESIAN_POINT('Ctrl Pts',(20.495595602271,-32.1908481072133,41.4328698185667));
#8590=CARTESIAN_POINT('Ctrl Pts',(19.7367421628129,-32.2390878334966,41.1970472705134));
#8591=CARTESIAN_POINT('Ctrl Pts',(18.5999279512931,-32.2189271943998,41.2761659200909));
#8592=CARTESIAN_POINT('Ctrl Pts',(18.0432719227091,-32.196864860144,41.4969503560764));
#8593=CARTESIAN_POINT('Ctrl Pts',(17.8161454679212,-32.207528984707,41.6394769846814));
#8594=CARTESIAN_POINT('Ctrl Pts',(21.0968830636352,-32.0597858007626,41.4025368259171));
#8595=CARTESIAN_POINT('Ctrl Pts',(20.7020912724848,-32.0596643668149,41.1062826602472));
#8596=CARTESIAN_POINT('Ctrl Pts',(19.8131895184066,-32.1515267669607,40.7679534364963));
#8597=CARTESIAN_POINT('Ctrl Pts',(18.4699180394963,-32.1150191841718,40.8825412566727));
#8598=CARTESIAN_POINT('Ctrl Pts',(17.820403303888,-32.060835667737,41.1942095564464));
#8599=CARTESIAN_POINT('Ctrl Pts',(17.5547800673554,-32.0598163522368,41.3902515921184));
#8600=CARTESIAN_POINT('Ctrl Pts',(21.2794929743506,-31.7434830413914,41.2659163903533));
#8601=CARTESIAN_POINT('Ctrl Pts',(20.8428894031916,-31.7467280026216,40.8904153509189));
#8602=CARTESIAN_POINT('Ctrl Pts',(19.8612507421172,-31.8419019357159,40.469078829075));
#8603=CARTESIAN_POINT('Ctrl Pts',(18.3871503895712,-31.8046318303268,40.6112939877685));
#8604=CARTESIAN_POINT('Ctrl Pts',(17.6677024506554,-31.7469352920552,41.0019537390564));
#8605=CARTESIAN_POINT('Ctrl Pts',(17.3739163657055,-31.7436515043502,41.2503505517768));
#8606=CARTESIAN_POINT('Ctrl Pts',(21.3364237056398,-31.5674489472404,41.2355091208146));
#8607=CARTESIAN_POINT('Ctrl Pts',(20.8857504931606,-31.5691393991741,40.8271995322725));
#8608=CARTESIAN_POINT('Ctrl Pts',(19.8732283215334,-31.6585981516788,40.3797163000451));
#8609=CARTESIAN_POINT('Ctrl Pts',(18.3654758687304,-31.6237548554951,40.5299055678137));
#8610=CARTESIAN_POINT('Ctrl Pts',(17.6208688221826,-31.569795493795,40.948585739059));
#8611=CARTESIAN_POINT('Ctrl Pts',(17.3175774060147,-31.5675542587477,41.2185835919072));
#8612=CARTESIAN_POINT('',(17.9469717575173,-32.227759262134,41.7724005561536));
#8613=CARTESIAN_POINT('Ctrl Pts',(20.7010984768704,-32.2289237082144,41.7799232060663));
#8614=CARTESIAN_POINT('Ctrl Pts',(20.3922508515453,-32.2003513648469,41.5983861525503));
#8615=CARTESIAN_POINT('Ctrl Pts',(19.6983665477152,-32.2186469923426,41.405768061742));
#8616=CARTESIAN_POINT('Ctrl Pts',(18.6650995335419,-32.2097780032761,41.4700682169547));
#8617=CARTESIAN_POINT('Ctrl Pts',(18.1548182215874,-32.2095017409274,41.6524390314652));
#8618=CARTESIAN_POINT('Ctrl Pts',(17.9469717575173,-32.227759262134,41.7724005561536));
#8619=CARTESIAN_POINT('',(17.3175774060146,-31.567554258747,41.2185835919071));
#8620=CARTESIAN_POINT('Origin',(17.9469717575173,-31.239143497311,41.9228627425778));
#8621=CARTESIAN_POINT('',(21.3175774060097,-31.5675542587467,41.2185835919064));
#8622=CARTESIAN_POINT('Ctrl Pts',(17.3175774060147,-31.5675542587477,41.2185835919072));
#8623=CARTESIAN_POINT('Ctrl Pts',(17.6208688221826,-31.569795493795,40.948585739059));
#8624=CARTESIAN_POINT('Ctrl Pts',(18.3654758687304,-31.6237548554951,40.5299055678137));
#8625=CARTESIAN_POINT('Ctrl Pts',(19.8642610003673,-31.6583909220193,40.3806095470747));
#8626=CARTESIAN_POINT('Ctrl Pts',(20.8688845622609,-31.5706212220386,40.8197860859971));
#8627=CARTESIAN_POINT('Ctrl Pts',(21.3175708723411,-31.5675491099792,41.2185911820671));
#8628=CARTESIAN_POINT('Ctrl Pts',(21.3175754575646,-31.5675490785863,41.218595257553));
#8629=CARTESIAN_POINT('Ctrl Pts',(21.3175755853073,-31.5704715187437,41.21995655127));
#8630=CARTESIAN_POINT('Ctrl Pts',(21.3172890611953,-31.5734689766208,41.2211175946602));
#8631=CARTESIAN_POINT('Ctrl Pts',(21.3166710359779,-31.5764997413985,41.2220214882043));
#8632=CARTESIAN_POINT('Ctrl Pts',(21.3163226172554,-31.5782083694003,41.2225310684367));
#8633=CARTESIAN_POINT('Ctrl Pts',(21.3158723569526,-31.5799100555135,41.2229536288918));
#8634=CARTESIAN_POINT('Ctrl Pts',(21.315318452037,-31.5815970181742,41.2232838299552));
#8635=CARTESIAN_POINT('Ctrl Pts',(14.8000000000001,-33.0767555167573,42.9061689570722));
#8636=CARTESIAN_POINT('Ctrl Pts',(14.8023809732067,-33.0748481894143,42.9052795557255));
#8637=CARTESIAN_POINT('Ctrl Pts',(14.8047642159613,-33.0729347484321,42.9043870513518));
#8638=CARTESIAN_POINT('Ctrl Pts',(15.67045239562,-32.3828030723262,42.5797761415527));
#8639=CARTESIAN_POINT('Ctrl Pts',(16.5587552811449,-31.7713563643864,41.9917559390277));
#8640=CARTESIAN_POINT('Ctrl Pts',(17.3175774062287,-31.5675542586896,41.2185835916889));
#8641=CARTESIAN_POINT('Ctrl Pts',(14.8000000000001,-33.0767555167573,42.9061689570722));
#8642=CARTESIAN_POINT('Ctrl Pts',(14.8025673851379,-33.0749608710358,42.9056063045725));
#8643=CARTESIAN_POINT('Ctrl Pts',(14.8051723134128,-33.0735761687499,42.9044280613441));
#8644=CARTESIAN_POINT('Ctrl Pts',(15.742790406263,-32.4728962122044,42.6285731026177));
#8645=CARTESIAN_POINT('Ctrl Pts',(16.7058093799389,-31.9871549800905,42.0197346200673));
#8646=CARTESIAN_POINT('Ctrl Pts',(17.4302553256007,-31.9197487499319,41.2821175114394));
#8647=CARTESIAN_POINT('Ctrl Pts',(14.8000000000001,-33.0767555167573,42.9061689570722));
#8648=CARTESIAN_POINT('Ctrl Pts',(14.8027603516169,-33.0752031577332,42.905756888899));
#8649=CARTESIAN_POINT('Ctrl Pts',(14.8055751322476,-33.0740991043868,42.9046361858389));
#8650=CARTESIAN_POINT('Ctrl Pts',(15.8146341304011,-32.5637618251511,42.6723950323611));
#8651=CARTESIAN_POINT('Ctrl Pts',(16.8546252286717,-32.1748208253008,42.1279400236587));
#8652=CARTESIAN_POINT('Ctrl Pts',(17.6853191785601,-32.1872987072821,41.5065534130353));
#8653=CARTESIAN_POINT('Ctrl Pts',(14.8000000000001,-33.0767555167573,42.9061689570722));
#8654=CARTESIAN_POINT('Ctrl Pts',(14.8029762165081,-33.0756111203517,42.9056353162643));
#8655=CARTESIAN_POINT('Ctrl Pts',(14.8059552699517,-33.0744630702513,42.9050997825679));
#8656=CARTESIAN_POINT('Ctrl Pts',(15.8880654945255,-32.6605447744349,42.7099885933067));
#8657=CARTESIAN_POINT('Ctrl Pts',(16.9984441014312,-32.3110792448091,42.3198567005365));
#8658=CARTESIAN_POINT('Ctrl Pts',(17.9469717577859,-32.2277592621104,41.7724005559985));
#8659=CARTESIAN_POINT('',(14.8000000000001,-33.0767555167573,42.9061689570722));
#8660=CARTESIAN_POINT('Ctrl Pts',(17.9469717577859,-32.2277592621104,41.7724005559985));
#8661=CARTESIAN_POINT('Ctrl Pts',(16.9984441014312,-32.3110792448091,42.3198567005365));
#8662=CARTESIAN_POINT('Ctrl Pts',(15.8880654945255,-32.6605447744349,42.7099885933067));
#8663=CARTESIAN_POINT('Ctrl Pts',(14.8059552699517,-33.0744630702513,42.9050997825679));
#8664=CARTESIAN_POINT('Ctrl Pts',(14.8029762165081,-33.0756111203517,42.9056353162643));
#8665=CARTESIAN_POINT('Ctrl Pts',(14.8000000000001,-33.0767555167573,42.9061689570722));
#8666=CARTESIAN_POINT('Ctrl Pts',(14.8000000000001,-33.0767555167573,42.9061689570722));
#8667=CARTESIAN_POINT('Ctrl Pts',(14.8023809732067,-33.0748481894143,42.9052795557255));
#8668=CARTESIAN_POINT('Ctrl Pts',(14.8047642159613,-33.0729347484321,42.9043870513518));
#8669=CARTESIAN_POINT('Ctrl Pts',(15.67045239562,-32.3828030723262,42.5797761415527));
#8670=CARTESIAN_POINT('Ctrl Pts',(16.5587552811449,-31.7713563643864,41.9917559390277));
#8671=CARTESIAN_POINT('Ctrl Pts',(17.3175774062287,-31.5675542586896,41.2185835916889));
#8672=CARTESIAN_POINT('Origin',(14.8000000000001,-28.5137048331673,36.3648718029147));
#8673=CARTESIAN_POINT('',(14.8,-27.7295395732411,40.4127212128021));
#8674=CARTESIAN_POINT('',(14.8000000000001,-26.8232317862045,39.9901029510614));
#8675=CARTESIAN_POINT('',(17.3175774060127,-27.2982550289924,39.2277766661188));
#8676=CARTESIAN_POINT('Origin',(14.8000000000001,-25.7947814720573,35.0970170176926));
#8677=CARTESIAN_POINT('',(17.3175774060127,-27.2000617874217,39.1819884055954));
#8678=CARTESIAN_POINT('Origin',(12.0072070143292,-33.7106829093684,41.5467072765172));
#8679=CARTESIAN_POINT('',(12.0072070143292,-33.0767555167573,42.9061689570722));
#8680=CARTESIAN_POINT('Origin',(12.0072070143292,-41.41429909918,45.1389625013132));
#8681=CARTESIAN_POINT('',(12.0072070143292,-40.7803717065689,46.4984241818682));
#8682=CARTESIAN_POINT('Origin',(24.,-46.1275876500851,48.9918719261383));
#8683=CARTESIAN_POINT('',(-14.8,-27.7295395732411,40.4127212128021));
#8684=CARTESIAN_POINT('',(-14.8000000000001,-26.8232317862045,39.9901029510614));
#8685=CARTESIAN_POINT('',(24.,-27.7295395732411,40.4127212128021));
#8686=CARTESIAN_POINT('',(24.,-34.8893710908307,43.7514054805536));
#8687=CARTESIAN_POINT('',(14.8,-46.1275876500851,48.9918719261383));
#8688=CARTESIAN_POINT('',(14.8000000000001,-26.8232317862045,39.9901029510614));
#8689=CARTESIAN_POINT('',(24.,-46.1275876500851,48.9918719261383));
#8690=CARTESIAN_POINT('',(5.74999999999999,-36.9285636116631,44.7022965694702));
#8691=CARTESIAN_POINT('Origin',(-3.72849857673821E-14,-36.9285636116631,
44.7022965694702));
#8692=CARTESIAN_POINT('Origin',(14.8000000000001,-28.5137048331673,36.3648718029147));
#8693=CARTESIAN_POINT('',(17.3175774060128,-47.3125321967683,48.5605873818895));
#8694=CARTESIAN_POINT('',(17.3175774060127,-27.2000617874217,39.1819884055954));
#8695=CARTESIAN_POINT('Origin',(14.8000000000001,-51.4432918451945,47.0571138249544));
#8696=CARTESIAN_POINT('Origin',(19.3175774060124,-26.1564847020792,41.4199466871975));
#8697=CARTESIAN_POINT('',(17.4593014288643,-27.2458500479452,39.0837951640247));
#8698=CARTESIAN_POINT('Origin',(19.3175774060124,-28.492636225252,42.5093120330634));
#8699=CARTESIAN_POINT('',(21.1758533831606,-27.2458500479452,39.0837951640247));
#8700=CARTESIAN_POINT('Origin',(19.3175774060124,-26.1564847020792,41.4199466871975));
#8701=CARTESIAN_POINT('',(21.3175774060125,-27.2982550289925,39.2277766661193));
#8702=CARTESIAN_POINT('Origin',(19.3175774060124,-28.492636225252,42.5093120330634));
#8703=CARTESIAN_POINT('',(21.3175774060125,-27.2000617874216,39.1819884055957));
#8704=CARTESIAN_POINT('Origin',(19.3175774060124,-26.1564847020792,41.4199466871975));
#8705=CARTESIAN_POINT('',(21.1758533831606,-47.4565136988625,48.5081824008423));
#8706=CARTESIAN_POINT('Origin',(19.3175774060124,-44.0309968298238,49.7549685781492));
#8707=CARTESIAN_POINT('',(17.4593014288643,-47.4565136988625,48.5081824008423));
#8708=CARTESIAN_POINT('Origin',(19.3175774060124,-46.3671483529966,50.8443339240151));
#8709=CARTESIAN_POINT('Origin',(19.3175774060124,-44.0309968298238,49.7549685781492));
#8710=CARTESIAN_POINT('Origin',(23.9999999999999,-28.7168472753007,35.9292314299104));
#8711=CARTESIAN_POINT('',(24.,-27.7295395732411,40.4127212128021));
#8712=CARTESIAN_POINT('Origin',(23.9999999999999,-25.5622835411864,34.4582342025548));
#8713=CARTESIAN_POINT('',(24.,-34.8893710908307,43.7514054805536));
#8714=CARTESIAN_POINT('Origin',(-23.9999999999999,-28.7168472753007,35.9292314299104));
#8715=CARTESIAN_POINT('Origin',(-23.9999999999999,-52.0820746603323,46.8246158940835));
#8716=CARTESIAN_POINT('Origin',(2.91428490868865E-14,-55.2749515410655,
31.7414883406642));
#8717=CARTESIAN_POINT('',(-16.5,-58.6455260821953,26.8794694942705));
#8718=CARTESIAN_POINT('',(-16.5,-53.7169925740089,37.4487437105393));
#8719=CARTESIAN_POINT('Origin',(2.91651919690204E-14,-56.1812593281021,
32.1641066024049));
#8720=CARTESIAN_POINT('',(-16.5,-57.7392182951586,26.4568512325298));
#8721=CARTESIAN_POINT('',(-16.5,-57.7392182951586,26.4568512325298));
#8722=CARTESIAN_POINT('',(-16.5,-52.8106847869723,37.0261254487986));
#8723=CARTESIAN_POINT('Origin',(2.71067174069587E-14,-55.2749515410655,
31.7414883406642));
#8724=CARTESIAN_POINT('',(-16.5,-52.8106847869724,37.0261254487985));
#8725=CARTESIAN_POINT('Origin',(-16.5,-56.1812593281021,32.1641066024049));
#8726=CARTESIAN_POINT('',(-16.5,-48.2594883961698,46.7861976054726));
#8727=CARTESIAN_POINT('',(-16.5,-59.1841704621669,23.3581413105751));
#8728=CARTESIAN_POINT('',(-16.5,-49.1657961832065,47.2088158672133));
#8729=CARTESIAN_POINT('',(-16.5,-49.1657961832065,47.2088158672133));
#8730=CARTESIAN_POINT('',(-16.5,-56.1812593281021,32.1641066024049));
#8731=CARTESIAN_POINT('Origin',(23.4,-37.2961053177599,10.668968593877));
#8732=CARTESIAN_POINT('',(24.,-37.8398899899819,10.9225395509215));
#8733=CARTESIAN_POINT('',(24.,-41.4321452147779,3.21892336110989));
#8734=CARTESIAN_POINT('',(22.8,-23.6499104595693,38.5136069559973));
#8735=CARTESIAN_POINT('Origin',(12.,-22.9693462447502,41.3928025744196));
#8736=CARTESIAN_POINT('',(-20.5029437251523,-22.6791325295726,40.5954469451532));
#8737=CARTESIAN_POINT('',(21.,-23.2595599599277,42.190158203686));
#8738=CARTESIAN_POINT('Origin',(-23.4,-27.5758852977238,31.5140476957201));
#8739=CARTESIAN_POINT('',(-22.8,-40.1345108114705,3.16226741951096));
#8740=CARTESIAN_POINT('',(-24.,-24.5274147451498,39.4712348425761));
#8741=CARTESIAN_POINT('Origin',(-21.8257359312881,-41.448640757364,1.76382760598484));
#8742=CARTESIAN_POINT('Origin',(-21.8257359312881,-23.4233498581197,40.4191886836123));
#8743=CARTESIAN_POINT('Origin',(21.8257359312881,-41.448640757364,1.76382760598483));
#8744=CARTESIAN_POINT('Origin',(21.8257359312881,-23.4233498581197,40.4191886836123));
#8745=CARTESIAN_POINT('Origin',(24.,-41.612430655556,-0.00714191408889953));
#8746=CARTESIAN_POINT('',(24.,-63.4884003631191,22.8826363581832));
#8747=CARTESIAN_POINT('',(24.,-27.2458500479452,39.0837951640247));
#8748=CARTESIAN_POINT('',(24.,-22.0461876510137,24.7978401396681));
#8749=CARTESIAN_POINT('',(24.,-42.8827257323511,5.55040704366853));
#8750=CARTESIAN_POINT('',(24.,-36.0151789790647,20.2779085830141));
#8751=CARTESIAN_POINT('',(24.,-44.2116517811285,5.06671751837258));
#8752=CARTESIAN_POINT('',(24.,-43.2149572445455,5.42948466234454));
#8753=CARTESIAN_POINT('',(24.,-62.6096998579725,13.6458682317088));
#8754=CARTESIAN_POINT('',(24.,-42.172459260296,4.115826429456));
#8755=CARTESIAN_POINT('',(24.,-63.0933893832684,14.9747942804861));
#8756=CARTESIAN_POINT('',(24.,-59.1875964665037,4.24371643660902));
#8757=CARTESIAN_POINT('',(24.,-47.4565136988625,48.5081824008423));
#8758=CARTESIAN_POINT('',(24.,-64.044280472185,12.9356017596536));
#8759=CARTESIAN_POINT('',(24.,-52.6725484403137,46.6097010140556));
#8760=CARTESIAN_POINT('Origin',(-3.72961306872456E-14,-35.9776725227466,
46.7414890903026));
#8761=CARTESIAN_POINT('',(5.74999999999999,-36.5059453499224,45.6086043565068));
#8762=CARTESIAN_POINT('',(6.99999999999999,-35.9776725227466,46.7414890903026));
#8763=CARTESIAN_POINT('Origin',(-3.72899390650992E-14,-36.5059453499224,
45.6086043565068));
#8764=CARTESIAN_POINT('Origin',(-3.73023223093921E-14,-35.4493996955707,
47.8743738240984));
#8765=CARTESIAN_POINT('',(5.74999999999999,-35.4493996955707,47.8743738240984));
#8766=CARTESIAN_POINT('Origin',(18.487867965644,-61.1534289571897,19.6082931563571));
#8767=CARTESIAN_POINT('',(18.3464466094067,-61.274923266851,19.8209880851164));
#8768=CARTESIAN_POINT('',(18.6292893218814,-61.0319346475284,19.3955982275978));
#8769=CARTESIAN_POINT('Origin',(18.1,-61.9228607767524,19.8512025609667));
#8770=CARTESIAN_POINT('',(16.9714466094067,-62.3998080489665,18.8283858349854));
#8771=CARTESIAN_POINT('Origin',(26.2307611844575,-53.0312853127347,37.0262864112636));
#8772=CARTESIAN_POINT('',(15.0857864376269,-48.6220115109845,46.9552449101689));
#8773=CARTESIAN_POINT('',(26.0893398282202,-53.272314117888,36.9826387872006));
#8774=CARTESIAN_POINT('',(15.6514718625762,-48.2594883961698,46.7861976054726));
#8775=CARTESIAN_POINT('',(19.71123496987,-45.657763299226,45.5729932683536));
#8776=CARTESIAN_POINT('',(26.3721825406948,-52.7902565075813,37.0699340353267));
#8777=CARTESIAN_POINT('Origin',(15.0857864376269,-49.1657961832065,47.2088158672133));
#8778=CARTESIAN_POINT('',(15.0857864376269,-49.1657961832065,47.2088158672133));
#8779=CARTESIAN_POINT('',(15.4643398282202,-49.3257797591151,46.8657299815095));
#8780=CARTESIAN_POINT('',(15.0857864376269,-49.1657961832065,47.2088158672133));
#8781=CARTESIAN_POINT('Origin',(24.,-47.4565136988625,48.5081824008423));
#8782=CARTESIAN_POINT('',(24.,-47.4565136988625,48.5081824008423));
#8783=CARTESIAN_POINT('Origin',(24.,-47.4565136988625,48.5081824008423));
#8784=CARTESIAN_POINT('',(24.,-47.4565136988625,48.5081824008423));
#8785=CARTESIAN_POINT('Origin',(24.,-27.7295395732411,40.4127212128021));
#8786=CARTESIAN_POINT('',(-17.3175774060127,-27.2982550289924,39.2277766661188));
#8787=CARTESIAN_POINT('Origin',(-14.8000000000001,-25.7947814720573,35.0970170176926));
#8788=CARTESIAN_POINT('',(-17.4593014288636,-27.2458500479452,39.0837951640247));
#8789=CARTESIAN_POINT('Origin',(-19.3175774060124,-28.492636225252,42.5093120330634));
#8790=CARTESIAN_POINT('',(24.,-27.2458500479452,39.0837951640247));
#8791=CARTESIAN_POINT('Origin',(24.,-27.7295395732411,40.4127212128021));
#8792=CARTESIAN_POINT('',(24.,-27.2458500479452,39.0837951640247));
#8793=CARTESIAN_POINT('Origin',(24.,-27.2458500479452,39.0837951640247));
#8794=CARTESIAN_POINT('',(-21.1758533831612,-27.2458500479452,39.0837951640247));
#8795=CARTESIAN_POINT('Origin',(-19.3175774060124,-26.1564847020792,41.4199466871975));
#8796=CARTESIAN_POINT('',(24.,-27.2458500479452,39.0837951640247));
#8797=CARTESIAN_POINT('',(24.,-42.8827257323511,5.55040704366853));
#8798=CARTESIAN_POINT('',(24.,-42.8827257323511,5.55040704366853));
#8799=CARTESIAN_POINT('',(24.,-42.8827257323511,5.55040704366853));
#8800=CARTESIAN_POINT('Origin',(24.,-41.4117285049955,8.70497077778292));
#8801=CARTESIAN_POINT('Origin',(24.,-64.7769558900272,19.6003552419561));
#8802=CARTESIAN_POINT('Origin',(24.,-38.2571647708812,7.23397355042735));
#8803=CARTESIAN_POINT('Origin',(24.,-63.0933893832684,14.9747942804861));
#8804=CARTESIAN_POINT('',(24.,-63.0933893832684,14.9747942804861));
#8805=CARTESIAN_POINT('',(24.,-63.0933893832684,14.9747942804861));
#8806=CARTESIAN_POINT('',(24.,-63.0933893832684,14.9747942804861));
#8807=CARTESIAN_POINT('',(24.,-47.4565136988625,48.5081824008423));
#8808=CARTESIAN_POINT('',(5.53985559378582,-48.2594883961698,46.7861976054726));
#8809=CARTESIAN_POINT('',(3.75000000000002,-48.2594883961698,46.7861976054726));
#8810=CARTESIAN_POINT('',(-5.53985559378578,-48.2594883961698,46.7861976054726));
#8811=CARTESIAN_POINT('Origin',(2.71067174069587E-14,-55.2749515410655,
31.7414883406642));
#8812=CARTESIAN_POINT('',(3.75000000000002,-48.2594883961698,46.7861976054726));
#8813=CARTESIAN_POINT('',(-16.5,-62.6919020346147,15.835786678171));
#8814=CARTESIAN_POINT('Origin',(2.71067174069587E-14,-55.2749515410655,
31.7414883406642));
#8815=CARTESIAN_POINT('Origin',(24.,-62.6096998579725,13.6458682317088));
#8816=CARTESIAN_POINT('Origin',(24.,-42.8827257323511,5.55040704366853));
#8817=CARTESIAN_POINT('Origin',(-14.8000000000001,-28.5137048331673,36.3648718029147));
#8818=CARTESIAN_POINT('',(-17.3175774060127,-27.2000617874217,39.1819884055954));
#8819=CARTESIAN_POINT('Origin',(-19.3175774060124,-26.1564847020792,41.4199466871975));
#8820=CARTESIAN_POINT('Origin',(-19.3175774060124,-28.492636225252,42.5093120330634));
#8821=CARTESIAN_POINT('Origin',(24.,-27.7295395732411,40.4127212128021));
#8822=CARTESIAN_POINT('Origin',(24.,-47.4565136988625,48.5081824008423));
#8823=CARTESIAN_POINT('Origin',(-24.,-41.4117285049955,8.70497077778292));
#8824=CARTESIAN_POINT('Origin',(-24.,-38.2571647708812,7.23397355042735));
#8825=CARTESIAN_POINT('Origin',(-24.,-64.7769558900272,19.6003552419561));
#8826=CARTESIAN_POINT('Origin',(24.,-42.8827257323511,5.55040704366853));
#8827=CARTESIAN_POINT('Origin',(24.,-62.6096998579725,13.6458682317088));
#8828=CARTESIAN_POINT('Origin',(-16.5,-63.1967224729977,17.1193973375965));
#8829=CARTESIAN_POINT('',(-16.5,-59.6889909005499,24.6417519700007));
#8830=CARTESIAN_POINT('Origin',(2.75441450114835E-14,-55.9546823813429,
32.0584520369697));
#8831=CARTESIAN_POINT('Origin',(2.75441450114835E-14,-55.9546823813429,
32.0584520369697));
#8832=CARTESIAN_POINT('Ctrl Pts',(5.53985559378586,-48.2594883961698,46.7861976054726));
#8833=CARTESIAN_POINT('Ctrl Pts',(3.39288438526146E-14,-49.8488933095501,
47.527349288491));
#8834=CARTESIAN_POINT('Ctrl Pts',(-5.53985559378581,-48.2594883961698,46.7861976054726));
#8835=CARTESIAN_POINT('Origin',(18.1,-49.1657961832065,47.2088158672133));
#8836=CARTESIAN_POINT('',(9.05000127733618,-49.1657961832065,47.2088158672133));
#8837=CARTESIAN_POINT('Origin',(24.,-42.8827257323511,5.55040704366853));
#8838=CARTESIAN_POINT('Origin',(24.,-62.6096998579725,13.6458682317088));
#8839=CARTESIAN_POINT('Origin',(-18.5,-40.7085631600924,7.84671214303771));
#8840=CARTESIAN_POINT('',(-18.5000000000001,-26.2972804347344,38.7518076809877));
#8841=CARTESIAN_POINT('',(-18.5,-40.7085631600924,7.84671214303771));
#8842=CARTESIAN_POINT('',(-18.5000000000001,-26.2972804347344,38.7518076809877));
#8843=CARTESIAN_POINT('Origin',(-17.4593014288636,-26.2972804347344,38.7518076809877));
#8844=CARTESIAN_POINT('',(-8.7296507144318,-26.2972804347344,38.7518076809877));
#8845=CARTESIAN_POINT('Origin',(1.418936061304E-14,-34.1579801031115,21.8944828421059));
#8846=CARTESIAN_POINT('Origin',(15.5,-60.3321421087071,23.2625097531735));
#8847=CARTESIAN_POINT('',(15.5,-53.5124233724421,41.7567932358524));
#8848=CARTESIAN_POINT('',(15.5,-54.6981517868037,38.6672030533512));
#8849=CARTESIAN_POINT('Ctrl Pts',(15.5,-53.5124233724421,41.7567932358524));
#8850=CARTESIAN_POINT('Ctrl Pts',(15.5,-53.9447934201305,40.6297804483162));
#8851=CARTESIAN_POINT('Ctrl Pts',(15.5,-54.3232479132839,39.6379619617017));
#8852=CARTESIAN_POINT('Ctrl Pts',(15.5,-54.6981517868037,38.6672030533512));
#8853=CARTESIAN_POINT('',(15.5,-52.0303765474971,41.0657034516363));
#8854=CARTESIAN_POINT('',(15.5,-52.0303765474971,41.0657034516363));
#8855=CARTESIAN_POINT('',(15.5,-60.3321421087071,23.2625097531735));
#8856=CARTESIAN_POINT('',(15.5,-58.2567007184046,27.7133081777892));
#8857=CARTESIAN_POINT('',(15.5,-61.8175381779212,23.9551613156414));
#8858=CARTESIAN_POINT('',(15.5,-60.3321421087071,23.2625097531735));
#8859=CARTESIAN_POINT('',(15.5,-60.2534518574878,26.7738154253161));
#8860=CARTESIAN_POINT('Ctrl Pts',(15.5,-60.2534518574878,26.7738154253161));
#8861=CARTESIAN_POINT('Ctrl Pts',(15.5,-60.7420115040929,25.8895024268971));
#8862=CARTESIAN_POINT('Ctrl Pts',(15.5,-61.248996798851,24.9797352976601));
#8863=CARTESIAN_POINT('Ctrl Pts',(15.5,-61.8175381779212,23.9551613156414));
#8864=CARTESIAN_POINT('Ctrl Pts',(15.5,-54.6981517868037,38.6672030533512));
#8865=CARTESIAN_POINT('Ctrl Pts',(15.5,-55.906749814474,35.8939249147096));
#8866=CARTESIAN_POINT('Ctrl Pts',(15.5,-56.5040232828957,34.4837251868646));
#8867=CARTESIAN_POINT('Ctrl Pts',(15.5,-58.2218248066103,30.8193534156146));
#8868=CARTESIAN_POINT('Ctrl Pts',(15.5,-59.0042188251385,29.283522525731));
#8869=CARTESIAN_POINT('Ctrl Pts',(15.5,-60.2534518574878,26.7738154253161));
#8870=CARTESIAN_POINT('Origin',(9.82182540694802,-62.7318423850829,18.1163359033368));
#8871=CARTESIAN_POINT('',(13.7582560504024,-62.3722212070349,22.2920124454931));
#8872=CARTESIAN_POINT('Ctrl Pts',(15.5,-61.8175381779212,23.9551613156414));
#8873=CARTESIAN_POINT('Ctrl Pts',(14.9191653162097,-61.9860845391442,23.392875609972));
#8874=CARTESIAN_POINT('Ctrl Pts',(14.3426474616407,-62.1705733368015,22.8427870785444));
#8875=CARTESIAN_POINT('Ctrl Pts',(13.7582560504024,-62.3722212070349,22.2920124454931));
#8876=CARTESIAN_POINT('',(9.82182540694802,-62.7318423850829,18.1163359033368));
#8877=CARTESIAN_POINT('',(11.241369055211,-62.131917315989,19.402879365796));
#8878=CARTESIAN_POINT('',(9.82182540694802,-64.2782962928085,18.8374592034929));
#8879=CARTESIAN_POINT('',(9.82182540694802,-62.7318423850829,18.1163359033368));
#8880=CARTESIAN_POINT('',(12.1368300253123,-63.0519043151537,20.819908210612));
#8881=CARTESIAN_POINT('Ctrl Pts',(12.1368300253123,-63.0519043151537,20.8199082106121));
#8882=CARTESIAN_POINT('Ctrl Pts',(11.3595263746032,-63.4343592466633,20.1405901895527));
#8883=CARTESIAN_POINT('Ctrl Pts',(10.5952925710238,-63.8361459220295,19.4847076894265));
#8884=CARTESIAN_POINT('Ctrl Pts',(9.82182540694802,-64.2782962928085,18.837459203493));
#8885=CARTESIAN_POINT('Ctrl Pts',(13.7582560504024,-62.3722212070349,22.2920124454931));
#8886=CARTESIAN_POINT('Ctrl Pts',(13.4875241363492,-62.4830995951517,22.044996295291));
#8887=CARTESIAN_POINT('Ctrl Pts',(13.217528829401,-62.5949444673428,21.7992560545684));
#8888=CARTESIAN_POINT('Ctrl Pts',(12.9467773329841,-62.7084356539393,21.5534366431797));
#8889=CARTESIAN_POINT('Ctrl Pts',(12.6765302472775,-62.8217154061733,21.3080751939649));
#8890=CARTESIAN_POINT('Ctrl Pts',(12.4070737306346,-62.9359881602415,21.0640365637616));
#8891=CARTESIAN_POINT('Ctrl Pts',(12.1368300253123,-63.0519043151537,20.819908210612));
#8892=CARTESIAN_POINT('Origin',(-9.82182540694796,-62.7318423850829,18.1163359033368));
#8893=CARTESIAN_POINT('',(7.41126438745965,-64.1165249825949,18.7620240026706));
#8894=CARTESIAN_POINT('Ctrl Pts',(9.82182540694802,-64.2782962928085,18.837459203493));
#8895=CARTESIAN_POINT('Ctrl Pts',(8.97024680290092,-64.2216548489718,18.811046864463));
#8896=CARTESIAN_POINT('Ctrl Pts',(8.15760219399512,-64.1664140263363,18.7852876458252));
#8897=CARTESIAN_POINT('Ctrl Pts',(7.41126438745965,-64.1165249825949,18.7620240026706));
#8898=CARTESIAN_POINT('',(-9.82182540694796,-62.7318423850829,18.1163359033368));
#8899=CARTESIAN_POINT('',(-4.91091270347397,-62.7318423850829,18.1163359033368));
#8900=CARTESIAN_POINT('',(-9.82182540694796,-64.2782962928085,18.837459203493));
#8901=CARTESIAN_POINT('',(-9.82182540694796,-62.7318423850829,18.1163359033368));
#8902=CARTESIAN_POINT('',(-7.41126438745966,-64.1165249825949,18.7620240026706));
#8903=CARTESIAN_POINT('Ctrl Pts',(-7.41126438745965,-64.1165249825949,18.7620240026706));
#8904=CARTESIAN_POINT('Ctrl Pts',(-8.15760219399634,-64.1664140263364,18.7852876458253));
#8905=CARTESIAN_POINT('Ctrl Pts',(-8.9702468029009,-64.2216548489718,18.811046864463));
#8906=CARTESIAN_POINT('Ctrl Pts',(-9.82182540694796,-64.2782962928085,18.837459203493));
#8907=CARTESIAN_POINT('Ctrl Pts',(7.41126438745965,-64.1165249825949,18.7620240026706));
#8908=CARTESIAN_POINT('Ctrl Pts',(4.07234148912366,-64.0134221214614,18.7139463489464));
#8909=CARTESIAN_POINT('Ctrl Pts',(2.12182935119152,-63.918529550403,18.6696972163598));
#8910=CARTESIAN_POINT('Ctrl Pts',(-2.39566357354656,-63.9318595468648,18.6759130957931));
#8911=CARTESIAN_POINT('Ctrl Pts',(-4.32022551142971,-64.0210765515598,18.71751566832));
#8912=CARTESIAN_POINT('Ctrl Pts',(-7.41126438745965,-64.1165249825949,18.7620240026706));
#8913=CARTESIAN_POINT('Origin',(-15.5,-60.3321421087071,23.2625097531735));
#8914=CARTESIAN_POINT('',(-12.1368300253123,-63.0519043151537,20.8199082106121));
#8915=CARTESIAN_POINT('Ctrl Pts',(-9.82182540694797,-64.2782962928085,18.837459203493));
#8916=CARTESIAN_POINT('Ctrl Pts',(-10.5952925710238,-63.8361459220295,19.4847076894265));
#8917=CARTESIAN_POINT('Ctrl Pts',(-11.3595263746032,-63.4343592466633,20.1405901895528));
#8918=CARTESIAN_POINT('Ctrl Pts',(-12.1368300253123,-63.0519043151537,20.8199082106121));
#8919=CARTESIAN_POINT('',(-15.5,-60.3321421087071,23.2625097531735));
#8920=CARTESIAN_POINT('',(-14.080456351737,-60.9320671778011,21.9759662907143));
#8921=CARTESIAN_POINT('',(-15.5,-61.8171842880528,23.9549962940856));
#8922=CARTESIAN_POINT('',(-15.5,-60.3321421087071,23.2625097531735));
#8923=CARTESIAN_POINT('',(-13.7582560504024,-62.3722212070348,22.2920124454932));
#8924=CARTESIAN_POINT('Ctrl Pts',(-13.7582560504024,-62.3722212070349,22.2920124454932));
#8925=CARTESIAN_POINT('Ctrl Pts',(-14.3426075528713,-62.1704758161731,22.8426975694737));
#8926=CARTESIAN_POINT('Ctrl Pts',(-14.9191696451413,-61.9858490266705,23.3927705651495));
#8927=CARTESIAN_POINT('Ctrl Pts',(-15.5,-61.8171842880528,23.9549962940856));
#8928=CARTESIAN_POINT('Ctrl Pts',(-12.1368300253123,-63.0519043151537,20.8199082106121));
#8929=CARTESIAN_POINT('Ctrl Pts',(-12.4070865080372,-62.9359826796055,21.0640481064035));
#8930=CARTESIAN_POINT('Ctrl Pts',(-12.6765556904365,-62.8217046164198,21.3080982368288));
#8931=CARTESIAN_POINT('Ctrl Pts',(-12.9468155537884,-62.7084196328937,21.5534713444349));
#8932=CARTESIAN_POINT('Ctrl Pts',(-13.2175542733337,-62.5949339269395,21.799279212981));
#8933=CARTESIAN_POINT('Ctrl Pts',(-13.4875369116668,-62.483094363014,22.0450079515075));
#8934=CARTESIAN_POINT('Ctrl Pts',(-13.7582560504024,-62.3722212070348,22.2920124454932));
#8935=CARTESIAN_POINT('Origin',(-9.82182540694796,-49.6306762711213,46.211877301473));
#8936=CARTESIAN_POINT('',(-12.1368300253123,-51.9074646566617,44.7192361834494));
#8937=CARTESIAN_POINT('',(-9.82182540694796,-51.1771301788468,46.9330006016291));
#8938=CARTESIAN_POINT('Ctrl Pts',(-12.1368300253123,-51.9074646566617,44.7192361834494));
#8939=CARTESIAN_POINT('Ctrl Pts',(-11.3599053463442,-51.6330480089173,45.4485151345514));
#8940=CARTESIAN_POINT('Ctrl Pts',(-10.5955222083059,-51.3888053311574,46.1780263796024));
#8941=CARTESIAN_POINT('Ctrl Pts',(-9.82182540694795,-51.1771301788468,46.9330006016291));
#8942=CARTESIAN_POINT('',(-13.7582560504024,-52.5982700450722,43.2523183530445));
#8943=CARTESIAN_POINT('Ctrl Pts',(-13.7582560504024,-52.5982700450722,43.2523183530445));
#8944=CARTESIAN_POINT('Ctrl Pts',(-13.4875241086275,-52.4803159378348,43.4960350718213));
#8945=CARTESIAN_POINT('Ctrl Pts',(-13.217528774189,-52.3639604783142,43.7396720214597));
#8946=CARTESIAN_POINT('Ctrl Pts',(-12.9467772500471,-52.248602601219,43.9846210113665));
#8947=CARTESIAN_POINT('Ctrl Pts',(-12.676530192067,-52.1334596597395,44.2291136105763));
#8948=CARTESIAN_POINT('Ctrl Pts',(-12.407073702908,-52.019968345317,44.4735166017439));
#8949=CARTESIAN_POINT('Ctrl Pts',(-12.1368300253123,-51.9074646566617,44.7192361834494));
#8950=CARTESIAN_POINT('',(-15.5,-53.5154187268428,41.7581899925484));
#8951=CARTESIAN_POINT('Ctrl Pts',(-15.5,-53.5154187268428,41.7581899925484));
#8952=CARTESIAN_POINT('Ctrl Pts',(-14.9191696451413,-53.1931444355873,42.2487864107237));
#8953=CARTESIAN_POINT('Ctrl Pts',(-14.3426075528713,-52.8904398866484,42.7437988429166));
#8954=CARTESIAN_POINT('Ctrl Pts',(-13.7582560504024,-52.5982700450722,43.2523183530445));
#8955=CARTESIAN_POINT('',(-15.5,-52.0303765474971,41.0657034516363));
#8956=CARTESIAN_POINT('',(-15.5,-52.0303765474971,41.0657034516363));
#8957=CARTESIAN_POINT('',(-9.82182540694796,-49.6306762711213,46.211877301473));
#8958=CARTESIAN_POINT('',(-11.241369055211,-50.2306013402152,44.9253338390138));
#8959=CARTESIAN_POINT('',(-9.82182540694796,-49.6306762711213,46.211877301473));
#8960=CARTESIAN_POINT('Origin',(9.82182540694801,-49.6306762711213,46.211877301473));
#8961=CARTESIAN_POINT('',(7.41126438745966,-51.0153588686332,46.8575654008067));
#8962=CARTESIAN_POINT('',(9.82182540694802,-51.1771301788468,46.9330006016291));
#8963=CARTESIAN_POINT('Ctrl Pts',(7.41126438745965,-51.0153588686332,46.8575654008067));
#8964=CARTESIAN_POINT('Ctrl Pts',(8.1576021939963,-51.0652479123747,46.8808290439614));
#8965=CARTESIAN_POINT('Ctrl Pts',(8.97024680290095,-51.1204887350101,46.9065882625991));
#8966=CARTESIAN_POINT('Ctrl Pts',(9.82182540694801,-51.1771301788468,46.9330006016291));
#8967=CARTESIAN_POINT('',(-7.41126438745966,-51.0153588686332,46.8575654008068));
#8968=CARTESIAN_POINT('Ctrl Pts',(-7.41126438745965,-51.0153588686332,46.8575654008068));
#8969=CARTESIAN_POINT('Ctrl Pts',(-4.07234148912379,-50.9122560074998,46.8094877470825));
#8970=CARTESIAN_POINT('Ctrl Pts',(-2.12182935119152,-50.8173634364413,46.7652386144959));
#8971=CARTESIAN_POINT('Ctrl Pts',(2.39566357354658,-50.8306934329032,46.7714544939293));
#8972=CARTESIAN_POINT('Ctrl Pts',(4.32022551142984,-50.9199104375981,46.8130570664562));
#8973=CARTESIAN_POINT('Ctrl Pts',(7.41126438745966,-51.0153588686332,46.8575654008067));
#8974=CARTESIAN_POINT('Ctrl Pts',(-9.82182540694796,-51.1771301788468,46.9330006016291));
#8975=CARTESIAN_POINT('Ctrl Pts',(-8.9702468029009,-51.1204887350101,46.9065882625991));
#8976=CARTESIAN_POINT('Ctrl Pts',(-8.15760219399593,-51.0652479123747,46.8808290439614));
#8977=CARTESIAN_POINT('Ctrl Pts',(-7.41126438745966,-51.0153588686332,46.8575654008068));
#8978=CARTESIAN_POINT('',(9.82182540694802,-49.6306762711213,46.211877301473));
#8979=CARTESIAN_POINT('',(4.91091270347402,-49.6306762711213,46.211877301473));
#8980=CARTESIAN_POINT('',(9.82182540694802,-49.6306762711213,46.211877301473));
#8981=CARTESIAN_POINT('Origin',(15.5,-52.0303765474971,41.0657034516363));
#8982=CARTESIAN_POINT('',(13.8116967790251,-52.6219841967359,43.2044111236363));
#8983=CARTESIAN_POINT('Ctrl Pts',(13.8116967790251,-52.6219841967359,43.2044111236363));
#8984=CARTESIAN_POINT('Ctrl Pts',(14.3780305188592,-52.9059898022311,42.7119649691413));
#8985=CARTESIAN_POINT('Ctrl Pts',(14.9370746861466,-53.2000223791605,42.2322376216009));
#8986=CARTESIAN_POINT('Ctrl Pts',(15.5,-53.5124233724421,41.7567932358524));
#8987=CARTESIAN_POINT('',(12.1368300253123,-51.9074646566617,44.7192361834495));
#8988=CARTESIAN_POINT('Ctrl Pts',(12.1368300253123,-51.9074646566617,44.7192361834495));
#8989=CARTESIAN_POINT('Ctrl Pts',(12.4160175230565,-52.0236605965677,44.4653699114923));
#8990=CARTESIAN_POINT('Ctrl Pts',(12.6943544041828,-52.1409571240323,44.2129401245055));
#8991=CARTESIAN_POINT('Ctrl Pts',(12.9735451395722,-52.2600697642682,43.9604303721687));
#8992=CARTESIAN_POINT('Ctrl Pts',(13.2532078504627,-52.3793837659424,43.7074937488732));
#8993=CARTESIAN_POINT('Ctrl Pts',(13.5320570271742,-52.4998075026309,43.4559874889666));
#8994=CARTESIAN_POINT('Ctrl Pts',(13.8116967790251,-52.6219841967359,43.2044111236363));
#8995=CARTESIAN_POINT('Ctrl Pts',(9.82182540694801,-51.1771301788468,46.9330006016291));
#8996=CARTESIAN_POINT('Ctrl Pts',(10.5955222522711,-51.3888053431858,46.1780263367012));
#8997=CARTESIAN_POINT('Ctrl Pts',(11.3599053333363,-51.6330480043228,45.4485151467617));
#8998=CARTESIAN_POINT('Ctrl Pts',(12.1368300253123,-51.9074646566617,44.7192361834495));
#8999=CARTESIAN_POINT('',(14.080456351737,-51.4304514784031,42.3522469140954));
#9000=CARTESIAN_POINT('Origin',(-15.5,-52.0303765474971,41.0657034516363));
#9001=CARTESIAN_POINT('',(-15.5,-54.6759061160964,38.730458037838));
#9002=CARTESIAN_POINT('Ctrl Pts',(-15.5,-54.6759061160964,38.730458037838));
#9003=CARTESIAN_POINT('Ctrl Pts',(-15.5,-54.309676405398,39.6804180217895));
#9004=CARTESIAN_POINT('Ctrl Pts',(-15.5,-53.937463190484,40.6569023418914));
#9005=CARTESIAN_POINT('Ctrl Pts',(-15.5,-53.5154187268428,41.7581899925484));
#9006=CARTESIAN_POINT('',(-15.5,-60.2437539639029,26.7901697958727));
#9007=CARTESIAN_POINT('Ctrl Pts',(-15.5,-60.2437539639029,26.7901697958727));
#9008=CARTESIAN_POINT('Ctrl Pts',(-15.5,-58.9169418622714,29.4541626656233));
#9009=CARTESIAN_POINT('Ctrl Pts',(-15.5,-58.1747995032187,30.9059000852691));
#9010=CARTESIAN_POINT('Ctrl Pts',(-15.5,-56.4608025971176,34.5905978385344));
#9011=CARTESIAN_POINT('Ctrl Pts',(-15.5,-55.8184588212351,36.1058013244385));
#9012=CARTESIAN_POINT('Ctrl Pts',(-15.5,-54.6759061160964,38.730458037838));
#9013=CARTESIAN_POINT('Ctrl Pts',(-15.5,-61.8171842880528,23.9549962940856));
#9014=CARTESIAN_POINT('Ctrl Pts',(-15.5,-61.2448339549569,24.9861951667501));
#9015=CARTESIAN_POINT('Ctrl Pts',(-15.5,-60.7360576104582,25.8989990537052));
#9016=CARTESIAN_POINT('Ctrl Pts',(-15.5,-60.2437539639029,26.7901697958727));
#9017=CARTESIAN_POINT('',(-15.5,-54.1058179377996,36.6149050270206));
#9018=CARTESIAN_POINT('Ctrl Pts',(-20.2888679723754,-68.8123383425187,13.734453679649));
#9019=CARTESIAN_POINT('Ctrl Pts',(-17.5715219900211,-66.8921936667304,16.0962718566367));
#9020=CARTESIAN_POINT('Ctrl Pts',(-14.8541760076667,-64.9720489909421,18.4580900336244));
#9021=CARTESIAN_POINT('Ctrl Pts',(-12.1368300253123,-63.0519043151537,20.8199082106121));
#9022=CARTESIAN_POINT('Ctrl Pts',(-17.38170698167,-68.8464569719798,13.6612860426514));
#9023=CARTESIAN_POINT('Ctrl Pts',(-15.1262777915784,-67.0313803289043,15.7977850963621));
#9024=CARTESIAN_POINT('Ctrl Pts',(-12.8706688565152,-65.2161951096041,17.9345169925382));
#9025=CARTESIAN_POINT('Ctrl Pts',(-10.6152396664236,-63.4011184665286,20.0710160462488));
#9026=CARTESIAN_POINT('Ctrl Pts',(-14.4616521658703,-68.8746433486781,13.6008401627578));
#9027=CARTESIAN_POINT('Ctrl Pts',(-12.6283827440854,-67.1463377381969,15.5512581365703));
#9028=CARTESIAN_POINT('Ctrl Pts',(-10.7949466583606,-65.4179198863231,17.5019168128259));
#9029=CARTESIAN_POINT('Ctrl Pts',(-8.96167723657571,-63.6896142758419,19.4523347866384));
#9030=CARTESIAN_POINT('Ctrl Pts',(-11.5336878215785,-68.895500925043,13.5561109458981));
#9031=CARTESIAN_POINT('Ctrl Pts',(-10.0981780374767,-67.2313665067799,15.3689133539016));
#9032=CARTESIAN_POINT('Ctrl Pts',(-8.66266825337483,-65.5672320885168,17.181715761905));
#9033=CARTESIAN_POINT('Ctrl Pts',(-7.22715846927299,-63.9030976702537,18.9945181699084));
#9034=CARTESIAN_POINT('',(-20.2888679723754,-68.8123383425187,13.734453679649));
#9035=CARTESIAN_POINT('',(-21.1715728752538,-69.4360797175812,12.9672387213506));
#9036=CARTESIAN_POINT('',(-11.4422217473315,-68.789467623185,13.6716168947129));
#9037=CARTESIAN_POINT('Ctrl Pts',(-11.4422217473315,-68.789467623185,13.6716168947129));
#9038=CARTESIAN_POINT('Ctrl Pts',(-11.9604325004048,-68.7906814922009,13.6749500394495));
#9039=CARTESIAN_POINT('Ctrl Pts',(-12.4834158217958,-68.7919491249331,13.6784308466947));
#9040=CARTESIAN_POINT('Ctrl Pts',(-13.0068503641639,-68.7932466886494,13.6820037490091));
#9041=CARTESIAN_POINT('Ctrl Pts',(-13.5268137811347,-68.7945356476481,13.6855529578319));
#9042=CARTESIAN_POINT('Ctrl Pts',(-14.0472226284669,-68.7958546176464,13.6891920242496));
#9043=CARTESIAN_POINT('Ctrl Pts',(-14.5637913248297,-68.7971846193466,13.6928570808206));
#9044=CARTESIAN_POINT('Ctrl Pts',(-14.997003741574,-68.7983000048799,13.6959307243181));
#9045=CARTESIAN_POINT('Ctrl Pts',(-15.4275145148238,-68.7994233484219,13.6990222194509));
#9046=CARTESIAN_POINT('Ctrl Pts',(-15.8527677051031,-68.8005423142268,13.702096343765));
#9047=CARTESIAN_POINT('Ctrl Pts',(-16.7939240416894,-68.8030187724447,13.7088998943175));
#9048=CARTESIAN_POINT('Ctrl Pts',(-17.7496102015242,-68.8055768082508,13.7159124270225));
#9049=CARTESIAN_POINT('Ctrl Pts',(-18.7325237828681,-68.8082000512553,13.7231015498702));
#9050=CARTESIAN_POINT('Ctrl Pts',(-19.2433547606273,-68.8095633794403,13.7268378159298));
#9051=CARTESIAN_POINT('Ctrl Pts',(-19.7615404849679,-68.8109439407601,13.7306225923034));
#9052=CARTESIAN_POINT('Ctrl Pts',(-20.2888679723754,-68.8123383425187,13.734453679649));
#9053=CARTESIAN_POINT('',(-12.,-69.4360797175812,12.9672387213506));
#9054=CARTESIAN_POINT('Ctrl Pts',(-23.9065328210915,-68.1871781214158,15.5923689889815));
#9055=CARTESIAN_POINT('Ctrl Pts',(-20.5120532856252,-66.2421432458894,17.8333211350378));
#9056=CARTESIAN_POINT('Ctrl Pts',(-17.1175737501588,-64.297108370363,20.0742732810942));
#9057=CARTESIAN_POINT('Ctrl Pts',(-13.7230942146925,-62.3520734948367,22.3152254271506));
#9058=CARTESIAN_POINT('Ctrl Pts',(-22.967674752132,-68.5841877084995,14.7409791819717));
#9059=CARTESIAN_POINT('Ctrl Pts',(-19.716686257071,-66.5869028155197,17.0939818520537));
#9060=CARTESIAN_POINT('Ctrl Pts',(-16.4656911169118,-64.5896152917379,19.4469901639088));
#9061=CARTESIAN_POINT('Ctrl Pts',(-13.2147026218508,-62.5923303987581,21.7999928339908));
#9062=CARTESIAN_POINT('Ctrl Pts',(-22.0285973778976,-68.9811193866759,13.8897564511532));
#9063=CARTESIAN_POINT('Ctrl Pts',(-18.9131330811535,-66.9287541735496,16.3608792489731));
#9064=CARTESIAN_POINT('Ctrl Pts',(-15.7976622662308,-64.8763862735082,18.8320078089011));
#9065=CARTESIAN_POINT('Ctrl Pts',(-12.6821979694866,-62.824021060382,21.3031306067211));
#9066=CARTESIAN_POINT('Ctrl Pts',(-21.0893259586639,-69.3779619879966,13.0387247462678));
#9067=CARTESIAN_POINT('Ctrl Pts',(-18.1023365311442,-67.2672805057223,15.634907186854));
#9068=CARTESIAN_POINT('Ctrl Pts',(-15.1153471036246,-65.156599023448,18.2310896274403));
#9069=CARTESIAN_POINT('Ctrl Pts',(-12.1283576761049,-63.0459175411737,20.8272720680266));
#9070=CARTESIAN_POINT('',(-23.03250122088,-67.6863585032795,16.1693832174517));
#9071=CARTESIAN_POINT('',(-24.,-68.2407347626607,15.5306642495737));
#9072=CARTESIAN_POINT('Ctrl Pts',(-22.8224612512982,-68.6455175045092,14.6094570099953));
#9073=CARTESIAN_POINT('Ctrl Pts',(-22.8915930764026,-68.3304373615485,15.1215687230815));
#9074=CARTESIAN_POINT('Ctrl Pts',(-22.9632225738657,-68.0036083126815,15.6529660499027));
#9075=CARTESIAN_POINT('Ctrl Pts',(-23.03250122088,-67.6863585032795,16.1693832174517));
#9076=CARTESIAN_POINT('Ctrl Pts',(-20.2888679723754,-68.8123383425187,13.734453679649));
#9077=CARTESIAN_POINT('Ctrl Pts',(-20.9139355485366,-68.8472698198443,13.8304271248291));
#9078=CARTESIAN_POINT('Ctrl Pts',(-21.5170977051134,-68.8810690365869,13.9232897096247));
#9079=CARTESIAN_POINT('Ctrl Pts',(-22.1775258626257,-68.9180672986547,14.0249415992152));
#9080=CARTESIAN_POINT('Ctrl Pts',(-23.2060830568732,-63.9797596848178,24.1182100351955));
#9081=CARTESIAN_POINT('Ctrl Pts',(-20.6373887045821,-62.7344244445128,25.0088632887546));
#9082=CARTESIAN_POINT('Ctrl Pts',(-18.068694352291,-61.4890892042079,25.8995165423137));
#9083=CARTESIAN_POINT('Ctrl Pts',(-15.5,-60.2437539639029,26.7901697958727));
#9084=CARTESIAN_POINT('Ctrl Pts',(-23.1634844330705,-65.2187540725321,21.4611779962698));
#9085=CARTESIAN_POINT('Ctrl Pts',(-20.4570469620565,-63.8018609412385,22.7197383343218));
#9086=CARTESIAN_POINT('Ctrl Pts',(-17.7503591551935,-62.3849072712665,23.9784284979888));
#9087=CARTESIAN_POINT('Ctrl Pts',(-15.0439216841796,-60.968014139973,25.2369888360409));
#9088=CARTESIAN_POINT('Ctrl Pts',(-23.104698330868,-66.4549333859413,18.8101829036729));
#9089=CARTESIAN_POINT('Ctrl Pts',(-20.2080577655551,-64.8573557942423,20.4562223174929));
#9090=CARTESIAN_POINT('Ctrl Pts',(-17.3111741591543,-63.2597125691126,22.1024024826594));
#9091=CARTESIAN_POINT('Ctrl Pts',(-14.4145335938414,-61.6621349774137,23.7484418964794));
#9092=CARTESIAN_POINT('Ctrl Pts',(-23.03250122088,-67.6863585032795,16.1693832174517));
#9093=CARTESIAN_POINT('Ctrl Pts',(-19.9021880674836,-65.8926908169494,18.2359391962517));
#9094=CARTESIAN_POINT('Ctrl Pts',(-16.7718749140872,-64.0990231306193,20.3024951750517));
#9095=CARTESIAN_POINT('Ctrl Pts',(-13.6415617606909,-62.3053554442891,22.3690511538516));
#9096=CARTESIAN_POINT('',(-23.0718204673686,-63.9146674974131,24.1647634182661));
#9097=CARTESIAN_POINT('',(-24.,-64.3646605766928,23.8429321657904));
#9098=CARTESIAN_POINT('Ctrl Pts',(-23.03250122088,-67.6863585032795,16.1693832174517));
#9099=CARTESIAN_POINT('Ctrl Pts',(-23.0432526592367,-66.7142442166533,18.228648962187));
#9100=CARTESIAN_POINT('Ctrl Pts',(-23.0465370542497,-66.4182921926262,18.8555485851725));
#9101=CARTESIAN_POINT('Ctrl Pts',(-23.0597677044054,-65.1714963837299,21.4980044404685));
#9102=CARTESIAN_POINT('Ctrl Pts',(-23.0661728324822,-64.5397998779297,22.837526144623));
#9103=CARTESIAN_POINT('Ctrl Pts',(-23.0718204673686,-63.9146674974131,24.1647634182661));
#9104=CARTESIAN_POINT('Ctrl Pts',(-24.,-55.0670588183973,43.7817034805969));
#9105=CARTESIAN_POINT('Ctrl Pts',(-21.0121789146755,-54.9295653723366,42.0061484640058));
#9106=CARTESIAN_POINT('Ctrl Pts',(-18.024357829351,-54.7920719262758,40.2305934474147));
#9107=CARTESIAN_POINT('Ctrl Pts',(-15.0365367440265,-54.6545784802151,38.4550384308237));
#9108=CARTESIAN_POINT('Ctrl Pts',(-21.7685542547351,-56.6673856194222,40.349791580722));
#9109=CARTESIAN_POINT('Ctrl Pts',(-19.6457481528335,-56.3159585092504,39.0330187873471));
#9110=CARTESIAN_POINT('Ctrl Pts',(-17.5088614213343,-55.9633446669033,37.7187909493349));
#9111=CARTESIAN_POINT('Ctrl Pts',(-15.3860553194327,-55.6119175567315,36.4020181559599));
#9112=CARTESIAN_POINT('Ctrl Pts',(-19.9524484225494,-59.9800471420016,33.2457660202449));
#9113=CARTESIAN_POINT('Ctrl Pts',(-18.5166418923175,-59.1468937599569,32.9620585506924));
#9114=CARTESIAN_POINT('Ctrl Pts',(-17.0854577814886,-58.3138579283014,32.6780989935171));
#9115=CARTESIAN_POINT('Ctrl Pts',(-15.6496512512568,-57.4807045462568,32.3943915239647));
#9116=CARTESIAN_POINT('Ctrl Pts',(-22.3264156910513,-63.1644154759241,26.4168660906965));
#9117=CARTESIAN_POINT('Ctrl Pts',(-19.9838674568798,-61.8762983952743,27.1088314213835));
#9118=CARTESIAN_POINT('Ctrl Pts',(-17.6412239097527,-60.5891739375975,27.7986680652354));
#9119=CARTESIAN_POINT('Ctrl Pts',(-15.2986756755812,-59.3010568569478,28.4906333959224));
#9120=CARTESIAN_POINT('Ctrl Pts',(-24.,-64.3646605766928,23.8429321657904));
#9121=CARTESIAN_POINT('Ctrl Pts',(-21.0121789146755,-62.9161274392402,24.8789108404518));
#9122=CARTESIAN_POINT('Ctrl Pts',(-18.024357829351,-61.4675943017877,25.9148895151132));
#9123=CARTESIAN_POINT('Ctrl Pts',(-15.0365367440265,-60.0190611643351,26.9508681897745));
#9124=CARTESIAN_POINT('',(-23.0718204673686,-55.0243458851727,43.2301196412714));
#9125=CARTESIAN_POINT('',(-24.,-55.0670588183973,43.7817034805969));
#9126=CARTESIAN_POINT('',(-22.8,-56.0617388525376,41.6486052636903));
#9127=CARTESIAN_POINT('Ctrl Pts',(-22.8,-56.0617388525377,41.6486052636902));
#9128=CARTESIAN_POINT('Ctrl Pts',(-22.8834225725971,-55.7208655589877,42.182215777375));
#9129=CARTESIAN_POINT('Ctrl Pts',(-22.9739899362658,-55.3769628727888,42.7054168286155));
#9130=CARTESIAN_POINT('Ctrl Pts',(-23.0718204673686,-55.0243458851727,43.2301196412714));
#9131=CARTESIAN_POINT('',(-22.8,-63.3699805425525,25.976030382697));
#9132=CARTESIAN_POINT('Ctrl Pts',(-22.8007332450362,-63.3695849793182,25.9768786707903));
#9133=CARTESIAN_POINT('Ctrl Pts',(-21.8374794149601,-62.433123561459,27.9851266621796));
#9134=CARTESIAN_POINT('Ctrl Pts',(-20.377475593517,-59.9670335048361,33.2736738552073));
#9135=CARTESIAN_POINT('Ctrl Pts',(-21.4074361888912,-57.4247048082183,38.7257153393142));
#9136=CARTESIAN_POINT('Ctrl Pts',(-22.8032461759733,-56.0621554134549,41.6477119459204));
#9137=CARTESIAN_POINT('Ctrl Pts',(-23.0718204673686,-63.9146674974132,24.1647634182661));
#9138=CARTESIAN_POINT('Ctrl Pts',(-22.9739899362658,-63.7393796540938,24.7721561689217));
#9139=CARTESIAN_POINT('Ctrl Pts',(-22.8834225725971,-63.5596407817836,25.3719080637704));
#9140=CARTESIAN_POINT('Ctrl Pts',(-22.8,-63.3699805425524,25.9760303826971));
#9141=CARTESIAN_POINT('Ctrl Pts',(-23.03250122088,-51.3239255578524,51.2587339052937));
#9142=CARTESIAN_POINT('Ctrl Pts',(-19.9021880674836,-51.7540519171383,48.5563481634822));
#9143=CARTESIAN_POINT('Ctrl Pts',(-16.7718749140872,-52.1841782764242,45.8539624216707));
#9144=CARTESIAN_POINT('Ctrl Pts',(-13.6415617606908,-52.6143046357101,43.1515766798591));
#9145=CARTESIAN_POINT('Ctrl Pts',(-23.104698330868,-52.5553506751907,48.6179342190725));
#9146=CARTESIAN_POINT('Ctrl Pts',(-20.2080577655551,-52.7893869398454,46.336065042241));
#9147=CARTESIAN_POINT('Ctrl Pts',(-17.3111741591543,-53.0234888379309,44.0540551140629));
#9148=CARTESIAN_POINT('Ctrl Pts',(-14.4145335938414,-53.2575251025855,41.7721859372313));
#9149=CARTESIAN_POINT('Ctrl Pts',(-23.1634844330705,-53.7915299886,45.9669391264757));
#9150=CARTESIAN_POINT('Ctrl Pts',(-20.4570469620565,-53.8448817928492,44.072549025412));
#9151=CARTESIAN_POINT('Ctrl Pts',(-17.7503591551935,-53.898294135777,42.1780290987335));
#9152=CARTESIAN_POINT('Ctrl Pts',(-15.0439216841795,-53.9516459400263,40.2836389976699));
#9153=CARTESIAN_POINT('Ctrl Pts',(-23.2060830568732,-55.0305243763142,43.30990708755));
#9154=CARTESIAN_POINT('Ctrl Pts',(-20.6373887045821,-54.9123182895749,41.7834240709793));
#9155=CARTESIAN_POINT('Ctrl Pts',(-18.068694352291,-54.7941122028356,40.2569410544087));
#9156=CARTESIAN_POINT('Ctrl Pts',(-15.5,-54.6759061160964,38.730458037838));
#9157=CARTESIAN_POINT('',(-23.03250122088,-51.3239255578524,51.2587339052938));
#9158=CARTESIAN_POINT('',(-24.,-51.1909846324294,52.0939713968135));
#9159=CARTESIAN_POINT('Ctrl Pts',(-23.0718204673686,-55.0243458851727,43.2301196412714));
#9160=CARTESIAN_POINT('Ctrl Pts',(-23.069414131237,-54.7622558346744,43.797869533164));
#9161=CARTESIAN_POINT('Ctrl Pts',(-23.0668663865033,-54.4992313553282,44.3679489688776));
#9162=CARTESIAN_POINT('Ctrl Pts',(-23.0642216355679,-54.2363853123739,44.9378697216834));
#9163=CARTESIAN_POINT('Ctrl Pts',(-23.0616110342157,-53.9769331930904,45.5004315372509));
#9164=CARTESIAN_POINT('Ctrl Pts',(-23.0589069911806,-53.7176548915748,46.0628388278944));
#9165=CARTESIAN_POINT('Ctrl Pts',(-23.0561560037925,-53.4596418406575,46.622653216919));
#9166=CARTESIAN_POINT('Ctrl Pts',(-23.055153338272,-53.3656025909289,46.8266914426754));
#9167=CARTESIAN_POINT('Ctrl Pts',(-23.054144394704,-53.2717316272239,47.0303847769711));
#9168=CARTESIAN_POINT('Ctrl Pts',(-23.0531311375389,-53.1780825206967,47.2336136012774));
#9169=CARTESIAN_POINT('Ctrl Pts',(-23.0519259765746,-53.0666969303278,47.4753325392875));
#9170=CARTESIAN_POINT('Ctrl Pts',(-23.0508065468794,-52.9659250323782,47.6940288110574));
#9171=CARTESIAN_POINT('Ctrl Pts',(-23.0497361846839,-52.8698768782353,47.9024875351748));
#9172=CARTESIAN_POINT('Ctrl Pts',(-23.0486077716255,-52.7686195731613,48.1222519732494));
#9173=CARTESIAN_POINT('Ctrl Pts',(-23.0475331872593,-52.6726121770338,48.3306385281828));
#9174=CARTESIAN_POINT('Ctrl Pts',(-23.0464458481781,-52.5749315733042,48.5426744085765));
#9175=CARTESIAN_POINT('Ctrl Pts',(-23.0454039815696,-52.4813359681365,48.7458429577562));
#9176=CARTESIAN_POINT('Ctrl Pts',(-23.044349895926,-52.3862041788269,48.9523619794446));
#9177=CARTESIAN_POINT('Ctrl Pts',(-23.0432129681381,-52.2834274923096,49.1754904721841));
#9178=CARTESIAN_POINT('Ctrl Pts',(-23.0421477430883,-52.1871326333204,49.3845468980419));
#9179=CARTESIAN_POINT('Ctrl Pts',(-23.0410094307368,-52.0841269627472,49.6081833859751));
#9180=CARTESIAN_POINT('Ctrl Pts',(-23.0397348843042,-51.9693680812053,49.8573440235726));
#9181=CARTESIAN_POINT('Ctrl Pts',(-23.0386004485839,-51.8672246275826,50.0791144668627));
#9182=CARTESIAN_POINT('Ctrl Pts',(-23.037357709723,-51.7557700828885,50.3211055726539));
#9183=CARTESIAN_POINT('Ctrl Pts',(-23.0359628797428,-51.6314321627473,50.5910702394202));
#9184=CARTESIAN_POINT('Ctrl Pts',(-23.0349024446035,-51.5369028641701,50.7963139057214));
#9185=CARTESIAN_POINT('Ctrl Pts',(-23.0337539922729,-51.434926768955,51.0177267302461));
#9186=CARTESIAN_POINT('Ctrl Pts',(-23.03250122088,-51.3239255578524,51.2587339052937));
#9187=CARTESIAN_POINT('Ctrl Pts',(-21.0893259586639,-50.0130437931774,54.5669258301592));
#9188=CARTESIAN_POINT('Ctrl Pts',(-18.1023365806879,-50.6451150098269,51.2812561586719));
#9189=CARTESIAN_POINT('Ctrl Pts',(-15.1153472027118,-51.2771862264765,47.9955864871846));
#9190=CARTESIAN_POINT('Ctrl Pts',(-12.1283578247358,-51.9092574431261,44.7099168156973));
#9191=CARTESIAN_POINT('Ctrl Pts',(-22.0285973778976,-50.4098863944981,53.7158941252738));
#9192=CARTESIAN_POINT('Ctrl Pts',(-18.9131331328281,-50.9836413429669,50.5552840944785));
#9193=CARTESIAN_POINT('Ctrl Pts',(-15.79766236958,-51.5573989783507,47.3946683015753));
#9194=CARTESIAN_POINT('Ctrl Pts',(-12.6821981245105,-52.1311539268195,44.23405827078));
#9195=CARTESIAN_POINT('Ctrl Pts',(-22.967674752132,-50.8068180726744,52.8646713944552));
#9196=CARTESIAN_POINT('Ctrl Pts',(-19.7166863109935,-51.3254927019103,49.8221814894387));
#9197=CARTESIAN_POINT('Ctrl Pts',(-16.4656912247568,-51.8441699619482,46.7796859426492));
#9198=CARTESIAN_POINT('Ctrl Pts',(-13.2147027836182,-52.3628445911841,43.7371960376327));
#9199=CARTESIAN_POINT('Ctrl Pts',(-23.9065328210915,-51.2038276597582,52.0132815874455));
#9200=CARTESIAN_POINT('Ctrl Pts',(-20.5120533419277,-51.6702522724073,49.0828422045961));
#9201=CARTESIAN_POINT('Ctrl Pts',(-17.1175738627638,-52.1366768850564,46.1524028217466));
#9202=CARTESIAN_POINT('Ctrl Pts',(-13.7230943835999,-52.6031014977056,43.2219634388972));
#9203=CARTESIAN_POINT('',(-12.8639814891419,-51.7535934948196,45.5190982715069));
#9204=CARTESIAN_POINT('',(-21.1715728752538,-49.9956396775089,54.6573969250367));
#9205=CARTESIAN_POINT('',(-14.7513869273216,-51.3542031590721,47.5952325143486));
#9206=CARTESIAN_POINT('Ctrl Pts',(-14.7513895540875,-51.3541915671461,47.5952363624976));
#9207=CARTESIAN_POINT('Ctrl Pts',(-14.823225406452,-51.3670419191161,47.5849104667711));
#9208=CARTESIAN_POINT('Ctrl Pts',(-14.8942358252409,-51.3812869869322,47.5698620777369));
#9209=CARTESIAN_POINT('Ctrl Pts',(-14.9639137670023,-51.3968573063738,47.5501027776574));
#9210=CARTESIAN_POINT('Ctrl Pts',(-14.9639182089612,-51.3968582989795,47.5501015180049));
#9211=CARTESIAN_POINT('Ctrl Pts',(-14.9639226509126,-51.3968592915901,47.5501002583336));
#9212=CARTESIAN_POINT('Ctrl Pts',(-14.9639270928567,-51.3968602842057,47.5500989986436));
#9213=CARTESIAN_POINT('Ctrl Pts',(-15.0762039436469,-51.4219501443776,47.5182584299196));
#9214=CARTESIAN_POINT('Ctrl Pts',(-15.1837897343883,-51.4502454910716,47.4744904794986));
#9215=CARTESIAN_POINT('Ctrl Pts',(-15.2848118373606,-51.4811753078435,47.4196814484964));
#9216=CARTESIAN_POINT('Ctrl Pts',(-15.3537912121134,-51.5022946407357,47.3822570376189));
#9217=CARTESIAN_POINT('Ctrl Pts',(-15.419709271714,-51.5246420509175,47.3396851596751));
#9218=CARTESIAN_POINT('Ctrl Pts',(-15.4819600705395,-51.5480315608645,47.2922572388731));
#9219=CARTESIAN_POINT('Ctrl Pts',(-15.4819757688739,-51.548037459204,47.2922452785549));
#9220=CARTESIAN_POINT('Ctrl Pts',(-15.4819914669337,-51.5480433576033,47.2922333179315));
#9221=CARTESIAN_POINT('Ctrl Pts',(-15.4820071647189,-51.5480492560624,47.292221357003));
#9222=CARTESIAN_POINT('Ctrl Pts',(-15.533812058762,-51.5675149985956,47.2527486144636));
#9223=CARTESIAN_POINT('Ctrl Pts',(-15.5825859704634,-51.5876346624647,47.2100823769594));
#9224=CARTESIAN_POINT('Ctrl Pts',(-15.6281895189603,-51.6082562075103,47.1645809829137));
#9225=CARTESIAN_POINT('Ctrl Pts',(-15.676479971214,-51.6300927480701,47.116398703923));
#9226=CARTESIAN_POINT('Ctrl Pts',(-15.7212161830674,-51.6524924612907,47.0650364103443));
#9227=CARTESIAN_POINT('Ctrl Pts',(-15.7621790010125,-51.675277668245,47.0108886715434));
#9228=CARTESIAN_POINT('Ctrl Pts',(-15.8031418189576,-51.6980628751994,46.9567409327424));
#9229=CARTESIAN_POINT('Ctrl Pts',(-15.8403314775069,-51.7212340137379,46.8998065295788));
#9230=CARTESIAN_POINT('Ctrl Pts',(-15.8734701466405,-51.744609624785,46.8404669437595));
#9231=CARTESIAN_POINT('Ctrl Pts',(-15.903849228719,-51.7660386569458,46.786068798172));
#9232=CARTESIAN_POINT('Ctrl Pts',(-15.9306441719969,-51.7875115260084,46.7299402702206));
#9233=CARTESIAN_POINT('Ctrl Pts',(-15.9537632292048,-51.8089224544271,46.672441014092));
#9234=CARTESIAN_POINT('Ctrl Pts',(-15.9769145179524,-51.83036323299,46.6148615951116));
#9235=CARTESIAN_POINT('Ctrl Pts',(-15.9963803670519,-51.851742209969,46.5559069111556));
#9236=CARTESIAN_POINT('Ctrl Pts',(-16.0120330555581,-51.8729605767578,46.4959008465363));
#9237=CARTESIAN_POINT('Ctrl Pts',(-16.0273640883246,-51.8937429156105,46.4371278796749));
#9238=CARTESIAN_POINT('Ctrl Pts',(-16.0390376074302,-51.9143715026498,46.3773454881412));
#9239=CARTESIAN_POINT('Ctrl Pts',(-16.046890538734,-51.9347558612879,46.3168337069982));
#9240=CARTESIAN_POINT('Ctrl Pts',(-16.0490903954636,-51.9404661708264,46.2998824255189));
#9241=CARTESIAN_POINT('Ctrl Pts',(-16.0509901444603,-51.9461573130424,46.2828737974571));
#9242=CARTESIAN_POINT('Ctrl Pts',(-16.0525854863517,-51.9518272790061,46.2658137615642));
#9243=CARTESIAN_POINT('Ctrl Pts',(-16.0526052088538,-51.9518973742727,46.2656028559305));
#9244=CARTESIAN_POINT('Ctrl Pts',(-16.0526248838248,-51.9519674650407,46.2653919436531));
#9245=CARTESIAN_POINT('Ctrl Pts',(-16.0526445112575,-51.9520375513043,46.2651810247477));
#9246=CARTESIAN_POINT('Ctrl Pts',(-16.0622109614795,-51.9861977372432,46.1623787257779));
#9247=CARTESIAN_POINT('Ctrl Pts',(-16.061082322324,-52.0190970772011,46.0588348562161));
#9248=CARTESIAN_POINT('Ctrl Pts',(-16.0495191258683,-52.0503240759367,45.9560577585554));
#9249=CARTESIAN_POINT('Ctrl Pts',(-16.0390390714231,-52.0786259947153,45.8629079462753));
#9250=CARTESIAN_POINT('Ctrl Pts',(-16.0199887122716,-52.1055546659595,45.7703869391708));
#9251=CARTESIAN_POINT('Ctrl Pts',(-15.9925497401655,-52.1308139061326,45.6795841098252));
#9252=CARTESIAN_POINT('Ctrl Pts',(-15.9925101064523,-52.1308503913725,45.6794529513664));
#9253=CARTESIAN_POINT('Ctrl Pts',(-15.9924704551795,-52.1308868730707,45.6793217964895));
#9254=CARTESIAN_POINT('Ctrl Pts',(-15.9924307863475,-52.1309233512262,45.6791906451978));
#9255=CARTESIAN_POINT('Ctrl Pts',(-15.9464318738109,-52.1732224408989,45.527111128864));
#9256=CARTESIAN_POINT('Ctrl Pts',(-15.877580412614,-52.210225604205,45.3818254006785));
#9257=CARTESIAN_POINT('Ctrl Pts',(-15.7885036267107,-52.2407803444768,45.247819507692));
#9258=CARTESIAN_POINT('Ctrl Pts',(-15.7734807216259,-52.2459334374891,45.2252192556653));
#9259=CARTESIAN_POINT('Ctrl Pts',(-15.7578826627181,-52.2509031285427,45.2029398463622));
#9260=CARTESIAN_POINT('Ctrl Pts',(-15.7417221996736,-52.2556839090308,45.1810027937259));
#9261=CARTESIAN_POINT('Ctrl Pts',(-15.7416862847743,-52.2556945338037,45.1809540409745));
#9262=CARTESIAN_POINT('Ctrl Pts',(-15.7416503671369,-52.2557051576743,45.180905289926));
#9263=CARTESIAN_POINT('Ctrl Pts',(-15.7416144467613,-52.2557157806426,45.1808565405805));
#9264=CARTESIAN_POINT('Ctrl Pts',(-15.7035572512027,-52.2669706846749,45.1292072092965));
#9265=CARTESIAN_POINT('Ctrl Pts',(-15.6624747530659,-52.2771634784443,45.0796385536344));
#9266=CARTESIAN_POINT('Ctrl Pts',(-15.6186056112417,-52.2862204462773,45.0323785820264));
#9267=CARTESIAN_POINT('Ctrl Pts',(-15.5922234297885,-52.2916671579942,45.0039572112271));
#9268=CARTESIAN_POINT('Ctrl Pts',(-15.5648524937933,-52.2966992985987,44.976391848804));
#9269=CARTESIAN_POINT('Ctrl Pts',(-15.5365455352732,-52.3013050571215,44.9497300870692));
#9270=CARTESIAN_POINT('Ctrl Pts',(-15.5115526969022,-52.3053715829637,44.926189829247));
#9271=CARTESIAN_POINT('Ctrl Pts',(-15.4858416017898,-52.3091038845093,44.9033647776344));
#9272=CARTESIAN_POINT('Ctrl Pts',(-15.4594489331284,-52.3124959284881,44.8812872312745));
#9273=CARTESIAN_POINT('Ctrl Pts',(-15.426863759278,-52.3166838468899,44.8540296357825));
#9274=CARTESIAN_POINT('Ctrl Pts',(-15.393259073145,-52.3203505551333,44.8279275164411));
#9275=CARTESIAN_POINT('Ctrl Pts',(-15.3587050892342,-52.3234887492001,44.8030414592342));
#9276=CARTESIAN_POINT('Ctrl Pts',(-15.3038504486844,-52.3284706496361,44.7635347057927));
#9277=CARTESIAN_POINT('Ctrl Pts',(-15.2466853693572,-52.3321115288829,44.7271507783814));
#9278=CARTESIAN_POINT('Ctrl Pts',(-15.1875089052068,-52.3344080221608,44.6941306668554));
#9279=CARTESIAN_POINT('Ctrl Pts',(-15.1762560031219,-52.3348447196615,44.6878516150876));
#9280=CARTESIAN_POINT('Ctrl Pts',(-15.1649302501685,-52.3352327612987,44.6816942832866));
#9281=CARTESIAN_POINT('Ctrl Pts',(-15.1535335416732,-52.3355720614487,44.6756604562474));
#9282=CARTESIAN_POINT('Ctrl Pts',(-15.1535034608895,-52.3355729570068,44.6756445303996));
#9283=CARTESIAN_POINT('Ctrl Pts',(-15.1534733796562,-52.3355738522307,44.6756286054157));
#9284=CARTESIAN_POINT('Ctrl Pts',(-15.1534432979732,-52.3355747471205,44.6756126812959));
#9285=CARTESIAN_POINT('Ctrl Pts',(-15.0082309132911,-52.3398946210731,44.5987426666769));
#9286=CARTESIAN_POINT('Ctrl Pts',(-14.8527282046193,-52.3361510832432,44.5422778521593));
#9287=CARTESIAN_POINT('Ctrl Pts',(-14.6918512892512,-52.324390948126,44.5084699771878));
#9288=CARTESIAN_POINT('Ctrl Pts',(-14.6917478166531,-52.3243833842581,44.5084482326842));
#9289=CARTESIAN_POINT('Ctrl Pts',(-14.6916443425858,-52.3243758171158,44.508426497765));
#9290=CARTESIAN_POINT('Ctrl Pts',(-14.6915408670506,-52.3243682466993,44.5084047724301));
#9291=CARTESIAN_POINT('Ctrl Pts',(-14.5806612528928,-52.3162561372649,44.4851249049817));
#9292=CARTESIAN_POINT('Ctrl Pts',(-14.4680918332921,-52.3044184787432,44.472830684442));
#9293=CARTESIAN_POINT('Ctrl Pts',(-14.3556117108432,-52.289006806108,44.4717247481425));
#9294=CARTESIAN_POINT('Ctrl Pts',(-14.2950018771541,-52.2807022373099,44.4711288151571));
#9295=CARTESIAN_POINT('Ctrl Pts',(-14.2344188950479,-52.2713600185583,44.4737815786926));
#9296=CARTESIAN_POINT('Ctrl Pts',(-14.1741472395959,-52.2610049650501,44.4797139465536));
#9297=CARTESIAN_POINT('Ctrl Pts',(-14.173974797774,-52.260975338449,44.4797309195123));
#9298=CARTESIAN_POINT('Ctrl Pts',(-14.1738023605748,-52.2609457034848,44.4797479206456));
#9299=CARTESIAN_POINT('Ctrl Pts',(-14.1736299280061,-52.2609160601595,44.4797649499501));
#9300=CARTESIAN_POINT('Ctrl Pts',(-14.108815489743,-52.2497736437794,44.4861659727349));
#9301=CARTESIAN_POINT('Ctrl Pts',(-14.0447416239917,-52.2375573314042,44.496484448895));
#9302=CARTESIAN_POINT('Ctrl Pts',(-13.9817247799453,-52.2243349244224,44.5105514582173));
#9303=CARTESIAN_POINT('Ctrl Pts',(-13.9182842790728,-52.2110236243349,44.5247130388341));
#9304=CARTESIAN_POINT('Ctrl Pts',(-13.8559142920055,-52.1966923497481,44.542674314874));
#9305=CARTESIAN_POINT('Ctrl Pts',(-13.7949659525351,-52.1814007789832,44.5643060065965));
#9306=CARTESIAN_POINT('Ctrl Pts',(-13.7428157562795,-52.1683166092851,44.5828150747429));
#9307=CARTESIAN_POINT('Ctrl Pts',(-13.6917065924772,-52.1545291174069,44.6040122780679));
#9308=CARTESIAN_POINT('Ctrl Pts',(-13.6418810989222,-52.1400727451391,44.6278365497856));
#9309=CARTESIAN_POINT('Ctrl Pts',(-13.5823592834809,-52.1228030813448,44.6562971590648));
#9310=CARTESIAN_POINT('Ctrl Pts',(-13.5249837896497,-52.1046977605627,44.6883379257471));
#9311=CARTESIAN_POINT('Ctrl Pts',(-13.470095338799,-52.0858970256794,44.7237440363557));
#9312=CARTESIAN_POINT('Ctrl Pts',(-13.4154438220918,-52.0671774469583,44.7589973112336));
#9313=CARTESIAN_POINT('Ctrl Pts',(-13.3632569642763,-52.047768195025,44.7975872681526));
#9314=CARTESIAN_POINT('Ctrl Pts',(-13.3138847178596,-52.027794869317,44.8393491972837));
#9315=CARTESIAN_POINT('Ctrl Pts',(-13.2650826373291,-52.0080522017172,44.8806288468131));
#9316=CARTESIAN_POINT('Ctrl Pts',(-13.2190296462986,-51.9877581644413,44.9250079827463));
#9317=CARTESIAN_POINT('Ctrl Pts',(-13.176090711461,-51.9670252052956,44.9723687406414));
#9318=CARTESIAN_POINT('Ctrl Pts',(-13.1760531578144,-51.9670070726096,44.9724101615376));
#9319=CARTESIAN_POINT('Ctrl Pts',(-13.1760156066501,-51.9669889396528,44.9724515845407));
#9320=CARTESIAN_POINT('Ctrl Pts',(-13.1759780579681,-51.9669708064253,44.9724930096504));
#9321=CARTESIAN_POINT('Ctrl Pts',(-13.1318909386772,-51.9456799987448,45.0211315677789));
#9322=CARTESIAN_POINT('Ctrl Pts',(-13.0913605100548,-51.9240533257451,45.0725457366516));
#9323=CARTESIAN_POINT('Ctrl Pts',(-13.0545101356974,-51.9022085109109,45.1263390415152));
#9324=CARTESIAN_POINT('Ctrl Pts',(-13.0173642114051,-51.8801884947737,45.1805637831831));
#9325=CARTESIAN_POINT('Ctrl Pts',(-12.9839572938862,-51.8579464938305,45.2372069460696));
#9326=CARTESIAN_POINT('Ctrl Pts',(-12.9544640801141,-51.8356037591021,45.2958821923233));
#9327=CARTESIAN_POINT('Ctrl Pts',(-12.9465846991877,-51.8296346938376,45.3115578192577));
#9328=CARTESIAN_POINT('Ctrl Pts',(-12.9389849347767,-51.82365845792,45.327378547142));
#9329=CARTESIAN_POINT('Ctrl Pts',(-12.9316687404541,-51.8176774184242,45.3433371074502));
#9330=CARTESIAN_POINT('Ctrl Pts',(-12.9054258638056,-51.7962236851314,45.4005797818778));
#9331=CARTESIAN_POINT('Ctrl Pts',(-12.8829364792823,-51.7748329516204,45.4593080790406));
#9332=CARTESIAN_POINT('Ctrl Pts',(-12.8642740742663,-51.7536104081049,45.5191950601784));
#9333=CARTESIAN_POINT('',(-20.2888679723754,-50.1824272054522,53.6864270415663));
#9334=CARTESIAN_POINT('',(-21.1715728752538,-49.9956396775089,54.6573969250367));
#9335=CARTESIAN_POINT('Ctrl Pts',(-22.1775258626257,-50.4729151250184,53.5806980854303));
#9336=CARTESIAN_POINT('Ctrl Pts',(-21.4772396209793,-50.3651283522895,53.6199292623512));
#9337=CARTESIAN_POINT('Ctrl Pts',(-20.9124791896126,-50.2781770399562,53.6515769518709));
#9338=CARTESIAN_POINT('Ctrl Pts',(-20.2888679723754,-50.1824272054522,53.6864270415663));
#9339=CARTESIAN_POINT('Ctrl Pts',(-23.03250122088,-51.3239255578525,51.2587339052938));
#9340=CARTESIAN_POINT('Ctrl Pts',(-22.9630178584654,-51.1316849138606,51.8354069388856));
#9341=CARTESIAN_POINT('Ctrl Pts',(-22.8916417969699,-50.9353927374546,52.42524701934));
#9342=CARTESIAN_POINT('Ctrl Pts',(-22.8224612512982,-50.7454882766646,52.9961935664316));
#9343=CARTESIAN_POINT('Ctrl Pts',(-11.5336878215785,-50.0992646229279,53.8647697753171));
#9344=CARTESIAN_POINT('Ctrl Pts',(-10.0981780374766,-50.4182668491391,51.4247219249291));
#9345=CARTESIAN_POINT('Ctrl Pts',(-8.66266825337478,-50.7372690753504,48.984674074541));
#9346=CARTESIAN_POINT('Ctrl Pts',(-7.22715846927292,-51.0562713015617,46.544626224153));
#9347=CARTESIAN_POINT('Ctrl Pts',(-14.4941266436359,-50.1203535337014,53.8195444602173));
#9348=CARTESIAN_POINT('Ctrl Pts',(-12.6564476368233,-50.5042374490935,51.2403573783667));
#9349=CARTESIAN_POINT('Ctrl Pts',(-10.8185940429375,-50.8882385559127,48.6609189786896));
#9350=CARTESIAN_POINT('Ctrl Pts',(-8.98091503612487,-51.2721224713048,46.081731896839));
#9351=CARTESIAN_POINT('Ctrl Pts',(-17.4464774228194,-50.1489359577582,53.7582492540226));
#9352=CARTESIAN_POINT('Ctrl Pts',(-15.1816771191622,-50.6208101827957,50.9903663441996));
#9353=CARTESIAN_POINT('Ctrl Pts',(-12.9166884222702,-51.0927977161286,48.222240443953));
#9354=CARTESIAN_POINT('Ctrl Pts',(-10.651888118613,-51.5646719411661,45.45435753413));
#9355=CARTESIAN_POINT('Ctrl Pts',(-20.3855944760417,-50.18356461626,53.6839878562174));
#9356=CARTESIAN_POINT('Ctrl Pts',(-17.6528663658133,-50.762078540488,50.6874153734795));
#9357=CARTESIAN_POINT('Ctrl Pts',(-14.9201382555849,-51.3405924647159,47.6908428907415));
#9358=CARTESIAN_POINT('Ctrl Pts',(-12.1874101453564,-51.9191063889439,44.6942704080035));
#9359=CARTESIAN_POINT('',(-11.4422217473315,-50.1195904205161,53.7092977609));
#9360=CARTESIAN_POINT('',(-12.,-49.9956396775089,54.6573969250367));
#9361=CARTESIAN_POINT('Ctrl Pts',(-20.2888679385354,-50.1824272255448,53.6864269984775));
#9362=CARTESIAN_POINT('Ctrl Pts',(-19.1183744627733,-50.1739239420835,53.689521106676));
#9363=CARTESIAN_POINT('Ctrl Pts',(-17.9910582982102,-50.1656244086809,53.6925285831415));
#9364=CARTESIAN_POINT('Ctrl Pts',(-16.890668249475,-50.1575983613527,53.6954459770964));
#9365=CARTESIAN_POINT('Ctrl Pts',(-16.5580721999472,-50.155172465519,53.69632776779));
#9366=CARTESIAN_POINT('Ctrl Pts',(-16.2279361718716,-50.1527716676516,53.6972010861733));
#9367=CARTESIAN_POINT('Ctrl Pts',(-15.8998117521537,-50.150398357345,53.6980648419437));
#9368=CARTESIAN_POINT('Ctrl Pts',(-15.3970664762069,-50.1467620216341,53.6993882702136));
#9369=CARTESIAN_POINT('Ctrl Pts',(-14.8866927370842,-50.1431002569911,53.7007239277622));
#9370=CARTESIAN_POINT('Ctrl Pts',(-14.3730231985119,-50.1394719192559,53.7020490300544));
#9371=CARTESIAN_POINT('Ctrl Pts',(-13.8534350642174,-50.1358017751401,53.7033894004212));
#9372=CARTESIAN_POINT('Ctrl Pts',(-13.3304747048052,-50.1321662757914,53.7047180206184));
#9373=CARTESIAN_POINT('Ctrl Pts',(-12.8085731365952,-50.1286278342503,53.7060080943193));
#9374=CARTESIAN_POINT('Ctrl Pts',(-12.3513282727848,-50.1255277588355,53.7071383449443));
#9375=CARTESIAN_POINT('Ctrl Pts',(-11.8948952013826,-50.122502411329,53.7082385175553));
#9376=CARTESIAN_POINT('Ctrl Pts',(-11.4422217473315,-50.1195904205161,53.7092977609));
#9377=CARTESIAN_POINT('',(-14.8148448866146,-51.3628828930429,47.5753834672847));
#9378=CARTESIAN_POINT('Ctrl Pts',(-14.8148448866146,-51.3628828930429,47.5753834672847));
#9379=CARTESIAN_POINT('Ctrl Pts',(-14.7938564426361,-51.359885275414,47.5824461104113));
#9380=CARTESIAN_POINT('Ctrl Pts',(-14.77269930648,-51.3569915071009,47.5890650764271));
#9381=CARTESIAN_POINT('Ctrl Pts',(-14.7513869909028,-51.3542031638605,47.5952325259732));
#9382=CARTESIAN_POINT('',(-14.7462096240456,-51.3552987367449,47.5895374547466));
#9383=CARTESIAN_POINT('Ctrl Pts',(-14.746225036707,-51.3553010942602,47.5895184200545));
#9384=CARTESIAN_POINT('Ctrl Pts',(-14.7691958769735,-51.3577097844783,47.5853058635549));
#9385=CARTESIAN_POINT('Ctrl Pts',(-14.7920736678518,-51.3602369929621,47.580595065342));
#9386=CARTESIAN_POINT('Ctrl Pts',(-14.8148448866147,-51.3628828930429,47.5753834672847));
#9387=CARTESIAN_POINT('',(-12.8643359657484,-51.753518489902,45.5194881769592));
#9388=CARTESIAN_POINT('Ctrl Pts',(-12.8643362722656,-51.7535185656862,45.5194882946162));
#9389=CARTESIAN_POINT('Ctrl Pts',(-12.769054483777,-51.6636457479787,45.8254757309263));
#9390=CARTESIAN_POINT('Ctrl Pts',(-12.772673076353,-51.578393197454,46.159521347543));
#9391=CARTESIAN_POINT('Ctrl Pts',(-12.9123162412686,-51.4807499580285,46.5924413204755));
#9392=CARTESIAN_POINT('Ctrl Pts',(-12.9679180394786,-51.4551826945149,46.7123000226503));
#9393=CARTESIAN_POINT('Ctrl Pts',(-13.3203550774315,-51.3393482831453,47.2885338042104));
#9394=CARTESIAN_POINT('Ctrl Pts',(-13.8551373570049,-51.2984946191553,47.6049027278165));
#9395=CARTESIAN_POINT('Ctrl Pts',(-14.5254792397815,-51.3350593903366,47.6183288492356));
#9396=CARTESIAN_POINT('Ctrl Pts',(-14.6368964677894,-51.3438373780611,47.6095665679095));
#9397=CARTESIAN_POINT('Ctrl Pts',(-14.7462067043888,-51.3552991719862,47.5895217818564));
#9398=CARTESIAN_POINT('',(-12.8667540761708,-51.7557804032938,45.5117967267396));
#9399=CARTESIAN_POINT('Ctrl Pts',(-12.8667540761707,-51.7557804032938,45.5117967267396));
#9400=CARTESIAN_POINT('Ctrl Pts',(-12.8659411972024,-51.7550261472491,45.5143585534913));
#9401=CARTESIAN_POINT('Ctrl Pts',(-12.8651352741202,-51.7542722095135,45.5169223849127));
#9402=CARTESIAN_POINT('Ctrl Pts',(-12.8643363050886,-51.7535185966458,45.5194881892088));
#9403=CARTESIAN_POINT('Ctrl Pts',(-12.863981488235,-51.7535935002234,45.5190982539069));
#9404=CARTESIAN_POINT('Ctrl Pts',(-12.8648995212737,-51.7543223838751,45.516661938329));
#9405=CARTESIAN_POINT('Ctrl Pts',(-12.8658237197344,-51.7550513539483,45.5142280880681));
#9406=CARTESIAN_POINT('Ctrl Pts',(-12.8667540761707,-51.7557804032938,45.5117967267396));
#9407=CARTESIAN_POINT('Origin',(-23.4,-54.311965015305,43.9812864170707));
#9408=CARTESIAN_POINT('',(-22.8,-54.855749687527,44.2348573741151));
#9409=CARTESIAN_POINT('Origin',(9.59140701349042E-15,-59.715859697545,33.8123178231936));
#9410=CARTESIAN_POINT('Origin',(-12.,-68.6387240883148,13.2574524365281));
#9411=CARTESIAN_POINT('',(20.2888679723754,-68.8123383425187,13.7344536796489));
#9412=CARTESIAN_POINT('Ctrl Pts',(22.1775258626257,-68.9180672986547,14.0249415992151));
#9413=CARTESIAN_POINT('Ctrl Pts',(21.5170977051236,-68.8810690365874,13.9232897096263));
#9414=CARTESIAN_POINT('Ctrl Pts',(20.9139355485342,-68.8472698198441,13.8304271248288));
#9415=CARTESIAN_POINT('Ctrl Pts',(20.2888679723754,-68.8123383425187,13.7344536796489));
#9416=CARTESIAN_POINT('',(11.4422217473315,-68.789467623185,13.6716168947129));
#9417=CARTESIAN_POINT('Ctrl Pts',(20.2888679723754,-68.8123383425187,13.734453679649));
#9418=CARTESIAN_POINT('Ctrl Pts',(19.275784882749,-68.8096594667241,13.7270935288938));
#9419=CARTESIAN_POINT('Ctrl Pts',(18.296457433326,-68.8070320250642,13.7199037764299));
#9420=CARTESIAN_POINT('Ctrl Pts',(17.3382003376358,-68.8044788931638,13.7129022316098));
#9421=CARTESIAN_POINT('Ctrl Pts',(16.8372357475395,-68.8031441483633,13.7092419132604));
#9422=CARTESIAN_POINT('Ctrl Pts',(16.3420305855432,-68.8018296761823,13.705633112034));
#9423=CARTESIAN_POINT('Ctrl Pts',(15.8507768735862,-68.8005370758307,13.7020819523462));
#9424=CARTESIAN_POINT('Ctrl Pts',(15.3455275791258,-68.7992076499153,13.6984296218232));
#9425=CARTESIAN_POINT('Ctrl Pts',(14.8328696007368,-68.797872187363,13.6947526695466));
#9426=CARTESIAN_POINT('Ctrl Pts',(14.3170807929651,-68.796551030274,13.6911108494296));
#9427=CARTESIAN_POINT('Ctrl Pts',(13.7952755367219,-68.7952144624714,13.6874265490907));
#9428=CARTESIAN_POINT('Ctrl Pts',(13.2702659426715,-68.793892091036,13.6837791591198));
#9429=CARTESIAN_POINT('Ctrl Pts',(12.7464281808732,-68.7926035850159,13.6802335367216));
#9430=CARTESIAN_POINT('Ctrl Pts',(12.3100461577765,-68.7915301975955,13.6772798629163));
#9431=CARTESIAN_POINT('Ctrl Pts',(11.8744763219882,-68.7904801464336,13.674397167125));
#9432=CARTESIAN_POINT('Ctrl Pts',(11.4422217473315,-68.789467623185,13.6716168947129));
#9433=CARTESIAN_POINT('',(8.7429971977588,-68.9289378034923,14.0548080657945));
#9434=CARTESIAN_POINT('Ctrl Pts',(11.4422217473315,-68.789467623185,13.6716168947129));
#9435=CARTESIAN_POINT('Ctrl Pts',(10.5379848736026,-68.8398940344564,13.8101623210251));
#9436=CARTESIAN_POINT('Ctrl Pts',(9.64805963246446,-68.8866091647604,13.9385110866823));
#9437=CARTESIAN_POINT('Ctrl Pts',(8.74299719775872,-68.9289378034923,14.0548080657945));
#9438=CARTESIAN_POINT('',(-8.7429971977588,-68.9289378034923,14.0548080657945));
#9439=CARTESIAN_POINT('',(-12.,-68.9289378034923,14.0548080657946));
#9440=CARTESIAN_POINT('Ctrl Pts',(-8.7429971977587,-68.9289378034923,14.0548080657945));
#9441=CARTESIAN_POINT('Ctrl Pts',(-9.64805963246437,-68.8866091647604,13.9385110866823));
#9442=CARTESIAN_POINT('Ctrl Pts',(-10.5379848736023,-68.8398940344564,13.8101623210252));
#9443=CARTESIAN_POINT('Ctrl Pts',(-11.4422217473315,-68.789467623185,13.6716168947129));
#9444=CARTESIAN_POINT('Origin',(9.59140701349042E-15,-59.715859697545,33.8123178231936));
#9445=CARTESIAN_POINT('Ctrl Pts',(8.74252401617675,-68.9291174326817,14.0544228497546));
#9446=CARTESIAN_POINT('Ctrl Pts',(6.47533500775407,-68.6378386478371,14.6790722196517));
#9447=CARTESIAN_POINT('Ctrl Pts',(0.612965984925574,-68.1924803965535,15.6341460716354));
#9448=CARTESIAN_POINT('Ctrl Pts',(-5.35027757637792,-68.4952506777711,14.9848531082395));
#9449=CARTESIAN_POINT('Ctrl Pts',(-8.74249905344863,-68.9298560729851,14.0528388305123));
#9450=CARTESIAN_POINT('Ctrl Pts',(-12.,-69.4360797175812,12.9672387213506));
#9451=CARTESIAN_POINT('Ctrl Pts',(-10.3295558128508,-67.4995943683282,15.0767229467012));
#9452=CARTESIAN_POINT('Ctrl Pts',(-8.65911162570162,-65.5631090190752,17.1862071720519));
#9453=CARTESIAN_POINT('Ctrl Pts',(-6.98866743855242,-63.6266236698223,19.2956913974026));
#9454=CARTESIAN_POINT('Ctrl Pts',(-7.68865297357873,-68.6424445875336,14.6691947500971));
#9455=CARTESIAN_POINT('Ctrl Pts',(-6.62110407373611,-67.0433797326437,16.0550783901643));
#9456=CARTESIAN_POINT('Ctrl Pts',(-5.55412237969876,-65.440074616923,17.4500552989281));
#9457=CARTESIAN_POINT('Ctrl Pts',(-4.48657347985614,-63.8410097620332,18.8359389389953));
#9458=CARTESIAN_POINT('Ctrl Pts',(0.636576322310984,-68.0173760805681,16.0096584890772));
#9459=CARTESIAN_POINT('Ctrl Pts',(0.548655799938858,-66.6812934743619,16.831574876871));
#9460=CARTESIAN_POINT('Ctrl Pts',(0.460861200160578,-65.346997589692,17.6496596279655));
#9461=CARTESIAN_POINT('Ctrl Pts',(0.372940677788452,-64.0109149834858,18.4715760157593));
#9462=CARTESIAN_POINT('Ctrl Pts',(8.76648973018404,-68.8408533700455,14.2437057429105));
#9463=CARTESIAN_POINT('Ctrl Pts',(7.54822791240514,-67.156466940901,15.8125620894354));
#9464=CARTESIAN_POINT('Ctrl Pts',(6.33035878730911,-65.4717996681249,17.3820207070722));
#9465=CARTESIAN_POINT('Ctrl Pts',(5.1120969695302,-63.7874132389804,18.9508770535971));
#9466=CARTESIAN_POINT('Ctrl Pts',(12.,-69.4360797175811,12.9672387213506));
#9467=CARTESIAN_POINT('Ctrl Pts',(10.3295558128508,-67.4995943683282,15.0767229467012));
#9468=CARTESIAN_POINT('Ctrl Pts',(8.65911162570161,-65.5631090190752,17.1862071720519));
#9469=CARTESIAN_POINT('Ctrl Pts',(6.98866743855242,-63.6266236698223,19.2956913974026));
#9470=CARTESIAN_POINT('',(12.,-69.4360797175812,12.9672387213506));
#9471=CARTESIAN_POINT('Ctrl Pts',(11.5336878215785,-68.895500925043,13.5561109458981));
#9472=CARTESIAN_POINT('Ctrl Pts',(10.0981780374767,-67.2313665067799,15.3689133539015));
#9473=CARTESIAN_POINT('Ctrl Pts',(8.66266825337483,-65.5672320885168,17.181715761905));
#9474=CARTESIAN_POINT('Ctrl Pts',(7.22715846927299,-63.9030976702537,18.9945181699084));
#9475=CARTESIAN_POINT('Ctrl Pts',(14.4616521658703,-68.8746433486781,13.6008401627578));
#9476=CARTESIAN_POINT('Ctrl Pts',(12.6283827440854,-67.1463377381968,15.5512581365703));
#9477=CARTESIAN_POINT('Ctrl Pts',(10.7949466583606,-65.4179198863231,17.5019168128259));
#9478=CARTESIAN_POINT('Ctrl Pts',(8.96167723657572,-63.6896142758419,19.4523347866384));
#9479=CARTESIAN_POINT('Ctrl Pts',(17.38170698167,-68.8464569719798,13.6612860426514));
#9480=CARTESIAN_POINT('Ctrl Pts',(15.1262777915784,-67.0313803289043,15.7977850963621));
#9481=CARTESIAN_POINT('Ctrl Pts',(12.8706688565152,-65.2161951096041,17.9345169925382));
#9482=CARTESIAN_POINT('Ctrl Pts',(10.6152396664236,-63.4011184665286,20.0710160462488));
#9483=CARTESIAN_POINT('Ctrl Pts',(20.2888679723754,-68.8123383425187,13.734453679649));
#9484=CARTESIAN_POINT('Ctrl Pts',(17.5715219900211,-66.8921936667304,16.0962718566367));
#9485=CARTESIAN_POINT('Ctrl Pts',(14.8541760076667,-64.9720489909421,18.4580900336244));
#9486=CARTESIAN_POINT('Ctrl Pts',(12.1368300253123,-63.0519043151537,20.8199082106121));
#9487=CARTESIAN_POINT('',(21.1715728752538,-69.4360797175812,12.9672387213505));
#9488=CARTESIAN_POINT('Origin',(23.4,-64.0321850353411,23.1362073152277));
#9489=CARTESIAN_POINT('',(23.0333882732644,-51.3267502186915,51.2505774558199));
#9490=CARTESIAN_POINT('Ctrl Pts',(22.8224581890371,-50.7454897578483,52.9961976359499));
#9491=CARTESIAN_POINT('Ctrl Pts',(22.892059862095,-50.9365867742805,52.4216971727427));
#9492=CARTESIAN_POINT('Ctrl Pts',(22.9636163140561,-51.1334734506909,51.8301553427092));
#9493=CARTESIAN_POINT('Ctrl Pts',(23.0333882732644,-51.3267502186915,51.2505774558199));
#9494=CARTESIAN_POINT('',(23.072375162839,-55.0267991330903,43.2235461128341));
#9495=CARTESIAN_POINT('Ctrl Pts',(23.0333882732644,-51.3267502186915,51.2505774558199));
#9496=CARTESIAN_POINT('Ctrl Pts',(23.0344836162447,-51.4242724570718,51.0388485384158));
#9497=CARTESIAN_POINT('Ctrl Pts',(23.0357163541963,-51.5340055680872,50.8006095065219));
#9498=CARTESIAN_POINT('Ctrl Pts',(23.0370065572184,-51.6490815660135,50.5507749756797));
#9499=CARTESIAN_POINT('Ctrl Pts',(23.0382447830291,-51.759521604035,50.3110052966634));
#9500=CARTESIAN_POINT('Ctrl Pts',(23.0395353824679,-51.8748825433582,50.0605559364012));
#9501=CARTESIAN_POINT('Ctrl Pts',(23.0408081697528,-51.9891141756234,49.8125661750098));
#9502=CARTESIAN_POINT('Ctrl Pts',(23.0418153400107,-52.0795068939437,49.6163292115413));
#9503=CARTESIAN_POINT('Ctrl Pts',(23.0428112698582,-52.1691929338285,49.4216313892308));
#9504=CARTESIAN_POINT('Ctrl Pts',(23.0437649590374,-52.2551841399933,49.2349623699625));
#9505=CARTESIAN_POINT('Ctrl Pts',(23.0462402205118,-52.4783708180053,48.7504705229892));
#9506=CARTESIAN_POINT('Ctrl Pts',(23.0487165260324,-52.7033550648225,48.2621230608525));
#9507=CARTESIAN_POINT('Ctrl Pts',(23.0511537272627,-52.927901563989,47.7748105857912));
#9508=CARTESIAN_POINT('Ctrl Pts',(23.0520716293098,-53.0124705723654,47.5912782976533));
#9509=CARTESIAN_POINT('Ctrl Pts',(23.0529839750528,-53.0969777148213,47.4078923316216));
#9510=CARTESIAN_POINT('Ctrl Pts',(23.0538887598654,-53.1813043820228,47.2249122254667));
#9511=CARTESIAN_POINT('Ctrl Pts',(23.0566678235268,-53.4403153349648,46.6628853692251));
#9512=CARTESIAN_POINT('Ctrl Pts',(23.0594110445231,-53.7008836344715,46.0976132536872));
#9513=CARTESIAN_POINT('Ctrl Pts',(23.0620748626426,-53.9619829629736,45.5313935220267));
#9514=CARTESIAN_POINT('Ctrl Pts',(23.0647789049213,-54.2270249408963,44.9566237649417));
#9515=CARTESIAN_POINT('Ctrl Pts',(23.0674000880884,-54.492614135971,44.3808774933977));
#9516=CARTESIAN_POINT('Ctrl Pts',(23.0698908892792,-54.7576994488108,43.8065099423032));
#9517=CARTESIAN_POINT('Ctrl Pts',(23.0707343969968,-54.8474703659134,43.6120008566681));
#9518=CARTESIAN_POINT('Ctrl Pts',(23.0715630075533,-54.9371836813968,43.4176494899414));
#9519=CARTESIAN_POINT('Ctrl Pts',(23.072375162839,-55.0267991330903,43.2235461128341));
#9520=CARTESIAN_POINT('',(22.8,-56.0617388525376,41.6486052636902));
#9521=CARTESIAN_POINT('Ctrl Pts',(23.072375162839,-55.0267991330903,43.2235461128341));
#9522=CARTESIAN_POINT('Ctrl Pts',(22.97424763414,-55.3786936302806,42.7010954420788));
#9523=CARTESIAN_POINT('Ctrl Pts',(22.8835152095847,-55.7217458113927,42.1801088722139));
#9524=CARTESIAN_POINT('Ctrl Pts',(22.8,-56.0617388525377,41.6486052636902));
#9525=CARTESIAN_POINT('',(22.8,-63.3699805425524,25.9760303826971));
#9526=CARTESIAN_POINT('',(22.8,-64.5759697075631,23.3897782722721));
#9527=CARTESIAN_POINT('',(23.0716618517663,-63.9156497661764,24.1630322525948));
#9528=CARTESIAN_POINT('Ctrl Pts',(22.8,-63.3699805425523,25.9760303826973));
#9529=CARTESIAN_POINT('Ctrl Pts',(22.8833480647715,-63.5599746926261,25.3713682901927));
#9530=CARTESIAN_POINT('Ctrl Pts',(22.9738627898072,-63.7400804373343,24.7709541885643));
#9531=CARTESIAN_POINT('Ctrl Pts',(23.0716618517663,-63.9156497661764,24.1630322525948));
#9532=CARTESIAN_POINT('',(23.03250122088,-67.6863585032795,16.1693832174516));
#9533=CARTESIAN_POINT('Ctrl Pts',(23.0716618517663,-63.9156497661764,24.1630322525948));
#9534=CARTESIAN_POINT('Ctrl Pts',(23.0660257619284,-64.5408090252762,22.8357100197318));
#9535=CARTESIAN_POINT('Ctrl Pts',(23.0596418934349,-65.1725690001284,21.4960019012962));
#9536=CARTESIAN_POINT('Ctrl Pts',(23.0464668364811,-66.4190317787072,18.8541286870987));
#9537=CARTESIAN_POINT('Ctrl Pts',(23.0430775464086,-66.7258275051581,18.2042228720773));
#9538=CARTESIAN_POINT('Ctrl Pts',(23.03250122088,-67.6863585032795,16.1693832174517));
#9539=CARTESIAN_POINT('Ctrl Pts',(23.03250122088,-67.6863585032795,16.1693832174517));
#9540=CARTESIAN_POINT('Ctrl Pts',(22.9632225738658,-68.0036083126813,15.6529660499029));
#9541=CARTESIAN_POINT('Ctrl Pts',(22.8915930764034,-68.3304373615452,15.1215687230868));
#9542=CARTESIAN_POINT('Ctrl Pts',(22.8224612512982,-68.6455175045092,14.6094570099953));
#9543=CARTESIAN_POINT('Ctrl Pts',(23.2051523467649,-55.0325617727121,43.3034389321185));
#9544=CARTESIAN_POINT('Ctrl Pts',(20.6367682311766,-54.9210917774093,41.7580269725294));
#9545=CARTESIAN_POINT('Ctrl Pts',(18.0683841155883,-54.8096217821065,40.2126150129403));
#9546=CARTESIAN_POINT('Ctrl Pts',(15.5,-54.6981517868037,38.6672030533512));
#9547=CARTESIAN_POINT('Ctrl Pts',(23.1631203422378,-53.7938847971193,45.9597902785532));
#9548=CARTESIAN_POINT('Ctrl Pts',(20.4590009539377,-53.8547772631172,44.0447458278687));
#9549=CARTESIAN_POINT('Ctrl Pts',(17.7546344624462,-53.9157286977702,42.1295749184953));
#9550=CARTESIAN_POINT('Ctrl Pts',(15.050515074146,-53.9766211637681,40.2145304678108));
#9551=CARTESIAN_POINT('Ctrl Pts',(23.1049584202782,-52.5579722522336,48.6102132842052));
#9552=CARTESIAN_POINT('Ctrl Pts',(20.2128985752695,-52.8001778470808,46.306341573924));
#9553=CARTESIAN_POINT('Ctrl Pts',(17.3205987018943,-53.0424474172779,44.0023326680623));
#9554=CARTESIAN_POINT('Ctrl Pts',(14.4285388568857,-53.2846530121252,41.6984609577812));
#9555=CARTESIAN_POINT('Ctrl Pts',(23.0333882732644,-51.3267502186915,51.2505774558199));
#9556=CARTESIAN_POINT('Ctrl Pts',(19.9099844426253,-51.7654483437725,48.5253261546241));
#9557=CARTESIAN_POINT('Ctrl Pts',(16.7865806119862,-52.2041464688534,45.8000748534284));
#9558=CARTESIAN_POINT('Ctrl Pts',(13.6631767813472,-52.6428445939344,43.0748235522326));
#9559=CARTESIAN_POINT('',(24.,-55.0670588183973,43.7817034805969));
#9560=CARTESIAN_POINT('',(24.,-51.1909846324294,52.0939713968135));
#9561=CARTESIAN_POINT('Ctrl Pts',(23.9069861198219,-51.2040489100743,52.0128143605385));
#9562=CARTESIAN_POINT('Ctrl Pts',(20.5284489137948,-51.6785818293405,49.06495253539));
#9563=CARTESIAN_POINT('Ctrl Pts',(17.1499117077676,-52.1531147486066,46.1170907102414));
#9564=CARTESIAN_POINT('Ctrl Pts',(13.7713745017405,-52.6276476678728,43.1692288850929));
#9565=CARTESIAN_POINT('Ctrl Pts',(22.9680037193799,-50.8069566571195,52.8643814450807));
#9566=CARTESIAN_POINT('Ctrl Pts',(19.7284640683401,-51.3307447847974,49.8108914846221));
#9567=CARTESIAN_POINT('Ctrl Pts',(16.4889162746888,-51.8545361117544,46.7573946632873));
#9568=CARTESIAN_POINT('Ctrl Pts',(13.2493766236489,-52.3783242394323,43.7039047028287));
#9569=CARTESIAN_POINT('Ctrl Pts',(22.0287776580818,-50.4099498236927,53.7157653468542));
#9570=CARTESIAN_POINT('Ctrl Pts',(18.9193823160517,-50.9860968901606,50.5499912798099));
#9571=CARTESIAN_POINT('Ctrl Pts',(15.8099789937585,-51.562247228156,47.3842101969522));
#9572=CARTESIAN_POINT('Ctrl Pts',(12.7005836517285,-52.1383942946239,44.2184361299079));
#9573=CARTESIAN_POINT('Ctrl Pts',(21.0893371718208,-50.0130414203822,54.5669381645618));
#9574=CARTESIAN_POINT('Ctrl Pts',(18.1022949886524,-50.6451238110395,51.2812104076925));
#9575=CARTESIAN_POINT('Ctrl Pts',(15.115252805484,-51.2772062016967,47.9954826508232));
#9576=CARTESIAN_POINT('Ctrl Pts',(12.1282106223156,-51.909288592354,44.7097548939539));
#9577=CARTESIAN_POINT('',(20.2888679723754,-50.1824272054521,53.6864270415663));
#9578=CARTESIAN_POINT('Ctrl Pts',(20.2888679723754,-50.1824272054521,53.6864270415663));
#9579=CARTESIAN_POINT('Ctrl Pts',(20.9124857895369,-50.2781696039548,53.6515796583541));
#9580=CARTESIAN_POINT('Ctrl Pts',(21.4972998011962,-50.3682171792742,53.6188050212699));
#9581=CARTESIAN_POINT('Ctrl Pts',(22.1775263167476,-50.4729157285131,53.5806978657761));
#9582=CARTESIAN_POINT('',(14.7513831225159,-51.3542039721446,47.5952283036998));
#9583=CARTESIAN_POINT('',(21.1715728752538,-49.9956396775089,54.6573969250367));
#9584=CARTESIAN_POINT('',(12.8639816764308,-51.7535934493769,45.5190984960428));
#9585=CARTESIAN_POINT('Ctrl Pts',(12.8639888341355,-51.7535943628648,45.519101036724));
#9586=CARTESIAN_POINT('Ctrl Pts',(12.8835333212669,-51.7758973595769,45.4561091472564));
#9587=CARTESIAN_POINT('Ctrl Pts',(12.9073513180676,-51.798386951631,45.3944034283542));
#9588=CARTESIAN_POINT('Ctrl Pts',(12.9353751990277,-51.8209384178617,45.3343936593828));
#9589=CARTESIAN_POINT('Ctrl Pts',(12.9353893450358,-51.8209498014822,45.3343633674086));
#9590=CARTESIAN_POINT('Ctrl Pts',(12.9354034921438,-51.8209611851005,45.3343330759451));
#9591=CARTESIAN_POINT('Ctrl Pts',(12.9354176403517,-51.8209725687168,45.3343027849922));
#9592=CARTESIAN_POINT('Ctrl Pts',(12.9598938820241,-51.840666097715,45.2818997747568));
#9593=CARTESIAN_POINT('Ctrl Pts',(12.98757642842,-51.8602990927235,45.2311826502431));
#9594=CARTESIAN_POINT('Ctrl Pts',(13.0181965040456,-51.879783786717,45.1823035619163));
#9595=CARTESIAN_POINT('Ctrl Pts',(13.0493285407623,-51.8995942606112,45.1326072257259));
#9596=CARTESIAN_POINT('Ctrl Pts',(13.0834977657695,-51.9192517377362,45.0848101980854));
#9597=CARTESIAN_POINT('Ctrl Pts',(13.1204700009809,-51.9386633024527,45.0390967906558));
#9598=CARTESIAN_POINT('Ctrl Pts',(13.1575069748201,-51.9581088569471,44.9933033387481));
#9599=CARTESIAN_POINT('Ctrl Pts',(13.1973575078052,-51.977307952072,44.9496001260991));
#9600=CARTESIAN_POINT('Ctrl Pts',(13.2398240210731,-51.9961618352062,44.9082071176981));
#9601=CARTESIAN_POINT('Ctrl Pts',(13.2494214320739,-52.0004228034721,44.8988523182665));
#9602=CARTESIAN_POINT('Ctrl Pts',(13.2591525837551,-52.004666107199,44.8896156781631));
#9603=CARTESIAN_POINT('Ctrl Pts',(13.2690154037377,-52.0088905428241,44.8805000379226));
#9604=CARTESIAN_POINT('Ctrl Pts',(13.3139846733754,-52.0281517465187,44.8389375147685));
#9605=CARTESIAN_POINT('Ctrl Pts',(13.3614732545436,-52.0468899990356,44.800118219218));
#9606=CARTESIAN_POINT('Ctrl Pts',(13.4111947328185,-52.0650196385328,44.7642528254914));
#9607=CARTESIAN_POINT('Ctrl Pts',(13.4604505778817,-52.0829794970308,44.7287233050944));
#9608=CARTESIAN_POINT('Ctrl Pts',(13.5118984072069,-52.1003424123779,44.6960918948288));
#9609=CARTESIAN_POINT('Ctrl Pts',(13.565298013938,-52.1170205464331,44.6665957400238));
#9610=CARTESIAN_POINT('Ctrl Pts',(13.59683750203,-52.1268711772267,44.6491743828233));
#9611=CARTESIAN_POINT('Ctrl Pts',(13.6290585310921,-52.1364828154172,44.6328474098406));
#9612=CARTESIAN_POINT('Ctrl Pts',(13.6619164647966,-52.1458359058927,44.6176706364016));
#9613=CARTESIAN_POINT('Ctrl Pts',(13.7061428795051,-52.1584250620428,44.5972428675076));
#9614=CARTESIAN_POINT('Ctrl Pts',(13.751523097086,-52.1705459935842,44.5788983061213));
#9615=CARTESIAN_POINT('Ctrl Pts',(13.79790379711,-52.1821793327594,44.5626486856201));
#9616=CARTESIAN_POINT('Ctrl Pts',(13.8542828460829,-52.1963204862722,44.5428961129002));
#9617=CARTESIAN_POINT('Ctrl Pts',(13.9117655713063,-52.2096070281358,44.5263924489938));
#9618=CARTESIAN_POINT('Ctrl Pts',(13.9700584036579,-52.2219975475107,44.5130820782076));
#9619=CARTESIAN_POINT('Ctrl Pts',(14.0291814526154,-52.2345645348068,44.4995821388173));
#9620=CARTESIAN_POINT('Ctrl Pts',(14.0891388311385,-52.2462099705902,44.4893670348856));
#9621=CARTESIAN_POINT('Ctrl Pts',(14.1496413905473,-52.2568777037668,44.4824282886159));
#9622=CARTESIAN_POINT('Ctrl Pts',(14.2100019798223,-52.2675204049527,44.4755058242149));
#9623=CARTESIAN_POINT('Ctrl Pts',(14.2709062125109,-52.2771901296898,44.4718444093885));
#9624=CARTESIAN_POINT('Ctrl Pts',(14.332068794117,-52.2858159848047,44.4714844982125));
#9625=CARTESIAN_POINT('Ctrl Pts',(14.357491067567,-52.2894013280278,44.4713349008592));
#9626=CARTESIAN_POINT('Ctrl Pts',(14.3829579092594,-52.2928061336624,44.4717562684764));
#9627=CARTESIAN_POINT('Ctrl Pts',(14.4084482863426,-52.296024447835,44.4727539725403));
#9628=CARTESIAN_POINT('Ctrl Pts',(14.4784050214779,-52.3048569084697,44.4754921085321));
#9629=CARTESIAN_POINT('Ctrl Pts',(14.5481520162291,-52.3123354915038,44.482499396307));
#9630=CARTESIAN_POINT('Ctrl Pts',(14.617209272057,-52.318391139889,44.4937672202278));
#9631=CARTESIAN_POINT('Ctrl Pts',(14.6469610761172,-52.3210000831789,44.4986217150301));
#9632=CARTESIAN_POINT('Ctrl Pts',(14.676584992304,-52.3233447342303,44.5042676377105));
#9633=CARTESIAN_POINT('Ctrl Pts',(14.7060429265025,-52.3254186987584,44.5107071410714));
#9634=CARTESIAN_POINT('Ctrl Pts',(14.774611325515,-52.3302462072438,44.5256961906398));
#9635=CARTESIAN_POINT('Ctrl Pts',(14.8422812510825,-52.3336083195653,44.5449816037364));
#9636=CARTESIAN_POINT('Ctrl Pts',(14.9086832982681,-52.3355459858502,44.5682946775513));
#9637=CARTESIAN_POINT('Ctrl Pts',(14.9337956582687,-52.3362787851443,44.5771113681079));
#9638=CARTESIAN_POINT('Ctrl Pts',(14.9587265600526,-52.3368076746976,44.5865046079396));
#9639=CARTESIAN_POINT('Ctrl Pts',(14.983455425574,-52.3371342212923,44.5964615827645));
#9640=CARTESIAN_POINT('Ctrl Pts',(15.0417676172424,-52.3379042383235,44.6199407441486));
#9641=CARTESIAN_POINT('Ctrl Pts',(15.0987175669797,-52.3374857034537,44.6464908925073));
#9642=CARTESIAN_POINT('Ctrl Pts',(15.154073943697,-52.3358892872873,44.675927619547));
#9643=CARTESIAN_POINT('Ctrl Pts',(15.2054092197684,-52.3344088351788,44.703226055587));
#9644=CARTESIAN_POINT('Ctrl Pts',(15.2553743533944,-52.3319151544805,44.7330078676726));
#9645=CARTESIAN_POINT('Ctrl Pts',(15.3037630777227,-52.3284038684028,44.7651570143472));
#9646=CARTESIAN_POINT('Ctrl Pts',(15.3477281174302,-52.325213583187,44.7943670943758));
#9647=CARTESIAN_POINT('Ctrl Pts',(15.3903211622085,-52.3211939092136,44.8254812104275));
#9648=CARTESIAN_POINT('Ctrl Pts',(15.431397846228,-52.3163669974103,44.8584032014284));
#9649=CARTESIAN_POINT('Ctrl Pts',(15.4601097067733,-52.3129930732032,44.8814150787757));
#9650=CARTESIAN_POINT('Ctrl Pts',(15.4880632974897,-52.3092269342306,44.90529671414));
#9651=CARTESIAN_POINT('Ctrl Pts',(15.5152088244517,-52.3050798082307,44.9300144929581));
#9652=CARTESIAN_POINT('Ctrl Pts',(15.5421601291779,-52.3009623543046,44.9545554197197));
#9653=CARTESIAN_POINT('Ctrl Pts',(15.5683017764885,-52.2964713536577,44.9799086930818));
#9654=CARTESIAN_POINT('Ctrl Pts',(15.593584633039,-52.2916206942628,45.0060399138852));
#9655=CARTESIAN_POINT('Ctrl Pts',(15.6043895987327,-52.2895477003252,45.0172074393487));
#9656=CARTESIAN_POINT('Ctrl Pts',(15.6150355935756,-52.2874105272564,45.0285139838929));
#9657=CARTESIAN_POINT('Ctrl Pts',(15.6255178621307,-52.2852088904713,45.0399570875582));
#9658=CARTESIAN_POINT('Ctrl Pts',(15.6495155204956,-52.2801685571564,45.0661544408268));
#9659=CARTESIAN_POINT('Ctrl Pts',(15.6726552923643,-52.2747904062371,45.0930674678502));
#9660=CARTESIAN_POINT('Ctrl Pts',(15.6949085847289,-52.2690825463888,45.1206458752434));
#9661=CARTESIAN_POINT('Ctrl Pts',(15.7345027664054,-52.2589268338714,45.1697147705237));
#9662=CARTESIAN_POINT('Ctrl Pts',(15.771211742506,-52.2477352082466,45.2208005731192));
#9663=CARTESIAN_POINT('Ctrl Pts',(15.8048736989748,-52.2355262921104,45.2736364224989));
#9664=CARTESIAN_POINT('Ctrl Pts',(15.8262504783104,-52.2277731091837,45.3071894423373));
#9665=CARTESIAN_POINT('Ctrl Pts',(15.846397416686,-52.2196094740534,45.3414484417513));
#9666=CARTESIAN_POINT('Ctrl Pts',(15.8652622426058,-52.2110388823375,45.3763449866651));
#9667=CARTESIAN_POINT('Ctrl Pts',(15.8973642791765,-52.196454414404,45.4357279974485));
#9668=CARTESIAN_POINT('Ctrl Pts',(15.9256867019722,-52.1808202386325,45.4967132448619));
#9669=CARTESIAN_POINT('Ctrl Pts',(15.9500913011658,-52.164248265575,45.5589324407337));
#9670=CARTESIAN_POINT('Ctrl Pts',(15.9744832216267,-52.1476849020266,45.6211193123475));
#9671=CARTESIAN_POINT('Ctrl Pts',(15.9949619193713,-52.1301845014528,45.6845397130384));
#9672=CARTESIAN_POINT('Ctrl Pts',(16.0113468876148,-52.111844432338,45.7488517663492));
#9673=CARTESIAN_POINT('Ctrl Pts',(16.0273593310149,-52.0939213387873,45.8117016357097));
#9674=CARTESIAN_POINT('Ctrl Pts',(16.0394624293175,-52.0751960908381,45.8754039153286));
#9675=CARTESIAN_POINT('Ctrl Pts',(16.0474408541469,-52.0557492041228,45.9396515413634));
#9676=CARTESIAN_POINT('Ctrl Pts',(16.0492029335878,-52.0514542511712,45.9538409864459));
#9677=CARTESIAN_POINT('Ctrl Pts',(16.0507636262995,-52.0471240653895,45.9680570519401));
#9678=CARTESIAN_POINT('Ctrl Pts',(16.0521202674645,-52.042759460971,45.9822964491783));
#9679=CARTESIAN_POINT('Ctrl Pts',(16.0521226840015,-52.0427516864551,45.9823218133146));
#9680=CARTESIAN_POINT('Ctrl Pts',(16.0521250999049,-52.0427439118438,45.9823471774864));
#9681=CARTESIAN_POINT('Ctrl Pts',(16.0521275151746,-52.0427361371371,45.9823725416937));
#9682=CARTESIAN_POINT('Ctrl Pts',(16.0658050621294,-51.9987083760905,46.1260087343585));
#9683=CARTESIAN_POINT('Ctrl Pts',(16.0590026371785,-51.9517644680452,46.2700272093517));
#9684=CARTESIAN_POINT('Ctrl Pts',(16.0316464685231,-51.9032596573544,46.4103356536995));
#9685=CARTESIAN_POINT('Ctrl Pts',(16.0250970372929,-51.8916469594669,46.4439273645436));
#9686=CARTESIAN_POINT('Ctrl Pts',(16.0173693089588,-51.8799447227813,46.477306548998));
#9687=CARTESIAN_POINT('Ctrl Pts',(16.0084618860627,-51.8681714206426,46.5104172539435));
#9688=CARTESIAN_POINT('Ctrl Pts',(16.0084539912763,-51.8681609857833,46.5104466004721));
#9689=CARTESIAN_POINT('Ctrl Pts',(16.0084460955852,-51.8681505508969,46.5104759467089));
#9690=CARTESIAN_POINT('Ctrl Pts',(16.0084381989892,-51.8681401159835,46.5105052926538));
#9691=CARTESIAN_POINT('Ctrl Pts',(15.959745817292,-51.8037958352176,46.6914597133321));
#9692=CARTESIAN_POINT('Ctrl Pts',(15.8766448320227,-51.7384217736917,46.8612748602907));
#9693=CARTESIAN_POINT('Ctrl Pts',(15.7627260739308,-51.6752985274396,47.0112829325384));
#9694=CARTESIAN_POINT('Ctrl Pts',(15.7627110963835,-51.6752902282672,47.0113026549533));
#9695=CARTESIAN_POINT('Ctrl Pts',(15.7626961183407,-51.6752819291546,47.0113223769759));
#9696=CARTESIAN_POINT('Ctrl Pts',(15.7626811398025,-51.6752736301018,47.0113420986064));
#9697=CARTESIAN_POINT('Ctrl Pts',(15.6429662133484,-51.6089440268883,47.1689658612067));
#9698=CARTESIAN_POINT('Ctrl Pts',(15.4916128029914,-51.546437641943,47.3015328323191));
#9699=CARTESIAN_POINT('Ctrl Pts',(15.3170353130573,-51.4912137877202,47.4017156183886));
#9700=CARTESIAN_POINT('Ctrl Pts',(15.3170235259127,-51.4912100591091,47.4017223825423));
#9701=CARTESIAN_POINT('Ctrl Pts',(15.3170117386764,-51.4912063305357,47.4017291465405));
#9702=CARTESIAN_POINT('Ctrl Pts',(15.3169999513484,-51.4912026019999,47.4017359103831));
#9703=CARTESIAN_POINT('Ctrl Pts',(15.1908228807973,-51.451290611429,47.4741392442099));
#9704=CARTESIAN_POINT('Ctrl Pts',(15.0541388340011,-51.4156899716785,47.5287171207469));
#9705=CARTESIAN_POINT('Ctrl Pts',(14.910994731004,-51.3853575931347,47.5641144051491));
#9706=CARTESIAN_POINT('Ctrl Pts',(14.8583811404552,-51.3742087206931,47.577124918255));
#9707=CARTESIAN_POINT('Ctrl Pts',(14.8051061661305,-51.3638157854874,47.5874940257163));
#9708=CARTESIAN_POINT('Ctrl Pts',(14.7513815934205,-51.3542060224794,47.5952202038236));
#9709=CARTESIAN_POINT('',(21.1715728752538,-49.9956396775089,54.6573969250367));
#9710=CARTESIAN_POINT('Origin',(12.,-49.7054259623313,53.8600412957702));
#9711=CARTESIAN_POINT('',(-8.74299719775879,-50.5027815915978,53.5698275805927));
#9712=CARTESIAN_POINT('Ctrl Pts',(-11.4422217473315,-50.1195904205161,53.7092977609));
#9713=CARTESIAN_POINT('Ctrl Pts',(-10.5379848736021,-50.2581358468284,53.6588713496286));
#9714=CARTESIAN_POINT('Ctrl Pts',(-9.6480596324643,-50.3864846124855,53.6121562193246));
#9715=CARTESIAN_POINT('Ctrl Pts',(-8.74299719775872,-50.5027815915978,53.5698275805927));
#9716=CARTESIAN_POINT('',(8.74299719775887,-50.5027815915977,53.5698275805927));
#9717=CARTESIAN_POINT('',(12.,-50.5027815915978,53.5698275805926));
#9718=CARTESIAN_POINT('',(11.4422217473315,-50.1195904205161,53.7092977609));
#9719=CARTESIAN_POINT('Ctrl Pts',(8.74299719775876,-50.5027815915978,53.5698275805927));
#9720=CARTESIAN_POINT('Ctrl Pts',(9.64805963246438,-50.3864846124855,53.6121562193246));
#9721=CARTESIAN_POINT('Ctrl Pts',(10.5379848736022,-50.2581358468284,53.6588713496286));
#9722=CARTESIAN_POINT('Ctrl Pts',(11.4422217473315,-50.1195904205161,53.7092977609));
#9723=CARTESIAN_POINT('Ctrl Pts',(11.4422217473315,-50.1195904205161,53.7092977609));
#9724=CARTESIAN_POINT('Ctrl Pts',(11.9581639245522,-50.1229094109835,53.7080904705011));
#9725=CARTESIAN_POINT('Ctrl Pts',(12.4789979598318,-50.1263758532516,53.7068296829558));
#9726=CARTESIAN_POINT('Ctrl Pts',(13.0003515739555,-50.1299320493252,53.7055324847364));
#9727=CARTESIAN_POINT('Ctrl Pts',(13.5184618583707,-50.1334661223788,53.7042433563595));
#9728=CARTESIAN_POINT('Ctrl Pts',(14.0370854562654,-50.1370883599477,53.7029192898139));
#9729=CARTESIAN_POINT('Ctrl Pts',(14.5518815892816,-50.140737558045,53.7015868681899));
#9730=CARTESIAN_POINT('Ctrl Pts',(15.0058616301547,-50.1439556535106,53.7004118538793));
#9731=CARTESIAN_POINT('Ctrl Pts',(15.4568644468145,-50.1471944645646,53.699230880605));
#9732=CARTESIAN_POINT('Ctrl Pts',(15.9018795004005,-50.1504133135505,53.6980593985364));
#9733=CARTESIAN_POINT('Ctrl Pts',(16.9323011224333,-50.1578664807332,53.6953468600648));
#9734=CARTESIAN_POINT('Ctrl Pts',(17.9825964357449,-50.1655890597418,53.6925438478538));
#9735=CARTESIAN_POINT('Ctrl Pts',(19.0666220980627,-50.1735154097755,53.6896657516427));
#9736=CARTESIAN_POINT('Ctrl Pts',(19.4691497102503,-50.1764586747399,53.6885970378328));
#9737=CARTESIAN_POINT('Ctrl Pts',(19.8763283229708,-50.1794302492027,53.6875175147413));
#9738=CARTESIAN_POINT('Ctrl Pts',(20.2888679385217,-50.1824272255529,53.6864269984601));
#9739=CARTESIAN_POINT('Ctrl Pts',(12.,-49.9956396775089,54.6573969250366));
#9740=CARTESIAN_POINT('Ctrl Pts',(10.3295558128508,-50.3668495573466,51.8180127611755));
#9741=CARTESIAN_POINT('Ctrl Pts',(8.65911162570163,-50.7380594371843,48.9786285973143));
#9742=CARTESIAN_POINT('Ctrl Pts',(6.98866743855243,-51.109269317022,46.1392444334531));
#9743=CARTESIAN_POINT('Ctrl Pts',(7.68865297357873,-50.7892748075565,52.9554408962901));
#9744=CARTESIAN_POINT('Ctrl Pts',(6.62110407373611,-50.8230641930311,50.8396573177124));
#9745=CARTESIAN_POINT('Ctrl Pts',(5.55412237969877,-50.8610938393365,48.7147804704381));
#9746=CARTESIAN_POINT('Ctrl Pts',(4.48657347985615,-50.8948832248111,46.5989968918604));
#9747=CARTESIAN_POINT('Ctrl Pts',(-0.636584629238779,-51.4142660933407,
51.6151427586679));
#9748=CARTESIAN_POINT('Ctrl Pts',(-0.548664106866655,-51.1850732301315,
50.0633264323635));
#9749=CARTESIAN_POINT('Ctrl Pts',(-0.460866620254453,-50.954194405459,48.5151256620852));
#9750=CARTESIAN_POINT('Ctrl Pts',(-0.372946097882329,-50.7250015422499,
46.9633093357809));
#9751=CARTESIAN_POINT('Ctrl Pts',(-8.76648973018404,-50.5908660250446,53.3809299034767));
#9752=CARTESIAN_POINT('Ctrl Pts',(-7.54822791240514,-50.7099769847738,51.0821736184413));
#9753=CARTESIAN_POINT('Ctrl Pts',(-6.33035878730911,-50.8293687881347,48.7828150622941));
#9754=CARTESIAN_POINT('Ctrl Pts',(-5.11209696953021,-50.9484797478639,46.4840587772586));
#9755=CARTESIAN_POINT('Ctrl Pts',(-12.,-49.9956396775089,54.6573969250367));
#9756=CARTESIAN_POINT('Ctrl Pts',(-10.3295558128508,-50.3668495573466,51.8180127611755));
#9757=CARTESIAN_POINT('Ctrl Pts',(-8.65911162570161,-50.7380594371843,48.9786285973143));
#9758=CARTESIAN_POINT('Ctrl Pts',(-6.98866743855242,-51.109269317022,46.1392444334531));
#9759=CARTESIAN_POINT('',(12.,-49.9956396775089,54.6573969250366));
#9760=CARTESIAN_POINT('Ctrl Pts',(-8.74252493303631,-50.502593439284,53.5702310745317));
#9761=CARTESIAN_POINT('Ctrl Pts',(-6.47533701608395,-50.793862077823,52.9456034634573));
#9762=CARTESIAN_POINT('Ctrl Pts',(-0.612972283523452,-51.2391804467852,
51.9906151393879));
#9763=CARTESIAN_POINT('Ctrl Pts',(5.35027556804809,-50.936450047889,52.6398225748694));
#9764=CARTESIAN_POINT('Ctrl Pts',(8.74249834219865,-50.5018567103261,53.5718109948805));
#9765=CARTESIAN_POINT('Ctrl Pts',(14.3869818537008,-51.3018323184141,47.6074224878509));
#9766=CARTESIAN_POINT('Ctrl Pts',(14.3935995920492,-51.3025556319814,47.6079170199627));
#9767=CARTESIAN_POINT('Ctrl Pts',(14.4002210125001,-51.3032916518284,47.6083731125639));
#9768=CARTESIAN_POINT('Ctrl Pts',(14.5770648790809,-51.3232788529277,47.61951541782));
#9769=CARTESIAN_POINT('Ctrl Pts',(14.7472301485078,-51.3506557143682,47.6046108096831));
#9770=CARTESIAN_POINT('Ctrl Pts',(15.0541512974637,-51.4156926126987,47.5287140387288));
#9771=CARTESIAN_POINT('Ctrl Pts',(15.1908481955927,-51.4512971924989,47.4741291747837));
#9772=CARTESIAN_POINT('Ctrl Pts',(15.4916331456918,-51.5464440770858,47.3015211591286));
#9773=CARTESIAN_POINT('Ctrl Pts',(15.6430077050698,-51.6089623327616,47.1689343956735));
#9774=CARTESIAN_POINT('Ctrl Pts',(15.8766783219138,-51.738443667347,46.8612618132432));
#9775=CARTESIAN_POINT('Ctrl Pts',(15.9597984930651,-51.8038381987534,46.6914168431032));
#9776=CARTESIAN_POINT('Ctrl Pts',(16.0546288305559,-51.9291699115939,46.3390000262496));
#9777=CARTESIAN_POINT('Ctrl Pts',(16.0691256132035,-51.988231472228,46.1603339932411));
#9778=CARTESIAN_POINT('Ctrl Pts',(16.0194151362616,-52.1485320533364,45.6376606109737));
#9779=CARTESIAN_POINT('Ctrl Pts',(15.7131859321659,-52.3213563238977,44.9673913685222));
#9780=CARTESIAN_POINT('Ctrl Pts',(14.7294685566701,-52.3665302445976,44.3964258059256));
#9781=CARTESIAN_POINT('Ctrl Pts',(13.6055492156604,-52.1722998956556,44.5071998814342));
#9782=CARTESIAN_POINT('Ctrl Pts',(13.0810715871173,-51.9382664613007,45.0222940547281));
#9783=CARTESIAN_POINT('Ctrl Pts',(12.8588288872658,-51.7593273182139,45.4983246450511));
#9784=CARTESIAN_POINT('Ctrl Pts',(12.8136218581722,-51.6981456694991,45.675009371684));
#9785=CARTESIAN_POINT('Ctrl Pts',(12.8012101507006,-51.6400635346944,45.8559317502071));
#9786=CARTESIAN_POINT('Ctrl Pts',(14.4096342022525,-51.2342734741225,47.4043319209577));
#9787=CARTESIAN_POINT('Ctrl Pts',(14.4155547017807,-51.2349597027451,47.4047205279798));
#9788=CARTESIAN_POINT('Ctrl Pts',(14.4214774456161,-51.2356566182358,47.405075973616));
#9789=CARTESIAN_POINT('Ctrl Pts',(14.5796425021243,-51.2545662857797,47.4136244119735));
#9790=CARTESIAN_POINT('Ctrl Pts',(14.7312344849993,-51.2798302597377,47.3991602437081));
#9791=CARTESIAN_POINT('Ctrl Pts',(15.0040842490853,-51.3389283618324,47.3299812034282));
#9792=CARTESIAN_POINT('Ctrl Pts',(15.1253916476987,-51.3709840060175,47.2809113948506));
#9793=CARTESIAN_POINT('Ctrl Pts',(15.3922956091256,-51.4561046330241,47.1267611896487));
#9794=CARTESIAN_POINT('Ctrl Pts',(15.526700998467,-51.5116437861947,47.0089981468785));
#9795=CARTESIAN_POINT('Ctrl Pts',(15.7351898021834,-51.6263713619637,46.7358687087004));
#9796=CARTESIAN_POINT('Ctrl Pts',(15.8100338612465,-51.6842006358329,46.5851135165096));
#9797=CARTESIAN_POINT('Ctrl Pts',(15.8970495328963,-51.7951867838862,46.271323032703));
#9798=CARTESIAN_POINT('Ctrl Pts',(15.9118280421991,-51.8475670261921,46.1118157178122));
#9799=CARTESIAN_POINT('Ctrl Pts',(15.8726969709106,-51.9902765917944,45.6428622937376));
#9800=CARTESIAN_POINT('Ctrl Pts',(15.6080843388689,-52.1458268079056,45.0351712256299));
#9801=CARTESIAN_POINT('Ctrl Pts',(14.7224326110269,-52.1912194776378,44.4993138124913));
#9802=CARTESIAN_POINT('Ctrl Pts',(13.6888052593372,-52.0168623121657,44.5888496175959));
#9803=CARTESIAN_POINT('Ctrl Pts',(13.205641252751,-51.8011777517668,45.0637487645921));
#9804=CARTESIAN_POINT('Ctrl Pts',(13.0049321680253,-51.6367869825587,45.5020259424336));
#9805=CARTESIAN_POINT('Ctrl Pts',(12.9650934338382,-51.5807437269672,45.6645248582401));
#9806=CARTESIAN_POINT('Ctrl Pts',(12.955788324997,-51.527814727957,45.8303523246105));
#9807=CARTESIAN_POINT('Ctrl Pts',(14.4322865508041,-51.1667146298308,47.2012413540646));
#9808=CARTESIAN_POINT('Ctrl Pts',(14.4375096882291,-51.1673633987443,47.2015249449526));
#9809=CARTESIAN_POINT('Ctrl Pts',(14.4427340014483,-51.1680219685953,47.2017779005858));
#9810=CARTESIAN_POINT('Ctrl Pts',(14.5822160895143,-51.1858480903991,47.2077465804904));
#9811=CARTESIAN_POINT('Ctrl Pts',(14.7152277508964,-51.2090076088073,47.1937005962466));
#9812=CARTESIAN_POINT('Ctrl Pts',(14.95402263684,-51.2621659825344,47.1312462288683));
#9813=CARTESIAN_POINT('Ctrl Pts',(15.059912817231,-51.2906756894953,47.0876780202697));
#9814=CARTESIAN_POINT('Ctrl Pts',(15.2929821437035,-51.3657697433402,46.9519968370822));
#9815=CARTESIAN_POINT('Ctrl Pts',(15.4103592134638,-51.4143301235859,46.849048199944));
#9816=CARTESIAN_POINT('Ctrl Pts',(15.5937337535309,-51.5143132222367,46.6104463607159));
#9817=CARTESIAN_POINT('Ctrl Pts',(15.660187974653,-51.5645750114446,46.4787742601609));
#9818=CARTESIAN_POINT('Ctrl Pts',(15.7395710125927,-51.6612205131237,46.2036196829532));
#9819=CARTESIAN_POINT('Ctrl Pts',(15.754274878071,-51.7069204918926,46.063221637949));
#9820=CARTESIAN_POINT('Ctrl Pts',(15.7266421903831,-51.832051723322,45.6480861818792));
#9821=CARTESIAN_POINT('Ctrl Pts',(15.5026986463689,-51.9703328065232,45.1028897575504));
#9822=CARTESIAN_POINT('Ctrl Pts',(14.7159983103732,-52.0158194193533,44.6024310336163));
#9823=CARTESIAN_POINT('Ctrl Pts',(13.7713986508184,-51.8612645712756,44.6708473866018));
#9824=CARTESIAN_POINT('Ctrl Pts',(13.3304299860493,-51.6639601791861,45.1053174626129));
#9825=CARTESIAN_POINT('Ctrl Pts',(13.1509605418168,-51.5142949124813,45.5056839178182));
#9826=CARTESIAN_POINT('Ctrl Pts',(13.1166527611835,-51.4633254630392,45.6540282129653));
#9827=CARTESIAN_POINT('Ctrl Pts',(13.1103664992935,-51.4155659212195,45.804772899014));
#9828=CARTESIAN_POINT('Ctrl Pts',(14.4549388993558,-51.0991557855391,46.9981507871714));
#9829=CARTESIAN_POINT('Ctrl Pts',(14.4594647979606,-51.0997674695081,46.9983284529696));
#9830=CARTESIAN_POINT('Ctrl Pts',(14.4639904345643,-51.1003869350027,46.998480761638));
#9831=CARTESIAN_POINT('Ctrl Pts',(14.5847937125577,-51.1171355232511,47.0018555746439));
#9832=CARTESIAN_POINT('Ctrl Pts',(14.6992320873879,-51.1381821541768,46.9882500302717));
#9833=CARTESIAN_POINT('Ctrl Pts',(14.9039555884617,-51.1854017316682,46.9325133935678));
#9834=CARTESIAN_POINT('Ctrl Pts',(14.994456269337,-51.210362503014,46.8944602403367));
#9835=CARTESIAN_POINT('Ctrl Pts',(15.1936446071373,-51.2754302992784,46.7772368676023));
#9836=CARTESIAN_POINT('Ctrl Pts',(15.294052506861,-51.317011577019,46.689111951149));
#9837=CARTESIAN_POINT('Ctrl Pts',(15.4522452338005,-51.4022409168534,46.4850532561732));
#9838=CARTESIAN_POINT('Ctrl Pts',(15.5104233428344,-51.444937448524,46.3724709335673));
#9839=CARTESIAN_POINT('Ctrl Pts',(15.5819917149332,-51.5272373854161,46.1359426894066));
#9840=CARTESIAN_POINT('Ctrl Pts',(15.5969773070666,-51.5662560458566,46.01470336252));
#9841=CARTESIAN_POINT('Ctrl Pts',(15.5799240250322,-51.67379626178,45.6532878646431));
#9842=CARTESIAN_POINT('Ctrl Pts',(15.3975970530719,-51.7948032905312,45.1706696146581));
#9843=CARTESIAN_POINT('Ctrl Pts',(14.7089623647299,-51.8405086523936,44.7053190401821));
#9844=CARTESIAN_POINT('Ctrl Pts',(13.8546546944952,-51.7058269877857,44.7524971227635));
#9845=CARTESIAN_POINT('Ctrl Pts',(13.454999651683,-51.5268714696522,45.1467721724769));
#9846=CARTESIAN_POINT('Ctrl Pts',(13.2970638225763,-51.3917545768261,45.5093852152007));
#9847=CARTESIAN_POINT('Ctrl Pts',(13.2681243368495,-51.3459235205073,45.6435436995214));
#9848=CARTESIAN_POINT('Ctrl Pts',(13.2649446735899,-51.3033171144821,45.7791934734174));
#9849=CARTESIAN_POINT('',(14.4550737095011,-51.099163695752,46.9980040009011));
#9850=CARTESIAN_POINT('',(15.5920130460566,-51.5960063344638,45.9146048867811));
#9851=CARTESIAN_POINT('Ctrl Pts',(14.4549388993558,-51.0991557855391,46.9981507871714));
#9852=CARTESIAN_POINT('Ctrl Pts',(14.4594647979606,-51.0997674695081,46.9983284529696));
#9853=CARTESIAN_POINT('Ctrl Pts',(14.4639904345643,-51.1003869350027,46.998480761638));
#9854=CARTESIAN_POINT('Ctrl Pts',(14.5847937125577,-51.1171355232511,47.0018555746439));
#9855=CARTESIAN_POINT('Ctrl Pts',(14.6992320873879,-51.1381821541768,46.9882500302717));
#9856=CARTESIAN_POINT('Ctrl Pts',(14.9039555884617,-51.1854017316682,46.9325133935678));
#9857=CARTESIAN_POINT('Ctrl Pts',(14.994456269337,-51.210362503014,46.8944602403367));
#9858=CARTESIAN_POINT('Ctrl Pts',(15.1936446071373,-51.2754302992784,46.7772368676023));
#9859=CARTESIAN_POINT('Ctrl Pts',(15.294052506861,-51.317011577019,46.689111951149));
#9860=CARTESIAN_POINT('Ctrl Pts',(15.4522452338005,-51.4022409168534,46.4850532561732));
#9861=CARTESIAN_POINT('Ctrl Pts',(15.5104233428344,-51.444937448524,46.3724709335673));
#9862=CARTESIAN_POINT('Ctrl Pts',(15.5798339888112,-51.524756111657,46.1430738166916));
#9863=CARTESIAN_POINT('Ctrl Pts',(15.5950436325763,-51.5614156641482,46.0297075971165));
#9864=CARTESIAN_POINT('Ctrl Pts',(15.5920095050833,-51.5960468466329,45.9144700838344));
#9865=CARTESIAN_POINT('',(13.2649446735899,-51.3033171144822,45.7791934734168));
#9866=CARTESIAN_POINT('Ctrl Pts',(15.5920130460566,-51.5960063344638,45.9146048867811));
#9867=CARTESIAN_POINT('Ctrl Pts',(15.5918123397906,-51.5983080705279,45.9069461570659));
#9868=CARTESIAN_POINT('Ctrl Pts',(15.5915310504258,-51.6006008490413,45.8992791555301));
#9869=CARTESIAN_POINT('Ctrl Pts',(15.5799240250322,-51.67379626178,45.6532878646431));
#9870=CARTESIAN_POINT('Ctrl Pts',(15.3975970530719,-51.7948032905312,45.1706696146581));
#9871=CARTESIAN_POINT('Ctrl Pts',(14.7089623647299,-51.8405086523936,44.7053190401821));
#9872=CARTESIAN_POINT('Ctrl Pts',(13.8546546944952,-51.7058269877857,44.7524971227635));
#9873=CARTESIAN_POINT('Ctrl Pts',(13.454999651683,-51.5268714696522,45.1467721724769));
#9874=CARTESIAN_POINT('Ctrl Pts',(13.2970638225763,-51.3917545768261,45.5093852152007));
#9875=CARTESIAN_POINT('Ctrl Pts',(13.2681243368495,-51.3459235205073,45.6435436995214));
#9876=CARTESIAN_POINT('Ctrl Pts',(13.2649446735899,-51.3033171144821,45.7791934734174));
#9877=CARTESIAN_POINT('',(12.8667563552293,-51.7557825179761,45.5117895442399));
#9878=CARTESIAN_POINT('Ctrl Pts',(13.2649446735899,-51.3033171144823,45.7791934734168));
#9879=CARTESIAN_POINT('Ctrl Pts',(13.2414443336245,-51.3274587007817,45.7617932094489));
#9880=CARTESIAN_POINT('Ctrl Pts',(13.2177669005213,-51.3524010107643,45.7447463631109));
#9881=CARTESIAN_POINT('Ctrl Pts',(13.1941280606096,-51.3778223058661,45.7280643593999));
#9882=CARTESIAN_POINT('Ctrl Pts',(13.1672141780428,-51.4067655938455,45.7090711477815));
#9883=CARTESIAN_POINT('Ctrl Pts',(13.1403508721251,-51.4363295646981,45.6905512783221));
#9884=CARTESIAN_POINT('Ctrl Pts',(13.1138510847205,-51.4660170954999,45.6725916169604));
#9885=CARTESIAN_POINT('Ctrl Pts',(13.0942987491823,-51.4879214434358,45.6593404417816));
#9886=CARTESIAN_POINT('Ctrl Pts',(13.074944069527,-51.5098925361931,45.6463958800535));
#9887=CARTESIAN_POINT('Ctrl Pts',(13.0559101148962,-51.5317257738102,45.6338095346942));
#9888=CARTESIAN_POINT('Ctrl Pts',(13.0286208360569,-51.5630284285056,45.6157642942417));
#9889=CARTESIAN_POINT('Ctrl Pts',(13.0011437801897,-51.5950306836013,45.5978743871054));
#9890=CARTESIAN_POINT('Ctrl Pts',(12.9737703701618,-51.6273444974581,45.5802120496569));
#9891=CARTESIAN_POINT('Ctrl Pts',(12.9432864473483,-51.6633302152191,45.5605426942155));
#9892=CARTESIAN_POINT('Ctrl Pts',(12.9129308891311,-51.6997022086696,45.5411560886417));
#9893=CARTESIAN_POINT('Ctrl Pts',(12.8830814519059,-51.7359049246158,45.5222084902676));
#9894=CARTESIAN_POINT('Ctrl Pts',(12.8776181572096,-51.7425310497426,45.5187405416787));
#9895=CARTESIAN_POINT('Ctrl Pts',(12.8721717642527,-51.7491514597561,45.5152874225998));
#9896=CARTESIAN_POINT('Ctrl Pts',(12.866744526392,-51.7557626932307,45.5118502420384));
#9897=CARTESIAN_POINT('Ctrl Pts',(12.8667563552236,-51.7557825180245,45.5117895442522));
#9898=CARTESIAN_POINT('Ctrl Pts',(12.8658252556065,-51.755052725666,45.5142234453013));
#9899=CARTESIAN_POINT('Ctrl Pts',(12.864900359981,-51.7543230375389,45.516659758188));
#9900=CARTESIAN_POINT('Ctrl Pts',(12.8639816745127,-51.7535934608055,45.5190984588113));
#9901=CARTESIAN_POINT('',(14.8148585226724,-51.3628844774992,47.5753803463686));
#9902=CARTESIAN_POINT('Ctrl Pts',(14.7513831584166,-51.3542039748457,47.5952283102623));
#9903=CARTESIAN_POINT('Ctrl Pts',(14.7727013875809,-51.3569924922241,47.589061586808));
#9904=CARTESIAN_POINT('Ctrl Pts',(14.79386435205,-51.3598865183946,47.582442985342));
#9905=CARTESIAN_POINT('Ctrl Pts',(14.8148585226724,-51.3628844774992,47.5753803463686));
#9906=CARTESIAN_POINT('Ctrl Pts',(14.4549388993558,-51.0991557855391,46.9981507871714));
#9907=CARTESIAN_POINT('Ctrl Pts',(14.4588438169984,-51.101783578316,47.0043698178944));
#9908=CARTESIAN_POINT('Ctrl Pts',(14.4627552463571,-51.104425527058,47.0106002662667));
#9909=CARTESIAN_POINT('Ctrl Pts',(14.4666731369484,-51.1070810208964,47.0168401625531));
#9910=CARTESIAN_POINT('Ctrl Pts',(14.4862522177826,-51.1203514600027,47.0480231246453));
#9911=CARTESIAN_POINT('Ctrl Pts',(14.5059325243584,-51.1339487581898,47.07944977586));
#9912=CARTESIAN_POINT('Ctrl Pts',(14.5256463468488,-51.1477709404342,47.1109333390366));
#9913=CARTESIAN_POINT('Ctrl Pts',(14.5481244567659,-51.1635312797565,47.1468315517761));
#9914=CARTESIAN_POINT('Ctrl Pts',(14.5706456542949,-51.179584161252,47.1828032370206));
#9915=CARTESIAN_POINT('Ctrl Pts',(14.5930371652583,-51.195766292532,47.2185803175113));
#9916=CARTESIAN_POINT('Ctrl Pts',(14.6089314705473,-51.207252955277,47.2439761847483));
#9917=CARTESIAN_POINT('Ctrl Pts',(14.6247587808368,-51.2188044465823,47.2692742556638));
#9918=CARTESIAN_POINT('Ctrl Pts',(14.6404427148574,-51.2303590778278,47.294382210306));
#9919=CARTESIAN_POINT('Ctrl Pts',(14.6656732876504,-51.2489468864958,47.3347731018038));
#9920=CARTESIAN_POINT('Ctrl Pts',(14.6909010817355,-51.2677924209723,47.3751986278428));
#9921=CARTESIAN_POINT('Ctrl Pts',(14.7160596379708,-51.2868400352386,47.4156617931405));
#9922=CARTESIAN_POINT('Ctrl Pts',(14.73961660279,-51.3046750801022,47.4535490769922));
#9923=CARTESIAN_POINT('Ctrl Pts',(14.763112720442,-51.32268712697,47.4914696816049));
#9924=CARTESIAN_POINT('Ctrl Pts',(14.7865360600262,-51.3408385892304,47.5294095654781));
#9925=CARTESIAN_POINT('Ctrl Pts',(14.7959926506295,-51.3481667905243,47.5447268496781));
#9926=CARTESIAN_POINT('Ctrl Pts',(14.8054378952973,-51.3555178248414,47.5600470552369));
#9927=CARTESIAN_POINT('Ctrl Pts',(14.8148732049045,-51.3628897086482,47.5753682681785));
#9928=CARTESIAN_POINT('Ctrl Pts',(12.8667563552293,-51.7557825179761,45.5117895442399));
#9929=CARTESIAN_POINT('Ctrl Pts',(12.832213312628,-51.7237311202903,45.6206517155935));
#9930=CARTESIAN_POINT('Ctrl Pts',(12.8100224893064,-51.6922007048785,45.7331091410436));
#9931=CARTESIAN_POINT('Ctrl Pts',(12.7848343159282,-51.6123218188175,46.0316205098036));
#9932=CARTESIAN_POINT('Ctrl Pts',(12.802298482438,-51.5662500255657,46.217881624854));
#9933=CARTESIAN_POINT('Ctrl Pts',(12.8889921014771,-51.4931647647493,46.5352943203034));
#9934=CARTESIAN_POINT('Ctrl Pts',(12.9448639070542,-51.464473318253,46.6678898816564));
#9935=CARTESIAN_POINT('Ctrl Pts',(13.1939883921881,-51.3776047791896,47.0944917093318));
#9936=CARTESIAN_POINT('Ctrl Pts',(13.4721203499295,-51.3370028675489,47.342216172031));
#9937=CARTESIAN_POINT('Ctrl Pts',(14.1187408624417,-51.3109203087079,47.6186553149221));
#9938=CARTESIAN_POINT('Ctrl Pts',(14.4794947383137,-51.3239161381193,47.6521373568629));
#9939=CARTESIAN_POINT('Ctrl Pts',(14.8148585226724,-51.3628844774992,47.5753803463686));
#9940=CARTESIAN_POINT('Ctrl Pts',(13.0111922049674,-51.627200886385,45.5197044928201));
#9941=CARTESIAN_POINT('Ctrl Pts',(12.9809491193054,-51.5978913676646,45.6199238999765));
#9942=CARTESIAN_POINT('Ctrl Pts',(12.9622357460542,-51.5691322444577,45.7232224002902));
#9943=CARTESIAN_POINT('Ctrl Pts',(12.9437172022274,-51.496556716428,45.9965852146065));
#9944=CARTESIAN_POINT('Ctrl Pts',(12.9627268955654,-51.4550099498369,46.1662656293717));
#9945=CARTESIAN_POINT('Ctrl Pts',(13.0467285202913,-51.3897786146483,46.4535243262481));
#9946=CARTESIAN_POINT('Ctrl Pts',(13.0994374475478,-51.364415539357,46.5728834777022));
#9947=CARTESIAN_POINT('Ctrl Pts',(13.3313810776563,-51.2884148947622,46.954899403075));
#9948=CARTESIAN_POINT('Ctrl Pts',(13.5839451774028,-51.2544882704809,47.1728272140951));
#9949=CARTESIAN_POINT('Ctrl Pts',(14.16211935055,-51.2350728884801,47.4135882560768));
#9950=CARTESIAN_POINT('Ctrl Pts',(14.4814019337658,-51.2480909194647,47.4411937228428));
#9951=CARTESIAN_POINT('Ctrl Pts',(14.778449260505,-51.2830940363653,47.3732350032468));
#9952=CARTESIAN_POINT('Ctrl Pts',(13.1556280547054,-51.4986192547939,45.5276194414003));
#9953=CARTESIAN_POINT('Ctrl Pts',(13.129676349168,-51.472054113834,45.6191868325847));
#9954=CARTESIAN_POINT('Ctrl Pts',(13.1144691890126,-51.4460600843898,45.7133485782862));
#9955=CARTESIAN_POINT('Ctrl Pts',(13.1025607001773,-51.3807923709816,45.9615505008508));
#9956=CARTESIAN_POINT('Ctrl Pts',(13.1232394340072,-51.3437645581173,46.1146693916878));
#9957=CARTESIAN_POINT('Ctrl Pts',(13.2043635825647,-51.2863820856266,46.3717989859956));
#9958=CARTESIAN_POINT('Ctrl Pts',(13.2542050938652,-51.2643469548792,46.4779164095445));
#9959=CARTESIAN_POINT('Ctrl Pts',(13.468208762017,-51.1992147256198,46.815360994418));
#9960=CARTESIAN_POINT('Ctrl Pts',(13.6957135305936,-51.171959659403,47.0035171573775));
#9961=CARTESIAN_POINT('Ctrl Pts',(14.2053660391647,-51.1591996979999,47.2086003730297));
#9962=CARTESIAN_POINT('Ctrl Pts',(14.4828819970674,-51.1720834733413,47.2310228877749));
#9963=CARTESIAN_POINT('Ctrl Pts',(14.7420399983375,-51.2033035952314,47.1710896601251));
#9964=CARTESIAN_POINT('Ctrl Pts',(13.3000639044435,-51.3700376232028,45.5355343899805));
#9965=CARTESIAN_POINT('Ctrl Pts',(13.2784121558453,-51.3462143612082,45.6184590169676));
#9966=CARTESIAN_POINT('Ctrl Pts',(13.2666824457604,-51.322991623969,45.7034618375328));
#9967=CARTESIAN_POINT('Ctrl Pts',(13.2614435864766,-51.2650272685921,45.9265152056537));
#9968=CARTESIAN_POINT('Ctrl Pts',(13.2836678471347,-51.2325244823886,46.0630533962054));
#9969=CARTESIAN_POINT('Ctrl Pts',(13.362100001379,-51.1829959355256,46.2900289919403));
#9970=CARTESIAN_POINT('Ctrl Pts',(13.4087786343588,-51.1642891759832,46.3829100055902));
#9971=CARTESIAN_POINT('Ctrl Pts',(13.6056014474852,-51.1100248411924,46.6757686881611));
#9972=CARTESIAN_POINT('Ctrl Pts',(13.8075383580669,-51.089445062335,46.8341281994415));
#9973=CARTESIAN_POINT('Ctrl Pts',(14.2487445272729,-51.0833522777721,47.0035333141843));
#9974=CARTESIAN_POINT('Ctrl Pts',(14.4847891925196,-51.0962582546867,47.0200792537548));
#9975=CARTESIAN_POINT('Ctrl Pts',(14.7056307361701,-51.1235131540974,46.9689443170033));
#9976=CARTESIAN_POINT('',(14.7462096240456,-51.3552987367449,47.5895374547466));
#9977=CARTESIAN_POINT('',(12.8643359657484,-51.753518489902,45.5194881769592));
#9978=CARTESIAN_POINT('Ctrl Pts',(14.746201483218,-51.3553043471545,47.5894960970713));
#9979=CARTESIAN_POINT('Ctrl Pts',(14.4306958925646,-51.3222698820613,47.6471187687994));
#9980=CARTESIAN_POINT('Ctrl Pts',(14.0972061377331,-51.3117889491445,47.6094489245808));
#9981=CARTESIAN_POINT('Ctrl Pts',(13.4721203499295,-51.3370028675489,47.342216172031));
#9982=CARTESIAN_POINT('Ctrl Pts',(13.1939883921881,-51.3776047791896,47.0944917093318));
#9983=CARTESIAN_POINT('Ctrl Pts',(12.9448639070542,-51.464473318253,46.6678898816564));
#9984=CARTESIAN_POINT('Ctrl Pts',(12.8889921014771,-51.4931647647493,46.5352943203034));
#9985=CARTESIAN_POINT('Ctrl Pts',(12.802298482438,-51.5662500255657,46.217881624854));
#9986=CARTESIAN_POINT('Ctrl Pts',(12.7848343159282,-51.6123218188175,46.0316205098036));
#9987=CARTESIAN_POINT('Ctrl Pts',(12.8097958001639,-51.6914818089145,45.7357956910045));
#9988=CARTESIAN_POINT('Ctrl Pts',(12.8311748850096,-51.7222462965674,45.6259504228724));
#9989=CARTESIAN_POINT('Ctrl Pts',(12.8643359564,-51.7535185003079,45.5194881771088));
#9990=CARTESIAN_POINT('Ctrl Pts',(12.8667563552293,-51.7557825179761,45.5117895442399));
#9991=CARTESIAN_POINT('Ctrl Pts',(12.8659427037864,-51.7550275565132,45.514353761406));
#9992=CARTESIAN_POINT('Ctrl Pts',(12.8651359056571,-51.754272884104,45.5169199733071));
#9993=CARTESIAN_POINT('Ctrl Pts',(12.8643359636474,-51.7535185071425,45.5194881538411));
#9994=CARTESIAN_POINT('Ctrl Pts',(13.2649441441774,-51.3033172189336,45.7791892201624));
#9995=CARTESIAN_POINT('Ctrl Pts',(13.264842924217,-51.3024915348855,45.7823545075033));
#9996=CARTESIAN_POINT('Ctrl Pts',(13.2647551393251,-51.3016673109689,45.7855201957532));
#9997=CARTESIAN_POINT('Ctrl Pts',(13.2614435864766,-51.2650272685921,45.9265152056537));
#9998=CARTESIAN_POINT('Ctrl Pts',(13.2836678471347,-51.2325244823886,46.0630533962054));
#9999=CARTESIAN_POINT('Ctrl Pts',(13.362100001379,-51.1829959355256,46.2900289919403));
#10000=CARTESIAN_POINT('Ctrl Pts',(13.4087786343588,-51.1642891759832,46.3829100055902));
#10001=CARTESIAN_POINT('Ctrl Pts',(13.6056014474852,-51.1100248411924,46.6757686881611));
#10002=CARTESIAN_POINT('Ctrl Pts',(13.8075383580669,-51.089445062335,46.8341281994415));
#10003=CARTESIAN_POINT('Ctrl Pts',(14.1684013825653,-51.0844617669542,46.9726848342719));
#10004=CARTESIAN_POINT('Ctrl Pts',(14.3121970002349,-51.0888648536723,46.9986170909728));
#10005=CARTESIAN_POINT('Ctrl Pts',(14.455104460929,-51.0991655001439,46.9979705176096));
#10006=CARTESIAN_POINT('Ctrl Pts',(14.8148585226724,-51.3628844774992,47.5753803463686));
#10007=CARTESIAN_POINT('Ctrl Pts',(14.7920828049527,-51.3602380024202,47.5805931811634));
#10008=CARTESIAN_POINT('Ctrl Pts',(14.7691899820584,-51.3577113187689,47.5852975670826));
#10009=CARTESIAN_POINT('Ctrl Pts',(14.7462016840725,-51.3553043681846,47.5894960603881));
#10010=CARTESIAN_POINT('Origin',(14.4,-50.095556359036,45.2149387357326));
#10011=CARTESIAN_POINT('',(15.3,-50.095556359036,45.2149387357326));
#10012=CARTESIAN_POINT('Origin',(14.4,-50.095556359036,45.2149387357326));
#10013=CARTESIAN_POINT('',(15.3,-50.095556359036,45.2149387357326));
#10014=CARTESIAN_POINT('Ctrl Pts',(-14.8148448866147,-51.3628828930429,
47.5753834672847));
#10015=CARTESIAN_POINT('Ctrl Pts',(-14.6837075364033,-51.3476453983292,
47.6053965801845));
#10016=CARTESIAN_POINT('Ctrl Pts',(-14.5490357199104,-51.336344312744,47.6188006564888));
#10017=CARTESIAN_POINT('Ctrl Pts',(-13.8551373570049,-51.2984946191553,
47.6049027278165));
#10018=CARTESIAN_POINT('Ctrl Pts',(-13.3203550774315,-51.3393482831453,
47.2885338042104));
#10019=CARTESIAN_POINT('Ctrl Pts',(-12.9679180394786,-51.4551826945149,
46.7123000226503));
#10020=CARTESIAN_POINT('Ctrl Pts',(-12.9123162412686,-51.4807499580285,
46.5924413204755));
#10021=CARTESIAN_POINT('Ctrl Pts',(-12.771839512875,-51.5789760533231,46.1569371445958));
#10022=CARTESIAN_POINT('Ctrl Pts',(-12.7690005321439,-51.6650766154658,
45.8198716726008));
#10023=CARTESIAN_POINT('Ctrl Pts',(-12.8667540761707,-51.7557804032938,
45.5117967267396));
#10024=CARTESIAN_POINT('Ctrl Pts',(-14.7784371766246,-51.2830926106649,
47.3732377769019));
#10025=CARTESIAN_POINT('Ctrl Pts',(-14.6623711238816,-51.2694047125361,
47.3998036104525));
#10026=CARTESIAN_POINT('Ctrl Pts',(-14.5428039033624,-51.2590098267637,
47.4121778933333));
#10027=CARTESIAN_POINT('Ctrl Pts',(-13.9286648233989,-51.2233116030861,
47.4016684934978));
#10028=CARTESIAN_POINT('Ctrl Pts',(-13.44911717866,-51.2551552844344,47.1281114973132));
#10029=CARTESIAN_POINT('Ctrl Pts',(-13.120843005966,-51.3562484845818,46.6127517209396));
#10030=CARTESIAN_POINT('Ctrl Pts',(-13.0688297023577,-51.3788015740686,
46.5049623277607));
#10031=CARTESIAN_POINT('Ctrl Pts',(-12.9340722159375,-51.4661958658254,
46.1115639426912));
#10032=CARTESIAN_POINT('Ctrl Pts',(-12.9256475251124,-51.5442514490909,
45.8033581029301));
#10033=CARTESIAN_POINT('Ctrl Pts',(-13.011190209421,-51.627198952661,45.5197111048844));
#10034=CARTESIAN_POINT('Ctrl Pts',(-14.7420294666346,-51.2033023282868,
47.1710920865191));
#10035=CARTESIAN_POINT('Ctrl Pts',(-14.6406024869573,-51.1910954188048,
47.1945339202553));
#10036=CARTESIAN_POINT('Ctrl Pts',(-14.5369552338319,-51.1817487198295,
47.2052088721457));
#10037=CARTESIAN_POINT('Ctrl Pts',(-14.000682342427,-51.1478196790863,47.1998931268383));
#10038=CARTESIAN_POINT('Ctrl Pts',(-13.5758235651554,-51.1708871889162,
46.9680869529416));
#10039=CARTESIAN_POINT('Ctrl Pts',(-13.2743563898539,-51.2572940812492,
46.5132678835482));
#10040=CARTESIAN_POINT('Ctrl Pts',(-13.2252460487128,-51.2768166490721,
46.4176484018469));
#10041=CARTESIAN_POINT('Ctrl Pts',(-13.0965775932244,-51.3533873429109,
46.0662821403535));
#10042=CARTESIAN_POINT('Ctrl Pts',(-13.0821433512791,-51.4234426519981,
45.7867262359255));
#10043=CARTESIAN_POINT('Ctrl Pts',(-13.1556263426712,-51.4986175020283,
45.5276254830292));
#10044=CARTESIAN_POINT('Ctrl Pts',(-14.7056217566445,-51.1235120459088,
46.9689463961363));
#10045=CARTESIAN_POINT('Ctrl Pts',(-14.6192660744357,-51.1128547330117,
46.9889409505233));
#10046=CARTESIAN_POINT('Ctrl Pts',(-14.5307234172838,-51.1044142338492,
46.9985861089902));
#10047=CARTESIAN_POINT('Ctrl Pts',(-14.074209808821,-51.072636663017,46.9966588925195));
#10048=CARTESIAN_POINT('Ctrl Pts',(-13.7045856663838,-51.0866941902053,
46.8076646460444));
#10049=CARTESIAN_POINT('Ctrl Pts',(-13.4272813563413,-51.1583598713162,
46.4137195818375));
#10050=CARTESIAN_POINT('Ctrl Pts',(-13.381759509802,-51.1748682651122,46.3301694091322));
#10051=CARTESIAN_POINT('Ctrl Pts',(-13.2588102962869,-51.2406071554132,
46.0209089384489));
#10052=CARTESIAN_POINT('Ctrl Pts',(-13.2387903442476,-51.3026174856233,
45.7702126662548));
#10053=CARTESIAN_POINT('Ctrl Pts',(-13.3000624759215,-51.3700360513955,
45.5355398611739));
#10054=CARTESIAN_POINT('',(-14.4549913898655,-51.0991599708306,46.9981899103928));
#10055=CARTESIAN_POINT('Ctrl Pts',(-14.8148448866146,-51.3628828930429,
47.5753834672847));
#10056=CARTESIAN_POINT('Ctrl Pts',(-14.7950428987971,-51.3474086276527,
47.5432199935538));
#10057=CARTESIAN_POINT('Ctrl Pts',(-14.7752095305694,-51.3320259220371,
47.5110500947768));
#10058=CARTESIAN_POINT('Ctrl Pts',(-14.7553183269384,-51.3167542261047,
47.4789016736553));
#10059=CARTESIAN_POINT('Ctrl Pts',(-14.7335825394146,-51.3000663300843,
47.4437720121382));
#10060=CARTESIAN_POINT('Ctrl Pts',(-14.7117775983703,-51.2835111013586,
47.4086675864303));
#10061=CARTESIAN_POINT('Ctrl Pts',(-14.6899278432845,-51.2671217945892,
47.3735946598084));
#10062=CARTESIAN_POINT('Ctrl Pts',(-14.6732513140117,-51.2546128784467,
47.3468257241752));
#10063=CARTESIAN_POINT('Ctrl Pts',(-14.6565500959627,-51.2422008326934,
47.3200743116252));
#10064=CARTESIAN_POINT('Ctrl Pts',(-14.6398539070551,-51.2299021178425,
47.2933366767081));
#10065=CARTESIAN_POINT('Ctrl Pts',(-14.6103679858303,-51.2081822547491,
47.2461172902204));
#10066=CARTESIAN_POINT('Ctrl Pts',(-14.5804054916943,-51.1864780932089,
47.1982141079035));
#10067=CARTESIAN_POINT('Ctrl Pts',(-14.5503929859579,-51.1651881493751,
47.1502836485324));
#10068=CARTESIAN_POINT('Ctrl Pts',(-14.5231076357523,-51.145832765374,47.106708500861));
#10069=CARTESIAN_POINT('Ctrl Pts',(-14.4957804493835,-51.1268191280867,
47.0631149771549));
#10070=CARTESIAN_POINT('Ctrl Pts',(-14.4687047749207,-51.1084328398044,
47.0200130670116));
#10071=CARTESIAN_POINT('Ctrl Pts',(-14.4641259352879,-51.1053234854796,
47.0127239878536));
#10072=CARTESIAN_POINT('Ctrl Pts',(-14.4595542983231,-51.1022320644628,
47.0054488627623));
#10073=CARTESIAN_POINT('Ctrl Pts',(-14.4549913898801,-51.0991599708316,
46.9981899103927));
#10074=CARTESIAN_POINT('',(-13.2651626665626,-51.3035134289145,45.7786845156242));
#10075=CARTESIAN_POINT('Ctrl Pts',(-14.4549913898655,-51.0991599708306,
46.9981899103928));
#10076=CARTESIAN_POINT('Ctrl Pts',(-14.4504951670211,-51.0988353970134,
46.9982219352189));
#10077=CARTESIAN_POINT('Ctrl Pts',(-14.4459970125547,-51.0985164921878,
46.9982284282559));
#10078=CARTESIAN_POINT('Ctrl Pts',(-14.074209808821,-51.072636663017,46.9966588925195));
#10079=CARTESIAN_POINT('Ctrl Pts',(-13.7045856663838,-51.0866941902053,
46.8076646460444));
#10080=CARTESIAN_POINT('Ctrl Pts',(-13.4272813563413,-51.1583598713162,
46.4137195818375));
#10081=CARTESIAN_POINT('Ctrl Pts',(-13.381759509802,-51.1748682651122,46.3301694091322));
#10082=CARTESIAN_POINT('Ctrl Pts',(-13.2886577975367,-51.22464819517,46.09598589113));
#10083=CARTESIAN_POINT('Ctrl Pts',(-13.2602495800745,-51.2621722572202,
45.9373171109174));
#10084=CARTESIAN_POINT('Ctrl Pts',(-13.2652185100385,-51.3034861869085,
45.7788048988886));
#10085=CARTESIAN_POINT('Ctrl Pts',(-13.2652185100422,-51.3034861869394,
45.7788048987699));
#10086=CARTESIAN_POINT('Ctrl Pts',(-13.2403392960661,-51.329005204241,45.7604647268941));
#10087=CARTESIAN_POINT('Ctrl Pts',(-13.2152480208231,-51.355428934374,45.7424920162766));
#10088=CARTESIAN_POINT('Ctrl Pts',(-13.1902147392112,-51.382369048377,45.7249217283679));
#10089=CARTESIAN_POINT('Ctrl Pts',(-13.1617981294379,-51.4129502050443,
45.7049767597918));
#10090=CARTESIAN_POINT('Ctrl Pts',(-13.133455914968,-51.4441964825386,45.6855513314023));
#10091=CARTESIAN_POINT('Ctrl Pts',(-13.1055600523251,-51.4755219159457,
45.6667589884579));
#10092=CARTESIAN_POINT('Ctrl Pts',(-13.0889200097672,-51.4942077171955,
45.6555492477749));
#10093=CARTESIAN_POINT('Ctrl Pts',(-13.0724383595415,-51.5129213713833,
45.6445658443138));
#10094=CARTESIAN_POINT('Ctrl Pts',(-13.056192397047,-51.5315368068947,45.6338389560133));
#10095=CARTESIAN_POINT('Ctrl Pts',(-13.0274782138377,-51.5644389526421,
45.6148795477277));
#10096=CARTESIAN_POINT('Ctrl Pts',(-12.9985602204212,-51.5981218088136,
45.5960804017231));
#10097=CARTESIAN_POINT('Ctrl Pts',(-12.9697761315699,-51.6321279372326,
45.577538165336));
#10098=CARTESIAN_POINT('Ctrl Pts',(-12.9350534130769,-51.6731500877071,
45.5551703614557));
#10099=CARTESIAN_POINT('Ctrl Pts',(-12.9005249319834,-51.7146425412672,
45.5331768412431));
#10100=CARTESIAN_POINT('Ctrl Pts',(-12.8667540761708,-51.7557804032938,
45.5117967267396));
#10101=CARTESIAN_POINT('Ctrl Pts',(-12.8012134216803,-51.6400232864303,
45.8559397409473));
#10102=CARTESIAN_POINT('Ctrl Pts',(-12.8015002213766,-51.6413664628524,
45.8517574516979));
#10103=CARTESIAN_POINT('Ctrl Pts',(-12.8018070877561,-51.6427123093547,
45.8475754465436));
#10104=CARTESIAN_POINT('Ctrl Pts',(-12.8266219682308,-51.7476814582815,
45.5217464218847));
#10105=CARTESIAN_POINT('Ctrl Pts',(-12.9583128008299,-51.8619506871113,
45.2125021218935));
#10106=CARTESIAN_POINT('Ctrl Pts',(-13.4274809701953,-52.088810493656,44.6947323973825));
#10107=CARTESIAN_POINT('Ctrl Pts',(-13.7894049703432,-52.195438853592,44.5172958355281));
#10108=CARTESIAN_POINT('Ctrl Pts',(-14.3463399891297,-52.2908758395607,
44.4626050235015));
#10109=CARTESIAN_POINT('Ctrl Pts',(-14.5211060464737,-52.3123035729976,
44.4723741757083));
#10110=CARTESIAN_POINT('Ctrl Pts',(-14.8528198053337,-52.3365811563924,
44.5420578733365));
#10111=CARTESIAN_POINT('Ctrl Pts',(-15.0083868178433,-52.3403261119425,
44.5985464271623));
#10112=CARTESIAN_POINT('Ctrl Pts',(-15.3855997135585,-52.329187707423,44.7981823309759));
#10113=CARTESIAN_POINT('Ctrl Pts',(-15.5886592708684,-52.3015389794525,
44.9727073855951));
#10114=CARTESIAN_POINT('Ctrl Pts',(-15.8539565466044,-52.2229732026955,
45.3328381630514));
#10115=CARTESIAN_POINT('Ctrl Pts',(-15.938970819744,-52.18074673422,45.5013602611869));
#10116=CARTESIAN_POINT('Ctrl Pts',(-16.0505564686473,-52.0780828418583,
45.8703444857229));
#10117=CARTESIAN_POINT('Ctrl Pts',(-16.0710670845146,-52.0173583894555,
46.0691360098813));
#10118=CARTESIAN_POINT('Ctrl Pts',(-16.0157956014794,-51.8190557944864,
46.6669056536151));
#10119=CARTESIAN_POINT('Ctrl Pts',(-15.8075252173446,-51.6704883787726,
47.0448273908842));
#10120=CARTESIAN_POINT('Ctrl Pts',(-15.3285244159958,-51.4903813002032,
47.4091571993626));
#10121=CARTESIAN_POINT('Ctrl Pts',(-15.1528898724922,-51.4391061630412,
47.4965776938233));
#10122=CARTESIAN_POINT('Ctrl Pts',(-14.7841906219185,-51.3567008504459,
47.6010832071046));
#10123=CARTESIAN_POINT('Ctrl Pts',(-14.5956325406867,-51.3253612551081,
47.6206957100148));
#10124=CARTESIAN_POINT('Ctrl Pts',(-14.400210835221,-51.3032586222827,47.6083620210614));
#10125=CARTESIAN_POINT('Ctrl Pts',(-14.3935826114367,-51.3025211517535,
47.6079052511116));
#10126=CARTESIAN_POINT('Ctrl Pts',(-14.3869573974571,-51.3017963947744,
47.6074097259436));
#10127=CARTESIAN_POINT('Ctrl Pts',(-12.9557906462724,-51.5277890429185,
45.8303532539205));
#10128=CARTESIAN_POINT('Ctrl Pts',(-12.9560069535226,-51.5290138496921,
45.8265188113645));
#10129=CARTESIAN_POINT('Ctrl Pts',(-12.9562402187874,-51.53023834177,45.8226874451369));
#10130=CARTESIAN_POINT('Ctrl Pts',(-12.9753247976557,-51.6259296032748,
45.5239523726845));
#10131=CARTESIAN_POINT('Ctrl Pts',(-13.0938778731375,-51.7310520065447,
45.2387511376714));
#10132=CARTESIAN_POINT('Ctrl Pts',(-13.524020742634,-51.9396713559462,44.7622891356062));
#10133=CARTESIAN_POINT('Ctrl Pts',(-13.858214838578,-52.0372238302932,44.6008005208187));
#10134=CARTESIAN_POINT('Ctrl Pts',(-14.3692589360211,-52.1230906278165,
44.5559771715102));
#10135=CARTESIAN_POINT('Ctrl Pts',(-14.5291467512432,-52.1421263546679,
44.5669018146962));
#10136=CARTESIAN_POINT('Ctrl Pts',(-14.8313216426851,-52.1631459879558,
44.6347062744333));
#10137=CARTESIAN_POINT('Ctrl Pts',(-14.9724026034735,-52.1659971279952,
44.6883495503621));
#10138=CARTESIAN_POINT('Ctrl Pts',(-15.3127950513192,-52.1545681070885,
44.8753544864623));
#10139=CARTESIAN_POINT('Ctrl Pts',(-15.4941567958875,-52.1288461601248,
45.0367636529231));
#10140=CARTESIAN_POINT('Ctrl Pts',(-15.7285555751019,-52.0574564585214,
45.3658849309557));
#10141=CARTESIAN_POINT('Ctrl Pts',(-15.8027576526626,-52.0194074206127,
45.5188926339764));
#10142=CARTESIAN_POINT('Ctrl Pts',(-15.8982476386888,-51.9275052485962,
45.8518696994463));
#10143=CARTESIAN_POINT('Ctrl Pts',(-15.9144657012327,-51.8734730216736,
46.030158183153));
#10144=CARTESIAN_POINT('Ctrl Pts',(-15.8593054290916,-51.697494002683,46.5640797401691));
#10145=CARTESIAN_POINT('Ctrl Pts',(-15.6725987574208,-51.5664912990625,
46.8983800576187));
#10146=CARTESIAN_POINT('Ctrl Pts',(-15.2475811857664,-51.4060433230456,
47.2227770193631));
#10147=CARTESIAN_POINT('Ctrl Pts',(-15.0917351835436,-51.3600994487069,
47.3009187788118));
#10148=CARTESIAN_POINT('Ctrl Pts',(-14.7641837378394,-51.2854015360485,
47.3957896818093));
#10149=CARTESIAN_POINT('Ctrl Pts',(-14.5962381259551,-51.2565485016116,
47.4145161037207));
#10150=CARTESIAN_POINT('Ctrl Pts',(-14.4214799313874,-51.2356352831816,
47.4050699582603));
#10151=CARTESIAN_POINT('Ctrl Pts',(-14.415548260492,-51.2349376604762,47.4047116102175));
#10152=CARTESIAN_POINT('Ctrl Pts',(-14.4096224963409,-51.2342498562952,
47.4043233902172));
#10153=CARTESIAN_POINT('Ctrl Pts',(-13.1103678708645,-51.4155547994066,
45.8047667668936));
#10154=CARTESIAN_POINT('Ctrl Pts',(-13.1105118642668,-51.4166582994506,
45.8012832411501));
#10155=CARTESIAN_POINT('Ctrl Pts',(-13.1106752009765,-51.417767307018,45.7977962097308));
#10156=CARTESIAN_POINT('Ctrl Pts',(-13.1239853582396,-51.5041018952186,
45.5262815384953));
#10157=CARTESIAN_POINT('Ctrl Pts',(-13.2295432553542,-51.6002031680921,
45.2649229951054));
#10158=CARTESIAN_POINT('Ctrl Pts',(-13.6204233250577,-51.7904262886457,
44.8300588451836));
#10159=CARTESIAN_POINT('Ctrl Pts',(-13.9269953172137,-51.8789213589401,
44.6844528857736));
#10160=CARTESIAN_POINT('Ctrl Pts',(-14.3920633709738,-51.9552608391659,
44.6494786752725));
#10161=CARTESIAN_POINT('Ctrl Pts',(-14.5371027272746,-51.9718753665989,
44.6615908177187));
#10162=CARTESIAN_POINT('Ctrl Pts',(-14.8097226823825,-51.9896624894899,
44.727477879353));
#10163=CARTESIAN_POINT('Ctrl Pts',(-14.9363327508304,-51.9915933870572,
44.7783312494028));
#10164=CARTESIAN_POINT('Ctrl Pts',(-15.239882498071,-51.9799085908269,44.9526197295451));
#10165=CARTESIAN_POINT('Ctrl Pts',(-15.3995140974985,-51.9560919983131,
45.100960424792));
#10166=CARTESIAN_POINT('Ctrl Pts',(-15.6030827504219,-51.8918728540908,
45.399095179577));
#10167=CARTESIAN_POINT('Ctrl Pts',(-15.6663254550103,-51.8579875742465,
45.5365952708632));
#10168=CARTESIAN_POINT('Ctrl Pts',(-15.7459882933318,-51.7768748440067,
45.8335526760837));
#10169=CARTESIAN_POINT('Ctrl Pts',(-15.7574870616692,-51.7294740959281,
45.9913997920843));
#10170=CARTESIAN_POINT('Ctrl Pts',(-15.7033323029807,-51.5759591990263,
46.4613112676866));
#10171=CARTESIAN_POINT('Ctrl Pts',(-15.5381174347593,-51.4624186697615,
46.7522646599589));
#10172=CARTESIAN_POINT('Ctrl Pts',(-15.1664527483626,-51.321745714806,47.0362322031079));
#10173=CARTESIAN_POINT('Ctrl Pts',(-15.0307118188823,-51.2810793033126,
47.1053319509489));
#10174=CARTESIAN_POINT('Ctrl Pts',(-14.7440865431201,-51.2141207358328,
47.1904195449252));
#10175=CARTESIAN_POINT('Ctrl Pts',(-14.5968986464525,-51.1877176891684,
47.2083995628403));
#10176=CARTESIAN_POINT('Ctrl Pts',(-14.4427446950847,-51.1680132206627,
47.2017732836252));
#10177=CARTESIAN_POINT('Ctrl Pts',(-14.43751796047,-51.1673529410764,47.2015223753884));
#10178=CARTESIAN_POINT('Ctrl Pts',(-14.4322875952246,-51.166703317816,47.2012370544907));
#10179=CARTESIAN_POINT('Ctrl Pts',(-13.2649450954566,-51.3033205558947,
45.7791802798668));
#10180=CARTESIAN_POINT('Ctrl Pts',(-13.2650185964128,-51.3043056862903,
45.7760446008167));
#10181=CARTESIAN_POINT('Ctrl Pts',(-13.2651083320078,-51.3052933394333,
45.7729082083241));
#10182=CARTESIAN_POINT('Ctrl Pts',(-13.2726881876646,-51.3823500402119,
45.5284874892951));
#10183=CARTESIAN_POINT('Ctrl Pts',(-13.3651083276617,-51.4693044875255,
45.2911720108834));
#10184=CARTESIAN_POINT('Ctrl Pts',(-13.7169630974964,-51.6412871509359,
44.8976155834073));
#10185=CARTESIAN_POINT('Ctrl Pts',(-13.9958051854485,-51.7207063356413,
44.7679575710642));
#10186=CARTESIAN_POINT('Ctrl Pts',(-14.4149823178652,-51.7874756274216,
44.7428508232812));
#10187=CARTESIAN_POINT('Ctrl Pts',(-14.5451434320441,-51.8016981482691,
44.7561184567067));
#10188=CARTESIAN_POINT('Ctrl Pts',(-14.788224519734,-51.8162273210533,44.8201262804498));
#10189=CARTESIAN_POINT('Ctrl Pts',(-14.9003485364606,-51.81726440311,44.8681343726026));
#10190=CARTESIAN_POINT('Ctrl Pts',(-15.1670778358317,-51.8052889904925,
45.0297918850315));
#10191=CARTESIAN_POINT('Ctrl Pts',(-15.3050116225176,-51.7833991789854,
45.16501669212));
#10192=CARTESIAN_POINT('Ctrl Pts',(-15.4776817789194,-51.7263561099168,
45.4321419474813));
#10193=CARTESIAN_POINT('Ctrl Pts',(-15.5301122879289,-51.6966482606392,
45.5541276436527));
#10194=CARTESIAN_POINT('Ctrl Pts',(-15.5936794633733,-51.6262972507446,
45.8150778898071));
#10195=CARTESIAN_POINT('Ctrl Pts',(-15.6008856783873,-51.5855887281462,
45.952421965356));
#10196=CARTESIAN_POINT('Ctrl Pts',(-15.5468421305928,-51.4543974072229,
46.3584853542405));
#10197=CARTESIAN_POINT('Ctrl Pts',(-15.4031909748355,-51.3584215900514,
46.6058173266935));
#10198=CARTESIAN_POINT('Ctrl Pts',(-15.0855095181332,-51.2374077376483,
46.8498520231083));
#10199=CARTESIAN_POINT('Ctrl Pts',(-14.9695571299337,-51.2020725889783,
46.9096730359373));
#10200=CARTESIAN_POINT('Ctrl Pts',(-14.724079659041,-51.1428214214354,46.98512601963));
#10201=CARTESIAN_POINT('Ctrl Pts',(-14.597504231721,-51.1189049356719,47.0022199565462));
#10202=CARTESIAN_POINT('Ctrl Pts',(-14.4640137912511,-51.1003898815617,
46.9984812208241));
#10203=CARTESIAN_POINT('Ctrl Pts',(-14.4594836095253,-51.0997694497991,
46.9983287344943));
#10204=CARTESIAN_POINT('Ctrl Pts',(-14.4549526941084,-51.0991567793368,
46.9981507187642));
#10205=CARTESIAN_POINT('Ctrl Pts',(-13.2649670553483,-51.3036088537118,
45.7782628306072));
#10206=CARTESIAN_POINT('Ctrl Pts',(-13.2650361708266,-51.3044983377331,
45.7754328509062));
#10207=CARTESIAN_POINT('Ctrl Pts',(-13.2651178147544,-51.3053897408952,
45.77260242681));
#10208=CARTESIAN_POINT('Ctrl Pts',(-13.2726881876646,-51.3823500402119,
45.5284874892951));
#10209=CARTESIAN_POINT('Ctrl Pts',(-13.3651083276617,-51.4693044875255,
45.2911720108834));
#10210=CARTESIAN_POINT('Ctrl Pts',(-13.7169630974964,-51.6412871509359,
44.8976155834073));
#10211=CARTESIAN_POINT('Ctrl Pts',(-13.9958051854485,-51.7207063356413,
44.7679575710642));
#10212=CARTESIAN_POINT('Ctrl Pts',(-14.4149823178652,-51.7874756274216,
44.7428508232812));
#10213=CARTESIAN_POINT('Ctrl Pts',(-14.5451434320441,-51.8016981482691,
44.7561184567067));
#10214=CARTESIAN_POINT('Ctrl Pts',(-14.788224519734,-51.8162273210533,44.8201262804498));
#10215=CARTESIAN_POINT('Ctrl Pts',(-14.9003485364606,-51.81726440311,44.8681343726026));
#10216=CARTESIAN_POINT('Ctrl Pts',(-15.1670778358317,-51.8052889904925,
45.0297918850315));
#10217=CARTESIAN_POINT('Ctrl Pts',(-15.3050116225176,-51.7833991789854,
45.16501669212));
#10218=CARTESIAN_POINT('Ctrl Pts',(-15.4776817789194,-51.7263561099168,
45.4321419474813));
#10219=CARTESIAN_POINT('Ctrl Pts',(-15.5301122879289,-51.6966482606392,
45.5541276436527));
#10220=CARTESIAN_POINT('Ctrl Pts',(-15.5936794633733,-51.6262972507446,
45.8150778898071));
#10221=CARTESIAN_POINT('Ctrl Pts',(-15.6008856783873,-51.5855887281462,
45.952421965356));
#10222=CARTESIAN_POINT('Ctrl Pts',(-15.5468421305928,-51.4543974072229,
46.3584853542405));
#10223=CARTESIAN_POINT('Ctrl Pts',(-15.4031909748355,-51.3584215900514,
46.6058173266935));
#10224=CARTESIAN_POINT('Ctrl Pts',(-15.0855095181332,-51.2374077376483,
46.8498520231083));
#10225=CARTESIAN_POINT('Ctrl Pts',(-14.9695571299337,-51.2020725889783,
46.9096730359373));
#10226=CARTESIAN_POINT('Ctrl Pts',(-14.724079659041,-51.1428214214354,46.98512601963));
#10227=CARTESIAN_POINT('Ctrl Pts',(-14.597504231721,-51.1189049356719,47.0022199565462));
#10228=CARTESIAN_POINT('Ctrl Pts',(-14.4640137912511,-51.1003898815617,
46.9984812208241));
#10229=CARTESIAN_POINT('Ctrl Pts',(-14.4594836095253,-51.0997694497991,
46.9983287344943));
#10230=CARTESIAN_POINT('Ctrl Pts',(-14.4549526941084,-51.0991567793368,
46.9981507187642));
#10231=CARTESIAN_POINT('Origin',(-14.4,-50.095556359036,45.2149387357326));
#10232=CARTESIAN_POINT('',(-13.5,-50.095556359036,45.2149387357326));
#10233=CARTESIAN_POINT('',(-13.5,-50.095556359036,45.2149387357326));
#10234=CARTESIAN_POINT('Origin',(-14.4,-50.095556359036,45.2149387357326));
#10235=CARTESIAN_POINT('Ctrl Pts',(20.3856140247045,-50.1835648465823,53.6839873622896));
#10236=CARTESIAN_POINT('Ctrl Pts',(17.6528828026105,-50.7620794798415,50.6874133590292));
#10237=CARTESIAN_POINT('Ctrl Pts',(14.9201515805166,-51.3405941131008,47.6908393557687));
#10238=CARTESIAN_POINT('Ctrl Pts',(12.1874203584227,-51.91910874636,44.6942653525083));
#10239=CARTESIAN_POINT('Ctrl Pts',(17.4464905135161,-50.1489360847487,53.7582489816905));
#10240=CARTESIAN_POINT('Ctrl Pts',(15.1816883152087,-50.620810700394,50.9903652342063));
#10241=CARTESIAN_POINT('Ctrl Pts',(12.9166977218868,-51.0927986253061,48.2222384942155));
#10242=CARTESIAN_POINT('Ctrl Pts',(10.6518955235794,-51.5646732409514,45.4543547467314));
#10243=CARTESIAN_POINT('Ctrl Pts',(14.4941332071287,-50.1203535804569,53.8195443599497));
#10244=CARTESIAN_POINT('Ctrl Pts',(12.6564533090942,-50.5042376394439,51.2403569701589));
#10245=CARTESIAN_POINT('Ctrl Pts',(10.8185988223562,-50.8882388908744,48.6609182603619));
#10246=CARTESIAN_POINT('Ctrl Pts',(8.98091892432171,-51.2721229498614,46.0817308705711));
#10247=CARTESIAN_POINT('Ctrl Pts',(11.5336878215785,-50.0992646229278,53.8647697753171));
#10248=CARTESIAN_POINT('Ctrl Pts',(10.0981780374767,-50.4182668491391,51.4247219249291));
#10249=CARTESIAN_POINT('Ctrl Pts',(8.66266825337484,-50.7372690753504,48.9846740745411));
#10250=CARTESIAN_POINT('Ctrl Pts',(7.227158469273,-51.0562713015617,46.5446262241531));
#10251=CARTESIAN_POINT('Ctrl Pts',(21.0893259586639,-69.3779619879966,13.0387247462677));
#10252=CARTESIAN_POINT('Ctrl Pts',(18.1023365805806,-67.2672805406553,15.6349071438857));
#10253=CARTESIAN_POINT('Ctrl Pts',(15.1153472024973,-65.1565990933139,18.2310895415037));
#10254=CARTESIAN_POINT('Ctrl Pts',(12.128357824414,-63.0459176459726,20.8272719391217));
#10255=CARTESIAN_POINT('Ctrl Pts',(22.0285973778976,-68.9811193866758,13.8897564511531));
#10256=CARTESIAN_POINT('Ctrl Pts',(18.9131331327162,-66.9287542075174,16.3608792080746));
#10257=CARTESIAN_POINT('Ctrl Pts',(15.7976623693563,-64.8763863414439,18.832007727104));
#10258=CARTESIAN_POINT('Ctrl Pts',(12.6821981241748,-62.8240211622854,21.3031304840255));
#10259=CARTESIAN_POINT('Ctrl Pts',(22.967674752132,-68.5841877084995,14.7409791819717));
#10260=CARTESIAN_POINT('Ctrl Pts',(19.7166863108767,-66.5869028485759,17.0939818131102));
#10261=CARTESIAN_POINT('Ctrl Pts',(16.4656912245233,-64.5896153578504,19.4469900860216));
#10262=CARTESIAN_POINT('Ctrl Pts',(13.214702783268,-62.5923304979268,21.7999927171601));
#10263=CARTESIAN_POINT('Ctrl Pts',(23.9065328210915,-68.1871781214158,15.5923689889814));
#10264=CARTESIAN_POINT('Ctrl Pts',(20.5120533418057,-66.2421432780808,17.8333210979488));
#10265=CARTESIAN_POINT('Ctrl Pts',(17.1175738625199,-64.2971084347459,20.0742732069161));
#10266=CARTESIAN_POINT('Ctrl Pts',(13.7230943832341,-62.3520735914109,22.3152253158835));
#10267=CARTESIAN_POINT('',(24.,-68.2407347626607,15.5306642495737));
#10268=CARTESIAN_POINT('Ctrl Pts',(23.03250122088,-67.6863585032795,16.1693832174517));
#10269=CARTESIAN_POINT('Ctrl Pts',(19.9047924923,-65.8941831509127,18.2342198188565));
#10270=CARTESIAN_POINT('Ctrl Pts',(16.77708376372,-64.1020077985459,20.2990564202613));
#10271=CARTESIAN_POINT('Ctrl Pts',(13.6493750351401,-62.3098324461791,22.3638930216662));
#10272=CARTESIAN_POINT('Ctrl Pts',(23.10436036052,-66.4551033270066,18.8098184638822));
#10273=CARTESIAN_POINT('Ctrl Pts',(20.2090356859642,-64.8594039180801,20.4533110448656));
#10274=CARTESIAN_POINT('Ctrl Pts',(17.3134727776963,-63.2636400874146,22.0969417787143));
#10275=CARTESIAN_POINT('Ctrl Pts',(14.4181481031406,-61.6679406784881,23.7404343596977));
#10276=CARTESIAN_POINT('Ctrl Pts',(23.1629348736329,-65.219138627276,21.4603533159599));
#10277=CARTESIAN_POINT('Ctrl Pts',(20.4569709701298,-63.8046671874607,22.7152012629947));
#10278=CARTESIAN_POINT('Ctrl Pts',(17.7507617046235,-62.3901362962599,23.9701767039367));
#10279=CARTESIAN_POINT('Ctrl Pts',(15.0447978011204,-60.9756648564446,25.2250246509714));
#10280=CARTESIAN_POINT('Ctrl Pts',(23.2054837606,-63.9803756248138,24.1168891476114));
#10281=CARTESIAN_POINT('Ctrl Pts',(20.6369891737333,-62.7380677023718,25.0025312401797));
#10282=CARTESIAN_POINT('Ctrl Pts',(18.0684945868667,-61.4957597799298,25.8881733327479));
#10283=CARTESIAN_POINT('Ctrl Pts',(15.5,-60.2534518574878,26.7738154253161));
#10284=CARTESIAN_POINT('',(24.0000000000001,-64.3646605766928,23.8429321657904));
#10285=CARTESIAN_POINT('Ctrl Pts',(24.0000000000001,-64.3646605766927,23.8429321657904));
#10286=CARTESIAN_POINT('Ctrl Pts',(21.0074365924497,-62.9172426032934,24.8747973415855));
#10287=CARTESIAN_POINT('Ctrl Pts',(18.0148731848994,-61.4698246298941,25.9066625173806));
#10288=CARTESIAN_POINT('Ctrl Pts',(15.0223097773491,-60.0224066564947,26.9385276931757));
#10289=CARTESIAN_POINT('Ctrl Pts',(21.7685542547352,-62.7643337756678,27.2748440656653));
#10290=CARTESIAN_POINT('Ctrl Pts',(19.6414413763912,-61.5322799038158,27.8448594352629));
#10291=CARTESIAN_POINT('Ctrl Pts',(17.5002799107646,-60.3014151430811,28.4123247478402));
#10292=CARTESIAN_POINT('Ctrl Pts',(15.3731670324207,-59.069361271229,28.9823401174378));
#10293=CARTESIAN_POINT('Ctrl Pts',(19.9524484225494,-59.4516722530885,34.3788696261424));
#10294=CARTESIAN_POINT('Ctrl Pts',(18.5147048141298,-58.7041637959324,33.9097740006234));
#10295=CARTESIAN_POINT('Ctrl Pts',(17.0815734109413,-57.9565382733248,33.4409294227753));
#10296=CARTESIAN_POINT('Ctrl Pts',(15.6438298025216,-57.2090298161687,32.9718337972563));
#10297=CARTESIAN_POINT('Ctrl Pts',(22.3264156910514,-56.267303919166,41.2077695556908));
#10298=CARTESIAN_POINT('Ctrl Pts',(19.9868425752129,-55.9768500232898,39.7585172604565));
#10299=CARTESIAN_POINT('Ctrl Pts',(17.6471732003075,-55.6853988718729,38.3114035866308));
#10300=CARTESIAN_POINT('Ctrl Pts',(15.3076000844691,-55.3949449759967,36.8621512913966));
#10301=CARTESIAN_POINT('Ctrl Pts',(24.,-55.0670588183973,43.7817034805969));
#10302=CARTESIAN_POINT('Ctrl Pts',(21.0175670689315,-54.9376187619823,41.9871558923403));
#10303=CARTESIAN_POINT('Ctrl Pts',(18.0351341378631,-54.8081787055673,40.1926083040836));
#10304=CARTESIAN_POINT('Ctrl Pts',(15.0527012067946,-54.6787386491524,38.398060715827));
#10305=CARTESIAN_POINT('Ctrl Pts',(22.8007332450362,-56.0621344157719,41.6477569755969));
#10306=CARTESIAN_POINT('Ctrl Pts',(21.8374794149601,-56.9985958336311,39.6395089842076));
#10307=CARTESIAN_POINT('Ctrl Pts',(20.377475593517,-59.464685890254,34.35096179118));
#10308=CARTESIAN_POINT('Ctrl Pts',(21.4074361888912,-62.0070145868717,28.8989203070732));
#10309=CARTESIAN_POINT('Ctrl Pts',(22.8032461759733,-63.3695639816351,25.9769237004671));
#10310=CARTESIAN_POINT('Origin',(9.59140701349042E-15,-59.715859697545,
33.8123178231936));
#10311=CARTESIAN_POINT('Origin',(9.59140701349042E-15,-59.715859697545,
33.8123178231936));
#10312=CARTESIAN_POINT('Origin',(2.58345228951449E-14,-56.1812593281021,
32.1641066024049));
#10313=UNCERTAINTY_MEASURE_WITH_UNIT(LENGTH_MEASURE(0.01),#10317,
'DISTANCE_ACCURACY_VALUE',
'Maximum model space distance between geometric entities at asserted c
onnectivities');
#10314=UNCERTAINTY_MEASURE_WITH_UNIT(LENGTH_MEASURE(0.01),#10317,
'DISTANCE_ACCURACY_VALUE',
'Maximum model space distance between geometric entities at asserted c
onnectivities');
#10315=(
GEOMETRIC_REPRESENTATION_CONTEXT(3)
GLOBAL_UNCERTAINTY_ASSIGNED_CONTEXT((#10313))
GLOBAL_UNIT_ASSIGNED_CONTEXT((#10317,#10319,#10320))
REPRESENTATION_CONTEXT('','3D')
);
#10316=(
GEOMETRIC_REPRESENTATION_CONTEXT(3)
GLOBAL_UNCERTAINTY_ASSIGNED_CONTEXT((#10314))
GLOBAL_UNIT_ASSIGNED_CONTEXT((#10317,#10319,#10320))
REPRESENTATION_CONTEXT('','3D')
);
#10317=(
LENGTH_UNIT()
NAMED_UNIT(*)
SI_UNIT(.MILLI.,.METRE.)
);
#10318=(
LENGTH_UNIT()
NAMED_UNIT(*)
SI_UNIT($,.METRE.)
);
#10319=(
NAMED_UNIT(*)
PLANE_ANGLE_UNIT()
SI_UNIT($,.RADIAN.)
);
#10320=(
NAMED_UNIT(*)
SI_UNIT($,.STERADIAN.)
SOLID_ANGLE_UNIT()
);
#10321=SHAPE_DEFINITION_REPRESENTATION(#10322,#10323);
#10322=PRODUCT_DEFINITION_SHAPE('',$,#10325);
#10323=SHAPE_REPRESENTATION('',(#4873),#10315);
#10324=PRODUCT_DEFINITION_CONTEXT('part definition',#10329,'design');
#10325=PRODUCT_DEFINITION('2026-08-06-22-03-14-620',
'The Shard TPU - Action 2 Mount',#10326,#10324);
#10326=PRODUCT_DEFINITION_FORMATION('',$,#10331);
#10327=PRODUCT_RELATED_PRODUCT_CATEGORY(
'The Shard TPU - Action 2 Mount','The Shard TPU - Action 2 Mount',(#10331));
#10328=APPLICATION_PROTOCOL_DEFINITION('international standard',
'automotive_design',2009,#10329);
#10329=APPLICATION_CONTEXT(
'Core Data for Automotive Mechanical Design Process');
#10330=PRODUCT_CONTEXT('part definition',#10329,'mechanical');
#10331=PRODUCT('2026-08-06-22-03-14-620',
'The Shard TPU - Action 2 Mount',$,(#10330));
#10332=PRESENTATION_STYLE_ASSIGNMENT((#10333));
#10333=SURFACE_STYLE_USAGE(.BOTH.,#10334);
#10334=SURFACE_SIDE_STYLE('',(#10335));
#10335=SURFACE_STYLE_FILL_AREA(#10336);
#10336=FILL_AREA_STYLE('Steel - Satin',(#10337));
#10337=FILL_AREA_STYLE_COLOUR('Steel - Satin',#10338);
#10338=COLOUR_RGB('Steel - Satin',0.627450980392157,0.627450980392157,0.627450980392157);
ENDSEC;
END-ISO-10303-21;
