ISO-10303-21;
HEADER;
/* Generated by software containing ST-Developer
 * from STEP Tools, Inc. (www.steptools.com) 
 */

FILE_DESCRIPTION(
/* description */ (''),
/* implementation_level */ '2;1');

FILE_NAME(
/* name */ 'The_Shard_TPU_-_Action_2_Mount_CamAngle_20.step',
/* time_stamp */ '2026-10-02T21:43:30+02:00',
/* author */ (''),
/* organization */ (''),
/* preprocessor_version */ 'ST-DEVELOPER v20.2',
/* originating_system */ 'Autodesk Translation Framework v15.15.0.0',
/* authorisation */ '');

FILE_SCHEMA (('AUTOMOTIVE_DESIGN { 1 0 10303 214 3 1 1 }'));
ENDSEC;

DATA;
#10=MECHANICAL_DESIGN_GEOMETRIC_PRESENTATION_REPRESENTATION('',(#13),#8361);
#11=SHAPE_REPRESENTATION_RELATIONSHIP('SRR','None',#8368,#12);
#12=ADVANCED_BREP_SHAPE_REPRESENTATION('',(#14),#8360);
#13=STYLED_ITEM('',(#8377),#14);
#14=MANIFOLD_SOLID_BREP('Body1 (1)',#4104);
#15=CONICAL_SURFACE('',#4296,7.00000000000003,0.785398163397448);
#16=CONICAL_SURFACE('',#4332,16.75,0.785398163397451);
#17=CONICAL_SURFACE('',#4333,16.75,0.785398163397451);
#18=CONICAL_SURFACE('',#4354,0.900000000000003,0.174532925199433);
#19=CONICAL_SURFACE('',#4356,0.900000000000003,0.174532925199433);
#20=B_SPLINE_SURFACE_WITH_KNOTS('',3,3,((#6037,#6038,#6039,#6040,#6041,
#6042),(#6043,#6044,#6045,#6046,#6047,#6048),(#6049,#6050,#6051,#6052,#6053,
#6054),(#6055,#6056,#6057,#6058,#6059,#6060)),.UNSPECIFIED.,.F.,.F.,.F.,
(4,4),(4,2,4),(0.,1.),(-0.000997115026853896,0.,0.408293742852712),
 .UNSPECIFIED.);
#21=B_SPLINE_SURFACE_WITH_KNOTS('',3,3,((#6111,#6112,#6113,#6114,#6115,
#6116),(#6117,#6118,#6119,#6120,#6121,#6122),(#6123,#6124,#6125,#6126,#6127,
#6128),(#6129,#6130,#6131,#6132,#6133,#6134)),.UNSPECIFIED.,.F.,.F.,.F.,
(4,4),(4,2,4),(0.,1.),(-0.00109353235225856,0.,0.39703404988188),
 .UNSPECIFIED.);
#22=B_SPLINE_SURFACE_WITH_KNOTS('',3,3,((#6151,#6152,#6153,#6154,#6155,
#6156),(#6157,#6158,#6159,#6160,#6161,#6162),(#6163,#6164,#6165,#6166,#6167,
#6168),(#6169,#6170,#6171,#6172,#6173,#6174),(#6175,#6176,#6177,#6178,#6179,
#6180)),.UNSPECIFIED.,.F.,.F.,.F.,(4,1,4),(4,1,1,4),(0.,0.5,1.),(3.31903194148284,
3.40601884188723,3.49300574229161,3.62348609289819),.UNSPECIFIED.);
#23=B_SPLINE_SURFACE_WITH_KNOTS('',3,3,((#6214,#6215,#6216,#6217,#6218,
#6219),(#6220,#6221,#6222,#6223,#6224,#6225),(#6226,#6227,#6228,#6229,#6230,
#6231),(#6232,#6233,#6234,#6235,#6236,#6237)),.UNSPECIFIED.,.F.,.F.,.F.,
(4,4),(4,2,4),(0.,1.),(-0.000951634079369985,0.,0.397176904883988),
 .UNSPECIFIED.);
#24=B_SPLINE_SURFACE_WITH_KNOTS('',3,3,((#6254,#6255,#6256,#6257,#6258,
#6259),(#6260,#6261,#6262,#6263,#6264,#6265),(#6266,#6267,#6268,#6269,#6270,
#6271),(#6272,#6273,#6274,#6275,#6276,#6277),(#6278,#6279,#6280,#6281,#6282,
#6283)),.UNSPECIFIED.,.F.,.F.,.F.,(4,1,4),(4,1,1,4),(0.,0.5,1.),(1.65951781098656,
1.78999772523765,1.87698433473838,1.96397094423911),.UNSPECIFIED.);
#25=B_SPLINE_SURFACE_WITH_KNOTS('',3,3,((#6343,#6344,#6345,#6346,#6347,
#6348),(#6349,#6350,#6351,#6352,#6353,#6354),(#6355,#6356,#6357,#6358,#6359,
#6360),(#6361,#6362,#6363,#6364,#6365,#6366)),.UNSPECIFIED.,.F.,.F.,.F.,
(4,4),(4,2,4),(0.,1.),(-0.00113821279664668,0.,0.408209777442428),
 .UNSPECIFIED.);
#26=B_SPLINE_SURFACE_WITH_KNOTS('',3,3,((#6390,#6391,#6392,#6393,#6394,
#6395),(#6396,#6397,#6398,#6399,#6400,#6401),(#6402,#6403,#6404,#6405,#6406,
#6407),(#6408,#6409,#6410,#6411,#6412,#6413)),.UNSPECIFIED.,.F.,.F.,.F.,
(4,4),(4,2,4),(0.,1.),(-0.000951617950152106,0.,0.397176920245529),
 .UNSPECIFIED.);
#27=B_SPLINE_SURFACE_WITH_KNOTS('',3,3,((#6430,#6431,#6432,#6433,#6434,
#6435),(#6436,#6437,#6438,#6439,#6440,#6441),(#6442,#6443,#6444,#6445,#6446,
#6447),(#6448,#6449,#6450,#6451,#6452,#6453),(#6454,#6455,#6456,#6457,#6458,
#6459)),.UNSPECIFIED.,.F.,.F.,.F.,(4,1,4),(4,1,1,4),(0.,0.5,1.),(3.31903562197343,
3.44951553622412,3.53650214572458,3.62348875522503),.UNSPECIFIED.);
#28=B_SPLINE_SURFACE_WITH_KNOTS('',3,3,((#6519,#6520,#6521,#6522,#6523,
#6524),(#6525,#6526,#6527,#6528,#6529,#6530),(#6531,#6532,#6533,#6534,#6535,
#6536),(#6537,#6538,#6539,#6540,#6541,#6542)),.UNSPECIFIED.,.F.,.F.,.F.,
(4,4),(4,2,4),(0.,1.),(-0.00113819766463252,0.,0.408209775237971),
 .UNSPECIFIED.);
#29=B_SPLINE_SURFACE_WITH_KNOTS('',3,3,((#6569,#6570,#6571,#6572,#6573,
#6574),(#6575,#6576,#6577,#6578,#6579,#6580),(#6581,#6582,#6583,#6584,#6585,
#6586),(#6587,#6588,#6589,#6590,#6591,#6592)),.UNSPECIFIED.,.F.,.F.,.F.,
(4,4),(4,2,4),(0.,1.),(-0.000997115026853896,0.,0.408290675566718),
 .UNSPECIFIED.);
#30=B_SPLINE_SURFACE_WITH_KNOTS('',3,3,((#6647,#6648,#6649,#6650,#6651,
#6652),(#6653,#6654,#6655,#6656,#6657,#6658),(#6659,#6660,#6661,#6662,#6663,
#6664),(#6665,#6666,#6667,#6668,#6669,#6670),(#6671,#6672,#6673,#6674,#6675,
#6676)),.UNSPECIFIED.,.F.,.F.,.F.,(4,1,4),(4,1,1,4),(0.,0.5,1.),(0.365179548626318,
0.495658521539857,0.582644503482215,0.669630485424574),.UNSPECIFIED.);
#31=B_SPLINE_SURFACE_WITH_KNOTS('',3,3,((#6700,#6701,#6702,#6703,#6704,
#6705),(#6706,#6707,#6708,#6709,#6710,#6711),(#6712,#6713,#6714,#6715,#6716,
#6717),(#6718,#6719,#6720,#6721,#6722,#6723)),.UNSPECIFIED.,.F.,.F.,.F.,
(4,4),(4,2,4),(0.,1.),(-0.00109353235225856,0.,0.397034049881881),
 .UNSPECIFIED.);
#32=B_SPLINE_SURFACE_WITH_KNOTS('',3,3,((#7085,#7086,#7087,#7088),(#7089,
#7090,#7091,#7092),(#7093,#7094,#7095,#7096),(#7097,#7098,#7099,#7100)),
 .UNSPECIFIED.,.F.,.F.,.F.,(4,4),(4,4),(0.,1.),(0.0777621333092008,0.79591817788771),
 .UNSPECIFIED.);
#33=B_SPLINE_SURFACE_WITH_KNOTS('',3,3,((#7121,#7122,#7123,#7124),(#7125,
#7126,#7127,#7128),(#7129,#7130,#7131,#7132),(#7133,#7134,#7135,#7136)),
 .UNSPECIFIED.,.F.,.F.,.F.,(4,4),(4,4),(0.,1.),(0.00724556493487279,0.796664551841633),
 .UNSPECIFIED.);
#34=B_SPLINE_SURFACE_WITH_KNOTS('',3,3,((#7147,#7148,#7149,#7150),(#7151,
#7152,#7153,#7154),(#7155,#7156,#7157,#7158),(#7159,#7160,#7161,#7162)),
 .UNSPECIFIED.,.F.,.F.,.F.,(4,4),(4,4),(0.,1.),(0.0750003938322489,0.802984938277463),
 .UNSPECIFIED.);
#35=B_SPLINE_SURFACE_WITH_KNOTS('',3,3,((#7171,#7172,#7173,#7174),(#7175,
#7176,#7177,#7178),(#7179,#7180,#7181,#7182),(#7183,#7184,#7185,#7186),
(#7187,#7188,#7189,#7190)),.UNSPECIFIED.,.F.,.F.,.F.,(4,1,4),(4,4),(0.,
0.571428571428571,1.),(0.,0.846767763452959),.UNSPECIFIED.);
#36=B_SPLINE_SURFACE_WITH_KNOTS('',3,3,((#7208,#7209,#7210,#7211),(#7212,
#7213,#7214,#7215),(#7216,#7217,#7218,#7219),(#7220,#7221,#7222,#7223)),
 .UNSPECIFIED.,.F.,.F.,.F.,(4,4),(4,4),(0.,1.),(0.0750003938322488,0.802984938277464),
 .UNSPECIFIED.);
#37=B_SPLINE_SURFACE_WITH_KNOTS('',3,3,((#7232,#7233,#7234,#7235),(#7236,
#7237,#7238,#7239),(#7240,#7241,#7242,#7243),(#7244,#7245,#7246,#7247)),
 .UNSPECIFIED.,.F.,.F.,.F.,(4,4),(4,4),(0.,1.),(0.00724556493487251,0.796664538747952),
 .UNSPECIFIED.);
#38=B_SPLINE_SURFACE_WITH_KNOTS('',3,3,((#7388,#7389,#7390,#7391),(#7392,
#7393,#7394,#7395),(#7396,#7397,#7398,#7399),(#7400,#7401,#7402,#7403)),
 .UNSPECIFIED.,.F.,.F.,.F.,(4,4),(4,4),(0.,1.01109114522823),(0.0777621333092013,
0.795918177887722),.UNSPECIFIED.);
#39=B_SPLINE_SURFACE_WITH_KNOTS('',3,3,((#7495,#7496,#7497,#7498),(#7499,
#7500,#7501,#7502),(#7503,#7504,#7505,#7506),(#7507,#7508,#7509,#7510),
(#7511,#7512,#7513,#7514)),.UNSPECIFIED.,.F.,.F.,.F.,(4,1,4),(4,4),(0.,
0.571428571428571,1.),(0.,0.835688898409572),.UNSPECIFIED.);
#40=B_SPLINE_SURFACE_WITH_KNOTS('',3,3,((#7516,#7517,#7518,#7519),(#7520,
#7521,#7522,#7523),(#7524,#7525,#7526,#7527),(#7528,#7529,#7530,#7531)),
 .UNSPECIFIED.,.F.,.F.,.F.,(4,4),(4,4),(0.,1.),(0.077762133309201,0.79591817788771),
 .UNSPECIFIED.);
#41=B_SPLINE_SURFACE_WITH_KNOTS('',3,3,((#7588,#7589,#7590,#7591),(#7592,
#7593,#7594,#7595),(#7596,#7597,#7598,#7599),(#7600,#7601,#7602,#7603)),
 .UNSPECIFIED.,.F.,.F.,.F.,(4,4),(4,4),(0.,1.),(0.0752865397627041,0.805104708277563),
 .UNSPECIFIED.);
#42=B_SPLINE_SURFACE_WITH_KNOTS('',3,3,((#7606,#7607,#7608,#7609),(#7610,
#7611,#7612,#7613),(#7614,#7615,#7616,#7617),(#7618,#7619,#7620,#7621)),
 .UNSPECIFIED.,.F.,.F.,.F.,(4,4),(4,4),(0.,1.),(0.00724457710870526,0.796677506586002),
 .UNSPECIFIED.);
#43=B_SPLINE_SURFACE_WITH_KNOTS('',3,3,((#7784,#7785,#7786,#7787),(#7788,
#7789,#7790,#7791),(#7792,#7793,#7794,#7795),(#7796,#7797,#7798,#7799),
(#7800,#7801,#7802,#7803)),.UNSPECIFIED.,.F.,.F.,.F.,(4,1,4),(4,4),(0.,
0.571428571428571,1.),(0.,0.835688898409571),.UNSPECIFIED.);
#44=B_SPLINE_SURFACE_WITH_KNOTS('',3,3,((#7810,#7811,#7812,#7813,#7814,
#7815,#7816,#7817,#7818,#7819,#7820,#7821,#7822,#7823,#7824,#7825,#7826,
#7827,#7828,#7829,#7830),(#7831,#7832,#7833,#7834,#7835,#7836,#7837,#7838,
#7839,#7840,#7841,#7842,#7843,#7844,#7845,#7846,#7847,#7848,#7849,#7850,
#7851),(#7852,#7853,#7854,#7855,#7856,#7857,#7858,#7859,#7860,#7861,#7862,
#7863,#7864,#7865,#7866,#7867,#7868,#7869,#7870,#7871,#7872),(#7873,#7874,
#7875,#7876,#7877,#7878,#7879,#7880,#7881,#7882,#7883,#7884,#7885,#7886,
#7887,#7888,#7889,#7890,#7891,#7892,#7893)),.UNSPECIFIED.,.F.,.F.,.F.,(4,
4),(4,2,2,2,2,2,2,1,1,1,2,4),(0.,1.),(-0.580320670704625,-0.578803985341242,
-0.539834198533715,-0.505768341374649,-0.458633380640818,-0.413774690127576,
-0.37128121183342,-0.289014357194056,-0.206747502554692,-0.124480647915328,
-0.0422137932759637,0.000997618496546927),.UNSPECIFIED.);
#45=B_SPLINE_SURFACE_WITH_KNOTS('',3,3,((#7973,#7974,#7975,#7976,#7977,
#7978,#7979,#7980,#7981,#7982,#7983,#7984),(#7985,#7986,#7987,#7988,#7989,
#7990,#7991,#7992,#7993,#7994,#7995,#7996),(#7997,#7998,#7999,#8000,#8001,
#8002,#8003,#8004,#8005,#8006,#8007,#8008),(#8009,#8010,#8011,#8012,#8013,
#8014,#8015,#8016,#8017,#8018,#8019,#8020)),.UNSPECIFIED.,.F.,.F.,.F.,(4,
4),(4,2,2,2,2,4),(0.,1.),(-0.23252215121489,-0.205564291777862,-0.161966715004619,
-0.128616943643171,-0.0475200662198792,0.0305150832749965),
 .UNSPECIFIED.);
#46=B_SPLINE_SURFACE_WITH_KNOTS('',3,3,((#8059,#8060,#8061,#8062,#8063,
#8064,#8065,#8066,#8067,#8068),(#8069,#8070,#8071,#8072,#8073,#8074,#8075,
#8076,#8077,#8078),(#8079,#8080,#8081,#8082,#8083,#8084,#8085,#8086,#8087,
#8088),(#8089,#8090,#8091,#8092,#8093,#8094,#8095,#8096,#8097,#8098)),
 .UNSPECIFIED.,.F.,.F.,.F.,(4,4),(4,2,2,2,4),(0.,1.),(-0.236124451773166,
-0.205605059254266,-0.0799763393698809,-0.049345039513742,0.0269643323873214),
 .UNSPECIFIED.);
#47=B_SPLINE_SURFACE_WITH_KNOTS('',3,3,((#8146,#8147,#8148,#8149,#8150,
#8151,#8152,#8153,#8154,#8155,#8156,#8157,#8158,#8159,#8160,#8161,#8162,
#8163,#8164,#8165,#8166,#8167,#8168,#8169,#8170,#8171),(#8172,#8173,#8174,
#8175,#8176,#8177,#8178,#8179,#8180,#8181,#8182,#8183,#8184,#8185,#8186,
#8187,#8188,#8189,#8190,#8191,#8192,#8193,#8194,#8195,#8196,#8197),(#8198,
#8199,#8200,#8201,#8202,#8203,#8204,#8205,#8206,#8207,#8208,#8209,#8210,
#8211,#8212,#8213,#8214,#8215,#8216,#8217,#8218,#8219,#8220,#8221,#8222,
#8223),(#8224,#8225,#8226,#8227,#8228,#8229,#8230,#8231,#8232,#8233,#8234,
#8235,#8236,#8237,#8238,#8239,#8240,#8241,#8242,#8243,#8244,#8245,#8246,
#8247,#8248,#8249)),.UNSPECIFIED.,.F.,.F.,.F.,(4,4),(4,2,2,2,2,2,2,2,2,
2,2,2,4),(0.,1.),(-0.579752740292609,-0.578753722351991,-0.501873735623597,
-0.413023561872377,-0.373231987797114,-0.335726592681086,-0.275851083814228,
-0.232072577781501,-0.185013884493697,-0.0886637712519639,-0.0432210962557917,
0.,0.00151803803691387),.UNSPECIFIED.);
#48=B_SPLINE_SURFACE_WITH_KNOTS('',3,3,((#8280,#8281,#8282,#8283),(#8284,
#8285,#8286,#8287),(#8288,#8289,#8290,#8291),(#8292,#8293,#8294,#8295)),
 .UNSPECIFIED.,.F.,.F.,.F.,(4,4),(4,4),(-0.0110933868855789,1.),(0.0777621333092012,
0.79591817788771),.UNSPECIFIED.);
#49=B_SPLINE_SURFACE_WITH_KNOTS('',3,3,((#8296,#8297,#8298,#8299),(#8300,
#8301,#8302,#8303),(#8304,#8305,#8306,#8307),(#8308,#8309,#8310,#8311)),
 .UNSPECIFIED.,.F.,.F.,.F.,(4,4),(4,4),(0.,1.),(0.0072455649348742,0.796664538776304),
 .UNSPECIFIED.);
#50=B_SPLINE_SURFACE_WITH_KNOTS('',3,3,((#8313,#8314,#8315,#8316),(#8317,
#8318,#8319,#8320),(#8321,#8322,#8323,#8324),(#8325,#8326,#8327,#8328)),
 .UNSPECIFIED.,.F.,.F.,.F.,(4,4),(4,4),(0.,1.),(0.0750003938322488,0.802379254142811),
 .UNSPECIFIED.);
#51=B_SPLINE_SURFACE_WITH_KNOTS('',3,3,((#8330,#8331,#8332,#8333),(#8334,
#8335,#8336,#8337),(#8338,#8339,#8340,#8341),(#8342,#8343,#8344,#8345),
(#8346,#8347,#8348,#8349)),.UNSPECIFIED.,.F.,.F.,.F.,(4,1,4),(4,4),(0.,
0.571428571428571,1.),(0.,0.847472045267749),.UNSPECIFIED.);
#52=(
BOUNDED_CURVE()
B_SPLINE_CURVE(2,(#6018,#6019,#6020),.UNSPECIFIED.,.F.,.F.)
B_SPLINE_CURVE_WITH_KNOTS((3,3),(0.,1.12249721603219),.UNSPECIFIED.)
CURVE()
GEOMETRIC_REPRESENTATION_ITEM()
RATIONAL_B_SPLINE_CURVE((1.,1.05421686746988,1.))
REPRESENTATION_ITEM('')
);
#53=(
BOUNDED_CURVE()
B_SPLINE_CURVE(2,(#6899,#6900,#6901),.UNSPECIFIED.,.F.,.F.)
B_SPLINE_CURVE_WITH_KNOTS((3,3),(0.,1.12249721603219),.UNSPECIFIED.)
CURVE()
GEOMETRIC_REPRESENTATION_ITEM()
RATIONAL_B_SPLINE_CURVE((1.,1.05421686746988,1.))
REPRESENTATION_ITEM('')
);
#54=CYLINDRICAL_SURFACE('',#4146,3.17765800601853);
#55=CYLINDRICAL_SURFACE('',#4153,3.17765800602336);
#56=CYLINDRICAL_SURFACE('',#4160,4.00000000000003);
#57=CYLINDRICAL_SURFACE('',#4162,4.00000000000003);
#58=CYLINDRICAL_SURFACE('',#4164,3.);
#59=CYLINDRICAL_SURFACE('',#4168,3.);
#60=CYLINDRICAL_SURFACE('',#4174,4.00000000000003);
#61=CYLINDRICAL_SURFACE('',#4207,2.5);
#62=CYLINDRICAL_SURFACE('',#4208,2.5);
#63=CYLINDRICAL_SURFACE('',#4209,2.5);
#64=CYLINDRICAL_SURFACE('',#4210,2.5);
#65=CYLINDRICAL_SURFACE('',#4249,3.17765800602335);
#66=CYLINDRICAL_SURFACE('',#4253,4.00000000000003);
#67=CYLINDRICAL_SURFACE('',#4256,4.48067596818168);
#68=CYLINDRICAL_SURFACE('',#4258,1.5);
#69=CYLINDRICAL_SURFACE('',#4260,4.48067596818168);
#70=CYLINDRICAL_SURFACE('',#4262,1.5);
#71=CYLINDRICAL_SURFACE('',#4264,4.00000000000003);
#72=CYLINDRICAL_SURFACE('',#4266,1.5);
#73=CYLINDRICAL_SURFACE('',#4267,1.5);
#74=CYLINDRICAL_SURFACE('',#4270,4.00000000000003);
#75=CYLINDRICAL_SURFACE('',#4272,3.17765800602297);
#76=CYLINDRICAL_SURFACE('',#4276,3.17765800602297);
#77=CYLINDRICAL_SURFACE('',#4280,4.48067596818168);
#78=CYLINDRICAL_SURFACE('',#4282,4.48067596818168);
#79=CYLINDRICAL_SURFACE('',#4284,17.5);
#80=CYLINDRICAL_SURFACE('',#4298,5.75000000000003);
#81=CYLINDRICAL_SURFACE('',#4311,4.48067596818168);
#82=CYLINDRICAL_SURFACE('',#4314,4.00000000000003);
#83=CYLINDRICAL_SURFACE('',#4321,4.00000000000003);
#84=CYLINDRICAL_SURFACE('',#4322,3.17765800602335);
#85=CYLINDRICAL_SURFACE('',#4326,4.48067596818168);
#86=FACE_BOUND('',#510,.T.);
#87=FACE_BOUND('',#511,.T.);
#88=FACE_BOUND('',#512,.T.);
#89=FACE_BOUND('',#513,.T.);
#90=FACE_BOUND('',#514,.T.);
#91=FACE_BOUND('',#524,.T.);
#92=FACE_BOUND('',#526,.T.);
#93=FACE_BOUND('',#557,.T.);
#94=FACE_BOUND('',#558,.T.);
#95=FACE_BOUND('',#585,.T.);
#96=FACE_BOUND('',#603,.T.);
#97=FACE_BOUND('',#606,.T.);
#98=FACE_BOUND('',#632,.T.);
#99=FACE_BOUND('',#648,.T.);
#100=FACE_BOUND('',#660,.T.);
#101=FACE_BOUND('',#664,.T.);
#102=FACE_BOUND('',#683,.T.);
#103=FACE_BOUND('',#723,.T.);
#104=FACE_BOUND('',#724,.T.);
#105=FACE_BOUND('',#725,.T.);
#106=CIRCLE('',#4130,2.5);
#107=CIRCLE('',#4131,2.5);
#108=CIRCLE('',#4132,2.5);
#109=CIRCLE('',#4133,2.5);
#110=CIRCLE('',#4143,2.5);
#111=CIRCLE('',#4145,2.5);
#112=CIRCLE('',#4148,3.17765800601853);
#113=CIRCLE('',#4151,3.17765800601853);
#114=CIRCLE('',#4155,3.17765800602336);
#115=CIRCLE('',#4158,3.17765800602336);
#116=CIRCLE('',#4197,2.5);
#117=CIRCLE('',#4198,2.5);
#118=CIRCLE('',#4244,8.25000000000003);
#119=CIRCLE('',#4248,1.);
#120=CIRCLE('',#4251,3.17765800602335);
#121=CIRCLE('',#4255,0.999999999999999);
#122=CIRCLE('',#4259,1.);
#123=CIRCLE('',#4263,0.999999999999996);
#124=CIRCLE('',#4269,5.75000000000003);
#125=CIRCLE('',#4274,3.17765800602297);
#126=CIRCLE('',#4278,3.17765800602297);
#127=CIRCLE('',#4285,17.5);
#128=CIRCLE('',#4286,17.5);
#129=CIRCLE('',#4297,5.75000000000003);
#130=CIRCLE('',#4310,3.17765800602335);
#131=CIRCLE('',#4317,17.5);
#132=CIRCLE('',#4318,17.5);
#133=CIRCLE('',#4355,0.900000000000003);
#134=CIRCLE('',#4357,0.900000000000003);
#135=B_SPLINE_CURVE_WITH_KNOTS('',3,(#5314,#5315,#5316,#5317,#5318,#5319),
 .UNSPECIFIED.,.F.,.F.,(4,2,4),(-0.244671308063392,-0.19932830030875,-0.153435739558645),
 .UNSPECIFIED.);
#136=B_SPLINE_CURVE_WITH_KNOTS('',3,(#5351,#5352,#5353,#5354,#5355,#5356),
 .UNSPECIFIED.,.F.,.F.,(4,2,4),(-0.245220304752064,-0.199327745006762,-0.15398473979446),
 .UNSPECIFIED.);
#137=B_SPLINE_CURVE_WITH_KNOTS('',3,(#5567,#5568,#5569,#5570,#5571,#5572),
 .UNSPECIFIED.,.F.,.F.,(4,2,4),(1.26194933259451,1.29237817157559,1.3727651165833),
 .UNSPECIFIED.);
#138=B_SPLINE_CURVE_WITH_KNOTS('',3,(#5591,#5592,#5593,#5594,#5595,#5596),
 .UNSPECIFIED.,.F.,.F.,(4,2,4),(1.3727651165833,1.4447139624304,1.47528284995829),
 .UNSPECIFIED.);
#139=B_SPLINE_CURVE_WITH_KNOTS('',3,(#5600,#5601,#5602,#5603,#5604,#5605,
#5606,#5607,#5608,#5609),.UNSPECIFIED.,.F.,.F.,(4,2,2,2,4),(1.20605283749991,
1.23662172502773,1.3085705708749,1.38895751588269,1.41938635486372),
 .UNSPECIFIED.);
#140=B_SPLINE_CURVE_WITH_KNOTS('',3,(#5629,#5630,#5631,#5632,#5633,#5634,
#5635,#5636,#5637,#5638,#5639,#5640),.UNSPECIFIED.,.F.,.F.,(4,2,2,2,2,4),
(2.09964825057316,2.12443260596691,2.26452947165116,2.37999047621503,2.43772097849696,
2.46550548963844),.UNSPECIFIED.);
#141=B_SPLINE_CURVE_WITH_KNOTS('',3,(#5646,#5647,#5648,#5649,#5650,#5651,
#5652,#5653,#5654,#5655),.UNSPECIFIED.,.F.,.F.,(4,2,2,2,4),(1.16174504875862,
1.17077770451676,1.28439003691691,1.39986679356975,1.48564483399375),
 .UNSPECIFIED.);
#142=B_SPLINE_CURVE_WITH_KNOTS('',3,(#5663,#5664,#5665,#5666,#5667,#5668,
#5669,#5670,#5671,#5672),.UNSPECIFIED.,.F.,.F.,(4,2,2,2,4),(1.55585627840551,
1.6416343188295,1.75711107548234,1.8707234078825,1.87975606364063),
 .UNSPECIFIED.);
#143=B_SPLINE_CURVE_WITH_KNOTS('',3,(#5688,#5689,#5690,#5691,#5692,#5693,
#5694,#5695,#5696,#5697,#5698,#5699),.UNSPECIFIED.,.F.,.F.,(4,2,2,2,2,4),
(0.575995622760818,0.603780133902302,0.661510636184232,0.776971640748092,
0.917068506432349,0.941852861826098),.UNSPECIFIED.);
#144=B_SPLINE_CURVE_WITH_KNOTS('',3,(#5977,#5978,#5979,#5980,#5981,#5982),
 .UNSPECIFIED.,.F.,.F.,(4,2,4),(-0.245220304750243,-0.199327745005521,-0.153984739793618),
 .UNSPECIFIED.);
#145=B_SPLINE_CURVE_WITH_KNOTS('',3,(#6000,#6001,#6002,#6003,#6004,#6005),
 .UNSPECIFIED.,.F.,.F.,(4,2,4),(-0.244752131284914,-0.199373318442255,-0.153514182223065),
 .UNSPECIFIED.);
#146=B_SPLINE_CURVE_WITH_KNOTS('',3,(#6062,#6063,#6064,#6065,#6066,#6067),
 .UNSPECIFIED.,.F.,.F.,(4,2,4),(-0.405889561426451,0.,0.000997115026853896),
 .UNSPECIFIED.);
#147=B_SPLINE_CURVE_WITH_KNOTS('',3,(#6069,#6070,#6071,#6072,#6073,#6074),
 .UNSPECIFIED.,.F.,.F.,(4,2,4),(-0.000997115026853896,0.,0.408293742852712),
 .UNSPECIFIED.);
#148=B_SPLINE_CURVE_WITH_KNOTS('',3,(#6076,#6077,#6078,#6079,#6080,#6081,
#6082,#6083,#6084,#6085,#6086,#6087,#6088,#6089,#6090,#6091,#6092,#6093,
#6094,#6095,#6096,#6097,#6098,#6099,#6100,#6101,#6102,#6103,#6104,#6105,
#6106),.UNSPECIFIED.,.F.,.F.,(4,3,3,3,3,3,3,3,3,3,4),(-0.11105535331428,
-0.110537919755068,-0.0975037003468269,-0.084049679993868,-0.0747324330454112,
-0.0612889373720069,-0.0478087627883094,-0.0390886894767219,-0.0255926937408656,
-0.0124932177184445,0.),.UNSPECIFIED.);
#149=B_SPLINE_CURVE_WITH_KNOTS('',3,(#6107,#6108,#6109,#6110),
 .UNSPECIFIED.,.F.,.F.,(4,4),(-0.406261903787409,-0.405889961078951),
 .UNSPECIFIED.);
#150=B_SPLINE_CURVE_WITH_KNOTS('',3,(#6139,#6140,#6141,#6142,#6143,#6144),
 .UNSPECIFIED.,.F.,.F.,(4,2,4),(-0.39703404988188,0.,0.00109353235225856),
 .UNSPECIFIED.);
#151=B_SPLINE_CURVE_WITH_KNOTS('',3,(#6145,#6146,#6147,#6148,#6149,#6150),
 .UNSPECIFIED.,.F.,.F.,(4,2,4),(-0.00109353235225856,0.,0.39703404988188),
 .UNSPECIFIED.);
#152=B_SPLINE_CURVE_WITH_KNOTS('',3,(#6181,#6182,#6183,#6184,#6185,#6186),
 .UNSPECIFIED.,.F.,.F.,(4,1,1,4),(-3.62348609289819,-3.49300574229161,-3.40601884188723,
-3.31903194148284),.UNSPECIFIED.);
#153=B_SPLINE_CURVE_WITH_KNOTS('',3,(#6188,#6189,#6190,#6191,#6192,#6193),
 .UNSPECIFIED.,.F.,.F.,(4,1,1,4),(3.31903194148284,3.40601884188723,3.49300574229161,
3.62167527920563),.UNSPECIFIED.);
#154=B_SPLINE_CURVE_WITH_KNOTS('',3,(#6194,#6195,#6196,#6197,#6198,#6199),
 .UNSPECIFIED.,.F.,.F.,(4,2,4),(-0.0194537926366536,-0.0184587015167832,
-0.0178976042232734),.UNSPECIFIED.);
#155=B_SPLINE_CURVE_WITH_KNOTS('',3,(#6242,#6243,#6244,#6245,#6246,#6247),
 .UNSPECIFIED.,.F.,.F.,(4,2,4),(-0.397176904883988,0.,0.000951634079369985),
 .UNSPECIFIED.);
#156=B_SPLINE_CURVE_WITH_KNOTS('',3,(#6248,#6249,#6250,#6251,#6252,#6253),
 .UNSPECIFIED.,.F.,.F.,(4,2,4),(-0.000951634079369985,0.,0.397176904883988),
 .UNSPECIFIED.);
#157=B_SPLINE_CURVE_WITH_KNOTS('',3,(#6285,#6286,#6287,#6288,#6289,#6290),
 .UNSPECIFIED.,.F.,.F.,(4,1,1,4),(-1.96216023894514,-1.87698433473838,-1.78999772523765,
-1.65951781098656),.UNSPECIFIED.);
#158=B_SPLINE_CURVE_WITH_KNOTS('',3,(#6292,#6293,#6294,#6295,#6296,#6297,
#6298,#6299,#6300,#6301),.UNSPECIFIED.,.F.,.F.,(4,3,3,4),(1.65951781098905,
1.78999772523631,1.87698433473771,1.96397094423911),.UNSPECIFIED.);
#159=B_SPLINE_CURVE_WITH_KNOTS('',3,(#6303,#6304,#6305,#6306,#6307,#6308,
#6309,#6310,#6311,#6312,#6313,#6314,#6315,#6316,#6317,#6318,#6319,#6320,
#6321,#6322,#6323,#6324,#6325,#6326,#6327,#6328,#6329,#6330,#6331,#6332,
#6333,#6334,#6335,#6336),.UNSPECIFIED.,.F.,.F.,(4,3,3,3,3,3,3,3,3,3,3,4),
(-0.00051743807356668,0.,0.0131350538292985,0.0264565152463672,0.0344440776082103,
0.0478035561292046,0.0556824209986412,0.069016758103254,0.071450567954373,
0.0847715391039176,0.098055186880899,0.110539600176631),.UNSPECIFIED.);
#160=B_SPLINE_CURVE_WITH_KNOTS('',3,(#6337,#6338,#6339,#6340,#6341,#6342),
 .UNSPECIFIED.,.F.,.F.,(4,2,4),(-0.00151546552821114,-0.000733690682726276,
0.),.UNSPECIFIED.);
#161=B_SPLINE_CURVE_WITH_KNOTS('',3,(#6367,#6368,#6369,#6370,#6371,#6372),
 .UNSPECIFIED.,.F.,.F.,(4,2,4),(-0.408209777442428,0.,0.00113821279664668),
 .UNSPECIFIED.);
#162=B_SPLINE_CURVE_WITH_KNOTS('',3,(#6374,#6375,#6376,#6377,#6378,#6379),
 .UNSPECIFIED.,.F.,.F.,(4,2,4),(-0.00113821279664668,0.,0.405806116371687),
 .UNSPECIFIED.);
#163=B_SPLINE_CURVE_WITH_KNOTS('',3,(#6380,#6381,#6382,#6383),
 .UNSPECIFIED.,.F.,.F.,(4,4),(-0.406177625091949,-0.405805522903781),
 .UNSPECIFIED.);
#164=B_SPLINE_CURVE_WITH_KNOTS('',3,(#6418,#6419,#6420,#6421,#6422,#6423),
 .UNSPECIFIED.,.F.,.F.,(4,2,4),(-0.397176920245529,0.,0.000951617950152106),
 .UNSPECIFIED.);
#165=B_SPLINE_CURVE_WITH_KNOTS('',3,(#6424,#6425,#6426,#6427,#6428,#6429),
 .UNSPECIFIED.,.F.,.F.,(4,2,4),(-0.000951617950152106,0.,0.397176920245529),
 .UNSPECIFIED.);
#166=B_SPLINE_CURVE_WITH_KNOTS('',3,(#6461,#6462,#6463,#6464,#6465,#6466),
 .UNSPECIFIED.,.F.,.F.,(4,1,1,4),(-3.62167804992585,-3.53650214572458,-3.44951553622412,
-3.31903562197343),.UNSPECIFIED.);
#167=B_SPLINE_CURVE_WITH_KNOTS('',3,(#6468,#6469,#6470,#6471,#6472,#6473,
#6474,#6475,#6476,#6477),.UNSPECIFIED.,.F.,.F.,(4,3,3,4),(3.31903562197593,
3.44951553622279,3.53650214572391,3.62348875522503),.UNSPECIFIED.);
#168=B_SPLINE_CURVE_WITH_KNOTS('',3,(#6479,#6480,#6481,#6482,#6483,#6484,
#6485,#6486,#6487,#6488,#6489,#6490,#6491,#6492,#6493,#6494,#6495,#6496,
#6497,#6498,#6499,#6500,#6501,#6502,#6503,#6504,#6505,#6506,#6507,#6508,
#6509,#6510,#6511,#6512),.UNSPECIFIED.,.F.,.F.,(4,3,3,3,3,3,3,3,3,3,3,4),
(-0.000517438077267295,0.,0.0131367207919333,0.0264612525796422,0.0358057974107036,
0.0491613880818517,0.0556837750187047,0.0690144852969354,0.0714498495717043,
0.0847709817519398,0.0980544675531353,0.110538878253773),.UNSPECIFIED.);
#169=B_SPLINE_CURVE_WITH_KNOTS('',3,(#6513,#6514,#6515,#6516,#6517,#6518),
 .UNSPECIFIED.,.F.,.F.,(4,2,4),(-0.00151546552871094,-0.00073369068295095,
0.),.UNSPECIFIED.);
#170=B_SPLINE_CURVE_WITH_KNOTS('',3,(#6544,#6545,#6546,#6547,#6548,#6549),
 .UNSPECIFIED.,.F.,.F.,(4,2,4),(-0.408209775237971,0.,0.00113819766463252),
 .UNSPECIFIED.);
#171=B_SPLINE_CURVE_WITH_KNOTS('',3,(#6551,#6552,#6553,#6554,#6555,#6556),
 .UNSPECIFIED.,.F.,.F.,(4,2,4),(-0.00113819766463252,0.,0.405806112885197),
 .UNSPECIFIED.);
#172=B_SPLINE_CURVE_WITH_KNOTS('',3,(#6557,#6558,#6559,#6560),
 .UNSPECIFIED.,.F.,.F.,(4,4),(-0.406177622149587,-0.405805520010606),
 .UNSPECIFIED.);
#173=B_SPLINE_CURVE_WITH_KNOTS('',3,(#6595,#6596,#6597,#6598,#6599,#6600),
 .UNSPECIFIED.,.F.,.F.,(4,2,4),(-0.405886583521416,0.,0.000997115026853896),
 .UNSPECIFIED.);
#174=B_SPLINE_CURVE_WITH_KNOTS('',3,(#6602,#6603,#6604,#6605,#6606,#6607),
 .UNSPECIFIED.,.F.,.F.,(4,2,4),(-0.000997115026853896,0.,0.408290675566718),
 .UNSPECIFIED.);
#175=B_SPLINE_CURVE_WITH_KNOTS('',3,(#6609,#6610,#6611,#6612,#6613,#6614,
#6615,#6616,#6617,#6618,#6619,#6620,#6621,#6622,#6623,#6624,#6625,#6626,
#6627,#6628,#6629,#6630,#6631,#6632,#6633,#6634,#6635,#6636,#6637,#6638,
#6639,#6640,#6641,#6642),.UNSPECIFIED.,.F.,.F.,(4,3,3,3,3,3,3,3,3,3,3,4),
(-0.111040364971173,-0.110522931221272,-0.0974892711205107,-0.0840411621977889,
-0.0757081974566262,-0.0622730115765387,-0.0487873526932914,-0.0410475463273741,
-0.0275429326462169,-0.014416515239183,-0.00195601919389269,0.),
 .UNSPECIFIED.);
#176=B_SPLINE_CURVE_WITH_KNOTS('',3,(#6643,#6644,#6645,#6646),
 .UNSPECIFIED.,.F.,.F.,(4,4),(-0.406258913259878,-0.405886984700901),
 .UNSPECIFIED.);
#177=B_SPLINE_CURVE_WITH_KNOTS('',3,(#6678,#6679,#6680,#6681,#6682,#6683),
 .UNSPECIFIED.,.F.,.F.,(4,1,1,4),(0.365179548626318,0.495658521539857,0.582644503482215,
0.669630485424574),.UNSPECIFIED.);
#178=B_SPLINE_CURVE_WITH_KNOTS('',3,(#6687,#6688,#6689,#6690,#6691,#6692),
 .UNSPECIFIED.,.F.,.F.,(4,1,1,4),(-0.669630485424574,-0.582644503482215,
-0.495658521539857,-0.366990263240243),.UNSPECIFIED.);
#179=B_SPLINE_CURVE_WITH_KNOTS('',3,(#6693,#6694,#6695,#6696,#6697,#6698,
#6699),.UNSPECIFIED.,.F.,.F.,(4,3,4),(-0.0194537298940353,-0.0184585779742542,
-0.0178975484432994),.UNSPECIFIED.);
#180=B_SPLINE_CURVE_WITH_KNOTS('',3,(#6725,#6726,#6727,#6728,#6729,#6730),
 .UNSPECIFIED.,.F.,.F.,(4,2,4),(-0.397034049881881,0.,0.00109353235225856),
 .UNSPECIFIED.);
#181=B_SPLINE_CURVE_WITH_KNOTS('',3,(#6731,#6732,#6733,#6734,#6735,#6736),
 .UNSPECIFIED.,.F.,.F.,(4,2,4),(-0.00109353235225856,0.,0.397034049881881),
 .UNSPECIFIED.);
#182=B_SPLINE_CURVE_WITH_KNOTS('',3,(#6916,#6917,#6918,#6919),
 .UNSPECIFIED.,.F.,.F.,(4,4),(-0.31219115863038,0.),.UNSPECIFIED.);
#183=B_SPLINE_CURVE_WITH_KNOTS('',3,(#6927,#6928,#6929,#6930),
 .UNSPECIFIED.,.F.,.F.,(4,4),(-0.414026353598317,-0.0509499521058067),
 .UNSPECIFIED.);
#184=B_SPLINE_CURVE_WITH_KNOTS('',3,(#6931,#6932,#6933,#6934,#6935,#6936),
 .UNSPECIFIED.,.F.,.F.,(4,2,4),(-1.74401846049927,-0.841028632633088,0.),
 .UNSPECIFIED.);
#185=B_SPLINE_CURVE_WITH_KNOTS('',3,(#6939,#6940,#6941,#6942),
 .UNSPECIFIED.,.F.,.F.,(4,4),(-0.248389833399114,0.),.UNSPECIFIED.);
#186=B_SPLINE_CURVE_WITH_KNOTS('',3,(#6948,#6949,#6950,#6951),
 .UNSPECIFIED.,.F.,.F.,(4,4),(-0.382742329257792,-0.0505231380494455),
 .UNSPECIFIED.);
#187=B_SPLINE_CURVE_WITH_KNOTS('',3,(#6952,#6953,#6954,#6955,#6956,#6957,
#6958),.UNSPECIFIED.,.F.,.F.,(4,3,4),(-0.229526175882338,-0.114656086310102,
0.),.UNSPECIFIED.);
#188=B_SPLINE_CURVE_WITH_KNOTS('',3,(#6961,#6962,#6963,#6964),
 .UNSPECIFIED.,.F.,.F.,(4,4),(-0.224509512430585,0.),.UNSPECIFIED.);
#189=B_SPLINE_CURVE_WITH_KNOTS('',3,(#6970,#6971,#6972,#6973),
 .UNSPECIFIED.,.F.,.F.,(4,4),(-0.310917405614882,-0.0505340796934646),
 .UNSPECIFIED.);
#190=B_SPLINE_CURVE_WITH_KNOTS('',3,(#6974,#6975,#6976,#6977,#6978,#6979),
 .UNSPECIFIED.,.F.,.F.,(4,2,4),(-1.94647413585383,-0.92784974296208,0.),
 .UNSPECIFIED.);
#191=B_SPLINE_CURVE_WITH_KNOTS('',3,(#6982,#6983,#6984,#6985),
 .UNSPECIFIED.,.F.,.F.,(4,4),(-0.33026521802938,0.),.UNSPECIFIED.);
#192=B_SPLINE_CURVE_WITH_KNOTS('',3,(#6991,#6992,#6993,#6994),
 .UNSPECIFIED.,.F.,.F.,(4,4),(-0.299353425761205,-0.0504207499406628),
 .UNSPECIFIED.);
#193=B_SPLINE_CURVE_WITH_KNOTS('',3,(#6995,#6996,#6997,#6998,#6999,#7000,
#7001),.UNSPECIFIED.,.F.,.F.,(4,3,4),(-0.229521578479185,-0.114862367906197,
0.),.UNSPECIFIED.);
#194=B_SPLINE_CURVE_WITH_KNOTS('',3,(#7005,#7006,#7007,#7008),
 .UNSPECIFIED.,.F.,.F.,(4,4),(-0.38283929033885,-0.0505164927866852),
 .UNSPECIFIED.);
#195=B_SPLINE_CURVE_WITH_KNOTS('',3,(#7010,#7011,#7012,#7013,#7014,#7015,
#7016),.UNSPECIFIED.,.F.,.F.,(4,3,4),(-0.229526175881426,-0.11465607454657,
0.),.UNSPECIFIED.);
#196=B_SPLINE_CURVE_WITH_KNOTS('',3,(#7018,#7019,#7020,#7021),
 .UNSPECIFIED.,.F.,.F.,(4,4),(-0.248370648074705,0.),.UNSPECIFIED.);
#197=B_SPLINE_CURVE_WITH_KNOTS('',3,(#7030,#7031,#7032,#7033),
 .UNSPECIFIED.,.F.,.F.,(4,4),(-0.310917405614874,-0.0505340796934637),
 .UNSPECIFIED.);
#198=B_SPLINE_CURVE_WITH_KNOTS('',3,(#7035,#7036,#7037,#7038,#7039,#7040),
 .UNSPECIFIED.,.F.,.F.,(4,2,4),(-1.94647413585375,-0.927849742962043,0.),
 .UNSPECIFIED.);
#199=B_SPLINE_CURVE_WITH_KNOTS('',3,(#7041,#7042,#7043,#7044),
 .UNSPECIFIED.,.F.,.F.,(4,4),(-0.224509512430825,0.),.UNSPECIFIED.);
#200=B_SPLINE_CURVE_WITH_KNOTS('',3,(#7050,#7051,#7052,#7053),
 .UNSPECIFIED.,.F.,.F.,(4,4),(-0.29166235837796,-0.050419405623944),
 .UNSPECIFIED.);
#201=B_SPLINE_CURVE_WITH_KNOTS('',3,(#7055,#7056,#7057,#7058,#7059,#7060,
#7061),.UNSPECIFIED.,.F.,.F.,(4,3,4),(-0.237096691472619,-0.118648464855654,
0.),.UNSPECIFIED.);
#202=B_SPLINE_CURVE_WITH_KNOTS('',3,(#7062,#7063,#7064,#7065),
 .UNSPECIFIED.,.F.,.F.,(4,4),(-0.335872262687117,-0.00560012834793774),
 .UNSPECIFIED.);
#203=B_SPLINE_CURVE_WITH_KNOTS('',3,(#7069,#7070,#7071,#7072),
 .UNSPECIFIED.,.F.,.F.,(4,4),(-0.41664745635948,-0.0509677303601433),
 .UNSPECIFIED.);
#204=B_SPLINE_CURVE_WITH_KNOTS('',3,(#7074,#7075,#7076,#7077,#7078,#7079),
 .UNSPECIFIED.,.F.,.F.,(4,2,4),(-1.75485186669445,-0.858767989185181,0.),
 .UNSPECIFIED.);
#205=B_SPLINE_CURVE_WITH_KNOTS('',3,(#7080,#7081,#7082,#7083),
 .UNSPECIFIED.,.F.,.F.,(4,4),(-0.305433029467399,0.),.UNSPECIFIED.);
#206=B_SPLINE_CURVE_WITH_KNOTS('',3,(#7104,#7105,#7106,#7107,#7108,#7109,
#7110,#7111,#7112,#7113,#7114,#7115,#7116,#7117,#7118,#7119),
 .UNSPECIFIED.,.F.,.F.,(4,3,3,3,3,4),(-0.929263094073037,-0.764159950327794,
-0.600151678374795,-0.462608655811717,-0.158202974215146,0.),
 .UNSPECIFIED.);
#207=B_SPLINE_CURVE_WITH_KNOTS('',3,(#7139,#7140,#7141,#7142),
 .UNSPECIFIED.,.F.,.F.,(4,4),(-0.183008277707134,0.),.UNSPECIFIED.);
#208=B_SPLINE_CURVE_WITH_KNOTS('',3,(#7143,#7144,#7145,#7146),
 .UNSPECIFIED.,.F.,.F.,(4,4),(-0.224217455345614,-0.0198420213526131),
 .UNSPECIFIED.);
#209=B_SPLINE_CURVE_WITH_KNOTS('',3,(#7165,#7166,#7167,#7168,#7169,#7170),
 .UNSPECIFIED.,.F.,.F.,(4,2,4),(-0.881265026803885,-0.440129873167893,0.),
 .UNSPECIFIED.);
#210=B_SPLINE_CURVE_WITH_KNOTS('',3,(#7194,#7195,#7196,#7197),
 .UNSPECIFIED.,.F.,.F.,(4,4),(-0.191911525173016,0.),.UNSPECIFIED.);
#211=B_SPLINE_CURVE_WITH_KNOTS('',3,(#7199,#7200,#7201,#7202,#7203),
 .UNSPECIFIED.,.F.,.F.,(4,1,4),(-0.885439105549788,-0.571428571428571,-0.11456089445021),
 .UNSPECIFIED.);
#212=B_SPLINE_CURVE_WITH_KNOTS('',3,(#7204,#7205,#7206,#7207),
 .UNSPECIFIED.,.F.,.F.,(4,4),(-0.191599764449325,0.),.UNSPECIFIED.);
#213=B_SPLINE_CURVE_WITH_KNOTS('',3,(#7226,#7227,#7228,#7229,#7230,#7231),
 .UNSPECIFIED.,.F.,.F.,(4,2,4),(-1.36452059640894,-0.682828983000617,0.),
 .UNSPECIFIED.);
#214=B_SPLINE_CURVE_WITH_KNOTS('',3,(#7251,#7252,#7253,#7254,#7255,#7256,
#7257,#7258,#7259,#7260,#7261,#7262,#7263,#7264,#7265,#7266,#7267,#7268,
#7269,#7270,#7271,#7272,#7273,#7274,#7275,#7276,#7277,#7278,#7279,#7280,
#7281,#7282,#7283,#7284,#7285,#7286,#7287,#7288,#7289,#7290,#7291,#7292,
#7293,#7294,#7295,#7296,#7297,#7298,#7299,#7300,#7301,#7302,#7303,#7304,
#7305,#7306,#7307,#7308,#7309,#7310,#7311,#7312,#7313,#7314,#7315,#7316,
#7317,#7318,#7319,#7320,#7321,#7322,#7323,#7324,#7325,#7326,#7327,#7328,
#7329,#7330,#7331,#7332,#7333,#7334,#7335,#7336,#7337,#7338,#7339,#7340,
#7341,#7342,#7343,#7344,#7345,#7346,#7347,#7348,#7349,#7350,#7351,#7352,
#7353,#7354,#7355,#7356,#7357,#7358,#7359,#7360,#7361,#7362,#7363,#7364,
#7365,#7366,#7367,#7368,#7369,#7370,#7371,#7372,#7373,#7374,#7375,#7376,
#7377),.UNSPECIFIED.,.F.,.F.,(4,3,3,3,3,3,3,3,3,3,3,3,3,3,3,3,3,3,3,3,3,
3,3,3,3,3,3,3,3,3,3,3,3,3,3,3,3,3,3,3,3,3,4),(0.0264633931710864,0.0432200927642513,
0.0432210962557917,0.0702581326156329,0.0886593019585877,0.0886637712519639,
0.104007060280453,0.120254830240749,0.136502600201045,0.151395930803223,
0.16630995845401,0.180917423757959,0.185013884493697,0.18506503196969,0.209725579517501,
0.232072577781501,0.232105306953954,0.269558581919275,0.275851083814228,
0.275865346264699,0.290730008321075,0.299669511599043,0.307562396325081,
0.317307186602936,0.332777245823248,0.335718694151457,0.335726592681086,
0.373207539730573,0.373231987797114,0.399067520984207,0.412983246456672,
0.413023561872377,0.427991050726077,0.443059036193083,0.455958112059132,
0.471360862238601,0.486697207403088,0.501860167390237,0.501873735623597,
0.51744099068262,0.533133324894121,0.537327064339547,0.552365339669715),
 .UNSPECIFIED.);
#215=B_SPLINE_CURVE_WITH_KNOTS('',3,(#7380,#7381,#7382,#7383),
 .UNSPECIFIED.,.F.,.F.,(4,4),(-0.189564279029829,0.),.UNSPECIFIED.);
#216=B_SPLINE_CURVE_WITH_KNOTS('',3,(#7384,#7385,#7386,#7387),
 .UNSPECIFIED.,.F.,.F.,(4,4),(-0.181747604385465,-5.16460735911495E-5),
 .UNSPECIFIED.);
#217=B_SPLINE_CURVE_WITH_KNOTS('',3,(#7406,#7407,#7408,#7409,#7410,#7411,
#7412,#7413,#7414,#7415,#7416,#7417,#7418,#7419,#7420,#7421),
 .UNSPECIFIED.,.F.,.F.,(4,3,3,3,3,4),(-0.874975619075197,-0.544072829619945,
-0.444056512061764,-0.290813632360356,-0.135805059768784,0.),
 .UNSPECIFIED.);
#218=B_SPLINE_CURVE_WITH_KNOTS('',3,(#7423,#7424,#7425,#7426),
 .UNSPECIFIED.,.F.,.F.,(4,4),(-0.00670838563646915,0.),.UNSPECIFIED.);
#219=B_SPLINE_CURVE_WITH_KNOTS('',3,(#7428,#7429,#7430,#7431),
 .UNSPECIFIED.,.F.,.F.,(4,4),(0.230824941279479,0.236124451773166),
 .UNSPECIFIED.);
#220=B_SPLINE_CURVE_WITH_KNOTS('',3,(#7433,#7434,#7435,#7436,#7437,#7438,
#7439,#7440,#7441,#7442),.UNSPECIFIED.,.F.,.F.,(4,2,2,2,4),(-0.0263297657861037,
0.049345039513742,0.0799763393698809,0.205605059254266,0.230823531193629),
 .UNSPECIFIED.);
#221=B_SPLINE_CURVE_WITH_KNOTS('',3,(#7444,#7445,#7446,#7447),
 .UNSPECIFIED.,.F.,.F.,(4,4),(-0.0269643323873214,-0.0263297744884547),
 .UNSPECIFIED.);
#222=B_SPLINE_CURVE_WITH_KNOTS('',3,(#7448,#7449,#7450,#7451),
 .UNSPECIFIED.,.F.,.F.,(4,4),(-0.0232773110095703,-0.0224662346368637),
 .UNSPECIFIED.);
#223=B_SPLINE_CURVE_WITH_KNOTS('',3,(#7457,#7458,#7459,#7460),
 .UNSPECIFIED.,.F.,.F.,(4,4),(-0.190006980542179,0.),.UNSPECIFIED.);
#224=B_SPLINE_CURVE_WITH_KNOTS('',3,(#7462,#7463,#7464,#7465,#7466,#7467,
#7468,#7469,#7470,#7471,#7472,#7473,#7474,#7475,#7476,#7477),
 .UNSPECIFIED.,.F.,.F.,(4,3,3,3,3,4),(-0.875012292113677,-0.588832411183384,
-0.439221218750211,-0.285347675242118,-0.129679264858863,0.),
 .UNSPECIFIED.);
#225=B_SPLINE_CURVE_WITH_KNOTS('',3,(#7479,#7480,#7481,#7482),
 .UNSPECIFIED.,.F.,.F.,(4,4),(-0.274045478078133,0.),.UNSPECIFIED.);
#226=B_SPLINE_CURVE_WITH_KNOTS('',3,(#7485,#7486,#7487,#7488),
 .UNSPECIFIED.,.F.,.F.,(4,4),(-0.274853376134547,0.),.UNSPECIFIED.);
#227=B_SPLINE_CURVE_WITH_KNOTS('',3,(#7490,#7491,#7492,#7493,#7494),
 .UNSPECIFIED.,.F.,.F.,(4,1,4),(-0.859328776329234,-0.571428571428571,-0.140671223670766),
 .UNSPECIFIED.);
#228=B_SPLINE_CURVE_WITH_KNOTS('',3,(#7535,#7536,#7537,#7538),
 .UNSPECIFIED.,.F.,.F.,(4,4),(-0.184477940708491,0.),.UNSPECIFIED.);
#229=B_SPLINE_CURVE_WITH_KNOTS('',3,(#7540,#7541,#7542,#7543,#7544,#7545,
#7546,#7547,#7548,#7549,#7550,#7551,#7552,#7553,#7554,#7555,#7556,#7557,
#7558,#7559,#7560,#7561,#7562,#7563,#7564),.UNSPECIFIED.,.F.,.F.,(4,3,3,
3,3,3,3,3,4),(-0.884637921562164,-0.802811132043132,-0.724280822434286,
-0.662138944433958,-0.500852227629116,-0.440108204653711,-0.253531789403336,
-0.0641380348684055,0.),.UNSPECIFIED.);
#230=B_SPLINE_CURVE_WITH_KNOTS('',3,(#7566,#7567,#7568,#7569),
 .UNSPECIFIED.,.F.,.F.,(4,4),(-0.190934420605467,0.),.UNSPECIFIED.);
#231=B_SPLINE_CURVE_WITH_KNOTS('',3,(#7573,#7574,#7575,#7576),
 .UNSPECIFIED.,.F.,.F.,(4,4),(-0.192083964292889,0.),.UNSPECIFIED.);
#232=B_SPLINE_CURVE_WITH_KNOTS('',3,(#7578,#7579,#7580,#7581,#7582,#7583),
 .UNSPECIFIED.,.F.,.F.,(4,2,4),(-1.34895338047968,-0.675053603008382,0.),
 .UNSPECIFIED.);
#233=B_SPLINE_CURVE_WITH_KNOTS('',3,(#7584,#7585,#7586,#7587),
 .UNSPECIFIED.,.F.,.F.,(4,4),(-0.199515196158293,-0.0195706214946175),
 .UNSPECIFIED.);
#234=B_SPLINE_CURVE_WITH_KNOTS('',3,(#7623,#7624,#7625,#7626),
 .UNSPECIFIED.,.F.,.F.,(4,4),(-0.206880024436087,-7.24144047610231E-5),
 .UNSPECIFIED.);
#235=B_SPLINE_CURVE_WITH_KNOTS('',3,(#7630,#7631,#7632,#7633,#7634,#7635,
#7636,#7637,#7638,#7639,#7640,#7641,#7642,#7643,#7644,#7645,#7646,#7647,
#7648,#7649,#7650,#7651,#7652,#7653,#7654,#7655,#7656,#7657,#7658,#7659,
#7660,#7661,#7662,#7663,#7664,#7665,#7666,#7667,#7668,#7669,#7670,#7671,
#7672,#7673,#7674,#7675,#7676,#7677,#7678,#7679,#7680,#7681,#7682,#7683,
#7684,#7685,#7686,#7687,#7688,#7689,#7690,#7691,#7692,#7693,#7694,#7695,
#7696,#7697,#7698,#7699,#7700,#7701,#7702,#7703,#7704,#7705,#7706,#7707,
#7708,#7709,#7710,#7711,#7712,#7713,#7714,#7715,#7716,#7717,#7718,#7719,
#7720,#7721,#7722,#7723,#7724,#7725,#7726,#7727,#7728,#7729,#7730,#7731,
#7732,#7733,#7734,#7735,#7736,#7737,#7738,#7739,#7740,#7741,#7742,#7743,
#7744,#7745,#7746,#7747,#7748,#7749,#7750,#7751,#7752,#7753),
 .UNSPECIFIED.,.F.,.F.,(4,3,3,3,3,3,3,3,3,3,3,3,3,3,3,3,3,3,3,3,3,3,3,3,
3,3,3,3,3,3,3,3,3,3,3,3,3,3,3,3,3,4),(0.0263932665013354,0.042205879919334,
0.0422137932759637,0.0560215092839687,0.0700601538229908,0.0841235022626971,
0.0873045092357155,0.101795969543967,0.116151713913316,0.1246330348804,
0.136045709914194,0.149919711906975,0.1639912674209,0.178029741526272,0.183863325173781,
0.199877173556508,0.206776260840884,0.222835373517042,0.228908187812773,
0.2432293615341,0.256510101701438,0.268576786055076,0.27701118057048,0.285385228238953,
0.288963776855626,0.297157051552669,0.311736336234384,0.320991903487624,
0.336744723393836,0.35248929074249,0.367875539027331,0.371274949737785,
0.37128121183342,0.405570008484918,0.413767233542664,0.413774690127576,
0.458627354409836,0.458633380640818,0.505765098055385,0.505768341374649,
0.539832598661458,0.552353184934251),.UNSPECIFIED.);
#236=B_SPLINE_CURVE_WITH_KNOTS('',3,(#7757,#7758,#7759,#7760),
 .UNSPECIFIED.,.F.,.F.,(4,4),(-0.274045478078084,0.),.UNSPECIFIED.);
#237=B_SPLINE_CURVE_WITH_KNOTS('',3,(#7764,#7765,#7766,#7767),
 .UNSPECIFIED.,.F.,.F.,(4,4),(-0.27485337613458,0.),.UNSPECIFIED.);
#238=B_SPLINE_CURVE_WITH_KNOTS('',3,(#7768,#7769,#7770,#7771,#7772,#7773,
#7774,#7775,#7776,#7777,#7778,#7779,#7780,#7781,#7782,#7783),
 .UNSPECIFIED.,.F.,.F.,(4,3,3,3,3,4),(-0.940319885435568,-0.775725304566075,
-0.6121546630719,-0.46790764614861,-0.133907156702729,-0.00988387555639614),
 .UNSPECIFIED.);
#239=B_SPLINE_CURVE_WITH_KNOTS('',3,(#7805,#7806,#7807,#7808,#7809),
 .UNSPECIFIED.,.F.,.F.,(4,1,4),(-0.859328776329234,-0.571428571428571,-0.140671223670763),
 .UNSPECIFIED.);
#240=B_SPLINE_CURVE_WITH_KNOTS('',3,(#7896,#7897,#7898,#7899,#7900,#7901,
#7902,#7903,#7904,#7905,#7906,#7907,#7908,#7909),.UNSPECIFIED.,.F.,.F.,
(4,2,2,2,2,2,4),(-0.580320670704625,-0.578803985341242,-0.539834198533715,
-0.505768341374649,-0.458633380640818,-0.413774690127576,-0.373914806128232),
 .UNSPECIFIED.);
#241=B_SPLINE_CURVE_WITH_KNOTS('',3,(#7911,#7912,#7913,#7914,#7915,#7916,
#7917,#7918,#7919,#7920,#7921),.UNSPECIFIED.,.F.,.F.,(4,2,1,1,1,2,4),(-0.37393064419263,
-0.37128121183342,-0.289014357194056,-0.206747502554692,-0.124480647915328,
-0.0422137932759637,0.000997618496546927),.UNSPECIFIED.);
#242=B_SPLINE_CURVE_WITH_KNOTS('',3,(#7923,#7924,#7925,#7926,#7927,#7928,
#7929,#7930,#7931,#7932,#7933,#7934,#7935,#7936,#7937,#7938,#7939,#7940,
#7941),.UNSPECIFIED.,.F.,.F.,(4,3,3,3,3,3,4),(-0.0649946834265579,-0.0537298657561205,
-0.0409044291859626,-0.0314415071732185,-0.017874353963574,-0.00276554756948136,
0.),.UNSPECIFIED.);
#243=B_SPLINE_CURVE_WITH_KNOTS('',3,(#7942,#7943,#7944,#7945),
 .UNSPECIFIED.,.F.,.F.,(4,4),(-0.000811860415145843,0.),.UNSPECIFIED.);
#244=B_SPLINE_CURVE_WITH_KNOTS('',3,(#7947,#7948,#7949,#7950),
 .UNSPECIFIED.,.F.,.F.,(4,4),(-0.0243251574832029,-0.0176149076139832),
 .UNSPECIFIED.);
#245=B_SPLINE_CURVE_WITH_KNOTS('',3,(#7951,#7952,#7953,#7954,#7955,#7956,
#7957,#7958,#7959,#7960,#7961,#7962,#7963,#7964,#7965,#7966,#7967,#7968,
#7969,#7970,#7971,#7972),.UNSPECIFIED.,.F.,.F.,(4,3,3,3,3,3,3,4),(-0.0730447824402302,
-0.0706731187517889,-0.0588210054376225,-0.0453069260224261,-0.0357144517207157,
-0.0202829260990484,-0.00583369413093991,0.),.UNSPECIFIED.);
#246=B_SPLINE_CURVE_WITH_KNOTS('',3,(#8023,#8024,#8025,#8026,#8027,#8028,
#8029,#8030,#8031,#8032,#8033,#8034),.UNSPECIFIED.,.F.,.F.,(4,2,2,2,2,4),
(-0.025215429895613,0.0475200662198792,0.128616943643171,0.161966715004619,
0.205564291777862,0.23188716466058),.UNSPECIFIED.);
#247=B_SPLINE_CURVE_WITH_KNOTS('',3,(#8035,#8036,#8037,#8038),
 .UNSPECIFIED.,.F.,.F.,(4,4),(-0.23252215121489,-0.231887166581852),
 .UNSPECIFIED.);
#248=B_SPLINE_CURVE_WITH_KNOTS('',3,(#8039,#8040,#8041,#8042,#8043,#8044,
#8045,#8046,#8047,#8048,#8049,#8050),.UNSPECIFIED.,.F.,.F.,(4,2,2,2,2,4),
(-0.206565747562633,-0.205564291777862,-0.161966715004619,-0.128616943643171,
-0.0475200662198792,0.00153732104352378),.UNSPECIFIED.);
#249=B_SPLINE_CURVE_WITH_KNOTS('',3,(#8051,#8052,#8053,#8054),
 .UNSPECIFIED.,.F.,.F.,(4,4),(-0.0305150832749965,-0.0252154456277521),
 .UNSPECIFIED.);
#250=B_SPLINE_CURVE_WITH_KNOTS('',3,(#8100,#8101,#8102,#8103,#8104,#8105,
#8106,#8107,#8108,#8109,#8110,#8111,#8112,#8113,#8114,#8115,#8116,#8117,
#8118),.UNSPECIFIED.,.F.,.F.,(4,3,3,3,3,3,4),(-0.0720468237503018,-0.0599688317357773,
-0.046770794791122,-0.036697655766495,-0.0189077445020379,-0.00273605383499896,
0.),.UNSPECIFIED.);
#251=B_SPLINE_CURVE_WITH_KNOTS('',3,(#8120,#8121,#8122,#8123,#8124,#8125,
#8126,#8127,#8128,#8129),.UNSPECIFIED.,.F.,.F.,(4,2,2,2,4),(-0.207144224406623,
-0.205605059254266,-0.0799763393698809,-0.049345039513742,0.00100311032922887),
 .UNSPECIFIED.);
#252=B_SPLINE_CURVE_WITH_KNOTS('',3,(#8130,#8131,#8132,#8133,#8134,#8135,
#8136,#8137,#8138,#8139,#8140,#8141,#8142,#8143,#8144,#8145),
 .UNSPECIFIED.,.F.,.F.,(4,3,3,3,3,4),(-0.0649905474207548,-0.0530716517180774,
-0.0395417795513097,-0.0314716423887596,-0.0172072929772944,0.),
 .UNSPECIFIED.);
#253=B_SPLINE_CURVE_WITH_KNOTS('',3,(#8250,#8251,#8252,#8253,#8254,#8255,
#8256,#8257,#8258,#8259,#8260,#8261,#8262,#8263,#8264,#8265,#8266,#8267,
#8268,#8269,#8270,#8271,#8272,#8273,#8274,#8275),.UNSPECIFIED.,.F.,.F.,
(4,2,2,2,2,2,2,2,2,2,2,2,4),(-0.579655310090886,-0.578753722351991,-0.501873735623597,
-0.413023561872377,-0.373231987797114,-0.335726592681086,-0.275851083814228,
-0.232072577781501,-0.185013884493697,-0.0886637712519639,-0.0432210962557917,
0.,0.00151803803691387),.UNSPECIFIED.);
#254=B_SPLINE_CURVE_WITH_KNOTS('',3,(#8350,#8351,#8352,#8353,#8354),
 .UNSPECIFIED.,.F.,.F.,(4,1,4),(-0.885439105549785,-0.571428571428571,-0.114560894450218),
 .UNSPECIFIED.);
#255=ELLIPSE('',#4120,3.19253331742774,3.);
#256=ELLIPSE('',#4121,3.19253331742774,3.);
#257=ELLIPSE('',#4122,3.19253331742774,3.);
#258=ELLIPSE('',#4147,4.49388704869485,3.17765800601853);
#259=ELLIPSE('',#4149,4.49388704869485,3.17765800601853);
#260=ELLIPSE('',#4150,4.49388704869483,3.17765800601853);
#261=ELLIPSE('',#4152,4.49388704869483,3.17765800601853);
#262=ELLIPSE('',#4154,4.49388704870166,3.17765800602336);
#263=ELLIPSE('',#4156,4.49388704870166,3.17765800602336);
#264=ELLIPSE('',#4157,4.49388704870167,3.17765800602336);
#265=ELLIPSE('',#4159,4.49388704870167,3.17765800602336);
#266=ELLIPSE('',#4161,5.65685424949242,4.00000000000003);
#267=ELLIPSE('',#4163,5.6568542494924,4.00000000000003);
#268=ELLIPSE('',#4165,4.51492391583428,3.);
#269=ELLIPSE('',#4166,3.19253331742774,3.);
#270=ELLIPSE('',#4169,4.51492391583427,3.);
#271=ELLIPSE('',#4170,4.51492391583427,3.);
#272=ELLIPSE('',#4171,3.19253331742774,3.);
#273=ELLIPSE('',#4172,3.19253331742774,3.);
#274=ELLIPSE('',#4175,5.6568542494924,4.00000000000003);
#275=ELLIPSE('',#4250,4.49388704870165,3.17765800602335);
#276=ELLIPSE('',#4252,4.49388704870165,3.17765800602335);
#277=ELLIPSE('',#4254,5.6568542494924,4.00000000000003);
#278=ELLIPSE('',#4257,6.33663272280172,4.48067596818168);
#279=ELLIPSE('',#4261,6.3366327228017,4.48067596818168);
#280=ELLIPSE('',#4265,5.65685424949241,4.00000000000003);
#281=ELLIPSE('',#4271,5.6568542494924,4.00000000000003);
#282=ELLIPSE('',#4273,4.49388704870112,3.17765800602297);
#283=ELLIPSE('',#4275,4.49388704870112,3.17765800602297);
#284=ELLIPSE('',#4277,4.4938870487011,3.17765800602297);
#285=ELLIPSE('',#4279,4.4938870487011,3.17765800602297);
#286=ELLIPSE('',#4281,6.33663272280172,4.48067596818168);
#287=ELLIPSE('',#4283,6.3366327228017,4.48067596818168);
#288=ELLIPSE('',#4306,5.65685424949242,4.00000000000004);
#289=ELLIPSE('',#4307,4.49388704870166,3.17765800602335);
#290=ELLIPSE('',#4312,6.33663272280171,4.48067596818168);
#291=ELLIPSE('',#4313,6.33663272280172,4.48067596818168);
#292=ELLIPSE('',#4315,5.65685424949242,4.00000000000003);
#293=ELLIPSE('',#4323,4.49388704870166,3.17765800602335);
#294=ELLIPSE('',#4327,6.33663272280172,4.48067596818168);
#295=ELLIPSE('',#4328,6.33663272280171,4.48067596818168);
#296=FACE_OUTER_BOUND('',#501,.T.);
#297=FACE_OUTER_BOUND('',#502,.T.);
#298=FACE_OUTER_BOUND('',#503,.T.);
#299=FACE_OUTER_BOUND('',#504,.T.);
#300=FACE_OUTER_BOUND('',#505,.T.);
#301=FACE_OUTER_BOUND('',#506,.T.);
#302=FACE_OUTER_BOUND('',#507,.T.);
#303=FACE_OUTER_BOUND('',#508,.T.);
#304=FACE_OUTER_BOUND('',#509,.T.);
#305=FACE_OUTER_BOUND('',#515,.T.);
#306=FACE_OUTER_BOUND('',#516,.T.);
#307=FACE_OUTER_BOUND('',#517,.T.);
#308=FACE_OUTER_BOUND('',#518,.T.);
#309=FACE_OUTER_BOUND('',#519,.T.);
#310=FACE_OUTER_BOUND('',#520,.T.);
#311=FACE_OUTER_BOUND('',#521,.T.);
#312=FACE_OUTER_BOUND('',#522,.T.);
#313=FACE_OUTER_BOUND('',#523,.T.);
#314=FACE_OUTER_BOUND('',#525,.T.);
#315=FACE_OUTER_BOUND('',#527,.T.);
#316=FACE_OUTER_BOUND('',#528,.T.);
#317=FACE_OUTER_BOUND('',#529,.T.);
#318=FACE_OUTER_BOUND('',#530,.T.);
#319=FACE_OUTER_BOUND('',#531,.T.);
#320=FACE_OUTER_BOUND('',#532,.T.);
#321=FACE_OUTER_BOUND('',#533,.T.);
#322=FACE_OUTER_BOUND('',#534,.T.);
#323=FACE_OUTER_BOUND('',#535,.T.);
#324=FACE_OUTER_BOUND('',#536,.T.);
#325=FACE_OUTER_BOUND('',#537,.T.);
#326=FACE_OUTER_BOUND('',#538,.T.);
#327=FACE_OUTER_BOUND('',#539,.T.);
#328=FACE_OUTER_BOUND('',#540,.T.);
#329=FACE_OUTER_BOUND('',#541,.T.);
#330=FACE_OUTER_BOUND('',#542,.T.);
#331=FACE_OUTER_BOUND('',#543,.T.);
#332=FACE_OUTER_BOUND('',#544,.T.);
#333=FACE_OUTER_BOUND('',#545,.T.);
#334=FACE_OUTER_BOUND('',#546,.T.);
#335=FACE_OUTER_BOUND('',#547,.T.);
#336=FACE_OUTER_BOUND('',#548,.T.);
#337=FACE_OUTER_BOUND('',#549,.T.);
#338=FACE_OUTER_BOUND('',#550,.T.);
#339=FACE_OUTER_BOUND('',#551,.T.);
#340=FACE_OUTER_BOUND('',#552,.T.);
#341=FACE_OUTER_BOUND('',#553,.T.);
#342=FACE_OUTER_BOUND('',#554,.T.);
#343=FACE_OUTER_BOUND('',#555,.T.);
#344=FACE_OUTER_BOUND('',#556,.T.);
#345=FACE_OUTER_BOUND('',#559,.T.);
#346=FACE_OUTER_BOUND('',#560,.T.);
#347=FACE_OUTER_BOUND('',#561,.T.);
#348=FACE_OUTER_BOUND('',#562,.T.);
#349=FACE_OUTER_BOUND('',#563,.T.);
#350=FACE_OUTER_BOUND('',#564,.T.);
#351=FACE_OUTER_BOUND('',#565,.T.);
#352=FACE_OUTER_BOUND('',#566,.T.);
#353=FACE_OUTER_BOUND('',#567,.T.);
#354=FACE_OUTER_BOUND('',#568,.T.);
#355=FACE_OUTER_BOUND('',#569,.T.);
#356=FACE_OUTER_BOUND('',#570,.T.);
#357=FACE_OUTER_BOUND('',#571,.T.);
#358=FACE_OUTER_BOUND('',#572,.T.);
#359=FACE_OUTER_BOUND('',#573,.T.);
#360=FACE_OUTER_BOUND('',#574,.T.);
#361=FACE_OUTER_BOUND('',#575,.T.);
#362=FACE_OUTER_BOUND('',#576,.T.);
#363=FACE_OUTER_BOUND('',#577,.T.);
#364=FACE_OUTER_BOUND('',#578,.T.);
#365=FACE_OUTER_BOUND('',#579,.T.);
#366=FACE_OUTER_BOUND('',#580,.T.);
#367=FACE_OUTER_BOUND('',#581,.T.);
#368=FACE_OUTER_BOUND('',#582,.T.);
#369=FACE_OUTER_BOUND('',#583,.T.);
#370=FACE_OUTER_BOUND('',#584,.T.);
#371=FACE_OUTER_BOUND('',#586,.T.);
#372=FACE_OUTER_BOUND('',#587,.T.);
#373=FACE_OUTER_BOUND('',#588,.T.);
#374=FACE_OUTER_BOUND('',#589,.T.);
#375=FACE_OUTER_BOUND('',#590,.T.);
#376=FACE_OUTER_BOUND('',#591,.T.);
#377=FACE_OUTER_BOUND('',#592,.T.);
#378=FACE_OUTER_BOUND('',#593,.T.);
#379=FACE_OUTER_BOUND('',#594,.T.);
#380=FACE_OUTER_BOUND('',#595,.T.);
#381=FACE_OUTER_BOUND('',#596,.T.);
#382=FACE_OUTER_BOUND('',#597,.T.);
#383=FACE_OUTER_BOUND('',#598,.T.);
#384=FACE_OUTER_BOUND('',#599,.T.);
#385=FACE_OUTER_BOUND('',#600,.T.);
#386=FACE_OUTER_BOUND('',#601,.T.);
#387=FACE_OUTER_BOUND('',#602,.T.);
#388=FACE_OUTER_BOUND('',#604,.T.);
#389=FACE_OUTER_BOUND('',#605,.T.);
#390=FACE_OUTER_BOUND('',#607,.T.);
#391=FACE_OUTER_BOUND('',#608,.T.);
#392=FACE_OUTER_BOUND('',#609,.T.);
#393=FACE_OUTER_BOUND('',#610,.T.);
#394=FACE_OUTER_BOUND('',#611,.T.);
#395=FACE_OUTER_BOUND('',#612,.T.);
#396=FACE_OUTER_BOUND('',#613,.T.);
#397=FACE_OUTER_BOUND('',#614,.T.);
#398=FACE_OUTER_BOUND('',#615,.T.);
#399=FACE_OUTER_BOUND('',#616,.T.);
#400=FACE_OUTER_BOUND('',#617,.T.);
#401=FACE_OUTER_BOUND('',#618,.T.);
#402=FACE_OUTER_BOUND('',#619,.T.);
#403=FACE_OUTER_BOUND('',#620,.T.);
#404=FACE_OUTER_BOUND('',#621,.T.);
#405=FACE_OUTER_BOUND('',#622,.T.);
#406=FACE_OUTER_BOUND('',#623,.T.);
#407=FACE_OUTER_BOUND('',#624,.T.);
#408=FACE_OUTER_BOUND('',#625,.T.);
#409=FACE_OUTER_BOUND('',#626,.T.);
#410=FACE_OUTER_BOUND('',#627,.T.);
#411=FACE_OUTER_BOUND('',#628,.T.);
#412=FACE_OUTER_BOUND('',#629,.T.);
#413=FACE_OUTER_BOUND('',#630,.T.);
#414=FACE_OUTER_BOUND('',#631,.T.);
#415=FACE_OUTER_BOUND('',#633,.T.);
#416=FACE_OUTER_BOUND('',#634,.T.);
#417=FACE_OUTER_BOUND('',#635,.T.);
#418=FACE_OUTER_BOUND('',#636,.T.);
#419=FACE_OUTER_BOUND('',#637,.T.);
#420=FACE_OUTER_BOUND('',#638,.T.);
#421=FACE_OUTER_BOUND('',#639,.T.);
#422=FACE_OUTER_BOUND('',#640,.T.);
#423=FACE_OUTER_BOUND('',#641,.T.);
#424=FACE_OUTER_BOUND('',#642,.T.);
#425=FACE_OUTER_BOUND('',#643,.T.);
#426=FACE_OUTER_BOUND('',#644,.T.);
#427=FACE_OUTER_BOUND('',#645,.T.);
#428=FACE_OUTER_BOUND('',#646,.T.);
#429=FACE_OUTER_BOUND('',#647,.T.);
#430=FACE_OUTER_BOUND('',#649,.T.);
#431=FACE_OUTER_BOUND('',#650,.T.);
#432=FACE_OUTER_BOUND('',#651,.T.);
#433=FACE_OUTER_BOUND('',#652,.T.);
#434=FACE_OUTER_BOUND('',#653,.T.);
#435=FACE_OUTER_BOUND('',#654,.T.);
#436=FACE_OUTER_BOUND('',#655,.T.);
#437=FACE_OUTER_BOUND('',#656,.T.);
#438=FACE_OUTER_BOUND('',#657,.T.);
#439=FACE_OUTER_BOUND('',#658,.T.);
#440=FACE_OUTER_BOUND('',#659,.T.);
#441=FACE_OUTER_BOUND('',#661,.T.);
#442=FACE_OUTER_BOUND('',#662,.T.);
#443=FACE_OUTER_BOUND('',#663,.T.);
#444=FACE_OUTER_BOUND('',#665,.T.);
#445=FACE_OUTER_BOUND('',#666,.T.);
#446=FACE_OUTER_BOUND('',#667,.T.);
#447=FACE_OUTER_BOUND('',#668,.T.);
#448=FACE_OUTER_BOUND('',#669,.T.);
#449=FACE_OUTER_BOUND('',#670,.T.);
#450=FACE_OUTER_BOUND('',#671,.T.);
#451=FACE_OUTER_BOUND('',#672,.T.);
#452=FACE_OUTER_BOUND('',#673,.T.);
#453=FACE_OUTER_BOUND('',#674,.T.);
#454=FACE_OUTER_BOUND('',#675,.T.);
#455=FACE_OUTER_BOUND('',#676,.T.);
#456=FACE_OUTER_BOUND('',#677,.T.);
#457=FACE_OUTER_BOUND('',#678,.T.);
#458=FACE_OUTER_BOUND('',#679,.T.);
#459=FACE_OUTER_BOUND('',#680,.T.);
#460=FACE_OUTER_BOUND('',#681,.T.);
#461=FACE_OUTER_BOUND('',#682,.T.);
#462=FACE_OUTER_BOUND('',#684,.T.);
#463=FACE_OUTER_BOUND('',#685,.T.);
#464=FACE_OUTER_BOUND('',#686,.T.);
#465=FACE_OUTER_BOUND('',#687,.T.);
#466=FACE_OUTER_BOUND('',#688,.T.);
#467=FACE_OUTER_BOUND('',#689,.T.);
#468=FACE_OUTER_BOUND('',#690,.T.);
#469=FACE_OUTER_BOUND('',#691,.T.);
#470=FACE_OUTER_BOUND('',#692,.T.);
#471=FACE_OUTER_BOUND('',#693,.T.);
#472=FACE_OUTER_BOUND('',#694,.T.);
#473=FACE_OUTER_BOUND('',#695,.T.);
#474=FACE_OUTER_BOUND('',#696,.T.);
#475=FACE_OUTER_BOUND('',#697,.T.);
#476=FACE_OUTER_BOUND('',#698,.T.);
#477=FACE_OUTER_BOUND('',#699,.T.);
#478=FACE_OUTER_BOUND('',#700,.T.);
#479=FACE_OUTER_BOUND('',#701,.T.);
#480=FACE_OUTER_BOUND('',#702,.T.);
#481=FACE_OUTER_BOUND('',#703,.T.);
#482=FACE_OUTER_BOUND('',#704,.T.);
#483=FACE_OUTER_BOUND('',#705,.T.);
#484=FACE_OUTER_BOUND('',#706,.T.);
#485=FACE_OUTER_BOUND('',#707,.T.);
#486=FACE_OUTER_BOUND('',#708,.T.);
#487=FACE_OUTER_BOUND('',#709,.T.);
#488=FACE_OUTER_BOUND('',#710,.T.);
#489=FACE_OUTER_BOUND('',#711,.T.);
#490=FACE_OUTER_BOUND('',#712,.T.);
#491=FACE_OUTER_BOUND('',#713,.T.);
#492=FACE_OUTER_BOUND('',#714,.T.);
#493=FACE_OUTER_BOUND('',#715,.T.);
#494=FACE_OUTER_BOUND('',#716,.T.);
#495=FACE_OUTER_BOUND('',#717,.T.);
#496=FACE_OUTER_BOUND('',#718,.T.);
#497=FACE_OUTER_BOUND('',#719,.T.);
#498=FACE_OUTER_BOUND('',#720,.T.);
#499=FACE_OUTER_BOUND('',#721,.T.);
#500=FACE_OUTER_BOUND('',#722,.T.);
#501=EDGE_LOOP('',(#2553,#2554,#2555,#2556,#2557));
#502=EDGE_LOOP('',(#2558,#2559,#2560,#2561,#2562,#2563,#2564,#2565,#2566,
#2567,#2568,#2569,#2570,#2571,#2572,#2573,#2574,#2575,#2576));
#503=EDGE_LOOP('',(#2577,#2578,#2579,#2580,#2581,#2582,#2583,#2584,#2585));
#504=EDGE_LOOP('',(#2586,#2587,#2588,#2589,#2590));
#505=EDGE_LOOP('',(#2591,#2592,#2593,#2594,#2595,#2596,#2597,#2598,#2599));
#506=EDGE_LOOP('',(#2600,#2601,#2602,#2603,#2604,#2605,#2606,#2607));
#507=EDGE_LOOP('',(#2608,#2609,#2610));
#508=EDGE_LOOP('',(#2611,#2612,#2613,#2614));
#509=EDGE_LOOP('',(#2615,#2616,#2617,#2618,#2619,#2620,#2621,#2622,#2623,
#2624,#2625,#2626,#2627,#2628,#2629,#2630,#2631,#2632,#2633,#2634,#2635,
#2636,#2637,#2638,#2639,#2640));
#510=EDGE_LOOP('',(#2641));
#511=EDGE_LOOP('',(#2642));
#512=EDGE_LOOP('',(#2643));
#513=EDGE_LOOP('',(#2644));
#514=EDGE_LOOP('',(#2645,#2646,#2647,#2648,#2649,#2650,#2651,#2652,#2653,
#2654,#2655,#2656,#2657,#2658,#2659,#2660,#2661,#2662,#2663,#2664));
#515=EDGE_LOOP('',(#2665,#2666,#2667));
#516=EDGE_LOOP('',(#2668,#2669,#2670,#2671,#2672,#2673,#2674,#2675,#2676,
#2677,#2678,#2679,#2680,#2681,#2682,#2683,#2684,#2685,#2686,#2687));
#517=EDGE_LOOP('',(#2688,#2689,#2690,#2691,#2692));
#518=EDGE_LOOP('',(#2693,#2694,#2695,#2696));
#519=EDGE_LOOP('',(#2697,#2698,#2699,#2700,#2701,#2702,#2703,#2704,#2705,
#2706));
#520=EDGE_LOOP('',(#2707,#2708,#2709,#2710));
#521=EDGE_LOOP('',(#2711,#2712,#2713,#2714,#2715));
#522=EDGE_LOOP('',(#2716,#2717,#2718,#2719));
#523=EDGE_LOOP('',(#2720,#2721,#2722,#2723,#2724,#2725,#2726,#2727));
#524=EDGE_LOOP('',(#2728));
#525=EDGE_LOOP('',(#2729,#2730,#2731,#2732,#2733,#2734,#2735,#2736));
#526=EDGE_LOOP('',(#2737));
#527=EDGE_LOOP('',(#2738,#2739,#2740,#2741,#2742,#2743,#2744,#2745,#2746,
#2747,#2748));
#528=EDGE_LOOP('',(#2749,#2750,#2751,#2752,#2753,#2754,#2755,#2756,#2757,
#2758));
#529=EDGE_LOOP('',(#2759,#2760,#2761,#2762));
#530=EDGE_LOOP('',(#2763,#2764,#2765,#2766));
#531=EDGE_LOOP('',(#2767,#2768,#2769,#2770,#2771,#2772,#2773,#2774,#2775,
#2776));
#532=EDGE_LOOP('',(#2777,#2778,#2779,#2780,#2781,#2782));
#533=EDGE_LOOP('',(#2783,#2784,#2785,#2786,#2787,#2788,#2789,#2790,#2791,
#2792));
#534=EDGE_LOOP('',(#2793,#2794,#2795,#2796,#2797,#2798,#2799));
#535=EDGE_LOOP('',(#2800,#2801,#2802,#2803));
#536=EDGE_LOOP('',(#2804,#2805,#2806,#2807,#2808,#2809,#2810,#2811,#2812));
#537=EDGE_LOOP('',(#2813,#2814,#2815,#2816,#2817));
#538=EDGE_LOOP('',(#2818,#2819,#2820,#2821));
#539=EDGE_LOOP('',(#2822,#2823,#2824,#2825));
#540=EDGE_LOOP('',(#2826,#2827,#2828,#2829));
#541=EDGE_LOOP('',(#2830,#2831,#2832,#2833,#2834));
#542=EDGE_LOOP('',(#2835,#2836,#2837,#2838));
#543=EDGE_LOOP('',(#2839,#2840,#2841,#2842));
#544=EDGE_LOOP('',(#2843,#2844,#2845,#2846));
#545=EDGE_LOOP('',(#2847,#2848,#2849,#2850));
#546=EDGE_LOOP('',(#2851,#2852,#2853,#2854));
#547=EDGE_LOOP('',(#2855,#2856,#2857,#2858));
#548=EDGE_LOOP('',(#2859,#2860,#2861,#2862));
#549=EDGE_LOOP('',(#2863,#2864,#2865,#2866));
#550=EDGE_LOOP('',(#2867,#2868,#2869,#2870));
#551=EDGE_LOOP('',(#2871,#2872,#2873,#2874));
#552=EDGE_LOOP('',(#2875,#2876,#2877,#2878));
#553=EDGE_LOOP('',(#2879,#2880,#2881,#2882));
#554=EDGE_LOOP('',(#2883,#2884,#2885,#2886));
#555=EDGE_LOOP('',(#2887,#2888,#2889,#2890,#2891,#2892,#2893,#2894,#2895,
#2896,#2897,#2898));
#556=EDGE_LOOP('',(#2899,#2900,#2901,#2902,#2903,#2904,#2905,#2906,#2907,
#2908,#2909,#2910));
#557=EDGE_LOOP('',(#2911));
#558=EDGE_LOOP('',(#2912));
#559=EDGE_LOOP('',(#2913,#2914,#2915));
#560=EDGE_LOOP('',(#2916,#2917,#2918,#2919));
#561=EDGE_LOOP('',(#2920,#2921,#2922,#2923,#2924,#2925));
#562=EDGE_LOOP('',(#2926,#2927,#2928,#2929));
#563=EDGE_LOOP('',(#2930,#2931,#2932,#2933,#2934,#2935));
#564=EDGE_LOOP('',(#2936,#2937,#2938,#2939));
#565=EDGE_LOOP('',(#2940,#2941,#2942));
#566=EDGE_LOOP('',(#2943,#2944,#2945,#2946));
#567=EDGE_LOOP('',(#2947,#2948,#2949,#2950));
#568=EDGE_LOOP('',(#2951,#2952,#2953,#2954));
#569=EDGE_LOOP('',(#2955,#2956,#2957,#2958));
#570=EDGE_LOOP('',(#2959,#2960,#2961,#2962));
#571=EDGE_LOOP('',(#2963,#2964,#2965,#2966,#2967));
#572=EDGE_LOOP('',(#2968,#2969,#2970,#2971));
#573=EDGE_LOOP('',(#2972,#2973,#2974,#2975));
#574=EDGE_LOOP('',(#2976,#2977,#2978,#2979));
#575=EDGE_LOOP('',(#2980,#2981,#2982,#2983));
#576=EDGE_LOOP('',(#2984,#2985,#2986,#2987));
#577=EDGE_LOOP('',(#2988,#2989,#2990,#2991));
#578=EDGE_LOOP('',(#2992,#2993,#2994,#2995));
#579=EDGE_LOOP('',(#2996,#2997,#2998,#2999));
#580=EDGE_LOOP('',(#3000,#3001,#3002,#3003));
#581=EDGE_LOOP('',(#3004,#3005,#3006,#3007,#3008));
#582=EDGE_LOOP('',(#3009,#3010,#3011,#3012,#3013,#3014));
#583=EDGE_LOOP('',(#3015,#3016,#3017,#3018));
#584=EDGE_LOOP('',(#3019,#3020,#3021,#3022,#3023,#3024,#3025,#3026));
#585=EDGE_LOOP('',(#3027,#3028,#3029,#3030,#3031,#3032,#3033,#3034));
#586=EDGE_LOOP('',(#3035,#3036,#3037,#3038));
#587=EDGE_LOOP('',(#3039,#3040,#3041,#3042));
#588=EDGE_LOOP('',(#3043,#3044,#3045,#3046));
#589=EDGE_LOOP('',(#3047,#3048,#3049,#3050));
#590=EDGE_LOOP('',(#3051,#3052,#3053,#3054));
#591=EDGE_LOOP('',(#3055,#3056,#3057,#3058));
#592=EDGE_LOOP('',(#3059,#3060,#3061,#3062,#3063));
#593=EDGE_LOOP('',(#3064,#3065,#3066,#3067));
#594=EDGE_LOOP('',(#3068,#3069,#3070,#3071,#3072));
#595=EDGE_LOOP('',(#3073,#3074,#3075,#3076));
#596=EDGE_LOOP('',(#3077,#3078,#3079,#3080));
#597=EDGE_LOOP('',(#3081,#3082,#3083,#3084));
#598=EDGE_LOOP('',(#3085,#3086,#3087,#3088));
#599=EDGE_LOOP('',(#3089,#3090,#3091,#3092));
#600=EDGE_LOOP('',(#3093,#3094,#3095,#3096));
#601=EDGE_LOOP('',(#3097,#3098,#3099,#3100));
#602=EDGE_LOOP('',(#3101,#3102,#3103,#3104));
#603=EDGE_LOOP('',(#3105,#3106,#3107,#3108,#3109,#3110,#3111,#3112,#3113,
#3114));
#604=EDGE_LOOP('',(#3115,#3116,#3117,#3118,#3119,#3120));
#605=EDGE_LOOP('',(#3121,#3122,#3123,#3124));
#606=EDGE_LOOP('',(#3125));
#607=EDGE_LOOP('',(#3126,#3127,#3128,#3129,#3130,#3131));
#608=EDGE_LOOP('',(#3132,#3133,#3134,#3135,#3136,#3137,#3138));
#609=EDGE_LOOP('',(#3139,#3140,#3141,#3142,#3143,#3144));
#610=EDGE_LOOP('',(#3145,#3146,#3147,#3148));
#611=EDGE_LOOP('',(#3149,#3150,#3151));
#612=EDGE_LOOP('',(#3152,#3153,#3154,#3155,#3156));
#613=EDGE_LOOP('',(#3157,#3158,#3159,#3160,#3161,#3162));
#614=EDGE_LOOP('',(#3163,#3164,#3165,#3166));
#615=EDGE_LOOP('',(#3167,#3168,#3169));
#616=EDGE_LOOP('',(#3170,#3171,#3172,#3173,#3174));
#617=EDGE_LOOP('',(#3175,#3176,#3177,#3178));
#618=EDGE_LOOP('',(#3179,#3180,#3181,#3182,#3183,#3184));
#619=EDGE_LOOP('',(#3185,#3186,#3187,#3188));
#620=EDGE_LOOP('',(#3189,#3190,#3191));
#621=EDGE_LOOP('',(#3192,#3193,#3194,#3195,#3196));
#622=EDGE_LOOP('',(#3197,#3198,#3199,#3200));
#623=EDGE_LOOP('',(#3201,#3202,#3203,#3204,#3205,#3206));
#624=EDGE_LOOP('',(#3207,#3208,#3209,#3210));
#625=EDGE_LOOP('',(#3211,#3212,#3213,#3214));
#626=EDGE_LOOP('',(#3215,#3216,#3217,#3218,#3219));
#627=EDGE_LOOP('',(#3220,#3221,#3222));
#628=EDGE_LOOP('',(#3223,#3224,#3225,#3226));
#629=EDGE_LOOP('',(#3227,#3228,#3229,#3230));
#630=EDGE_LOOP('',(#3231,#3232,#3233,#3234));
#631=EDGE_LOOP('',(#3235,#3236,#3237,#3238,#3239,#3240,#3241,#3242,#3243,
#3244,#3245,#3246));
#632=EDGE_LOOP('',(#3247));
#633=EDGE_LOOP('',(#3248,#3249,#3250,#3251));
#634=EDGE_LOOP('',(#3252,#3253,#3254,#3255,#3256,#3257));
#635=EDGE_LOOP('',(#3258,#3259,#3260,#3261,#3262,#3263));
#636=EDGE_LOOP('',(#3264,#3265,#3266,#3267,#3268,#3269));
#637=EDGE_LOOP('',(#3270,#3271,#3272,#3273,#3274,#3275));
#638=EDGE_LOOP('',(#3276,#3277,#3278,#3279));
#639=EDGE_LOOP('',(#3280,#3281,#3282,#3283));
#640=EDGE_LOOP('',(#3284,#3285,#3286,#3287));
#641=EDGE_LOOP('',(#3288,#3289,#3290,#3291));
#642=EDGE_LOOP('',(#3292,#3293,#3294,#3295));
#643=EDGE_LOOP('',(#3296,#3297,#3298,#3299));
#644=EDGE_LOOP('',(#3300,#3301,#3302,#3303));
#645=EDGE_LOOP('',(#3304,#3305,#3306,#3307));
#646=EDGE_LOOP('',(#3308,#3309,#3310,#3311));
#647=EDGE_LOOP('',(#3312,#3313,#3314,#3315));
#648=EDGE_LOOP('',(#3316,#3317,#3318,#3319,#3320,#3321,#3322,#3323,#3324,
#3325));
#649=EDGE_LOOP('',(#3326,#3327,#3328,#3329));
#650=EDGE_LOOP('',(#3330,#3331,#3332,#3333));
#651=EDGE_LOOP('',(#3334,#3335,#3336,#3337));
#652=EDGE_LOOP('',(#3338,#3339,#3340,#3341));
#653=EDGE_LOOP('',(#3342,#3343,#3344,#3345));
#654=EDGE_LOOP('',(#3346,#3347,#3348,#3349));
#655=EDGE_LOOP('',(#3350,#3351,#3352,#3353,#3354,#3355));
#656=EDGE_LOOP('',(#3356,#3357,#3358,#3359));
#657=EDGE_LOOP('',(#3360,#3361,#3362,#3363,#3364,#3365));
#658=EDGE_LOOP('',(#3366,#3367,#3368,#3369));
#659=EDGE_LOOP('',(#3370,#3371,#3372,#3373,#3374,#3375,#3376,#3377,#3378,
#3379,#3380,#3381));
#660=EDGE_LOOP('',(#3382,#3383,#3384,#3385,#3386,#3387,#3388,#3389));
#661=EDGE_LOOP('',(#3390,#3391,#3392,#3393));
#662=EDGE_LOOP('',(#3394,#3395,#3396,#3397));
#663=EDGE_LOOP('',(#3398,#3399,#3400,#3401,#3402,#3403,#3404,#3405,#3406,
#3407,#3408,#3409));
#664=EDGE_LOOP('',(#3410,#3411,#3412,#3413,#3414,#3415,#3416,#3417,#3418,
#3419,#3420,#3421));
#665=EDGE_LOOP('',(#3422,#3423,#3424,#3425,#3426,#3427));
#666=EDGE_LOOP('',(#3428,#3429,#3430,#3431,#3432,#3433));
#667=EDGE_LOOP('',(#3434,#3435,#3436,#3437));
#668=EDGE_LOOP('',(#3438,#3439,#3440,#3441,#3442,#3443));
#669=EDGE_LOOP('',(#3444,#3445,#3446,#3447));
#670=EDGE_LOOP('',(#3448,#3449,#3450,#3451));
#671=EDGE_LOOP('',(#3452,#3453,#3454,#3455));
#672=EDGE_LOOP('',(#3456,#3457,#3458,#3459));
#673=EDGE_LOOP('',(#3460,#3461,#3462,#3463));
#674=EDGE_LOOP('',(#3464,#3465,#3466,#3467));
#675=EDGE_LOOP('',(#3468,#3469));
#676=EDGE_LOOP('',(#3470,#3471));
#677=EDGE_LOOP('',(#3472,#3473,#3474,#3475,#3476,#3477,#3478));
#678=EDGE_LOOP('',(#3479,#3480,#3481,#3482));
#679=EDGE_LOOP('',(#3483,#3484,#3485,#3486));
#680=EDGE_LOOP('',(#3487,#3488,#3489,#3490,#3491,#3492));
#681=EDGE_LOOP('',(#3493,#3494,#3495,#3496));
#682=EDGE_LOOP('',(#3497,#3498,#3499,#3500));
#683=EDGE_LOOP('',(#3501,#3502,#3503,#3504,#3505,#3506,#3507,#3508));
#684=EDGE_LOOP('',(#3509,#3510,#3511,#3512,#3513,#3514));
#685=EDGE_LOOP('',(#3515,#3516,#3517,#3518,#3519,#3520));
#686=EDGE_LOOP('',(#3521,#3522,#3523,#3524,#3525,#3526));
#687=EDGE_LOOP('',(#3527,#3528,#3529,#3530,#3531,#3532));
#688=EDGE_LOOP('',(#3533,#3534,#3535,#3536,#3537,#3538));
#689=EDGE_LOOP('',(#3539,#3540,#3541,#3542,#3543,#3544));
#690=EDGE_LOOP('',(#3545,#3546,#3547,#3548,#3549,#3550));
#691=EDGE_LOOP('',(#3551,#3552,#3553,#3554,#3555,#3556));
#692=EDGE_LOOP('',(#3557,#3558,#3559,#3560,#3561));
#693=EDGE_LOOP('',(#3562,#3563,#3564,#3565,#3566,#3567));
#694=EDGE_LOOP('',(#3568,#3569,#3570,#3571,#3572));
#695=EDGE_LOOP('',(#3573,#3574,#3575,#3576,#3577,#3578));
#696=EDGE_LOOP('',(#3579,#3580,#3581,#3582,#3583));
#697=EDGE_LOOP('',(#3584,#3585,#3586,#3587,#3588,#3589,#3590,#3591));
#698=EDGE_LOOP('',(#3592,#3593,#3594,#3595,#3596,#3597,#3598,#3599,#3600,
#3601,#3602));
#699=EDGE_LOOP('',(#3603,#3604,#3605,#3606,#3607,#3608,#3609,#3610,#3611,
#3612));
#700=EDGE_LOOP('',(#3613,#3614));
#701=EDGE_LOOP('',(#3615,#3616,#3617,#3618,#3619,#3620,#3621,#3622,#3623,
#3624));
#702=EDGE_LOOP('',(#3625,#3626));
#703=EDGE_LOOP('',(#3627,#3628,#3629,#3630,#3631,#3632));
#704=EDGE_LOOP('',(#3633,#3634,#3635,#3636,#3637));
#705=EDGE_LOOP('',(#3638,#3639,#3640,#3641,#3642,#3643,#3644,#3645,#3646,
#3647));
#706=EDGE_LOOP('',(#3648,#3649,#3650,#3651,#3652));
#707=EDGE_LOOP('',(#3653,#3654,#3655,#3656,#3657,#3658,#3659,#3660));
#708=EDGE_LOOP('',(#3661,#3662,#3663,#3664,#3665,#3666,#3667,#3668,#3669,
#3670));
#709=EDGE_LOOP('',(#3671,#3672,#3673,#3674,#3675,#3676));
#710=EDGE_LOOP('',(#3677,#3678,#3679,#3680,#3681,#3682,#3683));
#711=EDGE_LOOP('',(#3684,#3685,#3686,#3687,#3688,#3689));
#712=EDGE_LOOP('',(#3690,#3691,#3692,#3693,#3694,#3695));
#713=EDGE_LOOP('',(#3696,#3697,#3698,#3699,#3700,#3701));
#714=EDGE_LOOP('',(#3702,#3703,#3704,#3705,#3706,#3707));
#715=EDGE_LOOP('',(#3708,#3709,#3710,#3711,#3712));
#716=EDGE_LOOP('',(#3713,#3714,#3715,#3716,#3717,#3718,#3719,#3720,#3721,
#3722,#3723));
#717=EDGE_LOOP('',(#3724,#3725,#3726,#3727,#3728,#3729));
#718=EDGE_LOOP('',(#3730,#3731,#3732,#3733,#3734));
#719=EDGE_LOOP('',(#3735,#3736,#3737,#3738,#3739,#3740));
#720=EDGE_LOOP('',(#3741,#3742));
#721=EDGE_LOOP('',(#3743,#3744));
#722=EDGE_LOOP('',(#3745,#3746,#3747,#3748,#3749,#3750,#3751,#3752));
#723=EDGE_LOOP('',(#3753));
#724=EDGE_LOOP('',(#3754));
#725=EDGE_LOOP('',(#3755,#3756,#3757,#3758,#3759,#3760,#3761,#3762));
#726=LINE('',#5266,#1139);
#727=LINE('',#5268,#1140);
#728=LINE('',#5270,#1141);
#729=LINE('',#5272,#1142);
#730=LINE('',#5273,#1143);
#731=LINE('',#5276,#1144);
#732=LINE('',#5278,#1145);
#733=LINE('',#5280,#1146);
#734=LINE('',#5286,#1147);
#735=LINE('',#5288,#1148);
#736=LINE('',#5290,#1149);
#737=LINE('',#5292,#1150);
#738=LINE('',#5294,#1151);
#739=LINE('',#5298,#1152);
#740=LINE('',#5300,#1153);
#741=LINE('',#5302,#1154);
#742=LINE('',#5304,#1155);
#743=LINE('',#5306,#1156);
#744=LINE('',#5308,#1157);
#745=LINE('',#5309,#1158);
#746=LINE('',#5312,#1159);
#747=LINE('',#5321,#1160);
#748=LINE('',#5323,#1161);
#749=LINE('',#5325,#1162);
#750=LINE('',#5327,#1163);
#751=LINE('',#5328,#1164);
#752=LINE('',#5332,#1165);
#753=LINE('',#5334,#1166);
#754=LINE('',#5336,#1167);
#755=LINE('',#5338,#1168);
#756=LINE('',#5339,#1169);
#757=LINE('',#5341,#1170);
#758=LINE('',#5343,#1171);
#759=LINE('',#5345,#1172);
#760=LINE('',#5347,#1173);
#761=LINE('',#5349,#1174);
#762=LINE('',#5357,#1175);
#763=LINE('',#5361,#1176);
#764=LINE('',#5363,#1177);
#765=LINE('',#5365,#1178);
#766=LINE('',#5367,#1179);
#767=LINE('',#5369,#1180);
#768=LINE('',#5371,#1181);
#769=LINE('',#5373,#1182);
#770=LINE('',#5374,#1183);
#771=LINE('',#5378,#1184);
#772=LINE('',#5380,#1185);
#773=LINE('',#5381,#1186);
#774=LINE('',#5384,#1187);
#775=LINE('',#5386,#1188);
#776=LINE('',#5387,#1189);
#777=LINE('',#5390,#1190);
#778=LINE('',#5392,#1191);
#779=LINE('',#5394,#1192);
#780=LINE('',#5396,#1193);
#781=LINE('',#5398,#1194);
#782=LINE('',#5400,#1195);
#783=LINE('',#5402,#1196);
#784=LINE('',#5404,#1197);
#785=LINE('',#5406,#1198);
#786=LINE('',#5408,#1199);
#787=LINE('',#5410,#1200);
#788=LINE('',#5412,#1201);
#789=LINE('',#5414,#1202);
#790=LINE('',#5416,#1203);
#791=LINE('',#5418,#1204);
#792=LINE('',#5420,#1205);
#793=LINE('',#5421,#1206);
#794=LINE('',#5423,#1207);
#795=LINE('',#5425,#1208);
#796=LINE('',#5427,#1209);
#797=LINE('',#5429,#1210);
#798=LINE('',#5431,#1211);
#799=LINE('',#5432,#1212);
#800=LINE('',#5442,#1213);
#801=LINE('',#5443,#1214);
#802=LINE('',#5445,#1215);
#803=LINE('',#5447,#1216);
#804=LINE('',#5448,#1217);
#805=LINE('',#5450,#1218);
#806=LINE('',#5452,#1219);
#807=LINE('',#5454,#1220);
#808=LINE('',#5456,#1221);
#809=LINE('',#5458,#1222);
#810=LINE('',#5460,#1223);
#811=LINE('',#5462,#1224);
#812=LINE('',#5464,#1225);
#813=LINE('',#5466,#1226);
#814=LINE('',#5468,#1227);
#815=LINE('',#5469,#1228);
#816=LINE('',#5471,#1229);
#817=LINE('',#5474,#1230);
#818=LINE('',#5476,#1231);
#819=LINE('',#5478,#1232);
#820=LINE('',#5480,#1233);
#821=LINE('',#5482,#1234);
#822=LINE('',#5484,#1235);
#823=LINE('',#5485,#1236);
#824=LINE('',#5487,#1237);
#825=LINE('',#5489,#1238);
#826=LINE('',#5491,#1239);
#827=LINE('',#5493,#1240);
#828=LINE('',#5495,#1241);
#829=LINE('',#5497,#1242);
#830=LINE('',#5499,#1243);
#831=LINE('',#5501,#1244);
#832=LINE('',#5503,#1245);
#833=LINE('',#5505,#1246);
#834=LINE('',#5506,#1247);
#835=LINE('',#5509,#1248);
#836=LINE('',#5510,#1249);
#837=LINE('',#5513,#1250);
#838=LINE('',#5514,#1251);
#839=LINE('',#5517,#1252);
#840=LINE('',#5519,#1253);
#841=LINE('',#5520,#1254);
#842=LINE('',#5522,#1255);
#843=LINE('',#5524,#1256);
#844=LINE('',#5526,#1257);
#845=LINE('',#5527,#1258);
#846=LINE('',#5530,#1259);
#847=LINE('',#5531,#1260);
#848=LINE('',#5534,#1261);
#849=LINE('',#5535,#1262);
#850=LINE('',#5537,#1263);
#851=LINE('',#5540,#1264);
#852=LINE('',#5542,#1265);
#853=LINE('',#5544,#1266);
#854=LINE('',#5546,#1267);
#855=LINE('',#5548,#1268);
#856=LINE('',#5549,#1269);
#857=LINE('',#5554,#1270);
#858=LINE('',#5556,#1271);
#859=LINE('',#5558,#1272);
#860=LINE('',#5560,#1273);
#861=LINE('',#5561,#1274);
#862=LINE('',#5574,#1275);
#863=LINE('',#5582,#1276);
#864=LINE('',#5590,#1277);
#865=LINE('',#5611,#1278);
#866=LINE('',#5619,#1279);
#867=LINE('',#5626,#1280);
#868=LINE('',#5642,#1281);
#869=LINE('',#5657,#1282);
#870=LINE('',#5661,#1283);
#871=LINE('',#5676,#1284);
#872=LINE('',#5678,#1285);
#873=LINE('',#5679,#1286);
#874=LINE('',#5685,#1287);
#875=LINE('',#5703,#1288);
#876=LINE('',#5705,#1289);
#877=LINE('',#5706,#1290);
#878=LINE('',#5710,#1291);
#879=LINE('',#5713,#1292);
#880=LINE('',#5714,#1293);
#881=LINE('',#5715,#1294);
#882=LINE('',#5717,#1295);
#883=LINE('',#5720,#1296);
#884=LINE('',#5721,#1297);
#885=LINE('',#5724,#1298);
#886=LINE('',#5725,#1299);
#887=LINE('',#5727,#1300);
#888=LINE('',#5729,#1301);
#889=LINE('',#5730,#1302);
#890=LINE('',#5732,#1303);
#891=LINE('',#5734,#1304);
#892=LINE('',#5737,#1305);
#893=LINE('',#5739,#1306);
#894=LINE('',#5740,#1307);
#895=LINE('',#5743,#1308);
#896=LINE('',#5744,#1309);
#897=LINE('',#5747,#1310);
#898=LINE('',#5748,#1311);
#899=LINE('',#5751,#1312);
#900=LINE('',#5752,#1313);
#901=LINE('',#5754,#1314);
#902=LINE('',#5757,#1315);
#903=LINE('',#5758,#1316);
#904=LINE('',#5761,#1317);
#905=LINE('',#5762,#1318);
#906=LINE('',#5765,#1319);
#907=LINE('',#5766,#1320);
#908=LINE('',#5769,#1321);
#909=LINE('',#5770,#1322);
#910=LINE('',#5773,#1323);
#911=LINE('',#5774,#1324);
#912=LINE('',#5776,#1325);
#913=LINE('',#5780,#1326);
#914=LINE('',#5782,#1327);
#915=LINE('',#5784,#1328);
#916=LINE('',#5786,#1329);
#917=LINE('',#5788,#1330);
#918=LINE('',#5790,#1331);
#919=LINE('',#5792,#1332);
#920=LINE('',#5794,#1333);
#921=LINE('',#5796,#1334);
#922=LINE('',#5798,#1335);
#923=LINE('',#5799,#1336);
#924=LINE('',#5805,#1337);
#925=LINE('',#5807,#1338);
#926=LINE('',#5809,#1339);
#927=LINE('',#5811,#1340);
#928=LINE('',#5813,#1341);
#929=LINE('',#5815,#1342);
#930=LINE('',#5819,#1343);
#931=LINE('',#5821,#1344);
#932=LINE('',#5823,#1345);
#933=LINE('',#5825,#1346);
#934=LINE('',#5827,#1347);
#935=LINE('',#5829,#1348);
#936=LINE('',#5831,#1349);
#937=LINE('',#5833,#1350);
#938=LINE('',#5835,#1351);
#939=LINE('',#5837,#1352);
#940=LINE('',#5839,#1353);
#941=LINE('',#5841,#1354);
#942=LINE('',#5843,#1355);
#943=LINE('',#5845,#1356);
#944=LINE('',#5849,#1357);
#945=LINE('',#5851,#1358);
#946=LINE('',#5853,#1359);
#947=LINE('',#5854,#1360);
#948=LINE('',#5857,#1361);
#949=LINE('',#5858,#1362);
#950=LINE('',#5861,#1363);
#951=LINE('',#5862,#1364);
#952=LINE('',#5865,#1365);
#953=LINE('',#5867,#1366);
#954=LINE('',#5869,#1367);
#955=LINE('',#5871,#1368);
#956=LINE('',#5873,#1369);
#957=LINE('',#5875,#1370);
#958=LINE('',#5877,#1371);
#959=LINE('',#5878,#1372);
#960=LINE('',#5882,#1373);
#961=LINE('',#5884,#1374);
#962=LINE('',#5886,#1375);
#963=LINE('',#5887,#1376);
#964=LINE('',#5890,#1377);
#965=LINE('',#5892,#1378);
#966=LINE('',#5893,#1379);
#967=LINE('',#5897,#1380);
#968=LINE('',#5899,#1381);
#969=LINE('',#5901,#1382);
#970=LINE('',#5902,#1383);
#971=LINE('',#5904,#1384);
#972=LINE('',#5905,#1385);
#973=LINE('',#5909,#1386);
#974=LINE('',#5911,#1387);
#975=LINE('',#5913,#1388);
#976=LINE('',#5914,#1389);
#977=LINE('',#5916,#1390);
#978=LINE('',#5917,#1391);
#979=LINE('',#5919,#1392);
#980=LINE('',#5920,#1393);
#981=LINE('',#5922,#1394);
#982=LINE('',#5924,#1395);
#983=LINE('',#5926,#1396);
#984=LINE('',#5928,#1397);
#985=LINE('',#5930,#1398);
#986=LINE('',#5932,#1399);
#987=LINE('',#5936,#1400);
#988=LINE('',#5938,#1401);
#989=LINE('',#5939,#1402);
#990=LINE('',#5941,#1403);
#991=LINE('',#5942,#1404);
#992=LINE('',#5946,#1405);
#993=LINE('',#5947,#1406);
#994=LINE('',#5948,#1407);
#995=LINE('',#5951,#1408);
#996=LINE('',#5953,#1409);
#997=LINE('',#5955,#1410);
#998=LINE('',#5957,#1411);
#999=LINE('',#5959,#1412);
#1000=LINE('',#5961,#1413);
#1001=LINE('',#5963,#1414);
#1002=LINE('',#5965,#1415);
#1003=LINE('',#5967,#1416);
#1004=LINE('',#5968,#1417);
#1005=LINE('',#5972,#1418);
#1006=LINE('',#5973,#1419);
#1007=LINE('',#5975,#1420);
#1008=LINE('',#5983,#1421);
#1009=LINE('',#5987,#1422);
#1010=LINE('',#5988,#1423);
#1011=LINE('',#5989,#1424);
#1012=LINE('',#5995,#1425);
#1013=LINE('',#5996,#1426);
#1014=LINE('',#5998,#1427);
#1015=LINE('',#6006,#1428);
#1016=LINE('',#6010,#1429);
#1017=LINE('',#6012,#1430);
#1018=LINE('',#6014,#1431);
#1019=LINE('',#6016,#1432);
#1020=LINE('',#6022,#1433);
#1021=LINE('',#6023,#1434);
#1022=LINE('',#6027,#1435);
#1023=LINE('',#6029,#1436);
#1024=LINE('',#6031,#1437);
#1025=LINE('',#6033,#1438);
#1026=LINE('',#6035,#1439);
#1027=LINE('',#6036,#1440);
#1028=LINE('',#6202,#1441);
#1029=LINE('',#6209,#1442);
#1030=LINE('',#6212,#1443);
#1031=LINE('',#6387,#1444);
#1032=LINE('',#6389,#1445);
#1033=LINE('',#6563,#1446);
#1034=LINE('',#6566,#1447);
#1035=LINE('',#6568,#1448);
#1036=LINE('',#6739,#1449);
#1037=LINE('',#6742,#1450);
#1038=LINE('',#6744,#1451);
#1039=LINE('',#6746,#1452);
#1040=LINE('',#6749,#1453);
#1041=LINE('',#6750,#1454);
#1042=LINE('',#6751,#1455);
#1043=LINE('',#6753,#1456);
#1044=LINE('',#6754,#1457);
#1045=LINE('',#6759,#1458);
#1046=LINE('',#6768,#1459);
#1047=LINE('',#6778,#1460);
#1048=LINE('',#6786,#1461);
#1049=LINE('',#6789,#1462);
#1050=LINE('',#6792,#1463);
#1051=LINE('',#6794,#1464);
#1052=LINE('',#6795,#1465);
#1053=LINE('',#6797,#1466);
#1054=LINE('',#6798,#1467);
#1055=LINE('',#6799,#1468);
#1056=LINE('',#6801,#1469);
#1057=LINE('',#6802,#1470);
#1058=LINE('',#6804,#1471);
#1059=LINE('',#6805,#1472);
#1060=LINE('',#6811,#1473);
#1061=LINE('',#6813,#1474);
#1062=LINE('',#6815,#1475);
#1063=LINE('',#6817,#1476);
#1064=LINE('',#6819,#1477);
#1065=LINE('',#6821,#1478);
#1066=LINE('',#6823,#1479);
#1067=LINE('',#6824,#1480);
#1068=LINE('',#6827,#1481);
#1069=LINE('',#6830,#1482);
#1070=LINE('',#6832,#1483);
#1071=LINE('',#6833,#1484);
#1072=LINE('',#6835,#1485);
#1073=LINE('',#6838,#1486);
#1074=LINE('',#6840,#1487);
#1075=LINE('',#6841,#1488);
#1076=LINE('',#6844,#1489);
#1077=LINE('',#6845,#1490);
#1078=LINE('',#6847,#1491);
#1079=LINE('',#6849,#1492);
#1080=LINE('',#6855,#1493);
#1081=LINE('',#6857,#1494);
#1082=LINE('',#6861,#1495);
#1083=LINE('',#6862,#1496);
#1084=LINE('',#6863,#1497);
#1085=LINE('',#6864,#1498);
#1086=LINE('',#6871,#1499);
#1087=LINE('',#6872,#1500);
#1088=LINE('',#6873,#1501);
#1089=LINE('',#6874,#1502);
#1090=LINE('',#6876,#1503);
#1091=LINE('',#6879,#1504);
#1092=LINE('',#6880,#1505);
#1093=LINE('',#6885,#1506);
#1094=LINE('',#6896,#1507);
#1095=LINE('',#6903,#1508);
#1096=LINE('',#6908,#1509);
#1097=LINE('',#6909,#1510);
#1098=LINE('',#6911,#1511);
#1099=LINE('',#6921,#1512);
#1100=LINE('',#6923,#1513);
#1101=LINE('',#6925,#1514);
#1102=LINE('',#6944,#1515);
#1103=LINE('',#6946,#1516);
#1104=LINE('',#6966,#1517);
#1105=LINE('',#6968,#1518);
#1106=LINE('',#6987,#1519);
#1107=LINE('',#6989,#1520);
#1108=LINE('',#7023,#1521);
#1109=LINE('',#7025,#1522);
#1110=LINE('',#7026,#1523);
#1111=LINE('',#7046,#1524);
#1112=LINE('',#7047,#1525);
#1113=LINE('',#7066,#1526);
#1114=LINE('',#7084,#1527);
#1115=LINE('',#7102,#1528);
#1116=LINE('',#7120,#1529);
#1117=LINE('',#7138,#1530);
#1118=LINE('',#7164,#1531);
#1119=LINE('',#7192,#1532);
#1120=LINE('',#7225,#1533);
#1121=LINE('',#7249,#1534);
#1122=LINE('',#7379,#1535);
#1123=LINE('',#7405,#1536);
#1124=LINE('',#7453,#1537);
#1125=LINE('',#7484,#1538);
#1126=LINE('',#7515,#1539);
#1127=LINE('',#7532,#1540);
#1128=LINE('',#7571,#1541);
#1129=LINE('',#7604,#1542);
#1130=LINE('',#7605,#1543);
#1131=LINE('',#7628,#1544);
#1132=LINE('',#7754,#1545);
#1133=LINE('',#7762,#1546);
#1134=LINE('',#7804,#1547);
#1135=LINE('',#8058,#1548);
#1136=LINE('',#8278,#1549);
#1137=LINE('',#8312,#1550);
#1138=LINE('',#8329,#1551);
#1139=VECTOR('',#4365,10.);
#1140=VECTOR('',#4366,10.);
#1141=VECTOR('',#4367,10.);
#1142=VECTOR('',#4368,10.);
#1143=VECTOR('',#4369,10.);
#1144=VECTOR('',#4372,10.);
#1145=VECTOR('',#4373,10.);
#1146=VECTOR('',#4374,10.);
#1147=VECTOR('',#4379,10.);
#1148=VECTOR('',#4380,10.);
#1149=VECTOR('',#4381,10.);
#1150=VECTOR('',#4382,10.);
#1151=VECTOR('',#4383,10.);
#1152=VECTOR('',#4386,10.);
#1153=VECTOR('',#4387,10.);
#1154=VECTOR('',#4388,10.);
#1155=VECTOR('',#4389,10.);
#1156=VECTOR('',#4390,10.);
#1157=VECTOR('',#4391,10.);
#1158=VECTOR('',#4392,10.);
#1159=VECTOR('',#4395,10.);
#1160=VECTOR('',#4396,10.);
#1161=VECTOR('',#4397,10.);
#1162=VECTOR('',#4398,10.);
#1163=VECTOR('',#4399,10.);
#1164=VECTOR('',#4400,10.);
#1165=VECTOR('',#4403,10.);
#1166=VECTOR('',#4404,10.);
#1167=VECTOR('',#4405,10.);
#1168=VECTOR('',#4406,10.);
#1169=VECTOR('',#4407,10.);
#1170=VECTOR('',#4410,10.);
#1171=VECTOR('',#4411,10.);
#1172=VECTOR('',#4412,10.);
#1173=VECTOR('',#4413,10.);
#1174=VECTOR('',#4414,10.);
#1175=VECTOR('',#4415,10.);
#1176=VECTOR('',#4418,10.);
#1177=VECTOR('',#4419,10.);
#1178=VECTOR('',#4420,10.);
#1179=VECTOR('',#4421,10.);
#1180=VECTOR('',#4422,10.);
#1181=VECTOR('',#4423,10.);
#1182=VECTOR('',#4424,10.);
#1183=VECTOR('',#4425,10.);
#1184=VECTOR('',#4428,10.);
#1185=VECTOR('',#4429,10.);
#1186=VECTOR('',#4430,10.);
#1187=VECTOR('',#4433,10.);
#1188=VECTOR('',#4434,10.);
#1189=VECTOR('',#4435,10.);
#1190=VECTOR('',#4438,10.);
#1191=VECTOR('',#4439,10.);
#1192=VECTOR('',#4440,10.);
#1193=VECTOR('',#4441,10.);
#1194=VECTOR('',#4442,10.);
#1195=VECTOR('',#4443,10.);
#1196=VECTOR('',#4444,10.);
#1197=VECTOR('',#4445,10.);
#1198=VECTOR('',#4446,10.);
#1199=VECTOR('',#4447,10.);
#1200=VECTOR('',#4448,10.);
#1201=VECTOR('',#4449,10.);
#1202=VECTOR('',#4450,10.);
#1203=VECTOR('',#4451,10.);
#1204=VECTOR('',#4452,10.);
#1205=VECTOR('',#4453,10.);
#1206=VECTOR('',#4454,10.);
#1207=VECTOR('',#4455,10.);
#1208=VECTOR('',#4456,10.);
#1209=VECTOR('',#4457,10.);
#1210=VECTOR('',#4458,10.);
#1211=VECTOR('',#4459,10.);
#1212=VECTOR('',#4460,10.);
#1213=VECTOR('',#4469,10.);
#1214=VECTOR('',#4470,10.);
#1215=VECTOR('',#4471,10.);
#1216=VECTOR('',#4472,10.);
#1217=VECTOR('',#4473,10.);
#1218=VECTOR('',#4474,10.);
#1219=VECTOR('',#4475,10.);
#1220=VECTOR('',#4476,10.);
#1221=VECTOR('',#4477,10.);
#1222=VECTOR('',#4478,10.);
#1223=VECTOR('',#4479,10.);
#1224=VECTOR('',#4480,10.);
#1225=VECTOR('',#4481,10.);
#1226=VECTOR('',#4482,10.);
#1227=VECTOR('',#4483,10.);
#1228=VECTOR('',#4484,10.);
#1229=VECTOR('',#4487,10.);
#1230=VECTOR('',#4490,10.);
#1231=VECTOR('',#4491,10.);
#1232=VECTOR('',#4492,10.);
#1233=VECTOR('',#4493,10.);
#1234=VECTOR('',#4494,10.);
#1235=VECTOR('',#4495,10.);
#1236=VECTOR('',#4496,10.);
#1237=VECTOR('',#4497,10.);
#1238=VECTOR('',#4498,10.);
#1239=VECTOR('',#4499,10.);
#1240=VECTOR('',#4500,10.);
#1241=VECTOR('',#4501,10.);
#1242=VECTOR('',#4502,10.);
#1243=VECTOR('',#4503,10.);
#1244=VECTOR('',#4504,10.);
#1245=VECTOR('',#4505,10.);
#1246=VECTOR('',#4506,10.);
#1247=VECTOR('',#4507,10.);
#1248=VECTOR('',#4510,10.);
#1249=VECTOR('',#4511,10.);
#1250=VECTOR('',#4514,10.);
#1251=VECTOR('',#4515,10.);
#1252=VECTOR('',#4518,10.);
#1253=VECTOR('',#4519,10.);
#1254=VECTOR('',#4520,10.);
#1255=VECTOR('',#4521,10.);
#1256=VECTOR('',#4522,10.);
#1257=VECTOR('',#4523,10.);
#1258=VECTOR('',#4524,10.);
#1259=VECTOR('',#4527,10.);
#1260=VECTOR('',#4528,10.);
#1261=VECTOR('',#4531,10.);
#1262=VECTOR('',#4532,10.);
#1263=VECTOR('',#4535,10.);
#1264=VECTOR('',#4538,10.);
#1265=VECTOR('',#4539,10.);
#1266=VECTOR('',#4540,10.);
#1267=VECTOR('',#4541,10.);
#1268=VECTOR('',#4542,10.);
#1269=VECTOR('',#4543,10.);
#1270=VECTOR('',#4548,10.);
#1271=VECTOR('',#4549,10.);
#1272=VECTOR('',#4550,10.);
#1273=VECTOR('',#4551,10.);
#1274=VECTOR('',#4552,10.);
#1275=VECTOR('',#4557,10.);
#1276=VECTOR('',#4564,10.);
#1277=VECTOR('',#4571,10.);
#1278=VECTOR('',#4574,10.);
#1279=VECTOR('',#4581,10.);
#1280=VECTOR('',#4588,10.);
#1281=VECTOR('',#4591,10.);
#1282=VECTOR('',#4596,10.);
#1283=VECTOR('',#4603,2.5);
#1284=VECTOR('',#4608,10.);
#1285=VECTOR('',#4609,10.);
#1286=VECTOR('',#4610,10.);
#1287=VECTOR('',#4617,2.5);
#1288=VECTOR('',#4624,10.);
#1289=VECTOR('',#4625,10.);
#1290=VECTOR('',#4626,10.);
#1291=VECTOR('',#4631,10.);
#1292=VECTOR('',#4634,10.);
#1293=VECTOR('',#4635,10.);
#1294=VECTOR('',#4636,10.);
#1295=VECTOR('',#4639,10.);
#1296=VECTOR('',#4642,10.);
#1297=VECTOR('',#4643,10.);
#1298=VECTOR('',#4646,10.);
#1299=VECTOR('',#4647,10.);
#1300=VECTOR('',#4650,10.);
#1301=VECTOR('',#4653,10.);
#1302=VECTOR('',#4654,10.);
#1303=VECTOR('',#4657,10.);
#1304=VECTOR('',#4660,10.);
#1305=VECTOR('',#4663,10.);
#1306=VECTOR('',#4664,10.);
#1307=VECTOR('',#4665,10.);
#1308=VECTOR('',#4668,10.);
#1309=VECTOR('',#4669,10.);
#1310=VECTOR('',#4672,10.);
#1311=VECTOR('',#4673,10.);
#1312=VECTOR('',#4676,10.);
#1313=VECTOR('',#4677,10.);
#1314=VECTOR('',#4680,10.);
#1315=VECTOR('',#4683,10.);
#1316=VECTOR('',#4684,10.);
#1317=VECTOR('',#4687,10.);
#1318=VECTOR('',#4688,10.);
#1319=VECTOR('',#4691,10.);
#1320=VECTOR('',#4692,10.);
#1321=VECTOR('',#4695,10.);
#1322=VECTOR('',#4696,10.);
#1323=VECTOR('',#4699,10.);
#1324=VECTOR('',#4700,10.);
#1325=VECTOR('',#4703,10.);
#1326=VECTOR('',#4708,10.);
#1327=VECTOR('',#4709,10.);
#1328=VECTOR('',#4710,10.);
#1329=VECTOR('',#4711,10.);
#1330=VECTOR('',#4712,10.);
#1331=VECTOR('',#4713,10.);
#1332=VECTOR('',#4714,10.);
#1333=VECTOR('',#4715,10.);
#1334=VECTOR('',#4716,10.);
#1335=VECTOR('',#4717,10.);
#1336=VECTOR('',#4718,10.);
#1337=VECTOR('',#4725,10.);
#1338=VECTOR('',#4728,10.);
#1339=VECTOR('',#4731,10.);
#1340=VECTOR('',#4734,10.);
#1341=VECTOR('',#4737,10.);
#1342=VECTOR('',#4740,10.);
#1343=VECTOR('',#4747,2.5);
#1344=VECTOR('',#4750,2.5);
#1345=VECTOR('',#4753,2.5);
#1346=VECTOR('',#4756,2.5);
#1347=VECTOR('',#4759,10.);
#1348=VECTOR('',#4762,10.);
#1349=VECTOR('',#4765,10.);
#1350=VECTOR('',#4768,10.);
#1351=VECTOR('',#4771,10.);
#1352=VECTOR('',#4774,10.);
#1353=VECTOR('',#4777,10.);
#1354=VECTOR('',#4780,10.);
#1355=VECTOR('',#4783,10.);
#1356=VECTOR('',#4786,10.);
#1357=VECTOR('',#4791,10.);
#1358=VECTOR('',#4792,10.);
#1359=VECTOR('',#4793,10.);
#1360=VECTOR('',#4794,10.);
#1361=VECTOR('',#4797,10.);
#1362=VECTOR('',#4798,10.);
#1363=VECTOR('',#4801,10.);
#1364=VECTOR('',#4802,10.);
#1365=VECTOR('',#4803,10.);
#1366=VECTOR('',#4804,10.);
#1367=VECTOR('',#4805,10.);
#1368=VECTOR('',#4806,10.);
#1369=VECTOR('',#4807,10.);
#1370=VECTOR('',#4808,10.);
#1371=VECTOR('',#4809,10.);
#1372=VECTOR('',#4810,10.);
#1373=VECTOR('',#4813,10.);
#1374=VECTOR('',#4814,10.);
#1375=VECTOR('',#4815,10.);
#1376=VECTOR('',#4816,10.);
#1377=VECTOR('',#4819,10.);
#1378=VECTOR('',#4820,10.);
#1379=VECTOR('',#4821,10.);
#1380=VECTOR('',#4824,10.);
#1381=VECTOR('',#4825,10.);
#1382=VECTOR('',#4826,10.);
#1383=VECTOR('',#4827,10.);
#1384=VECTOR('',#4830,10.);
#1385=VECTOR('',#4831,10.);
#1386=VECTOR('',#4834,10.);
#1387=VECTOR('',#4835,10.);
#1388=VECTOR('',#4836,10.);
#1389=VECTOR('',#4837,10.);
#1390=VECTOR('',#4840,10.);
#1391=VECTOR('',#4841,10.);
#1392=VECTOR('',#4844,10.);
#1393=VECTOR('',#4845,10.);
#1394=VECTOR('',#4848,10.);
#1395=VECTOR('',#4851,10.);
#1396=VECTOR('',#4854,10.);
#1397=VECTOR('',#4857,10.);
#1398=VECTOR('',#4860,10.);
#1399=VECTOR('',#4863,10.);
#1400=VECTOR('',#4868,10.);
#1401=VECTOR('',#4869,10.);
#1402=VECTOR('',#4870,10.);
#1403=VECTOR('',#4873,10.);
#1404=VECTOR('',#4874,10.);
#1405=VECTOR('',#4877,10.);
#1406=VECTOR('',#4878,10.);
#1407=VECTOR('',#4879,10.);
#1408=VECTOR('',#4880,10.);
#1409=VECTOR('',#4881,10.);
#1410=VECTOR('',#4882,10.);
#1411=VECTOR('',#4883,10.);
#1412=VECTOR('',#4884,10.);
#1413=VECTOR('',#4885,10.);
#1414=VECTOR('',#4886,10.);
#1415=VECTOR('',#4887,10.);
#1416=VECTOR('',#4888,10.);
#1417=VECTOR('',#4889,10.);
#1418=VECTOR('',#4892,10.);
#1419=VECTOR('',#4893,10.);
#1420=VECTOR('',#4894,10.);
#1421=VECTOR('',#4895,10.);
#1422=VECTOR('',#4898,10.);
#1423=VECTOR('',#4899,10.);
#1424=VECTOR('',#4900,10.);
#1425=VECTOR('',#4905,10.);
#1426=VECTOR('',#4906,10.);
#1427=VECTOR('',#4907,10.);
#1428=VECTOR('',#4908,10.);
#1429=VECTOR('',#4911,10.);
#1430=VECTOR('',#4912,10.);
#1431=VECTOR('',#4913,10.);
#1432=VECTOR('',#4914,10.);
#1433=VECTOR('',#4915,10.);
#1434=VECTOR('',#4916,10.);
#1435=VECTOR('',#4919,10.);
#1436=VECTOR('',#4920,10.);
#1437=VECTOR('',#4921,10.);
#1438=VECTOR('',#4922,10.);
#1439=VECTOR('',#4923,10.);
#1440=VECTOR('',#4924,10.);
#1441=VECTOR('',#4929,10.);
#1442=VECTOR('',#4936,10.);
#1443=VECTOR('',#4939,10.);
#1444=VECTOR('',#4948,10.);
#1445=VECTOR('',#4951,10.);
#1446=VECTOR('',#4956,10.);
#1447=VECTOR('',#4959,10.);
#1448=VECTOR('',#4962,10.);
#1449=VECTOR('',#4967,10.);
#1450=VECTOR('',#4970,10.);
#1451=VECTOR('',#4973,10.);
#1452=VECTOR('',#4976,10.);
#1453=VECTOR('',#4979,10.);
#1454=VECTOR('',#4980,10.);
#1455=VECTOR('',#4981,10.);
#1456=VECTOR('',#4982,10.);
#1457=VECTOR('',#4983,10.);
#1458=VECTOR('',#4988,10.);
#1459=VECTOR('',#4999,10.);
#1460=VECTOR('',#5012,10.);
#1461=VECTOR('',#5021,10.);
#1462=VECTOR('',#5024,10.);
#1463=VECTOR('',#5027,10.);
#1464=VECTOR('',#5028,10.);
#1465=VECTOR('',#5029,10.);
#1466=VECTOR('',#5032,10.);
#1467=VECTOR('',#5033,10.);
#1468=VECTOR('',#5034,10.);
#1469=VECTOR('',#5037,10.);
#1470=VECTOR('',#5038,10.);
#1471=VECTOR('',#5041,10.);
#1472=VECTOR('',#5042,10.);
#1473=VECTOR('',#5053,10.);
#1474=VECTOR('',#5054,10.);
#1475=VECTOR('',#5055,10.);
#1476=VECTOR('',#5056,10.);
#1477=VECTOR('',#5057,10.);
#1478=VECTOR('',#5058,10.);
#1479=VECTOR('',#5059,10.);
#1480=VECTOR('',#5060,10.);
#1481=VECTOR('',#5063,7.00000000000003);
#1482=VECTOR('',#5068,5.75000000000003);
#1483=VECTOR('',#5071,10.);
#1484=VECTOR('',#5072,10.);
#1485=VECTOR('',#5075,10.);
#1486=VECTOR('',#5078,10.);
#1487=VECTOR('',#5079,10.);
#1488=VECTOR('',#5080,10.);
#1489=VECTOR('',#5083,10.);
#1490=VECTOR('',#5084,10.);
#1491=VECTOR('',#5087,10.);
#1492=VECTOR('',#5090,10.);
#1493=VECTOR('',#5097,10.);
#1494=VECTOR('',#5100,10.);
#1495=VECTOR('',#5105,10.);
#1496=VECTOR('',#5106,10.);
#1497=VECTOR('',#5107,10.);
#1498=VECTOR('',#5108,10.);
#1499=VECTOR('',#5121,10.);
#1500=VECTOR('',#5122,10.);
#1501=VECTOR('',#5123,10.);
#1502=VECTOR('',#5124,10.);
#1503=VECTOR('',#5125,10.);
#1504=VECTOR('',#5128,10.);
#1505=VECTOR('',#5129,10.);
#1506=VECTOR('',#5138,10.);
#1507=VECTOR('',#5159,10.);
#1508=VECTOR('',#5166,10.);
#1509=VECTOR('',#5173,10.);
#1510=VECTOR('',#5174,10.);
#1511=VECTOR('',#5177,10.);
#1512=VECTOR('',#5182,10.);
#1513=VECTOR('',#5183,10.);
#1514=VECTOR('',#5184,10.);
#1515=VECTOR('',#5187,10.);
#1516=VECTOR('',#5188,10.);
#1517=VECTOR('',#5191,10.);
#1518=VECTOR('',#5192,10.);
#1519=VECTOR('',#5195,10.);
#1520=VECTOR('',#5196,10.);
#1521=VECTOR('',#5199,10.);
#1522=VECTOR('',#5200,10.);
#1523=VECTOR('',#5201,10.);
#1524=VECTOR('',#5204,10.);
#1525=VECTOR('',#5205,10.);
#1526=VECTOR('',#5208,10.);
#1527=VECTOR('',#5211,10.);
#1528=VECTOR('',#5212,17.0450368352903);
#1529=VECTOR('',#5213,11.9009343485005);
#1530=VECTOR('',#5214,17.133885863169);
#1531=VECTOR('',#5215,12.3232156215368);
#1532=VECTOR('',#5216,12.3232156215368);
#1533=VECTOR('',#5217,17.133885863169);
#1534=VECTOR('',#5218,17.0450368352903);
#1535=VECTOR('',#5219,17.0450368352903);
#1536=VECTOR('',#5220,11.9009343485005);
#1537=VECTOR('',#5223,10.);
#1538=VECTOR('',#5228,10.);
#1539=VECTOR('',#5231,11.9009343485005);
#1540=VECTOR('',#5232,17.0450368352903);
#1541=VECTOR('',#5235,10.);
#1542=VECTOR('',#5236,12.3300030246435);
#1543=VECTOR('',#5237,17.134453913472);
#1544=VECTOR('',#5238,17.0450368352903);
#1545=VECTOR('',#5239,17.0450368352903);
#1546=VECTOR('',#5242,10.);
#1547=VECTOR('',#5243,11.9009343485005);
#1548=VECTOR('',#5248,0.900000000000003);
#1549=VECTOR('',#5251,0.900000000000003);
#1550=VECTOR('',#5254,17.133885863169);
#1551=VECTOR('',#5255,12.3214316496545);
#1552=VERTEX_POINT('',#5264);
#1553=VERTEX_POINT('',#5265);
#1554=VERTEX_POINT('',#5267);
#1555=VERTEX_POINT('',#5269);
#1556=VERTEX_POINT('',#5271);
#1557=VERTEX_POINT('',#5275);
#1558=VERTEX_POINT('',#5277);
#1559=VERTEX_POINT('',#5279);
#1560=VERTEX_POINT('',#5281);
#1561=VERTEX_POINT('',#5283);
#1562=VERTEX_POINT('',#5285);
#1563=VERTEX_POINT('',#5287);
#1564=VERTEX_POINT('',#5289);
#1565=VERTEX_POINT('',#5291);
#1566=VERTEX_POINT('',#5293);
#1567=VERTEX_POINT('',#5295);
#1568=VERTEX_POINT('',#5297);
#1569=VERTEX_POINT('',#5299);
#1570=VERTEX_POINT('',#5301);
#1571=VERTEX_POINT('',#5303);
#1572=VERTEX_POINT('',#5305);
#1573=VERTEX_POINT('',#5307);
#1574=VERTEX_POINT('',#5311);
#1575=VERTEX_POINT('',#5313);
#1576=VERTEX_POINT('',#5320);
#1577=VERTEX_POINT('',#5322);
#1578=VERTEX_POINT('',#5324);
#1579=VERTEX_POINT('',#5326);
#1580=VERTEX_POINT('',#5330);
#1581=VERTEX_POINT('',#5331);
#1582=VERTEX_POINT('',#5333);
#1583=VERTEX_POINT('',#5335);
#1584=VERTEX_POINT('',#5337);
#1585=VERTEX_POINT('',#5342);
#1586=VERTEX_POINT('',#5344);
#1587=VERTEX_POINT('',#5346);
#1588=VERTEX_POINT('',#5348);
#1589=VERTEX_POINT('',#5350);
#1590=VERTEX_POINT('',#5359);
#1591=VERTEX_POINT('',#5360);
#1592=VERTEX_POINT('',#5362);
#1593=VERTEX_POINT('',#5364);
#1594=VERTEX_POINT('',#5366);
#1595=VERTEX_POINT('',#5368);
#1596=VERTEX_POINT('',#5370);
#1597=VERTEX_POINT('',#5372);
#1598=VERTEX_POINT('',#5376);
#1599=VERTEX_POINT('',#5377);
#1600=VERTEX_POINT('',#5379);
#1601=VERTEX_POINT('',#5383);
#1602=VERTEX_POINT('',#5385);
#1603=VERTEX_POINT('',#5389);
#1604=VERTEX_POINT('',#5391);
#1605=VERTEX_POINT('',#5393);
#1606=VERTEX_POINT('',#5395);
#1607=VERTEX_POINT('',#5397);
#1608=VERTEX_POINT('',#5399);
#1609=VERTEX_POINT('',#5401);
#1610=VERTEX_POINT('',#5403);
#1611=VERTEX_POINT('',#5405);
#1612=VERTEX_POINT('',#5407);
#1613=VERTEX_POINT('',#5409);
#1614=VERTEX_POINT('',#5411);
#1615=VERTEX_POINT('',#5413);
#1616=VERTEX_POINT('',#5415);
#1617=VERTEX_POINT('',#5417);
#1618=VERTEX_POINT('',#5419);
#1619=VERTEX_POINT('',#5422);
#1620=VERTEX_POINT('',#5424);
#1621=VERTEX_POINT('',#5426);
#1622=VERTEX_POINT('',#5428);
#1623=VERTEX_POINT('',#5430);
#1624=VERTEX_POINT('',#5433);
#1625=VERTEX_POINT('',#5435);
#1626=VERTEX_POINT('',#5437);
#1627=VERTEX_POINT('',#5439);
#1628=VERTEX_POINT('',#5441);
#1629=VERTEX_POINT('',#5444);
#1630=VERTEX_POINT('',#5446);
#1631=VERTEX_POINT('',#5449);
#1632=VERTEX_POINT('',#5451);
#1633=VERTEX_POINT('',#5453);
#1634=VERTEX_POINT('',#5455);
#1635=VERTEX_POINT('',#5457);
#1636=VERTEX_POINT('',#5459);
#1637=VERTEX_POINT('',#5461);
#1638=VERTEX_POINT('',#5463);
#1639=VERTEX_POINT('',#5465);
#1640=VERTEX_POINT('',#5467);
#1641=VERTEX_POINT('',#5473);
#1642=VERTEX_POINT('',#5475);
#1643=VERTEX_POINT('',#5477);
#1644=VERTEX_POINT('',#5479);
#1645=VERTEX_POINT('',#5481);
#1646=VERTEX_POINT('',#5483);
#1647=VERTEX_POINT('',#5486);
#1648=VERTEX_POINT('',#5488);
#1649=VERTEX_POINT('',#5490);
#1650=VERTEX_POINT('',#5492);
#1651=VERTEX_POINT('',#5494);
#1652=VERTEX_POINT('',#5496);
#1653=VERTEX_POINT('',#5498);
#1654=VERTEX_POINT('',#5500);
#1655=VERTEX_POINT('',#5502);
#1656=VERTEX_POINT('',#5504);
#1657=VERTEX_POINT('',#5508);
#1658=VERTEX_POINT('',#5512);
#1659=VERTEX_POINT('',#5516);
#1660=VERTEX_POINT('',#5518);
#1661=VERTEX_POINT('',#5521);
#1662=VERTEX_POINT('',#5523);
#1663=VERTEX_POINT('',#5525);
#1664=VERTEX_POINT('',#5529);
#1665=VERTEX_POINT('',#5533);
#1666=VERTEX_POINT('',#5539);
#1667=VERTEX_POINT('',#5541);
#1668=VERTEX_POINT('',#5543);
#1669=VERTEX_POINT('',#5545);
#1670=VERTEX_POINT('',#5547);
#1671=VERTEX_POINT('',#5550);
#1672=VERTEX_POINT('',#5553);
#1673=VERTEX_POINT('',#5555);
#1674=VERTEX_POINT('',#5557);
#1675=VERTEX_POINT('',#5559);
#1676=VERTEX_POINT('',#5562);
#1677=VERTEX_POINT('',#5565);
#1678=VERTEX_POINT('',#5566);
#1679=VERTEX_POINT('',#5573);
#1680=VERTEX_POINT('',#5575);
#1681=VERTEX_POINT('',#5577);
#1682=VERTEX_POINT('',#5579);
#1683=VERTEX_POINT('',#5581);
#1684=VERTEX_POINT('',#5583);
#1685=VERTEX_POINT('',#5585);
#1686=VERTEX_POINT('',#5587);
#1687=VERTEX_POINT('',#5589);
#1688=VERTEX_POINT('',#5598);
#1689=VERTEX_POINT('',#5599);
#1690=VERTEX_POINT('',#5610);
#1691=VERTEX_POINT('',#5612);
#1692=VERTEX_POINT('',#5614);
#1693=VERTEX_POINT('',#5616);
#1694=VERTEX_POINT('',#5618);
#1695=VERTEX_POINT('',#5620);
#1696=VERTEX_POINT('',#5622);
#1697=VERTEX_POINT('',#5624);
#1698=VERTEX_POINT('',#5628);
#1699=VERTEX_POINT('',#5641);
#1700=VERTEX_POINT('',#5645);
#1701=VERTEX_POINT('',#5656);
#1702=VERTEX_POINT('',#5662);
#1703=VERTEX_POINT('',#5675);
#1704=VERTEX_POINT('',#5677);
#1705=VERTEX_POINT('',#5681);
#1706=VERTEX_POINT('',#5684);
#1707=VERTEX_POINT('',#5687);
#1708=VERTEX_POINT('',#5702);
#1709=VERTEX_POINT('',#5704);
#1710=VERTEX_POINT('',#5708);
#1711=VERTEX_POINT('',#5712);
#1712=VERTEX_POINT('',#5719);
#1713=VERTEX_POINT('',#5723);
#1714=VERTEX_POINT('',#5736);
#1715=VERTEX_POINT('',#5738);
#1716=VERTEX_POINT('',#5742);
#1717=VERTEX_POINT('',#5746);
#1718=VERTEX_POINT('',#5750);
#1719=VERTEX_POINT('',#5756);
#1720=VERTEX_POINT('',#5760);
#1721=VERTEX_POINT('',#5764);
#1722=VERTEX_POINT('',#5768);
#1723=VERTEX_POINT('',#5772);
#1724=VERTEX_POINT('',#5779);
#1725=VERTEX_POINT('',#5781);
#1726=VERTEX_POINT('',#5783);
#1727=VERTEX_POINT('',#5785);
#1728=VERTEX_POINT('',#5787);
#1729=VERTEX_POINT('',#5789);
#1730=VERTEX_POINT('',#5791);
#1731=VERTEX_POINT('',#5793);
#1732=VERTEX_POINT('',#5795);
#1733=VERTEX_POINT('',#5797);
#1734=VERTEX_POINT('',#5800);
#1735=VERTEX_POINT('',#5802);
#1736=VERTEX_POINT('',#5848);
#1737=VERTEX_POINT('',#5850);
#1738=VERTEX_POINT('',#5852);
#1739=VERTEX_POINT('',#5856);
#1740=VERTEX_POINT('',#5860);
#1741=VERTEX_POINT('',#5863);
#1742=VERTEX_POINT('',#5864);
#1743=VERTEX_POINT('',#5866);
#1744=VERTEX_POINT('',#5868);
#1745=VERTEX_POINT('',#5870);
#1746=VERTEX_POINT('',#5872);
#1747=VERTEX_POINT('',#5874);
#1748=VERTEX_POINT('',#5876);
#1749=VERTEX_POINT('',#5880);
#1750=VERTEX_POINT('',#5881);
#1751=VERTEX_POINT('',#5883);
#1752=VERTEX_POINT('',#5885);
#1753=VERTEX_POINT('',#5889);
#1754=VERTEX_POINT('',#5891);
#1755=VERTEX_POINT('',#5895);
#1756=VERTEX_POINT('',#5896);
#1757=VERTEX_POINT('',#5898);
#1758=VERTEX_POINT('',#5900);
#1759=VERTEX_POINT('',#5907);
#1760=VERTEX_POINT('',#5908);
#1761=VERTEX_POINT('',#5910);
#1762=VERTEX_POINT('',#5912);
#1763=VERTEX_POINT('',#5935);
#1764=VERTEX_POINT('',#5937);
#1765=VERTEX_POINT('',#5944);
#1766=VERTEX_POINT('',#5945);
#1767=VERTEX_POINT('',#5949);
#1768=VERTEX_POINT('',#5950);
#1769=VERTEX_POINT('',#5952);
#1770=VERTEX_POINT('',#5954);
#1771=VERTEX_POINT('',#5956);
#1772=VERTEX_POINT('',#5958);
#1773=VERTEX_POINT('',#5960);
#1774=VERTEX_POINT('',#5962);
#1775=VERTEX_POINT('',#5964);
#1776=VERTEX_POINT('',#5966);
#1777=VERTEX_POINT('',#5970);
#1778=VERTEX_POINT('',#5971);
#1779=VERTEX_POINT('',#5974);
#1780=VERTEX_POINT('',#5976);
#1781=VERTEX_POINT('',#5985);
#1782=VERTEX_POINT('',#5986);
#1783=VERTEX_POINT('',#5990);
#1784=VERTEX_POINT('',#5993);
#1785=VERTEX_POINT('',#5994);
#1786=VERTEX_POINT('',#5997);
#1787=VERTEX_POINT('',#5999);
#1788=VERTEX_POINT('',#6008);
#1789=VERTEX_POINT('',#6009);
#1790=VERTEX_POINT('',#6011);
#1791=VERTEX_POINT('',#6013);
#1792=VERTEX_POINT('',#6015);
#1793=VERTEX_POINT('',#6017);
#1794=VERTEX_POINT('',#6021);
#1795=VERTEX_POINT('',#6025);
#1796=VERTEX_POINT('',#6026);
#1797=VERTEX_POINT('',#6028);
#1798=VERTEX_POINT('',#6030);
#1799=VERTEX_POINT('',#6032);
#1800=VERTEX_POINT('',#6034);
#1801=VERTEX_POINT('',#6061);
#1802=VERTEX_POINT('',#6068);
#1803=VERTEX_POINT('',#6075);
#1804=VERTEX_POINT('',#6135);
#1805=VERTEX_POINT('',#6136);
#1806=VERTEX_POINT('',#6138);
#1807=VERTEX_POINT('',#6187);
#1808=VERTEX_POINT('',#6201);
#1809=VERTEX_POINT('',#6203);
#1810=VERTEX_POINT('',#6205);
#1811=VERTEX_POINT('',#6207);
#1812=VERTEX_POINT('',#6211);
#1813=VERTEX_POINT('',#6238);
#1814=VERTEX_POINT('',#6239);
#1815=VERTEX_POINT('',#6241);
#1816=VERTEX_POINT('',#6284);
#1817=VERTEX_POINT('',#6291);
#1818=VERTEX_POINT('',#6302);
#1819=VERTEX_POINT('',#6373);
#1820=VERTEX_POINT('',#6385);
#1821=VERTEX_POINT('',#6414);
#1822=VERTEX_POINT('',#6415);
#1823=VERTEX_POINT('',#6417);
#1824=VERTEX_POINT('',#6460);
#1825=VERTEX_POINT('',#6467);
#1826=VERTEX_POINT('',#6478);
#1827=VERTEX_POINT('',#6543);
#1828=VERTEX_POINT('',#6550);
#1829=VERTEX_POINT('',#6562);
#1830=VERTEX_POINT('',#6564);
#1831=VERTEX_POINT('',#6593);
#1832=VERTEX_POINT('',#6594);
#1833=VERTEX_POINT('',#6601);
#1834=VERTEX_POINT('',#6608);
#1835=VERTEX_POINT('',#6677);
#1836=VERTEX_POINT('',#6684);
#1837=VERTEX_POINT('',#6686);
#1838=VERTEX_POINT('',#6724);
#1839=VERTEX_POINT('',#6738);
#1840=VERTEX_POINT('',#6740);
#1841=VERTEX_POINT('',#6748);
#1842=VERTEX_POINT('',#6752);
#1843=VERTEX_POINT('',#6755);
#1844=VERTEX_POINT('',#6758);
#1845=VERTEX_POINT('',#6762);
#1846=VERTEX_POINT('',#6764);
#1847=VERTEX_POINT('',#6766);
#1848=VERTEX_POINT('',#6770);
#1849=VERTEX_POINT('',#6772);
#1850=VERTEX_POINT('',#6776);
#1851=VERTEX_POINT('',#6782);
#1852=VERTEX_POINT('',#6783);
#1853=VERTEX_POINT('',#6785);
#1854=VERTEX_POINT('',#6787);
#1855=VERTEX_POINT('',#6791);
#1856=VERTEX_POINT('',#6793);
#1857=VERTEX_POINT('',#6812);
#1858=VERTEX_POINT('',#6814);
#1859=VERTEX_POINT('',#6816);
#1860=VERTEX_POINT('',#6818);
#1861=VERTEX_POINT('',#6820);
#1862=VERTEX_POINT('',#6822);
#1863=VERTEX_POINT('',#6826);
#1864=VERTEX_POINT('',#6837);
#1865=VERTEX_POINT('',#6839);
#1866=VERTEX_POINT('',#6843);
#1867=VERTEX_POINT('',#6851);
#1868=VERTEX_POINT('',#6853);
#1869=VERTEX_POINT('',#6859);
#1870=VERTEX_POINT('',#6875);
#1871=VERTEX_POINT('',#6877);
#1872=VERTEX_POINT('',#6907);
#1873=VERTEX_POINT('',#6914);
#1874=VERTEX_POINT('',#6915);
#1875=VERTEX_POINT('',#6920);
#1876=VERTEX_POINT('',#6922);
#1877=VERTEX_POINT('',#6924);
#1878=VERTEX_POINT('',#6926);
#1879=VERTEX_POINT('',#6938);
#1880=VERTEX_POINT('',#6943);
#1881=VERTEX_POINT('',#6945);
#1882=VERTEX_POINT('',#6947);
#1883=VERTEX_POINT('',#6960);
#1884=VERTEX_POINT('',#6965);
#1885=VERTEX_POINT('',#6967);
#1886=VERTEX_POINT('',#6969);
#1887=VERTEX_POINT('',#6981);
#1888=VERTEX_POINT('',#6986);
#1889=VERTEX_POINT('',#6988);
#1890=VERTEX_POINT('',#6990);
#1891=VERTEX_POINT('',#7003);
#1892=VERTEX_POINT('',#7004);
#1893=VERTEX_POINT('',#7009);
#1894=VERTEX_POINT('',#7017);
#1895=VERTEX_POINT('',#7022);
#1896=VERTEX_POINT('',#7024);
#1897=VERTEX_POINT('',#7028);
#1898=VERTEX_POINT('',#7029);
#1899=VERTEX_POINT('',#7034);
#1900=VERTEX_POINT('',#7045);
#1901=VERTEX_POINT('',#7049);
#1902=VERTEX_POINT('',#7054);
#1903=VERTEX_POINT('',#7068);
#1904=VERTEX_POINT('',#7073);
#1905=VERTEX_POINT('',#7101);
#1906=VERTEX_POINT('',#7103);
#1907=VERTEX_POINT('',#7137);
#1908=VERTEX_POINT('',#7163);
#1909=VERTEX_POINT('',#7191);
#1910=VERTEX_POINT('',#7193);
#1911=VERTEX_POINT('',#7198);
#1912=VERTEX_POINT('',#7224);
#1913=VERTEX_POINT('',#7248);
#1914=VERTEX_POINT('',#7250);
#1915=VERTEX_POINT('',#7378);
#1916=VERTEX_POINT('',#7404);
#1917=VERTEX_POINT('',#7422);
#1918=VERTEX_POINT('',#7427);
#1919=VERTEX_POINT('',#7432);
#1920=VERTEX_POINT('',#7443);
#1921=VERTEX_POINT('',#7456);
#1922=VERTEX_POINT('',#7461);
#1923=VERTEX_POINT('',#7478);
#1924=VERTEX_POINT('',#7483);
#1925=VERTEX_POINT('',#7534);
#1926=VERTEX_POINT('',#7539);
#1927=VERTEX_POINT('',#7565);
#1928=VERTEX_POINT('',#7570);
#1929=VERTEX_POINT('',#7572);
#1930=VERTEX_POINT('',#7577);
#1931=VERTEX_POINT('',#7622);
#1932=VERTEX_POINT('',#7627);
#1933=VERTEX_POINT('',#7629);
#1934=VERTEX_POINT('',#7756);
#1935=VERTEX_POINT('',#7761);
#1936=VERTEX_POINT('',#7763);
#1937=VERTEX_POINT('',#7894);
#1938=VERTEX_POINT('',#7895);
#1939=VERTEX_POINT('',#7910);
#1940=VERTEX_POINT('',#7922);
#1941=VERTEX_POINT('',#7946);
#1942=VERTEX_POINT('',#8021);
#1943=VERTEX_POINT('',#8022);
#1944=VERTEX_POINT('',#8056);
#1945=VERTEX_POINT('',#8099);
#1946=VERTEX_POINT('',#8119);
#1947=VERTEX_POINT('',#8277);
#1948=EDGE_CURVE('',#1552,#1553,#726,.F.);
#1949=EDGE_CURVE('',#1553,#1554,#727,.T.);
#1950=EDGE_CURVE('',#1554,#1555,#728,.F.);
#1951=EDGE_CURVE('',#1556,#1555,#729,.T.);
#1952=EDGE_CURVE('',#1556,#1552,#730,.T.);
#1953=EDGE_CURVE('',#1554,#1557,#731,.T.);
#1954=EDGE_CURVE('',#1558,#1557,#732,.T.);
#1955=EDGE_CURVE('',#1559,#1558,#733,.T.);
#1956=EDGE_CURVE('',#1559,#1560,#255,.T.);
#1957=EDGE_CURVE('',#1560,#1561,#256,.T.);
#1958=EDGE_CURVE('',#1562,#1561,#734,.T.);
#1959=EDGE_CURVE('',#1563,#1562,#735,.T.);
#1960=EDGE_CURVE('',#1564,#1563,#736,.T.);
#1961=EDGE_CURVE('',#1565,#1564,#737,.T.);
#1962=EDGE_CURVE('',#1566,#1565,#738,.T.);
#1963=EDGE_CURVE('',#1566,#1567,#257,.T.);
#1964=EDGE_CURVE('',#1568,#1567,#739,.T.);
#1965=EDGE_CURVE('',#1569,#1568,#740,.T.);
#1966=EDGE_CURVE('',#1569,#1570,#741,.T.);
#1967=EDGE_CURVE('',#1571,#1570,#742,.F.);
#1968=EDGE_CURVE('',#1572,#1571,#743,.T.);
#1969=EDGE_CURVE('',#1573,#1572,#744,.T.);
#1970=EDGE_CURVE('',#1555,#1573,#745,.T.);
#1971=EDGE_CURVE('',#1574,#1573,#746,.T.);
#1972=EDGE_CURVE('',#1574,#1575,#135,.T.);
#1973=EDGE_CURVE('',#1576,#1575,#747,.T.);
#1974=EDGE_CURVE('',#1576,#1577,#748,.T.);
#1975=EDGE_CURVE('',#1578,#1577,#749,.T.);
#1976=EDGE_CURVE('',#1578,#1579,#750,.T.);
#1977=EDGE_CURVE('',#1556,#1579,#751,.T.);
#1978=EDGE_CURVE('',#1580,#1581,#752,.T.);
#1979=EDGE_CURVE('',#1582,#1581,#753,.T.);
#1980=EDGE_CURVE('',#1582,#1583,#754,.T.);
#1981=EDGE_CURVE('',#1583,#1584,#755,.F.);
#1982=EDGE_CURVE('',#1584,#1580,#756,.T.);
#1983=EDGE_CURVE('',#1571,#1580,#757,.T.);
#1984=EDGE_CURVE('',#1585,#1584,#758,.T.);
#1985=EDGE_CURVE('',#1586,#1585,#759,.T.);
#1986=EDGE_CURVE('',#1586,#1587,#760,.T.);
#1987=EDGE_CURVE('',#1588,#1587,#761,.T.);
#1988=EDGE_CURVE('',#1588,#1589,#136,.T.);
#1989=EDGE_CURVE('',#1572,#1589,#762,.T.);
#1990=EDGE_CURVE('',#1590,#1591,#763,.T.);
#1991=EDGE_CURVE('',#1592,#1590,#764,.T.);
#1992=EDGE_CURVE('',#1593,#1592,#765,.T.);
#1993=EDGE_CURVE('',#1594,#1593,#766,.T.);
#1994=EDGE_CURVE('',#1595,#1594,#767,.T.);
#1995=EDGE_CURVE('',#1596,#1595,#768,.T.);
#1996=EDGE_CURVE('',#1597,#1596,#769,.T.);
#1997=EDGE_CURVE('',#1597,#1591,#770,.T.);
#1998=EDGE_CURVE('',#1598,#1599,#771,.T.);
#1999=EDGE_CURVE('',#1599,#1600,#772,.T.);
#2000=EDGE_CURVE('',#1598,#1600,#773,.T.);
#2001=EDGE_CURVE('',#1599,#1601,#774,.T.);
#2002=EDGE_CURVE('',#1602,#1601,#775,.T.);
#2003=EDGE_CURVE('',#1600,#1602,#776,.T.);
#2004=EDGE_CURVE('',#1603,#1578,#777,.T.);
#2005=EDGE_CURVE('',#1604,#1603,#778,.T.);
#2006=EDGE_CURVE('',#1604,#1605,#779,.T.);
#2007=EDGE_CURVE('',#1605,#1606,#780,.T.);
#2008=EDGE_CURVE('',#1606,#1607,#781,.T.);
#2009=EDGE_CURVE('',#1607,#1608,#782,.T.);
#2010=EDGE_CURVE('',#1608,#1609,#783,.T.);
#2011=EDGE_CURVE('',#1609,#1610,#784,.T.);
#2012=EDGE_CURVE('',#1611,#1610,#785,.T.);
#2013=EDGE_CURVE('',#1612,#1611,#786,.T.);
#2014=EDGE_CURVE('',#1613,#1612,#787,.T.);
#2015=EDGE_CURVE('',#1614,#1613,#788,.T.);
#2016=EDGE_CURVE('',#1615,#1614,#789,.T.);
#2017=EDGE_CURVE('',#1616,#1615,#790,.T.);
#2018=EDGE_CURVE('',#1617,#1616,#791,.F.);
#2019=EDGE_CURVE('',#1617,#1618,#792,.T.);
#2020=EDGE_CURVE('',#1585,#1618,#793,.T.);
#2021=EDGE_CURVE('',#1619,#1583,#794,.T.);
#2022=EDGE_CURVE('',#1620,#1619,#795,.T.);
#2023=EDGE_CURVE('',#1621,#1620,#796,.T.);
#2024=EDGE_CURVE('',#1622,#1621,#797,.T.);
#2025=EDGE_CURVE('',#1623,#1622,#798,.T.);
#2026=EDGE_CURVE('',#1623,#1579,#799,.T.);
#2027=EDGE_CURVE('',#1624,#1624,#106,.T.);
#2028=EDGE_CURVE('',#1625,#1625,#107,.T.);
#2029=EDGE_CURVE('',#1626,#1626,#108,.T.);
#2030=EDGE_CURVE('',#1627,#1627,#109,.T.);
#2031=EDGE_CURVE('',#1591,#1628,#800,.T.);
#2032=EDGE_CURVE('',#1628,#1598,#801,.T.);
#2033=EDGE_CURVE('',#1602,#1629,#802,.T.);
#2034=EDGE_CURVE('',#1629,#1630,#803,.T.);
#2035=EDGE_CURVE('',#1630,#1595,#804,.T.);
#2036=EDGE_CURVE('',#1594,#1631,#805,.T.);
#2037=EDGE_CURVE('',#1631,#1632,#806,.T.);
#2038=EDGE_CURVE('',#1632,#1633,#807,.T.);
#2039=EDGE_CURVE('',#1633,#1634,#808,.T.);
#2040=EDGE_CURVE('',#1634,#1635,#809,.T.);
#2041=EDGE_CURVE('',#1635,#1636,#810,.T.);
#2042=EDGE_CURVE('',#1636,#1637,#811,.T.);
#2043=EDGE_CURVE('',#1637,#1638,#812,.T.);
#2044=EDGE_CURVE('',#1638,#1639,#813,.T.);
#2045=EDGE_CURVE('',#1639,#1640,#814,.T.);
#2046=EDGE_CURVE('',#1640,#1590,#815,.T.);
#2047=EDGE_CURVE('',#1601,#1629,#816,.T.);
#2048=EDGE_CURVE('',#1641,#1603,#817,.F.);
#2049=EDGE_CURVE('',#1642,#1641,#818,.F.);
#2050=EDGE_CURVE('',#1643,#1642,#819,.F.);
#2051=EDGE_CURVE('',#1644,#1643,#820,.F.);
#2052=EDGE_CURVE('',#1645,#1644,#821,.F.);
#2053=EDGE_CURVE('',#1646,#1645,#822,.F.);
#2054=EDGE_CURVE('',#1618,#1646,#823,.F.);
#2055=EDGE_CURVE('',#1617,#1647,#824,.T.);
#2056=EDGE_CURVE('',#1648,#1647,#825,.T.);
#2057=EDGE_CURVE('',#1649,#1648,#826,.F.);
#2058=EDGE_CURVE('',#1649,#1650,#827,.F.);
#2059=EDGE_CURVE('',#1651,#1650,#828,.F.);
#2060=EDGE_CURVE('',#1651,#1652,#829,.F.);
#2061=EDGE_CURVE('',#1653,#1652,#830,.F.);
#2062=EDGE_CURVE('',#1653,#1654,#831,.F.);
#2063=EDGE_CURVE('',#1655,#1654,#832,.F.);
#2064=EDGE_CURVE('',#1656,#1655,#833,.T.);
#2065=EDGE_CURVE('',#1656,#1604,#834,.T.);
#2066=EDGE_CURVE('',#1623,#1657,#835,.T.);
#2067=EDGE_CURVE('',#1552,#1657,#836,.F.);
#2068=EDGE_CURVE('',#1658,#1656,#837,.T.);
#2069=EDGE_CURVE('',#1605,#1658,#838,.T.);
#2070=EDGE_CURVE('',#1659,#1655,#839,.F.);
#2071=EDGE_CURVE('',#1660,#1659,#840,.F.);
#2072=EDGE_CURVE('',#1648,#1660,#841,.F.);
#2073=EDGE_CURVE('',#1661,#1647,#842,.T.);
#2074=EDGE_CURVE('',#1662,#1661,#843,.F.);
#2075=EDGE_CURVE('',#1662,#1663,#844,.T.);
#2076=EDGE_CURVE('',#1663,#1658,#845,.T.);
#2077=EDGE_CURVE('',#1664,#1553,#846,.T.);
#2078=EDGE_CURVE('',#1664,#1557,#847,.T.);
#2079=EDGE_CURVE('',#1570,#1665,#848,.T.);
#2080=EDGE_CURVE('',#1665,#1581,#849,.F.);
#2081=EDGE_CURVE('',#1616,#1661,#850,.F.);
#2082=EDGE_CURVE('',#1665,#1666,#851,.T.);
#2083=EDGE_CURVE('',#1666,#1667,#852,.T.);
#2084=EDGE_CURVE('',#1667,#1668,#853,.T.);
#2085=EDGE_CURVE('',#1668,#1669,#854,.T.);
#2086=EDGE_CURVE('',#1669,#1670,#855,.T.);
#2087=EDGE_CURVE('',#1670,#1582,#856,.T.);
#2088=EDGE_CURVE('',#1671,#1671,#110,.T.);
#2089=EDGE_CURVE('',#1657,#1672,#857,.T.);
#2090=EDGE_CURVE('',#1672,#1673,#858,.T.);
#2091=EDGE_CURVE('',#1673,#1674,#859,.T.);
#2092=EDGE_CURVE('',#1674,#1675,#860,.T.);
#2093=EDGE_CURVE('',#1675,#1664,#861,.T.);
#2094=EDGE_CURVE('',#1676,#1676,#111,.T.);
#2095=EDGE_CURVE('',#1677,#1678,#137,.T.);
#2096=EDGE_CURVE('',#1679,#1677,#862,.T.);
#2097=EDGE_CURVE('',#1680,#1679,#258,.T.);
#2098=EDGE_CURVE('',#1681,#1680,#112,.T.);
#2099=EDGE_CURVE('',#1682,#1681,#259,.T.);
#2100=EDGE_CURVE('',#1682,#1683,#863,.T.);
#2101=EDGE_CURVE('',#1684,#1683,#260,.T.);
#2102=EDGE_CURVE('',#1685,#1684,#113,.T.);
#2103=EDGE_CURVE('',#1686,#1685,#261,.T.);
#2104=EDGE_CURVE('',#1687,#1686,#864,.T.);
#2105=EDGE_CURVE('',#1678,#1687,#138,.T.);
#2106=EDGE_CURVE('',#1688,#1689,#139,.T.);
#2107=EDGE_CURVE('',#1688,#1690,#865,.T.);
#2108=EDGE_CURVE('',#1691,#1690,#262,.T.);
#2109=EDGE_CURVE('',#1692,#1691,#114,.T.);
#2110=EDGE_CURVE('',#1693,#1692,#263,.T.);
#2111=EDGE_CURVE('',#1694,#1693,#866,.T.);
#2112=EDGE_CURVE('',#1695,#1694,#264,.T.);
#2113=EDGE_CURVE('',#1696,#1695,#115,.T.);
#2114=EDGE_CURVE('',#1697,#1696,#265,.T.);
#2115=EDGE_CURVE('',#1697,#1689,#867,.T.);
#2116=EDGE_CURVE('',#1677,#1698,#140,.T.);
#2117=EDGE_CURVE('',#1698,#1699,#868,.T.);
#2118=EDGE_CURVE('',#1679,#1699,#266,.T.);
#2119=EDGE_CURVE('',#1688,#1700,#141,.T.);
#2120=EDGE_CURVE('',#1701,#1700,#869,.T.);
#2121=EDGE_CURVE('',#1690,#1701,#267,.T.);
#2122=EDGE_CURVE('',#1561,#1559,#268,.T.);
#2123=EDGE_CURVE('',#1560,#1678,#870,.T.);
#2124=EDGE_CURVE('',#1702,#1687,#142,.T.);
#2125=EDGE_CURVE('',#1698,#1702,#269,.F.);
#2126=EDGE_CURVE('',#1703,#1558,#871,.T.);
#2127=EDGE_CURVE('',#1703,#1704,#872,.T.);
#2128=EDGE_CURVE('',#1704,#1562,#873,.T.);
#2129=EDGE_CURVE('',#1567,#1705,#270,.T.);
#2130=EDGE_CURVE('',#1705,#1566,#271,.T.);
#2131=EDGE_CURVE('',#1705,#1706,#874,.T.);
#2132=EDGE_CURVE('',#1700,#1706,#272,.F.);
#2133=EDGE_CURVE('',#1707,#1689,#143,.T.);
#2134=EDGE_CURVE('',#1706,#1707,#273,.F.);
#2135=EDGE_CURVE('',#1708,#1565,#875,.T.);
#2136=EDGE_CURVE('',#1708,#1709,#876,.T.);
#2137=EDGE_CURVE('',#1709,#1568,#877,.T.);
#2138=EDGE_CURVE('',#1710,#1686,#274,.T.);
#2139=EDGE_CURVE('',#1710,#1702,#878,.T.);
#2140=EDGE_CURVE('',#1707,#1711,#879,.T.);
#2141=EDGE_CURVE('',#1711,#1699,#880,.T.);
#2142=EDGE_CURVE('',#1701,#1710,#881,.T.);
#2143=EDGE_CURVE('',#1675,#1703,#882,.T.);
#2144=EDGE_CURVE('',#1704,#1712,#883,.T.);
#2145=EDGE_CURVE('',#1712,#1563,#884,.T.);
#2146=EDGE_CURVE('',#1712,#1713,#885,.T.);
#2147=EDGE_CURVE('',#1713,#1564,#886,.T.);
#2148=EDGE_CURVE('',#1713,#1708,#887,.T.);
#2149=EDGE_CURVE('',#1709,#1667,#888,.T.);
#2150=EDGE_CURVE('',#1569,#1666,#889,.T.);
#2151=EDGE_CURVE('',#1672,#1622,#890,.T.);
#2152=EDGE_CURVE('',#1670,#1619,#891,.F.);
#2153=EDGE_CURVE('',#1714,#1636,#892,.T.);
#2154=EDGE_CURVE('',#1714,#1715,#893,.T.);
#2155=EDGE_CURVE('',#1715,#1637,#894,.T.);
#2156=EDGE_CURVE('',#1715,#1716,#895,.T.);
#2157=EDGE_CURVE('',#1716,#1638,#896,.T.);
#2158=EDGE_CURVE('',#1716,#1717,#897,.T.);
#2159=EDGE_CURVE('',#1717,#1639,#898,.T.);
#2160=EDGE_CURVE('',#1717,#1718,#899,.T.);
#2161=EDGE_CURVE('',#1718,#1640,#900,.T.);
#2162=EDGE_CURVE('',#1718,#1592,#901,.T.);
#2163=EDGE_CURVE('',#1593,#1719,#902,.T.);
#2164=EDGE_CURVE('',#1719,#1631,#903,.T.);
#2165=EDGE_CURVE('',#1719,#1720,#904,.T.);
#2166=EDGE_CURVE('',#1720,#1632,#905,.T.);
#2167=EDGE_CURVE('',#1720,#1721,#906,.T.);
#2168=EDGE_CURVE('',#1721,#1633,#907,.T.);
#2169=EDGE_CURVE('',#1721,#1722,#908,.T.);
#2170=EDGE_CURVE('',#1722,#1634,#909,.T.);
#2171=EDGE_CURVE('',#1722,#1723,#910,.T.);
#2172=EDGE_CURVE('',#1723,#1635,#911,.T.);
#2173=EDGE_CURVE('',#1723,#1714,#912,.T.);
#2174=EDGE_CURVE('',#1662,#1724,#913,.T.);
#2175=EDGE_CURVE('',#1724,#1725,#914,.T.);
#2176=EDGE_CURVE('',#1725,#1726,#915,.T.);
#2177=EDGE_CURVE('',#1726,#1727,#916,.T.);
#2178=EDGE_CURVE('',#1727,#1728,#917,.T.);
#2179=EDGE_CURVE('',#1728,#1729,#918,.T.);
#2180=EDGE_CURVE('',#1729,#1730,#919,.T.);
#2181=EDGE_CURVE('',#1730,#1731,#920,.T.);
#2182=EDGE_CURVE('',#1731,#1732,#921,.T.);
#2183=EDGE_CURVE('',#1732,#1733,#922,.T.);
#2184=EDGE_CURVE('',#1733,#1663,#923,.T.);
#2185=EDGE_CURVE('',#1734,#1734,#116,.T.);
#2186=EDGE_CURVE('',#1735,#1735,#117,.T.);
#2187=EDGE_CURVE('',#1703,#1674,#924,.T.);
#2188=EDGE_CURVE('',#1704,#1673,#925,.T.);
#2189=EDGE_CURVE('',#1712,#1621,#926,.T.);
#2190=EDGE_CURVE('',#1713,#1620,#927,.T.);
#2191=EDGE_CURVE('',#1708,#1669,#928,.T.);
#2192=EDGE_CURVE('',#1709,#1668,#929,.T.);
#2193=EDGE_CURVE('',#1735,#1624,#930,.T.);
#2194=EDGE_CURVE('',#1671,#1625,#931,.T.);
#2195=EDGE_CURVE('',#1676,#1626,#932,.T.);
#2196=EDGE_CURVE('',#1734,#1627,#933,.T.);
#2197=EDGE_CURVE('',#1606,#1733,#934,.T.);
#2198=EDGE_CURVE('',#1607,#1732,#935,.T.);
#2199=EDGE_CURVE('',#1608,#1731,#936,.T.);
#2200=EDGE_CURVE('',#1609,#1730,#937,.T.);
#2201=EDGE_CURVE('',#1610,#1729,#938,.T.);
#2202=EDGE_CURVE('',#1611,#1728,#939,.T.);
#2203=EDGE_CURVE('',#1612,#1727,#940,.T.);
#2204=EDGE_CURVE('',#1613,#1726,#941,.T.);
#2205=EDGE_CURVE('',#1614,#1725,#942,.T.);
#2206=EDGE_CURVE('',#1615,#1724,#943,.T.);
#2207=EDGE_CURVE('',#1736,#1597,#944,.T.);
#2208=EDGE_CURVE('',#1737,#1736,#945,.T.);
#2209=EDGE_CURVE('',#1738,#1737,#946,.T.);
#2210=EDGE_CURVE('',#1628,#1738,#947,.T.);
#2211=EDGE_CURVE('',#1739,#1596,#948,.T.);
#2212=EDGE_CURVE('',#1736,#1739,#949,.T.);
#2213=EDGE_CURVE('',#1740,#1738,#950,.F.);
#2214=EDGE_CURVE('',#1630,#1740,#951,.T.);
#2215=EDGE_CURVE('',#1741,#1742,#952,.T.);
#2216=EDGE_CURVE('',#1743,#1742,#953,.T.);
#2217=EDGE_CURVE('',#1743,#1744,#954,.T.);
#2218=EDGE_CURVE('',#1745,#1744,#955,.T.);
#2219=EDGE_CURVE('',#1745,#1746,#956,.T.);
#2220=EDGE_CURVE('',#1747,#1746,#957,.T.);
#2221=EDGE_CURVE('',#1747,#1748,#958,.T.);
#2222=EDGE_CURVE('',#1741,#1748,#959,.T.);
#2223=EDGE_CURVE('',#1749,#1750,#960,.T.);
#2224=EDGE_CURVE('',#1750,#1751,#961,.T.);
#2225=EDGE_CURVE('',#1751,#1752,#962,.T.);
#2226=EDGE_CURVE('',#1752,#1749,#963,.T.);
#2227=EDGE_CURVE('',#1753,#1750,#964,.T.);
#2228=EDGE_CURVE('',#1754,#1753,#965,.T.);
#2229=EDGE_CURVE('',#1751,#1754,#966,.T.);
#2230=EDGE_CURVE('',#1755,#1756,#967,.T.);
#2231=EDGE_CURVE('',#1756,#1757,#968,.T.);
#2232=EDGE_CURVE('',#1757,#1758,#969,.T.);
#2233=EDGE_CURVE('',#1758,#1755,#970,.T.);
#2234=EDGE_CURVE('',#1757,#1752,#971,.T.);
#2235=EDGE_CURVE('',#1749,#1756,#972,.T.);
#2236=EDGE_CURVE('',#1759,#1760,#973,.T.);
#2237=EDGE_CURVE('',#1760,#1761,#974,.T.);
#2238=EDGE_CURVE('',#1761,#1762,#975,.T.);
#2239=EDGE_CURVE('',#1762,#1759,#976,.T.);
#2240=EDGE_CURVE('',#1761,#1758,#977,.T.);
#2241=EDGE_CURVE('',#1755,#1760,#978,.T.);
#2242=EDGE_CURVE('',#1748,#1659,#979,.T.);
#2243=EDGE_CURVE('',#1654,#1741,#980,.T.);
#2244=EDGE_CURVE('',#1660,#1747,#981,.T.);
#2245=EDGE_CURVE('',#1746,#1649,#982,.T.);
#2246=EDGE_CURVE('',#1650,#1745,#983,.T.);
#2247=EDGE_CURVE('',#1744,#1651,#984,.T.);
#2248=EDGE_CURVE('',#1652,#1743,#985,.T.);
#2249=EDGE_CURVE('',#1742,#1653,#986,.T.);
#2250=EDGE_CURVE('',#1753,#1763,#987,.T.);
#2251=EDGE_CURVE('',#1763,#1764,#988,.T.);
#2252=EDGE_CURVE('',#1764,#1754,#989,.T.);
#2253=EDGE_CURVE('',#1764,#1762,#990,.T.);
#2254=EDGE_CURVE('',#1759,#1763,#991,.T.);
#2255=EDGE_CURVE('',#1765,#1766,#992,.T.);
#2256=EDGE_CURVE('',#1577,#1765,#993,.T.);
#2257=EDGE_CURVE('',#1766,#1576,#994,.T.);
#2258=EDGE_CURVE('',#1767,#1768,#995,.T.);
#2259=EDGE_CURVE('',#1768,#1769,#996,.T.);
#2260=EDGE_CURVE('',#1769,#1770,#997,.T.);
#2261=EDGE_CURVE('',#1770,#1771,#998,.T.);
#2262=EDGE_CURVE('',#1771,#1772,#999,.T.);
#2263=EDGE_CURVE('',#1772,#1773,#1000,.T.);
#2264=EDGE_CURVE('',#1773,#1774,#1001,.T.);
#2265=EDGE_CURVE('',#1774,#1775,#1002,.T.);
#2266=EDGE_CURVE('',#1775,#1776,#1003,.T.);
#2267=EDGE_CURVE('',#1776,#1767,#1004,.T.);
#2268=EDGE_CURVE('',#1777,#1778,#1005,.T.);
#2269=EDGE_CURVE('',#1765,#1778,#1006,.T.);
#2270=EDGE_CURVE('',#1779,#1766,#1007,.T.);
#2271=EDGE_CURVE('',#1779,#1780,#144,.T.);
#2272=EDGE_CURVE('',#1777,#1780,#1008,.T.);
#2273=EDGE_CURVE('',#1781,#1782,#1009,.T.);
#2274=EDGE_CURVE('',#1778,#1781,#1010,.T.);
#2275=EDGE_CURVE('',#1782,#1777,#1011,.T.);
#2276=EDGE_CURVE('',#1783,#1783,#118,.T.);
#2277=EDGE_CURVE('',#1784,#1785,#1012,.T.);
#2278=EDGE_CURVE('',#1781,#1785,#1013,.T.);
#2279=EDGE_CURVE('',#1786,#1782,#1014,.T.);
#2280=EDGE_CURVE('',#1786,#1787,#145,.T.);
#2281=EDGE_CURVE('',#1784,#1787,#1015,.T.);
#2282=EDGE_CURVE('',#1788,#1789,#1016,.T.);
#2283=EDGE_CURVE('',#1788,#1790,#1017,.T.);
#2284=EDGE_CURVE('',#1791,#1790,#1018,.F.);
#2285=EDGE_CURVE('',#1792,#1791,#1019,.T.);
#2286=EDGE_CURVE('',#1793,#1792,#52,.T.);
#2287=EDGE_CURVE('',#1794,#1793,#1020,.T.);
#2288=EDGE_CURVE('',#1789,#1794,#1021,.T.);
#2289=EDGE_CURVE('',#1795,#1796,#1022,.T.);
#2290=EDGE_CURVE('',#1795,#1797,#1023,.T.);
#2291=EDGE_CURVE('',#1798,#1797,#1024,.F.);
#2292=EDGE_CURVE('',#1799,#1798,#1025,.T.);
#2293=EDGE_CURVE('',#1800,#1799,#1026,.F.);
#2294=EDGE_CURVE('',#1796,#1800,#1027,.T.);
#2295=EDGE_CURVE('',#1801,#1770,#146,.T.);
#2296=EDGE_CURVE('',#1770,#1802,#147,.T.);
#2297=EDGE_CURVE('',#1802,#1803,#148,.T.);
#2298=EDGE_CURVE('',#1803,#1801,#149,.T.);
#2299=EDGE_CURVE('',#1804,#1805,#119,.T.);
#2300=EDGE_CURVE('',#1805,#1806,#150,.T.);
#2301=EDGE_CURVE('',#1806,#1804,#151,.T.);
#2302=EDGE_CURVE('',#1802,#1805,#152,.T.);
#2303=EDGE_CURVE('',#1804,#1807,#153,.T.);
#2304=EDGE_CURVE('',#1807,#1803,#154,.T.);
#2305=EDGE_CURVE('',#1804,#1808,#1028,.T.);
#2306=EDGE_CURVE('',#1809,#1808,#275,.T.);
#2307=EDGE_CURVE('',#1810,#1809,#120,.T.);
#2308=EDGE_CURVE('',#1811,#1810,#276,.T.);
#2309=EDGE_CURVE('',#1807,#1811,#1029,.T.);
#2310=EDGE_CURVE('',#1812,#1806,#1030,.T.);
#2311=EDGE_CURVE('',#1808,#1812,#277,.T.);
#2312=EDGE_CURVE('',#1813,#1814,#121,.T.);
#2313=EDGE_CURVE('',#1814,#1815,#155,.T.);
#2314=EDGE_CURVE('',#1815,#1813,#156,.T.);
#2315=EDGE_CURVE('',#1816,#1814,#157,.T.);
#2316=EDGE_CURVE('',#1813,#1817,#158,.T.);
#2317=EDGE_CURVE('',#1817,#1818,#159,.T.);
#2318=EDGE_CURVE('',#1818,#1816,#160,.T.);
#2319=EDGE_CURVE('',#1817,#1769,#161,.T.);
#2320=EDGE_CURVE('',#1769,#1819,#162,.T.);
#2321=EDGE_CURVE('',#1818,#1819,#163,.T.);
#2322=EDGE_CURVE('',#1820,#1768,#278,.T.);
#2323=EDGE_CURVE('',#1820,#1816,#1031,.T.);
#2324=EDGE_CURVE('',#1815,#1769,#1032,.T.);
#2325=EDGE_CURVE('',#1821,#1822,#122,.T.);
#2326=EDGE_CURVE('',#1822,#1823,#164,.T.);
#2327=EDGE_CURVE('',#1823,#1821,#165,.T.);
#2328=EDGE_CURVE('',#1824,#1822,#166,.T.);
#2329=EDGE_CURVE('',#1821,#1825,#167,.T.);
#2330=EDGE_CURVE('',#1825,#1826,#168,.T.);
#2331=EDGE_CURVE('',#1826,#1824,#169,.T.);
#2332=EDGE_CURVE('',#1825,#1827,#170,.T.);
#2333=EDGE_CURVE('',#1827,#1828,#171,.T.);
#2334=EDGE_CURVE('',#1826,#1828,#172,.T.);
#2335=EDGE_CURVE('',#1829,#1827,#1033,.T.);
#2336=EDGE_CURVE('',#1830,#1829,#279,.T.);
#2337=EDGE_CURVE('',#1824,#1830,#1034,.T.);
#2338=EDGE_CURVE('',#1823,#1827,#1035,.T.);
#2339=EDGE_CURVE('',#1831,#1832,#173,.T.);
#2340=EDGE_CURVE('',#1832,#1833,#174,.T.);
#2341=EDGE_CURVE('',#1833,#1834,#175,.T.);
#2342=EDGE_CURVE('',#1834,#1831,#176,.T.);
#2343=EDGE_CURVE('',#1833,#1835,#177,.T.);
#2344=EDGE_CURVE('',#1835,#1836,#123,.T.);
#2345=EDGE_CURVE('',#1836,#1837,#178,.T.);
#2346=EDGE_CURVE('',#1837,#1834,#179,.T.);
#2347=EDGE_CURVE('',#1835,#1838,#180,.T.);
#2348=EDGE_CURVE('',#1838,#1836,#181,.T.);
#2349=EDGE_CURVE('',#1838,#1839,#1036,.T.);
#2350=EDGE_CURVE('',#1840,#1839,#280,.T.);
#2351=EDGE_CURVE('',#1840,#1836,#1037,.T.);
#2352=EDGE_CURVE('',#1832,#1838,#1038,.T.);
#2353=EDGE_CURVE('',#1770,#1806,#1039,.T.);
#2354=EDGE_CURVE('',#1815,#1841,#1040,.T.);
#2355=EDGE_CURVE('',#1839,#1841,#1041,.T.);
#2356=EDGE_CURVE('',#1827,#1832,#1042,.T.);
#2357=EDGE_CURVE('',#1842,#1823,#1043,.T.);
#2358=EDGE_CURVE('',#1842,#1812,#1044,.T.);
#2359=EDGE_CURVE('',#1843,#1843,#124,.T.);
#2360=EDGE_CURVE('',#1822,#1844,#1045,.T.);
#2361=EDGE_CURVE('',#1842,#1844,#281,.T.);
#2362=EDGE_CURVE('',#1845,#1840,#282,.T.);
#2363=EDGE_CURVE('',#1846,#1845,#125,.T.);
#2364=EDGE_CURVE('',#1847,#1846,#283,.T.);
#2365=EDGE_CURVE('',#1847,#1837,#1046,.T.);
#2366=EDGE_CURVE('',#1848,#1830,#284,.T.);
#2367=EDGE_CURVE('',#1849,#1848,#126,.T.);
#2368=EDGE_CURVE('',#1844,#1849,#285,.T.);
#2369=EDGE_CURVE('',#1850,#1847,#286,.T.);
#2370=EDGE_CURVE('',#1832,#1850,#1047,.T.);
#2371=EDGE_CURVE('',#1771,#1811,#287,.T.);
#2372=EDGE_CURVE('',#1851,#1852,#127,.T.);
#2373=EDGE_CURVE('',#1853,#1851,#1048,.T.);
#2374=EDGE_CURVE('',#1854,#1853,#128,.T.);
#2375=EDGE_CURVE('',#1852,#1854,#1049,.T.);
#2376=EDGE_CURVE('',#1855,#1854,#1050,.T.);
#2377=EDGE_CURVE('',#1856,#1855,#1051,.T.);
#2378=EDGE_CURVE('',#1852,#1856,#1052,.T.);
#2379=EDGE_CURVE('',#1785,#1586,#1053,.T.);
#2380=EDGE_CURVE('',#1586,#1646,#1054,.T.);
#2381=EDGE_CURVE('',#1645,#1785,#1055,.T.);
#2382=EDGE_CURVE('',#1643,#1778,#1056,.T.);
#2383=EDGE_CURVE('',#1781,#1644,#1057,.T.);
#2384=EDGE_CURVE('',#1641,#1577,#1058,.T.);
#2385=EDGE_CURVE('',#1765,#1642,#1059,.T.);
#2386=EDGE_CURVE('',#1587,#1784,#1060,.T.);
#2387=EDGE_CURVE('',#1850,#1857,#1061,.T.);
#2388=EDGE_CURVE('',#1857,#1858,#1062,.T.);
#2389=EDGE_CURVE('',#1858,#1859,#1063,.T.);
#2390=EDGE_CURVE('',#1859,#1860,#1064,.T.);
#2391=EDGE_CURVE('',#1860,#1861,#1065,.T.);
#2392=EDGE_CURVE('',#1861,#1862,#1066,.T.);
#2393=EDGE_CURVE('',#1862,#1829,#1067,.T.);
#2394=EDGE_CURVE('',#1783,#1863,#1068,.T.);
#2395=EDGE_CURVE('',#1863,#1863,#129,.T.);
#2396=EDGE_CURVE('',#1863,#1843,#1069,.T.);
#2397=EDGE_CURVE('',#1790,#1800,#1070,.T.);
#2398=EDGE_CURVE('',#1799,#1791,#1071,.T.);
#2399=EDGE_CURVE('',#1796,#1788,#1072,.T.);
#2400=EDGE_CURVE('',#1797,#1864,#1073,.T.);
#2401=EDGE_CURVE('',#1864,#1865,#1074,.F.);
#2402=EDGE_CURVE('',#1865,#1798,#1075,.T.);
#2403=EDGE_CURVE('',#1866,#1795,#1076,.T.);
#2404=EDGE_CURVE('',#1866,#1864,#1077,.T.);
#2405=EDGE_CURVE('',#1849,#1809,#1078,.T.);
#2406=EDGE_CURVE('',#1862,#1848,#1079,.T.);
#2407=EDGE_CURVE('',#1841,#1867,#288,.T.);
#2408=EDGE_CURVE('',#1867,#1868,#289,.T.);
#2409=EDGE_CURVE('',#1845,#1868,#1080,.T.);
#2410=EDGE_CURVE('',#1857,#1846,#1081,.T.);
#2411=EDGE_CURVE('',#1868,#1869,#130,.T.);
#2412=EDGE_CURVE('',#1869,#1767,#1082,.T.);
#2413=EDGE_CURVE('',#1681,#1776,#1083,.T.);
#2414=EDGE_CURVE('',#1696,#1680,#1084,.T.);
#2415=EDGE_CURVE('',#1858,#1695,#1085,.T.);
#2416=EDGE_CURVE('',#1860,#1693,#290,.T.);
#2417=EDGE_CURVE('',#1694,#1859,#291,.T.);
#2418=EDGE_CURVE('',#1711,#1697,#292,.T.);
#2419=EDGE_CURVE('',#1861,#1692,#1086,.T.);
#2420=EDGE_CURVE('',#1691,#1685,#1087,.T.);
#2421=EDGE_CURVE('',#1684,#1773,#1088,.T.);
#2422=EDGE_CURVE('',#1810,#1772,#1089,.T.);
#2423=EDGE_CURVE('',#1865,#1870,#1090,.T.);
#2424=EDGE_CURVE('',#1870,#1871,#131,.T.);
#2425=EDGE_CURVE('',#1871,#1855,#1091,.T.);
#2426=EDGE_CURVE('',#1853,#1794,#1092,.T.);
#2427=EDGE_CURVE('',#1793,#1792,#132,.T.);
#2428=EDGE_CURVE('',#1867,#1814,#1093,.T.);
#2429=EDGE_CURVE('',#1869,#1820,#293,.T.);
#2430=EDGE_CURVE('',#1775,#1682,#294,.T.);
#2431=EDGE_CURVE('',#1683,#1774,#295,.T.);
#2432=EDGE_CURVE('',#1789,#1851,#1094,.T.);
#2433=EDGE_CURVE('',#1870,#1871,#53,.T.);
#2434=EDGE_CURVE('',#1856,#1866,#1095,.T.);
#2435=EDGE_CURVE('',#1739,#1872,#1096,.T.);
#2436=EDGE_CURVE('',#1740,#1872,#1097,.T.);
#2437=EDGE_CURVE('',#1872,#1737,#1098,.T.);
#2438=EDGE_CURVE('',#1873,#1874,#182,.T.);
#2439=EDGE_CURVE('',#1875,#1873,#1099,.T.);
#2440=EDGE_CURVE('',#1876,#1875,#1100,.T.);
#2441=EDGE_CURVE('',#1876,#1877,#1101,.T.);
#2442=EDGE_CURVE('',#1878,#1877,#183,.T.);
#2443=EDGE_CURVE('',#1874,#1878,#184,.T.);
#2444=EDGE_CURVE('',#1877,#1879,#185,.T.);
#2445=EDGE_CURVE('',#1880,#1876,#1102,.T.);
#2446=EDGE_CURVE('',#1880,#1881,#1103,.T.);
#2447=EDGE_CURVE('',#1882,#1881,#186,.T.);
#2448=EDGE_CURVE('',#1879,#1882,#187,.T.);
#2449=EDGE_CURVE('',#1881,#1883,#188,.T.);
#2450=EDGE_CURVE('',#1884,#1880,#1104,.T.);
#2451=EDGE_CURVE('',#1884,#1885,#1105,.T.);
#2452=EDGE_CURVE('',#1886,#1885,#189,.T.);
#2453=EDGE_CURVE('',#1883,#1886,#190,.T.);
#2454=EDGE_CURVE('',#1885,#1887,#191,.T.);
#2455=EDGE_CURVE('',#1888,#1884,#1106,.T.);
#2456=EDGE_CURVE('',#1888,#1889,#1107,.T.);
#2457=EDGE_CURVE('',#1890,#1889,#192,.T.);
#2458=EDGE_CURVE('',#1887,#1890,#193,.T.);
#2459=EDGE_CURVE('',#1891,#1892,#194,.T.);
#2460=EDGE_CURVE('',#1893,#1891,#195,.T.);
#2461=EDGE_CURVE('',#1894,#1893,#196,.T.);
#2462=EDGE_CURVE('',#1895,#1894,#1108,.T.);
#2463=EDGE_CURVE('',#1896,#1895,#1109,.T.);
#2464=EDGE_CURVE('',#1896,#1892,#1110,.T.);
#2465=EDGE_CURVE('',#1897,#1898,#197,.T.);
#2466=EDGE_CURVE('',#1899,#1897,#198,.T.);
#2467=EDGE_CURVE('',#1892,#1899,#199,.T.);
#2468=EDGE_CURVE('',#1900,#1896,#1111,.T.);
#2469=EDGE_CURVE('',#1900,#1898,#1112,.T.);
#2470=EDGE_CURVE('',#1901,#1873,#200,.T.);
#2471=EDGE_CURVE('',#1902,#1901,#201,.T.);
#2472=EDGE_CURVE('',#1898,#1902,#202,.T.);
#2473=EDGE_CURVE('',#1875,#1900,#1113,.T.);
#2474=EDGE_CURVE('',#1903,#1894,#203,.T.);
#2475=EDGE_CURVE('',#1904,#1903,#204,.T.);
#2476=EDGE_CURVE('',#1889,#1904,#205,.T.);
#2477=EDGE_CURVE('',#1895,#1888,#1114,.T.);
#2478=EDGE_CURVE('',#1905,#1887,#1115,.T.);
#2479=EDGE_CURVE('',#1906,#1905,#206,.T.);
#2480=EDGE_CURVE('',#1906,#1886,#1116,.T.);
#2481=EDGE_CURVE('',#1907,#1890,#1117,.T.);
#2482=EDGE_CURVE('',#1575,#1907,#207,.T.);
#2483=EDGE_CURVE('',#1905,#1574,#208,.T.);
#2484=EDGE_CURVE('',#1908,#1904,#1118,.T.);
#2485=EDGE_CURVE('',#1907,#1908,#209,.T.);
#2486=EDGE_CURVE('',#1909,#1903,#1119,.T.);
#2487=EDGE_CURVE('',#1910,#1909,#210,.T.);
#2488=EDGE_CURVE('',#1911,#1910,#211,.T.);
#2489=EDGE_CURVE('',#1908,#1911,#212,.T.);
#2490=EDGE_CURVE('',#1912,#1893,#1120,.T.);
#2491=EDGE_CURVE('',#1909,#1912,#213,.T.);
#2492=EDGE_CURVE('',#1913,#1891,#1121,.T.);
#2493=EDGE_CURVE('',#1914,#1913,#214,.T.);
#2494=EDGE_CURVE('',#1915,#1914,#1122,.T.);
#2495=EDGE_CURVE('',#1780,#1915,#215,.T.);
#2496=EDGE_CURVE('',#1912,#1779,#216,.T.);
#2497=EDGE_CURVE('',#1916,#1899,#1123,.T.);
#2498=EDGE_CURVE('',#1915,#1916,#217,.T.);
#2499=EDGE_CURVE('',#1917,#1914,#218,.T.);
#2500=EDGE_CURVE('',#1918,#1917,#219,.T.);
#2501=EDGE_CURVE('',#1919,#1918,#220,.T.);
#2502=EDGE_CURVE('',#1920,#1919,#221,.T.);
#2503=EDGE_CURVE('',#1913,#1920,#222,.T.);
#2504=EDGE_CURVE('',#1911,#1910,#1124,.T.);
#2505=EDGE_CURVE('',#1589,#1921,#223,.T.);
#2506=EDGE_CURVE('',#1921,#1922,#224,.T.);
#2507=EDGE_CURVE('',#1922,#1923,#225,.T.);
#2508=EDGE_CURVE('',#1923,#1924,#1125,.T.);
#2509=EDGE_CURVE('',#1924,#1906,#226,.T.);
#2510=EDGE_CURVE('',#1923,#1924,#227,.T.);
#2511=EDGE_CURVE('',#1922,#1883,#1126,.T.);
#2512=EDGE_CURVE('',#1921,#1882,#1127,.T.);
#2513=EDGE_CURVE('',#1787,#1925,#228,.T.);
#2514=EDGE_CURVE('',#1925,#1926,#229,.T.);
#2515=EDGE_CURVE('',#1926,#1927,#230,.T.);
#2516=EDGE_CURVE('',#1927,#1928,#1128,.T.);
#2517=EDGE_CURVE('',#1928,#1929,#231,.T.);
#2518=EDGE_CURVE('',#1929,#1930,#232,.T.);
#2519=EDGE_CURVE('',#1930,#1588,#233,.T.);
#2520=EDGE_CURVE('',#1926,#1874,#1129,.T.);
#2521=EDGE_CURVE('',#1925,#1901,#1130,.T.);
#2522=EDGE_CURVE('',#1931,#1786,#234,.T.);
#2523=EDGE_CURVE('',#1931,#1932,#1131,.T.);
#2524=EDGE_CURVE('',#1933,#1932,#235,.T.);
#2525=EDGE_CURVE('',#1933,#1902,#1132,.T.);
#2526=EDGE_CURVE('',#1916,#1934,#236,.T.);
#2527=EDGE_CURVE('',#1934,#1935,#1133,.T.);
#2528=EDGE_CURVE('',#1935,#1936,#237,.T.);
#2529=EDGE_CURVE('',#1936,#1931,#238,.T.);
#2530=EDGE_CURVE('',#1936,#1897,#1134,.T.);
#2531=EDGE_CURVE('',#1934,#1935,#239,.T.);
#2532=EDGE_CURVE('',#1937,#1938,#240,.T.);
#2533=EDGE_CURVE('',#1938,#1939,#241,.T.);
#2534=EDGE_CURVE('',#1939,#1940,#242,.T.);
#2535=EDGE_CURVE('',#1940,#1933,#243,.T.);
#2536=EDGE_CURVE('',#1932,#1941,#244,.T.);
#2537=EDGE_CURVE('',#1937,#1941,#245,.T.);
#2538=EDGE_CURVE('',#1942,#1943,#246,.T.);
#2539=EDGE_CURVE('',#1940,#1943,#247,.T.);
#2540=EDGE_CURVE('',#1939,#1937,#248,.T.);
#2541=EDGE_CURVE('',#1941,#1942,#249,.T.);
#2542=EDGE_CURVE('',#1944,#1944,#133,.T.);
#2543=EDGE_CURVE('',#1944,#1938,#1135,.T.);
#2544=EDGE_CURVE('',#1917,#1945,#250,.T.);
#2545=EDGE_CURVE('',#1945,#1946,#251,.T.);
#2546=EDGE_CURVE('',#1946,#1920,#252,.T.);
#2547=EDGE_CURVE('',#1946,#1945,#253,.T.);
#2548=EDGE_CURVE('',#1947,#1946,#1136,.T.);
#2549=EDGE_CURVE('',#1947,#1947,#134,.T.);
#2550=EDGE_CURVE('',#1930,#1879,#1137,.T.);
#2551=EDGE_CURVE('',#1929,#1878,#1138,.T.);
#2552=EDGE_CURVE('',#1927,#1928,#254,.T.);
#2553=ORIENTED_EDGE('',*,*,#1948,.T.);
#2554=ORIENTED_EDGE('',*,*,#1949,.T.);
#2555=ORIENTED_EDGE('',*,*,#1950,.T.);
#2556=ORIENTED_EDGE('',*,*,#1951,.F.);
#2557=ORIENTED_EDGE('',*,*,#1952,.T.);
#2558=ORIENTED_EDGE('',*,*,#1950,.F.);
#2559=ORIENTED_EDGE('',*,*,#1953,.T.);
#2560=ORIENTED_EDGE('',*,*,#1954,.F.);
#2561=ORIENTED_EDGE('',*,*,#1955,.F.);
#2562=ORIENTED_EDGE('',*,*,#1956,.T.);
#2563=ORIENTED_EDGE('',*,*,#1957,.T.);
#2564=ORIENTED_EDGE('',*,*,#1958,.F.);
#2565=ORIENTED_EDGE('',*,*,#1959,.F.);
#2566=ORIENTED_EDGE('',*,*,#1960,.F.);
#2567=ORIENTED_EDGE('',*,*,#1961,.F.);
#2568=ORIENTED_EDGE('',*,*,#1962,.F.);
#2569=ORIENTED_EDGE('',*,*,#1963,.T.);
#2570=ORIENTED_EDGE('',*,*,#1964,.F.);
#2571=ORIENTED_EDGE('',*,*,#1965,.F.);
#2572=ORIENTED_EDGE('',*,*,#1966,.T.);
#2573=ORIENTED_EDGE('',*,*,#1967,.F.);
#2574=ORIENTED_EDGE('',*,*,#1968,.F.);
#2575=ORIENTED_EDGE('',*,*,#1969,.F.);
#2576=ORIENTED_EDGE('',*,*,#1970,.F.);
#2577=ORIENTED_EDGE('',*,*,#1970,.T.);
#2578=ORIENTED_EDGE('',*,*,#1971,.F.);
#2579=ORIENTED_EDGE('',*,*,#1972,.T.);
#2580=ORIENTED_EDGE('',*,*,#1973,.F.);
#2581=ORIENTED_EDGE('',*,*,#1974,.T.);
#2582=ORIENTED_EDGE('',*,*,#1975,.F.);
#2583=ORIENTED_EDGE('',*,*,#1976,.T.);
#2584=ORIENTED_EDGE('',*,*,#1977,.F.);
#2585=ORIENTED_EDGE('',*,*,#1951,.T.);
#2586=ORIENTED_EDGE('',*,*,#1978,.T.);
#2587=ORIENTED_EDGE('',*,*,#1979,.F.);
#2588=ORIENTED_EDGE('',*,*,#1980,.T.);
#2589=ORIENTED_EDGE('',*,*,#1981,.T.);
#2590=ORIENTED_EDGE('',*,*,#1982,.T.);
#2591=ORIENTED_EDGE('',*,*,#1983,.T.);
#2592=ORIENTED_EDGE('',*,*,#1982,.F.);
#2593=ORIENTED_EDGE('',*,*,#1984,.F.);
#2594=ORIENTED_EDGE('',*,*,#1985,.F.);
#2595=ORIENTED_EDGE('',*,*,#1986,.T.);
#2596=ORIENTED_EDGE('',*,*,#1987,.F.);
#2597=ORIENTED_EDGE('',*,*,#1988,.T.);
#2598=ORIENTED_EDGE('',*,*,#1989,.F.);
#2599=ORIENTED_EDGE('',*,*,#1968,.T.);
#2600=ORIENTED_EDGE('',*,*,#1990,.F.);
#2601=ORIENTED_EDGE('',*,*,#1991,.F.);
#2602=ORIENTED_EDGE('',*,*,#1992,.F.);
#2603=ORIENTED_EDGE('',*,*,#1993,.F.);
#2604=ORIENTED_EDGE('',*,*,#1994,.F.);
#2605=ORIENTED_EDGE('',*,*,#1995,.F.);
#2606=ORIENTED_EDGE('',*,*,#1996,.F.);
#2607=ORIENTED_EDGE('',*,*,#1997,.T.);
#2608=ORIENTED_EDGE('',*,*,#1998,.T.);
#2609=ORIENTED_EDGE('',*,*,#1999,.T.);
#2610=ORIENTED_EDGE('',*,*,#2000,.F.);
#2611=ORIENTED_EDGE('',*,*,#2001,.T.);
#2612=ORIENTED_EDGE('',*,*,#2002,.F.);
#2613=ORIENTED_EDGE('',*,*,#2003,.F.);
#2614=ORIENTED_EDGE('',*,*,#1999,.F.);
#2615=ORIENTED_EDGE('',*,*,#2004,.F.);
#2616=ORIENTED_EDGE('',*,*,#2005,.F.);
#2617=ORIENTED_EDGE('',*,*,#2006,.T.);
#2618=ORIENTED_EDGE('',*,*,#2007,.T.);
#2619=ORIENTED_EDGE('',*,*,#2008,.T.);
#2620=ORIENTED_EDGE('',*,*,#2009,.T.);
#2621=ORIENTED_EDGE('',*,*,#2010,.T.);
#2622=ORIENTED_EDGE('',*,*,#2011,.T.);
#2623=ORIENTED_EDGE('',*,*,#2012,.F.);
#2624=ORIENTED_EDGE('',*,*,#2013,.F.);
#2625=ORIENTED_EDGE('',*,*,#2014,.F.);
#2626=ORIENTED_EDGE('',*,*,#2015,.F.);
#2627=ORIENTED_EDGE('',*,*,#2016,.F.);
#2628=ORIENTED_EDGE('',*,*,#2017,.F.);
#2629=ORIENTED_EDGE('',*,*,#2018,.F.);
#2630=ORIENTED_EDGE('',*,*,#2019,.T.);
#2631=ORIENTED_EDGE('',*,*,#2020,.F.);
#2632=ORIENTED_EDGE('',*,*,#1984,.T.);
#2633=ORIENTED_EDGE('',*,*,#1981,.F.);
#2634=ORIENTED_EDGE('',*,*,#2021,.F.);
#2635=ORIENTED_EDGE('',*,*,#2022,.F.);
#2636=ORIENTED_EDGE('',*,*,#2023,.F.);
#2637=ORIENTED_EDGE('',*,*,#2024,.F.);
#2638=ORIENTED_EDGE('',*,*,#2025,.F.);
#2639=ORIENTED_EDGE('',*,*,#2026,.T.);
#2640=ORIENTED_EDGE('',*,*,#1976,.F.);
#2641=ORIENTED_EDGE('',*,*,#2027,.F.);
#2642=ORIENTED_EDGE('',*,*,#2028,.F.);
#2643=ORIENTED_EDGE('',*,*,#2029,.F.);
#2644=ORIENTED_EDGE('',*,*,#2030,.F.);
#2645=ORIENTED_EDGE('',*,*,#1990,.T.);
#2646=ORIENTED_EDGE('',*,*,#2031,.T.);
#2647=ORIENTED_EDGE('',*,*,#2032,.T.);
#2648=ORIENTED_EDGE('',*,*,#2000,.T.);
#2649=ORIENTED_EDGE('',*,*,#2003,.T.);
#2650=ORIENTED_EDGE('',*,*,#2033,.T.);
#2651=ORIENTED_EDGE('',*,*,#2034,.T.);
#2652=ORIENTED_EDGE('',*,*,#2035,.T.);
#2653=ORIENTED_EDGE('',*,*,#1994,.T.);
#2654=ORIENTED_EDGE('',*,*,#2036,.T.);
#2655=ORIENTED_EDGE('',*,*,#2037,.T.);
#2656=ORIENTED_EDGE('',*,*,#2038,.T.);
#2657=ORIENTED_EDGE('',*,*,#2039,.T.);
#2658=ORIENTED_EDGE('',*,*,#2040,.T.);
#2659=ORIENTED_EDGE('',*,*,#2041,.T.);
#2660=ORIENTED_EDGE('',*,*,#2042,.T.);
#2661=ORIENTED_EDGE('',*,*,#2043,.T.);
#2662=ORIENTED_EDGE('',*,*,#2044,.T.);
#2663=ORIENTED_EDGE('',*,*,#2045,.T.);
#2664=ORIENTED_EDGE('',*,*,#2046,.T.);
#2665=ORIENTED_EDGE('',*,*,#2047,.T.);
#2666=ORIENTED_EDGE('',*,*,#2033,.F.);
#2667=ORIENTED_EDGE('',*,*,#2002,.T.);
#2668=ORIENTED_EDGE('',*,*,#2048,.F.);
#2669=ORIENTED_EDGE('',*,*,#2049,.F.);
#2670=ORIENTED_EDGE('',*,*,#2050,.F.);
#2671=ORIENTED_EDGE('',*,*,#2051,.F.);
#2672=ORIENTED_EDGE('',*,*,#2052,.F.);
#2673=ORIENTED_EDGE('',*,*,#2053,.F.);
#2674=ORIENTED_EDGE('',*,*,#2054,.F.);
#2675=ORIENTED_EDGE('',*,*,#2019,.F.);
#2676=ORIENTED_EDGE('',*,*,#2055,.T.);
#2677=ORIENTED_EDGE('',*,*,#2056,.F.);
#2678=ORIENTED_EDGE('',*,*,#2057,.F.);
#2679=ORIENTED_EDGE('',*,*,#2058,.T.);
#2680=ORIENTED_EDGE('',*,*,#2059,.F.);
#2681=ORIENTED_EDGE('',*,*,#2060,.T.);
#2682=ORIENTED_EDGE('',*,*,#2061,.F.);
#2683=ORIENTED_EDGE('',*,*,#2062,.T.);
#2684=ORIENTED_EDGE('',*,*,#2063,.F.);
#2685=ORIENTED_EDGE('',*,*,#2064,.F.);
#2686=ORIENTED_EDGE('',*,*,#2065,.T.);
#2687=ORIENTED_EDGE('',*,*,#2005,.T.);
#2688=ORIENTED_EDGE('',*,*,#1977,.T.);
#2689=ORIENTED_EDGE('',*,*,#2026,.F.);
#2690=ORIENTED_EDGE('',*,*,#2066,.T.);
#2691=ORIENTED_EDGE('',*,*,#2067,.F.);
#2692=ORIENTED_EDGE('',*,*,#1952,.F.);
#2693=ORIENTED_EDGE('',*,*,#2065,.F.);
#2694=ORIENTED_EDGE('',*,*,#2068,.F.);
#2695=ORIENTED_EDGE('',*,*,#2069,.F.);
#2696=ORIENTED_EDGE('',*,*,#2006,.F.);
#2697=ORIENTED_EDGE('',*,*,#2068,.T.);
#2698=ORIENTED_EDGE('',*,*,#2064,.T.);
#2699=ORIENTED_EDGE('',*,*,#2070,.F.);
#2700=ORIENTED_EDGE('',*,*,#2071,.F.);
#2701=ORIENTED_EDGE('',*,*,#2072,.F.);
#2702=ORIENTED_EDGE('',*,*,#2056,.T.);
#2703=ORIENTED_EDGE('',*,*,#2073,.F.);
#2704=ORIENTED_EDGE('',*,*,#2074,.F.);
#2705=ORIENTED_EDGE('',*,*,#2075,.T.);
#2706=ORIENTED_EDGE('',*,*,#2076,.T.);
#2707=ORIENTED_EDGE('',*,*,#1949,.F.);
#2708=ORIENTED_EDGE('',*,*,#2077,.F.);
#2709=ORIENTED_EDGE('',*,*,#2078,.T.);
#2710=ORIENTED_EDGE('',*,*,#1953,.F.);
#2711=ORIENTED_EDGE('',*,*,#1967,.T.);
#2712=ORIENTED_EDGE('',*,*,#2079,.T.);
#2713=ORIENTED_EDGE('',*,*,#2080,.T.);
#2714=ORIENTED_EDGE('',*,*,#1978,.F.);
#2715=ORIENTED_EDGE('',*,*,#1983,.F.);
#2716=ORIENTED_EDGE('',*,*,#2055,.F.);
#2717=ORIENTED_EDGE('',*,*,#2018,.T.);
#2718=ORIENTED_EDGE('',*,*,#2081,.T.);
#2719=ORIENTED_EDGE('',*,*,#2073,.T.);
#2720=ORIENTED_EDGE('',*,*,#2082,.T.);
#2721=ORIENTED_EDGE('',*,*,#2083,.T.);
#2722=ORIENTED_EDGE('',*,*,#2084,.T.);
#2723=ORIENTED_EDGE('',*,*,#2085,.T.);
#2724=ORIENTED_EDGE('',*,*,#2086,.T.);
#2725=ORIENTED_EDGE('',*,*,#2087,.T.);
#2726=ORIENTED_EDGE('',*,*,#1979,.T.);
#2727=ORIENTED_EDGE('',*,*,#2080,.F.);
#2728=ORIENTED_EDGE('',*,*,#2088,.T.);
#2729=ORIENTED_EDGE('',*,*,#2077,.T.);
#2730=ORIENTED_EDGE('',*,*,#1948,.F.);
#2731=ORIENTED_EDGE('',*,*,#2067,.T.);
#2732=ORIENTED_EDGE('',*,*,#2089,.T.);
#2733=ORIENTED_EDGE('',*,*,#2090,.T.);
#2734=ORIENTED_EDGE('',*,*,#2091,.T.);
#2735=ORIENTED_EDGE('',*,*,#2092,.T.);
#2736=ORIENTED_EDGE('',*,*,#2093,.T.);
#2737=ORIENTED_EDGE('',*,*,#2094,.T.);
#2738=ORIENTED_EDGE('',*,*,#2095,.F.);
#2739=ORIENTED_EDGE('',*,*,#2096,.F.);
#2740=ORIENTED_EDGE('',*,*,#2097,.F.);
#2741=ORIENTED_EDGE('',*,*,#2098,.F.);
#2742=ORIENTED_EDGE('',*,*,#2099,.F.);
#2743=ORIENTED_EDGE('',*,*,#2100,.T.);
#2744=ORIENTED_EDGE('',*,*,#2101,.F.);
#2745=ORIENTED_EDGE('',*,*,#2102,.F.);
#2746=ORIENTED_EDGE('',*,*,#2103,.F.);
#2747=ORIENTED_EDGE('',*,*,#2104,.F.);
#2748=ORIENTED_EDGE('',*,*,#2105,.F.);
#2749=ORIENTED_EDGE('',*,*,#2106,.F.);
#2750=ORIENTED_EDGE('',*,*,#2107,.T.);
#2751=ORIENTED_EDGE('',*,*,#2108,.F.);
#2752=ORIENTED_EDGE('',*,*,#2109,.F.);
#2753=ORIENTED_EDGE('',*,*,#2110,.F.);
#2754=ORIENTED_EDGE('',*,*,#2111,.F.);
#2755=ORIENTED_EDGE('',*,*,#2112,.F.);
#2756=ORIENTED_EDGE('',*,*,#2113,.F.);
#2757=ORIENTED_EDGE('',*,*,#2114,.F.);
#2758=ORIENTED_EDGE('',*,*,#2115,.T.);
#2759=ORIENTED_EDGE('',*,*,#2096,.T.);
#2760=ORIENTED_EDGE('',*,*,#2116,.T.);
#2761=ORIENTED_EDGE('',*,*,#2117,.T.);
#2762=ORIENTED_EDGE('',*,*,#2118,.F.);
#2763=ORIENTED_EDGE('',*,*,#2107,.F.);
#2764=ORIENTED_EDGE('',*,*,#2119,.T.);
#2765=ORIENTED_EDGE('',*,*,#2120,.F.);
#2766=ORIENTED_EDGE('',*,*,#2121,.F.);
#2767=ORIENTED_EDGE('',*,*,#2122,.F.);
#2768=ORIENTED_EDGE('',*,*,#1957,.F.);
#2769=ORIENTED_EDGE('',*,*,#2123,.T.);
#2770=ORIENTED_EDGE('',*,*,#2105,.T.);
#2771=ORIENTED_EDGE('',*,*,#2124,.F.);
#2772=ORIENTED_EDGE('',*,*,#2125,.F.);
#2773=ORIENTED_EDGE('',*,*,#2116,.F.);
#2774=ORIENTED_EDGE('',*,*,#2095,.T.);
#2775=ORIENTED_EDGE('',*,*,#2123,.F.);
#2776=ORIENTED_EDGE('',*,*,#1956,.F.);
#2777=ORIENTED_EDGE('',*,*,#2122,.T.);
#2778=ORIENTED_EDGE('',*,*,#1955,.T.);
#2779=ORIENTED_EDGE('',*,*,#2126,.F.);
#2780=ORIENTED_EDGE('',*,*,#2127,.T.);
#2781=ORIENTED_EDGE('',*,*,#2128,.T.);
#2782=ORIENTED_EDGE('',*,*,#1958,.T.);
#2783=ORIENTED_EDGE('',*,*,#2129,.F.);
#2784=ORIENTED_EDGE('',*,*,#1963,.F.);
#2785=ORIENTED_EDGE('',*,*,#2130,.F.);
#2786=ORIENTED_EDGE('',*,*,#2131,.T.);
#2787=ORIENTED_EDGE('',*,*,#2132,.F.);
#2788=ORIENTED_EDGE('',*,*,#2119,.F.);
#2789=ORIENTED_EDGE('',*,*,#2106,.T.);
#2790=ORIENTED_EDGE('',*,*,#2133,.F.);
#2791=ORIENTED_EDGE('',*,*,#2134,.F.);
#2792=ORIENTED_EDGE('',*,*,#2131,.F.);
#2793=ORIENTED_EDGE('',*,*,#2129,.T.);
#2794=ORIENTED_EDGE('',*,*,#2130,.T.);
#2795=ORIENTED_EDGE('',*,*,#1962,.T.);
#2796=ORIENTED_EDGE('',*,*,#2135,.F.);
#2797=ORIENTED_EDGE('',*,*,#2136,.T.);
#2798=ORIENTED_EDGE('',*,*,#2137,.T.);
#2799=ORIENTED_EDGE('',*,*,#1964,.T.);
#2800=ORIENTED_EDGE('',*,*,#2124,.T.);
#2801=ORIENTED_EDGE('',*,*,#2104,.T.);
#2802=ORIENTED_EDGE('',*,*,#2138,.F.);
#2803=ORIENTED_EDGE('',*,*,#2139,.T.);
#2804=ORIENTED_EDGE('',*,*,#2132,.T.);
#2805=ORIENTED_EDGE('',*,*,#2134,.T.);
#2806=ORIENTED_EDGE('',*,*,#2140,.T.);
#2807=ORIENTED_EDGE('',*,*,#2141,.T.);
#2808=ORIENTED_EDGE('',*,*,#2117,.F.);
#2809=ORIENTED_EDGE('',*,*,#2125,.T.);
#2810=ORIENTED_EDGE('',*,*,#2139,.F.);
#2811=ORIENTED_EDGE('',*,*,#2142,.F.);
#2812=ORIENTED_EDGE('',*,*,#2120,.T.);
#2813=ORIENTED_EDGE('',*,*,#1954,.T.);
#2814=ORIENTED_EDGE('',*,*,#2078,.F.);
#2815=ORIENTED_EDGE('',*,*,#2093,.F.);
#2816=ORIENTED_EDGE('',*,*,#2143,.T.);
#2817=ORIENTED_EDGE('',*,*,#2126,.T.);
#2818=ORIENTED_EDGE('',*,*,#1959,.T.);
#2819=ORIENTED_EDGE('',*,*,#2128,.F.);
#2820=ORIENTED_EDGE('',*,*,#2144,.T.);
#2821=ORIENTED_EDGE('',*,*,#2145,.T.);
#2822=ORIENTED_EDGE('',*,*,#1960,.T.);
#2823=ORIENTED_EDGE('',*,*,#2145,.F.);
#2824=ORIENTED_EDGE('',*,*,#2146,.T.);
#2825=ORIENTED_EDGE('',*,*,#2147,.T.);
#2826=ORIENTED_EDGE('',*,*,#1961,.T.);
#2827=ORIENTED_EDGE('',*,*,#2147,.F.);
#2828=ORIENTED_EDGE('',*,*,#2148,.T.);
#2829=ORIENTED_EDGE('',*,*,#2135,.T.);
#2830=ORIENTED_EDGE('',*,*,#2149,.T.);
#2831=ORIENTED_EDGE('',*,*,#2083,.F.);
#2832=ORIENTED_EDGE('',*,*,#2150,.F.);
#2833=ORIENTED_EDGE('',*,*,#1965,.T.);
#2834=ORIENTED_EDGE('',*,*,#2137,.F.);
#2835=ORIENTED_EDGE('',*,*,#2025,.T.);
#2836=ORIENTED_EDGE('',*,*,#2151,.F.);
#2837=ORIENTED_EDGE('',*,*,#2089,.F.);
#2838=ORIENTED_EDGE('',*,*,#2066,.F.);
#2839=ORIENTED_EDGE('',*,*,#2021,.T.);
#2840=ORIENTED_EDGE('',*,*,#1980,.F.);
#2841=ORIENTED_EDGE('',*,*,#2087,.F.);
#2842=ORIENTED_EDGE('',*,*,#2152,.T.);
#2843=ORIENTED_EDGE('',*,*,#2042,.F.);
#2844=ORIENTED_EDGE('',*,*,#2153,.F.);
#2845=ORIENTED_EDGE('',*,*,#2154,.T.);
#2846=ORIENTED_EDGE('',*,*,#2155,.T.);
#2847=ORIENTED_EDGE('',*,*,#2043,.F.);
#2848=ORIENTED_EDGE('',*,*,#2155,.F.);
#2849=ORIENTED_EDGE('',*,*,#2156,.T.);
#2850=ORIENTED_EDGE('',*,*,#2157,.T.);
#2851=ORIENTED_EDGE('',*,*,#2044,.F.);
#2852=ORIENTED_EDGE('',*,*,#2157,.F.);
#2853=ORIENTED_EDGE('',*,*,#2158,.T.);
#2854=ORIENTED_EDGE('',*,*,#2159,.T.);
#2855=ORIENTED_EDGE('',*,*,#2045,.F.);
#2856=ORIENTED_EDGE('',*,*,#2159,.F.);
#2857=ORIENTED_EDGE('',*,*,#2160,.T.);
#2858=ORIENTED_EDGE('',*,*,#2161,.T.);
#2859=ORIENTED_EDGE('',*,*,#1991,.T.);
#2860=ORIENTED_EDGE('',*,*,#2046,.F.);
#2861=ORIENTED_EDGE('',*,*,#2161,.F.);
#2862=ORIENTED_EDGE('',*,*,#2162,.T.);
#2863=ORIENTED_EDGE('',*,*,#1993,.T.);
#2864=ORIENTED_EDGE('',*,*,#2163,.T.);
#2865=ORIENTED_EDGE('',*,*,#2164,.T.);
#2866=ORIENTED_EDGE('',*,*,#2036,.F.);
#2867=ORIENTED_EDGE('',*,*,#2037,.F.);
#2868=ORIENTED_EDGE('',*,*,#2164,.F.);
#2869=ORIENTED_EDGE('',*,*,#2165,.T.);
#2870=ORIENTED_EDGE('',*,*,#2166,.T.);
#2871=ORIENTED_EDGE('',*,*,#2038,.F.);
#2872=ORIENTED_EDGE('',*,*,#2166,.F.);
#2873=ORIENTED_EDGE('',*,*,#2167,.T.);
#2874=ORIENTED_EDGE('',*,*,#2168,.T.);
#2875=ORIENTED_EDGE('',*,*,#2039,.F.);
#2876=ORIENTED_EDGE('',*,*,#2168,.F.);
#2877=ORIENTED_EDGE('',*,*,#2169,.T.);
#2878=ORIENTED_EDGE('',*,*,#2170,.T.);
#2879=ORIENTED_EDGE('',*,*,#2040,.F.);
#2880=ORIENTED_EDGE('',*,*,#2170,.F.);
#2881=ORIENTED_EDGE('',*,*,#2171,.T.);
#2882=ORIENTED_EDGE('',*,*,#2172,.T.);
#2883=ORIENTED_EDGE('',*,*,#2041,.F.);
#2884=ORIENTED_EDGE('',*,*,#2172,.F.);
#2885=ORIENTED_EDGE('',*,*,#2173,.T.);
#2886=ORIENTED_EDGE('',*,*,#2153,.T.);
#2887=ORIENTED_EDGE('',*,*,#1992,.T.);
#2888=ORIENTED_EDGE('',*,*,#2162,.F.);
#2889=ORIENTED_EDGE('',*,*,#2160,.F.);
#2890=ORIENTED_EDGE('',*,*,#2158,.F.);
#2891=ORIENTED_EDGE('',*,*,#2156,.F.);
#2892=ORIENTED_EDGE('',*,*,#2154,.F.);
#2893=ORIENTED_EDGE('',*,*,#2173,.F.);
#2894=ORIENTED_EDGE('',*,*,#2171,.F.);
#2895=ORIENTED_EDGE('',*,*,#2169,.F.);
#2896=ORIENTED_EDGE('',*,*,#2167,.F.);
#2897=ORIENTED_EDGE('',*,*,#2165,.F.);
#2898=ORIENTED_EDGE('',*,*,#2163,.F.);
#2899=ORIENTED_EDGE('',*,*,#2075,.F.);
#2900=ORIENTED_EDGE('',*,*,#2174,.T.);
#2901=ORIENTED_EDGE('',*,*,#2175,.T.);
#2902=ORIENTED_EDGE('',*,*,#2176,.T.);
#2903=ORIENTED_EDGE('',*,*,#2177,.T.);
#2904=ORIENTED_EDGE('',*,*,#2178,.T.);
#2905=ORIENTED_EDGE('',*,*,#2179,.T.);
#2906=ORIENTED_EDGE('',*,*,#2180,.T.);
#2907=ORIENTED_EDGE('',*,*,#2181,.T.);
#2908=ORIENTED_EDGE('',*,*,#2182,.T.);
#2909=ORIENTED_EDGE('',*,*,#2183,.T.);
#2910=ORIENTED_EDGE('',*,*,#2184,.T.);
#2911=ORIENTED_EDGE('',*,*,#2185,.T.);
#2912=ORIENTED_EDGE('',*,*,#2186,.T.);
#2913=ORIENTED_EDGE('',*,*,#2143,.F.);
#2914=ORIENTED_EDGE('',*,*,#2092,.F.);
#2915=ORIENTED_EDGE('',*,*,#2187,.F.);
#2916=ORIENTED_EDGE('',*,*,#2127,.F.);
#2917=ORIENTED_EDGE('',*,*,#2187,.T.);
#2918=ORIENTED_EDGE('',*,*,#2091,.F.);
#2919=ORIENTED_EDGE('',*,*,#2188,.F.);
#2920=ORIENTED_EDGE('',*,*,#2144,.F.);
#2921=ORIENTED_EDGE('',*,*,#2188,.T.);
#2922=ORIENTED_EDGE('',*,*,#2090,.F.);
#2923=ORIENTED_EDGE('',*,*,#2151,.T.);
#2924=ORIENTED_EDGE('',*,*,#2024,.T.);
#2925=ORIENTED_EDGE('',*,*,#2189,.F.);
#2926=ORIENTED_EDGE('',*,*,#2146,.F.);
#2927=ORIENTED_EDGE('',*,*,#2189,.T.);
#2928=ORIENTED_EDGE('',*,*,#2023,.T.);
#2929=ORIENTED_EDGE('',*,*,#2190,.F.);
#2930=ORIENTED_EDGE('',*,*,#2148,.F.);
#2931=ORIENTED_EDGE('',*,*,#2190,.T.);
#2932=ORIENTED_EDGE('',*,*,#2022,.T.);
#2933=ORIENTED_EDGE('',*,*,#2152,.F.);
#2934=ORIENTED_EDGE('',*,*,#2086,.F.);
#2935=ORIENTED_EDGE('',*,*,#2191,.F.);
#2936=ORIENTED_EDGE('',*,*,#2136,.F.);
#2937=ORIENTED_EDGE('',*,*,#2191,.T.);
#2938=ORIENTED_EDGE('',*,*,#2085,.F.);
#2939=ORIENTED_EDGE('',*,*,#2192,.F.);
#2940=ORIENTED_EDGE('',*,*,#2149,.F.);
#2941=ORIENTED_EDGE('',*,*,#2192,.T.);
#2942=ORIENTED_EDGE('',*,*,#2084,.F.);
#2943=ORIENTED_EDGE('',*,*,#2079,.F.);
#2944=ORIENTED_EDGE('',*,*,#1966,.F.);
#2945=ORIENTED_EDGE('',*,*,#2150,.T.);
#2946=ORIENTED_EDGE('',*,*,#2082,.F.);
#2947=ORIENTED_EDGE('',*,*,#2186,.F.);
#2948=ORIENTED_EDGE('',*,*,#2193,.T.);
#2949=ORIENTED_EDGE('',*,*,#2027,.T.);
#2950=ORIENTED_EDGE('',*,*,#2193,.F.);
#2951=ORIENTED_EDGE('',*,*,#2088,.F.);
#2952=ORIENTED_EDGE('',*,*,#2194,.T.);
#2953=ORIENTED_EDGE('',*,*,#2028,.T.);
#2954=ORIENTED_EDGE('',*,*,#2194,.F.);
#2955=ORIENTED_EDGE('',*,*,#2094,.F.);
#2956=ORIENTED_EDGE('',*,*,#2195,.T.);
#2957=ORIENTED_EDGE('',*,*,#2029,.T.);
#2958=ORIENTED_EDGE('',*,*,#2195,.F.);
#2959=ORIENTED_EDGE('',*,*,#2185,.F.);
#2960=ORIENTED_EDGE('',*,*,#2196,.T.);
#2961=ORIENTED_EDGE('',*,*,#2030,.T.);
#2962=ORIENTED_EDGE('',*,*,#2196,.F.);
#2963=ORIENTED_EDGE('',*,*,#2069,.T.);
#2964=ORIENTED_EDGE('',*,*,#2076,.F.);
#2965=ORIENTED_EDGE('',*,*,#2184,.F.);
#2966=ORIENTED_EDGE('',*,*,#2197,.F.);
#2967=ORIENTED_EDGE('',*,*,#2007,.F.);
#2968=ORIENTED_EDGE('',*,*,#2008,.F.);
#2969=ORIENTED_EDGE('',*,*,#2197,.T.);
#2970=ORIENTED_EDGE('',*,*,#2183,.F.);
#2971=ORIENTED_EDGE('',*,*,#2198,.F.);
#2972=ORIENTED_EDGE('',*,*,#2009,.F.);
#2973=ORIENTED_EDGE('',*,*,#2198,.T.);
#2974=ORIENTED_EDGE('',*,*,#2182,.F.);
#2975=ORIENTED_EDGE('',*,*,#2199,.F.);
#2976=ORIENTED_EDGE('',*,*,#2010,.F.);
#2977=ORIENTED_EDGE('',*,*,#2199,.T.);
#2978=ORIENTED_EDGE('',*,*,#2181,.F.);
#2979=ORIENTED_EDGE('',*,*,#2200,.F.);
#2980=ORIENTED_EDGE('',*,*,#2011,.F.);
#2981=ORIENTED_EDGE('',*,*,#2200,.T.);
#2982=ORIENTED_EDGE('',*,*,#2180,.F.);
#2983=ORIENTED_EDGE('',*,*,#2201,.F.);
#2984=ORIENTED_EDGE('',*,*,#2012,.T.);
#2985=ORIENTED_EDGE('',*,*,#2201,.T.);
#2986=ORIENTED_EDGE('',*,*,#2179,.F.);
#2987=ORIENTED_EDGE('',*,*,#2202,.F.);
#2988=ORIENTED_EDGE('',*,*,#2013,.T.);
#2989=ORIENTED_EDGE('',*,*,#2202,.T.);
#2990=ORIENTED_EDGE('',*,*,#2178,.F.);
#2991=ORIENTED_EDGE('',*,*,#2203,.F.);
#2992=ORIENTED_EDGE('',*,*,#2014,.T.);
#2993=ORIENTED_EDGE('',*,*,#2203,.T.);
#2994=ORIENTED_EDGE('',*,*,#2177,.F.);
#2995=ORIENTED_EDGE('',*,*,#2204,.F.);
#2996=ORIENTED_EDGE('',*,*,#2015,.T.);
#2997=ORIENTED_EDGE('',*,*,#2204,.T.);
#2998=ORIENTED_EDGE('',*,*,#2176,.F.);
#2999=ORIENTED_EDGE('',*,*,#2205,.F.);
#3000=ORIENTED_EDGE('',*,*,#2016,.T.);
#3001=ORIENTED_EDGE('',*,*,#2205,.T.);
#3002=ORIENTED_EDGE('',*,*,#2175,.F.);
#3003=ORIENTED_EDGE('',*,*,#2206,.F.);
#3004=ORIENTED_EDGE('',*,*,#2074,.T.);
#3005=ORIENTED_EDGE('',*,*,#2081,.F.);
#3006=ORIENTED_EDGE('',*,*,#2017,.T.);
#3007=ORIENTED_EDGE('',*,*,#2206,.T.);
#3008=ORIENTED_EDGE('',*,*,#2174,.F.);
#3009=ORIENTED_EDGE('',*,*,#2207,.F.);
#3010=ORIENTED_EDGE('',*,*,#2208,.F.);
#3011=ORIENTED_EDGE('',*,*,#2209,.F.);
#3012=ORIENTED_EDGE('',*,*,#2210,.F.);
#3013=ORIENTED_EDGE('',*,*,#2031,.F.);
#3014=ORIENTED_EDGE('',*,*,#1997,.F.);
#3015=ORIENTED_EDGE('',*,*,#1996,.T.);
#3016=ORIENTED_EDGE('',*,*,#2211,.F.);
#3017=ORIENTED_EDGE('',*,*,#2212,.F.);
#3018=ORIENTED_EDGE('',*,*,#2207,.T.);
#3019=ORIENTED_EDGE('',*,*,#2210,.T.);
#3020=ORIENTED_EDGE('',*,*,#2213,.F.);
#3021=ORIENTED_EDGE('',*,*,#2214,.F.);
#3022=ORIENTED_EDGE('',*,*,#2034,.F.);
#3023=ORIENTED_EDGE('',*,*,#2047,.F.);
#3024=ORIENTED_EDGE('',*,*,#2001,.F.);
#3025=ORIENTED_EDGE('',*,*,#1998,.F.);
#3026=ORIENTED_EDGE('',*,*,#2032,.F.);
#3027=ORIENTED_EDGE('',*,*,#2215,.T.);
#3028=ORIENTED_EDGE('',*,*,#2216,.F.);
#3029=ORIENTED_EDGE('',*,*,#2217,.T.);
#3030=ORIENTED_EDGE('',*,*,#2218,.F.);
#3031=ORIENTED_EDGE('',*,*,#2219,.T.);
#3032=ORIENTED_EDGE('',*,*,#2220,.F.);
#3033=ORIENTED_EDGE('',*,*,#2221,.T.);
#3034=ORIENTED_EDGE('',*,*,#2222,.F.);
#3035=ORIENTED_EDGE('',*,*,#2223,.T.);
#3036=ORIENTED_EDGE('',*,*,#2224,.T.);
#3037=ORIENTED_EDGE('',*,*,#2225,.T.);
#3038=ORIENTED_EDGE('',*,*,#2226,.T.);
#3039=ORIENTED_EDGE('',*,*,#2224,.F.);
#3040=ORIENTED_EDGE('',*,*,#2227,.F.);
#3041=ORIENTED_EDGE('',*,*,#2228,.F.);
#3042=ORIENTED_EDGE('',*,*,#2229,.F.);
#3043=ORIENTED_EDGE('',*,*,#2230,.T.);
#3044=ORIENTED_EDGE('',*,*,#2231,.T.);
#3045=ORIENTED_EDGE('',*,*,#2232,.T.);
#3046=ORIENTED_EDGE('',*,*,#2233,.T.);
#3047=ORIENTED_EDGE('',*,*,#2226,.F.);
#3048=ORIENTED_EDGE('',*,*,#2234,.F.);
#3049=ORIENTED_EDGE('',*,*,#2231,.F.);
#3050=ORIENTED_EDGE('',*,*,#2235,.F.);
#3051=ORIENTED_EDGE('',*,*,#2236,.T.);
#3052=ORIENTED_EDGE('',*,*,#2237,.T.);
#3053=ORIENTED_EDGE('',*,*,#2238,.T.);
#3054=ORIENTED_EDGE('',*,*,#2239,.T.);
#3055=ORIENTED_EDGE('',*,*,#2233,.F.);
#3056=ORIENTED_EDGE('',*,*,#2240,.F.);
#3057=ORIENTED_EDGE('',*,*,#2237,.F.);
#3058=ORIENTED_EDGE('',*,*,#2241,.F.);
#3059=ORIENTED_EDGE('',*,*,#2222,.T.);
#3060=ORIENTED_EDGE('',*,*,#2242,.T.);
#3061=ORIENTED_EDGE('',*,*,#2070,.T.);
#3062=ORIENTED_EDGE('',*,*,#2063,.T.);
#3063=ORIENTED_EDGE('',*,*,#2243,.T.);
#3064=ORIENTED_EDGE('',*,*,#2242,.F.);
#3065=ORIENTED_EDGE('',*,*,#2221,.F.);
#3066=ORIENTED_EDGE('',*,*,#2244,.F.);
#3067=ORIENTED_EDGE('',*,*,#2071,.T.);
#3068=ORIENTED_EDGE('',*,*,#2220,.T.);
#3069=ORIENTED_EDGE('',*,*,#2245,.T.);
#3070=ORIENTED_EDGE('',*,*,#2057,.T.);
#3071=ORIENTED_EDGE('',*,*,#2072,.T.);
#3072=ORIENTED_EDGE('',*,*,#2244,.T.);
#3073=ORIENTED_EDGE('',*,*,#2245,.F.);
#3074=ORIENTED_EDGE('',*,*,#2219,.F.);
#3075=ORIENTED_EDGE('',*,*,#2246,.F.);
#3076=ORIENTED_EDGE('',*,*,#2058,.F.);
#3077=ORIENTED_EDGE('',*,*,#2218,.T.);
#3078=ORIENTED_EDGE('',*,*,#2247,.T.);
#3079=ORIENTED_EDGE('',*,*,#2059,.T.);
#3080=ORIENTED_EDGE('',*,*,#2246,.T.);
#3081=ORIENTED_EDGE('',*,*,#2247,.F.);
#3082=ORIENTED_EDGE('',*,*,#2217,.F.);
#3083=ORIENTED_EDGE('',*,*,#2248,.F.);
#3084=ORIENTED_EDGE('',*,*,#2060,.F.);
#3085=ORIENTED_EDGE('',*,*,#2216,.T.);
#3086=ORIENTED_EDGE('',*,*,#2249,.T.);
#3087=ORIENTED_EDGE('',*,*,#2061,.T.);
#3088=ORIENTED_EDGE('',*,*,#2248,.T.);
#3089=ORIENTED_EDGE('',*,*,#2243,.F.);
#3090=ORIENTED_EDGE('',*,*,#2062,.F.);
#3091=ORIENTED_EDGE('',*,*,#2249,.F.);
#3092=ORIENTED_EDGE('',*,*,#2215,.F.);
#3093=ORIENTED_EDGE('',*,*,#2250,.T.);
#3094=ORIENTED_EDGE('',*,*,#2251,.T.);
#3095=ORIENTED_EDGE('',*,*,#2252,.T.);
#3096=ORIENTED_EDGE('',*,*,#2228,.T.);
#3097=ORIENTED_EDGE('',*,*,#2239,.F.);
#3098=ORIENTED_EDGE('',*,*,#2253,.F.);
#3099=ORIENTED_EDGE('',*,*,#2251,.F.);
#3100=ORIENTED_EDGE('',*,*,#2254,.F.);
#3101=ORIENTED_EDGE('',*,*,#2255,.F.);
#3102=ORIENTED_EDGE('',*,*,#2256,.F.);
#3103=ORIENTED_EDGE('',*,*,#1974,.F.);
#3104=ORIENTED_EDGE('',*,*,#2257,.F.);
#3105=ORIENTED_EDGE('',*,*,#2258,.T.);
#3106=ORIENTED_EDGE('',*,*,#2259,.T.);
#3107=ORIENTED_EDGE('',*,*,#2260,.T.);
#3108=ORIENTED_EDGE('',*,*,#2261,.T.);
#3109=ORIENTED_EDGE('',*,*,#2262,.T.);
#3110=ORIENTED_EDGE('',*,*,#2263,.T.);
#3111=ORIENTED_EDGE('',*,*,#2264,.T.);
#3112=ORIENTED_EDGE('',*,*,#2265,.T.);
#3113=ORIENTED_EDGE('',*,*,#2266,.T.);
#3114=ORIENTED_EDGE('',*,*,#2267,.T.);
#3115=ORIENTED_EDGE('',*,*,#2268,.T.);
#3116=ORIENTED_EDGE('',*,*,#2269,.F.);
#3117=ORIENTED_EDGE('',*,*,#2255,.T.);
#3118=ORIENTED_EDGE('',*,*,#2270,.F.);
#3119=ORIENTED_EDGE('',*,*,#2271,.T.);
#3120=ORIENTED_EDGE('',*,*,#2272,.F.);
#3121=ORIENTED_EDGE('',*,*,#2273,.F.);
#3122=ORIENTED_EDGE('',*,*,#2274,.F.);
#3123=ORIENTED_EDGE('',*,*,#2268,.F.);
#3124=ORIENTED_EDGE('',*,*,#2275,.F.);
#3125=ORIENTED_EDGE('',*,*,#2276,.F.);
#3126=ORIENTED_EDGE('',*,*,#2277,.T.);
#3127=ORIENTED_EDGE('',*,*,#2278,.F.);
#3128=ORIENTED_EDGE('',*,*,#2273,.T.);
#3129=ORIENTED_EDGE('',*,*,#2279,.F.);
#3130=ORIENTED_EDGE('',*,*,#2280,.T.);
#3131=ORIENTED_EDGE('',*,*,#2281,.F.);
#3132=ORIENTED_EDGE('',*,*,#2282,.F.);
#3133=ORIENTED_EDGE('',*,*,#2283,.T.);
#3134=ORIENTED_EDGE('',*,*,#2284,.F.);
#3135=ORIENTED_EDGE('',*,*,#2285,.F.);
#3136=ORIENTED_EDGE('',*,*,#2286,.F.);
#3137=ORIENTED_EDGE('',*,*,#2287,.F.);
#3138=ORIENTED_EDGE('',*,*,#2288,.F.);
#3139=ORIENTED_EDGE('',*,*,#2289,.F.);
#3140=ORIENTED_EDGE('',*,*,#2290,.T.);
#3141=ORIENTED_EDGE('',*,*,#2291,.F.);
#3142=ORIENTED_EDGE('',*,*,#2292,.F.);
#3143=ORIENTED_EDGE('',*,*,#2293,.F.);
#3144=ORIENTED_EDGE('',*,*,#2294,.F.);
#3145=ORIENTED_EDGE('',*,*,#2295,.T.);
#3146=ORIENTED_EDGE('',*,*,#2296,.T.);
#3147=ORIENTED_EDGE('',*,*,#2297,.T.);
#3148=ORIENTED_EDGE('',*,*,#2298,.T.);
#3149=ORIENTED_EDGE('',*,*,#2299,.T.);
#3150=ORIENTED_EDGE('',*,*,#2300,.T.);
#3151=ORIENTED_EDGE('',*,*,#2301,.T.);
#3152=ORIENTED_EDGE('',*,*,#2302,.T.);
#3153=ORIENTED_EDGE('',*,*,#2299,.F.);
#3154=ORIENTED_EDGE('',*,*,#2303,.T.);
#3155=ORIENTED_EDGE('',*,*,#2304,.T.);
#3156=ORIENTED_EDGE('',*,*,#2297,.F.);
#3157=ORIENTED_EDGE('',*,*,#2303,.F.);
#3158=ORIENTED_EDGE('',*,*,#2305,.T.);
#3159=ORIENTED_EDGE('',*,*,#2306,.F.);
#3160=ORIENTED_EDGE('',*,*,#2307,.F.);
#3161=ORIENTED_EDGE('',*,*,#2308,.F.);
#3162=ORIENTED_EDGE('',*,*,#2309,.F.);
#3163=ORIENTED_EDGE('',*,*,#2301,.F.);
#3164=ORIENTED_EDGE('',*,*,#2310,.F.);
#3165=ORIENTED_EDGE('',*,*,#2311,.F.);
#3166=ORIENTED_EDGE('',*,*,#2305,.F.);
#3167=ORIENTED_EDGE('',*,*,#2312,.T.);
#3168=ORIENTED_EDGE('',*,*,#2313,.T.);
#3169=ORIENTED_EDGE('',*,*,#2314,.T.);
#3170=ORIENTED_EDGE('',*,*,#2315,.T.);
#3171=ORIENTED_EDGE('',*,*,#2312,.F.);
#3172=ORIENTED_EDGE('',*,*,#2316,.T.);
#3173=ORIENTED_EDGE('',*,*,#2317,.T.);
#3174=ORIENTED_EDGE('',*,*,#2318,.T.);
#3175=ORIENTED_EDGE('',*,*,#2319,.T.);
#3176=ORIENTED_EDGE('',*,*,#2320,.T.);
#3177=ORIENTED_EDGE('',*,*,#2321,.F.);
#3178=ORIENTED_EDGE('',*,*,#2317,.F.);
#3179=ORIENTED_EDGE('',*,*,#2320,.F.);
#3180=ORIENTED_EDGE('',*,*,#2259,.F.);
#3181=ORIENTED_EDGE('',*,*,#2322,.F.);
#3182=ORIENTED_EDGE('',*,*,#2323,.T.);
#3183=ORIENTED_EDGE('',*,*,#2318,.F.);
#3184=ORIENTED_EDGE('',*,*,#2321,.T.);
#3185=ORIENTED_EDGE('',*,*,#2319,.F.);
#3186=ORIENTED_EDGE('',*,*,#2316,.F.);
#3187=ORIENTED_EDGE('',*,*,#2314,.F.);
#3188=ORIENTED_EDGE('',*,*,#2324,.T.);
#3189=ORIENTED_EDGE('',*,*,#2325,.T.);
#3190=ORIENTED_EDGE('',*,*,#2326,.T.);
#3191=ORIENTED_EDGE('',*,*,#2327,.T.);
#3192=ORIENTED_EDGE('',*,*,#2328,.T.);
#3193=ORIENTED_EDGE('',*,*,#2325,.F.);
#3194=ORIENTED_EDGE('',*,*,#2329,.T.);
#3195=ORIENTED_EDGE('',*,*,#2330,.T.);
#3196=ORIENTED_EDGE('',*,*,#2331,.T.);
#3197=ORIENTED_EDGE('',*,*,#2332,.T.);
#3198=ORIENTED_EDGE('',*,*,#2333,.T.);
#3199=ORIENTED_EDGE('',*,*,#2334,.F.);
#3200=ORIENTED_EDGE('',*,*,#2330,.F.);
#3201=ORIENTED_EDGE('',*,*,#2333,.F.);
#3202=ORIENTED_EDGE('',*,*,#2335,.F.);
#3203=ORIENTED_EDGE('',*,*,#2336,.F.);
#3204=ORIENTED_EDGE('',*,*,#2337,.F.);
#3205=ORIENTED_EDGE('',*,*,#2331,.F.);
#3206=ORIENTED_EDGE('',*,*,#2334,.T.);
#3207=ORIENTED_EDGE('',*,*,#2332,.F.);
#3208=ORIENTED_EDGE('',*,*,#2329,.F.);
#3209=ORIENTED_EDGE('',*,*,#2327,.F.);
#3210=ORIENTED_EDGE('',*,*,#2338,.T.);
#3211=ORIENTED_EDGE('',*,*,#2339,.T.);
#3212=ORIENTED_EDGE('',*,*,#2340,.T.);
#3213=ORIENTED_EDGE('',*,*,#2341,.T.);
#3214=ORIENTED_EDGE('',*,*,#2342,.T.);
#3215=ORIENTED_EDGE('',*,*,#2343,.T.);
#3216=ORIENTED_EDGE('',*,*,#2344,.T.);
#3217=ORIENTED_EDGE('',*,*,#2345,.T.);
#3218=ORIENTED_EDGE('',*,*,#2346,.T.);
#3219=ORIENTED_EDGE('',*,*,#2341,.F.);
#3220=ORIENTED_EDGE('',*,*,#2344,.F.);
#3221=ORIENTED_EDGE('',*,*,#2347,.T.);
#3222=ORIENTED_EDGE('',*,*,#2348,.T.);
#3223=ORIENTED_EDGE('',*,*,#2348,.F.);
#3224=ORIENTED_EDGE('',*,*,#2349,.T.);
#3225=ORIENTED_EDGE('',*,*,#2350,.F.);
#3226=ORIENTED_EDGE('',*,*,#2351,.T.);
#3227=ORIENTED_EDGE('',*,*,#2347,.F.);
#3228=ORIENTED_EDGE('',*,*,#2343,.F.);
#3229=ORIENTED_EDGE('',*,*,#2340,.F.);
#3230=ORIENTED_EDGE('',*,*,#2352,.T.);
#3231=ORIENTED_EDGE('',*,*,#2296,.F.);
#3232=ORIENTED_EDGE('',*,*,#2353,.T.);
#3233=ORIENTED_EDGE('',*,*,#2300,.F.);
#3234=ORIENTED_EDGE('',*,*,#2302,.F.);
#3235=ORIENTED_EDGE('',*,*,#2353,.F.);
#3236=ORIENTED_EDGE('',*,*,#2260,.F.);
#3237=ORIENTED_EDGE('',*,*,#2324,.F.);
#3238=ORIENTED_EDGE('',*,*,#2354,.T.);
#3239=ORIENTED_EDGE('',*,*,#2355,.F.);
#3240=ORIENTED_EDGE('',*,*,#2349,.F.);
#3241=ORIENTED_EDGE('',*,*,#2352,.F.);
#3242=ORIENTED_EDGE('',*,*,#2356,.F.);
#3243=ORIENTED_EDGE('',*,*,#2338,.F.);
#3244=ORIENTED_EDGE('',*,*,#2357,.F.);
#3245=ORIENTED_EDGE('',*,*,#2358,.T.);
#3246=ORIENTED_EDGE('',*,*,#2310,.T.);
#3247=ORIENTED_EDGE('',*,*,#2359,.T.);
#3248=ORIENTED_EDGE('',*,*,#2326,.F.);
#3249=ORIENTED_EDGE('',*,*,#2360,.T.);
#3250=ORIENTED_EDGE('',*,*,#2361,.F.);
#3251=ORIENTED_EDGE('',*,*,#2357,.T.);
#3252=ORIENTED_EDGE('',*,*,#2345,.F.);
#3253=ORIENTED_EDGE('',*,*,#2351,.F.);
#3254=ORIENTED_EDGE('',*,*,#2362,.F.);
#3255=ORIENTED_EDGE('',*,*,#2363,.F.);
#3256=ORIENTED_EDGE('',*,*,#2364,.F.);
#3257=ORIENTED_EDGE('',*,*,#2365,.T.);
#3258=ORIENTED_EDGE('',*,*,#2328,.F.);
#3259=ORIENTED_EDGE('',*,*,#2337,.T.);
#3260=ORIENTED_EDGE('',*,*,#2366,.F.);
#3261=ORIENTED_EDGE('',*,*,#2367,.F.);
#3262=ORIENTED_EDGE('',*,*,#2368,.F.);
#3263=ORIENTED_EDGE('',*,*,#2360,.F.);
#3264=ORIENTED_EDGE('',*,*,#2339,.F.);
#3265=ORIENTED_EDGE('',*,*,#2342,.F.);
#3266=ORIENTED_EDGE('',*,*,#2346,.F.);
#3267=ORIENTED_EDGE('',*,*,#2365,.F.);
#3268=ORIENTED_EDGE('',*,*,#2369,.F.);
#3269=ORIENTED_EDGE('',*,*,#2370,.F.);
#3270=ORIENTED_EDGE('',*,*,#2295,.F.);
#3271=ORIENTED_EDGE('',*,*,#2298,.F.);
#3272=ORIENTED_EDGE('',*,*,#2304,.F.);
#3273=ORIENTED_EDGE('',*,*,#2309,.T.);
#3274=ORIENTED_EDGE('',*,*,#2371,.F.);
#3275=ORIENTED_EDGE('',*,*,#2261,.F.);
#3276=ORIENTED_EDGE('',*,*,#2372,.F.);
#3277=ORIENTED_EDGE('',*,*,#2373,.F.);
#3278=ORIENTED_EDGE('',*,*,#2374,.F.);
#3279=ORIENTED_EDGE('',*,*,#2375,.F.);
#3280=ORIENTED_EDGE('',*,*,#2375,.T.);
#3281=ORIENTED_EDGE('',*,*,#2376,.F.);
#3282=ORIENTED_EDGE('',*,*,#2377,.F.);
#3283=ORIENTED_EDGE('',*,*,#2378,.F.);
#3284=ORIENTED_EDGE('',*,*,#2379,.T.);
#3285=ORIENTED_EDGE('',*,*,#2380,.T.);
#3286=ORIENTED_EDGE('',*,*,#2053,.T.);
#3287=ORIENTED_EDGE('',*,*,#2381,.T.);
#3288=ORIENTED_EDGE('',*,*,#2051,.T.);
#3289=ORIENTED_EDGE('',*,*,#2382,.T.);
#3290=ORIENTED_EDGE('',*,*,#2274,.T.);
#3291=ORIENTED_EDGE('',*,*,#2383,.T.);
#3292=ORIENTED_EDGE('',*,*,#2049,.T.);
#3293=ORIENTED_EDGE('',*,*,#2384,.T.);
#3294=ORIENTED_EDGE('',*,*,#2256,.T.);
#3295=ORIENTED_EDGE('',*,*,#2385,.T.);
#3296=ORIENTED_EDGE('',*,*,#1975,.T.);
#3297=ORIENTED_EDGE('',*,*,#2384,.F.);
#3298=ORIENTED_EDGE('',*,*,#2048,.T.);
#3299=ORIENTED_EDGE('',*,*,#2004,.T.);
#3300=ORIENTED_EDGE('',*,*,#2050,.T.);
#3301=ORIENTED_EDGE('',*,*,#2385,.F.);
#3302=ORIENTED_EDGE('',*,*,#2269,.T.);
#3303=ORIENTED_EDGE('',*,*,#2382,.F.);
#3304=ORIENTED_EDGE('',*,*,#2054,.T.);
#3305=ORIENTED_EDGE('',*,*,#2380,.F.);
#3306=ORIENTED_EDGE('',*,*,#1985,.T.);
#3307=ORIENTED_EDGE('',*,*,#2020,.T.);
#3308=ORIENTED_EDGE('',*,*,#2278,.T.);
#3309=ORIENTED_EDGE('',*,*,#2381,.F.);
#3310=ORIENTED_EDGE('',*,*,#2052,.T.);
#3311=ORIENTED_EDGE('',*,*,#2383,.F.);
#3312=ORIENTED_EDGE('',*,*,#1986,.F.);
#3313=ORIENTED_EDGE('',*,*,#2379,.F.);
#3314=ORIENTED_EDGE('',*,*,#2277,.F.);
#3315=ORIENTED_EDGE('',*,*,#2386,.F.);
#3316=ORIENTED_EDGE('',*,*,#2387,.T.);
#3317=ORIENTED_EDGE('',*,*,#2388,.T.);
#3318=ORIENTED_EDGE('',*,*,#2389,.T.);
#3319=ORIENTED_EDGE('',*,*,#2390,.T.);
#3320=ORIENTED_EDGE('',*,*,#2391,.T.);
#3321=ORIENTED_EDGE('',*,*,#2392,.T.);
#3322=ORIENTED_EDGE('',*,*,#2393,.T.);
#3323=ORIENTED_EDGE('',*,*,#2335,.T.);
#3324=ORIENTED_EDGE('',*,*,#2356,.T.);
#3325=ORIENTED_EDGE('',*,*,#2370,.T.);
#3326=ORIENTED_EDGE('',*,*,#2276,.T.);
#3327=ORIENTED_EDGE('',*,*,#2394,.T.);
#3328=ORIENTED_EDGE('',*,*,#2395,.T.);
#3329=ORIENTED_EDGE('',*,*,#2394,.F.);
#3330=ORIENTED_EDGE('',*,*,#2395,.F.);
#3331=ORIENTED_EDGE('',*,*,#2396,.T.);
#3332=ORIENTED_EDGE('',*,*,#2359,.F.);
#3333=ORIENTED_EDGE('',*,*,#2396,.F.);
#3334=ORIENTED_EDGE('',*,*,#2284,.T.);
#3335=ORIENTED_EDGE('',*,*,#2397,.T.);
#3336=ORIENTED_EDGE('',*,*,#2293,.T.);
#3337=ORIENTED_EDGE('',*,*,#2398,.T.);
#3338=ORIENTED_EDGE('',*,*,#2397,.F.);
#3339=ORIENTED_EDGE('',*,*,#2283,.F.);
#3340=ORIENTED_EDGE('',*,*,#2399,.F.);
#3341=ORIENTED_EDGE('',*,*,#2294,.T.);
#3342=ORIENTED_EDGE('',*,*,#2291,.T.);
#3343=ORIENTED_EDGE('',*,*,#2400,.T.);
#3344=ORIENTED_EDGE('',*,*,#2401,.T.);
#3345=ORIENTED_EDGE('',*,*,#2402,.T.);
#3346=ORIENTED_EDGE('',*,*,#2400,.F.);
#3347=ORIENTED_EDGE('',*,*,#2290,.F.);
#3348=ORIENTED_EDGE('',*,*,#2403,.F.);
#3349=ORIENTED_EDGE('',*,*,#2404,.T.);
#3350=ORIENTED_EDGE('',*,*,#2368,.T.);
#3351=ORIENTED_EDGE('',*,*,#2405,.T.);
#3352=ORIENTED_EDGE('',*,*,#2306,.T.);
#3353=ORIENTED_EDGE('',*,*,#2311,.T.);
#3354=ORIENTED_EDGE('',*,*,#2358,.F.);
#3355=ORIENTED_EDGE('',*,*,#2361,.T.);
#3356=ORIENTED_EDGE('',*,*,#2366,.T.);
#3357=ORIENTED_EDGE('',*,*,#2336,.T.);
#3358=ORIENTED_EDGE('',*,*,#2393,.F.);
#3359=ORIENTED_EDGE('',*,*,#2406,.T.);
#3360=ORIENTED_EDGE('',*,*,#2350,.T.);
#3361=ORIENTED_EDGE('',*,*,#2355,.T.);
#3362=ORIENTED_EDGE('',*,*,#2407,.T.);
#3363=ORIENTED_EDGE('',*,*,#2408,.T.);
#3364=ORIENTED_EDGE('',*,*,#2409,.F.);
#3365=ORIENTED_EDGE('',*,*,#2362,.T.);
#3366=ORIENTED_EDGE('',*,*,#2369,.T.);
#3367=ORIENTED_EDGE('',*,*,#2364,.T.);
#3368=ORIENTED_EDGE('',*,*,#2410,.F.);
#3369=ORIENTED_EDGE('',*,*,#2387,.F.);
#3370=ORIENTED_EDGE('',*,*,#2363,.T.);
#3371=ORIENTED_EDGE('',*,*,#2409,.T.);
#3372=ORIENTED_EDGE('',*,*,#2411,.T.);
#3373=ORIENTED_EDGE('',*,*,#2412,.T.);
#3374=ORIENTED_EDGE('',*,*,#2267,.F.);
#3375=ORIENTED_EDGE('',*,*,#2413,.F.);
#3376=ORIENTED_EDGE('',*,*,#2098,.T.);
#3377=ORIENTED_EDGE('',*,*,#2414,.F.);
#3378=ORIENTED_EDGE('',*,*,#2113,.T.);
#3379=ORIENTED_EDGE('',*,*,#2415,.F.);
#3380=ORIENTED_EDGE('',*,*,#2388,.F.);
#3381=ORIENTED_EDGE('',*,*,#2410,.T.);
#3382=ORIENTED_EDGE('',*,*,#2254,.T.);
#3383=ORIENTED_EDGE('',*,*,#2250,.F.);
#3384=ORIENTED_EDGE('',*,*,#2227,.T.);
#3385=ORIENTED_EDGE('',*,*,#2223,.F.);
#3386=ORIENTED_EDGE('',*,*,#2235,.T.);
#3387=ORIENTED_EDGE('',*,*,#2230,.F.);
#3388=ORIENTED_EDGE('',*,*,#2241,.T.);
#3389=ORIENTED_EDGE('',*,*,#2236,.F.);
#3390=ORIENTED_EDGE('',*,*,#2416,.F.);
#3391=ORIENTED_EDGE('',*,*,#2390,.F.);
#3392=ORIENTED_EDGE('',*,*,#2417,.F.);
#3393=ORIENTED_EDGE('',*,*,#2111,.T.);
#3394=ORIENTED_EDGE('',*,*,#2133,.T.);
#3395=ORIENTED_EDGE('',*,*,#2115,.F.);
#3396=ORIENTED_EDGE('',*,*,#2418,.F.);
#3397=ORIENTED_EDGE('',*,*,#2140,.F.);
#3398=ORIENTED_EDGE('',*,*,#2367,.T.);
#3399=ORIENTED_EDGE('',*,*,#2406,.F.);
#3400=ORIENTED_EDGE('',*,*,#2392,.F.);
#3401=ORIENTED_EDGE('',*,*,#2419,.T.);
#3402=ORIENTED_EDGE('',*,*,#2109,.T.);
#3403=ORIENTED_EDGE('',*,*,#2420,.T.);
#3404=ORIENTED_EDGE('',*,*,#2102,.T.);
#3405=ORIENTED_EDGE('',*,*,#2421,.T.);
#3406=ORIENTED_EDGE('',*,*,#2263,.F.);
#3407=ORIENTED_EDGE('',*,*,#2422,.F.);
#3408=ORIENTED_EDGE('',*,*,#2307,.T.);
#3409=ORIENTED_EDGE('',*,*,#2405,.F.);
#3410=ORIENTED_EDGE('',*,*,#2292,.T.);
#3411=ORIENTED_EDGE('',*,*,#2402,.F.);
#3412=ORIENTED_EDGE('',*,*,#2423,.T.);
#3413=ORIENTED_EDGE('',*,*,#2424,.T.);
#3414=ORIENTED_EDGE('',*,*,#2425,.T.);
#3415=ORIENTED_EDGE('',*,*,#2376,.T.);
#3416=ORIENTED_EDGE('',*,*,#2374,.T.);
#3417=ORIENTED_EDGE('',*,*,#2426,.T.);
#3418=ORIENTED_EDGE('',*,*,#2287,.T.);
#3419=ORIENTED_EDGE('',*,*,#2427,.T.);
#3420=ORIENTED_EDGE('',*,*,#2285,.T.);
#3421=ORIENTED_EDGE('',*,*,#2398,.F.);
#3422=ORIENTED_EDGE('',*,*,#2108,.T.);
#3423=ORIENTED_EDGE('',*,*,#2121,.T.);
#3424=ORIENTED_EDGE('',*,*,#2142,.T.);
#3425=ORIENTED_EDGE('',*,*,#2138,.T.);
#3426=ORIENTED_EDGE('',*,*,#2103,.T.);
#3427=ORIENTED_EDGE('',*,*,#2420,.F.);
#3428=ORIENTED_EDGE('',*,*,#2418,.T.);
#3429=ORIENTED_EDGE('',*,*,#2114,.T.);
#3430=ORIENTED_EDGE('',*,*,#2414,.T.);
#3431=ORIENTED_EDGE('',*,*,#2097,.T.);
#3432=ORIENTED_EDGE('',*,*,#2118,.T.);
#3433=ORIENTED_EDGE('',*,*,#2141,.F.);
#3434=ORIENTED_EDGE('',*,*,#2313,.F.);
#3435=ORIENTED_EDGE('',*,*,#2428,.F.);
#3436=ORIENTED_EDGE('',*,*,#2407,.F.);
#3437=ORIENTED_EDGE('',*,*,#2354,.F.);
#3438=ORIENTED_EDGE('',*,*,#2315,.F.);
#3439=ORIENTED_EDGE('',*,*,#2323,.F.);
#3440=ORIENTED_EDGE('',*,*,#2429,.F.);
#3441=ORIENTED_EDGE('',*,*,#2411,.F.);
#3442=ORIENTED_EDGE('',*,*,#2408,.F.);
#3443=ORIENTED_EDGE('',*,*,#2428,.T.);
#3444=ORIENTED_EDGE('',*,*,#2429,.T.);
#3445=ORIENTED_EDGE('',*,*,#2322,.T.);
#3446=ORIENTED_EDGE('',*,*,#2258,.F.);
#3447=ORIENTED_EDGE('',*,*,#2412,.F.);
#3448=ORIENTED_EDGE('',*,*,#2371,.T.);
#3449=ORIENTED_EDGE('',*,*,#2308,.T.);
#3450=ORIENTED_EDGE('',*,*,#2422,.T.);
#3451=ORIENTED_EDGE('',*,*,#2262,.F.);
#3452=ORIENTED_EDGE('',*,*,#2430,.F.);
#3453=ORIENTED_EDGE('',*,*,#2265,.F.);
#3454=ORIENTED_EDGE('',*,*,#2431,.F.);
#3455=ORIENTED_EDGE('',*,*,#2100,.F.);
#3456=ORIENTED_EDGE('',*,*,#2417,.T.);
#3457=ORIENTED_EDGE('',*,*,#2389,.F.);
#3458=ORIENTED_EDGE('',*,*,#2415,.T.);
#3459=ORIENTED_EDGE('',*,*,#2112,.T.);
#3460=ORIENTED_EDGE('',*,*,#2110,.T.);
#3461=ORIENTED_EDGE('',*,*,#2419,.F.);
#3462=ORIENTED_EDGE('',*,*,#2391,.F.);
#3463=ORIENTED_EDGE('',*,*,#2416,.T.);
#3464=ORIENTED_EDGE('',*,*,#2373,.T.);
#3465=ORIENTED_EDGE('',*,*,#2432,.F.);
#3466=ORIENTED_EDGE('',*,*,#2288,.T.);
#3467=ORIENTED_EDGE('',*,*,#2426,.F.);
#3468=ORIENTED_EDGE('',*,*,#2286,.T.);
#3469=ORIENTED_EDGE('',*,*,#2427,.F.);
#3470=ORIENTED_EDGE('',*,*,#2433,.T.);
#3471=ORIENTED_EDGE('',*,*,#2424,.F.);
#3472=ORIENTED_EDGE('',*,*,#2434,.F.);
#3473=ORIENTED_EDGE('',*,*,#2377,.T.);
#3474=ORIENTED_EDGE('',*,*,#2425,.F.);
#3475=ORIENTED_EDGE('',*,*,#2433,.F.);
#3476=ORIENTED_EDGE('',*,*,#2423,.F.);
#3477=ORIENTED_EDGE('',*,*,#2401,.F.);
#3478=ORIENTED_EDGE('',*,*,#2404,.F.);
#3479=ORIENTED_EDGE('',*,*,#2099,.T.);
#3480=ORIENTED_EDGE('',*,*,#2413,.T.);
#3481=ORIENTED_EDGE('',*,*,#2266,.F.);
#3482=ORIENTED_EDGE('',*,*,#2430,.T.);
#3483=ORIENTED_EDGE('',*,*,#2431,.T.);
#3484=ORIENTED_EDGE('',*,*,#2264,.F.);
#3485=ORIENTED_EDGE('',*,*,#2421,.F.);
#3486=ORIENTED_EDGE('',*,*,#2101,.T.);
#3487=ORIENTED_EDGE('',*,*,#2435,.F.);
#3488=ORIENTED_EDGE('',*,*,#2211,.T.);
#3489=ORIENTED_EDGE('',*,*,#1995,.T.);
#3490=ORIENTED_EDGE('',*,*,#2035,.F.);
#3491=ORIENTED_EDGE('',*,*,#2214,.T.);
#3492=ORIENTED_EDGE('',*,*,#2436,.T.);
#3493=ORIENTED_EDGE('',*,*,#2209,.T.);
#3494=ORIENTED_EDGE('',*,*,#2437,.F.);
#3495=ORIENTED_EDGE('',*,*,#2436,.F.);
#3496=ORIENTED_EDGE('',*,*,#2213,.T.);
#3497=ORIENTED_EDGE('',*,*,#2208,.T.);
#3498=ORIENTED_EDGE('',*,*,#2212,.T.);
#3499=ORIENTED_EDGE('',*,*,#2435,.T.);
#3500=ORIENTED_EDGE('',*,*,#2437,.T.);
#3501=ORIENTED_EDGE('',*,*,#2253,.T.);
#3502=ORIENTED_EDGE('',*,*,#2238,.F.);
#3503=ORIENTED_EDGE('',*,*,#2240,.T.);
#3504=ORIENTED_EDGE('',*,*,#2232,.F.);
#3505=ORIENTED_EDGE('',*,*,#2234,.T.);
#3506=ORIENTED_EDGE('',*,*,#2225,.F.);
#3507=ORIENTED_EDGE('',*,*,#2229,.T.);
#3508=ORIENTED_EDGE('',*,*,#2252,.F.);
#3509=ORIENTED_EDGE('',*,*,#2438,.F.);
#3510=ORIENTED_EDGE('',*,*,#2439,.F.);
#3511=ORIENTED_EDGE('',*,*,#2440,.F.);
#3512=ORIENTED_EDGE('',*,*,#2441,.T.);
#3513=ORIENTED_EDGE('',*,*,#2442,.F.);
#3514=ORIENTED_EDGE('',*,*,#2443,.F.);
#3515=ORIENTED_EDGE('',*,*,#2444,.F.);
#3516=ORIENTED_EDGE('',*,*,#2441,.F.);
#3517=ORIENTED_EDGE('',*,*,#2445,.F.);
#3518=ORIENTED_EDGE('',*,*,#2446,.T.);
#3519=ORIENTED_EDGE('',*,*,#2447,.F.);
#3520=ORIENTED_EDGE('',*,*,#2448,.F.);
#3521=ORIENTED_EDGE('',*,*,#2449,.F.);
#3522=ORIENTED_EDGE('',*,*,#2446,.F.);
#3523=ORIENTED_EDGE('',*,*,#2450,.F.);
#3524=ORIENTED_EDGE('',*,*,#2451,.T.);
#3525=ORIENTED_EDGE('',*,*,#2452,.F.);
#3526=ORIENTED_EDGE('',*,*,#2453,.F.);
#3527=ORIENTED_EDGE('',*,*,#2454,.F.);
#3528=ORIENTED_EDGE('',*,*,#2451,.F.);
#3529=ORIENTED_EDGE('',*,*,#2455,.F.);
#3530=ORIENTED_EDGE('',*,*,#2456,.T.);
#3531=ORIENTED_EDGE('',*,*,#2457,.F.);
#3532=ORIENTED_EDGE('',*,*,#2458,.F.);
#3533=ORIENTED_EDGE('',*,*,#2459,.F.);
#3534=ORIENTED_EDGE('',*,*,#2460,.F.);
#3535=ORIENTED_EDGE('',*,*,#2461,.F.);
#3536=ORIENTED_EDGE('',*,*,#2462,.F.);
#3537=ORIENTED_EDGE('',*,*,#2463,.F.);
#3538=ORIENTED_EDGE('',*,*,#2464,.T.);
#3539=ORIENTED_EDGE('',*,*,#2465,.F.);
#3540=ORIENTED_EDGE('',*,*,#2466,.F.);
#3541=ORIENTED_EDGE('',*,*,#2467,.F.);
#3542=ORIENTED_EDGE('',*,*,#2464,.F.);
#3543=ORIENTED_EDGE('',*,*,#2468,.F.);
#3544=ORIENTED_EDGE('',*,*,#2469,.T.);
#3545=ORIENTED_EDGE('',*,*,#2470,.F.);
#3546=ORIENTED_EDGE('',*,*,#2471,.F.);
#3547=ORIENTED_EDGE('',*,*,#2472,.F.);
#3548=ORIENTED_EDGE('',*,*,#2469,.F.);
#3549=ORIENTED_EDGE('',*,*,#2473,.F.);
#3550=ORIENTED_EDGE('',*,*,#2439,.T.);
#3551=ORIENTED_EDGE('',*,*,#2474,.F.);
#3552=ORIENTED_EDGE('',*,*,#2475,.F.);
#3553=ORIENTED_EDGE('',*,*,#2476,.F.);
#3554=ORIENTED_EDGE('',*,*,#2456,.F.);
#3555=ORIENTED_EDGE('',*,*,#2477,.F.);
#3556=ORIENTED_EDGE('',*,*,#2462,.T.);
#3557=ORIENTED_EDGE('',*,*,#2452,.T.);
#3558=ORIENTED_EDGE('',*,*,#2454,.T.);
#3559=ORIENTED_EDGE('',*,*,#2478,.F.);
#3560=ORIENTED_EDGE('',*,*,#2479,.F.);
#3561=ORIENTED_EDGE('',*,*,#2480,.T.);
#3562=ORIENTED_EDGE('',*,*,#2458,.T.);
#3563=ORIENTED_EDGE('',*,*,#2481,.F.);
#3564=ORIENTED_EDGE('',*,*,#2482,.F.);
#3565=ORIENTED_EDGE('',*,*,#1972,.F.);
#3566=ORIENTED_EDGE('',*,*,#2483,.F.);
#3567=ORIENTED_EDGE('',*,*,#2478,.T.);
#3568=ORIENTED_EDGE('',*,*,#2457,.T.);
#3569=ORIENTED_EDGE('',*,*,#2476,.T.);
#3570=ORIENTED_EDGE('',*,*,#2484,.F.);
#3571=ORIENTED_EDGE('',*,*,#2485,.F.);
#3572=ORIENTED_EDGE('',*,*,#2481,.T.);
#3573=ORIENTED_EDGE('',*,*,#2475,.T.);
#3574=ORIENTED_EDGE('',*,*,#2486,.F.);
#3575=ORIENTED_EDGE('',*,*,#2487,.F.);
#3576=ORIENTED_EDGE('',*,*,#2488,.F.);
#3577=ORIENTED_EDGE('',*,*,#2489,.F.);
#3578=ORIENTED_EDGE('',*,*,#2484,.T.);
#3579=ORIENTED_EDGE('',*,*,#2474,.T.);
#3580=ORIENTED_EDGE('',*,*,#2461,.T.);
#3581=ORIENTED_EDGE('',*,*,#2490,.F.);
#3582=ORIENTED_EDGE('',*,*,#2491,.F.);
#3583=ORIENTED_EDGE('',*,*,#2486,.T.);
#3584=ORIENTED_EDGE('',*,*,#2460,.T.);
#3585=ORIENTED_EDGE('',*,*,#2492,.F.);
#3586=ORIENTED_EDGE('',*,*,#2493,.F.);
#3587=ORIENTED_EDGE('',*,*,#2494,.F.);
#3588=ORIENTED_EDGE('',*,*,#2495,.F.);
#3589=ORIENTED_EDGE('',*,*,#2271,.F.);
#3590=ORIENTED_EDGE('',*,*,#2496,.F.);
#3591=ORIENTED_EDGE('',*,*,#2490,.T.);
#3592=ORIENTED_EDGE('',*,*,#2459,.T.);
#3593=ORIENTED_EDGE('',*,*,#2467,.T.);
#3594=ORIENTED_EDGE('',*,*,#2497,.F.);
#3595=ORIENTED_EDGE('',*,*,#2498,.F.);
#3596=ORIENTED_EDGE('',*,*,#2494,.T.);
#3597=ORIENTED_EDGE('',*,*,#2499,.F.);
#3598=ORIENTED_EDGE('',*,*,#2500,.F.);
#3599=ORIENTED_EDGE('',*,*,#2501,.F.);
#3600=ORIENTED_EDGE('',*,*,#2502,.F.);
#3601=ORIENTED_EDGE('',*,*,#2503,.F.);
#3602=ORIENTED_EDGE('',*,*,#2492,.T.);
#3603=ORIENTED_EDGE('',*,*,#2270,.T.);
#3604=ORIENTED_EDGE('',*,*,#2257,.T.);
#3605=ORIENTED_EDGE('',*,*,#1973,.T.);
#3606=ORIENTED_EDGE('',*,*,#2482,.T.);
#3607=ORIENTED_EDGE('',*,*,#2485,.T.);
#3608=ORIENTED_EDGE('',*,*,#2489,.T.);
#3609=ORIENTED_EDGE('',*,*,#2504,.T.);
#3610=ORIENTED_EDGE('',*,*,#2487,.T.);
#3611=ORIENTED_EDGE('',*,*,#2491,.T.);
#3612=ORIENTED_EDGE('',*,*,#2496,.T.);
#3613=ORIENTED_EDGE('',*,*,#2504,.F.);
#3614=ORIENTED_EDGE('',*,*,#2488,.T.);
#3615=ORIENTED_EDGE('',*,*,#1971,.T.);
#3616=ORIENTED_EDGE('',*,*,#1969,.T.);
#3617=ORIENTED_EDGE('',*,*,#1989,.T.);
#3618=ORIENTED_EDGE('',*,*,#2505,.T.);
#3619=ORIENTED_EDGE('',*,*,#2506,.T.);
#3620=ORIENTED_EDGE('',*,*,#2507,.T.);
#3621=ORIENTED_EDGE('',*,*,#2508,.T.);
#3622=ORIENTED_EDGE('',*,*,#2509,.T.);
#3623=ORIENTED_EDGE('',*,*,#2479,.T.);
#3624=ORIENTED_EDGE('',*,*,#2483,.T.);
#3625=ORIENTED_EDGE('',*,*,#2508,.F.);
#3626=ORIENTED_EDGE('',*,*,#2510,.T.);
#3627=ORIENTED_EDGE('',*,*,#2453,.T.);
#3628=ORIENTED_EDGE('',*,*,#2480,.F.);
#3629=ORIENTED_EDGE('',*,*,#2509,.F.);
#3630=ORIENTED_EDGE('',*,*,#2510,.F.);
#3631=ORIENTED_EDGE('',*,*,#2507,.F.);
#3632=ORIENTED_EDGE('',*,*,#2511,.T.);
#3633=ORIENTED_EDGE('',*,*,#2449,.T.);
#3634=ORIENTED_EDGE('',*,*,#2511,.F.);
#3635=ORIENTED_EDGE('',*,*,#2506,.F.);
#3636=ORIENTED_EDGE('',*,*,#2512,.T.);
#3637=ORIENTED_EDGE('',*,*,#2447,.T.);
#3638=ORIENTED_EDGE('',*,*,#1987,.T.);
#3639=ORIENTED_EDGE('',*,*,#2386,.T.);
#3640=ORIENTED_EDGE('',*,*,#2281,.T.);
#3641=ORIENTED_EDGE('',*,*,#2513,.T.);
#3642=ORIENTED_EDGE('',*,*,#2514,.T.);
#3643=ORIENTED_EDGE('',*,*,#2515,.T.);
#3644=ORIENTED_EDGE('',*,*,#2516,.T.);
#3645=ORIENTED_EDGE('',*,*,#2517,.T.);
#3646=ORIENTED_EDGE('',*,*,#2518,.T.);
#3647=ORIENTED_EDGE('',*,*,#2519,.T.);
#3648=ORIENTED_EDGE('',*,*,#2438,.T.);
#3649=ORIENTED_EDGE('',*,*,#2520,.F.);
#3650=ORIENTED_EDGE('',*,*,#2514,.F.);
#3651=ORIENTED_EDGE('',*,*,#2521,.T.);
#3652=ORIENTED_EDGE('',*,*,#2470,.T.);
#3653=ORIENTED_EDGE('',*,*,#2471,.T.);
#3654=ORIENTED_EDGE('',*,*,#2521,.F.);
#3655=ORIENTED_EDGE('',*,*,#2513,.F.);
#3656=ORIENTED_EDGE('',*,*,#2280,.F.);
#3657=ORIENTED_EDGE('',*,*,#2522,.F.);
#3658=ORIENTED_EDGE('',*,*,#2523,.T.);
#3659=ORIENTED_EDGE('',*,*,#2524,.F.);
#3660=ORIENTED_EDGE('',*,*,#2525,.T.);
#3661=ORIENTED_EDGE('',*,*,#2279,.T.);
#3662=ORIENTED_EDGE('',*,*,#2275,.T.);
#3663=ORIENTED_EDGE('',*,*,#2272,.T.);
#3664=ORIENTED_EDGE('',*,*,#2495,.T.);
#3665=ORIENTED_EDGE('',*,*,#2498,.T.);
#3666=ORIENTED_EDGE('',*,*,#2526,.T.);
#3667=ORIENTED_EDGE('',*,*,#2527,.T.);
#3668=ORIENTED_EDGE('',*,*,#2528,.T.);
#3669=ORIENTED_EDGE('',*,*,#2529,.T.);
#3670=ORIENTED_EDGE('',*,*,#2522,.T.);
#3671=ORIENTED_EDGE('',*,*,#2466,.T.);
#3672=ORIENTED_EDGE('',*,*,#2530,.F.);
#3673=ORIENTED_EDGE('',*,*,#2528,.F.);
#3674=ORIENTED_EDGE('',*,*,#2531,.F.);
#3675=ORIENTED_EDGE('',*,*,#2526,.F.);
#3676=ORIENTED_EDGE('',*,*,#2497,.T.);
#3677=ORIENTED_EDGE('',*,*,#2532,.T.);
#3678=ORIENTED_EDGE('',*,*,#2533,.T.);
#3679=ORIENTED_EDGE('',*,*,#2534,.T.);
#3680=ORIENTED_EDGE('',*,*,#2535,.T.);
#3681=ORIENTED_EDGE('',*,*,#2524,.T.);
#3682=ORIENTED_EDGE('',*,*,#2536,.T.);
#3683=ORIENTED_EDGE('',*,*,#2537,.F.);
#3684=ORIENTED_EDGE('',*,*,#2538,.T.);
#3685=ORIENTED_EDGE('',*,*,#2539,.F.);
#3686=ORIENTED_EDGE('',*,*,#2534,.F.);
#3687=ORIENTED_EDGE('',*,*,#2540,.T.);
#3688=ORIENTED_EDGE('',*,*,#2537,.T.);
#3689=ORIENTED_EDGE('',*,*,#2541,.T.);
#3690=ORIENTED_EDGE('',*,*,#2542,.F.);
#3691=ORIENTED_EDGE('',*,*,#2543,.T.);
#3692=ORIENTED_EDGE('',*,*,#2532,.F.);
#3693=ORIENTED_EDGE('',*,*,#2540,.F.);
#3694=ORIENTED_EDGE('',*,*,#2533,.F.);
#3695=ORIENTED_EDGE('',*,*,#2543,.F.);
#3696=ORIENTED_EDGE('',*,*,#2501,.T.);
#3697=ORIENTED_EDGE('',*,*,#2500,.T.);
#3698=ORIENTED_EDGE('',*,*,#2544,.T.);
#3699=ORIENTED_EDGE('',*,*,#2545,.T.);
#3700=ORIENTED_EDGE('',*,*,#2546,.T.);
#3701=ORIENTED_EDGE('',*,*,#2502,.T.);
#3702=ORIENTED_EDGE('',*,*,#2547,.T.);
#3703=ORIENTED_EDGE('',*,*,#2544,.F.);
#3704=ORIENTED_EDGE('',*,*,#2499,.T.);
#3705=ORIENTED_EDGE('',*,*,#2493,.T.);
#3706=ORIENTED_EDGE('',*,*,#2503,.T.);
#3707=ORIENTED_EDGE('',*,*,#2546,.F.);
#3708=ORIENTED_EDGE('',*,*,#2545,.F.);
#3709=ORIENTED_EDGE('',*,*,#2547,.F.);
#3710=ORIENTED_EDGE('',*,*,#2548,.F.);
#3711=ORIENTED_EDGE('',*,*,#2549,.F.);
#3712=ORIENTED_EDGE('',*,*,#2548,.T.);
#3713=ORIENTED_EDGE('',*,*,#2472,.T.);
#3714=ORIENTED_EDGE('',*,*,#2525,.F.);
#3715=ORIENTED_EDGE('',*,*,#2535,.F.);
#3716=ORIENTED_EDGE('',*,*,#2539,.T.);
#3717=ORIENTED_EDGE('',*,*,#2538,.F.);
#3718=ORIENTED_EDGE('',*,*,#2541,.F.);
#3719=ORIENTED_EDGE('',*,*,#2536,.F.);
#3720=ORIENTED_EDGE('',*,*,#2523,.F.);
#3721=ORIENTED_EDGE('',*,*,#2529,.F.);
#3722=ORIENTED_EDGE('',*,*,#2530,.T.);
#3723=ORIENTED_EDGE('',*,*,#2465,.T.);
#3724=ORIENTED_EDGE('',*,*,#2448,.T.);
#3725=ORIENTED_EDGE('',*,*,#2512,.F.);
#3726=ORIENTED_EDGE('',*,*,#2505,.F.);
#3727=ORIENTED_EDGE('',*,*,#1988,.F.);
#3728=ORIENTED_EDGE('',*,*,#2519,.F.);
#3729=ORIENTED_EDGE('',*,*,#2550,.T.);
#3730=ORIENTED_EDGE('',*,*,#2444,.T.);
#3731=ORIENTED_EDGE('',*,*,#2550,.F.);
#3732=ORIENTED_EDGE('',*,*,#2518,.F.);
#3733=ORIENTED_EDGE('',*,*,#2551,.T.);
#3734=ORIENTED_EDGE('',*,*,#2442,.T.);
#3735=ORIENTED_EDGE('',*,*,#2443,.T.);
#3736=ORIENTED_EDGE('',*,*,#2551,.F.);
#3737=ORIENTED_EDGE('',*,*,#2517,.F.);
#3738=ORIENTED_EDGE('',*,*,#2552,.F.);
#3739=ORIENTED_EDGE('',*,*,#2515,.F.);
#3740=ORIENTED_EDGE('',*,*,#2520,.T.);
#3741=ORIENTED_EDGE('',*,*,#2516,.F.);
#3742=ORIENTED_EDGE('',*,*,#2552,.T.);
#3743=ORIENTED_EDGE('',*,*,#2527,.F.);
#3744=ORIENTED_EDGE('',*,*,#2531,.T.);
#3745=ORIENTED_EDGE('',*,*,#2399,.T.);
#3746=ORIENTED_EDGE('',*,*,#2282,.T.);
#3747=ORIENTED_EDGE('',*,*,#2432,.T.);
#3748=ORIENTED_EDGE('',*,*,#2372,.T.);
#3749=ORIENTED_EDGE('',*,*,#2378,.T.);
#3750=ORIENTED_EDGE('',*,*,#2434,.T.);
#3751=ORIENTED_EDGE('',*,*,#2403,.T.);
#3752=ORIENTED_EDGE('',*,*,#2289,.T.);
#3753=ORIENTED_EDGE('',*,*,#2542,.T.);
#3754=ORIENTED_EDGE('',*,*,#2549,.T.);
#3755=ORIENTED_EDGE('',*,*,#2463,.T.);
#3756=ORIENTED_EDGE('',*,*,#2477,.T.);
#3757=ORIENTED_EDGE('',*,*,#2455,.T.);
#3758=ORIENTED_EDGE('',*,*,#2450,.T.);
#3759=ORIENTED_EDGE('',*,*,#2445,.T.);
#3760=ORIENTED_EDGE('',*,*,#2440,.T.);
#3761=ORIENTED_EDGE('',*,*,#2473,.T.);
#3762=ORIENTED_EDGE('',*,*,#2468,.T.);
#3763=PLANE('',#4118);
#3764=PLANE('',#4119);
#3765=PLANE('',#4123);
#3766=PLANE('',#4124);
#3767=PLANE('',#4125);
#3768=PLANE('',#4126);
#3769=PLANE('',#4127);
#3770=PLANE('',#4128);
#3771=PLANE('',#4129);
#3772=PLANE('',#4134);
#3773=PLANE('',#4135);
#3774=PLANE('',#4136);
#3775=PLANE('',#4137);
#3776=PLANE('',#4138);
#3777=PLANE('',#4139);
#3778=PLANE('',#4140);
#3779=PLANE('',#4141);
#3780=PLANE('',#4142);
#3781=PLANE('',#4144);
#3782=PLANE('',#4167);
#3783=PLANE('',#4173);
#3784=PLANE('',#4176);
#3785=PLANE('',#4177);
#3786=PLANE('',#4178);
#3787=PLANE('',#4179);
#3788=PLANE('',#4180);
#3789=PLANE('',#4181);
#3790=PLANE('',#4182);
#3791=PLANE('',#4183);
#3792=PLANE('',#4184);
#3793=PLANE('',#4185);
#3794=PLANE('',#4186);
#3795=PLANE('',#4187);
#3796=PLANE('',#4188);
#3797=PLANE('',#4189);
#3798=PLANE('',#4190);
#3799=PLANE('',#4191);
#3800=PLANE('',#4192);
#3801=PLANE('',#4193);
#3802=PLANE('',#4194);
#3803=PLANE('',#4195);
#3804=PLANE('',#4196);
#3805=PLANE('',#4199);
#3806=PLANE('',#4200);
#3807=PLANE('',#4201);
#3808=PLANE('',#4202);
#3809=PLANE('',#4203);
#3810=PLANE('',#4204);
#3811=PLANE('',#4205);
#3812=PLANE('',#4206);
#3813=PLANE('',#4211);
#3814=PLANE('',#4212);
#3815=PLANE('',#4213);
#3816=PLANE('',#4214);
#3817=PLANE('',#4215);
#3818=PLANE('',#4216);
#3819=PLANE('',#4217);
#3820=PLANE('',#4218);
#3821=PLANE('',#4219);
#3822=PLANE('',#4220);
#3823=PLANE('',#4221);
#3824=PLANE('',#4222);
#3825=PLANE('',#4223);
#3826=PLANE('',#4224);
#3827=PLANE('',#4225);
#3828=PLANE('',#4226);
#3829=PLANE('',#4227);
#3830=PLANE('',#4228);
#3831=PLANE('',#4229);
#3832=PLANE('',#4230);
#3833=PLANE('',#4231);
#3834=PLANE('',#4232);
#3835=PLANE('',#4233);
#3836=PLANE('',#4234);
#3837=PLANE('',#4235);
#3838=PLANE('',#4236);
#3839=PLANE('',#4237);
#3840=PLANE('',#4238);
#3841=PLANE('',#4239);
#3842=PLANE('',#4240);
#3843=PLANE('',#4241);
#3844=PLANE('',#4242);
#3845=PLANE('',#4243);
#3846=PLANE('',#4245);
#3847=PLANE('',#4246);
#3848=PLANE('',#4247);
#3849=PLANE('',#4268);
#3850=PLANE('',#4287);
#3851=PLANE('',#4288);
#3852=PLANE('',#4289);
#3853=PLANE('',#4290);
#3854=PLANE('',#4291);
#3855=PLANE('',#4292);
#3856=PLANE('',#4293);
#3857=PLANE('',#4294);
#3858=PLANE('',#4295);
#3859=PLANE('',#4299);
#3860=PLANE('',#4300);
#3861=PLANE('',#4301);
#3862=PLANE('',#4302);
#3863=PLANE('',#4303);
#3864=PLANE('',#4304);
#3865=PLANE('',#4305);
#3866=PLANE('',#4308);
#3867=PLANE('',#4309);
#3868=PLANE('',#4316);
#3869=PLANE('',#4319);
#3870=PLANE('',#4320);
#3871=PLANE('',#4324);
#3872=PLANE('',#4325);
#3873=PLANE('',#4329);
#3874=PLANE('',#4330);
#3875=PLANE('',#4331);
#3876=PLANE('',#4334);
#3877=PLANE('',#4335);
#3878=PLANE('',#4336);
#3879=PLANE('',#4337);
#3880=PLANE('',#4338);
#3881=PLANE('',#4339);
#3882=PLANE('',#4340);
#3883=PLANE('',#4341);
#3884=PLANE('',#4342);
#3885=PLANE('',#4343);
#3886=PLANE('',#4344);
#3887=PLANE('',#4345);
#3888=PLANE('',#4346);
#3889=PLANE('',#4347);
#3890=PLANE('',#4348);
#3891=PLANE('',#4349);
#3892=PLANE('',#4350);
#3893=PLANE('',#4351);
#3894=PLANE('',#4352);
#3895=PLANE('',#4353);
#3896=PLANE('',#4358);
#3897=PLANE('',#4359);
#3898=PLANE('',#4360);
#3899=ADVANCED_FACE('',(#296),#3763,.T.);
#3900=ADVANCED_FACE('',(#297),#3764,.T.);
#3901=ADVANCED_FACE('',(#298),#3765,.T.);
#3902=ADVANCED_FACE('',(#299),#3766,.T.);
#3903=ADVANCED_FACE('',(#300),#3767,.T.);
#3904=ADVANCED_FACE('',(#301),#3768,.F.);
#3905=ADVANCED_FACE('',(#302),#3769,.F.);
#3906=ADVANCED_FACE('',(#303),#3770,.T.);
#3907=ADVANCED_FACE('',(#304,#86,#87,#88,#89,#90),#3771,.F.);
#3908=ADVANCED_FACE('',(#305),#3772,.F.);
#3909=ADVANCED_FACE('',(#306),#3773,.T.);
#3910=ADVANCED_FACE('',(#307),#3774,.T.);
#3911=ADVANCED_FACE('',(#308),#3775,.T.);
#3912=ADVANCED_FACE('',(#309),#3776,.T.);
#3913=ADVANCED_FACE('',(#310),#3777,.T.);
#3914=ADVANCED_FACE('',(#311),#3778,.T.);
#3915=ADVANCED_FACE('',(#312),#3779,.T.);
#3916=ADVANCED_FACE('',(#313,#91),#3780,.T.);
#3917=ADVANCED_FACE('',(#314,#92),#3781,.T.);
#3918=ADVANCED_FACE('',(#315),#54,.T.);
#3919=ADVANCED_FACE('',(#316),#55,.T.);
#3920=ADVANCED_FACE('',(#317),#56,.F.);
#3921=ADVANCED_FACE('',(#318),#57,.F.);
#3922=ADVANCED_FACE('',(#319),#58,.F.);
#3923=ADVANCED_FACE('',(#320),#3782,.T.);
#3924=ADVANCED_FACE('',(#321),#59,.F.);
#3925=ADVANCED_FACE('',(#322),#3783,.T.);
#3926=ADVANCED_FACE('',(#323),#60,.F.);
#3927=ADVANCED_FACE('',(#324),#3784,.F.);
#3928=ADVANCED_FACE('',(#325),#3785,.T.);
#3929=ADVANCED_FACE('',(#326),#3786,.T.);
#3930=ADVANCED_FACE('',(#327),#3787,.T.);
#3931=ADVANCED_FACE('',(#328),#3788,.T.);
#3932=ADVANCED_FACE('',(#329),#3789,.T.);
#3933=ADVANCED_FACE('',(#330),#3790,.F.);
#3934=ADVANCED_FACE('',(#331),#3791,.F.);
#3935=ADVANCED_FACE('',(#332),#3792,.F.);
#3936=ADVANCED_FACE('',(#333),#3793,.F.);
#3937=ADVANCED_FACE('',(#334),#3794,.F.);
#3938=ADVANCED_FACE('',(#335),#3795,.F.);
#3939=ADVANCED_FACE('',(#336),#3796,.F.);
#3940=ADVANCED_FACE('',(#337),#3797,.F.);
#3941=ADVANCED_FACE('',(#338),#3798,.F.);
#3942=ADVANCED_FACE('',(#339),#3799,.F.);
#3943=ADVANCED_FACE('',(#340),#3800,.F.);
#3944=ADVANCED_FACE('',(#341),#3801,.F.);
#3945=ADVANCED_FACE('',(#342),#3802,.F.);
#3946=ADVANCED_FACE('',(#343),#3803,.T.);
#3947=ADVANCED_FACE('',(#344,#93,#94),#3804,.T.);
#3948=ADVANCED_FACE('',(#345),#3805,.T.);
#3949=ADVANCED_FACE('',(#346),#3806,.T.);
#3950=ADVANCED_FACE('',(#347),#3807,.T.);
#3951=ADVANCED_FACE('',(#348),#3808,.T.);
#3952=ADVANCED_FACE('',(#349),#3809,.T.);
#3953=ADVANCED_FACE('',(#350),#3810,.T.);
#3954=ADVANCED_FACE('',(#351),#3811,.T.);
#3955=ADVANCED_FACE('',(#352),#3812,.T.);
#3956=ADVANCED_FACE('',(#353),#61,.F.);
#3957=ADVANCED_FACE('',(#354),#62,.F.);
#3958=ADVANCED_FACE('',(#355),#63,.F.);
#3959=ADVANCED_FACE('',(#356),#64,.F.);
#3960=ADVANCED_FACE('',(#357),#3813,.T.);
#3961=ADVANCED_FACE('',(#358),#3814,.T.);
#3962=ADVANCED_FACE('',(#359),#3815,.T.);
#3963=ADVANCED_FACE('',(#360),#3816,.T.);
#3964=ADVANCED_FACE('',(#361),#3817,.T.);
#3965=ADVANCED_FACE('',(#362),#3818,.T.);
#3966=ADVANCED_FACE('',(#363),#3819,.T.);
#3967=ADVANCED_FACE('',(#364),#3820,.T.);
#3968=ADVANCED_FACE('',(#365),#3821,.T.);
#3969=ADVANCED_FACE('',(#366),#3822,.T.);
#3970=ADVANCED_FACE('',(#367),#3823,.T.);
#3971=ADVANCED_FACE('',(#368),#3824,.T.);
#3972=ADVANCED_FACE('',(#369),#3825,.F.);
#3973=ADVANCED_FACE('',(#370,#95),#3826,.F.);
#3974=ADVANCED_FACE('',(#371),#3827,.T.);
#3975=ADVANCED_FACE('',(#372),#3828,.F.);
#3976=ADVANCED_FACE('',(#373),#3829,.T.);
#3977=ADVANCED_FACE('',(#374),#3830,.F.);
#3978=ADVANCED_FACE('',(#375),#3831,.T.);
#3979=ADVANCED_FACE('',(#376),#3832,.F.);
#3980=ADVANCED_FACE('',(#377),#3833,.T.);
#3981=ADVANCED_FACE('',(#378),#3834,.F.);
#3982=ADVANCED_FACE('',(#379),#3835,.T.);
#3983=ADVANCED_FACE('',(#380),#3836,.F.);
#3984=ADVANCED_FACE('',(#381),#3837,.T.);
#3985=ADVANCED_FACE('',(#382),#3838,.F.);
#3986=ADVANCED_FACE('',(#383),#3839,.T.);
#3987=ADVANCED_FACE('',(#384),#3840,.F.);
#3988=ADVANCED_FACE('',(#385),#3841,.T.);
#3989=ADVANCED_FACE('',(#386),#3842,.F.);
#3990=ADVANCED_FACE('',(#387,#96),#3843,.T.);
#3991=ADVANCED_FACE('',(#388),#3844,.T.);
#3992=ADVANCED_FACE('',(#389,#97),#3845,.T.);
#3993=ADVANCED_FACE('',(#390),#3846,.T.);
#3994=ADVANCED_FACE('',(#391),#3847,.F.);
#3995=ADVANCED_FACE('',(#392),#3848,.F.);
#3996=ADVANCED_FACE('',(#393),#20,.F.);
#3997=ADVANCED_FACE('',(#394),#21,.F.);
#3998=ADVANCED_FACE('',(#395),#22,.F.);
#3999=ADVANCED_FACE('',(#396),#65,.T.);
#4000=ADVANCED_FACE('',(#397),#66,.F.);
#4001=ADVANCED_FACE('',(#398),#23,.F.);
#4002=ADVANCED_FACE('',(#399),#24,.F.);
#4003=ADVANCED_FACE('',(#400),#25,.F.);
#4004=ADVANCED_FACE('',(#401),#67,.F.);
#4005=ADVANCED_FACE('',(#402),#68,.F.);
#4006=ADVANCED_FACE('',(#403),#26,.F.);
#4007=ADVANCED_FACE('',(#404),#27,.F.);
#4008=ADVANCED_FACE('',(#405),#28,.F.);
#4009=ADVANCED_FACE('',(#406),#69,.F.);
#4010=ADVANCED_FACE('',(#407),#70,.F.);
#4011=ADVANCED_FACE('',(#408),#29,.F.);
#4012=ADVANCED_FACE('',(#409),#30,.F.);
#4013=ADVANCED_FACE('',(#410),#31,.F.);
#4014=ADVANCED_FACE('',(#411),#71,.F.);
#4015=ADVANCED_FACE('',(#412),#72,.F.);
#4016=ADVANCED_FACE('',(#413),#73,.F.);
#4017=ADVANCED_FACE('',(#414,#98),#3849,.F.);
#4018=ADVANCED_FACE('',(#415),#74,.F.);
#4019=ADVANCED_FACE('',(#416),#75,.T.);
#4020=ADVANCED_FACE('',(#417),#76,.T.);
#4021=ADVANCED_FACE('',(#418),#77,.F.);
#4022=ADVANCED_FACE('',(#419),#78,.F.);
#4023=ADVANCED_FACE('',(#420),#79,.F.);
#4024=ADVANCED_FACE('',(#421),#3850,.F.);
#4025=ADVANCED_FACE('',(#422),#3851,.T.);
#4026=ADVANCED_FACE('',(#423),#3852,.T.);
#4027=ADVANCED_FACE('',(#424),#3853,.T.);
#4028=ADVANCED_FACE('',(#425),#3854,.T.);
#4029=ADVANCED_FACE('',(#426),#3855,.T.);
#4030=ADVANCED_FACE('',(#427),#3856,.T.);
#4031=ADVANCED_FACE('',(#428),#3857,.T.);
#4032=ADVANCED_FACE('',(#429,#99),#3858,.T.);
#4033=ADVANCED_FACE('',(#430),#15,.F.);
#4034=ADVANCED_FACE('',(#431),#80,.F.);
#4035=ADVANCED_FACE('',(#432),#3859,.T.);
#4036=ADVANCED_FACE('',(#433),#3860,.F.);
#4037=ADVANCED_FACE('',(#434),#3861,.T.);
#4038=ADVANCED_FACE('',(#435),#3862,.F.);
#4039=ADVANCED_FACE('',(#436),#3863,.F.);
#4040=ADVANCED_FACE('',(#437),#3864,.F.);
#4041=ADVANCED_FACE('',(#438),#3865,.F.);
#4042=ADVANCED_FACE('',(#439),#3866,.F.);
#4043=ADVANCED_FACE('',(#440,#100),#3867,.F.);
#4044=ADVANCED_FACE('',(#441),#81,.F.);
#4045=ADVANCED_FACE('',(#442),#82,.F.);
#4046=ADVANCED_FACE('',(#443,#101),#3868,.F.);
#4047=ADVANCED_FACE('',(#444),#3869,.F.);
#4048=ADVANCED_FACE('',(#445),#3870,.F.);
#4049=ADVANCED_FACE('',(#446),#83,.F.);
#4050=ADVANCED_FACE('',(#447),#84,.T.);
#4051=ADVANCED_FACE('',(#448),#3871,.F.);
#4052=ADVANCED_FACE('',(#449),#3872,.F.);
#4053=ADVANCED_FACE('',(#450),#85,.F.);
#4054=ADVANCED_FACE('',(#451),#3873,.F.);
#4055=ADVANCED_FACE('',(#452),#3874,.F.);
#4056=ADVANCED_FACE('',(#453),#3875,.F.);
#4057=ADVANCED_FACE('',(#454),#16,.F.);
#4058=ADVANCED_FACE('',(#455),#17,.F.);
#4059=ADVANCED_FACE('',(#456),#3876,.F.);
#4060=ADVANCED_FACE('',(#457),#3877,.F.);
#4061=ADVANCED_FACE('',(#458),#3878,.F.);
#4062=ADVANCED_FACE('',(#459),#3879,.F.);
#4063=ADVANCED_FACE('',(#460),#3880,.F.);
#4064=ADVANCED_FACE('',(#461,#102),#3881,.F.);
#4065=ADVANCED_FACE('',(#462),#3882,.F.);
#4066=ADVANCED_FACE('',(#463),#3883,.F.);
#4067=ADVANCED_FACE('',(#464),#3884,.F.);
#4068=ADVANCED_FACE('',(#465),#3885,.F.);
#4069=ADVANCED_FACE('',(#466),#3886,.F.);
#4070=ADVANCED_FACE('',(#467),#3887,.F.);
#4071=ADVANCED_FACE('',(#468),#3888,.F.);
#4072=ADVANCED_FACE('',(#469),#3889,.F.);
#4073=ADVANCED_FACE('',(#470),#32,.T.);
#4074=ADVANCED_FACE('',(#471),#33,.T.);
#4075=ADVANCED_FACE('',(#472),#34,.T.);
#4076=ADVANCED_FACE('',(#473),#35,.T.);
#4077=ADVANCED_FACE('',(#474),#36,.T.);
#4078=ADVANCED_FACE('',(#475),#37,.T.);
#4079=ADVANCED_FACE('',(#476),#38,.T.);
#4080=ADVANCED_FACE('',(#477),#3890,.T.);
#4081=ADVANCED_FACE('',(#478),#3891,.T.);
#4082=ADVANCED_FACE('',(#479),#3892,.T.);
#4083=ADVANCED_FACE('',(#480),#3893,.T.);
#4084=ADVANCED_FACE('',(#481),#39,.T.);
#4085=ADVANCED_FACE('',(#482),#40,.T.);
#4086=ADVANCED_FACE('',(#483),#3894,.T.);
#4087=ADVANCED_FACE('',(#484),#41,.T.);
#4088=ADVANCED_FACE('',(#485),#42,.T.);
#4089=ADVANCED_FACE('',(#486),#3895,.T.);
#4090=ADVANCED_FACE('',(#487),#43,.T.);
#4091=ADVANCED_FACE('',(#488),#44,.T.);
#4092=ADVANCED_FACE('',(#489),#45,.T.);
#4093=ADVANCED_FACE('',(#490),#18,.F.);
#4094=ADVANCED_FACE('',(#491),#46,.T.);
#4095=ADVANCED_FACE('',(#492),#47,.T.);
#4096=ADVANCED_FACE('',(#493),#19,.F.);
#4097=ADVANCED_FACE('',(#494),#48,.T.);
#4098=ADVANCED_FACE('',(#495),#49,.T.);
#4099=ADVANCED_FACE('',(#496),#50,.T.);
#4100=ADVANCED_FACE('',(#497),#51,.T.);
#4101=ADVANCED_FACE('',(#498),#3896,.T.);
#4102=ADVANCED_FACE('',(#499),#3897,.T.);
#4103=ADVANCED_FACE('',(#500,#103,#104,#105),#3898,.F.);
#4104=CLOSED_SHELL('',(#3899,#3900,#3901,#3902,#3903,#3904,#3905,#3906,
#3907,#3908,#3909,#3910,#3911,#3912,#3913,#3914,#3915,#3916,#3917,#3918,
#3919,#3920,#3921,#3922,#3923,#3924,#3925,#3926,#3927,#3928,#3929,#3930,
#3931,#3932,#3933,#3934,#3935,#3936,#3937,#3938,#3939,#3940,#3941,#3942,
#3943,#3944,#3945,#3946,#3947,#3948,#3949,#3950,#3951,#3952,#3953,#3954,
#3955,#3956,#3957,#3958,#3959,#3960,#3961,#3962,#3963,#3964,#3965,#3966,
#3967,#3968,#3969,#3970,#3971,#3972,#3973,#3974,#3975,#3976,#3977,#3978,
#3979,#3980,#3981,#3982,#3983,#3984,#3985,#3986,#3987,#3988,#3989,#3990,
#3991,#3992,#3993,#3994,#3995,#3996,#3997,#3998,#3999,#4000,#4001,#4002,
#4003,#4004,#4005,#4006,#4007,#4008,#4009,#4010,#4011,#4012,#4013,#4014,
#4015,#4016,#4017,#4018,#4019,#4020,#4021,#4022,#4023,#4024,#4025,#4026,
#4027,#4028,#4029,#4030,#4031,#4032,#4033,#4034,#4035,#4036,#4037,#4038,
#4039,#4040,#4041,#4042,#4043,#4044,#4045,#4046,#4047,#4048,#4049,#4050,
#4051,#4052,#4053,#4054,#4055,#4056,#4057,#4058,#4059,#4060,#4061,#4062,
#4063,#4064,#4065,#4066,#4067,#4068,#4069,#4070,#4071,#4072,#4073,#4074,
#4075,#4076,#4077,#4078,#4079,#4080,#4081,#4082,#4083,#4084,#4085,#4086,
#4087,#4088,#4089,#4090,#4091,#4092,#4093,#4094,#4095,#4096,#4097,#4098,
#4099,#4100,#4101,#4102,#4103));
#4105=DERIVED_UNIT_ELEMENT(#4107,1.);
#4106=DERIVED_UNIT_ELEMENT(#8363,-3.);
#4107=(
MASS_UNIT()
NAMED_UNIT(*)
SI_UNIT(.KILO.,.GRAM.)
);
#4108=DERIVED_UNIT((#4105,#4106));
#4109=MEASURE_REPRESENTATION_ITEM('density measure',
POSITIVE_RATIO_MEASURE(7850.),#4108);
#4110=PROPERTY_DEFINITION_REPRESENTATION(#4115,#4112);
#4111=PROPERTY_DEFINITION_REPRESENTATION(#4116,#4113);
#4112=REPRESENTATION('material name',(#4114),#8360);
#4113=REPRESENTATION('density',(#4109),#8360);
#4114=DESCRIPTIVE_REPRESENTATION_ITEM('Steel','Steel');
#4115=PROPERTY_DEFINITION('material property','material name',#8370);
#4116=PROPERTY_DEFINITION('material property','density of part',#8370);
#4117=AXIS2_PLACEMENT_3D('',#5262,#4361,#4362);
#4118=AXIS2_PLACEMENT_3D('',#5263,#4363,#4364);
#4119=AXIS2_PLACEMENT_3D('',#5274,#4370,#4371);
#4120=AXIS2_PLACEMENT_3D('',#5282,#4375,#4376);
#4121=AXIS2_PLACEMENT_3D('',#5284,#4377,#4378);
#4122=AXIS2_PLACEMENT_3D('',#5296,#4384,#4385);
#4123=AXIS2_PLACEMENT_3D('',#5310,#4393,#4394);
#4124=AXIS2_PLACEMENT_3D('',#5329,#4401,#4402);
#4125=AXIS2_PLACEMENT_3D('',#5340,#4408,#4409);
#4126=AXIS2_PLACEMENT_3D('',#5358,#4416,#4417);
#4127=AXIS2_PLACEMENT_3D('',#5375,#4426,#4427);
#4128=AXIS2_PLACEMENT_3D('',#5382,#4431,#4432);
#4129=AXIS2_PLACEMENT_3D('',#5388,#4436,#4437);
#4130=AXIS2_PLACEMENT_3D('',#5434,#4461,#4462);
#4131=AXIS2_PLACEMENT_3D('',#5436,#4463,#4464);
#4132=AXIS2_PLACEMENT_3D('',#5438,#4465,#4466);
#4133=AXIS2_PLACEMENT_3D('',#5440,#4467,#4468);
#4134=AXIS2_PLACEMENT_3D('',#5470,#4485,#4486);
#4135=AXIS2_PLACEMENT_3D('',#5472,#4488,#4489);
#4136=AXIS2_PLACEMENT_3D('',#5507,#4508,#4509);
#4137=AXIS2_PLACEMENT_3D('',#5511,#4512,#4513);
#4138=AXIS2_PLACEMENT_3D('',#5515,#4516,#4517);
#4139=AXIS2_PLACEMENT_3D('',#5528,#4525,#4526);
#4140=AXIS2_PLACEMENT_3D('',#5532,#4529,#4530);
#4141=AXIS2_PLACEMENT_3D('',#5536,#4533,#4534);
#4142=AXIS2_PLACEMENT_3D('',#5538,#4536,#4537);
#4143=AXIS2_PLACEMENT_3D('',#5551,#4544,#4545);
#4144=AXIS2_PLACEMENT_3D('',#5552,#4546,#4547);
#4145=AXIS2_PLACEMENT_3D('',#5563,#4553,#4554);
#4146=AXIS2_PLACEMENT_3D('',#5564,#4555,#4556);
#4147=AXIS2_PLACEMENT_3D('',#5576,#4558,#4559);
#4148=AXIS2_PLACEMENT_3D('',#5578,#4560,#4561);
#4149=AXIS2_PLACEMENT_3D('',#5580,#4562,#4563);
#4150=AXIS2_PLACEMENT_3D('',#5584,#4565,#4566);
#4151=AXIS2_PLACEMENT_3D('',#5586,#4567,#4568);
#4152=AXIS2_PLACEMENT_3D('',#5588,#4569,#4570);
#4153=AXIS2_PLACEMENT_3D('',#5597,#4572,#4573);
#4154=AXIS2_PLACEMENT_3D('',#5613,#4575,#4576);
#4155=AXIS2_PLACEMENT_3D('',#5615,#4577,#4578);
#4156=AXIS2_PLACEMENT_3D('',#5617,#4579,#4580);
#4157=AXIS2_PLACEMENT_3D('',#5621,#4582,#4583);
#4158=AXIS2_PLACEMENT_3D('',#5623,#4584,#4585);
#4159=AXIS2_PLACEMENT_3D('',#5625,#4586,#4587);
#4160=AXIS2_PLACEMENT_3D('',#5627,#4589,#4590);
#4161=AXIS2_PLACEMENT_3D('',#5643,#4592,#4593);
#4162=AXIS2_PLACEMENT_3D('',#5644,#4594,#4595);
#4163=AXIS2_PLACEMENT_3D('',#5658,#4597,#4598);
#4164=AXIS2_PLACEMENT_3D('',#5659,#4599,#4600);
#4165=AXIS2_PLACEMENT_3D('',#5660,#4601,#4602);
#4166=AXIS2_PLACEMENT_3D('',#5673,#4604,#4605);
#4167=AXIS2_PLACEMENT_3D('',#5674,#4606,#4607);
#4168=AXIS2_PLACEMENT_3D('',#5680,#4611,#4612);
#4169=AXIS2_PLACEMENT_3D('',#5682,#4613,#4614);
#4170=AXIS2_PLACEMENT_3D('',#5683,#4615,#4616);
#4171=AXIS2_PLACEMENT_3D('',#5686,#4618,#4619);
#4172=AXIS2_PLACEMENT_3D('',#5700,#4620,#4621);
#4173=AXIS2_PLACEMENT_3D('',#5701,#4622,#4623);
#4174=AXIS2_PLACEMENT_3D('',#5707,#4627,#4628);
#4175=AXIS2_PLACEMENT_3D('',#5709,#4629,#4630);
#4176=AXIS2_PLACEMENT_3D('',#5711,#4632,#4633);
#4177=AXIS2_PLACEMENT_3D('',#5716,#4637,#4638);
#4178=AXIS2_PLACEMENT_3D('',#5718,#4640,#4641);
#4179=AXIS2_PLACEMENT_3D('',#5722,#4644,#4645);
#4180=AXIS2_PLACEMENT_3D('',#5726,#4648,#4649);
#4181=AXIS2_PLACEMENT_3D('',#5728,#4651,#4652);
#4182=AXIS2_PLACEMENT_3D('',#5731,#4655,#4656);
#4183=AXIS2_PLACEMENT_3D('',#5733,#4658,#4659);
#4184=AXIS2_PLACEMENT_3D('',#5735,#4661,#4662);
#4185=AXIS2_PLACEMENT_3D('',#5741,#4666,#4667);
#4186=AXIS2_PLACEMENT_3D('',#5745,#4670,#4671);
#4187=AXIS2_PLACEMENT_3D('',#5749,#4674,#4675);
#4188=AXIS2_PLACEMENT_3D('',#5753,#4678,#4679);
#4189=AXIS2_PLACEMENT_3D('',#5755,#4681,#4682);
#4190=AXIS2_PLACEMENT_3D('',#5759,#4685,#4686);
#4191=AXIS2_PLACEMENT_3D('',#5763,#4689,#4690);
#4192=AXIS2_PLACEMENT_3D('',#5767,#4693,#4694);
#4193=AXIS2_PLACEMENT_3D('',#5771,#4697,#4698);
#4194=AXIS2_PLACEMENT_3D('',#5775,#4701,#4702);
#4195=AXIS2_PLACEMENT_3D('',#5777,#4704,#4705);
#4196=AXIS2_PLACEMENT_3D('',#5778,#4706,#4707);
#4197=AXIS2_PLACEMENT_3D('',#5801,#4719,#4720);
#4198=AXIS2_PLACEMENT_3D('',#5803,#4721,#4722);
#4199=AXIS2_PLACEMENT_3D('',#5804,#4723,#4724);
#4200=AXIS2_PLACEMENT_3D('',#5806,#4726,#4727);
#4201=AXIS2_PLACEMENT_3D('',#5808,#4729,#4730);
#4202=AXIS2_PLACEMENT_3D('',#5810,#4732,#4733);
#4203=AXIS2_PLACEMENT_3D('',#5812,#4735,#4736);
#4204=AXIS2_PLACEMENT_3D('',#5814,#4738,#4739);
#4205=AXIS2_PLACEMENT_3D('',#5816,#4741,#4742);
#4206=AXIS2_PLACEMENT_3D('',#5817,#4743,#4744);
#4207=AXIS2_PLACEMENT_3D('',#5818,#4745,#4746);
#4208=AXIS2_PLACEMENT_3D('',#5820,#4748,#4749);
#4209=AXIS2_PLACEMENT_3D('',#5822,#4751,#4752);
#4210=AXIS2_PLACEMENT_3D('',#5824,#4754,#4755);
#4211=AXIS2_PLACEMENT_3D('',#5826,#4757,#4758);
#4212=AXIS2_PLACEMENT_3D('',#5828,#4760,#4761);
#4213=AXIS2_PLACEMENT_3D('',#5830,#4763,#4764);
#4214=AXIS2_PLACEMENT_3D('',#5832,#4766,#4767);
#4215=AXIS2_PLACEMENT_3D('',#5834,#4769,#4770);
#4216=AXIS2_PLACEMENT_3D('',#5836,#4772,#4773);
#4217=AXIS2_PLACEMENT_3D('',#5838,#4775,#4776);
#4218=AXIS2_PLACEMENT_3D('',#5840,#4778,#4779);
#4219=AXIS2_PLACEMENT_3D('',#5842,#4781,#4782);
#4220=AXIS2_PLACEMENT_3D('',#5844,#4784,#4785);
#4221=AXIS2_PLACEMENT_3D('',#5846,#4787,#4788);
#4222=AXIS2_PLACEMENT_3D('',#5847,#4789,#4790);
#4223=AXIS2_PLACEMENT_3D('',#5855,#4795,#4796);
#4224=AXIS2_PLACEMENT_3D('',#5859,#4799,#4800);
#4225=AXIS2_PLACEMENT_3D('',#5879,#4811,#4812);
#4226=AXIS2_PLACEMENT_3D('',#5888,#4817,#4818);
#4227=AXIS2_PLACEMENT_3D('',#5894,#4822,#4823);
#4228=AXIS2_PLACEMENT_3D('',#5903,#4828,#4829);
#4229=AXIS2_PLACEMENT_3D('',#5906,#4832,#4833);
#4230=AXIS2_PLACEMENT_3D('',#5915,#4838,#4839);
#4231=AXIS2_PLACEMENT_3D('',#5918,#4842,#4843);
#4232=AXIS2_PLACEMENT_3D('',#5921,#4846,#4847);
#4233=AXIS2_PLACEMENT_3D('',#5923,#4849,#4850);
#4234=AXIS2_PLACEMENT_3D('',#5925,#4852,#4853);
#4235=AXIS2_PLACEMENT_3D('',#5927,#4855,#4856);
#4236=AXIS2_PLACEMENT_3D('',#5929,#4858,#4859);
#4237=AXIS2_PLACEMENT_3D('',#5931,#4861,#4862);
#4238=AXIS2_PLACEMENT_3D('',#5933,#4864,#4865);
#4239=AXIS2_PLACEMENT_3D('',#5934,#4866,#4867);
#4240=AXIS2_PLACEMENT_3D('',#5940,#4871,#4872);
#4241=AXIS2_PLACEMENT_3D('',#5943,#4875,#4876);
#4242=AXIS2_PLACEMENT_3D('',#5969,#4890,#4891);
#4243=AXIS2_PLACEMENT_3D('',#5984,#4896,#4897);
#4244=AXIS2_PLACEMENT_3D('',#5991,#4901,#4902);
#4245=AXIS2_PLACEMENT_3D('',#5992,#4903,#4904);
#4246=AXIS2_PLACEMENT_3D('',#6007,#4909,#4910);
#4247=AXIS2_PLACEMENT_3D('',#6024,#4917,#4918);
#4248=AXIS2_PLACEMENT_3D('',#6137,#4925,#4926);
#4249=AXIS2_PLACEMENT_3D('',#6200,#4927,#4928);
#4250=AXIS2_PLACEMENT_3D('',#6204,#4930,#4931);
#4251=AXIS2_PLACEMENT_3D('',#6206,#4932,#4933);
#4252=AXIS2_PLACEMENT_3D('',#6208,#4934,#4935);
#4253=AXIS2_PLACEMENT_3D('',#6210,#4937,#4938);
#4254=AXIS2_PLACEMENT_3D('',#6213,#4940,#4941);
#4255=AXIS2_PLACEMENT_3D('',#6240,#4942,#4943);
#4256=AXIS2_PLACEMENT_3D('',#6384,#4944,#4945);
#4257=AXIS2_PLACEMENT_3D('',#6386,#4946,#4947);
#4258=AXIS2_PLACEMENT_3D('',#6388,#4949,#4950);
#4259=AXIS2_PLACEMENT_3D('',#6416,#4952,#4953);
#4260=AXIS2_PLACEMENT_3D('',#6561,#4954,#4955);
#4261=AXIS2_PLACEMENT_3D('',#6565,#4957,#4958);
#4262=AXIS2_PLACEMENT_3D('',#6567,#4960,#4961);
#4263=AXIS2_PLACEMENT_3D('',#6685,#4963,#4964);
#4264=AXIS2_PLACEMENT_3D('',#6737,#4965,#4966);
#4265=AXIS2_PLACEMENT_3D('',#6741,#4968,#4969);
#4266=AXIS2_PLACEMENT_3D('',#6743,#4971,#4972);
#4267=AXIS2_PLACEMENT_3D('',#6745,#4974,#4975);
#4268=AXIS2_PLACEMENT_3D('',#6747,#4977,#4978);
#4269=AXIS2_PLACEMENT_3D('',#6756,#4984,#4985);
#4270=AXIS2_PLACEMENT_3D('',#6757,#4986,#4987);
#4271=AXIS2_PLACEMENT_3D('',#6760,#4989,#4990);
#4272=AXIS2_PLACEMENT_3D('',#6761,#4991,#4992);
#4273=AXIS2_PLACEMENT_3D('',#6763,#4993,#4994);
#4274=AXIS2_PLACEMENT_3D('',#6765,#4995,#4996);
#4275=AXIS2_PLACEMENT_3D('',#6767,#4997,#4998);
#4276=AXIS2_PLACEMENT_3D('',#6769,#5000,#5001);
#4277=AXIS2_PLACEMENT_3D('',#6771,#5002,#5003);
#4278=AXIS2_PLACEMENT_3D('',#6773,#5004,#5005);
#4279=AXIS2_PLACEMENT_3D('',#6774,#5006,#5007);
#4280=AXIS2_PLACEMENT_3D('',#6775,#5008,#5009);
#4281=AXIS2_PLACEMENT_3D('',#6777,#5010,#5011);
#4282=AXIS2_PLACEMENT_3D('',#6779,#5013,#5014);
#4283=AXIS2_PLACEMENT_3D('',#6780,#5015,#5016);
#4284=AXIS2_PLACEMENT_3D('',#6781,#5017,#5018);
#4285=AXIS2_PLACEMENT_3D('',#6784,#5019,#5020);
#4286=AXIS2_PLACEMENT_3D('',#6788,#5022,#5023);
#4287=AXIS2_PLACEMENT_3D('',#6790,#5025,#5026);
#4288=AXIS2_PLACEMENT_3D('',#6796,#5030,#5031);
#4289=AXIS2_PLACEMENT_3D('',#6800,#5035,#5036);
#4290=AXIS2_PLACEMENT_3D('',#6803,#5039,#5040);
#4291=AXIS2_PLACEMENT_3D('',#6806,#5043,#5044);
#4292=AXIS2_PLACEMENT_3D('',#6807,#5045,#5046);
#4293=AXIS2_PLACEMENT_3D('',#6808,#5047,#5048);
#4294=AXIS2_PLACEMENT_3D('',#6809,#5049,#5050);
#4295=AXIS2_PLACEMENT_3D('',#6810,#5051,#5052);
#4296=AXIS2_PLACEMENT_3D('',#6825,#5061,#5062);
#4297=AXIS2_PLACEMENT_3D('',#6828,#5064,#5065);
#4298=AXIS2_PLACEMENT_3D('',#6829,#5066,#5067);
#4299=AXIS2_PLACEMENT_3D('',#6831,#5069,#5070);
#4300=AXIS2_PLACEMENT_3D('',#6834,#5073,#5074);
#4301=AXIS2_PLACEMENT_3D('',#6836,#5076,#5077);
#4302=AXIS2_PLACEMENT_3D('',#6842,#5081,#5082);
#4303=AXIS2_PLACEMENT_3D('',#6846,#5085,#5086);
#4304=AXIS2_PLACEMENT_3D('',#6848,#5088,#5089);
#4305=AXIS2_PLACEMENT_3D('',#6850,#5091,#5092);
#4306=AXIS2_PLACEMENT_3D('',#6852,#5093,#5094);
#4307=AXIS2_PLACEMENT_3D('',#6854,#5095,#5096);
#4308=AXIS2_PLACEMENT_3D('',#6856,#5098,#5099);
#4309=AXIS2_PLACEMENT_3D('',#6858,#5101,#5102);
#4310=AXIS2_PLACEMENT_3D('',#6860,#5103,#5104);
#4311=AXIS2_PLACEMENT_3D('',#6865,#5109,#5110);
#4312=AXIS2_PLACEMENT_3D('',#6866,#5111,#5112);
#4313=AXIS2_PLACEMENT_3D('',#6867,#5113,#5114);
#4314=AXIS2_PLACEMENT_3D('',#6868,#5115,#5116);
#4315=AXIS2_PLACEMENT_3D('',#6869,#5117,#5118);
#4316=AXIS2_PLACEMENT_3D('',#6870,#5119,#5120);
#4317=AXIS2_PLACEMENT_3D('',#6878,#5126,#5127);
#4318=AXIS2_PLACEMENT_3D('',#6881,#5130,#5131);
#4319=AXIS2_PLACEMENT_3D('',#6882,#5132,#5133);
#4320=AXIS2_PLACEMENT_3D('',#6883,#5134,#5135);
#4321=AXIS2_PLACEMENT_3D('',#6884,#5136,#5137);
#4322=AXIS2_PLACEMENT_3D('',#6886,#5139,#5140);
#4323=AXIS2_PLACEMENT_3D('',#6887,#5141,#5142);
#4324=AXIS2_PLACEMENT_3D('',#6888,#5143,#5144);
#4325=AXIS2_PLACEMENT_3D('',#6889,#5145,#5146);
#4326=AXIS2_PLACEMENT_3D('',#6890,#5147,#5148);
#4327=AXIS2_PLACEMENT_3D('',#6891,#5149,#5150);
#4328=AXIS2_PLACEMENT_3D('',#6892,#5151,#5152);
#4329=AXIS2_PLACEMENT_3D('',#6893,#5153,#5154);
#4330=AXIS2_PLACEMENT_3D('',#6894,#5155,#5156);
#4331=AXIS2_PLACEMENT_3D('',#6895,#5157,#5158);
#4332=AXIS2_PLACEMENT_3D('',#6897,#5160,#5161);
#4333=AXIS2_PLACEMENT_3D('',#6898,#5162,#5163);
#4334=AXIS2_PLACEMENT_3D('',#6902,#5164,#5165);
#4335=AXIS2_PLACEMENT_3D('',#6904,#5167,#5168);
#4336=AXIS2_PLACEMENT_3D('',#6905,#5169,#5170);
#4337=AXIS2_PLACEMENT_3D('',#6906,#5171,#5172);
#4338=AXIS2_PLACEMENT_3D('',#6910,#5175,#5176);
#4339=AXIS2_PLACEMENT_3D('',#6912,#5178,#5179);
#4340=AXIS2_PLACEMENT_3D('',#6913,#5180,#5181);
#4341=AXIS2_PLACEMENT_3D('',#6937,#5185,#5186);
#4342=AXIS2_PLACEMENT_3D('',#6959,#5189,#5190);
#4343=AXIS2_PLACEMENT_3D('',#6980,#5193,#5194);
#4344=AXIS2_PLACEMENT_3D('',#7002,#5197,#5198);
#4345=AXIS2_PLACEMENT_3D('',#7027,#5202,#5203);
#4346=AXIS2_PLACEMENT_3D('',#7048,#5206,#5207);
#4347=AXIS2_PLACEMENT_3D('',#7067,#5209,#5210);
#4348=AXIS2_PLACEMENT_3D('',#7452,#5221,#5222);
#4349=AXIS2_PLACEMENT_3D('',#7454,#5224,#5225);
#4350=AXIS2_PLACEMENT_3D('',#7455,#5226,#5227);
#4351=AXIS2_PLACEMENT_3D('',#7489,#5229,#5230);
#4352=AXIS2_PLACEMENT_3D('',#7533,#5233,#5234);
#4353=AXIS2_PLACEMENT_3D('',#7755,#5240,#5241);
#4354=AXIS2_PLACEMENT_3D('',#8055,#5244,#5245);
#4355=AXIS2_PLACEMENT_3D('',#8057,#5246,#5247);
#4356=AXIS2_PLACEMENT_3D('',#8276,#5249,#5250);
#4357=AXIS2_PLACEMENT_3D('',#8279,#5252,#5253);
#4358=AXIS2_PLACEMENT_3D('',#8355,#5256,#5257);
#4359=AXIS2_PLACEMENT_3D('',#8356,#5258,#5259);
#4360=AXIS2_PLACEMENT_3D('',#8357,#5260,#5261);
#4361=DIRECTION('axis',(0.,0.,1.));
#4362=DIRECTION('refdir',(1.,0.,0.));
#4363=DIRECTION('center_axis',(-0.707106781186547,-0.664463024388675,0.241844762647976));
#4364=DIRECTION('ref_axis',(0.323615577118185,0.,0.946188648339465));
#4365=DIRECTION('',(-0.684791078771737,0.728739444818682,0.));
#4366=DIRECTION('',(0.,0.342020143325669,0.939692620785908));
#4367=DIRECTION('',(0.707106781186548,-0.664463024388674,0.241844762647975));
#4368=DIRECTION('',(-0.577350269189626,0.739997209383598,0.345066365748901));
#4369=DIRECTION('',(0.,0.342020143325669,0.939692620785908));
#4370=DIRECTION('center_axis',(-4.3070976456606E-17,-0.342020143325669,
-0.939692620785908));
#4371=DIRECTION('ref_axis',(1.,2.26022998812949E-18,-4.66578322222285E-17));
#4372=DIRECTION('',(1.,1.29736400107537E-15,-5.18037055183892E-16));
#4373=DIRECTION('',(-0.707106781186541,0.664463024388681,-0.241844762647977));
#4374=DIRECTION('',(-2.66875540743781E-15,0.939692620785909,-0.342020143325669));
#4375=DIRECTION('center_axis',(4.3070976456606E-17,0.342020143325669,0.939692620785908));
#4376=DIRECTION('ref_axis',(0.,0.939692620785908,-0.342020143325669));
#4377=DIRECTION('center_axis',(4.3070976456606E-17,0.342020143325669,0.939692620785908));
#4378=DIRECTION('ref_axis',(0.,0.939692620785908,-0.342020143325669));
#4379=DIRECTION('',(-2.66875540743781E-15,0.939692620785909,-0.342020143325669));
#4380=DIRECTION('',(-0.986158011607673,0.155808790050043,-0.0567097618152475));
#4381=DIRECTION('',(-1.,1.25931110483146E-16,0.));
#4382=DIRECTION('',(-0.986158011607673,-0.155808790050042,0.0567097618152475));
#4383=DIRECTION('',(1.60372659020235E-16,-0.939692620785909,0.342020143325669));
#4384=DIRECTION('center_axis',(4.3070976456606E-17,0.342020143325669,0.939692620785908));
#4385=DIRECTION('ref_axis',(0.,0.939692620785908,-0.342020143325669));
#4386=DIRECTION('',(1.60372659020235E-16,-0.939692620785909,0.342020143325669));
#4387=DIRECTION('',(-0.70710678118654,-0.664463024388682,0.241844762647978));
#4388=DIRECTION('',(1.,-1.25931110483146E-16,0.));
#4389=DIRECTION('',(0.707106781186548,0.664463024388675,-0.241844762647975));
#4390=DIRECTION('',(-1.80818399050359E-17,0.939692620785909,-0.342020143325669));
#4391=DIRECTION('',(1.,5.3041484921948E-16,-2.3889039271264E-16));
#4392=DIRECTION('',(1.80818399050359E-17,-0.939692620785909,0.342020143325669));
#4393=DIRECTION('center_axis',(-0.707106781186548,-0.241844762647975,-0.664463024388674));
#4394=DIRECTION('ref_axis',(-0.707106781186547,0.241844762647975,0.664463024388675));
#4395=DIRECTION('',(0.577350269189625,0.345066365748901,-0.739997209383599));
#4396=DIRECTION('',(0.577350269189625,-0.739997209383598,-0.345066365748901));
#4397=DIRECTION('',(-1.80818399050359E-17,0.939692620785909,-0.342020143325669));
#4398=DIRECTION('',(-0.707106781186547,0.241844762647975,0.664463024388675));
#4399=DIRECTION('',(0.323615577118184,-0.946188648339465,2.42659433515832E-17));
#4400=DIRECTION('',(0.,0.939692620785908,-0.342020143325669));
#4401=DIRECTION('center_axis',(1.,0.,0.));
#4402=DIRECTION('ref_axis',(0.,1.,0.));
#4403=DIRECTION('',(0.,0.342020143325669,0.939692620785908));
#4404=DIRECTION('',(0.,1.,0.));
#4405=DIRECTION('',(0.,-0.342020143325669,-0.939692620785908));
#4406=DIRECTION('',(0.,-1.,0.));
#4407=DIRECTION('',(0.,-0.939692620785908,0.342020143325669));
#4408=DIRECTION('center_axis',(0.707106781186548,-0.241844762647975,-0.664463024388675));
#4409=DIRECTION('ref_axis',(-0.707106781186547,-0.241844762647975,-0.664463024388675));
#4410=DIRECTION('',(-0.577350269189626,-0.739997209383598,-0.3450663657489));
#4411=DIRECTION('',(-0.323615577118184,-0.946188648339465,2.42659433515832E-17));
#4412=DIRECTION('',(-0.707106781186547,-0.241844762647975,-0.664463024388675));
#4413=DIRECTION('',(1.80818399050359E-17,-0.939692620785909,0.342020143325669));
#4414=DIRECTION('',(0.577350269189626,0.739997209383598,0.3450663657489));
#4415=DIRECTION('',(0.577350269189625,-0.345066365748901,0.739997209383598));
#4416=DIRECTION('center_axis',(5.37908981918135E-17,-0.939692620785908,
0.342020143325669));
#4417=DIRECTION('ref_axis',(-1.,1.58296312399632E-14,4.36488284549143E-14));
#4418=DIRECTION('',(1.,5.72430782172427E-17,0.));
#4419=DIRECTION('',(-4.05674382429824E-16,-0.342020143325669,-0.939692620785909));
#4420=DIRECTION('',(1.,-1.09882153215042E-16,-4.59172799581329E-16));
#4421=DIRECTION('',(4.05674382429824E-16,0.342020143325669,0.939692620785909));
#4422=DIRECTION('',(1.,5.72430782172427E-17,0.));
#4423=DIRECTION('',(-4.65554287270568E-14,-0.342020143325669,-0.939692620785909));
#4424=DIRECTION('',(-1.,1.58402146141643E-14,4.36779060365536E-14));
#4425=DIRECTION('',(-4.65554287270568E-14,-0.342020143325669,-0.939692620785909));
#4426=DIRECTION('center_axis',(1.,3.54023326001697E-16,-5.6056361354525E-16));
#4427=DIRECTION('ref_axis',(5.2439715447778E-16,-0.939692620785908,0.342020143325669));
#4428=DIRECTION('',(4.05674382429824E-16,0.342020143325669,0.939692620785909));
#4429=DIRECTION('',(-5.2439715447778E-16,0.939692620785908,-0.342020143325669));
#4430=DIRECTION('',(-3.54023326001697E-16,1.,0.));
#4431=DIRECTION('center_axis',(-4.69063201223724E-16,-0.342020143325669,
-0.939692620785908));
#4432=DIRECTION('ref_axis',(1.,-2.71629032253616E-16,-4.00301750125833E-16));
#4433=DIRECTION('',(-1.,1.09882153215119E-16,4.59172799581301E-16));
#4434=DIRECTION('',(9.59080279936685E-17,-0.939692620785909,0.342020143325669));
#4435=DIRECTION('',(-1.,1.3714490516925E-15,0.));
#4436=DIRECTION('center_axis',(0.,0.,1.));
#4437=DIRECTION('ref_axis',(1.,0.,0.));
#4438=DIRECTION('',(-0.702431557250152,-0.711751296015066,0.));
#4439=DIRECTION('',(-1.,0.,0.));
#4440=DIRECTION('',(0.,1.,0.));
#4441=DIRECTION('',(-0.707106781186548,0.707106781186546,0.));
#4442=DIRECTION('',(-1.11022302462516E-15,1.,0.));
#4443=DIRECTION('',(0.707106781186546,0.707106781186549,0.));
#4444=DIRECTION('',(1.,8.88178419700125E-16,0.));
#4445=DIRECTION('',(0.707106781186547,-0.707106781186547,0.));
#4446=DIRECTION('',(-1.,0.,0.));
#4447=DIRECTION('',(-0.707106781186547,-0.707106781186547,0.));
#4448=DIRECTION('',(-1.,8.88178419700125E-16,0.));
#4449=DIRECTION('',(-0.707106781186546,0.707106781186549,0.));
#4450=DIRECTION('',(1.11022302462516E-15,1.,0.));
#4451=DIRECTION('',(0.707106781186549,0.707106781186546,0.));
#4452=DIRECTION('',(0.,-1.,0.));
#4453=DIRECTION('',(1.,0.,0.));
#4454=DIRECTION('',(-0.702431557250156,0.711751296015063,0.));
#4455=DIRECTION('',(0.518924781827114,0.854819905480495,0.));
#4456=DIRECTION('',(0.98436709149258,0.176129012903721,0.));
#4457=DIRECTION('',(1.,0.,0.));
#4458=DIRECTION('',(0.98436709149258,-0.176129012903721,0.));
#4459=DIRECTION('',(0.518924781827114,-0.854819905480495,0.));
#4460=DIRECTION('',(0.,1.,0.));
#4461=DIRECTION('center_axis',(0.,0.,-1.));
#4462=DIRECTION('ref_axis',(1.,0.,0.));
#4463=DIRECTION('center_axis',(0.,0.,-1.));
#4464=DIRECTION('ref_axis',(1.,0.,0.));
#4465=DIRECTION('center_axis',(0.,0.,-1.));
#4466=DIRECTION('ref_axis',(1.,0.,0.));
#4467=DIRECTION('center_axis',(0.,0.,-1.));
#4468=DIRECTION('ref_axis',(1.,0.,0.));
#4469=DIRECTION('',(1.69438123221888E-14,1.,0.));
#4470=DIRECTION('',(-1.,-5.72430782171554E-17,0.));
#4471=DIRECTION('',(-4.8624744242422E-17,-1.,0.));
#4472=DIRECTION('',(-1.,-5.72430782171554E-17,0.));
#4473=DIRECTION('',(3.52196068611546E-14,-1.,0.));
#4474=DIRECTION('',(-4.8624744242422E-17,-1.,0.));
#4475=DIRECTION('',(1.,2.17567931387623E-15,0.));
#4476=DIRECTION('',(0.684791078771734,-0.728739444818685,0.));
#4477=DIRECTION('',(1.00100430633106E-15,-1.,0.));
#4478=DIRECTION('',(0.984367091492581,-0.176129012903717,0.));
#4479=DIRECTION('',(1.,-1.25931110483145E-16,0.));
#4480=DIRECTION('',(0.98436709149258,0.176129012903719,0.));
#4481=DIRECTION('',(4.06317915076427E-16,1.,0.));
#4482=DIRECTION('',(0.684791078771728,0.72873944481869,0.));
#4483=DIRECTION('',(1.,-1.25931110483145E-16,0.));
#4484=DIRECTION('',(-3.54023326001697E-16,1.,0.));
#4485=DIRECTION('center_axis',(-1.,4.8624744242422E-17,4.14011701091663E-16));
#4486=DIRECTION('ref_axis',(-9.59080279936685E-17,0.939692620785909,-0.342020143325669));
#4487=DIRECTION('',(-4.05674382429824E-16,-0.342020143325669,-0.939692620785909));
#4488=DIRECTION('center_axis',(-1.80818399050359E-17,0.939692620785908,
-0.342020143325669));
#4489=DIRECTION('ref_axis',(1.,1.80818399050359E-17,-3.18831623610881E-18));
#4490=DIRECTION('',(-0.707106781186547,0.241844762647975,0.664463024388675));
#4491=DIRECTION('',(-3.92523114670944E-17,0.342020143325669,0.939692620785909));
#4492=DIRECTION('',(0.707106781186547,0.241844762647975,0.664463024388675));
#4493=DIRECTION('',(1.,1.80818399050359E-17,-3.18831623610881E-18));
#4494=DIRECTION('',(0.707106781186547,-0.241844762647975,-0.664463024388675));
#4495=DIRECTION('',(3.92523114670944E-17,-0.342020143325669,-0.939692620785909));
#4496=DIRECTION('',(-0.707106781186547,-0.241844762647975,-0.664463024388675));
#4497=DIRECTION('',(0.,0.342020143325669,0.939692620785909));
#4498=DIRECTION('',(1.,1.92422921124071E-17,0.));
#4499=DIRECTION('',(0.707106781186548,0.241844762647975,0.664463024388675));
#4500=DIRECTION('',(8.31483566527749E-17,-0.342020143325669,-0.939692620785909));
#4501=DIRECTION('',(-0.707106781186548,0.241844762647975,0.664463024388674));
#4502=DIRECTION('',(1.,1.92422921124113E-17,1.14015052707724E-29));
#4503=DIRECTION('',(-0.707106781186548,-0.241844762647975,-0.664463024388674));
#4504=DIRECTION('',(2.99687169080059E-16,0.342020143325669,0.939692620785909));
#4505=DIRECTION('',(0.707106781186547,-0.241844762647975,-0.664463024388675));
#4506=DIRECTION('',(1.,1.92422921124071E-17,0.));
#4507=DIRECTION('',(0.,-0.342020143325669,-0.939692620785909));
#4508=DIRECTION('center_axis',(-1.,0.,0.));
#4509=DIRECTION('ref_axis',(0.,-1.,0.));
#4510=DIRECTION('',(0.,0.342020143325669,0.939692620785908));
#4511=DIRECTION('',(0.,1.,0.));
#4512=DIRECTION('center_axis',(-1.,0.,0.));
#4513=DIRECTION('ref_axis',(0.,-1.,0.));
#4514=DIRECTION('',(0.,-0.165792014476509,0.986160741429013));
#4515=DIRECTION('',(0.,0.,1.));
#4516=DIRECTION('center_axis',(-1.89759930563651E-17,0.986160741429013,
0.165792014476509));
#4517=DIRECTION('ref_axis',(0.,-0.165792014476509,0.986160741429013));
#4518=DIRECTION('',(0.656358505864122,0.12508164350245,-0.744008127804088));
#4519=DIRECTION('',(1.,1.26562534457407E-16,-6.38360117014454E-16));
#4520=DIRECTION('',(0.656358505864123,-0.12508164350245,0.744008127804086));
#4521=DIRECTION('',(0.,-0.165792014476509,0.986160741429013));
#4522=DIRECTION('',(0.16355937498854,0.16355937498854,-0.972880599923092));
#4523=DIRECTION('',(-1.,-1.92422921124071E-17,0.));
#4524=DIRECTION('',(0.16355937498854,-0.16355937498854,0.972880599923092));
#4525=DIRECTION('center_axis',(-1.18336535248387E-16,-0.939692620785908,
0.342020143325669));
#4526=DIRECTION('ref_axis',(-1.,1.25931110483146E-16,0.));
#4527=DIRECTION('',(-1.,-1.48591406940922E-15,0.));
#4528=DIRECTION('',(-0.816496580927723,0.197465421817349,0.542531787566253));
#4529=DIRECTION('center_axis',(0.707106781186548,-0.664463024388675,0.241844762647975));
#4530=DIRECTION('ref_axis',(0.323615577118185,0.,-0.946188648339465));
#4531=DIRECTION('',(0.,-0.342020143325669,-0.939692620785908));
#4532=DIRECTION('',(-0.684791078771736,-0.728739444818683,0.));
#4533=DIRECTION('center_axis',(1.,0.,0.));
#4534=DIRECTION('ref_axis',(0.,1.,0.));
#4535=DIRECTION('',(0.,0.,-1.));
#4536=DIRECTION('center_axis',(0.,0.,1.));
#4537=DIRECTION('ref_axis',(1.,0.,0.));
#4538=DIRECTION('',(-1.,1.25931110483146E-16,0.));
#4539=DIRECTION('',(-0.818249693630986,-0.574862973997106,0.));
#4540=DIRECTION('',(-0.684791078771728,-0.72873944481869,0.));
#4541=DIRECTION('',(1.50701004257129E-16,-1.,0.));
#4542=DIRECTION('',(0.98436709149258,0.176129012903721,0.));
#4543=DIRECTION('',(0.518924781827114,0.854819905480495,0.));
#4544=DIRECTION('center_axis',(0.,0.,-1.));
#4545=DIRECTION('ref_axis',(1.,0.,0.));
#4546=DIRECTION('center_axis',(0.,0.,1.));
#4547=DIRECTION('ref_axis',(1.,0.,0.));
#4548=DIRECTION('',(0.518924781827114,-0.854819905480495,0.));
#4549=DIRECTION('',(0.98436709149258,-0.176129012903721,0.));
#4550=DIRECTION('',(-2.5078097630518E-15,1.,0.));
#4551=DIRECTION('',(-0.684791078771729,0.728739444818689,0.));
#4552=DIRECTION('',(-0.818249693630987,0.574862973997105,0.));
#4553=DIRECTION('center_axis',(0.,0.,-1.));
#4554=DIRECTION('ref_axis',(1.,0.,0.));
#4555=DIRECTION('center_axis',(1.80818399050359E-17,-0.939692620785908,
0.342020143325669));
#4556=DIRECTION('ref_axis',(0.629394351503504,0.265779086860766,0.730222039713224));
#4557=DIRECTION('',(1.80818399050359E-17,-0.939692620785909,0.342020143325669));
#4558=DIRECTION('center_axis',(-1.05313115820607E-17,0.422618261740701,
-0.906307787036649));
#4559=DIRECTION('ref_axis',(4.67226861578768E-17,0.906307787036649,0.4226182617407));
#4560=DIRECTION('center_axis',(-1.80818399050359E-17,0.939692620785909,
-0.342020143325668));
#4561=DIRECTION('ref_axis',(0.629394351503504,0.265779086860766,0.730222039713224));
#4562=DIRECTION('center_axis',(-1.05313115820607E-17,0.422618261740701,
-0.906307787036649));
#4563=DIRECTION('ref_axis',(4.67226861578768E-17,0.906307787036649,0.4226182617407));
#4564=DIRECTION('',(1.80818399050359E-17,-0.939692620785909,0.342020143325669));
#4565=DIRECTION('center_axis',(1.50402716443001E-17,-0.906307787036651,
-0.422618261740696));
#4566=DIRECTION('ref_axis',(-5.12316462201165E-17,-0.422618261740696,0.906307787036652));
#4567=DIRECTION('center_axis',(1.80818399050359E-17,-0.939692620785909,
0.342020143325668));
#4568=DIRECTION('ref_axis',(0.629394351503504,0.265779086860766,0.730222039713224));
#4569=DIRECTION('center_axis',(1.50402716443001E-17,-0.906307787036651,
-0.422618261740696));
#4570=DIRECTION('ref_axis',(-5.12316462201165E-17,-0.422618261740696,0.906307787036652));
#4571=DIRECTION('',(1.80818399050359E-17,-0.939692620785909,0.342020143325669));
#4572=DIRECTION('center_axis',(1.80818399050359E-17,-0.939692620785908,
0.342020143325669));
#4573=DIRECTION('ref_axis',(0.629394351503289,0.265779086860826,0.730222039713388));
#4574=DIRECTION('',(1.80818399050359E-17,-0.939692620785909,0.342020143325669));
#4575=DIRECTION('center_axis',(1.50402716443001E-17,-0.906307787036651,
-0.422618261740696));
#4576=DIRECTION('ref_axis',(1.05313115820606E-17,-0.422618261740696,0.906307787036652));
#4577=DIRECTION('center_axis',(1.80818399050359E-17,-0.939692620785909,
0.342020143325668));
#4578=DIRECTION('ref_axis',(0.629394351503289,0.265779086860826,0.730222039713388));
#4579=DIRECTION('center_axis',(1.50402716443001E-17,-0.906307787036651,
-0.422618261740696));
#4580=DIRECTION('ref_axis',(1.05313115820606E-17,-0.422618261740696,0.906307787036652));
#4581=DIRECTION('',(1.80818399050359E-17,-0.939692620785909,0.342020143325669));
#4582=DIRECTION('center_axis',(-1.05313115820607E-17,0.422618261740701,
-0.906307787036649));
#4583=DIRECTION('ref_axis',(-1.50402716443001E-17,0.906307787036649,0.4226182617407));
#4584=DIRECTION('center_axis',(-1.80818399050359E-17,0.939692620785909,
-0.342020143325668));
#4585=DIRECTION('ref_axis',(0.629394351503289,0.265779086860826,0.730222039713388));
#4586=DIRECTION('center_axis',(-1.05313115820607E-17,0.422618261740701,
-0.906307787036649));
#4587=DIRECTION('ref_axis',(-1.50402716443001E-17,0.906307787036649,0.4226182617407));
#4588=DIRECTION('',(1.80818399050359E-17,-0.939692620785909,0.342020143325669));
#4589=DIRECTION('center_axis',(1.80818399050359E-17,-0.939692620785908,
0.342020143325669));
#4590=DIRECTION('ref_axis',(-0.629394351503174,-0.265779086860858,-0.730222039713475));
#4591=DIRECTION('',(-1.80818399050359E-17,0.939692620785909,-0.342020143325669));
#4592=DIRECTION('center_axis',(1.05313115820607E-17,-0.422618261740701,
0.906307787036649));
#4593=DIRECTION('ref_axis',(1.50402716443001E-17,-0.906307787036649,-0.4226182617407));
#4594=DIRECTION('center_axis',(1.80818399050359E-17,-0.939692620785908,
0.342020143325669));
#4595=DIRECTION('ref_axis',(3.18831623610881E-18,-0.342020143325669,-0.939692620785908));
#4596=DIRECTION('',(-1.80818399050359E-17,0.939692620785909,-0.342020143325669));
#4597=DIRECTION('center_axis',(-1.50402716443001E-17,0.906307787036651,
0.422618261740696));
#4598=DIRECTION('ref_axis',(-1.05313115820606E-17,0.422618261740696,-0.906307787036651));
#4599=DIRECTION('center_axis',(0.,0.,1.));
#4600=DIRECTION('ref_axis',(1.,0.,0.));
#4601=DIRECTION('center_axis',(0.707106781186547,0.241844762647977,0.664463024388675));
#4602=DIRECTION('ref_axis',(0.628707370917873,0.215030585111237,-0.747321141959905));
#4603=DIRECTION('',(0.,0.,1.));
#4604=DIRECTION('center_axis',(-3.18831623610881E-18,0.342020143325668,
0.939692620785909));
#4605=DIRECTION('ref_axis',(0.,0.939692620785909,-0.342020143325668));
#4606=DIRECTION('center_axis',(-0.707106781186547,-0.241844762647977,-0.664463024388675));
#4607=DIRECTION('ref_axis',(-0.684791078771736,0.,0.728739444818683));
#4608=DIRECTION('',(-0.678598344545847,-0.0320388568147636,0.733810464925132));
#4609=DIRECTION('',(2.66875540743781E-15,-0.939692620785909,0.342020143325669));
#4610=DIRECTION('',(-0.606835891058668,-0.274815645504495,0.745805981679538));
#4611=DIRECTION('center_axis',(0.,0.,1.));
#4612=DIRECTION('ref_axis',(1.,0.,0.));
#4613=DIRECTION('center_axis',(-0.707106781186548,0.241844762647975,0.664463024388675));
#4614=DIRECTION('ref_axis',(0.628707370917873,-0.215030585111235,0.747321141959904));
#4615=DIRECTION('center_axis',(-0.707106781186548,0.241844762647975,0.664463024388675));
#4616=DIRECTION('ref_axis',(0.628707370917873,-0.215030585111235,0.747321141959904));
#4617=DIRECTION('',(0.,0.,1.));
#4618=DIRECTION('center_axis',(-3.18831623610881E-18,0.342020143325668,
0.939692620785909));
#4619=DIRECTION('ref_axis',(0.,0.939692620785909,-0.342020143325668));
#4620=DIRECTION('center_axis',(-3.18831623610881E-18,0.342020143325668,
0.939692620785909));
#4621=DIRECTION('ref_axis',(0.,0.939692620785909,-0.342020143325668));
#4622=DIRECTION('center_axis',(0.707106781186548,-0.241844762647975,-0.664463024388675));
#4623=DIRECTION('ref_axis',(-0.684791078771736,0.,-0.728739444818683));
#4624=DIRECTION('',(0.606835891058666,-0.274815645504504,0.745805981679537));
#4625=DIRECTION('',(-1.60372659020235E-16,0.939692620785909,-0.342020143325669));
#4626=DIRECTION('',(0.678598344545848,-0.0320388568147635,0.733810464925132));
#4627=DIRECTION('center_axis',(1.80818399050359E-17,-0.939692620785908,
0.342020143325669));
#4628=DIRECTION('ref_axis',(-0.629394351503174,-0.265779086860858,-0.730222039713475));
#4629=DIRECTION('center_axis',(-1.50402716443001E-17,0.906307787036651,
0.422618261740696));
#4630=DIRECTION('ref_axis',(-1.05313115820606E-17,0.422618261740696,-0.906307787036651));
#4631=DIRECTION('',(-1.80818399050359E-17,0.939692620785909,-0.342020143325669));
#4632=DIRECTION('center_axis',(3.18831623610881E-18,-0.342020143325668,
-0.939692620785909));
#4633=DIRECTION('ref_axis',(1.80818399050359E-17,-0.939692620785909,0.342020143325668));
#4634=DIRECTION('',(-1.80818399050359E-17,0.939692620785909,-0.342020143325669));
#4635=DIRECTION('',(-1.,-1.80818399050359E-17,3.18831623610881E-18));
#4636=DIRECTION('',(-1.,-1.80818399050359E-17,3.18831623610881E-18));
#4637=DIRECTION('center_axis',(-0.500000000000004,-0.711691073040925,-0.493452952725842));
#4638=DIRECTION('ref_axis',(-0.702431557250153,0.,0.711751296015066));
#4639=DIRECTION('',(0.707106781186541,-0.664463024388681,0.241844762647977));
#4640=DIRECTION('center_axis',(-0.117244138749024,-0.897110297565934,-0.425965874138013));
#4641=DIRECTION('ref_axis',(0.,0.428924111187565,-0.903340526513649));
#4642=DIRECTION('',(0.986158011607673,-0.155808790050043,0.0567097618152475));
#4643=DIRECTION('',(-0.0589280385023671,-0.421883849765859,0.904732835474098));
#4644=DIRECTION('center_axis',(-1.14132346061047E-16,-0.90630778703665,
-0.4226182617407));
#4645=DIRECTION('ref_axis',(0.,0.4226182617407,-0.90630778703665));
#4646=DIRECTION('',(1.,-1.25931110483146E-16,0.));
#4647=DIRECTION('',(0.0589280385023876,-0.421883849765859,0.904732835474097));
#4648=DIRECTION('center_axis',(0.117244138749023,-0.89711029756593,-0.425965874138021));
#4649=DIRECTION('ref_axis',(0.,0.428924111187572,-0.903340526513646));
#4650=DIRECTION('',(0.986158011607673,0.155808790050042,-0.0567097618152475));
#4651=DIRECTION('center_axis',(0.500000000000005,-0.711691073040924,-0.493452952725843));
#4652=DIRECTION('ref_axis',(-0.702431557250153,0.,-0.711751296015065));
#4653=DIRECTION('',(0.70710678118654,0.664463024388682,-0.241844762647978));
#4654=DIRECTION('',(-0.816496580927724,-0.19746542181735,-0.542531787566252));
#4655=DIRECTION('center_axis',(0.839969048986991,0.509909458931111,-0.185591865221709));
#4656=DIRECTION('ref_axis',(0.542634312169707,-0.789312717021632,0.287286334523658));
#4657=DIRECTION('',(-3.75903878507638E-17,-0.342020143325669,-0.939692620785908));
#4658=DIRECTION('center_axis',(-0.83996904898699,0.509909458931111,-0.185591865221709));
#4659=DIRECTION('ref_axis',(0.542634312169707,0.789312717021632,-0.287286334523654));
#4660=DIRECTION('',(0.,0.342020143325669,0.939692620785908));
#4661=DIRECTION('center_axis',(0.16580825112762,-0.926685406436635,0.337285904471813));
#4662=DIRECTION('ref_axis',(-0.986158011607673,-0.155808790050041,0.056709761815247));
#4663=DIRECTION('',(-4.05674382429824E-16,-0.342020143325669,-0.939692620785908));
#4664=DIRECTION('',(0.986158011607673,0.155808790050041,-0.056709761815247));
#4665=DIRECTION('',(-4.05674382429824E-16,-0.342020143325669,-0.939692620785908));
#4666=DIRECTION('center_axis',(1.,-4.06317915076427E-16,-2.83822033907789E-16));
#4667=DIRECTION('ref_axis',(-2.84741093774309E-16,-0.939692620785909,0.342020143325667));
#4668=DIRECTION('',(2.84741093774309E-16,0.939692620785909,-0.342020143325667));
#4669=DIRECTION('',(-4.05674382429824E-16,-0.342020143325669,-0.939692620785908));
#4670=DIRECTION('center_axis',(0.707106781186555,-0.664463024388668,0.241844762647973));
#4671=DIRECTION('ref_axis',(-0.70710678118654,-0.664463024388681,0.241844762647979));
#4672=DIRECTION('',(0.70710678118654,0.664463024388681,-0.241844762647979));
#4673=DIRECTION('',(-4.05674382429824E-16,-0.342020143325669,-0.939692620785908));
#4674=DIRECTION('center_axis',(-1.18336535248387E-16,-0.939692620785908,
0.342020143325669));
#4675=DIRECTION('ref_axis',(-1.,2.71629032253616E-16,4.00301750125833E-16));
#4676=DIRECTION('',(1.,-2.71629032253616E-16,-4.00301750125833E-16));
#4677=DIRECTION('',(-4.05674382429824E-16,-0.342020143325669,-0.939692620785908));
#4678=DIRECTION('center_axis',(1.,3.54023326001697E-16,-5.6056361354525E-16));
#4679=DIRECTION('ref_axis',(5.2439715447778E-16,-0.939692620785908,0.342020143325669));
#4680=DIRECTION('',(-5.2439715447778E-16,0.939692620785908,-0.342020143325669));
#4681=DIRECTION('center_axis',(-1.,4.8624744242422E-17,4.14011701091663E-16));
#4682=DIRECTION('ref_axis',(-9.59080279936685E-17,0.939692620785909,-0.342020143325669));
#4683=DIRECTION('',(9.59080279936685E-17,-0.939692620785909,0.342020143325669));
#4684=DIRECTION('',(-4.05674382429824E-16,-0.342020143325669,-0.939692620785908));
#4685=DIRECTION('center_axis',(2.04446979644604E-15,-0.939692620785908,
0.342020143325669));
#4686=DIRECTION('ref_axis',(-1.,-1.91414749096948E-15,7.185527779051E-16));
#4687=DIRECTION('',(1.,1.91414749096948E-15,-7.185527779051E-16));
#4688=DIRECTION('',(-4.05674382429824E-16,-0.342020143325669,-0.939692620785908));
#4689=DIRECTION('center_axis',(-0.707106781186549,-0.664463024388673,0.241844762647975));
#4690=DIRECTION('ref_axis',(-0.707106781186546,0.664463024388677,-0.241844762647976));
#4691=DIRECTION('',(0.707106781186546,-0.664463024388677,0.241844762647976));
#4692=DIRECTION('',(-4.05674382429824E-16,-0.342020143325669,-0.939692620785908));
#4693=DIRECTION('center_axis',(-1.,-1.00100430633106E-15,7.96045432521507E-16));
#4694=DIRECTION('ref_axis',(-1.21289993295897E-15,0.939692620785909,-0.342020143325669));
#4695=DIRECTION('',(1.21289993295897E-15,-0.939692620785909,0.342020143325669));
#4696=DIRECTION('',(-4.05674382429824E-16,-0.342020143325669,-0.939692620785908));
#4697=DIRECTION('center_axis',(-0.165808251127617,-0.926685406436635,0.337285904471814));
#4698=DIRECTION('ref_axis',(-0.986158011607674,0.155808790050038,-0.056709761815247));
#4699=DIRECTION('',(0.986158011607674,-0.155808790050038,0.056709761815247));
#4700=DIRECTION('',(-4.05674382429824E-16,-0.342020143325669,-0.939692620785908));
#4701=DIRECTION('center_axis',(-1.18336535248387E-16,-0.939692620785908,
0.342020143325669));
#4702=DIRECTION('ref_axis',(-1.,2.8562115952379E-16,4.38744803850773E-16));
#4703=DIRECTION('',(1.,-2.8562115952379E-16,-4.38744803850773E-16));
#4704=DIRECTION('center_axis',(-4.69063201223724E-16,-0.342020143325669,
-0.939692620785908));
#4705=DIRECTION('ref_axis',(1.,-2.71629032253616E-16,-4.00301750125833E-16));
#4706=DIRECTION('center_axis',(0.,0.,1.));
#4707=DIRECTION('ref_axis',(1.,0.,0.));
#4708=DIRECTION('',(0.707106781186549,0.707106781186546,0.));
#4709=DIRECTION('',(1.11022302462516E-15,1.,0.));
#4710=DIRECTION('',(-0.707106781186546,0.707106781186549,0.));
#4711=DIRECTION('',(-1.,8.88178419700125E-16,0.));
#4712=DIRECTION('',(-0.707106781186547,-0.707106781186547,0.));
#4713=DIRECTION('',(-1.,0.,0.));
#4714=DIRECTION('',(-0.707106781186547,0.707106781186547,0.));
#4715=DIRECTION('',(-1.,-8.88178419700125E-16,0.));
#4716=DIRECTION('',(-0.707106781186546,-0.707106781186549,0.));
#4717=DIRECTION('',(1.11022302462516E-15,-1.,0.));
#4718=DIRECTION('',(0.707106781186548,-0.707106781186546,0.));
#4719=DIRECTION('center_axis',(0.,0.,-1.));
#4720=DIRECTION('ref_axis',(1.,0.,0.));
#4721=DIRECTION('center_axis',(0.,0.,-1.));
#4722=DIRECTION('ref_axis',(1.,0.,0.));
#4723=DIRECTION('center_axis',(-0.707106781186554,-0.664463024388669,0.241844762647973));
#4724=DIRECTION('ref_axis',(-0.707106781186541,0.664463024388681,-0.241844762647977));
#4725=DIRECTION('',(0.,-0.342020143325669,-0.939692620785908));
#4726=DIRECTION('center_axis',(-1.,-2.5078097630518E-15,9.12768106953035E-16));
#4727=DIRECTION('ref_axis',(-2.66875540743781E-15,0.939692620785909,-0.342020143325669));
#4728=DIRECTION('',(0.,-0.342020143325669,-0.939692620785908));
#4729=DIRECTION('center_axis',(-0.165808251127621,-0.926685406436635,0.337285904471813));
#4730=DIRECTION('ref_axis',(-0.986158011607673,0.155808790050043,-0.056709761815247));
#4731=DIRECTION('',(0.,-0.342020143325669,-0.939692620785908));
#4732=DIRECTION('center_axis',(-1.18336535248387E-16,-0.939692620785908,
0.342020143325669));
#4733=DIRECTION('ref_axis',(-1.,1.25931110483146E-16,0.));
#4734=DIRECTION('',(0.,-0.342020143325669,-0.939692620785908));
#4735=DIRECTION('center_axis',(0.165808251127621,-0.926685406436635,0.337285904471813));
#4736=DIRECTION('ref_axis',(-0.986158011607673,-0.155808790050042,0.0567097618152475));
#4737=DIRECTION('',(0.,-0.342020143325669,-0.939692620785908));
#4738=DIRECTION('center_axis',(1.,1.50701004257129E-16,-5.48506798236193E-17));
#4739=DIRECTION('ref_axis',(1.60372659020235E-16,-0.939692620785909,0.342020143325669));
#4740=DIRECTION('',(0.,-0.342020143325669,-0.939692620785908));
#4741=DIRECTION('center_axis',(0.707106781186555,-0.664463024388667,0.241844762647973));
#4742=DIRECTION('ref_axis',(-0.70710678118654,-0.664463024388682,0.241844762647977));
#4743=DIRECTION('center_axis',(-1.18336535248387E-16,-0.939692620785908,
0.342020143325669));
#4744=DIRECTION('ref_axis',(-1.,1.25931110483146E-16,0.));
#4745=DIRECTION('center_axis',(0.,0.,1.));
#4746=DIRECTION('ref_axis',(1.,0.,0.));
#4747=DIRECTION('',(0.,0.,-1.));
#4748=DIRECTION('center_axis',(0.,0.,1.));
#4749=DIRECTION('ref_axis',(1.,0.,0.));
#4750=DIRECTION('',(0.,0.,-1.));
#4751=DIRECTION('center_axis',(0.,0.,1.));
#4752=DIRECTION('ref_axis',(1.,0.,0.));
#4753=DIRECTION('',(0.,0.,-1.));
#4754=DIRECTION('center_axis',(0.,0.,1.));
#4755=DIRECTION('ref_axis',(1.,0.,0.));
#4756=DIRECTION('',(0.,0.,-1.));
#4757=DIRECTION('center_axis',(-0.707106781186547,-0.707106781186549,0.));
#4758=DIRECTION('ref_axis',(0.707106781186548,-0.707106781186546,0.));
#4759=DIRECTION('',(0.,0.,1.));
#4760=DIRECTION('center_axis',(-1.,-1.11022302462516E-15,0.));
#4761=DIRECTION('ref_axis',(1.11022302462516E-15,-1.,0.));
#4762=DIRECTION('',(0.,0.,1.));
#4763=DIRECTION('center_axis',(-0.707106781186549,0.707106781186546,0.));
#4764=DIRECTION('ref_axis',(-0.707106781186546,-0.707106781186549,0.));
#4765=DIRECTION('',(0.,0.,1.));
#4766=DIRECTION('center_axis',(-8.88178419700125E-16,1.,0.));
#4767=DIRECTION('ref_axis',(-1.,-8.88178419700125E-16,0.));
#4768=DIRECTION('',(0.,0.,1.));
#4769=DIRECTION('center_axis',(0.707106781186548,0.707106781186548,0.));
#4770=DIRECTION('ref_axis',(-0.707106781186548,0.707106781186548,0.));
#4771=DIRECTION('',(0.,0.,1.));
#4772=DIRECTION('center_axis',(0.,1.,0.));
#4773=DIRECTION('ref_axis',(-1.,0.,0.));
#4774=DIRECTION('',(0.,0.,1.));
#4775=DIRECTION('center_axis',(-0.707106781186548,0.707106781186548,0.));
#4776=DIRECTION('ref_axis',(-0.707106781186548,-0.707106781186548,0.));
#4777=DIRECTION('',(0.,0.,1.));
#4778=DIRECTION('center_axis',(8.88178419700125E-16,1.,0.));
#4779=DIRECTION('ref_axis',(-1.,8.88178419700125E-16,0.));
#4780=DIRECTION('',(0.,0.,1.));
#4781=DIRECTION('center_axis',(0.707106781186549,0.707106781186546,0.));
#4782=DIRECTION('ref_axis',(-0.707106781186546,0.707106781186549,0.));
#4783=DIRECTION('',(0.,0.,1.));
#4784=DIRECTION('center_axis',(1.,-1.11022302462516E-15,0.));
#4785=DIRECTION('ref_axis',(1.11022302462516E-15,1.,0.));
#4786=DIRECTION('',(0.,0.,1.));
#4787=DIRECTION('center_axis',(0.707106781186546,-0.707106781186549,0.));
#4788=DIRECTION('ref_axis',(0.707106781186549,0.707106781186546,0.));
#4789=DIRECTION('center_axis',(-1.,0.,0.));
#4790=DIRECTION('ref_axis',(0.,0.,1.));
#4791=DIRECTION('',(0.,0.939692620785909,-0.342020143325669));
#4792=DIRECTION('',(0.,-0.342020143325669,-0.939692620785909));
#4793=DIRECTION('',(0.,-0.939692620785909,0.342020143325669));
#4794=DIRECTION('',(0.,0.342020143325669,0.939692620785909));
#4795=DIRECTION('center_axis',(-4.64614784665755E-14,-0.342020143325669,
-0.939692620785908));
#4796=DIRECTION('ref_axis',(-1.,1.58737701527316E-14,4.36656928193203E-14));
#4797=DIRECTION('',(-1.80818399050361E-17,0.939692620785909,-0.342020143325669));
#4798=DIRECTION('',(-1.,1.58737701527316E-14,4.36656928193203E-14));
#4799=DIRECTION('center_axis',(-1.80818399050359E-17,0.939692620785908,
-0.342020143325669));
#4800=DIRECTION('ref_axis',(-3.18831623610881E-18,0.342020143325669,0.939692620785909));
#4801=DIRECTION('',(-1.,-1.80818399050359E-17,3.18831623610881E-18));
#4802=DIRECTION('',(1.91952124860841E-17,0.342020143325669,0.939692620785909));
#4803=DIRECTION('',(2.99687169080059E-16,0.342020143325669,0.939692620785909));
#4804=DIRECTION('',(-0.707106781186548,-0.241844762647975,-0.664463024388674));
#4805=DIRECTION('',(1.,1.92422921124113E-17,1.14015052707724E-29));
#4806=DIRECTION('',(-0.707106781186548,0.241844762647975,0.664463024388674));
#4807=DIRECTION('',(8.31483566527749E-17,-0.342020143325669,-0.939692620785909));
#4808=DIRECTION('',(0.707106781186548,0.241844762647975,0.664463024388675));
#4809=DIRECTION('',(-1.,1.73368611223848E-16,5.29194107657118E-16));
#4810=DIRECTION('',(0.707106781186547,-0.241844762647975,-0.664463024388675));
#4811=DIRECTION('center_axis',(-0.707106781186548,-0.241844762647975,-0.664463024388674));
#4812=DIRECTION('ref_axis',(-0.684791078771736,0.,0.728739444818683));
#4813=DIRECTION('',(-0.707106781186547,0.241844762647975,0.664463024388675));
#4814=DIRECTION('',(-3.80647894157197E-15,0.93969262078591,-0.342020143325665));
#4815=DIRECTION('',(0.707106781186547,-0.241844762647975,-0.664463024388675));
#4816=DIRECTION('',(3.80647894157197E-15,-0.93969262078591,0.342020143325665));
#4817=DIRECTION('center_axis',(-6.58125150621194E-18,0.342020143325665,
0.93969262078591));
#4818=DIRECTION('ref_axis',(1.,-3.03465884466717E-15,1.11152911217948E-15));
#4819=DIRECTION('',(1.,1.92422921124113E-17,1.14022756427502E-29));
#4820=DIRECTION('',(3.80647894157197E-15,-0.93969262078591,0.342020143325665));
#4821=DIRECTION('',(-1.,-1.92422921124113E-17,-1.13999645268169E-29));
#4822=DIRECTION('center_axis',(-0.707106781186547,0.24184476264797,0.664463024388677));
#4823=DIRECTION('ref_axis',(0.684791078771737,0.,0.728739444818682));
#4824=DIRECTION('',(0.707106781186548,0.241844762647975,0.664463024388674));
#4825=DIRECTION('',(-3.80647894157197E-15,0.93969262078591,-0.342020143325665));
#4826=DIRECTION('',(-0.707106781186548,-0.241844762647975,-0.664463024388674));
#4827=DIRECTION('',(3.80647894157197E-15,-0.93969262078591,0.342020143325665));
#4828=DIRECTION('center_axis',(1.,3.60535858543181E-15,-1.2237585759855E-15));
#4829=DIRECTION('ref_axis',(8.31483566527619E-17,-0.342020143325665,-0.93969262078591));
#4830=DIRECTION('',(-8.31483566527749E-17,0.342020143325669,0.939692620785909));
#4831=DIRECTION('',(8.31483566527741E-17,-0.342020143325668,-0.939692620785909));
#4832=DIRECTION('center_axis',(0.707106781186546,0.241844762647976,0.664463024388676));
#4833=DIRECTION('ref_axis',(0.684791078771737,0.,-0.728739444818682));
#4834=DIRECTION('',(0.707106781186549,-0.241844762647975,-0.664463024388674));
#4835=DIRECTION('',(-3.80647894157197E-15,0.93969262078591,-0.342020143325665));
#4836=DIRECTION('',(-0.707106781186549,0.241844762647975,0.664463024388674));
#4837=DIRECTION('',(3.80647894157197E-15,-0.93969262078591,0.342020143325665));
#4838=DIRECTION('center_axis',(-5.5657535518773E-16,-0.342020143325665,
-0.93969262078591));
#4839=DIRECTION('ref_axis',(-1.,-3.18292915850265E-15,1.75078659317159E-15));
#4840=DIRECTION('',(1.,-1.73368611223848E-16,-5.29194107657118E-16));
#4841=DIRECTION('',(-1.,1.73368611223848E-16,5.29194107657118E-16));
#4842=DIRECTION('center_axis',(0.707106781186548,0.241844762647975,0.664463024388675));
#4843=DIRECTION('ref_axis',(0.684791078771736,0.,-0.728739444818683));
#4844=DIRECTION('',(-3.80647894157197E-15,0.93969262078591,-0.342020143325665));
#4845=DIRECTION('',(3.80647894157197E-15,-0.93969262078591,0.342020143325665));
#4846=DIRECTION('center_axis',(-5.5657535518773E-16,-0.342020143325665,
-0.93969262078591));
#4847=DIRECTION('ref_axis',(-1.,-3.18292915850265E-15,1.75078659317159E-15));
#4848=DIRECTION('',(3.80647894157197E-15,-0.93969262078591,0.342020143325665));
#4849=DIRECTION('center_axis',(-0.707106781186548,0.24184476264797,0.664463024388677));
#4850=DIRECTION('ref_axis',(0.684791078771737,0.,0.728739444818682));
#4851=DIRECTION('',(-3.80647894157197E-15,0.93969262078591,-0.342020143325665));
#4852=DIRECTION('center_axis',(1.,3.60535858543181E-15,-1.2237585759855E-15));
#4853=DIRECTION('ref_axis',(8.31483566527619E-17,-0.342020143325665,-0.93969262078591));
#4854=DIRECTION('',(3.80647894157197E-15,-0.93969262078591,0.342020143325665));
#4855=DIRECTION('center_axis',(-0.707106781186547,-0.241844762647975,-0.664463024388675));
#4856=DIRECTION('ref_axis',(-0.684791078771736,0.,0.728739444818683));
#4857=DIRECTION('',(-3.80647894157197E-15,0.93969262078591,-0.342020143325665));
#4858=DIRECTION('center_axis',(-6.58125150621194E-18,0.342020143325665,
0.93969262078591));
#4859=DIRECTION('ref_axis',(1.,-3.03465884466717E-15,1.11152911217948E-15));
#4860=DIRECTION('',(3.80647894157197E-15,-0.93969262078591,0.342020143325665));
#4861=DIRECTION('center_axis',(0.707106781186547,-0.24184476264797,-0.664463024388678));
#4862=DIRECTION('ref_axis',(-0.684791078771738,0.,-0.728739444818681));
#4863=DIRECTION('',(-3.80647894157197E-15,0.93969262078591,-0.342020143325665));
#4864=DIRECTION('center_axis',(-1.,-3.47442112405051E-15,1.58350629449133E-15));
#4865=DIRECTION('ref_axis',(2.99687169080048E-16,0.342020143325671,0.939692620785907));
#4866=DIRECTION('center_axis',(0.707106781186546,-0.241844762647971,-0.664463024388678));
#4867=DIRECTION('ref_axis',(-0.684791078771739,0.,-0.72873944481868));
#4868=DIRECTION('',(-0.707106781186549,-0.241844762647974,-0.664463024388673));
#4869=DIRECTION('',(-3.80647894157197E-15,0.93969262078591,-0.342020143325665));
#4870=DIRECTION('',(0.707106781186549,0.241844762647975,0.664463024388673));
#4871=DIRECTION('center_axis',(-1.,-3.47442112405051E-15,1.58350629449133E-15));
#4872=DIRECTION('ref_axis',(2.99687169080048E-16,0.342020143325671,0.939692620785907));
#4873=DIRECTION('',(-2.99687169080059E-16,-0.342020143325669,-0.939692620785909));
#4874=DIRECTION('',(2.9968716908006E-16,0.342020143325668,0.939692620785909));
#4875=DIRECTION('center_axis',(-1.,-5.11008519055361E-17,-8.75306736479666E-17));
#4876=DIRECTION('ref_axis',(9.9729448812209E-17,-0.342020143325669,-0.939692620785909));
#4877=DIRECTION('',(1.80818399050359E-17,-0.939692620785909,0.342020143325669));
#4878=DIRECTION('',(-9.9729448812209E-17,0.342020143325669,0.939692620785909));
#4879=DIRECTION('',(9.9729448812209E-17,-0.342020143325668,-0.939692620785909));
#4880=DIRECTION('',(-5.77335779259295E-17,-0.422618261740697,0.906307787036651));
#4881=DIRECTION('',(1.80818399050359E-17,-0.939692620785909,0.342020143325668));
#4882=DIRECTION('',(1.80818399050359E-17,-0.939692620785909,0.342020143325668));
#4883=DIRECTION('',(1.80818399050359E-17,-0.939692620785909,0.342020143325668));
#4884=DIRECTION('',(8.33051611522904E-17,-0.906307787036648,-0.422618261740704));
#4885=DIRECTION('',(9.9729448812209E-17,-0.342020143325668,-0.939692620785909));
#4886=DIRECTION('',(5.77335779259296E-17,0.422618261740696,-0.906307787036651));
#4887=DIRECTION('',(-1.80818399050359E-17,0.939692620785909,-0.342020143325668));
#4888=DIRECTION('',(-8.33051611522901E-17,0.906307787036649,0.422618261740701));
#4889=DIRECTION('',(-9.9729448812209E-17,0.342020143325668,0.939692620785909));
#4890=DIRECTION('center_axis',(-0.707106781186548,0.241844762647975,0.664463024388674));
#4891=DIRECTION('ref_axis',(0.707106781186547,0.241844762647975,0.664463024388675));
#4892=DIRECTION('',(-1.80818399050359E-17,0.939692620785909,-0.342020143325669));
#4893=DIRECTION('',(0.707106781186547,0.241844762647975,0.664463024388675));
#4894=DIRECTION('',(-0.577350269189626,0.3450663657489,-0.739997209383599));
#4895=DIRECTION('',(-0.577350269189625,-0.739997209383599,-0.3450663657489));
#4896=DIRECTION('center_axis',(-3.18831623610881E-18,0.342020143325669,
0.939692620785908));
#4897=DIRECTION('ref_axis',(-1.,-1.80818399050359E-17,3.18831623610881E-18));
#4898=DIRECTION('',(1.80818399050359E-17,-0.939692620785909,0.342020143325669));
#4899=DIRECTION('',(1.,1.80818399050359E-17,-3.18831623610881E-18));
#4900=DIRECTION('',(-1.,-5.46236459136387E-16,1.9542087672652E-16));
#4901=DIRECTION('center_axis',(-3.18831623610881E-18,0.342020143325669,
0.939692620785908));
#4902=DIRECTION('ref_axis',(-1.,-1.80818399050359E-17,3.18831623610881E-18));
#4903=DIRECTION('center_axis',(0.707106781186548,0.241844762647975,0.664463024388674));
#4904=DIRECTION('ref_axis',(0.707106781186547,-0.241844762647975,-0.664463024388675));
#4905=DIRECTION('',(-1.80818399050359E-17,0.939692620785909,-0.342020143325669));
#4906=DIRECTION('',(0.707106781186547,-0.241844762647975,-0.664463024388675));
#4907=DIRECTION('',(-0.577350269189625,0.739997209383598,0.3450663657489));
#4908=DIRECTION('',(-0.577350269189626,-0.3450663657489,0.739997209383599));
#4909=DIRECTION('center_axis',(6.45266048894324E-17,-0.342020143325669,
-0.939692620785908));
#4910=DIRECTION('ref_axis',(1.,3.90607701815968E-17,5.44508209830554E-17));
#4911=DIRECTION('',(-1.,-3.90607701815968E-17,-5.44508209830554E-17));
#4912=DIRECTION('',(-1.80818399050359E-17,0.939692620785909,-0.342020143325669));
#4913=DIRECTION('',(0.816496580927724,0.542531787566252,-0.19746542181735));
#4914=DIRECTION('',(1.,4.10950906932633E-17,6.00400706527925E-17));
#4915=DIRECTION('',(1.,4.10950906932633E-17,6.00400706527925E-17));
#4916=DIRECTION('',(-1.80818399050359E-17,0.939692620785909,-0.342020143325669));
#4917=DIRECTION('center_axis',(1.,1.80818399050359E-17,-3.18831623610881E-18));
#4918=DIRECTION('ref_axis',(-3.18831623610881E-18,0.342020143325669,0.939692620785909));
#4919=DIRECTION('',(3.18831623610881E-18,-0.342020143325669,-0.939692620785909));
#4920=DIRECTION('',(-1.80818399050359E-17,0.939692620785909,-0.342020143325669));
#4921=DIRECTION('',(-1.30428044423154E-17,0.821790065200067,0.569790390177361));
#4922=DIRECTION('',(-3.18831623610881E-18,0.342020143325668,0.939692620785909));
#4923=DIRECTION('',(7.83630583091707E-18,-0.263273509932435,0.964721233812056));
#4924=DIRECTION('',(-1.80818399050359E-17,0.939692620785909,-0.342020143325669));
#4925=DIRECTION('center_axis',(0.716710057869754,0.561697513320844,0.413306903496076));
#4926=DIRECTION('ref_axis',(0.62939435166516,-0.265779086815985,-0.730222039590188));
#4927=DIRECTION('center_axis',(1.80818399050359E-17,-0.939692620785908,
0.342020143325669));
#4928=DIRECTION('ref_axis',(-0.629394351503293,-0.265779086860825,-0.730222039713385));
#4929=DIRECTION('',(1.80818399050359E-17,-0.939692620785909,0.342020143325669));
#4930=DIRECTION('center_axis',(1.05313115820608E-17,-0.422618261740704,
0.906307787036648));
#4931=DIRECTION('ref_axis',(-4.67226861577834E-17,-0.906307787036648,-0.422618261740704));
#4932=DIRECTION('center_axis',(1.80818399050359E-17,-0.939692620785909,
0.342020143325668));
#4933=DIRECTION('ref_axis',(-0.629394351503293,-0.265779086860825,-0.730222039713385));
#4934=DIRECTION('center_axis',(1.05313115820608E-17,-0.422618261740704,
0.906307787036648));
#4935=DIRECTION('ref_axis',(-4.67226861577834E-17,-0.906307787036648,-0.422618261740704));
#4936=DIRECTION('',(1.80818399050359E-17,-0.939692620785908,0.342020143325669));
#4937=DIRECTION('center_axis',(1.80818399050359E-17,-0.939692620785908,
0.342020143325669));
#4938=DIRECTION('ref_axis',(6.1030383192022E-15,0.342020143325669,0.939692620785909));
#4939=DIRECTION('',(-1.80818399050359E-17,0.939692620785909,-0.342020143325669));
#4940=DIRECTION('center_axis',(-1.05313115820608E-17,0.422618261740704,
-0.906307787036648));
#4941=DIRECTION('ref_axis',(4.30271398973607E-15,0.906307787036648,0.422618261740704));
#4942=DIRECTION('center_axis',(0.716710057970238,-0.164616702261235,0.67766365856591));
#4943=DIRECTION('ref_axis',(1.68182374703128E-17,-0.971740139757891,-0.236053173635335));
#4944=DIRECTION('center_axis',(1.80818399050359E-17,-0.939692620785908,
0.342020143325669));
#4945=DIRECTION('ref_axis',(0.598664713323542,0.273958041083758,0.752693531755648));
#4946=DIRECTION('center_axis',(1.50402716443001E-17,-0.906307787036651,
-0.422618261740697));
#4947=DIRECTION('ref_axis',(5.43330858520974E-17,-0.422618261740697,0.906307787036651));
#4948=DIRECTION('',(1.80818399050359E-17,-0.939692620785909,0.342020143325669));
#4949=DIRECTION('center_axis',(-1.,-1.80818399050359E-17,3.18831623610881E-18));
#4950=DIRECTION('ref_axis',(-1.50402716443001E-17,0.90630778703665,0.422618261740698));
#4951=DIRECTION('',(-1.,-1.80818399050359E-17,3.18831623610881E-18));
#4952=DIRECTION('center_axis',(-0.716710057970236,0.56169751327281,0.413306903387111));
#4953=DIRECTION('ref_axis',(-1.32844854884701E-17,0.59266407897721,-0.805449743615389));
#4954=DIRECTION('center_axis',(1.80818399050359E-17,-0.939692620785908,
0.342020143325669));
#4955=DIRECTION('ref_axis',(-4.95879337453136E-15,0.342020143325669,0.939692620785908));
#4956=DIRECTION('',(-1.80818399050359E-17,0.939692620785909,-0.342020143325668));
#4957=DIRECTION('center_axis',(-1.05313115820608E-17,0.422618261740704,
-0.906307787036648));
#4958=DIRECTION('ref_axis',(-3.51918221324725E-15,0.906307787036648,0.422618261740704));
#4959=DIRECTION('',(1.80818399050359E-17,-0.939692620785909,0.342020143325669));
#4960=DIRECTION('center_axis',(1.,1.80818399050359E-17,-3.18831623610881E-18));
#4961=DIRECTION('ref_axis',(1.05313115820607E-17,-0.422618261740699,0.90630778703665));
#4962=DIRECTION('',(1.,1.80818399050359E-17,-3.18831623610881E-18));
#4963=DIRECTION('center_axis',(0.716710057994681,0.164616702268537,-0.677663658538285));
#4964=DIRECTION('ref_axis',(2.23726428672049E-15,-0.971740139753283,-0.236053173654307));
#4965=DIRECTION('center_axis',(1.80818399050359E-17,-0.939692620785908,
0.342020143325669));
#4966=DIRECTION('ref_axis',(0.629394351503169,0.265779086860859,0.730222039713479));
#4967=DIRECTION('',(-1.80818399050359E-17,0.939692620785909,-0.342020143325669));
#4968=DIRECTION('center_axis',(1.50402716443001E-17,-0.906307787036651,
-0.422618261740697));
#4969=DIRECTION('ref_axis',(1.05313115820606E-17,-0.422618261740697,0.906307787036651));
#4970=DIRECTION('',(1.80818399050359E-17,-0.939692620785909,0.342020143325669));
#4971=DIRECTION('center_axis',(1.,1.80818399050359E-17,-3.18831623610881E-18));
#4972=DIRECTION('ref_axis',(-1.50402716443001E-17,0.906307787036649,0.422618261740701));
#4973=DIRECTION('',(-1.,-1.80818399050359E-17,3.18831623610881E-18));
#4974=DIRECTION('center_axis',(-1.,-1.80818399050359E-17,3.18831623610881E-18));
#4975=DIRECTION('ref_axis',(1.05313115820607E-17,-0.422618261740699,0.90630778703665));
#4976=DIRECTION('',(1.,1.80818399050359E-17,-3.18831623610881E-18));
#4977=DIRECTION('center_axis',(-3.18831623610881E-18,0.342020143325668,
0.939692620785909));
#4978=DIRECTION('ref_axis',(-1.80818399050359E-17,0.939692620785909,-0.342020143325668));
#4979=DIRECTION('',(-1.80818399050359E-17,0.939692620785909,-0.342020143325669));
#4980=DIRECTION('',(-1.,-1.80818399050359E-17,3.18831623610881E-18));
#4981=DIRECTION('',(-1.80818399050359E-17,0.939692620785909,-0.342020143325668));
#4982=DIRECTION('',(-1.80818399050359E-17,0.939692620785909,-0.342020143325669));
#4983=DIRECTION('',(-1.,-1.80818399050359E-17,3.18831623610881E-18));
#4984=DIRECTION('center_axis',(-3.18831623610881E-18,0.342020143325668,
0.939692620785909));
#4985=DIRECTION('ref_axis',(-1.,-1.80818399050359E-17,3.18831623610881E-18));
#4986=DIRECTION('center_axis',(1.80818399050359E-17,-0.939692620785908,
0.342020143325669));
#4987=DIRECTION('ref_axis',(0.629394351503169,0.265779086860859,0.730222039713479));
#4988=DIRECTION('',(1.80818399050359E-17,-0.939692620785909,0.342020143325669));
#4989=DIRECTION('center_axis',(-1.05313115820608E-17,0.422618261740704,
-0.906307787036648));
#4990=DIRECTION('ref_axis',(-1.50402716443E-17,0.906307787036648,0.422618261740704));
#4991=DIRECTION('center_axis',(1.80818399050359E-17,-0.939692620785908,
0.342020143325669));
#4992=DIRECTION('ref_axis',(-0.62939435150317,-0.265779086860859,-0.730222039713478));
#4993=DIRECTION('center_axis',(-1.50402716443001E-17,0.906307787036651,
0.422618261740697));
#4994=DIRECTION('ref_axis',(5.12316462200301E-17,0.422618261740697,-0.906307787036651));
#4995=DIRECTION('center_axis',(-1.80818399050359E-17,0.939692620785909,
-0.342020143325668));
#4996=DIRECTION('ref_axis',(-0.62939435150317,-0.265779086860859,-0.730222039713478));
#4997=DIRECTION('center_axis',(-1.50402716443001E-17,0.906307787036651,
0.422618261740697));
#4998=DIRECTION('ref_axis',(5.12316462200301E-17,0.422618261740697,-0.906307787036651));
#4999=DIRECTION('',(1.80818399050359E-17,-0.939692620785909,0.342020143325669));
#5000=DIRECTION('center_axis',(1.80818399050359E-17,-0.939692620785908,
0.342020143325669));
#5001=DIRECTION('ref_axis',(-0.62939435150317,-0.265779086860859,-0.730222039713478));
#5002=DIRECTION('center_axis',(1.05313115820608E-17,-0.422618261740704,
0.906307787036648));
#5003=DIRECTION('ref_axis',(1.38566187248482E-16,-0.906307787036648,-0.422618261740704));
#5004=DIRECTION('center_axis',(1.80818399050359E-17,-0.939692620785909,
0.342020143325668));
#5005=DIRECTION('ref_axis',(-0.62939435150317,-0.265779086860859,-0.730222039713478));
#5006=DIRECTION('center_axis',(1.05313115820608E-17,-0.422618261740704,
0.906307787036648));
#5007=DIRECTION('ref_axis',(1.38566187248482E-16,-0.906307787036648,-0.422618261740704));
#5008=DIRECTION('center_axis',(1.80818399050359E-17,-0.939692620785908,
0.342020143325669));
#5009=DIRECTION('ref_axis',(-4.95879337453136E-15,0.342020143325669,0.939692620785908));
#5010=DIRECTION('center_axis',(1.50402716443001E-17,-0.906307787036651,
-0.422618261740697));
#5011=DIRECTION('ref_axis',(-3.49361063002088E-15,-0.422618261740697,0.906307787036651));
#5012=DIRECTION('',(-1.80818399050359E-17,0.939692620785909,-0.342020143325668));
#5013=DIRECTION('center_axis',(1.80818399050359E-17,-0.939692620785908,
0.342020143325669));
#5014=DIRECTION('ref_axis',(0.598664713323542,0.273958041083758,0.752693531755648));
#5015=DIRECTION('center_axis',(-1.05313115820608E-17,0.422618261740704,
-0.906307787036648));
#5016=DIRECTION('ref_axis',(7.25632768957736E-17,0.906307787036648,0.422618261740704));
#5017=DIRECTION('center_axis',(1.80818399050359E-17,-0.939692620785908,
0.342020143325669));
#5018=DIRECTION('ref_axis',(-0.942857142857143,-0.113960171588575,-0.313102998156784));
#5019=DIRECTION('center_axis',(-1.80818399050359E-17,0.939692620785908,
-0.342020143325669));
#5020=DIRECTION('ref_axis',(-0.942857142857143,-0.113960171588575,-0.313102998156784));
#5021=DIRECTION('',(1.80818399050359E-17,-0.939692620785909,0.342020143325669));
#5022=DIRECTION('center_axis',(1.80818399050359E-17,-0.939692620785909,
0.342020143325668));
#5023=DIRECTION('ref_axis',(-2.96609601320448E-15,0.342020143325668,0.939692620785909));
#5024=DIRECTION('',(-1.80818399050359E-17,0.939692620785909,-0.342020143325669));
#5025=DIRECTION('center_axis',(-1.,-6.3831073399705E-17,-1.22506669747852E-16));
#5026=DIRECTION('ref_axis',(-1.36950126431911E-16,0.342020143325669,0.939692620785909));
#5027=DIRECTION('',(1.36950126431911E-16,-0.342020143325668,-0.939692620785909));
#5028=DIRECTION('',(-1.80818399050359E-17,0.939692620785909,-0.342020143325669));
#5029=DIRECTION('',(-1.36950126431911E-16,0.342020143325669,0.939692620785909));
#5030=DIRECTION('center_axis',(0.707106781186548,0.664463024388675,-0.241844762647975));
#5031=DIRECTION('ref_axis',(3.18831623610881E-18,-0.342020143325669,-0.939692620785909));
#5032=DIRECTION('',(3.18831623610881E-18,-0.342020143325669,-0.939692620785909));
#5033=DIRECTION('',(-0.678598344545846,0.733810464925133,0.0320388568147692));
#5034=DIRECTION('',(0.678598344545848,-0.541537248769397,0.496227462939031));
#5035=DIRECTION('center_axis',(-1.50402716443001E-17,0.90630778703665,0.4226182617407));
#5036=DIRECTION('ref_axis',(1.,1.80818399050359E-17,-3.18831623610881E-18));
#5037=DIRECTION('',(-0.281084637714821,-0.405579553785134,0.869768159909398));
#5038=DIRECTION('',(-0.281084637714823,0.405579553785133,-0.869768159909397));
#5039=DIRECTION('center_axis',(-0.707106781186548,0.664463024388675,-0.241844762647975));
#5040=DIRECTION('ref_axis',(-9.9729448812209E-17,0.342020143325669,0.939692620785909));
#5041=DIRECTION('',(-0.678598344545848,-0.733810464925131,-0.0320388568147587));
#5042=DIRECTION('',(0.678598344545847,0.541537248769399,-0.49622746293903));
#5043=DIRECTION('center_axis',(-0.500000000000002,0.493452952725839,-0.711691073040929));
#5044=DIRECTION('ref_axis',(-0.707106781186547,0.241844762647975,0.664463024388675));
#5045=DIRECTION('center_axis',(-0.5,0.835473096051509,0.228001547744978));
#5046=DIRECTION('ref_axis',(0.707106781186547,0.241844762647975,0.664463024388675));
#5047=DIRECTION('center_axis',(0.499999999999999,0.493452952725842,-0.711691073040929));
#5048=DIRECTION('ref_axis',(-0.707106781186547,-0.241844762647975,-0.664463024388675));
#5049=DIRECTION('center_axis',(0.499999999999999,0.83547309605151,0.228001547744977));
#5050=DIRECTION('ref_axis',(0.707106781186547,-0.241844762647975,-0.664463024388675));
#5051=DIRECTION('center_axis',(1.,1.80818399050359E-17,-3.18831623610881E-18));
#5052=DIRECTION('ref_axis',(-3.18831623610881E-18,0.342020143325669,0.939692620785909));
#5053=DIRECTION('',(-3.18831623610881E-18,0.342020143325668,0.939692620785909));
#5054=DIRECTION('',(-1.05313115820606E-17,0.422618261740697,-0.906307787036651));
#5055=DIRECTION('',(3.18831623610881E-18,-0.342020143325668,-0.939692620785909));
#5056=DIRECTION('',(1.50402716443001E-17,-0.906307787036649,-0.422618261740701));
#5057=DIRECTION('',(1.80818399050359E-17,-0.939692620785909,0.342020143325668));
#5058=DIRECTION('',(1.05313115820606E-17,-0.422618261740696,0.906307787036651));
#5059=DIRECTION('',(-3.18831623610881E-18,0.342020143325668,0.939692620785909));
#5060=DIRECTION('',(-1.50402716443E-17,0.906307787036648,0.422618261740704));
#5061=DIRECTION('center_axis',(-3.18831623610881E-18,0.342020143325669,
0.939692620785908));
#5062=DIRECTION('ref_axis',(-1.,-1.80818399050359E-17,3.18831623610881E-18));
#5063=DIRECTION('',(-0.707106781186548,-0.241844762647975,-0.664463024388675));
#5064=DIRECTION('center_axis',(3.18831623610881E-18,-0.342020143325669,
-0.939692620785908));
#5065=DIRECTION('ref_axis',(-1.,-1.80818399050359E-17,3.18831623610881E-18));
#5066=DIRECTION('center_axis',(3.18831623610881E-18,-0.342020143325669,
-0.939692620785908));
#5067=DIRECTION('ref_axis',(-1.,-1.80818399050359E-17,3.18831623610881E-18));
#5068=DIRECTION('',(3.18831623610881E-18,-0.342020143325669,-0.939692620785908));
#5069=DIRECTION('center_axis',(-0.500000000000002,0.835473096051507,0.228001547744983));
#5070=DIRECTION('ref_axis',(0.707106781186548,0.241844762647975,0.664463024388674));
#5071=DIRECTION('',(0.707106781186548,0.241844762647975,0.664463024388674));
#5072=DIRECTION('',(-0.707106781186548,-0.241844762647975,-0.664463024388674));
#5073=DIRECTION('center_axis',(0.707106781186547,-0.241844762647975,-0.664463024388675));
#5074=DIRECTION('ref_axis',(-0.707106781186548,-0.241844762647975,-0.664463024388674));
#5075=DIRECTION('',(-0.707106781186548,-0.241844762647975,-0.664463024388674));
#5076=DIRECTION('center_axis',(-0.5,0.493452952725842,-0.711691073040928));
#5077=DIRECTION('ref_axis',(-0.707106781186547,0.241844762647975,0.664463024388676));
#5078=DIRECTION('',(-0.707106781186547,0.241844762647975,0.664463024388676));
#5079=DIRECTION('',(-0.816496580927727,-0.542531787566248,0.197465421817349));
#5080=DIRECTION('',(0.707106781186547,-0.241844762647975,-0.664463024388676));
#5081=DIRECTION('center_axis',(0.707106781186548,0.241844762647975,0.664463024388674));
#5082=DIRECTION('ref_axis',(0.707106781186547,-0.241844762647975,-0.664463024388675));
#5083=DIRECTION('',(0.707106781186547,-0.241844762647975,-0.664463024388675));
#5084=DIRECTION('',(-1.80818399050359E-17,0.939692620785909,-0.342020143325669));
#5085=DIRECTION('center_axis',(1.05313115820608E-17,-0.422618261740704,
0.906307787036648));
#5086=DIRECTION('ref_axis',(-1.50402716443E-17,0.906307787036648,0.422618261740704));
#5087=DIRECTION('',(-1.,-1.80818399050359E-17,3.18831623610881E-18));
#5088=DIRECTION('center_axis',(1.05313115820608E-17,-0.422618261740704,
0.906307787036648));
#5089=DIRECTION('ref_axis',(-1.50402716443E-17,0.906307787036648,0.422618261740704));
#5090=DIRECTION('',(-1.,-1.80818399050359E-17,3.18831623610881E-18));
#5091=DIRECTION('center_axis',(-1.50402716443001E-17,0.906307787036651,
0.422618261740697));
#5092=DIRECTION('ref_axis',(-1.05313115820606E-17,0.422618261740697,-0.906307787036651));
#5093=DIRECTION('center_axis',(1.50402716443001E-17,-0.906307787036651,
-0.422618261740697));
#5094=DIRECTION('ref_axis',(4.32828557296241E-15,-0.422618261740697,0.906307787036651));
#5095=DIRECTION('center_axis',(-1.50402716443001E-17,0.906307787036651,
0.422618261740697));
#5096=DIRECTION('ref_axis',(-1.34057227186227E-16,0.422618261740697,-0.906307787036651));
#5097=DIRECTION('',(-1.,-1.80818399050359E-17,3.18831623610881E-18));
#5098=DIRECTION('center_axis',(-1.50402716443001E-17,0.906307787036651,
0.422618261740697));
#5099=DIRECTION('ref_axis',(-1.05313115820606E-17,0.422618261740697,-0.906307787036651));
#5100=DIRECTION('',(-1.,-1.80818399050359E-17,3.18831623610881E-18));
#5101=DIRECTION('center_axis',(-1.80818399050359E-17,0.939692620785909,
-0.342020143325668));
#5102=DIRECTION('ref_axis',(3.18831623610881E-18,-0.342020143325668,-0.939692620785909));
#5103=DIRECTION('center_axis',(-1.80818399050359E-17,0.939692620785909,
-0.342020143325668));
#5104=DIRECTION('ref_axis',(-0.629394351503293,-0.265779086860825,-0.730222039713385));
#5105=DIRECTION('',(-1.,-1.80818399050359E-17,3.18831623610881E-18));
#5106=DIRECTION('',(-1.,-1.80818399050359E-17,3.18831623610881E-18));
#5107=DIRECTION('',(-1.,-1.80818399050359E-17,3.18831623610881E-18));
#5108=DIRECTION('',(-1.,-1.80818399050359E-17,3.18831623610881E-18));
#5109=DIRECTION('center_axis',(1.80818399050359E-17,-0.939692620785908,
0.342020143325669));
#5110=DIRECTION('ref_axis',(-0.598664713323537,-0.27395804108376,-0.752693531755652));
#5111=DIRECTION('center_axis',(-1.50402716443001E-17,0.906307787036651,
0.422618261740696));
#5112=DIRECTION('ref_axis',(3.32704626879762E-17,0.422618261740696,-0.906307787036652));
#5113=DIRECTION('center_axis',(1.05313115820607E-17,-0.422618261740701,
0.906307787036649));
#5114=DIRECTION('ref_axis',(1.90247368724447E-16,-0.906307787036649,-0.422618261740701));
#5115=DIRECTION('center_axis',(1.80818399050359E-17,-0.939692620785908,
0.342020143325669));
#5116=DIRECTION('ref_axis',(3.18831623610881E-18,-0.342020143325669,-0.939692620785908));
#5117=DIRECTION('center_axis',(1.05313115820607E-17,-0.422618261740701,
0.906307787036649));
#5118=DIRECTION('ref_axis',(1.50402716443001E-17,-0.906307787036649,-0.4226182617407));
#5119=DIRECTION('center_axis',(1.80818399050359E-17,-0.939692620785909,
0.342020143325668));
#5120=DIRECTION('ref_axis',(-3.18831623610881E-18,0.342020143325668,0.939692620785909));
#5121=DIRECTION('',(-1.,-1.80818399050359E-17,3.18831623610881E-18));
#5122=DIRECTION('',(-1.,-1.80818399050359E-17,3.18831623610881E-18));
#5123=DIRECTION('',(-1.,-1.80818399050359E-17,3.18831623610881E-18));
#5124=DIRECTION('',(-1.,-1.80818399050359E-17,3.18831623610881E-18));
#5125=DIRECTION('',(-1.,-1.80818399050359E-17,3.18831623610881E-18));
#5126=DIRECTION('center_axis',(1.80818399050359E-17,-0.939692620785909,
0.342020143325668));
#5127=DIRECTION('ref_axis',(-2.96609601320448E-15,0.342020143325668,0.939692620785909));
#5128=DIRECTION('',(-1.,-1.80818399050359E-17,3.18831623610881E-18));
#5129=DIRECTION('',(1.36950126431911E-16,-0.342020143325668,-0.939692620785909));
#5130=DIRECTION('center_axis',(1.80818399050359E-17,-0.939692620785909,
0.342020143325668));
#5131=DIRECTION('ref_axis',(-2.96609601320448E-15,0.342020143325668,0.939692620785909));
#5132=DIRECTION('center_axis',(1.50402716443001E-17,-0.906307787036651,
-0.422618261740696));
#5133=DIRECTION('ref_axis',(1.05313115820606E-17,-0.422618261740696,0.906307787036651));
#5134=DIRECTION('center_axis',(-1.05313115820607E-17,0.422618261740701,
-0.906307787036649));
#5135=DIRECTION('ref_axis',(1.50402716443001E-17,-0.906307787036649,-0.422618261740701));
#5136=DIRECTION('center_axis',(1.80818399050359E-17,-0.939692620785908,
0.342020143325669));
#5137=DIRECTION('ref_axis',(6.1030383192022E-15,0.342020143325669,0.939692620785909));
#5138=DIRECTION('',(1.80818399050359E-17,-0.939692620785909,0.342020143325669));
#5139=DIRECTION('center_axis',(1.80818399050359E-17,-0.939692620785908,
0.342020143325669));
#5140=DIRECTION('ref_axis',(-0.629394351503293,-0.265779086860825,-0.730222039713385));
#5141=DIRECTION('center_axis',(-1.50402716443001E-17,0.906307787036651,
0.422618261740697));
#5142=DIRECTION('ref_axis',(-1.34057227186227E-16,0.422618261740697,-0.906307787036651));
#5143=DIRECTION('center_axis',(-1.50402716443001E-17,0.906307787036651,
0.422618261740697));
#5144=DIRECTION('ref_axis',(-1.05313115820606E-17,0.422618261740697,-0.906307787036651));
#5145=DIRECTION('center_axis',(1.05313115820608E-17,-0.422618261740704,
0.906307787036648));
#5146=DIRECTION('ref_axis',(-1.50402716443E-17,0.906307787036648,0.422618261740704));
#5147=DIRECTION('center_axis',(1.80818399050359E-17,-0.939692620785908,
0.342020143325669));
#5148=DIRECTION('ref_axis',(3.18831623610881E-18,-0.342020143325669,-0.939692620785908));
#5149=DIRECTION('center_axis',(1.05313115820607E-17,-0.422618261740701,
0.906307787036649));
#5150=DIRECTION('ref_axis',(1.50402716443001E-17,-0.906307787036649,-0.422618261740701));
#5151=DIRECTION('center_axis',(-1.50402716443001E-17,0.906307787036651,
0.422618261740696));
#5152=DIRECTION('ref_axis',(-1.05313115820606E-17,0.422618261740696,-0.906307787036652));
#5153=DIRECTION('center_axis',(-1.05313115820607E-17,0.422618261740701,
-0.906307787036649));
#5154=DIRECTION('ref_axis',(1.50402716443001E-17,-0.906307787036649,-0.422618261740701));
#5155=DIRECTION('center_axis',(1.50402716443001E-17,-0.906307787036651,
-0.422618261740696));
#5156=DIRECTION('ref_axis',(1.05313115820606E-17,-0.422618261740696,0.906307787036651));
#5157=DIRECTION('center_axis',(-1.,-6.3831073399705E-17,-1.22506669747852E-16));
#5158=DIRECTION('ref_axis',(-1.36950126431911E-16,0.342020143325669,0.939692620785909));
#5159=DIRECTION('',(-1.36950126431911E-16,0.342020143325669,0.939692620785909));
#5160=DIRECTION('center_axis',(-5.80132246121518E-16,0.939692620785909,
-0.342020143325668));
#5161=DIRECTION('ref_axis',(1.79096074189371E-16,-0.342020143325668,-0.939692620785909));
#5162=DIRECTION('center_axis',(-5.80132246121518E-16,0.939692620785909,
-0.342020143325668));
#5163=DIRECTION('ref_axis',(-2.96609601320448E-15,0.342020143325668,0.939692620785909));
#5164=DIRECTION('center_axis',(-3.18831623610881E-18,0.342020143325669,
0.939692620785908));
#5165=DIRECTION('ref_axis',(-1.,-1.80818399050359E-17,3.18831623610881E-18));
#5166=DIRECTION('',(1.,1.80818399050359E-17,-3.18831623610881E-18));
#5167=DIRECTION('center_axis',(-1.05313115820607E-17,0.422618261740701,
-0.906307787036649));
#5168=DIRECTION('ref_axis',(1.50402716443001E-17,-0.906307787036649,-0.422618261740701));
#5169=DIRECTION('center_axis',(1.50402716443001E-17,-0.906307787036651,
-0.422618261740696));
#5170=DIRECTION('ref_axis',(1.05313115820606E-17,-0.422618261740696,0.906307787036651));
#5171=DIRECTION('center_axis',(-1.,-1.02249888237186E-15,-2.75642482765689E-15));
#5172=DIRECTION('ref_axis',(-2.93990728459941E-15,0.342020143325669,0.939692620785909));
#5173=DIRECTION('',(-2.93990728459941E-15,0.342020143325669,0.939692620785909));
#5174=DIRECTION('',(1.80818399050359E-17,-0.939692620785909,0.342020143325669));
#5175=DIRECTION('center_axis',(-3.18831623610881E-18,0.342020143325669,
0.939692620785908));
#5176=DIRECTION('ref_axis',(1.,1.80818399050358E-17,-3.18831623610879E-18));
#5177=DIRECTION('',(1.,1.80818399050359E-17,-3.18831623610881E-18));
#5178=DIRECTION('center_axis',(1.80818399050359E-17,-0.939692620785908,
0.342020143325669));
#5179=DIRECTION('ref_axis',(1.,1.80818399050359E-17,-3.18831623610881E-18));
#5180=DIRECTION('center_axis',(1.,3.27367433792412E-16,8.4656686913207E-16));
#5181=DIRECTION('ref_axis',(-9.07478896551073E-16,0.342020143325669,0.939692620785909));
#5182=DIRECTION('',(1.80818399050359E-17,-0.939692620785909,0.342020143325669));
#5183=DIRECTION('',(-9.07478896551073E-16,0.342020143325669,0.939692620785909));
#5184=DIRECTION('',(1.80818399050359E-17,-0.939692620785909,0.342020143325669));
#5185=DIRECTION('center_axis',(0.707106781186548,-0.241844762647975,-0.664463024388674));
#5186=DIRECTION('ref_axis',(0.707106781186547,0.241844762647975,0.664463024388675));
#5187=DIRECTION('',(0.707106781186547,0.241844762647975,0.664463024388675));
#5188=DIRECTION('',(1.80818399050359E-17,-0.939692620785909,0.342020143325669));
#5189=DIRECTION('center_axis',(-4.48956973921373E-16,-0.342020143325669,
-0.939692620785908));
#5190=DIRECTION('ref_axis',(1.,-1.36560957038652E-16,-4.28065908920198E-16));
#5191=DIRECTION('',(1.,-1.36560957038652E-16,-4.28065908920198E-16));
#5192=DIRECTION('',(1.80818399050359E-17,-0.939692620785909,0.342020143325669));
#5193=DIRECTION('center_axis',(-0.707106781186548,-0.241844762647975,-0.664463024388674));
#5194=DIRECTION('ref_axis',(0.707106781186547,-0.241844762647975,-0.664463024388675));
#5195=DIRECTION('',(0.707106781186547,-0.241844762647975,-0.664463024388675));
#5196=DIRECTION('',(1.80818399050359E-17,-0.939692620785909,0.342020143325669));
#5197=DIRECTION('center_axis',(-0.707106781186548,0.241844762647975,0.664463024388674));
#5198=DIRECTION('ref_axis',(-0.707106781186547,-0.241844762647975,-0.664463024388675));
#5199=DIRECTION('',(1.80818399050359E-17,-0.939692620785909,0.342020143325669));
#5200=DIRECTION('',(-0.707106781186547,-0.241844762647975,-0.664463024388675));
#5201=DIRECTION('',(1.80818399050359E-17,-0.939692620785909,0.342020143325669));
#5202=DIRECTION('center_axis',(4.48956973921373E-16,0.342020143325669,0.939692620785908));
#5203=DIRECTION('ref_axis',(-1.,1.36560957038652E-16,4.28065908920198E-16));
#5204=DIRECTION('',(-1.,1.36560957038652E-16,4.28065908920198E-16));
#5205=DIRECTION('',(1.80818399050359E-17,-0.939692620785909,0.342020143325669));
#5206=DIRECTION('center_axis',(0.707106781186548,0.241844762647975,0.664463024388674));
#5207=DIRECTION('ref_axis',(-0.707106781186547,0.241844762647975,0.664463024388675));
#5208=DIRECTION('',(-0.707106781186547,0.241844762647975,0.664463024388675));
#5209=DIRECTION('center_axis',(-1.,2.9120375398234E-16,8.52943501604287E-16));
#5210=DIRECTION('ref_axis',(-9.01102264078855E-16,-0.342020143325669,-0.939692620785909));
#5211=DIRECTION('',(-9.01102264078855E-16,-0.342020143325669,-0.939692620785909));
#5212=DIRECTION('',(0.665961968427747,0.4183463246623,0.617641489255204));
#5213=DIRECTION('',(0.50388047721775,0.526449100118412,0.684803482514018));
#5214=DIRECTION('',(0.752889104428106,0.386443612836706,0.532746966702918));
#5215=DIRECTION('',(0.858988755961403,0.388905303268658,0.3330029762951));
#5216=DIRECTION('',(0.858988755961403,0.0838685593172259,-0.505078589815421));
#5217=DIRECTION('',(0.752889104428106,-0.0464101671023417,-0.656509019605198));
#5218=DIRECTION('',(0.665961968427747,-0.0765404192147839,-0.742048664734508));
#5219=DIRECTION('',(0.665961968427747,-0.0765404192147839,-0.742048664734508));
#5220=DIRECTION('',(0.503880477217751,-0.0368997858995061,-0.862984861095131));
#5221=DIRECTION('center_axis',(-0.707106781186548,-0.664463024388675,0.241844762647975));
#5222=DIRECTION('ref_axis',(-3.21774053737238E-16,0.342020143325669,0.939692620785909));
#5223=DIRECTION('',(-9.9729448812209E-17,0.342020143325668,0.939692620785909));
#5224=DIRECTION('center_axis',(5.80132246121518E-16,-0.939692620785909,
0.342020143325668));
#5225=DIRECTION('ref_axis',(3.18831623610881E-18,-0.342020143325668,-0.939692620785909));
#5226=DIRECTION('center_axis',(3.79759665692716E-16,-0.90630778703665,-0.4226182617407));
#5227=DIRECTION('ref_axis',(-1.,-1.94492790478541E-16,-4.81496787009121E-16));
#5228=DIRECTION('',(-1.,-5.3041484921948E-16,2.3889039271264E-16));
#5229=DIRECTION('center_axis',(5.80132246121518E-16,-0.939692620785909,
0.342020143325668));
#5230=DIRECTION('ref_axis',(3.18831623610881E-18,-0.342020143325668,-0.939692620785909));
#5231=DIRECTION('',(-0.503880477217752,0.526449100118411,0.684803482514017));
#5232=DIRECTION('',(-0.665961968427746,0.418346324662299,0.617641489255206));
#5233=DIRECTION('center_axis',(0.707106781186548,-0.664463024388675,0.241844762647975));
#5234=DIRECTION('ref_axis',(-2.1885628868892E-16,-0.342020143325669,-0.939692620785909));
#5235=DIRECTION('',(3.18831623610881E-18,-0.342020143325668,-0.939692620785909));
#5236=DIRECTION('',(-0.856255504031949,0.0819246441210594,-0.510014572831631));
#5237=DIRECTION('',(-0.749315048876139,-0.0478625048061122,-0.660481747031236));
#5238=DIRECTION('',(-0.665961968427746,-0.0765404192147855,-0.742048664734508));
#5239=DIRECTION('',(-0.665961968427746,-0.0765404192147855,-0.742048664734508));
#5240=DIRECTION('center_axis',(4.07960965186389E-16,-0.4226182617407,0.90630778703665));
#5241=DIRECTION('ref_axis',(1.,-1.74150720585376E-16,-5.3134293546746E-16));
#5242=DIRECTION('',(1.,5.46236459136387E-16,-1.9542087672652E-16));
#5243=DIRECTION('',(-0.503880477217752,-0.0368997858995065,-0.86298486109513));
#5244=DIRECTION('center_axis',(1.80818399050359E-17,-0.939692620785908,
0.342020143325669));
#5245=DIRECTION('ref_axis',(-1.,-1.80818399050359E-17,3.18831623610881E-18));
#5246=DIRECTION('center_axis',(1.80818399050359E-17,-0.939692620785908,
0.342020143325669));
#5247=DIRECTION('ref_axis',(-1.,-1.80818399050359E-17,3.18831623610881E-18));
#5248=DIRECTION('',(0.17364817766693,-0.925416578398323,0.336824088833465));
#5249=DIRECTION('center_axis',(1.80818399050359E-17,-0.939692620785908,
0.342020143325669));
#5250=DIRECTION('ref_axis',(-1.,-1.80818399050359E-17,3.18831623610881E-18));
#5251=DIRECTION('',(0.17364817766693,-0.925416578398323,0.336824088833465));
#5252=DIRECTION('center_axis',(1.80818399050359E-17,-0.939692620785908,
0.342020143325669));
#5253=DIRECTION('ref_axis',(-1.,-1.80818399050359E-17,3.18831623610881E-18));
#5254=DIRECTION('',(-0.752889104428105,0.386443612836705,0.53274696670292));
#5255=DIRECTION('',(-0.859761635856781,0.38842220367912,0.331569180108658));
#5256=DIRECTION('center_axis',(5.80132246121518E-16,-0.939692620785909,
0.342020143325668));
#5257=DIRECTION('ref_axis',(3.18831623610881E-18,-0.342020143325668,-0.939692620785909));
#5258=DIRECTION('center_axis',(5.80132246121518E-16,-0.939692620785909,
0.342020143325668));
#5259=DIRECTION('ref_axis',(3.18831623610881E-18,-0.342020143325668,-0.939692620785909));
#5260=DIRECTION('center_axis',(1.80818399050359E-17,-0.939692620785908,
0.342020143325669));
#5261=DIRECTION('ref_axis',(3.18831623610881E-18,-0.342020143325669,-0.939692620785909));
#5262=CARTESIAN_POINT('',(0.,0.,0.));
#5263=CARTESIAN_POINT('Origin',(-18.1,-51.3925332339137,3.99617573234021));
#5264=CARTESIAN_POINT('',(-19.1,-50.690933776108,3.));
#5265=CARTESIAN_POINT('',(-17.1,-52.8192893210598,3.));
#5266=CARTESIAN_POINT('',(-14.9900432342625,-55.0646584120428,3.));
#5267=CARTESIAN_POINT('',(-17.1,-52.4390418489936,4.04472134330651));
#5268=CARTESIAN_POINT('',(-17.1,-52.3322258546996,4.33819587566588));
#5269=CARTESIAN_POINT('',(-21.,-48.7742406279286,2.7108427843364));
#5270=CARTESIAN_POINT('',(-22.2160179652279,-47.6315575192608,2.29494014558255));
#5271=CARTESIAN_POINT('',(-19.1,-51.2094948797406,1.57526507716193));
#5272=CARTESIAN_POINT('',(-21.8627301558394,-47.6684683752053,3.22647285395658));
#5273=CARTESIAN_POINT('',(-19.1,-50.3994326159808,3.80089285519424));
#5274=CARTESIAN_POINT('Origin',(-24.,-41.5723688550569,0.0895758280091408));
#5275=CARTESIAN_POINT('',(-15.4644660940672,-52.4390418489936,4.04472134330651));
#5276=CARTESIAN_POINT('',(-18.3180194846605,-52.4390418489936,4.04472134330651));
#5277=CARTESIAN_POINT('',(-12.,-55.6945750725516,5.22963853334631));
#5278=CARTESIAN_POINT('',(-18.4642412699313,-49.6201752522174,3.01873780771268));
#5279=CARTESIAN_POINT('',(-12.,-57.0416876048223,5.7199473972998));
#5280=CARTESIAN_POINT('',(-12.,-51.9874533458035,3.88035657000847));
#5281=CARTESIAN_POINT('',(-17.5,-58.7,6.32352374825918));
#5282=CARTESIAN_POINT('Origin',(-14.5,-58.7,6.32352374825918));
#5283=CARTESIAN_POINT('',(-12.,-60.3583123951777,6.92710009921856));
#5284=CARTESIAN_POINT('Origin',(-14.5,-58.7,6.32352374825918));
#5285=CARTESIAN_POINT('',(-12.,-63.9923111213768,8.24976746691633));
#5286=CARTESIAN_POINT('',(-12.,-51.9874533458035,3.88035657000847));
#5287=CARTESIAN_POINT('',(-4.84798428959274,-65.1222993191513,8.66104953597836));
#5288=CARTESIAN_POINT('',(-16.2919781762873,-63.3141967434605,8.00295401792685));
#5289=CARTESIAN_POINT('',(4.8479842895928,-65.1222993191513,8.66104953597836));
#5290=CARTESIAN_POINT('',(-9.65948975853586,-65.1222993191513,8.66104953597836));
#5291=CARTESIAN_POINT('',(12.,-63.9923111213768,8.24976746691633));
#5292=CARTESIAN_POINT('',(-4.38871503776879,-66.5816587010277,9.1922129120785));
#5293=CARTESIAN_POINT('',(12.,-60.3583123951777,6.92710009921855));
#5294=CARTESIAN_POINT('',(12.,-48.2442385358128,2.51793779870745));
#5295=CARTESIAN_POINT('',(12.,-57.0416876048223,5.71994739729981));
#5296=CARTESIAN_POINT('Origin',(14.5,-58.7,6.32352374825919));
#5297=CARTESIAN_POINT('',(12.,-55.6945750725516,5.22963853334631));
#5298=CARTESIAN_POINT('',(12.,-48.2442385358128,2.51793779870745));
#5299=CARTESIAN_POINT('',(15.4644660940672,-52.4390418489936,4.0447213433065));
#5300=CARTESIAN_POINT('',(7.78226075459202,-59.6579535178607,6.67219031457108));
#5301=CARTESIAN_POINT('',(17.1,-52.4390418489936,4.0447213433065));
#5302=CARTESIAN_POINT('',(-2.75,-52.4390418489936,4.0447213433065));
#5303=CARTESIAN_POINT('',(21.,-48.7742406279286,2.71084278433639));
#5304=CARTESIAN_POINT('',(10.2160179652279,-58.9078689686917,6.39918186549057));
#5305=CARTESIAN_POINT('',(21.,-69.2933011682412,10.1791700561164));
#5306=CARTESIAN_POINT('',(21.,-40.0688606617994,-0.457656401311932));
#5307=CARTESIAN_POINT('',(-21.,-69.2933011682412,10.1791700561164));
#5308=CARTESIAN_POINT('',(-12.,-69.2933011682412,10.1791700561164));
#5309=CARTESIAN_POINT('',(-21.,-40.0688606617994,-0.45765640131193));
#5310=CARTESIAN_POINT('Origin',(-22.5,-41.0593386400684,1.499114759188));
#5311=CARTESIAN_POINT('',(-22.1775258626259,-69.9970759678303,11.6884199843154));
#5312=CARTESIAN_POINT('',(-15.0166666666667,-65.7172275114374,2.51025535084874));
#5313=CARTESIAN_POINT('',(-22.8224612512989,-69.7765071827104,12.2944654172325));
#5314=CARTESIAN_POINT('Ctrl Pts',(-22.1775258626259,-69.9970759678303,11.6884199843154));
#5315=CARTESIAN_POINT('Ctrl Pts',(-22.2843406725437,-69.9605438607172,11.788793331217));
#5316=CARTESIAN_POINT('Ctrl Pts',(-22.3911765343546,-69.9240051981116,11.8891866950712));
#5317=CARTESIAN_POINT('Ctrl Pts',(-22.6062208162559,-69.8504597447324,12.0912636840729));
#5318=CARTESIAN_POINT('Ctrl Pts',(-22.7143515665243,-69.8134795328636,12.1928743286526));
#5319=CARTESIAN_POINT('Ctrl Pts',(-22.8224612512989,-69.7765071827104,12.2944654172325));
#5320=CARTESIAN_POINT('',(-24.,-68.2672407382642,12.9982479184741));
#5321=CARTESIAN_POINT('',(-33.7333333333333,-55.7919031675782,18.8155933657538));
#5322=CARTESIAN_POINT('',(-24.,-41.673939570023,3.31907786235767));
#5323=CARTESIAN_POINT('',(-24.,-40.5463084250799,2.90865369036687));
#5324=CARTESIAN_POINT('',(-20.4679111137621,-42.8819851171331,1.13271437913098E-16));
#5325=CARTESIAN_POINT('',(-22.25,-42.2724748208429,1.67461577598236));
#5326=CARTESIAN_POINT('',(-19.1,-46.8814896505828,2.04693193119774E-16));
#5327=CARTESIAN_POINT('',(-18.4474442973451,-48.7894348853566,2.64773827716241E-16));
#5328=CARTESIAN_POINT('',(-19.1,-43.8533580616144,-1.1021497638257));
#5329=CARTESIAN_POINT('Origin',(19.1,-60.3568542494924,0.));
#5330=CARTESIAN_POINT('',(19.1,-51.2094948797406,1.57526507716193));
#5331=CARTESIAN_POINT('',(19.1,-50.690933776108,3.));
#5332=CARTESIAN_POINT('',(19.1,-52.2292739725032,-1.22655495303518));
#5333=CARTESIAN_POINT('',(19.1,-59.4532486838628,3.));
#5334=CARTESIAN_POINT('',(19.1,-53.9650041254464,3.));
#5335=CARTESIAN_POINT('',(19.1,-60.5451593866614,3.70074341541719E-16));
#5336=CARTESIAN_POINT('',(19.1,-59.4100536266589,3.11867744429984));
#5337=CARTESIAN_POINT('',(19.1,-46.8814896505828,2.04693193119774E-16));
#5338=CARTESIAN_POINT('',(19.1,-53.9650041254464,0.));
#5339=CARTESIAN_POINT('',(19.1,-53.061890948679,2.24948210832724));
#5340=CARTESIAN_POINT('Origin',(22.5,-41.0593386400684,1.499114759188));
#5341=CARTESIAN_POINT('',(21.2682747991949,-48.430389393511,2.87118324821135));
#5342=CARTESIAN_POINT('',(20.4679111137621,-42.8819851171331,1.13271437913098E-16));
#5343=CARTESIAN_POINT('',(18.4474442973451,-48.7894348853566,2.64773827716241E-16));
#5344=CARTESIAN_POINT('',(24.,-41.673939570023,3.31907786235767));
#5345=CARTESIAN_POINT('',(22.25,-42.2724748208429,1.67461577598235));
#5346=CARTESIAN_POINT('',(24.,-68.2672407382642,12.9982479184741));
#5347=CARTESIAN_POINT('',(24.,-39.0428002318224,2.36142146104579));
#5348=CARTESIAN_POINT('',(22.8224612512989,-69.7765071827103,12.2944654172325));
#5349=CARTESIAN_POINT('',(29.9,-60.7051354300059,16.5245155354895));
#5350=CARTESIAN_POINT('',(22.1775258626259,-69.9970759678303,11.6884199843154));
#5351=CARTESIAN_POINT('Ctrl Pts',(22.8224612512989,-69.7765071827103,12.2944654172325));
#5352=CARTESIAN_POINT('Ctrl Pts',(22.7143515646911,-69.8134795334905,12.1928743269299));
#5353=CARTESIAN_POINT('Ctrl Pts',(22.6062208125863,-69.8504597459873,12.0912636806246));
#5354=CARTESIAN_POINT('Ctrl Pts',(22.3911765306841,-69.9240051993669,11.889186691622));
#5355=CARTESIAN_POINT('Ctrl Pts',(22.2843406707084,-69.9605438613449,11.7887933294924));
#5356=CARTESIAN_POINT('Ctrl Pts',(22.1775258626259,-69.9970759678303,11.6884199843154));
#5357=CARTESIAN_POINT('',(11.0166666666667,-63.3265376015964,-2.61659570559755));
#5358=CARTESIAN_POINT('Origin',(18.5,-41.9468654659963,4.90826364611696));
#5359=CARTESIAN_POINT('',(15.5,-43.7333273351138,0.));
#5360=CARTESIAN_POINT('',(18.4999999999998,-43.7333273351138,0.));
#5361=CARTESIAN_POINT('',(9.25,-43.7333273351138,-2.77555756156289E-16));
#5362=CARTESIAN_POINT('',(15.5,-43.4517540966287,0.773616114660466));
#5363=CARTESIAN_POINT('',(15.5,-42.6993097813125,2.84093988038871));
#5364=CARTESIAN_POINT('',(-15.5,-43.4517540966287,0.773616114660473));
#5365=CARTESIAN_POINT('',(9.25,-43.4517540966287,0.773616114660468));
#5366=CARTESIAN_POINT('',(-15.5,-43.7333273351138,0.));
#5367=CARTESIAN_POINT('',(-15.5,-42.6993097813125,2.84093988038872));
#5368=CARTESIAN_POINT('',(-18.5000000000003,-43.7333273351138,5.55111512312578E-16));
#5369=CARTESIAN_POINT('',(9.25,-43.7333273351138,-2.77555756156289E-16));
#5370=CARTESIAN_POINT('',(-18.5000000000001,-42.1520775519911,4.34444807364703));
#5371=CARTESIAN_POINT('',(-18.5000000000001,-41.9468654659957,4.90826364611857));
#5372=CARTESIAN_POINT('',(18.5,-42.1520775519917,4.34444807364541));
#5373=CARTESIAN_POINT('',(17.9796507144318,-42.1520775519917,4.34444807364544));
#5374=CARTESIAN_POINT('',(18.5,-41.9468654659963,4.90826364611696));
#5375=CARTESIAN_POINT('Origin',(15.5,-41.3262612902729,-8.88178419700125E-15));
#5376=CARTESIAN_POINT('',(15.5,-43.2012384488758,0.));
#5377=CARTESIAN_POINT('',(15.5,-42.9819077862358,0.602606042997631));
#5378=CARTESIAN_POINT('',(15.5,-42.2294634709193,2.66992980872668));
#5379=CARTESIAN_POINT('',(15.5,-41.3262612902728,-2.22044604925031E-15));
#5380=CARTESIAN_POINT('',(15.5,-49.6199639866359,3.01866091332949));
#5381=CARTESIAN_POINT('',(15.5,-44.4497076458366,0.));
#5382=CARTESIAN_POINT('Origin',(2.47503281168362E-15,-50.8750487527473,
3.47547440967501));
#5383=CARTESIAN_POINT('',(-15.5,-42.9819077862358,0.602606042997638));
#5384=CARTESIAN_POINT('',(-9.25000000000004,-42.9819077862358,0.602606042997642));
#5385=CARTESIAN_POINT('',(-15.5,-41.3262612902729,-2.22044604925031E-15));
#5386=CARTESIAN_POINT('',(-15.5,-39.8809221376423,-0.526060429977073));
#5387=CARTESIAN_POINT('',(1.42894477525544E-14,-41.3262612902729,5.55111512312578E-16));
#5388=CARTESIAN_POINT('Origin',(4.44089209850063E-15,-47.5731540014004,
0.));
#5389=CARTESIAN_POINT('',(-19.7327407840873,-42.1370606763999,1.38777878078145E-16));
#5390=CARTESIAN_POINT('',(-16.5964671916484,-38.9591755557272,5.55111512312578E-16));
#5391=CARTESIAN_POINT('',(-19.1,-42.1370606763999,1.38777878078145E-16));
#5392=CARTESIAN_POINT('',(-19.1,-42.1370606763999,1.38777878078145E-16));
#5393=CARTESIAN_POINT('',(-19.1,-38.9,0.));
#5394=CARTESIAN_POINT('',(-19.1,-43.5365770007002,0.));
#5395=CARTESIAN_POINT('',(-20.,-38.,0.));
#5396=CARTESIAN_POINT('',(-18.5,-39.5,0.));
#5397=CARTESIAN_POINT('',(-20.,-30.,0.));
#5398=CARTESIAN_POINT('',(-20.,-38.,0.));
#5399=CARTESIAN_POINT('',(-19.,-29.,0.));
#5400=CARTESIAN_POINT('',(-20.,-30.,0.));
#5401=CARTESIAN_POINT('',(-14.,-29.,0.));
#5402=CARTESIAN_POINT('',(-19.,-29.,0.));
#5403=CARTESIAN_POINT('',(-11.,-32.,0.));
#5404=CARTESIAN_POINT('',(-14.,-29.,0.));
#5405=CARTESIAN_POINT('',(11.,-32.,0.));
#5406=CARTESIAN_POINT('',(11.,-32.,0.));
#5407=CARTESIAN_POINT('',(14.,-29.,0.));
#5408=CARTESIAN_POINT('',(14.,-29.,0.));
#5409=CARTESIAN_POINT('',(19.,-29.,0.));
#5410=CARTESIAN_POINT('',(19.,-29.,0.));
#5411=CARTESIAN_POINT('',(20.,-30.,0.));
#5412=CARTESIAN_POINT('',(20.,-30.,0.));
#5413=CARTESIAN_POINT('',(20.,-38.,0.));
#5414=CARTESIAN_POINT('',(20.,-38.,0.));
#5415=CARTESIAN_POINT('',(19.1,-38.9,0.));
#5416=CARTESIAN_POINT('',(18.5,-39.5,0.));
#5417=CARTESIAN_POINT('',(19.1,-42.1370606763999,1.38777878078145E-16));
#5418=CARTESIAN_POINT('',(19.1,-53.9650041254464,0.));
#5419=CARTESIAN_POINT('',(19.7327407840873,-42.1370606763999,1.38777878078145E-16));
#5420=CARTESIAN_POINT('',(19.1,-42.1370606763999,1.38777878078145E-16));
#5421=CARTESIAN_POINT('',(16.5964671916483,-38.9591755557272,0.));
#5422=CARTESIAN_POINT('',(17.0424616450608,-63.9345229393113,5.55111512312578E-16));
#5423=CARTESIAN_POINT('',(18.827279618803,-60.9944091019219,0.));
#5424=CARTESIAN_POINT('',(4.68102048292829,-66.1463080028007,0.));
#5425=CARTESIAN_POINT('',(4.68102048292829,-66.1463080028007,0.));
#5426=CARTESIAN_POINT('',(-4.68102048292828,-66.1463080028007,0.));
#5427=CARTESIAN_POINT('',(-4.68102048292828,-66.1463080028007,0.));
#5428=CARTESIAN_POINT('',(-17.0424616450608,-63.9345229393113,0.));
#5429=CARTESIAN_POINT('',(-16.2411077985004,-64.0779060970795,0.));
#5430=CARTESIAN_POINT('',(-19.1,-60.5451593866614,0.));
#5431=CARTESIAN_POINT('',(-19.8601833102035,-59.2929165797405,0.));
#5432=CARTESIAN_POINT('',(-19.1,-43.5365770007002,0.));
#5433=CARTESIAN_POINT('',(13.5,-34.,0.));
#5434=CARTESIAN_POINT('Origin',(16.,-34.,0.));
#5435=CARTESIAN_POINT('',(12.,-58.7,0.));
#5436=CARTESIAN_POINT('Origin',(14.5,-58.7,0.));
#5437=CARTESIAN_POINT('',(-17.,-58.7,0.));
#5438=CARTESIAN_POINT('Origin',(-14.5,-58.7,0.));
#5439=CARTESIAN_POINT('',(-18.5,-34.,0.));
#5440=CARTESIAN_POINT('Origin',(-16.,-34.,0.));
#5441=CARTESIAN_POINT('',(18.4999999999998,-43.2012384488758,-5.55111512312578E-16));
#5442=CARTESIAN_POINT('',(18.4999999999997,-44.525086578502,0.));
#5443=CARTESIAN_POINT('',(-9.25000000000004,-43.2012384488758,-2.77555756156289E-16));
#5444=CARTESIAN_POINT('',(-15.5,-43.2012384488758,0.));
#5445=CARTESIAN_POINT('',(-15.5,-48.5965589940181,0.));
#5446=CARTESIAN_POINT('',(-18.5000000000003,-43.2012384488758,0.));
#5447=CARTESIAN_POINT('',(-9.25000000000004,-43.2012384488758,-2.77555756156289E-16));
#5448=CARTESIAN_POINT('',(-18.5000000000003,-44.7600097336984,0.));
#5449=CARTESIAN_POINT('',(-15.5,-50.7186667064307,0.));
#5450=CARTESIAN_POINT('',(-15.5,-48.5965589940181,0.));
#5451=CARTESIAN_POINT('',(-11.3933982822017,-50.7186667064306,0.));
#5452=CARTESIAN_POINT('',(-5.69669914110087,-50.7186667064307,0.));
#5453=CARTESIAN_POINT('',(-7.00000000000001,-55.3940235039836,0.));
#5454=CARTESIAN_POINT('',(-7.72076436135403,-54.6270020914379,0.));
#5455=CARTESIAN_POINT('',(-7.,-62.4940373242964,0.));
#5456=CARTESIAN_POINT('',(-7.00000000000001,-53.7955159553552,0.));
#5457=CARTESIAN_POINT('',(-4.43057477293156,-62.953774685373,0.));
#5458=CARTESIAN_POINT('',(-3.83663577434289,-63.0600459031438,0.));
#5459=CARTESIAN_POINT('',(4.43057477293132,-62.953774685373,0.));
#5460=CARTESIAN_POINT('',(2.21528738646566,-62.953774685373,0.));
#5461=CARTESIAN_POINT('',(6.99999999999999,-62.4940373242963,0.));
#5462=CARTESIAN_POINT('',(5.11668639978697,-62.8310113741812,0.));
#5463=CARTESIAN_POINT('',(6.99999999999999,-55.3940235039837,0.));
#5464=CARTESIAN_POINT('',(6.99999999999999,-50.6607809669974,0.));
#5465=CARTESIAN_POINT('',(11.3933982822017,-50.7186667064307,0.));
#5466=CARTESIAN_POINT('',(9.78099937447703,-52.4345457843958,-5.55111512312578E-16));
#5467=CARTESIAN_POINT('',(15.5,-50.7186667064307,0.));
#5468=CARTESIAN_POINT('',(7.75,-50.7186667064307,0.));
#5469=CARTESIAN_POINT('',(15.5,-44.4497076458366,0.));
#5470=CARTESIAN_POINT('Origin',(-15.5,-49.6199639866359,3.01866091332949));
#5471=CARTESIAN_POINT('',(-15.5,-42.2294634709193,2.66992980872669));
#5472=CARTESIAN_POINT('Origin',(3.40585929740157E-15,-34.1757518689594,
21.8735161777479));
#5473=CARTESIAN_POINT('',(-23.3,-40.9169861680936,3.35212716162371));
#5474=CARTESIAN_POINT('',(-21.6300252531695,-41.4881511703549,1.78286421512824));
#5475=CARTESIAN_POINT('',(-23.3,-27.4345175698252,40.3949051938722));
#5476=CARTESIAN_POINT('',(-23.3,-32.2091360448368,27.2767487472669));
#5477=CARTESIAN_POINT('',(-20.7100505063388,-26.548702672797,42.8286616212738));
#5478=CARTESIAN_POINT('',(-21.6300252531695,-26.863352567564,41.9641681403677));
#5479=CARTESIAN_POINT('',(20.7100505063388,-26.548702672797,42.8286616212738));
#5480=CARTESIAN_POINT('',(6.,-26.548702672797,42.8286616212738));
#5481=CARTESIAN_POINT('',(23.3,-27.4345175698252,40.3949051938722));
#5482=CARTESIAN_POINT('',(21.6300252531695,-26.863352567564,41.9641681403677));
#5483=CARTESIAN_POINT('',(23.3,-40.9169861680937,3.35212716162371));
#5484=CARTESIAN_POINT('',(23.3,-36.142367693082,16.470283608229));
#5485=CARTESIAN_POINT('',(21.6300252531695,-41.4881511703549,1.78286421512823));
#5486=CARTESIAN_POINT('',(19.1,-38.9930291136473,8.63815572471546));
#5487=CARTESIAN_POINT('',(19.1,-39.2220617605922,8.0088936989164));
#5488=CARTESIAN_POINT('',(12.2152235951762,-38.9930291136473,8.63815572471545));
#5489=CARTESIAN_POINT('',(3.88717279118992E-15,-38.9930291136473,8.63815572471545));
#5490=CARTESIAN_POINT('',(13.8000000000001,-38.4510036605303,10.1273584179241));
#5491=CARTESIAN_POINT('',(12.9750000000001,-38.733170278774,9.35211200577569));
#5492=CARTESIAN_POINT('',(13.8000000000001,-29.9005000773885,33.619673937572));
#5493=CARTESIAN_POINT('',(13.8000000000001,-31.6961058298483,28.6862876784459));
#5494=CARTESIAN_POINT('',(11.8000000000001,-29.2164597907372,35.4990591791438));
#5495=CARTESIAN_POINT('',(12.9750000000001,-29.6183334591449,34.3949203497203));
#5496=CARTESIAN_POINT('',(-11.8000000000001,-29.2164597907372,35.4990591791438));
#5497=CARTESIAN_POINT('',(-6.90000000000003,-29.2164597907372,35.4990591791438));
#5498=CARTESIAN_POINT('',(-13.8000000000001,-29.9005000773885,33.619673937572));
#5499=CARTESIAN_POINT('',(-12.9750000000001,-29.6183334591449,34.3949203497203));
#5500=CARTESIAN_POINT('',(-13.8000000000001,-38.4510036605303,10.1273584179241));
#5501=CARTESIAN_POINT('',(-13.8000000000001,-36.6553979080705,15.0607446770501));
#5502=CARTESIAN_POINT('',(-12.2152235951762,-38.9930291136473,8.63815572471545));
#5503=CARTESIAN_POINT('',(-12.9750000000001,-38.733170278774,9.35211200577569));
#5504=CARTESIAN_POINT('',(-19.1,-38.9930291136473,8.63815572471546));
#5505=CARTESIAN_POINT('',(3.88717279118992E-15,-38.9930291136473,8.63815572471545));
#5506=CARTESIAN_POINT('',(-19.1,-38.0021675229106,11.3605255710693));
#5507=CARTESIAN_POINT('Origin',(-19.1,-39.5,0.));
#5508=CARTESIAN_POINT('',(-19.1,-59.4532486838628,3.));
#5509=CARTESIAN_POINT('',(-19.1,-58.1901593889773,6.47030931645279));
#5510=CARTESIAN_POINT('',(-19.1,-43.5365770007002,3.));
#5511=CARTESIAN_POINT('Origin',(-19.1,-39.5,0.));
#5512=CARTESIAN_POINT('',(-19.1,-38.9,8.08480181331886));
#5513=CARTESIAN_POINT('',(-19.1,-38.0568681202992,3.06970164559619));
#5514=CARTESIAN_POINT('',(-19.1,-38.9,0.));
#5515=CARTESIAN_POINT('Origin',(3.87805310753991E-15,-38.5190895436243,
5.81907786235773));
#5516=CARTESIAN_POINT('',(-11.8000000000001,-38.9139003307617,8.16748348247744));
#5517=CARTESIAN_POINT('',(-9.49441878912801,-38.474527816339,5.55401668822471));
#5518=CARTESIAN_POINT('',(11.8000000000001,-38.9139003307617,8.16748348247742));
#5519=CARTESIAN_POINT('',(6.90000000000005,-38.9139003307617,8.16748348247743));
#5520=CARTESIAN_POINT('',(9.49441878912799,-38.474527816339,5.5540166882247));
#5521=CARTESIAN_POINT('',(19.1,-38.9,8.08480181331885));
#5522=CARTESIAN_POINT('',(19.1,-38.3435142139189,4.77472420114185));
#5523=CARTESIAN_POINT('',(19.9548500263987,-38.0451499736013,3.));
#5524=CARTESIAN_POINT('',(19.6570727535137,-38.3429272464863,4.77123281321006));
#5525=CARTESIAN_POINT('',(-19.9548500263987,-38.0451499736013,3.));
#5526=CARTESIAN_POINT('',(3.8689334238899E-15,-38.0451499736013,3.));
#5527=CARTESIAN_POINT('',(-19.6972002572336,-38.3027997427664,4.53254719891722));
#5528=CARTESIAN_POINT('Origin',(18.5,-52.4390418489936,4.0447213433065));
#5529=CARTESIAN_POINT('',(-13.8921869679749,-52.8192893210598,3.));
#5530=CARTESIAN_POINT('',(-6.31801948466051,-52.8192893210598,3.));
#5531=CARTESIAN_POINT('',(-15.0501775903155,-52.5392353538513,3.76944195113416));
#5532=CARTESIAN_POINT('Origin',(18.1,-52.6124274715953,0.644543860187272));
#5533=CARTESIAN_POINT('',(17.1,-52.8192893210598,3.));
#5534=CARTESIAN_POINT('',(17.1,-53.5521200923812,0.986564003512942));
#5535=CARTESIAN_POINT('',(14.6856587187311,-55.3885776477572,3.));
#5536=CARTESIAN_POINT('Origin',(19.1,-60.3568542494924,0.));
#5537=CARTESIAN_POINT('',(19.1,-38.9,0.));
#5538=CARTESIAN_POINT('Origin',(4.44089209850063E-15,-47.5731540014004,
3.));
#5539=CARTESIAN_POINT('',(13.8921869679749,-52.8192893210598,3.));
#5540=CARTESIAN_POINT('',(9.25,-52.8192893210598,3.));
#5541=CARTESIAN_POINT('',(10.1956449909157,-55.4163023489629,3.));
#5542=CARTESIAN_POINT('',(6.66072598001618,-57.8997668357349,3.));
#5543=CARTESIAN_POINT('',(9.99999999999999,-55.6245033995916,3.));
#5544=CARTESIAN_POINT('',(11.07715327374,-54.4782208281278,3.));
#5545=CARTESIAN_POINT('',(9.99999999999999,-64.1026927782912,3.));
#5546=CARTESIAN_POINT('',(9.99999999999999,-51.2446311089845,3.));
#5547=CARTESIAN_POINT('',(17.0424616450608,-62.8426122365127,3.));
#5548=CARTESIAN_POINT('',(4.08556027241311,-65.1609407023648,3.));
#5549=CARTESIAN_POINT('',(18.3429219715169,-60.7003761894536,3.));
#5550=CARTESIAN_POINT('',(12.,-58.7,3.));
#5551=CARTESIAN_POINT('Origin',(14.5,-58.7,3.));
#5552=CARTESIAN_POINT('Origin',(4.44089209850063E-15,-47.5731540014004,
3.));
#5553=CARTESIAN_POINT('',(-17.0424616450608,-62.8426122365127,3.));
#5554=CARTESIAN_POINT('',(-19.3758256629174,-58.9988836672723,3.));
#5555=CARTESIAN_POINT('',(-9.99999999999999,-64.1026927782912,3.));
#5556=CARTESIAN_POINT('',(-9.84462920448281,-64.1304926764034,3.));
#5557=CARTESIAN_POINT('',(-10.,-55.6245033995916,3.));
#5558=CARTESIAN_POINT('',(-10.,-54.9878459189752,3.));
#5559=CARTESIAN_POINT('',(-10.1956449909157,-55.4163023489629,3.));
#5560=CARTESIAN_POINT('',(-9.84101226586625,-55.7936946123531,3.));
#5561=CARTESIAN_POINT('',(-12.5974852256841,-53.7288846436193,3.));
#5562=CARTESIAN_POINT('',(-17.,-58.7,3.));
#5563=CARTESIAN_POINT('Origin',(-14.5,-58.7,3.));
#5564=CARTESIAN_POINT('Origin',(-19.3175774060108,-44.2038133435039,3.09305691602354));
#5565=CARTESIAN_POINT('',(-17.3175774060129,-57.6698264412606,10.6220736654342));
#5566=CARTESIAN_POINT('',(-17.5,-58.7,11.143033171856));
#5567=CARTESIAN_POINT('Ctrl Pts',(-17.3175774060129,-57.6698264412606,10.6220736654342));
#5568=CARTESIAN_POINT('Ctrl Pts',(-17.3490575849092,-57.7559263416541,10.680544921251));
#5569=CARTESIAN_POINT('Ctrl Pts',(-17.3774956300123,-57.8460579507533,10.7368015358357));
#5570=CARTESIAN_POINT('Ctrl Pts',(-17.4661180526118,-58.1839140765465,10.9310361349644));
#5571=CARTESIAN_POINT('Ctrl Pts',(-17.5,-58.4482032698958,11.0513866570125));
#5572=CARTESIAN_POINT('Ctrl Pts',(-17.5,-58.7,11.143033171856));
#5573=CARTESIAN_POINT('',(-17.3175774060129,-43.4610685968046,5.45050874415587));
#5574=CARTESIAN_POINT('',(-17.3175774060129,-43.3592583003085,5.41345282668945));
#5575=CARTESIAN_POINT('',(-17.4593014288642,-43.322202382842,5.51526312318562));
#5576=CARTESIAN_POINT('Origin',(-19.3175774060108,-46.6260195506659,3.97466787668537));
#5577=CARTESIAN_POINT('',(-21.1758533831574,-43.322202382842,5.51526312318562));
#5578=CARTESIAN_POINT('Origin',(-19.3175774060108,-44.2038133435039,3.09305691602354));
#5579=CARTESIAN_POINT('',(-21.3175774060112,-43.4610685968072,5.45050874415468));
#5580=CARTESIAN_POINT('Origin',(-19.3175774060108,-46.6260195506659,3.97466787668537));
#5581=CARTESIAN_POINT('',(-21.3175774060112,-64.2125934473369,13.0034461053829));
#5582=CARTESIAN_POINT('',(-21.3175774060112,-43.3592583003092,5.41345282668757));
#5583=CARTESIAN_POINT('',(-21.1758533831574,-64.2773478263678,13.142312319348));
#5584=CARTESIAN_POINT('Origin',(-19.3175774060108,-62.7367525798676,9.83849515152414));
#5585=CARTESIAN_POINT('',(-17.4593014288642,-64.2773478263678,13.142312319348));
#5586=CARTESIAN_POINT('Origin',(-19.3175774060108,-65.1589587870296,10.720106112186));
#5587=CARTESIAN_POINT('',(-17.3175774060129,-64.2125934473381,13.0034461053854));
#5588=CARTESIAN_POINT('Origin',(-19.3175774060108,-62.7367525798676,9.83849515152414));
#5589=CARTESIAN_POINT('',(-17.3175774060129,-59.7301735587394,11.3719786884527));
#5590=CARTESIAN_POINT('',(-17.3175774060129,-43.3592583003085,5.41345282668945));
#5591=CARTESIAN_POINT('Ctrl Pts',(-17.5,-58.7,11.143033171856));
#5592=CARTESIAN_POINT('Ctrl Pts',(-17.5,-58.9253659983886,11.2250596870851));
#5593=CARTESIAN_POINT('Ctrl Pts',(-17.4727592355751,-59.1761672759652,11.2970924781324));
#5594=CARTESIAN_POINT('Ctrl Pts',(-17.386010672723,-59.5261365123564,11.3552848816353));
#5595=CARTESIAN_POINT('Ctrl Pts',(-17.3543259206908,-59.6296644903569,11.3670707280563));
#5596=CARTESIAN_POINT('Ctrl Pts',(-17.3175774060129,-59.7301735587394,11.3719786884527));
#5597=CARTESIAN_POINT('Origin',(19.3175774060126,-44.2038133435053,3.0930569160195));
#5598=CARTESIAN_POINT('',(17.3175774060129,-59.7301735587394,11.3719786884527));
#5599=CARTESIAN_POINT('',(17.3175774060129,-57.6698264412606,10.6220736654343));
#5600=CARTESIAN_POINT('Ctrl Pts',(17.3175774060129,-59.7301735587394,11.3719786884532));
#5601=CARTESIAN_POINT('Ctrl Pts',(17.3543259206907,-59.6296644903571,11.3670707280568));
#5602=CARTESIAN_POINT('Ctrl Pts',(17.3860106727229,-59.5261365123569,11.3552848816359));
#5603=CARTESIAN_POINT('Ctrl Pts',(17.472759235575,-59.1761672759657,11.2970924781329));
#5604=CARTESIAN_POINT('Ctrl Pts',(17.5,-58.9253659983888,11.2250596870856));
#5605=CARTESIAN_POINT('Ctrl Pts',(17.5,-58.4482032698955,11.0513866570128));
#5606=CARTESIAN_POINT('Ctrl Pts',(17.4661180526118,-58.183914076546,10.9310361349646));
#5607=CARTESIAN_POINT('Ctrl Pts',(17.3774956300122,-57.8460579507528,10.7368015358358));
#5608=CARTESIAN_POINT('Ctrl Pts',(17.3490575849091,-57.7559263416538,10.6805449212512));
#5609=CARTESIAN_POINT('Ctrl Pts',(17.3175774060128,-57.6698264412604,10.6220736654346));
#5610=CARTESIAN_POINT('',(17.3175774060129,-64.2125934473381,13.0034461053854));
#5611=CARTESIAN_POINT('',(17.3175774060129,-43.3592583003085,5.41345282668945));
#5612=CARTESIAN_POINT('',(17.4593014288637,-64.2773478263678,13.142312319348));
#5613=CARTESIAN_POINT('Origin',(19.3175774060126,-62.736752579865,9.83849515151862));
#5614=CARTESIAN_POINT('',(21.1758533831614,-64.2773478263678,13.142312319348));
#5615=CARTESIAN_POINT('Origin',(19.3175774060126,-65.1589587870311,10.7201061121819));
#5616=CARTESIAN_POINT('',(21.3175774060129,-64.2125934473381,13.0034461053854));
#5617=CARTESIAN_POINT('Origin',(19.3175774060126,-62.736752579865,9.83849515151862));
#5618=CARTESIAN_POINT('',(21.3175774060129,-43.4610685968046,5.45050874415587));
#5619=CARTESIAN_POINT('',(21.3175774060129,-43.3592583003085,5.41345282668945));
#5620=CARTESIAN_POINT('',(21.1758533831614,-43.322202382842,5.51526312318562));
#5621=CARTESIAN_POINT('Origin',(19.3175774060126,-46.6260195506715,3.9746678766828));
#5622=CARTESIAN_POINT('',(17.4593014288637,-43.322202382842,5.51526312318562));
#5623=CARTESIAN_POINT('Origin',(19.3175774060126,-44.2038133435053,3.0930569160195));
#5624=CARTESIAN_POINT('',(17.3175774060129,-43.4610685968046,5.45050874415587));
#5625=CARTESIAN_POINT('Origin',(19.3175774060126,-46.6260195506715,3.9746678766828));
#5626=CARTESIAN_POINT('',(17.3175774060129,-43.3592583003085,5.41345282668945));
#5627=CARTESIAN_POINT('Origin',(-14.8000000000001,-42.296141952865,8.33434098554337));
#5628=CARTESIAN_POINT('',(-14.8000000000001,-55.7150376886801,8.96170852019807));
#5629=CARTESIAN_POINT('Ctrl Pts',(-17.317577406013,-57.669826441261,10.6220736654345));
#5630=CARTESIAN_POINT('Ctrl Pts',(-17.29237131116,-57.6008864818249,10.5752558876467));
#5631=CARTESIAN_POINT('Ctrl Pts',(-17.2647473262305,-57.5331785422292,10.527342747007));
#5632=CARTESIAN_POINT('Ctrl Pts',(-17.0656598923172,-57.0916655444158,10.2040996852612));
#5633=CARTESIAN_POINT('Ctrl Pts',(-16.8215593777808,-56.758968979191,9.90916784956791));
#5634=CARTESIAN_POINT('Ctrl Pts',(-16.288870931333,-56.2696210704937,9.45922744684198));
#5635=CARTESIAN_POINT('Ctrl Pts',(-15.980506055796,-56.0634071128319,9.26022610546279));
#5636=CARTESIAN_POINT('Ctrl Pts',(-15.4540607498834,-55.849447582996,9.06358498430367));
#5637=CARTESIAN_POINT('Ctrl Pts',(-15.2679028189278,-55.7934499445493,9.01458723508316));
#5638=CARTESIAN_POINT('Ctrl Pts',(-14.9856368931041,-55.7380933328287,8.9735613526881));
#5639=CARTESIAN_POINT('Ctrl Pts',(-14.8929120540869,-55.7243757014652,8.96510727889902));
#5640=CARTESIAN_POINT('Ctrl Pts',(-14.8000000000001,-55.7150376886801,8.96170852019806));
#5641=CARTESIAN_POINT('',(-14.8000000000001,-44.6039151469536,4.91759064572538));
#5642=CARTESIAN_POINT('',(-14.8000000000001,-43.6642225261677,4.57557050239971));
#5643=CARTESIAN_POINT('Origin',(-14.8000000000001,-39.4770640905073,7.30828055556636));
#5644=CARTESIAN_POINT('Origin',(14.8000000000001,-42.296141952865,8.33434098554337));
#5645=CARTESIAN_POINT('',(14.8000000000001,-61.6849623113199,11.1345833836518));
#5646=CARTESIAN_POINT('Ctrl Pts',(17.3175774060129,-59.7301735587394,11.3719786884527));
#5647=CARTESIAN_POINT('Ctrl Pts',(17.3067768571249,-59.7597136127052,11.3734211594387));
#5648=CARTESIAN_POINT('Ctrl Pts',(17.2954974551816,-59.7891223793153,11.3745021103435));
#5649=CARTESIAN_POINT('Ctrl Pts',(17.1359527721199,-60.1862462940233,11.3845510119366));
#5650=CARTESIAN_POINT('Ctrl Pts',(16.9088676369797,-60.5271613300896,11.3391497396619));
#5651=CARTESIAN_POINT('Ctrl Pts',(16.3795684348059,-61.0691887593663,11.2433382020114));
#5652=CARTESIAN_POINT('Ctrl Pts',(16.0400859262085,-61.3063071303869,11.1860213442568));
#5653=CARTESIAN_POINT('Ctrl Pts',(15.3884163800751,-61.5812488309438,11.1322720442209));
#5654=CARTESIAN_POINT('Ctrl Pts',(15.091638340994,-61.655651555212,11.1239151408847));
#5655=CARTESIAN_POINT('Ctrl Pts',(14.8000000000001,-61.6849623113199,11.1345833836518));
#5656=CARTESIAN_POINT('',(14.8000000000001,-63.6796753489076,11.8605995552365));
#5657=CARTESIAN_POINT('',(14.8000000000001,-43.6642225261677,4.57557050239971));
#5658=CARTESIAN_POINT('Origin',(14.8000000000001,-66.0703652587485,16.9874506116828));
#5659=CARTESIAN_POINT('Origin',(-14.5,-58.7,0.));
#5660=CARTESIAN_POINT('Origin',(-14.5,-58.7,8.98396817944896));
#5661=CARTESIAN_POINT('',(-17.5,-58.7,0.));
#5662=CARTESIAN_POINT('',(-14.8000000000001,-61.6849623113198,11.1345833836518));
#5663=CARTESIAN_POINT('Ctrl Pts',(-14.8000000000001,-61.6849623113198,11.1345833836518));
#5664=CARTESIAN_POINT('Ctrl Pts',(-15.091638340994,-61.655651555212,11.1239151408847));
#5665=CARTESIAN_POINT('Ctrl Pts',(-15.3884163800751,-61.5812488309438,11.1322720442209));
#5666=CARTESIAN_POINT('Ctrl Pts',(-16.0400859262084,-61.3063071303869,11.1860213442567));
#5667=CARTESIAN_POINT('Ctrl Pts',(-16.3795684348059,-61.0691887593662,11.2433382020114));
#5668=CARTESIAN_POINT('Ctrl Pts',(-16.9088676369797,-60.5271613300896,11.3391497396619));
#5669=CARTESIAN_POINT('Ctrl Pts',(-17.1359527721199,-60.1862462940233,11.3845510119366));
#5670=CARTESIAN_POINT('Ctrl Pts',(-17.2954974551816,-59.7891223793153,11.3745021103435));
#5671=CARTESIAN_POINT('Ctrl Pts',(-17.3067768571249,-59.7597136127052,11.3734211594387));
#5672=CARTESIAN_POINT('Ctrl Pts',(-17.3175774060129,-59.7301735587394,11.3719786884527));
#5673=CARTESIAN_POINT('Origin',(-14.5,-58.7,10.0481459519249));
#5674=CARTESIAN_POINT('Origin',(-11.,-52.3294734891292,2.94066394922256));
#5675=CARTESIAN_POINT('',(-10.,-55.6001485032201,3.06691452783393));
#5676=CARTESIAN_POINT('',(-10.,-55.6001485032201,3.06691452783393));
#5677=CARTESIAN_POINT('',(-9.99999999999999,-63.0865781232014,5.79175207043598));
#5678=CARTESIAN_POINT('',(-10.,-52.6714936324548,2.00097132843665));
#5679=CARTESIAN_POINT('',(-9.99999999999999,-63.0865781232014,5.79175207043599));
#5680=CARTESIAN_POINT('Origin',(14.5,-58.7,0.));
#5681=CARTESIAN_POINT('',(11.5,-58.7,5.79143486202123));
#5682=CARTESIAN_POINT('Origin',(14.5,-58.7,8.98396817944897));
#5683=CARTESIAN_POINT('Origin',(14.5,-58.7,8.98396817944897));
#5684=CARTESIAN_POINT('',(11.5,-58.7,10.0481459519249));
#5685=CARTESIAN_POINT('',(11.5,-58.7,0.));
#5686=CARTESIAN_POINT('Origin',(14.5,-58.7,10.0481459519249));
#5687=CARTESIAN_POINT('',(14.8000000000001,-55.7150376886802,8.96170852019807));
#5688=CARTESIAN_POINT('Ctrl Pts',(14.8000000000001,-55.7150376886802,8.96170852019806));
#5689=CARTESIAN_POINT('Ctrl Pts',(14.8929120540869,-55.7243757014652,8.96510727889902));
#5690=CARTESIAN_POINT('Ctrl Pts',(14.9856368931041,-55.7380933328287,8.97356135268811));
#5691=CARTESIAN_POINT('Ctrl Pts',(15.2679028189278,-55.7934499445493,9.01458723508316));
#5692=CARTESIAN_POINT('Ctrl Pts',(15.4540607498834,-55.849447582996,9.06358498430367));
#5693=CARTESIAN_POINT('Ctrl Pts',(15.980506055796,-56.0634071128319,9.26022610546279));
#5694=CARTESIAN_POINT('Ctrl Pts',(16.288870931333,-56.2696210704937,9.45922744684198));
#5695=CARTESIAN_POINT('Ctrl Pts',(16.8215593777809,-56.758968979191,9.90916784956792));
#5696=CARTESIAN_POINT('Ctrl Pts',(17.0656598923172,-57.0916655444158,10.2040996852612));
#5697=CARTESIAN_POINT('Ctrl Pts',(17.2647473262305,-57.5331785422292,10.527342747007));
#5698=CARTESIAN_POINT('Ctrl Pts',(17.29237131116,-57.6008864818249,10.5752558876467));
#5699=CARTESIAN_POINT('Ctrl Pts',(17.317577406013,-57.669826441261,10.6220736654345));
#5700=CARTESIAN_POINT('Origin',(14.5,-58.7,10.0481459519249));
#5701=CARTESIAN_POINT('Origin',(11.,-48.5862586791385,1.57824517792154));
#5702=CARTESIAN_POINT('',(9.99999999999999,-63.0865781232014,5.79175207043598));
#5703=CARTESIAN_POINT('',(9.99999999999999,-63.0865781232014,5.79175207043598));
#5704=CARTESIAN_POINT('',(9.99999999999999,-55.6001485032201,3.06691452783394));
#5705=CARTESIAN_POINT('',(9.99999999999999,-48.9282788224642,0.638552557135627));
#5706=CARTESIAN_POINT('',(9.99999999999999,-55.6001485032201,3.06691452783394));
#5707=CARTESIAN_POINT('Origin',(-14.8000000000001,-42.296141952865,8.33434098554337));
#5708=CARTESIAN_POINT('',(-14.8000000000001,-63.6796753489076,11.8605995552365));
#5709=CARTESIAN_POINT('Origin',(-14.8000000000001,-66.0703652587485,16.9874506116828));
#5710=CARTESIAN_POINT('',(-14.8000000000001,-43.6642225261677,4.57557050239971));
#5711=CARTESIAN_POINT('Origin',(24.,-44.6039151469536,4.91759064572538));
#5712=CARTESIAN_POINT('',(14.8000000000001,-44.6039151469536,4.91759064572538));
#5713=CARTESIAN_POINT('',(14.8000000000001,-43.6642225261677,4.57557050239971));
#5714=CARTESIAN_POINT('',(24.,-44.6039151469536,4.91759064572538));
#5715=CARTESIAN_POINT('',(24.,-63.6796753489076,11.8605995552365));
#5716=CARTESIAN_POINT('Origin',(-17.7571344887447,-49.2977323711544,1.8372004242788));
#5717=CARTESIAN_POINT('',(-17.0500277075581,-48.9752894900914,0.655663040844914));
#5718=CARTESIAN_POINT('Origin',(-16.1261699251597,-62.7295314803495,6.72597549266913));
#5719=CARTESIAN_POINT('',(-4.68102048292828,-63.9269543642308,6.09762400775521));
#5720=CARTESIAN_POINT('',(-15.9603616740321,-62.1448662172386,5.44899696741141));
#5721=CARTESIAN_POINT('',(-4.68102048292828,-63.9269543642308,6.09762400775521));
#5722=CARTESIAN_POINT('Origin',(-9.65948975853586,-64.5246268416911,7.37933677186678));
#5723=CARTESIAN_POINT('',(4.68102048292829,-63.9269543642308,6.09762400775521));
#5724=CARTESIAN_POINT('',(-9.65948975853586,-63.9269543642308,6.09762400775521));
#5725=CARTESIAN_POINT('',(4.68102048292829,-63.9269543642308,6.09762400775521));
#5726=CARTESIAN_POINT('Origin',(-4.55452328889642,-65.9969934379168,7.91523438682078));
#5727=CARTESIAN_POINT('',(-4.72033154002404,-65.4123281748058,6.63825586156306));
#5728=CARTESIAN_POINT('Origin',(7.07515397340547,-59.3355106367977,5.4906529311372));
#5729=CARTESIAN_POINT('',(6.36804719221891,-59.0130677557347,4.30911554770332));
#5730=CARTESIAN_POINT('',(13.4441710954287,-52.9276396134182,2.70231001835385));
#5731=CARTESIAN_POINT('Origin',(-19.0039814293922,-58.436643438076,6.22766979872013));
#5732=CARTESIAN_POINT('',(-17.0424616450608,-61.289858717205,7.26615523227663));
#5733=CARTESIAN_POINT('Origin',(16.7450892278926,-61.7224149070703,7.42359281003522));
#5734=CARTESIAN_POINT('',(17.0424616450608,-61.289858717205,7.26615523227663));
#5735=CARTESIAN_POINT('Origin',(6.99999999999999,-60.01787790931,6.80319207964498));
#5736=CARTESIAN_POINT('',(4.43057477293132,-60.4238362152218,6.95094881935002));
#5737=CARTESIAN_POINT('',(4.43057477293132,-60.4238362152218,6.95094881935002));
#5738=CARTESIAN_POINT('',(6.99999999999999,-60.01787790931,6.80319207964498));
#5739=CARTESIAN_POINT('',(4.43057477293132,-60.4238362152218,6.95094881935002));
#5740=CARTESIAN_POINT('',(6.99999999999999,-60.01787790931,6.80319207964498));
#5741=CARTESIAN_POINT('Origin',(6.99999999999999,-53.7484079325945,4.52129162349492));
#5742=CARTESIAN_POINT('',(6.99999999999999,-53.7484079325945,4.52129162349492));
#5743=CARTESIAN_POINT('',(6.99999999999999,-60.01787790931,6.80319207964498));
#5744=CARTESIAN_POINT('',(6.99999999999999,-53.7484079325945,4.52129162349492));
#5745=CARTESIAN_POINT('Origin',(11.3933982822017,-49.6199639866359,3.01866091332949));
#5746=CARTESIAN_POINT('',(11.3933982822017,-49.6199639866359,3.01866091332949));
#5747=CARTESIAN_POINT('',(6.99999999999999,-53.7484079325945,4.52129162349492));
#5748=CARTESIAN_POINT('',(11.3933982822017,-49.6199639866359,3.01866091332949));
#5749=CARTESIAN_POINT('Origin',(15.5,-49.6199639866359,3.01866091332949));
#5750=CARTESIAN_POINT('',(15.5,-49.6199639866359,3.01866091332949));
#5751=CARTESIAN_POINT('',(11.3933982822017,-49.6199639866359,3.01866091332949));
#5752=CARTESIAN_POINT('',(15.5,-49.6199639866359,3.01866091332949));
#5753=CARTESIAN_POINT('Origin',(15.5,-41.3262612902729,-8.88178419700125E-15));
#5754=CARTESIAN_POINT('',(15.5,-49.6199639866359,3.01866091332949));
#5755=CARTESIAN_POINT('Origin',(-15.5,-49.6199639866359,3.01866091332949));
#5756=CARTESIAN_POINT('',(-15.5,-49.6199639866359,3.01866091332949));
#5757=CARTESIAN_POINT('',(-15.5,-39.8809221376423,-0.526060429977073));
#5758=CARTESIAN_POINT('',(-15.5,-49.6199639866359,3.01866091332949));
#5759=CARTESIAN_POINT('Origin',(-11.3933982822017,-49.6199639866359,3.01866091332949));
#5760=CARTESIAN_POINT('',(-11.3933982822017,-49.6199639866359,3.01866091332949));
#5761=CARTESIAN_POINT('',(-15.5,-49.6199639866359,3.01866091332949));
#5762=CARTESIAN_POINT('',(-11.3933982822017,-49.6199639866359,3.01866091332949));
#5763=CARTESIAN_POINT('Origin',(-7.00000000000001,-53.7484079325944,4.52129162349488));
#5764=CARTESIAN_POINT('',(-7.00000000000001,-53.7484079325944,4.52129162349488));
#5765=CARTESIAN_POINT('',(-11.3933982822017,-49.6199639866359,3.01866091332949));
#5766=CARTESIAN_POINT('',(-7.00000000000001,-53.7484079325944,4.52129162349488));
#5767=CARTESIAN_POINT('Origin',(-7.,-60.01787790931,6.803192079645));
#5768=CARTESIAN_POINT('',(-7.,-60.01787790931,6.803192079645));
#5769=CARTESIAN_POINT('',(-7.00000000000001,-53.7484079325944,4.52129162349488));
#5770=CARTESIAN_POINT('',(-7.,-60.01787790931,6.803192079645));
#5771=CARTESIAN_POINT('Origin',(-4.43057477293155,-60.4238362152218,6.95094881935002));
#5772=CARTESIAN_POINT('',(-4.43057477293155,-60.4238362152218,6.95094881935002));
#5773=CARTESIAN_POINT('',(-7.,-60.01787790931,6.803192079645));
#5774=CARTESIAN_POINT('',(-4.43057477293155,-60.4238362152218,6.95094881935002));
#5775=CARTESIAN_POINT('Origin',(4.43057477293132,-60.4238362152218,6.95094881935001));
#5776=CARTESIAN_POINT('',(-4.43057477293155,-60.4238362152218,6.95094881935002));
#5777=CARTESIAN_POINT('Origin',(2.47503281168362E-15,-50.8750487527473,
3.47547440967501));
#5778=CARTESIAN_POINT('Origin',(4.44089209850063E-15,-47.5731540014004,
3.));
#5779=CARTESIAN_POINT('',(20.,-38.,3.));
#5780=CARTESIAN_POINT('',(18.5,-39.5,3.));
#5781=CARTESIAN_POINT('',(20.,-30.,3.));
#5782=CARTESIAN_POINT('',(20.,-38.,3.));
#5783=CARTESIAN_POINT('',(19.,-29.,3.));
#5784=CARTESIAN_POINT('',(20.,-30.,3.));
#5785=CARTESIAN_POINT('',(14.,-29.,3.));
#5786=CARTESIAN_POINT('',(19.,-29.,3.));
#5787=CARTESIAN_POINT('',(11.,-32.,3.));
#5788=CARTESIAN_POINT('',(14.,-29.,3.));
#5789=CARTESIAN_POINT('',(-11.,-32.,3.));
#5790=CARTESIAN_POINT('',(11.,-32.,3.));
#5791=CARTESIAN_POINT('',(-14.,-29.,3.));
#5792=CARTESIAN_POINT('',(-14.,-29.,3.));
#5793=CARTESIAN_POINT('',(-19.,-29.,3.));
#5794=CARTESIAN_POINT('',(-19.,-29.,3.));
#5795=CARTESIAN_POINT('',(-20.,-30.,3.));
#5796=CARTESIAN_POINT('',(-20.,-30.,3.));
#5797=CARTESIAN_POINT('',(-20.,-38.,3.));
#5798=CARTESIAN_POINT('',(-20.,-38.,3.));
#5799=CARTESIAN_POINT('',(-18.5,-39.5,3.));
#5800=CARTESIAN_POINT('',(-18.5,-34.,3.));
#5801=CARTESIAN_POINT('Origin',(-16.,-34.,3.));
#5802=CARTESIAN_POINT('',(13.5,-34.,3.));
#5803=CARTESIAN_POINT('Origin',(16.,-34.,3.));
#5804=CARTESIAN_POINT('Origin',(-10.,-54.9161082165687,4.94629976940573));
#5805=CARTESIAN_POINT('',(-10.,-54.9161082165687,4.94629976940573));
#5806=CARTESIAN_POINT('Origin',(-9.99999999999999,-62.4025378365501,7.6711373120078));
#5807=CARTESIAN_POINT('',(-9.99999999999999,-62.4025378365501,7.6711373120078));
#5808=CARTESIAN_POINT('Origin',(-4.68102048292828,-63.2429140775795,7.97700924932701));
#5809=CARTESIAN_POINT('',(-4.68102048292828,-63.2429140775795,7.97700924932702));
#5810=CARTESIAN_POINT('Origin',(4.68102048292829,-63.2429140775795,7.97700924932702));
#5811=CARTESIAN_POINT('',(4.68102048292829,-63.2429140775795,7.97700924932702));
#5812=CARTESIAN_POINT('Origin',(9.99999999999999,-62.4025378365501,7.67113731200779));
#5813=CARTESIAN_POINT('',(9.99999999999999,-62.4025378365501,7.67113731200779));
#5814=CARTESIAN_POINT('Origin',(9.99999999999999,-54.9161082165687,4.94629976940574));
#5815=CARTESIAN_POINT('',(9.99999999999999,-54.9161082165688,4.94629976940574));
#5816=CARTESIAN_POINT('Origin',(12.636038969321,-52.4390418489936,4.0447213433065));
#5817=CARTESIAN_POINT('Origin',(18.5,-52.4390418489936,4.0447213433065));
#5818=CARTESIAN_POINT('Origin',(16.,-34.,0.));
#5819=CARTESIAN_POINT('',(13.5,-34.,0.));
#5820=CARTESIAN_POINT('Origin',(14.5,-58.7,0.));
#5821=CARTESIAN_POINT('',(12.,-58.7,0.));
#5822=CARTESIAN_POINT('Origin',(-14.5,-58.7,0.));
#5823=CARTESIAN_POINT('',(-17.,-58.7,0.));
#5824=CARTESIAN_POINT('Origin',(-16.,-34.,0.));
#5825=CARTESIAN_POINT('',(-18.5,-34.,0.));
#5826=CARTESIAN_POINT('Origin',(-20.,-38.,0.));
#5827=CARTESIAN_POINT('',(-20.,-38.,0.));
#5828=CARTESIAN_POINT('Origin',(-20.,-30.,0.));
#5829=CARTESIAN_POINT('',(-20.,-30.,0.));
#5830=CARTESIAN_POINT('Origin',(-19.,-29.,0.));
#5831=CARTESIAN_POINT('',(-19.,-29.,0.));
#5832=CARTESIAN_POINT('Origin',(-14.,-29.,0.));
#5833=CARTESIAN_POINT('',(-14.,-29.,0.));
#5834=CARTESIAN_POINT('Origin',(-11.,-32.,0.));
#5835=CARTESIAN_POINT('',(-11.,-32.,0.));
#5836=CARTESIAN_POINT('Origin',(11.,-32.,0.));
#5837=CARTESIAN_POINT('',(11.,-32.,0.));
#5838=CARTESIAN_POINT('Origin',(14.,-29.,0.));
#5839=CARTESIAN_POINT('',(14.,-29.,0.));
#5840=CARTESIAN_POINT('Origin',(19.,-29.,0.));
#5841=CARTESIAN_POINT('',(19.,-29.,0.));
#5842=CARTESIAN_POINT('Origin',(20.,-30.,0.));
#5843=CARTESIAN_POINT('',(20.,-30.,0.));
#5844=CARTESIAN_POINT('Origin',(20.,-38.,0.));
#5845=CARTESIAN_POINT('',(20.,-38.,0.));
#5846=CARTESIAN_POINT('Origin',(18.5,-39.5,0.));
#5847=CARTESIAN_POINT('Origin',(18.5,-35.5852908001386,22.3865463927356));
#5848=CARTESIAN_POINT('',(18.5,-42.6219238623847,4.51545814530825));
#5849=CARTESIAN_POINT('',(18.5,-42.3870007071882,4.42995310947683));
#5850=CARTESIAN_POINT('',(18.5,-29.6935624446738,40.0358392110173));
#5851=CARTESIAN_POINT('',(18.5,-36.0551371105314,22.5575564643989));
#5852=CARTESIAN_POINT('',(18.5,-28.7538698238879,39.6938190676916));
#5853=CARTESIAN_POINT('',(18.5,-29.4586392894773,39.9503341751859));
#5854=CARTESIAN_POINT('',(18.5,-35.1154444897455,22.2155363210732));
#5855=CARTESIAN_POINT('Origin',(17.4593014288637,-42.6219238623847,4.51545814530829));
#5856=CARTESIAN_POINT('',(-18.5,-42.6219238623841,4.51545814530986));
#5857=CARTESIAN_POINT('',(-18.5,-42.6219238623841,4.51545814530986));
#5858=CARTESIAN_POINT('',(8.72965071443139,-42.6219238623845,4.51545814530868));
#5859=CARTESIAN_POINT('Origin',(1.40252699798699E-14,-35.1154444897453,
22.2155363210736));
#5860=CARTESIAN_POINT('',(-18.5000000000001,-28.7538698238879,39.6938190676916));
#5861=CARTESIAN_POINT('',(-8.7296507144318,-28.7538698238879,39.6938190676916));
#5862=CARTESIAN_POINT('',(-18.5000000000001,-41.4428171412702,4.83122283653433));
#5863=CARTESIAN_POINT('',(-13.8000000000001,-39.3906962813162,10.4693785612497));
#5864=CARTESIAN_POINT('',(-13.8000000000001,-30.8401926981744,33.9616940808976));
#5865=CARTESIAN_POINT('',(-13.8000000000001,-37.5950905288564,15.4027648203758));
#5866=CARTESIAN_POINT('',(-11.8000000000001,-30.1561524115231,35.8410793224694));
#5867=CARTESIAN_POINT('',(-12.9750000000001,-30.5580260799308,34.736940493046));
#5868=CARTESIAN_POINT('',(11.8000000000001,-30.1561524115231,35.8410793224694));
#5869=CARTESIAN_POINT('',(-6.90000000000003,-30.1561524115231,35.8410793224694));
#5870=CARTESIAN_POINT('',(13.8000000000001,-30.8401926981744,33.9616940808976));
#5871=CARTESIAN_POINT('',(12.9750000000001,-30.5580260799308,34.736940493046));
#5872=CARTESIAN_POINT('',(13.8000000000001,-39.3906962813162,10.4693785612497));
#5873=CARTESIAN_POINT('',(13.8000000000001,-32.6357984506342,29.0283078217715));
#5874=CARTESIAN_POINT('',(11.8000000000001,-40.0747365679675,8.58999331967792));
#5875=CARTESIAN_POINT('',(12.9750000000001,-39.6728628995599,9.69413214910136));
#5876=CARTESIAN_POINT('',(-11.8000000000001,-40.0747365679675,8.58999331967793));
#5877=CARTESIAN_POINT('',(6.90000000000005,-40.0747365679675,8.58999331967792));
#5878=CARTESIAN_POINT('',(-12.9750000000001,-39.6728628995599,9.69413214910136));
#5879=CARTESIAN_POINT('Origin',(12.8000000000001,-32.3775577964206,35.5854269883349));
#5880=CARTESIAN_POINT('',(13.8000000000001,-32.7195779397463,34.6457343675489));
#5881=CARTESIAN_POINT('',(11.8000000000001,-32.0355376530949,36.5251196091208));
#5882=CARTESIAN_POINT('',(14.3500000000001,-32.9076890185754,34.1289034261167));
#5883=CARTESIAN_POINT('',(11.8000000000001,-31.095845032309,36.1830994657951));
#5884=CARTESIAN_POINT('',(11.8000000000001,-32.0355376530949,36.5251196091208));
#5885=CARTESIAN_POINT('',(13.8000000000001,-31.7798853189604,34.3037142242233));
#5886=CARTESIAN_POINT('',(12.9750000000001,-31.4977187007167,35.0789606363716));
#5887=CARTESIAN_POINT('',(13.8000000000001,-32.7195779397462,34.6457343675489));
#5888=CARTESIAN_POINT('Origin',(-13.8000000000001,-32.0355376530949,36.5251196091208));
#5889=CARTESIAN_POINT('',(-11.8000000000001,-32.0355376530949,36.5251196091208));
#5890=CARTESIAN_POINT('',(5.09999999999997,-32.0355376530949,36.5251196091208));
#5891=CARTESIAN_POINT('',(-11.8000000000001,-31.095845032309,36.1830994657951));
#5892=CARTESIAN_POINT('',(-11.8000000000001,-32.035537653095,36.5251196091208));
#5893=CARTESIAN_POINT('',(-6.90000000000003,-31.095845032309,36.1830994657951));
#5894=CARTESIAN_POINT('Origin',(12.8000000000001,-41.6121016662137,10.2137262271152));
#5895=CARTESIAN_POINT('',(11.8000000000001,-41.9541218095394,9.27403360632925));
#5896=CARTESIAN_POINT('',(13.8000000000001,-41.270081522888,11.1534188479011));
#5897=CARTESIAN_POINT('',(23.6000000000001,-37.9182841182965,20.362406531603));
#5898=CARTESIAN_POINT('',(13.8000000000001,-40.3303889021021,10.8113987045754));
#5899=CARTESIAN_POINT('',(13.8000000000001,-41.270081522888,11.1534188479011));
#5900=CARTESIAN_POINT('',(11.8000000000001,-41.0144291887535,8.93201346300359));
#5901=CARTESIAN_POINT('',(12.9750000000001,-40.6125555203458,10.036152292427));
#5902=CARTESIAN_POINT('',(11.8000000000001,-41.9541218095394,9.27403360632925));
#5903=CARTESIAN_POINT('Origin',(13.8000000000001,-32.035537653095,36.5251196091208));
#5904=CARTESIAN_POINT('',(13.8000000000001,-33.5754910714201,29.3703279650972));
#5905=CARTESIAN_POINT('',(13.8000000000001,-31.3514973664436,38.4045048506926));
#5906=CARTESIAN_POINT('Origin',(-12.8000000000001,-41.6121016662138,10.2137262271152));
#5907=CARTESIAN_POINT('',(-13.8000000000001,-41.270081522888,11.1534188479011));
#5908=CARTESIAN_POINT('',(-11.8000000000001,-41.9541218095394,9.27403360632926));
#5909=CARTESIAN_POINT('',(-11.6000000000001,-42.0225258382045,9.08609508217207));
#5910=CARTESIAN_POINT('',(-11.8000000000001,-41.0144291887535,8.9320134630036));
#5911=CARTESIAN_POINT('',(-11.8000000000001,-41.9541218095394,9.27403360632929));
#5912=CARTESIAN_POINT('',(-13.8000000000001,-40.3303889021021,10.8113987045754));
#5913=CARTESIAN_POINT('',(-12.975,-40.6125555203458,10.036152292427));
#5914=CARTESIAN_POINT('',(-13.8000000000001,-41.2700815228881,11.1534188479011));
#5915=CARTESIAN_POINT('Origin',(13.8000000000001,-41.9541218095394,9.27403360632924));
#5916=CARTESIAN_POINT('',(6.90000000000005,-41.0144291887535,8.93201346300359));
#5917=CARTESIAN_POINT('',(18.9,-41.9541218095394,9.27403360632924));
#5918=CARTESIAN_POINT('Origin',(-12.8000000000001,-41.6121016662138,10.2137262271152));
#5919=CARTESIAN_POINT('',(-11.8000000000001,-41.9541218095394,9.27403360632929));
#5920=CARTESIAN_POINT('',(-13.8000000000001,-41.2700815228881,11.1534188479011));
#5921=CARTESIAN_POINT('Origin',(13.8000000000001,-41.9541218095394,9.27403360632924));
#5922=CARTESIAN_POINT('',(11.8000000000001,-41.9541218095394,9.27403360632925));
#5923=CARTESIAN_POINT('Origin',(12.8000000000001,-41.6121016662137,10.2137262271152));
#5924=CARTESIAN_POINT('',(13.8000000000001,-41.270081522888,11.1534188479011));
#5925=CARTESIAN_POINT('Origin',(13.8000000000001,-32.035537653095,36.5251196091208));
#5926=CARTESIAN_POINT('',(13.8000000000001,-32.7195779397462,34.6457343675489));
#5927=CARTESIAN_POINT('Origin',(12.8000000000001,-32.3775577964206,35.5854269883349));
#5928=CARTESIAN_POINT('',(11.8000000000001,-32.0355376530949,36.5251196091208));
#5929=CARTESIAN_POINT('Origin',(-13.8000000000001,-32.0355376530949,36.5251196091208));
#5930=CARTESIAN_POINT('',(-11.8000000000001,-32.035537653095,36.5251196091208));
#5931=CARTESIAN_POINT('Origin',(-12.8000000000001,-32.3775577964207,35.5854269883349));
#5932=CARTESIAN_POINT('',(-13.8000000000001,-32.7195779397463,34.645734367549));
#5933=CARTESIAN_POINT('Origin',(-13.8000000000001,-41.9541218095394,9.27403360632929));
#5934=CARTESIAN_POINT('Origin',(-12.8000000000001,-32.3775577964207,35.5854269883349));
#5935=CARTESIAN_POINT('',(-13.8000000000001,-32.7195779397463,34.645734367549));
#5936=CARTESIAN_POINT('',(-2.35000000000001,-28.8034472986673,45.4052148755476));
#5937=CARTESIAN_POINT('',(-13.8000000000001,-31.7798853189603,34.3037142242233));
#5938=CARTESIAN_POINT('',(-13.8000000000001,-32.7195779397463,34.645734367549));
#5939=CARTESIAN_POINT('',(-12.9750000000001,-31.4977187007167,35.0789606363717));
#5940=CARTESIAN_POINT('Origin',(-13.8000000000001,-41.9541218095394,9.27403360632929));
#5941=CARTESIAN_POINT('',(-13.8000000000001,-38.5347831496424,15.7447849637014));
#5942=CARTESIAN_POINT('',(-13.8000000000001,-36.3107894446658,24.7789618492968));
#5943=CARTESIAN_POINT('Origin',(-24.,-25.8394422620761,43.3154363841611));
#5944=CARTESIAN_POINT('',(-24.,-27.9931338369962,40.9067826937942));
#5945=CARTESIAN_POINT('',(-24.,-54.5864350052374,50.5859527499106));
#5946=CARTESIAN_POINT('',(-24.,-25.3619944987956,39.9491262924823));
#5947=CARTESIAN_POINT('',(-24.,-30.9003050552644,32.9193954171139));
#5948=CARTESIAN_POINT('',(-24.,-57.4936062235056,42.5985654732303));
#5949=CARTESIAN_POINT('',(-24.,-30.6674570797922,40.2838900922644));
#5950=CARTESIAN_POINT('',(-24.,-31.2651295572525,41.565602856376));
#5951=CARTESIAN_POINT('',(-24.,-31.1157114378874,41.2451746653481));
#5952=CARTESIAN_POINT('',(-24.,-36.8093160198893,43.5835217019974));
#5953=CARTESIAN_POINT('',(-24.,-38.6887012614612,44.2675619886488));
#5954=CARTESIAN_POINT('',(-24.,-44.7967032965696,46.4906929202656));
#5955=CARTESIAN_POINT('',(-24.,-38.6887012614612,44.2675619886488));
#5956=CARTESIAN_POINT('',(-24.,-50.3408897592064,48.508611765887));
#5957=CARTESIAN_POINT('',(-24.,-38.6887012614612,44.2675619886488));
#5958=CARTESIAN_POINT('',(-24.,-51.622602523318,47.9109392884268));
#5959=CARTESIAN_POINT('',(-24.,-41.9136283351729,52.4383083051881));
#5960=CARTESIAN_POINT('',(-24.,-64.2773478263678,13.142312319348));
#5961=CARTESIAN_POINT('',(-24.,-57.1804298523602,32.6409342006557));
#5962=CARTESIAN_POINT('',(-24.,-63.6796753489076,11.8605995552365));
#5963=CARTESIAN_POINT('',(-24.,-66.3243760616692,17.5321785364303));
#5964=CARTESIAN_POINT('',(-24.,-44.6039151469536,4.91759064572538));
#5965=CARTESIAN_POINT('',(-24.,-42.4896067501853,4.14804532324262));
#5966=CARTESIAN_POINT('',(-24.,-43.322202382842,5.51526312318562));
#5967=CARTESIAN_POINT('',(-24.,-28.9029337865868,12.2390784946134));
#5968=CARTESIAN_POINT('',(-24.,-29.8979117573095,42.3981984890327));
#5969=CARTESIAN_POINT('Origin',(-22.5,-26.3524724770646,41.9058974529822));
#5970=CARTESIAN_POINT('',(-21.,-53.5603745752604,53.4050306122683));
#5971=CARTESIAN_POINT('',(-21.,-26.9670734070192,43.7258605561519));
#5972=CARTESIAN_POINT('',(-21.,-24.3359340688186,42.76820415484));
#5973=CARTESIAN_POINT('',(-22.25,-27.3945985861763,42.5512447801695));
#5974=CARTESIAN_POINT('',(-22.8224612512989,-55.290217506479,52.0952191943568));
#5975=CARTESIAN_POINT('',(-29.9,-51.060167388222,43.0238474416523));
#5976=CARTESIAN_POINT('',(-22.1775258626259,-55.0696245034595,52.7012558126792));
#5977=CARTESIAN_POINT('Ctrl Pts',(-22.8224612512989,-55.290217506479,52.0952191943568));
#5978=CARTESIAN_POINT('Ctrl Pts',(-22.7143515646902,-55.2532384762419,52.1968078535367));
#5979=CARTESIAN_POINT('Ctrl Pts',(-22.6062208125859,-55.2162528980733,52.2984165468967));
#5980=CARTESIAN_POINT('Ctrl Pts',(-22.3911765306841,-55.1426993992179,52.5004906075852));
#5981=CARTESIAN_POINT('Ctrl Pts',(-22.2843406707084,-55.1061580289134,52.6008829839645));
#5982=CARTESIAN_POINT('Ctrl Pts',(-22.1775258626259,-55.0696245034595,52.7012558126792));
#5983=CARTESIAN_POINT('',(-11.0166666666667,-40.7646088135465,59.3717941789131));
#5984=CARTESIAN_POINT('Origin',(24.,-25.8394422620761,43.3154363841611));
#5985=CARTESIAN_POINT('',(21.,-26.9670734070192,43.7258605561519));
#5986=CARTESIAN_POINT('',(21.,-53.5603745752604,53.4050306122683));
#5987=CARTESIAN_POINT('',(21.,-24.3359340688186,42.76820415484));
#5988=CARTESIAN_POINT('',(12.,-26.9670734070192,43.7258605561519));
#5989=CARTESIAN_POINT('',(12.,-53.5603745752604,53.4050306122683));
#5990=CARTESIAN_POINT('',(8.24999999999999,-39.6059391565896,48.3260314838822));
#5991=CARTESIAN_POINT('Origin',(-3.74595081916739E-14,-39.6059391565896,
48.3260314838822));
#5992=CARTESIAN_POINT('Origin',(22.5,-26.3524724770646,41.9058974529822));
#5993=CARTESIAN_POINT('',(24.,-54.5864350052374,50.5859527499106));
#5994=CARTESIAN_POINT('',(24.,-27.9931338369962,40.9067826937942));
#5995=CARTESIAN_POINT('',(24.,-25.3619944987956,39.9491262924823));
#5996=CARTESIAN_POINT('',(22.25,-27.3945985861763,42.5512447801695));
#5997=CARTESIAN_POINT('',(22.1775263167478,-55.0696250855134,52.701255541263));
#5998=CARTESIAN_POINT('',(15.0166666666667,-45.8914598699928,56.9811042690721));
#5999=CARTESIAN_POINT('',(22.822458189038,-55.290219336708,52.0952231192956));
#6000=CARTESIAN_POINT('Ctrl Pts',(22.1775263167478,-55.0696250855133,52.701255541263));
#6001=CARTESIAN_POINT('Ctrl Pts',(22.2844191939157,-55.1061855837585,52.6008094504561));
#6002=CARTESIAN_POINT('Ctrl Pts',(22.3913353475284,-55.1427547561425,52.5003417465024));
#6003=CARTESIAN_POINT('Ctrl Pts',(22.6063852401514,-55.2163109921714,52.2982627112588));
#6004=CARTESIAN_POINT('Ctrl Pts',(22.7144333086482,-55.2532687680108,52.1967318887358));
#6005=CARTESIAN_POINT('Ctrl Pts',(22.822458189038,-55.290219336708,52.0952231192956));
#6006=CARTESIAN_POINT('',(33.7333333333334,-48.7690895579577,38.1106151792245));
#6007=CARTESIAN_POINT('Origin',(-18.1,-64.5672021748349,15.269748442167));
#6008=CARTESIAN_POINT('',(15.0857864376269,-64.5672021748349,15.269748442167));
#6009=CARTESIAN_POINT('',(-16.5,-64.5672021748349,15.269748442167));
#6010=CARTESIAN_POINT('',(-9.04999872266383,-64.5672021748349,15.269748442167));
#6011=CARTESIAN_POINT('',(15.0857864376269,-64.0033866023634,15.0645363561716));
#6012=CARTESIAN_POINT('',(15.0857864376269,-64.5672021748349,15.269748442167));
#6013=CARTESIAN_POINT('',(15.6514718625762,-63.627509554049,14.9277282988413));
#6014=CARTESIAN_POINT('',(5.06360389693219,-70.6627563243289,17.4883487139406));
#6015=CARTESIAN_POINT('',(5.53985559378584,-63.627509554049,14.9277282988413));
#6016=CARTESIAN_POINT('',(19.5428932188135,-63.627509554049,14.9277282988413));
#6017=CARTESIAN_POINT('',(-5.53985559378581,-63.627509554049,14.9277282988413));
#6018=CARTESIAN_POINT('Ctrl Pts',(-5.53985559378582,-63.627509554049,14.9277282988413));
#6019=CARTESIAN_POINT('Ctrl Pts',(2.47516375631237E-14,-65.2754619273016,
15.5275339101936));
#6020=CARTESIAN_POINT('Ctrl Pts',(5.53985559378588,-63.627509554049,14.9277282988413));
#6021=CARTESIAN_POINT('',(-16.5,-63.627509554049,14.9277282988413));
#6022=CARTESIAN_POINT('',(19.5428932188135,-63.627509554049,14.9277282988413));
#6023=CARTESIAN_POINT('',(-16.5,-64.5672021748349,15.269748442167));
#6024=CARTESIAN_POINT('Origin',(18.1,-64.5672021748349,15.269748442167));
#6025=CARTESIAN_POINT('',(18.1,-54.2430551710398,43.6351092102243));
#6026=CARTESIAN_POINT('',(18.1,-63.5362804202179,18.1021826842018));
#6027=CARTESIAN_POINT('',(18.1,-61.7284349852319,23.06919719469));
#6028=CARTESIAN_POINT('',(18.1,-53.6792395985682,43.4298971242289));
#6029=CARTESIAN_POINT('',(18.1,-54.2430551710398,43.6351092102243));
#6030=CARTESIAN_POINT('',(18.1,-53.1098867401355,43.8246594864096));
#6031=CARTESIAN_POINT('',(18.1,-66.5342263407526,34.5168568944583));
#6032=CARTESIAN_POINT('',(18.1,-62.7900636095504,17.2285921213652));
#6033=CARTESIAN_POINT('',(18.1,-58.7903551883108,28.2177006931233));
#6034=CARTESIAN_POINT('',(18.1,-62.9724648477464,17.8969705982064));
#6035=CARTESIAN_POINT('',(18.1,-62.6901827007875,16.8625954300889));
#6036=CARTESIAN_POINT('',(18.1,-63.5362804202179,18.1021826842018));
#6037=CARTESIAN_POINT('Ctrl Pts',(-23.9999999999999,-44.7967032965696,46.4906929202656));
#6038=CARTESIAN_POINT('Ctrl Pts',(-23.9972456377171,-44.7977521409595,46.4910746684039));
#6039=CARTESIAN_POINT('Ctrl Pts',(-23.9944853110294,-44.7988058938114,46.4914574200925));
#6040=CARTESIAN_POINT('Ctrl Pts',(-22.8673622371257,-45.227067402429,46.6459231662858));
#6041=CARTESIAN_POINT('Ctrl Pts',(-21.708670157795,-45.7485198148312,46.6171161039615));
#6042=CARTESIAN_POINT('Ctrl Pts',(-20.7010984768777,-46.1925869255116,46.2938245335755));
#6043=CARTESIAN_POINT('Ctrl Pts',(-23.9999999999999,-44.7967032965696,46.4906929202656));
#6044=CARTESIAN_POINT('Ctrl Pts',(-23.9974167617349,-44.797904430156,46.4914238983279));
#6045=CARTESIAN_POINT('Ctrl Pts',(-23.994816633226,-44.7993479361187,46.4913788986422));
#6046=CARTESIAN_POINT('Ctrl Pts',(-22.937007595717,-45.3213031034978,46.6871132806823));
#6047=CARTESIAN_POINT('Ctrl Pts',(-21.8452255614474,-45.9793711345016,46.5802340925378));
#6048=CARTESIAN_POINT('Ctrl Pts',(-20.9496009884927,-46.4136990289736,46.1328495875813));
#6049=CARTESIAN_POINT('Ctrl Pts',(-23.9999999999999,-44.7967032965696,46.4906929202656));
#6050=CARTESIAN_POINT('Ctrl Pts',(-23.9976098185316,-44.7981968668656,46.4914780613425));
#6051=CARTESIAN_POINT('Ctrl Pts',(-23.9951292069082,-44.7997620687705,46.4915785780072));
#6052=CARTESIAN_POINT('Ctrl Pts',(-23.0056197057715,-45.4165431400122,46.7202959753871));
#6053=CARTESIAN_POINT('Ctrl Pts',(-21.9863987009374,-46.1879237274557,46.6342941292255));
#6054=CARTESIAN_POINT('Ctrl Pts',(-21.1922044510066,-46.7610064989992,46.1562451793996));
#6055=CARTESIAN_POINT('Ctrl Pts',(-23.9999999999999,-44.7967032965696,46.4906929202656));
#6056=CARTESIAN_POINT('Ctrl Pts',(-23.9977481965623,-44.798451370564,46.4913291671669));
#6057=CARTESIAN_POINT('Ctrl Pts',(-23.9954915170161,-44.8002075487807,46.4919672968953));
#6058=CARTESIAN_POINT('Ctrl Pts',(-23.0740224683542,-45.5138390503253,46.7497884784898));
#6059=CARTESIAN_POINT('Ctrl Pts',(-22.1267444711657,-46.3615614131805,46.7604765386995));
#6060=CARTESIAN_POINT('Ctrl Pts',(-21.3030135585709,-47.0542795082428,46.3518705293528));
#6061=CARTESIAN_POINT('',(-21.3175774060127,-47.0420246016848,46.3590428166727));
#6062=CARTESIAN_POINT('Ctrl Pts',(-21.3175776566039,-47.0420265192621,46.3590450108143));
#6063=CARTESIAN_POINT('Ctrl Pts',(-22.137899330291,-46.3515827301977,46.7603421213395));
#6064=CARTESIAN_POINT('Ctrl Pts',(-23.0794351931415,-45.5096471668073,46.7482740325056));
#6065=CARTESIAN_POINT('Ctrl Pts',(-23.9954915170161,-44.8002075487807,46.4919672968953));
#6066=CARTESIAN_POINT('Ctrl Pts',(-23.9977481965623,-44.798451370564,46.4913291671669));
#6067=CARTESIAN_POINT('Ctrl Pts',(-23.9999999999999,-44.7967032965696,46.4906929202656));
#6068=CARTESIAN_POINT('',(-20.7010984768789,-46.192586925511,46.293824533576));
#6069=CARTESIAN_POINT('Ctrl Pts',(-23.9999999999999,-44.7967032965696,46.4906929202656));
#6070=CARTESIAN_POINT('Ctrl Pts',(-23.9972456377171,-44.7977521409595,46.4910746684039));
#6071=CARTESIAN_POINT('Ctrl Pts',(-23.9944853110294,-44.7988058938114,46.4914574200925));
#6072=CARTESIAN_POINT('Ctrl Pts',(-22.8673622371257,-45.227067402429,46.6459231662858));
#6073=CARTESIAN_POINT('Ctrl Pts',(-21.708670157795,-45.7485198148312,46.6171161039615));
#6074=CARTESIAN_POINT('Ctrl Pts',(-20.7010984768777,-46.1925869255116,46.2938245335755));
#6075=CARTESIAN_POINT('',(-21.3153219531311,-47.0439234375458,46.3579388562314));
#6076=CARTESIAN_POINT('Ctrl Pts',(-20.7010984768777,-46.1925869255116,46.2938245335755));
#6077=CARTESIAN_POINT('Ctrl Pts',(-20.7022861066972,-46.193598114035,46.293088363934));
#6078=CARTESIAN_POINT('Ctrl Pts',(-20.7034735804163,-46.1946120672746,46.2923561941912));
#6079=CARTESIAN_POINT('Ctrl Pts',(-20.7046608889582,-46.1956287705545,46.291628020579));
#6080=CARTESIAN_POINT('Ctrl Pts',(-20.7345693472802,-46.221239659889,46.2732852315201));
#6081=CARTESIAN_POINT('Ctrl Pts',(-20.764285342305,-46.2485184797411,46.2575278105235));
#6082=CARTESIAN_POINT('Ctrl Pts',(-20.7936666380734,-46.2772164176422,46.2442747691005));
#6083=CARTESIAN_POINT('Ctrl Pts',(-20.8239942349078,-46.3068386472914,46.2305948790006));
#6084=CARTESIAN_POINT('Ctrl Pts',(-20.8539658850738,-46.3379736061387,46.219583081977));
#6085=CARTESIAN_POINT('Ctrl Pts',(-20.8834220959105,-46.3703781520835,46.2111968364024));
#6086=CARTESIAN_POINT('Ctrl Pts',(-20.903821261612,-46.3928191138852,46.2053891507487));
#6087=CARTESIAN_POINT('Ctrl Pts',(-20.9239731722108,-46.4158696119002,46.2008416344116));
#6088=CARTESIAN_POINT('Ctrl Pts',(-20.9438214004243,-46.4394540985083,46.1975533534474));
#6089=CARTESIAN_POINT('Ctrl Pts',(-20.9724596421268,-46.4734832431076,46.1928088198787));
#6090=CARTESIAN_POINT('Ctrl Pts',(-21.0002953779729,-46.5084203496476,46.1907119318197));
#6091=CARTESIAN_POINT('Ctrl Pts',(-21.0271752340451,-46.5440157696347,46.1912068614197));
#6092=CARTESIAN_POINT('Ctrl Pts',(-21.0541284284702,-46.5797083073097,46.1917031413737));
#6093=CARTESIAN_POINT('Ctrl Pts',(-21.0801211980777,-46.6160636994237,46.1948054343873));
#6094=CARTESIAN_POINT('Ctrl Pts',(-21.1049838293639,-46.6528458563418,46.2005042280746));
#6095=CARTESIAN_POINT('Ctrl Pts',(-21.1210670014466,-46.6766395470608,46.2041906713349));
#6096=CARTESIAN_POINT('Ctrl Pts',(-21.1366769315896,-46.7006121007716,46.2089645788114));
#6097=CARTESIAN_POINT('Ctrl Pts',(-21.1517622737741,-46.7247002480075,46.2148337000058));
#6098=CARTESIAN_POINT('Ctrl Pts',(-21.1751097510856,-46.7619813029669,46.2239172973314));
#6099=CARTESIAN_POINT('Ctrl Pts',(-21.197055524561,-46.7993054344258,46.2355653200225));
#6100=CARTESIAN_POINT('Ctrl Pts',(-21.2174415276235,-46.8364338741202,46.2497486970043));
#6101=CARTESIAN_POINT('Ctrl Pts',(-21.2372285788006,-46.8724714600122,46.2635153586368));
#6102=CARTESIAN_POINT('Ctrl Pts',(-21.2555466424342,-46.9083255574418,46.279670865714));
#6103=CARTESIAN_POINT('Ctrl Pts',(-21.2722282206281,-46.9437788450227,46.2982303037224));
#6104=CARTESIAN_POINT('Ctrl Pts',(-21.2881377568497,-46.9775913150653,46.31593079032));
#6105=CARTESIAN_POINT('Ctrl Pts',(-21.3025590632064,-47.0110398431225,46.3358181518901));
#6106=CARTESIAN_POINT('Ctrl Pts',(-21.3153203990689,-47.0439262702317,46.3579395786638));
#6107=CARTESIAN_POINT('Ctrl Pts',(-21.3153215339669,-47.0439232461175,46.357939382624));
#6108=CARTESIAN_POINT('Ctrl Pts',(-21.3160732735608,-47.0432906098332,46.3583079246308));
#6109=CARTESIAN_POINT('Ctrl Pts',(-21.3168251151185,-47.0426578460395,46.3586761191819));
#6110=CARTESIAN_POINT('Ctrl Pts',(-21.3175770585255,-47.0420249549566,46.3590439664082));
#6111=CARTESIAN_POINT('Ctrl Pts',(-14.8000000000001,-44.7967032965696,46.4906929202656));
#6112=CARTESIAN_POINT('Ctrl Pts',(-14.8023809732067,-44.7986808823913,46.4914127026404));
#6113=CARTESIAN_POINT('Ctrl Pts',(-14.8047641855412,-44.8006649261444,46.4921345847119));
#6114=CARTESIAN_POINT('Ctrl Pts',(-15.6704683072219,-45.5182273561221,46.7506120857265));
#6115=CARTESIAN_POINT('Ctrl Pts',(-16.5587552811449,-46.3663475352308,46.7671618671978));
#6116=CARTESIAN_POINT('Ctrl Pts',(-17.3175774062287,-47.0571727960183,46.3645563083268));
#6117=CARTESIAN_POINT('Ctrl Pts',(-14.8000000000001,-44.7967032965696,46.4906929202656));
#6118=CARTESIAN_POINT('Ctrl Pts',(-14.8025673851379,-44.7983701581271,46.4915640710272));
#6119=CARTESIAN_POINT('Ctrl Pts',(-14.8051722829927,-44.8001823750445,46.4917100304993));
#6120=CARTESIAN_POINT('Ctrl Pts',(-15.742806317865,-45.4200172239055,46.7214112776505));
#6121=CARTESIAN_POINT('Ctrl Pts',(-16.7058093799389,-46.193970955604,46.6343531177545));
#6122=CARTESIAN_POINT('Ctrl Pts',(-17.4302553256007,-46.7632084174733,46.1604424607639));
#6123=CARTESIAN_POINT('Ctrl Pts',(-14.8000000000001,-44.7967032965696,46.4906929202656));
#6124=CARTESIAN_POINT('Ctrl Pts',(-14.8027603516169,-44.798092356362,46.4914992276588));
#6125=CARTESIAN_POINT('Ctrl Pts',(-14.8055750942224,-44.7996654615269,46.4914874360545));
#6126=CARTESIAN_POINT('Ctrl Pts',(-15.814654019903,-45.3247661547231,46.688140792827));
#6127=CARTESIAN_POINT('Ctrl Pts',(-16.8546252286717,-45.9847583892182,46.5781661006497));
#6128=CARTESIAN_POINT('Ctrl Pts',(-17.6853191785601,-46.4153218803647,46.1299562195756));
#6129=CARTESIAN_POINT('Ctrl Pts',(-14.8000000000001,-44.7967032965696,46.4906929202656));
#6130=CARTESIAN_POINT('Ctrl Pts',(-14.8029762165081,-44.7978898480624,46.4911247896904));
#6131=CARTESIAN_POINT('Ctrl Pts',(-14.8059552319265,-44.7990802864052,46.4915578857144));
#6132=CARTESIAN_POINT('Ctrl Pts',(-15.8880853840274,-45.2297476131077,46.6462875749587));
#6133=CARTESIAN_POINT('Ctrl Pts',(-16.9984441014312,-45.7527035531471,46.6175224318647));
#6134=CARTESIAN_POINT('Ctrl Pts',(-17.9469717577859,-46.1987296301267,46.2893286044342));
#6135=CARTESIAN_POINT('',(-17.3175774061207,-47.0571727959884,46.364556308409));
#6136=CARTESIAN_POINT('',(-17.9469717577859,-46.1987296301267,46.2893286044342));
#6137=CARTESIAN_POINT('Origin',(-17.9469717577859,-46.7913937091724,47.0947783479992));
#6138=CARTESIAN_POINT('',(-14.8000000000001,-44.7967032965696,46.4906929202656));
#6139=CARTESIAN_POINT('Ctrl Pts',(-17.9469717577859,-46.1987296301267,46.2893286044342));
#6140=CARTESIAN_POINT('Ctrl Pts',(-16.9984441014312,-45.7527035531471,46.6175224318647));
#6141=CARTESIAN_POINT('Ctrl Pts',(-15.8880853840274,-45.2297476131077,46.6462875749587));
#6142=CARTESIAN_POINT('Ctrl Pts',(-14.8059552319265,-44.7990802864052,46.4915578857144));
#6143=CARTESIAN_POINT('Ctrl Pts',(-14.8029762165081,-44.7978898480624,46.4911247896904));
#6144=CARTESIAN_POINT('Ctrl Pts',(-14.8000000000001,-44.7967032965696,46.4906929202656));
#6145=CARTESIAN_POINT('Ctrl Pts',(-14.8000000000001,-44.7967032965696,46.4906929202656));
#6146=CARTESIAN_POINT('Ctrl Pts',(-14.8023809732067,-44.7986808823913,46.4914127026404));
#6147=CARTESIAN_POINT('Ctrl Pts',(-14.8047641855412,-44.8006649261444,46.4921345847119));
#6148=CARTESIAN_POINT('Ctrl Pts',(-15.6704683072219,-45.5182273561221,46.7506120857265));
#6149=CARTESIAN_POINT('Ctrl Pts',(-16.5587552811449,-46.3663475352308,46.7671618671978));
#6150=CARTESIAN_POINT('Ctrl Pts',(-17.3175774062287,-47.0571727960183,46.3645563083268));
#6151=CARTESIAN_POINT('Ctrl Pts',(-17.3175774061422,-47.0571727959029,46.3645563083589));
#6152=CARTESIAN_POINT('Ctrl Pts',(-17.6208223572866,-47.2464763098016,46.1720836950381));
#6153=CARTESIAN_POINT('Ctrl Pts',(-18.365467266082,-47.5043953163047,45.837854670472));
#6154=CARTESIAN_POINT('Ctrl Pts',(-19.8731955999622,-47.5859628401525,45.7070118678463));
#6155=CARTESIAN_POINT('Ctrl Pts',(-20.8857709668623,-47.3327891929658,46.086698292815));
#6156=CARTESIAN_POINT('Ctrl Pts',(-21.336423705652,-47.0452791060308,46.3765989311942));
#6157=CARTESIAN_POINT('Ctrl Pts',(-17.373916365829,-46.9101906066409,46.2624993845927));
#6158=CARTESIAN_POINT('Ctrl Pts',(-17.6676574419963,-47.0834851355261,46.0845615900579));
#6159=CARTESIAN_POINT('Ctrl Pts',(-18.3871417431992,-47.3189462569993,45.767504687409));
#6160=CARTESIAN_POINT('Ctrl Pts',(-19.861218781916,-47.3931587637957,45.6405846296729));
#6161=CARTESIAN_POINT('Ctrl Pts',(-20.8429092377215,-47.1625158570167,46.0058235171177));
#6162=CARTESIAN_POINT('Ctrl Pts',(-21.2794929743625,-46.899303017849,46.2736252159876));
#6163=CARTESIAN_POINT('Ctrl Pts',(-17.5547838005259,-46.5877052632095,46.1378711593806));
#6164=CARTESIAN_POINT('Ctrl Pts',(-17.8203663428964,-46.7255860241843,45.9985490894368));
#6165=CARTESIAN_POINT('Ctrl Pts',(-18.4699109669745,-46.9076715165076,45.7398363524953));
#6166=CARTESIAN_POINT('Ctrl Pts',(-19.813160945182,-46.9628866510637,45.6329921162948));
#6167=CARTESIAN_POINT('Ctrl Pts',(-20.7021054483383,-46.7885995508176,45.9371917537179));
#6168=CARTESIAN_POINT('Ctrl Pts',(-21.0968793044433,-46.5790398750919,46.146579703708));
#6169=CARTESIAN_POINT('Ctrl Pts',(-17.8161454680166,-46.3070257551676,46.2096424120741));
#6170=CARTESIAN_POINT('Ctrl Pts',(-18.0432371264484,-46.4153313802886,46.1164158260298));
#6171=CARTESIAN_POINT('Ctrl Pts',(-18.5999213311137,-46.5558617308156,45.9446862443771));
#6172=CARTESIAN_POINT('Ctrl Pts',(-19.7367174884918,-46.5975544700329,45.8744827450813));
#6173=CARTESIAN_POINT('Ctrl Pts',(-20.4956109358566,-46.4649067627413,46.0753506112594));
#6174=CARTESIAN_POINT('Ctrl Pts',(-20.833123048526,-46.3002143493335,46.215469172354));
#6175=CARTESIAN_POINT('Ctrl Pts',(-17.9469717576046,-46.1987296300417,46.2893286044968));
#6176=CARTESIAN_POINT('Ctrl Pts',(-18.1547863790628,-46.2964502813195,46.2174240316199));
#6177=CARTESIAN_POINT('Ctrl Pts',(-18.6650936381225,-46.4252221877364,46.088264699589));
#6178=CARTESIAN_POINT('Ctrl Pts',(-19.69834412353,-46.4644208757427,46.0365244658035));
#6179=CARTESIAN_POINT('Ctrl Pts',(-20.392264882231,-46.3411499554455,46.1856670634693));
#6180=CARTESIAN_POINT('Ctrl Pts',(-20.7010984768789,-46.192586925511,46.293824533576));
#6181=CARTESIAN_POINT('Ctrl Pts',(-20.7010984768789,-46.192586925511,46.293824533576));
#6182=CARTESIAN_POINT('Ctrl Pts',(-20.392264882231,-46.3411499554455,46.1856670634693));
#6183=CARTESIAN_POINT('Ctrl Pts',(-19.69834412353,-46.4644208757427,46.0365244658035));
#6184=CARTESIAN_POINT('Ctrl Pts',(-18.6650936381225,-46.4252221877364,46.088264699589));
#6185=CARTESIAN_POINT('Ctrl Pts',(-18.1547863790628,-46.2964502813195,46.2174240316199));
#6186=CARTESIAN_POINT('Ctrl Pts',(-17.9469717576046,-46.1987296300417,46.2893286044968));
#6187=CARTESIAN_POINT('',(-21.3175774047085,-47.0571727970887,46.3645563077785));
#6188=CARTESIAN_POINT('Ctrl Pts',(-17.3175774061422,-47.0571727959029,46.3645563083589));
#6189=CARTESIAN_POINT('Ctrl Pts',(-17.6208223572866,-47.2464763098016,46.1720836950381));
#6190=CARTESIAN_POINT('Ctrl Pts',(-18.365467266082,-47.5043953163047,45.837854670472));
#6191=CARTESIAN_POINT('Ctrl Pts',(-19.8642280260304,-47.5854776978466,45.7077900866273));
#6192=CARTESIAN_POINT('Ctrl Pts',(-20.8689034095349,-47.3369838690271,46.0804079272728));
#6193=CARTESIAN_POINT('Ctrl Pts',(-21.3175708577148,-47.0571710593309,46.3645653230901));
#6194=CARTESIAN_POINT('Ctrl Pts',(-21.3175774060127,-47.0571727958217,46.3645563084415));
#6195=CARTESIAN_POINT('Ctrl Pts',(-21.3175774060127,-47.0541434759276,46.36345372617));
#6196=CARTESIAN_POINT('Ctrl Pts',(-21.3172910845851,-47.0512029119735,46.3621557880969));
#6197=CARTESIAN_POINT('Ctrl Pts',(-21.3163254314371,-47.0468520670285,46.3598037616444));
#6198=CARTESIAN_POINT('Ctrl Pts',(-21.3158754841763,-47.0453498633867,46.3588988683573));
#6199=CARTESIAN_POINT('Ctrl Pts',(-21.3153219531312,-47.0439234375457,46.3579388562314));
#6200=CARTESIAN_POINT('Origin',(-19.3175774060124,-29.7858461191289,42.7060962994305));
#6201=CARTESIAN_POINT('',(-17.3175774060127,-51.4837363093554,47.9756936674565));
#6202=CARTESIAN_POINT('',(-17.3175774060127,-30.6304011623258,40.3857003887606));
#6203=CARTESIAN_POINT('',(-17.4593014288636,-51.622602523318,47.9109392884268));
#6204=CARTESIAN_POINT('Origin',(-19.3175774060124,-48.3187853554886,49.4515345349296));
#6205=CARTESIAN_POINT('',(-21.1758533831612,-51.622602523318,47.9109392884268));
#6206=CARTESIAN_POINT('Origin',(-19.3175774060124,-50.7409915626547,50.3331454955929));
#6207=CARTESIAN_POINT('',(-21.3175774060127,-51.4837363093554,47.9756936674566));
#6208=CARTESIAN_POINT('Origin',(-19.3175774060124,-48.3187853554886,49.4515345349296));
#6209=CARTESIAN_POINT('',(-21.3175774060127,-30.6304011623258,40.3857003887606));
#6210=CARTESIAN_POINT('Origin',(-14.8000000000001,-31.6935175097693,37.4648122299066));
#6211=CARTESIAN_POINT('',(-14.8,-50.3408897592064,48.508611765887));
#6212=CARTESIAN_POINT('',(-14.8000000000001,-30.3254369364666,41.2235827130503));
#6213=CARTESIAN_POINT('Origin',(-14.8,-55.4677408156528,46.1179218560461));
#6214=CARTESIAN_POINT('Ctrl Pts',(-14.8000000000001,-36.8093160198893,43.5835217019974));
#6215=CARTESIAN_POINT('Ctrl Pts',(-14.802590018862,-36.8082834368267,43.5831458724982));
#6216=CARTESIAN_POINT('Ctrl Pts',(-14.8051826837665,-36.8072474265621,43.5827687962596));
#6217=CARTESIAN_POINT('Ctrl Pts',(-15.8871879622504,-36.3778800400663,43.4246482313753));
#6218=CARTESIAN_POINT('Ctrl Pts',(-16.9981028157963,-35.99549992983,43.0663672401797));
#6219=CARTESIAN_POINT('Ctrl Pts',(-17.9469717575674,-35.864736025241,42.5280625312716));
#6220=CARTESIAN_POINT('Ctrl Pts',(-14.8000000000001,-36.8093160198893,43.5835217019974));
#6221=CARTESIAN_POINT('Ctrl Pts',(-14.8024009452749,-36.8079227289468,43.5833152122224));
#6222=CARTESIAN_POINT('Ctrl Pts',(-14.8048529831061,-36.8069116088755,43.5823642816318));
#6223=CARTESIAN_POINT('Ctrl Pts',(-15.8138191580251,-36.2782433019276,43.3957425107334));
#6224=CARTESIAN_POINT('Ctrl Pts',(-16.8543372535804,-35.8429949289075,42.8871058869438));
#6225=CARTESIAN_POINT('Ctrl Pts',(-17.6853191783687,-35.8012593298175,42.266753386674));
#6226=CARTESIAN_POINT('Ctrl Pts',(-14.8,-36.8093160198893,43.5835217019974));
#6227=CARTESIAN_POINT('Ctrl Pts',(-14.80223215022,-36.8077006144422,43.5831976858381));
#6228=CARTESIAN_POINT('Ctrl Pts',(-14.804503213853,-36.8064430472982,43.5822284364543));
#6229=CARTESIAN_POINT('Ctrl Pts',(-15.7420247769448,-36.1839617758181,43.3600462831081));
#6230=CARTESIAN_POINT('Ctrl Pts',(-16.7055468047409,-35.6466327603215,42.7956934160668));
#6231=CARTESIAN_POINT('Ctrl Pts',(-17.4302553254338,-35.5151666031484,42.066490046723));
#6232=CARTESIAN_POINT('Ctrl Pts',(-14.8,-36.8093160198893,43.5835217019974));
#6233=CARTESIAN_POINT('Ctrl Pts',(-14.8020720150877,-36.8075950481195,43.5828953194992));
#6234=CARTESIAN_POINT('Ctrl Pts',(-14.8041461470132,-36.8058683644147,43.5822668589068));
#6235=CARTESIAN_POINT('Ctrl Pts',(-15.6697503697993,-36.090058544599,43.3192752355843));
#6236=CARTESIAN_POINT('Ctrl Pts',(-16.5584822526371,-35.4292852558235,42.7866320763468));
#6237=CARTESIAN_POINT('Ctrl Pts',(-17.317577406054,-35.1587749723411,42.0338936652012));
#6238=CARTESIAN_POINT('',(-17.9469717575674,-35.864736025241,42.5280625312716));
#6239=CARTESIAN_POINT('',(-17.3175774060334,-35.1587749723354,42.0338936652169));
#6240=CARTESIAN_POINT('Origin',(-17.9469717575674,-34.8929958854831,42.7641157049069));
#6241=CARTESIAN_POINT('',(-14.8000000000001,-36.8093160198893,43.5835217019974));
#6242=CARTESIAN_POINT('Ctrl Pts',(-17.317577406054,-35.1587749723411,42.0338936652012));
#6243=CARTESIAN_POINT('Ctrl Pts',(-16.5584822526371,-35.4292852558235,42.7866320763468));
#6244=CARTESIAN_POINT('Ctrl Pts',(-15.6697503697993,-36.090058544599,43.3192752355843));
#6245=CARTESIAN_POINT('Ctrl Pts',(-14.8041461470132,-36.8058683644147,43.5822668589068));
#6246=CARTESIAN_POINT('Ctrl Pts',(-14.8020720150877,-36.8075950481195,43.5828953194992));
#6247=CARTESIAN_POINT('Ctrl Pts',(-14.8,-36.8093160198893,43.5835217019974));
#6248=CARTESIAN_POINT('Ctrl Pts',(-14.8000000000001,-36.8093160198893,43.5835217019974));
#6249=CARTESIAN_POINT('Ctrl Pts',(-14.802590018862,-36.8082834368267,43.5831458724982));
#6250=CARTESIAN_POINT('Ctrl Pts',(-14.8051826837665,-36.8072474265621,43.5827687962596));
#6251=CARTESIAN_POINT('Ctrl Pts',(-15.8871879622504,-36.3778800400663,43.4246482313753));
#6252=CARTESIAN_POINT('Ctrl Pts',(-16.9981028157963,-35.99549992983,43.0663672401797));
#6253=CARTESIAN_POINT('Ctrl Pts',(-17.9469717575674,-35.864736025241,42.5280625312716));
#6254=CARTESIAN_POINT('Ctrl Pts',(-17.9469717575326,-35.8647360252457,42.528062531291));
#6255=CARTESIAN_POINT('Ctrl Pts',(-18.2586926472362,-35.8217776788547,42.3512195391784));
#6256=CARTESIAN_POINT('Ctrl Pts',(-18.9554878343378,-35.8238112874852,42.1616869093651));
#6257=CARTESIAN_POINT('Ctrl Pts',(-19.987740397791,-35.8203983228581,42.2319303436627));
#6258=CARTESIAN_POINT('Ctrl Pts',(-20.495215294153,-35.8370301243506,42.4165598603782));
#6259=CARTESIAN_POINT('Ctrl Pts',(-20.7010984768776,-35.866551682401,42.5354550670994));
#6260=CARTESIAN_POINT('Ctrl Pts',(-17.816145467938,-35.8329976775322,42.3974079589923));
#6261=CARTESIAN_POINT('Ctrl Pts',(-18.1567818164005,-35.7984347512905,42.1858588333369));
#6262=CARTESIAN_POINT('Ctrl Pts',(-18.9190071391509,-35.8263074846307,41.9515073244494));
#6263=CARTESIAN_POINT('Ctrl Pts',(-20.0546232401367,-35.8120888474892,42.0388000290965));
#6264=CARTESIAN_POINT('Ctrl Pts',(-20.6081213998416,-35.8104073463045,42.2641210044235));
#6265=CARTESIAN_POINT('Ctrl Pts',(-20.8331230485245,-35.8344701478005,42.4062498035511));
#6266=CARTESIAN_POINT('Ctrl Pts',(-17.5547809959856,-35.6641238861843,42.1620063741289));
#6267=CARTESIAN_POINT('Ctrl Pts',(-17.9531534772703,-35.6400215311152,41.8689749407037));
#6268=CARTESIAN_POINT('Ctrl Pts',(-18.8463384545773,-35.7021031792785,41.5305546903458));
#6269=CARTESIAN_POINT('Ctrl Pts',(-20.1880489661866,-35.6735776976001,41.6576975626806));
#6270=CARTESIAN_POINT('Ctrl Pts',(-20.8337070745211,-35.6478713186757,41.9775179120062));
#6271=CARTESIAN_POINT('Ctrl Pts',(-21.0968821285304,-35.6651641882418,42.1742475188018));
#6272=CARTESIAN_POINT('Ctrl Pts',(-17.3739163657273,-35.3369707877543,42.0501918559817));
#6273=CARTESIAN_POINT('Ctrl Pts',(-17.8145265064521,-35.309408228039,41.6786433464345));
#6274=CARTESIAN_POINT('Ctrl Pts',(-18.8006168430025,-35.3675338875203,41.2589820972903));
#6275=CARTESIAN_POINT('Ctrl Pts',(-20.2731259999857,-35.340850307755,41.416016640752));
#6276=CARTESIAN_POINT('Ctrl Pts',(-20.9884454627455,-35.3184981003623,41.8161616353308));
#6277=CARTESIAN_POINT('Ctrl Pts',(-21.2794929743606,-35.3381596180726,42.0657131443842));
#6278=CARTESIAN_POINT('Ctrl Pts',(-17.3175774060372,-35.158774972354,42.0338936652198));
#6279=CARTESIAN_POINT('Ctrl Pts',(-17.7724433115521,-35.126831238413,41.6302082215841));
#6280=CARTESIAN_POINT('Ctrl Pts',(-18.7892130700391,-35.1770235428608,41.1857304384487));
#6281=CARTESIAN_POINT('Ctrl Pts',(-20.2954852272936,-35.1537513583284,41.3511142250379));
#6282=CARTESIAN_POINT('Ctrl Pts',(-21.0359971271513,-35.1375452200978,41.7795152501512));
#6283=CARTESIAN_POINT('Ctrl Pts',(-21.3364237056501,-35.1601452186345,42.0507639659117));
#6284=CARTESIAN_POINT('',(-21.3175774047004,-35.1587749718079,42.0338936639116));
#6285=CARTESIAN_POINT('Ctrl Pts',(-21.3175723363794,-35.1587735277579,42.0338994963206));
#6286=CARTESIAN_POINT('Ctrl Pts',(-21.0205696769305,-35.1378822506033,41.7706338631161));
#6287=CARTESIAN_POINT('Ctrl Pts',(-20.2865268206576,-35.1538897673744,41.3501306211094));
#6288=CARTESIAN_POINT('Ctrl Pts',(-18.7892130700391,-35.1770235428608,41.1857304384487));
#6289=CARTESIAN_POINT('Ctrl Pts',(-17.7724433115521,-35.126831238413,41.6302082215841));
#6290=CARTESIAN_POINT('Ctrl Pts',(-17.3175774060372,-35.158774972354,42.0338936652198));
#6291=CARTESIAN_POINT('',(-20.7010984768776,-35.8665516824009,42.5354550670994));
#6292=CARTESIAN_POINT('Ctrl Pts',(-17.9469717575673,-35.864736025241,42.5280625312713));
#6293=CARTESIAN_POINT('Ctrl Pts',(-18.2586926472672,-35.8217776788548,42.35121953917));
#6294=CARTESIAN_POINT('Ctrl Pts',(-18.6767697595132,-35.822997844033,42.2374999612894));
#6295=CARTESIAN_POINT('Ctrl Pts',(-19.1094369778609,-35.8226082906288,42.2100747275261));
#6296=CARTESIAN_POINT('Ctrl Pts',(-19.3978817901035,-35.8223485883593,42.1917912383498));
#6297=CARTESIAN_POINT('Ctrl Pts',(-19.6928110939472,-35.8213734556087,42.2118607910063));
#6298=CARTESIAN_POINT('Ctrl Pts',(-19.9671444699596,-35.8250438396065,42.2680529465134));
#6299=CARTESIAN_POINT('Ctrl Pts',(-20.241477845972,-35.8287142236043,42.3242451020204));
#6300=CARTESIAN_POINT('Ctrl Pts',(-20.495215294153,-35.8370301243506,42.4165598603782));
#6301=CARTESIAN_POINT('Ctrl Pts',(-20.7010984768776,-35.866551682401,42.5354550670994));
#6302=CARTESIAN_POINT('',(-21.3153219531312,-35.1731781859262,42.0373409260851));
#6303=CARTESIAN_POINT('Ctrl Pts',(-20.7010984768776,-35.866551682401,42.5354550670994));
#6304=CARTESIAN_POINT('Ctrl Pts',(-20.7022861067628,-35.8662502677592,42.5342411489152));
#6305=CARTESIAN_POINT('Ctrl Pts',(-20.703473695284,-35.8659444000251,42.5330283253453));
#6306=CARTESIAN_POINT('Ctrl Pts',(-20.704661231224,-35.8656340885995,42.5318166064721));
#6307=CARTESIAN_POINT('Ctrl Pts',(-20.7348065747782,-35.8577569000273,42.5010573843758));
#6308=CARTESIAN_POINT('Ctrl Pts',(-20.7648324668613,-35.8470430396226,42.4710967084828));
#6309=CARTESIAN_POINT('Ctrl Pts',(-20.7945576177928,-35.8336673582277,42.4420922770718));
#6310=CARTESIAN_POINT('Ctrl Pts',(-20.8247046165335,-35.820101854352,42.4126762260234));
#6311=CARTESIAN_POINT('Ctrl Pts',(-20.8545430836967,-35.8037980432555,42.384243102205));
#6312=CARTESIAN_POINT('Ctrl Pts',(-20.8838821647928,-35.7848880960805,42.3569743515813));
#6313=CARTESIAN_POINT('Ctrl Pts',(-20.9014739088633,-35.7735496717448,42.3406239798527));
#6314=CARTESIAN_POINT('Ctrl Pts',(-20.918886023701,-35.7612733526183,42.3246925930826));
#6315=CARTESIAN_POINT('Ctrl Pts',(-20.9360752170036,-35.7480800691781,42.3092236905473));
#6316=CARTESIAN_POINT('Ctrl Pts',(-20.964824746374,-35.7260138393626,42.2833514078905));
#6317=CARTESIAN_POINT('Ctrl Pts',(-20.9927806148372,-35.701515300992,42.2589241489821));
#6318=CARTESIAN_POINT('Ctrl Pts',(-21.019756095722,-35.6747346663917,42.2361159316206));
#6319=CARTESIAN_POINT('Ctrl Pts',(-21.0356651125557,-35.6589405617939,42.2226645935147));
#6320=CARTESIAN_POINT('Ctrl Pts',(-21.051233015028,-35.6423517801168,42.2097767199703));
#6321=CARTESIAN_POINT('Ctrl Pts',(-21.0664192435263,-35.6249919192369,42.1974919067397));
#6322=CARTESIAN_POINT('Ctrl Pts',(-21.0921206984313,-35.5956117685556,42.1767008608723));
#6323=CARTESIAN_POINT('Ctrl Pts',(-21.1167305053582,-35.5640245345481,42.1576352760248));
#6324=CARTESIAN_POINT('Ctrl Pts',(-21.140113529847,-35.5304722583186,42.1403895558876));
#6325=CARTESIAN_POINT('Ctrl Pts',(-21.1443814461973,-35.5243482298218,42.1372418325902));
#6326=CARTESIAN_POINT('Ctrl Pts',(-21.148608420118,-35.5181586583672,42.1341548261524));
#6327=CARTESIAN_POINT('Ctrl Pts',(-21.1527935267955,-35.5119049187005,42.1311292334589));
#6328=CARTESIAN_POINT('Ctrl Pts',(-21.175699870643,-35.4776763261756,42.1145692573533));
#6329=CARTESIAN_POINT('Ctrl Pts',(-21.1972099576555,-35.4417430169354,42.099950203652));
#6330=CARTESIAN_POINT('Ctrl Pts',(-21.2172111806746,-35.4043771775633,42.0873356501485));
#6331=CARTESIAN_POINT('Ctrl Pts',(-21.2371563632526,-35.3671160316951,42.0747564407408));
#6332=CARTESIAN_POINT('Ctrl Pts',(-21.2556016400277,-35.3284293932987,42.0641702244771));
#6333=CARTESIAN_POINT('Ctrl Pts',(-21.2724093495074,-35.2885567673413,42.0556715817354));
#6334=CARTESIAN_POINT('Ctrl Pts',(-21.2882057930162,-35.2510831494017,42.0476842750692));
#6335=CARTESIAN_POINT('Ctrl Pts',(-21.302555943353,-35.2125610631034,42.0415409349622));
#6336=CARTESIAN_POINT('Ctrl Pts',(-21.3153182890694,-35.1731761728578,42.0373492142));
#6337=CARTESIAN_POINT('Ctrl Pts',(-21.3153219531311,-35.1731781859262,42.037340926085));
#6338=CARTESIAN_POINT('Ctrl Pts',(-21.3161102668195,-35.170743181657,42.0370824749511));
#6339=CARTESIAN_POINT('Ctrl Pts',(-21.3166886242199,-35.1682618182426,42.03663954014));
#6340=CARTESIAN_POINT('Ctrl Pts',(-21.3174126285978,-35.1634073732158,42.0354486855039));
#6341=CARTESIAN_POINT('Ctrl Pts',(-21.3175774060127,-35.1610731180907,42.0347301218836));
#6342=CARTESIAN_POINT('Ctrl Pts',(-21.3175774060127,-35.1587749723558,42.0338936652421));
#6343=CARTESIAN_POINT('Ctrl Pts',(-23.9999999999999,-36.8093160198893,43.5835217019974));
#6344=CARTESIAN_POINT('Ctrl Pts',(-23.9974295531461,-36.8073205831335,43.582795422414));
#6345=CARTESIAN_POINT('Ctrl Pts',(-23.9948534095054,-36.8053166511436,43.5820645374199));
#6346=CARTESIAN_POINT('Ctrl Pts',(-23.0733228393335,-36.092948347885,43.3206564811023));
#6347=CARTESIAN_POINT('Ctrl Pts',(-22.1267570517115,-35.4371556813228,42.7843281164207));
#6348=CARTESIAN_POINT('Ctrl Pts',(-21.3030135585708,-35.1691456208453,42.0260355640714));
#6349=CARTESIAN_POINT('Ctrl Pts',(-23.9999999999999,-36.8093160198893,43.5835217019974));
#6350=CARTESIAN_POINT('Ctrl Pts',(-23.9972675952635,-36.8074508708649,43.5830856599377));
#6351=CARTESIAN_POINT('Ctrl Pts',(-23.9944434885638,-36.8059758911558,43.5820759616696));
#6352=CARTESIAN_POINT('Ctrl Pts',(-23.004874758335,-36.186479824141,43.3605934258477));
#6353=CARTESIAN_POINT('Ctrl Pts',(-21.9864105167643,-35.6514030951307,42.7992858205279));
#6354=CARTESIAN_POINT('Ctrl Pts',(-21.1922044510065,-35.5195513309836,42.0646901084039));
#6355=CARTESIAN_POINT('Ctrl Pts',(-23.9999999999999,-36.8093160198893,43.5835217019974));
#6356=CARTESIAN_POINT('Ctrl Pts',(-23.9970496194493,-36.8077437777367,43.5832456337541));
#6357=CARTESIAN_POINT('Ctrl Pts',(-23.9940844960979,-36.8064868768121,43.5822118662718));
#6358=CARTESIAN_POINT('Ctrl Pts',(-22.9361713713704,-36.2808715584351,43.3964702633817));
#6359=CARTESIAN_POINT('Ctrl Pts',(-21.8453329539276,-35.8458291932712,42.8918183744267));
#6360=CARTESIAN_POINT('Ctrl Pts',(-20.9496009884927,-35.8006426849926,42.270012983782));
#6361=CARTESIAN_POINT('Ctrl Pts',(-23.9999999999999,-36.8093160198893,43.5835217019974));
#6362=CARTESIAN_POINT('Ctrl Pts',(-23.99685587926,-36.8081187578442,43.5830859342504));
#6363=CARTESIAN_POINT('Ctrl Pts',(-23.9937047902946,-36.8069164637745,43.5826472243005));
#6364=CARTESIAN_POINT('Ctrl Pts',(-22.8665064644728,-36.3795870307237,43.4255508619632));
#6365=CARTESIAN_POINT('Ctrl Pts',(-21.7086855460746,-35.9989210307479,43.0685597565072));
#6366=CARTESIAN_POINT('Ctrl Pts',(-20.7010984768776,-35.866551682401,42.5354550670994));
#6367=CARTESIAN_POINT('Ctrl Pts',(-20.7010984768776,-35.866551682401,42.5354550670994));
#6368=CARTESIAN_POINT('Ctrl Pts',(-21.7086855460746,-35.9989210307479,43.0685597565072));
#6369=CARTESIAN_POINT('Ctrl Pts',(-22.8665064644728,-36.3795870307237,43.4255508619632));
#6370=CARTESIAN_POINT('Ctrl Pts',(-23.9937047902946,-36.8069164637745,43.5826472243005));
#6371=CARTESIAN_POINT('Ctrl Pts',(-23.99685587926,-36.8081187578442,43.5830859342504));
#6372=CARTESIAN_POINT('Ctrl Pts',(-23.9999999999999,-36.8093160198893,43.5835217019974));
#6373=CARTESIAN_POINT('',(-21.3175774060127,-35.1739231664927,42.0394071570109));
#6374=CARTESIAN_POINT('Ctrl Pts',(-23.9999999999999,-36.8093160198893,43.5835217019974));
#6375=CARTESIAN_POINT('Ctrl Pts',(-23.9974295531461,-36.8073205831335,43.582795422414));
#6376=CARTESIAN_POINT('Ctrl Pts',(-23.9948534095054,-36.8053166511436,43.5820645374199));
#6377=CARTESIAN_POINT('Ctrl Pts',(-23.0787339985668,-36.0971313217835,43.3221914498416));
#6378=CARTESIAN_POINT('Ctrl Pts',(-22.1379034188957,-35.4448805803512,42.7906346823088));
#6379=CARTESIAN_POINT('Ctrl Pts',(-21.3175776463984,-35.1739202582989,42.0394076242215));
#6380=CARTESIAN_POINT('Ctrl Pts',(-21.3153215218206,-35.1731779886559,42.0373414676206));
#6381=CARTESIAN_POINT('Ctrl Pts',(-21.3160732610484,-35.1734257195894,42.0380304400705));
#6382=CARTESIAN_POINT('Ctrl Pts',(-21.3168251016417,-35.1736737711451,42.0387192279886));
#6383=CARTESIAN_POINT('Ctrl Pts',(-21.3175770434867,-35.1739221430709,42.0394078313343));
#6384=CARTESIAN_POINT('Origin',(-23.9999999999999,-31.8579183732999,37.0131245696173));
#6385=CARTESIAN_POINT('',(-21.3175774060127,-30.732211458822,40.422756306227));
#6386=CARTESIAN_POINT('Origin',(-23.9999999999999,-28.5871528506528,35.8226632761096));
#6387=CARTESIAN_POINT('',(-21.3175774060127,-30.6304011623258,40.3857003887606));
#6388=CARTESIAN_POINT('Origin',(12.0072070143292,-37.3223462348778,42.1739827708185));
#6389=CARTESIAN_POINT('',(12.0072070143292,-36.8093160198893,43.5835217019974));
#6390=CARTESIAN_POINT('Ctrl Pts',(14.8000000000001,-44.7967032965696,46.4906929202656));
#6391=CARTESIAN_POINT('Ctrl Pts',(14.8025899749676,-44.7977358621289,46.4910687433941));
#6392=CARTESIAN_POINT('Ctrl Pts',(14.805182569797,-44.7987718306317,46.4914458021636));
#6393=CARTESIAN_POINT('Ctrl Pts',(15.8872035607239,-45.229338569551,46.6463178601569));
#6394=CARTESIAN_POINT('Ctrl Pts',(16.998102779097,-45.7525430531738,46.6176405305077));
#6395=CARTESIAN_POINT('Ctrl Pts',(17.9469717575674,-46.1987296300239,46.2893286045098));
#6396=CARTESIAN_POINT('Ctrl Pts',(14.8000000000001,-44.7967032965696,46.4906929202656));
#6397=CARTESIAN_POINT('Ctrl Pts',(14.8024009040467,-44.7979033273687,46.4914303219537));
#6398=CARTESIAN_POINT('Ctrl Pts',(14.804852875222,-44.7992890907739,46.4913517830153));
#6399=CARTESIAN_POINT('Ctrl Pts',(15.8138347587043,-45.3242449728749,46.688220058676));
#6400=CARTESIAN_POINT('Ctrl Pts',(16.854337218219,-45.9845956405651,46.5783466935733));
#6401=CARTESIAN_POINT('Ctrl Pts',(17.6853191783687,-46.4153218802658,46.1299562196767));
#6402=CARTESIAN_POINT('Ctrl Pts',(14.8000000000001,-44.7967032965696,46.4906929202656));
#6403=CARTESIAN_POINT('Ctrl Pts',(14.8022321123487,-44.7981490169546,46.4914830625186));
#6404=CARTESIAN_POINT('Ctrl Pts',(14.8045031166629,-44.7997353258794,46.4915488952113));
#6405=CARTESIAN_POINT('Ctrl Pts',(15.7420372531972,-45.4194236403221,46.7214824305786));
#6406=CARTESIAN_POINT('Ctrl Pts',(16.7055467770582,-46.1937765820351,46.6345398488512));
#6407=CARTESIAN_POINT('Ctrl Pts',(17.4302553254338,-46.7632084173423,46.1604424608712));
#6408=CARTESIAN_POINT('Ctrl Pts',(14.8000000000001,-44.7967032965696,46.4906929202656));
#6409=CARTESIAN_POINT('Ctrl Pts',(14.8020719799745,-44.7984242391687,46.4913192921465));
#6410=CARTESIAN_POINT('Ctrl Pts',(14.8041460558376,-44.800150853026,46.4919477242911));
#6411=CARTESIAN_POINT('Ctrl Pts',(15.6697628485791,-45.5175648110217,46.7506098255286));
#6412=CARTESIAN_POINT('Ctrl Pts',(16.5584822232776,-46.3660989456428,46.7673067424617));
#6413=CARTESIAN_POINT('Ctrl Pts',(17.317577406054,-47.0571727958591,46.3645563084196));
#6414=CARTESIAN_POINT('',(17.9469717575674,-46.1987296300239,46.2893286045098));
#6415=CARTESIAN_POINT('',(17.3175774060334,-47.0571727958534,46.3645563084353));
#6416=CARTESIAN_POINT('Origin',(17.9469717575674,-46.7913937090011,47.0947783481252));
#6417=CARTESIAN_POINT('',(14.8000000000001,-44.7967032965696,46.4906929202656));
#6418=CARTESIAN_POINT('Ctrl Pts',(17.317577406054,-47.0571727958591,46.3645563084196));
#6419=CARTESIAN_POINT('Ctrl Pts',(16.5584822232776,-46.3660989456428,46.7673067424617));
#6420=CARTESIAN_POINT('Ctrl Pts',(15.6697628485791,-45.5175648110217,46.7506098255286));
#6421=CARTESIAN_POINT('Ctrl Pts',(14.8041460558376,-44.800150853026,46.4919477242911));
#6422=CARTESIAN_POINT('Ctrl Pts',(14.8020719799745,-44.7984242391687,46.4913192921465));
#6423=CARTESIAN_POINT('Ctrl Pts',(14.8000000000001,-44.7967032965696,46.4906929202656));
#6424=CARTESIAN_POINT('Ctrl Pts',(14.8000000000001,-44.7967032965696,46.4906929202656));
#6425=CARTESIAN_POINT('Ctrl Pts',(14.8025899749676,-44.7977358621289,46.4910687433941));
#6426=CARTESIAN_POINT('Ctrl Pts',(14.805182569797,-44.7987718306317,46.4914458021636));
#6427=CARTESIAN_POINT('Ctrl Pts',(15.8872035607239,-45.229338569551,46.6463178601569));
#6428=CARTESIAN_POINT('Ctrl Pts',(16.998102779097,-45.7525430531738,46.6176405305077));
#6429=CARTESIAN_POINT('Ctrl Pts',(17.9469717575674,-46.1987296300239,46.2893286045098));
#6430=CARTESIAN_POINT('Ctrl Pts',(17.9469717575329,-46.1987296300077,46.2893286045218));
#6431=CARTESIAN_POINT('Ctrl Pts',(18.2586926472355,-46.3453101167355,46.1814721059026));
#6432=CARTESIAN_POINT('Ctrl Pts',(18.9554878275694,-46.4655814556376,46.0349746617161));
#6433=CARTESIAN_POINT('Ctrl Pts',(19.9877403860657,-46.4230443431061,46.0909780032245));
#6434=CARTESIAN_POINT('Ctrl Pts',(20.4952152941461,-46.2916261167418,46.2217216128848));
#6435=CARTESIAN_POINT('Ctrl Pts',(20.7010984768709,-46.1925869255145,46.2938245335734));
#6436=CARTESIAN_POINT('Ctrl Pts',(17.8161454679383,-46.3070257551299,46.2096424121065));
#6437=CARTESIAN_POINT('Ctrl Pts',(18.1567818163997,-46.4694836495261,46.0698030006947));
#6438=CARTESIAN_POINT('Ctrl Pts',(18.9190071591911,-46.5987700444061,45.8723632600856));
#6439=CARTESIAN_POINT('Ctrl Pts',(20.0546232408936,-46.5535515121069,45.9483728396113));
#6440=CARTESIAN_POINT('Ctrl Pts',(20.608121399834,-46.4100061557671,46.1220594662283));
#6441=CARTESIAN_POINT('Ctrl Pts',(20.8331230485173,-46.3002143493374,46.2154691723507));
#6442=CARTESIAN_POINT('Ctrl Pts',(17.5547838004342,-46.5877052631616,46.137871159429));
#6443=CARTESIAN_POINT('Ctrl Pts',(17.9531562817174,-46.794525712982,45.9288887533979));
#6444=CARTESIAN_POINT('Ctrl Pts',(18.8463380359828,-46.9645006734181,45.6297388027787));
#6445=CARTESIAN_POINT('Ctrl Pts',(20.1880482320051,-46.9046266168676,45.7454715839588));
#6446=CARTESIAN_POINT('Ctrl Pts',(20.8337042504236,-46.718742335439,46.0069917239139));
#6447=CARTESIAN_POINT('Ctrl Pts',(21.0968793044332,-46.5790398750969,46.146579703703));
#6448=CARTESIAN_POINT('Ctrl Pts',(17.3739163657276,-46.9101906065806,46.2624993846544));
#6449=CARTESIAN_POINT('Ctrl Pts',(17.8145265064507,-47.1701315306221,45.9955935854439));
#6450=CARTESIAN_POINT('Ctrl Pts',(18.8006168782084,-47.395357630062,45.6367522515144));
#6451=CARTESIAN_POINT('Ctrl Pts',(20.2731260073485,-47.3148586138502,45.7741994429063));
#6452=CARTESIAN_POINT('Ctrl Pts',(20.9884454627359,-47.0747732322371,46.0950958491715));
#6453=CARTESIAN_POINT('Ctrl Pts',(21.2794929743513,-46.8993030178553,46.2736252159811));
#6454=CARTESIAN_POINT('Ctrl Pts',(17.3175774060375,-47.0571727958371,46.3645563084257));
#6455=CARTESIAN_POINT('Ctrl Pts',(17.7724433115506,-47.3411271170937,46.075848353946));
#6456=CARTESIAN_POINT('Ctrl Pts',(18.7892130601627,-47.5883822632062,45.7030959959163));
#6457=CARTESIAN_POINT('Ctrl Pts',(20.2954852101838,-47.4999031821061,45.8447462488984));
#6458=CARTESIAN_POINT('Ctrl Pts',(21.0359971271413,-47.2369470229636,46.183337358815));
#6459=CARTESIAN_POINT('Ctrl Pts',(21.3364237056405,-47.0452791060378,46.3765989311871));
#6460=CARTESIAN_POINT('',(21.3175774047002,-47.0571727970963,46.3645563077746));
#6461=CARTESIAN_POINT('Ctrl Pts',(21.3175723363042,-47.0571701542847,46.3645617039775));
#6462=CARTESIAN_POINT('Ctrl Pts',(21.0205696765224,-47.2423976863177,46.1763171871342));
#6463=CARTESIAN_POINT('Ctrl Pts',(20.286526803565,-47.5004294028065,45.8439037978421));
#6464=CARTESIAN_POINT('Ctrl Pts',(18.7892130601627,-47.5883822632062,45.7030959959163));
#6465=CARTESIAN_POINT('Ctrl Pts',(17.7724433115506,-47.3411271170937,46.075848353946));
#6466=CARTESIAN_POINT('Ctrl Pts',(17.3175774060375,-47.0571727958371,46.3645563084257));
#6467=CARTESIAN_POINT('',(20.7010984768709,-46.1925869255145,46.2938245335734));
#6468=CARTESIAN_POINT('Ctrl Pts',(17.9469717575674,-46.1987296300239,46.2893286045098));
#6469=CARTESIAN_POINT('Ctrl Pts',(18.2586926472664,-46.3453101167408,46.1814721058961));
#6470=CARTESIAN_POINT('Ctrl Pts',(18.6767697554518,-46.4174729200774,46.0935736393899));
#6471=CARTESIAN_POINT('Ctrl Pts',(19.1094369709007,-46.4353999267623,46.0728151120309));
#6472=CARTESIAN_POINT('Ctrl Pts',(19.3978817812107,-46.4473512645527,46.0589760937911));
#6473=CARTESIAN_POINT('Ctrl Pts',(19.6928110836382,-46.4351978038294,46.0749770485078));
#6474=CARTESIAN_POINT('Ctrl Pts',(19.967144461872,-46.3962665168767,46.1156634282813));
#6475=CARTESIAN_POINT('Ctrl Pts',(20.2414778401059,-46.357335229924,46.1563498080547));
#6476=CARTESIAN_POINT('Ctrl Pts',(20.4952152941461,-46.2916261167418,46.2217216128848));
#6477=CARTESIAN_POINT('Ctrl Pts',(20.7010984768709,-46.1925869255145,46.2938245335734));
#6478=CARTESIAN_POINT('',(21.3153219531235,-47.0439234375522,46.3579388562277));
#6479=CARTESIAN_POINT('Ctrl Pts',(20.7010984768703,-46.1925869255148,46.2938245335732));
#6480=CARTESIAN_POINT('Ctrl Pts',(20.702286106764,-46.1935981141014,46.2930883638856));
#6481=CARTESIAN_POINT('Ctrl Pts',(20.7034736951559,-46.1946120103869,46.2923558954234));
#6482=CARTESIAN_POINT('Ctrl Pts',(20.7046612308636,-46.1956286007389,46.291627129825));
#6483=CARTESIAN_POINT('Ctrl Pts',(20.7348103940326,-46.2214378022681,46.2731252247491));
#6484=CARTESIAN_POINT('Ctrl Pts',(20.7648367241246,-46.2489043512151,46.2570612402871));
#6485=CARTESIAN_POINT('Ctrl Pts',(20.7945590160075,-46.2777918435162,46.2434419237758));
#6486=CARTESIAN_POINT('Ctrl Pts',(20.8247062368603,-46.3070923299563,46.2296278967705));
#6487=CARTESIAN_POINT('Ctrl Pts',(20.8545414693031,-46.337855403193,46.2183286978565));
#6488=CARTESIAN_POINT('Ctrl Pts',(20.8838742229691,-46.3698623563387,46.2095965303375));
#6489=CARTESIAN_POINT('Ctrl Pts',(20.9044453947009,-46.3923089543386,46.203472628038));
#6490=CARTESIAN_POINT('Ctrl Pts',(20.9247694201952,-46.4153679283489,46.1986121986284));
#6491=CARTESIAN_POINT('Ctrl Pts',(20.9447769274821,-46.4389689094408,46.1950472237557));
#6492=CARTESIAN_POINT('Ctrl Pts',(20.9733724431016,-46.4727003590298,46.1899520215801));
#6493=CARTESIAN_POINT('Ctrl Pts',(21.0011521515581,-46.5073390709588,46.1875309644412));
#6494=CARTESIAN_POINT('Ctrl Pts',(21.0279288089822,-46.5426596125891,46.1878236248852));
#6495=CARTESIAN_POINT('Ctrl Pts',(21.0410055590036,-46.5599088863205,46.1879665496502));
#6496=CARTESIAN_POINT('Ctrl Pts',(21.0538429441309,-46.5773211303916,46.1887573871615));
#6497=CARTESIAN_POINT('Ctrl Pts',(21.0664179115069,-46.5948716502715,46.190204806907));
#6498=CARTESIAN_POINT('Ctrl Pts',(21.0921191231141,-46.6307420912645,46.1931631001614));
#6499=CARTESIAN_POINT('Ctrl Pts',(21.1167258702855,-46.6671900474881,46.198861271759));
#6500=CARTESIAN_POINT('Ctrl Pts',(21.1401038845342,-46.7039692606031,46.2072143976333));
#6501=CARTESIAN_POINT('Ctrl Pts',(21.1443747732961,-46.7106883910774,46.2087404156707));
#6502=CARTESIAN_POINT('Ctrl Pts',(21.1486045805944,-46.7174185815046,46.2103551626452));
#6503=CARTESIAN_POINT('Ctrl Pts',(21.1527923852772,-46.7241583273184,46.2120582781764));
#6504=CARTESIAN_POINT('Ctrl Pts',(21.1756991431295,-46.7610238778962,46.2213741030591));
#6505=CARTESIAN_POINT('Ctrl Pts',(21.1972096444995,-46.7979477002361,46.2332725114524));
#6506=CARTESIAN_POINT('Ctrl Pts',(21.2172112407332,-46.8346804302647,46.2476273342268));
#6507=CARTESIAN_POINT('Ctrl Pts',(21.2371563111655,-46.8713093512282,46.2619415893458));
#6508=CARTESIAN_POINT('Ctrl Pts',(21.2556015077419,-46.9077491945509,46.2786988011581));
#6509=CARTESIAN_POINT('Ctrl Pts',(21.2724091373806,-46.9437557211428,46.2978175627794));
#6510=CARTESIAN_POINT('Ctrl Pts',(21.2882056951858,-46.9775962561201,46.3157862252028));
#6511=CARTESIAN_POINT('Ctrl Pts',(21.3025559255913,-47.0110547033142,46.3358414733875));
#6512=CARTESIAN_POINT('Ctrl Pts',(21.3153182860902,-47.0439196536248,46.357946506534));
#6513=CARTESIAN_POINT('Ctrl Pts',(21.3153219531238,-47.043923437552,46.3579388562278));
#6514=CARTESIAN_POINT('Ctrl Pts',(21.316110266812,-47.0459548882279,46.3593060617466));
#6515=CARTESIAN_POINT('Ctrl Pts',(21.316688624212,-47.0481404358914,46.3605617436534));
#6516=CARTESIAN_POINT('Ctrl Pts',(21.3174126285897,-47.0526246231323,46.3627698731913));
#6517=CARTESIAN_POINT('Ctrl Pts',(21.317577406005,-47.0548746500905,46.3637198517952));
#6518=CARTESIAN_POINT('Ctrl Pts',(21.317577406005,-47.0571727958262,46.364556308437));
#6519=CARTESIAN_POINT('Ctrl Pts',(23.9999999999999,-44.7967032965696,46.4906929202656));
#6520=CARTESIAN_POINT('Ctrl Pts',(23.9974295873118,-44.7986987067966,46.4914191901934));
#6521=CARTESIAN_POINT('Ctrl Pts',(23.9948535032197,-44.8007035446451,46.4921473765108));
#6522=CARTESIAN_POINT('Ctrl Pts',(23.0733098685673,-45.5144600161053,46.7498071663214));
#6523=CARTESIAN_POINT('Ctrl Pts',(22.1267566777819,-46.3615511480035,46.7604825937093));
#6524=CARTESIAN_POINT('Ctrl Pts',(21.3030135585649,-47.0542795082479,46.3518705293498));
#6525=CARTESIAN_POINT('Ctrl Pts',(23.9999999999999,-44.7967032965696,46.4906929202656));
#6526=CARTESIAN_POINT('Ctrl Pts',(23.997267631959,-44.7984123427336,46.4915577786707));
#6527=CARTESIAN_POINT('Ctrl Pts',(23.9944435873856,-44.8001912014966,46.4917323796258));
#6528=CARTESIAN_POINT('Ctrl Pts',(23.0048617917487,-45.4171397722307,46.7202797663366));
#6529=CARTESIAN_POINT('Ctrl Pts',(21.9864101451157,-46.1878135026313,46.6342252938658));
#6530=CARTESIAN_POINT('Ctrl Pts',(21.1922044510008,-46.7610064990034,46.1562451793962));
#6531=CARTESIAN_POINT('Ctrl Pts',(23.9999999999999,-44.7967032965696,46.4906929202656));
#6532=CARTESIAN_POINT('Ctrl Pts',(23.9970496590007,-44.7980851378481,46.4914920500058));
#6533=CARTESIAN_POINT('Ctrl Pts',(23.9940846053634,-44.7997124288424,46.4915080423556));
#6534=CARTESIAN_POINT('Ctrl Pts',(22.9361555087631,-45.321761986432,46.6870859116039));
#6535=CARTESIAN_POINT('Ctrl Pts',(21.8453324762559,-45.9793955463107,46.5801346993091));
#6536=CARTESIAN_POINT('Ctrl Pts',(20.9496009884862,-46.4136990289768,46.1328495875781));
#6537=CARTESIAN_POINT('Ctrl Pts',(23.9999999999999,-44.7967032965696,46.4906929202656));
#6538=CARTESIAN_POINT('Ctrl Pts',(23.9968559210532,-44.797900542696,46.4911286822187));
#6539=CARTESIAN_POINT('Ctrl Pts',(23.9937049049241,-44.7991035106158,46.4915654148748));
#6540=CARTESIAN_POINT('Ctrl Pts',(22.8664905988819,-45.2274489046202,46.645909864008));
#6541=CARTESIAN_POINT('Ctrl Pts',(21.7086850886913,-45.7485132343368,46.617120894722));
#6542=CARTESIAN_POINT('Ctrl Pts',(20.7010984768703,-46.1925869255148,46.2938245335732));
#6543=CARTESIAN_POINT('',(24.,-44.7967032965696,46.4906929202656));
#6544=CARTESIAN_POINT('Ctrl Pts',(20.7010984768703,-46.1925869255148,46.2938245335732));
#6545=CARTESIAN_POINT('Ctrl Pts',(21.7086850886913,-45.7485132343368,46.617120894722));
#6546=CARTESIAN_POINT('Ctrl Pts',(22.8664905988819,-45.2274489046202,46.645909864008));
#6547=CARTESIAN_POINT('Ctrl Pts',(23.9937049049241,-44.7991035106158,46.4915654148748));
#6548=CARTESIAN_POINT('Ctrl Pts',(23.9968559210532,-44.797900542696,46.4911286822187));
#6549=CARTESIAN_POINT('Ctrl Pts',(23.9999999999999,-44.7967032965696,46.4906929202656));
#6550=CARTESIAN_POINT('',(21.3175774060127,-47.0420246016847,46.3590428166727));
#6551=CARTESIAN_POINT('Ctrl Pts',(23.9999999999999,-44.7967032965696,46.4906929202656));
#6552=CARTESIAN_POINT('Ctrl Pts',(23.9974295873118,-44.7986987067966,46.4914191901934));
#6553=CARTESIAN_POINT('Ctrl Pts',(23.9948535032197,-44.8007035446451,46.4921473765108));
#6554=CARTESIAN_POINT('Ctrl Pts',(23.0787211076296,-45.5102688885731,46.7482942062543));
#6555=CARTESIAN_POINT('Ctrl Pts',(22.1379029035126,-46.3515799833395,46.7603483348068));
#6556=CARTESIAN_POINT('Ctrl Pts',(21.317577646377,-47.0420265302021,46.3590450453999));
#6557=CARTESIAN_POINT('Ctrl Pts',(21.3153215214531,-47.0439232404134,46.3579393983228));
#6558=CARTESIAN_POINT('Ctrl Pts',(21.3160732606914,-47.0432906046336,46.3583079435992));
#6559=CARTESIAN_POINT('Ctrl Pts',(21.3168251012854,-47.0426578418739,46.3586761414308));
#6560=CARTESIAN_POINT('Ctrl Pts',(21.3175770431213,-47.0420249523536,46.3590439919487));
#6561=CARTESIAN_POINT('Origin',(23.9999999999999,-31.8579183732999,37.0131245696173));
#6562=CARTESIAN_POINT('',(24.,-50.3408897592064,48.508611765887));
#6563=CARTESIAN_POINT('',(24.,-38.6887012614612,44.2675619886488));
#6564=CARTESIAN_POINT('',(21.3175774060125,-51.483736309355,47.9756936674567));
#6565=CARTESIAN_POINT('Origin',(23.9999999999999,-56.0838293394728,45.8306350592874));
#6566=CARTESIAN_POINT('',(21.3175774060125,-30.6304011623257,40.3857003887609));
#6567=CARTESIAN_POINT('Origin',(12.0072070143292,-45.3097335115581,45.0811539890867));
#6568=CARTESIAN_POINT('',(12.0072070143292,-44.7967032965696,46.4906929202656));
#6569=CARTESIAN_POINT('Ctrl Pts',(23.9999999999999,-36.8093160198893,43.5835217019974));
#6570=CARTESIAN_POINT('Ctrl Pts',(23.9972456377171,-36.8082671754995,43.5831399538591));
#6571=CARTESIAN_POINT('Ctrl Pts',(23.9944853304488,-36.8072139169023,43.5827558279405));
#6572=CARTESIAN_POINT('Ctrl Pts',(22.8673594280007,-36.3798664925173,43.4257984569211));
#6573=CARTESIAN_POINT('Ctrl Pts',(21.7087004196132,-35.9989229847223,43.0685676259555));
#6574=CARTESIAN_POINT('Ctrl Pts',(20.7010984768704,-35.8665516824,42.5354550670957));
#6575=CARTESIAN_POINT('Ctrl Pts',(23.9999999999999,-36.8093160198893,43.5835217019974));
#6576=CARTESIAN_POINT('Ctrl Pts',(23.9974169678464,-36.8079260590803,43.5833093487374));
#6577=CARTESIAN_POINT('Ctrl Pts',(23.9948164594365,-36.8068491396817,43.5823474846623));
#6578=CARTESIAN_POINT('Ctrl Pts',(22.9370096198386,-36.2812004002582,43.3967727790386));
#6579=CARTESIAN_POINT('Ctrl Pts',(21.8452505968673,-35.8457874088018,42.8919320512455));
#6580=CARTESIAN_POINT('Ctrl Pts',(20.9496009884863,-35.8006426849922,42.2700129837777));
#6581=CARTESIAN_POINT('Ctrl Pts',(23.9999999999999,-36.8093160198893,43.5835217019974));
#6582=CARTESIAN_POINT('Ctrl Pts',(23.9976097696238,-36.8076674881385,43.5831631216863));
#6583=CARTESIAN_POINT('Ctrl Pts',(23.9951292695615,-36.8064032902636,43.5822340108317));
#6584=CARTESIAN_POINT('Ctrl Pts',(23.0056154002195,-36.1869256778314,43.3609785078318));
#6585=CARTESIAN_POINT('Ctrl Pts',(21.9864247450374,-35.651274982974,42.7992897171292));
#6586=CARTESIAN_POINT('Ctrl Pts',(21.1922044510009,-35.5195513309827,42.0646901083988));
#6587=CARTESIAN_POINT('Ctrl Pts',(23.9999999999999,-36.8093160198893,43.5835217019974));
#6588=CARTESIAN_POINT('Ctrl Pts',(23.9977481965623,-36.807567945895,43.5828854550962));
#6589=CARTESIAN_POINT('Ctrl Pts',(23.9954915328923,-36.8058124395432,43.5822454523071));
#6590=CARTESIAN_POINT('Ctrl Pts',(23.0740201717797,-36.0934283751072,43.3210299670167));
#6591=CARTESIAN_POINT('Ctrl Pts',(22.1267692114354,-35.4371596375627,42.7843393099895));
#6592=CARTESIAN_POINT('Ctrl Pts',(21.303013558565,-35.1691456208434,42.026035564066));
#6593=CARTESIAN_POINT('',(21.3175774060127,-35.1739231664927,42.0394071570108));
#6594=CARTESIAN_POINT('',(24.,-36.8093160198893,43.5835217019974));
#6595=CARTESIAN_POINT('Ctrl Pts',(21.3175776558309,-35.1739202862683,42.0394076063383));
#6596=CARTESIAN_POINT('Ctrl Pts',(22.1379234223007,-35.4448899896832,42.7906500074124));
#6597=CARTESIAN_POINT('Ctrl Pts',(23.079432749482,-36.0976128069467,43.3225643056526));
#6598=CARTESIAN_POINT('Ctrl Pts',(23.9954915328923,-36.8058124395432,43.5822454523071));
#6599=CARTESIAN_POINT('Ctrl Pts',(23.9977481965623,-36.807567945895,43.5828854550962));
#6600=CARTESIAN_POINT('Ctrl Pts',(23.9999999999999,-36.8093160198893,43.5835217019974));
#6601=CARTESIAN_POINT('',(20.7010984768704,-35.8665516824,42.5354550670957));
#6602=CARTESIAN_POINT('Ctrl Pts',(23.9999999999999,-36.8093160198893,43.5835217019974));
#6603=CARTESIAN_POINT('Ctrl Pts',(23.9972456377171,-36.8082671754995,43.5831399538591));
#6604=CARTESIAN_POINT('Ctrl Pts',(23.9944853304488,-36.8072139169023,43.5827558279405));
#6605=CARTESIAN_POINT('Ctrl Pts',(22.8673594280007,-36.3798664925173,43.4257984569211));
#6606=CARTESIAN_POINT('Ctrl Pts',(21.7087004196132,-35.9989229847223,43.0685676259555));
#6607=CARTESIAN_POINT('Ctrl Pts',(20.7010984768704,-35.8665516824,42.5354550670957));
#6608=CARTESIAN_POINT('',(21.3153219531236,-35.1731781859237,42.0373409260781));
#6609=CARTESIAN_POINT('Ctrl Pts',(20.7010984768704,-35.8665516824,42.5354550670957));
#6610=CARTESIAN_POINT('Ctrl Pts',(20.7022861066924,-35.8662502677743,42.5342411489762));
#6611=CARTESIAN_POINT('Ctrl Pts',(20.7034735804064,-35.8659441641721,42.5330285178466));
#6612=CARTESIAN_POINT('Ctrl Pts',(20.7046608889478,-35.865633385251,42.5318171802261));
#6613=CARTESIAN_POINT('Ctrl Pts',(20.7345680528429,-35.8578051621682,42.5013047468641));
#6614=CARTESIAN_POINT('Ctrl Pts',(20.7642851280876,-35.8470370255973,42.4716982603815));
#6615=CARTESIAN_POINT('Ctrl Pts',(20.7936697775144,-35.8335702966271,42.4430959834201));
#6616=CARTESIAN_POINT('Ctrl Pts',(20.8239888101646,-35.8196753479617,42.4135842013848));
#6617=CARTESIAN_POINT('Ctrl Pts',(20.8539545999808,-35.8029070289575,42.3851408851007));
#6618=CARTESIAN_POINT('Ctrl Pts',(20.8834075241355,-35.7834774329073,42.3578901877004));
#6619=CARTESIAN_POINT('Ctrl Pts',(20.9016576870333,-35.7714381090327,42.3410046090727));
#6620=CARTESIAN_POINT('Ctrl Pts',(20.9197108330275,-35.7583759644957,42.324577292512));
#6621=CARTESIAN_POINT('Ctrl Pts',(20.9375266217686,-35.7443329167987,42.3086424067543));
#6622=CARTESIAN_POINT('Ctrl Pts',(20.9662509042746,-35.7216914006046,42.2829506921265));
#6623=CARTESIAN_POINT('Ctrl Pts',(20.9941922692487,-35.6966336391966,42.258686622382));
#6624=CARTESIAN_POINT('Ctrl Pts',(21.0211972266656,-35.6693861796034,42.2359680106557));
#6625=CARTESIAN_POINT('Ctrl Pts',(21.0483036356973,-35.6420363573688,42.2131640501615));
#6626=CARTESIAN_POINT('Ctrl Pts',(21.0744672708313,-35.6124796175653,42.1919165939058));
#6627=CARTESIAN_POINT('Ctrl Pts',(21.0995179034078,-35.5809028735209,42.1723705582543));
#6628=CARTESIAN_POINT('Ctrl Pts',(21.1138951798289,-35.5627800745768,42.1611525278656));
#6629=CARTESIAN_POINT('Ctrl Pts',(21.1279055101575,-35.5439911819102,42.1504954552981));
#6630=CARTESIAN_POINT('Ctrl Pts',(21.1415131432613,-35.5245667103611,42.1404317158667));
#6631=CARTESIAN_POINT('Ctrl Pts',(21.1652560923087,-35.4906743916352,42.1228722438613));
#6632=CARTESIAN_POINT('Ctrl Pts',(21.187627434425,-35.4550586064388,42.1072260362319));
#6633=CARTESIAN_POINT('Ctrl Pts',(21.2084692575439,-35.4179229085705,42.093623613593));
#6634=CARTESIAN_POINT('Ctrl Pts',(21.228727406073,-35.381827194733,42.080402126365));
#6635=CARTESIAN_POINT('Ctrl Pts',(21.2475409928469,-35.3442946531335,42.0691111964653));
#6636=CARTESIAN_POINT('Ctrl Pts',(21.2647424068837,-35.3054838206024,42.0599017172602));
#6637=CARTESIAN_POINT('Ctrl Pts',(21.2810711693277,-35.2686419154372,42.0511594477089));
#6638=CARTESIAN_POINT('Ctrl Pts',(21.2959474511658,-35.2306474387551,42.0442926521948));
#6639=CARTESIAN_POINT('Ctrl Pts',(21.3092020788456,-35.1916210644685,42.0394620875761));
#6640=CARTESIAN_POINT('Ctrl Pts',(21.311282758945,-35.1854947965499,42.0387037969689));
#6641=CARTESIAN_POINT('Ctrl Pts',(21.3133223949058,-35.1793461218018,42.0379961354371));
#6642=CARTESIAN_POINT('Ctrl Pts',(21.3153203918182,-35.1731755487338,42.0373396533431));
#6643=CARTESIAN_POINT('Ctrl Pts',(21.3153215332947,-35.1731779939036,42.0373414532005));
#6644=CARTESIAN_POINT('Ctrl Pts',(21.3160732728666,-35.1734257271144,42.0380304236598));
#6645=CARTESIAN_POINT('Ctrl Pts',(21.3168251143537,-35.1736737813222,42.0387192098838));
#6646=CARTESIAN_POINT('Ctrl Pts',(21.3175770576415,-35.1739221562744,42.0394078118312));
#6647=CARTESIAN_POINT('Ctrl Pts',(20.7010984768704,-35.8665516824,42.5354550670957));
#6648=CARTESIAN_POINT('Ctrl Pts',(20.3922508515453,-35.8222660686898,42.357099060684));
#6649=CARTESIAN_POINT('Ctrl Pts',(19.6983665748012,-35.8237038474427,42.1636206200418));
#6650=CARTESIAN_POINT('Ctrl Pts',(18.6650996103032,-35.8204729635807,42.2284485989299));
#6651=CARTESIAN_POINT('Ctrl Pts',(18.1548182215874,-35.8360926436363,42.4101487442519));
#6652=CARTESIAN_POINT('Ctrl Pts',(17.9469717575173,-35.8647360252479,42.5280625313));
#6653=CARTESIAN_POINT('Ctrl Pts',(20.8331230485167,-35.8344701477998,42.4062498035466));
#6654=CARTESIAN_POINT('Ctrl Pts',(20.495595602271,-35.7983732747955,42.1930408297996));
#6655=CARTESIAN_POINT('Ctrl Pts',(19.7367419751208,-35.8258758532235,41.9539129460485));
#6656=CARTESIAN_POINT('Ctrl Pts',(18.5999279290794,-35.8126877767684,42.0344870020051));
#6657=CARTESIAN_POINT('Ctrl Pts',(18.0432719227091,-35.8099521190071,42.256353126947));
#6658=CARTESIAN_POINT('Ctrl Pts',(17.8161454679212,-35.8329976775339,42.3974079590031));
#6659=CARTESIAN_POINT('Ctrl Pts',(21.0968821285214,-35.6651641882413,42.1742475187955));
#6660=CARTESIAN_POINT('Ctrl Pts',(20.702090337371,-35.6392229645354,41.8791312733335));
#6661=CARTESIAN_POINT('Ctrl Pts',(19.8131890274988,-35.7012477806033,41.5340853221891));
#6662=CARTESIAN_POINT('Ctrl Pts',(18.4699180725624,-35.6748664728581,41.6514180889988));
#6663=CARTESIAN_POINT('Ctrl Pts',(17.8204042324985,-35.6480531336538,41.9666214984047));
#6664=CARTESIAN_POINT('Ctrl Pts',(17.5547809959659,-35.6641238861855,42.1620063741439));
#6665=CARTESIAN_POINT('Ctrl Pts',(21.2794929743507,-35.338159618072,42.0657131443762));
#6666=CARTESIAN_POINT('Ctrl Pts',(20.8428894031917,-35.3086651592506,41.6913581827576));
#6667=CARTESIAN_POINT('Ctrl Pts',(19.8612504280735,-35.366754255978,41.2633324459369));
#6668=CARTESIAN_POINT('Ctrl Pts',(18.3871503117848,-35.3420212489671,41.4082537662276));
#6669=CARTESIAN_POINT('Ctrl Pts',(17.6677024506554,-35.3185928709484,41.8024540671892));
#6670=CARTESIAN_POINT('Ctrl Pts',(17.3739163657055,-35.3369707877557,42.0501918560006));
#6671=CARTESIAN_POINT('Ctrl Pts',(21.3364237056398,-35.1601452186338,42.0507639659029));
#6672=CARTESIAN_POINT('Ctrl Pts',(20.8857504931607,-35.1262427124272,41.6438607860235));
#6673=CARTESIAN_POINT('Ctrl Pts',(19.8732283610578,-35.1763592065298,41.1902865568272));
#6674=CARTESIAN_POINT('Ctrl Pts',(18.3654759807413,-35.1547388752363,41.3429399262441));
#6675=CARTESIAN_POINT('Ctrl Pts',(17.6208688221826,-35.1374758154217,41.7647278992316));
#6676=CARTESIAN_POINT('Ctrl Pts',(17.3175774060147,-35.1587749723557,42.0338936652404));
#6677=CARTESIAN_POINT('',(17.9469717575173,-35.8647360252479,42.5280625313));
#6678=CARTESIAN_POINT('Ctrl Pts',(20.7010984768704,-35.8665516824,42.5354550670957));
#6679=CARTESIAN_POINT('Ctrl Pts',(20.3922508515453,-35.8222660686898,42.357099060684));
#6680=CARTESIAN_POINT('Ctrl Pts',(19.6983665748012,-35.8237038474427,42.1636206200418));
#6681=CARTESIAN_POINT('Ctrl Pts',(18.6650996103032,-35.8204729635807,42.2284485989299));
#6682=CARTESIAN_POINT('Ctrl Pts',(18.1548182215874,-35.8360926436363,42.4101487442519));
#6683=CARTESIAN_POINT('Ctrl Pts',(17.9469717575173,-35.8647360252479,42.5280625313));
#6684=CARTESIAN_POINT('',(17.3175774060146,-35.158774972355,42.0338936652403));
#6685=CARTESIAN_POINT('Origin',(17.9469717575173,-34.8929958854946,42.7641157049543));
#6686=CARTESIAN_POINT('',(21.3175774060097,-35.1587749723547,42.0338936652397));
#6687=CARTESIAN_POINT('Ctrl Pts',(17.3175774060147,-35.1587749723557,42.0338936652404));
#6688=CARTESIAN_POINT('Ctrl Pts',(17.6208688221826,-35.1374758154217,41.7647278992316));
#6689=CARTESIAN_POINT('Ctrl Pts',(18.3654759807413,-35.1547388752363,41.3429399262441));
#6690=CARTESIAN_POINT('Ctrl Pts',(19.86426104009,-35.1762306201301,41.1911944590652));
#6691=CARTESIAN_POINT('Ctrl Pts',(20.868884562482,-35.1270727537749,41.6363464509099));
#6692=CARTESIAN_POINT('Ctrl Pts',(21.317570871863,-35.1587705042904,42.033901675871));
#6693=CARTESIAN_POINT('Ctrl Pts',(21.3175754575783,-35.1587708282539,42.0339057390197));
#6694=CARTESIAN_POINT('Ctrl Pts',(21.3175755853176,-35.1618007922486,42.0350071450542));
#6695=CARTESIAN_POINT('Ctrl Pts',(21.3172890610726,-35.164888035265,42.0359025247841));
#6696=CARTESIAN_POINT('Ctrl Pts',(21.3166710355834,-35.1679860460709,42.0365388305563));
#6697=CARTESIAN_POINT('Ctrl Pts',(21.3163226167075,-35.1697325847835,42.0368975551489));
#6698=CARTESIAN_POINT('Ctrl Pts',(21.3158723562091,-35.1714646236638,42.037170196201));
#6699=CARTESIAN_POINT('Ctrl Pts',(21.3153184510586,-35.1731739453873,42.03735211262));
#6700=CARTESIAN_POINT('Ctrl Pts',(14.8000000000001,-36.8093160198893,43.5835217019974));
#6701=CARTESIAN_POINT('Ctrl Pts',(14.8023809732067,-36.8073384340677,43.5828019196226));
#6702=CARTESIAN_POINT('Ctrl Pts',(14.8047642087528,-36.8053545026133,43.5820795826026));
#6703=CARTESIAN_POINT('Ctrl Pts',(15.6704561660947,-36.0895493133087,43.3188508975549));
#6704=CARTESIAN_POINT('Ctrl Pts',(16.5587552811449,-35.4291879596382,42.7863613342625));
#6705=CARTESIAN_POINT('Ctrl Pts',(17.3175774062287,-35.1587749722788,42.0338936650279));
#6706=CARTESIAN_POINT('Ctrl Pts',(14.8000000000001,-36.8093160198893,43.5835217019974));
#6707=CARTESIAN_POINT('Ctrl Pts',(14.802567385138,-36.8074791649399,43.5831176042411));
#6708=CARTESIAN_POINT('Ctrl Pts',(14.8051723062042,-36.8059970563896,43.5820645330753));
#6709=CARTESIAN_POINT('Ctrl Pts',(15.7427941767378,-36.1835525569751,43.3596100369282));
#6710=CARTESIAN_POINT('Ctrl Pts',(16.7058093799389,-35.6466038991853,42.7954254593381));
#6711=CARTESIAN_POINT('Ctrl Pts',(17.4302553256007,-35.515166603117,42.0664900465566));
#6712=CARTESIAN_POINT('Ctrl Pts',(14.8000000000001,-36.8093160198893,43.5835217019974));
#6713=CARTESIAN_POINT('Ctrl Pts',(14.8027603516168,-36.8077336539524,43.5832464988718));
#6714=CARTESIAN_POINT('Ctrl Pts',(14.805575123237,-36.8065361353541,43.582226287018));
#6715=CARTESIAN_POINT('Ctrl Pts',(15.8146388434932,-36.2778948672535,43.3953466568728));
#6716=CARTESIAN_POINT('Ctrl Pts',(16.854625228672,-35.8429863415158,42.8868629525728));
#6717=CARTESIAN_POINT('Ctrl Pts',(17.6853191785601,-35.8012593298068,42.2667533865329));
#6718=CARTESIAN_POINT('Ctrl Pts',(14.8000000000001,-36.8093160198893,43.5835217019974));
#6719=CARTESIAN_POINT('Ctrl Pts',(14.8029762165081,-36.8081294683965,43.5830898325726));
#6720=CARTESIAN_POINT('Ctrl Pts',(14.805955260941,-36.8069391213361,43.5826563979063));
#6721=CARTESIAN_POINT('Ctrl Pts',(15.8880702076176,-36.3775860229222,43.4243619731389));
#6722=CARTESIAN_POINT('Ctrl Pts',(16.9984441014314,-35.9954528971193,43.066173624796));
#6723=CARTESIAN_POINT('Ctrl Pts',(17.9469717577859,-35.8647360252109,42.5280625311476));
#6724=CARTESIAN_POINT('',(14.8000000000001,-36.8093160198893,43.5835217019974));
#6725=CARTESIAN_POINT('Ctrl Pts',(17.9469717577859,-35.8647360252109,42.5280625311476));
#6726=CARTESIAN_POINT('Ctrl Pts',(16.9984441014314,-35.9954528971193,43.066173624796));
#6727=CARTESIAN_POINT('Ctrl Pts',(15.8880702076176,-36.3775860229222,43.4243619731389));
#6728=CARTESIAN_POINT('Ctrl Pts',(14.805955260941,-36.8069391213361,43.5826563979063));
#6729=CARTESIAN_POINT('Ctrl Pts',(14.8029762165081,-36.8081294683965,43.5830898325726));
#6730=CARTESIAN_POINT('Ctrl Pts',(14.8000000000001,-36.8093160198893,43.5835217019974));
#6731=CARTESIAN_POINT('Ctrl Pts',(14.8000000000001,-36.8093160198893,43.5835217019974));
#6732=CARTESIAN_POINT('Ctrl Pts',(14.8023809732067,-36.8073384340677,43.5828019196226));
#6733=CARTESIAN_POINT('Ctrl Pts',(14.8047642087528,-36.8053545026133,43.5820795826026));
#6734=CARTESIAN_POINT('Ctrl Pts',(15.6704561660947,-36.0895493133087,43.3188508975549));
#6735=CARTESIAN_POINT('Ctrl Pts',(16.5587552811449,-35.4291879596382,42.7863613342625));
#6736=CARTESIAN_POINT('Ctrl Pts',(17.3175774062287,-35.1587749722788,42.0338936650279));
#6737=CARTESIAN_POINT('Origin',(14.8000000000001,-31.6935175097693,37.4648122299066));
#6738=CARTESIAN_POINT('',(14.8,-31.2651295572525,41.565602856376));
#6739=CARTESIAN_POINT('',(14.8000000000001,-30.3254369364666,41.2235827130503));
#6740=CARTESIAN_POINT('',(17.3175774060127,-30.732211458822,40.422756306227));
#6741=CARTESIAN_POINT('Origin',(14.8000000000001,-28.8744396474115,36.4387517999296));
#6742=CARTESIAN_POINT('',(17.3175774060127,-30.6304011623258,40.3857003887606));
#6743=CARTESIAN_POINT('Origin',(12.0072070143292,-37.3223462348778,42.1739827708185));
#6744=CARTESIAN_POINT('',(12.0072070143292,-36.8093160198893,43.5835217019974));
#6745=CARTESIAN_POINT('Origin',(12.0072070143292,-45.3097335115581,45.0811539890867));
#6746=CARTESIAN_POINT('',(12.0072070143292,-44.7967032965696,46.4906929202656));
#6747=CARTESIAN_POINT('Origin',(24.,-50.3408897592064,48.508611765887));
#6748=CARTESIAN_POINT('',(-14.8,-31.2651295572525,41.565602856376));
#6749=CARTESIAN_POINT('',(-14.8000000000001,-30.3254369364666,41.2235827130503));
#6750=CARTESIAN_POINT('',(24.,-31.2651295572525,41.565602856376));
#6751=CARTESIAN_POINT('',(24.,-38.6887012614612,44.2675619886488));
#6752=CARTESIAN_POINT('',(14.8,-50.3408897592064,48.508611765887));
#6753=CARTESIAN_POINT('',(14.8000000000001,-30.3254369364666,41.2235827130503));
#6754=CARTESIAN_POINT('',(24.,-50.3408897592064,48.508611765887));
#6755=CARTESIAN_POINT('',(5.74999999999999,-40.8030096582295,45.0371073111315));
#6756=CARTESIAN_POINT('Origin',(-3.74483490848475E-14,-40.8030096582295,
45.0371073111315));
#6757=CARTESIAN_POINT('Origin',(14.8000000000001,-31.6935175097693,37.4648122299066));
#6758=CARTESIAN_POINT('',(17.3175774060128,-51.4837363093554,47.9756936674565));
#6759=CARTESIAN_POINT('',(17.3175774060127,-30.6304011623258,40.3857003887606));
#6760=CARTESIAN_POINT('Origin',(14.8000000000001,-55.4677408156527,46.1179218560461));
#6761=CARTESIAN_POINT('Origin',(19.3175774060124,-29.7858461191289,42.7060962994305));
#6762=CARTESIAN_POINT('',(17.4593014288643,-30.6674570797922,40.2838900922644));
#6763=CARTESIAN_POINT('Origin',(19.3175774060124,-32.2080523262951,43.5877072600938));
#6764=CARTESIAN_POINT('',(21.1758533831606,-30.6674570797922,40.2838900922644));
#6765=CARTESIAN_POINT('Origin',(19.3175774060124,-29.7858461191289,42.7060962994305));
#6766=CARTESIAN_POINT('',(21.3175774060125,-30.7322114588222,40.4227563062274));
#6767=CARTESIAN_POINT('Origin',(19.3175774060124,-32.2080523262951,43.5877072600938));
#6768=CARTESIAN_POINT('',(21.3175774060125,-30.6304011623257,40.3857003887609));
#6769=CARTESIAN_POINT('Origin',(19.3175774060124,-29.7858461191289,42.7060962994305));
#6770=CARTESIAN_POINT('',(21.1758533831606,-51.622602523318,47.9109392884268));
#6771=CARTESIAN_POINT('Origin',(19.3175774060124,-48.3187853554886,49.4515345349296));
#6772=CARTESIAN_POINT('',(17.4593014288643,-51.622602523318,47.9109392884268));
#6773=CARTESIAN_POINT('Origin',(19.3175774060124,-50.7409915626547,50.3331454955929));
#6774=CARTESIAN_POINT('Origin',(19.3175774060124,-48.3187853554886,49.4515345349296));
#6775=CARTESIAN_POINT('Origin',(23.9999999999999,-31.8579183732999,37.0131245696173));
#6776=CARTESIAN_POINT('',(24.,-31.2651295572525,41.565602856376));
#6777=CARTESIAN_POINT('Origin',(23.9999999999999,-28.5871528506528,35.8226632761096));
#6778=CARTESIAN_POINT('',(24.,-38.6887012614612,44.2675619886488));
#6779=CARTESIAN_POINT('Origin',(-23.9999999999999,-31.8579183732999,37.0131245696173));
#6780=CARTESIAN_POINT('Origin',(-23.9999999999999,-56.0838293394728,45.8306350592874));
#6781=CARTESIAN_POINT('Origin',(2.88975580096893E-14,-57.949975174843,30.5266258038874));
#6782=CARTESIAN_POINT('',(-16.5,-60.8839707984289,25.3893434794693));
#6783=CARTESIAN_POINT('',(-16.5,-56.8953647928288,36.3479484149568));
#6784=CARTESIAN_POINT('Origin',(2.89156398495943E-14,-58.8896677956288,
30.868645947213));
#6785=CARTESIAN_POINT('',(-16.5,-59.944278177643,25.0473233361436));
#6786=CARTESIAN_POINT('',(-16.5,-59.944278177643,25.0473233361437));
#6787=CARTESIAN_POINT('',(-16.5,-55.9556721720429,36.0059282716311));
#6788=CARTESIAN_POINT('Origin',(2.68614263297615E-14,-57.9499751748429,
30.5266258038874));
#6789=CARTESIAN_POINT('',(-16.5,-55.9556721720429,36.005928271631));
#6790=CARTESIAN_POINT('Origin',(-16.5,-58.8896677956288,30.868645947213));
#6791=CARTESIAN_POINT('',(-16.5,-52.2724407956368,46.1255233089334));
#6792=CARTESIAN_POINT('',(-16.5,-61.1136615006054,21.8344690616177));
#6793=CARTESIAN_POINT('',(-16.5,-53.2121334164227,46.4675434522591));
#6794=CARTESIAN_POINT('',(-16.5,-53.2121334164227,46.4675434522591));
#6795=CARTESIAN_POINT('',(-16.5,-58.8896677956288,30.868645947213));
#6796=CARTESIAN_POINT('Origin',(23.4,-38.2029527792832,11.1012530530425));
#6797=CARTESIAN_POINT('',(24.,-38.7667683517548,11.3064651390379));
#6798=CARTESIAN_POINT('',(24.,-41.673939570023,3.31907786235767));
#6799=CARTESIAN_POINT('',(22.8,-27.0355059504174,40.0292784082136));
#6800=CARTESIAN_POINT('Origin',(12.,-26.608469920543,42.9568328976849));
#6801=CARTESIAN_POINT('',(-20.5029437251523,-26.2498664340669,42.187805239218));
#6802=CARTESIAN_POINT('',(21.,-26.9670734070192,43.7258605561519));
#6803=CARTESIAN_POINT('Origin',(-23.4,-30.3364894827928,32.7141833311185));
#6804=CARTESIAN_POINT('',(-22.8,-40.3763051667156,3.37573380395659));
#6805=CARTESIAN_POINT('',(-24.,-27.9931338369962,40.9067826937942));
#6806=CARTESIAN_POINT('Origin',(-21.8257359312881,-41.5635523907826,1.86808150462016));
#6807=CARTESIAN_POINT('Origin',(-21.8257359312881,-26.9758898712935,41.9473548795409));
#6808=CARTESIAN_POINT('Origin',(21.8257359312881,-41.5635523907826,1.86808150462015));
#6809=CARTESIAN_POINT('Origin',(21.8257359312881,-26.9758898712935,41.9473548795409));
#6810=CARTESIAN_POINT('Origin',(24.,-41.5723688550569,0.0895758280091385));
#6811=CARTESIAN_POINT('',(24.,-65.360069519996,20.9856351951543));
#6812=CARTESIAN_POINT('',(24.,-30.6674570797922,40.2838900922644));
#6813=CARTESIAN_POINT('',(24.,-24.2424779470947,26.5054778780648));
#6814=CARTESIAN_POINT('',(24.,-43.322202382842,5.51526312318562));
#6815=CARTESIAN_POINT('',(24.,-37.7643750537999,20.7852682109567));
#6816=CARTESIAN_POINT('',(24.,-44.6039151469536,4.91759064572538));
#6817=CARTESIAN_POINT('',(24.,-43.64263057387,5.36584500382055));
#6818=CARTESIAN_POINT('',(24.,-63.6796753489076,11.8605995552365));
#6819=CARTESIAN_POINT('',(24.,-42.4896067501853,4.14804532324263));
#6820=CARTESIAN_POINT('',(24.,-64.2773478263678,13.142312319348));
#6821=CARTESIAN_POINT('',(24.,-59.4511425708764,2.79248174914703));
#6822=CARTESIAN_POINT('',(24.,-51.622602523318,47.9109392884268));
#6823=CARTESIAN_POINT('',(24.,-65.0468931488506,11.0280039225797));
#6824=CARTESIAN_POINT('',(24.,-56.6533251224561,45.5650748143953));
#6825=CARTESIAN_POINT('Origin',(-3.74555227963787E-14,-40.0334643357467,
47.1514157078998));
#6826=CARTESIAN_POINT('',(5.74999999999999,-40.4609895149038,45.9767999319174));
#6827=CARTESIAN_POINT('',(6.99999999999999,-40.0334643357467,47.1514157078998));
#6828=CARTESIAN_POINT('Origin',(-3.74515374010836E-14,-40.4609895149038,
45.9767999319174));
#6829=CARTESIAN_POINT('Origin',(-3.74595081916739E-14,-39.6059391565896,
48.3260314838822));
#6830=CARTESIAN_POINT('',(5.74999999999999,-39.6059391565896,48.3260314838822));
#6831=CARTESIAN_POINT('Origin',(18.487867965644,-62.7486055714474,17.9272580249407));
#6832=CARTESIAN_POINT('',(18.3464466094067,-62.888175143075,18.1285546584836));
#6833=CARTESIAN_POINT('',(18.6292893218814,-62.6090359998198,17.7259613913978));
#6834=CARTESIAN_POINT('Origin',(18.1,-63.5362804202179,18.1021826842018));
#6835=CARTESIAN_POINT('',(16.9714466094067,-63.9222684126193,17.0416893908983));
#6836=CARTESIAN_POINT('Origin',(26.2307611844575,-56.1754472750068,35.986862018912));
#6837=CARTESIAN_POINT('',(15.0857864376269,-52.6483178439512,46.2623313662637));
#6838=CARTESIAN_POINT('',(26.0893398282202,-56.4117547516936,35.9223734426994));
#6839=CARTESIAN_POINT('',(15.6514718625762,-52.2724407956368,46.1255233089334));
#6840=CARTESIAN_POINT('',(19.71123496987,-49.5748783230628,45.143690863843));
#6841=CARTESIAN_POINT('',(26.3721825406948,-55.93913979832,36.0513505951246));
#6842=CARTESIAN_POINT('Origin',(15.0857864376269,-53.2121334164227,46.4675434522591));
#6843=CARTESIAN_POINT('',(15.0857864376269,-53.2121334164227,46.4675434522591));
#6844=CARTESIAN_POINT('',(15.4643398282202,-53.3416063013299,46.1118196245451));
#6845=CARTESIAN_POINT('',(15.0857864376269,-53.2121334164227,46.4675434522591));
#6846=CARTESIAN_POINT('Origin',(24.,-51.622602523318,47.9109392884268));
#6847=CARTESIAN_POINT('',(24.,-51.622602523318,47.9109392884268));
#6848=CARTESIAN_POINT('Origin',(24.,-51.622602523318,47.9109392884268));
#6849=CARTESIAN_POINT('',(24.,-51.622602523318,47.9109392884268));
#6850=CARTESIAN_POINT('Origin',(24.,-31.2651295572525,41.565602856376));
#6851=CARTESIAN_POINT('',(-17.3175774060127,-30.732211458822,40.422756306227));
#6852=CARTESIAN_POINT('Origin',(-14.8000000000001,-28.8744396474115,36.4387517999296));
#6853=CARTESIAN_POINT('',(-17.4593014288636,-30.6674570797922,40.2838900922644));
#6854=CARTESIAN_POINT('Origin',(-19.3175774060124,-32.2080523262951,43.5877072600938));
#6855=CARTESIAN_POINT('',(24.,-30.6674570797922,40.2838900922644));
#6856=CARTESIAN_POINT('Origin',(24.,-31.2651295572525,41.565602856376));
#6857=CARTESIAN_POINT('',(24.,-30.6674570797922,40.2838900922644));
#6858=CARTESIAN_POINT('Origin',(24.,-30.6674570797922,40.2838900922644));
#6859=CARTESIAN_POINT('',(-21.1758533831612,-30.6674570797922,40.2838900922644));
#6860=CARTESIAN_POINT('Origin',(-19.3175774060124,-29.7858461191289,42.7060962994305));
#6861=CARTESIAN_POINT('',(24.,-30.6674570797922,40.2838900922644));
#6862=CARTESIAN_POINT('',(24.,-43.322202382842,5.51526312318562));
#6863=CARTESIAN_POINT('',(24.,-43.322202382842,5.51526312318562));
#6864=CARTESIAN_POINT('',(24.,-43.322202382842,5.51526312318562));
#6865=CARTESIAN_POINT('Origin',(24.,-42.1317410893343,8.78602864583279));
#6866=CARTESIAN_POINT('Origin',(24.,-66.3576520555073,17.6035391355029));
#6867=CARTESIAN_POINT('Origin',(24.,-38.8609755666872,7.59556735232509));
#6868=CARTESIAN_POINT('Origin',(14.8000000000001,-42.296141952865,8.33434098554337));
#6869=CARTESIAN_POINT('Origin',(14.8000000000001,-39.4770640905073,7.30828055556636));
#6870=CARTESIAN_POINT('Origin',(24.,-64.2773478263678,13.142312319348));
#6871=CARTESIAN_POINT('',(24.,-64.2773478263678,13.142312319348));
#6872=CARTESIAN_POINT('',(24.,-64.2773478263678,13.142312319348));
#6873=CARTESIAN_POINT('',(24.,-64.2773478263678,13.142312319348));
#6874=CARTESIAN_POINT('',(24.,-51.622602523318,47.9109392884268));
#6875=CARTESIAN_POINT('',(5.53985559378582,-52.2724407956368,46.1255233089334));
#6876=CARTESIAN_POINT('',(3.75000000000002,-52.2724407956368,46.1255233089334));
#6877=CARTESIAN_POINT('',(-5.53985559378578,-52.2724407956368,46.1255233089334));
#6878=CARTESIAN_POINT('Origin',(2.68614263297615E-14,-57.9499751748429,
30.5266258038874));
#6879=CARTESIAN_POINT('',(3.75000000000002,-52.2724407956368,46.1255233089334));
#6880=CARTESIAN_POINT('',(-16.5,-63.9524286902084,14.0350203090947));
#6881=CARTESIAN_POINT('Origin',(2.68614263297615E-14,-57.9499751748429,
30.5266258038874));
#6882=CARTESIAN_POINT('Origin',(24.,-63.6796753489076,11.8605995552365));
#6883=CARTESIAN_POINT('Origin',(24.,-43.322202382842,5.51526312318562));
#6884=CARTESIAN_POINT('Origin',(-14.8000000000001,-31.6935175097693,37.4648122299066));
#6885=CARTESIAN_POINT('',(-17.3175774060127,-30.6304011623258,40.3857003887606));
#6886=CARTESIAN_POINT('Origin',(-19.3175774060124,-29.7858461191289,42.7060962994305));
#6887=CARTESIAN_POINT('Origin',(-19.3175774060124,-32.2080523262951,43.5877072600938));
#6888=CARTESIAN_POINT('Origin',(24.,-31.2651295572525,41.565602856376));
#6889=CARTESIAN_POINT('Origin',(24.,-51.622602523318,47.9109392884268));
#6890=CARTESIAN_POINT('Origin',(-24.,-42.1317410893343,8.78602864583279));
#6891=CARTESIAN_POINT('Origin',(-24.,-38.8609755666872,7.59556735232509));
#6892=CARTESIAN_POINT('Origin',(-24.,-66.3576520555073,17.6035391355029));
#6893=CARTESIAN_POINT('Origin',(24.,-43.322202382842,5.51526312318562));
#6894=CARTESIAN_POINT('Origin',(24.,-63.6796753489076,11.8605995552365));
#6895=CARTESIAN_POINT('Origin',(-16.5,-64.5672021748349,15.269748442167));
#6896=CARTESIAN_POINT('',(-16.5,-61.7284349852319,23.06919719469));
#6897=CARTESIAN_POINT('Origin',(2.72956581526146E-14,-58.6547446404324,
30.7831409113816));
#6898=CARTESIAN_POINT('Origin',(2.72956581526146E-14,-58.6547446404324,
30.7831409113816));
#6899=CARTESIAN_POINT('Ctrl Pts',(5.53985559378586,-52.2724407956368,46.1255233089334));
#6900=CARTESIAN_POINT('Ctrl Pts',(3.37053788173738E-14,-53.9203931688894,
46.7253289202857));
#6901=CARTESIAN_POINT('Ctrl Pts',(-5.53985559378581,-52.2724407956368,46.1255233089334));
#6902=CARTESIAN_POINT('Origin',(18.1,-53.2121334164227,46.4675434522591));
#6903=CARTESIAN_POINT('',(9.05000127733618,-53.2121334164227,46.4675434522591));
#6904=CARTESIAN_POINT('Origin',(24.,-43.322202382842,5.51526312318562));
#6905=CARTESIAN_POINT('Origin',(24.,-63.6796753489076,11.8605995552365));
#6906=CARTESIAN_POINT('Origin',(-18.5,-41.3564493320792,7.9923208422176));
#6907=CARTESIAN_POINT('',(-18.5000000000001,-29.6935624446738,40.0358392110173));
#6908=CARTESIAN_POINT('',(-18.5,-41.3564493320792,7.9923208422176));
#6909=CARTESIAN_POINT('',(-18.5000000000001,-29.6935624446738,40.0358392110173));
#6910=CARTESIAN_POINT('Origin',(-17.4593014288636,-29.6935624446738,40.0358392110173));
#6911=CARTESIAN_POINT('',(-8.7296507144318,-29.6935624446738,40.0358392110173));
#6912=CARTESIAN_POINT('Origin',(1.40433518197749E-14,-36.0551371105313,
22.5575564643993));
#6913=CARTESIAN_POINT('Origin',(15.5,-62.2489299290329,21.6391490896565));
#6914=CARTESIAN_POINT('',(15.5,-57.0670452950073,40.6574338918962));
#6915=CARTESIAN_POINT('',(15.5,-57.9789861276294,37.4762574921615));
#6916=CARTESIAN_POINT('Ctrl Pts',(15.5,-57.0670452950073,40.6574338918962));
#6917=CARTESIAN_POINT('Ctrl Pts',(15.5,-57.3995444075444,39.4970261956229));
#6918=CARTESIAN_POINT('Ctrl Pts',(15.5,-57.6901160902211,38.4759973953412));
#6919=CARTESIAN_POINT('Ctrl Pts',(15.5,-57.9789861276294,37.4762574921615));
#6920=CARTESIAN_POINT('',(15.5,-55.5304056622248,40.0981428047696));
#6921=CARTESIAN_POINT('',(15.5,-55.5304056622248,40.0981428047696));
#6922=CARTESIAN_POINT('',(15.5,-62.2489299290329,21.6391490896565));
#6923=CARTESIAN_POINT('',(15.5,-60.5692988623309,26.2538975184348));
#6924=CARTESIAN_POINT('',(15.5,-63.7890421791425,22.1997041061251));
#6925=CARTESIAN_POINT('',(15.5,-62.2489299290329,21.6391490896565));
#6926=CARTESIAN_POINT('',(15.5,-62.4765695718464,25.1439514909164));
#6927=CARTESIAN_POINT('Ctrl Pts',(15.5,-62.4765695718464,25.1439514909164));
#6928=CARTESIAN_POINT('Ctrl Pts',(15.5,-62.8861971452973,24.2204227915614));
#6929=CARTESIAN_POINT('Ctrl Pts',(15.5,-63.3119617780697,23.2699309209906));
#6930=CARTESIAN_POINT('Ctrl Pts',(15.5,-63.7890421791425,22.1997041061251));
#6931=CARTESIAN_POINT('Ctrl Pts',(15.5,-57.9789861276294,37.4762574921615));
#6932=CARTESIAN_POINT('Ctrl Pts',(15.5,-58.9412779588995,34.6081962553281));
#6933=CARTESIAN_POINT('Ctrl Pts',(15.5,-59.4133716167492,33.1513069504347));
#6934=CARTESIAN_POINT('Ctrl Pts',(15.5,-60.8052653436207,29.3511629523859));
#6935=CARTESIAN_POINT('Ctrl Pts',(15.5,-61.4508256347546,27.7529862309122));
#6936=CARTESIAN_POINT('Ctrl Pts',(15.5,-62.4765695718464,25.1439514909164));
#6937=CARTESIAN_POINT('Origin',(9.82182540694802,-64.1909800171767,16.3034103250315));
#6938=CARTESIAN_POINT('',(13.7582560504024,-64.1966614967893,20.4945402081542));
#6939=CARTESIAN_POINT('Ctrl Pts',(15.5,-63.7890421791425,22.1997041061251));
#6940=CARTESIAN_POINT('Ctrl Pts',(14.9191653162097,-63.9079407422615,21.6248682840247));
#6941=CARTESIAN_POINT('Ctrl Pts',(14.3426474616407,-64.0437841298115,21.060793747347));
#6942=CARTESIAN_POINT('Ctrl Pts',(13.7582560504024,-64.1966614967893,20.4945402081542));
#6943=CARTESIAN_POINT('',(9.82182540694802,-64.1909800171767,16.3034103250315));
#6944=CARTESIAN_POINT('',(11.241369055211,-63.7054674951408,17.6373450161877));
#6945=CARTESIAN_POINT('',(9.82182540694802,-65.7943992377339,16.8870071943646));
#6946=CARTESIAN_POINT('',(9.82182540694802,-64.1909800171767,16.3034103250315));
#6947=CARTESIAN_POINT('',(12.1368300253123,-64.7454558674868,18.9687994882062));
#6948=CARTESIAN_POINT('Ctrl Pts',(12.1368300253123,-64.7454558674868,18.9687994882062));
#6949=CARTESIAN_POINT('Ctrl Pts',(11.3595263746032,-65.0672489758284,18.2587333336854));
#6950=CARTESIAN_POINT('Ctrl Pts',(10.5952925710238,-65.4103428051384,17.5703286483709));
#6951=CARTESIAN_POINT('Ctrl Pts',(9.82182540694802,-65.7943992377339,16.8870071943646));
#6952=CARTESIAN_POINT('Ctrl Pts',(13.7582560504024,-64.1966614967893,20.4945402081542));
#6953=CARTESIAN_POINT('Ctrl Pts',(13.4875241363492,-64.2855890831227,20.2388003407088));
#6954=CARTESIAN_POINT('Ctrl Pts',(13.217528829401,-64.3755906786051,19.9842472928848));
#6955=CARTESIAN_POINT('Ctrl Pts',(12.9467773329841,-64.4672254235913,19.7294718899083));
#6956=CARTESIAN_POINT('Ctrl Pts',(12.6765302472775,-64.55868945282,19.4751711341401));
#6957=CARTESIAN_POINT('Ctrl Pts',(12.4070737306346,-64.6512579964846,19.2221016178455));
#6958=CARTESIAN_POINT('Ctrl Pts',(12.1368300253123,-64.7454558674868,18.9687994882062));
#6959=CARTESIAN_POINT('Origin',(-9.82182540694796,-64.1909800171767,16.3034103250315));
#6960=CARTESIAN_POINT('',(7.41126438745965,-65.6266689052388,16.8259583459528));
#6961=CARTESIAN_POINT('Ctrl Pts',(9.82182540694801,-65.7943992377339,16.8870071943646));
#6962=CARTESIAN_POINT('Ctrl Pts',(8.97024680290092,-65.7356713446657,16.8656319893666));
#6963=CARTESIAN_POINT('Ctrl Pts',(8.15760219399512,-65.678395666205,16.8447853472595));
#6964=CARTESIAN_POINT('Ctrl Pts',(7.41126438745965,-65.6266689052388,16.8259583459528));
#6965=CARTESIAN_POINT('',(-9.82182540694796,-64.1909800171767,16.3034103250315));
#6966=CARTESIAN_POINT('',(-4.91091270347397,-64.1909800171767,16.3034103250315));
#6967=CARTESIAN_POINT('',(-9.82182540694796,-65.7943992377339,16.8870071943646));
#6968=CARTESIAN_POINT('',(-9.82182540694796,-64.1909800171767,16.3034103250315));
#6969=CARTESIAN_POINT('',(-7.41126438745966,-65.6266689052388,16.8259583459528));
#6970=CARTESIAN_POINT('Ctrl Pts',(-7.41126438745965,-65.6266689052388,16.8259583459528));
#6971=CARTESIAN_POINT('Ctrl Pts',(-8.15760219399634,-65.678395666205,16.8447853472595));
#6972=CARTESIAN_POINT('Ctrl Pts',(-8.9702468029009,-65.7356713446657,16.8656319893666));
#6973=CARTESIAN_POINT('Ctrl Pts',(-9.82182540694796,-65.7943992377339,16.8870071943646));
#6974=CARTESIAN_POINT('Ctrl Pts',(7.41126438745965,-65.6266689052388,16.8259583459528));
#6975=CARTESIAN_POINT('Ctrl Pts',(4.07234148912366,-65.5197681379996,16.7870496486575));
#6976=CARTESIAN_POINT('Ctrl Pts',(2.12182935119152,-65.4213800958064,16.7512393298915));
#6977=CARTESIAN_POINT('Ctrl Pts',(-2.39566357354656,-65.4352011171961,16.7562697702845));
#6978=CARTESIAN_POINT('Ctrl Pts',(-4.32022551142971,-65.5277045273616,16.7899382581528));
#6979=CARTESIAN_POINT('Ctrl Pts',(-7.41126438745966,-65.6266689052388,16.8259583459528));
#6980=CARTESIAN_POINT('Origin',(-15.5,-62.2489299290329,21.6391490896565));
#6981=CARTESIAN_POINT('',(-12.1368300253123,-64.7454558674868,18.9687994882062));
#6982=CARTESIAN_POINT('Ctrl Pts',(-9.82182540694795,-65.7943992377339,16.8870071943646));
#6983=CARTESIAN_POINT('Ctrl Pts',(-10.5952925710238,-65.4103428051384,17.5703286483709));
#6984=CARTESIAN_POINT('Ctrl Pts',(-11.3595263746032,-65.0672489758284,18.2587333336855));
#6985=CARTESIAN_POINT('Ctrl Pts',(-12.1368300253123,-64.7454558674868,18.9687994882062));
#6986=CARTESIAN_POINT('',(-15.5,-62.2489299290329,21.6391490896565));
#6987=CARTESIAN_POINT('',(-14.080456351737,-62.7344424510688,20.3052143985002));
#6988=CARTESIAN_POINT('',(-15.5,-63.7886752533556,22.1995705560605));
#6989=CARTESIAN_POINT('',(-15.5,-62.2489299290329,21.6391490896565));
#6990=CARTESIAN_POINT('',(-13.7582560504024,-64.1966614967893,20.4945402081543));
#6991=CARTESIAN_POINT('Ctrl Pts',(-13.7582560504024,-64.1966614967893,20.4945402081543));
#6992=CARTESIAN_POINT('Ctrl Pts',(-14.3426075528713,-64.043679179049,21.0607130783681));
#6993=CARTESIAN_POINT('Ctrl Pts',(-14.9191696451413,-63.9076969707243,21.6247841651941));
#6994=CARTESIAN_POINT('Ctrl Pts',(-15.5,-63.7886752533556,22.1995705560605));
#6995=CARTESIAN_POINT('Ctrl Pts',(-12.1368300253123,-64.7454558674868,18.9687994882062));
#6996=CARTESIAN_POINT('Ctrl Pts',(-12.4070865080372,-64.6512535427115,19.222113594233));
#6997=CARTESIAN_POINT('Ctrl Pts',(-12.6765556904365,-64.5586807124427,19.475195029708));
#6998=CARTESIAN_POINT('Ctrl Pts',(-12.9468155537884,-64.4672124879243,19.7295078554408));
#6999=CARTESIAN_POINT('Ctrl Pts',(-13.2175542733337,-64.3755821966999,19.9842712818294));
#7000=CARTESIAN_POINT('Ctrl Pts',(-13.4875369116668,-64.2855848868011,20.2388124085807));
#7001=CARTESIAN_POINT('Ctrl Pts',(-13.7582560504024,-64.1966614967893,20.4945402081543));
#7002=CARTESIAN_POINT('Origin',(-9.82182540694796,-53.588355574081,45.4338815693946));
#7003=CARTESIAN_POINT('',(-12.1368300253123,-55.7263878471362,43.7484852186448));
#7004=CARTESIAN_POINT('',(-9.82182540694796,-55.1917747946382,46.0174784387278));
#7005=CARTESIAN_POINT('Ctrl Pts',(-12.1368300253123,-55.7263878471362,43.7484852186448));
#7006=CARTESIAN_POINT('Ctrl Pts',(-11.3599053463442,-55.5165762862386,44.498906029919));
#7007=CARTESIAN_POINT('Ctrl Pts',(-10.5955222083059,-55.3368441200117,45.246928416428));
#7008=CARTESIAN_POINT('Ctrl Pts',(-9.82182540694796,-55.1917747946382,46.0174784387278));
#7009=CARTESIAN_POINT('',(-13.7582560504024,-56.2867141994252,42.2269417967382));
#7010=CARTESIAN_POINT('Ctrl Pts',(-13.7582560504024,-56.2867141994252,42.2269417967382));
#7011=CARTESIAN_POINT('Ctrl Pts',(-13.4875241086275,-56.1904502548221,42.4800114776463));
#7012=CARTESIAN_POINT('Ctrl Pts',(-13.217528774189,-56.0957719222602,42.7328623616327));
#7013=CARTESIAN_POINT('Ctrl Pts',(-12.9467772500471,-56.0022017278655,42.9869333481407));
#7014=CARTESIAN_POINT('Ctrl Pts',(-12.676530192067,-55.9088058741213,43.240530947783));
#7015=CARTESIAN_POINT('Ctrl Pts',(-12.407073702908,-55.8170475526391,43.4938953315859));
#7016=CARTESIAN_POINT('Ctrl Pts',(-12.1368300253123,-55.7263878471362,43.7484852186448));
#7017=CARTESIAN_POINT('',(-15.5,-57.0701509865475,40.6585642711737));
#7018=CARTESIAN_POINT('Ctrl Pts',(-15.5,-57.0701509865475,40.6585642711737));
#7019=CARTESIAN_POINT('Ctrl Pts',(-14.9191696451413,-56.7918613414829,41.1753818770855));
#7020=CARTESIAN_POINT('Ctrl Pts',(-14.3426075528713,-56.5334518509389,41.6948930773216));
#7021=CARTESIAN_POINT('Ctrl Pts',(-13.7582560504024,-56.2867141994252,42.2269417967382));
#7022=CARTESIAN_POINT('',(-15.5,-55.5304056622248,40.0981428047696));
#7023=CARTESIAN_POINT('',(-15.5,-55.5304056622248,40.0981428047696));
#7024=CARTESIAN_POINT('',(-9.82182540694796,-53.588355574081,45.4338815693946));
#7025=CARTESIAN_POINT('',(-11.241369055211,-54.0738680961169,44.0999468782384));
#7026=CARTESIAN_POINT('',(-9.82182540694796,-53.588355574081,45.4338815693946));
#7027=CARTESIAN_POINT('Origin',(9.82182540694801,-53.588355574081,45.4338815693946));
#7028=CARTESIAN_POINT('',(7.41126438745966,-55.0240444621431,45.956429590316));
#7029=CARTESIAN_POINT('',(9.82182540694802,-55.1917747946382,46.0174784387278));
#7030=CARTESIAN_POINT('Ctrl Pts',(7.41126438745965,-55.0240444621431,45.956429590316));
#7031=CARTESIAN_POINT('Ctrl Pts',(8.1576021939963,-55.0757712231093,45.9752565916227));
#7032=CARTESIAN_POINT('Ctrl Pts',(8.97024680290095,-55.13304690157,45.9961032337298));
#7033=CARTESIAN_POINT('Ctrl Pts',(9.82182540694802,-55.1917747946382,46.0174784387278));
#7034=CARTESIAN_POINT('',(-7.41126438745966,-55.0240444621431,45.956429590316));
#7035=CARTESIAN_POINT('Ctrl Pts',(-7.41126438745965,-55.0240444621431,45.956429590316));
#7036=CARTESIAN_POINT('Ctrl Pts',(-4.07234148912379,-54.9171436949039,45.9175208930207));
#7037=CARTESIAN_POINT('Ctrl Pts',(-2.12182935119152,-54.8187556527107,45.8817105742546));
#7038=CARTESIAN_POINT('Ctrl Pts',(2.39566357354658,-54.8325766741004,45.8867410146476));
#7039=CARTESIAN_POINT('Ctrl Pts',(4.32022551142984,-54.9250800842659,45.920409502516));
#7040=CARTESIAN_POINT('Ctrl Pts',(7.41126438745966,-55.0240444621431,45.956429590316));
#7041=CARTESIAN_POINT('Ctrl Pts',(-9.82182540694796,-55.1917747946382,46.0174784387278));
#7042=CARTESIAN_POINT('Ctrl Pts',(-8.9702468029009,-55.13304690157,45.9961032337298));
#7043=CARTESIAN_POINT('Ctrl Pts',(-8.15760219399593,-55.0757712231093,45.9752565916227));
#7044=CARTESIAN_POINT('Ctrl Pts',(-7.41126438745966,-55.0240444621431,45.956429590316));
#7045=CARTESIAN_POINT('',(9.82182540694802,-53.588355574081,45.4338815693946));
#7046=CARTESIAN_POINT('',(4.91091270347402,-53.588355574081,45.4338815693946));
#7047=CARTESIAN_POINT('',(9.82182540694802,-53.588355574081,45.4338815693946));
#7048=CARTESIAN_POINT('Origin',(15.5,-55.5304056622248,40.0981428047696));
#7049=CARTESIAN_POINT('',(13.8116967790251,-56.3061627214203,42.1771500442996));
#7050=CARTESIAN_POINT('Ctrl Pts',(13.8116967790251,-56.3061627214203,42.1771500442996));
#7051=CARTESIAN_POINT('Ctrl Pts',(14.3780305188592,-56.5461680894846,41.6618250766046));
#7052=CARTESIAN_POINT('Ctrl Pts',(14.9370746861466,-56.7972707903967,41.1582966088209));
#7053=CARTESIAN_POINT('Ctrl Pts',(15.5,-57.0670452950073,40.6574338918962));
#7054=CARTESIAN_POINT('',(12.1368300253123,-55.7263878471362,43.7484852186449));
#7055=CARTESIAN_POINT('Ctrl Pts',(12.1368300253123,-55.7263878471362,43.7484852186449));
#7056=CARTESIAN_POINT('Ctrl Pts',(12.4160175230565,-55.8200157229193,43.48545784105));
#7057=CARTESIAN_POINT('Ctrl Pts',(12.6943544041827,-55.9148651961076,43.2237655596405));
#7058=CARTESIAN_POINT('Ctrl Pts',(12.9735451395722,-56.0115169017704,42.9618353325157));
#7059=CARTESIAN_POINT('Ctrl Pts',(13.2532078504627,-56.108331998375,42.6994623089994));
#7060=CARTESIAN_POINT('Ctrl Pts',(13.5320570271742,-56.2063772715006,42.438417486128));
#7061=CARTESIAN_POINT('Ctrl Pts',(13.8116967790251,-56.3061627214203,42.1771500442996));
#7062=CARTESIAN_POINT('Ctrl Pts',(9.82182540694801,-55.1917747946382,46.0174784387278));
#7063=CARTESIAN_POINT('Ctrl Pts',(10.5955222522711,-55.3368441282552,45.2469283726417));
#7064=CARTESIAN_POINT('Ctrl Pts',(11.3599053333363,-55.5165762827258,44.4989060424832));
#7065=CARTESIAN_POINT('Ctrl Pts',(12.1368300253123,-55.7263878471362,43.7484852186449));
#7066=CARTESIAN_POINT('',(14.080456351737,-55.0448931401888,41.4320774959259));
#7067=CARTESIAN_POINT('Origin',(-15.5,-55.5304056622248,40.0981428047696));
#7068=CARTESIAN_POINT('',(-15.5,-57.9623381435707,37.5412106102886));
#7069=CARTESIAN_POINT('Ctrl Pts',(-15.5,-57.9623381435707,37.5412106102886));
#7070=CARTESIAN_POINT('Ctrl Pts',(-15.5,-57.6802965154711,38.5194747321525));
#7071=CARTESIAN_POINT('Ctrl Pts',(-15.5,-57.3946059004141,39.5246837538141));
#7072=CARTESIAN_POINT('Ctrl Pts',(-15.5,-57.0701509865475,40.6585642711737));
#7073=CARTESIAN_POINT('',(-15.5,-62.4683339589874,25.161088855274));
#7074=CARTESIAN_POINT('Ctrl Pts',(-15.5,-62.4683339589874,25.161088855274));
#7075=CARTESIAN_POINT('Ctrl Pts',(-15.5,-61.3787530552158,27.9305837220781));
#7076=CARTESIAN_POINT('Ctrl Pts',(-15.5,-60.7659620249819,29.4414788110784));
#7077=CARTESIAN_POINT('Ctrl Pts',(-15.5,-59.3796299640648,33.2615398503702));
#7078=CARTESIAN_POINT('Ctrl Pts',(-15.5,-58.8717891854063,34.8269614784444));
#7079=CARTESIAN_POINT('Ctrl Pts',(-15.5,-57.9623381435707,37.5412106102886));
#7080=CARTESIAN_POINT('Ctrl Pts',(-15.5,-63.7886752533556,22.1995705560605));
#7081=CARTESIAN_POINT('Ctrl Pts',(-15.5,-63.3083777897421,23.2767290240799));
#7082=CARTESIAN_POINT('Ctrl Pts',(-15.5,-62.8810935935885,24.2304021968594));
#7083=CARTESIAN_POINT('Ctrl Pts',(-15.5,-62.4683339589874,25.161088855274));
#7084=CARTESIAN_POINT('',(-15.5,-57.2100367289268,35.4833943759913));
#7085=CARTESIAN_POINT('Ctrl Pts',(-20.2888679723754,-69.8664316519042,11.4082523446867));
#7086=CARTESIAN_POINT('Ctrl Pts',(-17.5715219900211,-68.1594397237651,13.9284347258599));
#7087=CARTESIAN_POINT('Ctrl Pts',(-14.8541760076667,-66.4524477956259,16.448617107033));
#7088=CARTESIAN_POINT('Ctrl Pts',(-12.1368300253123,-64.7454558674868,18.9687994882062));
#7089=CARTESIAN_POINT('Ctrl Pts',(-17.38170698167,-69.8940434699319,11.3323894981457));
#7090=CARTESIAN_POINT('Ctrl Pts',(-15.1262777915784,-68.2720819033758,13.6189528809014));
#7091=CARTESIAN_POINT('Ctrl Pts',(-12.8706688565152,-66.6500324673182,15.9057576831283));
#7092=CARTESIAN_POINT('Ctrl Pts',(-10.6152396664236,-65.0280709007621,18.192321065884));
#7093=CARTESIAN_POINT('Ctrl Pts',(-14.4616521658703,-69.916854383399,11.2697170284777));
#7094=CARTESIAN_POINT('Ctrl Pts',(-12.6283827440854,-68.3651156247314,13.363344832229));
#7095=CARTESIAN_POINT('Ctrl Pts',(-10.7949466583606,-66.8132860303839,15.4572222049598));
#7096=CARTESIAN_POINT('Ctrl Pts',(-8.96167723657571,-65.2615472717163,17.5508500087111));
#7097=CARTESIAN_POINT('Ctrl Pts',(-11.5336878215785,-69.9337341822709,11.2233401622322));
#7098=CARTESIAN_POINT('Ctrl Pts',(-10.0981780374767,-68.4339284382095,13.1742831810288));
#7099=CARTESIAN_POINT('Ctrl Pts',(-8.66266825337483,-66.934122694148,15.1252261998255));
#7100=CARTESIAN_POINT('Ctrl Pts',(-7.22715846927299,-65.4343169500866,17.0761692186221));
#7101=CARTESIAN_POINT('',(-20.2888679723754,-69.8664316519042,11.4082523446867));
#7102=CARTESIAN_POINT('',(-21.1715728752538,-70.4209323131843,10.5895942281072));
#7103=CARTESIAN_POINT('',(-11.4422217473315,-69.8381713758994,11.347647987219));
#7104=CARTESIAN_POINT('Ctrl Pts',(-11.4422217473315,-69.8381713758995,11.347647987219));
#7105=CARTESIAN_POINT('Ctrl Pts',(-11.9604325004043,-69.8396711284825,11.3508626526779));
#7106=CARTESIAN_POINT('Ctrl Pts',(-12.4834158217948,-69.8412373098302,11.3542197329283));
#7107=CARTESIAN_POINT('Ctrl Pts',(-13.0068503641624,-69.8428413348798,11.3576659491413));
#7108=CARTESIAN_POINT('Ctrl Pts',(-13.5268137811321,-69.8444347229316,11.361089311974));
#7109=CARTESIAN_POINT('Ctrl Pts',(-14.0472226284631,-69.8460658393873,11.3645995748355));
#7110=CARTESIAN_POINT('Ctrl Pts',(-14.5637913248249,-69.8477102107572,11.3681347674736));
#7111=CARTESIAN_POINT('Ctrl Pts',(-14.9970037415707,-69.8490892375937,11.3710995025751));
#7112=CARTESIAN_POINT('Ctrl Pts',(-15.4275145148222,-69.8504777480289,11.3740813277948));
#7113=CARTESIAN_POINT('Ctrl Pts',(-15.8527677051031,-69.851860383419,11.377046229842));
#7114=CARTESIAN_POINT('Ctrl Pts',(-16.7939240416901,-69.8549203864675,11.3836080532752));
#7115=CARTESIAN_POINT('Ctrl Pts',(-17.7496102015256,-69.8580798706715,11.3903709536655));
#7116=CARTESIAN_POINT('Ctrl Pts',(-18.7325237828703,-69.8613197047858,11.3973040890378));
#7117=CARTESIAN_POINT('Ctrl Pts',(-19.2433547606287,-69.863003482139,11.4009073155965));
#7118=CARTESIAN_POINT('Ctrl Pts',(-19.7615404849686,-69.8647086550021,11.4045573659061));
#7119=CARTESIAN_POINT('Ctrl Pts',(-20.2888679723754,-69.8664316519042,11.4082523446867));
#7120=CARTESIAN_POINT('',(-12.,-70.4209323131843,10.5895942281071));
#7121=CARTESIAN_POINT('Ctrl Pts',(-23.9065328210915,-69.4055783429308,13.3135840287537));
#7122=CARTESIAN_POINT('Ctrl Pts',(-20.5120532856252,-67.6632567610794,15.715529634579));
#7123=CARTESIAN_POINT('Ctrl Pts',(-17.1175737501588,-65.9209351792279,18.1174752404043));
#7124=CARTESIAN_POINT('Ctrl Pts',(-13.7230942146925,-64.1786135973765,20.5194208462296));
#7125=CARTESIAN_POINT('Ctrl Pts',(-22.967674752132,-69.7268736776775,12.4308323515611));
#7126=CARTESIAN_POINT('Ctrl Pts',(-19.716686257071,-67.9422667521105,14.9489559844188));
#7127=CARTESIAN_POINT('Ctrl Pts',(-16.4656911169118,-66.1576576974654,17.4670854668705));
#7128=CARTESIAN_POINT('Ctrl Pts',(-13.2147026218508,-64.3730507718984,19.9852090997282));
#7129=CARTESIAN_POINT('Ctrl Pts',(-22.0285973778976,-70.0481059616332,11.5482539049929));
#7130=CARTESIAN_POINT('Ctrl Pts',(-18.9131330811535,-68.2189231606335,14.1888487490543));
#7131=CARTESIAN_POINT('Ctrl Pts',(-15.7976622662308,-66.3897381851441,16.8294495674772));
#7132=CARTESIAN_POINT('Ctrl Pts',(-12.6821979694866,-64.5605553841445,19.4700444115385));
#7133=CARTESIAN_POINT('Ctrl Pts',(-21.0893259586639,-70.3692661567048,10.6658735210061));
#7134=CARTESIAN_POINT('Ctrl Pts',(-18.1023365311442,-68.4928886636204,13.4361347158884));
#7135=CARTESIAN_POINT('Ctrl Pts',(-15.1153471036246,-66.616511170536,16.2063959107706));
#7136=CARTESIAN_POINT('Ctrl Pts',(-12.1283576761049,-64.7401336774516,18.9766571056529));
#7137=CARTESIAN_POINT('',(-23.03250122088,-68.9569545983014,13.9320518496806));
#7138=CARTESIAN_POINT('',(-24.,-69.4535532625924,13.2474463256619));
#7139=CARTESIAN_POINT('Ctrl Pts',(-22.8224612512982,-69.776507182711,12.2944654172329));
#7140=CARTESIAN_POINT('Ctrl Pts',(-22.8915930764026,-69.5072594915433,12.8320894345248));
#7141=CARTESIAN_POINT('Ctrl Pts',(-22.9632225738657,-69.2279884545928,13.3899496625897));
#7142=CARTESIAN_POINT('Ctrl Pts',(-23.03250122088,-68.9569545983014,13.9320518496806));
#7143=CARTESIAN_POINT('Ctrl Pts',(-20.2888679723754,-69.8664316519042,11.4082523446867));
#7144=CARTESIAN_POINT('Ctrl Pts',(-20.9139355485366,-69.9095948413112,11.5008161030812));
#7145=CARTESIAN_POINT('Ctrl Pts',(-21.5170977051134,-69.9513589493812,11.5903795218662));
#7146=CARTESIAN_POINT('Ctrl Pts',(-22.1775258626257,-69.9970759678307,11.6884199843163));
#7147=CARTESIAN_POINT('Ctrl Pts',(-23.2060830568732,-65.9572464126696,22.173682354657));
#7148=CARTESIAN_POINT('Ctrl Pts',(-20.6373887045821,-64.7942755947756,23.1694845215294));
#7149=CARTESIAN_POINT('Ctrl Pts',(-18.068694352291,-63.6313047768815,24.1652866884017));
#7150=CARTESIAN_POINT('Ctrl Pts',(-15.5,-62.4683339589874,25.161088855274));
#7151=CARTESIAN_POINT('Ctrl Pts',(-23.1634844330705,-66.9599504518191,19.4187756486979));
#7152=CARTESIAN_POINT('Ctrl Pts',(-20.4570469620565,-65.6581397877175,20.7960371579459));
#7153=CARTESIAN_POINT('Ctrl Pts',(-17.7503591551936,-64.3562801303534,22.1734332750766));
#7154=CARTESIAN_POINT('Ctrl Pts',(-15.0439216841796,-63.0544694662518,23.5506947843246));
#7155=CARTESIAN_POINT('Ctrl Pts',(-23.104698330868,-67.9603762834124,16.6701282665562));
#7156=CARTESIAN_POINT('Ctrl Pts',(-20.2080577655551,-66.5123397444751,18.4491420650553));
#7157=CARTESIAN_POINT('Ctrl Pts',(-17.3111741591543,-65.0642500891503,20.2283017996299));
#7158=CARTESIAN_POINT('Ctrl Pts',(-14.4145335938414,-63.616213550213,22.007315598129));
#7159=CARTESIAN_POINT('Ctrl Pts',(-23.03250122088,-68.9569545983014,13.9320518496806));
#7160=CARTESIAN_POINT('Ctrl Pts',(-19.9021880674836,-67.3502245803028,16.1470723985155));
#7161=CARTESIAN_POINT('Ctrl Pts',(-16.7718749140872,-65.7434945623041,18.3620929473504));
#7162=CARTESIAN_POINT('Ctrl Pts',(-13.6415617606909,-64.1367645443054,20.5771134961853));
#7163=CARTESIAN_POINT('',(-23.0718204673686,-65.8964593153689,22.2257317459905));
#7164=CARTESIAN_POINT('',(-24.,-66.3166905932763,21.8659056775381));
#7165=CARTESIAN_POINT('Ctrl Pts',(-23.03250122088,-68.9569545983014,13.9320518496806));
#7166=CARTESIAN_POINT('Ctrl Pts',(-23.0432526592367,-68.1680163355223,16.0682068092344));
#7167=CARTESIAN_POINT('Ctrl Pts',(-23.0465370542497,-67.9278284005665,16.7185148083599));
#7168=CARTESIAN_POINT('Ctrl Pts',(-23.0597677044054,-66.9160822288872,19.4595807361263));
#7169=CARTESIAN_POINT('Ctrl Pts',(-23.0661728324822,-66.4035365280582,20.849061133938));
#7170=CARTESIAN_POINT('Ctrl Pts',(-23.0718204673686,-65.8964593153688,22.2257317459905));
#7171=CARTESIAN_POINT('Ctrl Pts',(-24.,-58.7922474401115,42.5391433348282));
#7172=CARTESIAN_POINT('Ctrl Pts',(-21.0121789146755,-58.5005273818631,40.7823281845444));
#7173=CARTESIAN_POINT('Ctrl Pts',(-18.024357829351,-58.2088073236147,39.0255130342605));
#7174=CARTESIAN_POINT('Ctrl Pts',(-15.0365367440265,-57.9170872653663,37.2686978839767));
#7175=CARTESIAN_POINT('Ctrl Pts',(-21.7685542547351,-60.0873736838285,38.9808132248726));
#7176=CARTESIAN_POINT('Ctrl Pts',(-19.6457481528335,-59.6225195490732,37.6996800403297));
#7177=CARTESIAN_POINT('Ctrl Pts',(-17.5088614213343,-59.1567050054916,36.4211855573503));
#7178=CARTESIAN_POINT('Ctrl Pts',(-15.3860553194327,-58.6918508707362,35.1400523728074));
#7179=CARTESIAN_POINT('Ctrl Pts',(-19.9525344246341,-62.7682756258263,31.6150956754616));
#7180=CARTESIAN_POINT('Ctrl Pts',(-18.5167278944022,-61.9135659087044,31.4050819003193));
#7181=CARTESIAN_POINT('Ctrl Pts',(-17.0854567578889,-61.0589493443437,31.1948121900688));
#7182=CARTESIAN_POINT('Ctrl Pts',(-15.649650227657,-60.2042396272217,30.9847984149265));
#7183=CARTESIAN_POINT('Ctrl Pts',(-22.3264156910513,-65.3453459104885,24.5346532600048));
#7184=CARTESIAN_POINT('Ctrl Pts',(-19.9838674568798,-64.1224392565754,25.3362522546084));
#7185=CARTESIAN_POINT('Ctrl Pts',(-17.6412239097527,-62.9003359211231,26.1356441498806));
#7186=CARTESIAN_POINT('Ctrl Pts',(-15.2986756755812,-61.67742926721,26.9372431444842));
#7187=CARTESIAN_POINT('Ctrl Pts',(-24.,-66.3166905932763,21.8659056775381));
#7188=CARTESIAN_POINT('Ctrl Pts',(-21.0121789146755,-64.9639610525967,23.0241901220611));
#7189=CARTESIAN_POINT('Ctrl Pts',(-18.024357829351,-63.6112315119171,24.1824745665842));
#7190=CARTESIAN_POINT('Ctrl Pts',(-15.0365367440265,-62.2585019712375,25.3407590111073));
#7191=CARTESIAN_POINT('',(-23.0718204673686,-58.7016233432892,41.9933811159593));
#7192=CARTESIAN_POINT('',(-24.,-58.7922474401115,42.5391433348282));
#7193=CARTESIAN_POINT('',(-22.8,-59.5972306569716,40.3274701234652));
#7194=CARTESIAN_POINT('Ctrl Pts',(-22.8,-59.5972306569716,40.3274701234651));
#7195=CARTESIAN_POINT('Ctrl Pts',(-22.8834225725971,-59.3041617098743,40.8887591531261));
#7196=CARTESIAN_POINT('Ctrl Pts',(-22.9739899362658,-59.0071676534506,41.4399423604565));
#7197=CARTESIAN_POINT('Ctrl Pts',(-23.0718204673686,-58.7016233432892,41.9933811159593));
#7198=CARTESIAN_POINT('',(-22.8,-65.5117073764162,24.0775788889012));
#7199=CARTESIAN_POINT('Ctrl Pts',(-22.8007398385695,-65.5113874601983,24.0784578514858));
#7200=CARTESIAN_POINT('Ctrl Pts',(-21.8374968624947,-64.7535202494593,26.1606808999364));
#7201=CARTESIAN_POINT('Ctrl Pts',(-20.3775441480671,-62.757743285575,31.644033042476));
#7202=CARTESIAN_POINT('Ctrl Pts',(-21.4074536364258,-60.7002640253604,37.2969108509121));
#7203=CARTESIAN_POINT('Ctrl Pts',(-22.803251253123,-59.5975679356012,40.3265434580463));
#7204=CARTESIAN_POINT('Ctrl Pts',(-23.0718204673686,-65.8964593153688,22.2257317459905));
#7205=CARTESIAN_POINT('Ctrl Pts',(-22.9739899362658,-65.7747762615371,22.8460905260322));
#7206=CARTESIAN_POINT('Ctrl Pts',(-22.8834225725971,-65.6479931717606,23.4592254587677));
#7207=CARTESIAN_POINT('Ctrl Pts',(-22.8,-65.5117073764161,24.0775788889012));
#7208=CARTESIAN_POINT('Ctrl Pts',(-23.03250122088,-55.7150240719171,50.3139569609082));
#7209=CARTESIAN_POINT('Ctrl Pts',(-19.9021880674836,-55.907985234029,47.5843666303979));
#7210=CARTESIAN_POINT('Ctrl Pts',(-16.7718749140872,-56.1009463961408,44.8547762998876));
#7211=CARTESIAN_POINT('Ctrl Pts',(-13.6415617606908,-56.2939075582526,42.1251859693773));
#7212=CARTESIAN_POINT('Ctrl Pts',(-23.104698330868,-56.7116023868061,47.5758805440326));
#7213=CARTESIAN_POINT('Ctrl Pts',(-20.2080577655551,-56.7458700698566,45.2822969638581));
#7214=CARTESIAN_POINT('Ctrl Pts',(-17.3111741591543,-56.7801908692946,42.9885674476081));
#7215=CARTESIAN_POINT('Ctrl Pts',(-14.4145335938414,-56.8144585523451,40.6949838674337));
#7216=CARTESIAN_POINT('Ctrl Pts',(-23.1634844330705,-57.7120282183994,44.8272331618909));
#7217=CARTESIAN_POINT('Ctrl Pts',(-20.4570469620565,-57.6000700266142,42.9354018709675));
#7218=CARTESIAN_POINT('Ctrl Pts',(-17.7503591551935,-57.4881608280915,41.0434359721614));
#7219=CARTESIAN_POINT('Ctrl Pts',(-15.0439216841795,-57.3762026363063,39.1516046812381));
#7220=CARTESIAN_POINT('Ctrl Pts',(-23.2060830568732,-58.7147322575489,42.0723264559318));
#7221=CARTESIAN_POINT('Ctrl Pts',(-20.6373887045821,-58.4639342195561,40.5619545073841));
#7222=CARTESIAN_POINT('Ctrl Pts',(-18.068694352291,-58.2131361815634,39.0515825588363));
#7223=CARTESIAN_POINT('Ctrl Pts',(-15.5,-57.9623381435707,37.5412106102886));
#7224=CARTESIAN_POINT('',(-23.03250122088,-55.7150240719171,50.3139569609082));
#7225=CARTESIAN_POINT('',(-24.,-55.6553847707954,51.1576026867044));
#7226=CARTESIAN_POINT('Ctrl Pts',(-23.0718204673686,-58.7016233432892,41.9933811159593));
#7227=CARTESIAN_POINT('Ctrl Pts',(-23.0661710706725,-58.2050053379458,43.374345602653));
#7228=CARTESIAN_POINT('Ctrl Pts',(-23.0597636575321,-57.704336013069,44.7686572900994));
#7229=CARTESIAN_POINT('Ctrl Pts',(-23.0465326605209,-56.7174581819596,47.5187666941126));
#7230=CARTESIAN_POINT('Ctrl Pts',(-23.0432473903361,-56.483379511608,48.1714980427017));
#7231=CARTESIAN_POINT('Ctrl Pts',(-23.03250122088,-55.7150240719171,50.3139569609082));
#7232=CARTESIAN_POINT('Ctrl Pts',(-21.0893259586639,-54.6974585324861,53.7238110905837));
#7233=CARTESIAN_POINT('Ctrl Pts',(-18.1023365806879,-55.0407595466869,50.3955557478107));
#7234=CARTESIAN_POINT('Ctrl Pts',(-15.1153472027118,-55.3840605608876,47.0673004050377));
#7235=CARTESIAN_POINT('Ctrl Pts',(-12.1283578247358,-55.7273615750884,43.7390450622647));
#7236=CARTESIAN_POINT('Ctrl Pts',(-22.0285973778976,-55.0186187275577,52.8414307065969));
#7237=CARTESIAN_POINT('Ctrl Pts',(-18.9131331328281,-55.3147250504565,49.6428417124941));
#7238=CARTESIAN_POINT('Ctrl Pts',(-15.79766236958,-55.6108335478451,46.4442467440299));
#7239=CARTESIAN_POINT('Ctrl Pts',(-12.6821981245105,-55.9069398707439,43.2456577499271));
#7240=CARTESIAN_POINT('Ctrl Pts',(-22.967674752132,-55.3398510115134,51.9588522600287));
#7241=CARTESIAN_POINT('Ctrl Pts',(-19.7166863109934,-55.591381459719,48.8827344750982));
#7242=CARTESIAN_POINT('Ctrl Pts',(-16.4656912247568,-55.8429140370025,45.8066108405738));
#7243=CARTESIAN_POINT('Ctrl Pts',(-13.2147027836182,-56.0944444852081,42.7304930556433));
#7244=CARTESIAN_POINT('Ctrl Pts',(-23.9065328210915,-55.6611463462601,51.0761005828361));
#7245=CARTESIAN_POINT('Ctrl Pts',(-20.5120533419276,-55.8703914514514,48.116160823011));
#7246=CARTESIAN_POINT('Ctrl Pts',(-17.1175738627638,-56.0796365566428,45.1562210631859));
#7247=CARTESIAN_POINT('Ctrl Pts',(-13.7230943835999,-56.2888816618341,42.1962813033608));
#7248=CARTESIAN_POINT('',(-12.8639814891419,-55.6428147859002,44.55871434537));
#7249=CARTESIAN_POINT('',(-21.1715728752538,-54.6880057202035,53.8154547842591));
#7250=CARTESIAN_POINT('',(-14.7513869273216,-55.4258912729382,46.661757431974));
#7251=CARTESIAN_POINT('Ctrl Pts',(-14.7513894939924,-55.4258803173679,46.661762165251));
#7252=CARTESIAN_POINT('Ctrl Pts',(-14.8232256031269,-55.4377819113326,46.6503555135664));
#7253=CARTESIAN_POINT('Ctrl Pts',(-14.8942362733515,-55.4506613185877,46.6341227495711));
#7254=CARTESIAN_POINT('Ctrl Pts',(-14.9639144524112,-55.4644503321848,46.6130814738695));
#7255=CARTESIAN_POINT('Ctrl Pts',(-14.9639186251579,-55.4644511579536,46.6130802137919));
#7256=CARTESIAN_POINT('Ctrl Pts',(-14.9639227978981,-55.4644519837252,46.6130789536974));
#7257=CARTESIAN_POINT('Ctrl Pts',(-14.9639269706318,-55.4644528094999,46.6130776935861));
#7258=CARTESIAN_POINT('Ctrl Pts',(-15.0763527834186,-55.4867016251775,46.5791265604621));
#7259=CARTESIAN_POINT('Ctrl Pts',(-15.1840750214083,-55.5111097873135,46.5329815237642));
#7260=CARTESIAN_POINT('Ctrl Pts',(-15.2852136338793,-55.5371838839748,46.4755793847842));
#7261=CARTESIAN_POINT('Ctrl Pts',(-15.3540476847131,-55.5549296850214,46.4365119934488));
#7262=CARTESIAN_POINT('Ctrl Pts',(-15.4198310872524,-55.5734469715625,46.3922305656458));
#7263=CARTESIAN_POINT('Ctrl Pts',(-15.4819614828733,-55.5925768601275,46.3430399375388));
#7264=CARTESIAN_POINT('Ctrl Pts',(-15.4819765731624,-55.5925815064128,46.3430279900727));
#7265=CARTESIAN_POINT('Ctrl Pts',(-15.4819916631978,-55.5925861527286,46.3430160423208));
#7266=CARTESIAN_POINT('Ctrl Pts',(-15.4820067529794,-55.5925907990749,46.3430040942832));
#7267=CARTESIAN_POINT('Ctrl Pts',(-15.5338106649292,-55.6085419186145,46.3019859336536));
#7268=CARTESIAN_POINT('Ctrl Pts',(-15.5825836883492,-55.6248660781945,46.2577294983452));
#7269=CARTESIAN_POINT('Ctrl Pts',(-15.6281864839892,-55.6414430769622,46.210605050729));
#7270=CARTESIAN_POINT('Ctrl Pts',(-15.6764775467287,-55.6589972833719,46.16070263522));
#7271=CARTESIAN_POINT('Ctrl Pts',(-15.7212143144225,-55.676835343447,46.1075831446582));
#7272=CARTESIAN_POINT('Ctrl Pts',(-15.7621776790588,-55.6948146741702,46.0516551832774));
#7273=CARTESIAN_POINT('Ctrl Pts',(-15.8031410436952,-55.7127940048934,45.9957272218967));
#7274=CARTESIAN_POINT('Ctrl Pts',(-15.840331240529,-55.7309149362736,45.9369895370033));
#7275=CARTESIAN_POINT('Ctrl Pts',(-15.8734704847176,-55.7490299865864,45.8758379912213));
#7276=CARTESIAN_POINT('Ctrl Pts',(-15.9038471900017,-55.7656349381485,45.8197841333447));
#7277=CARTESIAN_POINT('Ctrl Pts',(-15.9306402936772,-55.7821326565606,45.762002841093));
#7278=CARTESIAN_POINT('Ctrl Pts',(-15.953758112918,-55.7984491763783,45.70286159794));
#7279=CARTESIAN_POINT('Ctrl Pts',(-15.9769080586617,-55.8147883710303,45.6436381670469));
#7280=CARTESIAN_POINT('Ctrl Pts',(-15.9963732014921,-55.8309461116998,45.5830502666697));
#7281=CARTESIAN_POINT('Ctrl Pts',(-16.0120259100646,-55.8468522671473,45.5214291133113));
#7282=CARTESIAN_POINT('Ctrl Pts',(-16.0273568724807,-55.8624314667611,45.461074601388));
#7283=CARTESIAN_POINT('Ctrl Pts',(-16.039031061519,-55.8777695710404,45.3997280416744));
#7284=CARTESIAN_POINT('Ctrl Pts',(-16.0468855043637,-55.8928009321274,45.3376762152059));
#7285=CARTESIAN_POINT('Ctrl Pts',(-16.0490881737553,-55.8970162685473,45.3202746424197));
#7286=CARTESIAN_POINT('Ctrl Pts',(-16.0509901496136,-55.9012074701362,45.30281749599));
#7287=CARTESIAN_POINT('Ctrl Pts',(-16.052587120717,-55.9053730501811,45.2853108849753));
#7288=CARTESIAN_POINT('Ctrl Pts',(-16.0526070601346,-55.905425060665,45.2850923014164));
#7289=CARTESIAN_POINT('Ctrl Pts',(-16.0526269509729,-55.9054770659768,45.2848737114941));
#7290=CARTESIAN_POINT('Ctrl Pts',(-16.0526467932246,-55.905529066112,45.2846551152255));
#7291=CARTESIAN_POINT('Ctrl Pts',(-16.0622136541688,-55.9306007198251,45.1792598132493));
#7292=CARTESIAN_POINT('Ctrl Pts',(-16.0610840669697,-55.9543515453616,45.0732356117539));
#7293=CARTESIAN_POINT('Ctrl Pts',(-16.0495185892291,-55.9765030230714,44.9681212339506));
#7294=CARTESIAN_POINT('Ctrl Pts',(-16.0390381361698,-55.9965763419206,44.8728682468164));
#7295=CARTESIAN_POINT('Ctrl Pts',(-16.0199890119579,-56.0153366978322,44.778361296756));
#7296=CARTESIAN_POINT('Ctrl Pts',(-15.9925528274299,-56.0325840340141,44.6857110921867));
#7297=CARTESIAN_POINT('Ctrl Pts',(-15.9925126446901,-56.0326092942765,44.6855753976971));
#7298=CARTESIAN_POINT('Ctrl Pts',(-15.9924724439006,-56.0326345512332,44.6854397071928));
#7299=CARTESIAN_POINT('Ctrl Pts',(-15.9924322250617,-56.0326598048833,44.6853040206771));
#7300=CARTESIAN_POINT('Ctrl Pts',(-15.9464082311755,-56.061558546637,44.5300326221384));
#7301=CARTESIAN_POINT('Ctrl Pts',(-15.8775069961768,-56.085768607991,44.3819985994753));
#7302=CARTESIAN_POINT('Ctrl Pts',(-15.7883599253127,-56.1045316827153,44.2457787489622));
#7303=CARTESIAN_POINT('Ctrl Pts',(-15.7733823802819,-56.1076840554616,44.2228925349187));
#7304=CARTESIAN_POINT('Ctrl Pts',(-15.7578334715678,-56.1106826877716,44.2003398081504));
#7305=CARTESIAN_POINT('Ctrl Pts',(-15.7417258236041,-56.1135240025283,44.1781422666792));
#7306=CARTESIAN_POINT('Ctrl Pts',(-15.7416893143531,-56.1135304425917,44.1780919542055));
#7307=CARTESIAN_POINT('Ctrl Pts',(-15.7416528022725,-56.1135368818795,44.1780416435661));
#7308=CARTESIAN_POINT('Ctrl Pts',(-15.7416162873624,-56.1135433203919,44.177991334761));
#7309=CARTESIAN_POINT('Ctrl Pts',(-15.7035595873843,-56.1202536897094,44.1255583123272));
#7310=CARTESIAN_POINT('Ctrl Pts',(-15.6624776633517,-56.1260873666021,44.0752905638803));
#7311=CARTESIAN_POINT('Ctrl Pts',(-15.6186091606831,-56.1309907951562,44.0274216405826));
#7312=CARTESIAN_POINT('Ctrl Pts',(-15.5922269515271,-56.1339396826227,43.9986336065789));
#7313=CARTESIAN_POINT('Ctrl Pts',(-15.5648559802052,-56.1365501861145,43.9707344596048));
#7314=CARTESIAN_POINT('Ctrl Pts',(-15.536548978918,-56.1388146874771,43.943772641232));
#7315=CARTESIAN_POINT('Ctrl Pts',(-15.5115561027869,-56.1408140657044,43.9199674567822));
#7316=CARTESIAN_POINT('Ctrl Pts',(-15.4858449641322,-56.1425428284799,43.8969038902657));
#7317=CARTESIAN_POINT('Ctrl Pts',(-15.4594522463441,-56.1439977804841,43.8746146443012));
#7318=CARTESIAN_POINT('Ctrl Pts',(-15.4268670118407,-56.14579410751,43.8470956781799));
#7319=CARTESIAN_POINT('Ctrl Pts',(-15.3932622565719,-56.1471719181406,43.8207732244666));
#7320=CARTESIAN_POINT('Ctrl Pts',(-15.3587081955844,-56.1481292164604,43.7957082763738));
#7321=CARTESIAN_POINT('Ctrl Pts',(-15.3038528980831,-56.1496489476478,43.7559171448777));
#7322=CARTESIAN_POINT('Ctrl Pts',(-15.2466870969223,-56.1501049226738,43.7193539163182));
#7323=CARTESIAN_POINT('Ctrl Pts',(-15.187509858046,-56.1495147914451,43.686258969731));
#7324=CARTESIAN_POINT('Ctrl Pts',(-15.1762580077536,-56.1494025849893,43.6799663580529));
#7325=CARTESIAN_POINT('Ctrl Pts',(-15.164933320205,-56.1492525240504,43.6737992205064));
#7326=CARTESIAN_POINT('Ctrl Pts',(-15.153537690206,-56.1490646788517,43.6677593420735));
#7327=CARTESIAN_POINT('Ctrl Pts',(-15.1535070900692,-56.14906417444,43.6677431234786));
#7328=CARTESIAN_POINT('Ctrl Pts',(-15.1534764894671,-56.1490636697618,43.6677269058046));
#7329=CARTESIAN_POINT('Ctrl Pts',(-15.1534458883997,-56.149063164817,43.6677106890515));
#7330=CARTESIAN_POINT('Ctrl Pts',(-15.0082344325933,-56.1466670469877,43.5907572188771));
#7331=CARTESIAN_POINT('Ctrl Pts',(-14.8527327865792,-56.1380168122493,43.5348338746812));
#7332=CARTESIAN_POINT('Ctrl Pts',(-14.6918569359229,-56.1233553122257,43.5021796558633));
#7333=CARTESIAN_POINT('Ctrl Pts',(-14.6917519998471,-56.1233457488246,43.5021583561744));
#7334=CARTESIAN_POINT('Ctrl Pts',(-14.69164706226,-56.1233361829278,43.5021370665987));
#7335=CARTESIAN_POINT('Ctrl Pts',(-14.6915421231634,-56.1233266145355,43.5021157871366));
#7336=CARTESIAN_POINT('Ctrl Pts',(-14.5806475658881,-56.1132152007402,43.4796286816804));
#7337=CARTESIAN_POINT('Ctrl Pts',(-14.4680627928555,-56.1003491690391,43.4684131898373));
#7338=CARTESIAN_POINT('Ctrl Pts',(-14.3555675990337,-56.0848972242804,43.4686580265248));
#7339=CARTESIAN_POINT('Ctrl Pts',(-14.294974607867,-56.0765743838063,43.4687899022675));
#7340=CARTESIAN_POINT('Ctrl Pts',(-14.234408528289,-56.06750142202,43.4722467161181));
#7341=CARTESIAN_POINT('Ctrl Pts',(-14.1741535915216,-56.057705732597,43.4790570699222));
#7342=CARTESIAN_POINT('Ctrl Pts',(-14.1739790262193,-56.0576773533873,43.4790768002801));
#7343=CARTESIAN_POINT('Ctrl Pts',(-14.1738044656539,-56.0576489681563,43.479096560148));
#7344=CARTESIAN_POINT('Ctrl Pts',(-14.1736299098336,-56.0576205769059,43.4791163495221));
#7345=CARTESIAN_POINT('Ctrl Pts',(-14.1088243696274,-56.0470800500027,43.4864633464716));
#7346=CARTESIAN_POINT('Ctrl Pts',(-14.0447591580109,-56.0358116192929,43.4978052292176));
#7347=CARTESIAN_POINT('Ctrl Pts',(-13.9817505999447,-56.0238678592667,43.5129680110946));
#7348=CARTESIAN_POINT('Ctrl Pts',(-13.918318981821,-56.0118439049311,43.5282326008461));
#7349=CARTESIAN_POINT('Ctrl Pts',(-13.8559574872152,-55.9991352679565,43.5473701878849));
#7350=CARTESIAN_POINT('Ctrl Pts',(-13.7950171842079,-55.9857898983429,43.5702469484536));
#7351=CARTESIAN_POINT('Ctrl Pts',(-13.7428487245612,-55.9743654822864,43.5898307920132));
#7352=CARTESIAN_POINT('Ctrl Pts',(-13.6917219668897,-55.9624742657703,43.6121557692675));
#7353=CARTESIAN_POINT('Ctrl Pts',(-13.6418798951618,-55.9501451442235,43.637158025149));
#7354=CARTESIAN_POINT('Ctrl Pts',(-13.582363617622,-55.9354229748922,43.6670131485133));
#7355=CARTESIAN_POINT('Ctrl Pts',(-13.5249933238451,-55.9201804373115,43.7005069461315));
#7356=CARTESIAN_POINT('Ctrl Pts',(-13.4701096024262,-55.9045385174752,43.7374132306854));
#7357=CARTESIAN_POINT('Ctrl Pts',(-13.4154624981244,-55.8889640337727,43.7741604032398));
#7358=CARTESIAN_POINT('Ctrl Pts',(-13.3632796129009,-55.8729933838991,43.8142910517531));
#7359=CARTESIAN_POINT('Ctrl Pts',(-13.3139107624328,-55.8567373325199,43.8576301777774));
#7360=CARTESIAN_POINT('Ctrl Pts',(-13.2651000519127,-55.8406650640643,43.9004793329533));
#7361=CARTESIAN_POINT('Ctrl Pts',(-13.2190392164641,-55.8243135937417,43.9464652005662));
#7362=CARTESIAN_POINT('Ctrl Pts',(-13.1760933530743,-55.8077847392887,43.995460511596));
#7363=CARTESIAN_POINT('Ctrl Pts',(-13.1760549239354,-55.8077699488154,43.9955043539469));
#7364=CARTESIAN_POINT('Ctrl Pts',(-13.1760164973956,-55.8077551582519,43.9955481985205));
#7365=CARTESIAN_POINT('Ctrl Pts',(-13.1759780734551,-55.8077403675982,43.9955920453164));
#7366=CARTESIAN_POINT('Ctrl Pts',(-13.1318930945481,-55.7907705917696,44.0458988344903));
#7367=CARTESIAN_POINT('Ctrl Pts',(-13.0913645236221,-55.7737080739222,44.0989996826233));
#7368=CARTESIAN_POINT('Ctrl Pts',(-13.0545156492347,-55.7566355748972,44.1544893884819));
#7369=CARTESIAN_POINT('Ctrl Pts',(-13.017370702999,-55.7394259024463,44.210424940789));
#7370=CARTESIAN_POINT('Ctrl Pts',(-12.9839645070109,-55.7222058436823,44.268788887239));
#7371=CARTESIAN_POINT('Ctrl Pts',(-12.954471676745,-55.7050625539766,44.329185829844));
#7372=CARTESIAN_POINT('Ctrl Pts',(-12.9465897871563,-55.7004810500847,44.3453267708393));
#7373=CARTESIAN_POINT('Ctrl Pts',(-12.9389876752483,-55.6959050536541,44.3616129724257));
#7374=CARTESIAN_POINT('Ctrl Pts',(-12.9316692969618,-55.691336291604,44.3780369811192));
#7375=CARTESIAN_POINT('Ctrl Pts',(-12.9054264201512,-55.6749532276294,44.4369316187029));
#7376=CARTESIAN_POINT('Ctrl Pts',(-12.8829369977538,-55.6587624023061,44.4973007201311));
#7377=CARTESIAN_POINT('Ctrl Pts',(-12.8642745281382,-55.6428401092075,44.558809438879));
#7378=CARTESIAN_POINT('',(-20.2888679723754,-54.7894568638307,52.8319001286053));
#7379=CARTESIAN_POINT('',(-21.1715728752538,-54.6880057202035,53.8154547842591));
#7380=CARTESIAN_POINT('Ctrl Pts',(-22.1775258626257,-55.0696245034603,52.7012558126788));
#7381=CARTESIAN_POINT('Ctrl Pts',(-21.4772396209793,-54.9656671143068,52.7497319393629));
#7382=CARTESIAN_POINT('Ctrl Pts',(-20.9124791896126,-54.8818049558546,52.7888375060786));
#7383=CARTESIAN_POINT('Ctrl Pts',(-20.2888679723754,-54.7894568638307,52.8319001286053));
#7384=CARTESIAN_POINT('Ctrl Pts',(-23.03250122088,-55.7150240719171,50.3139569609082));
#7385=CARTESIAN_POINT('Ctrl Pts',(-22.9630178584654,-55.57377532818,50.9051904556183));
#7386=CARTESIAN_POINT('Ctrl Pts',(-22.8916417969699,-55.4296380530817,51.5098940069192));
#7387=CARTESIAN_POINT('Ctrl Pts',(-22.8224612512982,-55.2902175064797,52.0952191943569));
#7388=CARTESIAN_POINT('Ctrl Pts',(-11.5336878215785,-54.7221543334641,53.0168123110598));
#7389=CARTESIAN_POINT('Ctrl Pts',(-10.0981780374766,-54.8272784771548,50.5582467034495));
#7390=CARTESIAN_POINT('Ctrl Pts',(-8.66266825337478,-54.9324026208456,48.0996810958391));
#7391=CARTESIAN_POINT('Ctrl Pts',(-7.22715846927292,-55.0375267645364,45.6411154882288));
#7392=CARTESIAN_POINT('Ctrl Pts',(-14.4941266436359,-54.7392213486367,52.9699210722556));
#7393=CARTESIAN_POINT('Ctrl Pts',(-12.6564476368233,-54.8968535040291,50.3670908881544));
#7394=CARTESIAN_POINT('Ctrl Pts',(-10.8185940429375,-55.0545805011081,47.7640001286611));
#7395=CARTESIAN_POINT('Ctrl Pts',(-8.98091503612487,-55.2122126565005,45.1611699445599));
#7396=CARTESIAN_POINT('Ctrl Pts',(-17.4464774228194,-54.7623527787179,52.9063679904278));
#7397=CARTESIAN_POINT('Ctrl Pts',(-15.1816771191622,-54.9911944890222,50.1078911621567));
#7398=CARTESIAN_POINT('Ctrl Pts',(-12.9166884222702,-55.2201278984388,47.3091623926454));
#7399=CARTESIAN_POINT('Ctrl Pts',(-10.651888118613,-55.4489696087432,44.5106855643743));
#7400=CARTESIAN_POINT('Ctrl Pts',(-20.3855944760417,-54.7903773574363,52.8293710932093));
#7401=CARTESIAN_POINT('Ctrl Pts',(-17.6528663658133,-55.1055213610942,49.7937806627022));
#7402=CARTESIAN_POINT('Ctrl Pts',(-14.9201382555849,-55.4206653647521,46.7581902321951));
#7403=CARTESIAN_POINT('Ctrl Pts',(-12.1874101453564,-55.73580936841,43.7225998016879));
#7404=CARTESIAN_POINT('',(-11.4422217473315,-54.728852506363,52.8601604046101));
#7405=CARTESIAN_POINT('',(-12.,-54.6880057202035,53.8154547842591));
#7406=CARTESIAN_POINT('Ctrl Pts',(-20.2888679385354,-54.7894568800915,52.8319000839293));
#7407=CARTESIAN_POINT('Ctrl Pts',(-19.1183744627773,-54.7812556234892,52.8357235280978));
#7408=CARTESIAN_POINT('Ctrl Pts',(-17.9910582982181,-54.773249791162,52.8394429122055));
#7409=CARTESIAN_POINT('Ctrl Pts',(-16.8906682494864,-54.7655085530041,52.8430487207118));
#7410=CARTESIAN_POINT('Ctrl Pts',(-16.5580721999548,-54.7631687415593,52.8441385866789));
#7411=CARTESIAN_POINT('Ctrl Pts',(-16.2279361718753,-54.7608531941649,52.8452178251434));
#7412=CARTESIAN_POINT('Ctrl Pts',(-15.8998117521537,-54.7585641962962,52.8462851416848));
#7413=CARTESIAN_POINT('Ctrl Pts',(-15.3970664762067,-54.7550570423144,52.8479204614504));
#7414=CARTESIAN_POINT('Ctrl Pts',(-14.8866927370837,-54.751525622017,52.849570180236));
#7415=CARTESIAN_POINT('Ctrl Pts',(-14.3730231985112,-54.7480265814768,52.8512064705842));
#7416=CARTESIAN_POINT('Ctrl Pts',(-13.8534350642172,-54.7444872243423,52.8528616145735));
#7417=CARTESIAN_POINT('Ctrl Pts',(-13.3304747048055,-54.7409813560464,52.8545020336157));
#7418=CARTESIAN_POINT('Ctrl Pts',(-12.8085731365959,-54.7375688166752,52.8560955936974));
#7419=CARTESIAN_POINT('Ctrl Pts',(-12.3513282727853,-54.734579045816,52.8574917327528));
#7420=CARTESIAN_POINT('Ctrl Pts',(-11.8948952013828,-54.7316610970313,52.8588513952839));
#7421=CARTESIAN_POINT('Ctrl Pts',(-11.4422217473315,-54.728852506363,52.8601604046101));
#7422=CARTESIAN_POINT('',(-14.8148448866146,-55.432808019461,46.6412274278657));
#7423=CARTESIAN_POINT('Ctrl Pts',(-14.8148448866146,-55.432808019461,46.6412274278657));
#7424=CARTESIAN_POINT('Ctrl Pts',(-14.793856442636,-55.4304373585797,46.6485244550938));
#7425=CARTESIAN_POINT('Ctrl Pts',(-14.77269930648,-55.428131482828,46.6553704424723));
#7426=CARTESIAN_POINT('Ctrl Pts',(-14.7513869909028,-55.4258912787215,46.661757443137));
#7427=CARTESIAN_POINT('',(-14.7462096240456,-55.4264863244575,46.6559885579074));
#7428=CARTESIAN_POINT('Ctrl Pts',(-14.7462250394854,-55.4264870143872,46.6559693839034));
#7429=CARTESIAN_POINT('Ctrl Pts',(-14.7691958777987,-55.4285193900691,46.6515629306384));
#7430=CARTESIAN_POINT('Ctrl Pts',(-14.7920736678517,-55.4306264085284,46.6466497996057));
#7431=CARTESIAN_POINT('Ctrl Pts',(-14.8148448866146,-55.432808019461,46.6412274278657));
#7432=CARTESIAN_POINT('',(-12.8643359657484,-55.6427740488983,44.5591093042237));
#7433=CARTESIAN_POINT('Ctrl Pts',(-12.8643362722618,-55.6427741346326,44.5591094148236));
#7434=CARTESIAN_POINT('Ctrl Pts',(-12.7690544873488,-55.5799118736917,44.8717653957736));
#7435=CARTESIAN_POINT('Ctrl Pts',(-12.7726732921822,-55.5240978048095,45.2119693397474));
#7436=CARTESIAN_POINT('Ctrl Pts',(-12.9123165336894,-55.4645575904403,45.6517518911964));
#7437=CARTESIAN_POINT('Ctrl Pts',(-12.9679183050258,-55.4495339934722,45.7733828495907));
#7438=CARTESIAN_POINT('Ctrl Pts',(-13.3203558351041,-55.3843624619722,46.3575189151726));
#7439=CARTESIAN_POINT('Ctrl Pts',(-13.8551379602935,-55.3712375981672,46.6762449065875));
#7440=CARTESIAN_POINT('Ctrl Pts',(-14.5254792853878,-55.4088333360173,46.686434263944));
#7441=CARTESIAN_POINT('Ctrl Pts',(-14.6368964772558,-55.416814233319,46.6769403506188));
#7442=CARTESIAN_POINT('Ctrl Pts',(-14.7462067033264,-55.4264853920886,46.6559729011833));
#7443=CARTESIAN_POINT('',(-12.8667540761708,-55.64435700097,44.5512499835526));
#7444=CARTESIAN_POINT('Ctrl Pts',(-12.8667540761708,-55.64435700097,44.5512499835526));
#7445=CARTESIAN_POINT('Ctrl Pts',(-12.8659411972024,-55.6438288930106,44.5538677995258));
#7446=CARTESIAN_POINT('Ctrl Pts',(-12.8651352741351,-55.6433012768729,44.5564875847434));
#7447=CARTESIAN_POINT('Ctrl Pts',(-12.864336305133,-55.6427741563195,44.5591093069604));
#7448=CARTESIAN_POINT('Ctrl Pts',(-12.863981488235,-55.6428147897495,44.5587143273661));
#7449=CARTESIAN_POINT('Ctrl Pts',(-12.8648995212737,-55.6433285608851,44.5562237563084));
#7450=CARTESIAN_POINT('Ctrl Pts',(-12.8658237197344,-55.6438426329799,44.5537356336544));
#7451=CARTESIAN_POINT('Ctrl Pts',(-12.8667540761708,-55.64435700097,44.5512499835526));
#7452=CARTESIAN_POINT('Origin',(-23.4,-58.0574217959771,42.8037775592257));
#7453=CARTESIAN_POINT('',(-22.8,-58.6212373684487,43.0089896452211));
#7454=CARTESIAN_POINT('Origin',(9.32523682937181E-15,-62.5544690166939,
32.2025245061831));
#7455=CARTESIAN_POINT('Origin',(-12.,-69.6519046547173,10.9481977145833));
#7456=CARTESIAN_POINT('',(20.2888679723754,-69.8664316519042,11.4082523446867));
#7457=CARTESIAN_POINT('Ctrl Pts',(22.1775258626257,-69.9970759678307,11.6884199843163));
#7458=CARTESIAN_POINT('Ctrl Pts',(21.5170977051236,-69.9513589493818,11.5903795218677));
#7459=CARTESIAN_POINT('Ctrl Pts',(20.9139355485342,-69.909594841311,11.5008161030809));
#7460=CARTESIAN_POINT('Ctrl Pts',(20.2888679723754,-69.8664316519042,11.4082523446867));
#7461=CARTESIAN_POINT('',(11.4422217473315,-69.8381713758994,11.347647987219));
#7462=CARTESIAN_POINT('Ctrl Pts',(20.2888679723754,-69.8664316519042,11.4082523446867));
#7463=CARTESIAN_POINT('Ctrl Pts',(19.2757848827483,-69.863121490635,11.4011536809369));
#7464=CARTESIAN_POINT('Ctrl Pts',(18.2964574333246,-69.8598774189677,11.3942202842812));
#7465=CARTESIAN_POINT('Ctrl Pts',(17.3382003376338,-69.8567237776658,11.38746790256));
#7466=CARTESIAN_POINT('Ctrl Pts',(16.8372357475382,-69.8550750942078,11.3839378435015));
#7467=CARTESIAN_POINT('Ctrl Pts',(16.3420305855426,-69.853451096239,11.3804573386525));
#7468=CARTESIAN_POINT('Ctrl Pts',(15.8507768735862,-69.8518539106617,11.3770323497432));
#7469=CARTESIAN_POINT('Ctrl Pts',(15.3455275791258,-69.8502112220338,11.3735097845435));
#7470=CARTESIAN_POINT('Ctrl Pts',(14.8328696007368,-69.848560373813,11.3699632174111));
#7471=CARTESIAN_POINT('Ctrl Pts',(14.3170807929652,-69.8469268385883,11.3664504019466));
#7472=CARTESIAN_POINT('Ctrl Pts',(13.795275536722,-69.8452742488973,11.3628966110423));
#7473=CARTESIAN_POINT('Ctrl Pts',(13.2702659426718,-69.8436390185024,11.3593783527561));
#7474=CARTESIAN_POINT('Ctrl Pts',(12.7464281808735,-69.8420463942831,11.3559585232208));
#7475=CARTESIAN_POINT('Ctrl Pts',(12.3100461577767,-69.8407196617916,11.353109640914));
#7476=CARTESIAN_POINT('Ctrl Pts',(11.8744763219884,-69.8394223628985,11.3503294326393));
#7477=CARTESIAN_POINT('Ctrl Pts',(11.4422217473315,-69.8381713758994,11.347647987219));
#7478=CARTESIAN_POINT('',(8.7429971977588,-70.0105081411935,11.7172253730502));
#7479=CARTESIAN_POINT('Ctrl Pts',(11.4422217473315,-69.8381713758994,11.347647987219));
#7480=CARTESIAN_POINT('Ctrl Pts',(10.5379848736026,-69.9004809289863,11.4812712550277));
#7481=CARTESIAN_POINT('Ctrl Pts',(9.64805963246446,-69.9582046261174,11.6050601230027));
#7482=CARTESIAN_POINT('Ctrl Pts',(8.74299719775872,-70.0105081411935,11.7172253730503));
#7483=CARTESIAN_POINT('',(-8.7429971977588,-70.0105081411935,11.7172253730502));
#7484=CARTESIAN_POINT('',(-12.,-70.0105081411935,11.7172253730503));
#7485=CARTESIAN_POINT('Ctrl Pts',(-8.7429971977587,-70.0105081411935,11.7172253730503));
#7486=CARTESIAN_POINT('Ctrl Pts',(-9.64805963246437,-69.9582046261174,11.6050601230027));
#7487=CARTESIAN_POINT('Ctrl Pts',(-10.5379848736023,-69.9004809289864,11.4812712550277));
#7488=CARTESIAN_POINT('Ctrl Pts',(-11.4422217473315,-69.8381713758994,11.347647987219));
#7489=CARTESIAN_POINT('Origin',(9.32523682937181E-15,-62.5544690166939,
32.2025245061831));
#7490=CARTESIAN_POINT('Ctrl Pts',(8.74252400823434,-70.0106534532977,11.7168261313252));
#7491=CARTESIAN_POINT('Ctrl Pts',(6.47533499035666,-69.7749247808277,12.3644853360545));
#7492=CARTESIAN_POINT('Ctrl Pts',(0.612965930363183,-69.4145011434985,13.3547411410541));
#7493=CARTESIAN_POINT('Ctrl Pts',(-5.35027759377533,-69.6595299614992,12.6815299964814));
#7494=CARTESIAN_POINT('Ctrl Pts',(-8.74249905960992,-70.0112512398777,11.715183726195));
#7495=CARTESIAN_POINT('Ctrl Pts',(-12.,-70.4209323131843,10.5895942281071));
#7496=CARTESIAN_POINT('Ctrl Pts',(-10.3295558128508,-68.675669539801,12.8598270480438));
#7497=CARTESIAN_POINT('Ctrl Pts',(-8.65911162570162,-66.9304067664178,15.1300598679804));
#7498=CARTESIAN_POINT('Ctrl Pts',(-6.98866743855242,-65.1851439930346,17.400292687917));
#7499=CARTESIAN_POINT('Ctrl Pts',(-7.68865297357873,-69.7786524462208,12.3542436595597));
#7500=CARTESIAN_POINT('Ctrl Pts',(-6.62110407373611,-68.3064602338866,13.8742212790963));
#7501=CARTESIAN_POINT('Ctrl Pts',(-5.55412237969876,-66.8308364267814,15.403627127779));
#7502=CARTESIAN_POINT('Ctrl Pts',(-4.48657347985614,-65.3586442144471,16.9236047473156));
#7503=CARTESIAN_POINT('Ctrl Pts',(0.636576250351185,-69.2727910850708,13.744086326694));
#7504=CARTESIAN_POINT('Ctrl Pts',(0.548655727979058,-68.0134274098102,14.679322346405));
#7505=CARTESIAN_POINT('Ctrl Pts',(0.460861153208338,-66.7555104143134,15.6105836461321));
#7506=CARTESIAN_POINT('Ctrl Pts',(0.372940630836212,-65.4961467390529,16.5458196658431));
#7507=CARTESIAN_POINT('Ctrl Pts',(8.76648973018404,-69.9392224129617,11.9130813016965));
#7508=CARTESIAN_POINT('Ctrl Pts',(7.54822791240514,-68.3979804228561,13.6227716264785));
#7509=CARTESIAN_POINT('Ctrl Pts',(6.33035878730911,-66.8565111491996,15.3330864076841));
#7510=CARTESIAN_POINT('Ctrl Pts',(5.1120969695302,-65.315269159094,17.042776732466));
#7511=CARTESIAN_POINT('Ctrl Pts',(12.,-70.4209323131843,10.5895942281072));
#7512=CARTESIAN_POINT('Ctrl Pts',(10.3295558128508,-68.675669539801,12.8598270480438));
#7513=CARTESIAN_POINT('Ctrl Pts',(8.65911162570161,-66.9304067664178,15.1300598679804));
#7514=CARTESIAN_POINT('Ctrl Pts',(6.98866743855242,-65.1851439930346,17.400292687917));
#7515=CARTESIAN_POINT('',(12.,-70.4209323131843,10.5895942281072));
#7516=CARTESIAN_POINT('Ctrl Pts',(11.5336878215785,-69.9337341822709,11.2233401622322));
#7517=CARTESIAN_POINT('Ctrl Pts',(10.0981780374767,-68.4339284382094,13.1742831810288));
#7518=CARTESIAN_POINT('Ctrl Pts',(8.66266825337483,-66.934122694148,15.1252261998255));
#7519=CARTESIAN_POINT('Ctrl Pts',(7.22715846927299,-65.4343169500866,17.0761692186221));
#7520=CARTESIAN_POINT('Ctrl Pts',(14.4616521658703,-69.916854383399,11.2697170284777));
#7521=CARTESIAN_POINT('Ctrl Pts',(12.6283827440854,-68.3651156247314,13.3633448322289));
#7522=CARTESIAN_POINT('Ctrl Pts',(10.7949466583606,-66.8132860303839,15.4572222049597));
#7523=CARTESIAN_POINT('Ctrl Pts',(8.96167723657572,-65.2615472717163,17.550850008711));
#7524=CARTESIAN_POINT('Ctrl Pts',(17.38170698167,-69.8940434699319,11.3323894981456));
#7525=CARTESIAN_POINT('Ctrl Pts',(15.1262777915784,-68.2720819033757,13.6189528809014));
#7526=CARTESIAN_POINT('Ctrl Pts',(12.8706688565152,-66.6500324673182,15.9057576831282));
#7527=CARTESIAN_POINT('Ctrl Pts',(10.6152396664236,-65.0280709007621,18.192321065884));
#7528=CARTESIAN_POINT('Ctrl Pts',(20.2888679723754,-69.8664316519042,11.4082523446867));
#7529=CARTESIAN_POINT('Ctrl Pts',(17.5715219900211,-68.1594397237651,13.9284347258599));
#7530=CARTESIAN_POINT('Ctrl Pts',(14.8541760076667,-66.4524477956259,16.448617107033));
#7531=CARTESIAN_POINT('Ctrl Pts',(12.1368300253123,-64.7454558674868,18.9687994882062));
#7532=CARTESIAN_POINT('',(21.1715728752538,-70.4209323131843,10.5895942281071));
#7533=CARTESIAN_POINT('Origin',(23.4,-65.9238850924675,21.1908472811497));
#7534=CARTESIAN_POINT('',(23.0333882732644,-55.7171271026568,50.3055853637736));
#7535=CARTESIAN_POINT('Ctrl Pts',(22.8224581890371,-55.290219336709,52.0952231192957));
#7536=CARTESIAN_POINT('Ctrl Pts',(22.892059862095,-55.4305181567202,51.5062536013935));
#7537=CARTESIAN_POINT('Ctrl Pts',(22.9636163140561,-55.5750993523223,50.899802962095));
#7538=CARTESIAN_POINT('Ctrl Pts',(23.0333882732644,-55.7171271026569,50.3055853637737));
#7539=CARTESIAN_POINT('',(23.072375162839,-58.7034943351043,41.9866187871379));
#7540=CARTESIAN_POINT('Ctrl Pts',(23.0333882732644,-55.7171271026568,50.3055853637737));
#7541=CARTESIAN_POINT('Ctrl Pts',(23.0344836162447,-55.7958248484197,50.0861625157027));
#7542=CARTESIAN_POINT('Ctrl Pts',(23.0357163541963,-55.8843764920421,49.839266184457));
#7543=CARTESIAN_POINT('Ctrl Pts',(23.0370065572184,-55.9772400769544,49.5803528153602));
#7544=CARTESIAN_POINT('Ctrl Pts',(23.0382447830291,-56.0663625528258,49.331870048817));
#7545=CARTESIAN_POINT('Ctrl Pts',(23.0395353824679,-56.1594564089326,49.0723193556312));
#7546=CARTESIAN_POINT('Ctrl Pts',(23.0408081697528,-56.2516396235022,48.8153173273954));
#7547=CARTESIAN_POINT('Ctrl Pts',(23.0418153400107,-56.3245851919329,48.6119488603155));
#7548=CARTESIAN_POINT('Ctrl Pts',(23.0428112698582,-56.3969609160437,48.4101752685806));
#7549=CARTESIAN_POINT('Ctrl Pts',(23.0437649590374,-56.4663556226849,48.2167219538456));
#7550=CARTESIAN_POINT('Ctrl Pts',(23.0462402205118,-56.6464667612272,47.7146217439281));
#7551=CARTESIAN_POINT('Ctrl Pts',(23.0487165260324,-56.8280325892795,47.2085239221824));
#7552=CARTESIAN_POINT('Ctrl Pts',(23.0511537272627,-57.0092525405102,46.7034953012956));
#7553=CARTESIAN_POINT('Ctrl Pts',(23.0520716293098,-57.0775038453866,46.5132907341861));
#7554=CARTESIAN_POINT('Ctrl Pts',(23.0529839750528,-57.1457062725729,46.3232373243532));
#7555=CARTESIAN_POINT('Ctrl Pts',(23.0538887598654,-57.2137642842866,46.1336039594326));
#7556=CARTESIAN_POINT('Ctrl Pts',(23.0566678235269,-57.4228057542558,45.5511414930747));
#7557=CARTESIAN_POINT('Ctrl Pts',(23.0594110445231,-57.6331158016314,44.9653103849153));
#7558=CARTESIAN_POINT('Ctrl Pts',(23.0620748626426,-57.8438722670897,44.3784889843722));
#7559=CARTESIAN_POINT('Ctrl Pts',(23.0647789049214,-58.0578111951804,43.7828064692956));
#7560=CARTESIAN_POINT('Ctrl Pts',(23.0674000880884,-58.2722101492535,43.1861034625752));
#7561=CARTESIAN_POINT('Ctrl Pts',(23.0698908892792,-58.4862273019207,42.5908178460871));
#7562=CARTESIAN_POINT('Ctrl Pts',(23.0707343969968,-58.558704029751,42.3892248752907));
#7563=CARTESIAN_POINT('Ctrl Pts',(23.0715630075533,-58.6311371212623,42.1877940435467));
#7564=CARTESIAN_POINT('Ctrl Pts',(23.072375162839,-58.7034943351043,41.9866187871379));
#7565=CARTESIAN_POINT('',(22.8,-59.5972306569716,40.3274701234651));
#7566=CARTESIAN_POINT('Ctrl Pts',(23.072375162839,-58.7034943351044,41.9866187871379));
#7567=CARTESIAN_POINT('Ctrl Pts',(22.97424763414,-59.0085151912343,41.4354865726455));
#7568=CARTESIAN_POINT('Ctrl Pts',(22.8835152095847,-59.3048549837689,40.8865835463231));
#7569=CARTESIAN_POINT('Ctrl Pts',(22.8,-59.5972306569716,40.3274701234651));
#7570=CARTESIAN_POINT('',(22.8,-65.5117073764161,24.0775788889013));
#7571=CARTESIAN_POINT('',(22.8,-66.4877006649391,21.3960593671451));
#7572=CARTESIAN_POINT('',(23.0716618517663,-65.897286965273,22.2239215575637));
#7573=CARTESIAN_POINT('Ctrl Pts',(22.8,-65.5117073764161,24.0775788889014));
#7574=CARTESIAN_POINT('Ctrl Pts',(22.8833480647715,-65.6482787676044,23.4586586369439));
#7575=CARTESIAN_POINT('Ctrl Pts',(22.9738627898072,-65.7753696185951,22.8448320422891));
#7576=CARTESIAN_POINT('Ctrl Pts',(23.0716618517663,-65.897286965273,22.2239215575637));
#7577=CARTESIAN_POINT('',(23.03250122088,-68.9569545983014,13.9320518496805));
#7578=CARTESIAN_POINT('Ctrl Pts',(23.0716618517663,-65.897286965273,22.2239215575636));
#7579=CARTESIAN_POINT('Ctrl Pts',(23.0660257619284,-66.4043835495806,20.8471639669638));
#7580=CARTESIAN_POINT('Ctrl Pts',(23.0596418934349,-66.9169762308676,19.4574923325413));
#7581=CARTESIAN_POINT('Ctrl Pts',(23.0464668364811,-67.9284414200279,16.7170358542528));
#7582=CARTESIAN_POINT('Ctrl Pts',(23.0430775464086,-68.1774266720913,16.0428641176589));
#7583=CARTESIAN_POINT('Ctrl Pts',(23.03250122088,-68.9569545983014,13.9320518496805));
#7584=CARTESIAN_POINT('Ctrl Pts',(23.03250122088,-68.9569545983014,13.9320518496805));
#7585=CARTESIAN_POINT('Ctrl Pts',(22.9632225738658,-69.2279884545927,13.38994966259));
#7586=CARTESIAN_POINT('Ctrl Pts',(22.8915930764034,-69.5072594915405,12.8320894345303));
#7587=CARTESIAN_POINT('Ctrl Pts',(22.8224612512982,-69.7765071827109,12.2944654172329));
#7588=CARTESIAN_POINT('Ctrl Pts',(23.2051523467649,-58.7161981641475,42.0657053429882));
#7589=CARTESIAN_POINT('Ctrl Pts',(20.6367682311766,-58.4704608186415,40.5358893927126));
#7590=CARTESIAN_POINT('Ctrl Pts',(18.0683841155883,-58.2247234731354,39.0060734424371));
#7591=CARTESIAN_POINT('Ctrl Pts',(15.5,-57.9789861276294,37.4762574921615));
#7592=CARTESIAN_POINT('Ctrl Pts',(23.1631203422378,-57.7137510030109,44.8199062824074));
#7593=CARTESIAN_POINT('Ctrl Pts',(20.4590009539377,-57.6075046332976,42.9068420259238));
#7594=CARTESIAN_POINT('Ctrl Pts',(17.7546344624461,-57.5013059862448,40.9936466525077));
#7595=CARTESIAN_POINT('Ctrl Pts',(15.050515074146,-57.3950596165315,39.080582396024));
#7596=CARTESIAN_POINT('Ctrl Pts',(23.1049584202782,-56.7135410641438,47.567960504159));
#7597=CARTESIAN_POINT('Ctrl Pts',(20.2128985752695,-56.7540293434739,45.2517461127768));
#7598=CARTESIAN_POINT('Ctrl Pts',(17.3205987018943,-56.7945693973256,42.9353894720656));
#7599=CARTESIAN_POINT('Ctrl Pts',(14.4285388568857,-56.8350576766557,40.6191750806834));
#7600=CARTESIAN_POINT('Ctrl Pts',(23.0333882732644,-55.7171271026568,50.3055853637737));
#7601=CARTESIAN_POINT('Ctrl Pts',(19.9099844426253,-55.9166345475955,47.5524694056214));
#7602=CARTESIAN_POINT('Ctrl Pts',(16.7865806119862,-56.1161419925342,44.7993534474691));
#7603=CARTESIAN_POINT('Ctrl Pts',(13.6631767813472,-56.3156494374729,42.0462374893168));
#7604=CARTESIAN_POINT('',(24.,-58.7922474401115,42.5391433348283));
#7605=CARTESIAN_POINT('',(24.,-55.6553847707954,51.1576026867045));
#7606=CARTESIAN_POINT('Ctrl Pts',(23.9069861198219,-55.6613260331439,51.0756158506328));
#7607=CARTESIAN_POINT('Ctrl Pts',(20.5284489137948,-55.8771301244985,48.0976132606759));
#7608=CARTESIAN_POINT('Ctrl Pts',(17.1499117077676,-56.0929342158532,45.1196106707191));
#7609=CARTESIAN_POINT('Ctrl Pts',(13.7713745017405,-56.3087383072079,42.1416080807622));
#7610=CARTESIAN_POINT('Ctrl Pts',(22.9680037193799,-55.3399637978498,51.9585513355688));
#7611=CARTESIAN_POINT('Ctrl Pts',(19.7284640683401,-55.5956295680896,48.8710296829734));
#7612=CARTESIAN_POINT('Ctrl Pts',(16.4889162746888,-55.8512979274696,45.783500916774));
#7613=CARTESIAN_POINT('Ctrl Pts',(13.2493766236489,-56.1069636977094,42.6959792641786));
#7614=CARTESIAN_POINT('Ctrl Pts',(22.0287776580818,-55.0186706916062,52.8412968899994));
#7615=CARTESIAN_POINT('Ctrl Pts',(18.9193823160517,-55.3167099543581,49.6373550235437));
#7616=CARTESIAN_POINT('Ctrl Pts',(15.8099789937585,-55.61475186472,46.4334058828394));
#7617=CARTESIAN_POINT('Ctrl Pts',(12.7005836517285,-55.9127911274719,43.2294640163836));
#7618=CARTESIAN_POINT('Ctrl Pts',(21.0893371718208,-54.6974572437342,53.7238235848529));
#7619=CARTESIAN_POINT('Ctrl Pts',(18.1022949886524,-55.0407643269476,50.3955094038514));
#7620=CARTESIAN_POINT('Ctrl Pts',(15.115252805484,-55.3840714101609,47.0671952228499));
#7621=CARTESIAN_POINT('Ctrl Pts',(12.1282106223156,-55.7273784933743,43.7388810418483));
#7622=CARTESIAN_POINT('',(20.2888679723754,-54.7894568638307,52.8319001286053));
#7623=CARTESIAN_POINT('Ctrl Pts',(20.2888679723754,-54.7894568638307,52.8319001286053));
#7624=CARTESIAN_POINT('Ctrl Pts',(20.9124857895368,-54.8817977840349,52.788840850353));
#7625=CARTESIAN_POINT('Ctrl Pts',(21.4972998011962,-54.9686462033059,52.7483427673483));
#7626=CARTESIAN_POINT('Ctrl Pts',(22.1775263167476,-55.0696250855145,52.7012555412625));
#7627=CARTESIAN_POINT('',(14.7513831225159,-55.4258917159345,46.661753166484));
#7628=CARTESIAN_POINT('',(21.1715728752538,-54.6880057202035,53.8154547842592));
#7629=CARTESIAN_POINT('',(12.8639816764308,-55.6428147602001,44.5587145730121));
#7630=CARTESIAN_POINT('Ctrl Pts',(12.8639890270785,-55.6428159134611,44.5587170882432));
#7631=CARTESIAN_POINT('Ctrl Pts',(12.8835336495183,-55.6595440127805,44.4940208130031));
#7632=CARTESIAN_POINT('Ctrl Pts',(12.9073516562016,-55.6765702346659,44.430589541441));
#7633=CARTESIAN_POINT('Ctrl Pts',(12.9353757072618,-55.6938057821628,44.3688424067536));
#7634=CARTESIAN_POINT('Ctrl Pts',(12.9353897317817,-55.6938144076209,44.3688115056568));
#7635=CARTESIAN_POINT('Ctrl Pts',(12.9354037573826,-55.6938230331207,44.3687806050602));
#7636=CARTESIAN_POINT('Ctrl Pts',(12.9354177840647,-55.6938316586621,44.3687497049638));
#7637=CARTESIAN_POINT('Ctrl Pts',(12.9598924098314,-55.7088820388618,44.3148332981257));
#7638=CARTESIAN_POINT('Ctrl Pts',(12.9875729314924,-55.7240190165665,44.2626014216345));
#7639=CARTESIAN_POINT('Ctrl Pts',(13.0181905919941,-55.7391684466039,44.2122132451527));
#7640=CARTESIAN_POINT('Ctrl Pts',(13.0493203206291,-55.7545712448032,44.1609823465604));
#7641=CARTESIAN_POINT('Ctrl Pts',(13.0834868626207,-55.7699871575806,44.1116566054556));
#7642=CARTESIAN_POINT('Ctrl Pts',(13.1204560608298,-55.7853397167694,44.064427669751));
#7643=CARTESIAN_POINT('Ctrl Pts',(13.1574903139947,-55.8007192919636,44.0171156249589));
#7644=CARTESIAN_POINT('Ctrl Pts',(13.1973378198078,-55.8160355445614,43.971907062423));
#7645=CARTESIAN_POINT('Ctrl Pts',(13.2398010225332,-55.8312092999242,43.9290296536783));
#7646=CARTESIAN_POINT('Ctrl Pts',(13.2494058292793,-55.8346414712753,43.9193311571369));
#7647=CARTESIAN_POINT('Ctrl Pts',(13.2591445893211,-55.8380663339302,43.9097520945589));
#7648=CARTESIAN_POINT('Ctrl Pts',(13.2690152253595,-55.8414829344206,43.9002954073183));
#7649=CARTESIAN_POINT('Ctrl Pts',(13.3139820964103,-55.8570476693665,43.8572143298618));
#7650=CARTESIAN_POINT('Ctrl Pts',(13.3614681011426,-55.8723304574543,43.8169113354375));
#7651=CARTESIAN_POINT('Ctrl Pts',(13.4111868227239,-55.8872643782735,43.7796037274918));
#7652=CARTESIAN_POINT('Ctrl Pts',(13.4604399167675,-55.902058439407,43.7426455140814));
#7653=CARTESIAN_POINT('Ctrl Pts',(13.5118848161914,-55.9165103968399,43.7086260939513));
#7654=CARTESIAN_POINT('Ctrl Pts',(13.565281322393,-55.9305534718637,43.6777893191826));
#7655=CARTESIAN_POINT('Ctrl Pts',(13.5968277818426,-55.9388500689316,43.6595710660797));
#7656=CARTESIAN_POINT('Ctrl Pts',(13.6290561032824,-55.94700389826,43.6424643557303));
#7657=CARTESIAN_POINT('Ctrl Pts',(13.66192161724,-55.9550003436997,43.6265265332035));
#7658=CARTESIAN_POINT('Ctrl Pts',(13.7061462648004,-55.9657605582443,43.6050802054498));
#7659=CARTESIAN_POINT('Ctrl Pts',(13.7515246121343,-55.9762359270604,43.5857497835304));
#7660=CARTESIAN_POINT('Ctrl Pts',(13.7979033719829,-55.9864082105302,43.5685486288392));
#7661=CARTESIAN_POINT('Ctrl Pts',(13.8542844574563,-55.9987743105649,43.5476377684355));
#7662=CARTESIAN_POINT('Ctrl Pts',(13.9117693166071,-56.0105721847234,43.5300381837478));
#7663=CARTESIAN_POINT('Ctrl Pts',(13.9700643503947,-56.0217557262286,43.5156980859181));
#7664=CARTESIAN_POINT('Ctrl Pts',(14.0291894539195,-56.0330985114765,43.5011537977747));
#7665=CARTESIAN_POINT('Ctrl Pts',(14.0891489514522,-56.0438095134743,43.4899624025242));
#7666=CARTESIAN_POINT('Ctrl Pts',(14.149653661672,-56.0538320490169,43.4821203559225));
#7667=CARTESIAN_POINT('Ctrl Pts',(14.2100161288373,-56.0638310221615,43.4742967455162));
#7668=CARTESIAN_POINT('Ctrl Pts',(14.2709222662426,-56.0731449090826,43.4698067913216));
#7669=CARTESIAN_POINT('Ctrl Pts',(14.3320867465267,-56.0817066055328,43.4686969792105));
#7670=CARTESIAN_POINT('Ctrl Pts',(14.3575031920261,-56.0852643549031,43.4682358050305));
#7671=CARTESIAN_POINT('Ctrl Pts',(14.3829641814556,-56.0886920776698,43.4683588922351));
#7672=CARTESIAN_POINT('Ctrl Pts',(14.4084486958818,-56.0919843145879,43.4690721064639));
#7673=CARTESIAN_POINT('Ctrl Pts',(14.4784065767983,-56.101021878122,43.4710299603687));
#7674=CARTESIAN_POINT('Ctrl Pts',(14.5481547151528,-56.1090827765555,43.4773588788743));
#7675=CARTESIAN_POINT('Ctrl Pts',(14.6172130919275,-56.1160974636495,43.488056287156));
#7676=CARTESIAN_POINT('Ctrl Pts',(14.6469648266573,-56.1191195316357,43.4926649453429));
#7677=CARTESIAN_POINT('Ctrl Pts',(14.6765886740512,-56.1219472937855,43.498085051971));
#7678=CARTESIAN_POINT('Ctrl Pts',(14.7060465404647,-56.1245745680337,43.5043193079273));
#7679=CARTESIAN_POINT('Ctrl Pts',(14.7746160738587,-56.1306901151262,43.5188308823905));
#7680=CARTESIAN_POINT('Ctrl Pts',(14.8422871053562,-56.1357202729186,43.5377503368016));
#7681=CARTESIAN_POINT('Ctrl Pts',(14.9086901985624,-56.1396824137097,43.5608064139202));
#7682=CARTESIAN_POINT('Ctrl Pts',(14.9338007798153,-56.1411807122598,43.5695251568267));
#7683=CARTESIAN_POINT('Ctrl Pts',(14.9587299257009,-56.1425261494567,43.5788359444412));
#7684=CARTESIAN_POINT('Ctrl Pts',(14.9834570618393,-56.143719169014,43.588725877576));
#7685=CARTESIAN_POINT('Ctrl Pts',(15.0417696653578,-56.1465325994106,43.6120487462854));
#7686=CARTESIAN_POINT('Ctrl Pts',(15.0987200032054,-56.1484296529899,43.6385345567912));
#7687=CARTESIAN_POINT('Ctrl Pts',(15.1540767350892,-56.1494048898635,43.6679986689449));
#7688=CARTESIAN_POINT('Ctrl Pts',(15.2054117993072,-56.1503092757589,43.695322212768));
#7689=CARTESIAN_POINT('Ctrl Pts',(15.2553767216266,-56.1504207463212,43.7252079787387));
#7690=CARTESIAN_POINT('Ctrl Pts',(15.3037652360465,-56.1497248300473,43.7575407500903));
#7691=CARTESIAN_POINT('Ctrl Pts',(15.3477303255285,-56.1490925307997,43.7869178285711));
#7692=CARTESIAN_POINT('Ctrl Pts',(15.3903234064735,-56.1477999552945,43.8182639962614));
#7693=CARTESIAN_POINT('Ctrl Pts',(15.4314001106559,-56.1458607906239,43.851481525807));
#7694=CARTESIAN_POINT('Ctrl Pts',(15.4601119852945,-56.1445053495281,43.8746999792614));
#7695=CARTESIAN_POINT('Ctrl Pts',(15.4880655822771,-56.142834995534,43.8988190701192));
#7696=CARTESIAN_POINT('Ctrl Pts',(15.5152111069866,-56.140857984361,43.9238043323082));
#7697=CARTESIAN_POINT('Ctrl Pts',(15.5421624094765,-56.1388951184109,43.9486108286367));
#7698=CARTESIAN_POINT('Ctrl Pts',(15.5683040461492,-56.1366309331519,43.9742591414239));
#7699=CARTESIAN_POINT('Ctrl Pts',(15.593586883165,-56.1340762659086,44.0007137908642));
#7700=CARTESIAN_POINT('Ctrl Pts',(15.6043911996689,-56.1329845595687,44.0120188673228));
#7701=CARTESIAN_POINT('Ctrl Pts',(15.615036562537,-56.1318410418967,44.023468010783));
#7702=CARTESIAN_POINT('Ctrl Pts',(15.6255182170917,-56.130645214862,44.0350587959368));
#7703=CARTESIAN_POINT('Ctrl Pts',(15.6495165147943,-56.1279073061637,44.0615965063024));
#7704=CARTESIAN_POINT('Ctrl Pts',(15.672656874,-56.12489523112,44.0888766516517));
#7705=CARTESIAN_POINT('Ctrl Pts',(15.6949107003455,-56.121612683133,44.1168484157569));
#7706=CARTESIAN_POINT('Ctrl Pts',(15.734509625262,-56.1157716484608,44.1666219589396));
#7707=CARTESIAN_POINT('Ctrl Pts',(15.7712226170519,-56.1090742308024,44.2184955227664));
#7708=CARTESIAN_POINT('Ctrl Pts',(15.8048879197367,-56.101515844438,44.272201503056));
#7709=CARTESIAN_POINT('Ctrl Pts',(15.8262601255687,-56.096717450357,44.3062964071149));
#7710=CARTESIAN_POINT('Ctrl Pts',(15.8464029909686,-56.0915718829127,44.3411300631293));
#7711=CARTESIAN_POINT('Ctrl Pts',(15.8652643101817,-56.0860766906956,44.3766340332094));
#7712=CARTESIAN_POINT('Ctrl Pts',(15.8973659584793,-56.0767239659,44.4370611935685));
#7713=CARTESIAN_POINT('Ctrl Pts',(15.9256879090052,-56.0664648993629,44.4991760111978));
#7714=CARTESIAN_POINT('Ctrl Pts',(15.9500920517276,-56.0553790274772,44.5626017684209));
#7715=CARTESIAN_POINT('Ctrl Pts',(15.9744834096538,-56.0442989632372,44.6259942982779));
#7716=CARTESIAN_POINT('Ctrl Pts',(15.9949615959301,-56.0323928221385,44.6906972715459));
#7717=CARTESIAN_POINT('Ctrl Pts',(16.0113462455417,-56.0197279443512,44.7563616119804));
#7718=CARTESIAN_POINT('Ctrl Pts',(16.0273580089265,-56.007351297231,44.8205315458385));
#7719=CARTESIAN_POINT('Ctrl Pts',(16.039460792655,-55.9942498971211,44.8856204450134));
#7720=CARTESIAN_POINT('Ctrl Pts',(16.0474394347499,-55.9804773027201,44.9513154674437));
#7721=CARTESIAN_POINT('Ctrl Pts',(16.0492022219408,-55.9774344098686,44.9658300104785));
#7722=CARTESIAN_POINT('Ctrl Pts',(16.0507634975812,-55.9743587219885,44.9803741636916));
#7723=CARTESIAN_POINT('Ctrl Pts',(16.0521205956706,-55.9712507652327,44.9949445774119));
#7724=CARTESIAN_POINT('Ctrl Pts',(16.0521230955974,-55.9712450400279,44.9949714177474));
#7725=CARTESIAN_POINT('Ctrl Pts',(16.0521255948461,-55.9712393147248,44.9949982581298));
#7726=CARTESIAN_POINT('Ctrl Pts',(16.0521280934166,-55.9712335893234,44.9950250985589));
#7727=CARTESIAN_POINT('Ctrl Pts',(16.0658092922242,-55.9398835213994,45.1419928342537));
#7728=CARTESIAN_POINT('Ctrl Pts',(16.058999185767,-55.9056601139893,45.2895958525687));
#7729=CARTESIAN_POINT('Ctrl Pts',(16.0316239102562,-55.8695576114204,45.433635859446));
#7730=CARTESIAN_POINT('Ctrl Pts',(16.0250794608647,-55.8609267941388,45.4680706739917));
#7731=CARTESIAN_POINT('Ctrl Pts',(16.0173594951119,-55.8521885250687,45.5023019896676));
#7732=CARTESIAN_POINT('Ctrl Pts',(16.0084626207385,-55.8433562827727,45.5362726601525));
#7733=CARTESIAN_POINT('Ctrl Pts',(16.0084545277194,-55.843348248546,45.5363035614865));
#7734=CARTESIAN_POINT('Ctrl Pts',(16.0084464337494,-55.8433402142642,45.5363344625174));
#7735=CARTESIAN_POINT('Ctrl Pts',(16.0084383388286,-55.8433321799273,45.5363653632452));
#7736=CARTESIAN_POINT('Ctrl Pts',(15.9597459723744,-55.7950042365467,45.7222386534484));
#7737=CARTESIAN_POINT('Ctrl Pts',(15.8766452531834,-55.7446795740768,45.8971048192694));
#7738=CARTESIAN_POINT('Ctrl Pts',(15.7627269426068,-55.6948708116105,46.0520432784225));
#7739=CARTESIAN_POINT('Ctrl Pts',(15.7627116369819,-55.6948641194973,46.0520640953563));
#7740=CARTESIAN_POINT('Ctrl Pts',(15.7626963308397,-55.6948574274106,46.0520849118767));
#7741=CARTESIAN_POINT('Ctrl Pts',(15.7626810241801,-55.6948507353504,46.0521057279837));
#7742=CARTESIAN_POINT('Ctrl Pts',(15.64296620482,-55.6425115051237,46.2149104520276));
#7743=CARTESIAN_POINT('Ctrl Pts',(15.4916128658664,-55.5917968160377,46.3524202609195));
#7744=CARTESIAN_POINT('Ctrl Pts',(15.3170357104669,-55.5455146714299,46.4570348160952));
#7745=CARTESIAN_POINT('Ctrl Pts',(15.3170236971247,-55.5455114865731,46.4570420150351));
#7746=CARTESIAN_POINT('Ctrl Pts',(15.3170116836872,-55.5455083017412,46.4570492138106));
#7747=CARTESIAN_POINT('Ctrl Pts',(15.3169996701544,-55.545505116934,46.4570564124218));
#7748=CARTESIAN_POINT('Ctrl Pts',(15.1908227387085,-55.5120554065996,46.5326627042027));
#7749=CARTESIAN_POINT('Ctrl Pts',(15.0541388845509,-55.4813470351642,46.5901357075065));
#7750=CARTESIAN_POINT('Ctrl Pts',(14.9109949525185,-55.4542151685572,46.6280419816258));
#7751=CARTESIAN_POINT('Ctrl Pts',(14.8583812719868,-55.4442426371224,46.6419747314696));
#7752=CARTESIAN_POINT('Ctrl Pts',(14.8051062073691,-55.4347929510057,46.6532102498088));
#7753=CARTESIAN_POINT('Ctrl Pts',(14.751381539091,-55.4258931101003,46.6617446362544));
#7754=CARTESIAN_POINT('',(21.1715728752538,-54.6880057202035,53.8154547842592));
#7755=CARTESIAN_POINT('Origin',(12.,-54.3294022337273,53.0464271257922));
#7756=CARTESIAN_POINT('',(-8.74299719775879,-55.0984298921943,52.6878236393161));
#7757=CARTESIAN_POINT('Ctrl Pts',(-11.4422217473315,-54.728852506363,52.8601604046101));
#7758=CARTESIAN_POINT('Ctrl Pts',(-10.5379848736021,-54.8624757741717,52.7978508515232));
#7759=CARTESIAN_POINT('Ctrl Pts',(-9.6480596324643,-54.9862646421467,52.7401271543921));
#7760=CARTESIAN_POINT('Ctrl Pts',(-8.74299719775872,-55.0984298921943,52.687823639316));
#7761=CARTESIAN_POINT('',(8.74299719775887,-55.0984298921943,52.6878236393161));
#7762=CARTESIAN_POINT('',(12.,-55.0984298921943,52.687823639316));
#7763=CARTESIAN_POINT('',(11.4422217473315,-54.728852506363,52.8601604046101));
#7764=CARTESIAN_POINT('Ctrl Pts',(8.74299719775876,-55.0984298921943,52.687823639316));
#7765=CARTESIAN_POINT('Ctrl Pts',(9.64805963246438,-54.9862646421467,52.7401271543921));
#7766=CARTESIAN_POINT('Ctrl Pts',(10.5379848736022,-54.8624757741717,52.7978508515232));
#7767=CARTESIAN_POINT('Ctrl Pts',(11.4422217473315,-54.728852506363,52.8601604046101));
#7768=CARTESIAN_POINT('Ctrl Pts',(11.4422217473315,-54.728852506363,52.8601604046101));
#7769=CARTESIAN_POINT('Ctrl Pts',(11.9581639245519,-54.7320536447783,52.8586684392362));
#7770=CARTESIAN_POINT('Ctrl Pts',(12.4789979598312,-54.735397011312,52.8571103290176));
#7771=CARTESIAN_POINT('Ctrl Pts',(13.0003515739546,-54.7388266167116,52.855508124119));
#7772=CARTESIAN_POINT('Ctrl Pts',(13.5184618583697,-54.7422348866091,52.8539158865029));
#7773=CARTESIAN_POINT('Ctrl Pts',(14.0370854562642,-54.7457279404671,52.8522811596245));
#7774=CARTESIAN_POINT('Ctrl Pts',(14.5518815892804,-54.7492471240677,52.8506357596964));
#7775=CARTESIAN_POINT('Ctrl Pts',(15.0058616301539,-54.7523505644635,52.8491847411695));
#7776=CARTESIAN_POINT('Ctrl Pts',(15.4568644468141,-54.7554741222607,52.847725980872));
#7777=CARTESIAN_POINT('Ctrl Pts',(15.9018795004005,-54.7585786211647,52.8462784154722));
#7778=CARTESIAN_POINT('Ctrl Pts',(16.9323011224306,-54.7657670134908,52.8429266127067));
#7779=CARTESIAN_POINT('Ctrl Pts',(17.9825964357392,-54.7732159071436,52.8394611996941));
#7780=CARTESIAN_POINT('Ctrl Pts',(19.0666220980539,-54.7808612524094,52.8359032285835));
#7781=CARTESIAN_POINT('Ctrl Pts',(19.4691497102444,-54.7837001728161,52.8345820591083));
#7782=CARTESIAN_POINT('Ctrl Pts',(19.8763283229678,-54.7865663529041,52.8332476541486));
#7783=CARTESIAN_POINT('Ctrl Pts',(20.2888679385217,-54.789456880098,52.8319000839113));
#7784=CARTESIAN_POINT('Ctrl Pts',(12.,-54.6880057202035,53.8154547842591));
#7785=CARTESIAN_POINT('Ctrl Pts',(10.3295558128508,-54.8103343986298,50.9545222615824));
#7786=CARTESIAN_POINT('Ctrl Pts',(8.65911162570163,-54.9326630770561,48.0935897389058));
#7787=CARTESIAN_POINT('Ctrl Pts',(6.98866743855243,-55.0549917554825,45.2326572162291));
#7788=CARTESIAN_POINT('Ctrl Pts',(7.68865297357873,-55.330285587167,52.0508053528066));
#7789=CARTESIAN_POINT('Ctrl Pts',(6.62110407373611,-55.1795437045443,49.9401280305299));
#7790=CARTESIAN_POINT('Ctrl Pts',(5.55412237969877,-55.0322334166926,47.8200224791072));
#7791=CARTESIAN_POINT('Ctrl Pts',(4.48657347985615,-54.8814915340699,45.7093451568305));
#7792=CARTESIAN_POINT('Ctrl Pts',(-0.636586315461589,-55.8360712270322,
50.6611707281923));
#7793=CARTESIAN_POINT('Ctrl Pts',(-0.548665793089465,-55.4725008073359,
49.1352350057412));
#7794=CARTESIAN_POINT('Ctrl Pts',(-0.460867720479006,-55.107582510847,47.6130025443416));
#7795=CARTESIAN_POINT('Ctrl Pts',(-0.372947198106881,-54.7440120911506,
46.0870668218905));
#7796=CARTESIAN_POINT('Ctrl Pts',(-8.76648973018404,-55.1697156204261,52.4919677106698));
#7797=CARTESIAN_POINT('Ctrl Pts',(-7.54822791240514,-55.0880235155748,50.1915776831478));
#7798=CARTESIAN_POINT('Ctrl Pts',(-6.33035878730911,-55.0065586942743,47.8905631992021));
#7799=CARTESIAN_POINT('Ctrl Pts',(-5.11209696953021,-54.9248665894231,45.5901731716801));
#7800=CARTESIAN_POINT('Ctrl Pts',(-12.,-54.6880057202035,53.8154547842591));
#7801=CARTESIAN_POINT('Ctrl Pts',(-10.3295558128508,-54.8103343986298,50.9545222615825));
#7802=CARTESIAN_POINT('Ctrl Pts',(-8.65911162570161,-54.9326630770561,48.0935897389058));
#7803=CARTESIAN_POINT('Ctrl Pts',(-6.98866743855242,-55.0549917554825,45.2326572162291));
#7804=CARTESIAN_POINT('',(12.,-54.6880057202035,53.8154547842591));
#7805=CARTESIAN_POINT('Ctrl Pts',(-8.74252511914958,-55.0982762225137,52.6882458432936));
#7806=CARTESIAN_POINT('Ctrl Pts',(-6.47533742375472,-55.3339949457536,52.0406139738492));
#7807=CARTESIAN_POINT('Ctrl Pts',(-0.61297356207549,-55.6943794754109,51.0504656162948));
#7808=CARTESIAN_POINT('Ctrl Pts',(5.35027516037731,-55.449389765082,51.7235693134222));
#7809=CARTESIAN_POINT('Ctrl Pts',(8.74249819782205,-55.0976803101543,52.6898830990448));
#7810=CARTESIAN_POINT('Ctrl Pts',(14.3869818537008,-55.3747821453348,46.6784654384628));
#7811=CARTESIAN_POINT('Ctrl Pts',(14.3935995920492,-55.3755458077891,46.6788950477994));
#7812=CARTESIAN_POINT('Ctrl Pts',(14.4002210119516,-55.3763187776141,46.6792852576228));
#7813=CARTESIAN_POINT('Ctrl Pts',(14.5770649117278,-55.3972010574767,46.6886430941014));
#7814=CARTESIAN_POINT('Ctrl Pts',(14.7472303139029,-55.4231748005389,46.6714088725186));
#7815=CARTESIAN_POINT('Ctrl Pts',(15.0541515680356,-55.4813494392243,46.5901323487638));
#7816=CARTESIAN_POINT('Ctrl Pts',(15.1908485391115,-55.5120611939427,46.5326518961031));
#7817=CARTESIAN_POINT('Ctrl Pts',(15.4916336176671,-55.5918023177501,46.352407826076));
#7818=CARTESIAN_POINT('Ctrl Pts',(15.6430083316499,-55.6425270751239,46.2148764222441));
#7819=CARTESIAN_POINT('Ctrl Pts',(15.8766790987508,-55.744700363327,45.8970892314077));
#7820=CARTESIAN_POINT('Ctrl Pts',(15.9597993845877,-55.7950431642564,45.7221907849362));
#7821=CARTESIAN_POINT('Ctrl Pts',(16.0546298465298,-55.8891829000965,45.3601912988308));
#7822=CARTESIAN_POINT('Ctrl Pts',(16.069126686043,-55.9324479783424,45.177057469014));
#7823=CARTESIAN_POINT('Ctrl Pts',(16.0194164466723,-56.0465848356119,44.6424009794473));
#7824=CARTESIAN_POINT('Ctrl Pts',(15.7131889636887,-56.1603347881039,43.9596158749988));
#7825=CARTESIAN_POINT('Ctrl Pts',(14.7294720921912,-56.1555736628905,43.3868871566175));
#7826=CARTESIAN_POINT('Ctrl Pts',(13.6055550674882,-55.9717374951887,43.5141673946646));
#7827=CARTESIAN_POINT('Ctrl Pts',(13.0810730069177,-55.7834862107772,44.0477039418771));
#7828=CARTESIAN_POINT('Ctrl Pts',(12.8588291746575,-55.6467163579976,44.5375197558367));
#7829=CARTESIAN_POINT('Ctrl Pts',(12.8136218581722,-55.6011665040338,44.7188647531397));
#7830=CARTESIAN_POINT('Ctrl Pts',(12.8012101507006,-55.5590738135673,44.9041608589898));
#7831=CARTESIAN_POINT('Ctrl Pts',(14.4096342022525,-55.2897798736396,46.4820358337447));
#7832=CARTESIAN_POINT('Ctrl Pts',(14.4155547017807,-55.2904973602888,46.4823631532344));
#7833=CARTESIAN_POINT('Ctrl Pts',(14.4214774450676,-55.2912226026004,46.4826565072543));
#7834=CARTESIAN_POINT('Ctrl Pts',(14.5796425347712,-55.310805378852,46.4895242605181));
#7835=CARTESIAN_POINT('Ctrl Pts',(14.7312346503944,-55.3347126614707,46.4729129530781));
#7836=CARTESIAN_POINT('Ctrl Pts',(15.0040845196573,-55.3875565916394,46.3988461972014));
#7837=CARTESIAN_POINT('Ctrl Pts',(15.1253919912175,-55.415213584261,46.3471691235769));
#7838=CARTESIAN_POINT('Ctrl Pts',(15.3922960811008,-55.4865753076047,46.1861864723881));
#7839=CARTESIAN_POINT('Ctrl Pts',(15.5267016250471,-55.531639492452,46.064030649371));
#7840=CARTESIAN_POINT('Ctrl Pts',(15.7351905790204,-55.6221257977394,45.781941030502));
#7841=CARTESIAN_POINT('Ctrl Pts',(15.8100347527691,-55.6665959129965,45.626719075251));
#7842=CARTESIAN_POINT('Ctrl Pts',(15.8970505488702,-55.7498111800009,45.3044492356878));
#7843=CARTESIAN_POINT('Ctrl Pts',(15.9118291150385,-55.7880901566596,45.1409835345435));
#7844=CARTESIAN_POINT('Ctrl Pts',(15.8726982813213,-55.8893849404045,44.6613757405324));
#7845=CARTESIAN_POINT('Ctrl Pts',(15.6080873703917,-55.9913806187035,44.0424362146274));
#7846=CARTESIAN_POINT('Ctrl Pts',(14.722436146548,-55.9898972869589,43.5046629833616));
#7847=CARTESIAN_POINT('Ctrl Pts',(13.688811111165,-55.8240076420322,43.6090537069695));
#7848=CARTESIAN_POINT('Ctrl Pts',(13.2056426725514,-55.6505321811999,44.1009489723563));
#7849=CARTESIAN_POINT('Ctrl Pts',(13.004932455417,-55.5249649146381,44.5518870626358));
#7850=CARTESIAN_POINT('Ctrl Pts',(12.9650934338382,-55.4832975257812,44.7186523899362));
#7851=CARTESIAN_POINT('Ctrl Pts',(12.955788324997,-55.4450227535914,44.888461898954));
#7852=CARTESIAN_POINT('Ctrl Pts',(14.4322865508041,-55.2047776019444,46.2856062290267));
#7853=CARTESIAN_POINT('Ctrl Pts',(14.4375096882291,-55.2054486186709,46.2858321968293));
#7854=CARTESIAN_POINT('Ctrl Pts',(14.4427340008237,-55.2061267286624,46.2860267928887));
#7855=CARTESIAN_POINT('Ctrl Pts',(14.5822161267239,-55.2244052419204,46.2904190420068));
#7856=CARTESIAN_POINT('Ctrl Pts',(14.7152279401323,-55.2462525255846,46.2744077434353));
#7857=CARTESIAN_POINT('Ctrl Pts',(14.954022947602,-55.2937654247445,46.2075577534762));
#7858=CARTESIAN_POINT('Ctrl Pts',(15.0599132125846,-55.3183694700842,46.1616703945734));
#7859=CARTESIAN_POINT('Ctrl Pts',(15.2929826902652,-55.3813524562125,46.0199603627361));
#7860=CARTESIAN_POINT('Ctrl Pts',(15.4103599429139,-55.4207555848692,45.9131708190761));
#7861=CARTESIAN_POINT('Ctrl Pts',(15.5937346641567,-55.4995627974347,45.6667624875916));
#7862=CARTESIAN_POINT('Ctrl Pts',(15.6601890253236,-55.5381574233703,45.5312105689275));
#7863=CARTESIAN_POINT('Ctrl Pts',(15.739572223881,-55.6104539497319,45.2486795092019));
#7864=CARTESIAN_POINT('Ctrl Pts',(15.7542761550738,-55.6437435647845,45.1048325899811));
#7865=CARTESIAN_POINT('Ctrl Pts',(15.7266438343333,-55.732217417852,44.6803701449737));
#7866=CARTESIAN_POINT('Ctrl Pts',(15.5027023563332,-55.8224562911967,44.125193085873));
#7867=CARTESIAN_POINT('Ctrl Pts',(14.716002227863,-55.824151671017,43.6226757661642));
#7868=CARTESIAN_POINT('Ctrl Pts',(13.7714044110464,-55.6761480993537,43.7043019862264));
#7869=CARTESIAN_POINT('Ctrl Pts',(13.3304314232583,-55.5174596086339,44.1543190566188));
#7870=CARTESIAN_POINT('Ctrl Pts',(13.150960832317,-55.4032577553114,44.566207063133));
#7871=CARTESIAN_POINT('Ctrl Pts',(13.1166527611835,-55.3654112308818,44.7184293635705));
#7872=CARTESIAN_POINT('Ctrl Pts',(13.1103664992935,-55.3309716936155,44.8727629389182));
#7873=CARTESIAN_POINT('Ctrl Pts',(14.4549388993558,-55.1197753302492,46.0891766243087));
#7874=CARTESIAN_POINT('Ctrl Pts',(14.4594647979606,-55.1204001711706,46.0893003022643));
#7875=CARTESIAN_POINT('Ctrl Pts',(14.4639904339397,-55.1210305536487,46.0893980425202));
#7876=CARTESIAN_POINT('Ctrl Pts',(14.5847937497673,-55.1380095632957,46.0913002084235));
#7877=CARTESIAN_POINT('Ctrl Pts',(14.6992322766238,-55.1577903865163,46.0759118239949));
#7878=CARTESIAN_POINT('Ctrl Pts',(14.9039558992237,-55.1999725771596,46.0162716019138));
#7879=CARTESIAN_POINT('Ctrl Pts',(14.9944566646906,-55.2215218604025,45.9761876220473));
#7880=CARTESIAN_POINT('Ctrl Pts',(15.1936451536989,-55.276125446067,45.8537390090481));
#7881=CARTESIAN_POINT('Ctrl Pts',(15.2940532363111,-55.3098680021973,45.762325046203));
#7882=CARTESIAN_POINT('Ctrl Pts',(15.4522461444263,-55.3769882318472,45.5516142866859));
#7883=CARTESIAN_POINT('Ctrl Pts',(15.510424393505,-55.4097101721104,45.4357388592423));
#7884=CARTESIAN_POINT('Ctrl Pts',(15.5819929262215,-55.4710822296363,45.192937446059));
#7885=CARTESIAN_POINT('Ctrl Pts',(15.5969785840693,-55.4993857431016,45.0687586555106));
#7886=CARTESIAN_POINT('Ctrl Pts',(15.5799256689824,-55.5750175226445,44.6993449060588));
#7887=CARTESIAN_POINT('Ctrl Pts',(15.3976007630362,-55.6535021217964,44.2080134255015));
#7888=CARTESIAN_POINT('Ctrl Pts',(14.7089662822197,-55.6584752950854,43.7404515929083));
#7889=CARTESIAN_POINT('Ctrl Pts',(13.8546604547232,-55.5284182461972,43.7991882985312));
#7890=CARTESIAN_POINT('Ctrl Pts',(13.455001088892,-55.3845055790566,44.207564087098));
#7891=CARTESIAN_POINT('Ctrl Pts',(13.2970641130765,-55.2815063119519,44.5805743699321));
#7892=CARTESIAN_POINT('Ctrl Pts',(13.2681243368495,-55.2475422526293,44.718217000367));
#7893=CARTESIAN_POINT('Ctrl Pts',(13.2649446735899,-55.2169206336397,44.8570639788825));
#7894=CARTESIAN_POINT('',(14.4550733029999,-55.1197704337701,46.0890301562169));
#7895=CARTESIAN_POINT('',(15.592014492496,-55.5202981841101,44.9664505732636));
#7896=CARTESIAN_POINT('Ctrl Pts',(14.4549388993558,-55.1197753302492,46.0891766243087));
#7897=CARTESIAN_POINT('Ctrl Pts',(14.4594647979606,-55.1204001711706,46.0893003022643));
#7898=CARTESIAN_POINT('Ctrl Pts',(14.4639904339397,-55.1210305536487,46.0893980425202));
#7899=CARTESIAN_POINT('Ctrl Pts',(14.5847937497673,-55.1380095632957,46.0913002084235));
#7900=CARTESIAN_POINT('Ctrl Pts',(14.6992322766238,-55.1577903865163,46.0759118239949));
#7901=CARTESIAN_POINT('Ctrl Pts',(14.9039558992237,-55.1999725771596,46.0162716019138));
#7902=CARTESIAN_POINT('Ctrl Pts',(14.9944566646906,-55.2215218604025,45.9761876220473));
#7903=CARTESIAN_POINT('Ctrl Pts',(15.1936451536989,-55.276125446067,45.8537390090481));
#7904=CARTESIAN_POINT('Ctrl Pts',(15.2940532363111,-55.3098680021973,45.762325046203));
#7905=CARTESIAN_POINT('Ctrl Pts',(15.4522461444263,-55.3769882318472,45.5516142866859));
#7906=CARTESIAN_POINT('Ctrl Pts',(15.510424393505,-55.4097101721104,45.4357388592423));
#7907=CARTESIAN_POINT('Ctrl Pts',(15.579835195257,-55.4692319138082,45.2002577041048));
#7908=CARTESIAN_POINT('Ctrl Pts',(15.5950449013859,-55.4958714814156,45.0841276760038));
#7909=CARTESIAN_POINT('Ctrl Pts',(15.5920108844967,-55.5203273372679,44.9663101319697));
#7910=CARTESIAN_POINT('',(13.2649446735899,-55.2169206336397,44.8570639788819));
#7911=CARTESIAN_POINT('Ctrl Pts',(15.592014492496,-55.5202981841101,44.9664505732636));
#7912=CARTESIAN_POINT('Ctrl Pts',(15.5918137891709,-55.5219238469762,44.9586194902852));
#7913=CARTESIAN_POINT('Ctrl Pts',(15.5915324850082,-55.523539863465,44.9507809453197));
#7914=CARTESIAN_POINT('Ctrl Pts',(15.5799256689824,-55.5750175226445,44.6993449060588));
#7915=CARTESIAN_POINT('Ctrl Pts',(15.3976007630362,-55.6535021217964,44.2080134255015));
#7916=CARTESIAN_POINT('Ctrl Pts',(14.7089662822197,-55.6584752950854,43.7404515929083));
#7917=CARTESIAN_POINT('Ctrl Pts',(13.8546604547232,-55.5284182461972,43.7991882985312));
#7918=CARTESIAN_POINT('Ctrl Pts',(13.455001088892,-55.3845055790566,44.207564087098));
#7919=CARTESIAN_POINT('Ctrl Pts',(13.2970641130765,-55.2815063119519,44.5805743699321));
#7920=CARTESIAN_POINT('Ctrl Pts',(13.2681243368495,-55.2475422526293,44.718217000367));
#7921=CARTESIAN_POINT('Ctrl Pts',(13.2649446735899,-55.2169206336397,44.8570639788825));
#7922=CARTESIAN_POINT('',(12.8667563552293,-55.6443584816092,44.5512426440778));
#7923=CARTESIAN_POINT('Ctrl Pts',(13.2649446735899,-55.2169206336398,44.8570639788818));
#7924=CARTESIAN_POINT('Ctrl Pts',(13.2414442063898,-55.2394539429832,44.8376257450454));
#7925=CARTESIAN_POINT('Ctrl Pts',(13.2177666512762,-55.2628157424689,44.8184697939818));
#7926=CARTESIAN_POINT('Ctrl Pts',(13.1941276952275,-55.2866865077135,44.7996355510379));
#7927=CARTESIAN_POINT('Ctrl Pts',(13.1672138169689,-55.3138643098301,44.7781920270244));
#7928=CARTESIAN_POINT('Ctrl Pts',(13.1403505224544,-55.3417016874787,44.7571659437968));
#7929=CARTESIAN_POINT('Ctrl Pts',(13.1138507507979,-55.3697109792003,44.7366871656572));
#7930=CARTESIAN_POINT('Ctrl Pts',(13.0942985686036,-55.3903769223629,44.721577420317));
#7931=CARTESIAN_POINT('Ctrl Pts',(13.0749440418163,-55.411136077571,44.7067672988771));
#7932=CARTESIAN_POINT('Ctrl Pts',(13.0559102361634,-55.4317891247953,44.6923260391867));
#7933=CARTESIAN_POINT('Ctrl Pts',(13.0286211433116,-55.4613997519948,44.6716213580644));
#7934=CARTESIAN_POINT('Ctrl Pts',(13.0011442775451,-55.491720848566,44.6510104404218));
#7935=CARTESIAN_POINT('Ctrl Pts',(12.9737710553467,-55.522372151278,44.6305990678096));
#7936=CARTESIAN_POINT('Ctrl Pts',(12.9432873784701,-55.5565064012011,44.6078683245011));
#7937=CARTESIAN_POINT('Ctrl Pts',(12.9129320630688,-55.5910500979077,44.5853855827032));
#7938=CARTESIAN_POINT('Ctrl Pts',(12.8830828565998,-55.6254634307204,44.5633549248275));
#7939=CARTESIAN_POINT('Ctrl Pts',(12.8776191953252,-55.6317625192411,44.5593223870642));
#7940=CARTESIAN_POINT('Ctrl Pts',(12.8721724379185,-55.6380572064635,44.5553051225631));
#7941=CARTESIAN_POINT('Ctrl Pts',(12.8667448381906,-55.6443441400963,44.5513045381138));
#7942=CARTESIAN_POINT('Ctrl Pts',(12.8667563552236,-55.6443584816585,44.5512426440859));
#7943=CARTESIAN_POINT('Ctrl Pts',(12.8658252556065,-55.643843594834,44.5537308890016));
#7944=CARTESIAN_POINT('Ctrl Pts',(12.864900359981,-55.6433290220497,44.5562215274929));
#7945=CARTESIAN_POINT('Ctrl Pts',(12.8639816745127,-55.6428147683402,44.5587145349262));
#7946=CARTESIAN_POINT('',(14.8148585226724,-55.4328093258823,46.6412241807311));
#7947=CARTESIAN_POINT('Ctrl Pts',(14.7513831584166,-55.4258917191972,46.6617531727861));
#7948=CARTESIAN_POINT('Ctrl Pts',(14.7727013875809,-55.4281321600622,46.6553668802731));
#7949=CARTESIAN_POINT('Ctrl Pts',(14.79386435205,-55.4304383244626,46.6485212335835));
#7950=CARTESIAN_POINT('Ctrl Pts',(14.8148585226724,-55.4328093258823,46.6412241807311));
#7951=CARTESIAN_POINT('Ctrl Pts',(14.4549388993558,-55.1197753302492,46.0891766243087));
#7952=CARTESIAN_POINT('Ctrl Pts',(14.4588438169984,-55.1229351477231,46.095142962511));
#7953=CARTESIAN_POINT('Ctrl Pts',(14.4627552457494,-55.1261100620786,46.1011194422545));
#7954=CARTESIAN_POINT('Ctrl Pts',(14.466673137741,-55.1292992945157,46.1071041497489));
#7955=CARTESIAN_POINT('Ctrl Pts',(14.4862523470796,-55.1452371125186,46.1370120290664));
#7956=CARTESIAN_POINT('Ctrl Pts',(14.5059327872235,-55.1615217910666,46.1671341782958));
#7957=CARTESIAN_POINT('Ctrl Pts',(14.5256467443168,-55.1780354609825,46.1972934196928));
#7958=CARTESIAN_POINT('Ctrl Pts',(14.5481250968843,-55.196864765155,46.2316817496502));
#7959=CARTESIAN_POINT('Ctrl Pts',(14.5706465387352,-55.2159919079277,46.2661177718673));
#7960=CARTESIAN_POINT('Ctrl Pts',(14.5930382875816,-55.2352308469263,46.3003486571358));
#7961=CARTESIAN_POINT('Ctrl Pts',(14.6089322503726,-55.2488869031227,46.3246461972918));
#7962=CARTESIAN_POINT('Ctrl Pts',(14.6247592191647,-55.2625990136612,46.3488406657299));
#7963=CARTESIAN_POINT('Ctrl Pts',(14.6404428172941,-55.2762976828078,46.3728454767842));
#7964=CARTESIAN_POINT('Ctrl Pts',(14.6656732050713,-55.2983348921105,46.4114622971349));
#7965=CARTESIAN_POINT('Ctrl Pts',(14.6909008126963,-55.3206318604888,46.4500911592378));
#7966=CARTESIAN_POINT('Ctrl Pts',(14.7160591824085,-55.3431334165275,46.4887399073528));
#7967=CARTESIAN_POINT('Ctrl Pts',(14.7396160962759,-55.3642026361768,46.5249284696817));
#7968=CARTESIAN_POINT('Ctrl Pts',(14.7631121622922,-55.3854510870915,46.5611348014802));
#7969=CARTESIAN_POINT('Ctrl Pts',(14.7865354499654,-55.4068401021344,46.5973481910496));
#7970=CARTESIAN_POINT('Ctrl Pts',(14.795992305259,-55.4154756456566,46.6119688877523));
#7971=CARTESIAN_POINT('Ctrl Pts',(14.8054378138794,-55.4241341911473,46.6265905051683));
#7972=CARTESIAN_POINT('Ctrl Pts',(14.8148733868674,-55.4328135956334,46.6412113093407));
#7973=CARTESIAN_POINT('Ctrl Pts',(12.8667563552293,-55.6443584816092,44.5512426440778));
#7974=CARTESIAN_POINT('Ctrl Pts',(12.832213312628,-55.6219170125696,44.6624840253744));
#7975=CARTESIAN_POINT('Ctrl Pts',(12.8100225065232,-55.600307892994,44.7772615480188));
#7976=CARTESIAN_POINT('Ctrl Pts',(12.7848343573995,-55.5467499538706,45.0815988599668));
#7977=CARTESIAN_POINT('Ctrl Pts',(12.8022985628003,-55.5170872087883,45.2711665638007));
#7978=CARTESIAN_POINT('Ctrl Pts',(12.8889922161313,-55.4719444021836,45.5937411696613));
#7979=CARTESIAN_POINT('Ctrl Pts',(12.9448640303024,-55.4549186010832,45.728332777858));
#7980=CARTESIAN_POINT('Ctrl Pts',(13.1939886095345,-55.405561427411,46.1608822813229));
#7981=CARTESIAN_POINT('Ctrl Pts',(13.4721206048513,-55.3867046299808,46.4112027424037));
#7982=CARTESIAN_POINT('Ctrl Pts',(14.1187411213811,-55.3848145829951,46.6888632148639));
#7983=CARTESIAN_POINT('Ctrl Pts',(14.4794947383136,-55.4006790870592,46.7210854221892));
#7984=CARTESIAN_POINT('Ctrl Pts',(14.8148585226724,-55.4328093258823,46.6412241807311));
#7985=CARTESIAN_POINT('Ctrl Pts',(13.0111922049674,-55.5169559751685,44.5703341014941));
#7986=CARTESIAN_POINT('Ctrl Pts',(12.9809491193054,-55.496492684884,44.6727266364228));
#7987=CARTESIAN_POINT('Ctrl Pts',(12.962235763271,-55.4768460589867,44.7781385523757));
#7988=CARTESIAN_POINT('Ctrl Pts',(12.9437172436988,-55.4283718454709,45.0567864781283));
#7989=CARTESIAN_POINT('Ctrl Pts',(12.9627269759278,-55.4017718047081,45.229442194188));
#7990=CARTESIAN_POINT('Ctrl Pts',(13.0467286349456,-55.3618249430305,45.5212930318223));
#7991=CARTESIAN_POINT('Ctrl Pts',(13.099437570796,-55.3469612185417,45.6424085119913));
#7992=CARTESIAN_POINT('Ctrl Pts',(13.3313812950028,-55.3045446662873,46.0295945765583));
#7993=CARTESIAN_POINT('Ctrl Pts',(13.5839454323246,-55.2897408054243,46.2496499815876));
#7994=CARTESIAN_POINT('Ctrl Pts',(14.1621196094893,-55.2913830132734,46.4911870363343));
#7995=CARTESIAN_POINT('Ctrl Pts',(14.4814019337658,-55.306757457153,46.517553095633));
#7996=CARTESIAN_POINT('Ctrl Pts',(14.778449260505,-55.3357043839435,46.4468022568305));
#7997=CARTESIAN_POINT('Ctrl Pts',(13.1556280547054,-55.3895534687278,44.5894255589103));
#7998=CARTESIAN_POINT('Ctrl Pts',(13.129676349168,-55.3710700401396,44.6829598131179));
#7999=CARTESIAN_POINT('Ctrl Pts',(13.1144691945513,-55.3533816635893,44.7790287607577));
#8000=CARTESIAN_POINT('Ctrl Pts',(13.102560713392,-55.3099945376741,45.0319746377921));
#8001=CARTESIAN_POINT('Ctrl Pts',(13.1232394594343,-55.2864528189724,45.1877380243502));
#8002=CARTESIAN_POINT('Ctrl Pts',(13.204363618386,-55.2516990256971,45.4488903547297));
#8003=CARTESIAN_POINT('Ctrl Pts',(13.2542051327961,-55.2389964883854,45.5565244523056));
#8004=CARTESIAN_POINT('Ctrl Pts',(13.4682088289859,-55.2035223420886,45.89836156479));
#8005=CARTESIAN_POINT('Ctrl Pts',(13.6957136131746,-55.1927698796599,46.0881771621297));
#8006=CARTESIAN_POINT('Ctrl Pts',(14.2053661534234,-55.1979326504915,46.2935921196265));
#8007=CARTESIAN_POINT('Ctrl Pts',(14.4828819970674,-55.2127216470751,46.3148065094661));
#8008=CARTESIAN_POINT('Ctrl Pts',(14.7420399983375,-55.2385994420047,46.2523803329299));
#8009=CARTESIAN_POINT('Ctrl Pts',(13.3000639044435,-55.262150962287,44.6085170163266));
#8010=CARTESIAN_POINT('Ctrl Pts',(13.2784121558453,-55.2456457124539,44.6932024241663));
#8011=CARTESIAN_POINT('Ctrl Pts',(13.266682451299,-55.2299198295821,44.7799057651146));
#8012=CARTESIAN_POINT('Ctrl Pts',(13.2614435996913,-55.1916164292744,45.0071622559536));
#8013=CARTESIAN_POINT('Ctrl Pts',(13.2836678725618,-55.1711374148921,45.1460136547374));
#8014=CARTESIAN_POINT('Ctrl Pts',(13.3621000372003,-55.141579566544,45.3764422168907));
#8015=CARTESIAN_POINT('Ctrl Pts',(13.4087786732897,-55.131039105844,45.4706001864389));
#8016=CARTESIAN_POINT('Ctrl Pts',(13.6056015144542,-55.102505580965,45.7670738600253));
#8017=CARTESIAN_POINT('Ctrl Pts',(13.8075384406478,-55.0958060551034,45.9266244013136));
#8018=CARTESIAN_POINT('Ctrl Pts',(14.2487446415316,-55.1045010807698,46.0959159410969));
#8019=CARTESIAN_POINT('Ctrl Pts',(14.4847891925196,-55.1188000171689,46.1112741829099));
#8020=CARTESIAN_POINT('Ctrl Pts',(14.7056307361701,-55.1414945000659,46.0579584090292));
#8021=CARTESIAN_POINT('',(14.7462096240456,-55.4264863244575,46.6559885579074));
#8022=CARTESIAN_POINT('',(12.8643359657484,-55.6427740488983,44.5591093042237));
#8023=CARTESIAN_POINT('Ctrl Pts',(14.7462014827681,-55.4264883089407,46.6559468662522));
#8024=CARTESIAN_POINT('Ctrl Pts',(14.4306959238052,-55.3986016998361,46.7162293807511));
#8025=CARTESIAN_POINT('Ctrl Pts',(14.0972063953302,-55.3848775281739,46.6796161494573));
#8026=CARTESIAN_POINT('Ctrl Pts',(13.4721206048513,-55.3867046299808,46.4112027424037));
#8027=CARTESIAN_POINT('Ctrl Pts',(13.1939886095345,-55.405561427411,46.1608822813229));
#8028=CARTESIAN_POINT('Ctrl Pts',(12.9448640303024,-55.4549186010832,45.728332777858));
#8029=CARTESIAN_POINT('Ctrl Pts',(12.8889922161313,-55.4719444021836,45.5937411696613));
#8030=CARTESIAN_POINT('Ctrl Pts',(12.8022985628003,-55.5170872087883,45.2711665638007));
#8031=CARTESIAN_POINT('Ctrl Pts',(12.7848343573995,-55.5467499538706,45.0815988599668));
#8032=CARTESIAN_POINT('Ctrl Pts',(12.8097958175977,-55.599825880933,44.7800005304622));
#8033=CARTESIAN_POINT('Ctrl Pts',(12.8311748858104,-55.6208996519358,44.6678919792407));
#8034=CARTESIAN_POINT('Ctrl Pts',(12.8643359564146,-55.6427740592729,44.5591093034693));
#8035=CARTESIAN_POINT('Ctrl Pts',(12.8667563552293,-55.6443584816092,44.5512426440778));
#8036=CARTESIAN_POINT('Ctrl Pts',(12.8659427037864,-55.6438298792543,44.5538629028504));
#8037=CARTESIAN_POINT('Ctrl Pts',(12.8651359056667,-55.6433017387072,44.5564851235609));
#8038=CARTESIAN_POINT('Ctrl Pts',(12.8643359636758,-55.6427740640627,44.5591092796496));
#8039=CARTESIAN_POINT('Ctrl Pts',(13.2649441523117,-55.2169203682918,44.8570597133793));
#8040=CARTESIAN_POINT('Ctrl Pts',(13.264842932467,-55.2163736992084,44.8602849186767));
#8041=CARTESIAN_POINT('Ctrl Pts',(13.2647551476877,-55.2158285196414,44.8635103961062));
#8042=CARTESIAN_POINT('Ctrl Pts',(13.2614435996913,-55.1916164292744,45.0071622559536));
#8043=CARTESIAN_POINT('Ctrl Pts',(13.2836678725618,-55.1711374148921,45.1460136547374));
#8044=CARTESIAN_POINT('Ctrl Pts',(13.3621000372003,-55.141579566544,45.3764422168907));
#8045=CARTESIAN_POINT('Ctrl Pts',(13.4087786732897,-55.131039105844,45.4706001864389));
#8046=CARTESIAN_POINT('Ctrl Pts',(13.6056015144542,-55.102505580965,45.7670738600253));
#8047=CARTESIAN_POINT('Ctrl Pts',(13.8075384406478,-55.0958060551034,45.9266244013136));
#8048=CARTESIAN_POINT('Ctrl Pts',(14.1684014910555,-55.1029177264242,46.0650881430562));
#8049=CARTESIAN_POINT('Ctrl Pts',(14.3121970671953,-55.1095642015917,46.0905380075108));
#8050=CARTESIAN_POINT('Ctrl Pts',(14.4551044956992,-55.1197692973843,46.0889961635734));
#8051=CARTESIAN_POINT('Ctrl Pts',(14.8148585226724,-55.4328093258823,46.6412241807311));
#8052=CARTESIAN_POINT('Ctrl Pts',(14.7920828049527,-55.4306272499283,46.6466478346169));
#8053=CARTESIAN_POINT('Ctrl Pts',(14.7691899832527,-55.4285201954332,46.6515545328301));
#8054=CARTESIAN_POINT('Ctrl Pts',(14.7462016874925,-55.4264883270357,46.6559468271363));
#8055=CARTESIAN_POINT('Origin',(14.4,-53.9645777317392,44.4002196865301));
#8056=CARTESIAN_POINT('',(15.3,-53.9645777317392,44.4002196865301));
#8057=CARTESIAN_POINT('Origin',(14.4,-53.9645777317392,44.4002196865301));
#8058=CARTESIAN_POINT('',(15.3,-53.9645777317392,44.4002196865301));
#8059=CARTESIAN_POINT('Ctrl Pts',(-14.8148448866146,-55.432808019461,46.6412274278657));
#8060=CARTESIAN_POINT('Ctrl Pts',(-14.6837075364033,-55.420244323162,46.6724543669791));
#8061=CARTESIAN_POINT('Ctrl Pts',(-14.5490357472784,-55.4101544876944,46.6867923281111));
#8062=CARTESIAN_POINT('Ctrl Pts',(-13.8551379602935,-55.3712375981672,46.6762449065875));
#8063=CARTESIAN_POINT('Ctrl Pts',(-13.3203558351041,-55.3843624619722,46.3575189151726));
#8064=CARTESIAN_POINT('Ctrl Pts',(-12.9679183050258,-55.4495339934722,45.7733828495907));
#8065=CARTESIAN_POINT('Ctrl Pts',(-12.9123165336894,-55.4645575904403,45.6517518911964));
#8066=CARTESIAN_POINT('Ctrl Pts',(-12.7718397282301,-55.5244532146085,45.2093441723731));
#8067=CARTESIAN_POINT('Ctrl Pts',(-12.7690005321439,-55.5808488691674,44.8660579672326));
#8068=CARTESIAN_POINT('Ctrl Pts',(-12.8667540761708,-55.64435700097,44.5512499835526));
#8069=CARTESIAN_POINT('Ctrl Pts',(-14.7784371766246,-55.3357032054083,46.446805144189));
#8070=CARTESIAN_POINT('Ctrl Pts',(-14.6623711238816,-55.3243827588192,46.4744628656506));
#8071=CARTESIAN_POINT('Ctrl Pts',(-14.5428039307303,-55.3151059223898,46.4876959715161));
#8072=CARTESIAN_POINT('Ctrl Pts',(-13.9286654266874,-55.2786276455287,46.480336671496));
#8073=CARTESIAN_POINT('Ctrl Pts',(-13.4491179363326,-55.286508117729,46.2050449669228));
#8074=CARTESIAN_POINT('Ctrl Pts',(-13.1208432715131,-55.3423000519021,45.6828360437724));
#8075=CARTESIAN_POINT('Ctrl Pts',(-13.0688299947785,-55.3553728542755,45.5734911695855));
#8076=CARTESIAN_POINT('Ctrl Pts',(-12.9340724312926,-55.4081476546607,45.1739730702088));
#8077=CARTESIAN_POINT('Ctrl Pts',(-12.9256475251124,-55.4590442265986,44.8601378437981));
#8078=CARTESIAN_POINT('Ctrl Pts',(-13.011190209421,-55.5169546250823,44.5703408569326));
#8079=CARTESIAN_POINT('Ctrl Pts',(-14.7420294666345,-55.2385983913555,46.2523828605122));
#8080=CARTESIAN_POINT('Ctrl Pts',(-14.6406024869573,-55.22848102328,46.2767993932563));
#8081=CARTESIAN_POINT('Ctrl Pts',(-14.5369552249333,-55.220100275294,46.2882483050698));
#8082=CARTESIAN_POINT('Ctrl Pts',(-14.0006821476285,-55.1858370451184,46.2859092009466));
#8083=CARTESIAN_POINT('Ctrl Pts',(-13.5758233579567,-55.1886135502122,46.0529744555174));
#8084=CARTESIAN_POINT('Ctrl Pts',(-13.2743562512541,-55.2350515583845,45.5923556269893));
#8085=CARTESIAN_POINT('Ctrl Pts',(-13.2252459073695,-55.2461660480605,45.4953984897188));
#8086=CARTESIAN_POINT('Ctrl Pts',(-13.0965775101685,-55.2918217910901,45.1386958030587));
#8087=CARTESIAN_POINT('Ctrl Pts',(-13.0821433512792,-55.3372455807299,44.8540984465099));
#8088=CARTESIAN_POINT('Ctrl Pts',(-13.1556263426712,-55.3895522491946,44.5894317303126));
#8089=CARTESIAN_POINT('Ctrl Pts',(-14.7056217566445,-55.1414935773027,46.0579605768355));
#8090=CARTESIAN_POINT('Ctrl Pts',(-14.6192660744356,-55.1326194589371,46.0788078919278));
#8091=CARTESIAN_POINT('Ctrl Pts',(-14.5307234083852,-55.1250517099894,46.0891519484748));
#8092=CARTESIAN_POINT('Ctrl Pts',(-14.0742096140224,-55.0932270924799,46.090000965855));
#8093=CARTESIAN_POINT('Ctrl Pts',(-13.7045854591852,-55.090759205969,45.9005005072676));
#8094=CARTESIAN_POINT('Ctrl Pts',(-13.4272812177415,-55.1278176168144,45.501808821171));
#8095=CARTESIAN_POINT('Ctrl Pts',(-13.3817593684586,-55.1369813118957,45.4171377681079));
#8096=CARTESIAN_POINT('Ctrl Pts',(-13.258810213231,-55.1755162311422,45.1033247008945));
#8097=CARTESIAN_POINT('Ctrl Pts',(-13.2387903442476,-55.2154409381612,44.8481783230753));
#8098=CARTESIAN_POINT('Ctrl Pts',(-13.3000624759215,-55.2621498733069,44.6085226036926));
#8099=CARTESIAN_POINT('',(-14.4549913499228,-55.1197829097147,46.0892150802653));
#8100=CARTESIAN_POINT('Ctrl Pts',(-14.8148448866146,-55.432808019461,46.6412274278657));
#8101=CARTESIAN_POINT('Ctrl Pts',(-14.7950428604635,-55.4145893716117,46.6105349575407));
#8102=CARTESIAN_POINT('Ctrl Pts',(-14.7752094540848,-55.3964613755374,46.5798281059374));
#8103=CARTESIAN_POINT('Ctrl Pts',(-14.7553182123653,-55.3784458391495,46.5491329742297));
#8104=CARTESIAN_POINT('Ctrl Pts',(-14.7335823689592,-55.3587596434193,46.5155913489487));
#8105=CARTESIAN_POINT('Ctrl Pts',(-14.711777372026,-55.3392078103983,46.4820632996738));
#8106=CARTESIAN_POINT('Ctrl Pts',(-14.6899275608125,-55.3198240143183,46.4485521671963));
#8107=CARTESIAN_POINT('Ctrl Pts',(-14.6732511272687,-55.3050297177455,46.4229754622868));
#8108=CARTESIAN_POINT('Ctrl Pts',(-14.656550005236,-55.2903334491562,46.3974077700154));
#8109=CARTESIAN_POINT('Ctrl Pts',(-14.6398539116775,-55.2757512796812,46.371843924499));
#8110=CARTESIAN_POINT('Ctrl Pts',(-14.6103673710725,-55.2499980859281,46.3266962756675));
#8111=CARTESIAN_POINT('Ctrl Pts',(-14.5804042355343,-55.2242009353641,46.2808660329069));
#8112=CARTESIAN_POINT('Ctrl Pts',(-14.5503910901647,-55.1988140753333,46.2349725202022));
#8113=CARTESIAN_POINT('Ctrl Pts',(-14.5231080253059,-55.1757364758263,46.1932536110941));
#8114=CARTESIAN_POINT('Ctrl Pts',(-14.4957831335768,-55.1529976713785,46.1514866251638));
#8115=CARTESIAN_POINT('Ctrl Pts',(-14.4687096931625,-55.1309265435757,46.1101545892318));
#8116=CARTESIAN_POINT('Ctrl Pts',(-14.4641291955512,-55.1271923765606,46.1031617102714));
#8117=CARTESIAN_POINT('Ctrl Pts',(-14.4595559052901,-55.1234773039879,46.0961811769802));
#8118=CARTESIAN_POINT('Ctrl Pts',(-14.4549913499373,-55.1197829097158,46.0892150802651));
#8119=CARTESIAN_POINT('',(-13.2651630287247,-55.2170717360659,44.8565405802993));
#8120=CARTESIAN_POINT('Ctrl Pts',(-14.4549913499228,-55.1197829097148,46.0892150802653));
#8121=CARTESIAN_POINT('Ctrl Pts',(-14.4504951253831,-55.1194623621321,46.0892752653199));
#8122=CARTESIAN_POINT('Ctrl Pts',(-14.445996969154,-55.1191452367244,46.089309521412));
#8123=CARTESIAN_POINT('Ctrl Pts',(-14.0742096140224,-55.0932270924799,46.090000965855));
#8124=CARTESIAN_POINT('Ctrl Pts',(-13.7045854591852,-55.090759205969,45.9005005072676));
#8125=CARTESIAN_POINT('Ctrl Pts',(-13.4272812177415,-55.1278176168144,45.501808821171));
#8126=CARTESIAN_POINT('Ctrl Pts',(-13.3817593684586,-55.1369813118957,45.4171377681079));
#8127=CARTESIAN_POINT('Ctrl Pts',(-13.2886577003308,-55.166161384393,45.1795068548757));
#8128=CARTESIAN_POINT('Ctrl Pts',(-13.2602495283607,-55.1897137470859,45.0181716422332));
#8129=CARTESIAN_POINT('Ctrl Pts',(-13.2652184861023,-55.2170552053676,44.8566620169422));
#8130=CARTESIAN_POINT('Ctrl Pts',(-13.265218486106,-55.2170552053881,44.8566620168213));
#8131=CARTESIAN_POINT('Ctrl Pts',(-13.240339015724,-55.2408789116067,44.8361673113441));
#8132=CARTESIAN_POINT('Ctrl Pts',(-13.2152474812402,-55.2656359343034,44.8159598188575));
#8133=CARTESIAN_POINT('Ctrl Pts',(-13.190213943532,-55.2909424568885,44.7961082180414));
#8134=CARTESIAN_POINT('Ctrl Pts',(-13.1617968339672,-55.3196694483904,44.7735734440113));
#8135=CARTESIAN_POINT('Ctrl Pts',(-13.133454124824,-55.3491043308028,44.7514982787547));
#8136=CARTESIAN_POINT('Ctrl Pts',(-13.1055577914926,-55.3786732341227,44.7300469167835));
#8137=CARTESIAN_POINT('Ctrl Pts',(-13.0889185185163,-55.3963101417444,44.7172518636376));
#8138=CARTESIAN_POINT('Ctrl Pts',(-13.0724376264414,-55.4139945130487,44.7046798399573));
#8139=CARTESIAN_POINT('Ctrl Pts',(-13.056192400314,-55.4316034030521,44.6923718912131));
#8140=CARTESIAN_POINT('Ctrl Pts',(-13.027478194213,-55.4627279495991,44.6706170092465));
#8141=CARTESIAN_POINT('Ctrl Pts',(-12.998560176263,-55.4946442048369,44.6489537351237));
#8142=CARTESIAN_POINT('Ctrl Pts',(-12.9697760632469,-55.5269048936778,44.6275182164152));
#8143=CARTESIAN_POINT('Ctrl Pts',(-12.9350533674218,-55.5658214336841,44.6016602372044));
#8144=CARTESIAN_POINT('Ctrl Pts',(-12.900524909141,-55.605239107147,44.576134124354));
#8145=CARTESIAN_POINT('Ctrl Pts',(-12.8667540761708,-55.64435700097,44.5512499835526));
#8146=CARTESIAN_POINT('Ctrl Pts',(-12.8012134216803,-55.5590344148989,44.9041723271902));
#8147=CARTESIAN_POINT('Ctrl Pts',(-12.8015002213766,-55.5600079696033,44.8998888872753));
#8148=CARTESIAN_POINT('Ctrl Pts',(-12.801807084348,-55.5609842077259,44.8956055011276));
#8149=CARTESIAN_POINT('Ctrl Pts',(-12.8266224064762,-55.6371562107739,44.561867238355));
#8150=CARTESIAN_POINT('Ctrl Pts',(-12.9583147338461,-55.7240387934122,44.2438387441136));
#8151=CARTESIAN_POINT('Ctrl Pts',(-13.4274844227686,-55.904909318673,43.7082654616784));
#8152=CARTESIAN_POINT('Ctrl Pts',(-13.7894100211181,-55.9956679896762,43.5222087520495));
#8153=CARTESIAN_POINT('Ctrl Pts',(-14.3463456810788,-56.0859755136339,43.4594070827337));
#8154=CARTESIAN_POINT('Ctrl Pts',(-14.5211118544529,-56.1081732004691,43.4672713340584));
#8155=CARTESIAN_POINT('Ctrl Pts',(-14.8528257491615,-56.1384318083318,43.5345736785706));
#8156=CARTESIAN_POINT('Ctrl Pts',(-15.0083928103591,-56.1470858450969,43.5905207737957));
#8157=CARTESIAN_POINT('Ctrl Pts',(-15.3856057320587,-56.1533892720578,43.790367647497));
#8158=CARTESIAN_POINT('Ctrl Pts',(-15.5886652047573,-56.1410566134581,43.9666382835138));
#8159=CARTESIAN_POINT('Ctrl Pts',(-15.8539623197393,-56.0941772266793,44.3322462030732));
#8160=CARTESIAN_POINT('Ctrl Pts',(-15.9389764470081,-56.0667990656436,44.5038074186398));
#8161=CARTESIAN_POINT('Ctrl Pts',(-16.0505617767289,-55.9966848288299,44.8803355767115));
#8162=CARTESIAN_POINT('Ctrl Pts',(-16.0710721596102,-55.9535171856938,45.0836633789191));
#8163=CARTESIAN_POINT('Ctrl Pts',(-16.0157994557806,-55.8080678314013,45.6964426850134));
#8164=CARTESIAN_POINT('Ctrl Pts',(-15.8075270350136,-55.6930029259007,46.0858775324266));
#8165=CARTESIAN_POINT('Ctrl Pts',(-15.3285254345713,-55.5453341836909,46.4645198766141));
#8166=CARTESIAN_POINT('Ctrl Pts',(-15.1528906212129,-55.5018732373773,46.556077023602));
#8167=CARTESIAN_POINT('Ctrl Pts',(-14.7841910337476,-55.428889584996,46.6673675189865));
#8168=CARTESIAN_POINT('Ctrl Pts',(-14.5956326248472,-55.3993784267984,46.6896373351157));
#8169=CARTESIAN_POINT('Ctrl Pts',(-14.400210833867,-55.3762849067257,46.679277088067));
#8170=CARTESIAN_POINT('Ctrl Pts',(-14.3935826114367,-55.3755104330459,46.6788863288822));
#8171=CARTESIAN_POINT('Ctrl Pts',(-14.3869573974571,-55.3747452461218,46.6784558560699));
#8172=CARTESIAN_POINT('Ctrl Pts',(-12.9557906462724,-55.4449972472869,44.8884650633263));
#8173=CARTESIAN_POINT('Ctrl Pts',(-12.9560069535226,-55.4458831996121,44.8845384630378));
#8174=CARTESIAN_POINT('Ctrl Pts',(-12.9562402153793,-55.4467691052966,44.8806149582648));
#8175=CARTESIAN_POINT('Ctrl Pts',(-12.9753252359011,-55.5160599196139,44.5746761682));
#8176=CARTESIAN_POINT('Ctrl Pts',(-13.0938798061537,-55.5959259743111,44.2813964461912));
#8177=CARTESIAN_POINT('Ctrl Pts',(-13.5240241952073,-55.7622256581061,43.7885634584371));
#8178=CARTESIAN_POINT('Ctrl Pts',(-13.8582198893529,-55.8453329351768,43.6191850246712));
#8179=CARTESIAN_POINT('Ctrl Pts',(-14.3692646279702,-55.9269666941878,43.5670473662811));
#8180=CARTESIAN_POINT('Ctrl Pts',(-14.5291525592224,-55.9468821844192,43.5762711887036));
#8181=CARTESIAN_POINT('Ctrl Pts',(-14.8313275865129,-55.9737314532846,43.6419853954536));
#8182=CARTESIAN_POINT('Ctrl Pts',(-14.9724085959894,-55.9812470934685,43.6951759410778));
#8183=CARTESIAN_POINT('Ctrl Pts',(-15.3128010698194,-55.9861601485525,43.8824652405983));
#8184=CARTESIAN_POINT('Ctrl Pts',(-15.4941627297764,-55.974603814002,44.0455019683412));
#8185=CARTESIAN_POINT('Ctrl Pts',(-15.7285613482368,-55.9321705392898,44.3795929528242));
#8186=CARTESIAN_POINT('Ctrl Pts',(-15.8027632799267,-55.9076017438067,44.5353347231695));
#8187=CARTESIAN_POINT('Ctrl Pts',(-15.8982529467705,-55.8450700450507,44.8750547945563));
#8188=CARTESIAN_POINT('Ctrl Pts',(-15.9144707763283,-55.8067822037373,45.0573743106887));
#8189=CARTESIAN_POINT('Ctrl Pts',(-15.8593092833928,-55.6780067500562,45.6046028634663));
#8190=CARTESIAN_POINT('Ctrl Pts',(-15.6726005750897,-55.5766378603723,45.9490514182037));
#8191=CARTESIAN_POINT('Ctrl Pts',(-15.247582204342,-55.4450730349774,46.2861994685101));
#8192=CARTESIAN_POINT('Ctrl Pts',(-15.0917359322643,-55.4061143693809,46.368048538703));
#8193=CARTESIAN_POINT('Ctrl Pts',(-14.7641841496685,-55.3399690763374,46.4690693422385));
#8194=CARTESIAN_POINT('Ctrl Pts',(-14.5962382101156,-55.312857789878,46.4902397311123));
#8195=CARTESIAN_POINT('Ctrl Pts',(-14.4214799300334,-55.2912008241178,46.4826523752868));
#8196=CARTESIAN_POINT('Ctrl Pts',(-14.415548260492,-55.2904746246632,46.4823561905173));
#8197=CARTESIAN_POINT('Ctrl Pts',(-14.4096224963409,-55.2897556021822,46.4820293938955));
#8198=CARTESIAN_POINT('Ctrl Pts',(-13.1103678708645,-55.3309600796749,44.8727577994623));
#8199=CARTESIAN_POINT('Ctrl Pts',(-13.1105118642668,-55.3317557712946,44.86919135322));
#8200=CARTESIAN_POINT('Ctrl Pts',(-13.1106751980911,-55.332556643059,44.8656209369467));
#8201=CARTESIAN_POINT('Ctrl Pts',(-13.1239857287587,-55.394898753756,44.5876146037435));
#8202=CARTESIAN_POINT('Ctrl Pts',(-13.229544846826,-55.4678558486955,44.3188736607475));
#8203=CARTESIAN_POINT('Ctrl Pts',(-13.62042610664,-55.619454594543,43.869084186539));
#8204=CARTESIAN_POINT('Ctrl Pts',(-13.9269993513364,-55.69492299806,43.7163180085879));
#8205=CARTESIAN_POINT('Ctrl Pts',(-14.3920678942357,-55.7679240263439,43.6748226359885));
#8206=CARTESIAN_POINT('Ctrl Pts',(-14.5371073409055,-55.7855310120786,43.6854405130381));
#8207=CARTESIAN_POINT('Ctrl Pts',(-14.8097273998957,-55.8089929402493,43.7495264165048));
#8208=CARTESIAN_POINT('Ctrl Pts',(-14.9363375063052,-55.815348675305,43.8000179074733));
#8209=CARTESIAN_POINT('Ctrl Pts',(-15.2398872721446,-55.8188986084323,43.9746614683243));
#8210=CARTESIAN_POINT('Ctrl Pts',(-15.399518814217,-55.8081013861969,44.1245134076617));
#8211=CARTESIAN_POINT('Ctrl Pts',(-15.6030873589145,-55.7701107406044,44.4271108061036));
#8212=CARTESIAN_POINT('Ctrl Pts',(-15.6663299601461,-55.7483382947105,44.5670410474668));
#8213=CARTESIAN_POINT('Ctrl Pts',(-15.7459925780875,-55.6934156922847,44.8699380789741));
#8214=CARTESIAN_POINT('Ctrl Pts',(-15.7574911713626,-55.6599525387452,45.0313159640781));
#8215=CARTESIAN_POINT('Ctrl Pts',(-15.7033355944988,-55.5479770097506,45.5128197826488));
#8216=CARTESIAN_POINT('Ctrl Pts',(-15.5381191186073,-55.460226179342,45.8125635776254));
#8217=CARTESIAN_POINT('Ctrl Pts',(-15.1664536579426,-55.3448376052348,46.1077120451598));
#8218=CARTESIAN_POINT('Ctrl Pts',(-15.0307124987434,-55.3103482937357,46.1800934263216));
#8219=CARTESIAN_POINT('Ctrl Pts',(-14.7440869139453,-55.2510602743492,46.2706934412083));
#8220=CARTESIAN_POINT('Ctrl Pts',(-14.596898722472,-55.2263246468019,46.290906570047));
#8221=CARTESIAN_POINT('Ctrl Pts',(-14.442744693861,-55.2061176114873,46.2860229562575));
#8222=CARTESIAN_POINT('Ctrl Pts',(-14.43751796047,-55.2054379768452,46.2858305484889));
#8223=CARTESIAN_POINT('Ctrl Pts',(-14.4322875952246,-55.2047659582427,46.285602931721));
#8224=CARTESIAN_POINT('Ctrl Pts',(-13.2649450954566,-55.216922912063,44.8570505355984));
#8225=CARTESIAN_POINT('Ctrl Pts',(-13.2650185964128,-55.2176310013033,44.8538409289825));
#8226=CARTESIAN_POINT('Ctrl Pts',(-13.2651083291224,-55.2183415406297,44.8506303940838));
#8227=CARTESIAN_POINT('Ctrl Pts',(-13.2726885581836,-55.273802462596,44.6004235335885));
#8228=CARTESIAN_POINT('Ctrl Pts',(-13.3651099191336,-55.3397430295944,44.3564313628251));
#8229=CARTESIAN_POINT('Ctrl Pts',(-13.7169658790787,-55.476770933976,43.9493821832977));
#8230=CARTESIAN_POINT('Ctrl Pts',(-13.9958092195712,-55.5445879435606,43.8132942812096));
#8231=CARTESIAN_POINT('Ctrl Pts',(-14.414986841127,-55.6089152068977,43.7824629195359));
#8232=CARTESIAN_POINT('Ctrl Pts',(-14.545148045675,-55.6242399960287,43.7944403676833));
#8233=CARTESIAN_POINT('Ctrl Pts',(-14.7882292372471,-55.6442925852021,43.8569381333878));
#8234=CARTESIAN_POINT('Ctrl Pts',(-14.9003532919355,-55.6495099236766,43.9046730747554));
#8235=CARTESIAN_POINT('Ctrl Pts',(-15.1670826099053,-55.6516694849271,44.0667590614256));
#8236=CARTESIAN_POINT('Ctrl Pts',(-15.3050163392361,-55.6416485867408,44.2033770924891));
#8237=CARTESIAN_POINT('Ctrl Pts',(-15.477686387412,-55.6081040532148,44.4744575558546));
#8238=CARTESIAN_POINT('Ctrl Pts',(-15.5301167930647,-55.5891409728737,44.5985683519965));
#8239=CARTESIAN_POINT('Ctrl Pts',(-15.593683748129,-55.5418009085054,44.8646572968189));
#8240=CARTESIAN_POINT('Ctrl Pts',(-15.6008897880808,-55.5132175567887,45.0050268958477));
#8241=CARTESIAN_POINT('Ctrl Pts',(-15.5468454221109,-55.4179159284055,45.4209799611018));
#8242=CARTESIAN_POINT('Ctrl Pts',(-15.4031926586835,-55.3438611138136,45.6757374634025));
#8243=CARTESIAN_POINT('Ctrl Pts',(-15.0855104277132,-55.2445764565212,45.9293916370559));
#8244=CARTESIAN_POINT('Ctrl Pts',(-14.9695578097949,-55.2145894257392,45.9920649414226));
#8245=CARTESIAN_POINT('Ctrl Pts',(-14.7240800298662,-55.1621397656905,46.0723952644604));
#8246=CARTESIAN_POINT('Ctrl Pts',(-14.5975043077404,-55.1398040098816,46.0915089660436));
#8247=CARTESIAN_POINT('Ctrl Pts',(-14.4640137900274,-55.1210335288794,46.0893982434773));
#8248=CARTESIAN_POINT('Ctrl Pts',(-14.4594836095253,-55.1204021684625,46.089300410124));
#8249=CARTESIAN_POINT('Ctrl Pts',(-14.4549526941084,-55.1197763143031,46.0891764695466));
#8250=CARTESIAN_POINT('Ctrl Pts',(-13.2649670552757,-55.217130151826,44.856111450758));
#8251=CARTESIAN_POINT('Ctrl Pts',(-13.2650361703368,-55.2177696019819,44.8532147166785));
#8252=CARTESIAN_POINT('Ctrl Pts',(-13.2651178123361,-55.2184109247832,44.8503173738418));
#8253=CARTESIAN_POINT('Ctrl Pts',(-13.2726885581836,-55.273802462596,44.6004235335885));
#8254=CARTESIAN_POINT('Ctrl Pts',(-13.3651099191336,-55.3397430295944,44.3564313628251));
#8255=CARTESIAN_POINT('Ctrl Pts',(-13.7169658790787,-55.476770933976,43.9493821832977));
#8256=CARTESIAN_POINT('Ctrl Pts',(-13.9958092195712,-55.5445879435606,43.8132942812096));
#8257=CARTESIAN_POINT('Ctrl Pts',(-14.414986841127,-55.6089152068977,43.7824629195359));
#8258=CARTESIAN_POINT('Ctrl Pts',(-14.545148045675,-55.6242399960287,43.7944403676833));
#8259=CARTESIAN_POINT('Ctrl Pts',(-14.7882292372471,-55.6442925852021,43.8569381333878));
#8260=CARTESIAN_POINT('Ctrl Pts',(-14.9003532919355,-55.6495099236766,43.9046730747554));
#8261=CARTESIAN_POINT('Ctrl Pts',(-15.1670826099053,-55.6516694849271,44.0667590614256));
#8262=CARTESIAN_POINT('Ctrl Pts',(-15.3050163392361,-55.6416485867408,44.2033770924891));
#8263=CARTESIAN_POINT('Ctrl Pts',(-15.477686387412,-55.6081040532148,44.4744575558546));
#8264=CARTESIAN_POINT('Ctrl Pts',(-15.5301167930647,-55.5891409728737,44.5985683519965));
#8265=CARTESIAN_POINT('Ctrl Pts',(-15.593683748129,-55.5418009085054,44.8646572968189));
#8266=CARTESIAN_POINT('Ctrl Pts',(-15.6008897880808,-55.5132175567887,45.0050268958477));
#8267=CARTESIAN_POINT('Ctrl Pts',(-15.5468454221109,-55.4179159284055,45.4209799611018));
#8268=CARTESIAN_POINT('Ctrl Pts',(-15.4031926586835,-55.3438611138136,45.6757374634025));
#8269=CARTESIAN_POINT('Ctrl Pts',(-15.0855104277132,-55.2445764565212,45.9293916370559));
#8270=CARTESIAN_POINT('Ctrl Pts',(-14.9695578097949,-55.2145894257392,45.9920649414226));
#8271=CARTESIAN_POINT('Ctrl Pts',(-14.7240800298662,-55.1621397656905,46.0723952644604));
#8272=CARTESIAN_POINT('Ctrl Pts',(-14.5975043077404,-55.1398040098816,46.0915089660436));
#8273=CARTESIAN_POINT('Ctrl Pts',(-14.4640137900274,-55.1210335288794,46.0893982434773));
#8274=CARTESIAN_POINT('Ctrl Pts',(-14.4594836095253,-55.1204021684625,46.089300410124));
#8275=CARTESIAN_POINT('Ctrl Pts',(-14.4549526941084,-55.1197763143031,46.0891764695466));
#8276=CARTESIAN_POINT('Origin',(-14.4,-53.9645777317392,44.4002196865301));
#8277=CARTESIAN_POINT('',(-13.5,-53.9645777317392,44.4002196865301));
#8278=CARTESIAN_POINT('',(-13.5,-53.9645777317392,44.4002196865301));
#8279=CARTESIAN_POINT('Origin',(-14.4,-53.9645777317392,44.4002196865301));
#8280=CARTESIAN_POINT('Ctrl Pts',(20.3856140247045,-54.7903775438335,52.8293705810872));
#8281=CARTESIAN_POINT('Ctrl Pts',(17.6528828026105,-55.1055221213023,49.7937785740475));
#8282=CARTESIAN_POINT('Ctrl Pts',(14.9201515805166,-55.4206666987712,46.7581865670078));
#8283=CARTESIAN_POINT('Ctrl Pts',(12.1874203584227,-55.7358112762401,43.7225945599681));
#8284=CARTESIAN_POINT('Ctrl Pts',(17.4464905135161,-54.7623528814899,52.906367708064));
#8285=CARTESIAN_POINT('Ctrl Pts',(15.1816883152087,-54.9911949079087,50.1078900112757));
#8286=CARTESIAN_POINT('Ctrl Pts',(12.9166977218868,-55.2201286342258,47.3091603710872));
#8287=CARTESIAN_POINT('Ctrl Pts',(10.6518955235794,-55.4489706606447,44.5106826742989));
#8288=CARTESIAN_POINT('Ctrl Pts',(14.4941332071287,-54.7392213864754,52.9699209682946));
#8289=CARTESIAN_POINT('Ctrl Pts',(12.6564533090942,-54.8968536580775,50.3670904649099));
#8290=CARTESIAN_POINT('Ctrl Pts',(10.8185988223562,-55.0545807721888,47.763999383873));
#8291=CARTESIAN_POINT('Ctrl Pts',(8.98091892432171,-55.212213043791,45.1611688804884));
#8292=CARTESIAN_POINT('Ctrl Pts',(11.5336878215785,-54.7221543334641,53.0168123110598));
#8293=CARTESIAN_POINT('Ctrl Pts',(10.0981780374767,-54.8272784771548,50.5582467034495));
#8294=CARTESIAN_POINT('Ctrl Pts',(8.66266825337484,-54.9324026208456,48.0996810958392));
#8295=CARTESIAN_POINT('Ctrl Pts',(7.227158469273,-55.0375267645364,45.6411154882289));
#8296=CARTESIAN_POINT('Ctrl Pts',(21.0893259586639,-70.3692661567048,10.665873521006));
#8297=CARTESIAN_POINT('Ctrl Pts',(18.1023365805806,-68.4928886946755,13.4361346700389));
#8298=CARTESIAN_POINT('Ctrl Pts',(15.1153472024973,-66.6165112326462,16.2063958190718));
#8299=CARTESIAN_POINT('Ctrl Pts',(12.128357824414,-64.7401337706169,18.9766569681047));
#8300=CARTESIAN_POINT('Ctrl Pts',(22.0285973778976,-70.0481059616332,11.5482539049929));
#8301=CARTESIAN_POINT('Ctrl Pts',(18.9131331327162,-68.2189231909075,14.1888487053509));
#8302=CARTESIAN_POINT('Ctrl Pts',(15.7976623693563,-66.3897382456922,16.8294494800704));
#8303=CARTESIAN_POINT('Ctrl Pts',(12.6821981241748,-64.5605554749665,19.4700442804284));
#8304=CARTESIAN_POINT('Ctrl Pts',(22.967674752132,-69.7268736776775,12.430832351561));
#8305=CARTESIAN_POINT('Ctrl Pts',(19.7166863108767,-67.9422667816467,14.9489559427424));
#8306=CARTESIAN_POINT('Ctrl Pts',(16.4656912245233,-66.1576577565379,17.4670853835176));
#8307=CARTESIAN_POINT('Ctrl Pts',(13.214702783268,-64.3730508605072,19.985208974699));
#8308=CARTESIAN_POINT('Ctrl Pts',(23.9065328210915,-69.4055783429308,13.3135840287537));
#8309=CARTESIAN_POINT('Ctrl Pts',(20.5120533418057,-67.6632567899157,15.7155295948254));
#8310=CARTESIAN_POINT('Ctrl Pts',(17.1175738625199,-65.9209352369007,18.1174751608972));
#8311=CARTESIAN_POINT('Ctrl Pts',(13.7230943832341,-64.1786136838857,20.5194207269689));
#8312=CARTESIAN_POINT('',(24.,-69.4535532625924,13.2474463256618));
#8313=CARTESIAN_POINT('Ctrl Pts',(23.03250122088,-68.9569545983014,13.9320518496805));
#8314=CARTESIAN_POINT('Ctrl Pts',(19.9047924923,-67.3515613818709,16.1452294983954));
#8315=CARTESIAN_POINT('Ctrl Pts',(16.77708376372,-65.7461681654403,18.3584071471102));
#8316=CARTESIAN_POINT('Ctrl Pts',(13.6493750351401,-64.1407749490098,20.5715847958251));
#8317=CARTESIAN_POINT('Ctrl Pts',(23.10436036052,-67.96051381478,16.6697504022292));
#8318=CARTESIAN_POINT('Ctrl Pts',(20.2090356859642,-66.5141263404552,18.4460633649449));
#8319=CARTESIAN_POINT('Ctrl Pts',(17.3134727776963,-65.067686730351,20.2225195695371));
#8320=CARTESIAN_POINT('Ctrl Pts',(14.4181481031406,-63.6212992560262,21.9988325322529));
#8321=CARTESIAN_POINT('Ctrl Pts',(23.1629348736329,-66.9602616675913,19.4179205903913));
#8322=CARTESIAN_POINT('Ctrl Pts',(20.4569709701298,-65.6605399235042,20.7912727710711));
#8323=CARTESIAN_POINT('Ctrl Pts',(17.7507617046235,-64.3607700660884,22.164757142035));
#8324=CARTESIAN_POINT('Ctrl Pts',(15.0447978011204,-63.0610483220013,23.5381093227148));
#8325=CARTESIAN_POINT('Ctrl Pts',(23.2054837606,-65.9577448858895,22.1723128107412));
#8326=CARTESIAN_POINT('Ctrl Pts',(20.6369891737334,-64.7973531145418,23.1628590374663));
#8327=CARTESIAN_POINT('Ctrl Pts',(18.0684945868667,-63.6369613431941,24.1534052641914));
#8328=CARTESIAN_POINT('Ctrl Pts',(15.5,-62.4765695718464,25.1439514909164));
#8329=CARTESIAN_POINT('',(24.0000000000001,-66.3166905932762,21.8659056775381));
#8330=CARTESIAN_POINT('Ctrl Pts',(24.0000000000001,-66.3166905932762,21.8659056775381));
#8331=CARTESIAN_POINT('Ctrl Pts',(21.0074365924497,-64.964713458065,23.0199950833486));
#8332=CARTESIAN_POINT('Ctrl Pts',(18.0148731848994,-63.6127363228537,24.1740844891592));
#8333=CARTESIAN_POINT('Ctrl Pts',(15.0223097773491,-62.2607591876425,25.3281738949697));
#8334=CARTESIAN_POINT('Ctrl Pts',(21.7685542547352,-65.0215643495592,25.4242357874937));
#8335=CARTESIAN_POINT('Ctrl Pts',(19.6414413763912,-63.8438789275717,26.0994626468241));
#8336=CARTESIAN_POINT('Ctrl Pts',(17.5002799107646,-62.667155839661,26.7720455150083));
#8337=CARTESIAN_POINT('Ctrl Pts',(15.3731670324207,-61.4894704176734,27.4472723743387));
#8338=CARTESIAN_POINT('Ctrl Pts',(19.9525344246341,-62.3406624075614,32.7899533369048));
#8339=CARTESIAN_POINT('Ctrl Pts',(18.5147908162145,-61.555114068102,32.3877924166583));
#8340=CARTESIAN_POINT('Ctrl Pts',(17.0815725795374,-60.7694729618792,31.9858863709994));
#8341=CARTESIAN_POINT('Ctrl Pts',(15.6438289711178,-59.9839246224197,31.5837254507529));
#8342=CARTESIAN_POINT('Ctrl Pts',(22.3264156910514,-59.7635921228992,39.8703957523616));
#8343=CARTESIAN_POINT('Ctrl Pts',(19.9868425752129,-59.3479328315674,38.451973024681));
#8344=CARTESIAN_POINT('Ctrl Pts',(17.6471732003075,-58.9314664726906,37.0357676968561));
#8345=CARTESIAN_POINT('Ctrl Pts',(15.3076000844691,-58.5158071813587,35.6173449691755));
#8346=CARTESIAN_POINT('Ctrl Pts',(24.,-58.7922474401115,42.5391433348283));
#8347=CARTESIAN_POINT('Ctrl Pts',(21.0175670689315,-58.5068948142396,40.7627059861919));
#8348=CARTESIAN_POINT('Ctrl Pts',(18.0351341378631,-58.2215421883678,38.9862686375554));
#8349=CARTESIAN_POINT('Ctrl Pts',(15.0527012067946,-57.936189562496,37.209831288919));
#8350=CARTESIAN_POINT('Ctrl Pts',(22.8007398385695,-59.5975505731894,40.3265911608805));
#8351=CARTESIAN_POINT('Ctrl Pts',(21.8374968624947,-60.3554177839285,38.2443681124299));
#8352=CARTESIAN_POINT('Ctrl Pts',(20.3775441480671,-62.3511947478127,32.7610159698903));
#8353=CARTESIAN_POINT('Ctrl Pts',(21.4074536364258,-64.4086740080274,27.1081381614544));
#8354=CARTESIAN_POINT('Ctrl Pts',(22.803251253123,-65.5113700977865,24.0785055543202));
#8355=CARTESIAN_POINT('Origin',(9.32523682937181E-15,-62.5544690166939,
32.2025245061831));
#8356=CARTESIAN_POINT('Origin',(9.32523682937181E-15,-62.5544690166939,
32.2025245061831));
#8357=CARTESIAN_POINT('Origin',(2.55849707757188E-14,-58.8896677956288,
30.868645947213));
#8358=UNCERTAINTY_MEASURE_WITH_UNIT(LENGTH_MEASURE(0.01),#8362,
'DISTANCE_ACCURACY_VALUE',
'Maximum model space distance between geometric entities at asserted c
onnectivities');
#8359=UNCERTAINTY_MEASURE_WITH_UNIT(LENGTH_MEASURE(0.01),#8362,
'DISTANCE_ACCURACY_VALUE',
'Maximum model space distance between geometric entities at asserted c
onnectivities');
#8360=(
GEOMETRIC_REPRESENTATION_CONTEXT(3)
GLOBAL_UNCERTAINTY_ASSIGNED_CONTEXT((#8358))
GLOBAL_UNIT_ASSIGNED_CONTEXT((#8362,#8364,#8365))
REPRESENTATION_CONTEXT('','3D')
);
#8361=(
GEOMETRIC_REPRESENTATION_CONTEXT(3)
GLOBAL_UNCERTAINTY_ASSIGNED_CONTEXT((#8359))
GLOBAL_UNIT_ASSIGNED_CONTEXT((#8362,#8364,#8365))
REPRESENTATION_CONTEXT('','3D')
);
#8362=(
LENGTH_UNIT()
NAMED_UNIT(*)
SI_UNIT(.MILLI.,.METRE.)
);
#8363=(
LENGTH_UNIT()
NAMED_UNIT(*)
SI_UNIT($,.METRE.)
);
#8364=(
NAMED_UNIT(*)
PLANE_ANGLE_UNIT()
SI_UNIT($,.RADIAN.)
);
#8365=(
NAMED_UNIT(*)
SI_UNIT($,.STERADIAN.)
SOLID_ANGLE_UNIT()
);
#8366=SHAPE_DEFINITION_REPRESENTATION(#8367,#8368);
#8367=PRODUCT_DEFINITION_SHAPE('',$,#8370);
#8368=SHAPE_REPRESENTATION('',(#4117),#8360);
#8369=PRODUCT_DEFINITION_CONTEXT('part definition',#8374,'design');
#8370=PRODUCT_DEFINITION('2026-08-06-22-03-14-620',
'The Shard TPU - Action 2 Mount',#8371,#8369);
#8371=PRODUCT_DEFINITION_FORMATION('',$,#8376);
#8372=PRODUCT_RELATED_PRODUCT_CATEGORY('The Shard TPU - Action 2 Mount',
'The Shard TPU - Action 2 Mount',(#8376));
#8373=APPLICATION_PROTOCOL_DEFINITION('international standard',
'automotive_design',2009,#8374);
#8374=APPLICATION_CONTEXT(
'Core Data for Automotive Mechanical Design Process');
#8375=PRODUCT_CONTEXT('part definition',#8374,'mechanical');
#8376=PRODUCT('2026-08-06-22-03-14-620',
'The Shard TPU - Action 2 Mount',$,(#8375));
#8377=PRESENTATION_STYLE_ASSIGNMENT((#8378));
#8378=SURFACE_STYLE_USAGE(.BOTH.,#8379);
#8379=SURFACE_SIDE_STYLE('',(#8380));
#8380=SURFACE_STYLE_FILL_AREA(#8381);
#8381=FILL_AREA_STYLE('Steel - Satin',(#8382));
#8382=FILL_AREA_STYLE_COLOUR('Steel - Satin',#8383);
#8383=COLOUR_RGB('Steel - Satin',0.627450980392157,0.627450980392157,0.627450980392157);
ENDSEC;
END-ISO-10303-21;
