ISO-10303-21;
HEADER;
/* Generated by software containing ST-Developer
 * from STEP Tools, Inc. (www.steptools.com) 
 */

FILE_DESCRIPTION(
/* description */ (''),
/* implementation_level */ '2;1');

FILE_NAME(
/* name */ 'The_Shard_TPU_-_Frontend_Analog_cameraAngle_30.step',
/* time_stamp */ '2026-09-29T00:12:06+02:00',
/* author */ (''),
/* organization */ (''),
/* preprocessor_version */ 'ST-DEVELOPER v20.2',
/* originating_system */ 'Autodesk Translation Framework v15.15.0.0',
/* authorisation */ '');

FILE_SCHEMA (('AUTOMOTIVE_DESIGN { 1 0 10303 214 3 1 1 }'));
ENDSEC;

DATA;
#10=MECHANICAL_DESIGN_GEOMETRIC_PRESENTATION_REPRESENTATION('',(#13),#3938);
#11=SHAPE_REPRESENTATION_RELATIONSHIP('SRR','None',#3945,#12);
#12=ADVANCED_BREP_SHAPE_REPRESENTATION('',(#14),#3937);
#13=STYLED_ITEM('',(#3954),#14);
#14=MANIFOLD_SOLID_BREP('Frontend',#2217);
#15=FACE_BOUND('',#803,.T.);
#16=FACE_BOUND('',#807,.T.);
#17=FACE_BOUND('',#809,.T.);
#18=FACE_BOUND('',#811,.T.);
#19=FACE_BOUND('',#813,.T.);
#20=FACE_BOUND('',#817,.T.);
#21=FACE_BOUND('',#818,.T.);
#22=FACE_BOUND('',#833,.T.);
#23=FACE_BOUND('',#834,.T.);
#24=FACE_BOUND('',#836,.T.);
#25=ELLIPSE('',#2243,2.82842712474619,2.);
#26=ELLIPSE('',#2252,2.82842712474619,2.);
#27=CIRCLE('',#2237,2.);
#28=CIRCLE('',#2238,0.999999999999999);
#29=CIRCLE('',#2240,0.999999999999999);
#30=CIRCLE('',#2242,2.);
#31=CIRCLE('',#2244,2.);
#32=CIRCLE('',#2246,0.999999999999999);
#33=CIRCLE('',#2247,2.);
#34=CIRCLE('',#2249,0.999999999999999);
#35=CIRCLE('',#2251,2.);
#36=CIRCLE('',#2253,2.);
#37=CIRCLE('',#2260,2.75);
#38=CIRCLE('',#2261,2.75);
#39=CIRCLE('',#2276,2.75);
#40=CIRCLE('',#2277,2.75);
#41=CONICAL_SURFACE('',#2236,1.5,0.785398163397448);
#42=CONICAL_SURFACE('',#2245,1.5,0.785398163397448);
#43=CYLINDRICAL_SURFACE('',#2233,7.);
#44=CYLINDRICAL_SURFACE('',#2239,0.999999999999999);
#45=CYLINDRICAL_SURFACE('',#2241,2.);
#46=CYLINDRICAL_SURFACE('',#2248,0.999999999999999);
#47=CYLINDRICAL_SURFACE('',#2250,2.);
#48=CYLINDRICAL_SURFACE('',#2335,2.75);
#49=CYLINDRICAL_SURFACE('',#2336,2.75);
#50=LINE('',#3011,#321);
#51=LINE('',#3013,#322);
#52=LINE('',#3015,#323);
#53=LINE('',#3016,#324);
#54=LINE('',#3019,#325);
#55=LINE('',#3021,#326);
#56=LINE('',#3022,#327);
#57=LINE('',#3025,#328);
#58=LINE('',#3211,#329);
#59=LINE('',#3213,#330);
#60=LINE('',#3215,#331);
#61=LINE('',#3216,#332);
#62=LINE('',#3219,#333);
#63=LINE('',#3221,#334);
#64=LINE('',#3222,#335);
#65=LINE('',#3227,#336);
#66=LINE('',#3232,#337);
#67=LINE('',#3235,#338);
#68=LINE('',#3330,#339);
#69=LINE('',#3335,#340);
#70=LINE('',#3338,#341);
#71=LINE('',#3431,#342);
#72=LINE('',#3433,#343);
#73=LINE('',#3435,#344);
#74=LINE('',#3437,#345);
#75=LINE('',#3439,#346);
#76=LINE('',#3441,#347);
#77=LINE('',#3443,#348);
#78=LINE('',#3445,#349);
#79=LINE('',#3447,#350);
#80=LINE('',#3449,#351);
#81=LINE('',#3451,#352);
#82=LINE('',#3453,#353);
#83=LINE('',#3454,#354);
#84=LINE('',#3457,#355);
#85=LINE('',#3459,#356);
#86=LINE('',#3461,#357);
#87=LINE('',#3463,#358);
#88=LINE('',#3465,#359);
#89=LINE('',#3467,#360);
#90=LINE('',#3469,#361);
#91=LINE('',#3471,#362);
#92=LINE('',#3473,#363);
#93=LINE('',#3474,#364);
#94=LINE('',#3477,#365);
#95=LINE('',#3479,#366);
#96=LINE('',#3481,#367);
#97=LINE('',#3483,#368);
#98=LINE('',#3485,#369);
#99=LINE('',#3487,#370);
#100=LINE('',#3489,#371);
#101=LINE('',#3491,#372);
#102=LINE('',#3493,#373);
#103=LINE('',#3495,#374);
#104=LINE('',#3497,#375);
#105=LINE('',#3499,#376);
#106=LINE('',#3500,#377);
#107=LINE('',#3503,#378);
#108=LINE('',#3505,#379);
#109=LINE('',#3507,#380);
#110=LINE('',#3509,#381);
#111=LINE('',#3511,#382);
#112=LINE('',#3513,#383);
#113=LINE('',#3515,#384);
#114=LINE('',#3517,#385);
#115=LINE('',#3519,#386);
#116=LINE('',#3520,#387);
#117=LINE('',#3524,#388);
#118=LINE('',#3526,#389);
#119=LINE('',#3528,#390);
#120=LINE('',#3530,#391);
#121=LINE('',#3532,#392);
#122=LINE('',#3534,#393);
#123=LINE('',#3536,#394);
#124=LINE('',#3537,#395);
#125=LINE('',#3540,#396);
#126=LINE('',#3542,#397);
#127=LINE('',#3544,#398);
#128=LINE('',#3546,#399);
#129=LINE('',#3548,#400);
#130=LINE('',#3549,#401);
#131=LINE('',#3552,#402);
#132=LINE('',#3554,#403);
#133=LINE('',#3556,#404);
#134=LINE('',#3557,#405);
#135=LINE('',#3561,#406);
#136=LINE('',#3562,#407);
#137=LINE('',#3564,#408);
#138=LINE('',#3566,#409);
#139=LINE('',#3568,#410);
#140=LINE('',#3570,#411);
#141=LINE('',#3572,#412);
#142=LINE('',#3573,#413);
#143=LINE('',#3575,#414);
#144=LINE('',#3577,#415);
#145=LINE('',#3578,#416);
#146=LINE('',#3580,#417);
#147=LINE('',#3581,#418);
#148=LINE('',#3588,#419);
#149=LINE('',#3590,#420);
#150=LINE('',#3591,#421);
#151=LINE('',#3594,#422);
#152=LINE('',#3596,#423);
#153=LINE('',#3598,#424);
#154=LINE('',#3599,#425);
#155=LINE('',#3601,#426);
#156=LINE('',#3602,#427);
#157=LINE('',#3604,#428);
#158=LINE('',#3607,#429);
#159=LINE('',#3609,#430);
#160=LINE('',#3611,#431);
#161=LINE('',#3613,#432);
#162=LINE('',#3615,#433);
#163=LINE('',#3616,#434);
#164=LINE('',#3619,#435);
#165=LINE('',#3620,#436);
#166=LINE('',#3623,#437);
#167=LINE('',#3624,#438);
#168=LINE('',#3627,#439);
#169=LINE('',#3628,#440);
#170=LINE('',#3631,#441);
#171=LINE('',#3633,#442);
#172=LINE('',#3635,#443);
#173=LINE('',#3637,#444);
#174=LINE('',#3639,#445);
#175=LINE('',#3641,#446);
#176=LINE('',#3642,#447);
#177=LINE('',#3645,#448);
#178=LINE('',#3647,#449);
#179=LINE('',#3648,#450);
#180=LINE('',#3651,#451);
#181=LINE('',#3652,#452);
#182=LINE('',#3655,#453);
#183=LINE('',#3656,#454);
#184=LINE('',#3659,#455);
#185=LINE('',#3660,#456);
#186=LINE('',#3663,#457);
#187=LINE('',#3665,#458);
#188=LINE('',#3667,#459);
#189=LINE('',#3669,#460);
#190=LINE('',#3671,#461);
#191=LINE('',#3673,#462);
#192=LINE('',#3674,#463);
#193=LINE('',#3675,#464);
#194=LINE('',#3677,#465);
#195=LINE('',#3679,#466);
#196=LINE('',#3681,#467);
#197=LINE('',#3683,#468);
#198=LINE('',#3685,#469);
#199=LINE('',#3686,#470);
#200=LINE('',#3688,#471);
#201=LINE('',#3689,#472);
#202=LINE('',#3696,#473);
#203=LINE('',#3698,#474);
#204=LINE('',#3699,#475);
#205=LINE('',#3700,#476);
#206=LINE('',#3703,#477);
#207=LINE('',#3704,#478);
#208=LINE('',#3706,#479);
#209=LINE('',#3709,#480);
#210=LINE('',#3712,#481);
#211=LINE('',#3714,#482);
#212=LINE('',#3716,#483);
#213=LINE('',#3717,#484);
#214=LINE('',#3719,#485);
#215=LINE('',#3720,#486);
#216=LINE('',#3722,#487);
#217=LINE('',#3725,#488);
#218=LINE('',#3727,#489);
#219=LINE('',#3728,#490);
#220=LINE('',#3730,#491);
#221=LINE('',#3732,#492);
#222=LINE('',#3738,#493);
#223=LINE('',#3740,#494);
#224=LINE('',#3741,#495);
#225=LINE('',#3744,#496);
#226=LINE('',#3745,#497);
#227=LINE('',#3748,#498);
#228=LINE('',#3749,#499);
#229=LINE('',#3751,#500);
#230=LINE('',#3752,#501);
#231=LINE('',#3754,#502);
#232=LINE('',#3755,#503);
#233=LINE('',#3756,#504);
#234=LINE('',#3759,#505);
#235=LINE('',#3761,#506);
#236=LINE('',#3763,#507);
#237=LINE('',#3765,#508);
#238=LINE('',#3766,#509);
#239=LINE('',#3767,#510);
#240=LINE('',#3770,#511);
#241=LINE('',#3772,#512);
#242=LINE('',#3773,#513);
#243=LINE('',#3776,#514);
#244=LINE('',#3778,#515);
#245=LINE('',#3779,#516);
#246=LINE('',#3782,#517);
#247=LINE('',#3783,#518);
#248=LINE('',#3786,#519);
#249=LINE('',#3788,#520);
#250=LINE('',#3789,#521);
#251=LINE('',#3791,#522);
#252=LINE('',#3794,#523);
#253=LINE('',#3795,#524);
#254=LINE('',#3798,#525);
#255=LINE('',#3799,#526);
#256=LINE('',#3802,#527);
#257=LINE('',#3803,#528);
#258=LINE('',#3805,#529);
#259=LINE('',#3806,#530);
#260=LINE('',#3811,#531);
#261=LINE('',#3813,#532);
#262=LINE('',#3814,#533);
#263=LINE('',#3817,#534);
#264=LINE('',#3819,#535);
#265=LINE('',#3820,#536);
#266=LINE('',#3823,#537);
#267=LINE('',#3824,#538);
#268=LINE('',#3827,#539);
#269=LINE('',#3829,#540);
#270=LINE('',#3830,#541);
#271=LINE('',#3832,#542);
#272=LINE('',#3835,#543);
#273=LINE('',#3836,#544);
#274=LINE('',#3839,#545);
#275=LINE('',#3840,#546);
#276=LINE('',#3843,#547);
#277=LINE('',#3844,#548);
#278=LINE('',#3846,#549);
#279=LINE('',#3847,#550);
#280=LINE('',#3851,#551);
#281=LINE('',#3856,#552);
#282=LINE('',#3857,#553);
#283=LINE('',#3858,#554);
#284=LINE('',#3859,#555);
#285=LINE('',#3863,#556);
#286=LINE('',#3864,#557);
#287=LINE('',#3866,#558);
#288=LINE('',#3868,#559);
#289=LINE('',#3869,#560);
#290=LINE('',#3871,#561);
#291=LINE('',#3873,#562);
#292=LINE('',#3874,#563);
#293=LINE('',#3875,#564);
#294=LINE('',#3877,#565);
#295=LINE('',#3880,#566);
#296=LINE('',#3882,#567);
#297=LINE('',#3883,#568);
#298=LINE('',#3885,#569);
#299=LINE('',#3887,#570);
#300=LINE('',#3890,#571);
#301=LINE('',#3892,#572);
#302=LINE('',#3893,#573);
#303=LINE('',#3895,#574);
#304=LINE('',#3900,#575);
#305=LINE('',#3903,#576);
#306=LINE('',#3904,#577);
#307=LINE('',#3906,#578);
#308=LINE('',#3907,#579);
#309=LINE('',#3909,#580);
#310=LINE('',#3914,#581);
#311=LINE('',#3915,#582);
#312=LINE('',#3918,#583);
#313=LINE('',#3919,#584);
#314=LINE('',#3922,#585);
#315=LINE('',#3923,#586);
#316=LINE('',#3926,#587);
#317=LINE('',#3927,#588);
#318=LINE('',#3930,#589);
#319=LINE('',#3931,#590);
#320=LINE('',#3933,#591);
#321=VECTOR('',#2351,10.);
#322=VECTOR('',#2352,10.);
#323=VECTOR('',#2353,10.);
#324=VECTOR('',#2354,10.);
#325=VECTOR('',#2357,10.);
#326=VECTOR('',#2358,10.);
#327=VECTOR('',#2359,10.);
#328=VECTOR('',#2362,7.);
#329=VECTOR('',#2365,10.);
#330=VECTOR('',#2366,10.);
#331=VECTOR('',#2367,10.);
#332=VECTOR('',#2368,10.);
#333=VECTOR('',#2371,10.);
#334=VECTOR('',#2372,10.);
#335=VECTOR('',#2373,10.);
#336=VECTOR('',#2378,1.5);
#337=VECTOR('',#2385,0.999999999999999);
#338=VECTOR('',#2388,2.);
#339=VECTOR('',#2399,1.5);
#340=VECTOR('',#2406,0.999999999999999);
#341=VECTOR('',#2409,2.);
#342=VECTOR('',#2418,10.);
#343=VECTOR('',#2419,10.);
#344=VECTOR('',#2420,10.);
#345=VECTOR('',#2421,10.);
#346=VECTOR('',#2422,10.);
#347=VECTOR('',#2423,10.);
#348=VECTOR('',#2424,10.);
#349=VECTOR('',#2425,10.);
#350=VECTOR('',#2426,10.);
#351=VECTOR('',#2427,10.);
#352=VECTOR('',#2428,10.);
#353=VECTOR('',#2429,10.);
#354=VECTOR('',#2430,10.);
#355=VECTOR('',#2431,10.);
#356=VECTOR('',#2432,10.);
#357=VECTOR('',#2433,10.);
#358=VECTOR('',#2434,10.);
#359=VECTOR('',#2435,10.);
#360=VECTOR('',#2436,10.);
#361=VECTOR('',#2437,10.);
#362=VECTOR('',#2438,10.);
#363=VECTOR('',#2439,10.);
#364=VECTOR('',#2440,10.);
#365=VECTOR('',#2443,10.);
#366=VECTOR('',#2444,10.);
#367=VECTOR('',#2445,10.);
#368=VECTOR('',#2446,10.);
#369=VECTOR('',#2447,10.);
#370=VECTOR('',#2448,10.);
#371=VECTOR('',#2449,10.);
#372=VECTOR('',#2450,10.);
#373=VECTOR('',#2451,10.);
#374=VECTOR('',#2452,10.);
#375=VECTOR('',#2453,10.);
#376=VECTOR('',#2454,10.);
#377=VECTOR('',#2455,10.);
#378=VECTOR('',#2456,10.);
#379=VECTOR('',#2457,10.);
#380=VECTOR('',#2458,10.);
#381=VECTOR('',#2459,10.);
#382=VECTOR('',#2460,10.);
#383=VECTOR('',#2461,10.);
#384=VECTOR('',#2462,10.);
#385=VECTOR('',#2463,10.);
#386=VECTOR('',#2464,10.);
#387=VECTOR('',#2465,10.);
#388=VECTOR('',#2468,10.);
#389=VECTOR('',#2469,10.);
#390=VECTOR('',#2470,10.);
#391=VECTOR('',#2471,10.);
#392=VECTOR('',#2472,10.);
#393=VECTOR('',#2473,10.);
#394=VECTOR('',#2474,10.);
#395=VECTOR('',#2475,10.);
#396=VECTOR('',#2478,10.);
#397=VECTOR('',#2479,10.);
#398=VECTOR('',#2480,10.);
#399=VECTOR('',#2481,10.);
#400=VECTOR('',#2482,10.);
#401=VECTOR('',#2483,10.);
#402=VECTOR('',#2486,10.);
#403=VECTOR('',#2487,10.);
#404=VECTOR('',#2488,10.);
#405=VECTOR('',#2489,10.);
#406=VECTOR('',#2492,10.);
#407=VECTOR('',#2493,10.);
#408=VECTOR('',#2494,10.);
#409=VECTOR('',#2495,10.);
#410=VECTOR('',#2496,10.);
#411=VECTOR('',#2497,10.);
#412=VECTOR('',#2498,10.);
#413=VECTOR('',#2499,10.);
#414=VECTOR('',#2500,10.);
#415=VECTOR('',#2501,10.);
#416=VECTOR('',#2502,10.);
#417=VECTOR('',#2503,10.);
#418=VECTOR('',#2504,10.);
#419=VECTOR('',#2511,10.);
#420=VECTOR('',#2512,10.);
#421=VECTOR('',#2513,10.);
#422=VECTOR('',#2516,10.);
#423=VECTOR('',#2517,10.);
#424=VECTOR('',#2518,10.);
#425=VECTOR('',#2519,10.);
#426=VECTOR('',#2522,10.);
#427=VECTOR('',#2523,10.);
#428=VECTOR('',#2526,10.);
#429=VECTOR('',#2529,10.);
#430=VECTOR('',#2530,10.);
#431=VECTOR('',#2531,10.);
#432=VECTOR('',#2532,10.);
#433=VECTOR('',#2533,10.);
#434=VECTOR('',#2534,10.);
#435=VECTOR('',#2537,10.);
#436=VECTOR('',#2538,10.);
#437=VECTOR('',#2541,10.);
#438=VECTOR('',#2542,10.);
#439=VECTOR('',#2545,10.);
#440=VECTOR('',#2546,10.);
#441=VECTOR('',#2549,10.);
#442=VECTOR('',#2550,10.);
#443=VECTOR('',#2551,10.);
#444=VECTOR('',#2552,10.);
#445=VECTOR('',#2553,10.);
#446=VECTOR('',#2554,10.);
#447=VECTOR('',#2555,10.);
#448=VECTOR('',#2558,10.);
#449=VECTOR('',#2559,10.);
#450=VECTOR('',#2560,10.);
#451=VECTOR('',#2563,10.);
#452=VECTOR('',#2564,10.);
#453=VECTOR('',#2567,10.);
#454=VECTOR('',#2568,10.);
#455=VECTOR('',#2571,10.);
#456=VECTOR('',#2572,10.);
#457=VECTOR('',#2575,10.);
#458=VECTOR('',#2576,10.);
#459=VECTOR('',#2577,10.);
#460=VECTOR('',#2578,10.);
#461=VECTOR('',#2579,10.);
#462=VECTOR('',#2580,10.);
#463=VECTOR('',#2581,10.);
#464=VECTOR('',#2582,10.);
#465=VECTOR('',#2583,10.);
#466=VECTOR('',#2584,10.);
#467=VECTOR('',#2585,10.);
#468=VECTOR('',#2586,10.);
#469=VECTOR('',#2587,10.);
#470=VECTOR('',#2588,10.);
#471=VECTOR('',#2589,10.);
#472=VECTOR('',#2590,10.);
#473=VECTOR('',#2597,10.);
#474=VECTOR('',#2598,10.);
#475=VECTOR('',#2599,10.);
#476=VECTOR('',#2600,10.);
#477=VECTOR('',#2603,10.);
#478=VECTOR('',#2604,10.);
#479=VECTOR('',#2607,10.);
#480=VECTOR('',#2612,10.);
#481=VECTOR('',#2617,10.);
#482=VECTOR('',#2618,10.);
#483=VECTOR('',#2619,10.);
#484=VECTOR('',#2620,10.);
#485=VECTOR('',#2623,10.);
#486=VECTOR('',#2624,10.);
#487=VECTOR('',#2627,10.);
#488=VECTOR('',#2630,10.);
#489=VECTOR('',#2631,10.);
#490=VECTOR('',#2632,10.);
#491=VECTOR('',#2635,10.);
#492=VECTOR('',#2638,10.);
#493=VECTOR('',#2647,10.);
#494=VECTOR('',#2648,10.);
#495=VECTOR('',#2649,10.);
#496=VECTOR('',#2652,10.);
#497=VECTOR('',#2653,10.);
#498=VECTOR('',#2656,10.);
#499=VECTOR('',#2657,10.);
#500=VECTOR('',#2658,10.);
#501=VECTOR('',#2659,10.);
#502=VECTOR('',#2660,10.);
#503=VECTOR('',#2661,10.);
#504=VECTOR('',#2662,10.);
#505=VECTOR('',#2665,10.);
#506=VECTOR('',#2666,10.);
#507=VECTOR('',#2667,10.);
#508=VECTOR('',#2668,10.);
#509=VECTOR('',#2669,10.);
#510=VECTOR('',#2670,10.);
#511=VECTOR('',#2673,10.);
#512=VECTOR('',#2674,10.);
#513=VECTOR('',#2675,10.);
#514=VECTOR('',#2678,10.);
#515=VECTOR('',#2679,10.);
#516=VECTOR('',#2680,10.);
#517=VECTOR('',#2683,10.);
#518=VECTOR('',#2684,10.);
#519=VECTOR('',#2687,10.);
#520=VECTOR('',#2688,10.);
#521=VECTOR('',#2689,10.);
#522=VECTOR('',#2692,10.);
#523=VECTOR('',#2695,10.);
#524=VECTOR('',#2696,10.);
#525=VECTOR('',#2699,10.);
#526=VECTOR('',#2700,10.);
#527=VECTOR('',#2703,10.);
#528=VECTOR('',#2704,10.);
#529=VECTOR('',#2707,10.);
#530=VECTOR('',#2708,10.);
#531=VECTOR('',#2715,10.);
#532=VECTOR('',#2716,10.);
#533=VECTOR('',#2717,10.);
#534=VECTOR('',#2720,10.);
#535=VECTOR('',#2721,10.);
#536=VECTOR('',#2722,10.);
#537=VECTOR('',#2725,10.);
#538=VECTOR('',#2726,10.);
#539=VECTOR('',#2729,10.);
#540=VECTOR('',#2730,10.);
#541=VECTOR('',#2731,10.);
#542=VECTOR('',#2734,10.);
#543=VECTOR('',#2737,10.);
#544=VECTOR('',#2738,10.);
#545=VECTOR('',#2741,10.);
#546=VECTOR('',#2742,10.);
#547=VECTOR('',#2745,10.);
#548=VECTOR('',#2746,10.);
#549=VECTOR('',#2749,10.);
#550=VECTOR('',#2750,10.);
#551=VECTOR('',#2757,10.);
#552=VECTOR('',#2762,10.);
#553=VECTOR('',#2763,10.);
#554=VECTOR('',#2764,10.);
#555=VECTOR('',#2765,10.);
#556=VECTOR('',#2768,10.);
#557=VECTOR('',#2769,10.);
#558=VECTOR('',#2770,10.);
#559=VECTOR('',#2771,10.);
#560=VECTOR('',#2772,10.);
#561=VECTOR('',#2775,10.);
#562=VECTOR('',#2776,10.);
#563=VECTOR('',#2777,10.);
#564=VECTOR('',#2778,10.);
#565=VECTOR('',#2781,10.);
#566=VECTOR('',#2784,10.);
#567=VECTOR('',#2785,10.);
#568=VECTOR('',#2786,10.);
#569=VECTOR('',#2789,10.);
#570=VECTOR('',#2792,10.);
#571=VECTOR('',#2795,10.);
#572=VECTOR('',#2796,10.);
#573=VECTOR('',#2797,10.);
#574=VECTOR('',#2800,10.);
#575=VECTOR('',#2809,10.);
#576=VECTOR('',#2814,2.75);
#577=VECTOR('',#2815,2.75);
#578=VECTOR('',#2818,2.75);
#579=VECTOR('',#2819,2.75);
#580=VECTOR('',#2822,10.);
#581=VECTOR('',#2829,10.);
#582=VECTOR('',#2830,10.);
#583=VECTOR('',#2833,10.);
#584=VECTOR('',#2834,10.);
#585=VECTOR('',#2837,10.);
#586=VECTOR('',#2838,10.);
#587=VECTOR('',#2841,10.);
#588=VECTOR('',#2842,10.);
#589=VECTOR('',#2845,10.);
#590=VECTOR('',#2846,10.);
#591=VECTOR('',#2849,10.);
#592=PLANE('',#2231);
#593=PLANE('',#2232);
#594=PLANE('',#2234);
#595=PLANE('',#2235);
#596=PLANE('',#2254);
#597=PLANE('',#2255);
#598=PLANE('',#2256);
#599=PLANE('',#2257);
#600=PLANE('',#2258);
#601=PLANE('',#2259);
#602=PLANE('',#2262);
#603=PLANE('',#2263);
#604=PLANE('',#2264);
#605=PLANE('',#2265);
#606=PLANE('',#2266);
#607=PLANE('',#2267);
#608=PLANE('',#2268);
#609=PLANE('',#2269);
#610=PLANE('',#2270);
#611=PLANE('',#2271);
#612=PLANE('',#2272);
#613=PLANE('',#2273);
#614=PLANE('',#2274);
#615=PLANE('',#2275);
#616=PLANE('',#2278);
#617=PLANE('',#2279);
#618=PLANE('',#2280);
#619=PLANE('',#2281);
#620=PLANE('',#2282);
#621=PLANE('',#2283);
#622=PLANE('',#2284);
#623=PLANE('',#2285);
#624=PLANE('',#2286);
#625=PLANE('',#2287);
#626=PLANE('',#2288);
#627=PLANE('',#2289);
#628=PLANE('',#2290);
#629=PLANE('',#2291);
#630=PLANE('',#2292);
#631=PLANE('',#2293);
#632=PLANE('',#2294);
#633=PLANE('',#2295);
#634=PLANE('',#2296);
#635=PLANE('',#2297);
#636=PLANE('',#2298);
#637=PLANE('',#2299);
#638=PLANE('',#2300);
#639=PLANE('',#2301);
#640=PLANE('',#2302);
#641=PLANE('',#2303);
#642=PLANE('',#2304);
#643=PLANE('',#2305);
#644=PLANE('',#2306);
#645=PLANE('',#2307);
#646=PLANE('',#2308);
#647=PLANE('',#2309);
#648=PLANE('',#2310);
#649=PLANE('',#2311);
#650=PLANE('',#2312);
#651=PLANE('',#2313);
#652=PLANE('',#2314);
#653=PLANE('',#2315);
#654=PLANE('',#2316);
#655=PLANE('',#2317);
#656=PLANE('',#2318);
#657=PLANE('',#2319);
#658=PLANE('',#2320);
#659=PLANE('',#2321);
#660=PLANE('',#2322);
#661=PLANE('',#2323);
#662=PLANE('',#2324);
#663=PLANE('',#2325);
#664=PLANE('',#2326);
#665=PLANE('',#2327);
#666=PLANE('',#2328);
#667=PLANE('',#2329);
#668=PLANE('',#2330);
#669=PLANE('',#2331);
#670=PLANE('',#2332);
#671=PLANE('',#2333);
#672=PLANE('',#2334);
#673=PLANE('',#2337);
#674=PLANE('',#2338);
#675=PLANE('',#2339);
#676=PLANE('',#2340);
#677=PLANE('',#2341);
#678=PLANE('',#2342);
#679=PLANE('',#2343);
#680=PLANE('',#2344);
#681=PLANE('',#2345);
#682=PLANE('',#2346);
#683=FACE_OUTER_BOUND('',#789,.T.);
#684=FACE_OUTER_BOUND('',#790,.T.);
#685=FACE_OUTER_BOUND('',#791,.T.);
#686=FACE_OUTER_BOUND('',#792,.T.);
#687=FACE_OUTER_BOUND('',#793,.T.);
#688=FACE_OUTER_BOUND('',#794,.T.);
#689=FACE_OUTER_BOUND('',#795,.T.);
#690=FACE_OUTER_BOUND('',#796,.T.);
#691=FACE_OUTER_BOUND('',#797,.T.);
#692=FACE_OUTER_BOUND('',#798,.T.);
#693=FACE_OUTER_BOUND('',#799,.T.);
#694=FACE_OUTER_BOUND('',#800,.T.);
#695=FACE_OUTER_BOUND('',#801,.T.);
#696=FACE_OUTER_BOUND('',#802,.T.);
#697=FACE_OUTER_BOUND('',#804,.T.);
#698=FACE_OUTER_BOUND('',#805,.T.);
#699=FACE_OUTER_BOUND('',#806,.T.);
#700=FACE_OUTER_BOUND('',#808,.T.);
#701=FACE_OUTER_BOUND('',#810,.T.);
#702=FACE_OUTER_BOUND('',#812,.T.);
#703=FACE_OUTER_BOUND('',#814,.T.);
#704=FACE_OUTER_BOUND('',#815,.T.);
#705=FACE_OUTER_BOUND('',#816,.T.);
#706=FACE_OUTER_BOUND('',#819,.T.);
#707=FACE_OUTER_BOUND('',#820,.T.);
#708=FACE_OUTER_BOUND('',#821,.T.);
#709=FACE_OUTER_BOUND('',#822,.T.);
#710=FACE_OUTER_BOUND('',#823,.T.);
#711=FACE_OUTER_BOUND('',#824,.T.);
#712=FACE_OUTER_BOUND('',#825,.T.);
#713=FACE_OUTER_BOUND('',#826,.T.);
#714=FACE_OUTER_BOUND('',#827,.T.);
#715=FACE_OUTER_BOUND('',#828,.T.);
#716=FACE_OUTER_BOUND('',#829,.T.);
#717=FACE_OUTER_BOUND('',#830,.T.);
#718=FACE_OUTER_BOUND('',#831,.T.);
#719=FACE_OUTER_BOUND('',#832,.T.);
#720=FACE_OUTER_BOUND('',#835,.T.);
#721=FACE_OUTER_BOUND('',#837,.T.);
#722=FACE_OUTER_BOUND('',#838,.T.);
#723=FACE_OUTER_BOUND('',#839,.T.);
#724=FACE_OUTER_BOUND('',#840,.T.);
#725=FACE_OUTER_BOUND('',#841,.T.);
#726=FACE_OUTER_BOUND('',#842,.T.);
#727=FACE_OUTER_BOUND('',#843,.T.);
#728=FACE_OUTER_BOUND('',#844,.T.);
#729=FACE_OUTER_BOUND('',#845,.T.);
#730=FACE_OUTER_BOUND('',#846,.T.);
#731=FACE_OUTER_BOUND('',#847,.T.);
#732=FACE_OUTER_BOUND('',#848,.T.);
#733=FACE_OUTER_BOUND('',#849,.T.);
#734=FACE_OUTER_BOUND('',#850,.T.);
#735=FACE_OUTER_BOUND('',#851,.T.);
#736=FACE_OUTER_BOUND('',#852,.T.);
#737=FACE_OUTER_BOUND('',#853,.T.);
#738=FACE_OUTER_BOUND('',#854,.T.);
#739=FACE_OUTER_BOUND('',#855,.T.);
#740=FACE_OUTER_BOUND('',#856,.T.);
#741=FACE_OUTER_BOUND('',#857,.T.);
#742=FACE_OUTER_BOUND('',#858,.T.);
#743=FACE_OUTER_BOUND('',#859,.T.);
#744=FACE_OUTER_BOUND('',#860,.T.);
#745=FACE_OUTER_BOUND('',#861,.T.);
#746=FACE_OUTER_BOUND('',#862,.T.);
#747=FACE_OUTER_BOUND('',#863,.T.);
#748=FACE_OUTER_BOUND('',#864,.T.);
#749=FACE_OUTER_BOUND('',#865,.T.);
#750=FACE_OUTER_BOUND('',#866,.T.);
#751=FACE_OUTER_BOUND('',#867,.T.);
#752=FACE_OUTER_BOUND('',#868,.T.);
#753=FACE_OUTER_BOUND('',#869,.T.);
#754=FACE_OUTER_BOUND('',#870,.T.);
#755=FACE_OUTER_BOUND('',#871,.T.);
#756=FACE_OUTER_BOUND('',#872,.T.);
#757=FACE_OUTER_BOUND('',#873,.T.);
#758=FACE_OUTER_BOUND('',#874,.T.);
#759=FACE_OUTER_BOUND('',#875,.T.);
#760=FACE_OUTER_BOUND('',#876,.T.);
#761=FACE_OUTER_BOUND('',#877,.T.);
#762=FACE_OUTER_BOUND('',#878,.T.);
#763=FACE_OUTER_BOUND('',#879,.T.);
#764=FACE_OUTER_BOUND('',#880,.T.);
#765=FACE_OUTER_BOUND('',#881,.T.);
#766=FACE_OUTER_BOUND('',#882,.T.);
#767=FACE_OUTER_BOUND('',#883,.T.);
#768=FACE_OUTER_BOUND('',#884,.T.);
#769=FACE_OUTER_BOUND('',#885,.T.);
#770=FACE_OUTER_BOUND('',#886,.T.);
#771=FACE_OUTER_BOUND('',#887,.T.);
#772=FACE_OUTER_BOUND('',#888,.T.);
#773=FACE_OUTER_BOUND('',#889,.T.);
#774=FACE_OUTER_BOUND('',#890,.T.);
#775=FACE_OUTER_BOUND('',#891,.T.);
#776=FACE_OUTER_BOUND('',#892,.T.);
#777=FACE_OUTER_BOUND('',#893,.T.);
#778=FACE_OUTER_BOUND('',#894,.T.);
#779=FACE_OUTER_BOUND('',#895,.T.);
#780=FACE_OUTER_BOUND('',#896,.T.);
#781=FACE_OUTER_BOUND('',#897,.T.);
#782=FACE_OUTER_BOUND('',#898,.T.);
#783=FACE_OUTER_BOUND('',#899,.T.);
#784=FACE_OUTER_BOUND('',#900,.T.);
#785=FACE_OUTER_BOUND('',#901,.T.);
#786=FACE_OUTER_BOUND('',#902,.T.);
#787=FACE_OUTER_BOUND('',#903,.T.);
#788=FACE_OUTER_BOUND('',#904,.T.);
#789=EDGE_LOOP('',(#1467,#1468,#1469,#1470,#1471,#1472));
#790=EDGE_LOOP('',(#1473,#1474,#1475,#1476,#1477));
#791=EDGE_LOOP('',(#1478,#1479,#1480,#1481));
#792=EDGE_LOOP('',(#1482,#1483,#1484,#1485,#1486));
#793=EDGE_LOOP('',(#1487,#1488,#1489,#1490,#1491));
#794=EDGE_LOOP('',(#1492,#1493,#1494,#1495,#1496,#1497,#1498,#1499,#1500,
#1501));
#795=EDGE_LOOP('',(#1502,#1503,#1504,#1505,#1506));
#796=EDGE_LOOP('',(#1507,#1508,#1509,#1510,#1511,#1512));
#797=EDGE_LOOP('',(#1513,#1514,#1515,#1516,#1517,#1518));
#798=EDGE_LOOP('',(#1519,#1520,#1521,#1522,#1523));
#799=EDGE_LOOP('',(#1524,#1525,#1526,#1527,#1528));
#800=EDGE_LOOP('',(#1529,#1530,#1531,#1532));
#801=EDGE_LOOP('',(#1533,#1534,#1535,#1536));
#802=EDGE_LOOP('',(#1537,#1538,#1539,#1540,#1541,#1542));
#803=EDGE_LOOP('',(#1543,#1544,#1545));
#804=EDGE_LOOP('',(#1546,#1547,#1548,#1549));
#805=EDGE_LOOP('',(#1550,#1551,#1552,#1553));
#806=EDGE_LOOP('',(#1554,#1555,#1556,#1557,#1558,#1559));
#807=EDGE_LOOP('',(#1560,#1561,#1562));
#808=EDGE_LOOP('',(#1563,#1564,#1565,#1566,#1567,#1568,#1569,#1570,#1571,
#1572,#1573,#1574,#1575,#1576,#1577));
#809=EDGE_LOOP('',(#1578,#1579,#1580,#1581,#1582,#1583,#1584,#1585,#1586,
#1587));
#810=EDGE_LOOP('',(#1588,#1589,#1590,#1591,#1592,#1593,#1594,#1595,#1596,
#1597,#1598,#1599,#1600,#1601,#1602));
#811=EDGE_LOOP('',(#1603,#1604,#1605,#1606,#1607,#1608,#1609,#1610,#1611,
#1612));
#812=EDGE_LOOP('',(#1613,#1614,#1615,#1616,#1617,#1618,#1619,#1620));
#813=EDGE_LOOP('',(#1621));
#814=EDGE_LOOP('',(#1622,#1623,#1624,#1625,#1626,#1627,#1628,#1629));
#815=EDGE_LOOP('',(#1630,#1631,#1632,#1633,#1634,#1635,#1636,#1637,#1638));
#816=EDGE_LOOP('',(#1639,#1640,#1641,#1642,#1643,#1644,#1645,#1646,#1647,
#1648,#1649,#1650,#1651,#1652,#1653,#1654));
#817=EDGE_LOOP('',(#1655));
#818=EDGE_LOOP('',(#1656));
#819=EDGE_LOOP('',(#1657,#1658,#1659,#1660));
#820=EDGE_LOOP('',(#1661,#1662,#1663,#1664,#1665));
#821=EDGE_LOOP('',(#1666,#1667,#1668,#1669,#1670));
#822=EDGE_LOOP('',(#1671,#1672,#1673,#1674,#1675,#1676));
#823=EDGE_LOOP('',(#1677,#1678,#1679,#1680,#1681,#1682,#1683,#1684));
#824=EDGE_LOOP('',(#1685,#1686,#1687,#1688));
#825=EDGE_LOOP('',(#1689,#1690,#1691,#1692));
#826=EDGE_LOOP('',(#1693,#1694,#1695,#1696));
#827=EDGE_LOOP('',(#1697,#1698,#1699,#1700,#1701,#1702,#1703,#1704));
#828=EDGE_LOOP('',(#1705,#1706,#1707,#1708));
#829=EDGE_LOOP('',(#1709,#1710,#1711,#1712));
#830=EDGE_LOOP('',(#1713,#1714,#1715,#1716));
#831=EDGE_LOOP('',(#1717,#1718,#1719,#1720));
#832=EDGE_LOOP('',(#1721,#1722,#1723,#1724,#1725,#1726,#1727,#1728,#1729,
#1730,#1731,#1732,#1733,#1734,#1735,#1736,#1737,#1738,#1739,#1740,#1741,
#1742));
#833=EDGE_LOOP('',(#1743));
#834=EDGE_LOOP('',(#1744));
#835=EDGE_LOOP('',(#1745,#1746,#1747,#1748,#1749,#1750,#1751,#1752));
#836=EDGE_LOOP('',(#1753));
#837=EDGE_LOOP('',(#1754,#1755,#1756,#1757));
#838=EDGE_LOOP('',(#1758,#1759,#1760,#1761));
#839=EDGE_LOOP('',(#1762,#1763,#1764,#1765,#1766,#1767,#1768,#1769,#1770,
#1771));
#840=EDGE_LOOP('',(#1772,#1773,#1774,#1775));
#841=EDGE_LOOP('',(#1776,#1777,#1778,#1779,#1780,#1781,#1782,#1783,#1784,
#1785));
#842=EDGE_LOOP('',(#1786,#1787,#1788,#1789,#1790,#1791));
#843=EDGE_LOOP('',(#1792,#1793,#1794,#1795,#1796));
#844=EDGE_LOOP('',(#1797,#1798,#1799,#1800));
#845=EDGE_LOOP('',(#1801,#1802,#1803,#1804,#1805,#1806));
#846=EDGE_LOOP('',(#1807,#1808,#1809,#1810));
#847=EDGE_LOOP('',(#1811,#1812,#1813,#1814));
#848=EDGE_LOOP('',(#1815,#1816,#1817,#1818));
#849=EDGE_LOOP('',(#1819,#1820,#1821,#1822,#1823,#1824));
#850=EDGE_LOOP('',(#1825,#1826,#1827,#1828,#1829));
#851=EDGE_LOOP('',(#1830,#1831,#1832,#1833,#1834,#1835,#1836,#1837,#1838,
#1839));
#852=EDGE_LOOP('',(#1840,#1841,#1842,#1843));
#853=EDGE_LOOP('',(#1844,#1845,#1846,#1847,#1848,#1849,#1850,#1851,#1852));
#854=EDGE_LOOP('',(#1853,#1854,#1855,#1856,#1857,#1858,#1859,#1860,#1861,
#1862,#1863));
#855=EDGE_LOOP('',(#1864,#1865,#1866,#1867));
#856=EDGE_LOOP('',(#1868,#1869,#1870,#1871,#1872));
#857=EDGE_LOOP('',(#1873,#1874,#1875,#1876));
#858=EDGE_LOOP('',(#1877,#1878,#1879,#1880,#1881));
#859=EDGE_LOOP('',(#1882,#1883,#1884));
#860=EDGE_LOOP('',(#1885,#1886,#1887,#1888,#1889));
#861=EDGE_LOOP('',(#1890,#1891,#1892,#1893));
#862=EDGE_LOOP('',(#1894,#1895,#1896,#1897));
#863=EDGE_LOOP('',(#1898,#1899,#1900,#1901,#1902,#1903));
#864=EDGE_LOOP('',(#1904,#1905,#1906));
#865=EDGE_LOOP('',(#1907,#1908,#1909,#1910,#1911,#1912,#1913));
#866=EDGE_LOOP('',(#1914,#1915,#1916,#1917));
#867=EDGE_LOOP('',(#1918,#1919,#1920,#1921,#1922));
#868=EDGE_LOOP('',(#1923,#1924,#1925,#1926));
#869=EDGE_LOOP('',(#1927,#1928,#1929,#1930,#1931));
#870=EDGE_LOOP('',(#1932,#1933,#1934));
#871=EDGE_LOOP('',(#1935,#1936,#1937,#1938,#1939));
#872=EDGE_LOOP('',(#1940,#1941,#1942,#1943));
#873=EDGE_LOOP('',(#1944,#1945,#1946,#1947));
#874=EDGE_LOOP('',(#1948,#1949,#1950,#1951,#1952,#1953));
#875=EDGE_LOOP('',(#1954,#1955,#1956));
#876=EDGE_LOOP('',(#1957,#1958,#1959,#1960,#1961,#1962,#1963));
#877=EDGE_LOOP('',(#1964,#1965,#1966,#1967));
#878=EDGE_LOOP('',(#1968,#1969,#1970,#1971));
#879=EDGE_LOOP('',(#1972,#1973,#1974,#1975,#1976,#1977));
#880=EDGE_LOOP('',(#1978,#1979,#1980,#1981,#1982,#1983));
#881=EDGE_LOOP('',(#1984,#1985,#1986,#1987,#1988,#1989,#1990,#1991,#1992,
#1993,#1994));
#882=EDGE_LOOP('',(#1995,#1996,#1997,#1998,#1999));
#883=EDGE_LOOP('',(#2000,#2001,#2002,#2003,#2004,#2005));
#884=EDGE_LOOP('',(#2006,#2007,#2008,#2009));
#885=EDGE_LOOP('',(#2010,#2011,#2012,#2013));
#886=EDGE_LOOP('',(#2014,#2015,#2016,#2017,#2018,#2019,#2020,#2021));
#887=EDGE_LOOP('',(#2022,#2023,#2024,#2025));
#888=EDGE_LOOP('',(#2026,#2027,#2028));
#889=EDGE_LOOP('',(#2029,#2030,#2031));
#890=EDGE_LOOP('',(#2032,#2033,#2034));
#891=EDGE_LOOP('',(#2035,#2036,#2037,#2038));
#892=EDGE_LOOP('',(#2039,#2040,#2041));
#893=EDGE_LOOP('',(#2042,#2043,#2044,#2045,#2046,#2047,#2048,#2049,#2050));
#894=EDGE_LOOP('',(#2051,#2052,#2053,#2054,#2055,#2056,#2057,#2058,#2059));
#895=EDGE_LOOP('',(#2060,#2061,#2062,#2063));
#896=EDGE_LOOP('',(#2064,#2065,#2066,#2067));
#897=EDGE_LOOP('',(#2068,#2069,#2070,#2071));
#898=EDGE_LOOP('',(#2072,#2073,#2074,#2075,#2076));
#899=EDGE_LOOP('',(#2077,#2078,#2079,#2080,#2081));
#900=EDGE_LOOP('',(#2082,#2083,#2084,#2085));
#901=EDGE_LOOP('',(#2086,#2087,#2088,#2089));
#902=EDGE_LOOP('',(#2090,#2091,#2092,#2093));
#903=EDGE_LOOP('',(#2094,#2095,#2096,#2097));
#904=EDGE_LOOP('',(#2098,#2099,#2100,#2101,#2102,#2103,#2104));
#905=B_SPLINE_CURVE_WITH_KNOTS('',3,(#2883,#2884,#2885,#2886,#2887,#2888,
#2889),.UNSPECIFIED.,.F.,.F.,(4,1,1,1,4),(-3.49492878386876,-2.814246143335,
-2.06965325320419,-1.69735680813879,-0.952763918007989),.UNSPECIFIED.);
#906=B_SPLINE_CURVE_WITH_KNOTS('',3,(#2891,#2892,#2893,#2894,#2895,#2896,
#2897),.UNSPECIFIED.,.F.,.F.,(4,3,4),(-0.0887660661401392,-0.0443747926562962,
0.),.UNSPECIFIED.);
#907=B_SPLINE_CURVE_WITH_KNOTS('',3,(#2899,#2900,#2901,#2902,#2903,#2904),
 .UNSPECIFIED.,.F.,.F.,(4,1,1,4),(0.964163152297431,1.69735680813879,2.06965325320419,
2.53154651990588),.UNSPECIFIED.);
#908=B_SPLINE_CURVE_WITH_KNOTS('',3,(#2906,#2907,#2908,#2909,#2910),
 .UNSPECIFIED.,.F.,.F.,(4,1,4),(2.53154651990588,2.814246143335,3.5588390334658),
 .UNSPECIFIED.);
#909=B_SPLINE_CURVE_WITH_KNOTS('',3,(#2912,#2913,#2914,#2915,#2916,#2917,
#2918),.UNSPECIFIED.,.F.,.F.,(4,3,4),(-0.0780367414172207,-0.039020181355463,
0.),.UNSPECIFIED.);
#910=B_SPLINE_CURVE_WITH_KNOTS('',3,(#2919,#2920,#2921,#2922),
 .UNSPECIFIED.,.F.,.F.,(4,4),(0.260129019257924,0.279089973629523),
 .UNSPECIFIED.);
#911=B_SPLINE_CURVE_WITH_KNOTS('',3,(#2952,#2953,#2954,#2955,#2956,#2957,
#2958),.UNSPECIFIED.,.F.,.F.,(4,1,1,1,4),(-0.417246379876007,0.327346510254796,
0.699642955320198,1.444235845451,2.1774306896701),.UNSPECIFIED.);
#912=B_SPLINE_CURVE_WITH_KNOTS('',3,(#2960,#2961,#2962,#2963,#2964,#2965,
#2966),.UNSPECIFIED.,.F.,.F.,(4,1,1,1,4),(-2.1888287355818,-1.444235845451,
-0.699642955320198,-0.327346510254796,0.353302965013096),.UNSPECIFIED.);
#913=B_SPLINE_CURVE_WITH_KNOTS('',3,(#2968,#2969,#2970,#2971),
 .UNSPECIFIED.,.F.,.F.,(4,4),(0.,0.0189639777675668),.UNSPECIFIED.);
#914=B_SPLINE_CURVE_WITH_KNOTS('',3,(#2972,#2973,#2974,#2975,#2976,#2977,
#2978),.UNSPECIFIED.,.F.,.F.,(4,3,4),(0.,0.0389904090016418,0.0780392883440138),
 .UNSPECIFIED.);
#915=B_SPLINE_CURVE_WITH_KNOTS('',3,(#2999,#3000,#3001,#3002,#3003),
 .UNSPECIFIED.,.F.,.F.,(4,1,4),(-3.70759333517326,-3.06073541336358,-2.57559197200633),
 .UNSPECIFIED.);
#916=B_SPLINE_CURVE_WITH_KNOTS('',3,(#3004,#3005,#3006,#3007,#3008),
 .UNSPECIFIED.,.F.,.F.,(4,1,4),(2.63363370166899,3.06073541336358,3.64952516013583),
 .UNSPECIFIED.);
#917=B_SPLINE_CURVE_WITH_KNOTS('',3,(#3027,#3028,#3029,#3030,#3031),
 .UNSPECIFIED.,.F.,.F.,(4,1,4),(2.85470302804719,3.56478614555768,3.76643714718986),
 .UNSPECIFIED.);
#918=B_SPLINE_CURVE_WITH_KNOTS('',3,(#3033,#3034,#3035,#3036,#3037,#3038),
 .UNSPECIFIED.,.F.,.F.,(4,1,1,4),(2.44133634493131,2.82507838284703,3.24709741050405,
3.84184099592151),.UNSPECIFIED.);
#919=B_SPLINE_CURVE_WITH_KNOTS('',3,(#3040,#3041,#3042,#3043,#3044,#3045,
#3046),.UNSPECIFIED.,.F.,.F.,(4,1,1,1,4),(-2.19840128688866,-1.84335972790451,
-1.1332766099362,-0.423193491967886,0.286889626000426),.UNSPECIFIED.);
#920=B_SPLINE_CURVE_WITH_KNOTS('',3,(#3047,#3048,#3049,#3050,#3051,#3052),
 .UNSPECIFIED.,.F.,.F.,(4,1,1,4),(3.76643714718986,4.274869263526,4.62991082251016,
5.33999394047847),.UNSPECIFIED.);
#921=B_SPLINE_CURVE_WITH_KNOTS('',3,(#3083,#3084,#3085,#3086,#3087,#3088,
#3089),.UNSPECIFIED.,.F.,.F.,(4,1,1,1,4),(-0.212232786419373,0.423193491967886,
1.1332766099362,1.84335972790451,2.18882911838845),.UNSPECIFIED.);
#922=B_SPLINE_CURVE_WITH_KNOTS('',3,(#3090,#3091,#3092,#3093,#3094,#3095,
#3096),.UNSPECIFIED.,.F.,.F.,(4,3,4),(0.,0.0406912263203979,0.0813683435246344),
 .UNSPECIFIED.);
#923=B_SPLINE_CURVE_WITH_KNOTS('',3,(#3098,#3099,#3100,#3101,#3102,#3103,
#3104,#3105,#3106,#3107,#3108,#3109,#3110),.UNSPECIFIED.,.F.,.F.,(4,3,3,
3,4),(0.,0.0341849033573777,0.0524743501163298,0.0892516254700089,0.104173132383697),
 .UNSPECIFIED.);
#924=B_SPLINE_CURVE_WITH_KNOTS('',3,(#3111,#3112,#3113,#3114),
 .UNSPECIFIED.,.F.,.F.,(4,4),(-0.00815695260275761,0.),.UNSPECIFIED.);
#925=B_SPLINE_CURVE_WITH_KNOTS('',3,(#3140,#3141,#3142,#3143,#3144,#3145,
#3146,#3147,#3148,#3149,#3150,#3151,#3152),.UNSPECIFIED.,.F.,.F.,(4,3,3,
3,4),(-0.104192442022978,-0.0700840478149209,-0.0516994450456803,-0.0149941765726936,
0.),.UNSPECIFIED.);
#926=B_SPLINE_CURVE_WITH_KNOTS('',3,(#3154,#3155,#3156,#3157),
 .UNSPECIFIED.,.F.,.F.,(4,4),(-3.88012595198958,-3.86876337468448),
 .UNSPECIFIED.);
#927=B_SPLINE_CURVE_WITH_KNOTS('',3,(#3159,#3160,#3161,#3162,#3163,#3164),
 .UNSPECIFIED.,.F.,.F.,(4,1,1,4),(-3.86876337468448,-3.24709741050405,-2.82507838284703,
-2.41442197462638),.UNSPECIFIED.);
#928=B_SPLINE_CURVE_WITH_KNOTS('',3,(#3165,#3166,#3167,#3168),
 .UNSPECIFIED.,.F.,.F.,(4,4),(2.40305935519001,2.41442197462638),
 .UNSPECIFIED.);
#929=B_SPLINE_CURVE_WITH_KNOTS('',3,(#3198,#3199,#3200,#3201,#3202,#3203,
#3204),.UNSPECIFIED.,.F.,.F.,(4,1,1,1,4),(-5.33042058875444,-4.62991082251016,
-4.274869263526,-3.56478614555768,-2.92935045944032),.UNSPECIFIED.);
#930=B_SPLINE_CURVE_WITH_KNOTS('',3,(#3205,#3206,#3207,#3208),
 .UNSPECIFIED.,.F.,.F.,(4,4),(-0.13629478304793,-0.128137680733841),
 .UNSPECIFIED.);
#931=B_SPLINE_CURVE_WITH_KNOTS('',3,(#3243,#3244,#3245,#3246,#3247,#3248,
#3249,#3250,#3251,#3252,#3253,#3254,#3255,#3256,#3257,#3258),
 .UNSPECIFIED.,.F.,.F.,(4,2,2,2,2,2,2,4),(0.,0.0641063546089324,0.128212709217865,
0.25642541843573,0.316741809337284,0.377058200238839,0.433789902293497,
0.43831629875682),.UNSPECIFIED.);
#932=B_SPLINE_CURVE_WITH_KNOTS('',3,(#3260,#3261,#3262,#3263,#3264,#3265,
#3266,#3267,#3268,#3269,#3270,#3271,#3272,#3273,#3274,#3275,#3276,#3277,
#3278,#3279,#3280,#3281,#3282,#3283,#3284,#3285,#3286,#3287,#3288,#3289,
#3290,#3291,#3292,#3293,#3294,#3295,#3296,#3297,#3298,#3299,#3300,#3301,
#3302,#3303,#3304,#3305,#3306,#3307,#3308,#3309,#3310,#3311),
 .UNSPECIFIED.,.F.,.F.,(4,2,2,2,2,2,2,2,2,2,2,2,2,2,2,2,2,2,2,2,2,2,2,2,
2,4),(0.774170212523345,0.778696608986666,0.835428311041324,0.895744701942879,
0.956061092844435,1.0842738020623,1.14838015667123,1.21248651128016,1.2765928658891,
1.34069922049803,1.46891192971589,1.52922832061745,1.589544711519,1.64627641357366,
1.70300811562832,1.76086894127428,1.81872976692025,1.87659059256621,1.93445141821217,
1.99118312026683,2.04791482232149,2.10823121322304,2.1685476041246,2.29676031334246,
2.3608666679514,2.42497302256033),.UNSPECIFIED.);
#933=B_SPLINE_CURVE_WITH_KNOTS('',3,(#3312,#3313,#3314,#3315,#3316,#3317,
#3318,#3319,#3320,#3321,#3322,#3323,#3324,#3325),.UNSPECIFIED.,.F.,.F.,
(4,2,2,2,2,2,4),(0.43831629875682,0.490521604348154,0.548382429994118,0.606243255640082,
0.664104081286045,0.721964906932009,0.774170212523345),.UNSPECIFIED.);
#934=B_SPLINE_CURVE_WITH_KNOTS('',3,(#3346,#3347,#3348,#3349,#3350,#3351,
#3352,#3353,#3354,#3355,#3356,#3357,#3358,#3359,#3360,#3361),
 .UNSPECIFIED.,.F.,.F.,(4,2,2,2,2,2,2,4),(0.,0.0641063546089323,0.128212709217865,
0.256425418435729,0.316741809337284,0.377058200238839,0.433789902293497,
0.43831629875682),.UNSPECIFIED.);
#935=B_SPLINE_CURVE_WITH_KNOTS('',3,(#3363,#3364,#3365,#3366,#3367,#3368,
#3369,#3370,#3371,#3372,#3373,#3374,#3375,#3376,#3377,#3378,#3379,#3380,
#3381,#3382,#3383,#3384,#3385,#3386,#3387,#3388,#3389,#3390,#3391,#3392,
#3393,#3394,#3395,#3396,#3397,#3398,#3399,#3400,#3401,#3402,#3403,#3404,
#3405,#3406,#3407,#3408,#3409,#3410,#3411,#3412,#3413,#3414),
 .UNSPECIFIED.,.F.,.F.,(4,2,2,2,2,2,2,2,2,2,2,2,2,2,2,2,2,2,2,2,2,2,2,2,
2,4),(0.774170212523345,0.778696608986668,0.835428311041326,0.895744701942881,
0.956061092844437,1.0842738020623,1.14838015667123,1.21248651128016,1.2765928658891,
1.34069922049803,1.46891192971589,1.52922832061745,1.589544711519,1.64627641357366,
1.70300811562832,1.76086894127428,1.81872976692025,1.87659059256621,1.93445141821218,
1.99118312026683,2.04791482232149,2.10823121322305,2.1685476041246,2.29676031334246,
2.3608666679514,2.42497302256033),.UNSPECIFIED.);
#936=B_SPLINE_CURVE_WITH_KNOTS('',3,(#3415,#3416,#3417,#3418,#3419,#3420,
#3421,#3422,#3423,#3424,#3425,#3426,#3427,#3428),.UNSPECIFIED.,.F.,.F.,
(4,2,2,2,2,2,4),(0.43831629875682,0.490521604348154,0.548382429994118,0.606243255640082,
0.664104081286046,0.72196490693201,0.774170212523345),.UNSPECIFIED.);
#937=VERTEX_POINT('',#2881);
#938=VERTEX_POINT('',#2882);
#939=VERTEX_POINT('',#2890);
#940=VERTEX_POINT('',#2898);
#941=VERTEX_POINT('',#2905);
#942=VERTEX_POINT('',#2911);
#943=VERTEX_POINT('',#2951);
#944=VERTEX_POINT('',#2959);
#945=VERTEX_POINT('',#2967);
#946=VERTEX_POINT('',#3010);
#947=VERTEX_POINT('',#3012);
#948=VERTEX_POINT('',#3014);
#949=VERTEX_POINT('',#3018);
#950=VERTEX_POINT('',#3020);
#951=VERTEX_POINT('',#3024);
#952=VERTEX_POINT('',#3026);
#953=VERTEX_POINT('',#3032);
#954=VERTEX_POINT('',#3039);
#955=VERTEX_POINT('',#3081);
#956=VERTEX_POINT('',#3082);
#957=VERTEX_POINT('',#3097);
#958=VERTEX_POINT('',#3139);
#959=VERTEX_POINT('',#3153);
#960=VERTEX_POINT('',#3158);
#961=VERTEX_POINT('',#3197);
#962=VERTEX_POINT('',#3210);
#963=VERTEX_POINT('',#3212);
#964=VERTEX_POINT('',#3214);
#965=VERTEX_POINT('',#3218);
#966=VERTEX_POINT('',#3220);
#967=VERTEX_POINT('',#3224);
#968=VERTEX_POINT('',#3226);
#969=VERTEX_POINT('',#3230);
#970=VERTEX_POINT('',#3234);
#971=VERTEX_POINT('',#3236);
#972=VERTEX_POINT('',#3238);
#973=VERTEX_POINT('',#3241);
#974=VERTEX_POINT('',#3242);
#975=VERTEX_POINT('',#3259);
#976=VERTEX_POINT('',#3327);
#977=VERTEX_POINT('',#3329);
#978=VERTEX_POINT('',#3333);
#979=VERTEX_POINT('',#3337);
#980=VERTEX_POINT('',#3339);
#981=VERTEX_POINT('',#3341);
#982=VERTEX_POINT('',#3344);
#983=VERTEX_POINT('',#3345);
#984=VERTEX_POINT('',#3362);
#985=VERTEX_POINT('',#3430);
#986=VERTEX_POINT('',#3432);
#987=VERTEX_POINT('',#3434);
#988=VERTEX_POINT('',#3436);
#989=VERTEX_POINT('',#3438);
#990=VERTEX_POINT('',#3440);
#991=VERTEX_POINT('',#3442);
#992=VERTEX_POINT('',#3444);
#993=VERTEX_POINT('',#3446);
#994=VERTEX_POINT('',#3448);
#995=VERTEX_POINT('',#3450);
#996=VERTEX_POINT('',#3452);
#997=VERTEX_POINT('',#3455);
#998=VERTEX_POINT('',#3456);
#999=VERTEX_POINT('',#3458);
#1000=VERTEX_POINT('',#3460);
#1001=VERTEX_POINT('',#3462);
#1002=VERTEX_POINT('',#3464);
#1003=VERTEX_POINT('',#3466);
#1004=VERTEX_POINT('',#3468);
#1005=VERTEX_POINT('',#3470);
#1006=VERTEX_POINT('',#3472);
#1007=VERTEX_POINT('',#3476);
#1008=VERTEX_POINT('',#3478);
#1009=VERTEX_POINT('',#3480);
#1010=VERTEX_POINT('',#3482);
#1011=VERTEX_POINT('',#3484);
#1012=VERTEX_POINT('',#3486);
#1013=VERTEX_POINT('',#3488);
#1014=VERTEX_POINT('',#3490);
#1015=VERTEX_POINT('',#3492);
#1016=VERTEX_POINT('',#3494);
#1017=VERTEX_POINT('',#3496);
#1018=VERTEX_POINT('',#3498);
#1019=VERTEX_POINT('',#3501);
#1020=VERTEX_POINT('',#3502);
#1021=VERTEX_POINT('',#3504);
#1022=VERTEX_POINT('',#3506);
#1023=VERTEX_POINT('',#3508);
#1024=VERTEX_POINT('',#3510);
#1025=VERTEX_POINT('',#3512);
#1026=VERTEX_POINT('',#3514);
#1027=VERTEX_POINT('',#3516);
#1028=VERTEX_POINT('',#3518);
#1029=VERTEX_POINT('',#3522);
#1030=VERTEX_POINT('',#3523);
#1031=VERTEX_POINT('',#3525);
#1032=VERTEX_POINT('',#3527);
#1033=VERTEX_POINT('',#3529);
#1034=VERTEX_POINT('',#3531);
#1035=VERTEX_POINT('',#3533);
#1036=VERTEX_POINT('',#3535);
#1037=VERTEX_POINT('',#3539);
#1038=VERTEX_POINT('',#3541);
#1039=VERTEX_POINT('',#3543);
#1040=VERTEX_POINT('',#3545);
#1041=VERTEX_POINT('',#3547);
#1042=VERTEX_POINT('',#3551);
#1043=VERTEX_POINT('',#3553);
#1044=VERTEX_POINT('',#3555);
#1045=VERTEX_POINT('',#3559);
#1046=VERTEX_POINT('',#3560);
#1047=VERTEX_POINT('',#3563);
#1048=VERTEX_POINT('',#3565);
#1049=VERTEX_POINT('',#3567);
#1050=VERTEX_POINT('',#3569);
#1051=VERTEX_POINT('',#3571);
#1052=VERTEX_POINT('',#3574);
#1053=VERTEX_POINT('',#3576);
#1054=VERTEX_POINT('',#3579);
#1055=VERTEX_POINT('',#3582);
#1056=VERTEX_POINT('',#3584);
#1057=VERTEX_POINT('',#3587);
#1058=VERTEX_POINT('',#3589);
#1059=VERTEX_POINT('',#3593);
#1060=VERTEX_POINT('',#3595);
#1061=VERTEX_POINT('',#3597);
#1062=VERTEX_POINT('',#3606);
#1063=VERTEX_POINT('',#3608);
#1064=VERTEX_POINT('',#3610);
#1065=VERTEX_POINT('',#3612);
#1066=VERTEX_POINT('',#3614);
#1067=VERTEX_POINT('',#3618);
#1068=VERTEX_POINT('',#3622);
#1069=VERTEX_POINT('',#3626);
#1070=VERTEX_POINT('',#3630);
#1071=VERTEX_POINT('',#3632);
#1072=VERTEX_POINT('',#3634);
#1073=VERTEX_POINT('',#3636);
#1074=VERTEX_POINT('',#3638);
#1075=VERTEX_POINT('',#3640);
#1076=VERTEX_POINT('',#3644);
#1077=VERTEX_POINT('',#3646);
#1078=VERTEX_POINT('',#3650);
#1079=VERTEX_POINT('',#3654);
#1080=VERTEX_POINT('',#3658);
#1081=VERTEX_POINT('',#3662);
#1082=VERTEX_POINT('',#3664);
#1083=VERTEX_POINT('',#3666);
#1084=VERTEX_POINT('',#3668);
#1085=VERTEX_POINT('',#3670);
#1086=VERTEX_POINT('',#3672);
#1087=VERTEX_POINT('',#3676);
#1088=VERTEX_POINT('',#3678);
#1089=VERTEX_POINT('',#3680);
#1090=VERTEX_POINT('',#3682);
#1091=VERTEX_POINT('',#3684);
#1092=VERTEX_POINT('',#3687);
#1093=VERTEX_POINT('',#3690);
#1094=VERTEX_POINT('',#3692);
#1095=VERTEX_POINT('',#3695);
#1096=VERTEX_POINT('',#3697);
#1097=VERTEX_POINT('',#3702);
#1098=VERTEX_POINT('',#3713);
#1099=VERTEX_POINT('',#3715);
#1100=VERTEX_POINT('',#3724);
#1101=VERTEX_POINT('',#3726);
#1102=VERTEX_POINT('',#3737);
#1103=VERTEX_POINT('',#3739);
#1104=VERTEX_POINT('',#3743);
#1105=VERTEX_POINT('',#3747);
#1106=VERTEX_POINT('',#3750);
#1107=VERTEX_POINT('',#3753);
#1108=VERTEX_POINT('',#3758);
#1109=VERTEX_POINT('',#3760);
#1110=VERTEX_POINT('',#3762);
#1111=VERTEX_POINT('',#3764);
#1112=VERTEX_POINT('',#3769);
#1113=VERTEX_POINT('',#3771);
#1114=VERTEX_POINT('',#3775);
#1115=VERTEX_POINT('',#3777);
#1116=VERTEX_POINT('',#3781);
#1117=VERTEX_POINT('',#3785);
#1118=VERTEX_POINT('',#3787);
#1119=VERTEX_POINT('',#3793);
#1120=VERTEX_POINT('',#3797);
#1121=VERTEX_POINT('',#3801);
#1122=VERTEX_POINT('',#3810);
#1123=VERTEX_POINT('',#3812);
#1124=VERTEX_POINT('',#3816);
#1125=VERTEX_POINT('',#3818);
#1126=VERTEX_POINT('',#3822);
#1127=VERTEX_POINT('',#3826);
#1128=VERTEX_POINT('',#3828);
#1129=VERTEX_POINT('',#3834);
#1130=VERTEX_POINT('',#3838);
#1131=VERTEX_POINT('',#3842);
#1132=VERTEX_POINT('',#3854);
#1133=VERTEX_POINT('',#3855);
#1134=VERTEX_POINT('',#3861);
#1135=VERTEX_POINT('',#3862);
#1136=VERTEX_POINT('',#3865);
#1137=VERTEX_POINT('',#3867);
#1138=VERTEX_POINT('',#3872);
#1139=VERTEX_POINT('',#3879);
#1140=VERTEX_POINT('',#3881);
#1141=VERTEX_POINT('',#3889);
#1142=VERTEX_POINT('',#3891);
#1143=VERTEX_POINT('',#3913);
#1144=VERTEX_POINT('',#3917);
#1145=VERTEX_POINT('',#3921);
#1146=VERTEX_POINT('',#3925);
#1147=VERTEX_POINT('',#3929);
#1148=EDGE_CURVE('',#937,#938,#905,.T.);
#1149=EDGE_CURVE('',#938,#939,#906,.T.);
#1150=EDGE_CURVE('',#939,#940,#907,.T.);
#1151=EDGE_CURVE('',#940,#941,#908,.T.);
#1152=EDGE_CURVE('',#941,#942,#909,.T.);
#1153=EDGE_CURVE('',#942,#937,#910,.T.);
#1154=EDGE_CURVE('',#943,#939,#911,.T.);
#1155=EDGE_CURVE('',#938,#944,#912,.T.);
#1156=EDGE_CURVE('',#944,#945,#913,.T.);
#1157=EDGE_CURVE('',#943,#945,#914,.T.);
#1158=EDGE_CURVE('',#945,#942,#915,.T.);
#1159=EDGE_CURVE('',#941,#943,#916,.T.);
#1160=EDGE_CURVE('',#946,#938,#50,.F.);
#1161=EDGE_CURVE('',#946,#947,#51,.T.);
#1162=EDGE_CURVE('',#948,#947,#52,.T.);
#1163=EDGE_CURVE('',#944,#948,#53,.T.);
#1164=EDGE_CURVE('',#937,#949,#54,.F.);
#1165=EDGE_CURVE('',#950,#949,#55,.T.);
#1166=EDGE_CURVE('',#946,#950,#56,.F.);
#1167=EDGE_CURVE('',#940,#951,#57,.T.);
#1168=EDGE_CURVE('',#952,#951,#917,.T.);
#1169=EDGE_CURVE('',#953,#952,#918,.T.);
#1170=EDGE_CURVE('',#954,#953,#919,.T.);
#1171=EDGE_CURVE('',#951,#954,#920,.T.);
#1172=EDGE_CURVE('',#955,#956,#921,.T.);
#1173=EDGE_CURVE('',#956,#954,#922,.T.);
#1174=EDGE_CURVE('',#953,#957,#923,.T.);
#1175=EDGE_CURVE('',#957,#955,#924,.T.);
#1176=EDGE_CURVE('',#952,#958,#925,.T.);
#1177=EDGE_CURVE('',#958,#959,#926,.T.);
#1178=EDGE_CURVE('',#959,#960,#927,.T.);
#1179=EDGE_CURVE('',#957,#960,#928,.T.);
#1180=EDGE_CURVE('',#956,#961,#929,.T.);
#1181=EDGE_CURVE('',#961,#958,#930,.T.);
#1182=EDGE_CURVE('',#962,#956,#58,.T.);
#1183=EDGE_CURVE('',#962,#963,#59,.F.);
#1184=EDGE_CURVE('',#964,#963,#60,.T.);
#1185=EDGE_CURVE('',#961,#964,#61,.T.);
#1186=EDGE_CURVE('',#955,#965,#62,.F.);
#1187=EDGE_CURVE('',#966,#965,#63,.T.);
#1188=EDGE_CURVE('',#962,#966,#64,.T.);
#1189=EDGE_CURVE('',#967,#967,#27,.T.);
#1190=EDGE_CURVE('',#967,#968,#65,.T.);
#1191=EDGE_CURVE('',#968,#968,#28,.T.);
#1192=EDGE_CURVE('',#969,#969,#29,.T.);
#1193=EDGE_CURVE('',#969,#968,#66,.T.);
#1194=EDGE_CURVE('',#967,#970,#67,.T.);
#1195=EDGE_CURVE('',#971,#970,#30,.T.);
#1196=EDGE_CURVE('',#972,#971,#25,.T.);
#1197=EDGE_CURVE('',#970,#972,#31,.T.);
#1198=EDGE_CURVE('',#973,#974,#931,.T.);
#1199=EDGE_CURVE('',#975,#973,#932,.T.);
#1200=EDGE_CURVE('',#974,#975,#933,.T.);
#1201=EDGE_CURVE('',#976,#976,#32,.T.);
#1202=EDGE_CURVE('',#976,#977,#68,.T.);
#1203=EDGE_CURVE('',#977,#977,#33,.T.);
#1204=EDGE_CURVE('',#978,#978,#34,.T.);
#1205=EDGE_CURVE('',#978,#976,#69,.T.);
#1206=EDGE_CURVE('',#977,#979,#70,.T.);
#1207=EDGE_CURVE('',#980,#979,#35,.T.);
#1208=EDGE_CURVE('',#981,#980,#26,.T.);
#1209=EDGE_CURVE('',#979,#981,#36,.T.);
#1210=EDGE_CURVE('',#982,#983,#934,.T.);
#1211=EDGE_CURVE('',#984,#982,#935,.T.);
#1212=EDGE_CURVE('',#983,#984,#936,.T.);
#1213=EDGE_CURVE('',#985,#972,#71,.T.);
#1214=EDGE_CURVE('',#985,#986,#72,.T.);
#1215=EDGE_CURVE('',#986,#987,#73,.T.);
#1216=EDGE_CURVE('',#987,#988,#74,.T.);
#1217=EDGE_CURVE('',#988,#989,#75,.T.);
#1218=EDGE_CURVE('',#989,#990,#76,.T.);
#1219=EDGE_CURVE('',#990,#991,#77,.T.);
#1220=EDGE_CURVE('',#991,#992,#78,.T.);
#1221=EDGE_CURVE('',#993,#992,#79,.T.);
#1222=EDGE_CURVE('',#993,#994,#80,.T.);
#1223=EDGE_CURVE('',#994,#995,#81,.T.);
#1224=EDGE_CURVE('',#995,#996,#82,.T.);
#1225=EDGE_CURVE('',#971,#996,#83,.T.);
#1226=EDGE_CURVE('',#997,#998,#84,.T.);
#1227=EDGE_CURVE('',#998,#999,#85,.T.);
#1228=EDGE_CURVE('',#999,#1000,#86,.T.);
#1229=EDGE_CURVE('',#1000,#1001,#87,.T.);
#1230=EDGE_CURVE('',#1001,#1002,#88,.T.);
#1231=EDGE_CURVE('',#1002,#1003,#89,.T.);
#1232=EDGE_CURVE('',#1003,#1004,#90,.T.);
#1233=EDGE_CURVE('',#1004,#1005,#91,.T.);
#1234=EDGE_CURVE('',#1005,#1006,#92,.T.);
#1235=EDGE_CURVE('',#1006,#997,#93,.T.);
#1236=EDGE_CURVE('',#1007,#981,#94,.T.);
#1237=EDGE_CURVE('',#1007,#1008,#95,.T.);
#1238=EDGE_CURVE('',#1008,#1009,#96,.T.);
#1239=EDGE_CURVE('',#1009,#1010,#97,.T.);
#1240=EDGE_CURVE('',#1011,#1010,#98,.T.);
#1241=EDGE_CURVE('',#1011,#1012,#99,.T.);
#1242=EDGE_CURVE('',#1012,#1013,#100,.T.);
#1243=EDGE_CURVE('',#1013,#1014,#101,.T.);
#1244=EDGE_CURVE('',#1014,#1015,#102,.T.);
#1245=EDGE_CURVE('',#1015,#1016,#103,.T.);
#1246=EDGE_CURVE('',#1017,#1016,#104,.T.);
#1247=EDGE_CURVE('',#1017,#1018,#105,.T.);
#1248=EDGE_CURVE('',#980,#1018,#106,.T.);
#1249=EDGE_CURVE('',#1019,#1020,#107,.T.);
#1250=EDGE_CURVE('',#1020,#1021,#108,.T.);
#1251=EDGE_CURVE('',#1021,#1022,#109,.T.);
#1252=EDGE_CURVE('',#1022,#1023,#110,.T.);
#1253=EDGE_CURVE('',#1023,#1024,#111,.T.);
#1254=EDGE_CURVE('',#1024,#1025,#112,.T.);
#1255=EDGE_CURVE('',#1025,#1026,#113,.T.);
#1256=EDGE_CURVE('',#1026,#1027,#114,.T.);
#1257=EDGE_CURVE('',#1027,#1028,#115,.T.);
#1258=EDGE_CURVE('',#1028,#1019,#116,.T.);
#1259=EDGE_CURVE('',#1029,#1030,#117,.T.);
#1260=EDGE_CURVE('',#1031,#1030,#118,.T.);
#1261=EDGE_CURVE('',#1032,#1031,#119,.T.);
#1262=EDGE_CURVE('',#1033,#1032,#120,.T.);
#1263=EDGE_CURVE('',#1033,#1034,#121,.F.);
#1264=EDGE_CURVE('',#1034,#1035,#122,.T.);
#1265=EDGE_CURVE('',#1035,#1036,#123,.T.);
#1266=EDGE_CURVE('',#1036,#1029,#124,.F.);
#1267=EDGE_CURVE('',#1037,#950,#125,.T.);
#1268=EDGE_CURVE('',#1038,#1037,#126,.T.);
#1269=EDGE_CURVE('',#1039,#1038,#127,.T.);
#1270=EDGE_CURVE('',#1040,#1039,#128,.T.);
#1271=EDGE_CURVE('',#1041,#1040,#129,.T.);
#1272=EDGE_CURVE('',#947,#1041,#130,.T.);
#1273=EDGE_CURVE('',#1042,#948,#131,.T.);
#1274=EDGE_CURVE('',#1043,#1042,#132,.T.);
#1275=EDGE_CURVE('',#1044,#1043,#133,.T.);
#1276=EDGE_CURVE('',#949,#1044,#134,.T.);
#1277=EDGE_CURVE('',#1045,#1046,#135,.T.);
#1278=EDGE_CURVE('',#1046,#1008,#136,.T.);
#1279=EDGE_CURVE('',#1047,#1007,#137,.T.);
#1280=EDGE_CURVE('',#1048,#1047,#138,.T.);
#1281=EDGE_CURVE('',#1049,#1048,#139,.T.);
#1282=EDGE_CURVE('',#1049,#1050,#140,.T.);
#1283=EDGE_CURVE('',#1050,#1051,#141,.T.);
#1284=EDGE_CURVE('',#1051,#1033,#142,.T.);
#1285=EDGE_CURVE('',#1052,#1032,#143,.T.);
#1286=EDGE_CURVE('',#1053,#1052,#144,.T.);
#1287=EDGE_CURVE('',#996,#1053,#145,.T.);
#1288=EDGE_CURVE('',#1054,#995,#146,.T.);
#1289=EDGE_CURVE('',#1045,#1054,#147,.T.);
#1290=EDGE_CURVE('',#1055,#1055,#37,.T.);
#1291=EDGE_CURVE('',#1056,#1056,#38,.T.);
#1292=EDGE_CURVE('',#1045,#1057,#148,.T.);
#1293=EDGE_CURVE('',#1058,#1057,#149,.T.);
#1294=EDGE_CURVE('',#1046,#1058,#150,.T.);
#1295=EDGE_CURVE('',#1059,#1043,#151,.T.);
#1296=EDGE_CURVE('',#1060,#1059,#152,.T.);
#1297=EDGE_CURVE('',#1061,#1060,#153,.T.);
#1298=EDGE_CURVE('',#1061,#1044,#154,.T.);
#1299=EDGE_CURVE('',#1035,#1042,#155,.F.);
#1300=EDGE_CURVE('',#1059,#1034,#156,.T.);
#1301=EDGE_CURVE('',#1036,#1041,#157,.T.);
#1302=EDGE_CURVE('',#1031,#1062,#158,.T.);
#1303=EDGE_CURVE('',#1062,#1063,#159,.T.);
#1304=EDGE_CURVE('',#1063,#1064,#160,.T.);
#1305=EDGE_CURVE('',#1064,#1065,#161,.T.);
#1306=EDGE_CURVE('',#1065,#1066,#162,.T.);
#1307=EDGE_CURVE('',#1066,#1052,#163,.T.);
#1308=EDGE_CURVE('',#1067,#1066,#164,.T.);
#1309=EDGE_CURVE('',#1053,#1067,#165,.T.);
#1310=EDGE_CURVE('',#1068,#1065,#166,.T.);
#1311=EDGE_CURVE('',#1067,#1068,#167,.T.);
#1312=EDGE_CURVE('',#1069,#1064,#168,.T.);
#1313=EDGE_CURVE('',#1068,#1069,#169,.T.);
#1314=EDGE_CURVE('',#1048,#1070,#170,.T.);
#1315=EDGE_CURVE('',#1070,#1071,#171,.T.);
#1316=EDGE_CURVE('',#1071,#1072,#172,.T.);
#1317=EDGE_CURVE('',#1072,#1073,#173,.T.);
#1318=EDGE_CURVE('',#1073,#1074,#174,.T.);
#1319=EDGE_CURVE('',#1074,#1075,#175,.T.);
#1320=EDGE_CURVE('',#1075,#1049,#176,.T.);
#1321=EDGE_CURVE('',#1073,#1076,#177,.T.);
#1322=EDGE_CURVE('',#1077,#1076,#178,.T.);
#1323=EDGE_CURVE('',#1074,#1077,#179,.T.);
#1324=EDGE_CURVE('',#1072,#1078,#180,.T.);
#1325=EDGE_CURVE('',#1076,#1078,#181,.T.);
#1326=EDGE_CURVE('',#1071,#1079,#182,.T.);
#1327=EDGE_CURVE('',#1078,#1079,#183,.T.);
#1328=EDGE_CURVE('',#1070,#1080,#184,.T.);
#1329=EDGE_CURVE('',#1079,#1080,#185,.T.);
#1330=EDGE_CURVE('',#1030,#1081,#186,.T.);
#1331=EDGE_CURVE('',#1081,#1082,#187,.T.);
#1332=EDGE_CURVE('',#1082,#1083,#188,.T.);
#1333=EDGE_CURVE('',#1083,#1084,#189,.T.);
#1334=EDGE_CURVE('',#1084,#1085,#190,.T.);
#1335=EDGE_CURVE('',#1085,#1086,#191,.T.);
#1336=EDGE_CURVE('',#1086,#1075,#192,.T.);
#1337=EDGE_CURVE('',#1018,#1077,#193,.T.);
#1338=EDGE_CURVE('',#1087,#1017,#194,.T.);
#1339=EDGE_CURVE('',#1088,#1087,#195,.T.);
#1340=EDGE_CURVE('',#1089,#1088,#196,.T.);
#1341=EDGE_CURVE('',#1089,#1090,#197,.F.);
#1342=EDGE_CURVE('',#1090,#1091,#198,.F.);
#1343=EDGE_CURVE('',#1091,#986,#199,.F.);
#1344=EDGE_CURVE('',#1092,#985,#200,.T.);
#1345=EDGE_CURVE('',#1092,#1062,#201,.T.);
#1346=EDGE_CURVE('',#1093,#1093,#39,.T.);
#1347=EDGE_CURVE('',#1094,#1094,#40,.T.);
#1348=EDGE_CURVE('',#1086,#1095,#202,.T.);
#1349=EDGE_CURVE('',#1095,#1096,#203,.F.);
#1350=EDGE_CURVE('',#1096,#1061,#204,.T.);
#1351=EDGE_CURVE('',#1050,#1060,#205,.T.);
#1352=EDGE_CURVE('',#1097,#1063,#206,.T.);
#1353=EDGE_CURVE('',#1069,#1097,#207,.T.);
#1354=EDGE_CURVE('',#1097,#1092,#208,.T.);
#1355=EDGE_CURVE('',#1080,#1047,#209,.T.);
#1356=EDGE_CURVE('',#1096,#1037,#210,.F.);
#1357=EDGE_CURVE('',#1098,#1095,#211,.T.);
#1358=EDGE_CURVE('',#1098,#1099,#212,.T.);
#1359=EDGE_CURVE('',#1038,#1099,#213,.T.);
#1360=EDGE_CURVE('',#1084,#1099,#214,.T.);
#1361=EDGE_CURVE('',#1083,#1039,#215,.T.);
#1362=EDGE_CURVE('',#1085,#1098,#216,.F.);
#1363=EDGE_CURVE('',#1100,#1040,#217,.T.);
#1364=EDGE_CURVE('',#1100,#1101,#218,.T.);
#1365=EDGE_CURVE('',#1029,#1101,#219,.T.);
#1366=EDGE_CURVE('',#1081,#1101,#220,.T.);
#1367=EDGE_CURVE('',#1082,#1100,#221,.T.);
#1368=EDGE_CURVE('',#1102,#964,#222,.T.);
#1369=EDGE_CURVE('',#1103,#1102,#223,.T.);
#1370=EDGE_CURVE('',#965,#1103,#224,.T.);
#1371=EDGE_CURVE('',#1104,#966,#225,.T.);
#1372=EDGE_CURVE('',#963,#1104,#226,.T.);
#1373=EDGE_CURVE('',#1057,#1105,#227,.T.);
#1374=EDGE_CURVE('',#1105,#994,#228,.T.);
#1375=EDGE_CURVE('',#994,#1106,#229,.T.);
#1376=EDGE_CURVE('',#1103,#1106,#230,.T.);
#1377=EDGE_CURVE('',#1107,#1102,#231,.T.);
#1378=EDGE_CURVE('',#1107,#1009,#232,.T.);
#1379=EDGE_CURVE('',#1009,#1058,#233,.T.);
#1380=EDGE_CURVE('',#1104,#1108,#234,.T.);
#1381=EDGE_CURVE('',#1108,#1109,#235,.T.);
#1382=EDGE_CURVE('',#1109,#1110,#236,.T.);
#1383=EDGE_CURVE('',#1110,#1111,#237,.T.);
#1384=EDGE_CURVE('',#1111,#1011,#238,.T.);
#1385=EDGE_CURVE('',#1010,#1107,#239,.T.);
#1386=EDGE_CURVE('',#998,#1112,#240,.T.);
#1387=EDGE_CURVE('',#997,#1113,#241,.T.);
#1388=EDGE_CURVE('',#1113,#1112,#242,.T.);
#1389=EDGE_CURVE('',#999,#1114,#243,.T.);
#1390=EDGE_CURVE('',#1112,#1115,#244,.T.);
#1391=EDGE_CURVE('',#1115,#1114,#245,.T.);
#1392=EDGE_CURVE('',#1000,#1116,#246,.T.);
#1393=EDGE_CURVE('',#1114,#1116,#247,.T.);
#1394=EDGE_CURVE('',#1001,#1117,#248,.T.);
#1395=EDGE_CURVE('',#1116,#1118,#249,.T.);
#1396=EDGE_CURVE('',#1117,#1118,#250,.T.);
#1397=EDGE_CURVE('',#1002,#1117,#251,.T.);
#1398=EDGE_CURVE('',#1003,#1119,#252,.T.);
#1399=EDGE_CURVE('',#1118,#1119,#253,.T.);
#1400=EDGE_CURVE('',#1004,#1120,#254,.T.);
#1401=EDGE_CURVE('',#1119,#1120,#255,.T.);
#1402=EDGE_CURVE('',#1005,#1121,#256,.T.);
#1403=EDGE_CURVE('',#1120,#1121,#257,.T.);
#1404=EDGE_CURVE('',#1006,#1113,#258,.T.);
#1405=EDGE_CURVE('',#1121,#1115,#259,.T.);
#1406=EDGE_CURVE('',#1019,#1122,#260,.T.);
#1407=EDGE_CURVE('',#1123,#1122,#261,.T.);
#1408=EDGE_CURVE('',#1020,#1123,#262,.T.);
#1409=EDGE_CURVE('',#1028,#1124,#263,.T.);
#1410=EDGE_CURVE('',#1125,#1124,#264,.T.);
#1411=EDGE_CURVE('',#1122,#1125,#265,.T.);
#1412=EDGE_CURVE('',#1027,#1126,#266,.T.);
#1413=EDGE_CURVE('',#1124,#1126,#267,.T.);
#1414=EDGE_CURVE('',#1026,#1127,#268,.T.);
#1415=EDGE_CURVE('',#1127,#1128,#269,.T.);
#1416=EDGE_CURVE('',#1126,#1128,#270,.T.);
#1417=EDGE_CURVE('',#1025,#1127,#271,.T.);
#1418=EDGE_CURVE('',#1024,#1129,#272,.T.);
#1419=EDGE_CURVE('',#1128,#1129,#273,.T.);
#1420=EDGE_CURVE('',#1023,#1130,#274,.T.);
#1421=EDGE_CURVE('',#1129,#1130,#275,.T.);
#1422=EDGE_CURVE('',#1022,#1131,#276,.T.);
#1423=EDGE_CURVE('',#1130,#1131,#277,.T.);
#1424=EDGE_CURVE('',#1021,#1123,#278,.T.);
#1425=EDGE_CURVE('',#1131,#1125,#279,.T.);
#1426=EDGE_CURVE('',#1051,#1059,#280,.T.);
#1427=EDGE_CURVE('',#1132,#1133,#281,.T.);
#1428=EDGE_CURVE('',#1014,#1132,#282,.T.);
#1429=EDGE_CURVE('',#1110,#1013,#283,.T.);
#1430=EDGE_CURVE('',#1133,#1109,#284,.T.);
#1431=EDGE_CURVE('',#1134,#1135,#285,.T.);
#1432=EDGE_CURVE('',#990,#1134,#286,.T.);
#1433=EDGE_CURVE('',#1136,#989,#287,.T.);
#1434=EDGE_CURVE('',#1137,#1136,#288,.T.);
#1435=EDGE_CURVE('',#1135,#1137,#289,.T.);
#1436=EDGE_CURVE('',#1106,#993,#290,.T.);
#1437=EDGE_CURVE('',#992,#1138,#291,.T.);
#1438=EDGE_CURVE('',#1138,#1134,#292,.T.);
#1439=EDGE_CURVE('',#1135,#1108,#293,.T.);
#1440=EDGE_CURVE('',#1137,#1133,#294,.T.);
#1441=EDGE_CURVE('',#1136,#1139,#295,.T.);
#1442=EDGE_CURVE('',#1140,#1139,#296,.T.);
#1443=EDGE_CURVE('',#1140,#1132,#297,.T.);
#1444=EDGE_CURVE('',#1139,#988,#298,.T.);
#1445=EDGE_CURVE('',#1015,#1140,#299,.T.);
#1446=EDGE_CURVE('',#987,#1141,#300,.T.);
#1447=EDGE_CURVE('',#1141,#1142,#301,.T.);
#1448=EDGE_CURVE('',#1142,#1016,#302,.T.);
#1449=EDGE_CURVE('',#1138,#991,#303,.T.);
#1450=EDGE_CURVE('',#1111,#1012,#304,.T.);
#1451=EDGE_CURVE('',#1094,#974,#305,.T.);
#1452=EDGE_CURVE('',#975,#1056,#306,.T.);
#1453=EDGE_CURVE('',#1093,#983,#307,.T.);
#1454=EDGE_CURVE('',#984,#1055,#308,.T.);
#1455=EDGE_CURVE('',#1054,#1105,#309,.T.);
#1456=EDGE_CURVE('',#1142,#1143,#310,.F.);
#1457=EDGE_CURVE('',#1087,#1143,#311,.T.);
#1458=EDGE_CURVE('',#1091,#1144,#312,.T.);
#1459=EDGE_CURVE('',#1144,#1141,#313,.F.);
#1460=EDGE_CURVE('',#1090,#1145,#314,.F.);
#1461=EDGE_CURVE('',#1145,#1144,#315,.F.);
#1462=EDGE_CURVE('',#1089,#1146,#316,.F.);
#1463=EDGE_CURVE('',#1146,#1145,#317,.F.);
#1464=EDGE_CURVE('',#1088,#1147,#318,.F.);
#1465=EDGE_CURVE('',#1147,#1146,#319,.F.);
#1466=EDGE_CURVE('',#1143,#1147,#320,.F.);
#1467=ORIENTED_EDGE('',*,*,#1148,.T.);
#1468=ORIENTED_EDGE('',*,*,#1149,.T.);
#1469=ORIENTED_EDGE('',*,*,#1150,.T.);
#1470=ORIENTED_EDGE('',*,*,#1151,.T.);
#1471=ORIENTED_EDGE('',*,*,#1152,.T.);
#1472=ORIENTED_EDGE('',*,*,#1153,.T.);
#1473=ORIENTED_EDGE('',*,*,#1154,.T.);
#1474=ORIENTED_EDGE('',*,*,#1149,.F.);
#1475=ORIENTED_EDGE('',*,*,#1155,.T.);
#1476=ORIENTED_EDGE('',*,*,#1156,.T.);
#1477=ORIENTED_EDGE('',*,*,#1157,.F.);
#1478=ORIENTED_EDGE('',*,*,#1158,.T.);
#1479=ORIENTED_EDGE('',*,*,#1152,.F.);
#1480=ORIENTED_EDGE('',*,*,#1159,.T.);
#1481=ORIENTED_EDGE('',*,*,#1157,.T.);
#1482=ORIENTED_EDGE('',*,*,#1155,.F.);
#1483=ORIENTED_EDGE('',*,*,#1160,.F.);
#1484=ORIENTED_EDGE('',*,*,#1161,.T.);
#1485=ORIENTED_EDGE('',*,*,#1162,.F.);
#1486=ORIENTED_EDGE('',*,*,#1163,.F.);
#1487=ORIENTED_EDGE('',*,*,#1148,.F.);
#1488=ORIENTED_EDGE('',*,*,#1164,.T.);
#1489=ORIENTED_EDGE('',*,*,#1165,.F.);
#1490=ORIENTED_EDGE('',*,*,#1166,.F.);
#1491=ORIENTED_EDGE('',*,*,#1160,.T.);
#1492=ORIENTED_EDGE('',*,*,#1150,.F.);
#1493=ORIENTED_EDGE('',*,*,#1154,.F.);
#1494=ORIENTED_EDGE('',*,*,#1159,.F.);
#1495=ORIENTED_EDGE('',*,*,#1151,.F.);
#1496=ORIENTED_EDGE('',*,*,#1167,.T.);
#1497=ORIENTED_EDGE('',*,*,#1168,.F.);
#1498=ORIENTED_EDGE('',*,*,#1169,.F.);
#1499=ORIENTED_EDGE('',*,*,#1170,.F.);
#1500=ORIENTED_EDGE('',*,*,#1171,.F.);
#1501=ORIENTED_EDGE('',*,*,#1167,.F.);
#1502=ORIENTED_EDGE('',*,*,#1172,.T.);
#1503=ORIENTED_EDGE('',*,*,#1173,.T.);
#1504=ORIENTED_EDGE('',*,*,#1170,.T.);
#1505=ORIENTED_EDGE('',*,*,#1174,.T.);
#1506=ORIENTED_EDGE('',*,*,#1175,.T.);
#1507=ORIENTED_EDGE('',*,*,#1169,.T.);
#1508=ORIENTED_EDGE('',*,*,#1176,.T.);
#1509=ORIENTED_EDGE('',*,*,#1177,.T.);
#1510=ORIENTED_EDGE('',*,*,#1178,.T.);
#1511=ORIENTED_EDGE('',*,*,#1179,.F.);
#1512=ORIENTED_EDGE('',*,*,#1174,.F.);
#1513=ORIENTED_EDGE('',*,*,#1180,.T.);
#1514=ORIENTED_EDGE('',*,*,#1181,.T.);
#1515=ORIENTED_EDGE('',*,*,#1176,.F.);
#1516=ORIENTED_EDGE('',*,*,#1168,.T.);
#1517=ORIENTED_EDGE('',*,*,#1171,.T.);
#1518=ORIENTED_EDGE('',*,*,#1173,.F.);
#1519=ORIENTED_EDGE('',*,*,#1180,.F.);
#1520=ORIENTED_EDGE('',*,*,#1182,.F.);
#1521=ORIENTED_EDGE('',*,*,#1183,.T.);
#1522=ORIENTED_EDGE('',*,*,#1184,.F.);
#1523=ORIENTED_EDGE('',*,*,#1185,.F.);
#1524=ORIENTED_EDGE('',*,*,#1172,.F.);
#1525=ORIENTED_EDGE('',*,*,#1186,.T.);
#1526=ORIENTED_EDGE('',*,*,#1187,.F.);
#1527=ORIENTED_EDGE('',*,*,#1188,.F.);
#1528=ORIENTED_EDGE('',*,*,#1182,.T.);
#1529=ORIENTED_EDGE('',*,*,#1189,.F.);
#1530=ORIENTED_EDGE('',*,*,#1190,.T.);
#1531=ORIENTED_EDGE('',*,*,#1191,.F.);
#1532=ORIENTED_EDGE('',*,*,#1190,.F.);
#1533=ORIENTED_EDGE('',*,*,#1192,.F.);
#1534=ORIENTED_EDGE('',*,*,#1193,.T.);
#1535=ORIENTED_EDGE('',*,*,#1191,.T.);
#1536=ORIENTED_EDGE('',*,*,#1193,.F.);
#1537=ORIENTED_EDGE('',*,*,#1189,.T.);
#1538=ORIENTED_EDGE('',*,*,#1194,.T.);
#1539=ORIENTED_EDGE('',*,*,#1195,.F.);
#1540=ORIENTED_EDGE('',*,*,#1196,.F.);
#1541=ORIENTED_EDGE('',*,*,#1197,.F.);
#1542=ORIENTED_EDGE('',*,*,#1194,.F.);
#1543=ORIENTED_EDGE('',*,*,#1198,.F.);
#1544=ORIENTED_EDGE('',*,*,#1199,.F.);
#1545=ORIENTED_EDGE('',*,*,#1200,.F.);
#1546=ORIENTED_EDGE('',*,*,#1201,.F.);
#1547=ORIENTED_EDGE('',*,*,#1202,.T.);
#1548=ORIENTED_EDGE('',*,*,#1203,.T.);
#1549=ORIENTED_EDGE('',*,*,#1202,.F.);
#1550=ORIENTED_EDGE('',*,*,#1204,.F.);
#1551=ORIENTED_EDGE('',*,*,#1205,.T.);
#1552=ORIENTED_EDGE('',*,*,#1201,.T.);
#1553=ORIENTED_EDGE('',*,*,#1205,.F.);
#1554=ORIENTED_EDGE('',*,*,#1203,.F.);
#1555=ORIENTED_EDGE('',*,*,#1206,.T.);
#1556=ORIENTED_EDGE('',*,*,#1207,.F.);
#1557=ORIENTED_EDGE('',*,*,#1208,.F.);
#1558=ORIENTED_EDGE('',*,*,#1209,.F.);
#1559=ORIENTED_EDGE('',*,*,#1206,.F.);
#1560=ORIENTED_EDGE('',*,*,#1210,.F.);
#1561=ORIENTED_EDGE('',*,*,#1211,.F.);
#1562=ORIENTED_EDGE('',*,*,#1212,.F.);
#1563=ORIENTED_EDGE('',*,*,#1195,.T.);
#1564=ORIENTED_EDGE('',*,*,#1197,.T.);
#1565=ORIENTED_EDGE('',*,*,#1213,.F.);
#1566=ORIENTED_EDGE('',*,*,#1214,.T.);
#1567=ORIENTED_EDGE('',*,*,#1215,.T.);
#1568=ORIENTED_EDGE('',*,*,#1216,.T.);
#1569=ORIENTED_EDGE('',*,*,#1217,.T.);
#1570=ORIENTED_EDGE('',*,*,#1218,.T.);
#1571=ORIENTED_EDGE('',*,*,#1219,.T.);
#1572=ORIENTED_EDGE('',*,*,#1220,.T.);
#1573=ORIENTED_EDGE('',*,*,#1221,.F.);
#1574=ORIENTED_EDGE('',*,*,#1222,.T.);
#1575=ORIENTED_EDGE('',*,*,#1223,.T.);
#1576=ORIENTED_EDGE('',*,*,#1224,.T.);
#1577=ORIENTED_EDGE('',*,*,#1225,.F.);
#1578=ORIENTED_EDGE('',*,*,#1226,.T.);
#1579=ORIENTED_EDGE('',*,*,#1227,.T.);
#1580=ORIENTED_EDGE('',*,*,#1228,.T.);
#1581=ORIENTED_EDGE('',*,*,#1229,.T.);
#1582=ORIENTED_EDGE('',*,*,#1230,.T.);
#1583=ORIENTED_EDGE('',*,*,#1231,.T.);
#1584=ORIENTED_EDGE('',*,*,#1232,.T.);
#1585=ORIENTED_EDGE('',*,*,#1233,.T.);
#1586=ORIENTED_EDGE('',*,*,#1234,.T.);
#1587=ORIENTED_EDGE('',*,*,#1235,.T.);
#1588=ORIENTED_EDGE('',*,*,#1207,.T.);
#1589=ORIENTED_EDGE('',*,*,#1209,.T.);
#1590=ORIENTED_EDGE('',*,*,#1236,.F.);
#1591=ORIENTED_EDGE('',*,*,#1237,.T.);
#1592=ORIENTED_EDGE('',*,*,#1238,.T.);
#1593=ORIENTED_EDGE('',*,*,#1239,.T.);
#1594=ORIENTED_EDGE('',*,*,#1240,.F.);
#1595=ORIENTED_EDGE('',*,*,#1241,.T.);
#1596=ORIENTED_EDGE('',*,*,#1242,.T.);
#1597=ORIENTED_EDGE('',*,*,#1243,.T.);
#1598=ORIENTED_EDGE('',*,*,#1244,.T.);
#1599=ORIENTED_EDGE('',*,*,#1245,.T.);
#1600=ORIENTED_EDGE('',*,*,#1246,.F.);
#1601=ORIENTED_EDGE('',*,*,#1247,.T.);
#1602=ORIENTED_EDGE('',*,*,#1248,.F.);
#1603=ORIENTED_EDGE('',*,*,#1249,.T.);
#1604=ORIENTED_EDGE('',*,*,#1250,.T.);
#1605=ORIENTED_EDGE('',*,*,#1251,.T.);
#1606=ORIENTED_EDGE('',*,*,#1252,.T.);
#1607=ORIENTED_EDGE('',*,*,#1253,.T.);
#1608=ORIENTED_EDGE('',*,*,#1254,.T.);
#1609=ORIENTED_EDGE('',*,*,#1255,.T.);
#1610=ORIENTED_EDGE('',*,*,#1256,.T.);
#1611=ORIENTED_EDGE('',*,*,#1257,.T.);
#1612=ORIENTED_EDGE('',*,*,#1258,.T.);
#1613=ORIENTED_EDGE('',*,*,#1259,.T.);
#1614=ORIENTED_EDGE('',*,*,#1260,.F.);
#1615=ORIENTED_EDGE('',*,*,#1261,.F.);
#1616=ORIENTED_EDGE('',*,*,#1262,.F.);
#1617=ORIENTED_EDGE('',*,*,#1263,.T.);
#1618=ORIENTED_EDGE('',*,*,#1264,.T.);
#1619=ORIENTED_EDGE('',*,*,#1265,.T.);
#1620=ORIENTED_EDGE('',*,*,#1266,.T.);
#1621=ORIENTED_EDGE('',*,*,#1192,.T.);
#1622=ORIENTED_EDGE('',*,*,#1267,.F.);
#1623=ORIENTED_EDGE('',*,*,#1268,.F.);
#1624=ORIENTED_EDGE('',*,*,#1269,.F.);
#1625=ORIENTED_EDGE('',*,*,#1270,.F.);
#1626=ORIENTED_EDGE('',*,*,#1271,.F.);
#1627=ORIENTED_EDGE('',*,*,#1272,.F.);
#1628=ORIENTED_EDGE('',*,*,#1161,.F.);
#1629=ORIENTED_EDGE('',*,*,#1166,.T.);
#1630=ORIENTED_EDGE('',*,*,#1156,.F.);
#1631=ORIENTED_EDGE('',*,*,#1163,.T.);
#1632=ORIENTED_EDGE('',*,*,#1273,.F.);
#1633=ORIENTED_EDGE('',*,*,#1274,.F.);
#1634=ORIENTED_EDGE('',*,*,#1275,.F.);
#1635=ORIENTED_EDGE('',*,*,#1276,.F.);
#1636=ORIENTED_EDGE('',*,*,#1164,.F.);
#1637=ORIENTED_EDGE('',*,*,#1153,.F.);
#1638=ORIENTED_EDGE('',*,*,#1158,.F.);
#1639=ORIENTED_EDGE('',*,*,#1277,.T.);
#1640=ORIENTED_EDGE('',*,*,#1278,.T.);
#1641=ORIENTED_EDGE('',*,*,#1237,.F.);
#1642=ORIENTED_EDGE('',*,*,#1279,.F.);
#1643=ORIENTED_EDGE('',*,*,#1280,.F.);
#1644=ORIENTED_EDGE('',*,*,#1281,.F.);
#1645=ORIENTED_EDGE('',*,*,#1282,.T.);
#1646=ORIENTED_EDGE('',*,*,#1283,.T.);
#1647=ORIENTED_EDGE('',*,*,#1284,.T.);
#1648=ORIENTED_EDGE('',*,*,#1262,.T.);
#1649=ORIENTED_EDGE('',*,*,#1285,.F.);
#1650=ORIENTED_EDGE('',*,*,#1286,.F.);
#1651=ORIENTED_EDGE('',*,*,#1287,.F.);
#1652=ORIENTED_EDGE('',*,*,#1224,.F.);
#1653=ORIENTED_EDGE('',*,*,#1288,.F.);
#1654=ORIENTED_EDGE('',*,*,#1289,.F.);
#1655=ORIENTED_EDGE('',*,*,#1290,.F.);
#1656=ORIENTED_EDGE('',*,*,#1291,.F.);
#1657=ORIENTED_EDGE('',*,*,#1277,.F.);
#1658=ORIENTED_EDGE('',*,*,#1292,.T.);
#1659=ORIENTED_EDGE('',*,*,#1293,.F.);
#1660=ORIENTED_EDGE('',*,*,#1294,.F.);
#1661=ORIENTED_EDGE('',*,*,#1275,.T.);
#1662=ORIENTED_EDGE('',*,*,#1295,.F.);
#1663=ORIENTED_EDGE('',*,*,#1296,.F.);
#1664=ORIENTED_EDGE('',*,*,#1297,.F.);
#1665=ORIENTED_EDGE('',*,*,#1298,.T.);
#1666=ORIENTED_EDGE('',*,*,#1274,.T.);
#1667=ORIENTED_EDGE('',*,*,#1299,.F.);
#1668=ORIENTED_EDGE('',*,*,#1264,.F.);
#1669=ORIENTED_EDGE('',*,*,#1300,.F.);
#1670=ORIENTED_EDGE('',*,*,#1295,.T.);
#1671=ORIENTED_EDGE('',*,*,#1273,.T.);
#1672=ORIENTED_EDGE('',*,*,#1162,.T.);
#1673=ORIENTED_EDGE('',*,*,#1272,.T.);
#1674=ORIENTED_EDGE('',*,*,#1301,.F.);
#1675=ORIENTED_EDGE('',*,*,#1265,.F.);
#1676=ORIENTED_EDGE('',*,*,#1299,.T.);
#1677=ORIENTED_EDGE('',*,*,#1302,.T.);
#1678=ORIENTED_EDGE('',*,*,#1303,.T.);
#1679=ORIENTED_EDGE('',*,*,#1304,.T.);
#1680=ORIENTED_EDGE('',*,*,#1305,.T.);
#1681=ORIENTED_EDGE('',*,*,#1306,.T.);
#1682=ORIENTED_EDGE('',*,*,#1307,.T.);
#1683=ORIENTED_EDGE('',*,*,#1285,.T.);
#1684=ORIENTED_EDGE('',*,*,#1261,.T.);
#1685=ORIENTED_EDGE('',*,*,#1307,.F.);
#1686=ORIENTED_EDGE('',*,*,#1308,.F.);
#1687=ORIENTED_EDGE('',*,*,#1309,.F.);
#1688=ORIENTED_EDGE('',*,*,#1286,.T.);
#1689=ORIENTED_EDGE('',*,*,#1306,.F.);
#1690=ORIENTED_EDGE('',*,*,#1310,.F.);
#1691=ORIENTED_EDGE('',*,*,#1311,.F.);
#1692=ORIENTED_EDGE('',*,*,#1308,.T.);
#1693=ORIENTED_EDGE('',*,*,#1305,.F.);
#1694=ORIENTED_EDGE('',*,*,#1312,.F.);
#1695=ORIENTED_EDGE('',*,*,#1313,.F.);
#1696=ORIENTED_EDGE('',*,*,#1310,.T.);
#1697=ORIENTED_EDGE('',*,*,#1281,.T.);
#1698=ORIENTED_EDGE('',*,*,#1314,.T.);
#1699=ORIENTED_EDGE('',*,*,#1315,.T.);
#1700=ORIENTED_EDGE('',*,*,#1316,.T.);
#1701=ORIENTED_EDGE('',*,*,#1317,.T.);
#1702=ORIENTED_EDGE('',*,*,#1318,.T.);
#1703=ORIENTED_EDGE('',*,*,#1319,.T.);
#1704=ORIENTED_EDGE('',*,*,#1320,.T.);
#1705=ORIENTED_EDGE('',*,*,#1318,.F.);
#1706=ORIENTED_EDGE('',*,*,#1321,.T.);
#1707=ORIENTED_EDGE('',*,*,#1322,.F.);
#1708=ORIENTED_EDGE('',*,*,#1323,.F.);
#1709=ORIENTED_EDGE('',*,*,#1317,.F.);
#1710=ORIENTED_EDGE('',*,*,#1324,.T.);
#1711=ORIENTED_EDGE('',*,*,#1325,.F.);
#1712=ORIENTED_EDGE('',*,*,#1321,.F.);
#1713=ORIENTED_EDGE('',*,*,#1316,.F.);
#1714=ORIENTED_EDGE('',*,*,#1326,.T.);
#1715=ORIENTED_EDGE('',*,*,#1327,.F.);
#1716=ORIENTED_EDGE('',*,*,#1324,.F.);
#1717=ORIENTED_EDGE('',*,*,#1315,.F.);
#1718=ORIENTED_EDGE('',*,*,#1328,.T.);
#1719=ORIENTED_EDGE('',*,*,#1329,.F.);
#1720=ORIENTED_EDGE('',*,*,#1326,.F.);
#1721=ORIENTED_EDGE('',*,*,#1302,.F.);
#1722=ORIENTED_EDGE('',*,*,#1260,.T.);
#1723=ORIENTED_EDGE('',*,*,#1330,.T.);
#1724=ORIENTED_EDGE('',*,*,#1331,.T.);
#1725=ORIENTED_EDGE('',*,*,#1332,.T.);
#1726=ORIENTED_EDGE('',*,*,#1333,.T.);
#1727=ORIENTED_EDGE('',*,*,#1334,.T.);
#1728=ORIENTED_EDGE('',*,*,#1335,.T.);
#1729=ORIENTED_EDGE('',*,*,#1336,.T.);
#1730=ORIENTED_EDGE('',*,*,#1319,.F.);
#1731=ORIENTED_EDGE('',*,*,#1323,.T.);
#1732=ORIENTED_EDGE('',*,*,#1337,.F.);
#1733=ORIENTED_EDGE('',*,*,#1247,.F.);
#1734=ORIENTED_EDGE('',*,*,#1338,.F.);
#1735=ORIENTED_EDGE('',*,*,#1339,.F.);
#1736=ORIENTED_EDGE('',*,*,#1340,.F.);
#1737=ORIENTED_EDGE('',*,*,#1341,.T.);
#1738=ORIENTED_EDGE('',*,*,#1342,.T.);
#1739=ORIENTED_EDGE('',*,*,#1343,.T.);
#1740=ORIENTED_EDGE('',*,*,#1214,.F.);
#1741=ORIENTED_EDGE('',*,*,#1344,.F.);
#1742=ORIENTED_EDGE('',*,*,#1345,.T.);
#1743=ORIENTED_EDGE('',*,*,#1346,.T.);
#1744=ORIENTED_EDGE('',*,*,#1347,.T.);
#1745=ORIENTED_EDGE('',*,*,#1320,.F.);
#1746=ORIENTED_EDGE('',*,*,#1336,.F.);
#1747=ORIENTED_EDGE('',*,*,#1348,.T.);
#1748=ORIENTED_EDGE('',*,*,#1349,.T.);
#1749=ORIENTED_EDGE('',*,*,#1350,.T.);
#1750=ORIENTED_EDGE('',*,*,#1297,.T.);
#1751=ORIENTED_EDGE('',*,*,#1351,.F.);
#1752=ORIENTED_EDGE('',*,*,#1282,.F.);
#1753=ORIENTED_EDGE('',*,*,#1204,.T.);
#1754=ORIENTED_EDGE('',*,*,#1304,.F.);
#1755=ORIENTED_EDGE('',*,*,#1352,.F.);
#1756=ORIENTED_EDGE('',*,*,#1353,.F.);
#1757=ORIENTED_EDGE('',*,*,#1312,.T.);
#1758=ORIENTED_EDGE('',*,*,#1303,.F.);
#1759=ORIENTED_EDGE('',*,*,#1345,.F.);
#1760=ORIENTED_EDGE('',*,*,#1354,.F.);
#1761=ORIENTED_EDGE('',*,*,#1352,.T.);
#1762=ORIENTED_EDGE('',*,*,#1196,.T.);
#1763=ORIENTED_EDGE('',*,*,#1225,.T.);
#1764=ORIENTED_EDGE('',*,*,#1287,.T.);
#1765=ORIENTED_EDGE('',*,*,#1309,.T.);
#1766=ORIENTED_EDGE('',*,*,#1311,.T.);
#1767=ORIENTED_EDGE('',*,*,#1313,.T.);
#1768=ORIENTED_EDGE('',*,*,#1353,.T.);
#1769=ORIENTED_EDGE('',*,*,#1354,.T.);
#1770=ORIENTED_EDGE('',*,*,#1344,.T.);
#1771=ORIENTED_EDGE('',*,*,#1213,.T.);
#1772=ORIENTED_EDGE('',*,*,#1314,.F.);
#1773=ORIENTED_EDGE('',*,*,#1280,.T.);
#1774=ORIENTED_EDGE('',*,*,#1355,.F.);
#1775=ORIENTED_EDGE('',*,*,#1328,.F.);
#1776=ORIENTED_EDGE('',*,*,#1208,.T.);
#1777=ORIENTED_EDGE('',*,*,#1248,.T.);
#1778=ORIENTED_EDGE('',*,*,#1337,.T.);
#1779=ORIENTED_EDGE('',*,*,#1322,.T.);
#1780=ORIENTED_EDGE('',*,*,#1325,.T.);
#1781=ORIENTED_EDGE('',*,*,#1327,.T.);
#1782=ORIENTED_EDGE('',*,*,#1329,.T.);
#1783=ORIENTED_EDGE('',*,*,#1355,.T.);
#1784=ORIENTED_EDGE('',*,*,#1279,.T.);
#1785=ORIENTED_EDGE('',*,*,#1236,.T.);
#1786=ORIENTED_EDGE('',*,*,#1268,.T.);
#1787=ORIENTED_EDGE('',*,*,#1356,.F.);
#1788=ORIENTED_EDGE('',*,*,#1349,.F.);
#1789=ORIENTED_EDGE('',*,*,#1357,.F.);
#1790=ORIENTED_EDGE('',*,*,#1358,.T.);
#1791=ORIENTED_EDGE('',*,*,#1359,.F.);
#1792=ORIENTED_EDGE('',*,*,#1269,.T.);
#1793=ORIENTED_EDGE('',*,*,#1359,.T.);
#1794=ORIENTED_EDGE('',*,*,#1360,.F.);
#1795=ORIENTED_EDGE('',*,*,#1333,.F.);
#1796=ORIENTED_EDGE('',*,*,#1361,.T.);
#1797=ORIENTED_EDGE('',*,*,#1358,.F.);
#1798=ORIENTED_EDGE('',*,*,#1362,.F.);
#1799=ORIENTED_EDGE('',*,*,#1334,.F.);
#1800=ORIENTED_EDGE('',*,*,#1360,.T.);
#1801=ORIENTED_EDGE('',*,*,#1271,.T.);
#1802=ORIENTED_EDGE('',*,*,#1363,.F.);
#1803=ORIENTED_EDGE('',*,*,#1364,.T.);
#1804=ORIENTED_EDGE('',*,*,#1365,.F.);
#1805=ORIENTED_EDGE('',*,*,#1266,.F.);
#1806=ORIENTED_EDGE('',*,*,#1301,.T.);
#1807=ORIENTED_EDGE('',*,*,#1365,.T.);
#1808=ORIENTED_EDGE('',*,*,#1366,.F.);
#1809=ORIENTED_EDGE('',*,*,#1330,.F.);
#1810=ORIENTED_EDGE('',*,*,#1259,.F.);
#1811=ORIENTED_EDGE('',*,*,#1364,.F.);
#1812=ORIENTED_EDGE('',*,*,#1367,.F.);
#1813=ORIENTED_EDGE('',*,*,#1331,.F.);
#1814=ORIENTED_EDGE('',*,*,#1366,.T.);
#1815=ORIENTED_EDGE('',*,*,#1357,.T.);
#1816=ORIENTED_EDGE('',*,*,#1348,.F.);
#1817=ORIENTED_EDGE('',*,*,#1335,.F.);
#1818=ORIENTED_EDGE('',*,*,#1362,.T.);
#1819=ORIENTED_EDGE('',*,*,#1276,.T.);
#1820=ORIENTED_EDGE('',*,*,#1298,.F.);
#1821=ORIENTED_EDGE('',*,*,#1350,.F.);
#1822=ORIENTED_EDGE('',*,*,#1356,.T.);
#1823=ORIENTED_EDGE('',*,*,#1267,.T.);
#1824=ORIENTED_EDGE('',*,*,#1165,.T.);
#1825=ORIENTED_EDGE('',*,*,#1270,.T.);
#1826=ORIENTED_EDGE('',*,*,#1361,.F.);
#1827=ORIENTED_EDGE('',*,*,#1332,.F.);
#1828=ORIENTED_EDGE('',*,*,#1367,.T.);
#1829=ORIENTED_EDGE('',*,*,#1363,.T.);
#1830=ORIENTED_EDGE('',*,*,#1178,.F.);
#1831=ORIENTED_EDGE('',*,*,#1177,.F.);
#1832=ORIENTED_EDGE('',*,*,#1181,.F.);
#1833=ORIENTED_EDGE('',*,*,#1185,.T.);
#1834=ORIENTED_EDGE('',*,*,#1368,.F.);
#1835=ORIENTED_EDGE('',*,*,#1369,.F.);
#1836=ORIENTED_EDGE('',*,*,#1370,.F.);
#1837=ORIENTED_EDGE('',*,*,#1186,.F.);
#1838=ORIENTED_EDGE('',*,*,#1175,.F.);
#1839=ORIENTED_EDGE('',*,*,#1179,.T.);
#1840=ORIENTED_EDGE('',*,*,#1188,.T.);
#1841=ORIENTED_EDGE('',*,*,#1371,.F.);
#1842=ORIENTED_EDGE('',*,*,#1372,.F.);
#1843=ORIENTED_EDGE('',*,*,#1183,.F.);
#1844=ORIENTED_EDGE('',*,*,#1373,.T.);
#1845=ORIENTED_EDGE('',*,*,#1374,.T.);
#1846=ORIENTED_EDGE('',*,*,#1375,.T.);
#1847=ORIENTED_EDGE('',*,*,#1376,.F.);
#1848=ORIENTED_EDGE('',*,*,#1369,.T.);
#1849=ORIENTED_EDGE('',*,*,#1377,.F.);
#1850=ORIENTED_EDGE('',*,*,#1378,.T.);
#1851=ORIENTED_EDGE('',*,*,#1379,.T.);
#1852=ORIENTED_EDGE('',*,*,#1293,.T.);
#1853=ORIENTED_EDGE('',*,*,#1368,.T.);
#1854=ORIENTED_EDGE('',*,*,#1184,.T.);
#1855=ORIENTED_EDGE('',*,*,#1372,.T.);
#1856=ORIENTED_EDGE('',*,*,#1380,.T.);
#1857=ORIENTED_EDGE('',*,*,#1381,.T.);
#1858=ORIENTED_EDGE('',*,*,#1382,.T.);
#1859=ORIENTED_EDGE('',*,*,#1383,.T.);
#1860=ORIENTED_EDGE('',*,*,#1384,.T.);
#1861=ORIENTED_EDGE('',*,*,#1240,.T.);
#1862=ORIENTED_EDGE('',*,*,#1385,.T.);
#1863=ORIENTED_EDGE('',*,*,#1377,.T.);
#1864=ORIENTED_EDGE('',*,*,#1386,.F.);
#1865=ORIENTED_EDGE('',*,*,#1226,.F.);
#1866=ORIENTED_EDGE('',*,*,#1387,.T.);
#1867=ORIENTED_EDGE('',*,*,#1388,.T.);
#1868=ORIENTED_EDGE('',*,*,#1389,.F.);
#1869=ORIENTED_EDGE('',*,*,#1227,.F.);
#1870=ORIENTED_EDGE('',*,*,#1386,.T.);
#1871=ORIENTED_EDGE('',*,*,#1390,.T.);
#1872=ORIENTED_EDGE('',*,*,#1391,.T.);
#1873=ORIENTED_EDGE('',*,*,#1392,.F.);
#1874=ORIENTED_EDGE('',*,*,#1228,.F.);
#1875=ORIENTED_EDGE('',*,*,#1389,.T.);
#1876=ORIENTED_EDGE('',*,*,#1393,.T.);
#1877=ORIENTED_EDGE('',*,*,#1394,.F.);
#1878=ORIENTED_EDGE('',*,*,#1229,.F.);
#1879=ORIENTED_EDGE('',*,*,#1392,.T.);
#1880=ORIENTED_EDGE('',*,*,#1395,.T.);
#1881=ORIENTED_EDGE('',*,*,#1396,.F.);
#1882=ORIENTED_EDGE('',*,*,#1397,.F.);
#1883=ORIENTED_EDGE('',*,*,#1230,.F.);
#1884=ORIENTED_EDGE('',*,*,#1394,.T.);
#1885=ORIENTED_EDGE('',*,*,#1398,.F.);
#1886=ORIENTED_EDGE('',*,*,#1231,.F.);
#1887=ORIENTED_EDGE('',*,*,#1397,.T.);
#1888=ORIENTED_EDGE('',*,*,#1396,.T.);
#1889=ORIENTED_EDGE('',*,*,#1399,.T.);
#1890=ORIENTED_EDGE('',*,*,#1400,.F.);
#1891=ORIENTED_EDGE('',*,*,#1232,.F.);
#1892=ORIENTED_EDGE('',*,*,#1398,.T.);
#1893=ORIENTED_EDGE('',*,*,#1401,.T.);
#1894=ORIENTED_EDGE('',*,*,#1402,.F.);
#1895=ORIENTED_EDGE('',*,*,#1233,.F.);
#1896=ORIENTED_EDGE('',*,*,#1400,.T.);
#1897=ORIENTED_EDGE('',*,*,#1403,.T.);
#1898=ORIENTED_EDGE('',*,*,#1404,.F.);
#1899=ORIENTED_EDGE('',*,*,#1234,.F.);
#1900=ORIENTED_EDGE('',*,*,#1402,.T.);
#1901=ORIENTED_EDGE('',*,*,#1405,.T.);
#1902=ORIENTED_EDGE('',*,*,#1390,.F.);
#1903=ORIENTED_EDGE('',*,*,#1388,.F.);
#1904=ORIENTED_EDGE('',*,*,#1404,.T.);
#1905=ORIENTED_EDGE('',*,*,#1387,.F.);
#1906=ORIENTED_EDGE('',*,*,#1235,.F.);
#1907=ORIENTED_EDGE('',*,*,#1395,.F.);
#1908=ORIENTED_EDGE('',*,*,#1393,.F.);
#1909=ORIENTED_EDGE('',*,*,#1391,.F.);
#1910=ORIENTED_EDGE('',*,*,#1405,.F.);
#1911=ORIENTED_EDGE('',*,*,#1403,.F.);
#1912=ORIENTED_EDGE('',*,*,#1401,.F.);
#1913=ORIENTED_EDGE('',*,*,#1399,.F.);
#1914=ORIENTED_EDGE('',*,*,#1406,.T.);
#1915=ORIENTED_EDGE('',*,*,#1407,.F.);
#1916=ORIENTED_EDGE('',*,*,#1408,.F.);
#1917=ORIENTED_EDGE('',*,*,#1249,.F.);
#1918=ORIENTED_EDGE('',*,*,#1409,.T.);
#1919=ORIENTED_EDGE('',*,*,#1410,.F.);
#1920=ORIENTED_EDGE('',*,*,#1411,.F.);
#1921=ORIENTED_EDGE('',*,*,#1406,.F.);
#1922=ORIENTED_EDGE('',*,*,#1258,.F.);
#1923=ORIENTED_EDGE('',*,*,#1412,.T.);
#1924=ORIENTED_EDGE('',*,*,#1413,.F.);
#1925=ORIENTED_EDGE('',*,*,#1409,.F.);
#1926=ORIENTED_EDGE('',*,*,#1257,.F.);
#1927=ORIENTED_EDGE('',*,*,#1414,.T.);
#1928=ORIENTED_EDGE('',*,*,#1415,.T.);
#1929=ORIENTED_EDGE('',*,*,#1416,.F.);
#1930=ORIENTED_EDGE('',*,*,#1412,.F.);
#1931=ORIENTED_EDGE('',*,*,#1256,.F.);
#1932=ORIENTED_EDGE('',*,*,#1417,.T.);
#1933=ORIENTED_EDGE('',*,*,#1414,.F.);
#1934=ORIENTED_EDGE('',*,*,#1255,.F.);
#1935=ORIENTED_EDGE('',*,*,#1418,.T.);
#1936=ORIENTED_EDGE('',*,*,#1419,.F.);
#1937=ORIENTED_EDGE('',*,*,#1415,.F.);
#1938=ORIENTED_EDGE('',*,*,#1417,.F.);
#1939=ORIENTED_EDGE('',*,*,#1254,.F.);
#1940=ORIENTED_EDGE('',*,*,#1420,.T.);
#1941=ORIENTED_EDGE('',*,*,#1421,.F.);
#1942=ORIENTED_EDGE('',*,*,#1418,.F.);
#1943=ORIENTED_EDGE('',*,*,#1253,.F.);
#1944=ORIENTED_EDGE('',*,*,#1422,.T.);
#1945=ORIENTED_EDGE('',*,*,#1423,.F.);
#1946=ORIENTED_EDGE('',*,*,#1420,.F.);
#1947=ORIENTED_EDGE('',*,*,#1252,.F.);
#1948=ORIENTED_EDGE('',*,*,#1424,.T.);
#1949=ORIENTED_EDGE('',*,*,#1407,.T.);
#1950=ORIENTED_EDGE('',*,*,#1411,.T.);
#1951=ORIENTED_EDGE('',*,*,#1425,.F.);
#1952=ORIENTED_EDGE('',*,*,#1422,.F.);
#1953=ORIENTED_EDGE('',*,*,#1251,.F.);
#1954=ORIENTED_EDGE('',*,*,#1424,.F.);
#1955=ORIENTED_EDGE('',*,*,#1250,.F.);
#1956=ORIENTED_EDGE('',*,*,#1408,.T.);
#1957=ORIENTED_EDGE('',*,*,#1416,.T.);
#1958=ORIENTED_EDGE('',*,*,#1419,.T.);
#1959=ORIENTED_EDGE('',*,*,#1421,.T.);
#1960=ORIENTED_EDGE('',*,*,#1423,.T.);
#1961=ORIENTED_EDGE('',*,*,#1425,.T.);
#1962=ORIENTED_EDGE('',*,*,#1410,.T.);
#1963=ORIENTED_EDGE('',*,*,#1413,.T.);
#1964=ORIENTED_EDGE('',*,*,#1300,.T.);
#1965=ORIENTED_EDGE('',*,*,#1263,.F.);
#1966=ORIENTED_EDGE('',*,*,#1284,.F.);
#1967=ORIENTED_EDGE('',*,*,#1426,.T.);
#1968=ORIENTED_EDGE('',*,*,#1296,.T.);
#1969=ORIENTED_EDGE('',*,*,#1426,.F.);
#1970=ORIENTED_EDGE('',*,*,#1283,.F.);
#1971=ORIENTED_EDGE('',*,*,#1351,.T.);
#1972=ORIENTED_EDGE('',*,*,#1427,.F.);
#1973=ORIENTED_EDGE('',*,*,#1428,.F.);
#1974=ORIENTED_EDGE('',*,*,#1243,.F.);
#1975=ORIENTED_EDGE('',*,*,#1429,.F.);
#1976=ORIENTED_EDGE('',*,*,#1382,.F.);
#1977=ORIENTED_EDGE('',*,*,#1430,.F.);
#1978=ORIENTED_EDGE('',*,*,#1431,.F.);
#1979=ORIENTED_EDGE('',*,*,#1432,.F.);
#1980=ORIENTED_EDGE('',*,*,#1218,.F.);
#1981=ORIENTED_EDGE('',*,*,#1433,.F.);
#1982=ORIENTED_EDGE('',*,*,#1434,.F.);
#1983=ORIENTED_EDGE('',*,*,#1435,.F.);
#1984=ORIENTED_EDGE('',*,*,#1370,.T.);
#1985=ORIENTED_EDGE('',*,*,#1376,.T.);
#1986=ORIENTED_EDGE('',*,*,#1436,.T.);
#1987=ORIENTED_EDGE('',*,*,#1221,.T.);
#1988=ORIENTED_EDGE('',*,*,#1437,.T.);
#1989=ORIENTED_EDGE('',*,*,#1438,.T.);
#1990=ORIENTED_EDGE('',*,*,#1431,.T.);
#1991=ORIENTED_EDGE('',*,*,#1439,.T.);
#1992=ORIENTED_EDGE('',*,*,#1380,.F.);
#1993=ORIENTED_EDGE('',*,*,#1371,.T.);
#1994=ORIENTED_EDGE('',*,*,#1187,.T.);
#1995=ORIENTED_EDGE('',*,*,#1430,.T.);
#1996=ORIENTED_EDGE('',*,*,#1381,.F.);
#1997=ORIENTED_EDGE('',*,*,#1439,.F.);
#1998=ORIENTED_EDGE('',*,*,#1435,.T.);
#1999=ORIENTED_EDGE('',*,*,#1440,.T.);
#2000=ORIENTED_EDGE('',*,*,#1427,.T.);
#2001=ORIENTED_EDGE('',*,*,#1440,.F.);
#2002=ORIENTED_EDGE('',*,*,#1434,.T.);
#2003=ORIENTED_EDGE('',*,*,#1441,.T.);
#2004=ORIENTED_EDGE('',*,*,#1442,.F.);
#2005=ORIENTED_EDGE('',*,*,#1443,.T.);
#2006=ORIENTED_EDGE('',*,*,#1433,.T.);
#2007=ORIENTED_EDGE('',*,*,#1217,.F.);
#2008=ORIENTED_EDGE('',*,*,#1444,.F.);
#2009=ORIENTED_EDGE('',*,*,#1441,.F.);
#2010=ORIENTED_EDGE('',*,*,#1428,.T.);
#2011=ORIENTED_EDGE('',*,*,#1443,.F.);
#2012=ORIENTED_EDGE('',*,*,#1445,.F.);
#2013=ORIENTED_EDGE('',*,*,#1244,.F.);
#2014=ORIENTED_EDGE('',*,*,#1444,.T.);
#2015=ORIENTED_EDGE('',*,*,#1216,.F.);
#2016=ORIENTED_EDGE('',*,*,#1446,.T.);
#2017=ORIENTED_EDGE('',*,*,#1447,.T.);
#2018=ORIENTED_EDGE('',*,*,#1448,.T.);
#2019=ORIENTED_EDGE('',*,*,#1245,.F.);
#2020=ORIENTED_EDGE('',*,*,#1445,.T.);
#2021=ORIENTED_EDGE('',*,*,#1442,.T.);
#2022=ORIENTED_EDGE('',*,*,#1432,.T.);
#2023=ORIENTED_EDGE('',*,*,#1438,.F.);
#2024=ORIENTED_EDGE('',*,*,#1449,.T.);
#2025=ORIENTED_EDGE('',*,*,#1219,.F.);
#2026=ORIENTED_EDGE('',*,*,#1220,.F.);
#2027=ORIENTED_EDGE('',*,*,#1449,.F.);
#2028=ORIENTED_EDGE('',*,*,#1437,.F.);
#2029=ORIENTED_EDGE('',*,*,#1375,.F.);
#2030=ORIENTED_EDGE('',*,*,#1222,.F.);
#2031=ORIENTED_EDGE('',*,*,#1436,.F.);
#2032=ORIENTED_EDGE('',*,*,#1378,.F.);
#2033=ORIENTED_EDGE('',*,*,#1385,.F.);
#2034=ORIENTED_EDGE('',*,*,#1239,.F.);
#2035=ORIENTED_EDGE('',*,*,#1429,.T.);
#2036=ORIENTED_EDGE('',*,*,#1242,.F.);
#2037=ORIENTED_EDGE('',*,*,#1450,.F.);
#2038=ORIENTED_EDGE('',*,*,#1383,.F.);
#2039=ORIENTED_EDGE('',*,*,#1241,.F.);
#2040=ORIENTED_EDGE('',*,*,#1384,.F.);
#2041=ORIENTED_EDGE('',*,*,#1450,.T.);
#2042=ORIENTED_EDGE('',*,*,#1347,.F.);
#2043=ORIENTED_EDGE('',*,*,#1451,.T.);
#2044=ORIENTED_EDGE('',*,*,#1200,.T.);
#2045=ORIENTED_EDGE('',*,*,#1452,.T.);
#2046=ORIENTED_EDGE('',*,*,#1291,.T.);
#2047=ORIENTED_EDGE('',*,*,#1452,.F.);
#2048=ORIENTED_EDGE('',*,*,#1199,.T.);
#2049=ORIENTED_EDGE('',*,*,#1198,.T.);
#2050=ORIENTED_EDGE('',*,*,#1451,.F.);
#2051=ORIENTED_EDGE('',*,*,#1346,.F.);
#2052=ORIENTED_EDGE('',*,*,#1453,.T.);
#2053=ORIENTED_EDGE('',*,*,#1212,.T.);
#2054=ORIENTED_EDGE('',*,*,#1454,.T.);
#2055=ORIENTED_EDGE('',*,*,#1290,.T.);
#2056=ORIENTED_EDGE('',*,*,#1454,.F.);
#2057=ORIENTED_EDGE('',*,*,#1211,.T.);
#2058=ORIENTED_EDGE('',*,*,#1210,.T.);
#2059=ORIENTED_EDGE('',*,*,#1453,.F.);
#2060=ORIENTED_EDGE('',*,*,#1289,.T.);
#2061=ORIENTED_EDGE('',*,*,#1455,.T.);
#2062=ORIENTED_EDGE('',*,*,#1373,.F.);
#2063=ORIENTED_EDGE('',*,*,#1292,.F.);
#2064=ORIENTED_EDGE('',*,*,#1288,.T.);
#2065=ORIENTED_EDGE('',*,*,#1223,.F.);
#2066=ORIENTED_EDGE('',*,*,#1374,.F.);
#2067=ORIENTED_EDGE('',*,*,#1455,.F.);
#2068=ORIENTED_EDGE('',*,*,#1278,.F.);
#2069=ORIENTED_EDGE('',*,*,#1294,.T.);
#2070=ORIENTED_EDGE('',*,*,#1379,.F.);
#2071=ORIENTED_EDGE('',*,*,#1238,.F.);
#2072=ORIENTED_EDGE('',*,*,#1456,.T.);
#2073=ORIENTED_EDGE('',*,*,#1457,.F.);
#2074=ORIENTED_EDGE('',*,*,#1338,.T.);
#2075=ORIENTED_EDGE('',*,*,#1246,.T.);
#2076=ORIENTED_EDGE('',*,*,#1448,.F.);
#2077=ORIENTED_EDGE('',*,*,#1446,.F.);
#2078=ORIENTED_EDGE('',*,*,#1215,.F.);
#2079=ORIENTED_EDGE('',*,*,#1343,.F.);
#2080=ORIENTED_EDGE('',*,*,#1458,.T.);
#2081=ORIENTED_EDGE('',*,*,#1459,.T.);
#2082=ORIENTED_EDGE('',*,*,#1342,.F.);
#2083=ORIENTED_EDGE('',*,*,#1460,.T.);
#2084=ORIENTED_EDGE('',*,*,#1461,.T.);
#2085=ORIENTED_EDGE('',*,*,#1458,.F.);
#2086=ORIENTED_EDGE('',*,*,#1341,.F.);
#2087=ORIENTED_EDGE('',*,*,#1462,.T.);
#2088=ORIENTED_EDGE('',*,*,#1463,.T.);
#2089=ORIENTED_EDGE('',*,*,#1460,.F.);
#2090=ORIENTED_EDGE('',*,*,#1340,.T.);
#2091=ORIENTED_EDGE('',*,*,#1464,.T.);
#2092=ORIENTED_EDGE('',*,*,#1465,.T.);
#2093=ORIENTED_EDGE('',*,*,#1462,.F.);
#2094=ORIENTED_EDGE('',*,*,#1339,.T.);
#2095=ORIENTED_EDGE('',*,*,#1457,.T.);
#2096=ORIENTED_EDGE('',*,*,#1466,.T.);
#2097=ORIENTED_EDGE('',*,*,#1464,.F.);
#2098=ORIENTED_EDGE('',*,*,#1447,.F.);
#2099=ORIENTED_EDGE('',*,*,#1459,.F.);
#2100=ORIENTED_EDGE('',*,*,#1461,.F.);
#2101=ORIENTED_EDGE('',*,*,#1463,.F.);
#2102=ORIENTED_EDGE('',*,*,#1465,.F.);
#2103=ORIENTED_EDGE('',*,*,#1466,.F.);
#2104=ORIENTED_EDGE('',*,*,#1456,.F.);
#2105=B_SPLINE_SURFACE_WITH_KNOTS('',3,3,((#2853,#2854,#2855,#2856,#2857,
#2858,#2859),(#2860,#2861,#2862,#2863,#2864,#2865,#2866),(#2867,#2868,#2869,
#2870,#2871,#2872,#2873),(#2874,#2875,#2876,#2877,#2878,#2879,#2880)),
 .UNSPECIFIED.,.F.,.F.,.F.,(4,4),(4,1,1,1,4),(0.,1.),(0.952763918007989,
1.69735680813879,2.06965325320419,2.814246143335,3.5588390334658),
 .UNSPECIFIED.);
#2106=B_SPLINE_SURFACE_WITH_KNOTS('',3,3,((#2923,#2924,#2925,#2926,#2927,
#2928,#2929),(#2930,#2931,#2932,#2933,#2934,#2935,#2936),(#2937,#2938,#2939,
#2940,#2941,#2942,#2943),(#2944,#2945,#2946,#2947,#2948,#2949,#2950)),
 .UNSPECIFIED.,.F.,.F.,.F.,(4,4),(4,1,1,1,4),(0.,1.),(-0.417246379876007,
0.327346510254796,0.699642955320198,1.444235845451,2.1888287355818),
 .UNSPECIFIED.);
#2107=B_SPLINE_SURFACE_WITH_KNOTS('',3,3,((#2979,#2980,#2981,#2982,#2983),
(#2984,#2985,#2986,#2987,#2988),(#2989,#2990,#2991,#2992,#2993),(#2994,
#2995,#2996,#2997,#2998)),.UNSPECIFIED.,.F.,.F.,.F.,(4,4),(4,1,4),(0.,1.),
(2.57559197200633,3.06073541336358,3.70759333517326),.UNSPECIFIED.);
#2108=B_SPLINE_SURFACE_WITH_KNOTS('',3,3,((#3053,#3054,#3055,#3056,#3057,
#3058,#3059),(#3060,#3061,#3062,#3063,#3064,#3065,#3066),(#3067,#3068,#3069,
#3070,#3071,#3072,#3073),(#3074,#3075,#3076,#3077,#3078,#3079,#3080)),
 .UNSPECIFIED.,.F.,.F.,.F.,(4,4),(4,1,1,1,4),(0.,1.),(-2.19840128688866,
-1.84335972790451,-1.1332766099362,-0.423193491967886,0.286889626000426),
 .UNSPECIFIED.);
#2109=B_SPLINE_SURFACE_WITH_KNOTS('',3,3,((#3115,#3116,#3117,#3118,#3119,
#3120),(#3121,#3122,#3123,#3124,#3125,#3126),(#3127,#3128,#3129,#3130,#3131,
#3132),(#3133,#3134,#3135,#3136,#3137,#3138)),.UNSPECIFIED.,.F.,.F.,.F.,
(4,4),(4,1,1,4),(0.,1.),(2.40305935519001,2.82507838284703,3.24709741050405,
3.88012595198958),.UNSPECIFIED.);
#2110=B_SPLINE_SURFACE_WITH_KNOTS('',3,3,((#3169,#3170,#3171,#3172,#3173,
#3174,#3175),(#3176,#3177,#3178,#3179,#3180,#3181,#3182),(#3183,#3184,#3185,
#3186,#3187,#3188,#3189),(#3190,#3191,#3192,#3193,#3194,#3195,#3196)),
 .UNSPECIFIED.,.F.,.F.,.F.,(4,4),(4,1,1,1,4),(0.,1.),(2.85470302758937,
3.56478614555768,4.274869263526,4.62991082251016,5.33999394047847),
 .UNSPECIFIED.);
#2111=ADVANCED_FACE('',(#683),#2105,.T.);
#2112=ADVANCED_FACE('',(#684),#2106,.T.);
#2113=ADVANCED_FACE('',(#685),#2107,.T.);
#2114=ADVANCED_FACE('',(#686),#592,.T.);
#2115=ADVANCED_FACE('',(#687),#593,.T.);
#2116=ADVANCED_FACE('',(#688),#43,.F.);
#2117=ADVANCED_FACE('',(#689),#2108,.T.);
#2118=ADVANCED_FACE('',(#690),#2109,.T.);
#2119=ADVANCED_FACE('',(#691),#2110,.T.);
#2120=ADVANCED_FACE('',(#692),#594,.F.);
#2121=ADVANCED_FACE('',(#693),#595,.F.);
#2122=ADVANCED_FACE('',(#694),#41,.F.);
#2123=ADVANCED_FACE('',(#695),#44,.F.);
#2124=ADVANCED_FACE('',(#696,#15),#45,.F.);
#2125=ADVANCED_FACE('',(#697),#42,.F.);
#2126=ADVANCED_FACE('',(#698),#46,.F.);
#2127=ADVANCED_FACE('',(#699,#16),#47,.F.);
#2128=ADVANCED_FACE('',(#700,#17),#596,.T.);
#2129=ADVANCED_FACE('',(#701,#18),#597,.T.);
#2130=ADVANCED_FACE('',(#702,#19),#598,.F.);
#2131=ADVANCED_FACE('',(#703),#599,.T.);
#2132=ADVANCED_FACE('',(#704),#600,.T.);
#2133=ADVANCED_FACE('',(#705,#20,#21),#601,.T.);
#2134=ADVANCED_FACE('',(#706),#602,.F.);
#2135=ADVANCED_FACE('',(#707),#603,.F.);
#2136=ADVANCED_FACE('',(#708),#604,.F.);
#2137=ADVANCED_FACE('',(#709),#605,.F.);
#2138=ADVANCED_FACE('',(#710),#606,.T.);
#2139=ADVANCED_FACE('',(#711),#607,.T.);
#2140=ADVANCED_FACE('',(#712),#608,.T.);
#2141=ADVANCED_FACE('',(#713),#609,.T.);
#2142=ADVANCED_FACE('',(#714),#610,.T.);
#2143=ADVANCED_FACE('',(#715),#611,.T.);
#2144=ADVANCED_FACE('',(#716),#612,.T.);
#2145=ADVANCED_FACE('',(#717),#613,.T.);
#2146=ADVANCED_FACE('',(#718),#614,.T.);
#2147=ADVANCED_FACE('',(#719,#22,#23),#615,.T.);
#2148=ADVANCED_FACE('',(#720,#24),#616,.F.);
#2149=ADVANCED_FACE('',(#721),#617,.T.);
#2150=ADVANCED_FACE('',(#722),#618,.T.);
#2151=ADVANCED_FACE('',(#723),#619,.T.);
#2152=ADVANCED_FACE('',(#724),#620,.T.);
#2153=ADVANCED_FACE('',(#725),#621,.T.);
#2154=ADVANCED_FACE('',(#726),#622,.T.);
#2155=ADVANCED_FACE('',(#727),#623,.F.);
#2156=ADVANCED_FACE('',(#728),#624,.F.);
#2157=ADVANCED_FACE('',(#729),#625,.T.);
#2158=ADVANCED_FACE('',(#730),#626,.F.);
#2159=ADVANCED_FACE('',(#731),#627,.F.);
#2160=ADVANCED_FACE('',(#732),#628,.F.);
#2161=ADVANCED_FACE('',(#733),#629,.F.);
#2162=ADVANCED_FACE('',(#734),#630,.F.);
#2163=ADVANCED_FACE('',(#735),#631,.F.);
#2164=ADVANCED_FACE('',(#736),#632,.F.);
#2165=ADVANCED_FACE('',(#737),#633,.T.);
#2166=ADVANCED_FACE('',(#738),#634,.T.);
#2167=ADVANCED_FACE('',(#739),#635,.T.);
#2168=ADVANCED_FACE('',(#740),#636,.T.);
#2169=ADVANCED_FACE('',(#741),#637,.T.);
#2170=ADVANCED_FACE('',(#742),#638,.T.);
#2171=ADVANCED_FACE('',(#743),#639,.T.);
#2172=ADVANCED_FACE('',(#744),#640,.T.);
#2173=ADVANCED_FACE('',(#745),#641,.T.);
#2174=ADVANCED_FACE('',(#746),#642,.T.);
#2175=ADVANCED_FACE('',(#747),#643,.T.);
#2176=ADVANCED_FACE('',(#748),#644,.T.);
#2177=ADVANCED_FACE('',(#749),#645,.F.);
#2178=ADVANCED_FACE('',(#750),#646,.F.);
#2179=ADVANCED_FACE('',(#751),#647,.F.);
#2180=ADVANCED_FACE('',(#752),#648,.F.);
#2181=ADVANCED_FACE('',(#753),#649,.F.);
#2182=ADVANCED_FACE('',(#754),#650,.F.);
#2183=ADVANCED_FACE('',(#755),#651,.F.);
#2184=ADVANCED_FACE('',(#756),#652,.F.);
#2185=ADVANCED_FACE('',(#757),#653,.F.);
#2186=ADVANCED_FACE('',(#758),#654,.F.);
#2187=ADVANCED_FACE('',(#759),#655,.F.);
#2188=ADVANCED_FACE('',(#760),#656,.T.);
#2189=ADVANCED_FACE('',(#761),#657,.F.);
#2190=ADVANCED_FACE('',(#762),#658,.F.);
#2191=ADVANCED_FACE('',(#763),#659,.F.);
#2192=ADVANCED_FACE('',(#764),#660,.F.);
#2193=ADVANCED_FACE('',(#765),#661,.T.);
#2194=ADVANCED_FACE('',(#766),#662,.T.);
#2195=ADVANCED_FACE('',(#767),#663,.T.);
#2196=ADVANCED_FACE('',(#768),#664,.T.);
#2197=ADVANCED_FACE('',(#769),#665,.F.);
#2198=ADVANCED_FACE('',(#770),#666,.T.);
#2199=ADVANCED_FACE('',(#771),#667,.T.);
#2200=ADVANCED_FACE('',(#772),#668,.T.);
#2201=ADVANCED_FACE('',(#773),#669,.T.);
#2202=ADVANCED_FACE('',(#774),#670,.F.);
#2203=ADVANCED_FACE('',(#775),#671,.F.);
#2204=ADVANCED_FACE('',(#776),#672,.F.);
#2205=ADVANCED_FACE('',(#777),#48,.F.);
#2206=ADVANCED_FACE('',(#778),#49,.F.);
#2207=ADVANCED_FACE('',(#779),#673,.F.);
#2208=ADVANCED_FACE('',(#780),#674,.F.);
#2209=ADVANCED_FACE('',(#781),#675,.F.);
#2210=ADVANCED_FACE('',(#782),#676,.F.);
#2211=ADVANCED_FACE('',(#783),#677,.F.);
#2212=ADVANCED_FACE('',(#784),#678,.F.);
#2213=ADVANCED_FACE('',(#785),#679,.F.);
#2214=ADVANCED_FACE('',(#786),#680,.F.);
#2215=ADVANCED_FACE('',(#787),#681,.F.);
#2216=ADVANCED_FACE('',(#788),#682,.F.);
#2217=CLOSED_SHELL('',(#2111,#2112,#2113,#2114,#2115,#2116,#2117,#2118,
#2119,#2120,#2121,#2122,#2123,#2124,#2125,#2126,#2127,#2128,#2129,#2130,
#2131,#2132,#2133,#2134,#2135,#2136,#2137,#2138,#2139,#2140,#2141,#2142,
#2143,#2144,#2145,#2146,#2147,#2148,#2149,#2150,#2151,#2152,#2153,#2154,
#2155,#2156,#2157,#2158,#2159,#2160,#2161,#2162,#2163,#2164,#2165,#2166,
#2167,#2168,#2169,#2170,#2171,#2172,#2173,#2174,#2175,#2176,#2177,#2178,
#2179,#2180,#2181,#2182,#2183,#2184,#2185,#2186,#2187,#2188,#2189,#2190,
#2191,#2192,#2193,#2194,#2195,#2196,#2197,#2198,#2199,#2200,#2201,#2202,
#2203,#2204,#2205,#2206,#2207,#2208,#2209,#2210,#2211,#2212,#2213,#2214,
#2215,#2216));
#2218=DERIVED_UNIT_ELEMENT(#2220,1.);
#2219=DERIVED_UNIT_ELEMENT(#3940,-3.);
#2220=(
MASS_UNIT()
NAMED_UNIT(*)
SI_UNIT(.KILO.,.GRAM.)
);
#2221=DERIVED_UNIT((#2218,#2219));
#2222=MEASURE_REPRESENTATION_ITEM('density measure',
POSITIVE_RATIO_MEASURE(7850.),#2221);
#2223=PROPERTY_DEFINITION_REPRESENTATION(#2228,#2225);
#2224=PROPERTY_DEFINITION_REPRESENTATION(#2229,#2226);
#2225=REPRESENTATION('material name',(#2227),#3937);
#2226=REPRESENTATION('density',(#2222),#3937);
#2227=DESCRIPTIVE_REPRESENTATION_ITEM('Steel','Steel');
#2228=PROPERTY_DEFINITION('material property','material name',#3947);
#2229=PROPERTY_DEFINITION('material property','density of part',#3947);
#2230=AXIS2_PLACEMENT_3D('',#2852,#2347,#2348);
#2231=AXIS2_PLACEMENT_3D('',#3009,#2349,#2350);
#2232=AXIS2_PLACEMENT_3D('',#3017,#2355,#2356);
#2233=AXIS2_PLACEMENT_3D('',#3023,#2360,#2361);
#2234=AXIS2_PLACEMENT_3D('',#3209,#2363,#2364);
#2235=AXIS2_PLACEMENT_3D('',#3217,#2369,#2370);
#2236=AXIS2_PLACEMENT_3D('',#3223,#2374,#2375);
#2237=AXIS2_PLACEMENT_3D('',#3225,#2376,#2377);
#2238=AXIS2_PLACEMENT_3D('',#3228,#2379,#2380);
#2239=AXIS2_PLACEMENT_3D('',#3229,#2381,#2382);
#2240=AXIS2_PLACEMENT_3D('',#3231,#2383,#2384);
#2241=AXIS2_PLACEMENT_3D('',#3233,#2386,#2387);
#2242=AXIS2_PLACEMENT_3D('',#3237,#2389,#2390);
#2243=AXIS2_PLACEMENT_3D('',#3239,#2391,#2392);
#2244=AXIS2_PLACEMENT_3D('',#3240,#2393,#2394);
#2245=AXIS2_PLACEMENT_3D('',#3326,#2395,#2396);
#2246=AXIS2_PLACEMENT_3D('',#3328,#2397,#2398);
#2247=AXIS2_PLACEMENT_3D('',#3331,#2400,#2401);
#2248=AXIS2_PLACEMENT_3D('',#3332,#2402,#2403);
#2249=AXIS2_PLACEMENT_3D('',#3334,#2404,#2405);
#2250=AXIS2_PLACEMENT_3D('',#3336,#2407,#2408);
#2251=AXIS2_PLACEMENT_3D('',#3340,#2410,#2411);
#2252=AXIS2_PLACEMENT_3D('',#3342,#2412,#2413);
#2253=AXIS2_PLACEMENT_3D('',#3343,#2414,#2415);
#2254=AXIS2_PLACEMENT_3D('',#3429,#2416,#2417);
#2255=AXIS2_PLACEMENT_3D('',#3475,#2441,#2442);
#2256=AXIS2_PLACEMENT_3D('',#3521,#2466,#2467);
#2257=AXIS2_PLACEMENT_3D('',#3538,#2476,#2477);
#2258=AXIS2_PLACEMENT_3D('',#3550,#2484,#2485);
#2259=AXIS2_PLACEMENT_3D('',#3558,#2490,#2491);
#2260=AXIS2_PLACEMENT_3D('',#3583,#2505,#2506);
#2261=AXIS2_PLACEMENT_3D('',#3585,#2507,#2508);
#2262=AXIS2_PLACEMENT_3D('',#3586,#2509,#2510);
#2263=AXIS2_PLACEMENT_3D('',#3592,#2514,#2515);
#2264=AXIS2_PLACEMENT_3D('',#3600,#2520,#2521);
#2265=AXIS2_PLACEMENT_3D('',#3603,#2524,#2525);
#2266=AXIS2_PLACEMENT_3D('',#3605,#2527,#2528);
#2267=AXIS2_PLACEMENT_3D('',#3617,#2535,#2536);
#2268=AXIS2_PLACEMENT_3D('',#3621,#2539,#2540);
#2269=AXIS2_PLACEMENT_3D('',#3625,#2543,#2544);
#2270=AXIS2_PLACEMENT_3D('',#3629,#2547,#2548);
#2271=AXIS2_PLACEMENT_3D('',#3643,#2556,#2557);
#2272=AXIS2_PLACEMENT_3D('',#3649,#2561,#2562);
#2273=AXIS2_PLACEMENT_3D('',#3653,#2565,#2566);
#2274=AXIS2_PLACEMENT_3D('',#3657,#2569,#2570);
#2275=AXIS2_PLACEMENT_3D('',#3661,#2573,#2574);
#2276=AXIS2_PLACEMENT_3D('',#3691,#2591,#2592);
#2277=AXIS2_PLACEMENT_3D('',#3693,#2593,#2594);
#2278=AXIS2_PLACEMENT_3D('',#3694,#2595,#2596);
#2279=AXIS2_PLACEMENT_3D('',#3701,#2601,#2602);
#2280=AXIS2_PLACEMENT_3D('',#3705,#2605,#2606);
#2281=AXIS2_PLACEMENT_3D('',#3707,#2608,#2609);
#2282=AXIS2_PLACEMENT_3D('',#3708,#2610,#2611);
#2283=AXIS2_PLACEMENT_3D('',#3710,#2613,#2614);
#2284=AXIS2_PLACEMENT_3D('',#3711,#2615,#2616);
#2285=AXIS2_PLACEMENT_3D('',#3718,#2621,#2622);
#2286=AXIS2_PLACEMENT_3D('',#3721,#2625,#2626);
#2287=AXIS2_PLACEMENT_3D('',#3723,#2628,#2629);
#2288=AXIS2_PLACEMENT_3D('',#3729,#2633,#2634);
#2289=AXIS2_PLACEMENT_3D('',#3731,#2636,#2637);
#2290=AXIS2_PLACEMENT_3D('',#3733,#2639,#2640);
#2291=AXIS2_PLACEMENT_3D('',#3734,#2641,#2642);
#2292=AXIS2_PLACEMENT_3D('',#3735,#2643,#2644);
#2293=AXIS2_PLACEMENT_3D('',#3736,#2645,#2646);
#2294=AXIS2_PLACEMENT_3D('',#3742,#2650,#2651);
#2295=AXIS2_PLACEMENT_3D('',#3746,#2654,#2655);
#2296=AXIS2_PLACEMENT_3D('',#3757,#2663,#2664);
#2297=AXIS2_PLACEMENT_3D('',#3768,#2671,#2672);
#2298=AXIS2_PLACEMENT_3D('',#3774,#2676,#2677);
#2299=AXIS2_PLACEMENT_3D('',#3780,#2681,#2682);
#2300=AXIS2_PLACEMENT_3D('',#3784,#2685,#2686);
#2301=AXIS2_PLACEMENT_3D('',#3790,#2690,#2691);
#2302=AXIS2_PLACEMENT_3D('',#3792,#2693,#2694);
#2303=AXIS2_PLACEMENT_3D('',#3796,#2697,#2698);
#2304=AXIS2_PLACEMENT_3D('',#3800,#2701,#2702);
#2305=AXIS2_PLACEMENT_3D('',#3804,#2705,#2706);
#2306=AXIS2_PLACEMENT_3D('',#3807,#2709,#2710);
#2307=AXIS2_PLACEMENT_3D('',#3808,#2711,#2712);
#2308=AXIS2_PLACEMENT_3D('',#3809,#2713,#2714);
#2309=AXIS2_PLACEMENT_3D('',#3815,#2718,#2719);
#2310=AXIS2_PLACEMENT_3D('',#3821,#2723,#2724);
#2311=AXIS2_PLACEMENT_3D('',#3825,#2727,#2728);
#2312=AXIS2_PLACEMENT_3D('',#3831,#2732,#2733);
#2313=AXIS2_PLACEMENT_3D('',#3833,#2735,#2736);
#2314=AXIS2_PLACEMENT_3D('',#3837,#2739,#2740);
#2315=AXIS2_PLACEMENT_3D('',#3841,#2743,#2744);
#2316=AXIS2_PLACEMENT_3D('',#3845,#2747,#2748);
#2317=AXIS2_PLACEMENT_3D('',#3848,#2751,#2752);
#2318=AXIS2_PLACEMENT_3D('',#3849,#2753,#2754);
#2319=AXIS2_PLACEMENT_3D('',#3850,#2755,#2756);
#2320=AXIS2_PLACEMENT_3D('',#3852,#2758,#2759);
#2321=AXIS2_PLACEMENT_3D('',#3853,#2760,#2761);
#2322=AXIS2_PLACEMENT_3D('',#3860,#2766,#2767);
#2323=AXIS2_PLACEMENT_3D('',#3870,#2773,#2774);
#2324=AXIS2_PLACEMENT_3D('',#3876,#2779,#2780);
#2325=AXIS2_PLACEMENT_3D('',#3878,#2782,#2783);
#2326=AXIS2_PLACEMENT_3D('',#3884,#2787,#2788);
#2327=AXIS2_PLACEMENT_3D('',#3886,#2790,#2791);
#2328=AXIS2_PLACEMENT_3D('',#3888,#2793,#2794);
#2329=AXIS2_PLACEMENT_3D('',#3894,#2798,#2799);
#2330=AXIS2_PLACEMENT_3D('',#3896,#2801,#2802);
#2331=AXIS2_PLACEMENT_3D('',#3897,#2803,#2804);
#2332=AXIS2_PLACEMENT_3D('',#3898,#2805,#2806);
#2333=AXIS2_PLACEMENT_3D('',#3899,#2807,#2808);
#2334=AXIS2_PLACEMENT_3D('',#3901,#2810,#2811);
#2335=AXIS2_PLACEMENT_3D('',#3902,#2812,#2813);
#2336=AXIS2_PLACEMENT_3D('',#3905,#2816,#2817);
#2337=AXIS2_PLACEMENT_3D('',#3908,#2820,#2821);
#2338=AXIS2_PLACEMENT_3D('',#3910,#2823,#2824);
#2339=AXIS2_PLACEMENT_3D('',#3911,#2825,#2826);
#2340=AXIS2_PLACEMENT_3D('',#3912,#2827,#2828);
#2341=AXIS2_PLACEMENT_3D('',#3916,#2831,#2832);
#2342=AXIS2_PLACEMENT_3D('',#3920,#2835,#2836);
#2343=AXIS2_PLACEMENT_3D('',#3924,#2839,#2840);
#2344=AXIS2_PLACEMENT_3D('',#3928,#2843,#2844);
#2345=AXIS2_PLACEMENT_3D('',#3932,#2847,#2848);
#2346=AXIS2_PLACEMENT_3D('',#3934,#2850,#2851);
#2347=DIRECTION('axis',(0.,0.,1.));
#2348=DIRECTION('refdir',(1.,0.,0.));
#2349=DIRECTION('center_axis',(-0.121869343405148,0.89955230622579,-0.419468129304076));
#2350=DIRECTION('ref_axis',(-2.77555756156289E-16,-0.4226182617407,-0.90630778703665));
#2351=DIRECTION('',(4.58917958572197E-16,-0.4226182617407,-0.90630778703665));
#2352=DIRECTION('',(-0.960292099389683,-0.213723769047256,-0.17933553578137));
#2353=DIRECTION('',(-3.7355092200961E-16,-0.4226182617407,-0.90630778703665));
#2354=DIRECTION('',(-0.960292099389683,4.64622617076564E-17,0.278996566017856));
#2355=DIRECTION('center_axis',(0.121869343405147,0.89955230622579,-0.419468129304076));
#2356=DIRECTION('ref_axis',(-8.32667268468867E-17,0.422618261740699,0.90630778703665));
#2357=DIRECTION('',(-0.960292099389683,-4.64622617076564E-17,-0.278996566017856));
#2358=DIRECTION('',(3.37632564124071E-16,0.4226182617407,0.90630778703665));
#2359=DIRECTION('',(-0.960292099389683,0.213723769047256,0.17933553578137));
#2360=DIRECTION('center_axis',(0.,-0.866034130298795,0.499984884929145));
#2361=DIRECTION('ref_axis',(-1.,0.,0.));
#2362=DIRECTION('',(0.,-0.866034130298795,0.499984884929145));
#2363=DIRECTION('center_axis',(0.121869343405147,0.89955230622579,-0.419468129304076));
#2364=DIRECTION('ref_axis',(-8.32667268468867E-17,0.422618261740699,0.90630778703665));
#2365=DIRECTION('',(-4.58917958572197E-16,0.4226182617407,0.90630778703665));
#2366=DIRECTION('',(-0.960292099389683,0.213723769047256,0.17933553578137));
#2367=DIRECTION('',(2.31448982464062E-13,-0.422618261740725,-0.906307787036638));
#2368=DIRECTION('',(0.960292099389683,4.64622617076564E-17,0.278996566017856));
#2369=DIRECTION('center_axis',(-0.121869343405148,0.89955230622579,-0.419468129304076));
#2370=DIRECTION('ref_axis',(-2.77555756156289E-16,-0.4226182617407,-0.90630778703665));
#2371=DIRECTION('',(0.960292099389683,-4.64622617076564E-17,-0.278996566017856));
#2372=DIRECTION('',(2.31051303800034E-13,0.422618261740725,0.906307787036638));
#2373=DIRECTION('',(-0.960292099389683,-0.213723769047256,-0.17933553578137));
#2374=DIRECTION('center_axis',(-1.,0.,0.));
#2375=DIRECTION('ref_axis',(0.,-0.866034130298795,0.499984884929144));
#2376=DIRECTION('center_axis',(1.,0.,0.));
#2377=DIRECTION('ref_axis',(0.,-0.866034130298795,0.499984884929145));
#2378=DIRECTION('',(0.707106781186548,-0.612378606273272,0.353542702624174));
#2379=DIRECTION('center_axis',(-1.,0.,0.));
#2380=DIRECTION('ref_axis',(0.,-0.866034130298795,0.499984884929145));
#2381=DIRECTION('center_axis',(1.,0.,0.));
#2382=DIRECTION('ref_axis',(0.,-0.866034130298795,0.499984884929145));
#2383=DIRECTION('center_axis',(-1.,-2.65074714387338E-14,0.));
#2384=DIRECTION('ref_axis',(0.,-0.866034130298795,0.499984884929145));
#2385=DIRECTION('',(-1.,0.,0.));
#2386=DIRECTION('center_axis',(1.,0.,0.));
#2387=DIRECTION('ref_axis',(0.,-0.866034130298795,0.499984884929145));
#2388=DIRECTION('',(-1.,0.,0.));
#2389=DIRECTION('center_axis',(1.,0.,0.));
#2390=DIRECTION('ref_axis',(0.,-0.866034130298795,0.499984884929145));
#2391=DIRECTION('center_axis',(0.707106781186548,-0.707106781186548,0.));
#2392=DIRECTION('ref_axis',(-0.707106781186547,-0.707106781186547,0.));
#2393=DIRECTION('center_axis',(1.,0.,0.));
#2394=DIRECTION('ref_axis',(0.,-0.866034130298795,0.499984884929145));
#2395=DIRECTION('center_axis',(1.,0.,0.));
#2396=DIRECTION('ref_axis',(0.,-0.866034130298795,0.499984884929144));
#2397=DIRECTION('center_axis',(1.,0.,0.));
#2398=DIRECTION('ref_axis',(0.,-0.866034130298795,0.499984884929145));
#2399=DIRECTION('',(0.707106781186548,0.612378606273272,-0.353542702624174));
#2400=DIRECTION('center_axis',(1.,0.,0.));
#2401=DIRECTION('ref_axis',(0.,-0.866034130298795,0.499984884929145));
#2402=DIRECTION('center_axis',(1.,0.,0.));
#2403=DIRECTION('ref_axis',(0.,-0.866034130298795,0.499984884929145));
#2404=DIRECTION('center_axis',(1.,2.77157304929461E-14,0.));
#2405=DIRECTION('ref_axis',(0.,-0.866034130298795,0.499984884929145));
#2406=DIRECTION('',(1.,0.,0.));
#2407=DIRECTION('center_axis',(1.,0.,0.));
#2408=DIRECTION('ref_axis',(0.,-0.866034130298795,0.499984884929145));
#2409=DIRECTION('',(1.,0.,0.));
#2410=DIRECTION('center_axis',(-1.,0.,0.));
#2411=DIRECTION('ref_axis',(0.,-0.866034130298795,0.499984884929145));
#2412=DIRECTION('center_axis',(-0.707106781186548,-0.707106781186548,0.));
#2413=DIRECTION('ref_axis',(0.707106781186547,-0.707106781186547,0.));
#2414=DIRECTION('center_axis',(-1.,0.,0.));
#2415=DIRECTION('ref_axis',(0.,-0.866034130298795,0.499984884929145));
#2416=DIRECTION('center_axis',(-1.,0.,0.));
#2417=DIRECTION('ref_axis',(0.,0.,1.));
#2418=DIRECTION('',(0.,0.,1.));
#2419=DIRECTION('',(0.,-1.,1.30295746482634E-15));
#2420=DIRECTION('',(0.,0.,-1.));
#2421=DIRECTION('',(0.,-0.422618261740763,-0.90630778703662));
#2422=DIRECTION('',(0.,-0.991067926179791,-0.133358035744712));
#2423=DIRECTION('',(0.,-0.6819983600625,0.73135370161917));
#2424=DIRECTION('',(0.,0.42261826174073,0.906307787036636));
#2425=DIRECTION('',(0.,-0.495998442203116,0.868323410563186));
#2426=DIRECTION('',(0.,-0.422618261740759,-0.906307787036622));
#2427=DIRECTION('',(0.,0.868647084570975,0.495431370087063));
#2428=DIRECTION('',(0.,0.,-1.));
#2429=DIRECTION('',(0.,1.,0.));
#2430=DIRECTION('',(0.,0.,1.));
#2431=DIRECTION('',(0.,-0.999746128932739,-0.0225317039747156));
#2432=DIRECTION('',(0.,-0.42261826174073,-0.906307787036636));
#2433=DIRECTION('',(0.,0.495998442203123,-0.868323410563182));
#2434=DIRECTION('',(0.,-0.422618261740732,-0.906307787036635));
#2435=DIRECTION('',(0.,0.681998360062497,-0.731353701619171));
#2436=DIRECTION('',(0.,0.99106792617979,0.133358035744721));
#2437=DIRECTION('',(0.,0.422618261740738,0.906307787036632));
#2438=DIRECTION('',(0.,0.167833767925774,0.985815310463292));
#2439=DIRECTION('',(0.,0.,1.));
#2440=DIRECTION('',(0.,-1.,0.));
#2441=DIRECTION('center_axis',(1.,0.,0.));
#2442=DIRECTION('ref_axis',(0.,0.,-1.));
#2443=DIRECTION('',(0.,0.,-1.));
#2444=DIRECTION('',(0.,-1.,0.));
#2445=DIRECTION('',(0.,0.,1.));
#2446=DIRECTION('',(0.,-0.868647084570975,-0.495431370087063));
#2447=DIRECTION('',(0.,0.422618261740759,0.906307787036622));
#2448=DIRECTION('',(0.,0.495998442203116,-0.868323410563186));
#2449=DIRECTION('',(0.,-0.42261826174073,-0.906307787036636));
#2450=DIRECTION('',(0.,0.6819983600625,-0.731353701619169));
#2451=DIRECTION('',(0.,0.991067926179791,0.133358035744712));
#2452=DIRECTION('',(0.,0.422618261740763,0.90630778703662));
#2453=DIRECTION('',(0.,0.,-1.));
#2454=DIRECTION('',(0.,1.,-1.30295746482634E-15));
#2455=DIRECTION('',(0.,0.,-1.));
#2456=DIRECTION('',(0.,0.999746128932739,0.0225317039747156));
#2457=DIRECTION('',(0.,1.,0.));
#2458=DIRECTION('',(0.,0.,-1.));
#2459=DIRECTION('',(0.,-0.167833767925774,-0.985815310463292));
#2460=DIRECTION('',(0.,-0.422618261740738,-0.906307787036632));
#2461=DIRECTION('',(0.,-0.99106792617979,-0.133358035744721));
#2462=DIRECTION('',(0.,-0.681998360062497,0.731353701619171));
#2463=DIRECTION('',(0.,0.422618261740732,0.906307787036635));
#2464=DIRECTION('',(0.,-0.495998442203123,0.868323410563182));
#2465=DIRECTION('',(0.,0.42261826174073,0.906307787036636));
#2466=DIRECTION('center_axis',(-1.,-2.65074714387338E-14,0.));
#2467=DIRECTION('ref_axis',(-2.65074714387338E-14,1.,0.));
#2468=DIRECTION('',(0.,0.,-1.));
#2469=DIRECTION('',(2.65074714387338E-14,-1.,1.30295746482634E-15));
#2470=DIRECTION('',(0.,0.,-1.));
#2471=DIRECTION('',(-2.65074714387338E-14,1.,0.));
#2472=DIRECTION('',(0.,0.,1.));
#2473=DIRECTION('',(-2.2220071132237E-14,0.838256911210631,-0.5452754815757));
#2474=DIRECTION('',(1.12025415025769E-14,-0.422618261740625,-0.906307787036685));
#2475=DIRECTION('',(2.65074714387338E-14,-1.,2.62571655325026E-14));
#2476=DIRECTION('center_axis',(0.,0.642787609686539,-0.766044443118978));
#2477=DIRECTION('ref_axis',(1.,0.,0.));
#2478=DIRECTION('',(-0.0592906331641923,0.764696789354228,0.641656793909583));
#2479=DIRECTION('',(-0.540716203060937,0.644400477571772,0.540716203060937));
#2480=DIRECTION('',(0.943922256203466,0.252923206267482,0.212227769095219));
#2481=DIRECTION('',(0.943922256203467,-0.252923206267482,-0.212227769095219));
#2482=DIRECTION('',(-0.540716203060937,-0.644400477571772,-0.540716203060937));
#2483=DIRECTION('',(-0.0592906331641926,-0.764696789354228,-0.641656793909583));
#2484=DIRECTION('center_axis',(0.,1.,-1.66533453693773E-16));
#2485=DIRECTION('ref_axis',(-1.,0.,0.));
#2486=DIRECTION('',(0.0592906331641919,-1.66240481872304E-16,-0.998240762951999));
#2487=DIRECTION('',(-0.992381254955074,-2.05177357719422E-17,-0.12320488956934));
#2488=DIRECTION('',(-0.992381254955074,2.05177357719422E-17,0.12320488956934));
#2489=DIRECTION('',(0.0592906331641929,1.66240481872304E-16,0.998240762951999));
#2490=DIRECTION('center_axis',(0.,0.,1.));
#2491=DIRECTION('ref_axis',(1.,0.,0.));
#2492=DIRECTION('',(0.996194698091746,0.0871557427476561,0.));
#2493=DIRECTION('',(0.707106781186549,0.707106781186546,0.));
#2494=DIRECTION('',(0.707106781186548,-0.707106781186548,0.));
#2495=DIRECTION('',(1.,0.,0.));
#2496=DIRECTION('',(0.707106781186538,0.707106781186557,0.));
#2497=DIRECTION('',(2.77157304929461E-14,-1.,0.));
#2498=DIRECTION('',(-0.996194698091746,-0.0871557427476564,0.));
#2499=DIRECTION('',(-0.996194698091746,0.0871557427476572,0.));
#2500=DIRECTION('',(0.707106781186557,-0.707106781186538,0.));
#2501=DIRECTION('',(1.,0.,0.));
#2502=DIRECTION('',(0.707106781186548,0.707106781186548,0.));
#2503=DIRECTION('',(-0.707106781186578,0.707106781186517,0.));
#2504=DIRECTION('',(-0.996194698091746,0.0871557427476567,0.));
#2505=DIRECTION('center_axis',(0.,0.,1.));
#2506=DIRECTION('ref_axis',(1.,0.,0.));
#2507=DIRECTION('center_axis',(0.,0.,1.));
#2508=DIRECTION('ref_axis',(1.,0.,0.));
#2509=DIRECTION('center_axis',(0.0871557427476561,-0.996194698091746,0.));
#2510=DIRECTION('ref_axis',(0.996194698091746,0.0871557427476561,0.));
#2511=DIRECTION('',(0.,0.,1.));
#2512=DIRECTION('',(-0.996194698091746,-0.0871557427476561,0.));
#2513=DIRECTION('',(0.,0.,1.));
#2514=DIRECTION('center_axis',(0.103511199448583,0.542346418809946,0.833754036627555));
#2515=DIRECTION('ref_axis',(-0.994521895368273,0.0441756374486017,0.0947349602264486));
#2516=DIRECTION('',(2.69588952106264E-15,-0.838256911210632,0.545275481575698));
#2517=DIRECTION('',(-0.980374553798715,-0.0857716594666718,0.177507624332884));
#2518=DIRECTION('',(2.32329026349634E-14,-0.838256911210634,0.545275481575697));
#2519=DIRECTION('',(0.138093079435041,-0.837974739198385,0.527947571144659));
#2520=DIRECTION('center_axis',(-0.103511199448583,0.542346418809945,0.833754036627556));
#2521=DIRECTION('ref_axis',(-0.994521895368273,-0.0441756374486023,-0.094734960226448));
#2522=DIRECTION('',(0.13809307943504,0.837974739198386,-0.527947571144659));
#2523=DIRECTION('',(-0.980374553798715,0.0857716594666726,-0.177507624332884));
#2524=DIRECTION('center_axis',(-0.99026806874157,0.126133665146145,-0.0588170940088053));
#2525=DIRECTION('ref_axis',(-2.84738024253496E-16,-0.422618261740699,-0.90630778703665));
#2526=DIRECTION('',(-0.118530812456967,-0.985850340060084,-0.118530812456967));
#2527=DIRECTION('center_axis',(0.707106781186538,0.707106781186557,0.));
#2528=DIRECTION('ref_axis',(0.,0.,-1.));
#2529=DIRECTION('',(-0.707106781186557,0.707106781186538,-9.21330058976326E-16));
#2530=DIRECTION('',(0.,0.,1.));
#2531=DIRECTION('',(0.577350269189637,-0.577350269189621,0.577350269189619));
#2532=DIRECTION('',(0.,0.,1.));
#2533=DIRECTION('',(-0.577350269189635,0.577350269189619,0.577350269189624));
#2534=DIRECTION('',(0.,0.,1.));
#2535=DIRECTION('center_axis',(0.,1.,0.));
#2536=DIRECTION('ref_axis',(0.,0.,1.));
#2537=DIRECTION('',(1.,0.,0.));
#2538=DIRECTION('',(0.,0.,-1.));
#2539=DIRECTION('center_axis',(0.,0.707106781186551,-0.707106781186544));
#2540=DIRECTION('ref_axis',(0.,0.707106781186544,0.707106781186551));
#2541=DIRECTION('',(1.,0.,0.));
#2542=DIRECTION('',(-0.577350269189624,-0.577350269189624,-0.577350269189629));
#2543=DIRECTION('center_axis',(0.,1.,0.));
#2544=DIRECTION('ref_axis',(0.,0.,1.));
#2545=DIRECTION('',(1.,0.,0.));
#2546=DIRECTION('',(0.,0.,-1.));
#2547=DIRECTION('center_axis',(-0.707106781186557,0.707106781186538,0.));
#2548=DIRECTION('ref_axis',(0.,0.,1.));
#2549=DIRECTION('',(0.,0.,-1.));
#2550=DIRECTION('',(-0.577350269189614,-0.577350269189629,-0.577350269189635));
#2551=DIRECTION('',(0.,0.,-1.));
#2552=DIRECTION('',(0.577350269189616,0.577350269189632,-0.57735026918963));
#2553=DIRECTION('',(0.,0.,-1.));
#2554=DIRECTION('',(-0.707106781186538,-0.707106781186557,9.21330058976351E-16));
#2555=DIRECTION('',(0.,0.,1.));
#2556=DIRECTION('center_axis',(0.,1.,0.));
#2557=DIRECTION('ref_axis',(0.,0.,1.));
#2558=DIRECTION('',(1.,0.,0.));
#2559=DIRECTION('',(0.,0.,1.));
#2560=DIRECTION('',(1.,0.,0.));
#2561=DIRECTION('center_axis',(0.,0.707106781186546,0.707106781186549));
#2562=DIRECTION('ref_axis',(0.,-0.707106781186549,0.707106781186546));
#2563=DIRECTION('',(1.,0.,0.));
#2564=DIRECTION('',(0.577350269189627,-0.577350269189627,0.577350269189624));
#2565=DIRECTION('center_axis',(0.,1.,0.));
#2566=DIRECTION('ref_axis',(0.,0.,1.));
#2567=DIRECTION('',(1.,0.,0.));
#2568=DIRECTION('',(0.,0.,1.));
#2569=DIRECTION('center_axis',(0.,0.707106781186551,-0.707106781186544));
#2570=DIRECTION('ref_axis',(0.,0.707106781186544,0.707106781186551));
#2571=DIRECTION('',(1.,0.,0.));
#2572=DIRECTION('',(-0.577350269189624,0.577350269189624,0.577350269189629));
#2573=DIRECTION('center_axis',(0.,-1.30295746482634E-15,-1.));
#2574=DIRECTION('ref_axis',(0.,1.,-1.30295746482634E-15));
#2575=DIRECTION('',(-0.746230599808507,-0.665687533238708,8.67362540675208E-16));
#2576=DIRECTION('',(2.50305906231203E-16,-1.,1.30295746482634E-15));
#2577=DIRECTION('',(0.965925826289068,-0.258819045102521,3.37230206855555E-16));
#2578=DIRECTION('',(0.965925826289069,0.25881904510252,-3.37230206855554E-16));
#2579=DIRECTION('',(2.50305906231203E-16,1.,-1.30295746482634E-15));
#2580=DIRECTION('',(-0.746230599808507,0.665687533238708,-8.67362540675208E-16));
#2581=DIRECTION('',(-2.77157304929461E-14,1.,-1.30295746482634E-15));
#2582=DIRECTION('',(-0.707106781186548,0.707106781186548,-9.21330058976339E-16));
#2583=DIRECTION('',(0.707106781186545,0.70710678118655,-9.21330058976341E-16));
#2584=DIRECTION('',(-3.29597922457265E-15,1.,-1.30295746482634E-15));
#2585=DIRECTION('',(0.965925826289068,0.258819045102521,-3.37230206855555E-16));
#2586=DIRECTION('',(0.965925826289068,-0.258819045102521,3.37230206855555E-16));
#2587=DIRECTION('',(-3.29597922457265E-15,-1.,1.30295746482634E-15));
#2588=DIRECTION('',(0.707106781186545,-0.70710678118655,9.21330058976341E-16));
#2589=DIRECTION('',(-0.707106781186548,-0.707106781186548,9.21330058976339E-16));
#2590=DIRECTION('',(1.,0.,0.));
#2591=DIRECTION('center_axis',(0.,1.30295746482634E-15,1.));
#2592=DIRECTION('ref_axis',(1.,0.,0.));
#2593=DIRECTION('center_axis',(0.,1.30295746482634E-15,1.));
#2594=DIRECTION('ref_axis',(1.,0.,0.));
#2595=DIRECTION('center_axis',(1.,2.77157304929461E-14,0.));
#2596=DIRECTION('ref_axis',(2.77157304929461E-14,-1.,0.));
#2597=DIRECTION('',(0.,0.,1.));
#2598=DIRECTION('',(-2.77157304929461E-14,1.,2.79660363991773E-14));
#2599=DIRECTION('',(-1.17131738438047E-14,0.422618261740777,0.906307787036614));
#2600=DIRECTION('',(0.,0.,-1.));
#2601=DIRECTION('center_axis',(0.,0.707106781186546,0.707106781186549));
#2602=DIRECTION('ref_axis',(0.,-0.707106781186549,0.707106781186546));
#2603=DIRECTION('',(1.,0.,0.));
#2604=DIRECTION('',(0.577350269189627,0.577350269189627,-0.577350269189624));
#2605=DIRECTION('center_axis',(0.,1.,0.));
#2606=DIRECTION('ref_axis',(0.,0.,1.));
#2607=DIRECTION('',(0.,0.,-1.));
#2608=DIRECTION('center_axis',(-0.707106781186548,0.707106781186548,0.));
#2609=DIRECTION('ref_axis',(0.,0.,1.));
#2610=DIRECTION('center_axis',(0.,1.,0.));
#2611=DIRECTION('ref_axis',(0.,0.,1.));
#2612=DIRECTION('',(0.,0.,1.));
#2613=DIRECTION('center_axis',(0.707106781186548,0.707106781186548,0.));
#2614=DIRECTION('ref_axis',(0.,0.,-1.));
#2615=DIRECTION('center_axis',(-0.707106781186547,1.76993003667127E-16,
-0.707106781186548));
#2616=DIRECTION('ref_axis',(-0.707106781186548,0.,0.707106781186547));
#2617=DIRECTION('',(-0.118530812456968,0.985850340060084,0.118530812456968));
#2618=DIRECTION('',(-0.598064822315336,0.533513764225303,0.598064822315335));
#2619=DIRECTION('',(-2.50305906231203E-16,-1.,0.));
#2620=DIRECTION('',(0.694746590606866,0.186156787897386,-0.694746590606865));
#2621=DIRECTION('center_axis',(0.258819045102521,-0.965925826289068,0.));
#2622=DIRECTION('ref_axis',(0.965925826289068,0.258819045102521,0.));
#2623=DIRECTION('',(0.,0.,1.));
#2624=DIRECTION('',(0.,0.,1.));
#2625=DIRECTION('center_axis',(1.,-2.50305906231203E-16,0.));
#2626=DIRECTION('ref_axis',(2.50305906231203E-16,1.,0.));
#2627=DIRECTION('',(0.,0.,-1.));
#2628=DIRECTION('center_axis',(0.707106781186547,1.76993003667127E-16,-0.707106781186548));
#2629=DIRECTION('ref_axis',(-0.707106781186548,0.,-0.707106781186547));
#2630=DIRECTION('',(0.694746590606866,-0.186156787897386,0.694746590606865));
#2631=DIRECTION('',(-2.50305906231203E-16,1.,0.));
#2632=DIRECTION('',(-0.598064822315336,-0.533513764225303,-0.598064822315335));
#2633=DIRECTION('center_axis',(-0.665687533238708,0.746230599808507,0.));
#2634=DIRECTION('ref_axis',(-0.746230599808507,-0.665687533238708,-4.35226423335616E-46));
#2635=DIRECTION('',(0.,0.,1.));
#2636=DIRECTION('center_axis',(-1.,-2.50305906231203E-16,0.));
#2637=DIRECTION('ref_axis',(2.50305906231203E-16,-1.,0.));
#2638=DIRECTION('',(0.,0.,1.));
#2639=DIRECTION('center_axis',(0.665687533238708,0.746230599808507,0.));
#2640=DIRECTION('ref_axis',(-0.746230599808507,0.665687533238708,4.35226423335616E-46));
#2641=DIRECTION('center_axis',(0.99026806874157,0.126133665146146,-0.0588170940088063));
#2642=DIRECTION('ref_axis',(3.98274427907781E-16,0.422618261740699,0.90630778703665));
#2643=DIRECTION('center_axis',(-0.258819045102521,-0.965925826289068,0.));
#2644=DIRECTION('ref_axis',(0.965925826289068,-0.258819045102521,0.));
#2645=DIRECTION('center_axis',(0.,1.,-1.66533453693773E-16));
#2646=DIRECTION('ref_axis',(-1.,0.,0.));
#2647=DIRECTION('',(0.933629043028976,-5.96591565255435E-17,-0.358241273463568));
#2648=DIRECTION('',(1.,0.,0.));
#2649=DIRECTION('',(0.933629043028976,5.96591565255435E-17,0.358241273463568));
#2650=DIRECTION('center_axis',(0.,0.642787609686539,-0.766044443118978));
#2651=DIRECTION('ref_axis',(1.,0.,0.));
#2652=DIRECTION('',(-0.933629043028942,0.2744287368327,0.230273051860765));
#2653=DIRECTION('',(-0.933629043028942,-0.2744287368327,-0.230273051860765));
#2654=DIRECTION('center_axis',(0.,0.,1.));
#2655=DIRECTION('ref_axis',(0.,-1.,0.));
#2656=DIRECTION('',(-0.996194698091746,0.0871557427476567,0.));
#2657=DIRECTION('',(-0.707106781186578,0.707106781186517,0.));
#2658=DIRECTION('',(0.518924781827117,-0.854819905480493,0.));
#2659=DIRECTION('',(-0.98436709149258,0.17612901290372,0.));
#2660=DIRECTION('',(-0.98436709149258,-0.17612901290372,0.));
#2661=DIRECTION('',(0.518924781827117,0.854819905480493,0.));
#2662=DIRECTION('',(-0.707106781186549,-0.707106781186546,0.));
#2663=DIRECTION('center_axis',(0.160071158553662,-0.894621381109141,0.417168801160466));
#2664=DIRECTION('ref_axis',(0.,-0.422618261740759,-0.906307787036622));
#2665=DIRECTION('',(0.,-0.422618261740759,-0.906307787036622));
#2666=DIRECTION('',(0.985047602213243,0.117496306398277,-0.125999362524987));
#2667=DIRECTION('',(0.936222667044145,0.27153143092023,0.223064564050769));
#2668=DIRECTION('',(3.86336827779486E-14,0.422618261740765,0.906307787036619));
#2669=DIRECTION('',(0.852095860885951,0.338576147821107,0.399122582658072));
#2670=DIRECTION('',(-0.6419815545411,0.226677801039546,0.732445805602619));
#2671=DIRECTION('center_axis',(-0.707106781186546,0.0159323206722093,-0.706927267233342));
#2672=DIRECTION('ref_axis',(0.,0.999746128932739,0.0225317039747156));
#2673=DIRECTION('',(0.647379104433495,0.416728877078158,-0.638151500940069));
#2674=DIRECTION('',(0.70708434016204,0.00796691880378364,-0.70708434016204));
#2675=DIRECTION('',(0.572964569300169,-0.572964569300175,-0.586023211701838));
#2676=DIRECTION('center_axis',(-0.707106781186549,0.640856382055777,-0.298836238730141));
#2677=DIRECTION('ref_axis',(0.,0.42261826174073,0.906307787036636));
#2678=DIRECTION('',(0.664023331817193,0.747073458314604,0.0308911424886076));
#2679=DIRECTION('',(0.211541378239861,-0.211541378239859,-0.954201493702856));
#2680=DIRECTION('',(0.,-0.42261826174073,-0.906307787036636));
#2681=DIRECTION('center_axis',(-0.707106781186547,0.613997371872256,0.350723861939792));
#2682=DIRECTION('ref_axis',(0.,-0.495998442203123,0.868323410563182));
#2683=DIRECTION('',(0.664023331817191,0.747073458314606,0.0308911424886016));
#2684=DIRECTION('',(0.,0.495998442203123,-0.868323410563182));
#2685=DIRECTION('center_axis',(-0.707106781186551,0.640856382055774,-0.298836238730141));
#2686=DIRECTION('ref_axis',(0.,0.422618261740732,0.906307787036635));
#2687=DIRECTION('',(0.638230619643248,0.760367156448277,0.120430326515197));
#2688=DIRECTION('',(0.,-0.422618261740732,-0.906307787036635));
#2689=DIRECTION('',(0.432537568646339,0.726341011022123,0.534172245082871));
#2690=DIRECTION('center_axis',(-0.707106781186546,0.5171451618608,0.482245665158297));
#2691=DIRECTION('ref_axis',(0.,-0.681998360062497,0.731353701619171));
#2692=DIRECTION('',(0.664143851524343,0.251622835651109,0.703987850080743));
#2693=DIRECTION('center_axis',(-0.707106781186547,-0.0942983714008106,0.700790851218219));
#2694=DIRECTION('ref_axis',(0.,-0.99106792617979,-0.133358035744721));
#2695=DIRECTION('',(0.659531239497199,-0.445339382266908,0.605550475789935));
#2696=DIRECTION('',(0.,0.99106792617979,0.133358035744721));
#2697=DIRECTION('center_axis',(-0.707106781186548,-0.640856382055775,0.298836238730147));
#2698=DIRECTION('ref_axis',(0.,-0.422618261740738,-0.906307787036632));
#2699=DIRECTION('',(0.703923086390585,-0.67802969524307,0.211584547675257));
#2700=DIRECTION('',(0.,0.422618261740738,0.906307787036632));
#2701=DIRECTION('center_axis',(-0.707106781186549,-0.697076691026114,0.118676395412404));
#2702=DIRECTION('ref_axis',(0.,-0.167833767925774,-0.985815310463292));
#2703=DIRECTION('',(0.705847436605184,-0.705847436605188,0.0596556156264898));
#2704=DIRECTION('',(0.,0.167833767925774,0.985815310463292));
#2705=DIRECTION('center_axis',(-0.707106781186549,-0.707106781186546,0.));
#2706=DIRECTION('ref_axis',(0.,0.,-1.));
#2707=DIRECTION('',(0.577350269189625,-0.577350269189628,-0.577350269189625));
#2708=DIRECTION('',(0.,0.,1.));
#2709=DIRECTION('center_axis',(-0.707106781186548,0.,-0.707106781186548));
#2710=DIRECTION('ref_axis',(0.,1.,0.));
#2711=DIRECTION('center_axis',(1.,0.,0.));
#2712=DIRECTION('ref_axis',(0.,0.,-1.));
#2713=DIRECTION('center_axis',(-0.707106781186546,-0.0159323206722093,0.706927267233342));
#2714=DIRECTION('ref_axis',(0.,0.999746128932739,0.0225317039747156));
#2715=DIRECTION('',(-0.647379104433495,0.416728877078158,-0.638151500940069));
#2716=DIRECTION('',(-0.572964569300169,-0.572964569300175,-0.586023211701838));
#2717=DIRECTION('',(-0.70708434016204,0.00796691880378364,-0.70708434016204));
#2718=DIRECTION('center_axis',(-0.707106781186549,-0.640856382055777,0.298836238730141));
#2719=DIRECTION('ref_axis',(0.,0.42261826174073,0.906307787036636));
#2720=DIRECTION('',(-0.664023331817193,0.747073458314604,0.0308911424886076));
#2721=DIRECTION('',(0.,-0.42261826174073,-0.906307787036636));
#2722=DIRECTION('',(-0.211541378239861,-0.211541378239859,-0.954201493702856));
#2723=DIRECTION('center_axis',(-0.707106781186547,-0.613997371872256,-0.350723861939792));
#2724=DIRECTION('ref_axis',(0.,-0.495998442203123,0.868323410563182));
#2725=DIRECTION('',(-0.664023331817191,0.747073458314606,0.0308911424886016));
#2726=DIRECTION('',(0.,0.495998442203123,-0.868323410563182));
#2727=DIRECTION('center_axis',(-0.707106781186551,-0.640856382055774,0.298836238730141));
#2728=DIRECTION('ref_axis',(0.,0.422618261740732,0.906307787036635));
#2729=DIRECTION('',(-0.638230619643248,0.760367156448277,0.120430326515197));
#2730=DIRECTION('',(-0.432537568646339,0.726341011022123,0.534172245082871));
#2731=DIRECTION('',(0.,-0.422618261740732,-0.906307787036635));
#2732=DIRECTION('center_axis',(-0.707106781186546,-0.5171451618608,-0.482245665158297));
#2733=DIRECTION('ref_axis',(0.,-0.681998360062497,0.731353701619171));
#2734=DIRECTION('',(-0.664143851524343,0.251622835651109,0.703987850080743));
#2735=DIRECTION('center_axis',(-0.707106781186547,0.0942983714008106,-0.700790851218219));
#2736=DIRECTION('ref_axis',(0.,-0.99106792617979,-0.133358035744721));
#2737=DIRECTION('',(-0.659531239497199,-0.445339382266908,0.605550475789935));
#2738=DIRECTION('',(0.,0.99106792617979,0.133358035744721));
#2739=DIRECTION('center_axis',(-0.707106781186548,0.640856382055775,-0.298836238730147));
#2740=DIRECTION('ref_axis',(0.,-0.422618261740738,-0.906307787036632));
#2741=DIRECTION('',(-0.703923086390585,-0.67802969524307,0.211584547675257));
#2742=DIRECTION('',(0.,0.422618261740738,0.906307787036632));
#2743=DIRECTION('center_axis',(-0.707106781186549,0.697076691026114,-0.118676395412404));
#2744=DIRECTION('ref_axis',(0.,-0.167833767925774,-0.985815310463292));
#2745=DIRECTION('',(-0.705847436605184,-0.705847436605188,0.0596556156264898));
#2746=DIRECTION('',(0.,0.167833767925774,0.985815310463292));
#2747=DIRECTION('center_axis',(-0.707106781186549,0.707106781186546,0.));
#2748=DIRECTION('ref_axis',(0.,0.,-1.));
#2749=DIRECTION('',(-0.577350269189625,-0.577350269189628,-0.577350269189625));
#2750=DIRECTION('',(0.,0.,1.));
#2751=DIRECTION('center_axis',(-0.707106781186548,0.,0.707106781186548));
#2752=DIRECTION('ref_axis',(0.,1.,0.));
#2753=DIRECTION('center_axis',(1.,0.,0.));
#2754=DIRECTION('ref_axis',(0.,0.,-1.));
#2755=DIRECTION('center_axis',(-0.0871557427476572,-0.996194698091746,0.));
#2756=DIRECTION('ref_axis',(-0.996194698091746,0.0871557427476572,0.));
#2757=DIRECTION('',(0.,0.,-1.));
#2758=DIRECTION('center_axis',(0.0871557427476564,-0.996194698091746,0.));
#2759=DIRECTION('ref_axis',(-0.996194698091746,-0.0871557427476564,0.));
#2760=DIRECTION('center_axis',(-0.350800434887293,0.684876350533445,0.638657529011344));
#2761=DIRECTION('ref_axis',(0.936450241541368,0.256559196584437,0.239245321302346));
#2762=DIRECTION('',(-0.890038034364076,-0.455886276811807,5.36432945206898E-16));
#2763=DIRECTION('',(-0.699885331491081,0.261369072768855,-0.664715526043711));
#2764=DIRECTION('',(0.707106781186545,0.640856382055781,-0.298836238730141));
#2765=DIRECTION('',(2.38944510961424E-14,-0.681998360062493,0.731353701619176));
#2766=DIRECTION('center_axis',(0.350800434887292,0.684876350533445,0.638657529011345));
#2767=DIRECTION('ref_axis',(0.936450241541368,-0.256559196584436,-0.239245321302345));
#2768=DIRECTION('',(0.936222667044146,-0.271531430920229,-0.223064564050768));
#2769=DIRECTION('',(0.707106781186545,-0.640856382055781,0.298836238730142));
#2770=DIRECTION('',(-0.699885331491081,-0.261369072768856,0.664715526043711));
#2771=DIRECTION('',(-0.890038034364077,0.455886276811806,-5.36432945206897E-16));
#2772=DIRECTION('',(2.37362096981548E-14,0.681998360062493,-0.731353701619176));
#2773=DIRECTION('center_axis',(-0.160071158553662,-0.894621381109141,0.417168801160466));
#2774=DIRECTION('ref_axis',(0.,-0.422618261740759,-0.906307787036622));
#2775=DIRECTION('',(-0.6419815545411,-0.226677801039546,-0.732445805602619));
#2776=DIRECTION('',(0.852095860885951,-0.338576147821107,-0.399122582658072));
#2777=DIRECTION('',(3.86336827779486E-14,-0.422618261740765,-0.906307787036619));
#2778=DIRECTION('',(0.985047602213243,-0.117496306398277,0.125999362524987));
#2779=DIRECTION('center_axis',(0.,-0.731353701619176,-0.681998360062493));
#2780=DIRECTION('ref_axis',(0.,0.681998360062493,-0.731353701619176));
#2781=DIRECTION('',(1.,0.,0.));
#2782=DIRECTION('center_axis',(0.,-1.1766814938111E-15,-1.));
#2783=DIRECTION('ref_axis',(0.,1.,-1.1766814938111E-15));
#2784=DIRECTION('',(0.133358035744714,0.991067926179791,-1.16617128784551E-15));
#2785=DIRECTION('',(-1.,0.,0.));
#2786=DIRECTION('',(0.133358035744714,-0.991067926179791,1.16617128784551E-15));
#2787=DIRECTION('center_axis',(-0.703927566165011,0.094720447560213,-0.703927566165012));
#2788=DIRECTION('ref_axis',(-0.0669774707868517,-0.995503910998843,-0.0669774707868511));
#2789=DIRECTION('',(-0.647400737516884,0.322098414629841,0.690742279258725));
#2790=DIRECTION('center_axis',(-0.703927566165011,-0.094720447560213,0.703927566165012));
#2791=DIRECTION('ref_axis',(0.0669774707868517,-0.995503910998843,-0.0669774707868511));
#2792=DIRECTION('',(-0.647400737516884,-0.322098414629841,-0.690742279258725));
#2793=DIRECTION('center_axis',(0.,0.90630778703662,-0.422618261740763));
#2794=DIRECTION('ref_axis',(0.,0.422618261740763,0.90630778703662));
#2795=DIRECTION('',(0.389281620635073,-0.389281620635075,-0.834817129478942));
#2796=DIRECTION('',(1.,0.,0.));
#2797=DIRECTION('',(0.389281620635073,0.389281620635075,0.834817129478942));
#2798=DIRECTION('center_axis',(-0.70710678118655,-0.640856382055777,0.298836238730141));
#2799=DIRECTION('ref_axis',(-1.64035451888367E-14,0.422618261740745,0.906307787036629));
#2800=DIRECTION('',(-0.707106781186545,0.640856382055771,-0.298836238730164));
#2801=DIRECTION('center_axis',(-0.49999999999999,-0.751990132248469,-0.429547251185409));
#2802=DIRECTION('ref_axis',(-0.500000000000013,-0.154317654788164,0.852165512926138));
#2803=DIRECTION('center_axis',(-0.632280199348978,-0.3838303979554,0.672975463978157));
#2804=DIRECTION('ref_axis',(0.316578188622052,0.664813750748123,0.676609878220082));
#2805=DIRECTION('center_axis',(-0.632280199348978,0.3838303979554,-0.672975463978157));
#2806=DIRECTION('ref_axis',(-0.316578188622052,0.664813750748123,0.676609878220082));
#2807=DIRECTION('center_axis',(-0.70710678118655,0.640856382055777,-0.298836238730141));
#2808=DIRECTION('ref_axis',(1.64035451888367E-14,0.422618261740745,0.906307787036629));
#2809=DIRECTION('',(0.707106781186545,0.640856382055771,-0.298836238730164));
#2810=DIRECTION('center_axis',(-0.49999999999999,0.751990132248469,0.429547251185409));
#2811=DIRECTION('ref_axis',(0.500000000000013,-0.154317654788164,0.852165512926138));
#2812=DIRECTION('center_axis',(0.,0.,1.));
#2813=DIRECTION('ref_axis',(1.,0.,0.));
#2814=DIRECTION('',(0.,0.,1.));
#2815=DIRECTION('',(0.,0.,1.));
#2816=DIRECTION('center_axis',(0.,0.,1.));
#2817=DIRECTION('ref_axis',(1.,0.,0.));
#2818=DIRECTION('',(0.,0.,1.));
#2819=DIRECTION('',(0.,0.,1.));
#2820=DIRECTION('center_axis',(-0.0871557427476567,-0.996194698091746,0.));
#2821=DIRECTION('ref_axis',(0.996194698091746,-0.0871557427476567,0.));
#2822=DIRECTION('',(0.,0.,1.));
#2823=DIRECTION('center_axis',(-0.707106781186517,-0.707106781186578,0.));
#2824=DIRECTION('ref_axis',(0.707106781186578,-0.707106781186517,0.));
#2825=DIRECTION('center_axis',(0.707106781186546,-0.707106781186549,0.));
#2826=DIRECTION('ref_axis',(0.707106781186549,0.707106781186546,0.));
#2827=DIRECTION('center_axis',(0.70710678118655,-0.707106781186545,0.));
#2828=DIRECTION('ref_axis',(-0.707106781186545,-0.70710678118655,0.));
#2829=DIRECTION('',(0.707106781186545,0.70710678118655,0.));
#2830=DIRECTION('',(0.,0.,-1.));
#2831=DIRECTION('center_axis',(-0.70710678118655,-0.707106781186545,0.));
#2832=DIRECTION('ref_axis',(-0.707106781186545,0.70710678118655,0.));
#2833=DIRECTION('',(0.,0.,-1.));
#2834=DIRECTION('',(0.707106781186545,-0.70710678118655,0.));
#2835=DIRECTION('center_axis',(-1.,3.29597922457265E-15,0.));
#2836=DIRECTION('ref_axis',(3.29597922457265E-15,1.,0.));
#2837=DIRECTION('',(0.,0.,1.));
#2838=DIRECTION('',(-3.29597922457265E-15,-1.,0.));
#2839=DIRECTION('center_axis',(-0.258819045102521,-0.965925826289068,0.));
#2840=DIRECTION('ref_axis',(-0.965925826289068,0.258819045102521,0.));
#2841=DIRECTION('',(0.,0.,1.));
#2842=DIRECTION('',(0.965925826289068,-0.258819045102521,0.));
#2843=DIRECTION('center_axis',(0.258819045102521,-0.965925826289068,0.));
#2844=DIRECTION('ref_axis',(-0.965925826289068,-0.258819045102521,0.));
#2845=DIRECTION('',(0.,0.,1.));
#2846=DIRECTION('',(0.965925826289068,0.258819045102521,0.));
#2847=DIRECTION('center_axis',(1.,3.29597922457265E-15,0.));
#2848=DIRECTION('ref_axis',(3.29597922457265E-15,-1.,0.));
#2849=DIRECTION('',(-3.29597922457265E-15,1.,0.));
#2850=DIRECTION('center_axis',(0.,0.,-1.));
#2851=DIRECTION('ref_axis',(-1.,0.,0.));
#2852=CARTESIAN_POINT('',(0.,0.,0.));
#2853=CARTESIAN_POINT('Ctrl Pts',(-5.55111512312578E-15,-68.5715371743514,
11.7955045559246));
#2854=CARTESIAN_POINT('Ctrl Pts',(1.88462856616444,-68.7733739244184,11.9102110820125));
#2855=CARTESIAN_POINT('Ctrl Pts',(4.68763986984792,-68.60404826588,13.087698474435));
#2856=CARTESIAN_POINT('Ctrl Pts',(7.56318405220965,-67.2808996991895,16.7606402748973));
#2857=CARTESIAN_POINT('Ctrl Pts',(7.9872123661061,-65.1957959451712,21.3553539329874));
#2858=CARTESIAN_POINT('Ctrl Pts',(5.49860741254565,-63.5739113336178,24.1104747880262));
#2859=CARTESIAN_POINT('Ctrl Pts',(3.87645550726011,-62.9916551066932,24.8878386003493));
#2860=CARTESIAN_POINT('Ctrl Pts',(-0.0264017941828711,-68.6586337466344,
12.076031632464));
#2861=CARTESIAN_POINT('Ctrl Pts',(1.80485798322644,-68.8577708109679,12.182274996841));
#2862=CARTESIAN_POINT('Ctrl Pts',(4.53766171411575,-68.6992898711612,13.3172727653373));
#2863=CARTESIAN_POINT('Ctrl Pts',(7.35813511175397,-67.4145553017953,16.8897725313513));
#2864=CARTESIAN_POINT('Ctrl Pts',(7.78736652989142,-65.3773190562149,21.3791367580563));
#2865=CARTESIAN_POINT('Ctrl Pts',(5.3527872476092,-63.7910208178809,24.0738516425561));
#2866=CARTESIAN_POINT('Ctrl Pts',(3.76612251954379,-63.2233846874933,24.8311716007307));
#2867=CARTESIAN_POINT('Ctrl Pts',(-0.0528035883657366,-68.7457303189174,
12.3565587090034));
#2868=CARTESIAN_POINT('Ctrl Pts',(1.72508740028844,-68.9421676975175,12.4543389116695));
#2869=CARTESIAN_POINT('Ctrl Pts',(4.38768355838359,-68.7945314764424,13.5468470562395));
#2870=CARTESIAN_POINT('Ctrl Pts',(7.15308617129829,-67.5482109044012,17.0189047878053));
#2871=CARTESIAN_POINT('Ctrl Pts',(7.58752069367675,-65.5588421672585,21.4029195831251));
#2872=CARTESIAN_POINT('Ctrl Pts',(5.20696708267276,-64.008130302144,24.0372284970861));
#2873=CARTESIAN_POINT('Ctrl Pts',(3.65578953182747,-63.4551142682933,24.7745046011122));
#2874=CARTESIAN_POINT('Ctrl Pts',(-0.0792053825486021,-68.8328268912004,
12.6370857855427));
#2875=CARTESIAN_POINT('Ctrl Pts',(1.64531681735044,-69.026564584067,12.726402826498));
#2876=CARTESIAN_POINT('Ctrl Pts',(4.23770540265142,-68.8897730817235,13.7764213471418));
#2877=CARTESIAN_POINT('Ctrl Pts',(6.94803723084262,-67.6818665070069,17.1480370442593));
#2878=CARTESIAN_POINT('Ctrl Pts',(7.38767485746206,-65.7403652783021,21.426702408194));
#2879=CARTESIAN_POINT('Ctrl Pts',(5.06114691773631,-64.225239786407,24.000605351616));
#2880=CARTESIAN_POINT('Ctrl Pts',(3.54545654411115,-63.6868438490934,24.7178376014936));
#2881=CARTESIAN_POINT('',(4.2859689139248,-63.1463080040449,24.6751615594513));
#2882=CARTESIAN_POINT('',(-2.92704828741248E-16,-68.5715371743514,11.7955045559246));
#2883=CARTESIAN_POINT('Ctrl Pts',(4.28559623698684,-63.1465016155002,24.6746380833884));
#2884=CARTESIAN_POINT('Ctrl Pts',(5.70700222911817,-63.7132067901017,23.8723002935114));
#2885=CARTESIAN_POINT('Ctrl Pts',(7.97265420648007,-65.2673837903529,21.1976036774544));
#2886=CARTESIAN_POINT('Ctrl Pts',(7.56318405220965,-67.2808996991895,16.7606402748973));
#2887=CARTESIAN_POINT('Ctrl Pts',(4.68763986984792,-68.60404826588,13.087698474435));
#2888=CARTESIAN_POINT('Ctrl Pts',(1.88462856616444,-68.7733739244184,11.9102110820125));
#2889=CARTESIAN_POINT('Ctrl Pts',(-5.55111512312578E-15,-68.5715371743514,
11.7955045559246));
#2890=CARTESIAN_POINT('',(-3.59626245566812E-7,-68.8415246273811,12.6416167012181));
#2891=CARTESIAN_POINT('Ctrl Pts',(3.47433216208838E-16,-68.5715371743514,
11.7955045559246));
#2892=CARTESIAN_POINT('Ctrl Pts',(-1.22820324889103E-16,-68.6164686210763,
11.9364755295773));
#2893=CARTESIAN_POINT('Ctrl Pts',(-7.31861671982687E-7,-68.6614957999625,
12.0776740677127));
#2894=CARTESIAN_POINT('Ctrl Pts',(-1.99614825373111E-6,-68.7064751005657,
12.2186387742189));
#2895=CARTESIAN_POINT('Ctrl Pts',(-3.25996545293824E-6,-68.7514377020288,
12.3595511457765));
#2896=CARTESIAN_POINT('Ctrl Pts',(-5.06143982806672E-6,-68.7965060576155,
12.5007112353929));
#2897=CARTESIAN_POINT('Ctrl Pts',(-7.11830980578212E-6,-68.8415239022656,
12.6416162780568));
#2898=CARTESIAN_POINT('',(6.99440495457666,-66.616486958225,19.4398952922489));
#2899=CARTESIAN_POINT('Ctrl Pts',(-3.5962624556074E-7,-68.8415246273811,
12.6416167012181));
#2900=CARTESIAN_POINT('Ctrl Pts',(1.69813322289382,-69.023711086438,12.7479376462585));
#2901=CARTESIAN_POINT('Ctrl Pts',(4.25430277172179,-68.8823761751844,13.797068247092));
#2902=CARTESIAN_POINT('Ctrl Pts',(6.53642449730551,-67.8653088891924,16.6359964376102));
#2903=CARTESIAN_POINT('Ctrl Pts',(6.99100092151823,-67.0784704207139,18.4505182040295));
#2904=CARTESIAN_POINT('Ctrl Pts',(6.99440495457666,-66.616486958225,19.4398952922489));
#2905=CARTESIAN_POINT('',(3.54579701707716,-63.6859081096778,24.7179039692809));
#2906=CARTESIAN_POINT('Ctrl Pts',(6.99720054697934,-66.6142363621262,19.4388645879397));
#2907=CARTESIAN_POINT('Ctrl Pts',(6.99925956279213,-66.331382420046,20.044620413978));
#2908=CARTESIAN_POINT('Ctrl Pts',(6.66864773902348,-65.2677125751777,22.2249658142694));
#2909=CARTESIAN_POINT('Ctrl Pts',(5.06320202774795,-64.2221799635429,24.0011214982885));
#2910=CARTESIAN_POINT('Ctrl Pts',(3.54701151716833,-63.6835779785486,24.7186362353334));
#2911=CARTESIAN_POINT('',(4.10873357411447,-63.1463080028007,24.7425120382178));
#2912=CARTESIAN_POINT('Ctrl Pts',(3.5454565441145,-63.6868438490946,24.717837601492));
#2913=CARTESIAN_POINT('Ctrl Pts',(3.63993380144967,-63.5975809690097,24.7224900750489));
#2914=CARTESIAN_POINT('Ctrl Pts',(3.73426413291137,-63.5076329590417,24.7268541432098));
#2915=CARTESIAN_POINT('Ctrl Pts',(3.82799596769719,-63.4176175513634,24.7309207313158));
#2916=CARTESIAN_POINT('Ctrl Pts',(3.92173650213523,-63.3275937889705,24.7349876968592));
#2917=CARTESIAN_POINT('Ctrl Pts',(4.0153997470702,-63.2370020004066,24.7387796831159));
#2918=CARTESIAN_POINT('Ctrl Pts',(4.1085749781483,-63.1463917387409,24.7422868475446));
#2919=CARTESIAN_POINT('Ctrl Pts',(4.10857497778779,-63.1463917385145,24.7422868477735));
#2920=CARTESIAN_POINT('Ctrl Pts',(4.16779099676233,-63.1464223645107,24.7203048478483));
#2921=CARTESIAN_POINT('Ctrl Pts',(4.22680001227379,-63.1464602291428,24.6977501859753));
#2922=CARTESIAN_POINT('Ctrl Pts',(4.28560118297561,-63.1465035874345,24.6746352915348));
#2923=CARTESIAN_POINT('Ctrl Pts',(-3.87645550726013,-62.9916551066932,24.8878386003493));
#2924=CARTESIAN_POINT('Ctrl Pts',(-5.49860741254566,-63.5739113336178,24.1104747880262));
#2925=CARTESIAN_POINT('Ctrl Pts',(-7.34771819868578,-64.7853215936347,22.0498248472845));
#2926=CARTESIAN_POINT('Ctrl Pts',(-7.85163681571775,-66.8680677886765,17.7297662172));
#2927=CARTESIAN_POINT('Ctrl Pts',(-5.64644575843135,-68.5520452616266,13.4777840496441));
#2928=CARTESIAN_POINT('Ctrl Pts',(-1.88462856616444,-68.7733739244184,11.9102110820125));
#2929=CARTESIAN_POINT('Ctrl Pts',(2.22044604925031E-15,-68.5715371743514,
11.7955045559246));
#2930=CARTESIAN_POINT('Ctrl Pts',(-3.76612251954381,-63.2233846874933,24.8311716007307));
#2931=CARTESIAN_POINT('Ctrl Pts',(-5.35278724760922,-63.7910208178809,24.0738516425561));
#2932=CARTESIAN_POINT('Ctrl Pts',(-7.16157337041767,-64.975602930575,22.0588240369443));
#2933=CARTESIAN_POINT('Ctrl Pts',(-7.6442311502393,-67.0116851067396,17.8358341640484));
#2934=CARTESIAN_POINT('Ctrl Pts',(-5.47287956235667,-68.6511348404039,13.6926745310313));
#2935=CARTESIAN_POINT('Ctrl Pts',(-1.80485798322644,-68.8577708109679,12.182274996841));
#2936=CARTESIAN_POINT('Ctrl Pts',(0.026401794182868,-68.6586337466344,12.076031632464));
#2937=CARTESIAN_POINT('Ctrl Pts',(-3.65578953182749,-63.4551142682933,24.7745046011122));
#2938=CARTESIAN_POINT('Ctrl Pts',(-5.20696708267277,-64.008130302144,24.037228497086));
#2939=CARTESIAN_POINT('Ctrl Pts',(-6.97542854214956,-65.1658842675154,22.0678232266041));
#2940=CARTESIAN_POINT('Ctrl Pts',(-7.43682548476085,-67.1553024248028,17.9419021108967));
#2941=CARTESIAN_POINT('Ctrl Pts',(-5.299313366282,-68.7502244191812,13.9075650124184));
#2942=CARTESIAN_POINT('Ctrl Pts',(-1.72508740028845,-68.9421676975175,12.4543389116695));
#2943=CARTESIAN_POINT('Ctrl Pts',(0.0528035883657339,-68.7457303189174,
12.3565587090034));
#2944=CARTESIAN_POINT('Ctrl Pts',(-3.54545654411117,-63.6868438490934,24.7178376014936));
#2945=CARTESIAN_POINT('Ctrl Pts',(-5.06114691773633,-64.2252397864071,24.000605351616));
#2946=CARTESIAN_POINT('Ctrl Pts',(-6.78928371388145,-65.3561656044557,22.0768224162638));
#2947=CARTESIAN_POINT('Ctrl Pts',(-7.2294198192824,-67.2989197428659,18.0479700577451));
#2948=CARTESIAN_POINT('Ctrl Pts',(-5.12574717020732,-68.8493139979584,14.1224554938056));
#2949=CARTESIAN_POINT('Ctrl Pts',(-1.64531681735044,-69.026564584067,12.726402826498));
#2950=CARTESIAN_POINT('Ctrl Pts',(0.0792053825485997,-68.8328268912004,
12.6370857855427));
#2951=CARTESIAN_POINT('',(-3.54545654411117,-63.6868438490934,24.7178376014936));
#2952=CARTESIAN_POINT('Ctrl Pts',(-3.54545654411117,-63.6868438490934,24.7178376014936));
#2953=CARTESIAN_POINT('Ctrl Pts',(-5.06114691773633,-64.2252397864071,24.000605351616));
#2954=CARTESIAN_POINT('Ctrl Pts',(-6.78928371388145,-65.3561656044557,22.0768224162638));
#2955=CARTESIAN_POINT('Ctrl Pts',(-7.2294198192824,-67.2989197428659,18.0479700577451));
#2956=CARTESIAN_POINT('Ctrl Pts',(-5.13862817283583,-68.8398207754821,14.1464918206736));
#2957=CARTESIAN_POINT('Ctrl Pts',(-1.6984890938279,-69.023788999134,12.747875447166));
#2958=CARTESIAN_POINT('Ctrl Pts',(3.26281672579504E-7,-68.8415255223012,
12.6416148083862));
#2959=CARTESIAN_POINT('',(-4.28596890854139,-63.1463080028382,24.6751615604749));
#2960=CARTESIAN_POINT('Ctrl Pts',(2.22044604925031E-15,-68.5715371743514,
11.7955045559246));
#2961=CARTESIAN_POINT('Ctrl Pts',(-1.88462856616444,-68.7733739244184,11.9102110820125));
#2962=CARTESIAN_POINT('Ctrl Pts',(-5.64644575843135,-68.5520452616266,13.4777840496441));
#2963=CARTESIAN_POINT('Ctrl Pts',(-7.85163681571775,-66.8680677886765,17.7297662172));
#2964=CARTESIAN_POINT('Ctrl Pts',(-7.36502820935771,-64.8568656042042,21.9014273512155));
#2965=CARTESIAN_POINT('Ctrl Pts',(-5.70526572649207,-63.7127463947303,23.8727831032151));
#2966=CARTESIAN_POINT('Ctrl Pts',(-4.28556787662913,-63.1465162174285,24.6745985298316));
#2967=CARTESIAN_POINT('',(-4.10873357411447,-63.1463080028007,24.7425120382178));
#2968=CARTESIAN_POINT('Ctrl Pts',(-4.28536528634848,-63.146435418738,24.674712944016));
#2969=CARTESIAN_POINT('Ctrl Pts',(-4.22661947905557,-63.1464077982855,24.6978100111414));
#2970=CARTESIAN_POINT('Ctrl Pts',(-4.167657010898,-63.1463833246095,24.7203494713833));
#2971=CARTESIAN_POINT('Ctrl Pts',(-4.10847760752939,-63.1463633434063,24.7423194017627));
#2972=CARTESIAN_POINT('Ctrl Pts',(-3.54545654411124,-63.6868438490934,24.7178376014936));
#2973=CARTESIAN_POINT('Ctrl Pts',(-3.63986739560153,-63.5976437097901,24.7224868049361));
#2974=CARTESIAN_POINT('Ctrl Pts',(-3.73412177045962,-63.5077564964279,24.7268517675851));
#2975=CARTESIAN_POINT('Ctrl Pts',(-3.8277713522724,-63.4177997819496,24.7309217729817));
#2976=CARTESIAN_POINT('Ctrl Pts',(-3.92156137177482,-63.3277081676361,24.7349978817921));
#2977=CARTESIAN_POINT('Ctrl Pts',(-4.0152667288083,-63.237045500646,24.738800777738));
#2978=CARTESIAN_POINT('Ctrl Pts',(-4.10847760753445,-63.1463633434088,24.7423194017597));
#2979=CARTESIAN_POINT('Ctrl Pts',(4.10873357411447,-63.1463080028007,24.7425120382178));
#2980=CARTESIAN_POINT('Ctrl Pts',(3.07083091123658,-63.1463080028007,25.5039388955761));
#2981=CARTESIAN_POINT('Ctrl Pts',(0.24155719600022,-63.1463080028007,26.6061820340361));
#2982=CARTESIAN_POINT('Ctrl Pts',(-2.72486335694395,-63.1463080028007,25.7577478480289));
#2983=CARTESIAN_POINT('Ctrl Pts',(-4.10873357411447,-63.1463080028007,24.7425120382178));
#2984=CARTESIAN_POINT('Ctrl Pts',(4.03995365549325,-63.3279410804647,24.6487579763541));
#2985=CARTESIAN_POINT('Ctrl Pts',(3.0233520052976,-63.3237910805214,25.4057242406404));
#2986=CARTESIAN_POINT('Ctrl Pts',(0.238872825075458,-63.3159609985268,26.5050919661058));
#2987=CARTESIAN_POINT('Ctrl Pts',(-2.68448478856572,-63.322407747207,25.6580463287359));
#2988=CARTESIAN_POINT('Ctrl Pts',(-4.03995365549325,-63.3279410804647,24.6487579763541));
#2989=CARTESIAN_POINT('Ctrl Pts',(3.97117373687202,-63.5095741581287,24.5550039144903));
#2990=CARTESIAN_POINT('Ctrl Pts',(2.97587309935862,-63.5012741582421,25.3075095857048));
#2991=CARTESIAN_POINT('Ctrl Pts',(0.236188454150692,-63.4856139942529,26.4040018981755));
#2992=CARTESIAN_POINT('Ctrl Pts',(-2.64410622018748,-63.4985074916132,25.5583448094429));
#2993=CARTESIAN_POINT('Ctrl Pts',(-3.97117373687202,-63.5095741581287,24.5550039144903));
#2994=CARTESIAN_POINT('Ctrl Pts',(3.9023938182508,-63.6912072357927,24.4612498526266));
#2995=CARTESIAN_POINT('Ctrl Pts',(2.92839419341964,-63.6787572359627,25.2092949307691));
#2996=CARTESIAN_POINT('Ctrl Pts',(0.233504083225931,-63.655266989979,26.3029118302452));
#2997=CARTESIAN_POINT('Ctrl Pts',(-2.60372765180925,-63.6746072360194,25.4586432901499));
#2998=CARTESIAN_POINT('Ctrl Pts',(-3.9023938182508,-63.6912072357927,24.4612498526266));
#2999=CARTESIAN_POINT('Ctrl Pts',(-4.10873357411447,-63.1463080028007,24.7425120382178));
#3000=CARTESIAN_POINT('Ctrl Pts',(-2.72486335694395,-63.1463080028007,25.7577478480289));
#3001=CARTESIAN_POINT('Ctrl Pts',(0.24155719600022,-63.1463080028007,26.6061820340361));
#3002=CARTESIAN_POINT('Ctrl Pts',(3.07083091123658,-63.1463080028007,25.5039388955761));
#3003=CARTESIAN_POINT('Ctrl Pts',(4.10873357411447,-63.1463080028007,24.7425120382178));
#3004=CARTESIAN_POINT('Ctrl Pts',(3.54530585371054,-63.686850452176,24.7176078291141));
#3005=CARTESIAN_POINT('Ctrl Pts',(2.65166680937531,-63.6764609796903,25.3163475182607));
#3006=CARTESIAN_POINT('Ctrl Pts',(0.226643062997689,-63.6573509584838,26.2086209911938));
#3007=CARTESIAN_POINT('Ctrl Pts',(-2.31301974883618,-63.672735749207,25.5401607293451));
#3008=CARTESIAN_POINT('Ctrl Pts',(-3.54511929203583,-63.6868769508252,24.717322036166));
#3009=CARTESIAN_POINT('Origin',(-6.62923144015106,-68.9477207812521,12.9147868540076));
#3010=CARTESIAN_POINT('',(-2.22044604925031E-15,-69.0475411891848,10.774710651924));
#3011=CARTESIAN_POINT('',(-2.39391839684799E-15,-66.0969245959928,17.1023283557946));
#3012=CARTESIAN_POINT('',(-9.95635543035747,-71.2634396745545,8.91535105012395));
#3013=CARTESIAN_POINT('',(0.317299774397892,-68.9769225683034,10.8339667106598));
#3014=CARTESIAN_POINT('',(-9.95635543035747,-63.1463080028007,26.3225960948872));
#3015=CARTESIAN_POINT('',(-9.95635543035747,-70.3277194184713,10.9220096149554));
#3016=CARTESIAN_POINT('',(-4.61635792045223,-63.1463080028007,24.7711504787519));
#3017=CARTESIAN_POINT('Origin',(6.62923144015105,-64.7215381638451,21.9778647243741));
#3018=CARTESIAN_POINT('',(9.95635543035748,-63.1463080028007,26.3225960948872));
#3019=CARTESIAN_POINT('',(-0.317299774397901,-63.1463080028007,23.3377599972041));
#3020=CARTESIAN_POINT('',(9.95635543035748,-71.2634396745545,8.91535105012394));
#3021=CARTESIAN_POINT('',(9.95635543035748,-64.082028258884,24.3159375300558));
#3022=CARTESIAN_POINT('',(4.61635792045222,-70.0749633815128,9.91260106927819));
#3023=CARTESIAN_POINT('Origin',(0.,-59.7218224949485,15.4593618470508));
#3024=CARTESIAN_POINT('',(6.99805086279419,-68.2027235755819,20.3554842985056));
#3025=CARTESIAN_POINT('',(7.,-59.7218224949485,15.4593618470508));
#3026=CARTESIAN_POINT('',(4.34894673788627,-65.5930941716358,25.1826254180969));
#3027=CARTESIAN_POINT('Ctrl Pts',(4.34894674035544,-65.5930941727314,25.1826254164688));
#3028=CARTESIAN_POINT('Ctrl Pts',(5.63115882570184,-66.1619933566093,24.3371910359823));
#3029=CARTESIAN_POINT('Ctrl Pts',(6.7979545860178,-67.0934577710062,22.6776704859197));
#3030=CARTESIAN_POINT('Ctrl Pts',(6.99856399841491,-68.0043850626633,20.7782272779029));
#3031=CARTESIAN_POINT('Ctrl Pts',(6.99695218989144,-68.2011581170227,20.3547672711384));
#3032=CARTESIAN_POINT('',(-4.34894673788628,-65.5930941716358,25.1826254180969));
#3033=CARTESIAN_POINT('Ctrl Pts',(-4.34888985598191,-65.5930935664907,25.1825654263288));
#3034=CARTESIAN_POINT('Ctrl Pts',(-3.66904790629819,-65.6031231674591,25.8100568877817));
#3035=CARTESIAN_POINT('Ctrl Pts',(-2.04181744100108,-65.6229917770237,26.8053383074915));
#3036=CARTESIAN_POINT('Ctrl Pts',(1.1057303185061,-65.6320731952949,27.1778568535038));
#3037=CARTESIAN_POINT('Ctrl Pts',(3.29537272515575,-65.6085767259655,26.1543925021852));
#3038=CARTESIAN_POINT('Ctrl Pts',(4.34886443969817,-65.5930885394627,25.1825387356816));
#3039=CARTESIAN_POINT('',(-0.000169011557852082,-70.4238265309588,13.5534915902202));
#3040=CARTESIAN_POINT('Ctrl Pts',(4.20789989163083E-13,-70.4220380296157,
13.5540628415566));
#3041=CARTESIAN_POINT('Ctrl Pts',(-0.834593690807115,-70.5104610576917,
13.6051118429422));
#3042=CARTESIAN_POINT('Ctrl Pts',(-3.33860299632177,-70.5878902741637,14.1616124442721));
#3043=CARTESIAN_POINT('Ctrl Pts',(-6.6655765005743,-69.7199760705947,16.9916817097598));
#3044=CARTESIAN_POINT('Ctrl Pts',(-7.44614707018618,-67.6107593969656,21.7561959178568));
#3045=CARTESIAN_POINT('Ctrl Pts',(-5.63115882453003,-66.1619933556738,24.3371910376489));
#3046=CARTESIAN_POINT('Ctrl Pts',(-4.34894673787533,-65.593094171631,25.1826254181041));
#3047=CARTESIAN_POINT('Ctrl Pts',(6.99847453171796,-68.2027243368083,20.3554837970942));
#3048=CARTESIAN_POINT('Ctrl Pts',(6.99438451959771,-68.6989800625132,19.2875302574266));
#3049=CARTESIAN_POINT('Ctrl Pts',(6.49086659864192,-69.4910135762084,17.4376133600247));
#3050=CARTESIAN_POINT('Ctrl Pts',(4.14457955408108,-70.4658987802122,14.6607486035377));
#3051=CARTESIAN_POINT('Ctrl Pts',(1.66932902432348,-70.6009109671384,13.6555107932867));
#3052=CARTESIAN_POINT('Ctrl Pts',(-0.000185993743086974,-70.4240062385564,
13.5534341912109));
#3053=CARTESIAN_POINT('Ctrl Pts',(0.0726863165336367,-71.1912136808641,
13.3083864151097));
#3054=CARTESIAN_POINT('Ctrl Pts',(-0.825927503369628,-71.2911012957406,
13.3552537227964));
#3055=CARTESIAN_POINT('Ctrl Pts',(-3.52963784008963,-71.3908612153896,13.9268350205279));
#3056=CARTESIAN_POINT('Ctrl Pts',(-7.18684000092175,-70.4773321575029,16.948442404549));
#3057=CARTESIAN_POINT('Ctrl Pts',(-8.10721689318486,-68.1685782726131,22.1669809687003));
#3058=CARTESIAN_POINT('Ctrl Pts',(-6.10777684735237,-66.5675014981316,25.0195978322295));
#3059=CARTESIAN_POINT('Ctrl Pts',(-4.69315217099299,-65.9442525201889,25.9451643958506));
#3060=CARTESIAN_POINT('Ctrl Pts',(0.048457544355898,-70.9348217971146,13.3902785572587));
#3061=CARTESIAN_POINT('Ctrl Pts',(-0.828816232515456,-71.0308878830576,
13.438539762845));
#3062=CARTESIAN_POINT('Ctrl Pts',(-3.46595955883367,-71.1232042349809,14.005094161776));
#3063=CARTESIAN_POINT('Ctrl Pts',(-7.01308550080593,-70.2248801285335,16.9628555062859));
#3064=CARTESIAN_POINT('Ctrl Pts',(-7.88686028551863,-67.9826386473973,22.0300526184192));
#3065=CARTESIAN_POINT('Ctrl Pts',(-5.94890417307825,-66.4323321173123,24.7921289007027));
#3066=CARTESIAN_POINT('Ctrl Pts',(-4.57841702662043,-65.8271997373363,25.6909847366018));
#3067=CARTESIAN_POINT('Ctrl Pts',(0.0242287721781594,-70.6784299133652,
13.4721706994076));
#3068=CARTESIAN_POINT('Ctrl Pts',(-0.831704961661287,-70.7706744703747,
13.5218258028936));
#3069=CARTESIAN_POINT('Ctrl Pts',(-3.40228127757772,-70.8555472545723,14.083353303024));
#3070=CARTESIAN_POINT('Ctrl Pts',(-6.83933100069012,-69.9724280995641,16.9772686080228));
#3071=CARTESIAN_POINT('Ctrl Pts',(-7.66650367785241,-67.7966990221814,21.893124268138));
#3072=CARTESIAN_POINT('Ctrl Pts',(-5.79003149880414,-66.2971627364931,24.5646599691758));
#3073=CARTESIAN_POINT('Ctrl Pts',(-4.46368188224788,-65.7101469544836,25.4368050773529));
#3074=CARTESIAN_POINT('Ctrl Pts',(4.20789989163083E-13,-70.4220380296157,
13.5540628415566));
#3075=CARTESIAN_POINT('Ctrl Pts',(-0.834593690807115,-70.5104610576917,
13.6051118429422));
#3076=CARTESIAN_POINT('Ctrl Pts',(-3.33860299632177,-70.5878902741637,14.1616124442721));
#3077=CARTESIAN_POINT('Ctrl Pts',(-6.6655765005743,-69.7199760705947,16.9916817097598));
#3078=CARTESIAN_POINT('Ctrl Pts',(-7.44614707018618,-67.6107593969656,21.7561959178568));
#3079=CARTESIAN_POINT('Ctrl Pts',(-5.63115882453003,-66.1619933556738,24.3371910376489));
#3080=CARTESIAN_POINT('Ctrl Pts',(-4.34894673787533,-65.593094171631,25.1826254181041));
#3081=CARTESIAN_POINT('',(-5.12581524800514,-66.1463080030507,25.6375579259698));
#3082=CARTESIAN_POINT('',(2.74143342467313E-8,-71.1991457107154,13.312493905394));
#3083=CARTESIAN_POINT('Ctrl Pts',(-5.12530919639748,-66.1464895479264,25.6370215770245));
#3084=CARTESIAN_POINT('Ctrl Pts',(-6.31077319850015,-66.7356646982884,24.7179478291524));
#3085=CARTESIAN_POINT('Ctrl Pts',(-8.0749613124596,-68.2494909921031,21.9840917704395));
#3086=CARTESIAN_POINT('Ctrl Pts',(-7.18684000092175,-70.4773321575029,16.948442404549));
#3087=CARTESIAN_POINT('Ctrl Pts',(-3.54935798520334,-71.3859353390516,13.9431279497862));
#3088=CARTESIAN_POINT('Ctrl Pts',(-0.874482309407274,-71.292842035096,13.3656274697518));
#3089=CARTESIAN_POINT('Ctrl Pts',(-1.19681853524845E-8,-71.1991473903534,
13.3124902989111));
#3090=CARTESIAN_POINT('Ctrl Pts',(-6.18773216521718E-6,-71.1991381679381,
13.3125082749045));
#3091=CARTESIAN_POINT('Ctrl Pts',(-4.42330246115837E-6,-71.0696286873861,
13.3528048944421));
#3092=CARTESIAN_POINT('Ctrl Pts',(-2.91310791675935E-6,-70.9400350490383,
13.393109074716));
#3093=CARTESIAN_POINT('Ctrl Pts',(-1.80105999145891E-6,-70.8105352069525,
13.433363595952));
#3094=CARTESIAN_POINT('Ctrl Pts',(-6.89397652190263E-7,-70.6810802671337,
13.4736041594931));
#3095=CARTESIAN_POINT('Ctrl Pts',(3.0691764856711E-14,-70.551509097667,
13.5138603589097));
#3096=CARTESIAN_POINT('Ctrl Pts',(4.09394740330526E-14,-70.4220380296157,
13.5540628415566));
#3097=CARTESIAN_POINT('',(-5.14715370235641,-66.1463080028007,25.5588266567605));
#3098=CARTESIAN_POINT('Ctrl Pts',(-4.3489338208931,-65.5930929178806,25.1825248465513));
#3099=CARTESIAN_POINT('Ctrl Pts',(-4.43779540924498,-65.6522604116819,25.2223956866589));
#3100=CARTESIAN_POINT('Ctrl Pts',(-4.52607530960601,-65.7118981887343,25.2626464793297));
#3101=CARTESIAN_POINT('Ctrl Pts',(-4.61386931564877,-65.7719952364016,25.3033423889693));
#3102=CARTESIAN_POINT('Ctrl Pts',(-4.66084045324386,-65.8041480771509,25.3251153237903));
#3103=CARTESIAN_POINT('Ctrl Pts',(-4.7076729329654,-65.8364324248624,25.3470148732081));
#3104=CARTESIAN_POINT('Ctrl Pts',(-4.75438414845199,-65.8688469222496,25.3690455667525));
#3105=CARTESIAN_POINT('Ctrl Pts',(-4.84831324629167,-65.9340275103546,25.4133459162051));
#3106=CARTESIAN_POINT('Ctrl Pts',(-4.94164110131447,-65.9996595428506,25.4581304838027));
#3107=CARTESIAN_POINT('Ctrl Pts',(-5.03444556575802,-66.0657093165297,25.5034323514418));
#3108=CARTESIAN_POINT('Ctrl Pts',(-5.07209877536907,-66.0925074451328,25.5218125094247));
#3109=CARTESIAN_POINT('Ctrl Pts',(-5.10966608507889,-66.1193743747549,25.5402772791488));
#3110=CARTESIAN_POINT('Ctrl Pts',(-5.14715370235641,-66.1463080028007,25.5588266567605));
#3111=CARTESIAN_POINT('Ctrl Pts',(-5.14651259961857,-66.1465001326049,25.5582273831261));
#3112=CARTESIAN_POINT('Ctrl Pts',(-5.1395310098643,-66.146490326803,25.5845293992099));
#3113=CARTESIAN_POINT('Ctrl Pts',(-5.13245092245873,-66.1464806567164,25.6108040589593));
#3114=CARTESIAN_POINT('Ctrl Pts',(-5.12527230462611,-66.1464712128274,25.6370501784933));
#3115=CARTESIAN_POINT('Ctrl Pts',(-5.14715370235642,-66.1463080028007,25.5588266567605));
#3116=CARTESIAN_POINT('Ctrl Pts',(-4.36064515524305,-66.1463080028007,26.3856303355671));
#3117=CARTESIAN_POINT('Ctrl Pts',(-2.47117160111383,-66.1463080028007,27.6601717569947));
#3118=CARTESIAN_POINT('Ctrl Pts',(1.38969213728359,-66.1463080028007,28.1384833959892));
#3119=CARTESIAN_POINT('Ctrl Pts',(3.96739088168637,-66.1463080028007,26.7990321749704));
#3120=CARTESIAN_POINT('Ctrl Pts',(5.14715370235642,-66.1463080028007,25.5588266567605));
#3121=CARTESIAN_POINT('Ctrl Pts',(-4.94791361792832,-65.9608980390452,25.3692967437387));
#3122=CARTESIAN_POINT('Ctrl Pts',(-4.1815080416375,-65.9646061482577,26.1616650770195));
#3123=CARTESIAN_POINT('Ctrl Pts',(-2.35672860503166,-65.971786526566,27.3718335236874));
#3124=CARTESIAN_POINT('Ctrl Pts',(1.32371922292241,-65.9749791518268,27.8216690049515));
#3125=CARTESIAN_POINT('Ctrl Pts',(3.7983052534921,-65.966460202864,26.5578492436599));
#3126=CARTESIAN_POINT('Ctrl Pts',(4.94791361792832,-65.9608980390452,25.3692967437387));
#3127=CARTESIAN_POINT('Ctrl Pts',(-4.74867353350022,-65.7754880752898,25.179766830717));
#3128=CARTESIAN_POINT('Ctrl Pts',(-4.00237092803196,-65.7829042937147,25.9376998184719));
#3129=CARTESIAN_POINT('Ctrl Pts',(-2.24228560894949,-65.7972650503312,27.0834952903802));
#3130=CARTESIAN_POINT('Ctrl Pts',(1.25774630856123,-65.8036503008528,27.5048546139138));
#3131=CARTESIAN_POINT('Ctrl Pts',(3.62921962529783,-65.7866124029272,26.3166663123494));
#3132=CARTESIAN_POINT('Ctrl Pts',(4.74867353350023,-65.7754880752898,25.179766830717));
#3133=CARTESIAN_POINT('Ctrl Pts',(-4.54943344907213,-65.5900781115343,24.9902369176952));
#3134=CARTESIAN_POINT('Ctrl Pts',(-3.82323381442641,-65.6012024391717,25.7137345599243));
#3135=CARTESIAN_POINT('Ctrl Pts',(-2.12784261286732,-65.6227435740965,26.7951570570729));
#3136=CARTESIAN_POINT('Ctrl Pts',(1.19177339420005,-65.6323214498789,27.188040222876));
#3137=CARTESIAN_POINT('Ctrl Pts',(3.46013399710356,-65.6067646029905,26.0754833810389));
#3138=CARTESIAN_POINT('Ctrl Pts',(4.54943344907213,-65.5900781115343,24.9902369176952));
#3139=CARTESIAN_POINT('',(5.14715370235642,-66.1463080028007,25.5588266567605));
#3140=CARTESIAN_POINT('Ctrl Pts',(4.34895073059284,-65.5930872708229,25.1824591304003));
#3141=CARTESIAN_POINT('Ctrl Pts',(4.43757903640134,-65.6521134103853,25.2222457767763));
#3142=CARTESIAN_POINT('Ctrl Pts',(4.52563951691004,-65.7116067914688,25.2624096397595));
#3143=CARTESIAN_POINT('Ctrl Pts',(4.61322099824579,-65.7715568035517,25.303014529414));
#3144=CARTESIAN_POINT('Ctrl Pts',(4.6604278744909,-65.8038701734345,25.3249007771873));
#3145=CARTESIAN_POINT('Ctrl Pts',(4.70749604664122,-65.8363162499663,25.3469143660606));
#3146=CARTESIAN_POINT('Ctrl Pts',(4.75444239815553,-65.8688936962485,25.3690597962878));
#3147=CARTESIAN_POINT('Ctrl Pts',(4.84817183347643,-65.9339352925759,25.4132736404563));
#3148=CARTESIAN_POINT('Ctrl Pts',(4.94130513823774,-65.9994260514561,25.4579670920638));
#3149=CARTESIAN_POINT('Ctrl Pts',(5.03391496623807,-66.065332743021,25.5031725008305));
#3150=CARTESIAN_POINT('Ctrl Pts',(5.07174626869607,-66.092255760118,25.5216390019429));
#3151=CARTESIAN_POINT('Ctrl Pts',(5.10949049584088,-66.119248219625,25.5401903952304));
#3152=CARTESIAN_POINT('Ctrl Pts',(5.14715370235642,-66.1463080028007,25.5588266567605));
#3153=CARTESIAN_POINT('',(5.08328778618264,-66.1463080028007,25.6252022944878));
#3154=CARTESIAN_POINT('Ctrl Pts',(5.14715370235642,-66.1463080028007,25.5588266567605));
#3155=CARTESIAN_POINT('Ctrl Pts',(5.12597749090143,-66.1463080028007,25.5810877874226));
#3156=CARTESIAN_POINT('Ctrl Pts',(5.10468308331849,-66.1463080028007,25.6032082725414));
#3157=CARTESIAN_POINT('Ctrl Pts',(5.08327222630289,-66.1463080028007,25.6251871367272));
#3158=CARTESIAN_POINT('',(-5.08328778618265,-66.1463080028007,25.6252022944878));
#3159=CARTESIAN_POINT('Ctrl Pts',(5.08327222630289,-66.1463080028007,25.6251871367272));
#3160=CARTESIAN_POINT('Ctrl Pts',(3.91184775867284,-66.1463080028007,26.8276882444227));
#3161=CARTESIAN_POINT('Ctrl Pts',(1.35999180908779,-66.1463080028007,28.1348039051756));
#3162=CARTESIAN_POINT('Ctrl Pts',(-2.44147116279225,-66.1463080028007,27.6638512614514));
#3163=CARTESIAN_POINT('Ctrl Pts',(-4.30971476511752,-66.1463080028007,26.419765177458));
#3164=CARTESIAN_POINT('Ctrl Pts',(-5.08328226461677,-66.1463080028007,25.625196918859));
#3165=CARTESIAN_POINT('Ctrl Pts',(-5.14715370235642,-66.1463080028007,25.5588266567605));
#3166=CARTESIAN_POINT('Ctrl Pts',(-5.12597741238219,-66.1463080028007,25.5810878699646));
#3167=CARTESIAN_POINT('Ctrl Pts',(-5.10468641886641,-66.1463080028007,25.6032116860514));
#3168=CARTESIAN_POINT('Ctrl Pts',(-5.08328226461677,-66.1463080028007,25.625196918859));
#3169=CARTESIAN_POINT('Ctrl Pts',(4.69315217099299,-65.944252520189,25.9451643958506));
#3170=CARTESIAN_POINT('Ctrl Pts',(6.10777684735237,-66.5675014981316,25.0195978322295));
#3171=CARTESIAN_POINT('Ctrl Pts',(8.1091964318911,-68.1708721377032,22.1626368805032));
#3172=CARTESIAN_POINT('Ctrl Pts',(7.33540535246279,-70.0879179369727,17.8267070360274));
#3173=CARTESIAN_POINT('Ctrl Pts',(4.41054177526558,-71.264137043279,14.4545275673414));
#3174=CARTESIAN_POINT('Ctrl Pts',(1.7245413232728,-71.3909889106171,13.4021210304831));
#3175=CARTESIAN_POINT('Ctrl Pts',(-0.0726863165337399,-71.1912136808641,
13.3083864151097));
#3176=CARTESIAN_POINT('Ctrl Pts',(4.57841702662044,-65.8271997373363,25.6909847366018));
#3177=CARTESIAN_POINT('Ctrl Pts',(5.94890417307826,-66.4323321173123,24.7921289007026));
#3178=CARTESIAN_POINT('Ctrl Pts',(7.88900523112294,-67.9848789463407,22.0258353627429));
#3179=CARTESIAN_POINT('Ctrl Pts',(7.1536527677872,-69.8466887621957,17.8155989489133));
#3180=CARTESIAN_POINT('Ctrl Pts',(4.32166026664703,-70.9973750169188,14.5234442605634));
#3181=CARTESIAN_POINT('Ctrl Pts',(1.70609000938672,-71.1269539690006,13.4868009684313));
#3182=CARTESIAN_POINT('Ctrl Pts',(-0.0484575443559988,-70.9348217971146,
13.3902785572586));
#3183=CARTESIAN_POINT('Ctrl Pts',(4.46368188224788,-65.7101469544837,25.4368050773529));
#3184=CARTESIAN_POINT('Ctrl Pts',(5.79003149880415,-66.2971627364931,24.5646599691758));
#3185=CARTESIAN_POINT('Ctrl Pts',(7.66881403035477,-67.7988857549782,21.8890338449827));
#3186=CARTESIAN_POINT('Ctrl Pts',(6.97190018311162,-69.6054595874187,17.8044908617993));
#3187=CARTESIAN_POINT('Ctrl Pts',(4.23277875802847,-70.7306129905586,14.5923609537854));
#3188=CARTESIAN_POINT('Ctrl Pts',(1.68763869550064,-70.8629190273842,13.5714809063796));
#3189=CARTESIAN_POINT('Ctrl Pts',(-0.0242287721782576,-70.6784299133652,
13.4721706994076));
#3190=CARTESIAN_POINT('Ctrl Pts',(4.34894673787533,-65.593094171631,25.1826254181041));
#3191=CARTESIAN_POINT('Ctrl Pts',(5.63115882453004,-66.1619933556738,24.3371910376489));
#3192=CARTESIAN_POINT('Ctrl Pts',(7.44862282958661,-67.6128925636157,21.7522323272225));
#3193=CARTESIAN_POINT('Ctrl Pts',(6.79014759843603,-69.3642304126417,17.7933827746853));
#3194=CARTESIAN_POINT('Ctrl Pts',(4.14389724940992,-70.4638509641985,14.6612776470073));
#3195=CARTESIAN_POINT('Ctrl Pts',(1.66918738161456,-70.5988840857677,13.6561608443278));
#3196=CARTESIAN_POINT('Ctrl Pts',(-5.16460288225475E-13,-70.4220380296157,
13.5540628415566));
#3197=CARTESIAN_POINT('',(5.12581524800513,-66.1463080030507,25.6375579259698));
#3198=CARTESIAN_POINT('Ctrl Pts',(-1.38416202329766E-7,-71.1991388148417,
13.3125086454635));
#3199=CARTESIAN_POINT('Ctrl Pts',(1.77274970665834,-71.3886618543979,13.4211175459793));
#3200=CARTESIAN_POINT('Ctrl Pts',(4.42631499789869,-71.2577939215096,14.4727130779181));
#3201=CARTESIAN_POINT('Ctrl Pts',(7.33540535246279,-70.0879179369727,17.8267070360274));
#3202=CARTESIAN_POINT('Ctrl Pts',(8.07665854137836,-68.2514838531686,21.9803111671404));
#3203=CARTESIAN_POINT('Ctrl Pts',(6.31093610537982,-66.7358630483856,24.7175697958243));
#3204=CARTESIAN_POINT('Ctrl Pts',(5.1252860497675,-66.1464977986384,25.636997158455));
#3205=CARTESIAN_POINT('Ctrl Pts',(5.12530181407911,-66.146505634811,25.6369849337817));
#3206=CARTESIAN_POINT('Ctrl Pts',(5.13248256528668,-66.1465173532572,25.6107345247711));
#3207=CARTESIAN_POINT('Ctrl Pts',(5.13956490951653,-66.146529398072,25.584455388844));
#3208=CARTESIAN_POINT('Ctrl Pts',(5.14654888102323,-66.1465416746589,25.5581487181654));
#3209=CARTESIAN_POINT('Origin',(6.2636234099356,-67.4201950825225,23.2362691122864));
#3210=CARTESIAN_POINT('',(-3.56659146660832E-14,-71.5262251911605,12.6110696880579));
#3211=CARTESIAN_POINT('',(-1.91686944095437E-14,-68.8362665969806,18.3797045091609));
#3212=CARTESIAN_POINT('',(15.0507037645469,-74.8759279924405,9.80033530295038));
#3213=CARTESIAN_POINT('',(4.42388728986355,-72.5108108875656,11.784904193342));
#3214=CARTESIAN_POINT('',(15.0507037645421,-66.1463080028007,28.5210657841501));
#3215=CARTESIAN_POINT('',(15.0507037645434,-68.4182291636638,23.6489151318276));
#3216=CARTESIAN_POINT('',(-0.509770404986575,-66.1463080028007,24.0002341937755));
#3217=CARTESIAN_POINT('Origin',(-6.26362340993561,-71.6463776999295,14.1731912419199));
#3218=CARTESIAN_POINT('',(-15.0507037645421,-66.1463080028007,28.5210657841501));
#3219=CARTESIAN_POINT('',(-4.42388728986356,-66.1463080028007,25.4336246753233));
#3220=CARTESIAN_POINT('',(-15.0507037645469,-74.8759279924405,9.80033530295038));
#3221=CARTESIAN_POINT('',(-15.0507037645445,-70.5313204723674,19.1173761966444));
#3222=CARTESIAN_POINT('',(0.509770404986562,-71.4127700743562,12.7062698347236));
#3223=CARTESIAN_POINT('Origin',(-11.,-57.4268320496567,14.1344019019886));
#3224=CARTESIAN_POINT('',(-11.5,-55.6947637890591,13.1344321321303));
#3225=CARTESIAN_POINT('Origin',(-11.5,-57.4268320496567,14.1344019019886));
#3226=CARTESIAN_POINT('',(-10.5,-56.5607979193579,13.6344170170595));
#3227=CARTESIAN_POINT('',(-11.,-56.1277808542085,13.3844245745949));
#3228=CARTESIAN_POINT('Origin',(-10.5,-57.4268320496567,14.1344019019886));
#3229=CARTESIAN_POINT('Origin',(-9.5,-57.4268320496567,14.1344019019886));
#3230=CARTESIAN_POINT('',(-9.5,-56.5607979193579,13.6344170170595));
#3231=CARTESIAN_POINT('Origin',(-9.49999999999986,-57.4268320496567,14.1344019019886));
#3232=CARTESIAN_POINT('',(-9.5,-56.5607979193579,13.6344170170595));
#3233=CARTESIAN_POINT('Origin',(-11.5,-57.4268320496567,14.1344019019886));
#3234=CARTESIAN_POINT('',(-18.5,-55.6947637890591,13.1344321321303));
#3235=CARTESIAN_POINT('',(-11.5,-55.6947637890591,13.1344321321303));
#3236=CARTESIAN_POINT('',(-18.5,-55.45,14.4379394572437));
#3237=CARTESIAN_POINT('Origin',(-18.5,-57.4268320496567,14.1344019019886));
#3238=CARTESIAN_POINT('',(-18.5,-55.45,13.8308643467335));
#3239=CARTESIAN_POINT('Origin',(-20.4768320496567,-57.4268320496567,14.1344019019886));
#3240=CARTESIAN_POINT('Origin',(-18.5,-57.4268320496567,14.1344019019886));
#3241=CARTESIAN_POINT('',(-14.5,-55.95,12.7857110192779));
#3242=CARTESIAN_POINT('',(-17.25,-58.6999999999526,12.591987116511));
#3243=CARTESIAN_POINT('Ctrl Pts',(-14.5,-55.95,12.7857110192779));
#3244=CARTESIAN_POINT('Ctrl Pts',(-14.7136878486964,-55.95,12.7857110192779));
#3245=CARTESIAN_POINT('Ctrl Pts',(-14.9252345308412,-55.9749680472913,12.7572123819521));
#3246=CARTESIAN_POINT('Ctrl Pts',(-15.3341843467774,-56.0711675455072,12.662418965836));
#3247=CARTESIAN_POINT('Ctrl Pts',(-15.5318053915104,-56.1423826370397,12.5970500649007));
#3248=CARTESIAN_POINT('Ctrl Pts',(-16.0928798084521,-56.4197917672825,12.3911537811919));
#3249=CARTESIAN_POINT('Ctrl Pts',(-16.4251748804042,-56.6914761716025,12.2433778839577));
#3250=CARTESIAN_POINT('Ctrl Pts',(-16.8027370460216,-57.1836595050222,12.1427445805642));
#3251=CARTESIAN_POINT('Ctrl Pts',(-16.9169503873239,-57.3707337577529,12.1255952708467));
#3252=CARTESIAN_POINT('Ctrl Pts',(-17.0939687993762,-57.7619575062429,12.1529524208779));
#3253=CARTESIAN_POINT('Ctrl Pts',(-17.156888061468,-57.9659928537378,12.1983449648207));
#3254=CARTESIAN_POINT('Ctrl Pts',(-17.2298113696774,-58.3233343796965,12.3369605928382));
#3255=CARTESIAN_POINT('Ctrl Pts',(-17.2475439133874,-58.502579124653,12.4361835320571));
#3256=CARTESIAN_POINT('Ctrl Pts',(-17.2499149155136,-58.6748979967596,12.5715220218078));
#3257=CARTESIAN_POINT('Ctrl Pts',(-17.2499999999996,-58.6875127935917,12.5816797004929));
#3258=CARTESIAN_POINT('Ctrl Pts',(-17.25,-58.6999999999052,12.591987116511));
#3259=CARTESIAN_POINT('',(-17.25,-58.6999999999526,15.6768166874662));
#3260=CARTESIAN_POINT('Ctrl Pts',(-17.25,-58.6999999999052,15.6768166874662));
#3261=CARTESIAN_POINT('Ctrl Pts',(-17.2499999999996,-58.6875127935917,15.6871241034843));
#3262=CARTESIAN_POINT('Ctrl Pts',(-17.2499149155136,-58.6748979967596,15.6972817821695));
#3263=CARTESIAN_POINT('Ctrl Pts',(-17.2475439133874,-58.502579124653,15.8326202719201));
#3264=CARTESIAN_POINT('Ctrl Pts',(-17.2298113696774,-58.3233343796965,15.9318432111391));
#3265=CARTESIAN_POINT('Ctrl Pts',(-17.156888061468,-57.9659928537378,16.0704588391565));
#3266=CARTESIAN_POINT('Ctrl Pts',(-17.0939687993762,-57.7619575062429,16.1158513830993));
#3267=CARTESIAN_POINT('Ctrl Pts',(-16.9169503873239,-57.3707337577529,16.1432085331305));
#3268=CARTESIAN_POINT('Ctrl Pts',(-16.8027370460216,-57.1836595050222,16.126059223413));
#3269=CARTESIAN_POINT('Ctrl Pts',(-16.4251748804042,-56.6914761716025,16.0254259200196));
#3270=CARTESIAN_POINT('Ctrl Pts',(-16.0928798084521,-56.4197917672825,15.8776500227853));
#3271=CARTESIAN_POINT('Ctrl Pts',(-15.5318053915104,-56.1423826370397,15.6717537390765));
#3272=CARTESIAN_POINT('Ctrl Pts',(-15.3341843467774,-56.0711675455072,15.6063848381413));
#3273=CARTESIAN_POINT('Ctrl Pts',(-14.9252345308412,-55.9749680472913,15.5115914220252));
#3274=CARTESIAN_POINT('Ctrl Pts',(-14.7136878486964,-55.95,15.4830927846993));
#3275=CARTESIAN_POINT('Ctrl Pts',(-14.2863121513036,-55.95,15.4830927846993));
#3276=CARTESIAN_POINT('Ctrl Pts',(-14.0747654691588,-55.9749680472913,15.5115914220252));
#3277=CARTESIAN_POINT('Ctrl Pts',(-13.6658156532226,-56.0711675455072,15.6063848381413));
#3278=CARTESIAN_POINT('Ctrl Pts',(-13.4681946084896,-56.1423826370397,15.6717537390765));
#3279=CARTESIAN_POINT('Ctrl Pts',(-12.9071201915479,-56.4197917672825,15.8776500227853));
#3280=CARTESIAN_POINT('Ctrl Pts',(-12.5748251195958,-56.6914761716025,16.0254259200196));
#3281=CARTESIAN_POINT('Ctrl Pts',(-12.1972629539784,-57.1836595050222,16.126059223413));
#3282=CARTESIAN_POINT('Ctrl Pts',(-12.0830496126761,-57.3707337577529,16.1432085331305));
#3283=CARTESIAN_POINT('Ctrl Pts',(-11.9060312006238,-57.7619575062429,16.1158513830993));
#3284=CARTESIAN_POINT('Ctrl Pts',(-11.843111938532,-57.9659928537378,16.0704588391565));
#3285=CARTESIAN_POINT('Ctrl Pts',(-11.7701886303226,-58.3233343796965,15.9318432111391));
#3286=CARTESIAN_POINT('Ctrl Pts',(-11.7524560866126,-58.502579124653,15.8326202719201));
#3287=CARTESIAN_POINT('Ctrl Pts',(-11.7480644718074,-58.8217513858644,15.5819437715776));
#3288=CARTESIAN_POINT('Ctrl Pts',(-11.7603247835818,-58.9616626665665,15.4304896348733));
#3289=CARTESIAN_POINT('Ctrl Pts',(-11.7897711862647,-59.178979440991,15.1177416531254));
#3290=CARTESIAN_POINT('Ctrl Pts',(-11.8096493140269,-59.2732102160322,14.9305010854871));
#3291=CARTESIAN_POINT('Ctrl Pts',(-11.8390726252051,-59.3971531636144,14.5353017174471));
#3292=CARTESIAN_POINT('Ctrl Pts',(-11.8477905113676,-59.4268320496567,14.3272713208085));
#3293=CARTESIAN_POINT('Ctrl Pts',(-11.8477905113676,-59.4268320496567,13.9415324831687));
#3294=CARTESIAN_POINT('Ctrl Pts',(-11.8390726252051,-59.3971531636144,13.7335020865301));
#3295=CARTESIAN_POINT('Ctrl Pts',(-11.8096493140269,-59.2732102160321,13.3383027184902));
#3296=CARTESIAN_POINT('Ctrl Pts',(-11.7897711862647,-59.178979440991,13.1510621508518));
#3297=CARTESIAN_POINT('Ctrl Pts',(-11.7603247835818,-58.9616626665665,12.8383141691039));
#3298=CARTESIAN_POINT('Ctrl Pts',(-11.7480644718074,-58.8217513858644,12.6868600323996));
#3299=CARTESIAN_POINT('Ctrl Pts',(-11.7524560866126,-58.502579124653,12.4361835320571));
#3300=CARTESIAN_POINT('Ctrl Pts',(-11.7701886303226,-58.3233343796965,12.3369605928382));
#3301=CARTESIAN_POINT('Ctrl Pts',(-11.843111938532,-57.9659928537377,12.1983449648207));
#3302=CARTESIAN_POINT('Ctrl Pts',(-11.9060312006238,-57.7619575062429,12.1529524208779));
#3303=CARTESIAN_POINT('Ctrl Pts',(-12.0830496126761,-57.3707337577529,12.1255952708467));
#3304=CARTESIAN_POINT('Ctrl Pts',(-12.1972629539784,-57.1836595050222,12.1427445805642));
#3305=CARTESIAN_POINT('Ctrl Pts',(-12.5748251195958,-56.6914761716025,12.2433778839577));
#3306=CARTESIAN_POINT('Ctrl Pts',(-12.9071201915479,-56.4197917672825,12.3911537811919));
#3307=CARTESIAN_POINT('Ctrl Pts',(-13.4681946084896,-56.1423826370397,12.5970500649007));
#3308=CARTESIAN_POINT('Ctrl Pts',(-13.6658156532226,-56.0711675455072,12.662418965836));
#3309=CARTESIAN_POINT('Ctrl Pts',(-14.0747654691588,-55.9749680472913,12.7572123819521));
#3310=CARTESIAN_POINT('Ctrl Pts',(-14.2863121513036,-55.95,12.7857110192779));
#3311=CARTESIAN_POINT('Ctrl Pts',(-14.5,-55.95,12.7857110192779));
#3312=CARTESIAN_POINT('Ctrl Pts',(-17.25,-58.6999999999052,12.591987116511));
#3313=CARTESIAN_POINT('Ctrl Pts',(-17.250000000005,-58.8440215028508,12.7108679541581));
#3314=CARTESIAN_POINT('Ctrl Pts',(-17.2385120856658,-58.9702466632626,12.8506676915098));
#3315=CARTESIAN_POINT('Ctrl Pts',(-17.2102288137353,-59.178979440991,13.1510621508518));
#3316=CARTESIAN_POINT('Ctrl Pts',(-17.1903506859731,-59.2732102160322,13.3383027184902));
#3317=CARTESIAN_POINT('Ctrl Pts',(-17.1609273747949,-59.3971531636144,13.7335020865301));
#3318=CARTESIAN_POINT('Ctrl Pts',(-17.1522094886324,-59.4268320496567,13.9415324831687));
#3319=CARTESIAN_POINT('Ctrl Pts',(-17.1522094886324,-59.4268320496567,14.3272713208085));
#3320=CARTESIAN_POINT('Ctrl Pts',(-17.1609273747949,-59.3971531636144,14.5353017174471));
#3321=CARTESIAN_POINT('Ctrl Pts',(-17.1903506859731,-59.2732102160322,14.9305010854871));
#3322=CARTESIAN_POINT('Ctrl Pts',(-17.2102288137353,-59.178979440991,15.1177416531254));
#3323=CARTESIAN_POINT('Ctrl Pts',(-17.2385120856658,-58.9702466632626,15.4181361124674));
#3324=CARTESIAN_POINT('Ctrl Pts',(-17.250000000005,-58.8440215028508,15.5579358498191));
#3325=CARTESIAN_POINT('Ctrl Pts',(-17.25,-58.6999999999052,15.6768166874662));
#3326=CARTESIAN_POINT('Origin',(11.,-57.4268320496567,14.1344019019886));
#3327=CARTESIAN_POINT('',(10.5,-56.5607979193579,13.6344170170595));
#3328=CARTESIAN_POINT('Origin',(10.5,-57.4268320496567,14.1344019019886));
#3329=CARTESIAN_POINT('',(11.5,-55.6947637890591,13.1344321321303));
#3330=CARTESIAN_POINT('',(11.,-56.1277808542085,13.3844245745949));
#3331=CARTESIAN_POINT('Origin',(11.5,-57.4268320496567,14.1344019019886));
#3332=CARTESIAN_POINT('Origin',(9.5,-57.4268320496567,14.1344019019886));
#3333=CARTESIAN_POINT('',(9.5,-56.5607979193579,13.6344170170595));
#3334=CARTESIAN_POINT('Origin',(9.50000000000009,-57.4268320496567,14.1344019019886));
#3335=CARTESIAN_POINT('',(9.5,-56.5607979193579,13.6344170170595));
#3336=CARTESIAN_POINT('Origin',(11.5,-57.4268320496567,14.1344019019886));
#3337=CARTESIAN_POINT('',(18.5,-55.6947637890591,13.1344321321303));
#3338=CARTESIAN_POINT('',(11.5,-55.6947637890591,13.1344321321303));
#3339=CARTESIAN_POINT('',(18.5,-55.45,13.8308643467335));
#3340=CARTESIAN_POINT('Origin',(18.5,-57.4268320496567,14.1344019019886));
#3341=CARTESIAN_POINT('',(18.5,-55.45,14.4379394572437));
#3342=CARTESIAN_POINT('Origin',(20.4768320496567,-57.4268320496567,14.1344019019886));
#3343=CARTESIAN_POINT('Origin',(18.5,-57.4268320496567,14.1344019019886));
#3344=CARTESIAN_POINT('',(14.5,-55.95,12.7857110192779));
#3345=CARTESIAN_POINT('',(11.75,-58.6999999999526,12.591987116511));
#3346=CARTESIAN_POINT('Ctrl Pts',(14.5,-55.95,12.7857110192779));
#3347=CARTESIAN_POINT('Ctrl Pts',(14.2863121513036,-55.95,12.7857110192779));
#3348=CARTESIAN_POINT('Ctrl Pts',(14.0747654691588,-55.9749680472913,12.7572123819521));
#3349=CARTESIAN_POINT('Ctrl Pts',(13.6658156532226,-56.0711675455072,12.662418965836));
#3350=CARTESIAN_POINT('Ctrl Pts',(13.4681946084896,-56.1423826370397,12.5970500649007));
#3351=CARTESIAN_POINT('Ctrl Pts',(12.9071201915479,-56.4197917672825,12.3911537811919));
#3352=CARTESIAN_POINT('Ctrl Pts',(12.5748251195958,-56.6914761716025,12.2433778839577));
#3353=CARTESIAN_POINT('Ctrl Pts',(12.1972629539784,-57.1836595050222,12.1427445805642));
#3354=CARTESIAN_POINT('Ctrl Pts',(12.0830496126761,-57.3707337577529,12.1255952708467));
#3355=CARTESIAN_POINT('Ctrl Pts',(11.9060312006238,-57.7619575062429,12.1529524208779));
#3356=CARTESIAN_POINT('Ctrl Pts',(11.843111938532,-57.9659928537377,12.1983449648207));
#3357=CARTESIAN_POINT('Ctrl Pts',(11.7701886303226,-58.3233343796965,12.3369605928382));
#3358=CARTESIAN_POINT('Ctrl Pts',(11.7524560866126,-58.502579124653,12.4361835320571));
#3359=CARTESIAN_POINT('Ctrl Pts',(11.7500850844864,-58.6748979967596,12.5715220218078));
#3360=CARTESIAN_POINT('Ctrl Pts',(11.7500000000004,-58.6875127935917,12.5816797004929));
#3361=CARTESIAN_POINT('Ctrl Pts',(11.75,-58.6999999999052,12.591987116511));
#3362=CARTESIAN_POINT('',(11.75,-58.6999999999526,15.6768166874662));
#3363=CARTESIAN_POINT('Ctrl Pts',(11.75,-58.6999999999052,15.6768166874662));
#3364=CARTESIAN_POINT('Ctrl Pts',(11.7500000000004,-58.6875127935917,15.6871241034844));
#3365=CARTESIAN_POINT('Ctrl Pts',(11.7500850844864,-58.6748979967596,15.6972817821695));
#3366=CARTESIAN_POINT('Ctrl Pts',(11.7524560866126,-58.502579124653,15.8326202719201));
#3367=CARTESIAN_POINT('Ctrl Pts',(11.7701886303226,-58.3233343796965,15.9318432111391));
#3368=CARTESIAN_POINT('Ctrl Pts',(11.843111938532,-57.9659928537377,16.0704588391565));
#3369=CARTESIAN_POINT('Ctrl Pts',(11.9060312006238,-57.7619575062429,16.1158513830993));
#3370=CARTESIAN_POINT('Ctrl Pts',(12.0830496126761,-57.3707337577529,16.1432085331305));
#3371=CARTESIAN_POINT('Ctrl Pts',(12.1972629539784,-57.1836595050222,16.126059223413));
#3372=CARTESIAN_POINT('Ctrl Pts',(12.5748251195959,-56.6914761716025,16.0254259200195));
#3373=CARTESIAN_POINT('Ctrl Pts',(12.9071201915479,-56.4197917672825,15.8776500227853));
#3374=CARTESIAN_POINT('Ctrl Pts',(13.4681946084896,-56.1423826370397,15.6717537390765));
#3375=CARTESIAN_POINT('Ctrl Pts',(13.6658156532226,-56.0711675455072,15.6063848381413));
#3376=CARTESIAN_POINT('Ctrl Pts',(14.0747654691588,-55.9749680472913,15.5115914220252));
#3377=CARTESIAN_POINT('Ctrl Pts',(14.2863121513036,-55.95,15.4830927846993));
#3378=CARTESIAN_POINT('Ctrl Pts',(14.7136878486964,-55.95,15.4830927846993));
#3379=CARTESIAN_POINT('Ctrl Pts',(14.9252345308411,-55.9749680472913,15.5115914220252));
#3380=CARTESIAN_POINT('Ctrl Pts',(15.3341843467774,-56.0711675455072,15.6063848381413));
#3381=CARTESIAN_POINT('Ctrl Pts',(15.5318053915104,-56.1423826370397,15.6717537390765));
#3382=CARTESIAN_POINT('Ctrl Pts',(16.0928798084521,-56.4197917672825,15.8776500227853));
#3383=CARTESIAN_POINT('Ctrl Pts',(16.4251748804041,-56.6914761716025,16.0254259200195));
#3384=CARTESIAN_POINT('Ctrl Pts',(16.8027370460216,-57.1836595050222,16.126059223413));
#3385=CARTESIAN_POINT('Ctrl Pts',(16.9169503873239,-57.3707337577529,16.1432085331305));
#3386=CARTESIAN_POINT('Ctrl Pts',(17.0939687993762,-57.7619575062429,16.1158513830993));
#3387=CARTESIAN_POINT('Ctrl Pts',(17.156888061468,-57.9659928537377,16.0704588391565));
#3388=CARTESIAN_POINT('Ctrl Pts',(17.2298113696774,-58.3233343796965,15.9318432111391));
#3389=CARTESIAN_POINT('Ctrl Pts',(17.2475439133874,-58.502579124653,15.8326202719201));
#3390=CARTESIAN_POINT('Ctrl Pts',(17.2519355281926,-58.8217513858644,15.5819437715776));
#3391=CARTESIAN_POINT('Ctrl Pts',(17.2396752164182,-58.9616626665665,15.4304896348733));
#3392=CARTESIAN_POINT('Ctrl Pts',(17.2102288137353,-59.178979440991,15.1177416531254));
#3393=CARTESIAN_POINT('Ctrl Pts',(17.1903506859731,-59.2732102160321,14.9305010854871));
#3394=CARTESIAN_POINT('Ctrl Pts',(17.1609273747949,-59.3971531636144,14.5353017174471));
#3395=CARTESIAN_POINT('Ctrl Pts',(17.1522094886324,-59.4268320496567,14.3272713208085));
#3396=CARTESIAN_POINT('Ctrl Pts',(17.1522094886324,-59.4268320496567,13.9415324831687));
#3397=CARTESIAN_POINT('Ctrl Pts',(17.160927374795,-59.3971531636144,13.7335020865301));
#3398=CARTESIAN_POINT('Ctrl Pts',(17.1903506859731,-59.2732102160321,13.3383027184902));
#3399=CARTESIAN_POINT('Ctrl Pts',(17.2102288137353,-59.178979440991,13.1510621508518));
#3400=CARTESIAN_POINT('Ctrl Pts',(17.2396752164182,-58.9616626665665,12.8383141691039));
#3401=CARTESIAN_POINT('Ctrl Pts',(17.2519355281926,-58.8217513858643,12.6868600323996));
#3402=CARTESIAN_POINT('Ctrl Pts',(17.2475439133874,-58.502579124653,12.4361835320571));
#3403=CARTESIAN_POINT('Ctrl Pts',(17.2298113696774,-58.3233343796965,12.3369605928382));
#3404=CARTESIAN_POINT('Ctrl Pts',(17.156888061468,-57.9659928537377,12.1983449648207));
#3405=CARTESIAN_POINT('Ctrl Pts',(17.0939687993762,-57.7619575062429,12.1529524208779));
#3406=CARTESIAN_POINT('Ctrl Pts',(16.9169503873239,-57.3707337577529,12.1255952708467));
#3407=CARTESIAN_POINT('Ctrl Pts',(16.8027370460216,-57.1836595050222,12.1427445805642));
#3408=CARTESIAN_POINT('Ctrl Pts',(16.4251748804042,-56.6914761716025,12.2433778839577));
#3409=CARTESIAN_POINT('Ctrl Pts',(16.0928798084521,-56.4197917672825,12.3911537811919));
#3410=CARTESIAN_POINT('Ctrl Pts',(15.5318053915104,-56.1423826370397,12.5970500649007));
#3411=CARTESIAN_POINT('Ctrl Pts',(15.3341843467774,-56.0711675455072,12.662418965836));
#3412=CARTESIAN_POINT('Ctrl Pts',(14.9252345308412,-55.9749680472913,12.7572123819521));
#3413=CARTESIAN_POINT('Ctrl Pts',(14.7136878486964,-55.95,12.7857110192779));
#3414=CARTESIAN_POINT('Ctrl Pts',(14.5,-55.95,12.7857110192779));
#3415=CARTESIAN_POINT('Ctrl Pts',(11.75,-58.6999999999052,12.591987116511));
#3416=CARTESIAN_POINT('Ctrl Pts',(11.749999999995,-58.8440215028508,12.7108679541581));
#3417=CARTESIAN_POINT('Ctrl Pts',(11.7614879143342,-58.9702466632625,12.8506676915098));
#3418=CARTESIAN_POINT('Ctrl Pts',(11.7897711862647,-59.178979440991,13.1510621508518));
#3419=CARTESIAN_POINT('Ctrl Pts',(11.8096493140269,-59.2732102160322,13.3383027184902));
#3420=CARTESIAN_POINT('Ctrl Pts',(11.8390726252051,-59.3971531636144,13.7335020865301));
#3421=CARTESIAN_POINT('Ctrl Pts',(11.8477905113676,-59.4268320496567,13.9415324831687));
#3422=CARTESIAN_POINT('Ctrl Pts',(11.8477905113676,-59.4268320496567,14.3272713208085));
#3423=CARTESIAN_POINT('Ctrl Pts',(11.8390726252051,-59.3971531636144,14.5353017174471));
#3424=CARTESIAN_POINT('Ctrl Pts',(11.8096493140269,-59.2732102160322,14.9305010854871));
#3425=CARTESIAN_POINT('Ctrl Pts',(11.7897711862647,-59.178979440991,15.1177416531254));
#3426=CARTESIAN_POINT('Ctrl Pts',(11.7614879143342,-58.9702466632626,15.4181361124674));
#3427=CARTESIAN_POINT('Ctrl Pts',(11.749999999995,-58.8440215028508,15.5579358498191));
#3428=CARTESIAN_POINT('Ctrl Pts',(11.75,-58.6999999999052,15.6768166874662));
#3429=CARTESIAN_POINT('Origin',(-18.5,-67.8317377771457,13.75));
#3430=CARTESIAN_POINT('',(-18.5,-55.45,-6.3934223731909E-15));
#3431=CARTESIAN_POINT('',(-18.5,-55.45,19.375));
#3432=CARTESIAN_POINT('',(-18.5,-60.6396969619669,3.68532023590525E-16));
#3433=CARTESIAN_POINT('',(-18.5,-60.3568542494923,0.));
#3434=CARTESIAN_POINT('',(-18.5,-60.6396969619669,-0.606558154317351));
#3435=CARTESIAN_POINT('',(-18.5,-60.6396969619669,6.875));
#3436=CARTESIAN_POINT('',(-18.5,-61.7651504801059,-3.02010101267767));
#3437=CARTESIAN_POINT('',(-18.5,-62.6883925402678,-5.00000000000001));
#3438=CARTESIAN_POINT('',(-18.5,-72.7527388069532,-4.49859018393763));
#3439=CARTESIAN_POINT('',(-18.5,-63.7016922927272,-3.28068195314273));
#3440=CARTESIAN_POINT('',(-18.5,-75.0809769236773,-2.00186047807592));
#3441=CARTESIAN_POINT('',(-18.5,-79.2904122752751,2.51220627984935));
#3442=CARTESIAN_POINT('',(-18.5,-71.5902413437383,5.48404613077149));
#3443=CARTESIAN_POINT('',(-18.5,-72.3589596656303,3.83552436955171));
#3444=CARTESIAN_POINT('',(-18.5,-74.1675248508505,9.99598692426181));
#3445=CARTESIAN_POINT('',(-18.5,-73.3374851730233,8.54287170730201));
#3446=CARTESIAN_POINT('',(-18.5,-64.8755002232649,29.922798043661));
#3447=CARTESIAN_POINT('',(-18.5,-67.9314926052246,23.3692012315249));
#3448=CARTESIAN_POINT('',(-18.5,-60.3568542494872,32.5));
#3449=CARTESIAN_POINT('',(-18.5,-69.4708338059785,27.3018574415115));
#3450=CARTESIAN_POINT('',(-18.5,-60.3568542494872,30.));
#3451=CARTESIAN_POINT('',(-18.5,-60.3568542494872,21.875));
#3452=CARTESIAN_POINT('',(-18.5,-55.45,30.));
#3453=CARTESIAN_POINT('',(-18.5,-59.7868351313977,30.));
#3454=CARTESIAN_POINT('',(-18.5,-55.45,19.375));
#3455=CARTESIAN_POINT('',(-18.5,-61.4274654355884,28.));
#3456=CARTESIAN_POINT('',(-18.5,-63.5880664021107,27.9513056165192));
#3457=CARTESIAN_POINT('',(-18.5,-64.7884735880592,27.9242515289067));
#3458=CARTESIAN_POINT('',(-18.5,-71.9173826569903,10.0890292648188));
#3459=CARTESIAN_POINT('',(-18.5,-66.6867472141484,21.3061631706548));
#3460=CARTESIAN_POINT('',(-18.5,-69.3400991498785,5.57708847132928));
#3461=CARTESIAN_POINT('',(-18.5,-72.2031851679007,10.5893715842804));
#3462=CARTESIAN_POINT('',(-18.5,-72.6982421157694,-1.62447235908365));
#3463=CARTESIAN_POINT('',(-18.5,-67.6401944418655,9.22254588186964));
#3464=CARTESIAN_POINT('',(-18.5,-71.9950028584125,-2.37860413433422));
#3465=CARTESIAN_POINT('',(-18.5,-75.400738805928,1.27360053038769));
#3466=CARTESIAN_POINT('',(-18.5,-63.1156229235534,-1.18379534730352));
#3467=CARTESIAN_POINT('',(-18.5,-68.8845572536547,-1.96006277588241));
#3468=CARTESIAN_POINT('',(-18.5,-61.6309947711074,2.00000000000001));
#3469=CARTESIAN_POINT('',(-18.5,-60.6767988533949,4.04627974905604));
#3470=CARTESIAN_POINT('',(-18.5,-60.95,6.00000000000001));
#3471=CARTESIAN_POINT('',(-18.5,-60.7462896230535,7.19654590953929));
#3472=CARTESIAN_POINT('',(-18.5,-60.95,28.));
#3473=CARTESIAN_POINT('',(-18.5,-60.95,9.87500000000001));
#3474=CARTESIAN_POINT('',(-18.5,-64.3908688885729,28.));
#3475=CARTESIAN_POINT('Origin',(18.5,-67.8317377771457,13.75));
#3476=CARTESIAN_POINT('',(18.5,-55.45,30.));
#3477=CARTESIAN_POINT('',(18.5,-55.45,19.375));
#3478=CARTESIAN_POINT('',(18.5,-60.3568542494924,30.));
#3479=CARTESIAN_POINT('',(18.5,-59.7868351313977,30.));
#3480=CARTESIAN_POINT('',(18.5,-60.3568542494924,32.5));
#3481=CARTESIAN_POINT('',(18.5,-60.3568542494924,21.875));
#3482=CARTESIAN_POINT('',(18.5,-64.8755002232649,29.922798043661));
#3483=CARTESIAN_POINT('',(18.5,-69.4708338059785,27.3018574415115));
#3484=CARTESIAN_POINT('',(18.5,-74.1675248508505,9.99598692426181));
#3485=CARTESIAN_POINT('',(18.5,-67.9314926052246,23.3692012315249));
#3486=CARTESIAN_POINT('',(18.5,-71.5902413437383,5.48404613077149));
#3487=CARTESIAN_POINT('',(18.5,-73.3374851730233,8.54287170730201));
#3488=CARTESIAN_POINT('',(18.5,-75.0809769236773,-2.0018604780759));
#3489=CARTESIAN_POINT('',(18.5,-72.3589596656303,3.83552436955171));
#3490=CARTESIAN_POINT('',(18.5,-72.7527388069531,-4.49859018393763));
#3491=CARTESIAN_POINT('',(18.5,-79.2904122752751,2.51220627984937));
#3492=CARTESIAN_POINT('',(18.5,-61.7651504801059,-3.02010101267767));
#3493=CARTESIAN_POINT('',(18.5,-63.7016922927272,-3.28068195314273));
#3494=CARTESIAN_POINT('',(18.5,-60.6396969619669,-0.606558154317362));
#3495=CARTESIAN_POINT('',(18.5,-62.6883925402678,-5.00000000000001));
#3496=CARTESIAN_POINT('',(18.5,-60.6396969619669,3.68532023590526E-16));
#3497=CARTESIAN_POINT('',(18.5,-60.6396969619669,6.875));
#3498=CARTESIAN_POINT('',(18.5,-55.45,-6.3934223731909E-15));
#3499=CARTESIAN_POINT('',(18.5,-60.3568542494923,0.));
#3500=CARTESIAN_POINT('',(18.5,-55.45,19.375));
#3501=CARTESIAN_POINT('',(18.5,-63.5880664021107,27.9513056165192));
#3502=CARTESIAN_POINT('',(18.5,-61.4274654355884,28.));
#3503=CARTESIAN_POINT('',(18.5,-64.7884735880592,27.9242515289067));
#3504=CARTESIAN_POINT('',(18.5,-60.95,28.));
#3505=CARTESIAN_POINT('',(18.5,-64.3908688885729,28.));
#3506=CARTESIAN_POINT('',(18.5,-60.95,6.00000000000001));
#3507=CARTESIAN_POINT('',(18.5,-60.95,9.87500000000001));
#3508=CARTESIAN_POINT('',(18.5,-61.6309947711074,2.00000000000001));
#3509=CARTESIAN_POINT('',(18.5,-60.7462896230535,7.19654590953929));
#3510=CARTESIAN_POINT('',(18.5,-63.1156229235534,-1.18379534730352));
#3511=CARTESIAN_POINT('',(18.5,-60.6767988533949,4.04627974905604));
#3512=CARTESIAN_POINT('',(18.5,-71.9950028584125,-2.37860413433422));
#3513=CARTESIAN_POINT('',(18.5,-68.8845572536547,-1.96006277588241));
#3514=CARTESIAN_POINT('',(18.5,-72.6982421157694,-1.62447235908365));
#3515=CARTESIAN_POINT('',(18.5,-75.400738805928,1.27360053038769));
#3516=CARTESIAN_POINT('',(18.5,-69.3400991498785,5.57708847132928));
#3517=CARTESIAN_POINT('',(18.5,-67.6401944418655,9.22254588186964));
#3518=CARTESIAN_POINT('',(18.5,-71.9173826569903,10.0890292648188));
#3519=CARTESIAN_POINT('',(18.5,-72.2031851679007,10.5893715842804));
#3520=CARTESIAN_POINT('',(18.5,-66.6867472141484,21.3061631706548));
#3521=CARTESIAN_POINT('Origin',(-9.49999999999986,-61.7036305634794,30.));
#3522=CARTESIAN_POINT('',(-9.49999999999983,-62.4810863485502,9.06100000000013));
#3523=CARTESIAN_POINT('',(-9.49999999999983,-62.4810863485502,3.60433808449587E-15));
#3524=CARTESIAN_POINT('',(-9.49999999999984,-62.4810863485502,15.));
#3525=CARTESIAN_POINT('',(-9.50000000000002,-55.45,-7.27081849907146E-15));
#3526=CARTESIAN_POINT('',(-9.49999999999987,-61.030242406486,0.));
#3527=CARTESIAN_POINT('',(-9.50000000000002,-55.45,30.));
#3528=CARTESIAN_POINT('',(-9.50000000000002,-55.45,27.5));
#3529=CARTESIAN_POINT('',(-9.49999999999985,-61.7473748952424,30.));
#3530=CARTESIAN_POINT('',(-9.49999999999999,-56.7227815245646,30.));
#3531=CARTESIAN_POINT('',(-9.49999999999985,-61.7473748952424,26.2294675175921));
#3532=CARTESIAN_POINT('',(-9.49999999999985,-61.7473748952424,30.));
#3533=CARTESIAN_POINT('',(-9.4999999999999,-60.1050703054161,25.1611692260598));
#3534=CARTESIAN_POINT('',(-9.49999999999985,-61.7546911005175,26.2342266162662));
#3535=CARTESIAN_POINT('',(-9.4999999999997,-67.6127025131175,9.06100000000027));
#3536=CARTESIAN_POINT('',(-9.49999999999981,-63.465885472224,17.9538778422853));
#3537=CARTESIAN_POINT('',(-9.49999999999982,-63.0778234764014,9.06100000000015));
#3538=CARTESIAN_POINT('Origin',(6.66666666666667,-68.4441277911481,11.281034611664));
#3539=CARTESIAN_POINT('',(9.9879884221034,-71.6714239704683,8.57301157789657));
#3540=CARTESIAN_POINT('',(9.28085487371805,-62.5512185478432,16.2257725842823));
#3541=CARTESIAN_POINT('',(10.3865286201256,-72.1463856832544,8.17447137987438));
#3542=CARTESIAN_POINT('',(8.45752196242626,-69.8474850688031,10.1034780375737));
#3543=CARTESIAN_POINT('',(4.44089209850063E-15,-74.9294476391798,5.83920511911386));
#3544=CARTESIAN_POINT('',(3.70431377152269,-73.9368797555888,6.67206846415347));
#3545=CARTESIAN_POINT('',(-10.3865286201256,-72.1463856832544,8.17447137987438));
#3546=CARTESIAN_POINT('',(-2.53918246993866,-74.2490757469245,6.41010492296869));
#3547=CARTESIAN_POINT('',(-9.9879884221034,-71.6714239704683,8.57301157789657));
#3548=CARTESIAN_POINT('',(-5.73562013593823,-66.6036487883973,12.8253798640617));
#3549=CARTESIAN_POINT('',(-9.78195126366517,-69.0140741474523,10.8027928342983));
#3550=CARTESIAN_POINT('Origin',(-6.66666666666667,-63.1463080028007,22.6422458113874));
#3551=CARTESIAN_POINT('',(-10.001177254254,-63.1463080028007,27.0772342104813));
#3552=CARTESIAN_POINT('',(-9.28085487371804,-63.1463080028007,14.9495991298036));
#3553=CARTESIAN_POINT('',(1.03211461440477E-14,-63.1463080028007,28.3188879932601));
#3554=CARTESIAN_POINT('',(-8.75099866786137,-63.1463080028007,27.2324448353388));
#3555=CARTESIAN_POINT('',(10.001177254254,-63.1463080028007,27.0772342104813));
#3556=CARTESIAN_POINT('',(-2.7968079136728,-63.1463080028007,28.6661138285227));
#3557=CARTESIAN_POINT('',(9.78195126366518,-63.1463080028007,23.3862579394352));
#3558=CARTESIAN_POINT('Origin',(-2.22044604925031E-15,-51.7419324856496,
30.));
#3559=CARTESIAN_POINT('',(3.33077132433952E-15,-63.9838649712993,30.));
#3560=CARTESIAN_POINT('',(16.2989638415474,-62.557890407945,30.));
#3561=CARTESIAN_POINT('',(3.33077132433952E-15,-63.9838649712993,30.));
#3562=CARTESIAN_POINT('',(16.2989638415474,-62.557890407945,30.));
#3563=CARTESIAN_POINT('',(16.,-52.95,30.));
#3564=CARTESIAN_POINT('',(12.3229831214124,-49.2729831214124,30.));
#3565=CARTESIAN_POINT('',(12.0000000000001,-52.95,30.));
#3566=CARTESIAN_POINT('',(-1.11022302462516E-15,-52.95,30.));
#3567=CARTESIAN_POINT('',(9.50000000000016,-55.45,30.));
#3568=CARTESIAN_POINT('',(8.67701687858775,-56.2729831214124,30.));
#3569=CARTESIAN_POINT('',(9.50000000000033,-61.7473748952423,30.));
#3570=CARTESIAN_POINT('',(9.50000000000007,-52.3459662428247,30.));
#3571=CARTESIAN_POINT('',(-1.85268467234323E-13,-62.5785171987386,30.));
#3572=CARTESIAN_POINT('',(5.47043829689046,-62.0999158632426,30.));
#3573=CARTESIAN_POINT('',(-0.470438296890392,-62.5373591808723,30.));
#3574=CARTESIAN_POINT('',(-12.0000000000001,-52.95,30.));
#3575=CARTESIAN_POINT('',(-8.67701687858755,-56.2729831214124,30.));
#3576=CARTESIAN_POINT('',(-16.,-52.95,30.));
#3577=CARTESIAN_POINT('',(-1.11022302462516E-15,-52.95,30.));
#3578=CARTESIAN_POINT('',(-12.3229831214124,-49.2729831214124,30.));
#3579=CARTESIAN_POINT('',(-16.2989638415415,-62.5578904079455,30.));
#3580=CARTESIAN_POINT('',(-16.2989638415415,-62.5578904079455,30.));
#3581=CARTESIAN_POINT('',(3.33077132433952E-15,-63.9838649712993,30.));
#3582=CARTESIAN_POINT('',(11.75,-58.7,30.));
#3583=CARTESIAN_POINT('Origin',(14.5,-58.7,30.));
#3584=CARTESIAN_POINT('',(-17.25,-58.7,30.));
#3585=CARTESIAN_POINT('Origin',(-14.5,-58.7,30.));
#3586=CARTESIAN_POINT('Origin',(3.33077132433952E-15,-63.9838649712993,
30.));
#3587=CARTESIAN_POINT('',(3.33077132433952E-15,-63.9838649712993,32.5));
#3588=CARTESIAN_POINT('',(3.33077132433952E-15,-63.9838649712993,30.));
#3589=CARTESIAN_POINT('',(16.2989638415474,-62.557890407945,32.5));
#3590=CARTESIAN_POINT('',(0.479002636222265,-63.9419576708308,32.5));
#3591=CARTESIAN_POINT('',(16.2989638415474,-62.557890407945,30.));
#3592=CARTESIAN_POINT('Origin',(-2.58407307446544E-15,-59.6534905854405,
26.0468545941481));
#3593=CARTESIAN_POINT('',(8.4950934645463E-15,-62.5785171987386,27.9495472816255));
#3594=CARTESIAN_POINT('',(-1.11022302462516E-15,-59.591850694601,26.0067586274912));
#3595=CARTESIAN_POINT('',(9.50000000000033,-61.7473748952423,26.229467517592));
#3596=CARTESIAN_POINT('',(4.95257865810041,-62.1452227109344,27.0528282995642));
#3597=CARTESIAN_POINT('',(9.50000000000029,-60.1050703054184,25.1611692260612));
#3598=CARTESIAN_POINT('',(9.50000000000025,-58.7408538486806,24.273763735605));
#3599=CARTESIAN_POINT('',(9.41747849056003,-59.60431428901,24.8456789013149));
#3600=CARTESIAN_POINT('Origin',(-9.99999999999999,-60.0976802775362,25.0942867254299));
#3601=CARTESIAN_POINT('',(-9.33590136649217,-59.1092889803923,24.5337990830881));
#3602=CARTESIAN_POINT('',(-4.98000399597571,-62.1428233047769,27.0478626397009));
#3603=CARTESIAN_POINT('Origin',(-9.50486596562921,-68.4259468118769,7.39891731260002));
#3604=CARTESIAN_POINT('',(-9.40054805307325,-66.785535857758,9.16045194692672));
#3605=CARTESIAN_POINT('Origin',(-10.7500000000001,-54.2,27.5));
#3606=CARTESIAN_POINT('',(-12.0000000000001,-52.95,-9.65081603525676E-15));
#3607=CARTESIAN_POINT('',(-6.52328643762687,-58.4267135623731,-2.22044604925031E-15));
#3608=CARTESIAN_POINT('',(-12.0000000000001,-52.95,4.99999999999999));
#3609=CARTESIAN_POINT('',(-12.0000000000001,-52.95,27.5));
#3610=CARTESIAN_POINT('',(-11.0000000000001,-53.95,5.99999999999998));
#3611=CARTESIAN_POINT('',(-5.83333333333328,-59.1166666666666,11.1666666666666));
#3612=CARTESIAN_POINT('',(-11.0000000000001,-53.95,24.));
#3613=CARTESIAN_POINT('',(-11.0000000000001,-53.95,16.75));
#3614=CARTESIAN_POINT('',(-12.0000000000001,-52.95,25.));
#3615=CARTESIAN_POINT('',(-9.66666666666667,-55.2833333333334,22.6666666666666));
#3616=CARTESIAN_POINT('',(-12.0000000000001,-52.95,26.25));
#3617=CARTESIAN_POINT('Origin',(0.,-52.95,25.));
#3618=CARTESIAN_POINT('',(-16.,-52.95,25.));
#3619=CARTESIAN_POINT('',(0.,-52.95,25.));
#3620=CARTESIAN_POINT('',(-16.,-52.95,19.375));
#3621=CARTESIAN_POINT('Origin',(0.,-53.95,24.));
#3622=CARTESIAN_POINT('',(-17.,-53.95,24.));
#3623=CARTESIAN_POINT('',(0.,-53.95,24.));
#3624=CARTESIAN_POINT('',(-15.0208333333333,-51.9708333333334,25.9791666666667));
#3625=CARTESIAN_POINT('Origin',(0.,-53.95,5.99999999999998));
#3626=CARTESIAN_POINT('',(-17.,-53.95,5.99999999999998));
#3627=CARTESIAN_POINT('',(0.,-53.95,5.99999999999998));
#3628=CARTESIAN_POINT('',(-17.,-53.95,12.6875));
#3629=CARTESIAN_POINT('Origin',(10.7500000000001,-54.2,27.5));
#3630=CARTESIAN_POINT('',(12.0000000000001,-52.95,25.));
#3631=CARTESIAN_POINT('',(12.0000000000001,-52.95,27.5));
#3632=CARTESIAN_POINT('',(11.0000000000001,-53.95,24.));
#3633=CARTESIAN_POINT('',(9.66666666666684,-55.2833333333333,22.6666666666667));
#3634=CARTESIAN_POINT('',(11.0000000000001,-53.95,5.99999999999998));
#3635=CARTESIAN_POINT('',(11.0000000000001,-53.95,16.75));
#3636=CARTESIAN_POINT('',(12.0000000000001,-52.95,4.99999999999999));
#3637=CARTESIAN_POINT('',(5.83333333333353,-59.1166666666667,11.1666666666667));
#3638=CARTESIAN_POINT('',(12.0000000000001,-52.95,-9.65081603525676E-15));
#3639=CARTESIAN_POINT('',(12.0000000000001,-52.95,26.25));
#3640=CARTESIAN_POINT('',(9.50000000000016,-55.45,-6.00890645406301E-15));
#3641=CARTESIAN_POINT('',(6.52328643762707,-58.4267135623732,-2.22044604925031E-15));
#3642=CARTESIAN_POINT('',(9.50000000000016,-55.45,27.5));
#3643=CARTESIAN_POINT('Origin',(0.,-52.95,25.));
#3644=CARTESIAN_POINT('',(16.,-52.95,4.99999999999999));
#3645=CARTESIAN_POINT('',(0.,-52.95,4.99999999999999));
#3646=CARTESIAN_POINT('',(16.,-52.95,-9.65081603525676E-15));
#3647=CARTESIAN_POINT('',(16.,-52.95,9.6875));
#3648=CARTESIAN_POINT('',(0.,-52.95,-9.65081603525676E-15));
#3649=CARTESIAN_POINT('Origin',(0.,-52.95,4.99999999999999));
#3650=CARTESIAN_POINT('',(17.,-53.95,5.99999999999998));
#3651=CARTESIAN_POINT('',(0.,-53.95,5.99999999999998));
#3652=CARTESIAN_POINT('',(16.1458333333333,-53.0958333333333,5.14583333333331));
#3653=CARTESIAN_POINT('Origin',(0.,-53.95,5.99999999999998));
#3654=CARTESIAN_POINT('',(17.,-53.95,24.));
#3655=CARTESIAN_POINT('',(0.,-53.95,24.));
#3656=CARTESIAN_POINT('',(17.,-53.95,12.6875));
#3657=CARTESIAN_POINT('Origin',(0.,-53.95,24.));
#3658=CARTESIAN_POINT('',(16.,-52.95,25.));
#3659=CARTESIAN_POINT('',(0.,-52.95,25.));
#3660=CARTESIAN_POINT('',(15.0208333333333,-51.9708333333334,25.9791666666667));
#3661=CARTESIAN_POINT('Origin',(0.,-60.3568542494923,0.));
#3662=CARTESIAN_POINT('',(-12.7,-65.3357000656915,6.48722432243607E-15));
#3663=CARTESIAN_POINT('',(-5.91161400052294,-59.2800063808926,-1.40308696887435E-15));
#3664=CARTESIAN_POINT('',(-12.7,-71.5264928953046,4.15843960767646E-15));
#3665=CARTESIAN_POINT('',(-12.7,-61.5062088191231,1.49756011623262E-15));
#3666=CARTESIAN_POINT('',(4.44089209850063E-15,-74.9294476391798,4.93583754506405E-15));
#3667=CARTESIAN_POINT('',(-6.82157417371086,-73.101612348225,1.66058777021497E-14));
#3668=CARTESIAN_POINT('',(12.7,-71.5264928953046,4.15843960767646E-15));
#3669=CARTESIAN_POINT('',(6.82157417371086,-73.101612348225,1.66058777021497E-14));
#3670=CARTESIAN_POINT('',(12.7,-65.3357000656915,6.48722432243606E-15));
#3671=CARTESIAN_POINT('',(12.7,-65.9416735723985,7.27678202648693E-15));
#3672=CARTESIAN_POINT('',(9.50000000000035,-62.4810863485506,3.60433808449617E-15));
#3673=CARTESIAN_POINT('',(7.26161400052301,-60.4842965428116,1.66051887414924E-16));
#3674=CARTESIAN_POINT('',(9.50000000000019,-56.6534271247461,-4.44089209850063E-15));
#3675=CARTESIAN_POINT('',(14.4767135623731,-51.4267135623731,-1.22124532708767E-14));
#3676=CARTESIAN_POINT('',(14.6999999999999,-64.439696961967,5.31977038993071E-15));
#3677=CARTESIAN_POINT('',(14.0164213562373,-65.1232756057296,6.2104442866171E-15));
#3678=CARTESIAN_POINT('',(14.7,-73.2682021073445,1.68229370723581E-14));
#3679=CARTESIAN_POINT('',(14.6999999999999,-62.3568542494923,2.60591492965269E-15));
#3680=CARTESIAN_POINT('',(7.2280144832367E-16,-77.207055236082,2.19550951593012E-14));
#3681=CARTESIAN_POINT('',(9.38215702783395,-74.6931138372119,1.86795364475074E-14));
#3682=CARTESIAN_POINT('',(-14.7,-73.2682021073445,1.68229370723581E-14));
#3683=CARTESIAN_POINT('',(-2.13215702783396,-76.6357454823376,2.12107028509318E-14));
#3684=CARTESIAN_POINT('',(-14.6999999999999,-64.439696961967,5.31977038993071E-15));
#3685=CARTESIAN_POINT('',(-14.7,-66.7357954796205,8.31148909348401E-15));
#3686=CARTESIAN_POINT('',(-12.0164213562373,-67.1232756057297,8.81635921626982E-15));
#3687=CARTESIAN_POINT('',(-16.,-52.95,-9.65081603525676E-15));
#3688=CARTESIAN_POINT('',(-14.4767135623731,-51.4267135623731,-1.22124532708767E-14));
#3689=CARTESIAN_POINT('',(0.,-52.95,-9.65081603525676E-15));
#3690=CARTESIAN_POINT('',(11.75,-58.7,0.));
#3691=CARTESIAN_POINT('Origin',(14.5,-58.7,0.));
#3692=CARTESIAN_POINT('',(-17.25,-58.7,0.));
#3693=CARTESIAN_POINT('Origin',(-14.5,-58.7,0.));
#3694=CARTESIAN_POINT('Origin',(9.50000000000009,-52.95,30.));
#3695=CARTESIAN_POINT('',(9.50000000000035,-62.4810863485506,9.06099999999962));
#3696=CARTESIAN_POINT('',(9.50000000000035,-62.4810863485506,15.));
#3697=CARTESIAN_POINT('',(9.50000000000049,-67.6127025131241,9.06099999999947));
#3698=CARTESIAN_POINT('',(9.50000000000031,-60.918740571299,9.06099999999966));
#3699=CARTESIAN_POINT('',(9.50000000000024,-58.5515592969675,28.4926843347712));
#3700=CARTESIAN_POINT('',(9.50000000000033,-61.7473748952423,30.));
#3701=CARTESIAN_POINT('Origin',(0.,-52.95,4.99999999999999));
#3702=CARTESIAN_POINT('',(-16.,-52.95,4.99999999999999));
#3703=CARTESIAN_POINT('',(0.,-52.95,4.99999999999999));
#3704=CARTESIAN_POINT('',(-16.1458333333333,-53.0958333333333,5.14583333333331));
#3705=CARTESIAN_POINT('Origin',(0.,-52.95,25.));
#3706=CARTESIAN_POINT('',(-16.,-52.95,9.6875));
#3707=CARTESIAN_POINT('Origin',(-17.25,-54.2,19.375));
#3708=CARTESIAN_POINT('Origin',(0.,-52.95,25.));
#3709=CARTESIAN_POINT('',(16.,-52.95,19.375));
#3710=CARTESIAN_POINT('Origin',(17.25,-54.2,19.375));
#3711=CARTESIAN_POINT('Origin',(11.35,-68.8874811425984,7.21100000000001));
#3712=CARTESIAN_POINT('',(9.05227620707762,-63.8888720224975,9.50872379292235));
#3713=CARTESIAN_POINT('',(12.7,-65.3357000656915,5.86100000000001));
#3714=CARTESIAN_POINT('',(13.4043759843204,-65.9640504865871,5.15662401567958));
#3715=CARTESIAN_POINT('',(12.7,-71.5264928953046,5.86100000000001));
#3716=CARTESIAN_POINT('',(12.7,-68.8874811425984,5.86100000000001));
#3717=CARTESIAN_POINT('',(10.34849090173,-72.1565778591805,8.21250909827002));
#3718=CARTESIAN_POINT('Origin',(4.44089209850063E-15,-74.9294476391798,
4.93583754506405E-15));
#3719=CARTESIAN_POINT('',(12.7,-71.5264928953046,4.15843960767646E-15));
#3720=CARTESIAN_POINT('',(4.44089209850063E-15,-74.9294476391798,4.93583754506405E-15));
#3721=CARTESIAN_POINT('Origin',(12.7,-71.5264928953046,4.15843960767646E-15));
#3722=CARTESIAN_POINT('',(12.7,-65.3357000656915,4.15843960767646E-15));
#3723=CARTESIAN_POINT('Origin',(-11.35,-64.452016389323,7.21100000000001));
#3724=CARTESIAN_POINT('',(-12.7,-71.5264928953046,5.86100000000001));
#3725=CARTESIAN_POINT('',(-13.22195008217,-71.3866367922978,5.33904991783001));
#3726=CARTESIAN_POINT('',(-12.7,-65.3357000656915,5.86100000000001));
#3727=CARTESIAN_POINT('',(-12.7,-64.452016389323,5.86100000000001));
#3728=CARTESIAN_POINT('',(-11.8296212874535,-64.5592641244594,6.73137871254644));
#3729=CARTESIAN_POINT('Origin',(-8.66862493352244,-61.7394442645328,4.15843960767646E-15));
#3730=CARTESIAN_POINT('',(-12.7,-65.3357000656915,4.15843960767646E-15));
#3731=CARTESIAN_POINT('Origin',(-12.7,-62.6555633887538,4.15843960767646E-15));
#3732=CARTESIAN_POINT('',(-12.7,-71.5264928953046,4.15843960767646E-15));
#3733=CARTESIAN_POINT('Origin',(11.3686249335226,-64.1480245883708,4.15843960767646E-15));
#3734=CARTESIAN_POINT('Origin',(9.50486596562922,-60.1607471101092,25.1236952724343));
#3735=CARTESIAN_POINT('Origin',(-9.99999999999985,-72.2499557148686,4.93583754506405E-15));
#3736=CARTESIAN_POINT('Origin',(-6.66666666666667,-66.1463080028007,22.6422458113874));
#3737=CARTESIAN_POINT('',(4.68102048292837,-66.1463080028007,32.5));
#3738=CARTESIAN_POINT('',(4.79613046279259,-66.1463080028007,32.4558313378501));
#3739=CARTESIAN_POINT('',(-4.68102048292837,-66.1463080028007,32.5));
#3740=CARTESIAN_POINT('',(-3.33333333333333,-66.1463080028007,32.5));
#3741=CARTESIAN_POINT('',(-10.6072183960406,-66.1463080028007,30.2260682890682));
#3742=CARTESIAN_POINT('Origin',(6.66666666666667,-70.3724906202077,13.5791679410209));
#3743=CARTESIAN_POINT('',(0.,-79.2998966482868,6.08818483548996));
#3744=CARTESIAN_POINT('',(-6.28278826520899,-77.4531485631855,7.63779047257575));
#3745=CARTESIAN_POINT('',(12.0938761984566,-75.7450509701938,9.07105453286989));
#3746=CARTESIAN_POINT('Origin',(0.,-52.95,32.5));
#3747=CARTESIAN_POINT('',(-16.2989638415415,-62.5578904079455,32.5));
#3748=CARTESIAN_POINT('',(-8.62848455699303,-63.2289703891539,32.5));
#3749=CARTESIAN_POINT('',(-15.7267135623714,-63.1301406871156,32.5));
#3750=CARTESIAN_POINT('',(-16.2411077985004,-64.0779060970795,32.5));
#3751=CARTESIAN_POINT('',(-16.6497190635618,-63.4048046087517,32.5));
#3752=CARTESIAN_POINT('',(-5.49809429718465,-66.00011213175,32.5));
#3753=CARTESIAN_POINT('',(16.2411077985004,-64.0779060970795,32.5));
#3754=CARTESIAN_POINT('',(5.49809429718465,-66.00011213175,32.5));
#3755=CARTESIAN_POINT('',(16.6497190635618,-63.4048046087517,32.5));
#3756=CARTESIAN_POINT('',(14.6261954831468,-64.2306587663456,32.5));
#3757=CARTESIAN_POINT('Origin',(9.25,-69.2909542857795,24.0031286241361));
#3758=CARTESIAN_POINT('',(0.,-82.7134755542914,-1.23225875214119));
#3759=CARTESIAN_POINT('',(0.,-70.6504159663345,24.6370560167472));
#3760=CARTESIAN_POINT('',(5.00000000000074,-82.1170764252833,-1.87181851677543));
#3761=CARTESIAN_POINT('',(3.69843227871791,-82.2723271963469,-1.70533244767962));
#3762=CARTESIAN_POINT('',(13.4362030508578,-79.6703355306572,0.138192586378586));
#3763=CARTESIAN_POINT('',(11.1856921830732,-80.3230482428589,-0.39801449692014));
#3764=CARTESIAN_POINT('',(13.4362030508581,-76.1795999507179,7.62409919522601));
#3765=CARTESIAN_POINT('',(13.4362030508582,-75.1150427750924,9.90704942563258));
#3766=CARTESIAN_POINT('',(16.9367756635999,-74.7886644412344,9.26377102807229));
#3767=CARTESIAN_POINT('',(18.3068897254886,-64.8073147558246,30.1431202781305));
#3768=CARTESIAN_POINT('Origin',(-18.5,-61.4274654355884,28.));
#3769=CARTESIAN_POINT('',(-16.8950603749741,-62.5549396250259,26.369242458141));
#3770=CARTESIAN_POINT('',(-18.2186132991903,-63.4069330243877,27.6739297416474));
#3771=CARTESIAN_POINT('',(-18.027854362551,-61.4221456374491,27.527854362551));
#3772=CARTESIAN_POINT('',(-18.4986551509139,-61.4274502827942,27.9986551509139));
#3773=CARTESIAN_POINT('',(-14.4203440460323,-65.0296559539677,23.8381239757035));
#3774=CARTESIAN_POINT('Origin',(-18.5,-63.5880664021107,27.9513056165192));
#3775=CARTESIAN_POINT('',(-16.,-69.1047049146656,10.205332190516));
#3776=CARTESIAN_POINT('',(-16.250821092173,-69.3868964759698,10.1936636997775));
#3777=CARTESIAN_POINT('',(-16.,-63.45,22.3318860134547));
#3778=CARTESIAN_POINT('',(-14.8529530535647,-64.5970469464353,17.1578915980699));
#3779=CARTESIAN_POINT('',(-16.,-61.3222969345191,26.8947599621674));
#3780=CARTESIAN_POINT('Origin',(-18.5,-71.9173826569903,10.0890292648188));
#3781=CARTESIAN_POINT('',(-16.,-66.5274214075538,5.69339139702645));
#3782=CARTESIAN_POINT('',(-19.0929864799176,-70.007251099304,5.54950204632399));
#3783=CARTESIAN_POINT('',(-16.,-69.7465741305823,11.3290253703266));
#3784=CARTESIAN_POINT('Origin',(-18.5,-69.3400991498785,5.57708847132928));
#3785=CARTESIAN_POINT('',(-17.6344741526394,-71.6670828339444,-1.46115277334636));
#3786=CARTESIAN_POINT('',(-17.4083997258707,-71.3977451310247,-1.41849387201114));
#3787=CARTESIAN_POINT('',(-16.,-68.9223834261381,0.55737877381543));
#3788=CARTESIAN_POINT('',(-16.,-67.0743296822869,4.52054281697745));
#3789=CARTESIAN_POINT('',(-16.2982314339284,-69.4231901466179,0.189070987015869));
#3790=CARTESIAN_POINT('Origin',(-18.5,-72.6982421157694,-1.62447235908365));
#3791=CARTESIAN_POINT('',(-18.3824636230291,-71.9504720893665,-2.25401639458465));
#3792=CARTESIAN_POINT('Origin',(-18.5,-71.9950028584125,-2.37860413433422));
#3793=CARTESIAN_POINT('',(-16.,-64.8037134778629,1.11158673441403));
#3794=CARTESIAN_POINT('',(-17.4345864604709,-63.8350287365585,-0.20558288800176));
#3795=CARTESIAN_POINT('',(-16.,-72.3283979477743,0.099065681115255));
#3796=CARTESIAN_POINT('Origin',(-18.5,-63.1156229235534,-1.18379534730352));
#3797=CARTESIAN_POINT('',(-16.,-64.039033761275,2.75144767861));
#3798=CARTESIAN_POINT('',(-18.3828038188433,-61.7438799605971,2.03522671930886));
#3799=CARTESIAN_POINT('',(-16.,-65.381392391145,-0.127249692951679));
#3800=CARTESIAN_POINT('Origin',(-18.5,-61.6309947711074,2.00000000000001));
#3801=CARTESIAN_POINT('',(-16.,-63.45,6.2112907568009));
#3802=CARTESIAN_POINT('',(-18.4145727137281,-61.0354272862718,6.00721999838718));
#3803=CARTESIAN_POINT('',(-16.,-63.4145382761582,6.41958441981444));
#3804=CARTESIAN_POINT('Origin',(-18.5,-60.95,6.00000000000001));
#3805=CARTESIAN_POINT('',(-14.8333333333333,-64.6166666666667,24.3333333333333));
#3806=CARTESIAN_POINT('',(-16.,-63.45,6.00000000000001));
#3807=CARTESIAN_POINT('Origin',(-18.5,-60.95,28.));
#3808=CARTESIAN_POINT('Origin',(-16.,-60.95,28.));
#3809=CARTESIAN_POINT('Origin',(18.5,-61.4274654355884,28.));
#3810=CARTESIAN_POINT('',(16.8950603749741,-62.5549396250259,26.369242458141));
#3811=CARTESIAN_POINT('',(18.2186132991903,-63.4069330243877,27.6739297416474));
#3812=CARTESIAN_POINT('',(18.027854362551,-61.4221456374491,27.527854362551));
#3813=CARTESIAN_POINT('',(14.4203440460323,-65.0296559539677,23.8381239757035));
#3814=CARTESIAN_POINT('',(18.4986551509139,-61.4274502827942,27.9986551509139));
#3815=CARTESIAN_POINT('Origin',(18.5,-63.5880664021107,27.9513056165192));
#3816=CARTESIAN_POINT('',(16.,-69.1047049146656,10.205332190516));
#3817=CARTESIAN_POINT('',(16.250821092173,-69.3868964759698,10.1936636997775));
#3818=CARTESIAN_POINT('',(16.,-63.45,22.3318860134547));
#3819=CARTESIAN_POINT('',(16.,-61.3222969345191,26.8947599621674));
#3820=CARTESIAN_POINT('',(14.8529530535647,-64.5970469464353,17.1578915980699));
#3821=CARTESIAN_POINT('Origin',(18.5,-71.9173826569903,10.0890292648188));
#3822=CARTESIAN_POINT('',(16.,-66.5274214075538,5.69339139702645));
#3823=CARTESIAN_POINT('',(19.0929864799176,-70.007251099304,5.54950204632399));
#3824=CARTESIAN_POINT('',(16.,-69.7465741305823,11.3290253703266));
#3825=CARTESIAN_POINT('Origin',(18.5,-69.3400991498785,5.57708847132928));
#3826=CARTESIAN_POINT('',(17.6344741526394,-71.6670828339444,-1.46115277334636));
#3827=CARTESIAN_POINT('',(17.4083997258707,-71.3977451310247,-1.41849387201114));
#3828=CARTESIAN_POINT('',(16.,-68.9223834261381,0.55737877381543));
#3829=CARTESIAN_POINT('',(16.2982314339284,-69.4231901466179,0.189070987015869));
#3830=CARTESIAN_POINT('',(16.,-67.0743296822869,4.52054281697745));
#3831=CARTESIAN_POINT('Origin',(18.5,-72.6982421157694,-1.62447235908365));
#3832=CARTESIAN_POINT('',(18.3824636230291,-71.9504720893665,-2.25401639458465));
#3833=CARTESIAN_POINT('Origin',(18.5,-71.9950028584125,-2.37860413433422));
#3834=CARTESIAN_POINT('',(16.,-64.8037134778629,1.11158673441403));
#3835=CARTESIAN_POINT('',(17.4345864604709,-63.8350287365585,-0.20558288800176));
#3836=CARTESIAN_POINT('',(16.,-72.3283979477743,0.099065681115255));
#3837=CARTESIAN_POINT('Origin',(18.5,-63.1156229235534,-1.18379534730352));
#3838=CARTESIAN_POINT('',(16.,-64.039033761275,2.75144767861));
#3839=CARTESIAN_POINT('',(18.3828038188433,-61.7438799605971,2.03522671930886));
#3840=CARTESIAN_POINT('',(16.,-65.381392391145,-0.127249692951679));
#3841=CARTESIAN_POINT('Origin',(18.5,-61.6309947711074,2.00000000000001));
#3842=CARTESIAN_POINT('',(16.,-63.45,6.2112907568009));
#3843=CARTESIAN_POINT('',(18.4145727137281,-61.0354272862718,6.00721999838718));
#3844=CARTESIAN_POINT('',(16.,-63.4145382761582,6.41958441981444));
#3845=CARTESIAN_POINT('Origin',(18.5,-60.95,6.00000000000001));
#3846=CARTESIAN_POINT('',(14.8333333333333,-64.6166666666667,24.3333333333333));
#3847=CARTESIAN_POINT('',(16.,-63.45,6.00000000000001));
#3848=CARTESIAN_POINT('Origin',(18.5,-60.95,28.));
#3849=CARTESIAN_POINT('Origin',(16.,-60.95,28.));
#3850=CARTESIAN_POINT('Origin',(-1.84297022087776E-13,-62.5785171987386,
30.));
#3851=CARTESIAN_POINT('',(-1.85268467234323E-13,-62.5785171987386,30.));
#3852=CARTESIAN_POINT('Origin',(10.0000000000003,-61.7036305634793,30.));
#3853=CARTESIAN_POINT('Origin',(5.,-82.7134755542916,-1.23225875214138));
#3854=CARTESIAN_POINT('',(17.9720608116131,-72.5555822586754,-4.99999999999999));
#3855=CARTESIAN_POINT('',(5.,-79.2000000000003,-4.99999999999999));
#3856=CARTESIAN_POINT('',(2.30677362912541,-80.5794971623959,-4.99999999999998));
#3857=CARTESIAN_POINT('',(15.7306345012526,-71.7185315447098,-7.1287928206829));
#3858=CARTESIAN_POINT('',(12.2536796564403,-80.7420656913708,0.637948567795037));
#3859=CARTESIAN_POINT('',(5.00000000000075,-82.7134755542914,-1.23225875214123));
#3860=CARTESIAN_POINT('Origin',(-18.5,-79.0148816512253,2.21673585996474));
#3861=CARTESIAN_POINT('',(-13.4362030508578,-79.6703355306573,0.138192586378572));
#3862=CARTESIAN_POINT('',(-5.,-82.1170764252836,-1.87181851677561));
#3863=CARTESIAN_POINT('',(-17.9324118353631,-78.3663060001318,1.2094600184772));
#3864=CARTESIAN_POINT('',(-16.1022937433688,-77.2540367750886,-0.988546027733562));
#3865=CARTESIAN_POINT('',(-17.9720608116131,-72.5555822586754,-4.99999999999999));
#3866=CARTESIAN_POINT('',(-19.5010407261038,-73.1265730260933,-3.54785256606865));
#3867=CARTESIAN_POINT('',(-5.,-79.2000000000003,-4.99999999999999));
#3868=CARTESIAN_POINT('',(-8.40426918811054,-77.4562996798879,-4.99999999999999));
#3869=CARTESIAN_POINT('',(-5.00000000000078,-82.7134755542915,-1.2322587521411));
#3870=CARTESIAN_POINT('Origin',(-9.25,-69.2909542857795,24.0031286241361));
#3871=CARTESIAN_POINT('',(-18.3068897254886,-64.8073147558246,30.1431202781305));
#3872=CARTESIAN_POINT('',(-13.4362030508581,-76.1795999507179,7.62409919522601));
#3873=CARTESIAN_POINT('',(-16.9367756635999,-74.7886644412344,9.26377102807229));
#3874=CARTESIAN_POINT('',(-13.4362030508582,-75.1150427750924,9.90704942563258));
#3875=CARTESIAN_POINT('',(-3.69843227871791,-82.2723271963469,-1.70533244767962));
#3876=CARTESIAN_POINT('Origin',(0.,-82.7134755542914,-1.23225875214119));
#3877=CARTESIAN_POINT('',(0.,-79.2,-4.99999999999999));
#3878=CARTESIAN_POINT('Origin',(0.,-79.2,-4.99999999999999));
#3879=CARTESIAN_POINT('',(-16.6443324042985,-62.6883925402678,-5.00000000000001));
#3880=CARTESIAN_POINT('',(-17.5341588274634,-69.3012555967857,-5.));
#3881=CARTESIAN_POINT('',(16.6443324042985,-62.6883925402678,-5.00000000000001));
#3882=CARTESIAN_POINT('',(0.,-62.6883925402678,-5.00000000000001));
#3883=CARTESIAN_POINT('',(17.5341588274634,-69.3012555967857,-5.));
#3884=CARTESIAN_POINT('Origin',(-17.5100505063388,-61.7651504801059,-4.01005050633884));
#3885=CARTESIAN_POINT('',(-13.655311761605,-64.1755067100788,-8.18912662874697));
#3886=CARTESIAN_POINT('Origin',(17.5100505063388,-61.7651504801059,-4.01005050633884));
#3887=CARTESIAN_POINT('',(13.655311761605,-64.1755067100788,-8.18912662874697));
#3888=CARTESIAN_POINT('Origin',(0.,-62.6883925402678,-5.00000000000001));
#3889=CARTESIAN_POINT('',(-17.3839197380094,-61.7557772239576,-3.));
#3890=CARTESIAN_POINT('',(-15.7429650106258,-63.3967319513412,-6.51903876911635));
#3891=CARTESIAN_POINT('',(17.3839197380094,-61.7557772239576,-3.));
#3892=CARTESIAN_POINT('',(0.,-61.7557772239576,-3.));
#3893=CARTESIAN_POINT('',(16.3491257312829,-62.7905712306841,-5.2191229087264));
#3894=CARTESIAN_POINT('Origin',(-16.3786796564403,-78.8875831695022,-5.14568236059762));
#3895=CARTESIAN_POINT('',(-16.3786796564405,-73.5128104899055,6.3805548469619));
#3896=CARTESIAN_POINT('Origin',(-16.3786796564405,-73.5128104899055,6.3805548469619));
#3897=CARTESIAN_POINT('Origin',(-18.5,-64.8755002232648,29.922798043661));
#3898=CARTESIAN_POINT('Origin',(18.5,-64.8755002232648,29.922798043661));
#3899=CARTESIAN_POINT('Origin',(16.3786796564403,-78.8875831695022,-5.14568236059762));
#3900=CARTESIAN_POINT('',(16.3786796564405,-73.5128104899055,6.3805548469619));
#3901=CARTESIAN_POINT('Origin',(16.3786796564405,-73.5128104899055,6.3805548469619));
#3902=CARTESIAN_POINT('Origin',(-14.5,-58.7,0.));
#3903=CARTESIAN_POINT('',(-17.25,-58.7,0.));
#3904=CARTESIAN_POINT('',(-17.25,-58.7,0.));
#3905=CARTESIAN_POINT('Origin',(14.5,-58.7,0.));
#3906=CARTESIAN_POINT('',(11.75,-58.7,0.));
#3907=CARTESIAN_POINT('',(11.75,-58.7,0.));
#3908=CARTESIAN_POINT('Origin',(-16.2989638415415,-62.5578904079455,30.));
#3909=CARTESIAN_POINT('',(-16.2989638415415,-62.5578904079455,30.));
#3910=CARTESIAN_POINT('Origin',(-18.5,-60.3568542494872,30.));
#3911=CARTESIAN_POINT('Origin',(16.2989638415474,-62.557890407945,30.));
#3912=CARTESIAN_POINT('Origin',(18.6414213562373,-60.4982756057296,0.));
#3913=CARTESIAN_POINT('',(14.6999999999999,-64.439696961967,-3.));
#3914=CARTESIAN_POINT('',(14.6592514421272,-64.4804455198397,-3.));
#3915=CARTESIAN_POINT('',(14.7,-64.439696961967,0.));
#3916=CARTESIAN_POINT('Origin',(-14.6414213562373,-64.4982756057297,0.));
#3917=CARTESIAN_POINT('',(-14.7,-64.439696961967,-3.));
#3918=CARTESIAN_POINT('',(-14.7,-64.439696961967,0.));
#3919=CARTESIAN_POINT('',(-12.6592514421272,-66.4804455198398,-3.));
#3920=CARTESIAN_POINT('Origin',(-14.7,-73.1147367097487,0.));
#3921=CARTESIAN_POINT('',(-14.7,-73.2682021073445,-3.));
#3922=CARTESIAN_POINT('',(-14.7,-73.2682021073445,0.));
#3923=CARTESIAN_POINT('',(-14.7,-65.4501353078407,-3.));
#3924=CARTESIAN_POINT('Origin',(-0.0517638090205042,-77.1931851652578,0.));
#3925=CARTESIAN_POINT('',(7.1701903673708E-16,-77.207055236082,-3.));
#3926=CARTESIAN_POINT('',(0.,-77.207055236082,0.));
#3927=CARTESIAN_POINT('',(-2.45357207077891,-76.5496225811452,-3.));
#3928=CARTESIAN_POINT('Origin',(14.5517638090205,-73.3079218750065,0.));
#3929=CARTESIAN_POINT('',(14.7,-73.2682021073445,-3.));
#3930=CARTESIAN_POINT('',(14.7,-73.2682021073445,0.));
#3931=CARTESIAN_POINT('',(9.7035720707789,-74.6069909360196,-3.));
#3932=CARTESIAN_POINT('Origin',(14.7,-64.3568542494924,0.));
#3933=CARTESIAN_POINT('',(14.6999999999999,-61.0711940777125,-3.));
#3934=CARTESIAN_POINT('Origin',(0.,-57.7855339059328,-3.));
#3935=UNCERTAINTY_MEASURE_WITH_UNIT(LENGTH_MEASURE(0.01),#3939,
'DISTANCE_ACCURACY_VALUE',
'Maximum model space distance between geometric entities at asserted c
onnectivities');
#3936=UNCERTAINTY_MEASURE_WITH_UNIT(LENGTH_MEASURE(0.01),#3939,
'DISTANCE_ACCURACY_VALUE',
'Maximum model space distance between geometric entities at asserted c
onnectivities');
#3937=(
GEOMETRIC_REPRESENTATION_CONTEXT(3)
GLOBAL_UNCERTAINTY_ASSIGNED_CONTEXT((#3935))
GLOBAL_UNIT_ASSIGNED_CONTEXT((#3939,#3941,#3942))
REPRESENTATION_CONTEXT('','3D')
);
#3938=(
GEOMETRIC_REPRESENTATION_CONTEXT(3)
GLOBAL_UNCERTAINTY_ASSIGNED_CONTEXT((#3936))
GLOBAL_UNIT_ASSIGNED_CONTEXT((#3939,#3941,#3942))
REPRESENTATION_CONTEXT('','3D')
);
#3939=(
LENGTH_UNIT()
NAMED_UNIT(*)
SI_UNIT(.MILLI.,.METRE.)
);
#3940=(
LENGTH_UNIT()
NAMED_UNIT(*)
SI_UNIT($,.METRE.)
);
#3941=(
NAMED_UNIT(*)
PLANE_ANGLE_UNIT()
SI_UNIT($,.RADIAN.)
);
#3942=(
NAMED_UNIT(*)
SI_UNIT($,.STERADIAN.)
SOLID_ANGLE_UNIT()
);
#3943=SHAPE_DEFINITION_REPRESENTATION(#3944,#3945);
#3944=PRODUCT_DEFINITION_SHAPE('',$,#3947);
#3945=SHAPE_REPRESENTATION('',(#2230),#3937);
#3946=PRODUCT_DEFINITION_CONTEXT('part definition',#3951,'design');
#3947=PRODUCT_DEFINITION('2026-09-22-20-59-28-446',
'The Shard TPU - Frontend Analog',#3948,#3946);
#3948=PRODUCT_DEFINITION_FORMATION('',$,#3953);
#3949=PRODUCT_RELATED_PRODUCT_CATEGORY(
'The Shard TPU - Frontend Analog','The Shard TPU - Frontend Analog',(#3953));
#3950=APPLICATION_PROTOCOL_DEFINITION('international standard',
'automotive_design',2009,#3951);
#3951=APPLICATION_CONTEXT(
'Core Data for Automotive Mechanical Design Process');
#3952=PRODUCT_CONTEXT('part definition',#3951,'mechanical');
#3953=PRODUCT('2026-09-22-20-59-28-446',
'The Shard TPU - Frontend Analog',$,(#3952));
#3954=PRESENTATION_STYLE_ASSIGNMENT((#3955));
#3955=SURFACE_STYLE_USAGE(.BOTH.,#3956);
#3956=SURFACE_SIDE_STYLE('',(#3957));
#3957=SURFACE_STYLE_FILL_AREA(#3958);
#3958=FILL_AREA_STYLE('Steel - Satin',(#3959));
#3959=FILL_AREA_STYLE_COLOUR('Steel - Satin',#3960);
#3960=COLOUR_RGB('Steel - Satin',0.627450980392157,0.627450980392157,0.627450980392157);
ENDSEC;
END-ISO-10303-21;
