ISO-10303-21;
HEADER;
/* Generated by software containing ST-Developer
 * from STEP Tools, Inc. (www.steptools.com) 
 */

FILE_DESCRIPTION(
/* description */ (''),
/* implementation_level */ '2;1');

FILE_NAME(
/* name */ 'The_Shard_TPU_-_Frontend_Analog_cameraAngle_20.step',
/* time_stamp */ '2026-09-29T00:12:01+02:00',
/* author */ (''),
/* organization */ (''),
/* preprocessor_version */ 'ST-DEVELOPER v20.2',
/* originating_system */ 'Autodesk Translation Framework v15.15.0.0',
/* authorisation */ '');

FILE_SCHEMA (('AUTOMOTIVE_DESIGN { 1 0 10303 214 3 1 1 }'));
ENDSEC;

DATA;
#10=MECHANICAL_DESIGN_GEOMETRIC_PRESENTATION_REPRESENTATION('',(#13),#3961);
#11=SHAPE_REPRESENTATION_RELATIONSHIP('SRR','None',#3968,#12);
#12=ADVANCED_BREP_SHAPE_REPRESENTATION('',(#14),#3960);
#13=STYLED_ITEM('',(#3977),#14);
#14=MANIFOLD_SOLID_BREP('Frontend',#2236);
#15=FACE_BOUND('',#801,.T.);
#16=FACE_BOUND('',#805,.T.);
#17=FACE_BOUND('',#807,.T.);
#18=FACE_BOUND('',#809,.T.);
#19=FACE_BOUND('',#812,.T.);
#20=FACE_BOUND('',#814,.T.);
#21=FACE_BOUND('',#818,.T.);
#22=FACE_BOUND('',#819,.T.);
#23=FACE_BOUND('',#834,.T.);
#24=FACE_BOUND('',#835,.T.);
#25=CIRCLE('',#2256,2.);
#26=CIRCLE('',#2257,0.999999999999999);
#27=CIRCLE('',#2259,0.999999999999999);
#28=CIRCLE('',#2262,2.);
#29=CIRCLE('',#2265,0.999999999999999);
#30=CIRCLE('',#2266,2.);
#31=CIRCLE('',#2268,0.999999999999999);
#32=CIRCLE('',#2271,2.);
#33=CIRCLE('',#2281,2.75);
#34=CIRCLE('',#2282,2.75);
#35=CIRCLE('',#2297,2.75);
#36=CIRCLE('',#2298,2.75);
#37=CONICAL_SURFACE('',#2255,1.5,0.785398163397448);
#38=CONICAL_SURFACE('',#2264,1.5,0.785398163397448);
#39=ELLIPSE('',#2253,8.08298521940505,7.);
#40=ELLIPSE('',#2261,2.82842712474619,2.);
#41=ELLIPSE('',#2263,2.82842712474619,2.);
#42=ELLIPSE('',#2270,2.82842712474619,2.);
#43=ELLIPSE('',#2272,2.82842712474619,2.);
#44=CYLINDRICAL_SURFACE('',#2252,7.);
#45=CYLINDRICAL_SURFACE('',#2258,0.999999999999999);
#46=CYLINDRICAL_SURFACE('',#2260,2.);
#47=CYLINDRICAL_SURFACE('',#2267,0.999999999999999);
#48=CYLINDRICAL_SURFACE('',#2269,2.);
#49=CYLINDRICAL_SURFACE('',#2355,2.75);
#50=CYLINDRICAL_SURFACE('',#2356,2.75);
#51=LINE('',#3044,#321);
#52=LINE('',#3046,#322);
#53=LINE('',#3048,#323);
#54=LINE('',#3049,#324);
#55=LINE('',#3052,#325);
#56=LINE('',#3054,#326);
#57=LINE('',#3055,#327);
#58=LINE('',#3058,#328);
#59=LINE('',#3268,#329);
#60=LINE('',#3270,#330);
#61=LINE('',#3271,#331);
#62=LINE('',#3276,#332);
#63=LINE('',#3281,#333);
#64=LINE('',#3284,#334);
#65=LINE('',#3363,#335);
#66=LINE('',#3368,#336);
#67=LINE('',#3371,#337);
#68=LINE('',#3448,#338);
#69=LINE('',#3450,#339);
#70=LINE('',#3452,#340);
#71=LINE('',#3454,#341);
#72=LINE('',#3456,#342);
#73=LINE('',#3458,#343);
#74=LINE('',#3460,#344);
#75=LINE('',#3462,#345);
#76=LINE('',#3464,#346);
#77=LINE('',#3466,#347);
#78=LINE('',#3468,#348);
#79=LINE('',#3470,#349);
#80=LINE('',#3471,#350);
#81=LINE('',#3474,#351);
#82=LINE('',#3476,#352);
#83=LINE('',#3478,#353);
#84=LINE('',#3480,#354);
#85=LINE('',#3482,#355);
#86=LINE('',#3484,#356);
#87=LINE('',#3486,#357);
#88=LINE('',#3488,#358);
#89=LINE('',#3490,#359);
#90=LINE('',#3491,#360);
#91=LINE('',#3494,#361);
#92=LINE('',#3496,#362);
#93=LINE('',#3498,#363);
#94=LINE('',#3500,#364);
#95=LINE('',#3502,#365);
#96=LINE('',#3504,#366);
#97=LINE('',#3506,#367);
#98=LINE('',#3508,#368);
#99=LINE('',#3510,#369);
#100=LINE('',#3512,#370);
#101=LINE('',#3514,#371);
#102=LINE('',#3516,#372);
#103=LINE('',#3517,#373);
#104=LINE('',#3520,#374);
#105=LINE('',#3522,#375);
#106=LINE('',#3524,#376);
#107=LINE('',#3526,#377);
#108=LINE('',#3528,#378);
#109=LINE('',#3530,#379);
#110=LINE('',#3532,#380);
#111=LINE('',#3534,#381);
#112=LINE('',#3536,#382);
#113=LINE('',#3537,#383);
#114=LINE('',#3540,#384);
#115=LINE('',#3542,#385);
#116=LINE('',#3543,#386);
#117=LINE('',#3547,#387);
#118=LINE('',#3549,#388);
#119=LINE('',#3551,#389);
#120=LINE('',#3553,#390);
#121=LINE('',#3555,#391);
#122=LINE('',#3557,#392);
#123=LINE('',#3559,#393);
#124=LINE('',#3560,#394);
#125=LINE('',#3564,#395);
#126=LINE('',#3566,#396);
#127=LINE('',#3568,#397);
#128=LINE('',#3570,#398);
#129=LINE('',#3572,#399);
#130=LINE('',#3574,#400);
#131=LINE('',#3576,#401);
#132=LINE('',#3577,#402);
#133=LINE('',#3580,#403);
#134=LINE('',#3582,#404);
#135=LINE('',#3584,#405);
#136=LINE('',#3586,#406);
#137=LINE('',#3588,#407);
#138=LINE('',#3589,#408);
#139=LINE('',#3592,#409);
#140=LINE('',#3594,#410);
#141=LINE('',#3596,#411);
#142=LINE('',#3597,#412);
#143=LINE('',#3601,#413);
#144=LINE('',#3602,#414);
#145=LINE('',#3604,#415);
#146=LINE('',#3606,#416);
#147=LINE('',#3607,#417);
#148=LINE('',#3609,#418);
#149=LINE('',#3610,#419);
#150=LINE('',#3612,#420);
#151=LINE('',#3614,#421);
#152=LINE('',#3615,#422);
#153=LINE('',#3617,#423);
#154=LINE('',#3618,#424);
#155=LINE('',#3625,#425);
#156=LINE('',#3627,#426);
#157=LINE('',#3628,#427);
#158=LINE('',#3631,#428);
#159=LINE('',#3632,#429);
#160=LINE('',#3633,#430);
#161=LINE('',#3635,#431);
#162=LINE('',#3636,#432);
#163=LINE('',#3638,#433);
#164=LINE('',#3641,#434);
#165=LINE('',#3643,#435);
#166=LINE('',#3645,#436);
#167=LINE('',#3647,#437);
#168=LINE('',#3649,#438);
#169=LINE('',#3650,#439);
#170=LINE('',#3653,#440);
#171=LINE('',#3654,#441);
#172=LINE('',#3657,#442);
#173=LINE('',#3658,#443);
#174=LINE('',#3661,#444);
#175=LINE('',#3662,#445);
#176=LINE('',#3665,#446);
#177=LINE('',#3667,#447);
#178=LINE('',#3669,#448);
#179=LINE('',#3671,#449);
#180=LINE('',#3673,#450);
#181=LINE('',#3674,#451);
#182=LINE('',#3677,#452);
#183=LINE('',#3679,#453);
#184=LINE('',#3680,#454);
#185=LINE('',#3683,#455);
#186=LINE('',#3684,#456);
#187=LINE('',#3687,#457);
#188=LINE('',#3688,#458);
#189=LINE('',#3691,#459);
#190=LINE('',#3692,#460);
#191=LINE('',#3695,#461);
#192=LINE('',#3697,#462);
#193=LINE('',#3699,#463);
#194=LINE('',#3701,#464);
#195=LINE('',#3703,#465);
#196=LINE('',#3704,#466);
#197=LINE('',#3705,#467);
#198=LINE('',#3707,#468);
#199=LINE('',#3709,#469);
#200=LINE('',#3711,#470);
#201=LINE('',#3713,#471);
#202=LINE('',#3715,#472);
#203=LINE('',#3716,#473);
#204=LINE('',#3718,#474);
#205=LINE('',#3719,#475);
#206=LINE('',#3726,#476);
#207=LINE('',#3727,#477);
#208=LINE('',#3729,#478);
#209=LINE('',#3732,#479);
#210=LINE('',#3735,#480);
#211=LINE('',#3737,#481);
#212=LINE('',#3739,#482);
#213=LINE('',#3740,#483);
#214=LINE('',#3742,#484);
#215=LINE('',#3743,#485);
#216=LINE('',#3745,#486);
#217=LINE('',#3748,#487);
#218=LINE('',#3750,#488);
#219=LINE('',#3751,#489);
#220=LINE('',#3753,#490);
#221=LINE('',#3755,#491);
#222=LINE('',#3761,#492);
#223=LINE('',#3763,#493);
#224=LINE('',#3764,#494);
#225=LINE('',#3767,#495);
#226=LINE('',#3768,#496);
#227=LINE('',#3771,#497);
#228=LINE('',#3772,#498);
#229=LINE('',#3774,#499);
#230=LINE('',#3775,#500);
#231=LINE('',#3777,#501);
#232=LINE('',#3778,#502);
#233=LINE('',#3779,#503);
#234=LINE('',#3782,#504);
#235=LINE('',#3784,#505);
#236=LINE('',#3786,#506);
#237=LINE('',#3788,#507);
#238=LINE('',#3789,#508);
#239=LINE('',#3790,#509);
#240=LINE('',#3793,#510);
#241=LINE('',#3795,#511);
#242=LINE('',#3796,#512);
#243=LINE('',#3799,#513);
#244=LINE('',#3801,#514);
#245=LINE('',#3802,#515);
#246=LINE('',#3805,#516);
#247=LINE('',#3806,#517);
#248=LINE('',#3809,#518);
#249=LINE('',#3811,#519);
#250=LINE('',#3812,#520);
#251=LINE('',#3814,#521);
#252=LINE('',#3817,#522);
#253=LINE('',#3818,#523);
#254=LINE('',#3821,#524);
#255=LINE('',#3822,#525);
#256=LINE('',#3825,#526);
#257=LINE('',#3826,#527);
#258=LINE('',#3828,#528);
#259=LINE('',#3829,#529);
#260=LINE('',#3834,#530);
#261=LINE('',#3836,#531);
#262=LINE('',#3837,#532);
#263=LINE('',#3840,#533);
#264=LINE('',#3842,#534);
#265=LINE('',#3843,#535);
#266=LINE('',#3846,#536);
#267=LINE('',#3847,#537);
#268=LINE('',#3850,#538);
#269=LINE('',#3852,#539);
#270=LINE('',#3853,#540);
#271=LINE('',#3855,#541);
#272=LINE('',#3858,#542);
#273=LINE('',#3859,#543);
#274=LINE('',#3862,#544);
#275=LINE('',#3863,#545);
#276=LINE('',#3866,#546);
#277=LINE('',#3867,#547);
#278=LINE('',#3869,#548);
#279=LINE('',#3870,#549);
#280=LINE('',#3874,#550);
#281=LINE('',#3879,#551);
#282=LINE('',#3880,#552);
#283=LINE('',#3881,#553);
#284=LINE('',#3882,#554);
#285=LINE('',#3886,#555);
#286=LINE('',#3887,#556);
#287=LINE('',#3889,#557);
#288=LINE('',#3891,#558);
#289=LINE('',#3892,#559);
#290=LINE('',#3894,#560);
#291=LINE('',#3896,#561);
#292=LINE('',#3897,#562);
#293=LINE('',#3898,#563);
#294=LINE('',#3900,#564);
#295=LINE('',#3903,#565);
#296=LINE('',#3905,#566);
#297=LINE('',#3906,#567);
#298=LINE('',#3908,#568);
#299=LINE('',#3910,#569);
#300=LINE('',#3913,#570);
#301=LINE('',#3915,#571);
#302=LINE('',#3916,#572);
#303=LINE('',#3918,#573);
#304=LINE('',#3923,#574);
#305=LINE('',#3926,#575);
#306=LINE('',#3927,#576);
#307=LINE('',#3929,#577);
#308=LINE('',#3930,#578);
#309=LINE('',#3932,#579);
#310=LINE('',#3937,#580);
#311=LINE('',#3938,#581);
#312=LINE('',#3941,#582);
#313=LINE('',#3942,#583);
#314=LINE('',#3945,#584);
#315=LINE('',#3946,#585);
#316=LINE('',#3949,#586);
#317=LINE('',#3950,#587);
#318=LINE('',#3953,#588);
#319=LINE('',#3954,#589);
#320=LINE('',#3956,#590);
#321=VECTOR('',#2371,10.);
#322=VECTOR('',#2372,10.);
#323=VECTOR('',#2373,10.);
#324=VECTOR('',#2374,10.);
#325=VECTOR('',#2377,10.);
#326=VECTOR('',#2378,10.);
#327=VECTOR('',#2379,10.);
#328=VECTOR('',#2382,7.);
#329=VECTOR('',#2387,10.);
#330=VECTOR('',#2388,10.);
#331=VECTOR('',#2389,10.);
#332=VECTOR('',#2394,1.5);
#333=VECTOR('',#2401,0.999999999999999);
#334=VECTOR('',#2404,2.);
#335=VECTOR('',#2415,1.5);
#336=VECTOR('',#2422,0.999999999999999);
#337=VECTOR('',#2425,2.);
#338=VECTOR('',#2434,10.);
#339=VECTOR('',#2435,10.);
#340=VECTOR('',#2436,10.);
#341=VECTOR('',#2437,10.);
#342=VECTOR('',#2438,10.);
#343=VECTOR('',#2439,10.);
#344=VECTOR('',#2440,10.);
#345=VECTOR('',#2441,10.);
#346=VECTOR('',#2442,10.);
#347=VECTOR('',#2443,10.);
#348=VECTOR('',#2444,10.);
#349=VECTOR('',#2445,10.);
#350=VECTOR('',#2446,10.);
#351=VECTOR('',#2447,10.);
#352=VECTOR('',#2448,10.);
#353=VECTOR('',#2449,10.);
#354=VECTOR('',#2450,10.);
#355=VECTOR('',#2451,10.);
#356=VECTOR('',#2452,10.);
#357=VECTOR('',#2453,10.);
#358=VECTOR('',#2454,10.);
#359=VECTOR('',#2455,10.);
#360=VECTOR('',#2456,10.);
#361=VECTOR('',#2459,10.);
#362=VECTOR('',#2460,10.);
#363=VECTOR('',#2461,10.);
#364=VECTOR('',#2462,10.);
#365=VECTOR('',#2463,10.);
#366=VECTOR('',#2464,10.);
#367=VECTOR('',#2465,10.);
#368=VECTOR('',#2466,10.);
#369=VECTOR('',#2467,10.);
#370=VECTOR('',#2468,10.);
#371=VECTOR('',#2469,10.);
#372=VECTOR('',#2470,10.);
#373=VECTOR('',#2471,10.);
#374=VECTOR('',#2472,10.);
#375=VECTOR('',#2473,10.);
#376=VECTOR('',#2474,10.);
#377=VECTOR('',#2475,10.);
#378=VECTOR('',#2476,10.);
#379=VECTOR('',#2477,10.);
#380=VECTOR('',#2478,10.);
#381=VECTOR('',#2479,10.);
#382=VECTOR('',#2480,10.);
#383=VECTOR('',#2481,10.);
#384=VECTOR('',#2484,10.);
#385=VECTOR('',#2485,10.);
#386=VECTOR('',#2486,10.);
#387=VECTOR('',#2489,10.);
#388=VECTOR('',#2490,10.);
#389=VECTOR('',#2491,10.);
#390=VECTOR('',#2492,10.);
#391=VECTOR('',#2493,10.);
#392=VECTOR('',#2494,10.);
#393=VECTOR('',#2495,10.);
#394=VECTOR('',#2496,10.);
#395=VECTOR('',#2499,10.);
#396=VECTOR('',#2500,10.);
#397=VECTOR('',#2501,10.);
#398=VECTOR('',#2502,10.);
#399=VECTOR('',#2503,10.);
#400=VECTOR('',#2504,10.);
#401=VECTOR('',#2505,10.);
#402=VECTOR('',#2506,10.);
#403=VECTOR('',#2509,10.);
#404=VECTOR('',#2510,10.);
#405=VECTOR('',#2511,10.);
#406=VECTOR('',#2512,10.);
#407=VECTOR('',#2513,10.);
#408=VECTOR('',#2514,10.);
#409=VECTOR('',#2517,10.);
#410=VECTOR('',#2518,10.);
#411=VECTOR('',#2519,10.);
#412=VECTOR('',#2520,10.);
#413=VECTOR('',#2523,10.);
#414=VECTOR('',#2524,10.);
#415=VECTOR('',#2525,10.);
#416=VECTOR('',#2526,10.);
#417=VECTOR('',#2527,10.);
#418=VECTOR('',#2528,10.);
#419=VECTOR('',#2529,10.);
#420=VECTOR('',#2530,10.);
#421=VECTOR('',#2531,10.);
#422=VECTOR('',#2532,10.);
#423=VECTOR('',#2533,10.);
#424=VECTOR('',#2534,10.);
#425=VECTOR('',#2541,10.);
#426=VECTOR('',#2542,10.);
#427=VECTOR('',#2543,10.);
#428=VECTOR('',#2546,10.);
#429=VECTOR('',#2547,10.);
#430=VECTOR('',#2548,10.);
#431=VECTOR('',#2551,10.);
#432=VECTOR('',#2552,10.);
#433=VECTOR('',#2555,10.);
#434=VECTOR('',#2558,10.);
#435=VECTOR('',#2559,10.);
#436=VECTOR('',#2560,10.);
#437=VECTOR('',#2561,10.);
#438=VECTOR('',#2562,10.);
#439=VECTOR('',#2563,10.);
#440=VECTOR('',#2566,10.);
#441=VECTOR('',#2567,10.);
#442=VECTOR('',#2570,10.);
#443=VECTOR('',#2571,10.);
#444=VECTOR('',#2574,10.);
#445=VECTOR('',#2575,10.);
#446=VECTOR('',#2578,10.);
#447=VECTOR('',#2579,10.);
#448=VECTOR('',#2580,10.);
#449=VECTOR('',#2581,10.);
#450=VECTOR('',#2582,10.);
#451=VECTOR('',#2583,10.);
#452=VECTOR('',#2586,10.);
#453=VECTOR('',#2587,10.);
#454=VECTOR('',#2588,10.);
#455=VECTOR('',#2591,10.);
#456=VECTOR('',#2592,10.);
#457=VECTOR('',#2595,10.);
#458=VECTOR('',#2596,10.);
#459=VECTOR('',#2599,10.);
#460=VECTOR('',#2600,10.);
#461=VECTOR('',#2603,10.);
#462=VECTOR('',#2604,10.);
#463=VECTOR('',#2605,10.);
#464=VECTOR('',#2606,10.);
#465=VECTOR('',#2607,10.);
#466=VECTOR('',#2608,10.);
#467=VECTOR('',#2609,10.);
#468=VECTOR('',#2610,10.);
#469=VECTOR('',#2611,10.);
#470=VECTOR('',#2612,10.);
#471=VECTOR('',#2613,10.);
#472=VECTOR('',#2614,10.);
#473=VECTOR('',#2615,10.);
#474=VECTOR('',#2616,10.);
#475=VECTOR('',#2617,10.);
#476=VECTOR('',#2624,10.);
#477=VECTOR('',#2625,10.);
#478=VECTOR('',#2628,10.);
#479=VECTOR('',#2633,10.);
#480=VECTOR('',#2638,10.);
#481=VECTOR('',#2639,10.);
#482=VECTOR('',#2640,10.);
#483=VECTOR('',#2641,10.);
#484=VECTOR('',#2644,10.);
#485=VECTOR('',#2645,10.);
#486=VECTOR('',#2648,10.);
#487=VECTOR('',#2651,10.);
#488=VECTOR('',#2652,10.);
#489=VECTOR('',#2653,10.);
#490=VECTOR('',#2656,10.);
#491=VECTOR('',#2659,10.);
#492=VECTOR('',#2668,10.);
#493=VECTOR('',#2669,10.);
#494=VECTOR('',#2670,10.);
#495=VECTOR('',#2673,10.);
#496=VECTOR('',#2674,10.);
#497=VECTOR('',#2677,10.);
#498=VECTOR('',#2678,10.);
#499=VECTOR('',#2679,10.);
#500=VECTOR('',#2680,10.);
#501=VECTOR('',#2681,10.);
#502=VECTOR('',#2682,10.);
#503=VECTOR('',#2683,10.);
#504=VECTOR('',#2686,10.);
#505=VECTOR('',#2687,10.);
#506=VECTOR('',#2688,10.);
#507=VECTOR('',#2689,10.);
#508=VECTOR('',#2690,10.);
#509=VECTOR('',#2691,10.);
#510=VECTOR('',#2694,10.);
#511=VECTOR('',#2695,10.);
#512=VECTOR('',#2696,10.);
#513=VECTOR('',#2699,10.);
#514=VECTOR('',#2700,10.);
#515=VECTOR('',#2701,10.);
#516=VECTOR('',#2704,10.);
#517=VECTOR('',#2705,10.);
#518=VECTOR('',#2708,10.);
#519=VECTOR('',#2709,10.);
#520=VECTOR('',#2710,10.);
#521=VECTOR('',#2713,10.);
#522=VECTOR('',#2716,10.);
#523=VECTOR('',#2717,10.);
#524=VECTOR('',#2720,10.);
#525=VECTOR('',#2721,10.);
#526=VECTOR('',#2724,10.);
#527=VECTOR('',#2725,10.);
#528=VECTOR('',#2728,10.);
#529=VECTOR('',#2729,10.);
#530=VECTOR('',#2736,10.);
#531=VECTOR('',#2737,10.);
#532=VECTOR('',#2738,10.);
#533=VECTOR('',#2741,10.);
#534=VECTOR('',#2742,10.);
#535=VECTOR('',#2743,10.);
#536=VECTOR('',#2746,10.);
#537=VECTOR('',#2747,10.);
#538=VECTOR('',#2750,10.);
#539=VECTOR('',#2751,10.);
#540=VECTOR('',#2752,10.);
#541=VECTOR('',#2755,10.);
#542=VECTOR('',#2758,10.);
#543=VECTOR('',#2759,10.);
#544=VECTOR('',#2762,10.);
#545=VECTOR('',#2763,10.);
#546=VECTOR('',#2766,10.);
#547=VECTOR('',#2767,10.);
#548=VECTOR('',#2770,10.);
#549=VECTOR('',#2771,10.);
#550=VECTOR('',#2778,10.);
#551=VECTOR('',#2783,10.);
#552=VECTOR('',#2784,10.);
#553=VECTOR('',#2785,10.);
#554=VECTOR('',#2786,10.);
#555=VECTOR('',#2789,10.);
#556=VECTOR('',#2790,10.);
#557=VECTOR('',#2791,10.);
#558=VECTOR('',#2792,10.);
#559=VECTOR('',#2793,10.);
#560=VECTOR('',#2796,10.);
#561=VECTOR('',#2797,10.);
#562=VECTOR('',#2798,10.);
#563=VECTOR('',#2799,10.);
#564=VECTOR('',#2802,10.);
#565=VECTOR('',#2805,10.);
#566=VECTOR('',#2806,10.);
#567=VECTOR('',#2807,10.);
#568=VECTOR('',#2810,10.);
#569=VECTOR('',#2813,10.);
#570=VECTOR('',#2816,10.);
#571=VECTOR('',#2817,10.);
#572=VECTOR('',#2818,10.);
#573=VECTOR('',#2821,10.);
#574=VECTOR('',#2830,10.);
#575=VECTOR('',#2835,2.75);
#576=VECTOR('',#2836,2.75);
#577=VECTOR('',#2839,2.75);
#578=VECTOR('',#2840,2.75);
#579=VECTOR('',#2843,10.);
#580=VECTOR('',#2850,10.);
#581=VECTOR('',#2851,10.);
#582=VECTOR('',#2854,10.);
#583=VECTOR('',#2855,10.);
#584=VECTOR('',#2858,10.);
#585=VECTOR('',#2859,10.);
#586=VECTOR('',#2862,10.);
#587=VECTOR('',#2863,10.);
#588=VECTOR('',#2866,10.);
#589=VECTOR('',#2867,10.);
#590=VECTOR('',#2870,10.);
#591=PLANE('',#2250);
#592=PLANE('',#2251);
#593=PLANE('',#2254);
#594=PLANE('',#2273);
#595=PLANE('',#2274);
#596=PLANE('',#2275);
#597=PLANE('',#2276);
#598=PLANE('',#2277);
#599=PLANE('',#2278);
#600=PLANE('',#2279);
#601=PLANE('',#2280);
#602=PLANE('',#2283);
#603=PLANE('',#2284);
#604=PLANE('',#2285);
#605=PLANE('',#2286);
#606=PLANE('',#2287);
#607=PLANE('',#2288);
#608=PLANE('',#2289);
#609=PLANE('',#2290);
#610=PLANE('',#2291);
#611=PLANE('',#2292);
#612=PLANE('',#2293);
#613=PLANE('',#2294);
#614=PLANE('',#2295);
#615=PLANE('',#2296);
#616=PLANE('',#2299);
#617=PLANE('',#2300);
#618=PLANE('',#2301);
#619=PLANE('',#2302);
#620=PLANE('',#2303);
#621=PLANE('',#2304);
#622=PLANE('',#2305);
#623=PLANE('',#2306);
#624=PLANE('',#2307);
#625=PLANE('',#2308);
#626=PLANE('',#2309);
#627=PLANE('',#2310);
#628=PLANE('',#2311);
#629=PLANE('',#2312);
#630=PLANE('',#2313);
#631=PLANE('',#2314);
#632=PLANE('',#2315);
#633=PLANE('',#2316);
#634=PLANE('',#2317);
#635=PLANE('',#2318);
#636=PLANE('',#2319);
#637=PLANE('',#2320);
#638=PLANE('',#2321);
#639=PLANE('',#2322);
#640=PLANE('',#2323);
#641=PLANE('',#2324);
#642=PLANE('',#2325);
#643=PLANE('',#2326);
#644=PLANE('',#2327);
#645=PLANE('',#2328);
#646=PLANE('',#2329);
#647=PLANE('',#2330);
#648=PLANE('',#2331);
#649=PLANE('',#2332);
#650=PLANE('',#2333);
#651=PLANE('',#2334);
#652=PLANE('',#2335);
#653=PLANE('',#2336);
#654=PLANE('',#2337);
#655=PLANE('',#2338);
#656=PLANE('',#2339);
#657=PLANE('',#2340);
#658=PLANE('',#2341);
#659=PLANE('',#2342);
#660=PLANE('',#2343);
#661=PLANE('',#2344);
#662=PLANE('',#2345);
#663=PLANE('',#2346);
#664=PLANE('',#2347);
#665=PLANE('',#2348);
#666=PLANE('',#2349);
#667=PLANE('',#2350);
#668=PLANE('',#2351);
#669=PLANE('',#2352);
#670=PLANE('',#2353);
#671=PLANE('',#2354);
#672=PLANE('',#2357);
#673=PLANE('',#2358);
#674=PLANE('',#2359);
#675=PLANE('',#2360);
#676=PLANE('',#2361);
#677=PLANE('',#2362);
#678=PLANE('',#2363);
#679=PLANE('',#2364);
#680=PLANE('',#2365);
#681=PLANE('',#2366);
#682=FACE_OUTER_BOUND('',#788,.T.);
#683=FACE_OUTER_BOUND('',#789,.T.);
#684=FACE_OUTER_BOUND('',#790,.T.);
#685=FACE_OUTER_BOUND('',#791,.T.);
#686=FACE_OUTER_BOUND('',#792,.T.);
#687=FACE_OUTER_BOUND('',#793,.T.);
#688=FACE_OUTER_BOUND('',#794,.T.);
#689=FACE_OUTER_BOUND('',#795,.T.);
#690=FACE_OUTER_BOUND('',#796,.T.);
#691=FACE_OUTER_BOUND('',#797,.T.);
#692=FACE_OUTER_BOUND('',#798,.T.);
#693=FACE_OUTER_BOUND('',#799,.T.);
#694=FACE_OUTER_BOUND('',#800,.T.);
#695=FACE_OUTER_BOUND('',#802,.T.);
#696=FACE_OUTER_BOUND('',#803,.T.);
#697=FACE_OUTER_BOUND('',#804,.T.);
#698=FACE_OUTER_BOUND('',#806,.T.);
#699=FACE_OUTER_BOUND('',#808,.T.);
#700=FACE_OUTER_BOUND('',#810,.T.);
#701=FACE_OUTER_BOUND('',#811,.T.);
#702=FACE_OUTER_BOUND('',#813,.T.);
#703=FACE_OUTER_BOUND('',#815,.T.);
#704=FACE_OUTER_BOUND('',#816,.T.);
#705=FACE_OUTER_BOUND('',#817,.T.);
#706=FACE_OUTER_BOUND('',#820,.T.);
#707=FACE_OUTER_BOUND('',#821,.T.);
#708=FACE_OUTER_BOUND('',#822,.T.);
#709=FACE_OUTER_BOUND('',#823,.T.);
#710=FACE_OUTER_BOUND('',#824,.T.);
#711=FACE_OUTER_BOUND('',#825,.T.);
#712=FACE_OUTER_BOUND('',#826,.T.);
#713=FACE_OUTER_BOUND('',#827,.T.);
#714=FACE_OUTER_BOUND('',#828,.T.);
#715=FACE_OUTER_BOUND('',#829,.T.);
#716=FACE_OUTER_BOUND('',#830,.T.);
#717=FACE_OUTER_BOUND('',#831,.T.);
#718=FACE_OUTER_BOUND('',#832,.T.);
#719=FACE_OUTER_BOUND('',#833,.T.);
#720=FACE_OUTER_BOUND('',#836,.T.);
#721=FACE_OUTER_BOUND('',#837,.T.);
#722=FACE_OUTER_BOUND('',#838,.T.);
#723=FACE_OUTER_BOUND('',#839,.T.);
#724=FACE_OUTER_BOUND('',#840,.T.);
#725=FACE_OUTER_BOUND('',#841,.T.);
#726=FACE_OUTER_BOUND('',#842,.T.);
#727=FACE_OUTER_BOUND('',#843,.T.);
#728=FACE_OUTER_BOUND('',#844,.T.);
#729=FACE_OUTER_BOUND('',#845,.T.);
#730=FACE_OUTER_BOUND('',#846,.T.);
#731=FACE_OUTER_BOUND('',#847,.T.);
#732=FACE_OUTER_BOUND('',#848,.T.);
#733=FACE_OUTER_BOUND('',#849,.T.);
#734=FACE_OUTER_BOUND('',#850,.T.);
#735=FACE_OUTER_BOUND('',#851,.T.);
#736=FACE_OUTER_BOUND('',#852,.T.);
#737=FACE_OUTER_BOUND('',#853,.T.);
#738=FACE_OUTER_BOUND('',#854,.T.);
#739=FACE_OUTER_BOUND('',#855,.T.);
#740=FACE_OUTER_BOUND('',#856,.T.);
#741=FACE_OUTER_BOUND('',#857,.T.);
#742=FACE_OUTER_BOUND('',#858,.T.);
#743=FACE_OUTER_BOUND('',#859,.T.);
#744=FACE_OUTER_BOUND('',#860,.T.);
#745=FACE_OUTER_BOUND('',#861,.T.);
#746=FACE_OUTER_BOUND('',#862,.T.);
#747=FACE_OUTER_BOUND('',#863,.T.);
#748=FACE_OUTER_BOUND('',#864,.T.);
#749=FACE_OUTER_BOUND('',#865,.T.);
#750=FACE_OUTER_BOUND('',#866,.T.);
#751=FACE_OUTER_BOUND('',#867,.T.);
#752=FACE_OUTER_BOUND('',#868,.T.);
#753=FACE_OUTER_BOUND('',#869,.T.);
#754=FACE_OUTER_BOUND('',#870,.T.);
#755=FACE_OUTER_BOUND('',#871,.T.);
#756=FACE_OUTER_BOUND('',#872,.T.);
#757=FACE_OUTER_BOUND('',#873,.T.);
#758=FACE_OUTER_BOUND('',#874,.T.);
#759=FACE_OUTER_BOUND('',#875,.T.);
#760=FACE_OUTER_BOUND('',#876,.T.);
#761=FACE_OUTER_BOUND('',#877,.T.);
#762=FACE_OUTER_BOUND('',#878,.T.);
#763=FACE_OUTER_BOUND('',#879,.T.);
#764=FACE_OUTER_BOUND('',#880,.T.);
#765=FACE_OUTER_BOUND('',#881,.T.);
#766=FACE_OUTER_BOUND('',#882,.T.);
#767=FACE_OUTER_BOUND('',#883,.T.);
#768=FACE_OUTER_BOUND('',#884,.T.);
#769=FACE_OUTER_BOUND('',#885,.T.);
#770=FACE_OUTER_BOUND('',#886,.T.);
#771=FACE_OUTER_BOUND('',#887,.T.);
#772=FACE_OUTER_BOUND('',#888,.T.);
#773=FACE_OUTER_BOUND('',#889,.T.);
#774=FACE_OUTER_BOUND('',#890,.T.);
#775=FACE_OUTER_BOUND('',#891,.T.);
#776=FACE_OUTER_BOUND('',#892,.T.);
#777=FACE_OUTER_BOUND('',#893,.T.);
#778=FACE_OUTER_BOUND('',#894,.T.);
#779=FACE_OUTER_BOUND('',#895,.T.);
#780=FACE_OUTER_BOUND('',#896,.T.);
#781=FACE_OUTER_BOUND('',#897,.T.);
#782=FACE_OUTER_BOUND('',#898,.T.);
#783=FACE_OUTER_BOUND('',#899,.T.);
#784=FACE_OUTER_BOUND('',#900,.T.);
#785=FACE_OUTER_BOUND('',#901,.T.);
#786=FACE_OUTER_BOUND('',#902,.T.);
#787=FACE_OUTER_BOUND('',#903,.T.);
#788=EDGE_LOOP('',(#1478,#1479,#1480,#1481,#1482,#1483));
#789=EDGE_LOOP('',(#1484,#1485,#1486,#1487,#1488));
#790=EDGE_LOOP('',(#1489,#1490,#1491,#1492));
#791=EDGE_LOOP('',(#1493,#1494,#1495,#1496,#1497));
#792=EDGE_LOOP('',(#1498,#1499,#1500,#1501,#1502));
#793=EDGE_LOOP('',(#1503,#1504,#1505,#1506,#1507,#1508,#1509,#1510,#1511,
#1512,#1513,#1514,#1515));
#794=EDGE_LOOP('',(#1516,#1517,#1518,#1519,#1520));
#795=EDGE_LOOP('',(#1521,#1522,#1523,#1524,#1525,#1526,#1527));
#796=EDGE_LOOP('',(#1528,#1529,#1530,#1531,#1532,#1533,#1534,#1535));
#797=EDGE_LOOP('',(#1536,#1537,#1538,#1539));
#798=EDGE_LOOP('',(#1540,#1541,#1542,#1543));
#799=EDGE_LOOP('',(#1544,#1545,#1546,#1547));
#800=EDGE_LOOP('',(#1548,#1549,#1550,#1551,#1552,#1553));
#801=EDGE_LOOP('',(#1554,#1555,#1556));
#802=EDGE_LOOP('',(#1557,#1558,#1559,#1560));
#803=EDGE_LOOP('',(#1561,#1562,#1563,#1564));
#804=EDGE_LOOP('',(#1565,#1566,#1567,#1568,#1569,#1570));
#805=EDGE_LOOP('',(#1571,#1572,#1573));
#806=EDGE_LOOP('',(#1574,#1575,#1576,#1577,#1578,#1579,#1580,#1581,#1582,
#1583,#1584,#1585,#1586,#1587));
#807=EDGE_LOOP('',(#1588,#1589,#1590,#1591,#1592,#1593,#1594,#1595,#1596,
#1597));
#808=EDGE_LOOP('',(#1598,#1599,#1600,#1601,#1602,#1603,#1604,#1605,#1606,
#1607,#1608,#1609,#1610,#1611));
#809=EDGE_LOOP('',(#1612,#1613,#1614,#1615,#1616,#1617,#1618,#1619,#1620,
#1621));
#810=EDGE_LOOP('',(#1622,#1623,#1624,#1625));
#811=EDGE_LOOP('',(#1626,#1627,#1628,#1629,#1630,#1631,#1632,#1633));
#812=EDGE_LOOP('',(#1634));
#813=EDGE_LOOP('',(#1635,#1636,#1637,#1638,#1639,#1640,#1641,#1642));
#814=EDGE_LOOP('',(#1643));
#815=EDGE_LOOP('',(#1644,#1645,#1646,#1647,#1648,#1649,#1650,#1651));
#816=EDGE_LOOP('',(#1652,#1653,#1654,#1655,#1656,#1657,#1658,#1659,#1660));
#817=EDGE_LOOP('',(#1661,#1662,#1663,#1664,#1665,#1666,#1667,#1668,#1669,
#1670,#1671,#1672,#1673,#1674,#1675,#1676));
#818=EDGE_LOOP('',(#1677));
#819=EDGE_LOOP('',(#1678));
#820=EDGE_LOOP('',(#1679,#1680,#1681,#1682));
#821=EDGE_LOOP('',(#1683,#1684,#1685,#1686,#1687));
#822=EDGE_LOOP('',(#1688,#1689,#1690,#1691,#1692));
#823=EDGE_LOOP('',(#1693,#1694,#1695,#1696,#1697,#1698));
#824=EDGE_LOOP('',(#1699,#1700,#1701,#1702,#1703,#1704,#1705,#1706));
#825=EDGE_LOOP('',(#1707,#1708,#1709,#1710));
#826=EDGE_LOOP('',(#1711,#1712,#1713,#1714));
#827=EDGE_LOOP('',(#1715,#1716,#1717,#1718));
#828=EDGE_LOOP('',(#1719,#1720,#1721,#1722,#1723,#1724,#1725,#1726));
#829=EDGE_LOOP('',(#1727,#1728,#1729,#1730));
#830=EDGE_LOOP('',(#1731,#1732,#1733,#1734));
#831=EDGE_LOOP('',(#1735,#1736,#1737,#1738));
#832=EDGE_LOOP('',(#1739,#1740,#1741,#1742));
#833=EDGE_LOOP('',(#1743,#1744,#1745,#1746,#1747,#1748,#1749,#1750,#1751,
#1752,#1753,#1754,#1755,#1756,#1757,#1758,#1759,#1760,#1761,#1762,#1763,
#1764));
#834=EDGE_LOOP('',(#1765));
#835=EDGE_LOOP('',(#1766));
#836=EDGE_LOOP('',(#1767,#1768,#1769,#1770));
#837=EDGE_LOOP('',(#1771,#1772,#1773,#1774));
#838=EDGE_LOOP('',(#1775,#1776,#1777,#1778,#1779,#1780,#1781,#1782,#1783,
#1784,#1785));
#839=EDGE_LOOP('',(#1786,#1787,#1788,#1789));
#840=EDGE_LOOP('',(#1790,#1791,#1792,#1793,#1794,#1795,#1796,#1797,#1798,
#1799,#1800));
#841=EDGE_LOOP('',(#1801,#1802,#1803,#1804,#1805,#1806));
#842=EDGE_LOOP('',(#1807,#1808,#1809,#1810,#1811));
#843=EDGE_LOOP('',(#1812,#1813,#1814,#1815));
#844=EDGE_LOOP('',(#1816,#1817,#1818,#1819,#1820,#1821));
#845=EDGE_LOOP('',(#1822,#1823,#1824,#1825));
#846=EDGE_LOOP('',(#1826,#1827,#1828,#1829));
#847=EDGE_LOOP('',(#1830,#1831,#1832,#1833));
#848=EDGE_LOOP('',(#1834,#1835,#1836,#1837,#1838,#1839));
#849=EDGE_LOOP('',(#1840,#1841,#1842,#1843,#1844));
#850=EDGE_LOOP('',(#1845,#1846,#1847,#1848,#1849,#1850,#1851,#1852,#1853,
#1854));
#851=EDGE_LOOP('',(#1855,#1856,#1857,#1858,#1859,#1860,#1861,#1862));
#852=EDGE_LOOP('',(#1863,#1864,#1865,#1866,#1867,#1868,#1869,#1870,#1871));
#853=EDGE_LOOP('',(#1872,#1873,#1874,#1875,#1876,#1877,#1878,#1879,#1880,
#1881,#1882));
#854=EDGE_LOOP('',(#1883,#1884,#1885,#1886));
#855=EDGE_LOOP('',(#1887,#1888,#1889,#1890,#1891));
#856=EDGE_LOOP('',(#1892,#1893,#1894,#1895));
#857=EDGE_LOOP('',(#1896,#1897,#1898,#1899,#1900));
#858=EDGE_LOOP('',(#1901,#1902,#1903));
#859=EDGE_LOOP('',(#1904,#1905,#1906,#1907,#1908));
#860=EDGE_LOOP('',(#1909,#1910,#1911,#1912));
#861=EDGE_LOOP('',(#1913,#1914,#1915,#1916));
#862=EDGE_LOOP('',(#1917,#1918,#1919,#1920,#1921,#1922));
#863=EDGE_LOOP('',(#1923,#1924,#1925));
#864=EDGE_LOOP('',(#1926,#1927,#1928,#1929,#1930,#1931,#1932));
#865=EDGE_LOOP('',(#1933,#1934,#1935,#1936));
#866=EDGE_LOOP('',(#1937,#1938,#1939,#1940,#1941));
#867=EDGE_LOOP('',(#1942,#1943,#1944,#1945));
#868=EDGE_LOOP('',(#1946,#1947,#1948,#1949,#1950));
#869=EDGE_LOOP('',(#1951,#1952,#1953));
#870=EDGE_LOOP('',(#1954,#1955,#1956,#1957,#1958));
#871=EDGE_LOOP('',(#1959,#1960,#1961,#1962));
#872=EDGE_LOOP('',(#1963,#1964,#1965,#1966));
#873=EDGE_LOOP('',(#1967,#1968,#1969,#1970,#1971,#1972));
#874=EDGE_LOOP('',(#1973,#1974,#1975));
#875=EDGE_LOOP('',(#1976,#1977,#1978,#1979,#1980,#1981,#1982));
#876=EDGE_LOOP('',(#1983,#1984,#1985,#1986));
#877=EDGE_LOOP('',(#1987,#1988,#1989,#1990));
#878=EDGE_LOOP('',(#1991,#1992,#1993,#1994,#1995,#1996));
#879=EDGE_LOOP('',(#1997,#1998,#1999,#2000,#2001,#2002));
#880=EDGE_LOOP('',(#2003,#2004,#2005,#2006,#2007,#2008,#2009,#2010,#2011,
#2012,#2013));
#881=EDGE_LOOP('',(#2014,#2015,#2016,#2017,#2018));
#882=EDGE_LOOP('',(#2019,#2020,#2021,#2022,#2023,#2024));
#883=EDGE_LOOP('',(#2025,#2026,#2027,#2028));
#884=EDGE_LOOP('',(#2029,#2030,#2031,#2032));
#885=EDGE_LOOP('',(#2033,#2034,#2035,#2036,#2037,#2038,#2039,#2040));
#886=EDGE_LOOP('',(#2041,#2042,#2043,#2044));
#887=EDGE_LOOP('',(#2045,#2046,#2047));
#888=EDGE_LOOP('',(#2048,#2049,#2050));
#889=EDGE_LOOP('',(#2051,#2052,#2053));
#890=EDGE_LOOP('',(#2054,#2055,#2056,#2057));
#891=EDGE_LOOP('',(#2058,#2059,#2060));
#892=EDGE_LOOP('',(#2061,#2062,#2063,#2064,#2065,#2066,#2067,#2068,#2069));
#893=EDGE_LOOP('',(#2070,#2071,#2072,#2073,#2074,#2075,#2076,#2077,#2078));
#894=EDGE_LOOP('',(#2079,#2080,#2081,#2082));
#895=EDGE_LOOP('',(#2083,#2084,#2085,#2086));
#896=EDGE_LOOP('',(#2087,#2088,#2089,#2090));
#897=EDGE_LOOP('',(#2091,#2092,#2093,#2094,#2095));
#898=EDGE_LOOP('',(#2096,#2097,#2098,#2099,#2100));
#899=EDGE_LOOP('',(#2101,#2102,#2103,#2104));
#900=EDGE_LOOP('',(#2105,#2106,#2107,#2108));
#901=EDGE_LOOP('',(#2109,#2110,#2111,#2112));
#902=EDGE_LOOP('',(#2113,#2114,#2115,#2116));
#903=EDGE_LOOP('',(#2117,#2118,#2119,#2120,#2121,#2122,#2123));
#904=B_SPLINE_CURVE_WITH_KNOTS('',3,(#2908,#2909,#2910,#2911,#2912,#2913,
#2914,#2915),.UNSPECIFIED.,.F.,.F.,(4,1,1,1,1,4),(-4.79665531484165,-4.10448426189269,
-3.33829751459832,-2.95520414095113,-2.57211076730394,-2.18901739365676),
 .UNSPECIFIED.);
#905=B_SPLINE_CURVE_WITH_KNOTS('',3,(#2917,#2918,#2919,#2920,#2921,#2922,
#2923),.UNSPECIFIED.,.F.,.F.,(4,3,4),(0.,0.0406857741913567,0.0813552894527608),
 .UNSPECIFIED.);
#906=B_SPLINE_CURVE_WITH_KNOTS('',3,(#2925,#2926,#2927,#2928,#2929,#2930,
#2931),.UNSPECIFIED.,.F.,.F.,(4,1,1,1,4),(2.19858928092777,2.57211076730394,
2.95520414095113,3.33829751459832,3.75163825759289),.UNSPECIFIED.);
#907=B_SPLINE_CURVE_WITH_KNOTS('',3,(#2933,#2934,#2935,#2936,#2937),
 .UNSPECIFIED.,.F.,.F.,(4,1,4),(3.75163825759289,4.10448426189269,4.87067100918707),
 .UNSPECIFIED.);
#908=B_SPLINE_CURVE_WITH_KNOTS('',3,(#2939,#2940,#2941,#2942,#2943,#2944,
#2945,#2946,#2947,#2948,#2949,#2950,#2951),.UNSPECIFIED.,.F.,.F.,(4,3,3,
3,4),(-0.0931149374818925,-0.0528212063655396,-0.0460834967247189,-0.00508623474593563,
0.),.UNSPECIFIED.);
#909=B_SPLINE_CURVE_WITH_KNOTS('',3,(#2952,#2953,#2954,#2955),
 .UNSPECIFIED.,.F.,.F.,(4,4),(0.325783868547986,0.337049929568418),
 .UNSPECIFIED.);
#910=B_SPLINE_CURVE_WITH_KNOTS('',3,(#2985,#2986,#2987,#2988,#2989,#2990,
#2991),.UNSPECIFIED.,.F.,.F.,(4,1,1,1,4),(-1.72907835559728,-1.34598498200332,
-0.579798234815409,0.186388512372502,0.943002872665564),.UNSPECIFIED.);
#911=B_SPLINE_CURVE_WITH_KNOTS('',3,(#2993,#2994,#2995,#2996,#2997,#2998,
#2999),.UNSPECIFIED.,.F.,.F.,(4,1,1,1,4),(-0.952575259171038,-0.186388512372502,
0.579798234815409,1.34598498200332,1.65508489485855),.UNSPECIFIED.);
#912=B_SPLINE_CURVE_WITH_KNOTS('',3,(#3001,#3002,#3003,#3004),
 .UNSPECIFIED.,.F.,.F.,(4,4),(0.,0.0112678285324669),.UNSPECIFIED.);
#913=B_SPLINE_CURVE_WITH_KNOTS('',3,(#3005,#3006,#3007,#3008,#3009,#3010,
#3011),.UNSPECIFIED.,.F.,.F.,(4,3,4),(0.,0.0469813733070923,0.0931370241974239),
 .UNSPECIFIED.);
#914=B_SPLINE_CURVE_WITH_KNOTS('',3,(#3032,#3033,#3034,#3035,#3036),
 .UNSPECIFIED.,.F.,.F.,(4,1,4),(-3.65636237668853,-3.21513118546105,-2.62682293049106),
 .UNSPECIFIED.);
#915=B_SPLINE_CURVE_WITH_KNOTS('',3,(#3037,#3038,#3039,#3040,#3041),
 .UNSPECIFIED.,.F.,.F.,(4,1,4),(2.70810856114881,3.21513118546105,3.5751043004688),
 .UNSPECIFIED.);
#916=B_SPLINE_CURVE_WITH_KNOTS('',3,(#3060,#3061,#3062,#3063,#3064),
 .UNSPECIFIED.,.F.,.F.,(4,1,4),(1.45663263517068,1.82951774820177,2.51665723167771),
 .UNSPECIFIED.);
#917=B_SPLINE_CURVE_WITH_KNOTS('',3,(#3066,#3067,#3068,#3069,#3070),
 .UNSPECIFIED.,.F.,.F.,(4,1,4),(2.93235582851128,3.22667359623843,3.67309252194204),
 .UNSPECIFIED.);
#918=B_SPLINE_CURVE_WITH_KNOTS('',3,(#3072,#3073,#3074,#3075),
 .UNSPECIFIED.,.F.,.F.,(4,4),(1.03386809653423,1.25634839065136),
 .UNSPECIFIED.);
#919=B_SPLINE_CURVE_WITH_KNOTS('',3,(#3077,#3078,#3079,#3080,#3081,#3082,
#3083),.UNSPECIFIED.,.F.,.F.,(4,1,1,1,4),(-0.701820766018957,-0.552350664393325,
0.193419563256591,0.939189790906508,1.68496001855642),.UNSPECIFIED.);
#920=B_SPLINE_CURVE_WITH_KNOTS('',3,(#3087,#3088,#3089,#3090),
 .UNSPECIFIED.,.F.,.F.,(4,4),(2.55569573511594,2.62356423138737),
 .UNSPECIFIED.);
#921=B_SPLINE_CURVE_WITH_KNOTS('',3,(#3091,#3092,#3093,#3094,#3095,#3096),
 .UNSPECIFIED.,.F.,.F.,(4,1,1,4),(2.51665723167771,2.57528797454445,3.32105820088713,
3.74585502981874),.UNSPECIFIED.);
#922=B_SPLINE_CURVE_WITH_KNOTS('',3,(#3127,#3128,#3129,#3130),
 .UNSPECIFIED.,.F.,.F.,(4,4),(0.,0.00570947175283406),.UNSPECIFIED.);
#923=B_SPLINE_CURVE_WITH_KNOTS('',3,(#3132,#3133,#3134,#3135,#3136,#3137,
#3138),.UNSPECIFIED.,.F.,.F.,(4,1,1,1,4),(-1.59456790491169,-0.939189790906508,
-0.193419563256591,0.552350664393325,0.925235778218283),.UNSPECIFIED.);
#924=B_SPLINE_CURVE_WITH_KNOTS('',3,(#3139,#3140,#3141,#3142,#3143,#3144,
#3145,#3146,#3147,#3148,#3149,#3150,#3151,#3152,#3153,#3154),
 .UNSPECIFIED.,.F.,.F.,(4,3,3,3,3,4),(0.,0.0423055296103636,0.0846110592207271,
0.124999041643749,0.163819102556819,0.187385878383639),.UNSPECIFIED.);
#925=B_SPLINE_CURVE_WITH_KNOTS('',3,(#3155,#3156,#3157,#3158,#3159,#3160,
#3161,#3162,#3163,#3164),.UNSPECIFIED.,.F.,.F.,(4,3,3,4),(0.00443884248452862,
0.0301438519596353,0.0750008733432935,0.111787208876373),.UNSPECIFIED.);
#926=B_SPLINE_CURVE_WITH_KNOTS('',3,(#3187,#3188,#3189,#3190,#3191),
 .UNSPECIFIED.,.F.,.F.,(4,1,4),(-3.72796774756845,-3.22667359623843,-2.55521755961113),
 .UNSPECIFIED.);
#927=B_SPLINE_CURVE_WITH_KNOTS('',3,(#3192,#3193,#3194,#3195),
 .UNSPECIFIED.,.F.,.F.,(4,4),(-1.48465581047488,-1.47750759850516),
 .UNSPECIFIED.);
#928=B_SPLINE_CURVE_WITH_KNOTS('',3,(#3197,#3198,#3199,#3200,#3201,#3202,
#3203,#3204,#3205,#3206,#3207,#3208,#3209),.UNSPECIFIED.,.F.,.F.,(4,3,3,
3,4),(-0.107387763352326,-0.0632566511301514,-0.0530622466399952,-0.0072518586315583,
0.),.UNSPECIFIED.);
#929=B_SPLINE_CURVE_WITH_KNOTS('',3,(#3210,#3211,#3212,#3213),
 .UNSPECIFIED.,.F.,.F.,(4,4),(-3.73716009250606,-3.72796774756845),
 .UNSPECIFIED.);
#930=B_SPLINE_CURVE_WITH_KNOTS('',3,(#3243,#3244,#3245,#3246,#3247,#3248),
 .UNSPECIFIED.,.F.,.F.,(4,2,4),(0.61177229441821,0.712537339835011,0.717307560494362),
 .UNSPECIFIED.);
#931=B_SPLINE_CURVE_WITH_KNOTS('',3,(#3250,#3251,#3252,#3253),
 .UNSPECIFIED.,.F.,.F.,(4,4),(0.,0.0819538187699344),.UNSPECIFIED.);
#932=B_SPLINE_CURVE_WITH_KNOTS('',3,(#3255,#3256,#3257,#3258,#3259,#3260,
#3261),.UNSPECIFIED.,.F.,.F.,(4,1,1,1,4),(-4.06682842628613,-3.32105820088713,
-2.57528797454445,-1.82951774820177,-1.54701832764345),.UNSPECIFIED.);
#933=B_SPLINE_CURVE_WITH_KNOTS('',3,(#3262,#3263,#3264,#3265),
 .UNSPECIFIED.,.F.,.F.,(4,4),(-0.138457042283093,-0.132747373574312),
 .UNSPECIFIED.);
#934=B_SPLINE_CURVE_WITH_KNOTS('',3,(#3292,#3293,#3294,#3295,#3296,#3297,
#3298,#3299,#3300,#3301,#3302,#3303,#3304,#3305,#3306,#3307),
 .UNSPECIFIED.,.F.,.F.,(4,2,2,2,2,2,2,4),(0.,0.121552749584801,0.243105499169602,
0.295089949455243,0.347074399740885,0.397696469210366,0.448318538679847,
0.465728226349306),.UNSPECIFIED.);
#935=B_SPLINE_CURVE_WITH_KNOTS('',3,(#3309,#3310,#3311,#3312,#3313,#3314,
#3315,#3316,#3317,#3318,#3319,#3320,#3321,#3322,#3323,#3324,#3325,#3326,
#3327,#3328,#3329,#3330,#3331,#3332,#3333,#3334,#3335,#3336,#3337,#3338,
#3339,#3340,#3341,#3342,#3343,#3344,#3345,#3346,#3347,#3348,#3349,#3350,
#3351,#3352),.UNSPECIFIED.,.F.,.F.,(4,2,2,2,2,2,2,2,2,2,2,2,2,2,2,2,2,2,
2,2,2,4),(0.63339712888831,0.650806816557769,0.70142888602725,0.752050955496731,
0.804035405782372,0.856019856068014,0.977572605652815,1.09912535523762,
1.22067810482242,1.34223085440722,1.39421530469286,1.4461997549785,1.49682182444798,
1.54744389391746,1.64868803285642,1.74993217179539,1.80055424126487,1.85117631073435,
1.90316076101999,1.95514521130563,2.07669796089043,2.19825071047523),
 .UNSPECIFIED.);
#936=B_SPLINE_CURVE_WITH_KNOTS('',3,(#3353,#3354,#3355,#3356,#3357,#3358),
 .UNSPECIFIED.,.F.,.F.,(4,2,4),(0.465728226349306,0.549562677618808,0.63339712888831),
 .UNSPECIFIED.);
#937=B_SPLINE_CURVE_WITH_KNOTS('',3,(#3379,#3380,#3381,#3382,#3383,#3384,
#3385,#3386,#3387,#3388,#3389,#3390,#3391,#3392,#3393,#3394),
 .UNSPECIFIED.,.F.,.F.,(4,2,2,2,2,2,2,4),(0.,0.121552749584801,0.243105499169601,
0.295089949455243,0.347074399740886,0.397696469210366,0.448318538679847,
0.465728226349306),.UNSPECIFIED.);
#938=B_SPLINE_CURVE_WITH_KNOTS('',3,(#3396,#3397,#3398,#3399,#3400,#3401,
#3402,#3403,#3404,#3405,#3406,#3407,#3408,#3409,#3410,#3411,#3412,#3413,
#3414,#3415,#3416,#3417,#3418,#3419,#3420,#3421,#3422,#3423,#3424,#3425,
#3426,#3427,#3428,#3429,#3430,#3431,#3432,#3433,#3434,#3435,#3436,#3437,
#3438,#3439),.UNSPECIFIED.,.F.,.F.,(4,2,2,2,2,2,2,2,2,2,2,2,2,2,2,2,2,2,
2,2,2,4),(0.633397128888311,0.65080681655777,0.701428886027251,0.752050955496731,
0.804035405782374,0.856019856068016,0.977572605652817,1.09912535523762,
1.22067810482242,1.34223085440722,1.39421530469286,1.4461997549785,1.49682182444798,
1.54744389391746,1.64868803285643,1.74993217179539,1.80055424126487,1.85117631073435,
1.90316076101999,1.95514521130563,2.07669796089043,2.19825071047523),
 .UNSPECIFIED.);
#939=B_SPLINE_CURVE_WITH_KNOTS('',3,(#3440,#3441,#3442,#3443,#3444,#3445),
 .UNSPECIFIED.,.F.,.F.,(4,2,4),(0.465728226349306,0.549562677618809,0.633397128888311),
 .UNSPECIFIED.);
#940=VERTEX_POINT('',#2906);
#941=VERTEX_POINT('',#2907);
#942=VERTEX_POINT('',#2916);
#943=VERTEX_POINT('',#2924);
#944=VERTEX_POINT('',#2932);
#945=VERTEX_POINT('',#2938);
#946=VERTEX_POINT('',#2984);
#947=VERTEX_POINT('',#2992);
#948=VERTEX_POINT('',#3000);
#949=VERTEX_POINT('',#3043);
#950=VERTEX_POINT('',#3045);
#951=VERTEX_POINT('',#3047);
#952=VERTEX_POINT('',#3051);
#953=VERTEX_POINT('',#3053);
#954=VERTEX_POINT('',#3057);
#955=VERTEX_POINT('',#3059);
#956=VERTEX_POINT('',#3065);
#957=VERTEX_POINT('',#3071);
#958=VERTEX_POINT('',#3076);
#959=VERTEX_POINT('',#3084);
#960=VERTEX_POINT('',#3086);
#961=VERTEX_POINT('',#3125);
#962=VERTEX_POINT('',#3126);
#963=VERTEX_POINT('',#3131);
#964=VERTEX_POINT('',#3185);
#965=VERTEX_POINT('',#3186);
#966=VERTEX_POINT('',#3196);
#967=VERTEX_POINT('',#3242);
#968=VERTEX_POINT('',#3249);
#969=VERTEX_POINT('',#3254);
#970=VERTEX_POINT('',#3267);
#971=VERTEX_POINT('',#3269);
#972=VERTEX_POINT('',#3273);
#973=VERTEX_POINT('',#3275);
#974=VERTEX_POINT('',#3279);
#975=VERTEX_POINT('',#3283);
#976=VERTEX_POINT('',#3285);
#977=VERTEX_POINT('',#3287);
#978=VERTEX_POINT('',#3290);
#979=VERTEX_POINT('',#3291);
#980=VERTEX_POINT('',#3308);
#981=VERTEX_POINT('',#3360);
#982=VERTEX_POINT('',#3362);
#983=VERTEX_POINT('',#3366);
#984=VERTEX_POINT('',#3370);
#985=VERTEX_POINT('',#3372);
#986=VERTEX_POINT('',#3374);
#987=VERTEX_POINT('',#3377);
#988=VERTEX_POINT('',#3378);
#989=VERTEX_POINT('',#3395);
#990=VERTEX_POINT('',#3447);
#991=VERTEX_POINT('',#3449);
#992=VERTEX_POINT('',#3451);
#993=VERTEX_POINT('',#3453);
#994=VERTEX_POINT('',#3455);
#995=VERTEX_POINT('',#3457);
#996=VERTEX_POINT('',#3459);
#997=VERTEX_POINT('',#3461);
#998=VERTEX_POINT('',#3463);
#999=VERTEX_POINT('',#3465);
#1000=VERTEX_POINT('',#3467);
#1001=VERTEX_POINT('',#3469);
#1002=VERTEX_POINT('',#3472);
#1003=VERTEX_POINT('',#3473);
#1004=VERTEX_POINT('',#3475);
#1005=VERTEX_POINT('',#3477);
#1006=VERTEX_POINT('',#3479);
#1007=VERTEX_POINT('',#3481);
#1008=VERTEX_POINT('',#3483);
#1009=VERTEX_POINT('',#3485);
#1010=VERTEX_POINT('',#3487);
#1011=VERTEX_POINT('',#3489);
#1012=VERTEX_POINT('',#3493);
#1013=VERTEX_POINT('',#3495);
#1014=VERTEX_POINT('',#3497);
#1015=VERTEX_POINT('',#3499);
#1016=VERTEX_POINT('',#3501);
#1017=VERTEX_POINT('',#3503);
#1018=VERTEX_POINT('',#3505);
#1019=VERTEX_POINT('',#3507);
#1020=VERTEX_POINT('',#3509);
#1021=VERTEX_POINT('',#3511);
#1022=VERTEX_POINT('',#3513);
#1023=VERTEX_POINT('',#3515);
#1024=VERTEX_POINT('',#3518);
#1025=VERTEX_POINT('',#3519);
#1026=VERTEX_POINT('',#3521);
#1027=VERTEX_POINT('',#3523);
#1028=VERTEX_POINT('',#3525);
#1029=VERTEX_POINT('',#3527);
#1030=VERTEX_POINT('',#3529);
#1031=VERTEX_POINT('',#3531);
#1032=VERTEX_POINT('',#3533);
#1033=VERTEX_POINT('',#3535);
#1034=VERTEX_POINT('',#3539);
#1035=VERTEX_POINT('',#3541);
#1036=VERTEX_POINT('',#3545);
#1037=VERTEX_POINT('',#3546);
#1038=VERTEX_POINT('',#3548);
#1039=VERTEX_POINT('',#3550);
#1040=VERTEX_POINT('',#3552);
#1041=VERTEX_POINT('',#3554);
#1042=VERTEX_POINT('',#3556);
#1043=VERTEX_POINT('',#3558);
#1044=VERTEX_POINT('',#3562);
#1045=VERTEX_POINT('',#3563);
#1046=VERTEX_POINT('',#3565);
#1047=VERTEX_POINT('',#3567);
#1048=VERTEX_POINT('',#3569);
#1049=VERTEX_POINT('',#3571);
#1050=VERTEX_POINT('',#3573);
#1051=VERTEX_POINT('',#3575);
#1052=VERTEX_POINT('',#3579);
#1053=VERTEX_POINT('',#3581);
#1054=VERTEX_POINT('',#3583);
#1055=VERTEX_POINT('',#3585);
#1056=VERTEX_POINT('',#3587);
#1057=VERTEX_POINT('',#3591);
#1058=VERTEX_POINT('',#3593);
#1059=VERTEX_POINT('',#3595);
#1060=VERTEX_POINT('',#3599);
#1061=VERTEX_POINT('',#3600);
#1062=VERTEX_POINT('',#3603);
#1063=VERTEX_POINT('',#3605);
#1064=VERTEX_POINT('',#3608);
#1065=VERTEX_POINT('',#3611);
#1066=VERTEX_POINT('',#3613);
#1067=VERTEX_POINT('',#3616);
#1068=VERTEX_POINT('',#3619);
#1069=VERTEX_POINT('',#3621);
#1070=VERTEX_POINT('',#3624);
#1071=VERTEX_POINT('',#3626);
#1072=VERTEX_POINT('',#3630);
#1073=VERTEX_POINT('',#3640);
#1074=VERTEX_POINT('',#3642);
#1075=VERTEX_POINT('',#3644);
#1076=VERTEX_POINT('',#3646);
#1077=VERTEX_POINT('',#3648);
#1078=VERTEX_POINT('',#3652);
#1079=VERTEX_POINT('',#3656);
#1080=VERTEX_POINT('',#3660);
#1081=VERTEX_POINT('',#3664);
#1082=VERTEX_POINT('',#3666);
#1083=VERTEX_POINT('',#3668);
#1084=VERTEX_POINT('',#3670);
#1085=VERTEX_POINT('',#3672);
#1086=VERTEX_POINT('',#3676);
#1087=VERTEX_POINT('',#3678);
#1088=VERTEX_POINT('',#3682);
#1089=VERTEX_POINT('',#3686);
#1090=VERTEX_POINT('',#3690);
#1091=VERTEX_POINT('',#3694);
#1092=VERTEX_POINT('',#3696);
#1093=VERTEX_POINT('',#3698);
#1094=VERTEX_POINT('',#3700);
#1095=VERTEX_POINT('',#3702);
#1096=VERTEX_POINT('',#3706);
#1097=VERTEX_POINT('',#3708);
#1098=VERTEX_POINT('',#3710);
#1099=VERTEX_POINT('',#3712);
#1100=VERTEX_POINT('',#3714);
#1101=VERTEX_POINT('',#3717);
#1102=VERTEX_POINT('',#3720);
#1103=VERTEX_POINT('',#3722);
#1104=VERTEX_POINT('',#3725);
#1105=VERTEX_POINT('',#3736);
#1106=VERTEX_POINT('',#3738);
#1107=VERTEX_POINT('',#3747);
#1108=VERTEX_POINT('',#3749);
#1109=VERTEX_POINT('',#3760);
#1110=VERTEX_POINT('',#3762);
#1111=VERTEX_POINT('',#3766);
#1112=VERTEX_POINT('',#3770);
#1113=VERTEX_POINT('',#3773);
#1114=VERTEX_POINT('',#3776);
#1115=VERTEX_POINT('',#3781);
#1116=VERTEX_POINT('',#3783);
#1117=VERTEX_POINT('',#3785);
#1118=VERTEX_POINT('',#3787);
#1119=VERTEX_POINT('',#3792);
#1120=VERTEX_POINT('',#3794);
#1121=VERTEX_POINT('',#3798);
#1122=VERTEX_POINT('',#3800);
#1123=VERTEX_POINT('',#3804);
#1124=VERTEX_POINT('',#3808);
#1125=VERTEX_POINT('',#3810);
#1126=VERTEX_POINT('',#3816);
#1127=VERTEX_POINT('',#3820);
#1128=VERTEX_POINT('',#3824);
#1129=VERTEX_POINT('',#3833);
#1130=VERTEX_POINT('',#3835);
#1131=VERTEX_POINT('',#3839);
#1132=VERTEX_POINT('',#3841);
#1133=VERTEX_POINT('',#3845);
#1134=VERTEX_POINT('',#3849);
#1135=VERTEX_POINT('',#3851);
#1136=VERTEX_POINT('',#3857);
#1137=VERTEX_POINT('',#3861);
#1138=VERTEX_POINT('',#3865);
#1139=VERTEX_POINT('',#3877);
#1140=VERTEX_POINT('',#3878);
#1141=VERTEX_POINT('',#3884);
#1142=VERTEX_POINT('',#3885);
#1143=VERTEX_POINT('',#3888);
#1144=VERTEX_POINT('',#3890);
#1145=VERTEX_POINT('',#3895);
#1146=VERTEX_POINT('',#3902);
#1147=VERTEX_POINT('',#3904);
#1148=VERTEX_POINT('',#3912);
#1149=VERTEX_POINT('',#3914);
#1150=VERTEX_POINT('',#3936);
#1151=VERTEX_POINT('',#3940);
#1152=VERTEX_POINT('',#3944);
#1153=VERTEX_POINT('',#3948);
#1154=VERTEX_POINT('',#3952);
#1155=EDGE_CURVE('',#940,#941,#904,.T.);
#1156=EDGE_CURVE('',#941,#942,#905,.T.);
#1157=EDGE_CURVE('',#942,#943,#906,.T.);
#1158=EDGE_CURVE('',#943,#944,#907,.T.);
#1159=EDGE_CURVE('',#944,#945,#908,.T.);
#1160=EDGE_CURVE('',#945,#940,#909,.T.);
#1161=EDGE_CURVE('',#946,#942,#910,.T.);
#1162=EDGE_CURVE('',#941,#947,#911,.T.);
#1163=EDGE_CURVE('',#947,#948,#912,.T.);
#1164=EDGE_CURVE('',#946,#948,#913,.T.);
#1165=EDGE_CURVE('',#948,#945,#914,.T.);
#1166=EDGE_CURVE('',#944,#946,#915,.T.);
#1167=EDGE_CURVE('',#949,#941,#51,.F.);
#1168=EDGE_CURVE('',#949,#950,#52,.T.);
#1169=EDGE_CURVE('',#951,#950,#53,.T.);
#1170=EDGE_CURVE('',#947,#951,#54,.T.);
#1171=EDGE_CURVE('',#940,#952,#55,.F.);
#1172=EDGE_CURVE('',#953,#952,#56,.T.);
#1173=EDGE_CURVE('',#949,#953,#57,.F.);
#1174=EDGE_CURVE('',#943,#954,#58,.T.);
#1175=EDGE_CURVE('',#955,#954,#916,.T.);
#1176=EDGE_CURVE('',#956,#955,#917,.T.);
#1177=EDGE_CURVE('',#957,#956,#918,.T.);
#1178=EDGE_CURVE('',#958,#957,#919,.T.);
#1179=EDGE_CURVE('',#959,#958,#39,.T.);
#1180=EDGE_CURVE('',#960,#959,#920,.T.);
#1181=EDGE_CURVE('',#954,#960,#921,.T.);
#1182=EDGE_CURVE('',#961,#962,#922,.F.);
#1183=EDGE_CURVE('',#962,#963,#923,.T.);
#1184=EDGE_CURVE('',#963,#958,#924,.F.);
#1185=EDGE_CURVE('',#957,#961,#925,.F.);
#1186=EDGE_CURVE('',#964,#965,#926,.T.);
#1187=EDGE_CURVE('',#961,#965,#927,.T.);
#1188=EDGE_CURVE('',#955,#966,#928,.T.);
#1189=EDGE_CURVE('',#966,#964,#929,.T.);
#1190=EDGE_CURVE('',#959,#967,#930,.F.);
#1191=EDGE_CURVE('',#968,#967,#931,.T.);
#1192=EDGE_CURVE('',#968,#969,#932,.T.);
#1193=EDGE_CURVE('',#969,#966,#933,.T.);
#1194=EDGE_CURVE('',#968,#970,#59,.F.);
#1195=EDGE_CURVE('',#971,#970,#60,.T.);
#1196=EDGE_CURVE('',#969,#971,#61,.T.);
#1197=EDGE_CURVE('',#972,#972,#25,.T.);
#1198=EDGE_CURVE('',#972,#973,#62,.T.);
#1199=EDGE_CURVE('',#973,#973,#26,.T.);
#1200=EDGE_CURVE('',#974,#974,#27,.T.);
#1201=EDGE_CURVE('',#974,#973,#63,.T.);
#1202=EDGE_CURVE('',#972,#975,#64,.T.);
#1203=EDGE_CURVE('',#976,#975,#40,.T.);
#1204=EDGE_CURVE('',#977,#976,#28,.T.);
#1205=EDGE_CURVE('',#975,#977,#41,.T.);
#1206=EDGE_CURVE('',#978,#979,#934,.T.);
#1207=EDGE_CURVE('',#980,#978,#935,.T.);
#1208=EDGE_CURVE('',#979,#980,#936,.T.);
#1209=EDGE_CURVE('',#981,#981,#29,.T.);
#1210=EDGE_CURVE('',#981,#982,#65,.T.);
#1211=EDGE_CURVE('',#982,#982,#30,.T.);
#1212=EDGE_CURVE('',#983,#983,#31,.T.);
#1213=EDGE_CURVE('',#983,#981,#66,.T.);
#1214=EDGE_CURVE('',#982,#984,#67,.T.);
#1215=EDGE_CURVE('',#985,#984,#42,.T.);
#1216=EDGE_CURVE('',#986,#985,#32,.T.);
#1217=EDGE_CURVE('',#984,#986,#43,.T.);
#1218=EDGE_CURVE('',#987,#988,#937,.T.);
#1219=EDGE_CURVE('',#989,#987,#938,.T.);
#1220=EDGE_CURVE('',#988,#989,#939,.T.);
#1221=EDGE_CURVE('',#990,#976,#68,.T.);
#1222=EDGE_CURVE('',#990,#991,#69,.T.);
#1223=EDGE_CURVE('',#991,#992,#70,.T.);
#1224=EDGE_CURVE('',#992,#993,#71,.T.);
#1225=EDGE_CURVE('',#993,#994,#72,.T.);
#1226=EDGE_CURVE('',#994,#995,#73,.T.);
#1227=EDGE_CURVE('',#995,#996,#74,.T.);
#1228=EDGE_CURVE('',#996,#997,#75,.T.);
#1229=EDGE_CURVE('',#998,#997,#76,.T.);
#1230=EDGE_CURVE('',#998,#999,#77,.T.);
#1231=EDGE_CURVE('',#999,#1000,#78,.T.);
#1232=EDGE_CURVE('',#1000,#1001,#79,.T.);
#1233=EDGE_CURVE('',#977,#1001,#80,.T.);
#1234=EDGE_CURVE('',#1002,#1003,#81,.T.);
#1235=EDGE_CURVE('',#1003,#1004,#82,.T.);
#1236=EDGE_CURVE('',#1004,#1005,#83,.T.);
#1237=EDGE_CURVE('',#1005,#1006,#84,.T.);
#1238=EDGE_CURVE('',#1006,#1007,#85,.T.);
#1239=EDGE_CURVE('',#1007,#1008,#86,.T.);
#1240=EDGE_CURVE('',#1008,#1009,#87,.T.);
#1241=EDGE_CURVE('',#1009,#1010,#88,.T.);
#1242=EDGE_CURVE('',#1010,#1011,#89,.T.);
#1243=EDGE_CURVE('',#1011,#1002,#90,.T.);
#1244=EDGE_CURVE('',#1012,#985,#91,.T.);
#1245=EDGE_CURVE('',#1012,#1013,#92,.T.);
#1246=EDGE_CURVE('',#1013,#1014,#93,.T.);
#1247=EDGE_CURVE('',#1014,#1015,#94,.T.);
#1248=EDGE_CURVE('',#1016,#1015,#95,.T.);
#1249=EDGE_CURVE('',#1016,#1017,#96,.T.);
#1250=EDGE_CURVE('',#1017,#1018,#97,.T.);
#1251=EDGE_CURVE('',#1018,#1019,#98,.T.);
#1252=EDGE_CURVE('',#1019,#1020,#99,.T.);
#1253=EDGE_CURVE('',#1020,#1021,#100,.T.);
#1254=EDGE_CURVE('',#1022,#1021,#101,.T.);
#1255=EDGE_CURVE('',#1022,#1023,#102,.T.);
#1256=EDGE_CURVE('',#986,#1023,#103,.T.);
#1257=EDGE_CURVE('',#1024,#1025,#104,.T.);
#1258=EDGE_CURVE('',#1025,#1026,#105,.T.);
#1259=EDGE_CURVE('',#1026,#1027,#106,.T.);
#1260=EDGE_CURVE('',#1027,#1028,#107,.T.);
#1261=EDGE_CURVE('',#1028,#1029,#108,.T.);
#1262=EDGE_CURVE('',#1029,#1030,#109,.T.);
#1263=EDGE_CURVE('',#1030,#1031,#110,.T.);
#1264=EDGE_CURVE('',#1031,#1032,#111,.T.);
#1265=EDGE_CURVE('',#1032,#1033,#112,.T.);
#1266=EDGE_CURVE('',#1033,#1024,#113,.T.);
#1267=EDGE_CURVE('',#962,#1034,#114,.F.);
#1268=EDGE_CURVE('',#1035,#1034,#115,.T.);
#1269=EDGE_CURVE('',#963,#1035,#116,.T.);
#1270=EDGE_CURVE('',#1036,#1037,#117,.T.);
#1271=EDGE_CURVE('',#1038,#1037,#118,.T.);
#1272=EDGE_CURVE('',#1039,#1038,#119,.T.);
#1273=EDGE_CURVE('',#1040,#1039,#120,.T.);
#1274=EDGE_CURVE('',#1040,#1041,#121,.F.);
#1275=EDGE_CURVE('',#1041,#1042,#122,.T.);
#1276=EDGE_CURVE('',#1042,#1043,#123,.T.);
#1277=EDGE_CURVE('',#1043,#1036,#124,.F.);
#1278=EDGE_CURVE('',#1044,#1045,#125,.T.);
#1279=EDGE_CURVE('',#1046,#1044,#126,.T.);
#1280=EDGE_CURVE('',#1046,#1047,#127,.T.);
#1281=EDGE_CURVE('',#1047,#1048,#128,.F.);
#1282=EDGE_CURVE('',#1048,#1049,#129,.T.);
#1283=EDGE_CURVE('',#1049,#1050,#130,.T.);
#1284=EDGE_CURVE('',#1051,#1050,#131,.T.);
#1285=EDGE_CURVE('',#1045,#1051,#132,.T.);
#1286=EDGE_CURVE('',#1052,#953,#133,.T.);
#1287=EDGE_CURVE('',#1053,#1052,#134,.T.);
#1288=EDGE_CURVE('',#1054,#1053,#135,.T.);
#1289=EDGE_CURVE('',#1055,#1054,#136,.T.);
#1290=EDGE_CURVE('',#1056,#1055,#137,.T.);
#1291=EDGE_CURVE('',#950,#1056,#138,.T.);
#1292=EDGE_CURVE('',#1057,#951,#139,.T.);
#1293=EDGE_CURVE('',#1058,#1057,#140,.T.);
#1294=EDGE_CURVE('',#1059,#1058,#141,.T.);
#1295=EDGE_CURVE('',#952,#1059,#142,.T.);
#1296=EDGE_CURVE('',#1060,#1061,#143,.T.);
#1297=EDGE_CURVE('',#1061,#1013,#144,.T.);
#1298=EDGE_CURVE('',#1062,#1012,#145,.T.);
#1299=EDGE_CURVE('',#1063,#1062,#146,.T.);
#1300=EDGE_CURVE('',#1045,#1063,#147,.T.);
#1301=EDGE_CURVE('',#1051,#1064,#148,.T.);
#1302=EDGE_CURVE('',#1064,#1040,#149,.T.);
#1303=EDGE_CURVE('',#1065,#1039,#150,.T.);
#1304=EDGE_CURVE('',#1066,#1065,#151,.T.);
#1305=EDGE_CURVE('',#1001,#1066,#152,.T.);
#1306=EDGE_CURVE('',#1067,#1000,#153,.T.);
#1307=EDGE_CURVE('',#1060,#1067,#154,.T.);
#1308=EDGE_CURVE('',#1068,#1068,#33,.T.);
#1309=EDGE_CURVE('',#1069,#1069,#34,.T.);
#1310=EDGE_CURVE('',#1060,#1070,#155,.T.);
#1311=EDGE_CURVE('',#1071,#1070,#156,.T.);
#1312=EDGE_CURVE('',#1061,#1071,#157,.T.);
#1313=EDGE_CURVE('',#1072,#1058,#158,.T.);
#1314=EDGE_CURVE('',#1050,#1072,#159,.T.);
#1315=EDGE_CURVE('',#1049,#1059,#160,.T.);
#1316=EDGE_CURVE('',#1042,#1057,#161,.F.);
#1317=EDGE_CURVE('',#1072,#1041,#162,.T.);
#1318=EDGE_CURVE('',#1043,#1056,#163,.T.);
#1319=EDGE_CURVE('',#1038,#1073,#164,.T.);
#1320=EDGE_CURVE('',#1073,#1074,#165,.T.);
#1321=EDGE_CURVE('',#1074,#1075,#166,.T.);
#1322=EDGE_CURVE('',#1075,#1076,#167,.T.);
#1323=EDGE_CURVE('',#1076,#1077,#168,.T.);
#1324=EDGE_CURVE('',#1077,#1065,#169,.T.);
#1325=EDGE_CURVE('',#1078,#1077,#170,.T.);
#1326=EDGE_CURVE('',#1066,#1078,#171,.T.);
#1327=EDGE_CURVE('',#1079,#1076,#172,.T.);
#1328=EDGE_CURVE('',#1078,#1079,#173,.T.);
#1329=EDGE_CURVE('',#1080,#1075,#174,.T.);
#1330=EDGE_CURVE('',#1079,#1080,#175,.T.);
#1331=EDGE_CURVE('',#1063,#1081,#176,.T.);
#1332=EDGE_CURVE('',#1081,#1082,#177,.T.);
#1333=EDGE_CURVE('',#1082,#1083,#178,.T.);
#1334=EDGE_CURVE('',#1083,#1084,#179,.T.);
#1335=EDGE_CURVE('',#1084,#1085,#180,.T.);
#1336=EDGE_CURVE('',#1085,#1044,#181,.T.);
#1337=EDGE_CURVE('',#1084,#1086,#182,.T.);
#1338=EDGE_CURVE('',#1087,#1086,#183,.T.);
#1339=EDGE_CURVE('',#1085,#1087,#184,.T.);
#1340=EDGE_CURVE('',#1083,#1088,#185,.T.);
#1341=EDGE_CURVE('',#1086,#1088,#186,.T.);
#1342=EDGE_CURVE('',#1082,#1089,#187,.T.);
#1343=EDGE_CURVE('',#1088,#1089,#188,.T.);
#1344=EDGE_CURVE('',#1081,#1090,#189,.T.);
#1345=EDGE_CURVE('',#1089,#1090,#190,.T.);
#1346=EDGE_CURVE('',#1037,#1091,#191,.T.);
#1347=EDGE_CURVE('',#1091,#1092,#192,.T.);
#1348=EDGE_CURVE('',#1092,#1093,#193,.T.);
#1349=EDGE_CURVE('',#1093,#1094,#194,.T.);
#1350=EDGE_CURVE('',#1094,#1095,#195,.T.);
#1351=EDGE_CURVE('',#1095,#1046,#196,.T.);
#1352=EDGE_CURVE('',#1023,#1087,#197,.T.);
#1353=EDGE_CURVE('',#1096,#1022,#198,.T.);
#1354=EDGE_CURVE('',#1097,#1096,#199,.T.);
#1355=EDGE_CURVE('',#1098,#1097,#200,.T.);
#1356=EDGE_CURVE('',#1098,#1099,#201,.F.);
#1357=EDGE_CURVE('',#1099,#1100,#202,.F.);
#1358=EDGE_CURVE('',#1100,#991,#203,.F.);
#1359=EDGE_CURVE('',#1101,#990,#204,.T.);
#1360=EDGE_CURVE('',#1101,#1073,#205,.T.);
#1361=EDGE_CURVE('',#1102,#1102,#35,.T.);
#1362=EDGE_CURVE('',#1103,#1103,#36,.T.);
#1363=EDGE_CURVE('',#1104,#1074,#206,.T.);
#1364=EDGE_CURVE('',#1080,#1104,#207,.T.);
#1365=EDGE_CURVE('',#1104,#1101,#208,.T.);
#1366=EDGE_CURVE('',#1090,#1062,#209,.T.);
#1367=EDGE_CURVE('',#1048,#1052,#210,.F.);
#1368=EDGE_CURVE('',#1105,#1047,#211,.T.);
#1369=EDGE_CURVE('',#1105,#1106,#212,.T.);
#1370=EDGE_CURVE('',#1053,#1106,#213,.T.);
#1371=EDGE_CURVE('',#1094,#1106,#214,.T.);
#1372=EDGE_CURVE('',#1093,#1054,#215,.T.);
#1373=EDGE_CURVE('',#1095,#1105,#216,.F.);
#1374=EDGE_CURVE('',#1107,#1055,#217,.T.);
#1375=EDGE_CURVE('',#1107,#1108,#218,.T.);
#1376=EDGE_CURVE('',#1036,#1108,#219,.T.);
#1377=EDGE_CURVE('',#1091,#1108,#220,.T.);
#1378=EDGE_CURVE('',#1092,#1107,#221,.T.);
#1379=EDGE_CURVE('',#1109,#971,#222,.T.);
#1380=EDGE_CURVE('',#1110,#1109,#223,.T.);
#1381=EDGE_CURVE('',#1034,#1110,#224,.T.);
#1382=EDGE_CURVE('',#1111,#1035,#225,.T.);
#1383=EDGE_CURVE('',#970,#1111,#226,.T.);
#1384=EDGE_CURVE('',#1070,#1112,#227,.T.);
#1385=EDGE_CURVE('',#1112,#999,#228,.T.);
#1386=EDGE_CURVE('',#999,#1113,#229,.T.);
#1387=EDGE_CURVE('',#1110,#1113,#230,.T.);
#1388=EDGE_CURVE('',#1114,#1109,#231,.T.);
#1389=EDGE_CURVE('',#1114,#1014,#232,.T.);
#1390=EDGE_CURVE('',#1014,#1071,#233,.T.);
#1391=EDGE_CURVE('',#1111,#1115,#234,.T.);
#1392=EDGE_CURVE('',#1115,#1116,#235,.T.);
#1393=EDGE_CURVE('',#1116,#1117,#236,.T.);
#1394=EDGE_CURVE('',#1117,#1118,#237,.T.);
#1395=EDGE_CURVE('',#1118,#1016,#238,.T.);
#1396=EDGE_CURVE('',#1015,#1114,#239,.T.);
#1397=EDGE_CURVE('',#1003,#1119,#240,.T.);
#1398=EDGE_CURVE('',#1002,#1120,#241,.T.);
#1399=EDGE_CURVE('',#1120,#1119,#242,.T.);
#1400=EDGE_CURVE('',#1004,#1121,#243,.T.);
#1401=EDGE_CURVE('',#1119,#1122,#244,.T.);
#1402=EDGE_CURVE('',#1122,#1121,#245,.T.);
#1403=EDGE_CURVE('',#1005,#1123,#246,.T.);
#1404=EDGE_CURVE('',#1121,#1123,#247,.T.);
#1405=EDGE_CURVE('',#1006,#1124,#248,.T.);
#1406=EDGE_CURVE('',#1123,#1125,#249,.T.);
#1407=EDGE_CURVE('',#1124,#1125,#250,.T.);
#1408=EDGE_CURVE('',#1007,#1124,#251,.T.);
#1409=EDGE_CURVE('',#1008,#1126,#252,.T.);
#1410=EDGE_CURVE('',#1125,#1126,#253,.T.);
#1411=EDGE_CURVE('',#1009,#1127,#254,.T.);
#1412=EDGE_CURVE('',#1126,#1127,#255,.T.);
#1413=EDGE_CURVE('',#1010,#1128,#256,.T.);
#1414=EDGE_CURVE('',#1127,#1128,#257,.T.);
#1415=EDGE_CURVE('',#1011,#1120,#258,.T.);
#1416=EDGE_CURVE('',#1128,#1122,#259,.T.);
#1417=EDGE_CURVE('',#1024,#1129,#260,.T.);
#1418=EDGE_CURVE('',#1130,#1129,#261,.T.);
#1419=EDGE_CURVE('',#1025,#1130,#262,.T.);
#1420=EDGE_CURVE('',#1033,#1131,#263,.T.);
#1421=EDGE_CURVE('',#1132,#1131,#264,.T.);
#1422=EDGE_CURVE('',#1129,#1132,#265,.T.);
#1423=EDGE_CURVE('',#1032,#1133,#266,.T.);
#1424=EDGE_CURVE('',#1131,#1133,#267,.T.);
#1425=EDGE_CURVE('',#1031,#1134,#268,.T.);
#1426=EDGE_CURVE('',#1134,#1135,#269,.T.);
#1427=EDGE_CURVE('',#1133,#1135,#270,.T.);
#1428=EDGE_CURVE('',#1030,#1134,#271,.T.);
#1429=EDGE_CURVE('',#1029,#1136,#272,.T.);
#1430=EDGE_CURVE('',#1135,#1136,#273,.T.);
#1431=EDGE_CURVE('',#1028,#1137,#274,.T.);
#1432=EDGE_CURVE('',#1136,#1137,#275,.T.);
#1433=EDGE_CURVE('',#1027,#1138,#276,.T.);
#1434=EDGE_CURVE('',#1137,#1138,#277,.T.);
#1435=EDGE_CURVE('',#1026,#1130,#278,.T.);
#1436=EDGE_CURVE('',#1138,#1132,#279,.T.);
#1437=EDGE_CURVE('',#1064,#1072,#280,.T.);
#1438=EDGE_CURVE('',#1139,#1140,#281,.T.);
#1439=EDGE_CURVE('',#1019,#1139,#282,.T.);
#1440=EDGE_CURVE('',#1117,#1018,#283,.T.);
#1441=EDGE_CURVE('',#1140,#1116,#284,.T.);
#1442=EDGE_CURVE('',#1141,#1142,#285,.T.);
#1443=EDGE_CURVE('',#995,#1141,#286,.T.);
#1444=EDGE_CURVE('',#1143,#994,#287,.T.);
#1445=EDGE_CURVE('',#1144,#1143,#288,.T.);
#1446=EDGE_CURVE('',#1142,#1144,#289,.T.);
#1447=EDGE_CURVE('',#1113,#998,#290,.T.);
#1448=EDGE_CURVE('',#997,#1145,#291,.T.);
#1449=EDGE_CURVE('',#1145,#1141,#292,.T.);
#1450=EDGE_CURVE('',#1142,#1115,#293,.T.);
#1451=EDGE_CURVE('',#1144,#1140,#294,.T.);
#1452=EDGE_CURVE('',#1143,#1146,#295,.T.);
#1453=EDGE_CURVE('',#1147,#1146,#296,.T.);
#1454=EDGE_CURVE('',#1147,#1139,#297,.T.);
#1455=EDGE_CURVE('',#1146,#993,#298,.T.);
#1456=EDGE_CURVE('',#1020,#1147,#299,.T.);
#1457=EDGE_CURVE('',#992,#1148,#300,.T.);
#1458=EDGE_CURVE('',#1148,#1149,#301,.T.);
#1459=EDGE_CURVE('',#1149,#1021,#302,.T.);
#1460=EDGE_CURVE('',#1145,#996,#303,.T.);
#1461=EDGE_CURVE('',#1118,#1017,#304,.T.);
#1462=EDGE_CURVE('',#1103,#979,#305,.T.);
#1463=EDGE_CURVE('',#980,#1069,#306,.T.);
#1464=EDGE_CURVE('',#1102,#988,#307,.T.);
#1465=EDGE_CURVE('',#989,#1068,#308,.T.);
#1466=EDGE_CURVE('',#1067,#1112,#309,.T.);
#1467=EDGE_CURVE('',#1149,#1150,#310,.F.);
#1468=EDGE_CURVE('',#1096,#1150,#311,.T.);
#1469=EDGE_CURVE('',#1100,#1151,#312,.T.);
#1470=EDGE_CURVE('',#1151,#1148,#313,.F.);
#1471=EDGE_CURVE('',#1099,#1152,#314,.F.);
#1472=EDGE_CURVE('',#1152,#1151,#315,.F.);
#1473=EDGE_CURVE('',#1098,#1153,#316,.F.);
#1474=EDGE_CURVE('',#1153,#1152,#317,.F.);
#1475=EDGE_CURVE('',#1097,#1154,#318,.F.);
#1476=EDGE_CURVE('',#1154,#1153,#319,.F.);
#1477=EDGE_CURVE('',#1150,#1154,#320,.F.);
#1478=ORIENTED_EDGE('',*,*,#1155,.T.);
#1479=ORIENTED_EDGE('',*,*,#1156,.T.);
#1480=ORIENTED_EDGE('',*,*,#1157,.T.);
#1481=ORIENTED_EDGE('',*,*,#1158,.T.);
#1482=ORIENTED_EDGE('',*,*,#1159,.T.);
#1483=ORIENTED_EDGE('',*,*,#1160,.T.);
#1484=ORIENTED_EDGE('',*,*,#1161,.T.);
#1485=ORIENTED_EDGE('',*,*,#1156,.F.);
#1486=ORIENTED_EDGE('',*,*,#1162,.T.);
#1487=ORIENTED_EDGE('',*,*,#1163,.T.);
#1488=ORIENTED_EDGE('',*,*,#1164,.F.);
#1489=ORIENTED_EDGE('',*,*,#1165,.T.);
#1490=ORIENTED_EDGE('',*,*,#1159,.F.);
#1491=ORIENTED_EDGE('',*,*,#1166,.T.);
#1492=ORIENTED_EDGE('',*,*,#1164,.T.);
#1493=ORIENTED_EDGE('',*,*,#1162,.F.);
#1494=ORIENTED_EDGE('',*,*,#1167,.F.);
#1495=ORIENTED_EDGE('',*,*,#1168,.T.);
#1496=ORIENTED_EDGE('',*,*,#1169,.F.);
#1497=ORIENTED_EDGE('',*,*,#1170,.F.);
#1498=ORIENTED_EDGE('',*,*,#1155,.F.);
#1499=ORIENTED_EDGE('',*,*,#1171,.T.);
#1500=ORIENTED_EDGE('',*,*,#1172,.F.);
#1501=ORIENTED_EDGE('',*,*,#1173,.F.);
#1502=ORIENTED_EDGE('',*,*,#1167,.T.);
#1503=ORIENTED_EDGE('',*,*,#1157,.F.);
#1504=ORIENTED_EDGE('',*,*,#1161,.F.);
#1505=ORIENTED_EDGE('',*,*,#1166,.F.);
#1506=ORIENTED_EDGE('',*,*,#1158,.F.);
#1507=ORIENTED_EDGE('',*,*,#1174,.T.);
#1508=ORIENTED_EDGE('',*,*,#1175,.F.);
#1509=ORIENTED_EDGE('',*,*,#1176,.F.);
#1510=ORIENTED_EDGE('',*,*,#1177,.F.);
#1511=ORIENTED_EDGE('',*,*,#1178,.F.);
#1512=ORIENTED_EDGE('',*,*,#1179,.F.);
#1513=ORIENTED_EDGE('',*,*,#1180,.F.);
#1514=ORIENTED_EDGE('',*,*,#1181,.F.);
#1515=ORIENTED_EDGE('',*,*,#1174,.F.);
#1516=ORIENTED_EDGE('',*,*,#1182,.T.);
#1517=ORIENTED_EDGE('',*,*,#1183,.T.);
#1518=ORIENTED_EDGE('',*,*,#1184,.T.);
#1519=ORIENTED_EDGE('',*,*,#1178,.T.);
#1520=ORIENTED_EDGE('',*,*,#1185,.T.);
#1521=ORIENTED_EDGE('',*,*,#1186,.T.);
#1522=ORIENTED_EDGE('',*,*,#1187,.F.);
#1523=ORIENTED_EDGE('',*,*,#1185,.F.);
#1524=ORIENTED_EDGE('',*,*,#1177,.T.);
#1525=ORIENTED_EDGE('',*,*,#1176,.T.);
#1526=ORIENTED_EDGE('',*,*,#1188,.T.);
#1527=ORIENTED_EDGE('',*,*,#1189,.T.);
#1528=ORIENTED_EDGE('',*,*,#1175,.T.);
#1529=ORIENTED_EDGE('',*,*,#1181,.T.);
#1530=ORIENTED_EDGE('',*,*,#1180,.T.);
#1531=ORIENTED_EDGE('',*,*,#1190,.T.);
#1532=ORIENTED_EDGE('',*,*,#1191,.F.);
#1533=ORIENTED_EDGE('',*,*,#1192,.T.);
#1534=ORIENTED_EDGE('',*,*,#1193,.T.);
#1535=ORIENTED_EDGE('',*,*,#1188,.F.);
#1536=ORIENTED_EDGE('',*,*,#1192,.F.);
#1537=ORIENTED_EDGE('',*,*,#1194,.T.);
#1538=ORIENTED_EDGE('',*,*,#1195,.F.);
#1539=ORIENTED_EDGE('',*,*,#1196,.F.);
#1540=ORIENTED_EDGE('',*,*,#1197,.F.);
#1541=ORIENTED_EDGE('',*,*,#1198,.T.);
#1542=ORIENTED_EDGE('',*,*,#1199,.F.);
#1543=ORIENTED_EDGE('',*,*,#1198,.F.);
#1544=ORIENTED_EDGE('',*,*,#1200,.F.);
#1545=ORIENTED_EDGE('',*,*,#1201,.T.);
#1546=ORIENTED_EDGE('',*,*,#1199,.T.);
#1547=ORIENTED_EDGE('',*,*,#1201,.F.);
#1548=ORIENTED_EDGE('',*,*,#1197,.T.);
#1549=ORIENTED_EDGE('',*,*,#1202,.T.);
#1550=ORIENTED_EDGE('',*,*,#1203,.F.);
#1551=ORIENTED_EDGE('',*,*,#1204,.F.);
#1552=ORIENTED_EDGE('',*,*,#1205,.F.);
#1553=ORIENTED_EDGE('',*,*,#1202,.F.);
#1554=ORIENTED_EDGE('',*,*,#1206,.F.);
#1555=ORIENTED_EDGE('',*,*,#1207,.F.);
#1556=ORIENTED_EDGE('',*,*,#1208,.F.);
#1557=ORIENTED_EDGE('',*,*,#1209,.F.);
#1558=ORIENTED_EDGE('',*,*,#1210,.T.);
#1559=ORIENTED_EDGE('',*,*,#1211,.T.);
#1560=ORIENTED_EDGE('',*,*,#1210,.F.);
#1561=ORIENTED_EDGE('',*,*,#1212,.F.);
#1562=ORIENTED_EDGE('',*,*,#1213,.T.);
#1563=ORIENTED_EDGE('',*,*,#1209,.T.);
#1564=ORIENTED_EDGE('',*,*,#1213,.F.);
#1565=ORIENTED_EDGE('',*,*,#1211,.F.);
#1566=ORIENTED_EDGE('',*,*,#1214,.T.);
#1567=ORIENTED_EDGE('',*,*,#1215,.F.);
#1568=ORIENTED_EDGE('',*,*,#1216,.F.);
#1569=ORIENTED_EDGE('',*,*,#1217,.F.);
#1570=ORIENTED_EDGE('',*,*,#1214,.F.);
#1571=ORIENTED_EDGE('',*,*,#1218,.F.);
#1572=ORIENTED_EDGE('',*,*,#1219,.F.);
#1573=ORIENTED_EDGE('',*,*,#1220,.F.);
#1574=ORIENTED_EDGE('',*,*,#1204,.T.);
#1575=ORIENTED_EDGE('',*,*,#1221,.F.);
#1576=ORIENTED_EDGE('',*,*,#1222,.T.);
#1577=ORIENTED_EDGE('',*,*,#1223,.T.);
#1578=ORIENTED_EDGE('',*,*,#1224,.T.);
#1579=ORIENTED_EDGE('',*,*,#1225,.T.);
#1580=ORIENTED_EDGE('',*,*,#1226,.T.);
#1581=ORIENTED_EDGE('',*,*,#1227,.T.);
#1582=ORIENTED_EDGE('',*,*,#1228,.T.);
#1583=ORIENTED_EDGE('',*,*,#1229,.F.);
#1584=ORIENTED_EDGE('',*,*,#1230,.T.);
#1585=ORIENTED_EDGE('',*,*,#1231,.T.);
#1586=ORIENTED_EDGE('',*,*,#1232,.T.);
#1587=ORIENTED_EDGE('',*,*,#1233,.F.);
#1588=ORIENTED_EDGE('',*,*,#1234,.T.);
#1589=ORIENTED_EDGE('',*,*,#1235,.T.);
#1590=ORIENTED_EDGE('',*,*,#1236,.T.);
#1591=ORIENTED_EDGE('',*,*,#1237,.T.);
#1592=ORIENTED_EDGE('',*,*,#1238,.T.);
#1593=ORIENTED_EDGE('',*,*,#1239,.T.);
#1594=ORIENTED_EDGE('',*,*,#1240,.T.);
#1595=ORIENTED_EDGE('',*,*,#1241,.T.);
#1596=ORIENTED_EDGE('',*,*,#1242,.T.);
#1597=ORIENTED_EDGE('',*,*,#1243,.T.);
#1598=ORIENTED_EDGE('',*,*,#1216,.T.);
#1599=ORIENTED_EDGE('',*,*,#1244,.F.);
#1600=ORIENTED_EDGE('',*,*,#1245,.T.);
#1601=ORIENTED_EDGE('',*,*,#1246,.T.);
#1602=ORIENTED_EDGE('',*,*,#1247,.T.);
#1603=ORIENTED_EDGE('',*,*,#1248,.F.);
#1604=ORIENTED_EDGE('',*,*,#1249,.T.);
#1605=ORIENTED_EDGE('',*,*,#1250,.T.);
#1606=ORIENTED_EDGE('',*,*,#1251,.T.);
#1607=ORIENTED_EDGE('',*,*,#1252,.T.);
#1608=ORIENTED_EDGE('',*,*,#1253,.T.);
#1609=ORIENTED_EDGE('',*,*,#1254,.F.);
#1610=ORIENTED_EDGE('',*,*,#1255,.T.);
#1611=ORIENTED_EDGE('',*,*,#1256,.F.);
#1612=ORIENTED_EDGE('',*,*,#1257,.T.);
#1613=ORIENTED_EDGE('',*,*,#1258,.T.);
#1614=ORIENTED_EDGE('',*,*,#1259,.T.);
#1615=ORIENTED_EDGE('',*,*,#1260,.T.);
#1616=ORIENTED_EDGE('',*,*,#1261,.T.);
#1617=ORIENTED_EDGE('',*,*,#1262,.T.);
#1618=ORIENTED_EDGE('',*,*,#1263,.T.);
#1619=ORIENTED_EDGE('',*,*,#1264,.T.);
#1620=ORIENTED_EDGE('',*,*,#1265,.T.);
#1621=ORIENTED_EDGE('',*,*,#1266,.T.);
#1622=ORIENTED_EDGE('',*,*,#1183,.F.);
#1623=ORIENTED_EDGE('',*,*,#1267,.T.);
#1624=ORIENTED_EDGE('',*,*,#1268,.F.);
#1625=ORIENTED_EDGE('',*,*,#1269,.F.);
#1626=ORIENTED_EDGE('',*,*,#1270,.T.);
#1627=ORIENTED_EDGE('',*,*,#1271,.F.);
#1628=ORIENTED_EDGE('',*,*,#1272,.F.);
#1629=ORIENTED_EDGE('',*,*,#1273,.F.);
#1630=ORIENTED_EDGE('',*,*,#1274,.T.);
#1631=ORIENTED_EDGE('',*,*,#1275,.T.);
#1632=ORIENTED_EDGE('',*,*,#1276,.T.);
#1633=ORIENTED_EDGE('',*,*,#1277,.T.);
#1634=ORIENTED_EDGE('',*,*,#1200,.T.);
#1635=ORIENTED_EDGE('',*,*,#1278,.F.);
#1636=ORIENTED_EDGE('',*,*,#1279,.F.);
#1637=ORIENTED_EDGE('',*,*,#1280,.T.);
#1638=ORIENTED_EDGE('',*,*,#1281,.T.);
#1639=ORIENTED_EDGE('',*,*,#1282,.T.);
#1640=ORIENTED_EDGE('',*,*,#1283,.T.);
#1641=ORIENTED_EDGE('',*,*,#1284,.F.);
#1642=ORIENTED_EDGE('',*,*,#1285,.F.);
#1643=ORIENTED_EDGE('',*,*,#1212,.T.);
#1644=ORIENTED_EDGE('',*,*,#1286,.F.);
#1645=ORIENTED_EDGE('',*,*,#1287,.F.);
#1646=ORIENTED_EDGE('',*,*,#1288,.F.);
#1647=ORIENTED_EDGE('',*,*,#1289,.F.);
#1648=ORIENTED_EDGE('',*,*,#1290,.F.);
#1649=ORIENTED_EDGE('',*,*,#1291,.F.);
#1650=ORIENTED_EDGE('',*,*,#1168,.F.);
#1651=ORIENTED_EDGE('',*,*,#1173,.T.);
#1652=ORIENTED_EDGE('',*,*,#1163,.F.);
#1653=ORIENTED_EDGE('',*,*,#1170,.T.);
#1654=ORIENTED_EDGE('',*,*,#1292,.F.);
#1655=ORIENTED_EDGE('',*,*,#1293,.F.);
#1656=ORIENTED_EDGE('',*,*,#1294,.F.);
#1657=ORIENTED_EDGE('',*,*,#1295,.F.);
#1658=ORIENTED_EDGE('',*,*,#1171,.F.);
#1659=ORIENTED_EDGE('',*,*,#1160,.F.);
#1660=ORIENTED_EDGE('',*,*,#1165,.F.);
#1661=ORIENTED_EDGE('',*,*,#1296,.T.);
#1662=ORIENTED_EDGE('',*,*,#1297,.T.);
#1663=ORIENTED_EDGE('',*,*,#1245,.F.);
#1664=ORIENTED_EDGE('',*,*,#1298,.F.);
#1665=ORIENTED_EDGE('',*,*,#1299,.F.);
#1666=ORIENTED_EDGE('',*,*,#1300,.F.);
#1667=ORIENTED_EDGE('',*,*,#1285,.T.);
#1668=ORIENTED_EDGE('',*,*,#1301,.T.);
#1669=ORIENTED_EDGE('',*,*,#1302,.T.);
#1670=ORIENTED_EDGE('',*,*,#1273,.T.);
#1671=ORIENTED_EDGE('',*,*,#1303,.F.);
#1672=ORIENTED_EDGE('',*,*,#1304,.F.);
#1673=ORIENTED_EDGE('',*,*,#1305,.F.);
#1674=ORIENTED_EDGE('',*,*,#1232,.F.);
#1675=ORIENTED_EDGE('',*,*,#1306,.F.);
#1676=ORIENTED_EDGE('',*,*,#1307,.F.);
#1677=ORIENTED_EDGE('',*,*,#1308,.F.);
#1678=ORIENTED_EDGE('',*,*,#1309,.F.);
#1679=ORIENTED_EDGE('',*,*,#1296,.F.);
#1680=ORIENTED_EDGE('',*,*,#1310,.T.);
#1681=ORIENTED_EDGE('',*,*,#1311,.F.);
#1682=ORIENTED_EDGE('',*,*,#1312,.F.);
#1683=ORIENTED_EDGE('',*,*,#1294,.T.);
#1684=ORIENTED_EDGE('',*,*,#1313,.F.);
#1685=ORIENTED_EDGE('',*,*,#1314,.F.);
#1686=ORIENTED_EDGE('',*,*,#1283,.F.);
#1687=ORIENTED_EDGE('',*,*,#1315,.T.);
#1688=ORIENTED_EDGE('',*,*,#1293,.T.);
#1689=ORIENTED_EDGE('',*,*,#1316,.F.);
#1690=ORIENTED_EDGE('',*,*,#1275,.F.);
#1691=ORIENTED_EDGE('',*,*,#1317,.F.);
#1692=ORIENTED_EDGE('',*,*,#1313,.T.);
#1693=ORIENTED_EDGE('',*,*,#1292,.T.);
#1694=ORIENTED_EDGE('',*,*,#1169,.T.);
#1695=ORIENTED_EDGE('',*,*,#1291,.T.);
#1696=ORIENTED_EDGE('',*,*,#1318,.F.);
#1697=ORIENTED_EDGE('',*,*,#1276,.F.);
#1698=ORIENTED_EDGE('',*,*,#1316,.T.);
#1699=ORIENTED_EDGE('',*,*,#1319,.T.);
#1700=ORIENTED_EDGE('',*,*,#1320,.T.);
#1701=ORIENTED_EDGE('',*,*,#1321,.T.);
#1702=ORIENTED_EDGE('',*,*,#1322,.T.);
#1703=ORIENTED_EDGE('',*,*,#1323,.T.);
#1704=ORIENTED_EDGE('',*,*,#1324,.T.);
#1705=ORIENTED_EDGE('',*,*,#1303,.T.);
#1706=ORIENTED_EDGE('',*,*,#1272,.T.);
#1707=ORIENTED_EDGE('',*,*,#1324,.F.);
#1708=ORIENTED_EDGE('',*,*,#1325,.F.);
#1709=ORIENTED_EDGE('',*,*,#1326,.F.);
#1710=ORIENTED_EDGE('',*,*,#1304,.T.);
#1711=ORIENTED_EDGE('',*,*,#1323,.F.);
#1712=ORIENTED_EDGE('',*,*,#1327,.F.);
#1713=ORIENTED_EDGE('',*,*,#1328,.F.);
#1714=ORIENTED_EDGE('',*,*,#1325,.T.);
#1715=ORIENTED_EDGE('',*,*,#1322,.F.);
#1716=ORIENTED_EDGE('',*,*,#1329,.F.);
#1717=ORIENTED_EDGE('',*,*,#1330,.F.);
#1718=ORIENTED_EDGE('',*,*,#1327,.T.);
#1719=ORIENTED_EDGE('',*,*,#1300,.T.);
#1720=ORIENTED_EDGE('',*,*,#1331,.T.);
#1721=ORIENTED_EDGE('',*,*,#1332,.T.);
#1722=ORIENTED_EDGE('',*,*,#1333,.T.);
#1723=ORIENTED_EDGE('',*,*,#1334,.T.);
#1724=ORIENTED_EDGE('',*,*,#1335,.T.);
#1725=ORIENTED_EDGE('',*,*,#1336,.T.);
#1726=ORIENTED_EDGE('',*,*,#1278,.T.);
#1727=ORIENTED_EDGE('',*,*,#1335,.F.);
#1728=ORIENTED_EDGE('',*,*,#1337,.T.);
#1729=ORIENTED_EDGE('',*,*,#1338,.F.);
#1730=ORIENTED_EDGE('',*,*,#1339,.F.);
#1731=ORIENTED_EDGE('',*,*,#1334,.F.);
#1732=ORIENTED_EDGE('',*,*,#1340,.T.);
#1733=ORIENTED_EDGE('',*,*,#1341,.F.);
#1734=ORIENTED_EDGE('',*,*,#1337,.F.);
#1735=ORIENTED_EDGE('',*,*,#1333,.F.);
#1736=ORIENTED_EDGE('',*,*,#1342,.T.);
#1737=ORIENTED_EDGE('',*,*,#1343,.F.);
#1738=ORIENTED_EDGE('',*,*,#1340,.F.);
#1739=ORIENTED_EDGE('',*,*,#1332,.F.);
#1740=ORIENTED_EDGE('',*,*,#1344,.T.);
#1741=ORIENTED_EDGE('',*,*,#1345,.F.);
#1742=ORIENTED_EDGE('',*,*,#1342,.F.);
#1743=ORIENTED_EDGE('',*,*,#1319,.F.);
#1744=ORIENTED_EDGE('',*,*,#1271,.T.);
#1745=ORIENTED_EDGE('',*,*,#1346,.T.);
#1746=ORIENTED_EDGE('',*,*,#1347,.T.);
#1747=ORIENTED_EDGE('',*,*,#1348,.T.);
#1748=ORIENTED_EDGE('',*,*,#1349,.T.);
#1749=ORIENTED_EDGE('',*,*,#1350,.T.);
#1750=ORIENTED_EDGE('',*,*,#1351,.T.);
#1751=ORIENTED_EDGE('',*,*,#1279,.T.);
#1752=ORIENTED_EDGE('',*,*,#1336,.F.);
#1753=ORIENTED_EDGE('',*,*,#1339,.T.);
#1754=ORIENTED_EDGE('',*,*,#1352,.F.);
#1755=ORIENTED_EDGE('',*,*,#1255,.F.);
#1756=ORIENTED_EDGE('',*,*,#1353,.F.);
#1757=ORIENTED_EDGE('',*,*,#1354,.F.);
#1758=ORIENTED_EDGE('',*,*,#1355,.F.);
#1759=ORIENTED_EDGE('',*,*,#1356,.T.);
#1760=ORIENTED_EDGE('',*,*,#1357,.T.);
#1761=ORIENTED_EDGE('',*,*,#1358,.T.);
#1762=ORIENTED_EDGE('',*,*,#1222,.F.);
#1763=ORIENTED_EDGE('',*,*,#1359,.F.);
#1764=ORIENTED_EDGE('',*,*,#1360,.T.);
#1765=ORIENTED_EDGE('',*,*,#1361,.T.);
#1766=ORIENTED_EDGE('',*,*,#1362,.T.);
#1767=ORIENTED_EDGE('',*,*,#1321,.F.);
#1768=ORIENTED_EDGE('',*,*,#1363,.F.);
#1769=ORIENTED_EDGE('',*,*,#1364,.F.);
#1770=ORIENTED_EDGE('',*,*,#1329,.T.);
#1771=ORIENTED_EDGE('',*,*,#1320,.F.);
#1772=ORIENTED_EDGE('',*,*,#1360,.F.);
#1773=ORIENTED_EDGE('',*,*,#1365,.F.);
#1774=ORIENTED_EDGE('',*,*,#1363,.T.);
#1775=ORIENTED_EDGE('',*,*,#1203,.T.);
#1776=ORIENTED_EDGE('',*,*,#1205,.T.);
#1777=ORIENTED_EDGE('',*,*,#1233,.T.);
#1778=ORIENTED_EDGE('',*,*,#1305,.T.);
#1779=ORIENTED_EDGE('',*,*,#1326,.T.);
#1780=ORIENTED_EDGE('',*,*,#1328,.T.);
#1781=ORIENTED_EDGE('',*,*,#1330,.T.);
#1782=ORIENTED_EDGE('',*,*,#1364,.T.);
#1783=ORIENTED_EDGE('',*,*,#1365,.T.);
#1784=ORIENTED_EDGE('',*,*,#1359,.T.);
#1785=ORIENTED_EDGE('',*,*,#1221,.T.);
#1786=ORIENTED_EDGE('',*,*,#1331,.F.);
#1787=ORIENTED_EDGE('',*,*,#1299,.T.);
#1788=ORIENTED_EDGE('',*,*,#1366,.F.);
#1789=ORIENTED_EDGE('',*,*,#1344,.F.);
#1790=ORIENTED_EDGE('',*,*,#1215,.T.);
#1791=ORIENTED_EDGE('',*,*,#1217,.T.);
#1792=ORIENTED_EDGE('',*,*,#1256,.T.);
#1793=ORIENTED_EDGE('',*,*,#1352,.T.);
#1794=ORIENTED_EDGE('',*,*,#1338,.T.);
#1795=ORIENTED_EDGE('',*,*,#1341,.T.);
#1796=ORIENTED_EDGE('',*,*,#1343,.T.);
#1797=ORIENTED_EDGE('',*,*,#1345,.T.);
#1798=ORIENTED_EDGE('',*,*,#1366,.T.);
#1799=ORIENTED_EDGE('',*,*,#1298,.T.);
#1800=ORIENTED_EDGE('',*,*,#1244,.T.);
#1801=ORIENTED_EDGE('',*,*,#1287,.T.);
#1802=ORIENTED_EDGE('',*,*,#1367,.F.);
#1803=ORIENTED_EDGE('',*,*,#1281,.F.);
#1804=ORIENTED_EDGE('',*,*,#1368,.F.);
#1805=ORIENTED_EDGE('',*,*,#1369,.T.);
#1806=ORIENTED_EDGE('',*,*,#1370,.F.);
#1807=ORIENTED_EDGE('',*,*,#1288,.T.);
#1808=ORIENTED_EDGE('',*,*,#1370,.T.);
#1809=ORIENTED_EDGE('',*,*,#1371,.F.);
#1810=ORIENTED_EDGE('',*,*,#1349,.F.);
#1811=ORIENTED_EDGE('',*,*,#1372,.T.);
#1812=ORIENTED_EDGE('',*,*,#1369,.F.);
#1813=ORIENTED_EDGE('',*,*,#1373,.F.);
#1814=ORIENTED_EDGE('',*,*,#1350,.F.);
#1815=ORIENTED_EDGE('',*,*,#1371,.T.);
#1816=ORIENTED_EDGE('',*,*,#1290,.T.);
#1817=ORIENTED_EDGE('',*,*,#1374,.F.);
#1818=ORIENTED_EDGE('',*,*,#1375,.T.);
#1819=ORIENTED_EDGE('',*,*,#1376,.F.);
#1820=ORIENTED_EDGE('',*,*,#1277,.F.);
#1821=ORIENTED_EDGE('',*,*,#1318,.T.);
#1822=ORIENTED_EDGE('',*,*,#1376,.T.);
#1823=ORIENTED_EDGE('',*,*,#1377,.F.);
#1824=ORIENTED_EDGE('',*,*,#1346,.F.);
#1825=ORIENTED_EDGE('',*,*,#1270,.F.);
#1826=ORIENTED_EDGE('',*,*,#1375,.F.);
#1827=ORIENTED_EDGE('',*,*,#1378,.F.);
#1828=ORIENTED_EDGE('',*,*,#1347,.F.);
#1829=ORIENTED_EDGE('',*,*,#1377,.T.);
#1830=ORIENTED_EDGE('',*,*,#1368,.T.);
#1831=ORIENTED_EDGE('',*,*,#1280,.F.);
#1832=ORIENTED_EDGE('',*,*,#1351,.F.);
#1833=ORIENTED_EDGE('',*,*,#1373,.T.);
#1834=ORIENTED_EDGE('',*,*,#1295,.T.);
#1835=ORIENTED_EDGE('',*,*,#1315,.F.);
#1836=ORIENTED_EDGE('',*,*,#1282,.F.);
#1837=ORIENTED_EDGE('',*,*,#1367,.T.);
#1838=ORIENTED_EDGE('',*,*,#1286,.T.);
#1839=ORIENTED_EDGE('',*,*,#1172,.T.);
#1840=ORIENTED_EDGE('',*,*,#1289,.T.);
#1841=ORIENTED_EDGE('',*,*,#1372,.F.);
#1842=ORIENTED_EDGE('',*,*,#1348,.F.);
#1843=ORIENTED_EDGE('',*,*,#1378,.T.);
#1844=ORIENTED_EDGE('',*,*,#1374,.T.);
#1845=ORIENTED_EDGE('',*,*,#1186,.F.);
#1846=ORIENTED_EDGE('',*,*,#1189,.F.);
#1847=ORIENTED_EDGE('',*,*,#1193,.F.);
#1848=ORIENTED_EDGE('',*,*,#1196,.T.);
#1849=ORIENTED_EDGE('',*,*,#1379,.F.);
#1850=ORIENTED_EDGE('',*,*,#1380,.F.);
#1851=ORIENTED_EDGE('',*,*,#1381,.F.);
#1852=ORIENTED_EDGE('',*,*,#1267,.F.);
#1853=ORIENTED_EDGE('',*,*,#1182,.F.);
#1854=ORIENTED_EDGE('',*,*,#1187,.T.);
#1855=ORIENTED_EDGE('',*,*,#1269,.T.);
#1856=ORIENTED_EDGE('',*,*,#1382,.F.);
#1857=ORIENTED_EDGE('',*,*,#1383,.F.);
#1858=ORIENTED_EDGE('',*,*,#1194,.F.);
#1859=ORIENTED_EDGE('',*,*,#1191,.T.);
#1860=ORIENTED_EDGE('',*,*,#1190,.F.);
#1861=ORIENTED_EDGE('',*,*,#1179,.T.);
#1862=ORIENTED_EDGE('',*,*,#1184,.F.);
#1863=ORIENTED_EDGE('',*,*,#1384,.T.);
#1864=ORIENTED_EDGE('',*,*,#1385,.T.);
#1865=ORIENTED_EDGE('',*,*,#1386,.T.);
#1866=ORIENTED_EDGE('',*,*,#1387,.F.);
#1867=ORIENTED_EDGE('',*,*,#1380,.T.);
#1868=ORIENTED_EDGE('',*,*,#1388,.F.);
#1869=ORIENTED_EDGE('',*,*,#1389,.T.);
#1870=ORIENTED_EDGE('',*,*,#1390,.T.);
#1871=ORIENTED_EDGE('',*,*,#1311,.T.);
#1872=ORIENTED_EDGE('',*,*,#1379,.T.);
#1873=ORIENTED_EDGE('',*,*,#1195,.T.);
#1874=ORIENTED_EDGE('',*,*,#1383,.T.);
#1875=ORIENTED_EDGE('',*,*,#1391,.T.);
#1876=ORIENTED_EDGE('',*,*,#1392,.T.);
#1877=ORIENTED_EDGE('',*,*,#1393,.T.);
#1878=ORIENTED_EDGE('',*,*,#1394,.T.);
#1879=ORIENTED_EDGE('',*,*,#1395,.T.);
#1880=ORIENTED_EDGE('',*,*,#1248,.T.);
#1881=ORIENTED_EDGE('',*,*,#1396,.T.);
#1882=ORIENTED_EDGE('',*,*,#1388,.T.);
#1883=ORIENTED_EDGE('',*,*,#1397,.F.);
#1884=ORIENTED_EDGE('',*,*,#1234,.F.);
#1885=ORIENTED_EDGE('',*,*,#1398,.T.);
#1886=ORIENTED_EDGE('',*,*,#1399,.T.);
#1887=ORIENTED_EDGE('',*,*,#1400,.F.);
#1888=ORIENTED_EDGE('',*,*,#1235,.F.);
#1889=ORIENTED_EDGE('',*,*,#1397,.T.);
#1890=ORIENTED_EDGE('',*,*,#1401,.T.);
#1891=ORIENTED_EDGE('',*,*,#1402,.T.);
#1892=ORIENTED_EDGE('',*,*,#1403,.F.);
#1893=ORIENTED_EDGE('',*,*,#1236,.F.);
#1894=ORIENTED_EDGE('',*,*,#1400,.T.);
#1895=ORIENTED_EDGE('',*,*,#1404,.T.);
#1896=ORIENTED_EDGE('',*,*,#1405,.F.);
#1897=ORIENTED_EDGE('',*,*,#1237,.F.);
#1898=ORIENTED_EDGE('',*,*,#1403,.T.);
#1899=ORIENTED_EDGE('',*,*,#1406,.T.);
#1900=ORIENTED_EDGE('',*,*,#1407,.F.);
#1901=ORIENTED_EDGE('',*,*,#1408,.F.);
#1902=ORIENTED_EDGE('',*,*,#1238,.F.);
#1903=ORIENTED_EDGE('',*,*,#1405,.T.);
#1904=ORIENTED_EDGE('',*,*,#1409,.F.);
#1905=ORIENTED_EDGE('',*,*,#1239,.F.);
#1906=ORIENTED_EDGE('',*,*,#1408,.T.);
#1907=ORIENTED_EDGE('',*,*,#1407,.T.);
#1908=ORIENTED_EDGE('',*,*,#1410,.T.);
#1909=ORIENTED_EDGE('',*,*,#1411,.F.);
#1910=ORIENTED_EDGE('',*,*,#1240,.F.);
#1911=ORIENTED_EDGE('',*,*,#1409,.T.);
#1912=ORIENTED_EDGE('',*,*,#1412,.T.);
#1913=ORIENTED_EDGE('',*,*,#1413,.F.);
#1914=ORIENTED_EDGE('',*,*,#1241,.F.);
#1915=ORIENTED_EDGE('',*,*,#1411,.T.);
#1916=ORIENTED_EDGE('',*,*,#1414,.T.);
#1917=ORIENTED_EDGE('',*,*,#1415,.F.);
#1918=ORIENTED_EDGE('',*,*,#1242,.F.);
#1919=ORIENTED_EDGE('',*,*,#1413,.T.);
#1920=ORIENTED_EDGE('',*,*,#1416,.T.);
#1921=ORIENTED_EDGE('',*,*,#1401,.F.);
#1922=ORIENTED_EDGE('',*,*,#1399,.F.);
#1923=ORIENTED_EDGE('',*,*,#1415,.T.);
#1924=ORIENTED_EDGE('',*,*,#1398,.F.);
#1925=ORIENTED_EDGE('',*,*,#1243,.F.);
#1926=ORIENTED_EDGE('',*,*,#1406,.F.);
#1927=ORIENTED_EDGE('',*,*,#1404,.F.);
#1928=ORIENTED_EDGE('',*,*,#1402,.F.);
#1929=ORIENTED_EDGE('',*,*,#1416,.F.);
#1930=ORIENTED_EDGE('',*,*,#1414,.F.);
#1931=ORIENTED_EDGE('',*,*,#1412,.F.);
#1932=ORIENTED_EDGE('',*,*,#1410,.F.);
#1933=ORIENTED_EDGE('',*,*,#1417,.T.);
#1934=ORIENTED_EDGE('',*,*,#1418,.F.);
#1935=ORIENTED_EDGE('',*,*,#1419,.F.);
#1936=ORIENTED_EDGE('',*,*,#1257,.F.);
#1937=ORIENTED_EDGE('',*,*,#1420,.T.);
#1938=ORIENTED_EDGE('',*,*,#1421,.F.);
#1939=ORIENTED_EDGE('',*,*,#1422,.F.);
#1940=ORIENTED_EDGE('',*,*,#1417,.F.);
#1941=ORIENTED_EDGE('',*,*,#1266,.F.);
#1942=ORIENTED_EDGE('',*,*,#1423,.T.);
#1943=ORIENTED_EDGE('',*,*,#1424,.F.);
#1944=ORIENTED_EDGE('',*,*,#1420,.F.);
#1945=ORIENTED_EDGE('',*,*,#1265,.F.);
#1946=ORIENTED_EDGE('',*,*,#1425,.T.);
#1947=ORIENTED_EDGE('',*,*,#1426,.T.);
#1948=ORIENTED_EDGE('',*,*,#1427,.F.);
#1949=ORIENTED_EDGE('',*,*,#1423,.F.);
#1950=ORIENTED_EDGE('',*,*,#1264,.F.);
#1951=ORIENTED_EDGE('',*,*,#1428,.T.);
#1952=ORIENTED_EDGE('',*,*,#1425,.F.);
#1953=ORIENTED_EDGE('',*,*,#1263,.F.);
#1954=ORIENTED_EDGE('',*,*,#1429,.T.);
#1955=ORIENTED_EDGE('',*,*,#1430,.F.);
#1956=ORIENTED_EDGE('',*,*,#1426,.F.);
#1957=ORIENTED_EDGE('',*,*,#1428,.F.);
#1958=ORIENTED_EDGE('',*,*,#1262,.F.);
#1959=ORIENTED_EDGE('',*,*,#1431,.T.);
#1960=ORIENTED_EDGE('',*,*,#1432,.F.);
#1961=ORIENTED_EDGE('',*,*,#1429,.F.);
#1962=ORIENTED_EDGE('',*,*,#1261,.F.);
#1963=ORIENTED_EDGE('',*,*,#1433,.T.);
#1964=ORIENTED_EDGE('',*,*,#1434,.F.);
#1965=ORIENTED_EDGE('',*,*,#1431,.F.);
#1966=ORIENTED_EDGE('',*,*,#1260,.F.);
#1967=ORIENTED_EDGE('',*,*,#1435,.T.);
#1968=ORIENTED_EDGE('',*,*,#1418,.T.);
#1969=ORIENTED_EDGE('',*,*,#1422,.T.);
#1970=ORIENTED_EDGE('',*,*,#1436,.F.);
#1971=ORIENTED_EDGE('',*,*,#1433,.F.);
#1972=ORIENTED_EDGE('',*,*,#1259,.F.);
#1973=ORIENTED_EDGE('',*,*,#1435,.F.);
#1974=ORIENTED_EDGE('',*,*,#1258,.F.);
#1975=ORIENTED_EDGE('',*,*,#1419,.T.);
#1976=ORIENTED_EDGE('',*,*,#1427,.T.);
#1977=ORIENTED_EDGE('',*,*,#1430,.T.);
#1978=ORIENTED_EDGE('',*,*,#1432,.T.);
#1979=ORIENTED_EDGE('',*,*,#1434,.T.);
#1980=ORIENTED_EDGE('',*,*,#1436,.T.);
#1981=ORIENTED_EDGE('',*,*,#1421,.T.);
#1982=ORIENTED_EDGE('',*,*,#1424,.T.);
#1983=ORIENTED_EDGE('',*,*,#1317,.T.);
#1984=ORIENTED_EDGE('',*,*,#1274,.F.);
#1985=ORIENTED_EDGE('',*,*,#1302,.F.);
#1986=ORIENTED_EDGE('',*,*,#1437,.T.);
#1987=ORIENTED_EDGE('',*,*,#1314,.T.);
#1988=ORIENTED_EDGE('',*,*,#1437,.F.);
#1989=ORIENTED_EDGE('',*,*,#1301,.F.);
#1990=ORIENTED_EDGE('',*,*,#1284,.T.);
#1991=ORIENTED_EDGE('',*,*,#1438,.F.);
#1992=ORIENTED_EDGE('',*,*,#1439,.F.);
#1993=ORIENTED_EDGE('',*,*,#1251,.F.);
#1994=ORIENTED_EDGE('',*,*,#1440,.F.);
#1995=ORIENTED_EDGE('',*,*,#1393,.F.);
#1996=ORIENTED_EDGE('',*,*,#1441,.F.);
#1997=ORIENTED_EDGE('',*,*,#1442,.F.);
#1998=ORIENTED_EDGE('',*,*,#1443,.F.);
#1999=ORIENTED_EDGE('',*,*,#1226,.F.);
#2000=ORIENTED_EDGE('',*,*,#1444,.F.);
#2001=ORIENTED_EDGE('',*,*,#1445,.F.);
#2002=ORIENTED_EDGE('',*,*,#1446,.F.);
#2003=ORIENTED_EDGE('',*,*,#1381,.T.);
#2004=ORIENTED_EDGE('',*,*,#1387,.T.);
#2005=ORIENTED_EDGE('',*,*,#1447,.T.);
#2006=ORIENTED_EDGE('',*,*,#1229,.T.);
#2007=ORIENTED_EDGE('',*,*,#1448,.T.);
#2008=ORIENTED_EDGE('',*,*,#1449,.T.);
#2009=ORIENTED_EDGE('',*,*,#1442,.T.);
#2010=ORIENTED_EDGE('',*,*,#1450,.T.);
#2011=ORIENTED_EDGE('',*,*,#1391,.F.);
#2012=ORIENTED_EDGE('',*,*,#1382,.T.);
#2013=ORIENTED_EDGE('',*,*,#1268,.T.);
#2014=ORIENTED_EDGE('',*,*,#1441,.T.);
#2015=ORIENTED_EDGE('',*,*,#1392,.F.);
#2016=ORIENTED_EDGE('',*,*,#1450,.F.);
#2017=ORIENTED_EDGE('',*,*,#1446,.T.);
#2018=ORIENTED_EDGE('',*,*,#1451,.T.);
#2019=ORIENTED_EDGE('',*,*,#1438,.T.);
#2020=ORIENTED_EDGE('',*,*,#1451,.F.);
#2021=ORIENTED_EDGE('',*,*,#1445,.T.);
#2022=ORIENTED_EDGE('',*,*,#1452,.T.);
#2023=ORIENTED_EDGE('',*,*,#1453,.F.);
#2024=ORIENTED_EDGE('',*,*,#1454,.T.);
#2025=ORIENTED_EDGE('',*,*,#1444,.T.);
#2026=ORIENTED_EDGE('',*,*,#1225,.F.);
#2027=ORIENTED_EDGE('',*,*,#1455,.F.);
#2028=ORIENTED_EDGE('',*,*,#1452,.F.);
#2029=ORIENTED_EDGE('',*,*,#1439,.T.);
#2030=ORIENTED_EDGE('',*,*,#1454,.F.);
#2031=ORIENTED_EDGE('',*,*,#1456,.F.);
#2032=ORIENTED_EDGE('',*,*,#1252,.F.);
#2033=ORIENTED_EDGE('',*,*,#1455,.T.);
#2034=ORIENTED_EDGE('',*,*,#1224,.F.);
#2035=ORIENTED_EDGE('',*,*,#1457,.T.);
#2036=ORIENTED_EDGE('',*,*,#1458,.T.);
#2037=ORIENTED_EDGE('',*,*,#1459,.T.);
#2038=ORIENTED_EDGE('',*,*,#1253,.F.);
#2039=ORIENTED_EDGE('',*,*,#1456,.T.);
#2040=ORIENTED_EDGE('',*,*,#1453,.T.);
#2041=ORIENTED_EDGE('',*,*,#1443,.T.);
#2042=ORIENTED_EDGE('',*,*,#1449,.F.);
#2043=ORIENTED_EDGE('',*,*,#1460,.T.);
#2044=ORIENTED_EDGE('',*,*,#1227,.F.);
#2045=ORIENTED_EDGE('',*,*,#1228,.F.);
#2046=ORIENTED_EDGE('',*,*,#1460,.F.);
#2047=ORIENTED_EDGE('',*,*,#1448,.F.);
#2048=ORIENTED_EDGE('',*,*,#1386,.F.);
#2049=ORIENTED_EDGE('',*,*,#1230,.F.);
#2050=ORIENTED_EDGE('',*,*,#1447,.F.);
#2051=ORIENTED_EDGE('',*,*,#1389,.F.);
#2052=ORIENTED_EDGE('',*,*,#1396,.F.);
#2053=ORIENTED_EDGE('',*,*,#1247,.F.);
#2054=ORIENTED_EDGE('',*,*,#1440,.T.);
#2055=ORIENTED_EDGE('',*,*,#1250,.F.);
#2056=ORIENTED_EDGE('',*,*,#1461,.F.);
#2057=ORIENTED_EDGE('',*,*,#1394,.F.);
#2058=ORIENTED_EDGE('',*,*,#1249,.F.);
#2059=ORIENTED_EDGE('',*,*,#1395,.F.);
#2060=ORIENTED_EDGE('',*,*,#1461,.T.);
#2061=ORIENTED_EDGE('',*,*,#1362,.F.);
#2062=ORIENTED_EDGE('',*,*,#1462,.T.);
#2063=ORIENTED_EDGE('',*,*,#1208,.T.);
#2064=ORIENTED_EDGE('',*,*,#1463,.T.);
#2065=ORIENTED_EDGE('',*,*,#1309,.T.);
#2066=ORIENTED_EDGE('',*,*,#1463,.F.);
#2067=ORIENTED_EDGE('',*,*,#1207,.T.);
#2068=ORIENTED_EDGE('',*,*,#1206,.T.);
#2069=ORIENTED_EDGE('',*,*,#1462,.F.);
#2070=ORIENTED_EDGE('',*,*,#1361,.F.);
#2071=ORIENTED_EDGE('',*,*,#1464,.T.);
#2072=ORIENTED_EDGE('',*,*,#1220,.T.);
#2073=ORIENTED_EDGE('',*,*,#1465,.T.);
#2074=ORIENTED_EDGE('',*,*,#1308,.T.);
#2075=ORIENTED_EDGE('',*,*,#1465,.F.);
#2076=ORIENTED_EDGE('',*,*,#1219,.T.);
#2077=ORIENTED_EDGE('',*,*,#1218,.T.);
#2078=ORIENTED_EDGE('',*,*,#1464,.F.);
#2079=ORIENTED_EDGE('',*,*,#1307,.T.);
#2080=ORIENTED_EDGE('',*,*,#1466,.T.);
#2081=ORIENTED_EDGE('',*,*,#1384,.F.);
#2082=ORIENTED_EDGE('',*,*,#1310,.F.);
#2083=ORIENTED_EDGE('',*,*,#1306,.T.);
#2084=ORIENTED_EDGE('',*,*,#1231,.F.);
#2085=ORIENTED_EDGE('',*,*,#1385,.F.);
#2086=ORIENTED_EDGE('',*,*,#1466,.F.);
#2087=ORIENTED_EDGE('',*,*,#1297,.F.);
#2088=ORIENTED_EDGE('',*,*,#1312,.T.);
#2089=ORIENTED_EDGE('',*,*,#1390,.F.);
#2090=ORIENTED_EDGE('',*,*,#1246,.F.);
#2091=ORIENTED_EDGE('',*,*,#1467,.T.);
#2092=ORIENTED_EDGE('',*,*,#1468,.F.);
#2093=ORIENTED_EDGE('',*,*,#1353,.T.);
#2094=ORIENTED_EDGE('',*,*,#1254,.T.);
#2095=ORIENTED_EDGE('',*,*,#1459,.F.);
#2096=ORIENTED_EDGE('',*,*,#1457,.F.);
#2097=ORIENTED_EDGE('',*,*,#1223,.F.);
#2098=ORIENTED_EDGE('',*,*,#1358,.F.);
#2099=ORIENTED_EDGE('',*,*,#1469,.T.);
#2100=ORIENTED_EDGE('',*,*,#1470,.T.);
#2101=ORIENTED_EDGE('',*,*,#1357,.F.);
#2102=ORIENTED_EDGE('',*,*,#1471,.T.);
#2103=ORIENTED_EDGE('',*,*,#1472,.T.);
#2104=ORIENTED_EDGE('',*,*,#1469,.F.);
#2105=ORIENTED_EDGE('',*,*,#1356,.F.);
#2106=ORIENTED_EDGE('',*,*,#1473,.T.);
#2107=ORIENTED_EDGE('',*,*,#1474,.T.);
#2108=ORIENTED_EDGE('',*,*,#1471,.F.);
#2109=ORIENTED_EDGE('',*,*,#1355,.T.);
#2110=ORIENTED_EDGE('',*,*,#1475,.T.);
#2111=ORIENTED_EDGE('',*,*,#1476,.T.);
#2112=ORIENTED_EDGE('',*,*,#1473,.F.);
#2113=ORIENTED_EDGE('',*,*,#1354,.T.);
#2114=ORIENTED_EDGE('',*,*,#1468,.T.);
#2115=ORIENTED_EDGE('',*,*,#1477,.T.);
#2116=ORIENTED_EDGE('',*,*,#1475,.F.);
#2117=ORIENTED_EDGE('',*,*,#1458,.F.);
#2118=ORIENTED_EDGE('',*,*,#1470,.F.);
#2119=ORIENTED_EDGE('',*,*,#1472,.F.);
#2120=ORIENTED_EDGE('',*,*,#1474,.F.);
#2121=ORIENTED_EDGE('',*,*,#1476,.F.);
#2122=ORIENTED_EDGE('',*,*,#1477,.F.);
#2123=ORIENTED_EDGE('',*,*,#1467,.F.);
#2124=B_SPLINE_SURFACE_WITH_KNOTS('',3,3,((#2874,#2875,#2876,#2877,#2878,
#2879,#2880,#2881),(#2882,#2883,#2884,#2885,#2886,#2887,#2888,#2889),(#2890,
#2891,#2892,#2893,#2894,#2895,#2896,#2897),(#2898,#2899,#2900,#2901,#2902,
#2903,#2904,#2905)),.UNSPECIFIED.,.F.,.F.,.F.,(4,4),(4,1,1,1,1,4),(0.,1.),
(2.18901739365676,2.57211076730394,2.95520414095113,3.33829751459832,4.10448426189269,
4.87067100918707),.UNSPECIFIED.);
#2125=B_SPLINE_SURFACE_WITH_KNOTS('',3,3,((#2956,#2957,#2958,#2959,#2960,
#2961,#2962),(#2963,#2964,#2965,#2966,#2967,#2968,#2969),(#2970,#2971,#2972,
#2973,#2974,#2975,#2976),(#2977,#2978,#2979,#2980,#2981,#2982,#2983)),
 .UNSPECIFIED.,.F.,.F.,.F.,(4,4),(4,1,1,1,4),(0.,1.),(-1.72907835559728,
-1.34598498200332,-0.579798234815409,0.186388512372502,0.952575259560413),
 .UNSPECIFIED.);
#2126=B_SPLINE_SURFACE_WITH_KNOTS('',3,3,((#3012,#3013,#3014,#3015,#3016),
(#3017,#3018,#3019,#3020,#3021),(#3022,#3023,#3024,#3025,#3026),(#3027,
#3028,#3029,#3030,#3031)),.UNSPECIFIED.,.F.,.F.,.F.,(4,4),(4,1,4),(0.,1.),
(2.62682293049106,3.21513118546105,3.65636237668853),.UNSPECIFIED.);
#2127=B_SPLINE_SURFACE_WITH_KNOTS('',3,3,((#3097,#3098,#3099,#3100,#3101,
#3102,#3103),(#3104,#3105,#3106,#3107,#3108,#3109,#3110),(#3111,#3112,#3113,
#3114,#3115,#3116,#3117),(#3118,#3119,#3120,#3121,#3122,#3123,#3124)),
 .UNSPECIFIED.,.F.,.F.,.F.,(4,4),(4,1,1,1,4),(0.,1.),(-0.925235778218283,
-0.552350664393325,0.193419563256591,0.939189790906508,1.68496001855642),
 .UNSPECIFIED.);
#2128=B_SPLINE_SURFACE_WITH_KNOTS('',3,3,((#3165,#3166,#3167,#3168,#3169),
(#3170,#3171,#3172,#3173,#3174),(#3175,#3176,#3177,#3178,#3179),(#3180,
#3181,#3182,#3183,#3184)),.UNSPECIFIED.,.F.,.F.,.F.,(4,4),(4,1,4),(-1.60154169423005E-9,
1.00000000068492),(2.54602493383186,3.22667359623843,3.73716009304337),
 .UNSPECIFIED.);
#2129=B_SPLINE_SURFACE_WITH_KNOTS('',3,3,((#3214,#3215,#3216,#3217,#3218,
#3219,#3220),(#3221,#3222,#3223,#3224,#3225,#3226,#3227),(#3228,#3229,#3230,
#3231,#3232,#3233,#3234),(#3235,#3236,#3237,#3238,#3239,#3240,#3241)),
 .UNSPECIFIED.,.F.,.F.,.F.,(4,4),(4,1,1,1,4),(-1.41170627496767E-15,1.00000000002607),
(1.45663263503044,1.82951774820177,2.57528797454445,3.32105820088713,4.0668284272298),
 .UNSPECIFIED.);
#2130=ADVANCED_FACE('',(#682),#2124,.T.);
#2131=ADVANCED_FACE('',(#683),#2125,.T.);
#2132=ADVANCED_FACE('',(#684),#2126,.T.);
#2133=ADVANCED_FACE('',(#685),#591,.T.);
#2134=ADVANCED_FACE('',(#686),#592,.T.);
#2135=ADVANCED_FACE('',(#687),#44,.F.);
#2136=ADVANCED_FACE('',(#688),#2127,.T.);
#2137=ADVANCED_FACE('',(#689),#2128,.T.);
#2138=ADVANCED_FACE('',(#690),#2129,.T.);
#2139=ADVANCED_FACE('',(#691),#593,.F.);
#2140=ADVANCED_FACE('',(#692),#37,.F.);
#2141=ADVANCED_FACE('',(#693),#45,.F.);
#2142=ADVANCED_FACE('',(#694,#15),#46,.F.);
#2143=ADVANCED_FACE('',(#695),#38,.F.);
#2144=ADVANCED_FACE('',(#696),#47,.F.);
#2145=ADVANCED_FACE('',(#697,#16),#48,.F.);
#2146=ADVANCED_FACE('',(#698,#17),#594,.T.);
#2147=ADVANCED_FACE('',(#699,#18),#595,.T.);
#2148=ADVANCED_FACE('',(#700),#596,.F.);
#2149=ADVANCED_FACE('',(#701,#19),#597,.F.);
#2150=ADVANCED_FACE('',(#702,#20),#598,.F.);
#2151=ADVANCED_FACE('',(#703),#599,.T.);
#2152=ADVANCED_FACE('',(#704),#600,.T.);
#2153=ADVANCED_FACE('',(#705,#21,#22),#601,.T.);
#2154=ADVANCED_FACE('',(#706),#602,.F.);
#2155=ADVANCED_FACE('',(#707),#603,.F.);
#2156=ADVANCED_FACE('',(#708),#604,.F.);
#2157=ADVANCED_FACE('',(#709),#605,.F.);
#2158=ADVANCED_FACE('',(#710),#606,.T.);
#2159=ADVANCED_FACE('',(#711),#607,.T.);
#2160=ADVANCED_FACE('',(#712),#608,.T.);
#2161=ADVANCED_FACE('',(#713),#609,.T.);
#2162=ADVANCED_FACE('',(#714),#610,.T.);
#2163=ADVANCED_FACE('',(#715),#611,.T.);
#2164=ADVANCED_FACE('',(#716),#612,.T.);
#2165=ADVANCED_FACE('',(#717),#613,.T.);
#2166=ADVANCED_FACE('',(#718),#614,.T.);
#2167=ADVANCED_FACE('',(#719,#23,#24),#615,.T.);
#2168=ADVANCED_FACE('',(#720),#616,.T.);
#2169=ADVANCED_FACE('',(#721),#617,.T.);
#2170=ADVANCED_FACE('',(#722),#618,.T.);
#2171=ADVANCED_FACE('',(#723),#619,.T.);
#2172=ADVANCED_FACE('',(#724),#620,.T.);
#2173=ADVANCED_FACE('',(#725),#621,.T.);
#2174=ADVANCED_FACE('',(#726),#622,.F.);
#2175=ADVANCED_FACE('',(#727),#623,.F.);
#2176=ADVANCED_FACE('',(#728),#624,.T.);
#2177=ADVANCED_FACE('',(#729),#625,.F.);
#2178=ADVANCED_FACE('',(#730),#626,.F.);
#2179=ADVANCED_FACE('',(#731),#627,.F.);
#2180=ADVANCED_FACE('',(#732),#628,.F.);
#2181=ADVANCED_FACE('',(#733),#629,.F.);
#2182=ADVANCED_FACE('',(#734),#630,.F.);
#2183=ADVANCED_FACE('',(#735),#631,.F.);
#2184=ADVANCED_FACE('',(#736),#632,.T.);
#2185=ADVANCED_FACE('',(#737),#633,.T.);
#2186=ADVANCED_FACE('',(#738),#634,.T.);
#2187=ADVANCED_FACE('',(#739),#635,.T.);
#2188=ADVANCED_FACE('',(#740),#636,.T.);
#2189=ADVANCED_FACE('',(#741),#637,.T.);
#2190=ADVANCED_FACE('',(#742),#638,.T.);
#2191=ADVANCED_FACE('',(#743),#639,.T.);
#2192=ADVANCED_FACE('',(#744),#640,.T.);
#2193=ADVANCED_FACE('',(#745),#641,.T.);
#2194=ADVANCED_FACE('',(#746),#642,.T.);
#2195=ADVANCED_FACE('',(#747),#643,.T.);
#2196=ADVANCED_FACE('',(#748),#644,.F.);
#2197=ADVANCED_FACE('',(#749),#645,.F.);
#2198=ADVANCED_FACE('',(#750),#646,.F.);
#2199=ADVANCED_FACE('',(#751),#647,.F.);
#2200=ADVANCED_FACE('',(#752),#648,.F.);
#2201=ADVANCED_FACE('',(#753),#649,.F.);
#2202=ADVANCED_FACE('',(#754),#650,.F.);
#2203=ADVANCED_FACE('',(#755),#651,.F.);
#2204=ADVANCED_FACE('',(#756),#652,.F.);
#2205=ADVANCED_FACE('',(#757),#653,.F.);
#2206=ADVANCED_FACE('',(#758),#654,.F.);
#2207=ADVANCED_FACE('',(#759),#655,.T.);
#2208=ADVANCED_FACE('',(#760),#656,.F.);
#2209=ADVANCED_FACE('',(#761),#657,.F.);
#2210=ADVANCED_FACE('',(#762),#658,.F.);
#2211=ADVANCED_FACE('',(#763),#659,.F.);
#2212=ADVANCED_FACE('',(#764),#660,.T.);
#2213=ADVANCED_FACE('',(#765),#661,.T.);
#2214=ADVANCED_FACE('',(#766),#662,.T.);
#2215=ADVANCED_FACE('',(#767),#663,.T.);
#2216=ADVANCED_FACE('',(#768),#664,.F.);
#2217=ADVANCED_FACE('',(#769),#665,.T.);
#2218=ADVANCED_FACE('',(#770),#666,.T.);
#2219=ADVANCED_FACE('',(#771),#667,.T.);
#2220=ADVANCED_FACE('',(#772),#668,.T.);
#2221=ADVANCED_FACE('',(#773),#669,.F.);
#2222=ADVANCED_FACE('',(#774),#670,.F.);
#2223=ADVANCED_FACE('',(#775),#671,.F.);
#2224=ADVANCED_FACE('',(#776),#49,.F.);
#2225=ADVANCED_FACE('',(#777),#50,.F.);
#2226=ADVANCED_FACE('',(#778),#672,.F.);
#2227=ADVANCED_FACE('',(#779),#673,.F.);
#2228=ADVANCED_FACE('',(#780),#674,.F.);
#2229=ADVANCED_FACE('',(#781),#675,.F.);
#2230=ADVANCED_FACE('',(#782),#676,.F.);
#2231=ADVANCED_FACE('',(#783),#677,.F.);
#2232=ADVANCED_FACE('',(#784),#678,.F.);
#2233=ADVANCED_FACE('',(#785),#679,.F.);
#2234=ADVANCED_FACE('',(#786),#680,.F.);
#2235=ADVANCED_FACE('',(#787),#681,.F.);
#2236=CLOSED_SHELL('',(#2130,#2131,#2132,#2133,#2134,#2135,#2136,#2137,
#2138,#2139,#2140,#2141,#2142,#2143,#2144,#2145,#2146,#2147,#2148,#2149,
#2150,#2151,#2152,#2153,#2154,#2155,#2156,#2157,#2158,#2159,#2160,#2161,
#2162,#2163,#2164,#2165,#2166,#2167,#2168,#2169,#2170,#2171,#2172,#2173,
#2174,#2175,#2176,#2177,#2178,#2179,#2180,#2181,#2182,#2183,#2184,#2185,
#2186,#2187,#2188,#2189,#2190,#2191,#2192,#2193,#2194,#2195,#2196,#2197,
#2198,#2199,#2200,#2201,#2202,#2203,#2204,#2205,#2206,#2207,#2208,#2209,
#2210,#2211,#2212,#2213,#2214,#2215,#2216,#2217,#2218,#2219,#2220,#2221,
#2222,#2223,#2224,#2225,#2226,#2227,#2228,#2229,#2230,#2231,#2232,#2233,
#2234,#2235));
#2237=DERIVED_UNIT_ELEMENT(#2239,1.);
#2238=DERIVED_UNIT_ELEMENT(#3963,-3.);
#2239=(
MASS_UNIT()
NAMED_UNIT(*)
SI_UNIT(.KILO.,.GRAM.)
);
#2240=DERIVED_UNIT((#2237,#2238));
#2241=MEASURE_REPRESENTATION_ITEM('density measure',
POSITIVE_RATIO_MEASURE(7850.),#2240);
#2242=PROPERTY_DEFINITION_REPRESENTATION(#2247,#2244);
#2243=PROPERTY_DEFINITION_REPRESENTATION(#2248,#2245);
#2244=REPRESENTATION('material name',(#2246),#3960);
#2245=REPRESENTATION('density',(#2241),#3960);
#2246=DESCRIPTIVE_REPRESENTATION_ITEM('Steel','Steel');
#2247=PROPERTY_DEFINITION('material property','material name',#3970);
#2248=PROPERTY_DEFINITION('material property','density of part',#3970);
#2249=AXIS2_PLACEMENT_3D('',#2873,#2367,#2368);
#2250=AXIS2_PLACEMENT_3D('',#3042,#2369,#2370);
#2251=AXIS2_PLACEMENT_3D('',#3050,#2375,#2376);
#2252=AXIS2_PLACEMENT_3D('',#3056,#2380,#2381);
#2253=AXIS2_PLACEMENT_3D('',#3085,#2383,#2384);
#2254=AXIS2_PLACEMENT_3D('',#3266,#2385,#2386);
#2255=AXIS2_PLACEMENT_3D('',#3272,#2390,#2391);
#2256=AXIS2_PLACEMENT_3D('',#3274,#2392,#2393);
#2257=AXIS2_PLACEMENT_3D('',#3277,#2395,#2396);
#2258=AXIS2_PLACEMENT_3D('',#3278,#2397,#2398);
#2259=AXIS2_PLACEMENT_3D('',#3280,#2399,#2400);
#2260=AXIS2_PLACEMENT_3D('',#3282,#2402,#2403);
#2261=AXIS2_PLACEMENT_3D('',#3286,#2405,#2406);
#2262=AXIS2_PLACEMENT_3D('',#3288,#2407,#2408);
#2263=AXIS2_PLACEMENT_3D('',#3289,#2409,#2410);
#2264=AXIS2_PLACEMENT_3D('',#3359,#2411,#2412);
#2265=AXIS2_PLACEMENT_3D('',#3361,#2413,#2414);
#2266=AXIS2_PLACEMENT_3D('',#3364,#2416,#2417);
#2267=AXIS2_PLACEMENT_3D('',#3365,#2418,#2419);
#2268=AXIS2_PLACEMENT_3D('',#3367,#2420,#2421);
#2269=AXIS2_PLACEMENT_3D('',#3369,#2423,#2424);
#2270=AXIS2_PLACEMENT_3D('',#3373,#2426,#2427);
#2271=AXIS2_PLACEMENT_3D('',#3375,#2428,#2429);
#2272=AXIS2_PLACEMENT_3D('',#3376,#2430,#2431);
#2273=AXIS2_PLACEMENT_3D('',#3446,#2432,#2433);
#2274=AXIS2_PLACEMENT_3D('',#3492,#2457,#2458);
#2275=AXIS2_PLACEMENT_3D('',#3538,#2482,#2483);
#2276=AXIS2_PLACEMENT_3D('',#3544,#2487,#2488);
#2277=AXIS2_PLACEMENT_3D('',#3561,#2497,#2498);
#2278=AXIS2_PLACEMENT_3D('',#3578,#2507,#2508);
#2279=AXIS2_PLACEMENT_3D('',#3590,#2515,#2516);
#2280=AXIS2_PLACEMENT_3D('',#3598,#2521,#2522);
#2281=AXIS2_PLACEMENT_3D('',#3620,#2535,#2536);
#2282=AXIS2_PLACEMENT_3D('',#3622,#2537,#2538);
#2283=AXIS2_PLACEMENT_3D('',#3623,#2539,#2540);
#2284=AXIS2_PLACEMENT_3D('',#3629,#2544,#2545);
#2285=AXIS2_PLACEMENT_3D('',#3634,#2549,#2550);
#2286=AXIS2_PLACEMENT_3D('',#3637,#2553,#2554);
#2287=AXIS2_PLACEMENT_3D('',#3639,#2556,#2557);
#2288=AXIS2_PLACEMENT_3D('',#3651,#2564,#2565);
#2289=AXIS2_PLACEMENT_3D('',#3655,#2568,#2569);
#2290=AXIS2_PLACEMENT_3D('',#3659,#2572,#2573);
#2291=AXIS2_PLACEMENT_3D('',#3663,#2576,#2577);
#2292=AXIS2_PLACEMENT_3D('',#3675,#2584,#2585);
#2293=AXIS2_PLACEMENT_3D('',#3681,#2589,#2590);
#2294=AXIS2_PLACEMENT_3D('',#3685,#2593,#2594);
#2295=AXIS2_PLACEMENT_3D('',#3689,#2597,#2598);
#2296=AXIS2_PLACEMENT_3D('',#3693,#2601,#2602);
#2297=AXIS2_PLACEMENT_3D('',#3721,#2618,#2619);
#2298=AXIS2_PLACEMENT_3D('',#3723,#2620,#2621);
#2299=AXIS2_PLACEMENT_3D('',#3724,#2622,#2623);
#2300=AXIS2_PLACEMENT_3D('',#3728,#2626,#2627);
#2301=AXIS2_PLACEMENT_3D('',#3730,#2629,#2630);
#2302=AXIS2_PLACEMENT_3D('',#3731,#2631,#2632);
#2303=AXIS2_PLACEMENT_3D('',#3733,#2634,#2635);
#2304=AXIS2_PLACEMENT_3D('',#3734,#2636,#2637);
#2305=AXIS2_PLACEMENT_3D('',#3741,#2642,#2643);
#2306=AXIS2_PLACEMENT_3D('',#3744,#2646,#2647);
#2307=AXIS2_PLACEMENT_3D('',#3746,#2649,#2650);
#2308=AXIS2_PLACEMENT_3D('',#3752,#2654,#2655);
#2309=AXIS2_PLACEMENT_3D('',#3754,#2657,#2658);
#2310=AXIS2_PLACEMENT_3D('',#3756,#2660,#2661);
#2311=AXIS2_PLACEMENT_3D('',#3757,#2662,#2663);
#2312=AXIS2_PLACEMENT_3D('',#3758,#2664,#2665);
#2313=AXIS2_PLACEMENT_3D('',#3759,#2666,#2667);
#2314=AXIS2_PLACEMENT_3D('',#3765,#2671,#2672);
#2315=AXIS2_PLACEMENT_3D('',#3769,#2675,#2676);
#2316=AXIS2_PLACEMENT_3D('',#3780,#2684,#2685);
#2317=AXIS2_PLACEMENT_3D('',#3791,#2692,#2693);
#2318=AXIS2_PLACEMENT_3D('',#3797,#2697,#2698);
#2319=AXIS2_PLACEMENT_3D('',#3803,#2702,#2703);
#2320=AXIS2_PLACEMENT_3D('',#3807,#2706,#2707);
#2321=AXIS2_PLACEMENT_3D('',#3813,#2711,#2712);
#2322=AXIS2_PLACEMENT_3D('',#3815,#2714,#2715);
#2323=AXIS2_PLACEMENT_3D('',#3819,#2718,#2719);
#2324=AXIS2_PLACEMENT_3D('',#3823,#2722,#2723);
#2325=AXIS2_PLACEMENT_3D('',#3827,#2726,#2727);
#2326=AXIS2_PLACEMENT_3D('',#3830,#2730,#2731);
#2327=AXIS2_PLACEMENT_3D('',#3831,#2732,#2733);
#2328=AXIS2_PLACEMENT_3D('',#3832,#2734,#2735);
#2329=AXIS2_PLACEMENT_3D('',#3838,#2739,#2740);
#2330=AXIS2_PLACEMENT_3D('',#3844,#2744,#2745);
#2331=AXIS2_PLACEMENT_3D('',#3848,#2748,#2749);
#2332=AXIS2_PLACEMENT_3D('',#3854,#2753,#2754);
#2333=AXIS2_PLACEMENT_3D('',#3856,#2756,#2757);
#2334=AXIS2_PLACEMENT_3D('',#3860,#2760,#2761);
#2335=AXIS2_PLACEMENT_3D('',#3864,#2764,#2765);
#2336=AXIS2_PLACEMENT_3D('',#3868,#2768,#2769);
#2337=AXIS2_PLACEMENT_3D('',#3871,#2772,#2773);
#2338=AXIS2_PLACEMENT_3D('',#3872,#2774,#2775);
#2339=AXIS2_PLACEMENT_3D('',#3873,#2776,#2777);
#2340=AXIS2_PLACEMENT_3D('',#3875,#2779,#2780);
#2341=AXIS2_PLACEMENT_3D('',#3876,#2781,#2782);
#2342=AXIS2_PLACEMENT_3D('',#3883,#2787,#2788);
#2343=AXIS2_PLACEMENT_3D('',#3893,#2794,#2795);
#2344=AXIS2_PLACEMENT_3D('',#3899,#2800,#2801);
#2345=AXIS2_PLACEMENT_3D('',#3901,#2803,#2804);
#2346=AXIS2_PLACEMENT_3D('',#3907,#2808,#2809);
#2347=AXIS2_PLACEMENT_3D('',#3909,#2811,#2812);
#2348=AXIS2_PLACEMENT_3D('',#3911,#2814,#2815);
#2349=AXIS2_PLACEMENT_3D('',#3917,#2819,#2820);
#2350=AXIS2_PLACEMENT_3D('',#3919,#2822,#2823);
#2351=AXIS2_PLACEMENT_3D('',#3920,#2824,#2825);
#2352=AXIS2_PLACEMENT_3D('',#3921,#2826,#2827);
#2353=AXIS2_PLACEMENT_3D('',#3922,#2828,#2829);
#2354=AXIS2_PLACEMENT_3D('',#3924,#2831,#2832);
#2355=AXIS2_PLACEMENT_3D('',#3925,#2833,#2834);
#2356=AXIS2_PLACEMENT_3D('',#3928,#2837,#2838);
#2357=AXIS2_PLACEMENT_3D('',#3931,#2841,#2842);
#2358=AXIS2_PLACEMENT_3D('',#3933,#2844,#2845);
#2359=AXIS2_PLACEMENT_3D('',#3934,#2846,#2847);
#2360=AXIS2_PLACEMENT_3D('',#3935,#2848,#2849);
#2361=AXIS2_PLACEMENT_3D('',#3939,#2852,#2853);
#2362=AXIS2_PLACEMENT_3D('',#3943,#2856,#2857);
#2363=AXIS2_PLACEMENT_3D('',#3947,#2860,#2861);
#2364=AXIS2_PLACEMENT_3D('',#3951,#2864,#2865);
#2365=AXIS2_PLACEMENT_3D('',#3955,#2868,#2869);
#2366=AXIS2_PLACEMENT_3D('',#3957,#2871,#2872);
#2367=DIRECTION('axis',(0.,0.,1.));
#2368=DIRECTION('refdir',(1.,0.,0.));
#2369=DIRECTION('center_axis',(-0.121869343405148,0.89955230622579,-0.419468129304076));
#2370=DIRECTION('ref_axis',(-2.77555756156289E-16,-0.4226182617407,-0.90630778703665));
#2371=DIRECTION('',(4.58917958572197E-16,-0.4226182617407,-0.90630778703665));
#2372=DIRECTION('',(-0.960292099389683,-0.213723769047256,-0.17933553578137));
#2373=DIRECTION('',(-3.7355092200961E-16,-0.4226182617407,-0.90630778703665));
#2374=DIRECTION('',(-0.960292099389683,4.64622617076564E-17,0.278996566017856));
#2375=DIRECTION('center_axis',(0.121869343405147,0.89955230622579,-0.419468129304076));
#2376=DIRECTION('ref_axis',(-8.32667268468867E-17,0.422618261740699,0.90630778703665));
#2377=DIRECTION('',(-0.960292099389683,-4.64622617076564E-17,-0.278996566017856));
#2378=DIRECTION('',(3.37632564124071E-16,0.4226182617407,0.90630778703665));
#2379=DIRECTION('',(-0.960292099389683,0.213723769047256,0.17933553578137));
#2380=DIRECTION('center_axis',(0.,-0.939698590020394,0.342003742543388));
#2381=DIRECTION('ref_axis',(-1.,0.,0.));
#2382=DIRECTION('',(0.,-0.939698590020394,0.342003742543388));
#2383=DIRECTION('center_axis',(0.,0.642787609686539,-0.766044443118978));
#2384=DIRECTION('ref_axis',(0.,-0.766044443118978,-0.642787609686539));
#2385=DIRECTION('center_axis',(0.121869343405147,0.89955230622579,-0.419468129304076));
#2386=DIRECTION('ref_axis',(-8.32667268468867E-17,0.422618261740699,0.90630778703665));
#2387=DIRECTION('',(-0.960292099389683,0.213723769047256,0.17933553578137));
#2388=DIRECTION('',(2.31448982464062E-13,-0.422618261740725,-0.906307787036638));
#2389=DIRECTION('',(0.960292099389683,4.64622617076564E-17,0.278996566017856));
#2390=DIRECTION('center_axis',(-1.,0.,0.));
#2391=DIRECTION('ref_axis',(0.,-0.939698590020394,0.342003742543388));
#2392=DIRECTION('center_axis',(1.,0.,0.));
#2393=DIRECTION('ref_axis',(0.,-0.939698590020394,0.342003742543388));
#2394=DIRECTION('',(0.707106781186548,-0.664467245274858,0.241833165543607));
#2395=DIRECTION('center_axis',(-1.,0.,0.));
#2396=DIRECTION('ref_axis',(0.,-0.939698590020394,0.342003742543388));
#2397=DIRECTION('center_axis',(1.,0.,0.));
#2398=DIRECTION('ref_axis',(0.,-0.939698590020394,0.342003742543388));
#2399=DIRECTION('center_axis',(-1.,-2.65074714387338E-14,0.));
#2400=DIRECTION('ref_axis',(0.,-0.939698590020394,0.342003742543388));
#2401=DIRECTION('',(-1.,0.,0.));
#2402=DIRECTION('center_axis',(1.,0.,0.));
#2403=DIRECTION('ref_axis',(0.,-0.939698590020394,0.342003742543388));
#2404=DIRECTION('',(-1.,0.,0.));
#2405=DIRECTION('center_axis',(0.707106781186548,-0.707106781186548,0.));
#2406=DIRECTION('ref_axis',(-0.707106781186547,-0.707106781186548,0.));
#2407=DIRECTION('center_axis',(1.,0.,0.));
#2408=DIRECTION('ref_axis',(0.,-0.939698590020394,0.342003742543388));
#2409=DIRECTION('center_axis',(0.707106781186548,-0.707106781186548,0.));
#2410=DIRECTION('ref_axis',(-0.707106781186547,-0.707106781186548,0.));
#2411=DIRECTION('center_axis',(1.,0.,0.));
#2412=DIRECTION('ref_axis',(0.,-0.939698590020394,0.342003742543388));
#2413=DIRECTION('center_axis',(1.,0.,0.));
#2414=DIRECTION('ref_axis',(0.,-0.939698590020394,0.342003742543388));
#2415=DIRECTION('',(0.707106781186548,0.664467245274858,-0.241833165543607));
#2416=DIRECTION('center_axis',(1.,0.,0.));
#2417=DIRECTION('ref_axis',(0.,-0.939698590020394,0.342003742543388));
#2418=DIRECTION('center_axis',(1.,0.,0.));
#2419=DIRECTION('ref_axis',(0.,-0.939698590020394,0.342003742543388));
#2420=DIRECTION('center_axis',(1.,2.77157304929461E-14,0.));
#2421=DIRECTION('ref_axis',(0.,-0.939698590020394,0.342003742543388));
#2422=DIRECTION('',(1.,0.,0.));
#2423=DIRECTION('center_axis',(1.,0.,0.));
#2424=DIRECTION('ref_axis',(0.,-0.939698590020394,0.342003742543388));
#2425=DIRECTION('',(1.,0.,0.));
#2426=DIRECTION('center_axis',(-0.707106781186548,-0.707106781186548,0.));
#2427=DIRECTION('ref_axis',(0.707106781186547,-0.707106781186548,0.));
#2428=DIRECTION('center_axis',(-1.,0.,0.));
#2429=DIRECTION('ref_axis',(0.,-0.939698590020394,0.342003742543388));
#2430=DIRECTION('center_axis',(-0.707106781186548,-0.707106781186548,0.));
#2431=DIRECTION('ref_axis',(0.707106781186547,-0.707106781186548,0.));
#2432=DIRECTION('center_axis',(-1.,0.,0.));
#2433=DIRECTION('ref_axis',(0.,0.,1.));
#2434=DIRECTION('',(0.,0.,1.));
#2435=DIRECTION('',(0.,-1.,1.30295746482634E-15));
#2436=DIRECTION('',(0.,0.,-1.));
#2437=DIRECTION('',(0.,-0.422618261740763,-0.90630778703662));
#2438=DIRECTION('',(0.,-0.991067926179791,-0.133358035744712));
#2439=DIRECTION('',(0.,-0.6819983600625,0.73135370161917));
#2440=DIRECTION('',(0.,0.42261826174073,0.906307787036636));
#2441=DIRECTION('',(0.,-0.495998442203116,0.868323410563186));
#2442=DIRECTION('',(0.,-0.422618261740759,-0.906307787036622));
#2443=DIRECTION('',(0.,0.868647084570975,0.495431370087063));
#2444=DIRECTION('',(0.,0.,-1.));
#2445=DIRECTION('',(0.,1.,0.));
#2446=DIRECTION('',(0.,0.,1.));
#2447=DIRECTION('',(0.,-0.999746128932739,-0.0225317039747156));
#2448=DIRECTION('',(0.,-0.42261826174073,-0.906307787036636));
#2449=DIRECTION('',(0.,0.495998442203123,-0.868323410563182));
#2450=DIRECTION('',(0.,-0.422618261740732,-0.906307787036635));
#2451=DIRECTION('',(0.,0.681998360062497,-0.731353701619171));
#2452=DIRECTION('',(0.,0.99106792617979,0.133358035744721));
#2453=DIRECTION('',(0.,0.422618261740738,0.906307787036632));
#2454=DIRECTION('',(0.,0.167833767925774,0.985815310463292));
#2455=DIRECTION('',(0.,0.,1.));
#2456=DIRECTION('',(0.,-1.,0.));
#2457=DIRECTION('center_axis',(1.,0.,0.));
#2458=DIRECTION('ref_axis',(0.,0.,-1.));
#2459=DIRECTION('',(0.,0.,-1.));
#2460=DIRECTION('',(0.,-1.,0.));
#2461=DIRECTION('',(0.,0.,1.));
#2462=DIRECTION('',(0.,-0.868647084570975,-0.495431370087063));
#2463=DIRECTION('',(0.,0.422618261740759,0.906307787036622));
#2464=DIRECTION('',(0.,0.495998442203116,-0.868323410563186));
#2465=DIRECTION('',(0.,-0.42261826174073,-0.906307787036636));
#2466=DIRECTION('',(0.,0.6819983600625,-0.731353701619169));
#2467=DIRECTION('',(0.,0.991067926179791,0.133358035744712));
#2468=DIRECTION('',(0.,0.422618261740763,0.90630778703662));
#2469=DIRECTION('',(0.,0.,-1.));
#2470=DIRECTION('',(0.,1.,-1.30295746482634E-15));
#2471=DIRECTION('',(0.,0.,-1.));
#2472=DIRECTION('',(0.,0.999746128932739,0.0225317039747156));
#2473=DIRECTION('',(0.,1.,0.));
#2474=DIRECTION('',(0.,0.,-1.));
#2475=DIRECTION('',(0.,-0.167833767925774,-0.985815310463292));
#2476=DIRECTION('',(0.,-0.422618261740738,-0.906307787036632));
#2477=DIRECTION('',(0.,-0.99106792617979,-0.133358035744721));
#2478=DIRECTION('',(0.,-0.681998360062497,0.731353701619171));
#2479=DIRECTION('',(0.,0.422618261740732,0.906307787036635));
#2480=DIRECTION('',(0.,-0.495998442203123,0.868323410563182));
#2481=DIRECTION('',(0.,0.42261826174073,0.906307787036636));
#2482=DIRECTION('center_axis',(-0.121869343405148,0.89955230622579,-0.419468129304076));
#2483=DIRECTION('ref_axis',(-2.77555756156289E-16,-0.4226182617407,-0.90630778703665));
#2484=DIRECTION('',(0.960292099389683,-4.64622617076564E-17,-0.278996566017856));
#2485=DIRECTION('',(2.31051303800034E-13,0.422618261740725,0.906307787036638));
#2486=DIRECTION('',(-0.960292099389683,-0.213723769047256,-0.17933553578137));
#2487=DIRECTION('center_axis',(-1.,-2.65074714387338E-14,0.));
#2488=DIRECTION('ref_axis',(-2.65074714387338E-14,1.,0.));
#2489=DIRECTION('',(0.,0.,-1.));
#2490=DIRECTION('',(2.65074714387338E-14,-1.,1.30295746482634E-15));
#2491=DIRECTION('',(0.,0.,-1.));
#2492=DIRECTION('',(-2.65074714387338E-14,1.,0.));
#2493=DIRECTION('',(0.,0.,1.));
#2494=DIRECTION('',(-2.2220071132237E-14,0.838256911210631,-0.5452754815757));
#2495=DIRECTION('',(1.12025415025769E-14,-0.422618261740625,-0.906307787036685));
#2496=DIRECTION('',(2.65074714387338E-14,-1.,2.62571655325026E-14));
#2497=DIRECTION('center_axis',(1.,2.77157304929461E-14,0.));
#2498=DIRECTION('ref_axis',(2.77157304929461E-14,-1.,0.));
#2499=DIRECTION('',(0.,0.,1.));
#2500=DIRECTION('',(-2.77157304929461E-14,1.,-1.30295746482634E-15));
#2501=DIRECTION('',(0.,0.,1.));
#2502=DIRECTION('',(-2.77157304929461E-14,1.,2.79660363991773E-14));
#2503=DIRECTION('',(-1.17131738438047E-14,0.422618261740777,0.906307787036614));
#2504=DIRECTION('',(2.32329026349634E-14,-0.838256911210634,0.545275481575697));
#2505=DIRECTION('',(0.,0.,-1.));
#2506=DIRECTION('',(2.77157304929461E-14,-1.,0.));
#2507=DIRECTION('center_axis',(0.,0.642787609686539,-0.766044443118978));
#2508=DIRECTION('ref_axis',(1.,0.,0.));
#2509=DIRECTION('',(-0.0592906331641923,0.764696789354228,0.641656793909583));
#2510=DIRECTION('',(-0.540716203060937,0.644400477571772,0.540716203060937));
#2511=DIRECTION('',(0.943922256203466,0.252923206267482,0.212227769095219));
#2512=DIRECTION('',(0.943922256203467,-0.252923206267482,-0.212227769095219));
#2513=DIRECTION('',(-0.540716203060937,-0.644400477571772,-0.540716203060937));
#2514=DIRECTION('',(-0.0592906331641926,-0.764696789354228,-0.641656793909583));
#2515=DIRECTION('center_axis',(0.,1.,-1.66533453693773E-16));
#2516=DIRECTION('ref_axis',(-1.,0.,0.));
#2517=DIRECTION('',(0.0592906331641919,-1.66240481872304E-16,-0.998240762951999));
#2518=DIRECTION('',(-0.992381254955074,-2.05177357719422E-17,-0.12320488956934));
#2519=DIRECTION('',(-0.992381254955074,2.05177357719422E-17,0.12320488956934));
#2520=DIRECTION('',(0.0592906331641929,1.66240481872304E-16,0.998240762951999));
#2521=DIRECTION('center_axis',(0.,0.,1.));
#2522=DIRECTION('ref_axis',(1.,0.,0.));
#2523=DIRECTION('',(0.996194698091746,0.0871557427476561,0.));
#2524=DIRECTION('',(0.707106781186549,0.707106781186546,0.));
#2525=DIRECTION('',(0.707106781186548,-0.707106781186548,0.));
#2526=DIRECTION('',(1.,0.,0.));
#2527=DIRECTION('',(0.707106781186538,0.707106781186557,0.));
#2528=DIRECTION('',(-0.996194698091746,-0.0871557427476564,0.));
#2529=DIRECTION('',(-0.996194698091746,0.0871557427476572,0.));
#2530=DIRECTION('',(0.707106781186557,-0.707106781186538,0.));
#2531=DIRECTION('',(1.,0.,0.));
#2532=DIRECTION('',(0.707106781186548,0.707106781186548,0.));
#2533=DIRECTION('',(-0.707106781186578,0.707106781186517,0.));
#2534=DIRECTION('',(-0.996194698091746,0.0871557427476567,0.));
#2535=DIRECTION('center_axis',(0.,0.,1.));
#2536=DIRECTION('ref_axis',(1.,0.,0.));
#2537=DIRECTION('center_axis',(0.,0.,1.));
#2538=DIRECTION('ref_axis',(1.,0.,0.));
#2539=DIRECTION('center_axis',(0.0871557427476561,-0.996194698091746,0.));
#2540=DIRECTION('ref_axis',(0.996194698091746,0.0871557427476561,0.));
#2541=DIRECTION('',(0.,0.,1.));
#2542=DIRECTION('',(-0.996194698091746,-0.0871557427476561,0.));
#2543=DIRECTION('',(0.,0.,1.));
#2544=DIRECTION('center_axis',(0.103511199448583,0.542346418809946,0.833754036627555));
#2545=DIRECTION('ref_axis',(-0.994521895368273,0.0441756374486017,0.0947349602264486));
#2546=DIRECTION('',(2.69588952106264E-15,-0.838256911210632,0.545275481575698));
#2547=DIRECTION('',(-0.980374553798715,-0.0857716594666718,0.177507624332884));
#2548=DIRECTION('',(0.138093079435041,-0.837974739198385,0.527947571144659));
#2549=DIRECTION('center_axis',(-0.103511199448583,0.542346418809945,0.833754036627556));
#2550=DIRECTION('ref_axis',(-0.994521895368273,-0.0441756374486023,-0.094734960226448));
#2551=DIRECTION('',(0.13809307943504,0.837974739198386,-0.527947571144659));
#2552=DIRECTION('',(-0.980374553798715,0.0857716594666726,-0.177507624332884));
#2553=DIRECTION('center_axis',(-0.99026806874157,0.126133665146145,-0.0588170940088053));
#2554=DIRECTION('ref_axis',(-2.84738024253496E-16,-0.422618261740699,-0.90630778703665));
#2555=DIRECTION('',(-0.118530812456967,-0.985850340060084,-0.118530812456967));
#2556=DIRECTION('center_axis',(0.707106781186538,0.707106781186557,0.));
#2557=DIRECTION('ref_axis',(0.,0.,-1.));
#2558=DIRECTION('',(-0.707106781186557,0.707106781186538,-9.21330058976326E-16));
#2559=DIRECTION('',(0.,0.,1.));
#2560=DIRECTION('',(0.577350269189637,-0.577350269189621,0.577350269189619));
#2561=DIRECTION('',(0.,0.,1.));
#2562=DIRECTION('',(-0.577350269189635,0.577350269189619,0.577350269189624));
#2563=DIRECTION('',(0.,0.,1.));
#2564=DIRECTION('center_axis',(0.,1.,0.));
#2565=DIRECTION('ref_axis',(0.,0.,1.));
#2566=DIRECTION('',(1.,0.,0.));
#2567=DIRECTION('',(0.,0.,-1.));
#2568=DIRECTION('center_axis',(0.,0.707106781186551,-0.707106781186544));
#2569=DIRECTION('ref_axis',(0.,0.707106781186544,0.707106781186551));
#2570=DIRECTION('',(1.,0.,0.));
#2571=DIRECTION('',(-0.577350269189624,-0.577350269189624,-0.577350269189629));
#2572=DIRECTION('center_axis',(0.,1.,0.));
#2573=DIRECTION('ref_axis',(0.,0.,1.));
#2574=DIRECTION('',(1.,0.,0.));
#2575=DIRECTION('',(0.,0.,-1.));
#2576=DIRECTION('center_axis',(-0.707106781186557,0.707106781186538,0.));
#2577=DIRECTION('ref_axis',(0.,0.,1.));
#2578=DIRECTION('',(0.,0.,-1.));
#2579=DIRECTION('',(-0.577350269189614,-0.577350269189629,-0.577350269189635));
#2580=DIRECTION('',(0.,0.,-1.));
#2581=DIRECTION('',(0.577350269189616,0.577350269189632,-0.57735026918963));
#2582=DIRECTION('',(0.,0.,-1.));
#2583=DIRECTION('',(-0.707106781186538,-0.707106781186557,9.21330058976351E-16));
#2584=DIRECTION('center_axis',(0.,1.,0.));
#2585=DIRECTION('ref_axis',(0.,0.,1.));
#2586=DIRECTION('',(1.,0.,0.));
#2587=DIRECTION('',(0.,0.,1.));
#2588=DIRECTION('',(1.,0.,0.));
#2589=DIRECTION('center_axis',(0.,0.707106781186546,0.707106781186549));
#2590=DIRECTION('ref_axis',(0.,-0.707106781186549,0.707106781186546));
#2591=DIRECTION('',(1.,0.,0.));
#2592=DIRECTION('',(0.577350269189627,-0.577350269189627,0.577350269189624));
#2593=DIRECTION('center_axis',(0.,1.,0.));
#2594=DIRECTION('ref_axis',(0.,0.,1.));
#2595=DIRECTION('',(1.,0.,0.));
#2596=DIRECTION('',(0.,0.,1.));
#2597=DIRECTION('center_axis',(0.,0.707106781186551,-0.707106781186544));
#2598=DIRECTION('ref_axis',(0.,0.707106781186544,0.707106781186551));
#2599=DIRECTION('',(1.,0.,0.));
#2600=DIRECTION('',(-0.577350269189624,0.577350269189624,0.577350269189629));
#2601=DIRECTION('center_axis',(0.,-1.30295746482634E-15,-1.));
#2602=DIRECTION('ref_axis',(0.,1.,-1.30295746482634E-15));
#2603=DIRECTION('',(-0.746230599808507,-0.665687533238708,8.67362540675208E-16));
#2604=DIRECTION('',(2.50305906231203E-16,-1.,1.30295746482634E-15));
#2605=DIRECTION('',(0.965925826289068,-0.258819045102521,3.37230206855555E-16));
#2606=DIRECTION('',(0.965925826289069,0.25881904510252,-3.37230206855554E-16));
#2607=DIRECTION('',(2.50305906231203E-16,1.,-1.30295746482634E-15));
#2608=DIRECTION('',(-0.746230599808507,0.665687533238708,-8.67362540675208E-16));
#2609=DIRECTION('',(-0.707106781186548,0.707106781186548,-9.21330058976339E-16));
#2610=DIRECTION('',(0.707106781186545,0.70710678118655,-9.21330058976341E-16));
#2611=DIRECTION('',(-3.29597922457265E-15,1.,-1.30295746482634E-15));
#2612=DIRECTION('',(0.965925826289068,0.258819045102521,-3.37230206855555E-16));
#2613=DIRECTION('',(0.965925826289068,-0.258819045102521,3.37230206855555E-16));
#2614=DIRECTION('',(-3.29597922457265E-15,-1.,1.30295746482634E-15));
#2615=DIRECTION('',(0.707106781186545,-0.70710678118655,9.21330058976341E-16));
#2616=DIRECTION('',(-0.707106781186548,-0.707106781186548,9.21330058976339E-16));
#2617=DIRECTION('',(1.,0.,0.));
#2618=DIRECTION('center_axis',(0.,1.30295746482634E-15,1.));
#2619=DIRECTION('ref_axis',(1.,0.,0.));
#2620=DIRECTION('center_axis',(0.,1.30295746482634E-15,1.));
#2621=DIRECTION('ref_axis',(1.,0.,0.));
#2622=DIRECTION('center_axis',(0.,0.707106781186546,0.707106781186549));
#2623=DIRECTION('ref_axis',(0.,-0.707106781186549,0.707106781186546));
#2624=DIRECTION('',(1.,0.,0.));
#2625=DIRECTION('',(0.577350269189627,0.577350269189627,-0.577350269189624));
#2626=DIRECTION('center_axis',(0.,1.,0.));
#2627=DIRECTION('ref_axis',(0.,0.,1.));
#2628=DIRECTION('',(0.,0.,-1.));
#2629=DIRECTION('center_axis',(-0.707106781186548,0.707106781186548,0.));
#2630=DIRECTION('ref_axis',(0.,0.,1.));
#2631=DIRECTION('center_axis',(0.,1.,0.));
#2632=DIRECTION('ref_axis',(0.,0.,1.));
#2633=DIRECTION('',(0.,0.,1.));
#2634=DIRECTION('center_axis',(0.707106781186548,0.707106781186548,0.));
#2635=DIRECTION('ref_axis',(0.,0.,-1.));
#2636=DIRECTION('center_axis',(-0.707106781186547,1.76993003667127E-16,
-0.707106781186548));
#2637=DIRECTION('ref_axis',(-0.707106781186548,0.,0.707106781186547));
#2638=DIRECTION('',(-0.118530812456968,0.985850340060084,0.118530812456968));
#2639=DIRECTION('',(-0.598064822315336,0.533513764225303,0.598064822315335));
#2640=DIRECTION('',(-2.50305906231203E-16,-1.,0.));
#2641=DIRECTION('',(0.694746590606866,0.186156787897386,-0.694746590606865));
#2642=DIRECTION('center_axis',(0.258819045102521,-0.965925826289068,0.));
#2643=DIRECTION('ref_axis',(0.965925826289068,0.258819045102521,0.));
#2644=DIRECTION('',(0.,0.,1.));
#2645=DIRECTION('',(0.,0.,1.));
#2646=DIRECTION('center_axis',(1.,-2.50305906231203E-16,0.));
#2647=DIRECTION('ref_axis',(2.50305906231203E-16,1.,0.));
#2648=DIRECTION('',(0.,0.,-1.));
#2649=DIRECTION('center_axis',(0.707106781186547,1.76993003667127E-16,-0.707106781186548));
#2650=DIRECTION('ref_axis',(-0.707106781186548,0.,-0.707106781186547));
#2651=DIRECTION('',(0.694746590606866,-0.186156787897386,0.694746590606865));
#2652=DIRECTION('',(-2.50305906231203E-16,1.,0.));
#2653=DIRECTION('',(-0.598064822315336,-0.533513764225303,-0.598064822315335));
#2654=DIRECTION('center_axis',(-0.665687533238708,0.746230599808507,0.));
#2655=DIRECTION('ref_axis',(-0.746230599808507,-0.665687533238708,-4.35226423335616E-46));
#2656=DIRECTION('',(0.,0.,1.));
#2657=DIRECTION('center_axis',(-1.,-2.50305906231203E-16,0.));
#2658=DIRECTION('ref_axis',(2.50305906231203E-16,-1.,0.));
#2659=DIRECTION('',(0.,0.,1.));
#2660=DIRECTION('center_axis',(0.665687533238708,0.746230599808507,0.));
#2661=DIRECTION('ref_axis',(-0.746230599808507,0.665687533238708,4.35226423335616E-46));
#2662=DIRECTION('center_axis',(0.99026806874157,0.126133665146146,-0.0588170940088063));
#2663=DIRECTION('ref_axis',(3.98274427907781E-16,0.422618261740699,0.90630778703665));
#2664=DIRECTION('center_axis',(-0.258819045102521,-0.965925826289068,0.));
#2665=DIRECTION('ref_axis',(0.965925826289068,-0.258819045102521,0.));
#2666=DIRECTION('center_axis',(0.,1.,-1.66533453693773E-16));
#2667=DIRECTION('ref_axis',(-1.,0.,0.));
#2668=DIRECTION('',(0.933629043028976,-5.96591565255435E-17,-0.358241273463568));
#2669=DIRECTION('',(1.,0.,0.));
#2670=DIRECTION('',(0.933629043028976,5.96591565255435E-17,0.358241273463568));
#2671=DIRECTION('center_axis',(0.,0.642787609686539,-0.766044443118978));
#2672=DIRECTION('ref_axis',(1.,0.,0.));
#2673=DIRECTION('',(-0.933629043028942,0.2744287368327,0.230273051860765));
#2674=DIRECTION('',(-0.933629043028942,-0.2744287368327,-0.230273051860765));
#2675=DIRECTION('center_axis',(0.,0.,1.));
#2676=DIRECTION('ref_axis',(0.,-1.,0.));
#2677=DIRECTION('',(-0.996194698091746,0.0871557427476567,0.));
#2678=DIRECTION('',(-0.707106781186578,0.707106781186517,0.));
#2679=DIRECTION('',(0.518924781827117,-0.854819905480493,0.));
#2680=DIRECTION('',(-0.98436709149258,0.17612901290372,0.));
#2681=DIRECTION('',(-0.98436709149258,-0.17612901290372,0.));
#2682=DIRECTION('',(0.518924781827117,0.854819905480493,0.));
#2683=DIRECTION('',(-0.707106781186549,-0.707106781186546,0.));
#2684=DIRECTION('center_axis',(0.160071158553662,-0.894621381109141,0.417168801160466));
#2685=DIRECTION('ref_axis',(0.,-0.422618261740759,-0.906307787036622));
#2686=DIRECTION('',(0.,-0.422618261740759,-0.906307787036622));
#2687=DIRECTION('',(0.985047602213243,0.117496306398277,-0.125999362524987));
#2688=DIRECTION('',(0.936222667044145,0.27153143092023,0.223064564050769));
#2689=DIRECTION('',(3.86336827779486E-14,0.422618261740765,0.906307787036619));
#2690=DIRECTION('',(0.852095860885951,0.338576147821107,0.399122582658072));
#2691=DIRECTION('',(-0.6419815545411,0.226677801039546,0.732445805602619));
#2692=DIRECTION('center_axis',(-0.707106781186546,0.0159323206722093,-0.706927267233342));
#2693=DIRECTION('ref_axis',(0.,0.999746128932739,0.0225317039747156));
#2694=DIRECTION('',(0.647379104433495,0.416728877078158,-0.638151500940069));
#2695=DIRECTION('',(0.70708434016204,0.00796691880378364,-0.70708434016204));
#2696=DIRECTION('',(0.572964569300169,-0.572964569300175,-0.586023211701838));
#2697=DIRECTION('center_axis',(-0.707106781186549,0.640856382055777,-0.298836238730141));
#2698=DIRECTION('ref_axis',(0.,0.42261826174073,0.906307787036636));
#2699=DIRECTION('',(0.664023331817193,0.747073458314604,0.0308911424886076));
#2700=DIRECTION('',(0.211541378239861,-0.211541378239859,-0.954201493702856));
#2701=DIRECTION('',(0.,-0.42261826174073,-0.906307787036636));
#2702=DIRECTION('center_axis',(-0.707106781186547,0.613997371872256,0.350723861939792));
#2703=DIRECTION('ref_axis',(0.,-0.495998442203123,0.868323410563182));
#2704=DIRECTION('',(0.664023331817191,0.747073458314606,0.0308911424886016));
#2705=DIRECTION('',(0.,0.495998442203123,-0.868323410563182));
#2706=DIRECTION('center_axis',(-0.707106781186551,0.640856382055774,-0.298836238730141));
#2707=DIRECTION('ref_axis',(0.,0.422618261740732,0.906307787036635));
#2708=DIRECTION('',(0.638230619643248,0.760367156448277,0.120430326515197));
#2709=DIRECTION('',(0.,-0.422618261740732,-0.906307787036635));
#2710=DIRECTION('',(0.432537568646339,0.726341011022123,0.534172245082871));
#2711=DIRECTION('center_axis',(-0.707106781186546,0.5171451618608,0.482245665158297));
#2712=DIRECTION('ref_axis',(0.,-0.681998360062497,0.731353701619171));
#2713=DIRECTION('',(0.664143851524343,0.251622835651109,0.703987850080743));
#2714=DIRECTION('center_axis',(-0.707106781186547,-0.0942983714008106,0.700790851218219));
#2715=DIRECTION('ref_axis',(0.,-0.99106792617979,-0.133358035744721));
#2716=DIRECTION('',(0.659531239497199,-0.445339382266908,0.605550475789935));
#2717=DIRECTION('',(0.,0.99106792617979,0.133358035744721));
#2718=DIRECTION('center_axis',(-0.707106781186548,-0.640856382055775,0.298836238730147));
#2719=DIRECTION('ref_axis',(0.,-0.422618261740738,-0.906307787036632));
#2720=DIRECTION('',(0.703923086390585,-0.67802969524307,0.211584547675257));
#2721=DIRECTION('',(0.,0.422618261740738,0.906307787036632));
#2722=DIRECTION('center_axis',(-0.707106781186549,-0.697076691026114,0.118676395412404));
#2723=DIRECTION('ref_axis',(0.,-0.167833767925774,-0.985815310463292));
#2724=DIRECTION('',(0.705847436605184,-0.705847436605188,0.0596556156264898));
#2725=DIRECTION('',(0.,0.167833767925774,0.985815310463292));
#2726=DIRECTION('center_axis',(-0.707106781186549,-0.707106781186546,0.));
#2727=DIRECTION('ref_axis',(0.,0.,-1.));
#2728=DIRECTION('',(0.577350269189625,-0.577350269189628,-0.577350269189625));
#2729=DIRECTION('',(0.,0.,1.));
#2730=DIRECTION('center_axis',(-0.707106781186548,0.,-0.707106781186548));
#2731=DIRECTION('ref_axis',(0.,1.,0.));
#2732=DIRECTION('center_axis',(1.,0.,0.));
#2733=DIRECTION('ref_axis',(0.,0.,-1.));
#2734=DIRECTION('center_axis',(-0.707106781186546,-0.0159323206722093,0.706927267233342));
#2735=DIRECTION('ref_axis',(0.,0.999746128932739,0.0225317039747156));
#2736=DIRECTION('',(-0.647379104433495,0.416728877078158,-0.638151500940069));
#2737=DIRECTION('',(-0.572964569300169,-0.572964569300175,-0.586023211701838));
#2738=DIRECTION('',(-0.70708434016204,0.00796691880378364,-0.70708434016204));
#2739=DIRECTION('center_axis',(-0.707106781186549,-0.640856382055777,0.298836238730141));
#2740=DIRECTION('ref_axis',(0.,0.42261826174073,0.906307787036636));
#2741=DIRECTION('',(-0.664023331817193,0.747073458314604,0.0308911424886076));
#2742=DIRECTION('',(0.,-0.42261826174073,-0.906307787036636));
#2743=DIRECTION('',(-0.211541378239861,-0.211541378239859,-0.954201493702856));
#2744=DIRECTION('center_axis',(-0.707106781186547,-0.613997371872256,-0.350723861939792));
#2745=DIRECTION('ref_axis',(0.,-0.495998442203123,0.868323410563182));
#2746=DIRECTION('',(-0.664023331817191,0.747073458314606,0.0308911424886016));
#2747=DIRECTION('',(0.,0.495998442203123,-0.868323410563182));
#2748=DIRECTION('center_axis',(-0.707106781186551,-0.640856382055774,0.298836238730141));
#2749=DIRECTION('ref_axis',(0.,0.422618261740732,0.906307787036635));
#2750=DIRECTION('',(-0.638230619643248,0.760367156448277,0.120430326515197));
#2751=DIRECTION('',(-0.432537568646339,0.726341011022123,0.534172245082871));
#2752=DIRECTION('',(0.,-0.422618261740732,-0.906307787036635));
#2753=DIRECTION('center_axis',(-0.707106781186546,-0.5171451618608,-0.482245665158297));
#2754=DIRECTION('ref_axis',(0.,-0.681998360062497,0.731353701619171));
#2755=DIRECTION('',(-0.664143851524343,0.251622835651109,0.703987850080743));
#2756=DIRECTION('center_axis',(-0.707106781186547,0.0942983714008106,-0.700790851218219));
#2757=DIRECTION('ref_axis',(0.,-0.99106792617979,-0.133358035744721));
#2758=DIRECTION('',(-0.659531239497199,-0.445339382266908,0.605550475789935));
#2759=DIRECTION('',(0.,0.99106792617979,0.133358035744721));
#2760=DIRECTION('center_axis',(-0.707106781186548,0.640856382055775,-0.298836238730147));
#2761=DIRECTION('ref_axis',(0.,-0.422618261740738,-0.906307787036632));
#2762=DIRECTION('',(-0.703923086390585,-0.67802969524307,0.211584547675257));
#2763=DIRECTION('',(0.,0.422618261740738,0.906307787036632));
#2764=DIRECTION('center_axis',(-0.707106781186549,0.697076691026114,-0.118676395412404));
#2765=DIRECTION('ref_axis',(0.,-0.167833767925774,-0.985815310463292));
#2766=DIRECTION('',(-0.705847436605184,-0.705847436605188,0.0596556156264898));
#2767=DIRECTION('',(0.,0.167833767925774,0.985815310463292));
#2768=DIRECTION('center_axis',(-0.707106781186549,0.707106781186546,0.));
#2769=DIRECTION('ref_axis',(0.,0.,-1.));
#2770=DIRECTION('',(-0.577350269189625,-0.577350269189628,-0.577350269189625));
#2771=DIRECTION('',(0.,0.,1.));
#2772=DIRECTION('center_axis',(-0.707106781186548,0.,0.707106781186548));
#2773=DIRECTION('ref_axis',(0.,1.,0.));
#2774=DIRECTION('center_axis',(1.,0.,0.));
#2775=DIRECTION('ref_axis',(0.,0.,-1.));
#2776=DIRECTION('center_axis',(-0.0871557427476572,-0.996194698091746,0.));
#2777=DIRECTION('ref_axis',(-0.996194698091746,0.0871557427476572,0.));
#2778=DIRECTION('',(0.,0.,-1.));
#2779=DIRECTION('center_axis',(0.0871557427476564,-0.996194698091746,0.));
#2780=DIRECTION('ref_axis',(-0.996194698091746,-0.0871557427476564,0.));
#2781=DIRECTION('center_axis',(-0.350800434887293,0.684876350533445,0.638657529011344));
#2782=DIRECTION('ref_axis',(0.936450241541368,0.256559196584437,0.239245321302346));
#2783=DIRECTION('',(-0.890038034364076,-0.455886276811807,5.36432945206898E-16));
#2784=DIRECTION('',(-0.699885331491081,0.261369072768855,-0.664715526043711));
#2785=DIRECTION('',(0.707106781186545,0.640856382055781,-0.298836238730141));
#2786=DIRECTION('',(2.38944510961424E-14,-0.681998360062493,0.731353701619176));
#2787=DIRECTION('center_axis',(0.350800434887292,0.684876350533445,0.638657529011345));
#2788=DIRECTION('ref_axis',(0.936450241541368,-0.256559196584436,-0.239245321302345));
#2789=DIRECTION('',(0.936222667044146,-0.271531430920229,-0.223064564050768));
#2790=DIRECTION('',(0.707106781186545,-0.640856382055781,0.298836238730142));
#2791=DIRECTION('',(-0.699885331491081,-0.261369072768856,0.664715526043711));
#2792=DIRECTION('',(-0.890038034364077,0.455886276811806,-5.36432945206897E-16));
#2793=DIRECTION('',(2.37362096981548E-14,0.681998360062493,-0.731353701619176));
#2794=DIRECTION('center_axis',(-0.160071158553662,-0.894621381109141,0.417168801160466));
#2795=DIRECTION('ref_axis',(0.,-0.422618261740759,-0.906307787036622));
#2796=DIRECTION('',(-0.6419815545411,-0.226677801039546,-0.732445805602619));
#2797=DIRECTION('',(0.852095860885951,-0.338576147821107,-0.399122582658072));
#2798=DIRECTION('',(3.86336827779486E-14,-0.422618261740765,-0.906307787036619));
#2799=DIRECTION('',(0.985047602213243,-0.117496306398277,0.125999362524987));
#2800=DIRECTION('center_axis',(0.,-0.731353701619176,-0.681998360062493));
#2801=DIRECTION('ref_axis',(0.,0.681998360062493,-0.731353701619176));
#2802=DIRECTION('',(1.,0.,0.));
#2803=DIRECTION('center_axis',(0.,-1.1766814938111E-15,-1.));
#2804=DIRECTION('ref_axis',(0.,1.,-1.1766814938111E-15));
#2805=DIRECTION('',(0.133358035744714,0.991067926179791,-1.16617128784551E-15));
#2806=DIRECTION('',(-1.,0.,0.));
#2807=DIRECTION('',(0.133358035744714,-0.991067926179791,1.16617128784551E-15));
#2808=DIRECTION('center_axis',(-0.703927566165011,0.094720447560213,-0.703927566165012));
#2809=DIRECTION('ref_axis',(-0.0669774707868517,-0.995503910998843,-0.0669774707868511));
#2810=DIRECTION('',(-0.647400737516884,0.322098414629841,0.690742279258725));
#2811=DIRECTION('center_axis',(-0.703927566165011,-0.094720447560213,0.703927566165012));
#2812=DIRECTION('ref_axis',(0.0669774707868517,-0.995503910998843,-0.0669774707868511));
#2813=DIRECTION('',(-0.647400737516884,-0.322098414629841,-0.690742279258725));
#2814=DIRECTION('center_axis',(0.,0.90630778703662,-0.422618261740763));
#2815=DIRECTION('ref_axis',(0.,0.422618261740763,0.90630778703662));
#2816=DIRECTION('',(0.389281620635073,-0.389281620635075,-0.834817129478942));
#2817=DIRECTION('',(1.,0.,0.));
#2818=DIRECTION('',(0.389281620635073,0.389281620635075,0.834817129478942));
#2819=DIRECTION('center_axis',(-0.70710678118655,-0.640856382055777,0.298836238730141));
#2820=DIRECTION('ref_axis',(-1.64035451888367E-14,0.422618261740745,0.906307787036629));
#2821=DIRECTION('',(-0.707106781186545,0.640856382055771,-0.298836238730164));
#2822=DIRECTION('center_axis',(-0.49999999999999,-0.751990132248469,-0.429547251185409));
#2823=DIRECTION('ref_axis',(-0.500000000000013,-0.154317654788164,0.852165512926138));
#2824=DIRECTION('center_axis',(-0.632280199348978,-0.3838303979554,0.672975463978157));
#2825=DIRECTION('ref_axis',(0.316578188622052,0.664813750748123,0.676609878220082));
#2826=DIRECTION('center_axis',(-0.632280199348978,0.3838303979554,-0.672975463978157));
#2827=DIRECTION('ref_axis',(-0.316578188622052,0.664813750748123,0.676609878220082));
#2828=DIRECTION('center_axis',(-0.70710678118655,0.640856382055777,-0.298836238730141));
#2829=DIRECTION('ref_axis',(1.64035451888367E-14,0.422618261740745,0.906307787036629));
#2830=DIRECTION('',(0.707106781186545,0.640856382055771,-0.298836238730164));
#2831=DIRECTION('center_axis',(-0.49999999999999,0.751990132248469,0.429547251185409));
#2832=DIRECTION('ref_axis',(0.500000000000013,-0.154317654788164,0.852165512926138));
#2833=DIRECTION('center_axis',(0.,0.,1.));
#2834=DIRECTION('ref_axis',(1.,0.,0.));
#2835=DIRECTION('',(0.,0.,1.));
#2836=DIRECTION('',(0.,0.,1.));
#2837=DIRECTION('center_axis',(0.,0.,1.));
#2838=DIRECTION('ref_axis',(1.,0.,0.));
#2839=DIRECTION('',(0.,0.,1.));
#2840=DIRECTION('',(0.,0.,1.));
#2841=DIRECTION('center_axis',(-0.0871557427476567,-0.996194698091746,0.));
#2842=DIRECTION('ref_axis',(0.996194698091746,-0.0871557427476567,0.));
#2843=DIRECTION('',(0.,0.,1.));
#2844=DIRECTION('center_axis',(-0.707106781186517,-0.707106781186578,0.));
#2845=DIRECTION('ref_axis',(0.707106781186578,-0.707106781186517,0.));
#2846=DIRECTION('center_axis',(0.707106781186546,-0.707106781186549,0.));
#2847=DIRECTION('ref_axis',(0.707106781186549,0.707106781186546,0.));
#2848=DIRECTION('center_axis',(0.70710678118655,-0.707106781186545,0.));
#2849=DIRECTION('ref_axis',(-0.707106781186545,-0.70710678118655,0.));
#2850=DIRECTION('',(0.707106781186545,0.70710678118655,0.));
#2851=DIRECTION('',(0.,0.,-1.));
#2852=DIRECTION('center_axis',(-0.70710678118655,-0.707106781186545,0.));
#2853=DIRECTION('ref_axis',(-0.707106781186545,0.70710678118655,0.));
#2854=DIRECTION('',(0.,0.,-1.));
#2855=DIRECTION('',(0.707106781186545,-0.70710678118655,0.));
#2856=DIRECTION('center_axis',(-1.,3.29597922457265E-15,0.));
#2857=DIRECTION('ref_axis',(3.29597922457265E-15,1.,0.));
#2858=DIRECTION('',(0.,0.,1.));
#2859=DIRECTION('',(-3.29597922457265E-15,-1.,0.));
#2860=DIRECTION('center_axis',(-0.258819045102521,-0.965925826289068,0.));
#2861=DIRECTION('ref_axis',(-0.965925826289068,0.258819045102521,0.));
#2862=DIRECTION('',(0.,0.,1.));
#2863=DIRECTION('',(0.965925826289068,-0.258819045102521,0.));
#2864=DIRECTION('center_axis',(0.258819045102521,-0.965925826289068,0.));
#2865=DIRECTION('ref_axis',(-0.965925826289068,-0.258819045102521,0.));
#2866=DIRECTION('',(0.,0.,1.));
#2867=DIRECTION('',(0.965925826289068,0.258819045102521,0.));
#2868=DIRECTION('center_axis',(1.,3.29597922457265E-15,0.));
#2869=DIRECTION('ref_axis',(3.29597922457265E-15,-1.,0.));
#2870=DIRECTION('',(-3.29597922457265E-15,1.,0.));
#2871=DIRECTION('center_axis',(0.,0.,-1.));
#2872=DIRECTION('ref_axis',(-1.,0.,0.));
#2873=CARTESIAN_POINT('',(0.,0.,0.));
#2874=CARTESIAN_POINT('Ctrl Pts',(-2.84883561185723E-9,-68.6985387831108,
11.5231487261964));
#2875=CARTESIAN_POINT('Ctrl Pts',(0.969642456269726,-68.8105000885867,11.5647600860646));
#2876=CARTESIAN_POINT('Ctrl Pts',(2.91172600747042,-68.8755328606378,11.9895362602152));
#2877=CARTESIAN_POINT('Ctrl Pts',(5.39590503060612,-68.4779552440779,13.5638802501298));
#2878=CARTESIAN_POINT('Ctrl Pts',(7.68550930507353,-67.3706948205419,16.6036135411589));
#2879=CARTESIAN_POINT('Ctrl Pts',(7.88282575983587,-65.1831232010779,21.35220296418));
#2880=CARTESIAN_POINT('Ctrl Pts',(5.1067499647213,-63.5412193037498,24.0667355436592));
#2881=CARTESIAN_POINT('Ctrl Pts',(3.3696905400934,-62.9757485615568,24.7747183389208));
#2882=CARTESIAN_POINT('Ctrl Pts',(-0.0224999371280238,-68.8007294088667,
11.7724915924311));
#2883=CARTESIAN_POINT('Ctrl Pts',(0.924063570796801,-68.911103174888,11.8101574867174));
#2884=CARTESIAN_POINT('Ctrl Pts',(2.82222764069867,-68.9765307096526,12.2198374188128));
#2885=CARTESIAN_POINT('Ctrl Pts',(5.25257526004508,-68.5892726050784,13.754889210365));
#2886=CARTESIAN_POINT('Ctrl Pts',(7.49125588410529,-67.5067948576938,16.7266440389158));
#2887=CARTESIAN_POINT('Ctrl Pts',(7.670607400904,-65.3681245627078,21.3692911169774));
#2888=CARTESIAN_POINT('Ctrl Pts',(4.94840281100619,-63.7710127529297,24.0050275017877));
#2889=CARTESIAN_POINT('Ctrl Pts',(3.25391085809869,-63.222785569638,24.6879591861678));
#2890=CARTESIAN_POINT('Ctrl Pts',(-0.0449998714072121,-68.9029200346226,
12.0218344586658));
#2891=CARTESIAN_POINT('Ctrl Pts',(0.878484685323876,-69.0117062611893,12.0555548873702));
#2892=CARTESIAN_POINT('Ctrl Pts',(2.73272927392693,-69.0775285586675,12.4501385774104));
#2893=CARTESIAN_POINT('Ctrl Pts',(5.10924548948404,-68.7005899660788,13.9458981706001));
#2894=CARTESIAN_POINT('Ctrl Pts',(7.29700246313705,-67.6428948948456,16.8496745366726));
#2895=CARTESIAN_POINT('Ctrl Pts',(7.45838904197212,-65.5531259243377,21.3863792697748));
#2896=CARTESIAN_POINT('Ctrl Pts',(4.79005565729107,-64.0008062021097,23.9433194599162));
#2897=CARTESIAN_POINT('Ctrl Pts',(3.13813117610397,-63.4698225777192,24.6012000334149));
#2898=CARTESIAN_POINT('Ctrl Pts',(-0.0674998056864003,-69.0051106603784,
12.2711773249005));
#2899=CARTESIAN_POINT('Ctrl Pts',(0.832905799850951,-69.1123093474906,12.300952288023));
#2900=CARTESIAN_POINT('Ctrl Pts',(2.64323090715518,-69.1785264076822,12.6804397360079));
#2901=CARTESIAN_POINT('Ctrl Pts',(4.965915718923,-68.8119073270793,14.1369071308353));
#2902=CARTESIAN_POINT('Ctrl Pts',(7.10274904216881,-67.7789949319974,16.9727050344295));
#2903=CARTESIAN_POINT('Ctrl Pts',(7.24617068304025,-65.7381272859676,21.4034674225722));
#2904=CARTESIAN_POINT('Ctrl Pts',(4.63170850357596,-64.2305996512896,23.8816114180447));
#2905=CARTESIAN_POINT('Ctrl Pts',(3.02235149410925,-63.7168595858003,24.514440880662));
#2906=CARTESIAN_POINT('',(3.86343154396723,-63.1463080058557,24.5524004963993));
#2907=CARTESIAN_POINT('',(-2.93691670767972E-9,-68.6985387837912,11.5231487264183));
#2908=CARTESIAN_POINT('Ctrl Pts',(3.86298645410178,-63.1465731012377,24.5517026842143));
#2909=CARTESIAN_POINT('Ctrl Pts',(5.3680814171432,-63.7000839470442,23.8019746334093));
#2910=CARTESIAN_POINT('Ctrl Pts',(7.87520124037944,-65.2676533148742,21.1687123754705));
#2911=CARTESIAN_POINT('Ctrl Pts',(7.68550930507353,-67.3706948205419,16.6036135411589));
#2912=CARTESIAN_POINT('Ctrl Pts',(5.39590503060612,-68.4779552440779,13.5638802501298));
#2913=CARTESIAN_POINT('Ctrl Pts',(2.91172600747042,-68.8755328606378,11.9895362602152));
#2914=CARTESIAN_POINT('Ctrl Pts',(0.969642456269726,-68.8105000885867,11.5647600860646));
#2915=CARTESIAN_POINT('Ctrl Pts',(-2.84883561185723E-9,-68.6985387831108,
11.5231487261964));
#2916=CARTESIAN_POINT('',(-8.91116917582646E-8,-69.0130014258719,12.2737209499255));
#2917=CARTESIAN_POINT('Ctrl Pts',(-2.78224368544018E-9,-68.6985387831185,
11.5231487261992));
#2918=CARTESIAN_POINT('Ctrl Pts',(-2.78223478313018E-9,-68.750910087848,
11.6482479935048));
#2919=CARTESIAN_POINT('Ctrl Pts',(1.45823392956537E-7,-68.8033393160232,
11.7734379946118));
#2920=CARTESIAN_POINT('Ctrl Pts',(5.0970310102802E-7,-68.8557461868212,
11.8985221333577));
#2921=CARTESIAN_POINT('Ctrl Pts',(8.7343739534674E-7,-68.9081321146813,
12.0235562857315));
#2922=CARTESIAN_POINT('Ctrl Pts',(1.45550100903646E-6,-68.9605811510308,
12.1486886064115));
#2923=CARTESIAN_POINT('Ctrl Pts',(2.34341039317444E-6,-69.0130074394399,
12.2737086861036));
#2924=CARTESIAN_POINT('',(6.99405121618147,-66.8496325704591,18.9353144795817));
#2925=CARTESIAN_POINT('Ctrl Pts',(2.08301501013197E-8,-69.0130071725365,
12.2737085887196));
#2926=CARTESIAN_POINT('Ctrl Pts',(0.878097316722528,-69.1139153517685,12.3105263937661));
#2927=CARTESIAN_POINT('Ctrl Pts',(2.66257560543999,-69.1754729862865,12.6925700612987));
#2928=CARTESIAN_POINT('Ctrl Pts',(4.965915718923,-68.8119073270793,14.1369071308353));
#2929=CARTESIAN_POINT('Ctrl Pts',(6.61071945367459,-68.0168344748265,16.3197310937953));
#2930=CARTESIAN_POINT('Ctrl Pts',(6.99301377221538,-67.263965518404,18.0488993707119));
#2931=CARTESIAN_POINT('Ctrl Pts',(6.99395451420771,-66.8513516647174,18.9361253390652));
#2932=CARTESIAN_POINT('',(3.02344946500273,-63.7143011358159,24.515132456514));
#2933=CARTESIAN_POINT('Ctrl Pts',(6.99698245457729,-66.8489303937446,18.9349759098941));
#2934=CARTESIAN_POINT('Ctrl Pts',(6.99781927887161,-66.4965716540728,19.692637804608));
#2935=CARTESIAN_POINT('Ctrl Pts',(6.54396525712803,-65.3284809198134,22.0719828388825));
#2936=CARTESIAN_POINT('Ctrl Pts',(4.63412489998031,-64.2270929759164,23.8825530901051));
#2937=CARTESIAN_POINT('Ctrl Pts',(3.02411830583087,-63.7130897716669,24.5157648356548));
#2938=CARTESIAN_POINT('',(3.75576958317843,-63.1463080028007,24.5855971912811));
#2939=CARTESIAN_POINT('Ctrl Pts',(3.02209327566322,-63.7168814678528,24.5137510546569));
#2940=CARTESIAN_POINT('Ctrl Pts',(3.12941120213758,-63.6367274584108,24.5250457766103));
#2941=CARTESIAN_POINT('Ctrl Pts',(3.2361958626941,-63.5553813329552,24.5359274922114));
#2942=CARTESIAN_POINT('Ctrl Pts',(3.34216804026557,-63.4732938673425,24.5463954573459));
#2943=CARTESIAN_POINT('Ctrl Pts',(3.35988816055972,-63.4595676252417,24.5481458564192));
#2944=CARTESIAN_POINT('Ctrl Pts',(3.37758545815277,-63.4458206737421,24.5498847371912));
#2945=CARTESIAN_POINT('Ctrl Pts',(3.39525850265613,-63.4320551432565,24.5516121573912));
#2946=CARTESIAN_POINT('Ctrl Pts',(3.50279451624111,-63.3482953658719,24.5621230731567));
#2947=CARTESIAN_POINT('Ctrl Pts',(3.60988378384215,-63.2634987507079,24.5722511294084));
#2948=CARTESIAN_POINT('Ctrl Pts',(3.71622567021614,-63.178113631197,24.5819902500636));
#2949=CARTESIAN_POINT('Ctrl Pts',(3.72941874144377,-63.1675205149575,24.5831985125544));
#2950=CARTESIAN_POINT('Ctrl Pts',(3.7426002529097,-63.1569183506585,24.5844008210032));
#2951=CARTESIAN_POINT('Ctrl Pts',(3.75576958317843,-63.1463080028007,24.5855971912811));
#2952=CARTESIAN_POINT('Ctrl Pts',(3.75576958317842,-63.1463080028007,24.5855971912811));
#2953=CARTESIAN_POINT('Ctrl Pts',(3.79171163243234,-63.1463080028007,24.5747258232107));
#2954=CARTESIAN_POINT('Ctrl Pts',(3.82759934577569,-63.1463080028007,24.5636598924054));
#2955=CARTESIAN_POINT('Ctrl Pts',(3.86343152903625,-63.1463080028007,24.5524004986128));
#2956=CARTESIAN_POINT('Ctrl Pts',(-3.36969054009341,-62.9757485615568,24.7747183389208));
#2957=CARTESIAN_POINT('Ctrl Pts',(-4.23822025228667,-63.258483932614,24.4207269413392));
#2958=CARTESIAN_POINT('Ctrl Pts',(-6.60550028994775,-64.2889662425112,22.8986235204993));
#2959=CARTESIAN_POINT('Ctrl Pts',(-8.37691956415275,-66.5743546709844,18.5122480152498));
#2960=CARTESIAN_POINT('Ctrl Pts',(-5.81076703005082,-68.7076416439899,13.1918472865471));
#2961=CARTESIAN_POINT('Ctrl Pts',(-1.93928491794943,-68.9224613940516,11.6063714467001));
#2962=CARTESIAN_POINT('Ctrl Pts',(1.94166904776694E-11,-68.6985387834375,
11.5231487263178));
#2963=CARTESIAN_POINT('Ctrl Pts',(-3.25391085809869,-63.222785569638,24.6879591861678));
#2964=CARTESIAN_POINT('Ctrl Pts',(-4.10115683443472,-63.4968991612458,24.3464933440252));
#2965=CARTESIAN_POINT('Ctrl Pts',(-6.4151440986961,-64.4974124385877,22.8731558317648));
#2966=CARTESIAN_POINT('Ctrl Pts',(-8.16446087287739,-66.7272433932955,18.5952114533361));
#2967=CARTESIAN_POINT('Ctrl Pts',(-5.65980387566823,-68.8147152789086,13.3887641345544));
#2968=CARTESIAN_POINT('Ctrl Pts',(-1.87062708122596,-69.0214769409011,11.8478233817465));
#2969=CARTESIAN_POINT('Ctrl Pts',(0.0224999343659497,-68.8007294091888,
11.772491592541));
#2970=CARTESIAN_POINT('Ctrl Pts',(-3.13813117610398,-63.4698225777192,24.6012000334149));
#2971=CARTESIAN_POINT('Ctrl Pts',(-3.96409341658276,-63.7353143898775,24.2722597467113));
#2972=CARTESIAN_POINT('Ctrl Pts',(-6.22478790744445,-64.7058586346642,22.8476881430304));
#2973=CARTESIAN_POINT('Ctrl Pts',(-7.95200218160203,-66.8801321156065,18.6781748914224));
#2974=CARTESIAN_POINT('Ctrl Pts',(-5.50884072128563,-68.9217889138272,13.5856809825617));
#2975=CARTESIAN_POINT('Ctrl Pts',(-1.80196924450248,-69.1204924877506,12.0892753167929));
#2976=CARTESIAN_POINT('Ctrl Pts',(0.0449998687124828,-68.90292003494,12.0218344587642));
#2977=CARTESIAN_POINT('Ctrl Pts',(-3.02235149410926,-63.7168595858003,24.514440880662));
#2978=CARTESIAN_POINT('Ctrl Pts',(-3.8270299987308,-63.9737296185093,24.1980261493973));
#2979=CARTESIAN_POINT('Ctrl Pts',(-6.0344317161928,-64.9143048307407,22.8222204542959));
#2980=CARTESIAN_POINT('Ctrl Pts',(-7.73954349032666,-67.0330208379175,18.7611383295086));
#2981=CARTESIAN_POINT('Ctrl Pts',(-5.35787756690304,-69.0288625487458,13.782597830569));
#2982=CARTESIAN_POINT('Ctrl Pts',(-1.73331140777901,-69.2195080346002,12.3307272518393));
#2983=CARTESIAN_POINT('Ctrl Pts',(0.0674998030590158,-69.0051106606912,
12.2711773249874));
#2984=CARTESIAN_POINT('',(-3.02235149410926,-63.7168595858003,24.514440880662));
#2985=CARTESIAN_POINT('Ctrl Pts',(-3.02235149410926,-63.7168595858003,24.514440880662));
#2986=CARTESIAN_POINT('Ctrl Pts',(-3.8270299987308,-63.9737296185093,24.1980261493973));
#2987=CARTESIAN_POINT('Ctrl Pts',(-6.0344317161928,-64.9143048307407,22.8222204542959));
#2988=CARTESIAN_POINT('Ctrl Pts',(-7.73954349032666,-67.0330208379175,18.7611383295086));
#2989=CARTESIAN_POINT('Ctrl Pts',(-5.36779604859477,-69.0205508374879,13.8033310334522));
#2990=CARTESIAN_POINT('Ctrl Pts',(-1.77851560021959,-69.2170817151062,12.3489391194724));
#2991=CARTESIAN_POINT('Ctrl Pts',(-8.91116917617341E-8,-69.0130014258719,
12.2737209499255));
#2992=CARTESIAN_POINT('',(-3.86343152948262,-63.1463080028921,24.5524004985466));
#2993=CARTESIAN_POINT('Ctrl Pts',(-2.93720768560442E-9,-68.6985387837789,
11.5231487264447));
#2994=CARTESIAN_POINT('Ctrl Pts',(-1.93928491991691,-68.9224613939425,11.6063714475058));
#2995=CARTESIAN_POINT('Ctrl Pts',(-5.81076703048552,-68.7076416436285,13.1918472874484));
#2996=CARTESIAN_POINT('Ctrl Pts',(-8.37691956415275,-66.5743546709844,18.5122480152498));
#2997=CARTESIAN_POINT('Ctrl Pts',(-6.67392926917444,-64.3772495753021,22.7291801805176));
#2998=CARTESIAN_POINT('Ctrl Pts',(-4.53763580686589,-63.3925863132761,24.2201335639765));
#2999=CARTESIAN_POINT('Ctrl Pts',(-3.8635908183524,-63.1462122909612,24.5526520321215));
#3000=CARTESIAN_POINT('',(-3.75576958317848,-63.1463080028007,24.5855971912811));
#3001=CARTESIAN_POINT('Ctrl Pts',(-3.86374074142441,-63.1462670911632,24.5525780703123));
#3002=CARTESIAN_POINT('Ctrl Pts',(-3.8278716149158,-63.1462725805234,24.5638149452953));
#3003=CARTESIAN_POINT('Ctrl Pts',(-3.79194974590297,-63.1462774950292,24.5748604857316));
#3004=CARTESIAN_POINT('Ctrl Pts',(-3.755976525074,-63.1462818197134,24.5857136635737));
#3005=CARTESIAN_POINT('Ctrl Pts',(-3.02235149410927,-63.7168595858003,24.514440880662));
#3006=CARTESIAN_POINT('Ctrl Pts',(-3.14736813555401,-63.623434798643,24.5273885545863));
#3007=CARTESIAN_POINT('Ctrl Pts',(-3.27170074441,-63.528382388987,24.5398302670789));
#3008=CARTESIAN_POINT('Ctrl Pts',(-3.39489915148617,-63.4324204827736,24.5517769500803));
#3009=CARTESIAN_POINT('Ctrl Pts',(-3.51593228157549,-63.338145157678,24.5635136638265));
#3010=CARTESIAN_POINT('Ctrl Pts',(-3.63643683112384,-63.242551019659,24.5748271117168));
#3011=CARTESIAN_POINT('Ctrl Pts',(-3.75597652509154,-63.1462818197229,24.5857136635638));
#3012=CARTESIAN_POINT('Ctrl Pts',(3.75576958317843,-63.1463080028007,24.5855971912811));
#3013=CARTESIAN_POINT('Ctrl Pts',(2.45700675630796,-63.1463080028007,25.367368171596));
#3014=CARTESIAN_POINT('Ctrl Pts',(-0.212070894584276,-63.1463080028007,
26.0032231799436));
#3015=CARTESIAN_POINT('Ctrl Pts',(-2.78169746302564,-63.1463080028007,25.1719254265172));
#3016=CARTESIAN_POINT('Ctrl Pts',(-3.75576958317848,-63.1463080028007,24.5855971912811));
#3017=CARTESIAN_POINT('Ctrl Pts',(3.68319919625594,-63.3373202208031,24.465035385791));
#3018=CARTESIAN_POINT('Ctrl Pts',(2.41230876655931,-63.3352166863101,25.2379399632034));
#3019=CARTESIAN_POINT('Ctrl Pts',(-0.208685269511994,-63.3330261599888,
25.8683252356225));
#3020=CARTESIAN_POINT('Ctrl Pts',(-2.73003137398352,-63.3357425699334,25.0447138188503));
#3021=CARTESIAN_POINT('Ctrl Pts',(-3.68319919625599,-63.3373202208031,24.4650353857909));
#3022=CARTESIAN_POINT('Ctrl Pts',(3.61062880933344,-63.5283324388055,24.3444735803008));
#3023=CARTESIAN_POINT('Ctrl Pts',(2.36761077681066,-63.5241253698195,25.1085117548109));
#3024=CARTESIAN_POINT('Ctrl Pts',(-0.205299644439705,-63.5197443171769,
25.7334272913014));
#3025=CARTESIAN_POINT('Ctrl Pts',(-2.67836528494141,-63.525177137066,24.9175022111834));
#3026=CARTESIAN_POINT('Ctrl Pts',(-3.61062880933349,-63.5283324388055,24.3444735803008));
#3027=CARTESIAN_POINT('Ctrl Pts',(3.53805842241095,-63.7193446568079,24.2239117748107));
#3028=CARTESIAN_POINT('Ctrl Pts',(2.322912787062,-63.7130340533289,24.9790835464184));
#3029=CARTESIAN_POINT('Ctrl Pts',(-0.201914019367423,-63.706462474365,25.5985293469802));
#3030=CARTESIAN_POINT('Ctrl Pts',(-2.62669919589929,-63.7146117041987,24.7902906035165));
#3031=CARTESIAN_POINT('Ctrl Pts',(-3.538058422411,-63.7193446568079,24.2239117748107));
#3032=CARTESIAN_POINT('Ctrl Pts',(-3.75576958317848,-63.1463080028007,24.5855971912811));
#3033=CARTESIAN_POINT('Ctrl Pts',(-2.78169746302564,-63.1463080028007,25.1719254265172));
#3034=CARTESIAN_POINT('Ctrl Pts',(-0.212070894584276,-63.1463080028007,
26.0032231799436));
#3035=CARTESIAN_POINT('Ctrl Pts',(2.45700675630796,-63.1463080028007,25.367368171596));
#3036=CARTESIAN_POINT('Ctrl Pts',(3.75576958317843,-63.1463080028007,24.5855971912811));
#3037=CARTESIAN_POINT('Ctrl Pts',(3.02202492910372,-63.7168811692775,24.5137855788266));
#3038=CARTESIAN_POINT('Ctrl Pts',(1.92484913321461,-63.7120881206322,25.0679985710626));
#3039=CARTESIAN_POINT('Ctrl Pts',(-0.194706379414361,-63.7075328231737,
25.4947220411765));
#3040=CARTESIAN_POINT('Ctrl Pts',(-2.24331576321931,-63.7134170237364,24.9089800838056));
#3041=CARTESIAN_POINT('Ctrl Pts',(-3.02222175616346,-63.7168651149185,24.5141811394397));
#3042=CARTESIAN_POINT('Origin',(-6.62923144015106,-68.9477207812521,12.9147868540076));
#3043=CARTESIAN_POINT('',(-2.22044604925031E-15,-69.0475411891848,10.774710651924));
#3044=CARTESIAN_POINT('',(-2.39391839684799E-15,-66.0969245959928,17.1023283557946));
#3045=CARTESIAN_POINT('',(-9.95635543035747,-71.2634396745545,8.91535105012395));
#3046=CARTESIAN_POINT('',(0.317299774397892,-68.9769225683034,10.8339667106598));
#3047=CARTESIAN_POINT('',(-9.95635543035747,-63.1463080028007,26.3225960948872));
#3048=CARTESIAN_POINT('',(-9.95635543035747,-70.3277194184713,10.9220096149554));
#3049=CARTESIAN_POINT('',(-4.61635792045223,-63.1463080028007,24.7711504787519));
#3050=CARTESIAN_POINT('Origin',(6.62923144015105,-64.7215381638451,21.9778647243741));
#3051=CARTESIAN_POINT('',(9.95635543035748,-63.1463080028007,26.3225960948872));
#3052=CARTESIAN_POINT('',(-0.317299774397901,-63.1463080028007,23.3377599972041));
#3053=CARTESIAN_POINT('',(9.95635543035748,-71.2634396745545,8.91535105012394));
#3054=CARTESIAN_POINT('',(9.95635543035748,-64.082028258884,24.3159375300558));
#3055=CARTESIAN_POINT('',(4.61635792045222,-70.0749633815128,9.91260106927819));
#3056=CARTESIAN_POINT('Origin',(0.,-59.3702220286973,16.2134058396581));
#3057=CARTESIAN_POINT('',(7.00290425210456,-68.5714675126518,19.562418043151));
#3058=CARTESIAN_POINT('',(7.,-59.3702220286973,16.2134058396581));
#3059=CARTESIAN_POINT('',(3.45352804157093,-65.5732266357488,24.950468134965));
#3060=CARTESIAN_POINT('Ctrl Pts',(3.45353422389896,-65.5732270341088,24.9504833179479));
#3061=CARTESIAN_POINT('Ctrl Pts',(4.21141826447689,-65.843201827959,24.5912856521225));
#3062=CARTESIAN_POINT('Ctrl Pts',(6.13980634033982,-66.7541465514157,23.1987642411714));
#3063=CARTESIAN_POINT('Ctrl Pts',(6.99936235077849,-67.8975482486015,21.003215174702));
#3064=CARTESIAN_POINT('Ctrl Pts',(7.00290425208901,-68.571467512636,19.5624180431435));
#3065=CARTESIAN_POINT('',(-1.40926193186016,-65.580765806274,25.7667412255903));
#3066=CARTESIAN_POINT('Ctrl Pts',(-1.40926193186016,-65.580765806274,25.7667412255903));
#3067=CARTESIAN_POINT('Ctrl Pts',(-0.757023419432742,-65.5822202222044,
25.9103778341047));
#3068=CARTESIAN_POINT('Ctrl Pts',(0.929965279357198,-65.5836847292743,26.0254027062684));
#3069=CARTESIAN_POINT('Ctrl Pts',(2.57035989644947,-65.5778824349778,25.4843652191679));
#3070=CARTESIAN_POINT('Ctrl Pts',(3.45347423163794,-65.573223168412,24.9503359848124));
#3071=CARTESIAN_POINT('',(-3.45353422306727,-65.5732270338198,24.9504833183638));
#3072=CARTESIAN_POINT('Ctrl Pts',(-3.45347062799466,-65.5732106523103,24.950079000798));
#3073=CARTESIAN_POINT('Ctrl Pts',(-2.81595219419711,-65.5765347043237,25.3347775888635));
#3074=CARTESIAN_POINT('Ctrl Pts',(-2.12343005558027,-65.579173294522,25.6094664169954));
#3075=CARTESIAN_POINT('Ctrl Pts',(-1.40926193186016,-65.580765806274,25.7667412255903));
#3076=CARTESIAN_POINT('',(-1.80007441106597,-70.839092287583,13.1866920415863));
#3077=CARTESIAN_POINT('Ctrl Pts',(-1.80007441106597,-70.839092287583,13.1866920415863));
#3078=CARTESIAN_POINT('Ctrl Pts',(-2.13414876397301,-70.8407173254877,13.2810655005999));
#3079=CARTESIAN_POINT('Ctrl Pts',(-4.09390269796144,-70.7829557512643,13.9789491006738));
#3080=CARTESIAN_POINT('Ctrl Pts',(-6.97617132771909,-69.918564583225,16.6739349807342));
#3081=CARTESIAN_POINT('Ctrl Pts',(-7.30166446546776,-67.610667686466,21.7037178648048));
#3082=CARTESIAN_POINT('Ctrl Pts',(-4.9693023075708,-66.1131766225963,24.232087985375));
#3083=CARTESIAN_POINT('Ctrl Pts',(-3.45353422306727,-65.5732270338198,24.9504833183638));
#3084=CARTESIAN_POINT('',(1.79863520350121,-70.8365668688158,13.1916453867587));
#3085=CARTESIAN_POINT('Origin',(0.,-64.854417256907,18.2093812649757));
#3086=CARTESIAN_POINT('',(2.44168517944012,-70.8241654309482,13.4065779545543));
#3087=CARTESIAN_POINT('Ctrl Pts',(2.44168517944012,-70.8241654309482,13.4065779545543));
#3088=CARTESIAN_POINT('Ctrl Pts',(2.23079782896767,-70.8329803708056,13.3259146223657));
#3089=CARTESIAN_POINT('Ctrl Pts',(2.01613296956508,-70.8371382025744,13.254124412103));
#3090=CARTESIAN_POINT('Ctrl Pts',(1.79863520350121,-70.8365668688158,13.1916453867587));
#3091=CARTESIAN_POINT('Ctrl Pts',(7.00290425208901,-68.571467512636,19.5624180431435));
#3092=CARTESIAN_POINT('Ctrl Pts',(7.00320646773808,-68.6289702293809,19.4394808401811));
#3093=CARTESIAN_POINT('Ctrl Pts',(6.95205067591346,-69.4111757667825,17.7510536020845));
#3094=CARTESIAN_POINT('Ctrl Pts',(5.69579039745671,-70.4361159736027,15.1913281253686));
#3095=CARTESIAN_POINT('Ctrl Pts',(3.36080243677779,-70.7857469893881,13.7581356012544));
#3096=CARTESIAN_POINT('Ctrl Pts',(2.4416851794362,-70.8241654309266,13.4065779545625));
#3097=CARTESIAN_POINT('Ctrl Pts',(-0.207574657355163,-71.5724232575164,
12.5723049076176));
#3098=CARTESIAN_POINT('Ctrl Pts',(-1.15106974379871,-71.6704194747832,12.6362678205847));
#3099=CARTESIAN_POINT('Ctrl Pts',(-3.97407577755409,-71.7426544750184,13.3015358379039));
#3100=CARTESIAN_POINT('Ctrl Pts',(-7.59987322832368,-70.6613673356928,16.6737774832103));
#3101=CARTESIAN_POINT('Ctrl Pts',(-7.90471443796968,-68.1200259261938,22.2122681612474));
#3102=CARTESIAN_POINT('Ctrl Pts',(-5.31859917190733,-66.5041616053927,24.9261484952986));
#3103=CARTESIAN_POINT('Ctrl Pts',(-3.66638535138474,-65.9269466810414,25.683967220272));
#3104=CARTESIAN_POINT('Ctrl Pts',(-0.228078808848489,-71.3006700854623,
12.686202420535));
#3105=CARTESIAN_POINT('Ctrl Pts',(-1.14467222262363,-71.394871598129,12.7511255221253));
#3106=CARTESIAN_POINT('Ctrl Pts',(-3.88321614682249,-71.4619823473134,13.4050375105339));
#3107=CARTESIAN_POINT('Ctrl Pts',(-7.39197259478881,-70.4137664182035,16.6738299823849));
#3108=CARTESIAN_POINT('Ctrl Pts',(-7.70369778046904,-67.9502398462845,22.0427513957665));
#3109=CARTESIAN_POINT('Ctrl Pts',(-5.20216688379515,-66.3738332777939,24.6947949919907));
#3110=CARTESIAN_POINT('Ctrl Pts',(-3.59543497527892,-65.8090401319675,25.4394725863026));
#3111=CARTESIAN_POINT('Ctrl Pts',(-0.248582960341816,-71.0289169134082,
12.8000999334524));
#3112=CARTESIAN_POINT('Ctrl Pts',(-1.13827470144856,-71.1193237214749,12.865983223666));
#3113=CARTESIAN_POINT('Ctrl Pts',(-3.79235651609089,-71.1813102196084,13.508539183164));
#3114=CARTESIAN_POINT('Ctrl Pts',(-7.18407196125396,-70.1661655007143,16.6738824815596));
#3115=CARTESIAN_POINT('Ctrl Pts',(-7.50268112296841,-67.7804537663753,21.8732346302856));
#3116=CARTESIAN_POINT('Ctrl Pts',(-5.08573459568298,-66.2435049501951,24.4634414886829));
#3117=CARTESIAN_POINT('Ctrl Pts',(-3.52448459917309,-65.6911335828936,25.1949779523332));
#3118=CARTESIAN_POINT('Ctrl Pts',(-0.269087111835142,-70.7571637413541,
12.9139974463698));
#3119=CARTESIAN_POINT('Ctrl Pts',(-1.13187718027349,-70.8437758448208,12.9808409252067));
#3120=CARTESIAN_POINT('Ctrl Pts',(-3.7014968853593,-70.9006380919034,13.612040855794));
#3121=CARTESIAN_POINT('Ctrl Pts',(-6.97617132771909,-69.918564583225,16.6739349807342));
#3122=CARTESIAN_POINT('Ctrl Pts',(-7.30166446546776,-67.610667686466,21.7037178648048));
#3123=CARTESIAN_POINT('Ctrl Pts',(-4.9693023075708,-66.1131766225963,24.232087985375));
#3124=CARTESIAN_POINT('Ctrl Pts',(-3.45353422306727,-65.5732270338198,24.9504833183638));
#3125=CARTESIAN_POINT('',(-4.27779652876347,-66.1463080028007,25.3328952725563));
#3126=CARTESIAN_POINT('',(-4.25135520847035,-66.1463080028007,25.383498408256));
#3127=CARTESIAN_POINT('Ctrl Pts',(-4.25135520847033,-66.1463080028007,25.383498408256));
#3128=CARTESIAN_POINT('Ctrl Pts',(-4.26022828206906,-66.1463080028007,25.3666618611903));
#3129=CARTESIAN_POINT('Ctrl Pts',(-4.26904208075901,-66.1463080028007,25.3497939785377));
#3130=CARTESIAN_POINT('Ctrl Pts',(-4.27779652876347,-66.1463080028007,25.3328952725563));
#3131=CARTESIAN_POINT('',(-0.207574657359721,-71.5724232575171,12.5723049076174));
#3132=CARTESIAN_POINT('Ctrl Pts',(-4.25073069271022,-66.1466255366908,25.38263601218));
#3133=CARTESIAN_POINT('Ctrl Pts',(-5.62180830549374,-66.7003024875598,24.593615282095));
#3134=CARTESIAN_POINT('Ctrl Pts',(-7.89239820425395,-68.2227015283121,21.9885013493313));
#3135=CARTESIAN_POINT('Ctrl Pts',(-7.59987322832368,-70.6613673356928,16.6737774832103));
#3136=CARTESIAN_POINT('Ctrl Pts',(-3.97407577755409,-71.7426544750184,13.3015358379039));
#3137=CARTESIAN_POINT('Ctrl Pts',(-1.15106974379871,-71.6704194747832,12.6362678205847));
#3138=CARTESIAN_POINT('Ctrl Pts',(-0.207574657355163,-71.5724232575164,
12.5723049076176));
#3139=CARTESIAN_POINT('Ctrl Pts',(-1.80068225620727,-70.8390952319253,13.1868637797882));
#3140=CARTESIAN_POINT('Ctrl Pts',(-1.69628433027772,-70.9117119244821,13.1259996479558));
#3141=CARTESIAN_POINT('Ctrl Pts',(-1.58809652770088,-70.9811185216805,13.0678438267851));
#3142=CARTESIAN_POINT('Ctrl Pts',(-1.47623758794656,-71.0468464022571,13.0127727750679));
#3143=CARTESIAN_POINT('Ctrl Pts',(-1.36437864819223,-71.1125742828336,12.9577017233507));
#3144=CARTESIAN_POINT('Ctrl Pts',(-1.24884809515396,-71.1746233798207,12.9057154331834));
#3145=CARTESIAN_POINT('Ctrl Pts',(-1.12981813158559,-71.2325235903088,12.857206260626));
#3146=CARTESIAN_POINT('Ctrl Pts',(-1.01618333914384,-71.2877994066152,12.8108958225663));
#3147=CARTESIAN_POINT('Ctrl Pts',(-0.899554581109947,-71.3392032275452,
12.7678321930829));
#3148=CARTESIAN_POINT('Ctrl Pts',(-0.780126761065584,-71.3863188057226,
12.7283495645172));
#3149=CARTESIAN_POINT('Ctrl Pts',(-0.665335306511653,-71.431605287123,12.690399710279));
#3150=CARTESIAN_POINT('Ctrl Pts',(-0.547957737176554,-71.4729299296464,
12.6557583285916));
#3151=CARTESIAN_POINT('Ctrl Pts',(-0.428213204191665,-71.5099227560563,
12.6247345936959));
#3152=CARTESIAN_POINT('Ctrl Pts',(-0.355519022395775,-71.5323802593857,
12.6059007900285));
#3153=CARTESIAN_POINT('Ctrl Pts',(-0.281953417357559,-71.5532413000283,
12.5884004810711));
#3154=CARTESIAN_POINT('Ctrl Pts',(-0.207574657355163,-71.5724232575164,
12.5723049076176));
#3155=CARTESIAN_POINT('Ctrl Pts',(-4.27705250396976,-66.1466418663964,25.3319641591977));
#3156=CARTESIAN_POINT('Ctrl Pts',(-4.21231110933551,-66.0997183752477,25.3013815067489));
#3157=CARTESIAN_POINT('Ctrl Pts',(-4.14734913359564,-66.053034991925,25.2708375703679));
#3158=CARTESIAN_POINT('Ctrl Pts',(-4.08218973962694,-66.006640617775,25.2403443533383));
#3159=CARTESIAN_POINT('Ctrl Pts',(-3.96848208433869,-65.9256792216993,25.1871315777207));
#3160=CARTESIAN_POINT('Ctrl Pts',(-3.85391042511153,-65.8454126273116,25.1339589038364));
#3161=CARTESIAN_POINT('Ctrl Pts',(-3.73861233912827,-65.7661318894231,25.0808745119367));
#3162=CARTESIAN_POINT('Ctrl Pts',(-3.64405871192627,-65.7011153605651,25.0373410763283));
#3163=CARTESIAN_POINT('Ctrl Pts',(-3.54901594976078,-65.6367616824649,24.9938672609757));
#3164=CARTESIAN_POINT('Ctrl Pts',(-3.45353422306728,-65.5732270338198,24.9504833183638));
#3165=CARTESIAN_POINT('Ctrl Pts',(-4.27779829653446,-66.1463080037219,25.332893999277));
#3166=CARTESIAN_POINT('Ctrl Pts',(-2.85025688432279,-66.1463080037098,26.3623442507719));
#3167=CARTESIAN_POINT('Ctrl Pts',(0.254693858065328,-66.1463080036962,27.2223377040411));
#3168=CARTESIAN_POINT('Ctrl Pts',(3.20714026613749,-66.1463080037128,26.1049826434024));
#3169=CARTESIAN_POINT('Ctrl Pts',(4.2777965328663,-66.1463080037219,25.3328952711197));
#3170=CARTESIAN_POINT('Ctrl Pts',(-4.12750361690552,-65.9545885638102,25.1244799657632));
#3171=CARTESIAN_POINT('Ctrl Pts',(-2.74330261545072,-65.9571106439764,26.1122086283145));
#3172=CARTESIAN_POINT('Ctrl Pts',(0.243939421215223,-65.9599271304219,26.9305998169655));
#3173=CARTESIAN_POINT('Ctrl Pts',(3.08935096132185,-65.9564801266367,25.8652773761778));
#3174=CARTESIAN_POINT('Ctrl Pts',(4.12750190678265,-65.9545885669261,25.1244811860605));
#3175=CARTESIAN_POINT('Ctrl Pts',(-3.97720893727657,-65.7628691238985,24.9160659322493));
#3176=CARTESIAN_POINT('Ctrl Pts',(-2.63634834657864,-65.767913284243,25.8620730058571));
#3177=CARTESIAN_POINT('Ctrl Pts',(0.233184984365119,-65.7735462571475,26.63886192989));
#3178=CARTESIAN_POINT('Ctrl Pts',(2.97156165650622,-65.7666522495607,25.6255721089532));
#3179=CARTESIAN_POINT('Ctrl Pts',(3.97720728069899,-65.7628691301304,24.9160671010014));
#3180=CARTESIAN_POINT('Ctrl Pts',(-3.82691425764763,-65.5711496839868,24.7076518987355));
#3181=CARTESIAN_POINT('Ctrl Pts',(-2.52939407770656,-65.5787159245096,25.6119373833997));
#3182=CARTESIAN_POINT('Ctrl Pts',(0.222430547515014,-65.5871653838732,26.3471240428145));
#3183=CARTESIAN_POINT('Ctrl Pts',(2.85377235169059,-65.5768243724846,25.3858668417286));
#3184=CARTESIAN_POINT('Ctrl Pts',(3.82691265461533,-65.5711496933346,24.7076530159423));
#3185=CARTESIAN_POINT('',(4.21977545805164,-66.1463080028007,25.3743234479204));
#3186=CARTESIAN_POINT('',(-4.21977545805166,-66.1463080028007,25.3743234479204));
#3187=CARTESIAN_POINT('Ctrl Pts',(4.21977011317483,-66.1463080028008,25.3743186287786));
#3188=CARTESIAN_POINT('Ctrl Pts',(3.16156136296113,-66.1463080028008,26.1221108027793));
#3189=CARTESIAN_POINT('Ctrl Pts',(0.253526714273407,-66.1463080028007,27.2071954190837));
#3190=CARTESIAN_POINT('Ctrl Pts',(-2.80234084279919,-66.1463080028008,26.3755005350253));
#3191=CARTESIAN_POINT('Ctrl Pts',(-4.2197697760853,-66.1463080028008,25.374309609444));
#3192=CARTESIAN_POINT('Ctrl Pts',(-4.2777965287635,-66.1463080028007,25.3328952725562));
#3193=CARTESIAN_POINT('Ctrl Pts',(-4.25851645340482,-66.1463080028007,25.3467988036574));
#3194=CARTESIAN_POINT('Ctrl Pts',(-4.23917588830442,-66.1463080028007,25.3606083458125));
#3195=CARTESIAN_POINT('Ctrl Pts',(-4.21977545805171,-66.1463080028007,25.3743234479204));
#3196=CARTESIAN_POINT('',(4.27779652876346,-66.1463080028007,25.3328952725563));
#3197=CARTESIAN_POINT('Ctrl Pts',(3.45347423158437,-65.5732231684123,24.9503359848448));
#3198=CARTESIAN_POINT('Ctrl Pts',(3.56801607911634,-65.6494449845791,25.0024163468034));
#3199=CARTESIAN_POINT('Ctrl Pts',(3.68195996192909,-65.7267832802208,25.0546593386165));
#3200=CARTESIAN_POINT('Ctrl Pts',(3.79514543800187,-65.8049643295195,25.1069982833893));
#3201=CARTESIAN_POINT('Ctrl Pts',(3.82129158450477,-65.8230243601846,25.1190887190646));
#3202=CARTESIAN_POINT('Ctrl Pts',(3.84739739909092,-65.8411293506563,25.1311841073509));
#3203=CARTESIAN_POINT('Ctrl Pts',(3.87346115955189,-65.8592759087927,25.1432833071481));
#3204=CARTESIAN_POINT('Ctrl Pts',(3.9905833495561,-65.9408207278204,25.1976532350665));
#3205=CARTESIAN_POINT('Ctrl Pts',(4.10711131727738,-66.0233852879993,25.2522241910791));
#3206=CARTESIAN_POINT('Ctrl Pts',(4.22287670708796,-66.1066910734224,25.306914354519));
#3207=CARTESIAN_POINT('Ctrl Pts',(4.24120255582731,-66.1198785142048,25.315571895986));
#3208=CARTESIAN_POINT('Ctrl Pts',(4.25950936144218,-66.1330845265955,25.3242323417957));
#3209=CARTESIAN_POINT('Ctrl Pts',(4.27779653214419,-66.1463080028008,25.3328952701183));
#3210=CARTESIAN_POINT('Ctrl Pts',(4.27779652876346,-66.1463080028008,25.3328952725563));
#3211=CARTESIAN_POINT('Ctrl Pts',(4.25851719076467,-66.1463080028008,25.3467982719213));
#3212=CARTESIAN_POINT('Ctrl Pts',(4.23917472785497,-66.1463080028008,25.3606061935012));
#3213=CARTESIAN_POINT('Ctrl Pts',(4.21977011317483,-66.1463080028008,25.3743186287786));
#3214=CARTESIAN_POINT('Ctrl Pts',(3.66638535136523,-65.9269466810346,25.6839672202809));
#3215=CARTESIAN_POINT('Ctrl Pts',(4.4924922601798,-66.2155541427035,25.3050578584607));
#3216=CARTESIAN_POINT('Ctrl Pts',(6.72410855029971,-67.2472633266228,23.7409085991871));
#3217=CARTESIAN_POINT('Ctrl Pts',(8.32846038332702,-69.4670557985655,19.4466654680456));
#3218=CARTESIAN_POINT('Ctrl Pts',(5.82225644486011,-71.5297687461708,14.2950282719));
#3219=CARTESIAN_POINT('Ctrl Pts',(2.09456486146571,-71.7684156916251,12.7002307435344));
#3220=CARTESIAN_POINT('Ctrl Pts',(0.207574692107809,-71.572423261126,12.5723049099736));
#3221=CARTESIAN_POINT('Ctrl Pts',(3.59543497525809,-65.8090401319578,25.439472586305));
#3222=CARTESIAN_POINT('Ctrl Pts',(4.39880092810874,-66.091436704375,25.0671337898041));
#3223=CARTESIAN_POINT('Ctrl Pts',(6.56489466956891,-67.0996860765189,23.5345200175811));
#3224=CARTESIAN_POINT('Ctrl Pts',(8.1037464156494,-69.2574436169446,19.3584361283569));
#3225=CARTESIAN_POINT('Ctrl Pts',(5.67075440630521,-71.2544300818862,14.370992727222));
#3226=CARTESIAN_POINT('Ctrl Pts',(2.06126566667056,-71.4890731103457,12.816048633488));
#3227=CARTESIAN_POINT('Ctrl Pts',(0.228078842610775,-71.3006700889251,12.6862024229294));
#3228=CARTESIAN_POINT('Ctrl Pts',(3.52448459915095,-65.691133582881,25.1949779523291));
#3229=CARTESIAN_POINT('Ctrl Pts',(4.30510959603768,-65.9673192660464,24.8292097211475));
#3230=CARTESIAN_POINT('Ctrl Pts',(6.40568078883811,-66.952108826415,23.328131435975));
#3231=CARTESIAN_POINT('Ctrl Pts',(7.87903244797179,-69.0478314353237,19.2702067886682));
#3232=CARTESIAN_POINT('Ctrl Pts',(5.51925236775031,-70.9790914176016,14.4469571825441));
#3233=CARTESIAN_POINT('Ctrl Pts',(2.02796647187542,-71.2097305290663,12.9318665234417));
#3234=CARTESIAN_POINT('Ctrl Pts',(0.24858299311374,-71.0289169167241,12.8000999358851));
#3235=CARTESIAN_POINT('Ctrl Pts',(3.45353422304382,-65.5732270338042,24.9504833183532));
#3236=CARTESIAN_POINT('Ctrl Pts',(4.21141826396662,-65.8432018277179,24.591285652491));
#3237=CARTESIAN_POINT('Ctrl Pts',(6.24646690810731,-66.804531576311,23.1217428543689));
#3238=CARTESIAN_POINT('Ctrl Pts',(7.65431848029418,-68.8382192537027,19.1819774489795));
#3239=CARTESIAN_POINT('Ctrl Pts',(5.3677503291954,-70.7037527533169,14.5229216378661));
#3240=CARTESIAN_POINT('Ctrl Pts',(1.99466727708028,-70.930387947787,13.0476844133953));
#3241=CARTESIAN_POINT('Ctrl Pts',(0.269087143616706,-70.7571637445232,12.9139974488408));
#3242=CARTESIAN_POINT('',(0.952062577849063,-71.3143329943632,12.7888683522399));
#3243=CARTESIAN_POINT('Ctrl Pts',(0.952062577849188,-71.3143329943632,12.7888683522399));
#3244=CARTESIAN_POINT('Ctrl Pts',(1.24230574518939,-71.186723294516,12.8959456043163));
#3245=CARTESIAN_POINT('Ctrl Pts',(1.51380439083849,-71.0340308041078,13.0240698167014));
#3246=CARTESIAN_POINT('Ctrl Pts',(1.77604130543036,-70.8545698900463,13.1746554035012));
#3247=CARTESIAN_POINT('Ctrl Pts',(1.78784660821994,-70.8464168323233,13.1814966312295));
#3248=CARTESIAN_POINT('Ctrl Pts',(1.79960403270051,-70.8382229503048,13.1883721146091));
#3249=CARTESIAN_POINT('',(0.207574699369394,-71.5724232642857,12.5723049053074));
#3250=CARTESIAN_POINT('Ctrl Pts',(0.207574693075221,-71.5724232483043,12.5723049153475));
#3251=CARTESIAN_POINT('Ctrl Pts',(0.466475970619393,-71.5056537369936,12.6283311876622));
#3252=CARTESIAN_POINT('Ctrl Pts',(0.715266469943997,-71.4184439043002,12.7015089261103));
#3253=CARTESIAN_POINT('Ctrl Pts',(0.95206257785094,-71.3143329943624,12.7888683522406));
#3254=CARTESIAN_POINT('',(4.25135520870751,-66.1463080028547,25.3834984082093));
#3255=CARTESIAN_POINT('Ctrl Pts',(0.207574699271039,-71.57242326187,12.5723049104593));
#3256=CARTESIAN_POINT('Ctrl Pts',(2.09456486618262,-71.7684156913231,12.7002307455524));
#3257=CARTESIAN_POINT('Ctrl Pts',(5.8222564459172,-71.5297687453008,14.2950282740729));
#3258=CARTESIAN_POINT('Ctrl Pts',(8.32846038332702,-69.4670557985655,19.4466654680456));
#3259=CARTESIAN_POINT('Ctrl Pts',(6.80188609973838,-67.3548768906653,23.5327275128703));
#3260=CARTESIAN_POINT('Ctrl Pts',(4.84483026031782,-66.3842348928242,25.0456866465548));
#3261=CARTESIAN_POINT('Ctrl Pts',(4.25178705466429,-66.1462524288481,25.3837430525621));
#3262=CARTESIAN_POINT('Ctrl Pts',(4.25178705447215,-66.146252428771,25.3837430526716));
#3263=CARTESIAN_POINT('Ctrl Pts',(4.2606777477026,-66.1462502467494,25.3669162720789));
#3264=CARTESIAN_POINT('Ctrl Pts',(4.26950966394567,-66.1462480219223,25.3500583188793));
#3265=CARTESIAN_POINT('Ctrl Pts',(4.27828269986694,-66.1462457531017,25.3331696877411));
#3266=CARTESIAN_POINT('Origin',(6.2636234099356,-67.4201950825225,23.2362691122864));
#3267=CARTESIAN_POINT('',(15.0507037645469,-74.8759279924405,9.80033530295038));
#3268=CARTESIAN_POINT('',(4.42388728986355,-72.5108108875656,11.784904193342));
#3269=CARTESIAN_POINT('',(15.0507037645421,-66.1463080028007,28.5210657841501));
#3270=CARTESIAN_POINT('',(15.0507037645434,-68.4182291636638,23.6489151318276));
#3271=CARTESIAN_POINT('',(-0.509770404986575,-66.1463080028007,24.0002341937755));
#3272=CARTESIAN_POINT('Origin',(-11.,-56.8800207651432,15.3070959219181));
#3273=CARTESIAN_POINT('',(-11.5,-55.0006235851024,14.6230884368313));
#3274=CARTESIAN_POINT('Origin',(-11.5,-56.8800207651432,15.3070959219181));
#3275=CARTESIAN_POINT('',(-10.5,-55.9403221751229,14.9650921793747));
#3276=CARTESIAN_POINT('',(-11.,-55.4704728801126,14.794090308103));
#3277=CARTESIAN_POINT('Origin',(-10.5,-56.8800207651432,15.3070959219181));
#3278=CARTESIAN_POINT('Origin',(-9.5,-56.8800207651432,15.3070959219181));
#3279=CARTESIAN_POINT('',(-9.5,-55.9403221751229,14.9650921793747));
#3280=CARTESIAN_POINT('Origin',(-9.49999999999986,-56.8800207651432,15.3070959219181));
#3281=CARTESIAN_POINT('',(-9.5,-55.9403221751228,14.9650921793747));
#3282=CARTESIAN_POINT('Origin',(-11.5,-56.8800207651432,15.3070959219181));
#3283=CARTESIAN_POINT('',(-18.0506235851025,-55.0006235851025,14.6230884368313));
#3284=CARTESIAN_POINT('',(-11.5,-55.0006235851025,14.6230884368313));
#3285=CARTESIAN_POINT('',(-18.5,-55.45,13.9088682540259));
#3286=CARTESIAN_POINT('Origin',(-19.9300207651432,-56.8800207651432,15.3070959219181));
#3287=CARTESIAN_POINT('',(-18.5,-55.45,16.7053235898103));
#3288=CARTESIAN_POINT('Origin',(-18.5,-56.8800207651432,15.3070959219181));
#3289=CARTESIAN_POINT('Origin',(-19.9300207651432,-56.8800207651432,15.3070959219181));
#3290=CARTESIAN_POINT('',(-14.5,-55.95,13.5364854688815));
#3291=CARTESIAN_POINT('',(-17.25,-58.7,14.4778338495367));
#3292=CARTESIAN_POINT('Ctrl Pts',(-14.5,-55.95,13.5364854688815));
#3293=CARTESIAN_POINT('Ctrl Pts',(-14.9051758319493,-55.95,13.5364854688815));
#3294=CARTESIAN_POINT('Ctrl Pts',(-15.3240946501942,-56.0435877793958,13.4802868306219));
#3295=CARTESIAN_POINT('Ctrl Pts',(-16.0731351578846,-56.4063324992938,13.3545423280095));
#3296=CARTESIAN_POINT('Ctrl Pts',(-16.4045310633683,-56.6753745378529,13.2923665521617));
#3297=CARTESIAN_POINT('Ctrl Pts',(-16.7633080646357,-57.1284070371222,13.3179302755774));
#3298=CARTESIAN_POINT('Ctrl Pts',(-16.8656580693388,-57.2862325271633,13.3416292871738));
#3299=CARTESIAN_POINT('Ctrl Pts',(-17.0301470899083,-57.6075568187436,13.4365990674492));
#3300=CARTESIAN_POINT('Ctrl Pts',(-17.092569532547,-57.77071608113,13.5085260976376));
#3301=CARTESIAN_POINT('Ctrl Pts',(-17.1771188390168,-58.0543553775479,13.679929218429));
#3302=CARTESIAN_POINT('Ctrl Pts',(-17.2046620097116,-58.1882238167244,13.7846639810588));
#3303=CARTESIAN_POINT('Ctrl Pts',(-17.2391349196455,-58.4275090145624,14.0286302935344));
#3304=CARTESIAN_POINT('Ctrl Pts',(-17.2462583767509,-58.5329314529138,14.1678288603592));
#3305=CARTESIAN_POINT('Ctrl Pts',(-17.2496677167289,-58.6480732495996,14.3703227905614));
#3306=CARTESIAN_POINT('Ctrl Pts',(-17.25,-58.6752526298414,14.42352086296));
#3307=CARTESIAN_POINT('Ctrl Pts',(-17.25,-58.7,14.4778338495367));
#3308=CARTESIAN_POINT('',(-17.25,-58.7,16.1363579942994));
#3309=CARTESIAN_POINT('Ctrl Pts',(-17.25,-58.7,16.1363579942994));
#3310=CARTESIAN_POINT('Ctrl Pts',(-17.25,-58.6752526298414,16.1906709808762));
#3311=CARTESIAN_POINT('Ctrl Pts',(-17.2496677167289,-58.6480732495996,16.2438690532748));
#3312=CARTESIAN_POINT('Ctrl Pts',(-17.2462583767509,-58.5329314529138,16.446362983477));
#3313=CARTESIAN_POINT('Ctrl Pts',(-17.2391349196455,-58.4275090145624,16.5855615503018));
#3314=CARTESIAN_POINT('Ctrl Pts',(-17.2046620097116,-58.1882238167245,16.8295278627774));
#3315=CARTESIAN_POINT('Ctrl Pts',(-17.1771188390168,-58.0543553775479,16.9342626254072));
#3316=CARTESIAN_POINT('Ctrl Pts',(-17.092569532547,-57.77071608113,17.1056657461986));
#3317=CARTESIAN_POINT('Ctrl Pts',(-17.0301470899083,-57.6075568187436,17.1775927763869));
#3318=CARTESIAN_POINT('Ctrl Pts',(-16.8656580693388,-57.2862325271633,17.2725625566623));
#3319=CARTESIAN_POINT('Ctrl Pts',(-16.7633080646357,-57.1284070371222,17.2962615682588));
#3320=CARTESIAN_POINT('Ctrl Pts',(-16.4045310633683,-56.6753745378529,17.3218252916745));
#3321=CARTESIAN_POINT('Ctrl Pts',(-16.0731351578846,-56.4063324992938,17.2596495158267));
#3322=CARTESIAN_POINT('Ctrl Pts',(-15.3240946501942,-56.0435877793958,17.1339050132143));
#3323=CARTESIAN_POINT('Ctrl Pts',(-14.9051758319493,-55.95,17.0777063749547));
#3324=CARTESIAN_POINT('Ctrl Pts',(-14.0948241680507,-55.95,17.0777063749547));
#3325=CARTESIAN_POINT('Ctrl Pts',(-13.6759053498058,-56.0435877793958,17.1339050132143));
#3326=CARTESIAN_POINT('Ctrl Pts',(-12.9268648421154,-56.4063324992938,17.2596495158267));
#3327=CARTESIAN_POINT('Ctrl Pts',(-12.5954689366317,-56.6753745378529,17.3218252916745));
#3328=CARTESIAN_POINT('Ctrl Pts',(-12.2366919353643,-57.1284070371222,17.2962615682588));
#3329=CARTESIAN_POINT('Ctrl Pts',(-12.1343419306612,-57.2862325271633,17.2725625566623));
#3330=CARTESIAN_POINT('Ctrl Pts',(-11.9698529100917,-57.6075568187436,17.1775927763869));
#3331=CARTESIAN_POINT('Ctrl Pts',(-11.907430467453,-57.77071608113,17.1056657461986));
#3332=CARTESIAN_POINT('Ctrl Pts',(-11.8228811609832,-58.0543553775479,16.9342626254072));
#3333=CARTESIAN_POINT('Ctrl Pts',(-11.7953379902884,-58.1882238167244,16.8295278627774));
#3334=CARTESIAN_POINT('Ctrl Pts',(-11.7608650803545,-58.4275090145624,16.5855615503018));
#3335=CARTESIAN_POINT('Ctrl Pts',(-11.7537416232491,-58.5329314529138,16.446362983477));
#3336=CARTESIAN_POINT('Ctrl Pts',(-11.7461310078922,-58.7899606526197,15.9943390067521));
#3337=CARTESIAN_POINT('Ctrl Pts',(-11.755898594418,-58.8800207651432,15.644576385048));
#3338=CARTESIAN_POINT('Ctrl Pts',(-11.755898594418,-58.8800207651432,14.9696154587882));
#3339=CARTESIAN_POINT('Ctrl Pts',(-11.7461310078922,-58.7899606526197,14.6198528370841));
#3340=CARTESIAN_POINT('Ctrl Pts',(-11.7537416232491,-58.5329314529138,14.1678288603592));
#3341=CARTESIAN_POINT('Ctrl Pts',(-11.7608650803545,-58.4275090145624,14.0286302935344));
#3342=CARTESIAN_POINT('Ctrl Pts',(-11.7953379902884,-58.1882238167244,13.7846639810588));
#3343=CARTESIAN_POINT('Ctrl Pts',(-11.8228811609832,-58.0543553775479,13.679929218429));
#3344=CARTESIAN_POINT('Ctrl Pts',(-11.907430467453,-57.77071608113,13.5085260976376));
#3345=CARTESIAN_POINT('Ctrl Pts',(-11.9698529100917,-57.6075568187436,13.4365990674492));
#3346=CARTESIAN_POINT('Ctrl Pts',(-12.1343419306612,-57.2862325271633,13.3416292871738));
#3347=CARTESIAN_POINT('Ctrl Pts',(-12.2366919353643,-57.1284070371222,13.3179302755774));
#3348=CARTESIAN_POINT('Ctrl Pts',(-12.5954689366317,-56.6753745378529,13.2923665521617));
#3349=CARTESIAN_POINT('Ctrl Pts',(-12.9268648421154,-56.4063324992938,13.3545423280095));
#3350=CARTESIAN_POINT('Ctrl Pts',(-13.6759053498058,-56.0435877793958,13.4802868306219));
#3351=CARTESIAN_POINT('Ctrl Pts',(-14.0948241680507,-55.95,13.5364854688815));
#3352=CARTESIAN_POINT('Ctrl Pts',(-14.5,-55.95,13.5364854688815));
#3353=CARTESIAN_POINT('Ctrl Pts',(-17.25,-58.7,14.4778338495367));
#3354=CARTESIAN_POINT('Ctrl Pts',(-17.25,-58.8191682606257,14.7393721098962));
#3355=CARTESIAN_POINT('Ctrl Pts',(-17.244101405582,-58.8800207651432,15.0276477510198));
#3356=CARTESIAN_POINT('Ctrl Pts',(-17.244101405582,-58.8800207651432,15.5865440928164));
#3357=CARTESIAN_POINT('Ctrl Pts',(-17.25,-58.8191682606257,15.87481973394));
#3358=CARTESIAN_POINT('Ctrl Pts',(-17.25,-58.7,16.1363579942994));
#3359=CARTESIAN_POINT('Origin',(11.,-56.8800207651432,15.3070959219181));
#3360=CARTESIAN_POINT('',(10.5,-55.9403221751229,14.9650921793747));
#3361=CARTESIAN_POINT('Origin',(10.5,-56.8800207651432,15.3070959219181));
#3362=CARTESIAN_POINT('',(11.5,-55.0006235851024,14.6230884368313));
#3363=CARTESIAN_POINT('',(11.,-55.4704728801126,14.794090308103));
#3364=CARTESIAN_POINT('Origin',(11.5,-56.8800207651432,15.3070959219181));
#3365=CARTESIAN_POINT('Origin',(9.5,-56.8800207651432,15.3070959219181));
#3366=CARTESIAN_POINT('',(9.5,-55.9403221751229,14.9650921793747));
#3367=CARTESIAN_POINT('Origin',(9.50000000000009,-56.8800207651432,15.3070959219181));
#3368=CARTESIAN_POINT('',(9.5,-55.9403221751228,14.9650921793747));
#3369=CARTESIAN_POINT('Origin',(11.5,-56.8800207651432,15.3070959219181));
#3370=CARTESIAN_POINT('',(18.0506235851025,-55.0006235851025,14.6230884368313));
#3371=CARTESIAN_POINT('',(11.5,-55.0006235851025,14.6230884368313));
#3372=CARTESIAN_POINT('',(18.5,-55.45,16.7053235898103));
#3373=CARTESIAN_POINT('Origin',(19.9300207651432,-56.8800207651432,15.3070959219181));
#3374=CARTESIAN_POINT('',(18.5,-55.45,13.9088682540259));
#3375=CARTESIAN_POINT('Origin',(18.5,-56.8800207651432,15.3070959219181));
#3376=CARTESIAN_POINT('Origin',(19.9300207651432,-56.8800207651432,15.3070959219181));
#3377=CARTESIAN_POINT('',(14.5,-55.95,13.5364854688815));
#3378=CARTESIAN_POINT('',(11.75,-58.7,14.4778338495367));
#3379=CARTESIAN_POINT('Ctrl Pts',(14.5,-55.95,13.5364854688815));
#3380=CARTESIAN_POINT('Ctrl Pts',(14.0948241680507,-55.95,13.5364854688815));
#3381=CARTESIAN_POINT('Ctrl Pts',(13.6759053498058,-56.0435877793958,13.4802868306219));
#3382=CARTESIAN_POINT('Ctrl Pts',(12.9268648421154,-56.4063324992938,13.3545423280095));
#3383=CARTESIAN_POINT('Ctrl Pts',(12.5954689366317,-56.6753745378529,13.2923665521617));
#3384=CARTESIAN_POINT('Ctrl Pts',(12.2366919353643,-57.1284070371222,13.3179302755774));
#3385=CARTESIAN_POINT('Ctrl Pts',(12.1343419306612,-57.2862325271633,13.3416292871738));
#3386=CARTESIAN_POINT('Ctrl Pts',(11.9698529100917,-57.6075568187436,13.4365990674492));
#3387=CARTESIAN_POINT('Ctrl Pts',(11.907430467453,-57.77071608113,13.5085260976376));
#3388=CARTESIAN_POINT('Ctrl Pts',(11.8228811609832,-58.0543553775479,13.679929218429));
#3389=CARTESIAN_POINT('Ctrl Pts',(11.7953379902884,-58.1882238167244,13.7846639810588));
#3390=CARTESIAN_POINT('Ctrl Pts',(11.7608650803545,-58.4275090145624,14.0286302935344));
#3391=CARTESIAN_POINT('Ctrl Pts',(11.7537416232491,-58.5329314529138,14.1678288603592));
#3392=CARTESIAN_POINT('Ctrl Pts',(11.7503322832711,-58.6480732495996,14.3703227905614));
#3393=CARTESIAN_POINT('Ctrl Pts',(11.75,-58.6752526298414,14.42352086296));
#3394=CARTESIAN_POINT('Ctrl Pts',(11.75,-58.7,14.4778338495368));
#3395=CARTESIAN_POINT('',(11.75,-58.7,16.1363579942994));
#3396=CARTESIAN_POINT('Ctrl Pts',(11.75,-58.7,16.1363579942994));
#3397=CARTESIAN_POINT('Ctrl Pts',(11.75,-58.6752526298414,16.1906709808762));
#3398=CARTESIAN_POINT('Ctrl Pts',(11.7503322832711,-58.6480732495996,16.2438690532748));
#3399=CARTESIAN_POINT('Ctrl Pts',(11.7537416232491,-58.5329314529138,16.446362983477));
#3400=CARTESIAN_POINT('Ctrl Pts',(11.7608650803545,-58.4275090145624,16.5855615503018));
#3401=CARTESIAN_POINT('Ctrl Pts',(11.7953379902884,-58.1882238167244,16.8295278627774));
#3402=CARTESIAN_POINT('Ctrl Pts',(11.8228811609832,-58.0543553775479,16.9342626254072));
#3403=CARTESIAN_POINT('Ctrl Pts',(11.907430467453,-57.77071608113,17.1056657461986));
#3404=CARTESIAN_POINT('Ctrl Pts',(11.9698529100917,-57.6075568187436,17.1775927763869));
#3405=CARTESIAN_POINT('Ctrl Pts',(12.1343419306612,-57.2862325271633,17.2725625566623));
#3406=CARTESIAN_POINT('Ctrl Pts',(12.2366919353643,-57.1284070371222,17.2962615682588));
#3407=CARTESIAN_POINT('Ctrl Pts',(12.5954689366317,-56.6753745378529,17.3218252916745));
#3408=CARTESIAN_POINT('Ctrl Pts',(12.9268648421154,-56.4063324992938,17.2596495158267));
#3409=CARTESIAN_POINT('Ctrl Pts',(13.6759053498058,-56.0435877793958,17.1339050132143));
#3410=CARTESIAN_POINT('Ctrl Pts',(14.0948241680507,-55.95,17.0777063749547));
#3411=CARTESIAN_POINT('Ctrl Pts',(14.9051758319493,-55.95,17.0777063749547));
#3412=CARTESIAN_POINT('Ctrl Pts',(15.3240946501942,-56.0435877793958,17.1339050132143));
#3413=CARTESIAN_POINT('Ctrl Pts',(16.0731351578846,-56.4063324992938,17.2596495158267));
#3414=CARTESIAN_POINT('Ctrl Pts',(16.4045310633683,-56.6753745378529,17.3218252916745));
#3415=CARTESIAN_POINT('Ctrl Pts',(16.7633080646357,-57.1284070371222,17.2962615682588));
#3416=CARTESIAN_POINT('Ctrl Pts',(16.8656580693388,-57.2862325271633,17.2725625566623));
#3417=CARTESIAN_POINT('Ctrl Pts',(17.0301470899083,-57.6075568187436,17.1775927763869));
#3418=CARTESIAN_POINT('Ctrl Pts',(17.092569532547,-57.77071608113,17.1056657461986));
#3419=CARTESIAN_POINT('Ctrl Pts',(17.1771188390168,-58.0543553775479,16.9342626254072));
#3420=CARTESIAN_POINT('Ctrl Pts',(17.2046620097116,-58.1882238167244,16.8295278627774));
#3421=CARTESIAN_POINT('Ctrl Pts',(17.2391349196455,-58.4275090145624,16.5855615503018));
#3422=CARTESIAN_POINT('Ctrl Pts',(17.2462583767509,-58.5329314529138,16.446362983477));
#3423=CARTESIAN_POINT('Ctrl Pts',(17.2538689921078,-58.7899606526197,15.9943390067521));
#3424=CARTESIAN_POINT('Ctrl Pts',(17.244101405582,-58.8800207651432,15.644576385048));
#3425=CARTESIAN_POINT('Ctrl Pts',(17.244101405582,-58.8800207651432,14.9696154587882));
#3426=CARTESIAN_POINT('Ctrl Pts',(17.2538689921078,-58.7899606526197,14.6198528370841));
#3427=CARTESIAN_POINT('Ctrl Pts',(17.2462583767509,-58.5329314529138,14.1678288603592));
#3428=CARTESIAN_POINT('Ctrl Pts',(17.2391349196455,-58.4275090145624,14.0286302935344));
#3429=CARTESIAN_POINT('Ctrl Pts',(17.2046620097116,-58.1882238167244,13.7846639810588));
#3430=CARTESIAN_POINT('Ctrl Pts',(17.1771188390168,-58.0543553775479,13.679929218429));
#3431=CARTESIAN_POINT('Ctrl Pts',(17.092569532547,-57.77071608113,13.5085260976376));
#3432=CARTESIAN_POINT('Ctrl Pts',(17.0301470899083,-57.6075568187436,13.4365990674492));
#3433=CARTESIAN_POINT('Ctrl Pts',(16.8656580693388,-57.2862325271633,13.3416292871738));
#3434=CARTESIAN_POINT('Ctrl Pts',(16.7633080646357,-57.1284070371222,13.3179302755774));
#3435=CARTESIAN_POINT('Ctrl Pts',(16.4045310633683,-56.6753745378529,13.2923665521617));
#3436=CARTESIAN_POINT('Ctrl Pts',(16.0731351578846,-56.4063324992938,13.3545423280095));
#3437=CARTESIAN_POINT('Ctrl Pts',(15.3240946501942,-56.0435877793958,13.4802868306219));
#3438=CARTESIAN_POINT('Ctrl Pts',(14.9051758319493,-55.95,13.5364854688815));
#3439=CARTESIAN_POINT('Ctrl Pts',(14.5,-55.95,13.5364854688815));
#3440=CARTESIAN_POINT('Ctrl Pts',(11.75,-58.7,14.4778338495367));
#3441=CARTESIAN_POINT('Ctrl Pts',(11.75,-58.8191682606257,14.7393721098962));
#3442=CARTESIAN_POINT('Ctrl Pts',(11.755898594418,-58.8800207651432,15.0276477510198));
#3443=CARTESIAN_POINT('Ctrl Pts',(11.755898594418,-58.8800207651432,15.5865440928164));
#3444=CARTESIAN_POINT('Ctrl Pts',(11.75,-58.8191682606257,15.87481973394));
#3445=CARTESIAN_POINT('Ctrl Pts',(11.75,-58.7,16.1363579942994));
#3446=CARTESIAN_POINT('Origin',(-18.5,-67.8317377771457,13.75));
#3447=CARTESIAN_POINT('',(-18.5,-55.45,-6.3934223731909E-15));
#3448=CARTESIAN_POINT('',(-18.5,-55.45,19.375));
#3449=CARTESIAN_POINT('',(-18.5,-60.6396969619669,3.68532023590525E-16));
#3450=CARTESIAN_POINT('',(-18.5,-60.3568542494923,0.));
#3451=CARTESIAN_POINT('',(-18.5,-60.6396969619669,-0.606558154317351));
#3452=CARTESIAN_POINT('',(-18.5,-60.6396969619669,6.875));
#3453=CARTESIAN_POINT('',(-18.5,-61.7651504801059,-3.02010101267767));
#3454=CARTESIAN_POINT('',(-18.5,-62.6883925402678,-5.00000000000001));
#3455=CARTESIAN_POINT('',(-18.5,-72.7527388069532,-4.49859018393763));
#3456=CARTESIAN_POINT('',(-18.5,-63.7016922927272,-3.28068195314273));
#3457=CARTESIAN_POINT('',(-18.5,-75.0809769236773,-2.00186047807592));
#3458=CARTESIAN_POINT('',(-18.5,-79.2904122752751,2.51220627984935));
#3459=CARTESIAN_POINT('',(-18.5,-71.5902413437383,5.48404613077149));
#3460=CARTESIAN_POINT('',(-18.5,-72.3589596656303,3.83552436955171));
#3461=CARTESIAN_POINT('',(-18.5,-74.1675248508505,9.99598692426181));
#3462=CARTESIAN_POINT('',(-18.5,-73.3374851730233,8.54287170730201));
#3463=CARTESIAN_POINT('',(-18.5,-64.8755002232649,29.922798043661));
#3464=CARTESIAN_POINT('',(-18.5,-67.9314926052246,23.3692012315249));
#3465=CARTESIAN_POINT('',(-18.5,-60.3568542494872,32.5));
#3466=CARTESIAN_POINT('',(-18.5,-69.4708338059785,27.3018574415115));
#3467=CARTESIAN_POINT('',(-18.5,-60.3568542494872,30.));
#3468=CARTESIAN_POINT('',(-18.5,-60.3568542494872,21.875));
#3469=CARTESIAN_POINT('',(-18.5,-55.45,30.));
#3470=CARTESIAN_POINT('',(-18.5,-59.7868351313977,30.));
#3471=CARTESIAN_POINT('',(-18.5,-55.45,19.375));
#3472=CARTESIAN_POINT('',(-18.5,-61.4274654355884,28.));
#3473=CARTESIAN_POINT('',(-18.5,-63.5880664021107,27.9513056165192));
#3474=CARTESIAN_POINT('',(-18.5,-64.7884735880592,27.9242515289067));
#3475=CARTESIAN_POINT('',(-18.5,-71.9173826569903,10.0890292648188));
#3476=CARTESIAN_POINT('',(-18.5,-66.6867472141484,21.3061631706548));
#3477=CARTESIAN_POINT('',(-18.5,-69.3400991498785,5.57708847132928));
#3478=CARTESIAN_POINT('',(-18.5,-72.2031851679007,10.5893715842804));
#3479=CARTESIAN_POINT('',(-18.5,-72.6982421157694,-1.62447235908365));
#3480=CARTESIAN_POINT('',(-18.5,-67.6401944418655,9.22254588186964));
#3481=CARTESIAN_POINT('',(-18.5,-71.9950028584125,-2.37860413433422));
#3482=CARTESIAN_POINT('',(-18.5,-75.400738805928,1.27360053038769));
#3483=CARTESIAN_POINT('',(-18.5,-63.1156229235534,-1.18379534730352));
#3484=CARTESIAN_POINT('',(-18.5,-68.8845572536547,-1.96006277588241));
#3485=CARTESIAN_POINT('',(-18.5,-61.6309947711074,2.00000000000001));
#3486=CARTESIAN_POINT('',(-18.5,-60.6767988533949,4.04627974905604));
#3487=CARTESIAN_POINT('',(-18.5,-60.95,6.00000000000001));
#3488=CARTESIAN_POINT('',(-18.5,-60.7462896230535,7.19654590953929));
#3489=CARTESIAN_POINT('',(-18.5,-60.95,28.));
#3490=CARTESIAN_POINT('',(-18.5,-60.95,9.87500000000001));
#3491=CARTESIAN_POINT('',(-18.5,-64.3908688885729,28.));
#3492=CARTESIAN_POINT('Origin',(18.5,-67.8317377771457,13.75));
#3493=CARTESIAN_POINT('',(18.5,-55.45,30.));
#3494=CARTESIAN_POINT('',(18.5,-55.45,19.375));
#3495=CARTESIAN_POINT('',(18.5,-60.3568542494924,30.));
#3496=CARTESIAN_POINT('',(18.5,-59.7868351313977,30.));
#3497=CARTESIAN_POINT('',(18.5,-60.3568542494924,32.5));
#3498=CARTESIAN_POINT('',(18.5,-60.3568542494924,21.875));
#3499=CARTESIAN_POINT('',(18.5,-64.8755002232649,29.922798043661));
#3500=CARTESIAN_POINT('',(18.5,-69.4708338059785,27.3018574415115));
#3501=CARTESIAN_POINT('',(18.5,-74.1675248508505,9.99598692426181));
#3502=CARTESIAN_POINT('',(18.5,-67.9314926052246,23.3692012315249));
#3503=CARTESIAN_POINT('',(18.5,-71.5902413437383,5.48404613077149));
#3504=CARTESIAN_POINT('',(18.5,-73.3374851730233,8.54287170730201));
#3505=CARTESIAN_POINT('',(18.5,-75.0809769236773,-2.0018604780759));
#3506=CARTESIAN_POINT('',(18.5,-72.3589596656303,3.83552436955171));
#3507=CARTESIAN_POINT('',(18.5,-72.7527388069531,-4.49859018393763));
#3508=CARTESIAN_POINT('',(18.5,-79.2904122752751,2.51220627984937));
#3509=CARTESIAN_POINT('',(18.5,-61.7651504801059,-3.02010101267767));
#3510=CARTESIAN_POINT('',(18.5,-63.7016922927272,-3.28068195314273));
#3511=CARTESIAN_POINT('',(18.5,-60.6396969619669,-0.606558154317362));
#3512=CARTESIAN_POINT('',(18.5,-62.6883925402678,-5.00000000000001));
#3513=CARTESIAN_POINT('',(18.5,-60.6396969619669,3.68532023590526E-16));
#3514=CARTESIAN_POINT('',(18.5,-60.6396969619669,6.875));
#3515=CARTESIAN_POINT('',(18.5,-55.45,-6.3934223731909E-15));
#3516=CARTESIAN_POINT('',(18.5,-60.3568542494923,0.));
#3517=CARTESIAN_POINT('',(18.5,-55.45,19.375));
#3518=CARTESIAN_POINT('',(18.5,-63.5880664021107,27.9513056165192));
#3519=CARTESIAN_POINT('',(18.5,-61.4274654355884,28.));
#3520=CARTESIAN_POINT('',(18.5,-64.7884735880592,27.9242515289067));
#3521=CARTESIAN_POINT('',(18.5,-60.95,28.));
#3522=CARTESIAN_POINT('',(18.5,-64.3908688885729,28.));
#3523=CARTESIAN_POINT('',(18.5,-60.95,6.00000000000001));
#3524=CARTESIAN_POINT('',(18.5,-60.95,9.87500000000001));
#3525=CARTESIAN_POINT('',(18.5,-61.6309947711074,2.00000000000001));
#3526=CARTESIAN_POINT('',(18.5,-60.7462896230535,7.19654590953929));
#3527=CARTESIAN_POINT('',(18.5,-63.1156229235534,-1.18379534730352));
#3528=CARTESIAN_POINT('',(18.5,-60.6767988533949,4.04627974905604));
#3529=CARTESIAN_POINT('',(18.5,-71.9950028584125,-2.37860413433422));
#3530=CARTESIAN_POINT('',(18.5,-68.8845572536547,-1.96006277588241));
#3531=CARTESIAN_POINT('',(18.5,-72.6982421157694,-1.62447235908365));
#3532=CARTESIAN_POINT('',(18.5,-75.400738805928,1.27360053038769));
#3533=CARTESIAN_POINT('',(18.5,-69.3400991498785,5.57708847132928));
#3534=CARTESIAN_POINT('',(18.5,-67.6401944418655,9.22254588186964));
#3535=CARTESIAN_POINT('',(18.5,-71.9173826569903,10.0890292648188));
#3536=CARTESIAN_POINT('',(18.5,-72.2031851679007,10.5893715842804));
#3537=CARTESIAN_POINT('',(18.5,-66.6867472141484,21.3061631706548));
#3538=CARTESIAN_POINT('Origin',(-6.26362340993561,-71.6463776999295,14.1731912419199));
#3539=CARTESIAN_POINT('',(-15.0507037645421,-66.1463080028007,28.5210657841501));
#3540=CARTESIAN_POINT('',(-4.42388728986356,-66.1463080028007,25.4336246753233));
#3541=CARTESIAN_POINT('',(-15.0507037645469,-74.8759279924405,9.80033530295038));
#3542=CARTESIAN_POINT('',(-15.0507037645445,-70.5313204723674,19.1173761966444));
#3543=CARTESIAN_POINT('',(0.509770404986562,-71.4127700743562,12.7062698347236));
#3544=CARTESIAN_POINT('Origin',(-9.49999999999986,-61.7036305634794,30.));
#3545=CARTESIAN_POINT('',(-9.49999999999983,-62.4810863485502,9.06100000000013));
#3546=CARTESIAN_POINT('',(-9.49999999999983,-62.4810863485502,3.60433808449587E-15));
#3547=CARTESIAN_POINT('',(-9.49999999999984,-62.4810863485502,15.));
#3548=CARTESIAN_POINT('',(-9.50000000000002,-55.45,-7.27081849907146E-15));
#3549=CARTESIAN_POINT('',(-9.49999999999987,-61.030242406486,0.));
#3550=CARTESIAN_POINT('',(-9.50000000000002,-55.45,30.));
#3551=CARTESIAN_POINT('',(-9.50000000000002,-55.45,27.5));
#3552=CARTESIAN_POINT('',(-9.49999999999985,-61.7473748952424,30.));
#3553=CARTESIAN_POINT('',(-9.49999999999999,-56.7227815245646,30.));
#3554=CARTESIAN_POINT('',(-9.49999999999985,-61.7473748952424,26.2294675175921));
#3555=CARTESIAN_POINT('',(-9.49999999999985,-61.7473748952424,30.));
#3556=CARTESIAN_POINT('',(-9.4999999999999,-60.1050703054161,25.1611692260598));
#3557=CARTESIAN_POINT('',(-9.49999999999985,-61.7546911005175,26.2342266162662));
#3558=CARTESIAN_POINT('',(-9.4999999999997,-67.6127025131175,9.06100000000027));
#3559=CARTESIAN_POINT('',(-9.49999999999981,-63.465885472224,17.9538778422853));
#3560=CARTESIAN_POINT('',(-9.49999999999982,-63.0778234764014,9.06100000000015));
#3561=CARTESIAN_POINT('Origin',(9.50000000000009,-52.95,30.));
#3562=CARTESIAN_POINT('',(9.50000000000016,-55.45,-6.00890645406301E-15));
#3563=CARTESIAN_POINT('',(9.50000000000016,-55.45,30.));
#3564=CARTESIAN_POINT('',(9.50000000000016,-55.45,27.5));
#3565=CARTESIAN_POINT('',(9.50000000000035,-62.4810863485506,3.60433808449617E-15));
#3566=CARTESIAN_POINT('',(9.50000000000019,-56.6534271247461,-4.44089209850063E-15));
#3567=CARTESIAN_POINT('',(9.50000000000035,-62.4810863485506,9.06099999999962));
#3568=CARTESIAN_POINT('',(9.50000000000035,-62.4810863485506,15.));
#3569=CARTESIAN_POINT('',(9.50000000000049,-67.6127025131241,9.06099999999947));
#3570=CARTESIAN_POINT('',(9.50000000000031,-60.918740571299,9.06099999999966));
#3571=CARTESIAN_POINT('',(9.50000000000029,-60.1050703054184,25.1611692260612));
#3572=CARTESIAN_POINT('',(9.50000000000024,-58.5515592969675,28.4926843347712));
#3573=CARTESIAN_POINT('',(9.50000000000033,-61.7473748952423,26.229467517592));
#3574=CARTESIAN_POINT('',(9.50000000000025,-58.7408538486806,24.273763735605));
#3575=CARTESIAN_POINT('',(9.50000000000033,-61.7473748952423,30.));
#3576=CARTESIAN_POINT('',(9.50000000000033,-61.7473748952423,30.));
#3577=CARTESIAN_POINT('',(9.50000000000007,-52.3459662428247,30.));
#3578=CARTESIAN_POINT('Origin',(6.66666666666667,-68.4441277911481,11.281034611664));
#3579=CARTESIAN_POINT('',(9.9879884221034,-71.6714239704683,8.57301157789657));
#3580=CARTESIAN_POINT('',(9.28085487371805,-62.5512185478432,16.2257725842823));
#3581=CARTESIAN_POINT('',(10.3865286201256,-72.1463856832544,8.17447137987438));
#3582=CARTESIAN_POINT('',(8.45752196242626,-69.8474850688031,10.1034780375737));
#3583=CARTESIAN_POINT('',(4.44089209850063E-15,-74.9294476391798,5.83920511911386));
#3584=CARTESIAN_POINT('',(3.70431377152269,-73.9368797555888,6.67206846415347));
#3585=CARTESIAN_POINT('',(-10.3865286201256,-72.1463856832544,8.17447137987438));
#3586=CARTESIAN_POINT('',(-2.53918246993866,-74.2490757469245,6.41010492296869));
#3587=CARTESIAN_POINT('',(-9.9879884221034,-71.6714239704683,8.57301157789657));
#3588=CARTESIAN_POINT('',(-5.73562013593823,-66.6036487883973,12.8253798640617));
#3589=CARTESIAN_POINT('',(-9.78195126366517,-69.0140741474523,10.8027928342983));
#3590=CARTESIAN_POINT('Origin',(-6.66666666666667,-63.1463080028007,22.6422458113874));
#3591=CARTESIAN_POINT('',(-10.001177254254,-63.1463080028007,27.0772342104813));
#3592=CARTESIAN_POINT('',(-9.28085487371804,-63.1463080028007,14.9495991298036));
#3593=CARTESIAN_POINT('',(1.03211461440477E-14,-63.1463080028007,28.3188879932601));
#3594=CARTESIAN_POINT('',(-8.75099866786137,-63.1463080028007,27.2324448353388));
#3595=CARTESIAN_POINT('',(10.001177254254,-63.1463080028007,27.0772342104813));
#3596=CARTESIAN_POINT('',(-2.7968079136728,-63.1463080028007,28.6661138285227));
#3597=CARTESIAN_POINT('',(9.78195126366518,-63.1463080028007,23.3862579394352));
#3598=CARTESIAN_POINT('Origin',(-2.22044604925031E-15,-51.7419324856496,
30.));
#3599=CARTESIAN_POINT('',(3.33077132433952E-15,-63.9838649712993,30.));
#3600=CARTESIAN_POINT('',(16.2989638415474,-62.557890407945,30.));
#3601=CARTESIAN_POINT('',(3.33077132433952E-15,-63.9838649712993,30.));
#3602=CARTESIAN_POINT('',(16.2989638415474,-62.557890407945,30.));
#3603=CARTESIAN_POINT('',(16.,-52.95,30.));
#3604=CARTESIAN_POINT('',(12.3229831214124,-49.2729831214124,30.));
#3605=CARTESIAN_POINT('',(12.0000000000001,-52.95,30.));
#3606=CARTESIAN_POINT('',(-1.11022302462516E-15,-52.95,30.));
#3607=CARTESIAN_POINT('',(8.67701687858775,-56.2729831214124,30.));
#3608=CARTESIAN_POINT('',(-1.85268467234323E-13,-62.5785171987386,30.));
#3609=CARTESIAN_POINT('',(5.47043829689046,-62.0999158632426,30.));
#3610=CARTESIAN_POINT('',(-0.470438296890392,-62.5373591808723,30.));
#3611=CARTESIAN_POINT('',(-12.0000000000001,-52.95,30.));
#3612=CARTESIAN_POINT('',(-8.67701687858755,-56.2729831214124,30.));
#3613=CARTESIAN_POINT('',(-16.,-52.95,30.));
#3614=CARTESIAN_POINT('',(-1.11022302462516E-15,-52.95,30.));
#3615=CARTESIAN_POINT('',(-12.3229831214124,-49.2729831214124,30.));
#3616=CARTESIAN_POINT('',(-16.2989638415415,-62.5578904079455,30.));
#3617=CARTESIAN_POINT('',(-16.2989638415415,-62.5578904079455,30.));
#3618=CARTESIAN_POINT('',(3.33077132433952E-15,-63.9838649712993,30.));
#3619=CARTESIAN_POINT('',(11.75,-58.7,30.));
#3620=CARTESIAN_POINT('Origin',(14.5,-58.7,30.));
#3621=CARTESIAN_POINT('',(-17.25,-58.7,30.));
#3622=CARTESIAN_POINT('Origin',(-14.5,-58.7,30.));
#3623=CARTESIAN_POINT('Origin',(3.33077132433952E-15,-63.9838649712993,
30.));
#3624=CARTESIAN_POINT('',(3.33077132433952E-15,-63.9838649712993,32.5));
#3625=CARTESIAN_POINT('',(3.33077132433952E-15,-63.9838649712993,30.));
#3626=CARTESIAN_POINT('',(16.2989638415474,-62.557890407945,32.5));
#3627=CARTESIAN_POINT('',(0.479002636222265,-63.9419576708308,32.5));
#3628=CARTESIAN_POINT('',(16.2989638415474,-62.557890407945,30.));
#3629=CARTESIAN_POINT('Origin',(-2.58407307446544E-15,-59.6534905854405,
26.0468545941481));
#3630=CARTESIAN_POINT('',(8.4950934645463E-15,-62.5785171987386,27.9495472816255));
#3631=CARTESIAN_POINT('',(-1.11022302462516E-15,-59.591850694601,26.0067586274912));
#3632=CARTESIAN_POINT('',(4.95257865810041,-62.1452227109344,27.0528282995642));
#3633=CARTESIAN_POINT('',(9.41747849056003,-59.60431428901,24.8456789013149));
#3634=CARTESIAN_POINT('Origin',(-9.99999999999999,-60.0976802775362,25.0942867254299));
#3635=CARTESIAN_POINT('',(-9.33590136649217,-59.1092889803923,24.5337990830881));
#3636=CARTESIAN_POINT('',(-4.98000399597571,-62.1428233047769,27.0478626397009));
#3637=CARTESIAN_POINT('Origin',(-9.50486596562921,-68.4259468118769,7.39891731260002));
#3638=CARTESIAN_POINT('',(-9.40054805307325,-66.785535857758,9.16045194692672));
#3639=CARTESIAN_POINT('Origin',(-10.7500000000001,-54.2,27.5));
#3640=CARTESIAN_POINT('',(-12.0000000000001,-52.95,-9.65081603525676E-15));
#3641=CARTESIAN_POINT('',(-6.52328643762687,-58.4267135623731,-2.22044604925031E-15));
#3642=CARTESIAN_POINT('',(-12.0000000000001,-52.95,4.99999999999999));
#3643=CARTESIAN_POINT('',(-12.0000000000001,-52.95,27.5));
#3644=CARTESIAN_POINT('',(-11.0000000000001,-53.95,5.99999999999998));
#3645=CARTESIAN_POINT('',(-5.83333333333328,-59.1166666666666,11.1666666666666));
#3646=CARTESIAN_POINT('',(-11.0000000000001,-53.95,24.));
#3647=CARTESIAN_POINT('',(-11.0000000000001,-53.95,16.75));
#3648=CARTESIAN_POINT('',(-12.0000000000001,-52.95,25.));
#3649=CARTESIAN_POINT('',(-9.66666666666667,-55.2833333333334,22.6666666666666));
#3650=CARTESIAN_POINT('',(-12.0000000000001,-52.95,26.25));
#3651=CARTESIAN_POINT('Origin',(0.,-52.95,25.));
#3652=CARTESIAN_POINT('',(-16.,-52.95,25.));
#3653=CARTESIAN_POINT('',(0.,-52.95,25.));
#3654=CARTESIAN_POINT('',(-16.,-52.95,19.375));
#3655=CARTESIAN_POINT('Origin',(0.,-53.95,24.));
#3656=CARTESIAN_POINT('',(-17.,-53.95,24.));
#3657=CARTESIAN_POINT('',(0.,-53.95,24.));
#3658=CARTESIAN_POINT('',(-15.0208333333333,-51.9708333333334,25.9791666666667));
#3659=CARTESIAN_POINT('Origin',(0.,-53.95,5.99999999999998));
#3660=CARTESIAN_POINT('',(-17.,-53.95,5.99999999999998));
#3661=CARTESIAN_POINT('',(0.,-53.95,5.99999999999998));
#3662=CARTESIAN_POINT('',(-17.,-53.95,12.6875));
#3663=CARTESIAN_POINT('Origin',(10.7500000000001,-54.2,27.5));
#3664=CARTESIAN_POINT('',(12.0000000000001,-52.95,25.));
#3665=CARTESIAN_POINT('',(12.0000000000001,-52.95,27.5));
#3666=CARTESIAN_POINT('',(11.0000000000001,-53.95,24.));
#3667=CARTESIAN_POINT('',(9.66666666666684,-55.2833333333333,22.6666666666667));
#3668=CARTESIAN_POINT('',(11.0000000000001,-53.95,5.99999999999998));
#3669=CARTESIAN_POINT('',(11.0000000000001,-53.95,16.75));
#3670=CARTESIAN_POINT('',(12.0000000000001,-52.95,4.99999999999999));
#3671=CARTESIAN_POINT('',(5.83333333333353,-59.1166666666667,11.1666666666667));
#3672=CARTESIAN_POINT('',(12.0000000000001,-52.95,-9.65081603525676E-15));
#3673=CARTESIAN_POINT('',(12.0000000000001,-52.95,26.25));
#3674=CARTESIAN_POINT('',(6.52328643762707,-58.4267135623732,-2.22044604925031E-15));
#3675=CARTESIAN_POINT('Origin',(0.,-52.95,25.));
#3676=CARTESIAN_POINT('',(16.,-52.95,4.99999999999999));
#3677=CARTESIAN_POINT('',(0.,-52.95,4.99999999999999));
#3678=CARTESIAN_POINT('',(16.,-52.95,-9.65081603525676E-15));
#3679=CARTESIAN_POINT('',(16.,-52.95,9.6875));
#3680=CARTESIAN_POINT('',(0.,-52.95,-9.65081603525676E-15));
#3681=CARTESIAN_POINT('Origin',(0.,-52.95,4.99999999999999));
#3682=CARTESIAN_POINT('',(17.,-53.95,5.99999999999998));
#3683=CARTESIAN_POINT('',(0.,-53.95,5.99999999999998));
#3684=CARTESIAN_POINT('',(16.1458333333333,-53.0958333333333,5.14583333333331));
#3685=CARTESIAN_POINT('Origin',(0.,-53.95,5.99999999999998));
#3686=CARTESIAN_POINT('',(17.,-53.95,24.));
#3687=CARTESIAN_POINT('',(0.,-53.95,24.));
#3688=CARTESIAN_POINT('',(17.,-53.95,12.6875));
#3689=CARTESIAN_POINT('Origin',(0.,-53.95,24.));
#3690=CARTESIAN_POINT('',(16.,-52.95,25.));
#3691=CARTESIAN_POINT('',(0.,-52.95,25.));
#3692=CARTESIAN_POINT('',(15.0208333333333,-51.9708333333334,25.9791666666667));
#3693=CARTESIAN_POINT('Origin',(0.,-60.3568542494923,0.));
#3694=CARTESIAN_POINT('',(-12.7,-65.3357000656915,6.48722432243607E-15));
#3695=CARTESIAN_POINT('',(-5.91161400052294,-59.2800063808926,-1.40308696887435E-15));
#3696=CARTESIAN_POINT('',(-12.7,-71.5264928953046,4.15843960767646E-15));
#3697=CARTESIAN_POINT('',(-12.7,-61.5062088191231,1.49756011623262E-15));
#3698=CARTESIAN_POINT('',(4.44089209850063E-15,-74.9294476391798,4.93583754506405E-15));
#3699=CARTESIAN_POINT('',(-6.82157417371086,-73.101612348225,1.66058777021497E-14));
#3700=CARTESIAN_POINT('',(12.7,-71.5264928953046,4.15843960767646E-15));
#3701=CARTESIAN_POINT('',(6.82157417371086,-73.101612348225,1.66058777021497E-14));
#3702=CARTESIAN_POINT('',(12.7,-65.3357000656915,6.48722432243606E-15));
#3703=CARTESIAN_POINT('',(12.7,-65.9416735723985,7.27678202648693E-15));
#3704=CARTESIAN_POINT('',(7.26161400052301,-60.4842965428116,1.66051887414924E-16));
#3705=CARTESIAN_POINT('',(14.4767135623731,-51.4267135623731,-1.22124532708767E-14));
#3706=CARTESIAN_POINT('',(14.6999999999999,-64.439696961967,5.31977038993071E-15));
#3707=CARTESIAN_POINT('',(14.0164213562373,-65.1232756057296,6.2104442866171E-15));
#3708=CARTESIAN_POINT('',(14.7,-73.2682021073445,1.68229370723581E-14));
#3709=CARTESIAN_POINT('',(14.6999999999999,-62.3568542494923,2.60591492965269E-15));
#3710=CARTESIAN_POINT('',(7.2280144832367E-16,-77.207055236082,2.19550951593012E-14));
#3711=CARTESIAN_POINT('',(9.38215702783395,-74.6931138372119,1.86795364475074E-14));
#3712=CARTESIAN_POINT('',(-14.7,-73.2682021073445,1.68229370723581E-14));
#3713=CARTESIAN_POINT('',(-2.13215702783396,-76.6357454823376,2.12107028509318E-14));
#3714=CARTESIAN_POINT('',(-14.6999999999999,-64.439696961967,5.31977038993071E-15));
#3715=CARTESIAN_POINT('',(-14.7,-66.7357954796205,8.31148909348401E-15));
#3716=CARTESIAN_POINT('',(-12.0164213562373,-67.1232756057297,8.81635921626982E-15));
#3717=CARTESIAN_POINT('',(-16.,-52.95,-9.65081603525676E-15));
#3718=CARTESIAN_POINT('',(-14.4767135623731,-51.4267135623731,-1.22124532708767E-14));
#3719=CARTESIAN_POINT('',(0.,-52.95,-9.65081603525676E-15));
#3720=CARTESIAN_POINT('',(11.75,-58.7,0.));
#3721=CARTESIAN_POINT('Origin',(14.5,-58.7,0.));
#3722=CARTESIAN_POINT('',(-17.25,-58.7,0.));
#3723=CARTESIAN_POINT('Origin',(-14.5,-58.7,0.));
#3724=CARTESIAN_POINT('Origin',(0.,-52.95,4.99999999999999));
#3725=CARTESIAN_POINT('',(-16.,-52.95,4.99999999999999));
#3726=CARTESIAN_POINT('',(0.,-52.95,4.99999999999999));
#3727=CARTESIAN_POINT('',(-16.1458333333333,-53.0958333333333,5.14583333333331));
#3728=CARTESIAN_POINT('Origin',(0.,-52.95,25.));
#3729=CARTESIAN_POINT('',(-16.,-52.95,9.6875));
#3730=CARTESIAN_POINT('Origin',(-17.25,-54.2,19.375));
#3731=CARTESIAN_POINT('Origin',(0.,-52.95,25.));
#3732=CARTESIAN_POINT('',(16.,-52.95,19.375));
#3733=CARTESIAN_POINT('Origin',(17.25,-54.2,19.375));
#3734=CARTESIAN_POINT('Origin',(11.35,-68.8874811425984,7.21100000000001));
#3735=CARTESIAN_POINT('',(9.05227620707762,-63.8888720224975,9.50872379292235));
#3736=CARTESIAN_POINT('',(12.7,-65.3357000656915,5.86100000000001));
#3737=CARTESIAN_POINT('',(13.4043759843204,-65.9640504865871,5.15662401567958));
#3738=CARTESIAN_POINT('',(12.7,-71.5264928953046,5.86100000000001));
#3739=CARTESIAN_POINT('',(12.7,-68.8874811425984,5.86100000000001));
#3740=CARTESIAN_POINT('',(10.34849090173,-72.1565778591805,8.21250909827002));
#3741=CARTESIAN_POINT('Origin',(4.44089209850063E-15,-74.9294476391798,
4.93583754506405E-15));
#3742=CARTESIAN_POINT('',(12.7,-71.5264928953046,4.15843960767646E-15));
#3743=CARTESIAN_POINT('',(4.44089209850063E-15,-74.9294476391798,4.93583754506405E-15));
#3744=CARTESIAN_POINT('Origin',(12.7,-71.5264928953046,4.15843960767646E-15));
#3745=CARTESIAN_POINT('',(12.7,-65.3357000656915,4.15843960767646E-15));
#3746=CARTESIAN_POINT('Origin',(-11.35,-64.452016389323,7.21100000000001));
#3747=CARTESIAN_POINT('',(-12.7,-71.5264928953046,5.86100000000001));
#3748=CARTESIAN_POINT('',(-13.22195008217,-71.3866367922978,5.33904991783001));
#3749=CARTESIAN_POINT('',(-12.7,-65.3357000656915,5.86100000000001));
#3750=CARTESIAN_POINT('',(-12.7,-64.452016389323,5.86100000000001));
#3751=CARTESIAN_POINT('',(-11.8296212874535,-64.5592641244594,6.73137871254644));
#3752=CARTESIAN_POINT('Origin',(-8.66862493352244,-61.7394442645328,4.15843960767646E-15));
#3753=CARTESIAN_POINT('',(-12.7,-65.3357000656915,4.15843960767646E-15));
#3754=CARTESIAN_POINT('Origin',(-12.7,-62.6555633887538,4.15843960767646E-15));
#3755=CARTESIAN_POINT('',(-12.7,-71.5264928953046,4.15843960767646E-15));
#3756=CARTESIAN_POINT('Origin',(11.3686249335226,-64.1480245883708,4.15843960767646E-15));
#3757=CARTESIAN_POINT('Origin',(9.50486596562922,-60.1607471101092,25.1236952724343));
#3758=CARTESIAN_POINT('Origin',(-9.99999999999985,-72.2499557148686,4.93583754506405E-15));
#3759=CARTESIAN_POINT('Origin',(-6.66666666666667,-66.1463080028007,22.6422458113874));
#3760=CARTESIAN_POINT('',(4.68102048292837,-66.1463080028007,32.5));
#3761=CARTESIAN_POINT('',(4.79613046279259,-66.1463080028007,32.4558313378501));
#3762=CARTESIAN_POINT('',(-4.68102048292837,-66.1463080028007,32.5));
#3763=CARTESIAN_POINT('',(-3.33333333333333,-66.1463080028007,32.5));
#3764=CARTESIAN_POINT('',(-10.6072183960406,-66.1463080028007,30.2260682890682));
#3765=CARTESIAN_POINT('Origin',(6.66666666666667,-70.3724906202077,13.5791679410209));
#3766=CARTESIAN_POINT('',(0.,-79.2998966482868,6.08818483548996));
#3767=CARTESIAN_POINT('',(-6.28278826520899,-77.4531485631855,7.63779047257575));
#3768=CARTESIAN_POINT('',(12.0938761984566,-75.7450509701938,9.07105453286989));
#3769=CARTESIAN_POINT('Origin',(0.,-52.95,32.5));
#3770=CARTESIAN_POINT('',(-16.2989638415415,-62.5578904079455,32.5));
#3771=CARTESIAN_POINT('',(-8.62848455699303,-63.2289703891539,32.5));
#3772=CARTESIAN_POINT('',(-15.7267135623714,-63.1301406871156,32.5));
#3773=CARTESIAN_POINT('',(-16.2411077985004,-64.0779060970795,32.5));
#3774=CARTESIAN_POINT('',(-16.6497190635618,-63.4048046087517,32.5));
#3775=CARTESIAN_POINT('',(-5.49809429718465,-66.00011213175,32.5));
#3776=CARTESIAN_POINT('',(16.2411077985004,-64.0779060970795,32.5));
#3777=CARTESIAN_POINT('',(5.49809429718465,-66.00011213175,32.5));
#3778=CARTESIAN_POINT('',(16.6497190635618,-63.4048046087517,32.5));
#3779=CARTESIAN_POINT('',(14.6261954831468,-64.2306587663456,32.5));
#3780=CARTESIAN_POINT('Origin',(9.25,-69.2909542857795,24.0031286241361));
#3781=CARTESIAN_POINT('',(0.,-82.7134755542914,-1.23225875214119));
#3782=CARTESIAN_POINT('',(0.,-70.6504159663345,24.6370560167472));
#3783=CARTESIAN_POINT('',(5.00000000000074,-82.1170764252833,-1.87181851677543));
#3784=CARTESIAN_POINT('',(3.69843227871791,-82.2723271963469,-1.70533244767962));
#3785=CARTESIAN_POINT('',(13.4362030508578,-79.6703355306572,0.138192586378586));
#3786=CARTESIAN_POINT('',(11.1856921830732,-80.3230482428589,-0.39801449692014));
#3787=CARTESIAN_POINT('',(13.4362030508581,-76.1795999507179,7.62409919522601));
#3788=CARTESIAN_POINT('',(13.4362030508582,-75.1150427750924,9.90704942563258));
#3789=CARTESIAN_POINT('',(16.9367756635999,-74.7886644412344,9.26377102807229));
#3790=CARTESIAN_POINT('',(18.3068897254886,-64.8073147558246,30.1431202781305));
#3791=CARTESIAN_POINT('Origin',(-18.5,-61.4274654355884,28.));
#3792=CARTESIAN_POINT('',(-16.8950603749741,-62.5549396250259,26.369242458141));
#3793=CARTESIAN_POINT('',(-18.2186132991903,-63.4069330243877,27.6739297416474));
#3794=CARTESIAN_POINT('',(-18.027854362551,-61.4221456374491,27.527854362551));
#3795=CARTESIAN_POINT('',(-18.4986551509139,-61.4274502827942,27.9986551509139));
#3796=CARTESIAN_POINT('',(-14.4203440460323,-65.0296559539677,23.8381239757035));
#3797=CARTESIAN_POINT('Origin',(-18.5,-63.5880664021107,27.9513056165192));
#3798=CARTESIAN_POINT('',(-16.,-69.1047049146656,10.205332190516));
#3799=CARTESIAN_POINT('',(-16.250821092173,-69.3868964759698,10.1936636997775));
#3800=CARTESIAN_POINT('',(-16.,-63.45,22.3318860134547));
#3801=CARTESIAN_POINT('',(-14.8529530535647,-64.5970469464353,17.1578915980699));
#3802=CARTESIAN_POINT('',(-16.,-61.3222969345191,26.8947599621674));
#3803=CARTESIAN_POINT('Origin',(-18.5,-71.9173826569903,10.0890292648188));
#3804=CARTESIAN_POINT('',(-16.,-66.5274214075538,5.69339139702645));
#3805=CARTESIAN_POINT('',(-19.0929864799176,-70.007251099304,5.54950204632399));
#3806=CARTESIAN_POINT('',(-16.,-69.7465741305823,11.3290253703266));
#3807=CARTESIAN_POINT('Origin',(-18.5,-69.3400991498785,5.57708847132928));
#3808=CARTESIAN_POINT('',(-17.6344741526394,-71.6670828339444,-1.46115277334636));
#3809=CARTESIAN_POINT('',(-17.4083997258707,-71.3977451310247,-1.41849387201114));
#3810=CARTESIAN_POINT('',(-16.,-68.9223834261381,0.55737877381543));
#3811=CARTESIAN_POINT('',(-16.,-67.0743296822869,4.52054281697745));
#3812=CARTESIAN_POINT('',(-16.2982314339284,-69.4231901466179,0.189070987015869));
#3813=CARTESIAN_POINT('Origin',(-18.5,-72.6982421157694,-1.62447235908365));
#3814=CARTESIAN_POINT('',(-18.3824636230291,-71.9504720893665,-2.25401639458465));
#3815=CARTESIAN_POINT('Origin',(-18.5,-71.9950028584125,-2.37860413433422));
#3816=CARTESIAN_POINT('',(-16.,-64.8037134778629,1.11158673441403));
#3817=CARTESIAN_POINT('',(-17.4345864604709,-63.8350287365585,-0.20558288800176));
#3818=CARTESIAN_POINT('',(-16.,-72.3283979477743,0.099065681115255));
#3819=CARTESIAN_POINT('Origin',(-18.5,-63.1156229235534,-1.18379534730352));
#3820=CARTESIAN_POINT('',(-16.,-64.039033761275,2.75144767861));
#3821=CARTESIAN_POINT('',(-18.3828038188433,-61.7438799605971,2.03522671930886));
#3822=CARTESIAN_POINT('',(-16.,-65.381392391145,-0.127249692951679));
#3823=CARTESIAN_POINT('Origin',(-18.5,-61.6309947711074,2.00000000000001));
#3824=CARTESIAN_POINT('',(-16.,-63.45,6.2112907568009));
#3825=CARTESIAN_POINT('',(-18.4145727137281,-61.0354272862718,6.00721999838718));
#3826=CARTESIAN_POINT('',(-16.,-63.4145382761582,6.41958441981444));
#3827=CARTESIAN_POINT('Origin',(-18.5,-60.95,6.00000000000001));
#3828=CARTESIAN_POINT('',(-14.8333333333333,-64.6166666666667,24.3333333333333));
#3829=CARTESIAN_POINT('',(-16.,-63.45,6.00000000000001));
#3830=CARTESIAN_POINT('Origin',(-18.5,-60.95,28.));
#3831=CARTESIAN_POINT('Origin',(-16.,-60.95,28.));
#3832=CARTESIAN_POINT('Origin',(18.5,-61.4274654355884,28.));
#3833=CARTESIAN_POINT('',(16.8950603749741,-62.5549396250259,26.369242458141));
#3834=CARTESIAN_POINT('',(18.2186132991903,-63.4069330243877,27.6739297416474));
#3835=CARTESIAN_POINT('',(18.027854362551,-61.4221456374491,27.527854362551));
#3836=CARTESIAN_POINT('',(14.4203440460323,-65.0296559539677,23.8381239757035));
#3837=CARTESIAN_POINT('',(18.4986551509139,-61.4274502827942,27.9986551509139));
#3838=CARTESIAN_POINT('Origin',(18.5,-63.5880664021107,27.9513056165192));
#3839=CARTESIAN_POINT('',(16.,-69.1047049146656,10.205332190516));
#3840=CARTESIAN_POINT('',(16.250821092173,-69.3868964759698,10.1936636997775));
#3841=CARTESIAN_POINT('',(16.,-63.45,22.3318860134547));
#3842=CARTESIAN_POINT('',(16.,-61.3222969345191,26.8947599621674));
#3843=CARTESIAN_POINT('',(14.8529530535647,-64.5970469464353,17.1578915980699));
#3844=CARTESIAN_POINT('Origin',(18.5,-71.9173826569903,10.0890292648188));
#3845=CARTESIAN_POINT('',(16.,-66.5274214075538,5.69339139702645));
#3846=CARTESIAN_POINT('',(19.0929864799176,-70.007251099304,5.54950204632399));
#3847=CARTESIAN_POINT('',(16.,-69.7465741305823,11.3290253703266));
#3848=CARTESIAN_POINT('Origin',(18.5,-69.3400991498785,5.57708847132928));
#3849=CARTESIAN_POINT('',(17.6344741526394,-71.6670828339444,-1.46115277334636));
#3850=CARTESIAN_POINT('',(17.4083997258707,-71.3977451310247,-1.41849387201114));
#3851=CARTESIAN_POINT('',(16.,-68.9223834261381,0.55737877381543));
#3852=CARTESIAN_POINT('',(16.2982314339284,-69.4231901466179,0.189070987015869));
#3853=CARTESIAN_POINT('',(16.,-67.0743296822869,4.52054281697745));
#3854=CARTESIAN_POINT('Origin',(18.5,-72.6982421157694,-1.62447235908365));
#3855=CARTESIAN_POINT('',(18.3824636230291,-71.9504720893665,-2.25401639458465));
#3856=CARTESIAN_POINT('Origin',(18.5,-71.9950028584125,-2.37860413433422));
#3857=CARTESIAN_POINT('',(16.,-64.8037134778629,1.11158673441403));
#3858=CARTESIAN_POINT('',(17.4345864604709,-63.8350287365585,-0.20558288800176));
#3859=CARTESIAN_POINT('',(16.,-72.3283979477743,0.099065681115255));
#3860=CARTESIAN_POINT('Origin',(18.5,-63.1156229235534,-1.18379534730352));
#3861=CARTESIAN_POINT('',(16.,-64.039033761275,2.75144767861));
#3862=CARTESIAN_POINT('',(18.3828038188433,-61.7438799605971,2.03522671930886));
#3863=CARTESIAN_POINT('',(16.,-65.381392391145,-0.127249692951679));
#3864=CARTESIAN_POINT('Origin',(18.5,-61.6309947711074,2.00000000000001));
#3865=CARTESIAN_POINT('',(16.,-63.45,6.2112907568009));
#3866=CARTESIAN_POINT('',(18.4145727137281,-61.0354272862718,6.00721999838718));
#3867=CARTESIAN_POINT('',(16.,-63.4145382761582,6.41958441981444));
#3868=CARTESIAN_POINT('Origin',(18.5,-60.95,6.00000000000001));
#3869=CARTESIAN_POINT('',(14.8333333333333,-64.6166666666667,24.3333333333333));
#3870=CARTESIAN_POINT('',(16.,-63.45,6.00000000000001));
#3871=CARTESIAN_POINT('Origin',(18.5,-60.95,28.));
#3872=CARTESIAN_POINT('Origin',(16.,-60.95,28.));
#3873=CARTESIAN_POINT('Origin',(-1.84297022087776E-13,-62.5785171987386,
30.));
#3874=CARTESIAN_POINT('',(-1.85268467234323E-13,-62.5785171987386,30.));
#3875=CARTESIAN_POINT('Origin',(10.0000000000003,-61.7036305634793,30.));
#3876=CARTESIAN_POINT('Origin',(5.,-82.7134755542916,-1.23225875214138));
#3877=CARTESIAN_POINT('',(17.9720608116131,-72.5555822586754,-4.99999999999999));
#3878=CARTESIAN_POINT('',(5.,-79.2000000000003,-4.99999999999999));
#3879=CARTESIAN_POINT('',(2.30677362912541,-80.5794971623959,-4.99999999999998));
#3880=CARTESIAN_POINT('',(15.7306345012526,-71.7185315447098,-7.1287928206829));
#3881=CARTESIAN_POINT('',(12.2536796564403,-80.7420656913708,0.637948567795037));
#3882=CARTESIAN_POINT('',(5.00000000000075,-82.7134755542914,-1.23225875214123));
#3883=CARTESIAN_POINT('Origin',(-18.5,-79.0148816512253,2.21673585996474));
#3884=CARTESIAN_POINT('',(-13.4362030508578,-79.6703355306573,0.138192586378572));
#3885=CARTESIAN_POINT('',(-5.,-82.1170764252836,-1.87181851677561));
#3886=CARTESIAN_POINT('',(-17.9324118353631,-78.3663060001318,1.2094600184772));
#3887=CARTESIAN_POINT('',(-16.1022937433688,-77.2540367750886,-0.988546027733562));
#3888=CARTESIAN_POINT('',(-17.9720608116131,-72.5555822586754,-4.99999999999999));
#3889=CARTESIAN_POINT('',(-19.5010407261038,-73.1265730260933,-3.54785256606865));
#3890=CARTESIAN_POINT('',(-5.,-79.2000000000003,-4.99999999999999));
#3891=CARTESIAN_POINT('',(-8.40426918811054,-77.4562996798879,-4.99999999999999));
#3892=CARTESIAN_POINT('',(-5.00000000000078,-82.7134755542915,-1.2322587521411));
#3893=CARTESIAN_POINT('Origin',(-9.25,-69.2909542857795,24.0031286241361));
#3894=CARTESIAN_POINT('',(-18.3068897254886,-64.8073147558246,30.1431202781305));
#3895=CARTESIAN_POINT('',(-13.4362030508581,-76.1795999507179,7.62409919522601));
#3896=CARTESIAN_POINT('',(-16.9367756635999,-74.7886644412344,9.26377102807229));
#3897=CARTESIAN_POINT('',(-13.4362030508582,-75.1150427750924,9.90704942563258));
#3898=CARTESIAN_POINT('',(-3.69843227871791,-82.2723271963469,-1.70533244767962));
#3899=CARTESIAN_POINT('Origin',(0.,-82.7134755542914,-1.23225875214119));
#3900=CARTESIAN_POINT('',(0.,-79.2,-4.99999999999999));
#3901=CARTESIAN_POINT('Origin',(0.,-79.2,-4.99999999999999));
#3902=CARTESIAN_POINT('',(-16.6443324042985,-62.6883925402678,-5.00000000000001));
#3903=CARTESIAN_POINT('',(-17.5341588274634,-69.3012555967857,-5.));
#3904=CARTESIAN_POINT('',(16.6443324042985,-62.6883925402678,-5.00000000000001));
#3905=CARTESIAN_POINT('',(0.,-62.6883925402678,-5.00000000000001));
#3906=CARTESIAN_POINT('',(17.5341588274634,-69.3012555967857,-5.));
#3907=CARTESIAN_POINT('Origin',(-17.5100505063388,-61.7651504801059,-4.01005050633884));
#3908=CARTESIAN_POINT('',(-13.655311761605,-64.1755067100788,-8.18912662874697));
#3909=CARTESIAN_POINT('Origin',(17.5100505063388,-61.7651504801059,-4.01005050633884));
#3910=CARTESIAN_POINT('',(13.655311761605,-64.1755067100788,-8.18912662874697));
#3911=CARTESIAN_POINT('Origin',(0.,-62.6883925402678,-5.00000000000001));
#3912=CARTESIAN_POINT('',(-17.3839197380094,-61.7557772239576,-3.));
#3913=CARTESIAN_POINT('',(-15.7429650106258,-63.3967319513412,-6.51903876911635));
#3914=CARTESIAN_POINT('',(17.3839197380094,-61.7557772239576,-3.));
#3915=CARTESIAN_POINT('',(0.,-61.7557772239576,-3.));
#3916=CARTESIAN_POINT('',(16.3491257312829,-62.7905712306841,-5.2191229087264));
#3917=CARTESIAN_POINT('Origin',(-16.3786796564403,-78.8875831695022,-5.14568236059762));
#3918=CARTESIAN_POINT('',(-16.3786796564405,-73.5128104899055,6.3805548469619));
#3919=CARTESIAN_POINT('Origin',(-16.3786796564405,-73.5128104899055,6.3805548469619));
#3920=CARTESIAN_POINT('Origin',(-18.5,-64.8755002232648,29.922798043661));
#3921=CARTESIAN_POINT('Origin',(18.5,-64.8755002232648,29.922798043661));
#3922=CARTESIAN_POINT('Origin',(16.3786796564403,-78.8875831695022,-5.14568236059762));
#3923=CARTESIAN_POINT('',(16.3786796564405,-73.5128104899055,6.3805548469619));
#3924=CARTESIAN_POINT('Origin',(16.3786796564405,-73.5128104899055,6.3805548469619));
#3925=CARTESIAN_POINT('Origin',(-14.5,-58.7,0.));
#3926=CARTESIAN_POINT('',(-17.25,-58.7,0.));
#3927=CARTESIAN_POINT('',(-17.25,-58.7,0.));
#3928=CARTESIAN_POINT('Origin',(14.5,-58.7,0.));
#3929=CARTESIAN_POINT('',(11.75,-58.7,0.));
#3930=CARTESIAN_POINT('',(11.75,-58.7,0.));
#3931=CARTESIAN_POINT('Origin',(-16.2989638415415,-62.5578904079455,30.));
#3932=CARTESIAN_POINT('',(-16.2989638415415,-62.5578904079455,30.));
#3933=CARTESIAN_POINT('Origin',(-18.5,-60.3568542494872,30.));
#3934=CARTESIAN_POINT('Origin',(16.2989638415474,-62.557890407945,30.));
#3935=CARTESIAN_POINT('Origin',(18.6414213562373,-60.4982756057296,0.));
#3936=CARTESIAN_POINT('',(14.6999999999999,-64.439696961967,-3.));
#3937=CARTESIAN_POINT('',(14.6592514421272,-64.4804455198397,-3.));
#3938=CARTESIAN_POINT('',(14.7,-64.439696961967,0.));
#3939=CARTESIAN_POINT('Origin',(-14.6414213562373,-64.4982756057297,0.));
#3940=CARTESIAN_POINT('',(-14.7,-64.439696961967,-3.));
#3941=CARTESIAN_POINT('',(-14.7,-64.439696961967,0.));
#3942=CARTESIAN_POINT('',(-12.6592514421272,-66.4804455198398,-3.));
#3943=CARTESIAN_POINT('Origin',(-14.7,-73.1147367097487,0.));
#3944=CARTESIAN_POINT('',(-14.7,-73.2682021073445,-3.));
#3945=CARTESIAN_POINT('',(-14.7,-73.2682021073445,0.));
#3946=CARTESIAN_POINT('',(-14.7,-65.4501353078407,-3.));
#3947=CARTESIAN_POINT('Origin',(-0.0517638090205042,-77.1931851652578,0.));
#3948=CARTESIAN_POINT('',(7.1701903673708E-16,-77.207055236082,-3.));
#3949=CARTESIAN_POINT('',(0.,-77.207055236082,0.));
#3950=CARTESIAN_POINT('',(-2.45357207077891,-76.5496225811452,-3.));
#3951=CARTESIAN_POINT('Origin',(14.5517638090205,-73.3079218750065,0.));
#3952=CARTESIAN_POINT('',(14.7,-73.2682021073445,-3.));
#3953=CARTESIAN_POINT('',(14.7,-73.2682021073445,0.));
#3954=CARTESIAN_POINT('',(9.7035720707789,-74.6069909360196,-3.));
#3955=CARTESIAN_POINT('Origin',(14.7,-64.3568542494924,0.));
#3956=CARTESIAN_POINT('',(14.6999999999999,-61.0711940777125,-3.));
#3957=CARTESIAN_POINT('Origin',(0.,-57.7855339059328,-3.));
#3958=UNCERTAINTY_MEASURE_WITH_UNIT(LENGTH_MEASURE(0.01),#3962,
'DISTANCE_ACCURACY_VALUE',
'Maximum model space distance between geometric entities at asserted c
onnectivities');
#3959=UNCERTAINTY_MEASURE_WITH_UNIT(LENGTH_MEASURE(0.01),#3962,
'DISTANCE_ACCURACY_VALUE',
'Maximum model space distance between geometric entities at asserted c
onnectivities');
#3960=(
GEOMETRIC_REPRESENTATION_CONTEXT(3)
GLOBAL_UNCERTAINTY_ASSIGNED_CONTEXT((#3958))
GLOBAL_UNIT_ASSIGNED_CONTEXT((#3962,#3964,#3965))
REPRESENTATION_CONTEXT('','3D')
);
#3961=(
GEOMETRIC_REPRESENTATION_CONTEXT(3)
GLOBAL_UNCERTAINTY_ASSIGNED_CONTEXT((#3959))
GLOBAL_UNIT_ASSIGNED_CONTEXT((#3962,#3964,#3965))
REPRESENTATION_CONTEXT('','3D')
);
#3962=(
LENGTH_UNIT()
NAMED_UNIT(*)
SI_UNIT(.MILLI.,.METRE.)
);
#3963=(
LENGTH_UNIT()
NAMED_UNIT(*)
SI_UNIT($,.METRE.)
);
#3964=(
NAMED_UNIT(*)
PLANE_ANGLE_UNIT()
SI_UNIT($,.RADIAN.)
);
#3965=(
NAMED_UNIT(*)
SI_UNIT($,.STERADIAN.)
SOLID_ANGLE_UNIT()
);
#3966=SHAPE_DEFINITION_REPRESENTATION(#3967,#3968);
#3967=PRODUCT_DEFINITION_SHAPE('',$,#3970);
#3968=SHAPE_REPRESENTATION('',(#2249),#3960);
#3969=PRODUCT_DEFINITION_CONTEXT('part definition',#3974,'design');
#3970=PRODUCT_DEFINITION('2026-09-22-20-59-28-446',
'The Shard TPU - Frontend Analog',#3971,#3969);
#3971=PRODUCT_DEFINITION_FORMATION('',$,#3976);
#3972=PRODUCT_RELATED_PRODUCT_CATEGORY(
'The Shard TPU - Frontend Analog','The Shard TPU - Frontend Analog',(#3976));
#3973=APPLICATION_PROTOCOL_DEFINITION('international standard',
'automotive_design',2009,#3974);
#3974=APPLICATION_CONTEXT(
'Core Data for Automotive Mechanical Design Process');
#3975=PRODUCT_CONTEXT('part definition',#3974,'mechanical');
#3976=PRODUCT('2026-09-22-20-59-28-446',
'The Shard TPU - Frontend Analog',$,(#3975));
#3977=PRESENTATION_STYLE_ASSIGNMENT((#3978));
#3978=SURFACE_STYLE_USAGE(.BOTH.,#3979);
#3979=SURFACE_SIDE_STYLE('',(#3980));
#3980=SURFACE_STYLE_FILL_AREA(#3981);
#3981=FILL_AREA_STYLE('Steel - Satin',(#3982));
#3982=FILL_AREA_STYLE_COLOUR('Steel - Satin',#3983);
#3983=COLOUR_RGB('Steel - Satin',0.627450980392157,0.627450980392157,0.627450980392157);
ENDSEC;
END-ISO-10303-21;
