ISO-10303-21;
HEADER;
/* Generated by software containing ST-Developer
 * from STEP Tools, Inc. (www.steptools.com) 
 */

FILE_DESCRIPTION(
/* description */ (''),
/* implementation_level */ '2;1');

FILE_NAME(
/* name */ 'The_Shard_TPU_-_Frontend_O4_Pro_Itsfpv_cameraAngle_30.step',

/* time_stamp */ '2026-09-28T21:34:53+02:00',
/* author */ (''),
/* organization */ (''),
/* preprocessor_version */ 'ST-DEVELOPER v20.2',
/* originating_system */ 'Autodesk Translation Framework v15.15.0.0',
/* authorisation */ '');

FILE_SCHEMA (('AUTOMOTIVE_DESIGN { 1 0 10303 214 3 1 1 }'));
ENDSEC;

DATA;
#10=MECHANICAL_DESIGN_GEOMETRIC_PRESENTATION_REPRESENTATION('',(#13),#3820);
#11=SHAPE_REPRESENTATION_RELATIONSHIP('SRR','None',#3827,#12);
#12=ADVANCED_BREP_SHAPE_REPRESENTATION('',(#14),#3819);
#13=STYLED_ITEM('',(#3836),#14);
#14=MANIFOLD_SOLID_BREP('Frontend',#2234);
#15=PLANE('',#2280);
#16=PLANE('',#2281);
#17=PLANE('',#2282);
#18=PLANE('',#2283);
#19=PLANE('',#2284);
#20=PLANE('',#2285);
#21=PLANE('',#2288);
#22=PLANE('',#2289);
#23=PLANE('',#2292);
#24=PLANE('',#2293);
#25=PLANE('',#2294);
#26=PLANE('',#2295);
#27=PLANE('',#2296);
#28=PLANE('',#2297);
#29=PLANE('',#2298);
#30=PLANE('',#2299);
#31=PLANE('',#2300);
#32=PLANE('',#2301);
#33=PLANE('',#2302);
#34=PLANE('',#2303);
#35=PLANE('',#2304);
#36=PLANE('',#2305);
#37=PLANE('',#2306);
#38=PLANE('',#2307);
#39=PLANE('',#2308);
#40=PLANE('',#2309);
#41=PLANE('',#2310);
#42=PLANE('',#2311);
#43=PLANE('',#2312);
#44=PLANE('',#2313);
#45=PLANE('',#2314);
#46=PLANE('',#2315);
#47=PLANE('',#2316);
#48=PLANE('',#2317);
#49=PLANE('',#2318);
#50=PLANE('',#2319);
#51=PLANE('',#2320);
#52=PLANE('',#2321);
#53=PLANE('',#2322);
#54=PLANE('',#2323);
#55=PLANE('',#2324);
#56=PLANE('',#2325);
#57=PLANE('',#2326);
#58=PLANE('',#2327);
#59=PLANE('',#2328);
#60=PLANE('',#2329);
#61=PLANE('',#2330);
#62=PLANE('',#2331);
#63=PLANE('',#2332);
#64=PLANE('',#2333);
#65=PLANE('',#2334);
#66=PLANE('',#2335);
#67=PLANE('',#2336);
#68=PLANE('',#2337);
#69=PLANE('',#2338);
#70=PLANE('',#2339);
#71=PLANE('',#2340);
#72=PLANE('',#2341);
#73=PLANE('',#2342);
#74=PLANE('',#2343);
#75=PLANE('',#2344);
#76=PLANE('',#2345);
#77=PLANE('',#2346);
#78=PLANE('',#2347);
#79=PLANE('',#2348);
#80=PLANE('',#2349);
#81=PLANE('',#2350);
#82=PLANE('',#2351);
#83=PLANE('',#2352);
#84=PLANE('',#2353);
#85=PLANE('',#2354);
#86=PLANE('',#2355);
#87=PLANE('',#2356);
#88=PLANE('',#2357);
#89=PLANE('',#2358);
#90=PLANE('',#2359);
#91=PLANE('',#2360);
#92=PLANE('',#2361);
#93=PLANE('',#2362);
#94=PLANE('',#2363);
#95=PLANE('',#2366);
#96=PLANE('',#2367);
#97=PLANE('',#2368);
#98=PLANE('',#2369);
#99=PLANE('',#2370);
#100=PLANE('',#2371);
#101=PLANE('',#2372);
#102=PLANE('',#2373);
#103=PLANE('',#2374);
#104=PLANE('',#2375);
#105=PLANE('',#2376);
#106=FACE_BOUND('',#244,.T.);
#107=FACE_BOUND('',#246,.T.);
#108=FACE_BOUND('',#248,.T.);
#109=FACE_BOUND('',#249,.T.);
#110=FACE_BOUND('',#251,.T.);
#111=FACE_BOUND('',#252,.T.);
#112=FACE_BOUND('',#254,.T.);
#113=FACE_BOUND('',#255,.T.);
#114=FACE_BOUND('',#259,.T.);
#115=FACE_BOUND('',#260,.T.);
#116=FACE_BOUND('',#262,.T.);
#117=FACE_BOUND('',#263,.T.);
#118=FACE_BOUND('',#265,.T.);
#119=FACE_BOUND('',#266,.T.);
#120=FACE_BOUND('',#340,.T.);
#121=FACE_BOUND('',#342,.T.);
#122=ELLIPSE('',#2274,3.18198051533946,2.25);
#123=ELLIPSE('',#2278,3.18198051533946,2.25);
#124=CONICAL_SURFACE('',#2254,1.625,0.78539816339745);
#125=CONICAL_SURFACE('',#2258,1.625,0.78539816339745);
#126=CONICAL_SURFACE('',#2263,1.625,0.78539816339745);
#127=CONICAL_SURFACE('',#2267,1.625,0.78539816339745);
#128=FACE_OUTER_BOUND('',#233,.T.);
#129=FACE_OUTER_BOUND('',#234,.T.);
#130=FACE_OUTER_BOUND('',#235,.T.);
#131=FACE_OUTER_BOUND('',#236,.T.);
#132=FACE_OUTER_BOUND('',#237,.T.);
#133=FACE_OUTER_BOUND('',#238,.T.);
#134=FACE_OUTER_BOUND('',#239,.T.);
#135=FACE_OUTER_BOUND('',#240,.T.);
#136=FACE_OUTER_BOUND('',#241,.T.);
#137=FACE_OUTER_BOUND('',#242,.T.);
#138=FACE_OUTER_BOUND('',#243,.T.);
#139=FACE_OUTER_BOUND('',#245,.T.);
#140=FACE_OUTER_BOUND('',#247,.T.);
#141=FACE_OUTER_BOUND('',#250,.T.);
#142=FACE_OUTER_BOUND('',#253,.T.);
#143=FACE_OUTER_BOUND('',#256,.T.);
#144=FACE_OUTER_BOUND('',#257,.T.);
#145=FACE_OUTER_BOUND('',#258,.T.);
#146=FACE_OUTER_BOUND('',#261,.T.);
#147=FACE_OUTER_BOUND('',#264,.T.);
#148=FACE_OUTER_BOUND('',#267,.T.);
#149=FACE_OUTER_BOUND('',#268,.T.);
#150=FACE_OUTER_BOUND('',#269,.T.);
#151=FACE_OUTER_BOUND('',#270,.T.);
#152=FACE_OUTER_BOUND('',#271,.T.);
#153=FACE_OUTER_BOUND('',#272,.T.);
#154=FACE_OUTER_BOUND('',#273,.T.);
#155=FACE_OUTER_BOUND('',#274,.T.);
#156=FACE_OUTER_BOUND('',#275,.T.);
#157=FACE_OUTER_BOUND('',#276,.T.);
#158=FACE_OUTER_BOUND('',#277,.T.);
#159=FACE_OUTER_BOUND('',#278,.T.);
#160=FACE_OUTER_BOUND('',#279,.T.);
#161=FACE_OUTER_BOUND('',#280,.T.);
#162=FACE_OUTER_BOUND('',#281,.T.);
#163=FACE_OUTER_BOUND('',#282,.T.);
#164=FACE_OUTER_BOUND('',#283,.T.);
#165=FACE_OUTER_BOUND('',#284,.T.);
#166=FACE_OUTER_BOUND('',#285,.T.);
#167=FACE_OUTER_BOUND('',#286,.T.);
#168=FACE_OUTER_BOUND('',#287,.T.);
#169=FACE_OUTER_BOUND('',#288,.T.);
#170=FACE_OUTER_BOUND('',#289,.T.);
#171=FACE_OUTER_BOUND('',#290,.T.);
#172=FACE_OUTER_BOUND('',#291,.T.);
#173=FACE_OUTER_BOUND('',#292,.T.);
#174=FACE_OUTER_BOUND('',#293,.T.);
#175=FACE_OUTER_BOUND('',#294,.T.);
#176=FACE_OUTER_BOUND('',#295,.T.);
#177=FACE_OUTER_BOUND('',#296,.T.);
#178=FACE_OUTER_BOUND('',#297,.T.);
#179=FACE_OUTER_BOUND('',#298,.T.);
#180=FACE_OUTER_BOUND('',#299,.T.);
#181=FACE_OUTER_BOUND('',#300,.T.);
#182=FACE_OUTER_BOUND('',#301,.T.);
#183=FACE_OUTER_BOUND('',#302,.T.);
#184=FACE_OUTER_BOUND('',#303,.T.);
#185=FACE_OUTER_BOUND('',#304,.T.);
#186=FACE_OUTER_BOUND('',#305,.T.);
#187=FACE_OUTER_BOUND('',#306,.T.);
#188=FACE_OUTER_BOUND('',#307,.T.);
#189=FACE_OUTER_BOUND('',#308,.T.);
#190=FACE_OUTER_BOUND('',#309,.T.);
#191=FACE_OUTER_BOUND('',#310,.T.);
#192=FACE_OUTER_BOUND('',#311,.T.);
#193=FACE_OUTER_BOUND('',#312,.T.);
#194=FACE_OUTER_BOUND('',#313,.T.);
#195=FACE_OUTER_BOUND('',#314,.T.);
#196=FACE_OUTER_BOUND('',#315,.T.);
#197=FACE_OUTER_BOUND('',#316,.T.);
#198=FACE_OUTER_BOUND('',#317,.T.);
#199=FACE_OUTER_BOUND('',#318,.T.);
#200=FACE_OUTER_BOUND('',#319,.T.);
#201=FACE_OUTER_BOUND('',#320,.T.);
#202=FACE_OUTER_BOUND('',#321,.T.);
#203=FACE_OUTER_BOUND('',#322,.T.);
#204=FACE_OUTER_BOUND('',#323,.T.);
#205=FACE_OUTER_BOUND('',#324,.T.);
#206=FACE_OUTER_BOUND('',#325,.T.);
#207=FACE_OUTER_BOUND('',#326,.T.);
#208=FACE_OUTER_BOUND('',#327,.T.);
#209=FACE_OUTER_BOUND('',#328,.T.);
#210=FACE_OUTER_BOUND('',#329,.T.);
#211=FACE_OUTER_BOUND('',#330,.T.);
#212=FACE_OUTER_BOUND('',#331,.T.);
#213=FACE_OUTER_BOUND('',#332,.T.);
#214=FACE_OUTER_BOUND('',#333,.T.);
#215=FACE_OUTER_BOUND('',#334,.T.);
#216=FACE_OUTER_BOUND('',#335,.T.);
#217=FACE_OUTER_BOUND('',#336,.T.);
#218=FACE_OUTER_BOUND('',#337,.T.);
#219=FACE_OUTER_BOUND('',#338,.T.);
#220=FACE_OUTER_BOUND('',#339,.T.);
#221=FACE_OUTER_BOUND('',#341,.T.);
#222=FACE_OUTER_BOUND('',#343,.T.);
#223=FACE_OUTER_BOUND('',#344,.T.);
#224=FACE_OUTER_BOUND('',#345,.T.);
#225=FACE_OUTER_BOUND('',#346,.T.);
#226=FACE_OUTER_BOUND('',#347,.T.);
#227=FACE_OUTER_BOUND('',#348,.T.);
#228=FACE_OUTER_BOUND('',#349,.T.);
#229=FACE_OUTER_BOUND('',#350,.T.);
#230=FACE_OUTER_BOUND('',#351,.T.);
#231=FACE_OUTER_BOUND('',#352,.T.);
#232=FACE_OUTER_BOUND('',#353,.T.);
#233=EDGE_LOOP('',(#1481,#1482,#1483,#1484,#1485,#1486,#1487,#1488));
#234=EDGE_LOOP('',(#1489,#1490,#1491,#1492,#1493,#1494));
#235=EDGE_LOOP('',(#1495,#1496,#1497,#1498,#1499,#1500));
#236=EDGE_LOOP('',(#1501,#1502,#1503,#1504));
#237=EDGE_LOOP('',(#1505,#1506,#1507,#1508));
#238=EDGE_LOOP('',(#1509,#1510,#1511,#1512));
#239=EDGE_LOOP('',(#1513,#1514,#1515,#1516,#1517,#1518,#1519,#1520));
#240=EDGE_LOOP('',(#1521,#1522,#1523,#1524));
#241=EDGE_LOOP('',(#1525,#1526,#1527,#1528));
#242=EDGE_LOOP('',(#1529,#1530,#1531,#1532));
#243=EDGE_LOOP('',(#1533,#1534,#1535,#1536,#1537,#1538));
#244=EDGE_LOOP('',(#1539));
#245=EDGE_LOOP('',(#1540,#1541,#1542,#1543,#1544,#1545));
#246=EDGE_LOOP('',(#1546));
#247=EDGE_LOOP('',(#1547,#1548,#1549,#1550,#1551,#1552,#1553,#1554));
#248=EDGE_LOOP('',(#1555));
#249=EDGE_LOOP('',(#1556));
#250=EDGE_LOOP('',(#1557,#1558,#1559,#1560,#1561,#1562,#1563,#1564,#1565,
#1566,#1567,#1568,#1569,#1570,#1571));
#251=EDGE_LOOP('',(#1572,#1573,#1574,#1575,#1576,#1577,#1578,#1579,#1580,
#1581));
#252=EDGE_LOOP('',(#1582));
#253=EDGE_LOOP('',(#1583,#1584,#1585,#1586,#1587,#1588,#1589,#1590,#1591,
#1592,#1593,#1594,#1595,#1596,#1597));
#254=EDGE_LOOP('',(#1598,#1599,#1600,#1601,#1602,#1603,#1604,#1605,#1606,
#1607));
#255=EDGE_LOOP('',(#1608));
#256=EDGE_LOOP('',(#1609,#1610,#1611,#1612,#1613,#1614,#1615,#1616));
#257=EDGE_LOOP('',(#1617,#1618,#1619,#1620));
#258=EDGE_LOOP('',(#1621,#1622,#1623,#1624,#1625,#1626,#1627,#1628,#1629,
#1630,#1631,#1632,#1633,#1634,#1635,#1636,#1637,#1638,#1639,#1640,#1641,
#1642));
#259=EDGE_LOOP('',(#1643));
#260=EDGE_LOOP('',(#1644));
#261=EDGE_LOOP('',(#1645,#1646,#1647,#1648,#1649,#1650,#1651,#1652));
#262=EDGE_LOOP('',(#1653));
#263=EDGE_LOOP('',(#1654));
#264=EDGE_LOOP('',(#1655,#1656,#1657,#1658,#1659,#1660,#1661,#1662,#1663,
#1664,#1665,#1666,#1667,#1668,#1669,#1670));
#265=EDGE_LOOP('',(#1671));
#266=EDGE_LOOP('',(#1672));
#267=EDGE_LOOP('',(#1673,#1674,#1675,#1676,#1677,#1678,#1679,#1680,#1681,
#1682));
#268=EDGE_LOOP('',(#1683,#1684,#1685,#1686));
#269=EDGE_LOOP('',(#1687,#1688,#1689,#1690));
#270=EDGE_LOOP('',(#1691,#1692,#1693,#1694,#1695,#1696,#1697,#1698));
#271=EDGE_LOOP('',(#1699,#1700,#1701,#1702));
#272=EDGE_LOOP('',(#1703,#1704,#1705,#1706,#1707,#1708,#1709,#1710,#1711,
#1712));
#273=EDGE_LOOP('',(#1713,#1714,#1715,#1716));
#274=EDGE_LOOP('',(#1717,#1718,#1719,#1720));
#275=EDGE_LOOP('',(#1721,#1722,#1723,#1724));
#276=EDGE_LOOP('',(#1725,#1726,#1727,#1728));
#277=EDGE_LOOP('',(#1729,#1730,#1731,#1732,#1733));
#278=EDGE_LOOP('',(#1734,#1735,#1736,#1737,#1738,#1739,#1740));
#279=EDGE_LOOP('',(#1741,#1742,#1743,#1744));
#280=EDGE_LOOP('',(#1745,#1746,#1747,#1748,#1749));
#281=EDGE_LOOP('',(#1750,#1751,#1752,#1753));
#282=EDGE_LOOP('',(#1754,#1755,#1756,#1757));
#283=EDGE_LOOP('',(#1758,#1759,#1760,#1761));
#284=EDGE_LOOP('',(#1762,#1763,#1764));
#285=EDGE_LOOP('',(#1765,#1766,#1767));
#286=EDGE_LOOP('',(#1768,#1769,#1770,#1771,#1772));
#287=EDGE_LOOP('',(#1773,#1774,#1775,#1776,#1777));
#288=EDGE_LOOP('',(#1778,#1779,#1780,#1781,#1782,#1783,#1784,#1785,#1786));
#289=EDGE_LOOP('',(#1787,#1788,#1789,#1790,#1791,#1792,#1793,#1794,#1795));
#290=EDGE_LOOP('',(#1796,#1797,#1798,#1799,#1800));
#291=EDGE_LOOP('',(#1801,#1802,#1803,#1804,#1805));
#292=EDGE_LOOP('',(#1806,#1807,#1808,#1809,#1810,#1811,#1812));
#293=EDGE_LOOP('',(#1813,#1814,#1815,#1816,#1817,#1818,#1819,#1820,#1821));
#294=EDGE_LOOP('',(#1822,#1823,#1824,#1825));
#295=EDGE_LOOP('',(#1826,#1827,#1828,#1829,#1830,#1831,#1832,#1833));
#296=EDGE_LOOP('',(#1834,#1835,#1836,#1837));
#297=EDGE_LOOP('',(#1838,#1839,#1840,#1841,#1842,#1843,#1844,#1845,#1846));
#298=EDGE_LOOP('',(#1847,#1848,#1849,#1850,#1851,#1852,#1853,#1854,#1855,
#1856,#1857));
#299=EDGE_LOOP('',(#1858,#1859,#1860,#1861));
#300=EDGE_LOOP('',(#1862,#1863,#1864,#1865,#1866));
#301=EDGE_LOOP('',(#1867,#1868,#1869,#1870));
#302=EDGE_LOOP('',(#1871,#1872,#1873,#1874,#1875));
#303=EDGE_LOOP('',(#1876,#1877,#1878));
#304=EDGE_LOOP('',(#1879,#1880,#1881,#1882,#1883));
#305=EDGE_LOOP('',(#1884,#1885,#1886,#1887));
#306=EDGE_LOOP('',(#1888,#1889,#1890,#1891));
#307=EDGE_LOOP('',(#1892,#1893,#1894,#1895,#1896,#1897));
#308=EDGE_LOOP('',(#1898,#1899,#1900));
#309=EDGE_LOOP('',(#1901,#1902,#1903,#1904,#1905,#1906,#1907));
#310=EDGE_LOOP('',(#1908,#1909,#1910,#1911));
#311=EDGE_LOOP('',(#1912,#1913,#1914,#1915,#1916));
#312=EDGE_LOOP('',(#1917,#1918,#1919,#1920));
#313=EDGE_LOOP('',(#1921,#1922,#1923,#1924,#1925));
#314=EDGE_LOOP('',(#1926,#1927,#1928));
#315=EDGE_LOOP('',(#1929,#1930,#1931,#1932,#1933));
#316=EDGE_LOOP('',(#1934,#1935,#1936,#1937));
#317=EDGE_LOOP('',(#1938,#1939,#1940,#1941));
#318=EDGE_LOOP('',(#1942,#1943,#1944,#1945,#1946,#1947));
#319=EDGE_LOOP('',(#1948,#1949,#1950));
#320=EDGE_LOOP('',(#1951,#1952,#1953,#1954,#1955,#1956,#1957));
#321=EDGE_LOOP('',(#1958,#1959,#1960,#1961));
#322=EDGE_LOOP('',(#1962,#1963,#1964,#1965));
#323=EDGE_LOOP('',(#1966,#1967,#1968,#1969));
#324=EDGE_LOOP('',(#1970,#1971,#1972,#1973));
#325=EDGE_LOOP('',(#1974,#1975,#1976,#1977,#1978,#1979));
#326=EDGE_LOOP('',(#1980,#1981,#1982,#1983,#1984,#1985));
#327=EDGE_LOOP('',(#1986,#1987,#1988,#1989,#1990,#1991,#1992,#1993,#1994,
#1995,#1996));
#328=EDGE_LOOP('',(#1997,#1998,#1999,#2000,#2001));
#329=EDGE_LOOP('',(#2002,#2003,#2004,#2005,#2006,#2007));
#330=EDGE_LOOP('',(#2008,#2009,#2010,#2011));
#331=EDGE_LOOP('',(#2012,#2013,#2014,#2015));
#332=EDGE_LOOP('',(#2016,#2017,#2018,#2019,#2020,#2021,#2022,#2023));
#333=EDGE_LOOP('',(#2024,#2025,#2026,#2027));
#334=EDGE_LOOP('',(#2028,#2029,#2030));
#335=EDGE_LOOP('',(#2031,#2032,#2033));
#336=EDGE_LOOP('',(#2034,#2035,#2036));
#337=EDGE_LOOP('',(#2037,#2038,#2039,#2040));
#338=EDGE_LOOP('',(#2041,#2042,#2043));
#339=EDGE_LOOP('',(#2044,#2045,#2046,#2047,#2048,#2049,#2050,#2051,#2052,
#2053,#2054,#2055));
#340=EDGE_LOOP('',(#2056));
#341=EDGE_LOOP('',(#2057,#2058,#2059,#2060,#2061,#2062,#2063,#2064,#2065,
#2066,#2067,#2068));
#342=EDGE_LOOP('',(#2069));
#343=EDGE_LOOP('',(#2070,#2071,#2072,#2073));
#344=EDGE_LOOP('',(#2074,#2075,#2076,#2077));
#345=EDGE_LOOP('',(#2078,#2079,#2080,#2081));
#346=EDGE_LOOP('',(#2082,#2083,#2084,#2085));
#347=EDGE_LOOP('',(#2086,#2087,#2088,#2089,#2090));
#348=EDGE_LOOP('',(#2091,#2092,#2093,#2094,#2095));
#349=EDGE_LOOP('',(#2096,#2097,#2098,#2099));
#350=EDGE_LOOP('',(#2100,#2101,#2102,#2103));
#351=EDGE_LOOP('',(#2104,#2105,#2106,#2107));
#352=EDGE_LOOP('',(#2108,#2109,#2110,#2111));
#353=EDGE_LOOP('',(#2112,#2113,#2114,#2115,#2116,#2117,#2118));
#354=LINE('',#2994,#635);
#355=LINE('',#3061,#636);
#356=LINE('',#3096,#637);
#357=LINE('',#3101,#638);
#358=LINE('',#3106,#639);
#359=LINE('',#3111,#640);
#360=LINE('',#3116,#641);
#361=LINE('',#3160,#642);
#362=LINE('',#3165,#643);
#363=LINE('',#3170,#644);
#364=LINE('',#3173,#645);
#365=LINE('',#3224,#646);
#366=LINE('',#3276,#647);
#367=LINE('',#3278,#648);
#368=LINE('',#3280,#649);
#369=LINE('',#3282,#650);
#370=LINE('',#3284,#651);
#371=LINE('',#3286,#652);
#372=LINE('',#3288,#653);
#373=LINE('',#3289,#654);
#374=LINE('',#3292,#655);
#375=LINE('',#3294,#656);
#376=LINE('',#3296,#657);
#377=LINE('',#3298,#658);
#378=LINE('',#3300,#659);
#379=LINE('',#3302,#660);
#380=LINE('',#3304,#661);
#381=LINE('',#3306,#662);
#382=LINE('',#3308,#663);
#383=LINE('',#3310,#664);
#384=LINE('',#3312,#665);
#385=LINE('',#3314,#666);
#386=LINE('',#3315,#667);
#387=LINE('',#3318,#668);
#388=LINE('',#3320,#669);
#389=LINE('',#3322,#670);
#390=LINE('',#3324,#671);
#391=LINE('',#3326,#672);
#392=LINE('',#3328,#673);
#393=LINE('',#3330,#674);
#394=LINE('',#3332,#675);
#395=LINE('',#3334,#676);
#396=LINE('',#3335,#677);
#397=LINE('',#3338,#678);
#398=LINE('',#3340,#679);
#399=LINE('',#3342,#680);
#400=LINE('',#3344,#681);
#401=LINE('',#3346,#682);
#402=LINE('',#3348,#683);
#403=LINE('',#3350,#684);
#404=LINE('',#3352,#685);
#405=LINE('',#3354,#686);
#406=LINE('',#3356,#687);
#407=LINE('',#3358,#688);
#408=LINE('',#3360,#689);
#409=LINE('',#3361,#690);
#410=LINE('',#3364,#691);
#411=LINE('',#3366,#692);
#412=LINE('',#3368,#693);
#413=LINE('',#3370,#694);
#414=LINE('',#3372,#695);
#415=LINE('',#3374,#696);
#416=LINE('',#3376,#697);
#417=LINE('',#3378,#698);
#418=LINE('',#3380,#699);
#419=LINE('',#3381,#700);
#420=LINE('',#3385,#701);
#421=LINE('',#3387,#702);
#422=LINE('',#3389,#703);
#423=LINE('',#3391,#704);
#424=LINE('',#3393,#705);
#425=LINE('',#3395,#706);
#426=LINE('',#3397,#707);
#427=LINE('',#3398,#708);
#428=LINE('',#3401,#709);
#429=LINE('',#3403,#710);
#430=LINE('',#3404,#711);
#431=LINE('',#3407,#712);
#432=LINE('',#3409,#713);
#433=LINE('',#3411,#714);
#434=LINE('',#3413,#715);
#435=LINE('',#3415,#716);
#436=LINE('',#3417,#717);
#437=LINE('',#3418,#718);
#438=LINE('',#3420,#719);
#439=LINE('',#3422,#720);
#440=LINE('',#3423,#721);
#441=LINE('',#3425,#722);
#442=LINE('',#3427,#723);
#443=LINE('',#3429,#724);
#444=LINE('',#3431,#725);
#445=LINE('',#3433,#726);
#446=LINE('',#3434,#727);
#447=LINE('',#3435,#728);
#448=LINE('',#3442,#729);
#449=LINE('',#3444,#730);
#450=LINE('',#3446,#731);
#451=LINE('',#3448,#732);
#452=LINE('',#3450,#733);
#453=LINE('',#3451,#734);
#454=LINE('',#3454,#735);
#455=LINE('',#3455,#736);
#456=LINE('',#3457,#737);
#457=LINE('',#3459,#738);
#458=LINE('',#3461,#739);
#459=LINE('',#3462,#740);
#460=LINE('',#3464,#741);
#461=LINE('',#3466,#742);
#462=LINE('',#3467,#743);
#463=LINE('',#3469,#744);
#464=LINE('',#3470,#745);
#465=LINE('',#3477,#746);
#466=LINE('',#3479,#747);
#467=LINE('',#3481,#748);
#468=LINE('',#3482,#749);
#469=LINE('',#3484,#750);
#470=LINE('',#3486,#751);
#471=LINE('',#3489,#752);
#472=LINE('',#3491,#753);
#473=LINE('',#3493,#754);
#474=LINE('',#3495,#755);
#475=LINE('',#3496,#756);
#476=LINE('',#3499,#757);
#477=LINE('',#3500,#758);
#478=LINE('',#3503,#759);
#479=LINE('',#3505,#760);
#480=LINE('',#3507,#761);
#481=LINE('',#3508,#762);
#482=LINE('',#3510,#763);
#483=LINE('',#3512,#764);
#484=LINE('',#3514,#765);
#485=LINE('',#3518,#766);
#486=LINE('',#3520,#767);
#487=LINE('',#3522,#768);
#488=LINE('',#3523,#769);
#489=LINE('',#3526,#770);
#490=LINE('',#3527,#771);
#491=LINE('',#3529,#772);
#492=LINE('',#3531,#773);
#493=LINE('',#3532,#774);
#494=LINE('',#3534,#775);
#495=LINE('',#3538,#776);
#496=LINE('',#3540,#777);
#497=LINE('',#3541,#778);
#498=LINE('',#3542,#779);
#499=LINE('',#3544,#780);
#500=LINE('',#3546,#781);
#501=LINE('',#3550,#782);
#502=LINE('',#3551,#783);
#503=LINE('',#3555,#784);
#504=LINE('',#3557,#785);
#505=LINE('',#3558,#786);
#506=LINE('',#3561,#787);
#507=LINE('',#3563,#788);
#508=LINE('',#3564,#789);
#509=LINE('',#3566,#790);
#510=LINE('',#3568,#791);
#511=LINE('',#3569,#792);
#512=LINE('',#3572,#793);
#513=LINE('',#3574,#794);
#514=LINE('',#3576,#795);
#515=LINE('',#3577,#796);
#516=LINE('',#3578,#797);
#517=LINE('',#3581,#798);
#518=LINE('',#3583,#799);
#519=LINE('',#3585,#800);
#520=LINE('',#3586,#801);
#521=LINE('',#3589,#802);
#522=LINE('',#3591,#803);
#523=LINE('',#3592,#804);
#524=LINE('',#3594,#805);
#525=LINE('',#3595,#806);
#526=LINE('',#3599,#807);
#527=LINE('',#3601,#808);
#528=LINE('',#3603,#809);
#529=LINE('',#3605,#810);
#530=LINE('',#3606,#811);
#531=LINE('',#3609,#812);
#532=LINE('',#3610,#813);
#533=LINE('',#3613,#814);
#534=LINE('',#3615,#815);
#535=LINE('',#3616,#816);
#536=LINE('',#3618,#817);
#537=LINE('',#3621,#818);
#538=LINE('',#3622,#819);
#539=LINE('',#3624,#820);
#540=LINE('',#3626,#821);
#541=LINE('',#3628,#822);
#542=LINE('',#3629,#823);
#543=LINE('',#3631,#824);
#544=LINE('',#3632,#825);
#545=LINE('',#3635,#826);
#546=LINE('',#3637,#827);
#547=LINE('',#3639,#828);
#548=LINE('',#3641,#829);
#549=LINE('',#3642,#830);
#550=LINE('',#3643,#831);
#551=LINE('',#3646,#832);
#552=LINE('',#3648,#833);
#553=LINE('',#3649,#834);
#554=LINE('',#3652,#835);
#555=LINE('',#3654,#836);
#556=LINE('',#3655,#837);
#557=LINE('',#3658,#838);
#558=LINE('',#3659,#839);
#559=LINE('',#3662,#840);
#560=LINE('',#3664,#841);
#561=LINE('',#3665,#842);
#562=LINE('',#3667,#843);
#563=LINE('',#3670,#844);
#564=LINE('',#3671,#845);
#565=LINE('',#3674,#846);
#566=LINE('',#3675,#847);
#567=LINE('',#3678,#848);
#568=LINE('',#3679,#849);
#569=LINE('',#3681,#850);
#570=LINE('',#3682,#851);
#571=LINE('',#3687,#852);
#572=LINE('',#3689,#853);
#573=LINE('',#3690,#854);
#574=LINE('',#3693,#855);
#575=LINE('',#3695,#856);
#576=LINE('',#3696,#857);
#577=LINE('',#3699,#858);
#578=LINE('',#3700,#859);
#579=LINE('',#3703,#860);
#580=LINE('',#3705,#861);
#581=LINE('',#3706,#862);
#582=LINE('',#3708,#863);
#583=LINE('',#3711,#864);
#584=LINE('',#3712,#865);
#585=LINE('',#3715,#866);
#586=LINE('',#3716,#867);
#587=LINE('',#3719,#868);
#588=LINE('',#3720,#869);
#589=LINE('',#3722,#870);
#590=LINE('',#3723,#871);
#591=LINE('',#3727,#872);
#592=LINE('',#3730,#873);
#593=LINE('',#3735,#874);
#594=LINE('',#3736,#875);
#595=LINE('',#3737,#876);
#596=LINE('',#3738,#877);
#597=LINE('',#3742,#878);
#598=LINE('',#3743,#879);
#599=LINE('',#3745,#880);
#600=LINE('',#3747,#881);
#601=LINE('',#3748,#882);
#602=LINE('',#3750,#883);
#603=LINE('',#3752,#884);
#604=LINE('',#3753,#885);
#605=LINE('',#3754,#886);
#606=LINE('',#3756,#887);
#607=LINE('',#3759,#888);
#608=LINE('',#3761,#889);
#609=LINE('',#3762,#890);
#610=LINE('',#3764,#891);
#611=LINE('',#3766,#892);
#612=LINE('',#3769,#893);
#613=LINE('',#3771,#894);
#614=LINE('',#3772,#895);
#615=LINE('',#3774,#896);
#616=LINE('',#3779,#897);
#617=LINE('',#3782,#898);
#618=LINE('',#3783,#899);
#619=LINE('',#3785,#900);
#620=LINE('',#3786,#901);
#621=LINE('',#3788,#902);
#622=LINE('',#3789,#903);
#623=LINE('',#3792,#904);
#624=LINE('',#3796,#905);
#625=LINE('',#3797,#906);
#626=LINE('',#3800,#907);
#627=LINE('',#3801,#908);
#628=LINE('',#3804,#909);
#629=LINE('',#3805,#910);
#630=LINE('',#3808,#911);
#631=LINE('',#3809,#912);
#632=LINE('',#3812,#913);
#633=LINE('',#3813,#914);
#634=LINE('',#3815,#915);
#635=VECTOR('',#2383,2.25);
#636=VECTOR('',#2390,2.25);
#637=VECTOR('',#2395,1.625);
#638=VECTOR('',#2402,1.);
#639=VECTOR('',#2407,1.625);
#640=VECTOR('',#2414,1.);
#641=VECTOR('',#2419,1.625);
#642=VECTOR('',#2424,1.);
#643=VECTOR('',#2429,1.625);
#644=VECTOR('',#2436,1.);
#645=VECTOR('',#2439,2.25);
#646=VECTOR('',#2448,2.25);
#647=VECTOR('',#2457,10.);
#648=VECTOR('',#2458,10.);
#649=VECTOR('',#2459,10.);
#650=VECTOR('',#2460,10.);
#651=VECTOR('',#2461,10.);
#652=VECTOR('',#2462,10.);
#653=VECTOR('',#2463,10.);
#654=VECTOR('',#2464,10.);
#655=VECTOR('',#2467,10.);
#656=VECTOR('',#2468,10.);
#657=VECTOR('',#2469,10.);
#658=VECTOR('',#2470,10.);
#659=VECTOR('',#2471,10.);
#660=VECTOR('',#2472,10.);
#661=VECTOR('',#2473,10.);
#662=VECTOR('',#2474,10.);
#663=VECTOR('',#2475,10.);
#664=VECTOR('',#2476,10.);
#665=VECTOR('',#2477,10.);
#666=VECTOR('',#2478,10.);
#667=VECTOR('',#2479,10.);
#668=VECTOR('',#2480,10.);
#669=VECTOR('',#2481,10.);
#670=VECTOR('',#2482,10.);
#671=VECTOR('',#2483,10.);
#672=VECTOR('',#2484,10.);
#673=VECTOR('',#2485,10.);
#674=VECTOR('',#2486,10.);
#675=VECTOR('',#2487,10.);
#676=VECTOR('',#2488,10.);
#677=VECTOR('',#2489,10.);
#678=VECTOR('',#2492,10.);
#679=VECTOR('',#2493,10.);
#680=VECTOR('',#2494,10.);
#681=VECTOR('',#2495,10.);
#682=VECTOR('',#2496,10.);
#683=VECTOR('',#2497,10.);
#684=VECTOR('',#2498,10.);
#685=VECTOR('',#2499,10.);
#686=VECTOR('',#2500,10.);
#687=VECTOR('',#2501,10.);
#688=VECTOR('',#2502,10.);
#689=VECTOR('',#2503,10.);
#690=VECTOR('',#2504,10.);
#691=VECTOR('',#2505,10.);
#692=VECTOR('',#2506,10.);
#693=VECTOR('',#2507,10.);
#694=VECTOR('',#2508,10.);
#695=VECTOR('',#2509,10.);
#696=VECTOR('',#2510,10.);
#697=VECTOR('',#2511,10.);
#698=VECTOR('',#2512,10.);
#699=VECTOR('',#2513,10.);
#700=VECTOR('',#2514,10.);
#701=VECTOR('',#2517,10.);
#702=VECTOR('',#2518,10.);
#703=VECTOR('',#2519,10.);
#704=VECTOR('',#2520,10.);
#705=VECTOR('',#2521,10.);
#706=VECTOR('',#2522,10.);
#707=VECTOR('',#2523,10.);
#708=VECTOR('',#2524,10.);
#709=VECTOR('',#2527,10.);
#710=VECTOR('',#2528,10.);
#711=VECTOR('',#2529,10.);
#712=VECTOR('',#2532,10.);
#713=VECTOR('',#2533,10.);
#714=VECTOR('',#2534,10.);
#715=VECTOR('',#2535,10.);
#716=VECTOR('',#2536,10.);
#717=VECTOR('',#2537,10.);
#718=VECTOR('',#2538,10.);
#719=VECTOR('',#2539,10.);
#720=VECTOR('',#2540,10.);
#721=VECTOR('',#2541,10.);
#722=VECTOR('',#2542,10.);
#723=VECTOR('',#2543,10.);
#724=VECTOR('',#2544,10.);
#725=VECTOR('',#2545,10.);
#726=VECTOR('',#2546,10.);
#727=VECTOR('',#2547,10.);
#728=VECTOR('',#2548,10.);
#729=VECTOR('',#2555,10.);
#730=VECTOR('',#2556,10.);
#731=VECTOR('',#2557,10.);
#732=VECTOR('',#2558,10.);
#733=VECTOR('',#2559,10.);
#734=VECTOR('',#2560,10.);
#735=VECTOR('',#2563,10.);
#736=VECTOR('',#2564,10.);
#737=VECTOR('',#2565,10.);
#738=VECTOR('',#2566,10.);
#739=VECTOR('',#2567,10.);
#740=VECTOR('',#2568,10.);
#741=VECTOR('',#2569,10.);
#742=VECTOR('',#2570,10.);
#743=VECTOR('',#2571,10.);
#744=VECTOR('',#2572,10.);
#745=VECTOR('',#2573,10.);
#746=VECTOR('',#2580,10.);
#747=VECTOR('',#2581,10.);
#748=VECTOR('',#2582,10.);
#749=VECTOR('',#2583,10.);
#750=VECTOR('',#2586,10.);
#751=VECTOR('',#2589,10.);
#752=VECTOR('',#2592,10.);
#753=VECTOR('',#2593,10.);
#754=VECTOR('',#2594,10.);
#755=VECTOR('',#2595,10.);
#756=VECTOR('',#2596,10.);
#757=VECTOR('',#2599,10.);
#758=VECTOR('',#2600,10.);
#759=VECTOR('',#2603,10.);
#760=VECTOR('',#2604,10.);
#761=VECTOR('',#2605,10.);
#762=VECTOR('',#2606,10.);
#763=VECTOR('',#2609,10.);
#764=VECTOR('',#2612,10.);
#765=VECTOR('',#2615,10.);
#766=VECTOR('',#2620,10.);
#767=VECTOR('',#2621,10.);
#768=VECTOR('',#2622,10.);
#769=VECTOR('',#2623,10.);
#770=VECTOR('',#2626,10.);
#771=VECTOR('',#2627,10.);
#772=VECTOR('',#2628,10.);
#773=VECTOR('',#2629,10.);
#774=VECTOR('',#2630,10.);
#775=VECTOR('',#2633,10.);
#776=VECTOR('',#2636,10.);
#777=VECTOR('',#2637,10.);
#778=VECTOR('',#2638,10.);
#779=VECTOR('',#2639,10.);
#780=VECTOR('',#2642,10.);
#781=VECTOR('',#2645,10.);
#782=VECTOR('',#2650,10.);
#783=VECTOR('',#2651,10.);
#784=VECTOR('',#2654,10.);
#785=VECTOR('',#2655,10.);
#786=VECTOR('',#2656,10.);
#787=VECTOR('',#2659,10.);
#788=VECTOR('',#2660,10.);
#789=VECTOR('',#2661,10.);
#790=VECTOR('',#2664,10.);
#791=VECTOR('',#2665,10.);
#792=VECTOR('',#2666,10.);
#793=VECTOR('',#2669,10.);
#794=VECTOR('',#2670,10.);
#795=VECTOR('',#2671,10.);
#796=VECTOR('',#2672,10.);
#797=VECTOR('',#2673,10.);
#798=VECTOR('',#2676,10.);
#799=VECTOR('',#2677,10.);
#800=VECTOR('',#2678,10.);
#801=VECTOR('',#2679,10.);
#802=VECTOR('',#2682,10.);
#803=VECTOR('',#2683,10.);
#804=VECTOR('',#2684,10.);
#805=VECTOR('',#2687,10.);
#806=VECTOR('',#2688,10.);
#807=VECTOR('',#2693,10.);
#808=VECTOR('',#2694,10.);
#809=VECTOR('',#2695,10.);
#810=VECTOR('',#2696,10.);
#811=VECTOR('',#2697,10.);
#812=VECTOR('',#2700,10.);
#813=VECTOR('',#2701,10.);
#814=VECTOR('',#2704,10.);
#815=VECTOR('',#2705,10.);
#816=VECTOR('',#2706,10.);
#817=VECTOR('',#2709,10.);
#818=VECTOR('',#2712,10.);
#819=VECTOR('',#2713,10.);
#820=VECTOR('',#2714,10.);
#821=VECTOR('',#2715,10.);
#822=VECTOR('',#2716,10.);
#823=VECTOR('',#2717,10.);
#824=VECTOR('',#2718,10.);
#825=VECTOR('',#2719,10.);
#826=VECTOR('',#2722,10.);
#827=VECTOR('',#2723,10.);
#828=VECTOR('',#2724,10.);
#829=VECTOR('',#2725,10.);
#830=VECTOR('',#2726,10.);
#831=VECTOR('',#2727,10.);
#832=VECTOR('',#2730,10.);
#833=VECTOR('',#2731,10.);
#834=VECTOR('',#2732,10.);
#835=VECTOR('',#2735,10.);
#836=VECTOR('',#2736,10.);
#837=VECTOR('',#2737,10.);
#838=VECTOR('',#2740,10.);
#839=VECTOR('',#2741,10.);
#840=VECTOR('',#2744,10.);
#841=VECTOR('',#2745,10.);
#842=VECTOR('',#2746,10.);
#843=VECTOR('',#2749,10.);
#844=VECTOR('',#2752,10.);
#845=VECTOR('',#2753,10.);
#846=VECTOR('',#2756,10.);
#847=VECTOR('',#2757,10.);
#848=VECTOR('',#2760,10.);
#849=VECTOR('',#2761,10.);
#850=VECTOR('',#2764,10.);
#851=VECTOR('',#2765,10.);
#852=VECTOR('',#2772,10.);
#853=VECTOR('',#2773,10.);
#854=VECTOR('',#2774,10.);
#855=VECTOR('',#2777,10.);
#856=VECTOR('',#2778,10.);
#857=VECTOR('',#2779,10.);
#858=VECTOR('',#2782,10.);
#859=VECTOR('',#2783,10.);
#860=VECTOR('',#2786,10.);
#861=VECTOR('',#2787,10.);
#862=VECTOR('',#2788,10.);
#863=VECTOR('',#2791,10.);
#864=VECTOR('',#2794,10.);
#865=VECTOR('',#2795,10.);
#866=VECTOR('',#2798,10.);
#867=VECTOR('',#2799,10.);
#868=VECTOR('',#2802,10.);
#869=VECTOR('',#2803,10.);
#870=VECTOR('',#2806,10.);
#871=VECTOR('',#2807,10.);
#872=VECTOR('',#2814,10.);
#873=VECTOR('',#2819,10.);
#874=VECTOR('',#2824,10.);
#875=VECTOR('',#2825,10.);
#876=VECTOR('',#2826,10.);
#877=VECTOR('',#2827,10.);
#878=VECTOR('',#2830,10.);
#879=VECTOR('',#2831,10.);
#880=VECTOR('',#2832,10.);
#881=VECTOR('',#2833,10.);
#882=VECTOR('',#2834,10.);
#883=VECTOR('',#2837,10.);
#884=VECTOR('',#2838,10.);
#885=VECTOR('',#2839,10.);
#886=VECTOR('',#2840,10.);
#887=VECTOR('',#2843,10.);
#888=VECTOR('',#2846,10.);
#889=VECTOR('',#2847,10.);
#890=VECTOR('',#2848,10.);
#891=VECTOR('',#2851,10.);
#892=VECTOR('',#2854,10.);
#893=VECTOR('',#2857,10.);
#894=VECTOR('',#2858,10.);
#895=VECTOR('',#2859,10.);
#896=VECTOR('',#2862,10.);
#897=VECTOR('',#2871,10.);
#898=VECTOR('',#2876,2.75);
#899=VECTOR('',#2877,2.75);
#900=VECTOR('',#2880,2.75);
#901=VECTOR('',#2881,2.75);
#902=VECTOR('',#2884,10.);
#903=VECTOR('',#2885,10.);
#904=VECTOR('',#2890,10.);
#905=VECTOR('',#2895,10.);
#906=VECTOR('',#2896,10.);
#907=VECTOR('',#2899,10.);
#908=VECTOR('',#2900,10.);
#909=VECTOR('',#2903,10.);
#910=VECTOR('',#2904,10.);
#911=VECTOR('',#2907,10.);
#912=VECTOR('',#2908,10.);
#913=VECTOR('',#2911,10.);
#914=VECTOR('',#2912,10.);
#915=VECTOR('',#2915,10.);
#916=CIRCLE('',#2249,2.25);
#917=CIRCLE('',#2250,2.25);
#918=CIRCLE('',#2252,2.25);
#919=CIRCLE('',#2253,2.25);
#920=CIRCLE('',#2255,1.);
#921=CIRCLE('',#2257,1.);
#922=CIRCLE('',#2259,2.25);
#923=CIRCLE('',#2260,1.);
#924=CIRCLE('',#2262,1.);
#925=CIRCLE('',#2264,1.);
#926=CIRCLE('',#2266,1.);
#927=CIRCLE('',#2268,1.);
#928=CIRCLE('',#2269,2.25);
#929=CIRCLE('',#2271,1.);
#930=CIRCLE('',#2273,2.25);
#931=CIRCLE('',#2275,2.25);
#932=CIRCLE('',#2277,2.25);
#933=CIRCLE('',#2279,2.25);
#934=CIRCLE('',#2286,2.75);
#935=CIRCLE('',#2287,2.75);
#936=CIRCLE('',#2290,2.75);
#937=CIRCLE('',#2291,2.75);
#938=B_SPLINE_CURVE_WITH_KNOTS('',3,(#2922,#2923,#2924,#2925,#2926,#2927,
#2928,#2929,#2930,#2931,#2932,#2933,#2934,#2935,#2936,#2937,#2938,#2939,
#2940,#2941,#2942,#2943,#2944),.UNSPECIFIED.,.F.,.F.,(4,2,2,2,3,2,2,2,2,
2,4),(-0.312459325110673,-0.268309605440391,-0.134154802720195,-0.0670774013600979,
0.,0.0670774013600976,0.134154802720195,0.26830960544039,0.329729895858786,
0.391150186277181,0.405509899030866),.UNSPECIFIED.);
#939=B_SPLINE_CURVE_WITH_KNOTS('',3,(#2948,#2949,#2950,#2951,#2952,#2953,
#2954,#2955,#2956,#2957,#2958,#2959,#2960,#2961,#2962,#2963,#2964,#2965,
#2966,#2967,#2968,#2969),.UNSPECIFIED.,.F.,.F.,(4,2,2,2,2,2,2,2,2,2,4),
(0.823625689469669,0.86757806708567,0.928998357504065,0.990418647922459,
1.12457345064266,1.19165085200275,1.25872825336285,1.32580565472295,1.39288305608305,
1.52703785880324,1.57118757846126),.UNSPECIFIED.);
#940=B_SPLINE_CURVE_WITH_KNOTS('',3,(#2971,#2972,#2973,#2974,#2975,#2976,
#2977,#2978,#2979,#2980,#2981,#2982,#2983,#2984,#2985,#2986,#2987,#2988),
 .UNSPECIFIED.,.F.,.F.,(4,2,2,2,2,2,2,2,4),(0.435104454460615,0.450156025426989,
0.509161864576798,0.569262995629112,0.629364126681425,0.689465257733739,
0.749566388786053,0.808572227935861,0.823625689469669),.UNSPECIFIED.);
#941=B_SPLINE_CURVE_WITH_KNOTS('',3,(#2989,#2990,#2991,#2992),
 .UNSPECIFIED.,.F.,.F.,(4,4),(0.405509899030866,0.435104454460615),
 .UNSPECIFIED.);
#942=B_SPLINE_CURVE_WITH_KNOTS('',3,(#2999,#3000,#3001,#3002,#3003,#3004,
#3005,#3006,#3007,#3008,#3009,#3010,#3011,#3012,#3013,#3014,#3015,#3016,
#3017,#3018,#3019,#3020,#3021,#3022,#3023,#3024,#3025,#3026,#3027,#3028,
#3029,#3030,#3031,#3032,#3033,#3034),.UNSPECIFIED.,.F.,.F.,(4,2,2,2,2,2,
2,2,2,2,2,2,2,2,2,2,2,4),(-1.57118757847352,-1.52703785880324,-1.39288305608305,
-1.32580565472295,-1.25872825336285,-1.19165085200275,-1.12457345064266,
-0.990418647922461,-0.928998357504066,-0.867578067085671,-0.808572227935862,
-0.749566388786054,-0.68946525773374,-0.629364126681426,-0.569262995629112,
-0.509161864576798,-0.45015602542699,-0.405509899030866),.UNSPECIFIED.);
#943=B_SPLINE_CURVE_WITH_KNOTS('',3,(#3037,#3038,#3039,#3040,#3041,#3042,
#3043,#3044,#3045,#3046,#3047,#3048,#3049,#3050,#3051,#3052,#3053,#3054,
#3055,#3056,#3057,#3058,#3059),.UNSPECIFIED.,.F.,.F.,(4,2,2,2,2,2,3,2,2,
2,4),(-0.405509899030866,-0.391150186277181,-0.329729895858786,-0.268309605440391,
-0.134154802720196,-0.0670774013600979,0.,0.0670774013600978,0.134154802720196,
0.268309605440391,0.312459325098409),.UNSPECIFIED.);
#944=B_SPLINE_CURVE_WITH_KNOTS('',3,(#3065,#3066,#3067,#3068,#3069,#3070,
#3071,#3072,#3073,#3074,#3075,#3076,#3077,#3078,#3079,#3080,#3081,#3082,
#3083,#3084,#3085,#3086),.UNSPECIFIED.,.F.,.F.,(4,2,2,2,2,2,2,2,2,2,4),
(3.32558690560066,3.33698766679979,3.38211822975898,3.43379013428095,3.52798931108645,
3.5750888994892,3.62218848789195,3.6692880762947,3.71638766469745,3.81058684150295,
3.83004166584486),.UNSPECIFIED.);
#945=B_SPLINE_CURVE_WITH_KNOTS('',3,(#3087,#3088,#3089,#3090,#3091,#3092,
#3093,#3094),.UNSPECIFIED.,.F.,.F.,(4,2,2,4),(3.83004166584486,3.86225874602492,
3.90738930898411,3.91879007018325),.UNSPECIFIED.);
#946=B_SPLINE_CURVE_WITH_KNOTS('',3,(#3117,#3118,#3119,#3120,#3121,#3122,
#3123,#3124),.UNSPECIFIED.,.F.,.F.,(4,2,2,4),(0.259971999665568,0.271372760864706,
0.316503323823896,0.348720404003961),.UNSPECIFIED.);
#947=B_SPLINE_CURVE_WITH_KNOTS('',3,(#3126,#3127,#3128,#3129,#3130,#3131,
#3132,#3133,#3134,#3135),.UNSPECIFIED.,.F.,.F.,(4,2,2,2,4),(0.717569101649583,
0.744971935567861,0.796643840089831,0.841774403049021,0.853175164248158),
 .UNSPECIFIED.);
#948=B_SPLINE_CURVE_WITH_KNOTS('',3,(#3137,#3138,#3139,#3140,#3141,#3142,
#3143,#3144,#3145,#3146,#3147,#3148,#3149,#3150),.UNSPECIFIED.,.F.,.F.,
(4,2,2,2,2,2,4),(0.395578062264143,0.462374405151365,0.509473993554114,
0.556573581956863,0.603673170359613,0.650772758762362,0.717569101649583),
 .UNSPECIFIED.);
#949=B_SPLINE_CURVE_WITH_KNOTS('',3,(#3151,#3152,#3153,#3154,#3155,#3156),
 .UNSPECIFIED.,.F.,.F.,(4,2,4),(0.348720404003961,0.368175228345866,0.395578062264143),
 .UNSPECIFIED.);
#950=B_SPLINE_CURVE_WITH_KNOTS('',3,(#3180,#3181,#3182,#3183,#3184,#3185,
#3186,#3187,#3188,#3189,#3190,#3191,#3192,#3193,#3194,#3195,#3196,#3197,
#3198,#3199,#3200,#3201,#3202,#3203,#3204,#3205,#3206,#3207,#3208,#3209,
#3210,#3211,#3212,#3213,#3214,#3215,#3216,#3217,#3218,#3219,#3220,#3221),
 .UNSPECIFIED.,.T.,.F.,(4,2,2,2,2,2,2,2,2,2,2,2,2,2,2,2,2,2,2,2,4),(0.,
0.062640496733704,0.125280993467408,0.176608319003893,0.217620199553057,
0.25863208010222,0.299643960651383,0.340655841200546,0.391983166737032,
0.454623663470736,0.51726416020444,0.579904656938144,0.642545153671848,
0.693872479208334,0.734884359757497,0.77589624030666,0.816908120855823,
0.857920001404986,0.909247326941472,0.971887823675176,1.03452832040888),
 .UNSPECIFIED.);
#951=B_SPLINE_CURVE_WITH_KNOTS('',3,(#3231,#3232,#3233,#3234,#3235,#3236,
#3237,#3238,#3239,#3240,#3241,#3242,#3243,#3244,#3245,#3246,#3247,#3248,
#3249,#3250,#3251,#3252,#3253,#3254,#3255,#3256,#3257,#3258,#3259,#3260,
#3261,#3262,#3263,#3264,#3265,#3266,#3267,#3268,#3269,#3270,#3271,#3272),
 .UNSPECIFIED.,.T.,.F.,(4,2,2,2,2,2,2,2,2,2,2,2,2,2,2,2,2,2,2,2,4),(0.,
0.0626404967337043,0.125280993467409,0.176608319003894,0.217620199553058,
0.258632080102221,0.299643960651385,0.340655841200548,0.391983166737033,
0.454623663470738,0.517264160204442,0.579904656938146,0.642545153671851,
0.693872479208336,0.734884359757499,0.775896240306663,0.816908120855826,
0.85792000140499,0.909247326941475,0.97188782367518,1.03452832040888),
 .UNSPECIFIED.);
#952=VERTEX_POINT('',#2920);
#953=VERTEX_POINT('',#2921);
#954=VERTEX_POINT('',#2945);
#955=VERTEX_POINT('',#2947);
#956=VERTEX_POINT('',#2970);
#957=VERTEX_POINT('',#2993);
#958=VERTEX_POINT('',#2997);
#959=VERTEX_POINT('',#2998);
#960=VERTEX_POINT('',#3035);
#961=VERTEX_POINT('',#3060);
#962=VERTEX_POINT('',#3064);
#963=VERTEX_POINT('',#3095);
#964=VERTEX_POINT('',#3099);
#965=VERTEX_POINT('',#3103);
#966=VERTEX_POINT('',#3105);
#967=VERTEX_POINT('',#3109);
#968=VERTEX_POINT('',#3113);
#969=VERTEX_POINT('',#3115);
#970=VERTEX_POINT('',#3125);
#971=VERTEX_POINT('',#3136);
#972=VERTEX_POINT('',#3158);
#973=VERTEX_POINT('',#3162);
#974=VERTEX_POINT('',#3164);
#975=VERTEX_POINT('',#3168);
#976=VERTEX_POINT('',#3172);
#977=VERTEX_POINT('',#3174);
#978=VERTEX_POINT('',#3176);
#979=VERTEX_POINT('',#3179);
#980=VERTEX_POINT('',#3223);
#981=VERTEX_POINT('',#3225);
#982=VERTEX_POINT('',#3227);
#983=VERTEX_POINT('',#3230);
#984=VERTEX_POINT('',#3274);
#985=VERTEX_POINT('',#3275);
#986=VERTEX_POINT('',#3277);
#987=VERTEX_POINT('',#3279);
#988=VERTEX_POINT('',#3281);
#989=VERTEX_POINT('',#3283);
#990=VERTEX_POINT('',#3285);
#991=VERTEX_POINT('',#3287);
#992=VERTEX_POINT('',#3291);
#993=VERTEX_POINT('',#3293);
#994=VERTEX_POINT('',#3295);
#995=VERTEX_POINT('',#3297);
#996=VERTEX_POINT('',#3299);
#997=VERTEX_POINT('',#3301);
#998=VERTEX_POINT('',#3303);
#999=VERTEX_POINT('',#3305);
#1000=VERTEX_POINT('',#3307);
#1001=VERTEX_POINT('',#3309);
#1002=VERTEX_POINT('',#3311);
#1003=VERTEX_POINT('',#3313);
#1004=VERTEX_POINT('',#3316);
#1005=VERTEX_POINT('',#3317);
#1006=VERTEX_POINT('',#3319);
#1007=VERTEX_POINT('',#3321);
#1008=VERTEX_POINT('',#3323);
#1009=VERTEX_POINT('',#3325);
#1010=VERTEX_POINT('',#3327);
#1011=VERTEX_POINT('',#3329);
#1012=VERTEX_POINT('',#3331);
#1013=VERTEX_POINT('',#3333);
#1014=VERTEX_POINT('',#3337);
#1015=VERTEX_POINT('',#3339);
#1016=VERTEX_POINT('',#3341);
#1017=VERTEX_POINT('',#3343);
#1018=VERTEX_POINT('',#3345);
#1019=VERTEX_POINT('',#3347);
#1020=VERTEX_POINT('',#3349);
#1021=VERTEX_POINT('',#3351);
#1022=VERTEX_POINT('',#3353);
#1023=VERTEX_POINT('',#3355);
#1024=VERTEX_POINT('',#3357);
#1025=VERTEX_POINT('',#3359);
#1026=VERTEX_POINT('',#3362);
#1027=VERTEX_POINT('',#3363);
#1028=VERTEX_POINT('',#3365);
#1029=VERTEX_POINT('',#3367);
#1030=VERTEX_POINT('',#3369);
#1031=VERTEX_POINT('',#3371);
#1032=VERTEX_POINT('',#3373);
#1033=VERTEX_POINT('',#3375);
#1034=VERTEX_POINT('',#3377);
#1035=VERTEX_POINT('',#3379);
#1036=VERTEX_POINT('',#3383);
#1037=VERTEX_POINT('',#3384);
#1038=VERTEX_POINT('',#3386);
#1039=VERTEX_POINT('',#3388);
#1040=VERTEX_POINT('',#3390);
#1041=VERTEX_POINT('',#3392);
#1042=VERTEX_POINT('',#3394);
#1043=VERTEX_POINT('',#3396);
#1044=VERTEX_POINT('',#3400);
#1045=VERTEX_POINT('',#3402);
#1046=VERTEX_POINT('',#3406);
#1047=VERTEX_POINT('',#3408);
#1048=VERTEX_POINT('',#3410);
#1049=VERTEX_POINT('',#3412);
#1050=VERTEX_POINT('',#3414);
#1051=VERTEX_POINT('',#3416);
#1052=VERTEX_POINT('',#3419);
#1053=VERTEX_POINT('',#3421);
#1054=VERTEX_POINT('',#3424);
#1055=VERTEX_POINT('',#3426);
#1056=VERTEX_POINT('',#3428);
#1057=VERTEX_POINT('',#3430);
#1058=VERTEX_POINT('',#3432);
#1059=VERTEX_POINT('',#3436);
#1060=VERTEX_POINT('',#3438);
#1061=VERTEX_POINT('',#3441);
#1062=VERTEX_POINT('',#3443);
#1063=VERTEX_POINT('',#3445);
#1064=VERTEX_POINT('',#3447);
#1065=VERTEX_POINT('',#3449);
#1066=VERTEX_POINT('',#3453);
#1067=VERTEX_POINT('',#3456);
#1068=VERTEX_POINT('',#3458);
#1069=VERTEX_POINT('',#3460);
#1070=VERTEX_POINT('',#3463);
#1071=VERTEX_POINT('',#3465);
#1072=VERTEX_POINT('',#3468);
#1073=VERTEX_POINT('',#3471);
#1074=VERTEX_POINT('',#3473);
#1075=VERTEX_POINT('',#3476);
#1076=VERTEX_POINT('',#3478);
#1077=VERTEX_POINT('',#3480);
#1078=VERTEX_POINT('',#3488);
#1079=VERTEX_POINT('',#3490);
#1080=VERTEX_POINT('',#3492);
#1081=VERTEX_POINT('',#3494);
#1082=VERTEX_POINT('',#3498);
#1083=VERTEX_POINT('',#3502);
#1084=VERTEX_POINT('',#3504);
#1085=VERTEX_POINT('',#3506);
#1086=VERTEX_POINT('',#3517);
#1087=VERTEX_POINT('',#3519);
#1088=VERTEX_POINT('',#3521);
#1089=VERTEX_POINT('',#3525);
#1090=VERTEX_POINT('',#3528);
#1091=VERTEX_POINT('',#3530);
#1092=VERTEX_POINT('',#3536);
#1093=VERTEX_POINT('',#3537);
#1094=VERTEX_POINT('',#3539);
#1095=VERTEX_POINT('',#3549);
#1096=VERTEX_POINT('',#3553);
#1097=VERTEX_POINT('',#3554);
#1098=VERTEX_POINT('',#3556);
#1099=VERTEX_POINT('',#3560);
#1100=VERTEX_POINT('',#3562);
#1101=VERTEX_POINT('',#3567);
#1102=VERTEX_POINT('',#3571);
#1103=VERTEX_POINT('',#3573);
#1104=VERTEX_POINT('',#3575);
#1105=VERTEX_POINT('',#3580);
#1106=VERTEX_POINT('',#3582);
#1107=VERTEX_POINT('',#3584);
#1108=VERTEX_POINT('',#3588);
#1109=VERTEX_POINT('',#3590);
#1110=VERTEX_POINT('',#3598);
#1111=VERTEX_POINT('',#3600);
#1112=VERTEX_POINT('',#3602);
#1113=VERTEX_POINT('',#3604);
#1114=VERTEX_POINT('',#3608);
#1115=VERTEX_POINT('',#3612);
#1116=VERTEX_POINT('',#3614);
#1117=VERTEX_POINT('',#3620);
#1118=VERTEX_POINT('',#3623);
#1119=VERTEX_POINT('',#3625);
#1120=VERTEX_POINT('',#3627);
#1121=VERTEX_POINT('',#3630);
#1122=VERTEX_POINT('',#3634);
#1123=VERTEX_POINT('',#3636);
#1124=VERTEX_POINT('',#3638);
#1125=VERTEX_POINT('',#3640);
#1126=VERTEX_POINT('',#3645);
#1127=VERTEX_POINT('',#3647);
#1128=VERTEX_POINT('',#3651);
#1129=VERTEX_POINT('',#3653);
#1130=VERTEX_POINT('',#3657);
#1131=VERTEX_POINT('',#3661);
#1132=VERTEX_POINT('',#3663);
#1133=VERTEX_POINT('',#3669);
#1134=VERTEX_POINT('',#3673);
#1135=VERTEX_POINT('',#3677);
#1136=VERTEX_POINT('',#3686);
#1137=VERTEX_POINT('',#3688);
#1138=VERTEX_POINT('',#3692);
#1139=VERTEX_POINT('',#3694);
#1140=VERTEX_POINT('',#3698);
#1141=VERTEX_POINT('',#3702);
#1142=VERTEX_POINT('',#3704);
#1143=VERTEX_POINT('',#3710);
#1144=VERTEX_POINT('',#3714);
#1145=VERTEX_POINT('',#3718);
#1146=VERTEX_POINT('',#3733);
#1147=VERTEX_POINT('',#3734);
#1148=VERTEX_POINT('',#3740);
#1149=VERTEX_POINT('',#3741);
#1150=VERTEX_POINT('',#3744);
#1151=VERTEX_POINT('',#3746);
#1152=VERTEX_POINT('',#3751);
#1153=VERTEX_POINT('',#3758);
#1154=VERTEX_POINT('',#3760);
#1155=VERTEX_POINT('',#3768);
#1156=VERTEX_POINT('',#3770);
#1157=VERTEX_POINT('',#3795);
#1158=VERTEX_POINT('',#3799);
#1159=VERTEX_POINT('',#3803);
#1160=VERTEX_POINT('',#3807);
#1161=VERTEX_POINT('',#3811);
#1162=EDGE_CURVE('',#952,#953,#938,.T.);
#1163=EDGE_CURVE('',#952,#954,#916,.T.);
#1164=EDGE_CURVE('',#955,#954,#939,.T.);
#1165=EDGE_CURVE('',#956,#955,#940,.T.);
#1166=EDGE_CURVE('',#953,#956,#941,.T.);
#1167=EDGE_CURVE('',#953,#957,#354,.T.);
#1168=EDGE_CURVE('',#957,#957,#917,.T.);
#1169=EDGE_CURVE('',#958,#959,#942,.T.);
#1170=EDGE_CURVE('',#960,#958,#918,.T.);
#1171=EDGE_CURVE('',#959,#960,#943,.T.);
#1172=EDGE_CURVE('',#959,#961,#355,.T.);
#1173=EDGE_CURVE('',#961,#961,#919,.T.);
#1174=EDGE_CURVE('',#954,#962,#944,.T.);
#1175=EDGE_CURVE('',#962,#952,#945,.T.);
#1176=EDGE_CURVE('',#962,#963,#356,.T.);
#1177=EDGE_CURVE('',#963,#963,#920,.T.);
#1178=EDGE_CURVE('',#964,#964,#921,.T.);
#1179=EDGE_CURVE('',#964,#963,#357,.T.);
#1180=EDGE_CURVE('',#965,#965,#922,.T.);
#1181=EDGE_CURVE('',#965,#966,#358,.T.);
#1182=EDGE_CURVE('',#966,#966,#923,.T.);
#1183=EDGE_CURVE('',#967,#967,#924,.T.);
#1184=EDGE_CURVE('',#967,#966,#359,.T.);
#1185=EDGE_CURVE('',#968,#968,#925,.T.);
#1186=EDGE_CURVE('',#968,#969,#360,.T.);
#1187=EDGE_CURVE('',#960,#969,#946,.T.);
#1188=EDGE_CURVE('',#970,#958,#947,.T.);
#1189=EDGE_CURVE('',#971,#970,#948,.T.);
#1190=EDGE_CURVE('',#969,#971,#949,.T.);
#1191=EDGE_CURVE('',#972,#972,#926,.T.);
#1192=EDGE_CURVE('',#972,#968,#361,.T.);
#1193=EDGE_CURVE('',#973,#973,#927,.T.);
#1194=EDGE_CURVE('',#973,#974,#362,.T.);
#1195=EDGE_CURVE('',#974,#974,#928,.T.);
#1196=EDGE_CURVE('',#975,#975,#929,.T.);
#1197=EDGE_CURVE('',#975,#973,#363,.T.);
#1198=EDGE_CURVE('',#965,#976,#364,.T.);
#1199=EDGE_CURVE('',#977,#976,#930,.T.);
#1200=EDGE_CURVE('',#978,#977,#122,.T.);
#1201=EDGE_CURVE('',#976,#978,#931,.T.);
#1202=EDGE_CURVE('',#979,#979,#950,.T.);
#1203=EDGE_CURVE('',#974,#980,#365,.T.);
#1204=EDGE_CURVE('',#981,#980,#932,.T.);
#1205=EDGE_CURVE('',#982,#981,#123,.T.);
#1206=EDGE_CURVE('',#980,#982,#933,.T.);
#1207=EDGE_CURVE('',#983,#983,#951,.T.);
#1208=EDGE_CURVE('',#984,#985,#366,.T.);
#1209=EDGE_CURVE('',#985,#986,#367,.T.);
#1210=EDGE_CURVE('',#986,#987,#368,.T.);
#1211=EDGE_CURVE('',#988,#987,#369,.T.);
#1212=EDGE_CURVE('',#989,#988,#370,.T.);
#1213=EDGE_CURVE('',#990,#989,#371,.T.);
#1214=EDGE_CURVE('',#991,#990,#372,.T.);
#1215=EDGE_CURVE('',#991,#984,#373,.F.);
#1216=EDGE_CURVE('',#992,#978,#374,.T.);
#1217=EDGE_CURVE('',#992,#993,#375,.T.);
#1218=EDGE_CURVE('',#993,#994,#376,.T.);
#1219=EDGE_CURVE('',#994,#995,#377,.T.);
#1220=EDGE_CURVE('',#995,#996,#378,.T.);
#1221=EDGE_CURVE('',#996,#997,#379,.T.);
#1222=EDGE_CURVE('',#997,#998,#380,.T.);
#1223=EDGE_CURVE('',#998,#999,#381,.T.);
#1224=EDGE_CURVE('',#1000,#999,#382,.T.);
#1225=EDGE_CURVE('',#1000,#1001,#383,.T.);
#1226=EDGE_CURVE('',#1001,#1002,#384,.T.);
#1227=EDGE_CURVE('',#1002,#1003,#385,.T.);
#1228=EDGE_CURVE('',#977,#1003,#386,.T.);
#1229=EDGE_CURVE('',#1004,#1005,#387,.T.);
#1230=EDGE_CURVE('',#1005,#1006,#388,.T.);
#1231=EDGE_CURVE('',#1006,#1007,#389,.T.);
#1232=EDGE_CURVE('',#1007,#1008,#390,.T.);
#1233=EDGE_CURVE('',#1008,#1009,#391,.T.);
#1234=EDGE_CURVE('',#1009,#1010,#392,.T.);
#1235=EDGE_CURVE('',#1010,#1011,#393,.T.);
#1236=EDGE_CURVE('',#1011,#1012,#394,.T.);
#1237=EDGE_CURVE('',#1012,#1013,#395,.T.);
#1238=EDGE_CURVE('',#1013,#1004,#396,.T.);
#1239=EDGE_CURVE('',#1014,#982,#397,.T.);
#1240=EDGE_CURVE('',#1014,#1015,#398,.T.);
#1241=EDGE_CURVE('',#1015,#1016,#399,.T.);
#1242=EDGE_CURVE('',#1016,#1017,#400,.T.);
#1243=EDGE_CURVE('',#1018,#1017,#401,.T.);
#1244=EDGE_CURVE('',#1018,#1019,#402,.T.);
#1245=EDGE_CURVE('',#1019,#1020,#403,.T.);
#1246=EDGE_CURVE('',#1020,#1021,#404,.T.);
#1247=EDGE_CURVE('',#1021,#1022,#405,.T.);
#1248=EDGE_CURVE('',#1022,#1023,#406,.T.);
#1249=EDGE_CURVE('',#1024,#1023,#407,.T.);
#1250=EDGE_CURVE('',#1024,#1025,#408,.T.);
#1251=EDGE_CURVE('',#981,#1025,#409,.T.);
#1252=EDGE_CURVE('',#1026,#1027,#410,.T.);
#1253=EDGE_CURVE('',#1027,#1028,#411,.T.);
#1254=EDGE_CURVE('',#1028,#1029,#412,.T.);
#1255=EDGE_CURVE('',#1029,#1030,#413,.T.);
#1256=EDGE_CURVE('',#1030,#1031,#414,.T.);
#1257=EDGE_CURVE('',#1031,#1032,#415,.T.);
#1258=EDGE_CURVE('',#1032,#1033,#416,.T.);
#1259=EDGE_CURVE('',#1033,#1034,#417,.T.);
#1260=EDGE_CURVE('',#1034,#1035,#418,.T.);
#1261=EDGE_CURVE('',#1035,#1026,#419,.T.);
#1262=EDGE_CURVE('',#1036,#1037,#420,.T.);
#1263=EDGE_CURVE('',#1037,#1038,#421,.T.);
#1264=EDGE_CURVE('',#1038,#1039,#422,.T.);
#1265=EDGE_CURVE('',#1039,#1040,#423,.T.);
#1266=EDGE_CURVE('',#1040,#1041,#424,.T.);
#1267=EDGE_CURVE('',#1041,#1042,#425,.T.);
#1268=EDGE_CURVE('',#1042,#1043,#426,.T.);
#1269=EDGE_CURVE('',#1043,#1036,#427,.T.);
#1270=EDGE_CURVE('',#1044,#1037,#428,.F.);
#1271=EDGE_CURVE('',#1045,#1044,#429,.T.);
#1272=EDGE_CURVE('',#1045,#1038,#430,.T.);
#1273=EDGE_CURVE('',#1036,#1046,#431,.T.);
#1274=EDGE_CURVE('',#1046,#1047,#432,.T.);
#1275=EDGE_CURVE('',#1047,#1048,#433,.T.);
#1276=EDGE_CURVE('',#1048,#1049,#434,.T.);
#1277=EDGE_CURVE('',#1049,#1050,#435,.T.);
#1278=EDGE_CURVE('',#1050,#1051,#436,.T.);
#1279=EDGE_CURVE('',#1051,#991,#437,.T.);
#1280=EDGE_CURVE('',#1052,#990,#438,.T.);
#1281=EDGE_CURVE('',#1052,#1053,#439,.F.);
#1282=EDGE_CURVE('',#1025,#1053,#440,.T.);
#1283=EDGE_CURVE('',#1054,#1024,#441,.T.);
#1284=EDGE_CURVE('',#1055,#1054,#442,.T.);
#1285=EDGE_CURVE('',#1056,#1055,#443,.T.);
#1286=EDGE_CURVE('',#1056,#1057,#444,.F.);
#1287=EDGE_CURVE('',#1057,#1058,#445,.F.);
#1288=EDGE_CURVE('',#1058,#993,#446,.F.);
#1289=EDGE_CURVE('',#1044,#992,#447,.T.);
#1290=EDGE_CURVE('',#1059,#1059,#934,.T.);
#1291=EDGE_CURVE('',#1060,#1060,#935,.T.);
#1292=EDGE_CURVE('',#1061,#1043,#448,.T.);
#1293=EDGE_CURVE('',#1061,#1062,#449,.T.);
#1294=EDGE_CURVE('',#1062,#1063,#450,.T.);
#1295=EDGE_CURVE('',#1063,#1064,#451,.T.);
#1296=EDGE_CURVE('',#1064,#1065,#452,.T.);
#1297=EDGE_CURVE('',#1065,#1046,#453,.F.);
#1298=EDGE_CURVE('',#1066,#1042,#454,.T.);
#1299=EDGE_CURVE('',#1003,#1066,#455,.T.);
#1300=EDGE_CURVE('',#1067,#1002,#456,.T.);
#1301=EDGE_CURVE('',#1068,#1067,#457,.T.);
#1302=EDGE_CURVE('',#1068,#1069,#458,.T.);
#1303=EDGE_CURVE('',#1069,#1015,#459,.T.);
#1304=EDGE_CURVE('',#1070,#1014,#460,.T.);
#1305=EDGE_CURVE('',#1071,#1070,#461,.T.);
#1306=EDGE_CURVE('',#989,#1071,#462,.T.);
#1307=EDGE_CURVE('',#988,#1072,#463,.T.);
#1308=EDGE_CURVE('',#1072,#1061,#464,.T.);
#1309=EDGE_CURVE('',#1073,#1073,#936,.T.);
#1310=EDGE_CURVE('',#1074,#1074,#937,.T.);
#1311=EDGE_CURVE('',#1066,#1075,#465,.T.);
#1312=EDGE_CURVE('',#1075,#1076,#466,.T.);
#1313=EDGE_CURVE('',#1076,#1077,#467,.T.);
#1314=EDGE_CURVE('',#1077,#1045,#468,.T.);
#1315=EDGE_CURVE('',#1077,#1039,#469,.T.);
#1316=EDGE_CURVE('',#1076,#1040,#470,.F.);
#1317=EDGE_CURVE('',#1071,#1078,#471,.T.);
#1318=EDGE_CURVE('',#1078,#1079,#472,.T.);
#1319=EDGE_CURVE('',#1079,#1080,#473,.T.);
#1320=EDGE_CURVE('',#1080,#1081,#474,.T.);
#1321=EDGE_CURVE('',#1081,#1052,#475,.T.);
#1322=EDGE_CURVE('',#1082,#1070,#476,.T.);
#1323=EDGE_CURVE('',#1082,#1078,#477,.T.);
#1324=EDGE_CURVE('',#1053,#1083,#478,.T.);
#1325=EDGE_CURVE('',#1083,#1084,#479,.T.);
#1326=EDGE_CURVE('',#1084,#1085,#480,.T.);
#1327=EDGE_CURVE('',#1085,#1082,#481,.T.);
#1328=EDGE_CURVE('',#1079,#1085,#482,.F.);
#1329=EDGE_CURVE('',#1080,#1084,#483,.T.);
#1330=EDGE_CURVE('',#1081,#1083,#484,.T.);
#1331=EDGE_CURVE('',#1086,#984,#485,.T.);
#1332=EDGE_CURVE('',#1086,#1087,#486,.T.);
#1333=EDGE_CURVE('',#1088,#1087,#487,.T.);
#1334=EDGE_CURVE('',#985,#1088,#488,.F.);
#1335=EDGE_CURVE('',#1089,#1088,#489,.T.);
#1336=EDGE_CURVE('',#1050,#1087,#490,.T.);
#1337=EDGE_CURVE('',#1049,#1090,#491,.T.);
#1338=EDGE_CURVE('',#1091,#1090,#492,.T.);
#1339=EDGE_CURVE('',#1091,#1089,#493,.T.);
#1340=EDGE_CURVE('',#1051,#1086,#494,.F.);
#1341=EDGE_CURVE('',#1092,#1093,#495,.T.);
#1342=EDGE_CURVE('',#1092,#1094,#496,.T.);
#1343=EDGE_CURVE('',#1065,#1094,#497,.T.);
#1344=EDGE_CURVE('',#1064,#1093,#498,.T.);
#1345=EDGE_CURVE('',#1047,#1094,#499,.T.);
#1346=EDGE_CURVE('',#1048,#1092,#500,.T.);
#1347=EDGE_CURVE('',#1095,#1089,#501,.T.);
#1348=EDGE_CURVE('',#1095,#1091,#502,.T.);
#1349=EDGE_CURVE('',#1096,#1097,#503,.T.);
#1350=EDGE_CURVE('',#1098,#1097,#504,.T.);
#1351=EDGE_CURVE('',#1096,#1098,#505,.T.);
#1352=EDGE_CURVE('',#1090,#1099,#506,.T.);
#1353=EDGE_CURVE('',#1100,#1099,#507,.T.);
#1354=EDGE_CURVE('',#1095,#1100,#508,.T.);
#1355=EDGE_CURVE('',#1098,#1090,#509,.T.);
#1356=EDGE_CURVE('',#1097,#1101,#510,.T.);
#1357=EDGE_CURVE('',#1099,#1101,#511,.T.);
#1358=EDGE_CURVE('',#1063,#1102,#512,.T.);
#1359=EDGE_CURVE('',#1103,#1102,#513,.T.);
#1360=EDGE_CURVE('',#1104,#1103,#514,.T.);
#1361=EDGE_CURVE('',#1101,#1104,#515,.T.);
#1362=EDGE_CURVE('',#1093,#1096,#516,.T.);
#1363=EDGE_CURVE('',#1105,#1100,#517,.T.);
#1364=EDGE_CURVE('',#1106,#1105,#518,.T.);
#1365=EDGE_CURVE('',#1107,#1106,#519,.T.);
#1366=EDGE_CURVE('',#986,#1107,#520,.T.);
#1367=EDGE_CURVE('',#1108,#1062,#521,.T.);
#1368=EDGE_CURVE('',#1108,#1109,#522,.T.);
#1369=EDGE_CURVE('',#1102,#1109,#523,.T.);
#1370=EDGE_CURVE('',#987,#1108,#524,.T.);
#1371=EDGE_CURVE('',#1109,#1107,#525,.T.);
#1372=EDGE_CURVE('',#1106,#1110,#526,.T.);
#1373=EDGE_CURVE('',#1111,#1110,#527,.T.);
#1374=EDGE_CURVE('',#1112,#1111,#528,.T.);
#1375=EDGE_CURVE('',#1113,#1112,#529,.T.);
#1376=EDGE_CURVE('',#1103,#1113,#530,.F.);
#1377=EDGE_CURVE('',#1105,#1114,#531,.F.);
#1378=EDGE_CURVE('',#1110,#1114,#532,.T.);
#1379=EDGE_CURVE('',#1104,#1115,#533,.T.);
#1380=EDGE_CURVE('',#1116,#1115,#534,.T.);
#1381=EDGE_CURVE('',#1114,#1116,#535,.T.);
#1382=EDGE_CURVE('',#1115,#1113,#536,.T.);
#1383=EDGE_CURVE('',#1117,#1111,#537,.T.);
#1384=EDGE_CURVE('',#1117,#1016,#538,.T.);
#1385=EDGE_CURVE('',#1016,#1118,#539,.T.);
#1386=EDGE_CURVE('',#1118,#1119,#540,.T.);
#1387=EDGE_CURVE('',#1119,#1120,#541,.T.);
#1388=EDGE_CURVE('',#1120,#1001,#542,.T.);
#1389=EDGE_CURVE('',#1001,#1121,#543,.T.);
#1390=EDGE_CURVE('',#1112,#1121,#544,.T.);
#1391=EDGE_CURVE('',#1116,#1122,#545,.T.);
#1392=EDGE_CURVE('',#1122,#1123,#546,.T.);
#1393=EDGE_CURVE('',#1123,#1124,#547,.T.);
#1394=EDGE_CURVE('',#1124,#1125,#548,.T.);
#1395=EDGE_CURVE('',#1125,#1018,#549,.T.);
#1396=EDGE_CURVE('',#1017,#1117,#550,.T.);
#1397=EDGE_CURVE('',#1009,#1126,#551,.T.);
#1398=EDGE_CURVE('',#1008,#1127,#552,.T.);
#1399=EDGE_CURVE('',#1127,#1126,#553,.T.);
#1400=EDGE_CURVE('',#1010,#1128,#554,.T.);
#1401=EDGE_CURVE('',#1126,#1129,#555,.T.);
#1402=EDGE_CURVE('',#1129,#1128,#556,.T.);
#1403=EDGE_CURVE('',#1011,#1130,#557,.T.);
#1404=EDGE_CURVE('',#1128,#1130,#558,.T.);
#1405=EDGE_CURVE('',#1012,#1131,#559,.T.);
#1406=EDGE_CURVE('',#1130,#1132,#560,.T.);
#1407=EDGE_CURVE('',#1131,#1132,#561,.T.);
#1408=EDGE_CURVE('',#1013,#1131,#562,.T.);
#1409=EDGE_CURVE('',#1004,#1133,#563,.T.);
#1410=EDGE_CURVE('',#1132,#1133,#564,.T.);
#1411=EDGE_CURVE('',#1005,#1134,#565,.T.);
#1412=EDGE_CURVE('',#1133,#1134,#566,.T.);
#1413=EDGE_CURVE('',#1006,#1135,#567,.T.);
#1414=EDGE_CURVE('',#1134,#1135,#568,.T.);
#1415=EDGE_CURVE('',#1007,#1127,#569,.T.);
#1416=EDGE_CURVE('',#1135,#1129,#570,.T.);
#1417=EDGE_CURVE('',#1034,#1136,#571,.T.);
#1418=EDGE_CURVE('',#1137,#1136,#572,.T.);
#1419=EDGE_CURVE('',#1035,#1137,#573,.T.);
#1420=EDGE_CURVE('',#1033,#1138,#574,.T.);
#1421=EDGE_CURVE('',#1139,#1138,#575,.T.);
#1422=EDGE_CURVE('',#1136,#1139,#576,.T.);
#1423=EDGE_CURVE('',#1032,#1140,#577,.T.);
#1424=EDGE_CURVE('',#1138,#1140,#578,.T.);
#1425=EDGE_CURVE('',#1031,#1141,#579,.T.);
#1426=EDGE_CURVE('',#1141,#1142,#580,.T.);
#1427=EDGE_CURVE('',#1140,#1142,#581,.T.);
#1428=EDGE_CURVE('',#1030,#1141,#582,.T.);
#1429=EDGE_CURVE('',#1029,#1143,#583,.T.);
#1430=EDGE_CURVE('',#1142,#1143,#584,.T.);
#1431=EDGE_CURVE('',#1028,#1144,#585,.T.);
#1432=EDGE_CURVE('',#1143,#1144,#586,.T.);
#1433=EDGE_CURVE('',#1027,#1145,#587,.T.);
#1434=EDGE_CURVE('',#1144,#1145,#588,.T.);
#1435=EDGE_CURVE('',#1026,#1137,#589,.T.);
#1436=EDGE_CURVE('',#1145,#1139,#590,.T.);
#1437=EDGE_CURVE('',#1072,#1108,#591,.T.);
#1438=EDGE_CURVE('',#1075,#1041,#592,.F.);
#1439=EDGE_CURVE('',#1146,#1147,#593,.T.);
#1440=EDGE_CURVE('',#1021,#1146,#594,.T.);
#1441=EDGE_CURVE('',#1124,#1020,#595,.T.);
#1442=EDGE_CURVE('',#1147,#1123,#596,.T.);
#1443=EDGE_CURVE('',#1148,#1149,#597,.T.);
#1444=EDGE_CURVE('',#997,#1148,#598,.T.);
#1445=EDGE_CURVE('',#1150,#996,#599,.T.);
#1446=EDGE_CURVE('',#1151,#1150,#600,.T.);
#1447=EDGE_CURVE('',#1149,#1151,#601,.T.);
#1448=EDGE_CURVE('',#1121,#1000,#602,.T.);
#1449=EDGE_CURVE('',#999,#1152,#603,.T.);
#1450=EDGE_CURVE('',#1152,#1148,#604,.T.);
#1451=EDGE_CURVE('',#1149,#1122,#605,.T.);
#1452=EDGE_CURVE('',#1151,#1147,#606,.T.);
#1453=EDGE_CURVE('',#1150,#1153,#607,.T.);
#1454=EDGE_CURVE('',#1154,#1153,#608,.T.);
#1455=EDGE_CURVE('',#1154,#1146,#609,.T.);
#1456=EDGE_CURVE('',#1153,#995,#610,.T.);
#1457=EDGE_CURVE('',#1022,#1154,#611,.T.);
#1458=EDGE_CURVE('',#994,#1155,#612,.T.);
#1459=EDGE_CURVE('',#1155,#1156,#613,.T.);
#1460=EDGE_CURVE('',#1156,#1023,#614,.T.);
#1461=EDGE_CURVE('',#1152,#998,#615,.T.);
#1462=EDGE_CURVE('',#1125,#1019,#616,.T.);
#1463=EDGE_CURVE('',#1060,#956,#617,.T.);
#1464=EDGE_CURVE('',#955,#1073,#618,.T.);
#1465=EDGE_CURVE('',#1059,#971,#619,.T.);
#1466=EDGE_CURVE('',#970,#1074,#620,.T.);
#1467=EDGE_CURVE('',#1067,#1120,#621,.T.);
#1468=EDGE_CURVE('',#1068,#1119,#622,.T.);
#1469=EDGE_CURVE('',#1069,#1118,#623,.T.);
#1470=EDGE_CURVE('',#1156,#1157,#624,.F.);
#1471=EDGE_CURVE('',#1054,#1157,#625,.T.);
#1472=EDGE_CURVE('',#1058,#1158,#626,.T.);
#1473=EDGE_CURVE('',#1158,#1155,#627,.F.);
#1474=EDGE_CURVE('',#1057,#1159,#628,.F.);
#1475=EDGE_CURVE('',#1159,#1158,#629,.F.);
#1476=EDGE_CURVE('',#1056,#1160,#630,.F.);
#1477=EDGE_CURVE('',#1160,#1159,#631,.F.);
#1478=EDGE_CURVE('',#1055,#1161,#632,.F.);
#1479=EDGE_CURVE('',#1161,#1160,#633,.F.);
#1480=EDGE_CURVE('',#1157,#1161,#634,.F.);
#1481=ORIENTED_EDGE('',*,*,#1162,.F.);
#1482=ORIENTED_EDGE('',*,*,#1163,.T.);
#1483=ORIENTED_EDGE('',*,*,#1164,.F.);
#1484=ORIENTED_EDGE('',*,*,#1165,.F.);
#1485=ORIENTED_EDGE('',*,*,#1166,.F.);
#1486=ORIENTED_EDGE('',*,*,#1167,.T.);
#1487=ORIENTED_EDGE('',*,*,#1168,.F.);
#1488=ORIENTED_EDGE('',*,*,#1167,.F.);
#1489=ORIENTED_EDGE('',*,*,#1169,.F.);
#1490=ORIENTED_EDGE('',*,*,#1170,.F.);
#1491=ORIENTED_EDGE('',*,*,#1171,.F.);
#1492=ORIENTED_EDGE('',*,*,#1172,.T.);
#1493=ORIENTED_EDGE('',*,*,#1173,.F.);
#1494=ORIENTED_EDGE('',*,*,#1172,.F.);
#1495=ORIENTED_EDGE('',*,*,#1174,.F.);
#1496=ORIENTED_EDGE('',*,*,#1163,.F.);
#1497=ORIENTED_EDGE('',*,*,#1175,.F.);
#1498=ORIENTED_EDGE('',*,*,#1176,.T.);
#1499=ORIENTED_EDGE('',*,*,#1177,.F.);
#1500=ORIENTED_EDGE('',*,*,#1176,.F.);
#1501=ORIENTED_EDGE('',*,*,#1178,.F.);
#1502=ORIENTED_EDGE('',*,*,#1179,.T.);
#1503=ORIENTED_EDGE('',*,*,#1177,.T.);
#1504=ORIENTED_EDGE('',*,*,#1179,.F.);
#1505=ORIENTED_EDGE('',*,*,#1180,.F.);
#1506=ORIENTED_EDGE('',*,*,#1181,.T.);
#1507=ORIENTED_EDGE('',*,*,#1182,.F.);
#1508=ORIENTED_EDGE('',*,*,#1181,.F.);
#1509=ORIENTED_EDGE('',*,*,#1183,.F.);
#1510=ORIENTED_EDGE('',*,*,#1184,.T.);
#1511=ORIENTED_EDGE('',*,*,#1182,.T.);
#1512=ORIENTED_EDGE('',*,*,#1184,.F.);
#1513=ORIENTED_EDGE('',*,*,#1185,.F.);
#1514=ORIENTED_EDGE('',*,*,#1186,.T.);
#1515=ORIENTED_EDGE('',*,*,#1187,.F.);
#1516=ORIENTED_EDGE('',*,*,#1170,.T.);
#1517=ORIENTED_EDGE('',*,*,#1188,.F.);
#1518=ORIENTED_EDGE('',*,*,#1189,.F.);
#1519=ORIENTED_EDGE('',*,*,#1190,.F.);
#1520=ORIENTED_EDGE('',*,*,#1186,.F.);
#1521=ORIENTED_EDGE('',*,*,#1191,.F.);
#1522=ORIENTED_EDGE('',*,*,#1192,.T.);
#1523=ORIENTED_EDGE('',*,*,#1185,.T.);
#1524=ORIENTED_EDGE('',*,*,#1192,.F.);
#1525=ORIENTED_EDGE('',*,*,#1193,.F.);
#1526=ORIENTED_EDGE('',*,*,#1194,.T.);
#1527=ORIENTED_EDGE('',*,*,#1195,.T.);
#1528=ORIENTED_EDGE('',*,*,#1194,.F.);
#1529=ORIENTED_EDGE('',*,*,#1196,.F.);
#1530=ORIENTED_EDGE('',*,*,#1197,.T.);
#1531=ORIENTED_EDGE('',*,*,#1193,.T.);
#1532=ORIENTED_EDGE('',*,*,#1197,.F.);
#1533=ORIENTED_EDGE('',*,*,#1180,.T.);
#1534=ORIENTED_EDGE('',*,*,#1198,.T.);
#1535=ORIENTED_EDGE('',*,*,#1199,.F.);
#1536=ORIENTED_EDGE('',*,*,#1200,.F.);
#1537=ORIENTED_EDGE('',*,*,#1201,.F.);
#1538=ORIENTED_EDGE('',*,*,#1198,.F.);
#1539=ORIENTED_EDGE('',*,*,#1202,.F.);
#1540=ORIENTED_EDGE('',*,*,#1195,.F.);
#1541=ORIENTED_EDGE('',*,*,#1203,.T.);
#1542=ORIENTED_EDGE('',*,*,#1204,.F.);
#1543=ORIENTED_EDGE('',*,*,#1205,.F.);
#1544=ORIENTED_EDGE('',*,*,#1206,.F.);
#1545=ORIENTED_EDGE('',*,*,#1203,.F.);
#1546=ORIENTED_EDGE('',*,*,#1207,.F.);
#1547=ORIENTED_EDGE('',*,*,#1208,.T.);
#1548=ORIENTED_EDGE('',*,*,#1209,.T.);
#1549=ORIENTED_EDGE('',*,*,#1210,.T.);
#1550=ORIENTED_EDGE('',*,*,#1211,.F.);
#1551=ORIENTED_EDGE('',*,*,#1212,.F.);
#1552=ORIENTED_EDGE('',*,*,#1213,.F.);
#1553=ORIENTED_EDGE('',*,*,#1214,.F.);
#1554=ORIENTED_EDGE('',*,*,#1215,.T.);
#1555=ORIENTED_EDGE('',*,*,#1196,.T.);
#1556=ORIENTED_EDGE('',*,*,#1191,.T.);
#1557=ORIENTED_EDGE('',*,*,#1199,.T.);
#1558=ORIENTED_EDGE('',*,*,#1201,.T.);
#1559=ORIENTED_EDGE('',*,*,#1216,.F.);
#1560=ORIENTED_EDGE('',*,*,#1217,.T.);
#1561=ORIENTED_EDGE('',*,*,#1218,.T.);
#1562=ORIENTED_EDGE('',*,*,#1219,.T.);
#1563=ORIENTED_EDGE('',*,*,#1220,.T.);
#1564=ORIENTED_EDGE('',*,*,#1221,.T.);
#1565=ORIENTED_EDGE('',*,*,#1222,.T.);
#1566=ORIENTED_EDGE('',*,*,#1223,.T.);
#1567=ORIENTED_EDGE('',*,*,#1224,.F.);
#1568=ORIENTED_EDGE('',*,*,#1225,.T.);
#1569=ORIENTED_EDGE('',*,*,#1226,.T.);
#1570=ORIENTED_EDGE('',*,*,#1227,.T.);
#1571=ORIENTED_EDGE('',*,*,#1228,.F.);
#1572=ORIENTED_EDGE('',*,*,#1229,.T.);
#1573=ORIENTED_EDGE('',*,*,#1230,.T.);
#1574=ORIENTED_EDGE('',*,*,#1231,.T.);
#1575=ORIENTED_EDGE('',*,*,#1232,.T.);
#1576=ORIENTED_EDGE('',*,*,#1233,.T.);
#1577=ORIENTED_EDGE('',*,*,#1234,.T.);
#1578=ORIENTED_EDGE('',*,*,#1235,.T.);
#1579=ORIENTED_EDGE('',*,*,#1236,.T.);
#1580=ORIENTED_EDGE('',*,*,#1237,.T.);
#1581=ORIENTED_EDGE('',*,*,#1238,.T.);
#1582=ORIENTED_EDGE('',*,*,#1168,.T.);
#1583=ORIENTED_EDGE('',*,*,#1204,.T.);
#1584=ORIENTED_EDGE('',*,*,#1206,.T.);
#1585=ORIENTED_EDGE('',*,*,#1239,.F.);
#1586=ORIENTED_EDGE('',*,*,#1240,.T.);
#1587=ORIENTED_EDGE('',*,*,#1241,.T.);
#1588=ORIENTED_EDGE('',*,*,#1242,.T.);
#1589=ORIENTED_EDGE('',*,*,#1243,.F.);
#1590=ORIENTED_EDGE('',*,*,#1244,.T.);
#1591=ORIENTED_EDGE('',*,*,#1245,.T.);
#1592=ORIENTED_EDGE('',*,*,#1246,.T.);
#1593=ORIENTED_EDGE('',*,*,#1247,.T.);
#1594=ORIENTED_EDGE('',*,*,#1248,.T.);
#1595=ORIENTED_EDGE('',*,*,#1249,.F.);
#1596=ORIENTED_EDGE('',*,*,#1250,.T.);
#1597=ORIENTED_EDGE('',*,*,#1251,.F.);
#1598=ORIENTED_EDGE('',*,*,#1252,.T.);
#1599=ORIENTED_EDGE('',*,*,#1253,.T.);
#1600=ORIENTED_EDGE('',*,*,#1254,.T.);
#1601=ORIENTED_EDGE('',*,*,#1255,.T.);
#1602=ORIENTED_EDGE('',*,*,#1256,.T.);
#1603=ORIENTED_EDGE('',*,*,#1257,.T.);
#1604=ORIENTED_EDGE('',*,*,#1258,.T.);
#1605=ORIENTED_EDGE('',*,*,#1259,.T.);
#1606=ORIENTED_EDGE('',*,*,#1260,.T.);
#1607=ORIENTED_EDGE('',*,*,#1261,.T.);
#1608=ORIENTED_EDGE('',*,*,#1173,.T.);
#1609=ORIENTED_EDGE('',*,*,#1262,.T.);
#1610=ORIENTED_EDGE('',*,*,#1263,.T.);
#1611=ORIENTED_EDGE('',*,*,#1264,.T.);
#1612=ORIENTED_EDGE('',*,*,#1265,.T.);
#1613=ORIENTED_EDGE('',*,*,#1266,.T.);
#1614=ORIENTED_EDGE('',*,*,#1267,.T.);
#1615=ORIENTED_EDGE('',*,*,#1268,.T.);
#1616=ORIENTED_EDGE('',*,*,#1269,.T.);
#1617=ORIENTED_EDGE('',*,*,#1263,.F.);
#1618=ORIENTED_EDGE('',*,*,#1270,.F.);
#1619=ORIENTED_EDGE('',*,*,#1271,.F.);
#1620=ORIENTED_EDGE('',*,*,#1272,.T.);
#1621=ORIENTED_EDGE('',*,*,#1262,.F.);
#1622=ORIENTED_EDGE('',*,*,#1273,.T.);
#1623=ORIENTED_EDGE('',*,*,#1274,.T.);
#1624=ORIENTED_EDGE('',*,*,#1275,.T.);
#1625=ORIENTED_EDGE('',*,*,#1276,.T.);
#1626=ORIENTED_EDGE('',*,*,#1277,.T.);
#1627=ORIENTED_EDGE('',*,*,#1278,.T.);
#1628=ORIENTED_EDGE('',*,*,#1279,.T.);
#1629=ORIENTED_EDGE('',*,*,#1214,.T.);
#1630=ORIENTED_EDGE('',*,*,#1280,.F.);
#1631=ORIENTED_EDGE('',*,*,#1281,.T.);
#1632=ORIENTED_EDGE('',*,*,#1282,.F.);
#1633=ORIENTED_EDGE('',*,*,#1250,.F.);
#1634=ORIENTED_EDGE('',*,*,#1283,.F.);
#1635=ORIENTED_EDGE('',*,*,#1284,.F.);
#1636=ORIENTED_EDGE('',*,*,#1285,.F.);
#1637=ORIENTED_EDGE('',*,*,#1286,.T.);
#1638=ORIENTED_EDGE('',*,*,#1287,.T.);
#1639=ORIENTED_EDGE('',*,*,#1288,.T.);
#1640=ORIENTED_EDGE('',*,*,#1217,.F.);
#1641=ORIENTED_EDGE('',*,*,#1289,.F.);
#1642=ORIENTED_EDGE('',*,*,#1270,.T.);
#1643=ORIENTED_EDGE('',*,*,#1290,.T.);
#1644=ORIENTED_EDGE('',*,*,#1291,.T.);
#1645=ORIENTED_EDGE('',*,*,#1269,.F.);
#1646=ORIENTED_EDGE('',*,*,#1292,.F.);
#1647=ORIENTED_EDGE('',*,*,#1293,.T.);
#1648=ORIENTED_EDGE('',*,*,#1294,.T.);
#1649=ORIENTED_EDGE('',*,*,#1295,.T.);
#1650=ORIENTED_EDGE('',*,*,#1296,.T.);
#1651=ORIENTED_EDGE('',*,*,#1297,.T.);
#1652=ORIENTED_EDGE('',*,*,#1273,.F.);
#1653=ORIENTED_EDGE('',*,*,#1178,.T.);
#1654=ORIENTED_EDGE('',*,*,#1183,.T.);
#1655=ORIENTED_EDGE('',*,*,#1268,.F.);
#1656=ORIENTED_EDGE('',*,*,#1298,.F.);
#1657=ORIENTED_EDGE('',*,*,#1299,.F.);
#1658=ORIENTED_EDGE('',*,*,#1227,.F.);
#1659=ORIENTED_EDGE('',*,*,#1300,.F.);
#1660=ORIENTED_EDGE('',*,*,#1301,.F.);
#1661=ORIENTED_EDGE('',*,*,#1302,.T.);
#1662=ORIENTED_EDGE('',*,*,#1303,.T.);
#1663=ORIENTED_EDGE('',*,*,#1240,.F.);
#1664=ORIENTED_EDGE('',*,*,#1304,.F.);
#1665=ORIENTED_EDGE('',*,*,#1305,.F.);
#1666=ORIENTED_EDGE('',*,*,#1306,.F.);
#1667=ORIENTED_EDGE('',*,*,#1212,.T.);
#1668=ORIENTED_EDGE('',*,*,#1307,.T.);
#1669=ORIENTED_EDGE('',*,*,#1308,.T.);
#1670=ORIENTED_EDGE('',*,*,#1292,.T.);
#1671=ORIENTED_EDGE('',*,*,#1309,.F.);
#1672=ORIENTED_EDGE('',*,*,#1310,.F.);
#1673=ORIENTED_EDGE('',*,*,#1200,.T.);
#1674=ORIENTED_EDGE('',*,*,#1228,.T.);
#1675=ORIENTED_EDGE('',*,*,#1299,.T.);
#1676=ORIENTED_EDGE('',*,*,#1311,.T.);
#1677=ORIENTED_EDGE('',*,*,#1312,.T.);
#1678=ORIENTED_EDGE('',*,*,#1313,.T.);
#1679=ORIENTED_EDGE('',*,*,#1314,.T.);
#1680=ORIENTED_EDGE('',*,*,#1271,.T.);
#1681=ORIENTED_EDGE('',*,*,#1289,.T.);
#1682=ORIENTED_EDGE('',*,*,#1216,.T.);
#1683=ORIENTED_EDGE('',*,*,#1264,.F.);
#1684=ORIENTED_EDGE('',*,*,#1272,.F.);
#1685=ORIENTED_EDGE('',*,*,#1314,.F.);
#1686=ORIENTED_EDGE('',*,*,#1315,.T.);
#1687=ORIENTED_EDGE('',*,*,#1265,.F.);
#1688=ORIENTED_EDGE('',*,*,#1315,.F.);
#1689=ORIENTED_EDGE('',*,*,#1313,.F.);
#1690=ORIENTED_EDGE('',*,*,#1316,.T.);
#1691=ORIENTED_EDGE('',*,*,#1306,.T.);
#1692=ORIENTED_EDGE('',*,*,#1317,.T.);
#1693=ORIENTED_EDGE('',*,*,#1318,.T.);
#1694=ORIENTED_EDGE('',*,*,#1319,.T.);
#1695=ORIENTED_EDGE('',*,*,#1320,.T.);
#1696=ORIENTED_EDGE('',*,*,#1321,.T.);
#1697=ORIENTED_EDGE('',*,*,#1280,.T.);
#1698=ORIENTED_EDGE('',*,*,#1213,.T.);
#1699=ORIENTED_EDGE('',*,*,#1317,.F.);
#1700=ORIENTED_EDGE('',*,*,#1305,.T.);
#1701=ORIENTED_EDGE('',*,*,#1322,.F.);
#1702=ORIENTED_EDGE('',*,*,#1323,.T.);
#1703=ORIENTED_EDGE('',*,*,#1205,.T.);
#1704=ORIENTED_EDGE('',*,*,#1251,.T.);
#1705=ORIENTED_EDGE('',*,*,#1282,.T.);
#1706=ORIENTED_EDGE('',*,*,#1324,.T.);
#1707=ORIENTED_EDGE('',*,*,#1325,.T.);
#1708=ORIENTED_EDGE('',*,*,#1326,.T.);
#1709=ORIENTED_EDGE('',*,*,#1327,.T.);
#1710=ORIENTED_EDGE('',*,*,#1322,.T.);
#1711=ORIENTED_EDGE('',*,*,#1304,.T.);
#1712=ORIENTED_EDGE('',*,*,#1239,.T.);
#1713=ORIENTED_EDGE('',*,*,#1318,.F.);
#1714=ORIENTED_EDGE('',*,*,#1323,.F.);
#1715=ORIENTED_EDGE('',*,*,#1327,.F.);
#1716=ORIENTED_EDGE('',*,*,#1328,.F.);
#1717=ORIENTED_EDGE('',*,*,#1319,.F.);
#1718=ORIENTED_EDGE('',*,*,#1328,.T.);
#1719=ORIENTED_EDGE('',*,*,#1326,.F.);
#1720=ORIENTED_EDGE('',*,*,#1329,.F.);
#1721=ORIENTED_EDGE('',*,*,#1320,.F.);
#1722=ORIENTED_EDGE('',*,*,#1329,.T.);
#1723=ORIENTED_EDGE('',*,*,#1325,.F.);
#1724=ORIENTED_EDGE('',*,*,#1330,.F.);
#1725=ORIENTED_EDGE('',*,*,#1321,.F.);
#1726=ORIENTED_EDGE('',*,*,#1330,.T.);
#1727=ORIENTED_EDGE('',*,*,#1324,.F.);
#1728=ORIENTED_EDGE('',*,*,#1281,.F.);
#1729=ORIENTED_EDGE('',*,*,#1331,.F.);
#1730=ORIENTED_EDGE('',*,*,#1332,.T.);
#1731=ORIENTED_EDGE('',*,*,#1333,.F.);
#1732=ORIENTED_EDGE('',*,*,#1334,.F.);
#1733=ORIENTED_EDGE('',*,*,#1208,.F.);
#1734=ORIENTED_EDGE('',*,*,#1335,.T.);
#1735=ORIENTED_EDGE('',*,*,#1333,.T.);
#1736=ORIENTED_EDGE('',*,*,#1336,.F.);
#1737=ORIENTED_EDGE('',*,*,#1277,.F.);
#1738=ORIENTED_EDGE('',*,*,#1337,.T.);
#1739=ORIENTED_EDGE('',*,*,#1338,.F.);
#1740=ORIENTED_EDGE('',*,*,#1339,.T.);
#1741=ORIENTED_EDGE('',*,*,#1332,.F.);
#1742=ORIENTED_EDGE('',*,*,#1340,.F.);
#1743=ORIENTED_EDGE('',*,*,#1278,.F.);
#1744=ORIENTED_EDGE('',*,*,#1336,.T.);
#1745=ORIENTED_EDGE('',*,*,#1341,.F.);
#1746=ORIENTED_EDGE('',*,*,#1342,.T.);
#1747=ORIENTED_EDGE('',*,*,#1343,.F.);
#1748=ORIENTED_EDGE('',*,*,#1296,.F.);
#1749=ORIENTED_EDGE('',*,*,#1344,.T.);
#1750=ORIENTED_EDGE('',*,*,#1343,.T.);
#1751=ORIENTED_EDGE('',*,*,#1345,.F.);
#1752=ORIENTED_EDGE('',*,*,#1274,.F.);
#1753=ORIENTED_EDGE('',*,*,#1297,.F.);
#1754=ORIENTED_EDGE('',*,*,#1342,.F.);
#1755=ORIENTED_EDGE('',*,*,#1346,.F.);
#1756=ORIENTED_EDGE('',*,*,#1275,.F.);
#1757=ORIENTED_EDGE('',*,*,#1345,.T.);
#1758=ORIENTED_EDGE('',*,*,#1331,.T.);
#1759=ORIENTED_EDGE('',*,*,#1215,.F.);
#1760=ORIENTED_EDGE('',*,*,#1279,.F.);
#1761=ORIENTED_EDGE('',*,*,#1340,.T.);
#1762=ORIENTED_EDGE('',*,*,#1347,.T.);
#1763=ORIENTED_EDGE('',*,*,#1339,.F.);
#1764=ORIENTED_EDGE('',*,*,#1348,.F.);
#1765=ORIENTED_EDGE('',*,*,#1349,.T.);
#1766=ORIENTED_EDGE('',*,*,#1350,.F.);
#1767=ORIENTED_EDGE('',*,*,#1351,.F.);
#1768=ORIENTED_EDGE('',*,*,#1348,.T.);
#1769=ORIENTED_EDGE('',*,*,#1338,.T.);
#1770=ORIENTED_EDGE('',*,*,#1352,.T.);
#1771=ORIENTED_EDGE('',*,*,#1353,.F.);
#1772=ORIENTED_EDGE('',*,*,#1354,.F.);
#1773=ORIENTED_EDGE('',*,*,#1355,.F.);
#1774=ORIENTED_EDGE('',*,*,#1350,.T.);
#1775=ORIENTED_EDGE('',*,*,#1356,.T.);
#1776=ORIENTED_EDGE('',*,*,#1357,.F.);
#1777=ORIENTED_EDGE('',*,*,#1352,.F.);
#1778=ORIENTED_EDGE('',*,*,#1295,.F.);
#1779=ORIENTED_EDGE('',*,*,#1358,.T.);
#1780=ORIENTED_EDGE('',*,*,#1359,.F.);
#1781=ORIENTED_EDGE('',*,*,#1360,.F.);
#1782=ORIENTED_EDGE('',*,*,#1361,.F.);
#1783=ORIENTED_EDGE('',*,*,#1356,.F.);
#1784=ORIENTED_EDGE('',*,*,#1349,.F.);
#1785=ORIENTED_EDGE('',*,*,#1362,.F.);
#1786=ORIENTED_EDGE('',*,*,#1344,.F.);
#1787=ORIENTED_EDGE('',*,*,#1354,.T.);
#1788=ORIENTED_EDGE('',*,*,#1363,.F.);
#1789=ORIENTED_EDGE('',*,*,#1364,.F.);
#1790=ORIENTED_EDGE('',*,*,#1365,.F.);
#1791=ORIENTED_EDGE('',*,*,#1366,.F.);
#1792=ORIENTED_EDGE('',*,*,#1209,.F.);
#1793=ORIENTED_EDGE('',*,*,#1334,.T.);
#1794=ORIENTED_EDGE('',*,*,#1335,.F.);
#1795=ORIENTED_EDGE('',*,*,#1347,.F.);
#1796=ORIENTED_EDGE('',*,*,#1294,.F.);
#1797=ORIENTED_EDGE('',*,*,#1367,.F.);
#1798=ORIENTED_EDGE('',*,*,#1368,.T.);
#1799=ORIENTED_EDGE('',*,*,#1369,.F.);
#1800=ORIENTED_EDGE('',*,*,#1358,.F.);
#1801=ORIENTED_EDGE('',*,*,#1370,.F.);
#1802=ORIENTED_EDGE('',*,*,#1210,.F.);
#1803=ORIENTED_EDGE('',*,*,#1366,.T.);
#1804=ORIENTED_EDGE('',*,*,#1371,.F.);
#1805=ORIENTED_EDGE('',*,*,#1368,.F.);
#1806=ORIENTED_EDGE('',*,*,#1362,.T.);
#1807=ORIENTED_EDGE('',*,*,#1351,.T.);
#1808=ORIENTED_EDGE('',*,*,#1355,.T.);
#1809=ORIENTED_EDGE('',*,*,#1337,.F.);
#1810=ORIENTED_EDGE('',*,*,#1276,.F.);
#1811=ORIENTED_EDGE('',*,*,#1346,.T.);
#1812=ORIENTED_EDGE('',*,*,#1341,.T.);
#1813=ORIENTED_EDGE('',*,*,#1359,.T.);
#1814=ORIENTED_EDGE('',*,*,#1369,.T.);
#1815=ORIENTED_EDGE('',*,*,#1371,.T.);
#1816=ORIENTED_EDGE('',*,*,#1365,.T.);
#1817=ORIENTED_EDGE('',*,*,#1372,.T.);
#1818=ORIENTED_EDGE('',*,*,#1373,.F.);
#1819=ORIENTED_EDGE('',*,*,#1374,.F.);
#1820=ORIENTED_EDGE('',*,*,#1375,.F.);
#1821=ORIENTED_EDGE('',*,*,#1376,.F.);
#1822=ORIENTED_EDGE('',*,*,#1364,.T.);
#1823=ORIENTED_EDGE('',*,*,#1377,.T.);
#1824=ORIENTED_EDGE('',*,*,#1378,.F.);
#1825=ORIENTED_EDGE('',*,*,#1372,.F.);
#1826=ORIENTED_EDGE('',*,*,#1361,.T.);
#1827=ORIENTED_EDGE('',*,*,#1379,.T.);
#1828=ORIENTED_EDGE('',*,*,#1380,.F.);
#1829=ORIENTED_EDGE('',*,*,#1381,.F.);
#1830=ORIENTED_EDGE('',*,*,#1377,.F.);
#1831=ORIENTED_EDGE('',*,*,#1363,.T.);
#1832=ORIENTED_EDGE('',*,*,#1353,.T.);
#1833=ORIENTED_EDGE('',*,*,#1357,.T.);
#1834=ORIENTED_EDGE('',*,*,#1360,.T.);
#1835=ORIENTED_EDGE('',*,*,#1376,.T.);
#1836=ORIENTED_EDGE('',*,*,#1382,.F.);
#1837=ORIENTED_EDGE('',*,*,#1379,.F.);
#1838=ORIENTED_EDGE('',*,*,#1374,.T.);
#1839=ORIENTED_EDGE('',*,*,#1383,.F.);
#1840=ORIENTED_EDGE('',*,*,#1384,.T.);
#1841=ORIENTED_EDGE('',*,*,#1385,.T.);
#1842=ORIENTED_EDGE('',*,*,#1386,.T.);
#1843=ORIENTED_EDGE('',*,*,#1387,.T.);
#1844=ORIENTED_EDGE('',*,*,#1388,.T.);
#1845=ORIENTED_EDGE('',*,*,#1389,.T.);
#1846=ORIENTED_EDGE('',*,*,#1390,.F.);
#1847=ORIENTED_EDGE('',*,*,#1373,.T.);
#1848=ORIENTED_EDGE('',*,*,#1378,.T.);
#1849=ORIENTED_EDGE('',*,*,#1381,.T.);
#1850=ORIENTED_EDGE('',*,*,#1391,.T.);
#1851=ORIENTED_EDGE('',*,*,#1392,.T.);
#1852=ORIENTED_EDGE('',*,*,#1393,.T.);
#1853=ORIENTED_EDGE('',*,*,#1394,.T.);
#1854=ORIENTED_EDGE('',*,*,#1395,.T.);
#1855=ORIENTED_EDGE('',*,*,#1243,.T.);
#1856=ORIENTED_EDGE('',*,*,#1396,.T.);
#1857=ORIENTED_EDGE('',*,*,#1383,.T.);
#1858=ORIENTED_EDGE('',*,*,#1397,.F.);
#1859=ORIENTED_EDGE('',*,*,#1233,.F.);
#1860=ORIENTED_EDGE('',*,*,#1398,.T.);
#1861=ORIENTED_EDGE('',*,*,#1399,.T.);
#1862=ORIENTED_EDGE('',*,*,#1400,.F.);
#1863=ORIENTED_EDGE('',*,*,#1234,.F.);
#1864=ORIENTED_EDGE('',*,*,#1397,.T.);
#1865=ORIENTED_EDGE('',*,*,#1401,.T.);
#1866=ORIENTED_EDGE('',*,*,#1402,.T.);
#1867=ORIENTED_EDGE('',*,*,#1403,.F.);
#1868=ORIENTED_EDGE('',*,*,#1235,.F.);
#1869=ORIENTED_EDGE('',*,*,#1400,.T.);
#1870=ORIENTED_EDGE('',*,*,#1404,.T.);
#1871=ORIENTED_EDGE('',*,*,#1405,.F.);
#1872=ORIENTED_EDGE('',*,*,#1236,.F.);
#1873=ORIENTED_EDGE('',*,*,#1403,.T.);
#1874=ORIENTED_EDGE('',*,*,#1406,.T.);
#1875=ORIENTED_EDGE('',*,*,#1407,.F.);
#1876=ORIENTED_EDGE('',*,*,#1408,.F.);
#1877=ORIENTED_EDGE('',*,*,#1237,.F.);
#1878=ORIENTED_EDGE('',*,*,#1405,.T.);
#1879=ORIENTED_EDGE('',*,*,#1409,.F.);
#1880=ORIENTED_EDGE('',*,*,#1238,.F.);
#1881=ORIENTED_EDGE('',*,*,#1408,.T.);
#1882=ORIENTED_EDGE('',*,*,#1407,.T.);
#1883=ORIENTED_EDGE('',*,*,#1410,.T.);
#1884=ORIENTED_EDGE('',*,*,#1411,.F.);
#1885=ORIENTED_EDGE('',*,*,#1229,.F.);
#1886=ORIENTED_EDGE('',*,*,#1409,.T.);
#1887=ORIENTED_EDGE('',*,*,#1412,.T.);
#1888=ORIENTED_EDGE('',*,*,#1413,.F.);
#1889=ORIENTED_EDGE('',*,*,#1230,.F.);
#1890=ORIENTED_EDGE('',*,*,#1411,.T.);
#1891=ORIENTED_EDGE('',*,*,#1414,.T.);
#1892=ORIENTED_EDGE('',*,*,#1415,.F.);
#1893=ORIENTED_EDGE('',*,*,#1231,.F.);
#1894=ORIENTED_EDGE('',*,*,#1413,.T.);
#1895=ORIENTED_EDGE('',*,*,#1416,.T.);
#1896=ORIENTED_EDGE('',*,*,#1401,.F.);
#1897=ORIENTED_EDGE('',*,*,#1399,.F.);
#1898=ORIENTED_EDGE('',*,*,#1415,.T.);
#1899=ORIENTED_EDGE('',*,*,#1398,.F.);
#1900=ORIENTED_EDGE('',*,*,#1232,.F.);
#1901=ORIENTED_EDGE('',*,*,#1406,.F.);
#1902=ORIENTED_EDGE('',*,*,#1404,.F.);
#1903=ORIENTED_EDGE('',*,*,#1402,.F.);
#1904=ORIENTED_EDGE('',*,*,#1416,.F.);
#1905=ORIENTED_EDGE('',*,*,#1414,.F.);
#1906=ORIENTED_EDGE('',*,*,#1412,.F.);
#1907=ORIENTED_EDGE('',*,*,#1410,.F.);
#1908=ORIENTED_EDGE('',*,*,#1417,.T.);
#1909=ORIENTED_EDGE('',*,*,#1418,.F.);
#1910=ORIENTED_EDGE('',*,*,#1419,.F.);
#1911=ORIENTED_EDGE('',*,*,#1260,.F.);
#1912=ORIENTED_EDGE('',*,*,#1420,.T.);
#1913=ORIENTED_EDGE('',*,*,#1421,.F.);
#1914=ORIENTED_EDGE('',*,*,#1422,.F.);
#1915=ORIENTED_EDGE('',*,*,#1417,.F.);
#1916=ORIENTED_EDGE('',*,*,#1259,.F.);
#1917=ORIENTED_EDGE('',*,*,#1423,.T.);
#1918=ORIENTED_EDGE('',*,*,#1424,.F.);
#1919=ORIENTED_EDGE('',*,*,#1420,.F.);
#1920=ORIENTED_EDGE('',*,*,#1258,.F.);
#1921=ORIENTED_EDGE('',*,*,#1425,.T.);
#1922=ORIENTED_EDGE('',*,*,#1426,.T.);
#1923=ORIENTED_EDGE('',*,*,#1427,.F.);
#1924=ORIENTED_EDGE('',*,*,#1423,.F.);
#1925=ORIENTED_EDGE('',*,*,#1257,.F.);
#1926=ORIENTED_EDGE('',*,*,#1428,.T.);
#1927=ORIENTED_EDGE('',*,*,#1425,.F.);
#1928=ORIENTED_EDGE('',*,*,#1256,.F.);
#1929=ORIENTED_EDGE('',*,*,#1429,.T.);
#1930=ORIENTED_EDGE('',*,*,#1430,.F.);
#1931=ORIENTED_EDGE('',*,*,#1426,.F.);
#1932=ORIENTED_EDGE('',*,*,#1428,.F.);
#1933=ORIENTED_EDGE('',*,*,#1255,.F.);
#1934=ORIENTED_EDGE('',*,*,#1431,.T.);
#1935=ORIENTED_EDGE('',*,*,#1432,.F.);
#1936=ORIENTED_EDGE('',*,*,#1429,.F.);
#1937=ORIENTED_EDGE('',*,*,#1254,.F.);
#1938=ORIENTED_EDGE('',*,*,#1433,.T.);
#1939=ORIENTED_EDGE('',*,*,#1434,.F.);
#1940=ORIENTED_EDGE('',*,*,#1431,.F.);
#1941=ORIENTED_EDGE('',*,*,#1253,.F.);
#1942=ORIENTED_EDGE('',*,*,#1435,.T.);
#1943=ORIENTED_EDGE('',*,*,#1418,.T.);
#1944=ORIENTED_EDGE('',*,*,#1422,.T.);
#1945=ORIENTED_EDGE('',*,*,#1436,.F.);
#1946=ORIENTED_EDGE('',*,*,#1433,.F.);
#1947=ORIENTED_EDGE('',*,*,#1252,.F.);
#1948=ORIENTED_EDGE('',*,*,#1435,.F.);
#1949=ORIENTED_EDGE('',*,*,#1261,.F.);
#1950=ORIENTED_EDGE('',*,*,#1419,.T.);
#1951=ORIENTED_EDGE('',*,*,#1427,.T.);
#1952=ORIENTED_EDGE('',*,*,#1430,.T.);
#1953=ORIENTED_EDGE('',*,*,#1432,.T.);
#1954=ORIENTED_EDGE('',*,*,#1434,.T.);
#1955=ORIENTED_EDGE('',*,*,#1436,.T.);
#1956=ORIENTED_EDGE('',*,*,#1421,.T.);
#1957=ORIENTED_EDGE('',*,*,#1424,.T.);
#1958=ORIENTED_EDGE('',*,*,#1367,.T.);
#1959=ORIENTED_EDGE('',*,*,#1293,.F.);
#1960=ORIENTED_EDGE('',*,*,#1308,.F.);
#1961=ORIENTED_EDGE('',*,*,#1437,.T.);
#1962=ORIENTED_EDGE('',*,*,#1370,.T.);
#1963=ORIENTED_EDGE('',*,*,#1437,.F.);
#1964=ORIENTED_EDGE('',*,*,#1307,.F.);
#1965=ORIENTED_EDGE('',*,*,#1211,.T.);
#1966=ORIENTED_EDGE('',*,*,#1266,.F.);
#1967=ORIENTED_EDGE('',*,*,#1316,.F.);
#1968=ORIENTED_EDGE('',*,*,#1312,.F.);
#1969=ORIENTED_EDGE('',*,*,#1438,.T.);
#1970=ORIENTED_EDGE('',*,*,#1267,.F.);
#1971=ORIENTED_EDGE('',*,*,#1438,.F.);
#1972=ORIENTED_EDGE('',*,*,#1311,.F.);
#1973=ORIENTED_EDGE('',*,*,#1298,.T.);
#1974=ORIENTED_EDGE('',*,*,#1439,.F.);
#1975=ORIENTED_EDGE('',*,*,#1440,.F.);
#1976=ORIENTED_EDGE('',*,*,#1246,.F.);
#1977=ORIENTED_EDGE('',*,*,#1441,.F.);
#1978=ORIENTED_EDGE('',*,*,#1393,.F.);
#1979=ORIENTED_EDGE('',*,*,#1442,.F.);
#1980=ORIENTED_EDGE('',*,*,#1443,.F.);
#1981=ORIENTED_EDGE('',*,*,#1444,.F.);
#1982=ORIENTED_EDGE('',*,*,#1221,.F.);
#1983=ORIENTED_EDGE('',*,*,#1445,.F.);
#1984=ORIENTED_EDGE('',*,*,#1446,.F.);
#1985=ORIENTED_EDGE('',*,*,#1447,.F.);
#1986=ORIENTED_EDGE('',*,*,#1375,.T.);
#1987=ORIENTED_EDGE('',*,*,#1390,.T.);
#1988=ORIENTED_EDGE('',*,*,#1448,.T.);
#1989=ORIENTED_EDGE('',*,*,#1224,.T.);
#1990=ORIENTED_EDGE('',*,*,#1449,.T.);
#1991=ORIENTED_EDGE('',*,*,#1450,.T.);
#1992=ORIENTED_EDGE('',*,*,#1443,.T.);
#1993=ORIENTED_EDGE('',*,*,#1451,.T.);
#1994=ORIENTED_EDGE('',*,*,#1391,.F.);
#1995=ORIENTED_EDGE('',*,*,#1380,.T.);
#1996=ORIENTED_EDGE('',*,*,#1382,.T.);
#1997=ORIENTED_EDGE('',*,*,#1442,.T.);
#1998=ORIENTED_EDGE('',*,*,#1392,.F.);
#1999=ORIENTED_EDGE('',*,*,#1451,.F.);
#2000=ORIENTED_EDGE('',*,*,#1447,.T.);
#2001=ORIENTED_EDGE('',*,*,#1452,.T.);
#2002=ORIENTED_EDGE('',*,*,#1439,.T.);
#2003=ORIENTED_EDGE('',*,*,#1452,.F.);
#2004=ORIENTED_EDGE('',*,*,#1446,.T.);
#2005=ORIENTED_EDGE('',*,*,#1453,.T.);
#2006=ORIENTED_EDGE('',*,*,#1454,.F.);
#2007=ORIENTED_EDGE('',*,*,#1455,.T.);
#2008=ORIENTED_EDGE('',*,*,#1445,.T.);
#2009=ORIENTED_EDGE('',*,*,#1220,.F.);
#2010=ORIENTED_EDGE('',*,*,#1456,.F.);
#2011=ORIENTED_EDGE('',*,*,#1453,.F.);
#2012=ORIENTED_EDGE('',*,*,#1440,.T.);
#2013=ORIENTED_EDGE('',*,*,#1455,.F.);
#2014=ORIENTED_EDGE('',*,*,#1457,.F.);
#2015=ORIENTED_EDGE('',*,*,#1247,.F.);
#2016=ORIENTED_EDGE('',*,*,#1456,.T.);
#2017=ORIENTED_EDGE('',*,*,#1219,.F.);
#2018=ORIENTED_EDGE('',*,*,#1458,.T.);
#2019=ORIENTED_EDGE('',*,*,#1459,.T.);
#2020=ORIENTED_EDGE('',*,*,#1460,.T.);
#2021=ORIENTED_EDGE('',*,*,#1248,.F.);
#2022=ORIENTED_EDGE('',*,*,#1457,.T.);
#2023=ORIENTED_EDGE('',*,*,#1454,.T.);
#2024=ORIENTED_EDGE('',*,*,#1444,.T.);
#2025=ORIENTED_EDGE('',*,*,#1450,.F.);
#2026=ORIENTED_EDGE('',*,*,#1461,.T.);
#2027=ORIENTED_EDGE('',*,*,#1222,.F.);
#2028=ORIENTED_EDGE('',*,*,#1223,.F.);
#2029=ORIENTED_EDGE('',*,*,#1461,.F.);
#2030=ORIENTED_EDGE('',*,*,#1449,.F.);
#2031=ORIENTED_EDGE('',*,*,#1389,.F.);
#2032=ORIENTED_EDGE('',*,*,#1225,.F.);
#2033=ORIENTED_EDGE('',*,*,#1448,.F.);
#2034=ORIENTED_EDGE('',*,*,#1384,.F.);
#2035=ORIENTED_EDGE('',*,*,#1396,.F.);
#2036=ORIENTED_EDGE('',*,*,#1242,.F.);
#2037=ORIENTED_EDGE('',*,*,#1441,.T.);
#2038=ORIENTED_EDGE('',*,*,#1245,.F.);
#2039=ORIENTED_EDGE('',*,*,#1462,.F.);
#2040=ORIENTED_EDGE('',*,*,#1394,.F.);
#2041=ORIENTED_EDGE('',*,*,#1244,.F.);
#2042=ORIENTED_EDGE('',*,*,#1395,.F.);
#2043=ORIENTED_EDGE('',*,*,#1462,.T.);
#2044=ORIENTED_EDGE('',*,*,#1291,.F.);
#2045=ORIENTED_EDGE('',*,*,#1463,.T.);
#2046=ORIENTED_EDGE('',*,*,#1165,.T.);
#2047=ORIENTED_EDGE('',*,*,#1464,.T.);
#2048=ORIENTED_EDGE('',*,*,#1309,.T.);
#2049=ORIENTED_EDGE('',*,*,#1464,.F.);
#2050=ORIENTED_EDGE('',*,*,#1164,.T.);
#2051=ORIENTED_EDGE('',*,*,#1174,.T.);
#2052=ORIENTED_EDGE('',*,*,#1175,.T.);
#2053=ORIENTED_EDGE('',*,*,#1162,.T.);
#2054=ORIENTED_EDGE('',*,*,#1166,.T.);
#2055=ORIENTED_EDGE('',*,*,#1463,.F.);
#2056=ORIENTED_EDGE('',*,*,#1202,.T.);
#2057=ORIENTED_EDGE('',*,*,#1290,.F.);
#2058=ORIENTED_EDGE('',*,*,#1465,.T.);
#2059=ORIENTED_EDGE('',*,*,#1189,.T.);
#2060=ORIENTED_EDGE('',*,*,#1466,.T.);
#2061=ORIENTED_EDGE('',*,*,#1310,.T.);
#2062=ORIENTED_EDGE('',*,*,#1466,.F.);
#2063=ORIENTED_EDGE('',*,*,#1188,.T.);
#2064=ORIENTED_EDGE('',*,*,#1169,.T.);
#2065=ORIENTED_EDGE('',*,*,#1171,.T.);
#2066=ORIENTED_EDGE('',*,*,#1187,.T.);
#2067=ORIENTED_EDGE('',*,*,#1190,.T.);
#2068=ORIENTED_EDGE('',*,*,#1465,.F.);
#2069=ORIENTED_EDGE('',*,*,#1207,.T.);
#2070=ORIENTED_EDGE('',*,*,#1301,.T.);
#2071=ORIENTED_EDGE('',*,*,#1467,.T.);
#2072=ORIENTED_EDGE('',*,*,#1387,.F.);
#2073=ORIENTED_EDGE('',*,*,#1468,.F.);
#2074=ORIENTED_EDGE('',*,*,#1300,.T.);
#2075=ORIENTED_EDGE('',*,*,#1226,.F.);
#2076=ORIENTED_EDGE('',*,*,#1388,.F.);
#2077=ORIENTED_EDGE('',*,*,#1467,.F.);
#2078=ORIENTED_EDGE('',*,*,#1303,.F.);
#2079=ORIENTED_EDGE('',*,*,#1469,.T.);
#2080=ORIENTED_EDGE('',*,*,#1385,.F.);
#2081=ORIENTED_EDGE('',*,*,#1241,.F.);
#2082=ORIENTED_EDGE('',*,*,#1302,.F.);
#2083=ORIENTED_EDGE('',*,*,#1468,.T.);
#2084=ORIENTED_EDGE('',*,*,#1386,.F.);
#2085=ORIENTED_EDGE('',*,*,#1469,.F.);
#2086=ORIENTED_EDGE('',*,*,#1470,.T.);
#2087=ORIENTED_EDGE('',*,*,#1471,.F.);
#2088=ORIENTED_EDGE('',*,*,#1283,.T.);
#2089=ORIENTED_EDGE('',*,*,#1249,.T.);
#2090=ORIENTED_EDGE('',*,*,#1460,.F.);
#2091=ORIENTED_EDGE('',*,*,#1458,.F.);
#2092=ORIENTED_EDGE('',*,*,#1218,.F.);
#2093=ORIENTED_EDGE('',*,*,#1288,.F.);
#2094=ORIENTED_EDGE('',*,*,#1472,.T.);
#2095=ORIENTED_EDGE('',*,*,#1473,.T.);
#2096=ORIENTED_EDGE('',*,*,#1287,.F.);
#2097=ORIENTED_EDGE('',*,*,#1474,.T.);
#2098=ORIENTED_EDGE('',*,*,#1475,.T.);
#2099=ORIENTED_EDGE('',*,*,#1472,.F.);
#2100=ORIENTED_EDGE('',*,*,#1286,.F.);
#2101=ORIENTED_EDGE('',*,*,#1476,.T.);
#2102=ORIENTED_EDGE('',*,*,#1477,.T.);
#2103=ORIENTED_EDGE('',*,*,#1474,.F.);
#2104=ORIENTED_EDGE('',*,*,#1285,.T.);
#2105=ORIENTED_EDGE('',*,*,#1478,.T.);
#2106=ORIENTED_EDGE('',*,*,#1479,.T.);
#2107=ORIENTED_EDGE('',*,*,#1476,.F.);
#2108=ORIENTED_EDGE('',*,*,#1284,.T.);
#2109=ORIENTED_EDGE('',*,*,#1471,.T.);
#2110=ORIENTED_EDGE('',*,*,#1480,.T.);
#2111=ORIENTED_EDGE('',*,*,#1478,.F.);
#2112=ORIENTED_EDGE('',*,*,#1459,.F.);
#2113=ORIENTED_EDGE('',*,*,#1473,.F.);
#2114=ORIENTED_EDGE('',*,*,#1475,.F.);
#2115=ORIENTED_EDGE('',*,*,#1477,.F.);
#2116=ORIENTED_EDGE('',*,*,#1479,.F.);
#2117=ORIENTED_EDGE('',*,*,#1480,.F.);
#2118=ORIENTED_EDGE('',*,*,#1470,.F.);
#2119=CYLINDRICAL_SURFACE('',#2248,2.25);
#2120=CYLINDRICAL_SURFACE('',#2251,2.25);
#2121=CYLINDRICAL_SURFACE('',#2256,1.);
#2122=CYLINDRICAL_SURFACE('',#2261,1.);
#2123=CYLINDRICAL_SURFACE('',#2265,1.);
#2124=CYLINDRICAL_SURFACE('',#2270,1.);
#2125=CYLINDRICAL_SURFACE('',#2272,2.25);
#2126=CYLINDRICAL_SURFACE('',#2276,2.25);
#2127=CYLINDRICAL_SURFACE('',#2364,2.75);
#2128=CYLINDRICAL_SURFACE('',#2365,2.75);
#2129=ADVANCED_FACE('',(#128),#2119,.F.);
#2130=ADVANCED_FACE('',(#129),#2120,.F.);
#2131=ADVANCED_FACE('',(#130),#124,.F.);
#2132=ADVANCED_FACE('',(#131),#2121,.F.);
#2133=ADVANCED_FACE('',(#132),#125,.F.);
#2134=ADVANCED_FACE('',(#133),#2122,.F.);
#2135=ADVANCED_FACE('',(#134),#126,.F.);
#2136=ADVANCED_FACE('',(#135),#2123,.F.);
#2137=ADVANCED_FACE('',(#136),#127,.F.);
#2138=ADVANCED_FACE('',(#137),#2124,.F.);
#2139=ADVANCED_FACE('',(#138,#106),#2125,.F.);
#2140=ADVANCED_FACE('',(#139,#107),#2126,.F.);
#2141=ADVANCED_FACE('',(#140,#108,#109),#15,.F.);
#2142=ADVANCED_FACE('',(#141,#110,#111),#16,.T.);
#2143=ADVANCED_FACE('',(#142,#112,#113),#17,.T.);
#2144=ADVANCED_FACE('',(#143),#18,.T.);
#2145=ADVANCED_FACE('',(#144),#19,.T.);
#2146=ADVANCED_FACE('',(#145,#114,#115),#20,.T.);
#2147=ADVANCED_FACE('',(#146,#116,#117),#21,.F.);
#2148=ADVANCED_FACE('',(#147,#118,#119),#22,.T.);
#2149=ADVANCED_FACE('',(#148),#23,.T.);
#2150=ADVANCED_FACE('',(#149),#24,.T.);
#2151=ADVANCED_FACE('',(#150),#25,.T.);
#2152=ADVANCED_FACE('',(#151),#26,.T.);
#2153=ADVANCED_FACE('',(#152),#27,.T.);
#2154=ADVANCED_FACE('',(#153),#28,.T.);
#2155=ADVANCED_FACE('',(#154),#29,.T.);
#2156=ADVANCED_FACE('',(#155),#30,.T.);
#2157=ADVANCED_FACE('',(#156),#31,.T.);
#2158=ADVANCED_FACE('',(#157),#32,.T.);
#2159=ADVANCED_FACE('',(#158),#33,.T.);
#2160=ADVANCED_FACE('',(#159),#34,.F.);
#2161=ADVANCED_FACE('',(#160),#35,.F.);
#2162=ADVANCED_FACE('',(#161),#36,.T.);
#2163=ADVANCED_FACE('',(#162),#37,.F.);
#2164=ADVANCED_FACE('',(#163),#38,.F.);
#2165=ADVANCED_FACE('',(#164),#39,.F.);
#2166=ADVANCED_FACE('',(#165),#40,.F.);
#2167=ADVANCED_FACE('',(#166),#41,.F.);
#2168=ADVANCED_FACE('',(#167),#42,.F.);
#2169=ADVANCED_FACE('',(#168),#43,.F.);
#2170=ADVANCED_FACE('',(#169),#44,.F.);
#2171=ADVANCED_FACE('',(#170),#45,.F.);
#2172=ADVANCED_FACE('',(#171),#46,.F.);
#2173=ADVANCED_FACE('',(#172),#47,.F.);
#2174=ADVANCED_FACE('',(#173),#48,.F.);
#2175=ADVANCED_FACE('',(#174),#49,.F.);
#2176=ADVANCED_FACE('',(#175),#50,.F.);
#2177=ADVANCED_FACE('',(#176),#51,.F.);
#2178=ADVANCED_FACE('',(#177),#52,.F.);
#2179=ADVANCED_FACE('',(#178),#53,.T.);
#2180=ADVANCED_FACE('',(#179),#54,.T.);
#2181=ADVANCED_FACE('',(#180),#55,.T.);
#2182=ADVANCED_FACE('',(#181),#56,.T.);
#2183=ADVANCED_FACE('',(#182),#57,.T.);
#2184=ADVANCED_FACE('',(#183),#58,.T.);
#2185=ADVANCED_FACE('',(#184),#59,.T.);
#2186=ADVANCED_FACE('',(#185),#60,.T.);
#2187=ADVANCED_FACE('',(#186),#61,.T.);
#2188=ADVANCED_FACE('',(#187),#62,.T.);
#2189=ADVANCED_FACE('',(#188),#63,.T.);
#2190=ADVANCED_FACE('',(#189),#64,.T.);
#2191=ADVANCED_FACE('',(#190),#65,.F.);
#2192=ADVANCED_FACE('',(#191),#66,.F.);
#2193=ADVANCED_FACE('',(#192),#67,.F.);
#2194=ADVANCED_FACE('',(#193),#68,.F.);
#2195=ADVANCED_FACE('',(#194),#69,.F.);
#2196=ADVANCED_FACE('',(#195),#70,.F.);
#2197=ADVANCED_FACE('',(#196),#71,.F.);
#2198=ADVANCED_FACE('',(#197),#72,.F.);
#2199=ADVANCED_FACE('',(#198),#73,.F.);
#2200=ADVANCED_FACE('',(#199),#74,.F.);
#2201=ADVANCED_FACE('',(#200),#75,.F.);
#2202=ADVANCED_FACE('',(#201),#76,.T.);
#2203=ADVANCED_FACE('',(#202),#77,.F.);
#2204=ADVANCED_FACE('',(#203),#78,.F.);
#2205=ADVANCED_FACE('',(#204),#79,.T.);
#2206=ADVANCED_FACE('',(#205),#80,.T.);
#2207=ADVANCED_FACE('',(#206),#81,.F.);
#2208=ADVANCED_FACE('',(#207),#82,.F.);
#2209=ADVANCED_FACE('',(#208),#83,.T.);
#2210=ADVANCED_FACE('',(#209),#84,.T.);
#2211=ADVANCED_FACE('',(#210),#85,.T.);
#2212=ADVANCED_FACE('',(#211),#86,.T.);
#2213=ADVANCED_FACE('',(#212),#87,.F.);
#2214=ADVANCED_FACE('',(#213),#88,.T.);
#2215=ADVANCED_FACE('',(#214),#89,.T.);
#2216=ADVANCED_FACE('',(#215),#90,.T.);
#2217=ADVANCED_FACE('',(#216),#91,.T.);
#2218=ADVANCED_FACE('',(#217),#92,.F.);
#2219=ADVANCED_FACE('',(#218),#93,.F.);
#2220=ADVANCED_FACE('',(#219),#94,.F.);
#2221=ADVANCED_FACE('',(#220,#120),#2127,.F.);
#2222=ADVANCED_FACE('',(#221,#121),#2128,.F.);
#2223=ADVANCED_FACE('',(#222),#95,.F.);
#2224=ADVANCED_FACE('',(#223),#96,.F.);
#2225=ADVANCED_FACE('',(#224),#97,.F.);
#2226=ADVANCED_FACE('',(#225),#98,.F.);
#2227=ADVANCED_FACE('',(#226),#99,.F.);
#2228=ADVANCED_FACE('',(#227),#100,.F.);
#2229=ADVANCED_FACE('',(#228),#101,.F.);
#2230=ADVANCED_FACE('',(#229),#102,.F.);
#2231=ADVANCED_FACE('',(#230),#103,.F.);
#2232=ADVANCED_FACE('',(#231),#104,.F.);
#2233=ADVANCED_FACE('',(#232),#105,.F.);
#2234=CLOSED_SHELL('',(#2129,#2130,#2131,#2132,#2133,#2134,#2135,#2136,
#2137,#2138,#2139,#2140,#2141,#2142,#2143,#2144,#2145,#2146,#2147,#2148,
#2149,#2150,#2151,#2152,#2153,#2154,#2155,#2156,#2157,#2158,#2159,#2160,
#2161,#2162,#2163,#2164,#2165,#2166,#2167,#2168,#2169,#2170,#2171,#2172,
#2173,#2174,#2175,#2176,#2177,#2178,#2179,#2180,#2181,#2182,#2183,#2184,
#2185,#2186,#2187,#2188,#2189,#2190,#2191,#2192,#2193,#2194,#2195,#2196,
#2197,#2198,#2199,#2200,#2201,#2202,#2203,#2204,#2205,#2206,#2207,#2208,
#2209,#2210,#2211,#2212,#2213,#2214,#2215,#2216,#2217,#2218,#2219,#2220,
#2221,#2222,#2223,#2224,#2225,#2226,#2227,#2228,#2229,#2230,#2231,#2232,
#2233));
#2235=DERIVED_UNIT_ELEMENT(#2237,1.);
#2236=DERIVED_UNIT_ELEMENT(#3822,-3.);
#2237=(
MASS_UNIT()
NAMED_UNIT(*)
SI_UNIT(.KILO.,.GRAM.)
);
#2238=DERIVED_UNIT((#2235,#2236));
#2239=MEASURE_REPRESENTATION_ITEM('density measure',
POSITIVE_RATIO_MEASURE(7850.),#2238);
#2240=PROPERTY_DEFINITION_REPRESENTATION(#2245,#2242);
#2241=PROPERTY_DEFINITION_REPRESENTATION(#2246,#2243);
#2242=REPRESENTATION('material name',(#2244),#3819);
#2243=REPRESENTATION('density',(#2239),#3819);
#2244=DESCRIPTIVE_REPRESENTATION_ITEM('Steel','Steel');
#2245=PROPERTY_DEFINITION('material property','material name',#3829);
#2246=PROPERTY_DEFINITION('material property','density of part',#3829);
#2247=AXIS2_PLACEMENT_3D('',#2918,#2377,#2378);
#2248=AXIS2_PLACEMENT_3D('',#2919,#2379,#2380);
#2249=AXIS2_PLACEMENT_3D('',#2946,#2381,#2382);
#2250=AXIS2_PLACEMENT_3D('',#2995,#2384,#2385);
#2251=AXIS2_PLACEMENT_3D('',#2996,#2386,#2387);
#2252=AXIS2_PLACEMENT_3D('',#3036,#2388,#2389);
#2253=AXIS2_PLACEMENT_3D('',#3062,#2391,#2392);
#2254=AXIS2_PLACEMENT_3D('',#3063,#2393,#2394);
#2255=AXIS2_PLACEMENT_3D('',#3097,#2396,#2397);
#2256=AXIS2_PLACEMENT_3D('',#3098,#2398,#2399);
#2257=AXIS2_PLACEMENT_3D('',#3100,#2400,#2401);
#2258=AXIS2_PLACEMENT_3D('',#3102,#2403,#2404);
#2259=AXIS2_PLACEMENT_3D('',#3104,#2405,#2406);
#2260=AXIS2_PLACEMENT_3D('',#3107,#2408,#2409);
#2261=AXIS2_PLACEMENT_3D('',#3108,#2410,#2411);
#2262=AXIS2_PLACEMENT_3D('',#3110,#2412,#2413);
#2263=AXIS2_PLACEMENT_3D('',#3112,#2415,#2416);
#2264=AXIS2_PLACEMENT_3D('',#3114,#2417,#2418);
#2265=AXIS2_PLACEMENT_3D('',#3157,#2420,#2421);
#2266=AXIS2_PLACEMENT_3D('',#3159,#2422,#2423);
#2267=AXIS2_PLACEMENT_3D('',#3161,#2425,#2426);
#2268=AXIS2_PLACEMENT_3D('',#3163,#2427,#2428);
#2269=AXIS2_PLACEMENT_3D('',#3166,#2430,#2431);
#2270=AXIS2_PLACEMENT_3D('',#3167,#2432,#2433);
#2271=AXIS2_PLACEMENT_3D('',#3169,#2434,#2435);
#2272=AXIS2_PLACEMENT_3D('',#3171,#2437,#2438);
#2273=AXIS2_PLACEMENT_3D('',#3175,#2440,#2441);
#2274=AXIS2_PLACEMENT_3D('',#3177,#2442,#2443);
#2275=AXIS2_PLACEMENT_3D('',#3178,#2444,#2445);
#2276=AXIS2_PLACEMENT_3D('',#3222,#2446,#2447);
#2277=AXIS2_PLACEMENT_3D('',#3226,#2449,#2450);
#2278=AXIS2_PLACEMENT_3D('',#3228,#2451,#2452);
#2279=AXIS2_PLACEMENT_3D('',#3229,#2453,#2454);
#2280=AXIS2_PLACEMENT_3D('',#3273,#2455,#2456);
#2281=AXIS2_PLACEMENT_3D('',#3290,#2465,#2466);
#2282=AXIS2_PLACEMENT_3D('',#3336,#2490,#2491);
#2283=AXIS2_PLACEMENT_3D('',#3382,#2515,#2516);
#2284=AXIS2_PLACEMENT_3D('',#3399,#2525,#2526);
#2285=AXIS2_PLACEMENT_3D('',#3405,#2530,#2531);
#2286=AXIS2_PLACEMENT_3D('',#3437,#2549,#2550);
#2287=AXIS2_PLACEMENT_3D('',#3439,#2551,#2552);
#2288=AXIS2_PLACEMENT_3D('',#3440,#2553,#2554);
#2289=AXIS2_PLACEMENT_3D('',#3452,#2561,#2562);
#2290=AXIS2_PLACEMENT_3D('',#3472,#2574,#2575);
#2291=AXIS2_PLACEMENT_3D('',#3474,#2576,#2577);
#2292=AXIS2_PLACEMENT_3D('',#3475,#2578,#2579);
#2293=AXIS2_PLACEMENT_3D('',#3483,#2584,#2585);
#2294=AXIS2_PLACEMENT_3D('',#3485,#2587,#2588);
#2295=AXIS2_PLACEMENT_3D('',#3487,#2590,#2591);
#2296=AXIS2_PLACEMENT_3D('',#3497,#2597,#2598);
#2297=AXIS2_PLACEMENT_3D('',#3501,#2601,#2602);
#2298=AXIS2_PLACEMENT_3D('',#3509,#2607,#2608);
#2299=AXIS2_PLACEMENT_3D('',#3511,#2610,#2611);
#2300=AXIS2_PLACEMENT_3D('',#3513,#2613,#2614);
#2301=AXIS2_PLACEMENT_3D('',#3515,#2616,#2617);
#2302=AXIS2_PLACEMENT_3D('',#3516,#2618,#2619);
#2303=AXIS2_PLACEMENT_3D('',#3524,#2624,#2625);
#2304=AXIS2_PLACEMENT_3D('',#3533,#2631,#2632);
#2305=AXIS2_PLACEMENT_3D('',#3535,#2634,#2635);
#2306=AXIS2_PLACEMENT_3D('',#3543,#2640,#2641);
#2307=AXIS2_PLACEMENT_3D('',#3545,#2643,#2644);
#2308=AXIS2_PLACEMENT_3D('',#3547,#2646,#2647);
#2309=AXIS2_PLACEMENT_3D('',#3548,#2648,#2649);
#2310=AXIS2_PLACEMENT_3D('',#3552,#2652,#2653);
#2311=AXIS2_PLACEMENT_3D('',#3559,#2657,#2658);
#2312=AXIS2_PLACEMENT_3D('',#3565,#2662,#2663);
#2313=AXIS2_PLACEMENT_3D('',#3570,#2667,#2668);
#2314=AXIS2_PLACEMENT_3D('',#3579,#2674,#2675);
#2315=AXIS2_PLACEMENT_3D('',#3587,#2680,#2681);
#2316=AXIS2_PLACEMENT_3D('',#3593,#2685,#2686);
#2317=AXIS2_PLACEMENT_3D('',#3596,#2689,#2690);
#2318=AXIS2_PLACEMENT_3D('',#3597,#2691,#2692);
#2319=AXIS2_PLACEMENT_3D('',#3607,#2698,#2699);
#2320=AXIS2_PLACEMENT_3D('',#3611,#2702,#2703);
#2321=AXIS2_PLACEMENT_3D('',#3617,#2707,#2708);
#2322=AXIS2_PLACEMENT_3D('',#3619,#2710,#2711);
#2323=AXIS2_PLACEMENT_3D('',#3633,#2720,#2721);
#2324=AXIS2_PLACEMENT_3D('',#3644,#2728,#2729);
#2325=AXIS2_PLACEMENT_3D('',#3650,#2733,#2734);
#2326=AXIS2_PLACEMENT_3D('',#3656,#2738,#2739);
#2327=AXIS2_PLACEMENT_3D('',#3660,#2742,#2743);
#2328=AXIS2_PLACEMENT_3D('',#3666,#2747,#2748);
#2329=AXIS2_PLACEMENT_3D('',#3668,#2750,#2751);
#2330=AXIS2_PLACEMENT_3D('',#3672,#2754,#2755);
#2331=AXIS2_PLACEMENT_3D('',#3676,#2758,#2759);
#2332=AXIS2_PLACEMENT_3D('',#3680,#2762,#2763);
#2333=AXIS2_PLACEMENT_3D('',#3683,#2766,#2767);
#2334=AXIS2_PLACEMENT_3D('',#3684,#2768,#2769);
#2335=AXIS2_PLACEMENT_3D('',#3685,#2770,#2771);
#2336=AXIS2_PLACEMENT_3D('',#3691,#2775,#2776);
#2337=AXIS2_PLACEMENT_3D('',#3697,#2780,#2781);
#2338=AXIS2_PLACEMENT_3D('',#3701,#2784,#2785);
#2339=AXIS2_PLACEMENT_3D('',#3707,#2789,#2790);
#2340=AXIS2_PLACEMENT_3D('',#3709,#2792,#2793);
#2341=AXIS2_PLACEMENT_3D('',#3713,#2796,#2797);
#2342=AXIS2_PLACEMENT_3D('',#3717,#2800,#2801);
#2343=AXIS2_PLACEMENT_3D('',#3721,#2804,#2805);
#2344=AXIS2_PLACEMENT_3D('',#3724,#2808,#2809);
#2345=AXIS2_PLACEMENT_3D('',#3725,#2810,#2811);
#2346=AXIS2_PLACEMENT_3D('',#3726,#2812,#2813);
#2347=AXIS2_PLACEMENT_3D('',#3728,#2815,#2816);
#2348=AXIS2_PLACEMENT_3D('',#3729,#2817,#2818);
#2349=AXIS2_PLACEMENT_3D('',#3731,#2820,#2821);
#2350=AXIS2_PLACEMENT_3D('',#3732,#2822,#2823);
#2351=AXIS2_PLACEMENT_3D('',#3739,#2828,#2829);
#2352=AXIS2_PLACEMENT_3D('',#3749,#2835,#2836);
#2353=AXIS2_PLACEMENT_3D('',#3755,#2841,#2842);
#2354=AXIS2_PLACEMENT_3D('',#3757,#2844,#2845);
#2355=AXIS2_PLACEMENT_3D('',#3763,#2849,#2850);
#2356=AXIS2_PLACEMENT_3D('',#3765,#2852,#2853);
#2357=AXIS2_PLACEMENT_3D('',#3767,#2855,#2856);
#2358=AXIS2_PLACEMENT_3D('',#3773,#2860,#2861);
#2359=AXIS2_PLACEMENT_3D('',#3775,#2863,#2864);
#2360=AXIS2_PLACEMENT_3D('',#3776,#2865,#2866);
#2361=AXIS2_PLACEMENT_3D('',#3777,#2867,#2868);
#2362=AXIS2_PLACEMENT_3D('',#3778,#2869,#2870);
#2363=AXIS2_PLACEMENT_3D('',#3780,#2872,#2873);
#2364=AXIS2_PLACEMENT_3D('',#3781,#2874,#2875);
#2365=AXIS2_PLACEMENT_3D('',#3784,#2878,#2879);
#2366=AXIS2_PLACEMENT_3D('',#3787,#2882,#2883);
#2367=AXIS2_PLACEMENT_3D('',#3790,#2886,#2887);
#2368=AXIS2_PLACEMENT_3D('',#3791,#2888,#2889);
#2369=AXIS2_PLACEMENT_3D('',#3793,#2891,#2892);
#2370=AXIS2_PLACEMENT_3D('',#3794,#2893,#2894);
#2371=AXIS2_PLACEMENT_3D('',#3798,#2897,#2898);
#2372=AXIS2_PLACEMENT_3D('',#3802,#2901,#2902);
#2373=AXIS2_PLACEMENT_3D('',#3806,#2905,#2906);
#2374=AXIS2_PLACEMENT_3D('',#3810,#2909,#2910);
#2375=AXIS2_PLACEMENT_3D('',#3814,#2913,#2914);
#2376=AXIS2_PLACEMENT_3D('',#3816,#2916,#2917);
#2377=DIRECTION('axis',(0.,0.,1.));
#2378=DIRECTION('refdir',(1.,0.,0.));
#2379=DIRECTION('center_axis',(1.,0.,0.));
#2380=DIRECTION('ref_axis',(0.,0.5,0.866025403784438));
#2381=DIRECTION('center_axis',(1.,0.,0.));
#2382=DIRECTION('ref_axis',(0.,0.5,0.866025403784438));
#2383=DIRECTION('',(-1.,0.,0.));
#2384=DIRECTION('center_axis',(1.,0.,0.));
#2385=DIRECTION('ref_axis',(0.,0.5,0.866025403784438));
#2386=DIRECTION('center_axis',(1.,0.,0.));
#2387=DIRECTION('ref_axis',(0.,0.5,0.866025403784438));
#2388=DIRECTION('center_axis',(1.,0.,0.));
#2389=DIRECTION('ref_axis',(0.,0.5,0.866025403784438));
#2390=DIRECTION('',(1.,0.,0.));
#2391=DIRECTION('center_axis',(-1.,0.,0.));
#2392=DIRECTION('ref_axis',(0.,0.5,0.866025403784438));
#2393=DIRECTION('center_axis',(-1.,0.,0.));
#2394=DIRECTION('ref_axis',(0.,0.5,0.866025403784439));
#2395=DIRECTION('',(0.707106781186547,0.353553390593274,0.612372435695795));
#2396=DIRECTION('center_axis',(-1.,0.,0.));
#2397=DIRECTION('ref_axis',(0.,0.5,0.866025403784439));
#2398=DIRECTION('center_axis',(1.,0.,0.));
#2399=DIRECTION('ref_axis',(0.,0.5,0.866025403784439));
#2400=DIRECTION('center_axis',(-1.,-2.65074714387338E-14,0.));
#2401=DIRECTION('ref_axis',(0.,0.5,0.866025403784439));
#2402=DIRECTION('',(-1.,0.,0.));
#2403=DIRECTION('center_axis',(-1.,0.,0.));
#2404=DIRECTION('ref_axis',(0.,0.5,0.866025403784438));
#2405=DIRECTION('center_axis',(1.,0.,0.));
#2406=DIRECTION('ref_axis',(0.,0.5,0.866025403784439));
#2407=DIRECTION('',(0.707106781186546,0.353553390593274,0.612372435695796));
#2408=DIRECTION('center_axis',(-1.,0.,0.));
#2409=DIRECTION('ref_axis',(0.,0.5,0.866025403784439));
#2410=DIRECTION('center_axis',(1.,0.,0.));
#2411=DIRECTION('ref_axis',(0.,0.5,0.866025403784439));
#2412=DIRECTION('center_axis',(-1.,-2.65074714387338E-14,0.));
#2413=DIRECTION('ref_axis',(0.,0.5,0.866025403784439));
#2414=DIRECTION('',(-1.,0.,0.));
#2415=DIRECTION('center_axis',(1.,0.,0.));
#2416=DIRECTION('ref_axis',(0.,0.5,0.866025403784439));
#2417=DIRECTION('center_axis',(1.,0.,0.));
#2418=DIRECTION('ref_axis',(0.,0.5,0.866025403784439));
#2419=DIRECTION('',(0.707106781186547,-0.353553390593274,-0.612372435695795));
#2420=DIRECTION('center_axis',(1.,0.,0.));
#2421=DIRECTION('ref_axis',(0.,0.5,0.866025403784439));
#2422=DIRECTION('center_axis',(1.,2.77157304929461E-14,0.));
#2423=DIRECTION('ref_axis',(0.,0.5,0.866025403784439));
#2424=DIRECTION('',(1.,0.,0.));
#2425=DIRECTION('center_axis',(1.,0.,0.));
#2426=DIRECTION('ref_axis',(0.,0.5,0.866025403784438));
#2427=DIRECTION('center_axis',(1.,0.,0.));
#2428=DIRECTION('ref_axis',(0.,0.5,0.866025403784439));
#2429=DIRECTION('',(0.707106781186546,-0.353553390593274,-0.612372435695796));
#2430=DIRECTION('center_axis',(1.,0.,0.));
#2431=DIRECTION('ref_axis',(0.,0.5,0.866025403784439));
#2432=DIRECTION('center_axis',(1.,0.,0.));
#2433=DIRECTION('ref_axis',(0.,0.5,0.866025403784439));
#2434=DIRECTION('center_axis',(1.,2.77157304929461E-14,0.));
#2435=DIRECTION('ref_axis',(0.,0.5,0.866025403784439));
#2436=DIRECTION('',(1.,0.,0.));
#2437=DIRECTION('center_axis',(1.,0.,0.));
#2438=DIRECTION('ref_axis',(0.,0.5,0.866025403784439));
#2439=DIRECTION('',(-1.,0.,0.));
#2440=DIRECTION('center_axis',(1.,0.,0.));
#2441=DIRECTION('ref_axis',(0.,0.5,0.866025403784439));
#2442=DIRECTION('center_axis',(0.707106781186548,-0.707106781186548,0.));
#2443=DIRECTION('ref_axis',(0.707106781186548,0.707106781186548,-4.36136794078826E-17));
#2444=DIRECTION('center_axis',(1.,0.,0.));
#2445=DIRECTION('ref_axis',(0.,0.5,0.866025403784439));
#2446=DIRECTION('center_axis',(1.,0.,0.));
#2447=DIRECTION('ref_axis',(0.,0.5,0.866025403784439));
#2448=DIRECTION('',(1.,0.,0.));
#2449=DIRECTION('center_axis',(-1.,0.,0.));
#2450=DIRECTION('ref_axis',(0.,0.5,0.866025403784439));
#2451=DIRECTION('center_axis',(-0.707106781186548,-0.707106781186548,0.));
#2452=DIRECTION('ref_axis',(-0.707106781186548,0.707106781186548,-4.36136794078826E-17));
#2453=DIRECTION('center_axis',(-1.,0.,0.));
#2454=DIRECTION('ref_axis',(0.,0.5,0.866025403784439));
#2455=DIRECTION('center_axis',(1.,2.77157304929461E-14,0.));
#2456=DIRECTION('ref_axis',(2.77157304929461E-14,-1.,0.));
#2457=DIRECTION('',(2.77157304929461E-14,-1.,0.));
#2458=DIRECTION('',(-1.17131738438047E-14,0.422618261740777,0.906307787036614));
#2459=DIRECTION('',(2.32329026349634E-14,-0.838256911210634,0.545275481575697));
#2460=DIRECTION('',(0.,0.,-1.));
#2461=DIRECTION('',(2.77157304929461E-14,-1.,0.));
#2462=DIRECTION('',(0.,0.,1.));
#2463=DIRECTION('',(0.,1.,-1.30295746482634E-15));
#2464=DIRECTION('',(0.,0.,-1.));
#2465=DIRECTION('center_axis',(-1.,0.,0.));
#2466=DIRECTION('ref_axis',(0.,0.,1.));
#2467=DIRECTION('',(0.,0.,1.));
#2468=DIRECTION('',(0.,-1.,1.30295746482634E-15));
#2469=DIRECTION('',(0.,0.,-1.));
#2470=DIRECTION('',(0.,-0.422618261740763,-0.90630778703662));
#2471=DIRECTION('',(0.,-0.991067926179791,-0.133358035744712));
#2472=DIRECTION('',(0.,-0.6819983600625,0.73135370161917));
#2473=DIRECTION('',(0.,0.42261826174073,0.906307787036636));
#2474=DIRECTION('',(0.,-0.495998442203116,0.868323410563186));
#2475=DIRECTION('',(0.,-0.422618261740759,-0.906307787036622));
#2476=DIRECTION('',(0.,0.868647084570975,0.495431370087063));
#2477=DIRECTION('',(0.,0.,-1.));
#2478=DIRECTION('',(0.,1.,0.));
#2479=DIRECTION('',(0.,0.,1.));
#2480=DIRECTION('',(0.,0.422618261740738,0.906307787036632));
#2481=DIRECTION('',(0.,0.167833767925774,0.985815310463292));
#2482=DIRECTION('',(0.,0.,1.));
#2483=DIRECTION('',(0.,-1.,0.));
#2484=DIRECTION('',(0.,-0.999746128932739,-0.0225317039747156));
#2485=DIRECTION('',(0.,-0.42261826174073,-0.906307787036636));
#2486=DIRECTION('',(0.,0.495998442203123,-0.868323410563182));
#2487=DIRECTION('',(0.,-0.422618261740732,-0.906307787036635));
#2488=DIRECTION('',(0.,0.681998360062497,-0.731353701619171));
#2489=DIRECTION('',(0.,0.99106792617979,0.133358035744721));
#2490=DIRECTION('center_axis',(1.,0.,0.));
#2491=DIRECTION('ref_axis',(0.,0.,-1.));
#2492=DIRECTION('',(0.,0.,-1.));
#2493=DIRECTION('',(0.,-1.,0.));
#2494=DIRECTION('',(0.,0.,1.));
#2495=DIRECTION('',(0.,-0.868647084570975,-0.495431370087063));
#2496=DIRECTION('',(0.,0.422618261740759,0.906307787036622));
#2497=DIRECTION('',(0.,0.495998442203116,-0.868323410563186));
#2498=DIRECTION('',(0.,-0.42261826174073,-0.906307787036636));
#2499=DIRECTION('',(0.,0.6819983600625,-0.731353701619169));
#2500=DIRECTION('',(0.,0.991067926179791,0.133358035744712));
#2501=DIRECTION('',(0.,0.422618261740763,0.90630778703662));
#2502=DIRECTION('',(0.,0.,-1.));
#2503=DIRECTION('',(0.,1.,-1.30295746482634E-15));
#2504=DIRECTION('',(0.,0.,-1.));
#2505=DIRECTION('',(0.,0.,-1.));
#2506=DIRECTION('',(0.,-0.167833767925774,-0.985815310463292));
#2507=DIRECTION('',(0.,-0.422618261740738,-0.906307787036632));
#2508=DIRECTION('',(0.,-0.99106792617979,-0.133358035744721));
#2509=DIRECTION('',(0.,-0.681998360062497,0.731353701619171));
#2510=DIRECTION('',(0.,0.422618261740732,0.906307787036635));
#2511=DIRECTION('',(0.,-0.495998442203123,0.868323410563182));
#2512=DIRECTION('',(0.,0.42261826174073,0.906307787036636));
#2513=DIRECTION('',(0.,0.999746128932739,0.0225317039747156));
#2514=DIRECTION('',(0.,1.,0.));
#2515=DIRECTION('center_axis',(0.707106781186538,0.707106781186557,0.));
#2516=DIRECTION('ref_axis',(0.,0.,-1.));
#2517=DIRECTION('',(-0.707106781186557,0.707106781186538,-9.21330058976326E-16));
#2518=DIRECTION('',(0.,0.,1.));
#2519=DIRECTION('',(0.577350269189637,-0.577350269189621,0.577350269189619));
#2520=DIRECTION('',(0.,0.,1.));
#2521=DIRECTION('',(-0.577350269189634,0.577350269189619,0.577350269189624));
#2522=DIRECTION('',(0.,0.,1.));
#2523=DIRECTION('',(0.707106781186557,-0.707106781186538,0.));
#2524=DIRECTION('',(0.,0.,-1.));
#2525=DIRECTION('center_axis',(0.,1.,0.));
#2526=DIRECTION('ref_axis',(0.,0.,1.));
#2527=DIRECTION('',(-1.,0.,0.));
#2528=DIRECTION('',(0.,0.,-1.));
#2529=DIRECTION('',(1.,0.,0.));
#2530=DIRECTION('center_axis',(0.,-1.30295746482634E-15,-1.));
#2531=DIRECTION('ref_axis',(0.,1.,-1.30295746482634E-15));
#2532=DIRECTION('',(2.65074714387338E-14,-1.,1.30295746482634E-15));
#2533=DIRECTION('',(-0.746230599808507,-0.665687533238708,8.67362540675208E-16));
#2534=DIRECTION('',(2.50305906231203E-16,-1.,1.30295746482634E-15));
#2535=DIRECTION('',(0.965925826289068,-0.258819045102521,3.37230206855555E-16));
#2536=DIRECTION('',(0.965925826289069,0.25881904510252,-3.37230206855554E-16));
#2537=DIRECTION('',(2.50305906231203E-16,1.,-1.30295746482634E-15));
#2538=DIRECTION('',(-0.746230599808507,0.665687533238708,-8.67362540675208E-16));
#2539=DIRECTION('',(-0.707106781186539,-0.707106781186556,9.2133005897635E-16));
#2540=DIRECTION('',(-1.,0.,0.));
#2541=DIRECTION('',(-0.707106781186548,0.707106781186548,-9.21330058976339E-16));
#2542=DIRECTION('',(0.707106781186545,0.70710678118655,-9.21330058976341E-16));
#2543=DIRECTION('',(-3.29597922457265E-15,1.,-1.30295746482634E-15));
#2544=DIRECTION('',(0.965925826289068,0.258819045102521,-3.37230206855555E-16));
#2545=DIRECTION('',(0.965925826289068,-0.258819045102521,3.37230206855555E-16));
#2546=DIRECTION('',(-3.29597922457265E-15,-1.,1.30295746482634E-15));
#2547=DIRECTION('',(0.707106781186545,-0.70710678118655,9.21330058976341E-16));
#2548=DIRECTION('',(-0.707106781186548,-0.707106781186548,9.21330058976339E-16));
#2549=DIRECTION('center_axis',(0.,1.30295746482634E-15,1.));
#2550=DIRECTION('ref_axis',(1.,0.,0.));
#2551=DIRECTION('center_axis',(0.,1.30295746482634E-15,1.));
#2552=DIRECTION('ref_axis',(1.,0.,0.));
#2553=DIRECTION('center_axis',(-1.,-2.65074714387338E-14,0.));
#2554=DIRECTION('ref_axis',(-2.65074714387338E-14,1.,0.));
#2555=DIRECTION('',(-2.65074714387338E-14,1.,0.));
#2556=DIRECTION('',(0.,0.,-1.));
#2557=DIRECTION('',(-2.2220071132237E-14,0.838256911210631,-0.5452754815757));
#2558=DIRECTION('',(1.12025415025769E-14,-0.422618261740625,-0.906307787036685));
#2559=DIRECTION('',(-2.65074714387338E-14,1.,0.));
#2560=DIRECTION('',(0.,0.,1.));
#2561=DIRECTION('center_axis',(0.,0.,1.));
#2562=DIRECTION('ref_axis',(1.,0.,0.));
#2563=DIRECTION('',(1.,0.,0.));
#2564=DIRECTION('',(0.707106781186548,0.707106781186548,0.));
#2565=DIRECTION('',(-0.707106781186578,0.707106781186517,0.));
#2566=DIRECTION('',(-0.996194698091746,0.0871557427476567,0.));
#2567=DIRECTION('',(0.996194698091746,0.0871557427476561,0.));
#2568=DIRECTION('',(0.707106781186549,0.707106781186546,0.));
#2569=DIRECTION('',(0.707106781186548,-0.707106781186548,0.));
#2570=DIRECTION('',(1.,0.,0.));
#2571=DIRECTION('',(0.707106781186539,0.707106781186556,0.));
#2572=DIRECTION('',(-0.996194698091746,-0.0871557427476564,0.));
#2573=DIRECTION('',(-0.996194698091746,0.0871557427476572,0.));
#2574=DIRECTION('center_axis',(0.,0.,1.));
#2575=DIRECTION('ref_axis',(1.,0.,0.));
#2576=DIRECTION('center_axis',(0.,0.,1.));
#2577=DIRECTION('ref_axis',(1.,0.,0.));
#2578=DIRECTION('center_axis',(-0.707106781186548,0.707106781186548,0.));
#2579=DIRECTION('ref_axis',(0.,0.,1.));
#2580=DIRECTION('',(0.,0.,-1.));
#2581=DIRECTION('',(-0.577350269189624,-0.577350269189624,-0.577350269189629));
#2582=DIRECTION('',(0.,0.,-1.));
#2583=DIRECTION('',(0.577350269189627,0.577350269189627,-0.577350269189624));
#2584=DIRECTION('center_axis',(0.,0.707106781186546,0.707106781186549));
#2585=DIRECTION('ref_axis',(0.,-0.707106781186549,0.707106781186546));
#2586=DIRECTION('',(1.,0.,0.));
#2587=DIRECTION('center_axis',(0.,1.,0.));
#2588=DIRECTION('ref_axis',(0.,0.,1.));
#2589=DIRECTION('',(-1.,0.,0.));
#2590=DIRECTION('center_axis',(-0.707106781186556,0.707106781186539,0.));
#2591=DIRECTION('ref_axis',(0.,0.,1.));
#2592=DIRECTION('',(0.,0.,-1.));
#2593=DIRECTION('',(-0.577350269189614,-0.577350269189629,-0.577350269189634));
#2594=DIRECTION('',(0.,0.,-1.));
#2595=DIRECTION('',(0.577350269189617,0.577350269189631,-0.577350269189629));
#2596=DIRECTION('',(0.,0.,-1.));
#2597=DIRECTION('center_axis',(0.,1.,0.));
#2598=DIRECTION('ref_axis',(0.,0.,1.));
#2599=DIRECTION('',(0.,0.,1.));
#2600=DIRECTION('',(-1.,0.,0.));
#2601=DIRECTION('center_axis',(0.707106781186548,0.707106781186548,0.));
#2602=DIRECTION('ref_axis',(0.,0.,-1.));
#2603=DIRECTION('',(0.,0.,1.));
#2604=DIRECTION('',(0.577350269189627,-0.577350269189627,0.577350269189624));
#2605=DIRECTION('',(0.,0.,1.));
#2606=DIRECTION('',(-0.577350269189624,0.577350269189624,0.577350269189629));
#2607=DIRECTION('center_axis',(0.,0.707106781186551,-0.707106781186544));
#2608=DIRECTION('ref_axis',(0.,0.707106781186544,0.707106781186551));
#2609=DIRECTION('',(-1.,0.,0.));
#2610=DIRECTION('center_axis',(0.,1.,0.));
#2611=DIRECTION('ref_axis',(0.,0.,1.));
#2612=DIRECTION('',(1.,0.,0.));
#2613=DIRECTION('center_axis',(0.,0.707106781186546,0.707106781186549));
#2614=DIRECTION('ref_axis',(0.,-0.707106781186549,0.707106781186546));
#2615=DIRECTION('',(1.,0.,0.));
#2616=DIRECTION('center_axis',(0.,1.,0.));
#2617=DIRECTION('ref_axis',(0.,0.,1.));
#2618=DIRECTION('center_axis',(-0.707106781186547,1.76993003667127E-16,
-0.707106781186548));
#2619=DIRECTION('ref_axis',(-0.707106781186548,0.,0.707106781186547));
#2620=DIRECTION('',(-0.598064822315336,0.533513764225303,0.598064822315335));
#2621=DIRECTION('',(-2.50305906231203E-16,-1.,0.));
#2622=DIRECTION('',(0.694746590606866,0.186156787897386,-0.694746590606865));
#2623=DIRECTION('',(-0.118530812456968,0.985850340060084,0.118530812456968));
#2624=DIRECTION('center_axis',(0.258819045102521,-0.965925826289068,0.));
#2625=DIRECTION('ref_axis',(0.965925826289068,0.258819045102521,0.));
#2626=DIRECTION('',(-0.0573336303447441,-0.0153624999500187,-0.998236869899513));
#2627=DIRECTION('',(0.,0.,1.));
#2628=DIRECTION('',(0.,0.,1.));
#2629=DIRECTION('',(-0.961351086262923,-0.257593247206932,-0.097210122592697));
#2630=DIRECTION('',(0.965925826289069,0.25881904510252,0.));
#2631=DIRECTION('center_axis',(1.,-2.50305906231203E-16,0.));
#2632=DIRECTION('ref_axis',(2.50305906231203E-16,1.,0.));
#2633=DIRECTION('',(0.,0.,-1.));
#2634=DIRECTION('center_axis',(0.707106781186547,1.76993003667127E-16,-0.707106781186548));
#2635=DIRECTION('ref_axis',(-0.707106781186548,0.,-0.707106781186547));
#2636=DIRECTION('',(0.694746590606866,-0.186156787897386,0.694746590606865));
#2637=DIRECTION('',(-2.50305906231203E-16,1.,0.));
#2638=DIRECTION('',(-0.598064822315336,-0.533513764225303,-0.598064822315335));
#2639=DIRECTION('',(-0.118530812456967,-0.985850340060084,-0.118530812456967));
#2640=DIRECTION('center_axis',(-0.665687533238708,0.746230599808507,0.));
#2641=DIRECTION('ref_axis',(-0.746230599808507,-0.665687533238708,-4.35226423335616E-46));
#2642=DIRECTION('',(0.,0.,1.));
#2643=DIRECTION('center_axis',(-1.,-2.50305906231203E-16,0.));
#2644=DIRECTION('ref_axis',(2.50305906231203E-16,-1.,0.));
#2645=DIRECTION('',(0.,0.,1.));
#2646=DIRECTION('center_axis',(0.665687533238708,0.746230599808507,0.));
#2647=DIRECTION('ref_axis',(-0.746230599808507,0.665687533238708,4.35226423335616E-46));
#2648=DIRECTION('center_axis',(0.,0.,1.));
#2649=DIRECTION('ref_axis',(1.,0.,0.));
#2650=DIRECTION('',(0.126352409449856,-0.991985417547161,0.));
#2651=DIRECTION('',(-0.857029830168045,-0.515266795167447,0.));
#2652=DIRECTION('center_axis',(0.,0.,1.));
#2653=DIRECTION('ref_axis',(1.,0.,0.));
#2654=DIRECTION('',(0.126352409449856,0.991985417547161,0.));
#2655=DIRECTION('',(-0.857029830168044,0.515266795167449,0.));
#2656=DIRECTION('',(0.965925826289069,-0.25881904510252,0.));
#2657=DIRECTION('center_axis',(0.171958245538718,-0.286013667777972,-0.942669901734132));
#2658=DIRECTION('ref_axis',(0.984807753012209,0.0733868910000359,0.157378695624257));
#2659=DIRECTION('',(8.19247357964186E-16,-0.956924013081786,0.290338480376696));
#2660=DIRECTION('',(-0.97896245624725,-0.156304060444324,-0.131154679470343));
#2661=DIRECTION('',(0.138233705503254,-0.94045004296733,0.310556209639394));
#2662=DIRECTION('center_axis',(-0.171958245538719,-0.286013667777972,-0.942669901734132));
#2663=DIRECTION('ref_axis',(0.984807753012209,-0.0733868910000356,-0.157378695624258));
#2664=DIRECTION('',(0.961351086262922,-0.257593247206933,-0.0972101225926977));
#2665=DIRECTION('',(-0.138233705503253,-0.94045004296733,0.310556209639395));
#2666=DIRECTION('',(-0.97896245624725,0.156304060444325,0.131154679470344));
#2667=DIRECTION('center_axis',(-0.99026806874157,0.126133665146145,-0.0588170940088053));
#2668=DIRECTION('ref_axis',(-2.84738024253496E-16,-0.422618261740699,-0.90630778703665));
#2669=DIRECTION('',(-0.13809307943504,-0.837974739198386,0.527947571144659));
#2670=DIRECTION('',(-0.0592906331641919,1.66240481872304E-16,0.998240762951999));
#2671=DIRECTION('',(3.7355092200961E-16,0.4226182617407,0.90630778703665));
#2672=DIRECTION('',(0.0592906331641926,0.764696789354228,0.641656793909583));
#2673=DIRECTION('',(-0.0573336303447432,0.0153624999500184,0.998236869899513));
#2674=DIRECTION('center_axis',(0.99026806874157,0.126133665146146,-0.0588170940088063));
#2675=DIRECTION('ref_axis',(3.98274427907781E-16,0.422618261740699,0.90630778703665));
#2676=DIRECTION('',(0.0592906331641923,-0.764696789354228,-0.641656793909583));
#2677=DIRECTION('',(-3.37632564124071E-16,-0.422618261740699,-0.90630778703665));
#2678=DIRECTION('',(-0.0592906331641929,-1.66240481872304E-16,-0.998240762951999));
#2679=DIRECTION('',(0.138093079435041,-0.837974739198385,0.527947571144659));
#2680=DIRECTION('center_axis',(-0.103511199448583,0.542346418809945,0.833754036627556));
#2681=DIRECTION('ref_axis',(-0.994521895368273,-0.0441756374486023,-0.094734960226448));
#2682=DIRECTION('',(-0.980374553798715,0.0857716594666726,-0.177507624332884));
#2683=DIRECTION('',(2.69588952106264E-15,-0.838256911210632,0.545275481575698));
#2684=DIRECTION('',(0.992381254955074,2.05177357719422E-17,0.12320488956934));
#2685=DIRECTION('center_axis',(0.103511199448583,0.542346418809946,0.833754036627555));
#2686=DIRECTION('ref_axis',(-0.994521895368273,0.0441756374486017,0.0947349602264486));
#2687=DIRECTION('',(-0.980374553798715,-0.0857716594666718,0.177507624332884));
#2688=DIRECTION('',(0.992381254955074,-2.05177357719422E-17,-0.12320488956934));
#2689=DIRECTION('center_axis',(-0.258819045102521,-0.965925826289068,0.));
#2690=DIRECTION('ref_axis',(0.965925826289068,-0.258819045102521,0.));
#2691=DIRECTION('center_axis',(0.,1.,-1.66533453693773E-16));
#2692=DIRECTION('ref_axis',(-1.,0.,0.));
#2693=DIRECTION('',(0.960292099389683,4.64622617076564E-17,0.278996566017856));
#2694=DIRECTION('',(0.933629043028976,-5.96591565255435E-17,-0.358241273463568));
#2695=DIRECTION('',(1.,0.,0.));
#2696=DIRECTION('',(0.933629043028976,5.96591565255435E-17,0.358241273463568));
#2697=DIRECTION('',(0.960292099389683,-4.64622617076564E-17,-0.278996566017856));
#2698=DIRECTION('center_axis',(0.121869343405147,0.89955230622579,-0.419468129304076));
#2699=DIRECTION('ref_axis',(-8.32667268468867E-17,0.422618261740699,0.90630778703665));
#2700=DIRECTION('',(-0.960292099389683,0.213723769047256,0.17933553578137));
#2701=DIRECTION('',(2.31448982464062E-13,-0.422618261740725,-0.906307787036638));
#2702=DIRECTION('center_axis',(0.,0.642787609686539,-0.766044443118978));
#2703=DIRECTION('ref_axis',(1.,0.,0.));
#2704=DIRECTION('',(-0.960292099389683,-0.213723769047256,-0.17933553578137));
#2705=DIRECTION('',(-0.933629043028942,0.2744287368327,0.230273051860765));
#2706=DIRECTION('',(-0.933629043028942,-0.2744287368327,-0.230273051860765));
#2707=DIRECTION('center_axis',(-0.121869343405148,0.89955230622579,-0.419468129304076));
#2708=DIRECTION('ref_axis',(-2.77555756156289E-16,-0.4226182617407,-0.90630778703665));
#2709=DIRECTION('',(2.31051303800034E-13,0.422618261740725,0.906307787036638));
#2710=DIRECTION('center_axis',(0.,0.,1.));
#2711=DIRECTION('ref_axis',(0.,-1.,0.));
#2712=DIRECTION('',(-0.98436709149258,-0.17612901290372,0.));
#2713=DIRECTION('',(0.518924781827117,0.854819905480493,0.));
#2714=DIRECTION('',(-0.707106781186549,-0.707106781186546,0.));
#2715=DIRECTION('',(-0.996194698091746,-0.0871557427476561,0.));
#2716=DIRECTION('',(-0.996194698091746,0.0871557427476567,0.));
#2717=DIRECTION('',(-0.707106781186578,0.707106781186517,0.));
#2718=DIRECTION('',(0.518924781827117,-0.854819905480493,0.));
#2719=DIRECTION('',(-0.98436709149258,0.17612901290372,0.));
#2720=DIRECTION('center_axis',(0.160071158553662,-0.894621381109141,0.417168801160466));
#2721=DIRECTION('ref_axis',(0.,-0.422618261740759,-0.906307787036622));
#2722=DIRECTION('',(0.,-0.422618261740759,-0.906307787036622));
#2723=DIRECTION('',(0.985047602213243,0.117496306398277,-0.125999362524987));
#2724=DIRECTION('',(0.936222667044145,0.27153143092023,0.223064564050769));
#2725=DIRECTION('',(3.86336827779486E-14,0.422618261740765,0.906307787036619));
#2726=DIRECTION('',(0.852095860885951,0.338576147821107,0.399122582658072));
#2727=DIRECTION('',(-0.6419815545411,0.226677801039546,0.732445805602619));
#2728=DIRECTION('center_axis',(-0.707106781186546,0.0159323206722093,-0.706927267233342));
#2729=DIRECTION('ref_axis',(0.,0.999746128932739,0.0225317039747156));
#2730=DIRECTION('',(0.647379104433495,0.416728877078158,-0.638151500940069));
#2731=DIRECTION('',(0.70708434016204,0.00796691880378364,-0.70708434016204));
#2732=DIRECTION('',(0.572964569300169,-0.572964569300175,-0.586023211701838));
#2733=DIRECTION('center_axis',(-0.707106781186549,0.640856382055777,-0.298836238730141));
#2734=DIRECTION('ref_axis',(0.,0.42261826174073,0.906307787036636));
#2735=DIRECTION('',(0.664023331817193,0.747073458314604,0.0308911424886076));
#2736=DIRECTION('',(0.211541378239861,-0.211541378239859,-0.954201493702856));
#2737=DIRECTION('',(0.,-0.42261826174073,-0.906307787036636));
#2738=DIRECTION('center_axis',(-0.707106781186547,0.613997371872256,0.350723861939792));
#2739=DIRECTION('ref_axis',(0.,-0.495998442203123,0.868323410563182));
#2740=DIRECTION('',(0.664023331817191,0.747073458314606,0.0308911424886016));
#2741=DIRECTION('',(0.,0.495998442203123,-0.868323410563182));
#2742=DIRECTION('center_axis',(-0.707106781186551,0.640856382055774,-0.298836238730141));
#2743=DIRECTION('ref_axis',(0.,0.422618261740732,0.906307787036635));
#2744=DIRECTION('',(0.638230619643248,0.760367156448277,0.120430326515197));
#2745=DIRECTION('',(0.,-0.422618261740732,-0.906307787036635));
#2746=DIRECTION('',(0.432537568646339,0.726341011022123,0.534172245082871));
#2747=DIRECTION('center_axis',(-0.707106781186546,0.5171451618608,0.482245665158297));
#2748=DIRECTION('ref_axis',(0.,-0.681998360062497,0.731353701619171));
#2749=DIRECTION('',(0.664143851524343,0.251622835651109,0.703987850080743));
#2750=DIRECTION('center_axis',(-0.707106781186547,-0.0942983714008106,0.700790851218219));
#2751=DIRECTION('ref_axis',(0.,-0.99106792617979,-0.133358035744721));
#2752=DIRECTION('',(0.659531239497199,-0.445339382266908,0.605550475789935));
#2753=DIRECTION('',(0.,0.99106792617979,0.133358035744721));
#2754=DIRECTION('center_axis',(-0.707106781186548,-0.640856382055775,0.298836238730147));
#2755=DIRECTION('ref_axis',(0.,-0.422618261740738,-0.906307787036632));
#2756=DIRECTION('',(0.703923086390585,-0.67802969524307,0.211584547675257));
#2757=DIRECTION('',(0.,0.422618261740738,0.906307787036632));
#2758=DIRECTION('center_axis',(-0.707106781186549,-0.697076691026114,0.118676395412404));
#2759=DIRECTION('ref_axis',(0.,-0.167833767925774,-0.985815310463292));
#2760=DIRECTION('',(0.705847436605184,-0.705847436605188,0.0596556156264898));
#2761=DIRECTION('',(0.,0.167833767925774,0.985815310463292));
#2762=DIRECTION('center_axis',(-0.707106781186549,-0.707106781186546,0.));
#2763=DIRECTION('ref_axis',(0.,0.,-1.));
#2764=DIRECTION('',(0.577350269189625,-0.577350269189628,-0.577350269189625));
#2765=DIRECTION('',(0.,0.,1.));
#2766=DIRECTION('center_axis',(-0.707106781186548,0.,-0.707106781186548));
#2767=DIRECTION('ref_axis',(0.,1.,0.));
#2768=DIRECTION('center_axis',(1.,0.,0.));
#2769=DIRECTION('ref_axis',(0.,0.,-1.));
#2770=DIRECTION('center_axis',(-0.707106781186546,-0.0159323206722093,0.706927267233342));
#2771=DIRECTION('ref_axis',(0.,0.999746128932739,0.0225317039747156));
#2772=DIRECTION('',(-0.647379104433495,0.416728877078158,-0.638151500940069));
#2773=DIRECTION('',(-0.572964569300169,-0.572964569300175,-0.586023211701838));
#2774=DIRECTION('',(-0.70708434016204,0.00796691880378364,-0.70708434016204));
#2775=DIRECTION('center_axis',(-0.707106781186549,-0.640856382055777,0.298836238730141));
#2776=DIRECTION('ref_axis',(0.,0.42261826174073,0.906307787036636));
#2777=DIRECTION('',(-0.664023331817193,0.747073458314604,0.0308911424886076));
#2778=DIRECTION('',(0.,-0.42261826174073,-0.906307787036636));
#2779=DIRECTION('',(-0.211541378239861,-0.211541378239859,-0.954201493702856));
#2780=DIRECTION('center_axis',(-0.707106781186547,-0.613997371872256,-0.350723861939792));
#2781=DIRECTION('ref_axis',(0.,-0.495998442203123,0.868323410563182));
#2782=DIRECTION('',(-0.664023331817191,0.747073458314606,0.0308911424886016));
#2783=DIRECTION('',(0.,0.495998442203123,-0.868323410563182));
#2784=DIRECTION('center_axis',(-0.707106781186551,-0.640856382055774,0.298836238730141));
#2785=DIRECTION('ref_axis',(0.,0.422618261740732,0.906307787036635));
#2786=DIRECTION('',(-0.638230619643248,0.760367156448277,0.120430326515197));
#2787=DIRECTION('',(-0.432537568646339,0.726341011022123,0.534172245082871));
#2788=DIRECTION('',(0.,-0.422618261740732,-0.906307787036635));
#2789=DIRECTION('center_axis',(-0.707106781186546,-0.5171451618608,-0.482245665158297));
#2790=DIRECTION('ref_axis',(0.,-0.681998360062497,0.731353701619171));
#2791=DIRECTION('',(-0.664143851524343,0.251622835651109,0.703987850080743));
#2792=DIRECTION('center_axis',(-0.707106781186547,0.0942983714008106,-0.700790851218219));
#2793=DIRECTION('ref_axis',(0.,-0.99106792617979,-0.133358035744721));
#2794=DIRECTION('',(-0.659531239497199,-0.445339382266908,0.605550475789935));
#2795=DIRECTION('',(0.,0.99106792617979,0.133358035744721));
#2796=DIRECTION('center_axis',(-0.707106781186548,0.640856382055775,-0.298836238730147));
#2797=DIRECTION('ref_axis',(0.,-0.422618261740738,-0.906307787036632));
#2798=DIRECTION('',(-0.703923086390585,-0.67802969524307,0.211584547675257));
#2799=DIRECTION('',(0.,0.422618261740738,0.906307787036632));
#2800=DIRECTION('center_axis',(-0.707106781186549,0.697076691026114,-0.118676395412404));
#2801=DIRECTION('ref_axis',(0.,-0.167833767925774,-0.985815310463292));
#2802=DIRECTION('',(-0.705847436605184,-0.705847436605188,0.0596556156264898));
#2803=DIRECTION('',(0.,0.167833767925774,0.985815310463292));
#2804=DIRECTION('center_axis',(-0.707106781186549,0.707106781186546,0.));
#2805=DIRECTION('ref_axis',(0.,0.,-1.));
#2806=DIRECTION('',(-0.577350269189625,-0.577350269189628,-0.577350269189625));
#2807=DIRECTION('',(0.,0.,1.));
#2808=DIRECTION('center_axis',(-0.707106781186548,0.,0.707106781186548));
#2809=DIRECTION('ref_axis',(0.,1.,0.));
#2810=DIRECTION('center_axis',(1.,0.,0.));
#2811=DIRECTION('ref_axis',(0.,0.,-1.));
#2812=DIRECTION('center_axis',(-0.0871557427476572,-0.996194698091746,0.));
#2813=DIRECTION('ref_axis',(-0.996194698091746,0.0871557427476572,0.));
#2814=DIRECTION('',(0.,0.,-1.));
#2815=DIRECTION('center_axis',(0.0871557427476564,-0.996194698091746,0.));
#2816=DIRECTION('ref_axis',(-0.996194698091746,-0.0871557427476564,0.));
#2817=DIRECTION('center_axis',(0.,0.707106781186551,-0.707106781186544));
#2818=DIRECTION('ref_axis',(0.,0.707106781186544,0.707106781186551));
#2819=DIRECTION('',(-1.,0.,0.));
#2820=DIRECTION('center_axis',(0.,1.,0.));
#2821=DIRECTION('ref_axis',(0.,0.,1.));
#2822=DIRECTION('center_axis',(-0.350800434887293,0.684876350533445,0.638657529011344));
#2823=DIRECTION('ref_axis',(0.936450241541368,0.256559196584437,0.239245321302346));
#2824=DIRECTION('',(-0.890038034364076,-0.455886276811807,5.36432945206898E-16));
#2825=DIRECTION('',(-0.699885331491081,0.261369072768855,-0.664715526043711));
#2826=DIRECTION('',(0.707106781186545,0.640856382055781,-0.298836238730141));
#2827=DIRECTION('',(2.38944510961424E-14,-0.681998360062493,0.731353701619176));
#2828=DIRECTION('center_axis',(0.350800434887292,0.684876350533445,0.638657529011345));
#2829=DIRECTION('ref_axis',(0.936450241541368,-0.256559196584436,-0.239245321302345));
#2830=DIRECTION('',(0.936222667044146,-0.271531430920229,-0.223064564050768));
#2831=DIRECTION('',(0.707106781186545,-0.640856382055781,0.298836238730142));
#2832=DIRECTION('',(-0.699885331491081,-0.261369072768856,0.664715526043711));
#2833=DIRECTION('',(-0.890038034364077,0.455886276811806,-5.36432945206897E-16));
#2834=DIRECTION('',(2.37362096981548E-14,0.681998360062493,-0.731353701619176));
#2835=DIRECTION('center_axis',(-0.160071158553662,-0.894621381109141,0.417168801160466));
#2836=DIRECTION('ref_axis',(0.,-0.422618261740759,-0.906307787036622));
#2837=DIRECTION('',(-0.6419815545411,-0.226677801039546,-0.732445805602619));
#2838=DIRECTION('',(0.852095860885951,-0.338576147821107,-0.399122582658072));
#2839=DIRECTION('',(3.86336827779486E-14,-0.422618261740765,-0.906307787036619));
#2840=DIRECTION('',(0.985047602213243,-0.117496306398277,0.125999362524987));
#2841=DIRECTION('center_axis',(0.,-0.731353701619176,-0.681998360062493));
#2842=DIRECTION('ref_axis',(0.,0.681998360062493,-0.731353701619176));
#2843=DIRECTION('',(1.,0.,0.));
#2844=DIRECTION('center_axis',(0.,-1.1766814938111E-15,-1.));
#2845=DIRECTION('ref_axis',(0.,1.,-1.1766814938111E-15));
#2846=DIRECTION('',(0.133358035744714,0.991067926179791,-1.16617128784551E-15));
#2847=DIRECTION('',(-1.,0.,0.));
#2848=DIRECTION('',(0.133358035744714,-0.991067926179791,1.16617128784551E-15));
#2849=DIRECTION('center_axis',(-0.703927566165011,0.094720447560213,-0.703927566165012));
#2850=DIRECTION('ref_axis',(-0.0669774707868517,-0.995503910998843,-0.0669774707868511));
#2851=DIRECTION('',(-0.647400737516884,0.322098414629841,0.690742279258725));
#2852=DIRECTION('center_axis',(-0.703927566165011,-0.094720447560213,0.703927566165012));
#2853=DIRECTION('ref_axis',(0.0669774707868517,-0.995503910998843,-0.0669774707868511));
#2854=DIRECTION('',(-0.647400737516884,-0.322098414629841,-0.690742279258725));
#2855=DIRECTION('center_axis',(0.,0.90630778703662,-0.422618261740763));
#2856=DIRECTION('ref_axis',(0.,0.422618261740763,0.90630778703662));
#2857=DIRECTION('',(0.389281620635073,-0.389281620635075,-0.834817129478942));
#2858=DIRECTION('',(1.,0.,0.));
#2859=DIRECTION('',(0.389281620635073,0.389281620635075,0.834817129478942));
#2860=DIRECTION('center_axis',(-0.70710678118655,-0.640856382055777,0.298836238730141));
#2861=DIRECTION('ref_axis',(-1.64035451888367E-14,0.422618261740745,0.906307787036629));
#2862=DIRECTION('',(-0.707106781186545,0.640856382055771,-0.298836238730164));
#2863=DIRECTION('center_axis',(-0.49999999999999,-0.751990132248469,-0.429547251185409));
#2864=DIRECTION('ref_axis',(-0.500000000000013,-0.154317654788164,0.852165512926138));
#2865=DIRECTION('center_axis',(-0.632280199348978,-0.3838303979554,0.672975463978157));
#2866=DIRECTION('ref_axis',(0.316578188622052,0.664813750748123,0.676609878220082));
#2867=DIRECTION('center_axis',(-0.632280199348978,0.3838303979554,-0.672975463978157));
#2868=DIRECTION('ref_axis',(-0.316578188622052,0.664813750748123,0.676609878220082));
#2869=DIRECTION('center_axis',(-0.70710678118655,0.640856382055777,-0.298836238730141));
#2870=DIRECTION('ref_axis',(1.64035451888367E-14,0.422618261740745,0.906307787036629));
#2871=DIRECTION('',(0.707106781186545,0.640856382055771,-0.298836238730164));
#2872=DIRECTION('center_axis',(-0.49999999999999,0.751990132248469,0.429547251185409));
#2873=DIRECTION('ref_axis',(0.500000000000013,-0.154317654788164,0.852165512926138));
#2874=DIRECTION('center_axis',(0.,0.,1.));
#2875=DIRECTION('ref_axis',(1.,0.,0.));
#2876=DIRECTION('',(0.,0.,1.));
#2877=DIRECTION('',(0.,0.,1.));
#2878=DIRECTION('center_axis',(0.,0.,1.));
#2879=DIRECTION('ref_axis',(1.,0.,0.));
#2880=DIRECTION('',(0.,0.,1.));
#2881=DIRECTION('',(0.,0.,1.));
#2882=DIRECTION('center_axis',(-0.0871557427476567,-0.996194698091746,0.));
#2883=DIRECTION('ref_axis',(0.996194698091746,-0.0871557427476567,0.));
#2884=DIRECTION('',(0.,0.,1.));
#2885=DIRECTION('',(0.,0.,1.));
#2886=DIRECTION('center_axis',(-0.707106781186517,-0.707106781186578,0.));
#2887=DIRECTION('ref_axis',(0.707106781186578,-0.707106781186517,0.));
#2888=DIRECTION('center_axis',(0.707106781186546,-0.707106781186549,0.));
#2889=DIRECTION('ref_axis',(0.707106781186549,0.707106781186546,0.));
#2890=DIRECTION('',(0.,0.,1.));
#2891=DIRECTION('center_axis',(0.0871557427476561,-0.996194698091746,0.));
#2892=DIRECTION('ref_axis',(0.996194698091746,0.0871557427476561,0.));
#2893=DIRECTION('center_axis',(0.70710678118655,-0.707106781186545,0.));
#2894=DIRECTION('ref_axis',(-0.707106781186545,-0.70710678118655,0.));
#2895=DIRECTION('',(0.707106781186545,0.70710678118655,0.));
#2896=DIRECTION('',(0.,0.,-1.));
#2897=DIRECTION('center_axis',(-0.70710678118655,-0.707106781186545,0.));
#2898=DIRECTION('ref_axis',(-0.707106781186545,0.70710678118655,0.));
#2899=DIRECTION('',(0.,0.,-1.));
#2900=DIRECTION('',(0.707106781186545,-0.70710678118655,0.));
#2901=DIRECTION('center_axis',(-1.,3.29597922457265E-15,0.));
#2902=DIRECTION('ref_axis',(3.29597922457265E-15,1.,0.));
#2903=DIRECTION('',(0.,0.,1.));
#2904=DIRECTION('',(-3.29597922457265E-15,-1.,0.));
#2905=DIRECTION('center_axis',(-0.258819045102521,-0.965925826289068,0.));
#2906=DIRECTION('ref_axis',(-0.965925826289068,0.258819045102521,0.));
#2907=DIRECTION('',(0.,0.,1.));
#2908=DIRECTION('',(0.965925826289068,-0.258819045102521,0.));
#2909=DIRECTION('center_axis',(0.258819045102521,-0.965925826289068,0.));
#2910=DIRECTION('ref_axis',(-0.965925826289068,-0.258819045102521,0.));
#2911=DIRECTION('',(0.,0.,1.));
#2912=DIRECTION('',(0.965925826289068,0.258819045102521,0.));
#2913=DIRECTION('center_axis',(1.,3.29597922457265E-15,0.));
#2914=DIRECTION('ref_axis',(3.29597922457265E-15,-1.,0.));
#2915=DIRECTION('',(-3.29597922457265E-15,1.,0.));
#2916=DIRECTION('center_axis',(0.,0.,-1.));
#2917=DIRECTION('ref_axis',(-1.,0.,0.));
#2918=CARTESIAN_POINT('',(0.,0.,0.));
#2919=CARTESIAN_POINT('Origin',(-12.,-57.3164971068012,8.47746184884809));
#2920=CARTESIAN_POINT('',(-12.,-57.5543560762611,6.24006981555408));
#2921=CARTESIAN_POINT('',(-17.2378232693537,-58.4414971068075,6.52890469033673));
#2922=CARTESIAN_POINT('Ctrl Pts',(-12.,-57.5543560762611,6.24006981555408));
#2923=CARTESIAN_POINT('Ctrl Pts',(-12.0651468265025,-57.4121940459116,6.22495645431382));
#2924=CARTESIAN_POINT('Ctrl Pts',(-12.1427794018553,-57.2760646376448,6.22452881683169));
#2925=CARTESIAN_POINT('Ctrl Pts',(-12.4761983860436,-56.7853226274138,6.25994195608458));
#2926=CARTESIAN_POINT('Ctrl Pts',(-12.8181165334426,-56.4791258939193,6.37582336301876));
#2927=CARTESIAN_POINT('Ctrl Pts',(-13.4085694672079,-56.1660492546123,6.54023069241707));
#2928=CARTESIAN_POINT('Ctrl Pts',(-13.6184698889167,-56.0855436923401,6.59289678627828));
#2929=CARTESIAN_POINT('Ctrl Pts',(-14.0523276107262,-55.9774889372289,6.6680727351194));
#2930=CARTESIAN_POINT('Ctrl Pts',(-14.276408662133,-55.95,6.68995362310367));
#2931=CARTESIAN_POINT('Ctrl Pts',(-14.5,-55.95,6.68995362310367));
#2932=CARTESIAN_POINT('Ctrl Pts',(-14.723591337867,-55.95,6.68995362310367));
#2933=CARTESIAN_POINT('Ctrl Pts',(-14.9476723892738,-55.9774889372289,6.6680727351194));
#2934=CARTESIAN_POINT('Ctrl Pts',(-15.3815301110833,-56.0855436923401,6.59289678627828));
#2935=CARTESIAN_POINT('Ctrl Pts',(-15.5914305327921,-56.1660492546123,6.54023069241707));
#2936=CARTESIAN_POINT('Ctrl Pts',(-16.1818834665574,-56.4791258939193,6.37582336301876));
#2937=CARTESIAN_POINT('Ctrl Pts',(-16.5238016139564,-56.7853226274138,6.25994195608458));
#2938=CARTESIAN_POINT('Ctrl Pts',(-16.88951555106,-57.3235978941945,6.22109870121442));
#2939=CARTESIAN_POINT('Ctrl Pts',(-16.9939503503537,-57.5212664979515,6.22740445890099));
#2940=CARTESIAN_POINT('Ctrl Pts',(-17.147457924536,-57.9252952637374,6.30167380038451));
#2941=CARTESIAN_POINT('Ctrl Pts',(-17.1968506218326,-58.1313925139026,6.37040383386864));
#2942=CARTESIAN_POINT('Ctrl Pts',(-17.2287420242707,-58.3560298918658,6.48143424508166));
#2943=CARTESIAN_POINT('Ctrl Pts',(-17.2337958525399,-58.3988424373354,6.50427800543479));
#2944=CARTESIAN_POINT('Ctrl Pts',(-17.2378232693537,-58.4414971068138,6.52890469034037));
#2945=CARTESIAN_POINT('',(-12.,-57.554356076261,10.7148538821421));
#2946=CARTESIAN_POINT('Origin',(-12.,-57.3164971068012,8.47746184884809));
#2947=CARTESIAN_POINT('',(-17.25,-58.6999999987961,10.2518405432572));
#2948=CARTESIAN_POINT('Ctrl Pts',(-17.25,-58.6999999975922,10.2518405432572));
#2949=CARTESIAN_POINT('Ctrl Pts',(-17.2499999998916,-58.5762076845328,10.3483627927155));
#2950=CARTESIAN_POINT('Ctrl Pts',(-17.2411958583277,-58.4437524883735,10.430131236581));
#2951=CARTESIAN_POINT('Ctrl Pts',(-17.1968506218326,-58.1313925139026,10.5845198638275));
#2952=CARTESIAN_POINT('Ctrl Pts',(-17.147457924536,-57.9252952637374,10.6532498973117));
#2953=CARTESIAN_POINT('Ctrl Pts',(-16.9939503503537,-57.5212664979515,10.7275192387952));
#2954=CARTESIAN_POINT('Ctrl Pts',(-16.88951555106,-57.3235978941945,10.7338249964817));
#2955=CARTESIAN_POINT('Ctrl Pts',(-16.5238016139564,-56.7853226274138,10.6949817416116));
#2956=CARTESIAN_POINT('Ctrl Pts',(-16.1818834665574,-56.4791258939193,10.5791003346774));
#2957=CARTESIAN_POINT('Ctrl Pts',(-15.5914305327921,-56.1660492546123,10.4146930052791));
#2958=CARTESIAN_POINT('Ctrl Pts',(-15.3815301110833,-56.0855436923401,10.3620269114179));
#2959=CARTESIAN_POINT('Ctrl Pts',(-14.9476723892738,-55.9774889372289,10.2868509625768));
#2960=CARTESIAN_POINT('Ctrl Pts',(-14.723591337867,-55.95,10.2649700745925));
#2961=CARTESIAN_POINT('Ctrl Pts',(-14.276408662133,-55.95,10.2649700745925));
#2962=CARTESIAN_POINT('Ctrl Pts',(-14.0523276107262,-55.9774889372289,10.2868509625768));
#2963=CARTESIAN_POINT('Ctrl Pts',(-13.6184698889167,-56.0855436923401,10.3620269114179));
#2964=CARTESIAN_POINT('Ctrl Pts',(-13.4085694672079,-56.1660492546123,10.4146930052791));
#2965=CARTESIAN_POINT('Ctrl Pts',(-12.8181165334426,-56.4791258939193,10.5791003346774));
#2966=CARTESIAN_POINT('Ctrl Pts',(-12.4761983860436,-56.7853226274138,10.6949817416116));
#2967=CARTESIAN_POINT('Ctrl Pts',(-12.1427794018783,-57.2760646376111,10.7303948808621));
#2968=CARTESIAN_POINT('Ctrl Pts',(-12.065146826474,-57.4121940459737,10.7299672433757));
#2969=CARTESIAN_POINT('Ctrl Pts',(-12.,-57.554356076261,10.7148538821421));
#2970=CARTESIAN_POINT('',(-17.25,-58.6999999997429,6.70308315591538));
#2971=CARTESIAN_POINT('Ctrl Pts',(-17.25,-58.6999999994857,6.70308315591538));
#2972=CARTESIAN_POINT('Ctrl Pts',(-17.2500000000079,-58.7424015118754,6.73614408889376));
#2973=CARTESIAN_POINT('Ctrl Pts',(-17.2490153689559,-58.7838194922382,6.77089146799962));
#2974=CARTESIAN_POINT('Ctrl Pts',(-17.2401158548802,-58.981116861462,6.94894060532758));
#2975=CARTESIAN_POINT('Ctrl Pts',(-17.2202356860727,-59.1172121227731,7.11430133049664));
#2976=CARTESIAN_POINT('Ctrl Pts',(-17.1796497090026,-59.3274129754111,7.44866016222825));
#2977=CARTESIAN_POINT('Ctrl Pts',(-17.155224169484,-59.4184493353762,7.64634246006467));
#2978=CARTESIAN_POINT('Ctrl Pts',(-17.1199464316375,-59.5380130409988,8.06053354403459));
#2979=CARTESIAN_POINT('Ctrl Pts',(-17.1099200684897,-59.5664971068012,8.27712474534037));
#2980=CARTESIAN_POINT('Ctrl Pts',(-17.1099200684897,-59.5664971068012,8.6777989523558));
#2981=CARTESIAN_POINT('Ctrl Pts',(-17.1199464316375,-59.5380130409988,8.89439015366159));
#2982=CARTESIAN_POINT('Ctrl Pts',(-17.155224169484,-59.4184493353762,9.3085812376315));
#2983=CARTESIAN_POINT('Ctrl Pts',(-17.1796497090026,-59.3274129754111,9.50626353546792));
#2984=CARTESIAN_POINT('Ctrl Pts',(-17.2202356860727,-59.1172121227731,9.84062236719953));
#2985=CARTESIAN_POINT('Ctrl Pts',(-17.2401158548802,-58.981116861462,10.0059830923686));
#2986=CARTESIAN_POINT('Ctrl Pts',(-17.2490155961463,-58.7838144555514,10.1840367750067));
#2987=CARTESIAN_POINT('Ctrl Pts',(-17.2500000000371,-58.742398223215,10.2187821730804));
#2988=CARTESIAN_POINT('Ctrl Pts',(-17.25,-58.6999999975922,10.2518405432572));
#2989=CARTESIAN_POINT('Ctrl Pts',(-17.2378232693537,-58.4414971068138,6.52890469034037));
#2990=CARTESIAN_POINT('Ctrl Pts',(-17.2461235475123,-58.529405966961,6.5796588944105));
#2991=CARTESIAN_POINT('Ctrl Pts',(-17.2499999999844,-58.6166297046823,6.63807840552928));
#2992=CARTESIAN_POINT('Ctrl Pts',(-17.25,-58.6999999994857,6.70308315591538));
#2993=CARTESIAN_POINT('',(-18.5,-58.4414971068012,6.5289046903331));
#2994=CARTESIAN_POINT('',(-12.,-58.4414971068012,6.5289046903331));
#2995=CARTESIAN_POINT('Origin',(-18.5,-57.3164971068012,8.47746184884809));
#2996=CARTESIAN_POINT('Origin',(12.,-57.3164971068012,8.47746184884809));
#2997=CARTESIAN_POINT('',(12.,-57.554356076261,10.7148538821421));
#2998=CARTESIAN_POINT('',(17.2378232693537,-58.4414971068075,6.52890469033673));
#2999=CARTESIAN_POINT('Ctrl Pts',(12.,-57.554356076261,10.7148538821421));
#3000=CARTESIAN_POINT('Ctrl Pts',(12.0651468265025,-57.4121940459116,10.7299672433824));
#3001=CARTESIAN_POINT('Ctrl Pts',(12.1427794018553,-57.2760646376448,10.7303948808645));
#3002=CARTESIAN_POINT('Ctrl Pts',(12.4761983860436,-56.7853226274138,10.6949817416116));
#3003=CARTESIAN_POINT('Ctrl Pts',(12.8181165334426,-56.4791258939193,10.5791003346774));
#3004=CARTESIAN_POINT('Ctrl Pts',(13.4085694672079,-56.1660492546123,10.4146930052791));
#3005=CARTESIAN_POINT('Ctrl Pts',(13.6184698889167,-56.0855436923401,10.3620269114179));
#3006=CARTESIAN_POINT('Ctrl Pts',(14.0523276107262,-55.9774889372289,10.2868509625768));
#3007=CARTESIAN_POINT('Ctrl Pts',(14.276408662133,-55.95,10.2649700745925));
#3008=CARTESIAN_POINT('Ctrl Pts',(14.723591337867,-55.95,10.2649700745925));
#3009=CARTESIAN_POINT('Ctrl Pts',(14.9476723892738,-55.9774889372289,10.2868509625768));
#3010=CARTESIAN_POINT('Ctrl Pts',(15.3815301110833,-56.0855436923401,10.3620269114179));
#3011=CARTESIAN_POINT('Ctrl Pts',(15.5914305327921,-56.1660492546123,10.4146930052791));
#3012=CARTESIAN_POINT('Ctrl Pts',(16.1818834665574,-56.4791258939193,10.5791003346774));
#3013=CARTESIAN_POINT('Ctrl Pts',(16.5238016139564,-56.7853226274138,10.6949817416116));
#3014=CARTESIAN_POINT('Ctrl Pts',(16.88951555106,-57.3235978941945,10.7338249964817));
#3015=CARTESIAN_POINT('Ctrl Pts',(16.9939503503537,-57.5212664979515,10.7275192387952));
#3016=CARTESIAN_POINT('Ctrl Pts',(17.147457924536,-57.9252952637374,10.6532498973117));
#3017=CARTESIAN_POINT('Ctrl Pts',(17.1968506218326,-58.1313925139026,10.5845198638275));
#3018=CARTESIAN_POINT('Ctrl Pts',(17.2475309860628,-58.4883760036371,10.4080753913143));
#3019=CARTESIAN_POINT('Ctrl Pts',(17.2542973741971,-58.6667203192433,10.2897072663967));
#3020=CARTESIAN_POINT('Ctrl Pts',(17.2401158548802,-58.981116861462,10.0059830923686));
#3021=CARTESIAN_POINT('Ctrl Pts',(17.2202356860727,-59.1172121227731,9.84062236719953));
#3022=CARTESIAN_POINT('Ctrl Pts',(17.1796497090026,-59.3274129754111,9.50626353546792));
#3023=CARTESIAN_POINT('Ctrl Pts',(17.155224169484,-59.4184493353762,9.30858123763151));
#3024=CARTESIAN_POINT('Ctrl Pts',(17.1199464316375,-59.5380130409988,8.8943901536616));
#3025=CARTESIAN_POINT('Ctrl Pts',(17.1099200684897,-59.5664971068012,8.6777989523558));
#3026=CARTESIAN_POINT('Ctrl Pts',(17.1099200684897,-59.5664971068012,8.27712474534037));
#3027=CARTESIAN_POINT('Ctrl Pts',(17.1199464316375,-59.5380130409988,8.06053354403458));
#3028=CARTESIAN_POINT('Ctrl Pts',(17.155224169484,-59.4184493353762,7.64634246006467));
#3029=CARTESIAN_POINT('Ctrl Pts',(17.1796497090026,-59.3274129754111,7.44866016222825));
#3030=CARTESIAN_POINT('Ctrl Pts',(17.2202356860727,-59.117212122773,7.11430133049664));
#3031=CARTESIAN_POINT('Ctrl Pts',(17.2401158548802,-58.981116861462,6.94894060532758));
#3032=CARTESIAN_POINT('Ctrl Pts',(17.2525717607092,-58.7049762283369,6.69974011318441));
#3033=CARTESIAN_POINT('Ctrl Pts',(17.2503450073021,-58.5741157599571,6.60547210543226));
#3034=CARTESIAN_POINT('Ctrl Pts',(17.2378232693537,-58.4414971068138,6.52890469034036));
#3035=CARTESIAN_POINT('',(12.,-57.554356076261,6.24006981555407));
#3036=CARTESIAN_POINT('Origin',(12.,-57.3164971068012,8.47746184884809));
#3037=CARTESIAN_POINT('Ctrl Pts',(17.2378232693537,-58.4414971068138,6.52890469034035));
#3038=CARTESIAN_POINT('Ctrl Pts',(17.2337958525399,-58.3988424373353,6.50427800543477));
#3039=CARTESIAN_POINT('Ctrl Pts',(17.2287420242707,-58.3560298918658,6.48143424508166));
#3040=CARTESIAN_POINT('Ctrl Pts',(17.1968506218326,-58.1313925139026,6.37040383386863));
#3041=CARTESIAN_POINT('Ctrl Pts',(17.147457924536,-57.9252952637374,6.30167380038451));
#3042=CARTESIAN_POINT('Ctrl Pts',(16.9939503503537,-57.5212664979515,6.22740445890099));
#3043=CARTESIAN_POINT('Ctrl Pts',(16.88951555106,-57.3235978941945,6.22109870121442));
#3044=CARTESIAN_POINT('Ctrl Pts',(16.5238016139564,-56.7853226274138,6.25994195608458));
#3045=CARTESIAN_POINT('Ctrl Pts',(16.1818834665574,-56.4791258939193,6.37582336301876));
#3046=CARTESIAN_POINT('Ctrl Pts',(15.5914305327921,-56.1660492546123,6.54023069241707));
#3047=CARTESIAN_POINT('Ctrl Pts',(15.3815301110833,-56.0855436923401,6.59289678627828));
#3048=CARTESIAN_POINT('Ctrl Pts',(14.9476723892738,-55.9774889372289,6.6680727351194));
#3049=CARTESIAN_POINT('Ctrl Pts',(14.723591337867,-55.95,6.68995362310368));
#3050=CARTESIAN_POINT('Ctrl Pts',(14.5,-55.95,6.68995362310368));
#3051=CARTESIAN_POINT('Ctrl Pts',(14.276408662133,-55.95,6.68995362310368));
#3052=CARTESIAN_POINT('Ctrl Pts',(14.0523276107262,-55.9774889372289,6.66807273511941));
#3053=CARTESIAN_POINT('Ctrl Pts',(13.6184698889167,-56.0855436923401,6.59289678627828));
#3054=CARTESIAN_POINT('Ctrl Pts',(13.4085694672079,-56.1660492546123,6.54023069241707));
#3055=CARTESIAN_POINT('Ctrl Pts',(12.8181165334426,-56.4791258939193,6.37582336301876));
#3056=CARTESIAN_POINT('Ctrl Pts',(12.4761983860436,-56.7853226274138,6.25994195608458));
#3057=CARTESIAN_POINT('Ctrl Pts',(12.1427794018783,-57.2760646376111,6.22452881683412));
#3058=CARTESIAN_POINT('Ctrl Pts',(12.065146826474,-57.4121940459737,6.22495645432043));
#3059=CARTESIAN_POINT('Ctrl Pts',(12.,-57.554356076261,6.24006981555407));
#3060=CARTESIAN_POINT('',(18.5,-58.4414971068012,6.5289046903331));
#3061=CARTESIAN_POINT('',(12.,-58.4414971068012,6.5289046903331));
#3062=CARTESIAN_POINT('Origin',(18.5,-57.3164971068012,8.47746184884809));
#3063=CARTESIAN_POINT('Origin',(-11.375,-57.3164971068012,8.47746184884809));
#3064=CARTESIAN_POINT('',(-11.7751319649808,-58.3290630892885,6.72364612115699));
#3065=CARTESIAN_POINT('Ctrl Pts',(-12.,-57.554356076261,10.7148538821421));
#3066=CARTESIAN_POINT('Ctrl Pts',(-11.9850630095781,-57.5869512616244,10.6963674993207));
#3067=CARTESIAN_POINT('Ctrl Pts',(-11.97112767836,-57.6190584521467,10.6781389349343));
#3068=CARTESIAN_POINT('Ctrl Pts',(-11.9074964754901,-57.7731071228447,10.5902249903908));
#3069=CARTESIAN_POINT('Ctrl Pts',(-11.8589095321272,-57.9231400178966,10.5023744198451));
#3070=CARTESIAN_POINT('Ctrl Pts',(-11.7937861408156,-58.1897390294308,10.3326599636999));
#3071=CARTESIAN_POINT('Ctrl Pts',(-11.7681280110928,-58.3575943885349,10.2148210470807));
#3072=CARTESIAN_POINT('Ctrl Pts',(-11.739432728141,-58.7338396113016,9.90815759519563));
#3073=CARTESIAN_POINT('Ctrl Pts',(-11.7579574125191,-58.9702662414998,9.66177509639313));
#3074=CARTESIAN_POINT('Ctrl Pts',(-11.7990100579891,-59.2239188469215,9.24335876288844));
#3075=CARTESIAN_POINT('Ctrl Pts',(-11.814094162237,-59.2921928899193,9.09577756758491));
#3076=CARTESIAN_POINT('Ctrl Pts',(-11.8362855689318,-59.3851336068351,8.79136300206305));
#3077=CARTESIAN_POINT('Ctrl Pts',(-11.8431374021882,-59.4096345089894,8.63446047685725));
#3078=CARTESIAN_POINT('Ctrl Pts',(-11.8431374021882,-59.4096345089894,8.32046322083892));
#3079=CARTESIAN_POINT('Ctrl Pts',(-11.8362855689318,-59.3851336068351,8.16356069563312));
#3080=CARTESIAN_POINT('Ctrl Pts',(-11.814094162237,-59.2921928899193,7.85914613011126));
#3081=CARTESIAN_POINT('Ctrl Pts',(-11.7990100579891,-59.2239188469215,7.71156493480773));
#3082=CARTESIAN_POINT('Ctrl Pts',(-11.7579574125191,-58.9702662414998,7.29314860130304));
#3083=CARTESIAN_POINT('Ctrl Pts',(-11.739432728141,-58.7338396113016,7.04676610250054));
#3084=CARTESIAN_POINT('Ctrl Pts',(-11.761790372246,-58.4406918907878,6.80783232621509));
#3085=CARTESIAN_POINT('Ctrl Pts',(-11.7674103310328,-58.3857854938651,6.76531099158504));
#3086=CARTESIAN_POINT('Ctrl Pts',(-11.7751319649808,-58.3290630892853,6.72364612115516));
#3087=CARTESIAN_POINT('Ctrl Pts',(-11.7751319649808,-58.3290630892853,6.72364612115517));
#3088=CARTESIAN_POINT('Ctrl Pts',(-11.7879189475643,-58.2351311048974,6.6546493290104));
#3089=CARTESIAN_POINT('Ctrl Pts',(-11.8068742796976,-58.136159435087,6.58815546156787));
#3090=CARTESIAN_POINT('Ctrl Pts',(-11.8589095321272,-57.9231400178966,6.45254927785111));
#3091=CARTESIAN_POINT('Ctrl Pts',(-11.9074964754901,-57.7731071228447,6.36469870730542));
#3092=CARTESIAN_POINT('Ctrl Pts',(-11.97112767836,-57.6190584521467,6.27678476276183));
#3093=CARTESIAN_POINT('Ctrl Pts',(-11.9850630095781,-57.5869512616244,6.25855619837548));
#3094=CARTESIAN_POINT('Ctrl Pts',(-12.,-57.5543560762611,6.24006981555407));
#3095=CARTESIAN_POINT('',(-10.75,-57.8164971068012,7.61143644506365));
#3096=CARTESIAN_POINT('',(-11.375,-58.1289971068012,7.07017056769837));
#3097=CARTESIAN_POINT('Origin',(-10.75,-57.3164971068012,8.47746184884809));
#3098=CARTESIAN_POINT('Origin',(-9.99999999999999,-57.3164971068012,8.47746184884809));
#3099=CARTESIAN_POINT('',(-9.99999999999999,-57.8164971068012,7.61143644506365));
#3100=CARTESIAN_POINT('Origin',(-9.99999999999986,-57.3164971068012,8.47746184884809));
#3101=CARTESIAN_POINT('',(-9.99999999999999,-57.8164971068012,7.61143644506365));
#3102=CARTESIAN_POINT('Origin',(-11.375,-54.3164971068012,13.6736142715547));
#3103=CARTESIAN_POINT('',(-12.,-55.4414971068012,11.7250571130397));
#3104=CARTESIAN_POINT('Origin',(-12.,-54.3164971068012,13.6736142715547));
#3105=CARTESIAN_POINT('',(-10.75,-54.8164971068012,12.8075888677703));
#3106=CARTESIAN_POINT('',(-11.375,-55.1289971068012,12.266322990405));
#3107=CARTESIAN_POINT('Origin',(-10.75,-54.3164971068012,13.6736142715547));
#3108=CARTESIAN_POINT('Origin',(-9.99999999999999,-54.3164971068012,13.6736142715547));
#3109=CARTESIAN_POINT('',(-9.99999999999999,-54.8164971068012,12.8075888677703));
#3110=CARTESIAN_POINT('Origin',(-9.99999999999986,-54.3164971068012,13.6736142715547));
#3111=CARTESIAN_POINT('',(-9.99999999999999,-54.8164971068012,12.8075888677703));
#3112=CARTESIAN_POINT('Origin',(11.375,-57.3164971068012,8.47746184884809));
#3113=CARTESIAN_POINT('',(10.75,-57.8164971068012,7.61143644506365));
#3114=CARTESIAN_POINT('Origin',(10.75,-57.3164971068012,8.47746184884809));
#3115=CARTESIAN_POINT('',(11.7751319649808,-58.3290630892884,6.723646121157));
#3116=CARTESIAN_POINT('',(11.375,-58.1289971068012,7.07017056769837));
#3117=CARTESIAN_POINT('Ctrl Pts',(12.,-57.554356076261,6.24006981555407));
#3118=CARTESIAN_POINT('Ctrl Pts',(11.9850630095781,-57.5869512616244,6.25855619837549));
#3119=CARTESIAN_POINT('Ctrl Pts',(11.97112767836,-57.6190584521467,6.27678476276184));
#3120=CARTESIAN_POINT('Ctrl Pts',(11.9074964754901,-57.7731071228447,6.36469870730543));
#3121=CARTESIAN_POINT('Ctrl Pts',(11.8589095321272,-57.9231400178966,6.45254927785112));
#3122=CARTESIAN_POINT('Ctrl Pts',(11.8068742796976,-58.136159435087,6.58815546156788));
#3123=CARTESIAN_POINT('Ctrl Pts',(11.7879189475643,-58.2351311048974,6.6546493290104));
#3124=CARTESIAN_POINT('Ctrl Pts',(11.7751319649808,-58.3290630892853,6.72364612115517));
#3125=CARTESIAN_POINT('',(11.75,-58.6999999955583,9.92173321153961));
#3126=CARTESIAN_POINT('Ctrl Pts',(11.75,-58.6999999911167,9.92173321153961));
#3127=CARTESIAN_POINT('Ctrl Pts',(11.7500000002202,-58.6318278417672,9.98703698209944));
#3128=CARTESIAN_POINT('Ctrl Pts',(11.7525726866705,-58.5615518303316,10.0485829413073));
#3129=CARTESIAN_POINT('Ctrl Pts',(11.7681280110928,-58.3575943885349,10.2148210470807));
#3130=CARTESIAN_POINT('Ctrl Pts',(11.7937861408156,-58.1897390294308,10.3326599636999));
#3131=CARTESIAN_POINT('Ctrl Pts',(11.8589095321272,-57.9231400178966,10.5023744198451));
#3132=CARTESIAN_POINT('Ctrl Pts',(11.9074964754901,-57.7731071228447,10.5902249903907));
#3133=CARTESIAN_POINT('Ctrl Pts',(11.97112767836,-57.6190584521467,10.6781389349343));
#3134=CARTESIAN_POINT('Ctrl Pts',(11.9850630095781,-57.5869512616244,10.6963674993207));
#3135=CARTESIAN_POINT('Ctrl Pts',(12.,-57.554356076261,10.7148538821421));
#3136=CARTESIAN_POINT('',(11.75,-58.6999999955583,7.03319048615656));
#3137=CARTESIAN_POINT('Ctrl Pts',(11.75,-58.6999999911167,7.03319048615656));
#3138=CARTESIAN_POINT('Ctrl Pts',(11.7499999994632,-58.866174419531,7.19237303870392));
#3139=CARTESIAN_POINT('Ctrl Pts',(11.7659189741368,-59.0194584634492,7.37429434435908));
#3140=CARTESIAN_POINT('Ctrl Pts',(11.7990100579891,-59.2239188469215,7.71156493480773));
#3141=CARTESIAN_POINT('Ctrl Pts',(11.814094162237,-59.2921928899193,7.85914613011126));
#3142=CARTESIAN_POINT('Ctrl Pts',(11.8362855689318,-59.3851336068351,8.16356069563313));
#3143=CARTESIAN_POINT('Ctrl Pts',(11.8431374021882,-59.4096345089894,8.32046322083892));
#3144=CARTESIAN_POINT('Ctrl Pts',(11.8431374021882,-59.4096345089894,8.63446047685725));
#3145=CARTESIAN_POINT('Ctrl Pts',(11.8362855689318,-59.3851336068351,8.79136300206304));
#3146=CARTESIAN_POINT('Ctrl Pts',(11.814094162237,-59.2921928899193,9.09577756758491));
#3147=CARTESIAN_POINT('Ctrl Pts',(11.7990100579891,-59.2239188469215,9.24335876288845));
#3148=CARTESIAN_POINT('Ctrl Pts',(11.7659189741368,-59.0194584634492,9.58062935333709));
#3149=CARTESIAN_POINT('Ctrl Pts',(11.7499999994632,-58.866174419531,9.76255065899225));
#3150=CARTESIAN_POINT('Ctrl Pts',(11.75,-58.6999999911167,9.92173321153961));
#3151=CARTESIAN_POINT('Ctrl Pts',(11.7751319649808,-58.3290630892853,6.72364612115517));
#3152=CARTESIAN_POINT('Ctrl Pts',(11.7674103310328,-58.385785493865,6.76531099158506));
#3153=CARTESIAN_POINT('Ctrl Pts',(11.761790372246,-58.4406918907878,6.8078323262151));
#3154=CARTESIAN_POINT('Ctrl Pts',(11.7525726866705,-58.5615518303316,6.90634075638887));
#3155=CARTESIAN_POINT('Ctrl Pts',(11.7500000002202,-58.6318278417672,6.96788671559673));
#3156=CARTESIAN_POINT('Ctrl Pts',(11.75,-58.6999999911167,7.03319048615656));
#3157=CARTESIAN_POINT('Origin',(10.,-57.3164971068012,8.47746184884809));
#3158=CARTESIAN_POINT('',(10.,-57.8164971068012,7.61143644506365));
#3159=CARTESIAN_POINT('Origin',(10.0000000000001,-57.3164971068012,8.47746184884809));
#3160=CARTESIAN_POINT('',(10.,-57.8164971068012,7.61143644506365));
#3161=CARTESIAN_POINT('Origin',(11.375,-54.3164971068012,13.6736142715547));
#3162=CARTESIAN_POINT('',(10.75,-54.8164971068012,12.8075888677703));
#3163=CARTESIAN_POINT('Origin',(10.75,-54.3164971068012,13.6736142715547));
#3164=CARTESIAN_POINT('',(12.,-55.4414971068012,11.7250571130397));
#3165=CARTESIAN_POINT('',(11.375,-55.1289971068012,12.266322990405));
#3166=CARTESIAN_POINT('Origin',(12.,-54.3164971068012,13.6736142715547));
#3167=CARTESIAN_POINT('Origin',(10.,-54.3164971068012,13.6736142715547));
#3168=CARTESIAN_POINT('',(10.,-54.8164971068012,12.8075888677703));
#3169=CARTESIAN_POINT('Origin',(10.0000000000001,-54.3164971068012,13.6736142715547));
#3170=CARTESIAN_POINT('',(10.,-54.8164971068012,12.8075888677703));
#3171=CARTESIAN_POINT('Origin',(-12.,-54.3164971068012,13.6736142715547));
#3172=CARTESIAN_POINT('',(-18.5,-55.4414971068012,11.7250571130397));
#3173=CARTESIAN_POINT('',(-12.,-55.4414971068012,11.7250571130397));
#3174=CARTESIAN_POINT('',(-18.5,-52.45,14.9300730055777));
#3175=CARTESIAN_POINT('Origin',(-18.5,-54.3164971068012,13.6736142715547));
#3176=CARTESIAN_POINT('',(-18.5,-52.45,12.4171555375317));
#3177=CARTESIAN_POINT('Origin',(-20.3664971068012,-54.3164971068012,13.6736142715547));
#3178=CARTESIAN_POINT('Origin',(-18.5,-54.3164971068012,13.6736142715547));
#3179=CARTESIAN_POINT('',(-14.5,-55.95,12.126304251581));
#3180=CARTESIAN_POINT('Ctrl Pts',(-14.5,-55.95,12.126304251581));
#3181=CARTESIAN_POINT('Ctrl Pts',(-14.708801655779,-55.95,12.126304251581));
#3182=CARTESIAN_POINT('Ctrl Pts',(-14.9331868769275,-55.9758710545612,12.1521325138466));
#3183=CARTESIAN_POINT('Ctrl Pts',(-15.3504203148153,-56.0760122136025,12.2691435975072));
#3184=CARTESIAN_POINT('Ctrl Pts',(-15.5430624463621,-56.1497294198887,12.3615306119822));
#3185=CARTESIAN_POINT('Ctrl Pts',(-15.8237090321437,-56.2854593639266,12.5786328247061));
#3186=CARTESIAN_POINT('Ctrl Pts',(-15.9495295964573,-56.3610083225639,12.7222066732729));
#3187=CARTESIAN_POINT('Ctrl Pts',(-16.0953465279511,-56.4586954175795,12.9750581412376));
#3188=CARTESIAN_POINT('Ctrl Pts',(-16.1492569798726,-56.4990008463102,13.1082485158596));
#3189=CARTESIAN_POINT('Ctrl Pts',(-16.2189965349679,-56.5530262628126,13.3891869534299));
#3190=CARTESIAN_POINT('Ctrl Pts',(-16.2351269131428,-56.5664971068012,13.5369080030575));
#3191=CARTESIAN_POINT('Ctrl Pts',(-16.2351269131428,-56.5664971068012,13.8103205400519));
#3192=CARTESIAN_POINT('Ctrl Pts',(-16.2189965349679,-56.5530262628126,13.9580415896795));
#3193=CARTESIAN_POINT('Ctrl Pts',(-16.1492569798726,-56.4990008463102,14.2389800272499));
#3194=CARTESIAN_POINT('Ctrl Pts',(-16.0953465279512,-56.4586954175795,14.3721704018718));
#3195=CARTESIAN_POINT('Ctrl Pts',(-15.9495295964573,-56.3610083225639,14.6250218698365));
#3196=CARTESIAN_POINT('Ctrl Pts',(-15.8237090321437,-56.2854593639266,14.7685957184033));
#3197=CARTESIAN_POINT('Ctrl Pts',(-15.5430624463621,-56.1497294198887,14.9856979311272));
#3198=CARTESIAN_POINT('Ctrl Pts',(-15.3504203148153,-56.0760122136025,15.0780849456022));
#3199=CARTESIAN_POINT('Ctrl Pts',(-14.9331868769275,-55.9758710545612,15.1950960292629));
#3200=CARTESIAN_POINT('Ctrl Pts',(-14.708801655779,-55.95,15.2209242915285));
#3201=CARTESIAN_POINT('Ctrl Pts',(-14.291198344221,-55.95,15.2209242915285));
#3202=CARTESIAN_POINT('Ctrl Pts',(-14.0668131230725,-55.9758710545612,15.1950960292629));
#3203=CARTESIAN_POINT('Ctrl Pts',(-13.6495796851847,-56.0760122136025,15.0780849456022));
#3204=CARTESIAN_POINT('Ctrl Pts',(-13.4569375536379,-56.1497294198887,14.9856979311272));
#3205=CARTESIAN_POINT('Ctrl Pts',(-13.1762909678563,-56.2854593639266,14.7685957184033));
#3206=CARTESIAN_POINT('Ctrl Pts',(-13.0504704035427,-56.3610083225639,14.6250218698365));
#3207=CARTESIAN_POINT('Ctrl Pts',(-12.9046534720488,-56.4586954175795,14.3721704018718));
#3208=CARTESIAN_POINT('Ctrl Pts',(-12.8507430201274,-56.4990008463102,14.2389800272499));
#3209=CARTESIAN_POINT('Ctrl Pts',(-12.7810034650321,-56.5530262628126,13.9580415896795));
#3210=CARTESIAN_POINT('Ctrl Pts',(-12.7648730868572,-56.5664971068012,13.8103205400519));
#3211=CARTESIAN_POINT('Ctrl Pts',(-12.7648730868572,-56.5664971068012,13.5369080030575));
#3212=CARTESIAN_POINT('Ctrl Pts',(-12.7810034650321,-56.5530262628126,13.3891869534299));
#3213=CARTESIAN_POINT('Ctrl Pts',(-12.8507430201274,-56.4990008463102,13.1082485158596));
#3214=CARTESIAN_POINT('Ctrl Pts',(-12.9046534720489,-56.4586954175795,12.9750581412376));
#3215=CARTESIAN_POINT('Ctrl Pts',(-13.0504704035427,-56.3610083225639,12.7222066732729));
#3216=CARTESIAN_POINT('Ctrl Pts',(-13.1762909678563,-56.2854593639266,12.5786328247061));
#3217=CARTESIAN_POINT('Ctrl Pts',(-13.4569375536379,-56.1497294198887,12.3615306119822));
#3218=CARTESIAN_POINT('Ctrl Pts',(-13.6495796851847,-56.0760122136025,12.2691435975072));
#3219=CARTESIAN_POINT('Ctrl Pts',(-14.0668131230725,-55.9758710545612,12.1521325138466));
#3220=CARTESIAN_POINT('Ctrl Pts',(-14.291198344221,-55.95,12.126304251581));
#3221=CARTESIAN_POINT('Ctrl Pts',(-14.5,-55.95,12.126304251581));
#3222=CARTESIAN_POINT('Origin',(12.,-54.3164971068012,13.6736142715547));
#3223=CARTESIAN_POINT('',(18.5,-55.4414971068012,11.7250571130397));
#3224=CARTESIAN_POINT('',(12.,-55.4414971068012,11.7250571130397));
#3225=CARTESIAN_POINT('',(18.5,-52.45,12.4171555375317));
#3226=CARTESIAN_POINT('Origin',(18.5,-54.3164971068012,13.6736142715547));
#3227=CARTESIAN_POINT('',(18.5,-52.45,14.9300730055777));
#3228=CARTESIAN_POINT('Origin',(20.3664971068012,-54.3164971068012,13.6736142715547));
#3229=CARTESIAN_POINT('Origin',(18.5,-54.3164971068012,13.6736142715547));
#3230=CARTESIAN_POINT('',(14.5,-55.95,12.126304251581));
#3231=CARTESIAN_POINT('Ctrl Pts',(14.5,-55.95,12.126304251581));
#3232=CARTESIAN_POINT('Ctrl Pts',(14.291198344221,-55.95,12.126304251581));
#3233=CARTESIAN_POINT('Ctrl Pts',(14.0668131230725,-55.9758710545612,12.1521325138466));
#3234=CARTESIAN_POINT('Ctrl Pts',(13.6495796851847,-56.0760122136025,12.2691435975073));
#3235=CARTESIAN_POINT('Ctrl Pts',(13.4569375536379,-56.1497294198887,12.3615306119822));
#3236=CARTESIAN_POINT('Ctrl Pts',(13.1762909678563,-56.2854593639266,12.5786328247061));
#3237=CARTESIAN_POINT('Ctrl Pts',(13.0504704035427,-56.3610083225639,12.7222066732729));
#3238=CARTESIAN_POINT('Ctrl Pts',(12.9046534720488,-56.4586954175795,12.9750581412376));
#3239=CARTESIAN_POINT('Ctrl Pts',(12.8507430201274,-56.4990008463102,13.1082485158596));
#3240=CARTESIAN_POINT('Ctrl Pts',(12.7810034650321,-56.5530262628126,13.3891869534299));
#3241=CARTESIAN_POINT('Ctrl Pts',(12.7648730868572,-56.5664971068012,13.5369080030575));
#3242=CARTESIAN_POINT('Ctrl Pts',(12.7648730868572,-56.5664971068012,13.8103205400519));
#3243=CARTESIAN_POINT('Ctrl Pts',(12.7810034650321,-56.5530262628126,13.9580415896795));
#3244=CARTESIAN_POINT('Ctrl Pts',(12.8507430201274,-56.4990008463102,14.2389800272499));
#3245=CARTESIAN_POINT('Ctrl Pts',(12.9046534720488,-56.4586954175795,14.3721704018718));
#3246=CARTESIAN_POINT('Ctrl Pts',(13.0504704035427,-56.3610083225639,14.6250218698365));
#3247=CARTESIAN_POINT('Ctrl Pts',(13.1762909678563,-56.2854593639266,14.7685957184033));
#3248=CARTESIAN_POINT('Ctrl Pts',(13.4569375536379,-56.1497294198887,14.9856979311272));
#3249=CARTESIAN_POINT('Ctrl Pts',(13.6495796851847,-56.0760122136025,15.0780849456022));
#3250=CARTESIAN_POINT('Ctrl Pts',(14.0668131230725,-55.9758710545612,15.1950960292629));
#3251=CARTESIAN_POINT('Ctrl Pts',(14.291198344221,-55.95,15.2209242915285));
#3252=CARTESIAN_POINT('Ctrl Pts',(14.708801655779,-55.95,15.2209242915285));
#3253=CARTESIAN_POINT('Ctrl Pts',(14.9331868769275,-55.9758710545612,15.1950960292629));
#3254=CARTESIAN_POINT('Ctrl Pts',(15.3504203148153,-56.0760122136025,15.0780849456022));
#3255=CARTESIAN_POINT('Ctrl Pts',(15.5430624463621,-56.1497294198887,14.9856979311272));
#3256=CARTESIAN_POINT('Ctrl Pts',(15.8237090321437,-56.2854593639266,14.7685957184033));
#3257=CARTESIAN_POINT('Ctrl Pts',(15.9495295964573,-56.3610083225639,14.6250218698365));
#3258=CARTESIAN_POINT('Ctrl Pts',(16.0953465279512,-56.4586954175795,14.3721704018718));
#3259=CARTESIAN_POINT('Ctrl Pts',(16.1492569798726,-56.4990008463102,14.2389800272499));
#3260=CARTESIAN_POINT('Ctrl Pts',(16.2189965349679,-56.5530262628126,13.9580415896795));
#3261=CARTESIAN_POINT('Ctrl Pts',(16.2351269131428,-56.5664971068012,13.8103205400519));
#3262=CARTESIAN_POINT('Ctrl Pts',(16.2351269131428,-56.5664971068012,13.5369080030575));
#3263=CARTESIAN_POINT('Ctrl Pts',(16.2189965349679,-56.5530262628126,13.3891869534299));
#3264=CARTESIAN_POINT('Ctrl Pts',(16.1492569798726,-56.4990008463102,13.1082485158596));
#3265=CARTESIAN_POINT('Ctrl Pts',(16.0953465279512,-56.4586954175795,12.9750581412376));
#3266=CARTESIAN_POINT('Ctrl Pts',(15.9495295964573,-56.3610083225639,12.7222066732729));
#3267=CARTESIAN_POINT('Ctrl Pts',(15.8237090321437,-56.2854593639266,12.5786328247061));
#3268=CARTESIAN_POINT('Ctrl Pts',(15.5430624463621,-56.1497294198887,12.3615306119822));
#3269=CARTESIAN_POINT('Ctrl Pts',(15.3504203148153,-56.0760122136025,12.2691435975073));
#3270=CARTESIAN_POINT('Ctrl Pts',(14.9331868769275,-55.9758710545612,12.1521325138466));
#3271=CARTESIAN_POINT('Ctrl Pts',(14.708801655779,-55.95,12.126304251581));
#3272=CARTESIAN_POINT('Ctrl Pts',(14.5,-55.95,12.126304251581));
#3273=CARTESIAN_POINT('Origin',(10.0000000000001,-52.95,30.));
#3274=CARTESIAN_POINT('',(10.0000000000004,-62.9271197418539,8.56100000000001));
#3275=CARTESIAN_POINT('',(10.0000000000003,-67.8072784920787,8.56100000000001));
#3276=CARTESIAN_POINT('',(10.0000000000003,-59.5992346949461,8.56100000000001));
#3277=CARTESIAN_POINT('',(10.,-60.0976802775362,25.0942867254299));
#3278=CARTESIAN_POINT('',(10.0000000000002,-58.519871689874,28.4779081609149));
#3279=CARTESIAN_POINT('',(10.0000000000003,-61.7036305634793,26.1389370036955));
#3280=CARTESIAN_POINT('',(10.0000000000002,-58.7692273223693,24.2301449388348));
#3281=CARTESIAN_POINT('',(10.0000000000003,-61.7036305634793,30.));
#3282=CARTESIAN_POINT('',(10.0000000000003,-61.7036305634793,30.));
#3283=CARTESIAN_POINT('',(10.0000000000001,-52.45,30.));
#3284=CARTESIAN_POINT('',(10.0000000000001,-52.3459662428247,30.));
#3285=CARTESIAN_POINT('',(10.0000000000003,-52.45,-1.03022947676699E-14));
#3286=CARTESIAN_POINT('',(10.0000000000001,-52.45,27.5));
#3287=CARTESIAN_POINT('',(10.0000000000003,-62.9271197418539,3.34894660985807E-15));
#3288=CARTESIAN_POINT('',(10.0000000000003,-66.3034049821804,7.7481026671245E-15));
#3289=CARTESIAN_POINT('',(10.0000000000004,-62.9271197418539,15.));
#3290=CARTESIAN_POINT('Origin',(-18.5,-67.8317377771457,13.75));
#3291=CARTESIAN_POINT('',(-18.5,-52.45,-1.03022947676699E-14));
#3292=CARTESIAN_POINT('',(-18.5,-52.45,19.375));
#3293=CARTESIAN_POINT('',(-18.5,-60.6396969619669,3.68532023590525E-16));
#3294=CARTESIAN_POINT('',(-18.5,-60.3568542494923,0.));
#3295=CARTESIAN_POINT('',(-18.5,-60.6396969619669,-0.606558154317351));
#3296=CARTESIAN_POINT('',(-18.5,-60.6396969619669,6.875));
#3297=CARTESIAN_POINT('',(-18.5,-61.7651504801059,-3.02010101267767));
#3298=CARTESIAN_POINT('',(-18.5,-62.6883925402678,-5.00000000000001));
#3299=CARTESIAN_POINT('',(-18.5,-72.7527388069532,-4.49859018393763));
#3300=CARTESIAN_POINT('',(-18.5,-63.7016922927272,-3.28068195314273));
#3301=CARTESIAN_POINT('',(-18.5,-75.0809769236773,-2.00186047807592));
#3302=CARTESIAN_POINT('',(-18.5,-79.2904122752751,2.51220627984935));
#3303=CARTESIAN_POINT('',(-18.5,-71.5902413437383,5.48404613077149));
#3304=CARTESIAN_POINT('',(-18.5,-72.3589596656303,3.83552436955171));
#3305=CARTESIAN_POINT('',(-18.5,-74.1675248508505,9.99598692426181));
#3306=CARTESIAN_POINT('',(-18.5,-73.3374851730233,8.54287170730201));
#3307=CARTESIAN_POINT('',(-18.5,-64.8755002232649,29.922798043661));
#3308=CARTESIAN_POINT('',(-18.5,-67.9314926052246,23.3692012315249));
#3309=CARTESIAN_POINT('',(-18.5,-60.3568542494872,32.5));
#3310=CARTESIAN_POINT('',(-18.5,-69.4708338059785,27.3018574415115));
#3311=CARTESIAN_POINT('',(-18.5,-60.3568542494872,30.));
#3312=CARTESIAN_POINT('',(-18.5,-60.3568542494872,21.875));
#3313=CARTESIAN_POINT('',(-18.5,-52.45,30.));
#3314=CARTESIAN_POINT('',(-18.5,-59.7868351313977,30.));
#3315=CARTESIAN_POINT('',(-18.5,-52.45,19.375));
#3316=CARTESIAN_POINT('',(-18.5,-63.1156229235534,-1.18379534730352));
#3317=CARTESIAN_POINT('',(-18.5,-61.6309947711074,2.00000000000001));
#3318=CARTESIAN_POINT('',(-18.5,-60.6767988533949,4.04627974905604));
#3319=CARTESIAN_POINT('',(-18.5,-60.95,6.00000000000001));
#3320=CARTESIAN_POINT('',(-18.5,-60.7462896230535,7.19654590953929));
#3321=CARTESIAN_POINT('',(-18.5,-60.95,28.));
#3322=CARTESIAN_POINT('',(-18.5,-60.95,9.87500000000001));
#3323=CARTESIAN_POINT('',(-18.5,-61.4274654355884,28.));
#3324=CARTESIAN_POINT('',(-18.5,-64.3908688885729,28.));
#3325=CARTESIAN_POINT('',(-18.5,-63.5880664021107,27.9513056165192));
#3326=CARTESIAN_POINT('',(-18.5,-64.7884735880592,27.9242515289067));
#3327=CARTESIAN_POINT('',(-18.5,-71.9173826569903,10.0890292648188));
#3328=CARTESIAN_POINT('',(-18.5,-66.6867472141484,21.3061631706548));
#3329=CARTESIAN_POINT('',(-18.5,-69.3400991498785,5.57708847132928));
#3330=CARTESIAN_POINT('',(-18.5,-72.2031851679007,10.5893715842804));
#3331=CARTESIAN_POINT('',(-18.5,-72.6982421157694,-1.62447235908365));
#3332=CARTESIAN_POINT('',(-18.5,-67.6401944418655,9.22254588186964));
#3333=CARTESIAN_POINT('',(-18.5,-71.9950028584125,-2.37860413433422));
#3334=CARTESIAN_POINT('',(-18.5,-75.400738805928,1.27360053038769));
#3335=CARTESIAN_POINT('',(-18.5,-68.8845572536547,-1.96006277588241));
#3336=CARTESIAN_POINT('Origin',(18.5,-67.8317377771457,13.75));
#3337=CARTESIAN_POINT('',(18.5,-52.45,30.));
#3338=CARTESIAN_POINT('',(18.5,-52.45,19.375));
#3339=CARTESIAN_POINT('',(18.5,-60.3568542494924,30.));
#3340=CARTESIAN_POINT('',(18.5,-59.7868351313977,30.));
#3341=CARTESIAN_POINT('',(18.5,-60.3568542494924,32.5));
#3342=CARTESIAN_POINT('',(18.5,-60.3568542494924,21.875));
#3343=CARTESIAN_POINT('',(18.5,-64.8755002232649,29.922798043661));
#3344=CARTESIAN_POINT('',(18.5,-69.4708338059785,27.3018574415115));
#3345=CARTESIAN_POINT('',(18.5,-74.1675248508505,9.99598692426181));
#3346=CARTESIAN_POINT('',(18.5,-67.9314926052246,23.3692012315249));
#3347=CARTESIAN_POINT('',(18.5,-71.5902413437383,5.48404613077149));
#3348=CARTESIAN_POINT('',(18.5,-73.3374851730233,8.54287170730201));
#3349=CARTESIAN_POINT('',(18.5,-75.0809769236773,-2.0018604780759));
#3350=CARTESIAN_POINT('',(18.5,-72.3589596656303,3.83552436955171));
#3351=CARTESIAN_POINT('',(18.5,-72.7527388069531,-4.49859018393763));
#3352=CARTESIAN_POINT('',(18.5,-79.2904122752751,2.51220627984937));
#3353=CARTESIAN_POINT('',(18.5,-61.7651504801059,-3.02010101267767));
#3354=CARTESIAN_POINT('',(18.5,-63.7016922927272,-3.28068195314273));
#3355=CARTESIAN_POINT('',(18.5,-60.6396969619669,-0.606558154317362));
#3356=CARTESIAN_POINT('',(18.5,-62.6883925402678,-5.00000000000001));
#3357=CARTESIAN_POINT('',(18.5,-60.6396969619669,3.68532023590526E-16));
#3358=CARTESIAN_POINT('',(18.5,-60.6396969619669,6.875));
#3359=CARTESIAN_POINT('',(18.5,-52.45,-1.03022947676699E-14));
#3360=CARTESIAN_POINT('',(18.5,-60.3568542494923,0.));
#3361=CARTESIAN_POINT('',(18.5,-52.45,19.375));
#3362=CARTESIAN_POINT('',(18.5,-60.95,28.));
#3363=CARTESIAN_POINT('',(18.5,-60.95,6.00000000000001));
#3364=CARTESIAN_POINT('',(18.5,-60.95,9.87500000000001));
#3365=CARTESIAN_POINT('',(18.5,-61.6309947711074,2.00000000000001));
#3366=CARTESIAN_POINT('',(18.5,-60.7462896230535,7.19654590953929));
#3367=CARTESIAN_POINT('',(18.5,-63.1156229235534,-1.18379534730352));
#3368=CARTESIAN_POINT('',(18.5,-60.6767988533949,4.04627974905604));
#3369=CARTESIAN_POINT('',(18.5,-71.9950028584125,-2.37860413433422));
#3370=CARTESIAN_POINT('',(18.5,-68.8845572536547,-1.96006277588241));
#3371=CARTESIAN_POINT('',(18.5,-72.6982421157694,-1.62447235908365));
#3372=CARTESIAN_POINT('',(18.5,-75.400738805928,1.27360053038769));
#3373=CARTESIAN_POINT('',(18.5,-69.3400991498785,5.57708847132928));
#3374=CARTESIAN_POINT('',(18.5,-67.6401944418655,9.22254588186964));
#3375=CARTESIAN_POINT('',(18.5,-71.9173826569903,10.0890292648188));
#3376=CARTESIAN_POINT('',(18.5,-72.2031851679007,10.5893715842804));
#3377=CARTESIAN_POINT('',(18.5,-63.5880664021107,27.9513056165192));
#3378=CARTESIAN_POINT('',(18.5,-66.6867472141484,21.3061631706548));
#3379=CARTESIAN_POINT('',(18.5,-61.4274654355884,28.));
#3380=CARTESIAN_POINT('',(18.5,-64.7884735880592,27.9242515289067));
#3381=CARTESIAN_POINT('',(18.5,-64.3908688885729,28.));
#3382=CARTESIAN_POINT('Origin',(-11.2500000000001,-51.2,27.5));
#3383=CARTESIAN_POINT('',(-10.0000000000001,-52.45,-1.11796908935505E-14));
#3384=CARTESIAN_POINT('',(-12.5000000000002,-49.95,-1.33226762955019E-14));
#3385=CARTESIAN_POINT('',(-6.14828643762693,-56.3017135623731,-4.44089209850063E-15));
#3386=CARTESIAN_POINT('',(-12.5000000000002,-49.95,2.));
#3387=CARTESIAN_POINT('',(-12.5000000000002,-49.95,27.5));
#3388=CARTESIAN_POINT('',(-11.5000000000001,-50.95,3.));
#3389=CARTESIAN_POINT('',(-4.75,-57.7,9.74999999999993));
#3390=CARTESIAN_POINT('',(-11.5000000000002,-50.95,27.));
#3391=CARTESIAN_POINT('',(-11.5000000000001,-50.95,16.75));
#3392=CARTESIAN_POINT('',(-12.5000000000002,-49.95,28.));
#3393=CARTESIAN_POINT('',(-8.58333333333338,-53.8666666666667,24.0833333333333));
#3394=CARTESIAN_POINT('',(-12.5000000000002,-49.95,30.));
#3395=CARTESIAN_POINT('',(-12.5000000000002,-49.95,26.25));
#3396=CARTESIAN_POINT('',(-10.0000000000001,-52.45,30.));
#3397=CARTESIAN_POINT('',(-8.30201687858762,-54.1479831214124,30.));
#3398=CARTESIAN_POINT('',(-10.0000000000001,-52.45,27.5));
#3399=CARTESIAN_POINT('Origin',(0.,-49.95,25.));
#3400=CARTESIAN_POINT('',(-16.,-49.95,-1.33226762955019E-14));
#3401=CARTESIAN_POINT('',(0.,-49.95,-1.33226762955019E-14));
#3402=CARTESIAN_POINT('',(-16.,-49.95,2.));
#3403=CARTESIAN_POINT('',(-16.,-49.95,22.1875));
#3404=CARTESIAN_POINT('',(0.,-49.95,2.));
#3405=CARTESIAN_POINT('Origin',(0.,-60.3568542494923,0.));
#3406=CARTESIAN_POINT('',(-9.99999999999982,-62.9271197418535,2.47155048397692E-15));
#3407=CARTESIAN_POINT('',(-9.99999999999987,-61.030242406486,0.));
#3408=CARTESIAN_POINT('',(-12.7,-65.3357000656915,6.48722432243607E-15));
#3409=CARTESIAN_POINT('',(-5.91161400052294,-59.2800063808926,-1.40308696887435E-15));
#3410=CARTESIAN_POINT('',(-12.7,-71.5264928953046,4.15843960767646E-15));
#3411=CARTESIAN_POINT('',(-12.7,-61.5062088191231,1.49756011623262E-15));
#3412=CARTESIAN_POINT('',(4.44089209850063E-15,-74.9294476391798,4.93583754506405E-15));
#3413=CARTESIAN_POINT('',(-6.82157417371086,-73.101612348225,1.66058777021497E-14));
#3414=CARTESIAN_POINT('',(12.7,-71.5264928953046,4.15843960767646E-15));
#3415=CARTESIAN_POINT('',(6.82157417371086,-73.101612348225,1.66058777021497E-14));
#3416=CARTESIAN_POINT('',(12.7,-65.3357000656915,6.48722432243606E-15));
#3417=CARTESIAN_POINT('',(12.7,-65.9416735723985,7.27678202648693E-15));
#3418=CARTESIAN_POINT('',(7.26161400052301,-60.4842965428116,1.66051887414924E-16));
#3419=CARTESIAN_POINT('',(12.5,-49.95,-1.33226762955019E-14));
#3420=CARTESIAN_POINT('',(6.148286437627,-56.3017135623732,-4.44089209850063E-15));
#3421=CARTESIAN_POINT('',(16.,-49.95,-1.33226762955019E-14));
#3422=CARTESIAN_POINT('',(0.,-49.95,-1.33226762955019E-14));
#3423=CARTESIAN_POINT('',(15.2267135623731,-49.1767135623731,-1.55431223447522E-14));
#3424=CARTESIAN_POINT('',(14.6999999999999,-64.439696961967,5.31977038993071E-15));
#3425=CARTESIAN_POINT('',(14.0164213562373,-65.1232756057296,6.2104442866171E-15));
#3426=CARTESIAN_POINT('',(14.7,-73.2682021073445,1.68229370723581E-14));
#3427=CARTESIAN_POINT('',(14.6999999999999,-62.3568542494923,2.60591492965269E-15));
#3428=CARTESIAN_POINT('',(7.2280144832367E-16,-77.207055236082,2.19550951593012E-14));
#3429=CARTESIAN_POINT('',(9.38215702783395,-74.6931138372119,1.86795364475074E-14));
#3430=CARTESIAN_POINT('',(-14.7,-73.2682021073445,1.68229370723581E-14));
#3431=CARTESIAN_POINT('',(-2.13215702783396,-76.6357454823376,2.12107028509318E-14));
#3432=CARTESIAN_POINT('',(-14.6999999999999,-64.439696961967,5.31977038993071E-15));
#3433=CARTESIAN_POINT('',(-14.7,-66.7357954796205,8.31148909348401E-15));
#3434=CARTESIAN_POINT('',(-12.0164213562373,-67.1232756057297,8.81635921626982E-15));
#3435=CARTESIAN_POINT('',(-15.2267135623731,-49.1767135623731,-1.55431223447522E-14));
#3436=CARTESIAN_POINT('',(11.75,-58.7,0.));
#3437=CARTESIAN_POINT('Origin',(14.5,-58.7,0.));
#3438=CARTESIAN_POINT('',(-17.25,-58.7,0.));
#3439=CARTESIAN_POINT('Origin',(-14.5,-58.7,0.));
#3440=CARTESIAN_POINT('Origin',(-9.99999999999986,-61.7036305634794,30.));
#3441=CARTESIAN_POINT('',(-9.99999999999986,-61.7036305634794,30.));
#3442=CARTESIAN_POINT('',(-9.99999999999999,-56.7227815245647,30.));
#3443=CARTESIAN_POINT('',(-9.99999999999986,-61.7036305634794,26.1389370036956));
#3444=CARTESIAN_POINT('',(-9.99999999999986,-61.7036305634794,30.));
#3445=CARTESIAN_POINT('',(-9.99999999999999,-60.0976802775362,25.0942867254299));
#3446=CARTESIAN_POINT('',(-9.99999999999985,-61.7830645742062,26.190607819496));
#3447=CARTESIAN_POINT('',(-9.99999999999991,-67.8072784920758,8.56100000000001));
#3448=CARTESIAN_POINT('',(-9.99999999999981,-63.4341978651305,17.9391016684289));
#3449=CARTESIAN_POINT('',(-9.99999999999982,-62.9271197418535,8.56100000000001));
#3450=CARTESIAN_POINT('',(-9.9999999999998,-63.9760499766858,8.56100000000001));
#3451=CARTESIAN_POINT('',(-9.99999999999982,-62.9271197418535,15.));
#3452=CARTESIAN_POINT('Origin',(-2.22044604925031E-15,-51.7419324856496,
30.));
#3453=CARTESIAN_POINT('',(-16.,-49.95,30.));
#3454=CARTESIAN_POINT('',(-1.11022302462516E-15,-49.95,30.));
#3455=CARTESIAN_POINT('',(-13.0729831214124,-47.0229831214124,30.));
#3456=CARTESIAN_POINT('',(-16.2989638415415,-62.5578904079455,30.));
#3457=CARTESIAN_POINT('',(-16.2989638415415,-62.5578904079455,30.));
#3458=CARTESIAN_POINT('',(3.33077132433952E-15,-63.9838649712993,30.));
#3459=CARTESIAN_POINT('',(3.33077132433952E-15,-63.9838649712993,30.));
#3460=CARTESIAN_POINT('',(16.2989638415474,-62.557890407945,30.));
#3461=CARTESIAN_POINT('',(3.33077132433952E-15,-63.9838649712993,30.));
#3462=CARTESIAN_POINT('',(16.2989638415474,-62.557890407945,30.));
#3463=CARTESIAN_POINT('',(16.,-49.95,30.));
#3464=CARTESIAN_POINT('',(13.0729831214124,-47.0229831214124,30.));
#3465=CARTESIAN_POINT('',(12.5,-49.95,30.));
#3466=CARTESIAN_POINT('',(-1.11022302462516E-15,-49.95,30.));
#3467=CARTESIAN_POINT('',(8.30201687858769,-54.1479831214124,30.));
#3468=CARTESIAN_POINT('',(-1.85268467234323E-13,-62.5785171987386,30.));
#3469=CARTESIAN_POINT('',(5.47043829689046,-62.0999158632426,30.));
#3470=CARTESIAN_POINT('',(-0.470438296890392,-62.5373591808723,30.));
#3471=CARTESIAN_POINT('',(-17.25,-58.7,30.));
#3472=CARTESIAN_POINT('Origin',(-14.5,-58.7,30.));
#3473=CARTESIAN_POINT('',(11.75,-58.7,30.));
#3474=CARTESIAN_POINT('Origin',(14.5,-58.7,30.));
#3475=CARTESIAN_POINT('Origin',(-17.25,-51.2,19.375));
#3476=CARTESIAN_POINT('',(-16.,-49.95,28.));
#3477=CARTESIAN_POINT('',(-16.,-49.95,19.375));
#3478=CARTESIAN_POINT('',(-17.,-50.95,27.));
#3479=CARTESIAN_POINT('',(-16.5208333333334,-50.4708333333334,27.4791666666667));
#3480=CARTESIAN_POINT('',(-17.,-50.95,3.));
#3481=CARTESIAN_POINT('',(-17.,-50.95,12.6875));
#3482=CARTESIAN_POINT('',(-17.6458333333333,-51.5958333333333,3.64583333333332));
#3483=CARTESIAN_POINT('Origin',(0.,-52.95,4.99999999999999));
#3484=CARTESIAN_POINT('',(0.,-50.95,3.));
#3485=CARTESIAN_POINT('Origin',(0.,-50.95,5.99999999999998));
#3486=CARTESIAN_POINT('',(0.,-50.95,27.));
#3487=CARTESIAN_POINT('Origin',(11.25,-51.2,27.5));
#3488=CARTESIAN_POINT('',(12.5,-49.95,28.));
#3489=CARTESIAN_POINT('',(12.5,-49.95,27.5));
#3490=CARTESIAN_POINT('',(11.5,-50.95,27.));
#3491=CARTESIAN_POINT('',(8.58333333333344,-53.8666666666667,24.0833333333333));
#3492=CARTESIAN_POINT('',(11.5,-50.95,3.));
#3493=CARTESIAN_POINT('',(11.5,-50.95,16.75));
#3494=CARTESIAN_POINT('',(12.5,-49.95,2.));
#3495=CARTESIAN_POINT('',(4.75000000000013,-57.7000000000001,9.75000000000004));
#3496=CARTESIAN_POINT('',(12.5,-49.95,26.25));
#3497=CARTESIAN_POINT('Origin',(0.,-49.95,25.));
#3498=CARTESIAN_POINT('',(16.,-49.95,28.));
#3499=CARTESIAN_POINT('',(16.,-49.95,19.375));
#3500=CARTESIAN_POINT('',(0.,-49.95,28.));
#3501=CARTESIAN_POINT('Origin',(17.25,-51.2,19.375));
#3502=CARTESIAN_POINT('',(16.,-49.95,2.));
#3503=CARTESIAN_POINT('',(16.,-49.95,22.1875));
#3504=CARTESIAN_POINT('',(17.,-50.95,3.));
#3505=CARTESIAN_POINT('',(17.6458333333333,-51.5958333333333,3.64583333333332));
#3506=CARTESIAN_POINT('',(17.,-50.95,27.));
#3507=CARTESIAN_POINT('',(17.,-50.95,12.6875));
#3508=CARTESIAN_POINT('',(16.5208333333334,-50.4708333333334,27.4791666666667));
#3509=CARTESIAN_POINT('Origin',(0.,-53.95,24.));
#3510=CARTESIAN_POINT('',(0.,-50.95,27.));
#3511=CARTESIAN_POINT('Origin',(0.,-50.95,5.99999999999998));
#3512=CARTESIAN_POINT('',(0.,-50.95,3.));
#3513=CARTESIAN_POINT('Origin',(0.,-52.95,4.99999999999999));
#3514=CARTESIAN_POINT('',(0.,-49.95,2.));
#3515=CARTESIAN_POINT('Origin',(0.,-49.95,25.));
#3516=CARTESIAN_POINT('Origin',(11.35,-68.8874811425984,7.21100000000001));
#3517=CARTESIAN_POINT('',(12.7,-65.3357000656915,5.86100000000001));
#3518=CARTESIAN_POINT('',(13.4043759843204,-65.9640504865871,5.15662401567958));
#3519=CARTESIAN_POINT('',(12.7,-71.5264928953046,5.86100000000001));
#3520=CARTESIAN_POINT('',(12.7,-68.8874811425984,5.86100000000001));
#3521=CARTESIAN_POINT('',(10.51748100242,-72.1112970981717,8.04351899758));
#3522=CARTESIAN_POINT('',(10.34849090173,-72.1565778591805,8.21250909827002));
#3523=CARTESIAN_POINT('',(9.51548974183421,-63.7774857919822,9.04551025816576));
#3524=CARTESIAN_POINT('Origin',(4.44089209850063E-15,-74.9294476391798,
4.93583754506405E-15));
#3525=CARTESIAN_POINT('',(10.5472024697368,-72.1033332550063,8.56100000000001));
#3526=CARTESIAN_POINT('',(10.7611477473516,-72.046006790645,12.2860050794237));
#3527=CARTESIAN_POINT('',(12.7,-71.5264928953046,4.15843960767646E-15));
#3528=CARTESIAN_POINT('',(-6.01635700066232E-15,-74.9294476391798,7.53769663860874));
#3529=CARTESIAN_POINT('',(4.44089209850063E-15,-74.9294476391798,4.93583754506405E-15));
#3530=CARTESIAN_POINT('',(10.1198699457653,-72.217836659704,8.56100000000001));
#3531=CARTESIAN_POINT('',(10.0267256406514,-72.2427946010389,8.55158141250547));
#3532=CARTESIAN_POINT('',(9.99999999999986,-72.2499557148686,8.56100000000001));
#3533=CARTESIAN_POINT('Origin',(12.7,-71.5264928953046,4.15843960767646E-15));
#3534=CARTESIAN_POINT('',(12.7,-65.3357000656915,4.15843960767646E-15));
#3535=CARTESIAN_POINT('Origin',(-11.35,-64.452016389323,7.21100000000001));
#3536=CARTESIAN_POINT('',(-12.7,-71.5264928953046,5.86100000000001));
#3537=CARTESIAN_POINT('',(-10.51748100242,-72.1112970981717,8.04351899757999));
#3538=CARTESIAN_POINT('',(-13.22195008217,-71.3866367922978,5.33904991783001));
#3539=CARTESIAN_POINT('',(-12.7,-65.3357000656915,5.86100000000001));
#3540=CARTESIAN_POINT('',(-12.7,-64.452016389323,5.86100000000001));
#3541=CARTESIAN_POINT('',(-11.8296212874535,-64.5592641244594,6.73137871254644));
#3542=CARTESIAN_POINT('',(-9.86376158782983,-66.6741496272427,8.69723841217013));
#3543=CARTESIAN_POINT('Origin',(-8.66862493352244,-61.7394442645328,4.15843960767646E-15));
#3544=CARTESIAN_POINT('',(-12.7,-65.3357000656915,4.15843960767646E-15));
#3545=CARTESIAN_POINT('Origin',(-12.7,-62.6555633887538,4.15843960767646E-15));
#3546=CARTESIAN_POINT('',(-12.7,-71.5264928953046,4.15843960767646E-15));
#3547=CARTESIAN_POINT('Origin',(11.3686249335226,-64.1480245883708,4.15843960767646E-15));
#3548=CARTESIAN_POINT('Origin',(11.3499999999999,-66.2484693898922,8.56100000000001));
#3549=CARTESIAN_POINT('',(10.5303524556718,-71.9710447746301,8.56100000000001));
#3550=CARTESIAN_POINT('',(9.42992641159705,-63.3316639067533,8.56100000000001));
#3551=CARTESIAN_POINT('',(12.6968189272425,-70.6685134083355,8.56100000000001));
#3552=CARTESIAN_POINT('Origin',(-11.3499999999999,-66.2484693898922,8.56100000000001));
#3553=CARTESIAN_POINT('',(-10.5472024697368,-72.1033332550063,8.56100000000001));
#3554=CARTESIAN_POINT('',(-10.5303524556717,-71.97104477463,8.56100000000001));
#3555=CARTESIAN_POINT('',(-9.94790543402957,-67.3982870846224,8.56100000000001));
#3556=CARTESIAN_POINT('',(-10.1198699457652,-72.217836659704,8.56100000000001));
#3557=CARTESIAN_POINT('',(-8.85978068904545,-72.9754324050092,8.56100000000001));
#3558=CARTESIAN_POINT('',(-9.99999999999985,-72.2499557148686,8.56100000000001));
#3559=CARTESIAN_POINT('Origin',(10.,-68.3628799793038,7.36950876559561));
#3560=CARTESIAN_POINT('',(-4.3545247035138E-15,-76.8705551879524,8.12664435886018));
#3561=CARTESIAN_POINT('',(-1.11022302462516E-14,-68.9888801306212,5.73528043896147));
#3562=CARTESIAN_POINT('',(10.9925389371891,-75.1154536929866,9.59934937596471));
#3563=CARTESIAN_POINT('',(9.43588680752335,-75.3639934066532,9.39079979389415));
#3564=CARTESIAN_POINT('',(9.84321066204616,-67.2961897746342,7.01726542284829));
#3565=CARTESIAN_POINT('Origin',(-8.55942333083584E-15,-69.1080700001538,
5.77144360878823));
#3566=CARTESIAN_POINT('',(-5.23880553351744,-73.5257139271701,8.06743539423048));
#3567=CARTESIAN_POINT('',(-10.9925389371891,-75.1154536929866,9.59934937596472));
#3568=CARTESIAN_POINT('',(-9.91859333273474,-67.8090432471645,7.1866203308739));
#3569=CARTESIAN_POINT('',(1.90467237045255,-77.1746608494291,7.87146941047622));
#3570=CARTESIAN_POINT('Origin',(-10.,-68.3628799793038,7.36950876559562));
#3571=CARTESIAN_POINT('',(-10.9967766209003,-66.1463080028007,28.9050917138553));
#3572=CARTESIAN_POINT('',(-9.83209780952582,-59.078818254551,24.4523750958728));
#3573=CARTESIAN_POINT('',(-10.9023829138667,-66.1463080028007,27.3158415895386));
#3574=CARTESIAN_POINT('',(-10.1647701593829,-66.1463080028007,14.8970988724553));
#3575=CARTESIAN_POINT('',(-10.9023829138667,-73.9526726954448,10.575038482142));
#3576=CARTESIAN_POINT('',(-10.9023829138667,-73.1723359289164,12.2484760782901));
#3577=CARTESIAN_POINT('',(-10.66586654933,-70.9022194461079,13.1346726785841));
#3578=CARTESIAN_POINT('',(-10.2679064967632,-72.1781703854138,3.69817278741501));
#3579=CARTESIAN_POINT('Origin',(10.,-60.0976802775362,25.0942867254299));
#3580=CARTESIAN_POINT('',(10.9023829138667,-73.9526726954448,10.575038482142));
#3581=CARTESIAN_POINT('',(10.1647701593829,-64.4393638464988,18.5576524285681));
#3582=CARTESIAN_POINT('',(10.9023829138668,-66.1463080028007,27.3158415895387));
#3583=CARTESIAN_POINT('',(10.9023829138668,-66.9266447693291,25.6424039933905));
#3584=CARTESIAN_POINT('',(10.9967766209003,-66.1463080028007,28.9050917138553));
#3585=CARTESIAN_POINT('',(10.66586654933,-66.1463080028007,23.3337576820869));
#3586=CARTESIAN_POINT('',(9.91367493359367,-59.5738435631688,24.7642549140996));
#3587=CARTESIAN_POINT('Origin',(-9.99999999999999,-60.0976802775362,25.0942867254299));
#3588=CARTESIAN_POINT('',(8.4950934645463E-15,-62.5785171987386,27.9495472816255));
#3589=CARTESIAN_POINT('',(-4.98000399597571,-62.1428233047769,27.0478626397009));
#3590=CARTESIAN_POINT('',(1.99693440354406E-14,-66.1463080028007,30.270349917224));
#3591=CARTESIAN_POINT('',(-1.11022302462516E-15,-59.591850694601,26.0067586274912));
#3592=CARTESIAN_POINT('',(-8.98959654649111,-66.1463080028007,29.1542846507216));
#3593=CARTESIAN_POINT('Origin',(-2.58407307446544E-15,-59.6534905854405,
26.0468545941481));
#3594=CARTESIAN_POINT('',(4.95257865810041,-62.1452227109344,27.0528282995642));
#3595=CARTESIAN_POINT('',(-2.55821003504305,-66.1463080028007,30.5879536439056));
#3596=CARTESIAN_POINT('Origin',(-9.99999999999985,-72.2499557148686,4.93583754506405E-15));
#3597=CARTESIAN_POINT('Origin',(-6.66666666666667,-66.1463080028007,22.6422458113874));
#3598=CARTESIAN_POINT('',(15.0507037645421,-66.1463080028007,28.5210657841501));
#3599=CARTESIAN_POINT('',(-0.509770404986575,-66.1463080028007,24.0002341937755));
#3600=CARTESIAN_POINT('',(4.68102048292837,-66.1463080028007,32.5));
#3601=CARTESIAN_POINT('',(4.79613046279259,-66.1463080028007,32.4558313378501));
#3602=CARTESIAN_POINT('',(-4.68102048292837,-66.1463080028007,32.5));
#3603=CARTESIAN_POINT('',(-3.33333333333333,-66.1463080028007,32.5));
#3604=CARTESIAN_POINT('',(-15.0507037645421,-66.1463080028007,28.5210657841501));
#3605=CARTESIAN_POINT('',(-10.6072183960406,-66.1463080028007,30.2260682890682));
#3606=CARTESIAN_POINT('',(-4.42388728986356,-66.1463080028007,25.4336246753233));
#3607=CARTESIAN_POINT('Origin',(6.2636234099356,-67.4201950825225,23.2362691122864));
#3608=CARTESIAN_POINT('',(15.0507037645469,-74.8759279924405,9.80033530295038));
#3609=CARTESIAN_POINT('',(4.42388728986355,-72.5108108875656,11.784904193342));
#3610=CARTESIAN_POINT('',(15.0507037645434,-68.4182291636638,23.6489151318276));
#3611=CARTESIAN_POINT('Origin',(6.66666666666667,-70.3724906202077,13.5791679410209));
#3612=CARTESIAN_POINT('',(-15.0507037645469,-74.8759279924405,9.80033530295038));
#3613=CARTESIAN_POINT('',(0.509770404986562,-71.4127700743562,12.7062698347236));
#3614=CARTESIAN_POINT('',(0.,-79.2998966482868,6.08818483548996));
#3615=CARTESIAN_POINT('',(-6.28278826520899,-77.4531485631855,7.63779047257575));
#3616=CARTESIAN_POINT('',(12.0938761984566,-75.7450509701938,9.07105453286989));
#3617=CARTESIAN_POINT('Origin',(-6.26362340993561,-71.6463776999295,14.1731912419199));
#3618=CARTESIAN_POINT('',(-15.0507037645445,-70.5313204723674,19.1173761966444));
#3619=CARTESIAN_POINT('Origin',(0.,-52.95,32.5));
#3620=CARTESIAN_POINT('',(16.2411077985004,-64.0779060970795,32.5));
#3621=CARTESIAN_POINT('',(5.49809429718465,-66.00011213175,32.5));
#3622=CARTESIAN_POINT('',(16.6497190635618,-63.4048046087517,32.5));
#3623=CARTESIAN_POINT('',(16.2989638415474,-62.557890407945,32.5));
#3624=CARTESIAN_POINT('',(14.6261954831468,-64.2306587663456,32.5));
#3625=CARTESIAN_POINT('',(3.33077132433952E-15,-63.9838649712993,32.5));
#3626=CARTESIAN_POINT('',(0.479002636222265,-63.9419576708308,32.5));
#3627=CARTESIAN_POINT('',(-16.2989638415415,-62.5578904079455,32.5));
#3628=CARTESIAN_POINT('',(-8.62848455699303,-63.2289703891539,32.5));
#3629=CARTESIAN_POINT('',(-15.7267135623714,-63.1301406871156,32.5));
#3630=CARTESIAN_POINT('',(-16.2411077985004,-64.0779060970795,32.5));
#3631=CARTESIAN_POINT('',(-16.6497190635618,-63.4048046087517,32.5));
#3632=CARTESIAN_POINT('',(-5.49809429718465,-66.00011213175,32.5));
#3633=CARTESIAN_POINT('Origin',(9.25,-69.2909542857795,24.0031286241361));
#3634=CARTESIAN_POINT('',(0.,-82.7134755542914,-1.23225875214119));
#3635=CARTESIAN_POINT('',(0.,-70.6504159663345,24.6370560167472));
#3636=CARTESIAN_POINT('',(5.00000000000074,-82.1170764252833,-1.87181851677543));
#3637=CARTESIAN_POINT('',(3.69843227871791,-82.2723271963469,-1.70533244767962));
#3638=CARTESIAN_POINT('',(13.4362030508578,-79.6703355306572,0.138192586378586));
#3639=CARTESIAN_POINT('',(11.1856921830732,-80.3230482428589,-0.39801449692014));
#3640=CARTESIAN_POINT('',(13.4362030508581,-76.1795999507179,7.62409919522601));
#3641=CARTESIAN_POINT('',(13.4362030508582,-75.1150427750924,9.90704942563258));
#3642=CARTESIAN_POINT('',(16.9367756635999,-74.7886644412344,9.26377102807229));
#3643=CARTESIAN_POINT('',(18.3068897254886,-64.8073147558246,30.1431202781305));
#3644=CARTESIAN_POINT('Origin',(-18.5,-61.4274654355884,28.));
#3645=CARTESIAN_POINT('',(-16.8950603749741,-62.5549396250259,26.369242458141));
#3646=CARTESIAN_POINT('',(-18.2186132991903,-63.4069330243877,27.6739297416474));
#3647=CARTESIAN_POINT('',(-18.027854362551,-61.4221456374491,27.527854362551));
#3648=CARTESIAN_POINT('',(-18.4986551509139,-61.4274502827942,27.9986551509139));
#3649=CARTESIAN_POINT('',(-14.4203440460323,-65.0296559539677,23.8381239757035));
#3650=CARTESIAN_POINT('Origin',(-18.5,-63.5880664021107,27.9513056165192));
#3651=CARTESIAN_POINT('',(-16.,-69.1047049146656,10.205332190516));
#3652=CARTESIAN_POINT('',(-16.250821092173,-69.3868964759698,10.1936636997775));
#3653=CARTESIAN_POINT('',(-16.,-63.45,22.3318860134547));
#3654=CARTESIAN_POINT('',(-14.8529530535647,-64.5970469464353,17.1578915980699));
#3655=CARTESIAN_POINT('',(-16.,-61.3222969345191,26.8947599621674));
#3656=CARTESIAN_POINT('Origin',(-18.5,-71.9173826569903,10.0890292648188));
#3657=CARTESIAN_POINT('',(-16.,-66.5274214075538,5.69339139702645));
#3658=CARTESIAN_POINT('',(-19.0929864799176,-70.007251099304,5.54950204632399));
#3659=CARTESIAN_POINT('',(-16.,-69.7465741305823,11.3290253703266));
#3660=CARTESIAN_POINT('Origin',(-18.5,-69.3400991498785,5.57708847132928));
#3661=CARTESIAN_POINT('',(-17.6344741526394,-71.6670828339444,-1.46115277334636));
#3662=CARTESIAN_POINT('',(-17.4083997258707,-71.3977451310247,-1.41849387201114));
#3663=CARTESIAN_POINT('',(-16.,-68.9223834261381,0.55737877381543));
#3664=CARTESIAN_POINT('',(-16.,-67.0743296822869,4.52054281697745));
#3665=CARTESIAN_POINT('',(-16.2982314339284,-69.4231901466179,0.189070987015869));
#3666=CARTESIAN_POINT('Origin',(-18.5,-72.6982421157694,-1.62447235908365));
#3667=CARTESIAN_POINT('',(-18.3824636230291,-71.9504720893665,-2.25401639458465));
#3668=CARTESIAN_POINT('Origin',(-18.5,-71.9950028584125,-2.37860413433422));
#3669=CARTESIAN_POINT('',(-16.,-64.8037134778629,1.11158673441403));
#3670=CARTESIAN_POINT('',(-17.4345864604709,-63.8350287365585,-0.20558288800176));
#3671=CARTESIAN_POINT('',(-16.,-72.3283979477743,0.099065681115255));
#3672=CARTESIAN_POINT('Origin',(-18.5,-63.1156229235534,-1.18379534730352));
#3673=CARTESIAN_POINT('',(-16.,-64.039033761275,2.75144767861));
#3674=CARTESIAN_POINT('',(-18.3828038188433,-61.7438799605971,2.03522671930886));
#3675=CARTESIAN_POINT('',(-16.,-65.381392391145,-0.127249692951679));
#3676=CARTESIAN_POINT('Origin',(-18.5,-61.6309947711074,2.00000000000001));
#3677=CARTESIAN_POINT('',(-16.,-63.45,6.2112907568009));
#3678=CARTESIAN_POINT('',(-18.4145727137281,-61.0354272862718,6.00721999838718));
#3679=CARTESIAN_POINT('',(-16.,-63.4145382761582,6.41958441981444));
#3680=CARTESIAN_POINT('Origin',(-18.5,-60.95,6.00000000000001));
#3681=CARTESIAN_POINT('',(-14.8333333333333,-64.6166666666667,24.3333333333333));
#3682=CARTESIAN_POINT('',(-16.,-63.45,6.00000000000001));
#3683=CARTESIAN_POINT('Origin',(-18.5,-60.95,28.));
#3684=CARTESIAN_POINT('Origin',(-16.,-60.95,28.));
#3685=CARTESIAN_POINT('Origin',(18.5,-61.4274654355884,28.));
#3686=CARTESIAN_POINT('',(16.8950603749741,-62.5549396250259,26.369242458141));
#3687=CARTESIAN_POINT('',(18.2186132991903,-63.4069330243877,27.6739297416474));
#3688=CARTESIAN_POINT('',(18.027854362551,-61.4221456374491,27.527854362551));
#3689=CARTESIAN_POINT('',(14.4203440460323,-65.0296559539677,23.8381239757035));
#3690=CARTESIAN_POINT('',(18.4986551509139,-61.4274502827942,27.9986551509139));
#3691=CARTESIAN_POINT('Origin',(18.5,-63.5880664021107,27.9513056165192));
#3692=CARTESIAN_POINT('',(16.,-69.1047049146656,10.205332190516));
#3693=CARTESIAN_POINT('',(16.250821092173,-69.3868964759698,10.1936636997775));
#3694=CARTESIAN_POINT('',(16.,-63.45,22.3318860134547));
#3695=CARTESIAN_POINT('',(16.,-61.3222969345191,26.8947599621674));
#3696=CARTESIAN_POINT('',(14.8529530535647,-64.5970469464353,17.1578915980699));
#3697=CARTESIAN_POINT('Origin',(18.5,-71.9173826569903,10.0890292648188));
#3698=CARTESIAN_POINT('',(16.,-66.5274214075538,5.69339139702645));
#3699=CARTESIAN_POINT('',(19.0929864799176,-70.007251099304,5.54950204632399));
#3700=CARTESIAN_POINT('',(16.,-69.7465741305823,11.3290253703266));
#3701=CARTESIAN_POINT('Origin',(18.5,-69.3400991498785,5.57708847132928));
#3702=CARTESIAN_POINT('',(17.6344741526394,-71.6670828339444,-1.46115277334636));
#3703=CARTESIAN_POINT('',(17.4083997258707,-71.3977451310247,-1.41849387201114));
#3704=CARTESIAN_POINT('',(16.,-68.9223834261381,0.55737877381543));
#3705=CARTESIAN_POINT('',(16.2982314339284,-69.4231901466179,0.189070987015869));
#3706=CARTESIAN_POINT('',(16.,-67.0743296822869,4.52054281697745));
#3707=CARTESIAN_POINT('Origin',(18.5,-72.6982421157694,-1.62447235908365));
#3708=CARTESIAN_POINT('',(18.3824636230291,-71.9504720893665,-2.25401639458465));
#3709=CARTESIAN_POINT('Origin',(18.5,-71.9950028584125,-2.37860413433422));
#3710=CARTESIAN_POINT('',(16.,-64.8037134778629,1.11158673441403));
#3711=CARTESIAN_POINT('',(17.4345864604709,-63.8350287365585,-0.20558288800176));
#3712=CARTESIAN_POINT('',(16.,-72.3283979477743,0.099065681115255));
#3713=CARTESIAN_POINT('Origin',(18.5,-63.1156229235534,-1.18379534730352));
#3714=CARTESIAN_POINT('',(16.,-64.039033761275,2.75144767861));
#3715=CARTESIAN_POINT('',(18.3828038188433,-61.7438799605971,2.03522671930886));
#3716=CARTESIAN_POINT('',(16.,-65.381392391145,-0.127249692951679));
#3717=CARTESIAN_POINT('Origin',(18.5,-61.6309947711074,2.00000000000001));
#3718=CARTESIAN_POINT('',(16.,-63.45,6.2112907568009));
#3719=CARTESIAN_POINT('',(18.4145727137281,-61.0354272862718,6.00721999838718));
#3720=CARTESIAN_POINT('',(16.,-63.4145382761582,6.41958441981444));
#3721=CARTESIAN_POINT('Origin',(18.5,-60.95,6.00000000000001));
#3722=CARTESIAN_POINT('',(14.8333333333333,-64.6166666666667,24.3333333333333));
#3723=CARTESIAN_POINT('',(16.,-63.45,6.00000000000001));
#3724=CARTESIAN_POINT('Origin',(18.5,-60.95,28.));
#3725=CARTESIAN_POINT('Origin',(16.,-60.95,28.));
#3726=CARTESIAN_POINT('Origin',(-1.84297022087776E-13,-62.5785171987386,
30.));
#3727=CARTESIAN_POINT('',(-1.85268467234323E-13,-62.5785171987386,30.));
#3728=CARTESIAN_POINT('Origin',(10.0000000000003,-61.7036305634793,30.));
#3729=CARTESIAN_POINT('Origin',(0.,-53.95,24.));
#3730=CARTESIAN_POINT('',(0.,-49.95,28.));
#3731=CARTESIAN_POINT('Origin',(0.,-49.95,25.));
#3732=CARTESIAN_POINT('Origin',(5.,-82.7134755542916,-1.23225875214138));
#3733=CARTESIAN_POINT('',(17.9720608116131,-72.5555822586754,-4.99999999999999));
#3734=CARTESIAN_POINT('',(5.,-79.2000000000003,-4.99999999999999));
#3735=CARTESIAN_POINT('',(2.30677362912541,-80.5794971623959,-4.99999999999998));
#3736=CARTESIAN_POINT('',(15.7306345012526,-71.7185315447098,-7.1287928206829));
#3737=CARTESIAN_POINT('',(12.2536796564403,-80.7420656913708,0.637948567795037));
#3738=CARTESIAN_POINT('',(5.00000000000075,-82.7134755542914,-1.23225875214123));
#3739=CARTESIAN_POINT('Origin',(-18.5,-79.0148816512253,2.21673585996474));
#3740=CARTESIAN_POINT('',(-13.4362030508578,-79.6703355306573,0.138192586378572));
#3741=CARTESIAN_POINT('',(-5.,-82.1170764252836,-1.87181851677561));
#3742=CARTESIAN_POINT('',(-17.9324118353631,-78.3663060001318,1.2094600184772));
#3743=CARTESIAN_POINT('',(-16.1022937433688,-77.2540367750886,-0.988546027733562));
#3744=CARTESIAN_POINT('',(-17.9720608116131,-72.5555822586754,-4.99999999999999));
#3745=CARTESIAN_POINT('',(-19.5010407261038,-73.1265730260933,-3.54785256606865));
#3746=CARTESIAN_POINT('',(-5.,-79.2000000000003,-4.99999999999999));
#3747=CARTESIAN_POINT('',(-8.40426918811054,-77.4562996798879,-4.99999999999999));
#3748=CARTESIAN_POINT('',(-5.00000000000078,-82.7134755542915,-1.2322587521411));
#3749=CARTESIAN_POINT('Origin',(-9.25,-69.2909542857795,24.0031286241361));
#3750=CARTESIAN_POINT('',(-18.3068897254886,-64.8073147558246,30.1431202781305));
#3751=CARTESIAN_POINT('',(-13.4362030508581,-76.1795999507179,7.62409919522601));
#3752=CARTESIAN_POINT('',(-16.9367756635999,-74.7886644412344,9.26377102807229));
#3753=CARTESIAN_POINT('',(-13.4362030508582,-75.1150427750924,9.90704942563258));
#3754=CARTESIAN_POINT('',(-3.69843227871791,-82.2723271963469,-1.70533244767962));
#3755=CARTESIAN_POINT('Origin',(0.,-82.7134755542914,-1.23225875214119));
#3756=CARTESIAN_POINT('',(0.,-79.2,-4.99999999999999));
#3757=CARTESIAN_POINT('Origin',(0.,-79.2,-4.99999999999999));
#3758=CARTESIAN_POINT('',(-16.6443324042985,-62.6883925402678,-5.00000000000001));
#3759=CARTESIAN_POINT('',(-17.5341588274634,-69.3012555967857,-5.));
#3760=CARTESIAN_POINT('',(16.6443324042985,-62.6883925402678,-5.00000000000001));
#3761=CARTESIAN_POINT('',(0.,-62.6883925402678,-5.00000000000001));
#3762=CARTESIAN_POINT('',(17.5341588274634,-69.3012555967857,-5.));
#3763=CARTESIAN_POINT('Origin',(-17.5100505063388,-61.7651504801059,-4.01005050633884));
#3764=CARTESIAN_POINT('',(-13.655311761605,-64.1755067100788,-8.18912662874697));
#3765=CARTESIAN_POINT('Origin',(17.5100505063388,-61.7651504801059,-4.01005050633884));
#3766=CARTESIAN_POINT('',(13.655311761605,-64.1755067100788,-8.18912662874697));
#3767=CARTESIAN_POINT('Origin',(0.,-62.6883925402678,-5.00000000000001));
#3768=CARTESIAN_POINT('',(-17.3839197380094,-61.7557772239576,-3.));
#3769=CARTESIAN_POINT('',(-15.7429650106258,-63.3967319513412,-6.51903876911635));
#3770=CARTESIAN_POINT('',(17.3839197380094,-61.7557772239576,-3.));
#3771=CARTESIAN_POINT('',(0.,-61.7557772239576,-3.));
#3772=CARTESIAN_POINT('',(16.3491257312829,-62.7905712306841,-5.2191229087264));
#3773=CARTESIAN_POINT('Origin',(-16.3786796564403,-78.8875831695022,-5.14568236059762));
#3774=CARTESIAN_POINT('',(-16.3786796564405,-73.5128104899055,6.3805548469619));
#3775=CARTESIAN_POINT('Origin',(-16.3786796564405,-73.5128104899055,6.3805548469619));
#3776=CARTESIAN_POINT('Origin',(-18.5,-64.8755002232648,29.922798043661));
#3777=CARTESIAN_POINT('Origin',(18.5,-64.8755002232648,29.922798043661));
#3778=CARTESIAN_POINT('Origin',(16.3786796564403,-78.8875831695022,-5.14568236059762));
#3779=CARTESIAN_POINT('',(16.3786796564405,-73.5128104899055,6.3805548469619));
#3780=CARTESIAN_POINT('Origin',(16.3786796564405,-73.5128104899055,6.3805548469619));
#3781=CARTESIAN_POINT('Origin',(-14.5,-58.7,0.));
#3782=CARTESIAN_POINT('',(-17.25,-58.7,0.));
#3783=CARTESIAN_POINT('',(-17.25,-58.7,0.));
#3784=CARTESIAN_POINT('Origin',(14.5,-58.7,0.));
#3785=CARTESIAN_POINT('',(11.75,-58.7,0.));
#3786=CARTESIAN_POINT('',(11.75,-58.7,0.));
#3787=CARTESIAN_POINT('Origin',(-16.2989638415415,-62.5578904079455,30.));
#3788=CARTESIAN_POINT('',(-16.2989638415415,-62.5578904079455,30.));
#3789=CARTESIAN_POINT('',(3.33077132433952E-15,-63.9838649712993,30.));
#3790=CARTESIAN_POINT('Origin',(-18.5,-60.3568542494872,30.));
#3791=CARTESIAN_POINT('Origin',(16.2989638415474,-62.557890407945,30.));
#3792=CARTESIAN_POINT('',(16.2989638415474,-62.557890407945,30.));
#3793=CARTESIAN_POINT('Origin',(3.33077132433952E-15,-63.9838649712993,
30.));
#3794=CARTESIAN_POINT('Origin',(18.6414213562373,-60.4982756057296,0.));
#3795=CARTESIAN_POINT('',(14.6999999999999,-64.439696961967,-3.));
#3796=CARTESIAN_POINT('',(14.6592514421272,-64.4804455198397,-3.));
#3797=CARTESIAN_POINT('',(14.7,-64.439696961967,0.));
#3798=CARTESIAN_POINT('Origin',(-14.6414213562373,-64.4982756057297,0.));
#3799=CARTESIAN_POINT('',(-14.7,-64.439696961967,-3.));
#3800=CARTESIAN_POINT('',(-14.7,-64.439696961967,0.));
#3801=CARTESIAN_POINT('',(-12.6592514421272,-66.4804455198398,-3.));
#3802=CARTESIAN_POINT('Origin',(-14.7,-73.1147367097487,0.));
#3803=CARTESIAN_POINT('',(-14.7,-73.2682021073445,-3.));
#3804=CARTESIAN_POINT('',(-14.7,-73.2682021073445,0.));
#3805=CARTESIAN_POINT('',(-14.7,-65.4501353078407,-3.));
#3806=CARTESIAN_POINT('Origin',(-0.0517638090205042,-77.1931851652578,0.));
#3807=CARTESIAN_POINT('',(7.1701903673708E-16,-77.207055236082,-3.));
#3808=CARTESIAN_POINT('',(0.,-77.207055236082,0.));
#3809=CARTESIAN_POINT('',(-2.45357207077891,-76.5496225811452,-3.));
#3810=CARTESIAN_POINT('Origin',(14.5517638090205,-73.3079218750065,0.));
#3811=CARTESIAN_POINT('',(14.7,-73.2682021073445,-3.));
#3812=CARTESIAN_POINT('',(14.7,-73.2682021073445,0.));
#3813=CARTESIAN_POINT('',(9.7035720707789,-74.6069909360196,-3.));
#3814=CARTESIAN_POINT('Origin',(14.7,-64.3568542494924,0.));
#3815=CARTESIAN_POINT('',(14.6999999999999,-61.0711940777125,-3.));
#3816=CARTESIAN_POINT('Origin',(0.,-57.7855339059328,-3.));
#3817=UNCERTAINTY_MEASURE_WITH_UNIT(LENGTH_MEASURE(0.01),#3821,
'DISTANCE_ACCURACY_VALUE',
'Maximum model space distance between geometric entities at asserted c
onnectivities');
#3818=UNCERTAINTY_MEASURE_WITH_UNIT(LENGTH_MEASURE(0.01),#3821,
'DISTANCE_ACCURACY_VALUE',
'Maximum model space distance between geometric entities at asserted c
onnectivities');
#3819=(
GEOMETRIC_REPRESENTATION_CONTEXT(3)
GLOBAL_UNCERTAINTY_ASSIGNED_CONTEXT((#3817))
GLOBAL_UNIT_ASSIGNED_CONTEXT((#3821,#3823,#3824))
REPRESENTATION_CONTEXT('','3D')
);
#3820=(
GEOMETRIC_REPRESENTATION_CONTEXT(3)
GLOBAL_UNCERTAINTY_ASSIGNED_CONTEXT((#3818))
GLOBAL_UNIT_ASSIGNED_CONTEXT((#3821,#3823,#3824))
REPRESENTATION_CONTEXT('','3D')
);
#3821=(
LENGTH_UNIT()
NAMED_UNIT(*)
SI_UNIT(.MILLI.,.METRE.)
);
#3822=(
LENGTH_UNIT()
NAMED_UNIT(*)
SI_UNIT($,.METRE.)
);
#3823=(
NAMED_UNIT(*)
PLANE_ANGLE_UNIT()
SI_UNIT($,.RADIAN.)
);
#3824=(
NAMED_UNIT(*)
SI_UNIT($,.STERADIAN.)
SOLID_ANGLE_UNIT()
);
#3825=SHAPE_DEFINITION_REPRESENTATION(#3826,#3827);
#3826=PRODUCT_DEFINITION_SHAPE('',$,#3829);
#3827=SHAPE_REPRESENTATION('',(#2247),#3819);
#3828=PRODUCT_DEFINITION_CONTEXT('part definition',#3833,'design');
#3829=PRODUCT_DEFINITION('2026-09-22-20-59-28-446',
'The Shard TPU - Frontend O4 Pro Itsfpv',#3830,#3828);
#3830=PRODUCT_DEFINITION_FORMATION('',$,#3835);
#3831=PRODUCT_RELATED_PRODUCT_CATEGORY(
'The Shard TPU - Frontend O4 Pro Itsfpv',
'The Shard TPU - Frontend O4 Pro Itsfpv',(#3835));
#3832=APPLICATION_PROTOCOL_DEFINITION('international standard',
'automotive_design',2009,#3833);
#3833=APPLICATION_CONTEXT(
'Core Data for Automotive Mechanical Design Process');
#3834=PRODUCT_CONTEXT('part definition',#3833,'mechanical');
#3835=PRODUCT('2026-09-22-20-59-28-446',
'The Shard TPU - Frontend O4 Pro Itsfpv',$,(#3834));
#3836=PRESENTATION_STYLE_ASSIGNMENT((#3837));
#3837=SURFACE_STYLE_USAGE(.BOTH.,#3838);
#3838=SURFACE_SIDE_STYLE('',(#3839));
#3839=SURFACE_STYLE_FILL_AREA(#3840);
#3840=FILL_AREA_STYLE('Steel - Satin',(#3841));
#3841=FILL_AREA_STYLE_COLOUR('Steel - Satin',#3842);
#3842=COLOUR_RGB('Steel - Satin',0.627450980392157,0.627450980392157,0.627450980392157);
ENDSEC;
END-ISO-10303-21;
