ISO-10303-21;
HEADER;
/* Generated by software containing ST-Developer
 * from STEP Tools, Inc. (www.steptools.com) 
 */

FILE_DESCRIPTION(
/* description */ (''),
/* implementation_level */ '2;1');

FILE_NAME(
/* name */ 'The_Shard_TPU_-_Frontend_O4_Pro_Itsfpv_cameraAngle_20.step',

/* time_stamp */ '2026-09-28T21:34:48+02:00',
/* author */ (''),
/* organization */ (''),
/* preprocessor_version */ 'ST-DEVELOPER v20.2',
/* originating_system */ 'Autodesk Translation Framework v15.15.0.0',
/* authorisation */ '');

FILE_SCHEMA (('AUTOMOTIVE_DESIGN { 1 0 10303 214 3 1 1 }'));
ENDSEC;

DATA;
#10=MECHANICAL_DESIGN_GEOMETRIC_PRESENTATION_REPRESENTATION('',(#13),#3772);
#11=SHAPE_REPRESENTATION_RELATIONSHIP('SRR','None',#3779,#12);
#12=ADVANCED_BREP_SHAPE_REPRESENTATION('',(#14),#3771);
#13=STYLED_ITEM('',(#3788),#14);
#14=MANIFOLD_SOLID_BREP('Frontend',#2236);
#15=PLANE('',#2286);
#16=PLANE('',#2287);
#17=PLANE('',#2288);
#18=PLANE('',#2289);
#19=PLANE('',#2290);
#20=PLANE('',#2291);
#21=PLANE('',#2292);
#22=PLANE('',#2295);
#23=PLANE('',#2298);
#24=PLANE('',#2299);
#25=PLANE('',#2300);
#26=PLANE('',#2301);
#27=PLANE('',#2302);
#28=PLANE('',#2303);
#29=PLANE('',#2304);
#30=PLANE('',#2305);
#31=PLANE('',#2306);
#32=PLANE('',#2307);
#33=PLANE('',#2308);
#34=PLANE('',#2309);
#35=PLANE('',#2310);
#36=PLANE('',#2311);
#37=PLANE('',#2312);
#38=PLANE('',#2313);
#39=PLANE('',#2314);
#40=PLANE('',#2315);
#41=PLANE('',#2316);
#42=PLANE('',#2317);
#43=PLANE('',#2318);
#44=PLANE('',#2319);
#45=PLANE('',#2320);
#46=PLANE('',#2321);
#47=PLANE('',#2322);
#48=PLANE('',#2323);
#49=PLANE('',#2324);
#50=PLANE('',#2325);
#51=PLANE('',#2326);
#52=PLANE('',#2327);
#53=PLANE('',#2328);
#54=PLANE('',#2329);
#55=PLANE('',#2330);
#56=PLANE('',#2331);
#57=PLANE('',#2332);
#58=PLANE('',#2333);
#59=PLANE('',#2334);
#60=PLANE('',#2335);
#61=PLANE('',#2336);
#62=PLANE('',#2337);
#63=PLANE('',#2338);
#64=PLANE('',#2339);
#65=PLANE('',#2340);
#66=PLANE('',#2341);
#67=PLANE('',#2342);
#68=PLANE('',#2343);
#69=PLANE('',#2344);
#70=PLANE('',#2345);
#71=PLANE('',#2346);
#72=PLANE('',#2347);
#73=PLANE('',#2348);
#74=PLANE('',#2349);
#75=PLANE('',#2350);
#76=PLANE('',#2351);
#77=PLANE('',#2352);
#78=PLANE('',#2353);
#79=PLANE('',#2354);
#80=PLANE('',#2355);
#81=PLANE('',#2356);
#82=PLANE('',#2357);
#83=PLANE('',#2358);
#84=PLANE('',#2359);
#85=PLANE('',#2360);
#86=PLANE('',#2361);
#87=PLANE('',#2362);
#88=PLANE('',#2363);
#89=PLANE('',#2364);
#90=PLANE('',#2365);
#91=PLANE('',#2366);
#92=PLANE('',#2367);
#93=PLANE('',#2368);
#94=PLANE('',#2369);
#95=PLANE('',#2372);
#96=PLANE('',#2373);
#97=PLANE('',#2374);
#98=PLANE('',#2375);
#99=PLANE('',#2376);
#100=PLANE('',#2377);
#101=PLANE('',#2378);
#102=PLANE('',#2379);
#103=PLANE('',#2380);
#104=PLANE('',#2381);
#105=PLANE('',#2382);
#106=FACE_BOUND('',#250,.T.);
#107=FACE_BOUND('',#252,.T.);
#108=FACE_BOUND('',#254,.T.);
#109=FACE_BOUND('',#255,.T.);
#110=FACE_BOUND('',#257,.T.);
#111=FACE_BOUND('',#258,.T.);
#112=FACE_BOUND('',#260,.T.);
#113=FACE_BOUND('',#261,.T.);
#114=FACE_BOUND('',#263,.T.);
#115=FACE_BOUND('',#264,.T.);
#116=FACE_BOUND('',#268,.T.);
#117=FACE_BOUND('',#269,.T.);
#118=FACE_BOUND('',#271,.T.);
#119=FACE_BOUND('',#272,.T.);
#120=FACE_BOUND('',#346,.T.);
#121=FACE_BOUND('',#347,.T.);
#122=FACE_BOUND('',#349,.T.);
#123=FACE_BOUND('',#350,.T.);
#124=ELLIPSE('',#2280,3.18198051533946,2.25);
#125=ELLIPSE('',#2284,3.18198051533946,2.25);
#126=CONICAL_SURFACE('',#2260,1.625,0.78539816339745);
#127=CONICAL_SURFACE('',#2264,1.625,0.78539816339745);
#128=CONICAL_SURFACE('',#2269,1.625,0.78539816339745);
#129=CONICAL_SURFACE('',#2273,1.625,0.78539816339745);
#130=FACE_OUTER_BOUND('',#237,.T.);
#131=FACE_OUTER_BOUND('',#238,.T.);
#132=FACE_OUTER_BOUND('',#239,.T.);
#133=FACE_OUTER_BOUND('',#240,.T.);
#134=FACE_OUTER_BOUND('',#241,.T.);
#135=FACE_OUTER_BOUND('',#242,.T.);
#136=FACE_OUTER_BOUND('',#243,.T.);
#137=FACE_OUTER_BOUND('',#244,.T.);
#138=FACE_OUTER_BOUND('',#245,.T.);
#139=FACE_OUTER_BOUND('',#246,.T.);
#140=FACE_OUTER_BOUND('',#247,.T.);
#141=FACE_OUTER_BOUND('',#248,.T.);
#142=FACE_OUTER_BOUND('',#249,.T.);
#143=FACE_OUTER_BOUND('',#251,.T.);
#144=FACE_OUTER_BOUND('',#253,.T.);
#145=FACE_OUTER_BOUND('',#256,.T.);
#146=FACE_OUTER_BOUND('',#259,.T.);
#147=FACE_OUTER_BOUND('',#262,.T.);
#148=FACE_OUTER_BOUND('',#265,.T.);
#149=FACE_OUTER_BOUND('',#266,.T.);
#150=FACE_OUTER_BOUND('',#267,.T.);
#151=FACE_OUTER_BOUND('',#270,.T.);
#152=FACE_OUTER_BOUND('',#273,.T.);
#153=FACE_OUTER_BOUND('',#274,.T.);
#154=FACE_OUTER_BOUND('',#275,.T.);
#155=FACE_OUTER_BOUND('',#276,.T.);
#156=FACE_OUTER_BOUND('',#277,.T.);
#157=FACE_OUTER_BOUND('',#278,.T.);
#158=FACE_OUTER_BOUND('',#279,.T.);
#159=FACE_OUTER_BOUND('',#280,.T.);
#160=FACE_OUTER_BOUND('',#281,.T.);
#161=FACE_OUTER_BOUND('',#282,.T.);
#162=FACE_OUTER_BOUND('',#283,.T.);
#163=FACE_OUTER_BOUND('',#284,.T.);
#164=FACE_OUTER_BOUND('',#285,.T.);
#165=FACE_OUTER_BOUND('',#286,.T.);
#166=FACE_OUTER_BOUND('',#287,.T.);
#167=FACE_OUTER_BOUND('',#288,.T.);
#168=FACE_OUTER_BOUND('',#289,.T.);
#169=FACE_OUTER_BOUND('',#290,.T.);
#170=FACE_OUTER_BOUND('',#291,.T.);
#171=FACE_OUTER_BOUND('',#292,.T.);
#172=FACE_OUTER_BOUND('',#293,.T.);
#173=FACE_OUTER_BOUND('',#294,.T.);
#174=FACE_OUTER_BOUND('',#295,.T.);
#175=FACE_OUTER_BOUND('',#296,.T.);
#176=FACE_OUTER_BOUND('',#297,.T.);
#177=FACE_OUTER_BOUND('',#298,.T.);
#178=FACE_OUTER_BOUND('',#299,.T.);
#179=FACE_OUTER_BOUND('',#300,.T.);
#180=FACE_OUTER_BOUND('',#301,.T.);
#181=FACE_OUTER_BOUND('',#302,.T.);
#182=FACE_OUTER_BOUND('',#303,.T.);
#183=FACE_OUTER_BOUND('',#304,.T.);
#184=FACE_OUTER_BOUND('',#305,.T.);
#185=FACE_OUTER_BOUND('',#306,.T.);
#186=FACE_OUTER_BOUND('',#307,.T.);
#187=FACE_OUTER_BOUND('',#308,.T.);
#188=FACE_OUTER_BOUND('',#309,.T.);
#189=FACE_OUTER_BOUND('',#310,.T.);
#190=FACE_OUTER_BOUND('',#311,.T.);
#191=FACE_OUTER_BOUND('',#312,.T.);
#192=FACE_OUTER_BOUND('',#313,.T.);
#193=FACE_OUTER_BOUND('',#314,.T.);
#194=FACE_OUTER_BOUND('',#315,.T.);
#195=FACE_OUTER_BOUND('',#316,.T.);
#196=FACE_OUTER_BOUND('',#317,.T.);
#197=FACE_OUTER_BOUND('',#318,.T.);
#198=FACE_OUTER_BOUND('',#319,.T.);
#199=FACE_OUTER_BOUND('',#320,.T.);
#200=FACE_OUTER_BOUND('',#321,.T.);
#201=FACE_OUTER_BOUND('',#322,.T.);
#202=FACE_OUTER_BOUND('',#323,.T.);
#203=FACE_OUTER_BOUND('',#324,.T.);
#204=FACE_OUTER_BOUND('',#325,.T.);
#205=FACE_OUTER_BOUND('',#326,.T.);
#206=FACE_OUTER_BOUND('',#327,.T.);
#207=FACE_OUTER_BOUND('',#328,.T.);
#208=FACE_OUTER_BOUND('',#329,.T.);
#209=FACE_OUTER_BOUND('',#330,.T.);
#210=FACE_OUTER_BOUND('',#331,.T.);
#211=FACE_OUTER_BOUND('',#332,.T.);
#212=FACE_OUTER_BOUND('',#333,.T.);
#213=FACE_OUTER_BOUND('',#334,.T.);
#214=FACE_OUTER_BOUND('',#335,.T.);
#215=FACE_OUTER_BOUND('',#336,.T.);
#216=FACE_OUTER_BOUND('',#337,.T.);
#217=FACE_OUTER_BOUND('',#338,.T.);
#218=FACE_OUTER_BOUND('',#339,.T.);
#219=FACE_OUTER_BOUND('',#340,.T.);
#220=FACE_OUTER_BOUND('',#341,.T.);
#221=FACE_OUTER_BOUND('',#342,.T.);
#222=FACE_OUTER_BOUND('',#343,.T.);
#223=FACE_OUTER_BOUND('',#344,.T.);
#224=FACE_OUTER_BOUND('',#345,.T.);
#225=FACE_OUTER_BOUND('',#348,.T.);
#226=FACE_OUTER_BOUND('',#351,.T.);
#227=FACE_OUTER_BOUND('',#352,.T.);
#228=FACE_OUTER_BOUND('',#353,.T.);
#229=FACE_OUTER_BOUND('',#354,.T.);
#230=FACE_OUTER_BOUND('',#355,.T.);
#231=FACE_OUTER_BOUND('',#356,.T.);
#232=FACE_OUTER_BOUND('',#357,.T.);
#233=FACE_OUTER_BOUND('',#358,.T.);
#234=FACE_OUTER_BOUND('',#359,.T.);
#235=FACE_OUTER_BOUND('',#360,.T.);
#236=FACE_OUTER_BOUND('',#361,.T.);
#237=EDGE_LOOP('',(#1483,#1484,#1485));
#238=EDGE_LOOP('',(#1486,#1487,#1488,#1489,#1490,#1491,#1492));
#239=EDGE_LOOP('',(#1493,#1494,#1495));
#240=EDGE_LOOP('',(#1496,#1497,#1498,#1499,#1500,#1501,#1502));
#241=EDGE_LOOP('',(#1503,#1504,#1505,#1506,#1507,#1508));
#242=EDGE_LOOP('',(#1509,#1510,#1511,#1512));
#243=EDGE_LOOP('',(#1513,#1514,#1515,#1516));
#244=EDGE_LOOP('',(#1517,#1518,#1519,#1520));
#245=EDGE_LOOP('',(#1521,#1522,#1523,#1524,#1525,#1526));
#246=EDGE_LOOP('',(#1527,#1528,#1529,#1530));
#247=EDGE_LOOP('',(#1531,#1532,#1533,#1534));
#248=EDGE_LOOP('',(#1535,#1536,#1537,#1538));
#249=EDGE_LOOP('',(#1539,#1540,#1541,#1542,#1543,#1544));
#250=EDGE_LOOP('',(#1545));
#251=EDGE_LOOP('',(#1546,#1547,#1548,#1549,#1550,#1551));
#252=EDGE_LOOP('',(#1552));
#253=EDGE_LOOP('',(#1553,#1554,#1555,#1556,#1557,#1558,#1559,#1560));
#254=EDGE_LOOP('',(#1561));
#255=EDGE_LOOP('',(#1562));
#256=EDGE_LOOP('',(#1563,#1564,#1565,#1566,#1567,#1568,#1569,#1570));
#257=EDGE_LOOP('',(#1571));
#258=EDGE_LOOP('',(#1572));
#259=EDGE_LOOP('',(#1573,#1574,#1575,#1576,#1577,#1578,#1579,#1580,#1581,
#1582,#1583,#1584,#1585,#1586,#1587));
#260=EDGE_LOOP('',(#1588,#1589,#1590,#1591,#1592,#1593,#1594,#1595,#1596,
#1597));
#261=EDGE_LOOP('',(#1598));
#262=EDGE_LOOP('',(#1599,#1600,#1601,#1602,#1603,#1604,#1605,#1606,#1607,
#1608,#1609,#1610,#1611,#1612,#1613));
#263=EDGE_LOOP('',(#1614,#1615,#1616,#1617,#1618,#1619,#1620,#1621,#1622,
#1623));
#264=EDGE_LOOP('',(#1624));
#265=EDGE_LOOP('',(#1625,#1626,#1627,#1628,#1629,#1630,#1631,#1632));
#266=EDGE_LOOP('',(#1633,#1634,#1635,#1636));
#267=EDGE_LOOP('',(#1637,#1638,#1639,#1640,#1641,#1642,#1643,#1644,#1645,
#1646,#1647,#1648,#1649,#1650,#1651,#1652,#1653,#1654,#1655,#1656,#1657,
#1658));
#268=EDGE_LOOP('',(#1659));
#269=EDGE_LOOP('',(#1660));
#270=EDGE_LOOP('',(#1661,#1662,#1663,#1664,#1665,#1666,#1667,#1668,#1669,
#1670,#1671,#1672,#1673,#1674,#1675,#1676));
#271=EDGE_LOOP('',(#1677));
#272=EDGE_LOOP('',(#1678));
#273=EDGE_LOOP('',(#1679,#1680,#1681,#1682,#1683,#1684,#1685,#1686,#1687,
#1688));
#274=EDGE_LOOP('',(#1689,#1690,#1691,#1692));
#275=EDGE_LOOP('',(#1693,#1694,#1695,#1696));
#276=EDGE_LOOP('',(#1697,#1698,#1699,#1700,#1701,#1702,#1703,#1704));
#277=EDGE_LOOP('',(#1705,#1706,#1707,#1708));
#278=EDGE_LOOP('',(#1709,#1710,#1711,#1712,#1713,#1714,#1715,#1716,#1717,
#1718));
#279=EDGE_LOOP('',(#1719,#1720,#1721,#1722));
#280=EDGE_LOOP('',(#1723,#1724,#1725,#1726));
#281=EDGE_LOOP('',(#1727,#1728,#1729,#1730));
#282=EDGE_LOOP('',(#1731,#1732,#1733,#1734));
#283=EDGE_LOOP('',(#1735,#1736,#1737,#1738,#1739));
#284=EDGE_LOOP('',(#1740,#1741,#1742,#1743,#1744,#1745,#1746));
#285=EDGE_LOOP('',(#1747,#1748,#1749,#1750));
#286=EDGE_LOOP('',(#1751,#1752,#1753,#1754,#1755));
#287=EDGE_LOOP('',(#1756,#1757,#1758,#1759));
#288=EDGE_LOOP('',(#1760,#1761,#1762,#1763));
#289=EDGE_LOOP('',(#1764,#1765,#1766,#1767));
#290=EDGE_LOOP('',(#1768,#1769,#1770));
#291=EDGE_LOOP('',(#1771,#1772,#1773));
#292=EDGE_LOOP('',(#1774,#1775,#1776,#1777,#1778));
#293=EDGE_LOOP('',(#1779,#1780,#1781,#1782,#1783));
#294=EDGE_LOOP('',(#1784,#1785,#1786,#1787,#1788,#1789,#1790,#1791,#1792));
#295=EDGE_LOOP('',(#1793,#1794,#1795,#1796,#1797,#1798,#1799,#1800,#1801));
#296=EDGE_LOOP('',(#1802,#1803,#1804,#1805,#1806));
#297=EDGE_LOOP('',(#1807,#1808,#1809,#1810,#1811));
#298=EDGE_LOOP('',(#1812,#1813,#1814,#1815,#1816,#1817,#1818));
#299=EDGE_LOOP('',(#1819,#1820,#1821,#1822,#1823,#1824,#1825,#1826,#1827));
#300=EDGE_LOOP('',(#1828,#1829,#1830,#1831));
#301=EDGE_LOOP('',(#1832,#1833,#1834,#1835,#1836,#1837,#1838,#1839));
#302=EDGE_LOOP('',(#1840,#1841,#1842,#1843));
#303=EDGE_LOOP('',(#1844,#1845,#1846,#1847,#1848,#1849,#1850,#1851,#1852));
#304=EDGE_LOOP('',(#1853,#1854,#1855,#1856,#1857,#1858,#1859,#1860,#1861,
#1862,#1863));
#305=EDGE_LOOP('',(#1864,#1865,#1866,#1867));
#306=EDGE_LOOP('',(#1868,#1869,#1870,#1871,#1872));
#307=EDGE_LOOP('',(#1873,#1874,#1875,#1876));
#308=EDGE_LOOP('',(#1877,#1878,#1879,#1880,#1881));
#309=EDGE_LOOP('',(#1882,#1883,#1884));
#310=EDGE_LOOP('',(#1885,#1886,#1887,#1888,#1889));
#311=EDGE_LOOP('',(#1890,#1891,#1892,#1893));
#312=EDGE_LOOP('',(#1894,#1895,#1896,#1897));
#313=EDGE_LOOP('',(#1898,#1899,#1900,#1901,#1902,#1903));
#314=EDGE_LOOP('',(#1904,#1905,#1906));
#315=EDGE_LOOP('',(#1907,#1908,#1909,#1910,#1911,#1912,#1913));
#316=EDGE_LOOP('',(#1914,#1915,#1916,#1917));
#317=EDGE_LOOP('',(#1918,#1919,#1920,#1921,#1922));
#318=EDGE_LOOP('',(#1923,#1924,#1925,#1926));
#319=EDGE_LOOP('',(#1927,#1928,#1929,#1930,#1931));
#320=EDGE_LOOP('',(#1932,#1933,#1934));
#321=EDGE_LOOP('',(#1935,#1936,#1937,#1938,#1939));
#322=EDGE_LOOP('',(#1940,#1941,#1942,#1943));
#323=EDGE_LOOP('',(#1944,#1945,#1946,#1947));
#324=EDGE_LOOP('',(#1948,#1949,#1950,#1951,#1952,#1953));
#325=EDGE_LOOP('',(#1954,#1955,#1956));
#326=EDGE_LOOP('',(#1957,#1958,#1959,#1960,#1961,#1962,#1963));
#327=EDGE_LOOP('',(#1964,#1965,#1966,#1967));
#328=EDGE_LOOP('',(#1968,#1969,#1970,#1971));
#329=EDGE_LOOP('',(#1972,#1973,#1974,#1975));
#330=EDGE_LOOP('',(#1976,#1977,#1978,#1979));
#331=EDGE_LOOP('',(#1980,#1981,#1982,#1983,#1984,#1985));
#332=EDGE_LOOP('',(#1986,#1987,#1988,#1989,#1990,#1991));
#333=EDGE_LOOP('',(#1992,#1993,#1994,#1995,#1996,#1997,#1998,#1999,#2000,
#2001,#2002));
#334=EDGE_LOOP('',(#2003,#2004,#2005,#2006,#2007));
#335=EDGE_LOOP('',(#2008,#2009,#2010,#2011,#2012,#2013));
#336=EDGE_LOOP('',(#2014,#2015,#2016,#2017));
#337=EDGE_LOOP('',(#2018,#2019,#2020,#2021));
#338=EDGE_LOOP('',(#2022,#2023,#2024,#2025,#2026,#2027,#2028,#2029));
#339=EDGE_LOOP('',(#2030,#2031,#2032,#2033));
#340=EDGE_LOOP('',(#2034,#2035,#2036));
#341=EDGE_LOOP('',(#2037,#2038,#2039));
#342=EDGE_LOOP('',(#2040,#2041,#2042));
#343=EDGE_LOOP('',(#2043,#2044,#2045,#2046));
#344=EDGE_LOOP('',(#2047,#2048,#2049));
#345=EDGE_LOOP('',(#2050,#2051,#2052,#2053));
#346=EDGE_LOOP('',(#2054,#2055,#2056,#2057));
#347=EDGE_LOOP('',(#2058));
#348=EDGE_LOOP('',(#2059,#2060,#2061,#2062));
#349=EDGE_LOOP('',(#2063,#2064,#2065,#2066));
#350=EDGE_LOOP('',(#2067));
#351=EDGE_LOOP('',(#2068,#2069,#2070,#2071));
#352=EDGE_LOOP('',(#2072,#2073,#2074,#2075));
#353=EDGE_LOOP('',(#2076,#2077,#2078,#2079));
#354=EDGE_LOOP('',(#2080,#2081,#2082,#2083));
#355=EDGE_LOOP('',(#2084,#2085,#2086,#2087,#2088));
#356=EDGE_LOOP('',(#2089,#2090,#2091,#2092,#2093));
#357=EDGE_LOOP('',(#2094,#2095,#2096,#2097));
#358=EDGE_LOOP('',(#2098,#2099,#2100,#2101));
#359=EDGE_LOOP('',(#2102,#2103,#2104,#2105));
#360=EDGE_LOOP('',(#2106,#2107,#2108,#2109));
#361=EDGE_LOOP('',(#2110,#2111,#2112,#2113,#2114,#2115,#2116));
#362=B_SPLINE_CURVE_WITH_KNOTS('',3,(#2939,#2940,#2941,#2942,#2943,#2944,
#2945,#2946,#2947,#2948),.UNSPECIFIED.,.F.,.F.,(4,2,2,2,4),(0.197513203724223,
0.225200001294247,0.27193084900028,0.318661696706313,0.318984080777544),
 .UNSPECIFIED.);
#363=B_SPLINE_CURVE_WITH_KNOTS('',3,(#2956,#2957,#2958,#2959,#2960,#2961,
#2962,#2963,#2964,#2965,#2966,#2967,#2968,#2969,#2970,#2971,#2972,#2973,
#2974,#2975,#2976,#2977,#2978,#2979,#2980,#2981,#2982,#2983,#2984,#2985,
#2986,#2987,#2988,#2989),.UNSPECIFIED.,.F.,.F.,(4,2,2,2,2,2,2,2,2,2,2,2,
2,2,2,2,4),(0.197513203724224,0.225200001294248,0.271930849000281,0.318661696706313,
0.400014445756803,0.481367194807292,0.562719943857781,0.64407269290827,
0.690803540614303,0.737534388320336,0.85013438896746,0.962734389614584,
1.07533439026171,1.18793439090883,1.23466523861487,1.2813960863209,1.28171847039213),
 .UNSPECIFIED.);
#364=B_SPLINE_CURVE_WITH_KNOTS('',3,(#2993,#2994,#2995,#2996,#2997,#2998,
#2999,#3000,#3001,#3002,#3003),.UNSPECIFIED.,.F.,.F.,(4,2,3,2,4),(-0.197513203724223,
-0.112600000647124,0.,0.112600000647124,0.197513203724224),
 .UNSPECIFIED.);
#365=B_SPLINE_CURVE_WITH_KNOTS('',3,(#3006,#3007,#3008,#3009,#3010,#3011,
#3012,#3013,#3014,#3015),.UNSPECIFIED.,.F.,.F.,(4,2,2,2,4),(-0.318984080777353,
-0.318661696706313,-0.271930849000281,-0.225200001294248,-0.197513203724223),
 .UNSPECIFIED.);
#366=B_SPLINE_CURVE_WITH_KNOTS('',3,(#3019,#3020,#3021,#3022,#3023,#3024,
#3025,#3026,#3027,#3028,#3029),.UNSPECIFIED.,.F.,.F.,(4,2,3,2,4),(-0.197513203724222,
-0.112600000647123,0.,0.112600000647124,0.197513203724223),
 .UNSPECIFIED.);
#367=B_SPLINE_CURVE_WITH_KNOTS('',3,(#3034,#3035,#3036,#3037,#3038,#3039,
#3040,#3041,#3042,#3043,#3044,#3045,#3046,#3047,#3048,#3049,#3050,#3051,
#3052,#3053,#3054,#3055,#3056,#3057,#3058,#3059,#3060,#3061,#3062,#3063,
#3064,#3065,#3066,#3067),.UNSPECIFIED.,.F.,.F.,(4,2,2,2,2,2,2,2,2,2,2,2,
2,2,2,2,4),(-1.28171847039194,-1.2813960863209,-1.23466523861487,-1.18793439090883,
-1.07533439026171,-0.962734389614585,-0.850134388967461,-0.737534388320338,
-0.690803540614305,-0.644072692908272,-0.562719943857782,-0.481367194807293,
-0.400014445756803,-0.318661696706313,-0.27193084900028,-0.225200001294247,
-0.197513203724222),.UNSPECIFIED.);
#368=B_SPLINE_CURVE_WITH_KNOTS('',3,(#3070,#3071,#3072,#3073,#3074,#3075,
#3076,#3077,#3078,#3079),.UNSPECIFIED.,.F.,.F.,(4,2,2,2,4),(2.96374555577909,
3.03585475093532,3.11659810830687,3.19734146567843,3.26945066083466),
 .UNSPECIFIED.);
#369=B_SPLINE_CURVE_WITH_KNOTS('',3,(#3101,#3102,#3103,#3104,#3105,#3106,
#3107,#3108,#3109,#3110),.UNSPECIFIED.,.F.,.F.,(4,2,2,2,4),(0.428667148053117,
0.500776343209349,0.581519700580903,0.662263057952457,0.734372253108689),
 .UNSPECIFIED.);
#370=B_SPLINE_CURVE_WITH_KNOTS('',3,(#3134,#3135,#3136,#3137,#3138,#3139,
#3140,#3141,#3142,#3143,#3144,#3145,#3146,#3147,#3148,#3149,#3150,#3151,
#3152,#3153,#3154,#3155,#3156,#3157,#3158,#3159,#3160,#3161,#3162,#3163,
#3164,#3165,#3166,#3167,#3168,#3169,#3170,#3171,#3172,#3173,#3174,#3175),
 .UNSPECIFIED.,.T.,.F.,(4,2,2,2,2,2,2,2,2,2,2,2,2,2,2,2,2,2,2,2,4),(0.,
0.0449188287731642,0.0673782431597464,0.0898376575463285,0.109621043683176,
0.129404429820023,0.14918781595687,0.168971202093717,0.191430616480299,
0.213890030866881,0.258808859640045,0.30372768841321,0.326187102799792,
0.348646517186374,0.368429903323221,0.388213289460068,0.407996675596915,
0.427780061733762,0.450239476120344,0.472698890506927,0.517617719280091),
 .UNSPECIFIED.);
#371=B_SPLINE_CURVE_WITH_KNOTS('',3,(#3185,#3186,#3187,#3188,#3189,#3190,
#3191,#3192,#3193,#3194,#3195,#3196,#3197,#3198,#3199,#3200,#3201,#3202,
#3203,#3204,#3205,#3206,#3207,#3208,#3209,#3210,#3211,#3212,#3213,#3214,
#3215,#3216,#3217,#3218,#3219,#3220,#3221,#3222,#3223,#3224,#3225,#3226),
 .UNSPECIFIED.,.T.,.F.,(4,2,2,2,2,2,2,2,2,2,2,2,2,2,2,2,2,2,2,2,4),(0.,
0.0449188287731632,0.0673782431597448,0.0898376575463264,0.109621043683175,
0.129404429820023,0.149187815956871,0.168971202093719,0.191430616480301,
0.213890030866882,0.258808859640046,0.303727688413209,0.32618710279979,
0.348646517186372,0.36842990332322,0.388213289460068,0.407996675596917,
0.427780061733765,0.450239476120346,0.472698890506928,0.517617719280091),
 .UNSPECIFIED.);
#372=CIRCLE('',#2251,2.25);
#373=CIRCLE('',#2253,2.25);
#374=CIRCLE('',#2254,2.25);
#375=CIRCLE('',#2256,2.25);
#376=CIRCLE('',#2258,2.25);
#377=CIRCLE('',#2259,2.25);
#378=CIRCLE('',#2261,1.);
#379=CIRCLE('',#2263,1.);
#380=CIRCLE('',#2265,2.25);
#381=CIRCLE('',#2266,1.);
#382=CIRCLE('',#2268,1.);
#383=CIRCLE('',#2270,1.);
#384=CIRCLE('',#2272,1.);
#385=CIRCLE('',#2274,1.);
#386=CIRCLE('',#2275,2.25);
#387=CIRCLE('',#2277,1.);
#388=CIRCLE('',#2279,2.25);
#389=CIRCLE('',#2281,2.25);
#390=CIRCLE('',#2283,2.25);
#391=CIRCLE('',#2285,2.25);
#392=CIRCLE('',#2293,2.75);
#393=CIRCLE('',#2294,2.75);
#394=CIRCLE('',#2296,2.75);
#395=CIRCLE('',#2297,2.75);
#396=LINE('',#2936,#677);
#397=LINE('',#2952,#678);
#398=LINE('',#2991,#679);
#399=LINE('',#3031,#680);
#400=LINE('',#3081,#681);
#401=LINE('',#3086,#682);
#402=LINE('',#3091,#683);
#403=LINE('',#3096,#684);
#404=LINE('',#3100,#685);
#405=LINE('',#3114,#686);
#406=LINE('',#3119,#687);
#407=LINE('',#3124,#688);
#408=LINE('',#3127,#689);
#409=LINE('',#3178,#690);
#410=LINE('',#3230,#691);
#411=LINE('',#3232,#692);
#412=LINE('',#3234,#693);
#413=LINE('',#3236,#694);
#414=LINE('',#3238,#695);
#415=LINE('',#3240,#696);
#416=LINE('',#3242,#697);
#417=LINE('',#3243,#698);
#418=LINE('',#3247,#699);
#419=LINE('',#3249,#700);
#420=LINE('',#3251,#701);
#421=LINE('',#3253,#702);
#422=LINE('',#3255,#703);
#423=LINE('',#3257,#704);
#424=LINE('',#3259,#705);
#425=LINE('',#3260,#706);
#426=LINE('',#3263,#707);
#427=LINE('',#3265,#708);
#428=LINE('',#3267,#709);
#429=LINE('',#3269,#710);
#430=LINE('',#3271,#711);
#431=LINE('',#3273,#712);
#432=LINE('',#3275,#713);
#433=LINE('',#3277,#714);
#434=LINE('',#3279,#715);
#435=LINE('',#3281,#716);
#436=LINE('',#3283,#717);
#437=LINE('',#3285,#718);
#438=LINE('',#3286,#719);
#439=LINE('',#3289,#720);
#440=LINE('',#3291,#721);
#441=LINE('',#3293,#722);
#442=LINE('',#3295,#723);
#443=LINE('',#3297,#724);
#444=LINE('',#3299,#725);
#445=LINE('',#3301,#726);
#446=LINE('',#3303,#727);
#447=LINE('',#3305,#728);
#448=LINE('',#3306,#729);
#449=LINE('',#3309,#730);
#450=LINE('',#3311,#731);
#451=LINE('',#3313,#732);
#452=LINE('',#3315,#733);
#453=LINE('',#3317,#734);
#454=LINE('',#3319,#735);
#455=LINE('',#3321,#736);
#456=LINE('',#3323,#737);
#457=LINE('',#3325,#738);
#458=LINE('',#3327,#739);
#459=LINE('',#3329,#740);
#460=LINE('',#3331,#741);
#461=LINE('',#3332,#742);
#462=LINE('',#3335,#743);
#463=LINE('',#3337,#744);
#464=LINE('',#3339,#745);
#465=LINE('',#3341,#746);
#466=LINE('',#3343,#747);
#467=LINE('',#3345,#748);
#468=LINE('',#3347,#749);
#469=LINE('',#3349,#750);
#470=LINE('',#3351,#751);
#471=LINE('',#3352,#752);
#472=LINE('',#3355,#753);
#473=LINE('',#3357,#754);
#474=LINE('',#3359,#755);
#475=LINE('',#3361,#756);
#476=LINE('',#3363,#757);
#477=LINE('',#3365,#758);
#478=LINE('',#3366,#759);
#479=LINE('',#3369,#760);
#480=LINE('',#3371,#761);
#481=LINE('',#3372,#762);
#482=LINE('',#3375,#763);
#483=LINE('',#3377,#764);
#484=LINE('',#3379,#765);
#485=LINE('',#3381,#766);
#486=LINE('',#3383,#767);
#487=LINE('',#3384,#768);
#488=LINE('',#3386,#769);
#489=LINE('',#3388,#770);
#490=LINE('',#3389,#771);
#491=LINE('',#3391,#772);
#492=LINE('',#3393,#773);
#493=LINE('',#3395,#774);
#494=LINE('',#3397,#775);
#495=LINE('',#3399,#776);
#496=LINE('',#3400,#777);
#497=LINE('',#3401,#778);
#498=LINE('',#3408,#779);
#499=LINE('',#3409,#780);
#500=LINE('',#3411,#781);
#501=LINE('',#3413,#782);
#502=LINE('',#3415,#783);
#503=LINE('',#3416,#784);
#504=LINE('',#3418,#785);
#505=LINE('',#3420,#786);
#506=LINE('',#3421,#787);
#507=LINE('',#3423,#788);
#508=LINE('',#3424,#789);
#509=LINE('',#3431,#790);
#510=LINE('',#3433,#791);
#511=LINE('',#3435,#792);
#512=LINE('',#3436,#793);
#513=LINE('',#3438,#794);
#514=LINE('',#3440,#795);
#515=LINE('',#3443,#796);
#516=LINE('',#3445,#797);
#517=LINE('',#3447,#798);
#518=LINE('',#3449,#799);
#519=LINE('',#3450,#800);
#520=LINE('',#3453,#801);
#521=LINE('',#3454,#802);
#522=LINE('',#3457,#803);
#523=LINE('',#3459,#804);
#524=LINE('',#3461,#805);
#525=LINE('',#3462,#806);
#526=LINE('',#3464,#807);
#527=LINE('',#3466,#808);
#528=LINE('',#3468,#809);
#529=LINE('',#3472,#810);
#530=LINE('',#3474,#811);
#531=LINE('',#3476,#812);
#532=LINE('',#3477,#813);
#533=LINE('',#3480,#814);
#534=LINE('',#3481,#815);
#535=LINE('',#3483,#816);
#536=LINE('',#3485,#817);
#537=LINE('',#3486,#818);
#538=LINE('',#3488,#819);
#539=LINE('',#3492,#820);
#540=LINE('',#3494,#821);
#541=LINE('',#3495,#822);
#542=LINE('',#3496,#823);
#543=LINE('',#3498,#824);
#544=LINE('',#3500,#825);
#545=LINE('',#3504,#826);
#546=LINE('',#3505,#827);
#547=LINE('',#3509,#828);
#548=LINE('',#3511,#829);
#549=LINE('',#3512,#830);
#550=LINE('',#3515,#831);
#551=LINE('',#3517,#832);
#552=LINE('',#3518,#833);
#553=LINE('',#3520,#834);
#554=LINE('',#3522,#835);
#555=LINE('',#3523,#836);
#556=LINE('',#3526,#837);
#557=LINE('',#3528,#838);
#558=LINE('',#3530,#839);
#559=LINE('',#3531,#840);
#560=LINE('',#3532,#841);
#561=LINE('',#3535,#842);
#562=LINE('',#3537,#843);
#563=LINE('',#3539,#844);
#564=LINE('',#3540,#845);
#565=LINE('',#3543,#846);
#566=LINE('',#3545,#847);
#567=LINE('',#3546,#848);
#568=LINE('',#3548,#849);
#569=LINE('',#3549,#850);
#570=LINE('',#3553,#851);
#571=LINE('',#3555,#852);
#572=LINE('',#3557,#853);
#573=LINE('',#3559,#854);
#574=LINE('',#3560,#855);
#575=LINE('',#3563,#856);
#576=LINE('',#3564,#857);
#577=LINE('',#3567,#858);
#578=LINE('',#3569,#859);
#579=LINE('',#3570,#860);
#580=LINE('',#3572,#861);
#581=LINE('',#3575,#862);
#582=LINE('',#3576,#863);
#583=LINE('',#3578,#864);
#584=LINE('',#3580,#865);
#585=LINE('',#3582,#866);
#586=LINE('',#3583,#867);
#587=LINE('',#3585,#868);
#588=LINE('',#3586,#869);
#589=LINE('',#3589,#870);
#590=LINE('',#3591,#871);
#591=LINE('',#3593,#872);
#592=LINE('',#3595,#873);
#593=LINE('',#3596,#874);
#594=LINE('',#3597,#875);
#595=LINE('',#3600,#876);
#596=LINE('',#3602,#877);
#597=LINE('',#3603,#878);
#598=LINE('',#3606,#879);
#599=LINE('',#3608,#880);
#600=LINE('',#3609,#881);
#601=LINE('',#3612,#882);
#602=LINE('',#3613,#883);
#603=LINE('',#3616,#884);
#604=LINE('',#3618,#885);
#605=LINE('',#3619,#886);
#606=LINE('',#3621,#887);
#607=LINE('',#3624,#888);
#608=LINE('',#3625,#889);
#609=LINE('',#3628,#890);
#610=LINE('',#3629,#891);
#611=LINE('',#3632,#892);
#612=LINE('',#3633,#893);
#613=LINE('',#3635,#894);
#614=LINE('',#3636,#895);
#615=LINE('',#3641,#896);
#616=LINE('',#3643,#897);
#617=LINE('',#3644,#898);
#618=LINE('',#3647,#899);
#619=LINE('',#3649,#900);
#620=LINE('',#3650,#901);
#621=LINE('',#3653,#902);
#622=LINE('',#3654,#903);
#623=LINE('',#3657,#904);
#624=LINE('',#3659,#905);
#625=LINE('',#3660,#906);
#626=LINE('',#3662,#907);
#627=LINE('',#3665,#908);
#628=LINE('',#3666,#909);
#629=LINE('',#3669,#910);
#630=LINE('',#3670,#911);
#631=LINE('',#3673,#912);
#632=LINE('',#3674,#913);
#633=LINE('',#3676,#914);
#634=LINE('',#3677,#915);
#635=LINE('',#3681,#916);
#636=LINE('',#3684,#917);
#637=LINE('',#3689,#918);
#638=LINE('',#3690,#919);
#639=LINE('',#3691,#920);
#640=LINE('',#3692,#921);
#641=LINE('',#3696,#922);
#642=LINE('',#3697,#923);
#643=LINE('',#3699,#924);
#644=LINE('',#3701,#925);
#645=LINE('',#3702,#926);
#646=LINE('',#3704,#927);
#647=LINE('',#3706,#928);
#648=LINE('',#3707,#929);
#649=LINE('',#3708,#930);
#650=LINE('',#3710,#931);
#651=LINE('',#3713,#932);
#652=LINE('',#3715,#933);
#653=LINE('',#3716,#934);
#654=LINE('',#3718,#935);
#655=LINE('',#3720,#936);
#656=LINE('',#3723,#937);
#657=LINE('',#3725,#938);
#658=LINE('',#3726,#939);
#659=LINE('',#3728,#940);
#660=LINE('',#3733,#941);
#661=LINE('',#3736,#942);
#662=LINE('',#3738,#943);
#663=LINE('',#3740,#944);
#664=LINE('',#3741,#945);
#665=LINE('',#3744,#946);
#666=LINE('',#3748,#947);
#667=LINE('',#3749,#948);
#668=LINE('',#3752,#949);
#669=LINE('',#3753,#950);
#670=LINE('',#3756,#951);
#671=LINE('',#3757,#952);
#672=LINE('',#3760,#953);
#673=LINE('',#3761,#954);
#674=LINE('',#3764,#955);
#675=LINE('',#3765,#956);
#676=LINE('',#3767,#957);
#677=VECTOR('',#2387,2.25);
#678=VECTOR('',#2392,2.25);
#679=VECTOR('',#2395,2.25);
#680=VECTOR('',#2404,2.25);
#681=VECTOR('',#2411,1.625);
#682=VECTOR('',#2418,1.);
#683=VECTOR('',#2423,1.625);
#684=VECTOR('',#2430,1.);
#685=VECTOR('',#2435,1.625);
#686=VECTOR('',#2440,1.);
#687=VECTOR('',#2445,1.625);
#688=VECTOR('',#2452,1.);
#689=VECTOR('',#2455,2.25);
#690=VECTOR('',#2464,2.25);
#691=VECTOR('',#2473,10.);
#692=VECTOR('',#2474,10.);
#693=VECTOR('',#2475,10.);
#694=VECTOR('',#2476,10.);
#695=VECTOR('',#2477,10.);
#696=VECTOR('',#2478,10.);
#697=VECTOR('',#2479,10.);
#698=VECTOR('',#2480,10.);
#699=VECTOR('',#2483,10.);
#700=VECTOR('',#2484,10.);
#701=VECTOR('',#2485,10.);
#702=VECTOR('',#2486,10.);
#703=VECTOR('',#2487,10.);
#704=VECTOR('',#2488,10.);
#705=VECTOR('',#2489,10.);
#706=VECTOR('',#2490,10.);
#707=VECTOR('',#2493,10.);
#708=VECTOR('',#2494,10.);
#709=VECTOR('',#2495,10.);
#710=VECTOR('',#2496,10.);
#711=VECTOR('',#2497,10.);
#712=VECTOR('',#2498,10.);
#713=VECTOR('',#2499,10.);
#714=VECTOR('',#2500,10.);
#715=VECTOR('',#2501,10.);
#716=VECTOR('',#2502,10.);
#717=VECTOR('',#2503,10.);
#718=VECTOR('',#2504,10.);
#719=VECTOR('',#2505,10.);
#720=VECTOR('',#2506,10.);
#721=VECTOR('',#2507,10.);
#722=VECTOR('',#2508,10.);
#723=VECTOR('',#2509,10.);
#724=VECTOR('',#2510,10.);
#725=VECTOR('',#2511,10.);
#726=VECTOR('',#2512,10.);
#727=VECTOR('',#2513,10.);
#728=VECTOR('',#2514,10.);
#729=VECTOR('',#2515,10.);
#730=VECTOR('',#2518,10.);
#731=VECTOR('',#2519,10.);
#732=VECTOR('',#2520,10.);
#733=VECTOR('',#2521,10.);
#734=VECTOR('',#2522,10.);
#735=VECTOR('',#2523,10.);
#736=VECTOR('',#2524,10.);
#737=VECTOR('',#2525,10.);
#738=VECTOR('',#2526,10.);
#739=VECTOR('',#2527,10.);
#740=VECTOR('',#2528,10.);
#741=VECTOR('',#2529,10.);
#742=VECTOR('',#2530,10.);
#743=VECTOR('',#2531,10.);
#744=VECTOR('',#2532,10.);
#745=VECTOR('',#2533,10.);
#746=VECTOR('',#2534,10.);
#747=VECTOR('',#2535,10.);
#748=VECTOR('',#2536,10.);
#749=VECTOR('',#2537,10.);
#750=VECTOR('',#2538,10.);
#751=VECTOR('',#2539,10.);
#752=VECTOR('',#2540,10.);
#753=VECTOR('',#2543,10.);
#754=VECTOR('',#2544,10.);
#755=VECTOR('',#2545,10.);
#756=VECTOR('',#2546,10.);
#757=VECTOR('',#2547,10.);
#758=VECTOR('',#2548,10.);
#759=VECTOR('',#2549,10.);
#760=VECTOR('',#2552,10.);
#761=VECTOR('',#2553,10.);
#762=VECTOR('',#2554,10.);
#763=VECTOR('',#2557,10.);
#764=VECTOR('',#2558,10.);
#765=VECTOR('',#2559,10.);
#766=VECTOR('',#2560,10.);
#767=VECTOR('',#2561,10.);
#768=VECTOR('',#2562,10.);
#769=VECTOR('',#2563,10.);
#770=VECTOR('',#2564,10.);
#771=VECTOR('',#2565,10.);
#772=VECTOR('',#2566,10.);
#773=VECTOR('',#2567,10.);
#774=VECTOR('',#2568,10.);
#775=VECTOR('',#2569,10.);
#776=VECTOR('',#2570,10.);
#777=VECTOR('',#2571,10.);
#778=VECTOR('',#2572,10.);
#779=VECTOR('',#2579,10.);
#780=VECTOR('',#2580,10.);
#781=VECTOR('',#2581,10.);
#782=VECTOR('',#2582,10.);
#783=VECTOR('',#2583,10.);
#784=VECTOR('',#2584,10.);
#785=VECTOR('',#2585,10.);
#786=VECTOR('',#2586,10.);
#787=VECTOR('',#2587,10.);
#788=VECTOR('',#2588,10.);
#789=VECTOR('',#2589,10.);
#790=VECTOR('',#2596,10.);
#791=VECTOR('',#2597,10.);
#792=VECTOR('',#2598,10.);
#793=VECTOR('',#2599,10.);
#794=VECTOR('',#2602,10.);
#795=VECTOR('',#2605,10.);
#796=VECTOR('',#2608,10.);
#797=VECTOR('',#2609,10.);
#798=VECTOR('',#2610,10.);
#799=VECTOR('',#2611,10.);
#800=VECTOR('',#2612,10.);
#801=VECTOR('',#2615,10.);
#802=VECTOR('',#2616,10.);
#803=VECTOR('',#2619,10.);
#804=VECTOR('',#2620,10.);
#805=VECTOR('',#2621,10.);
#806=VECTOR('',#2622,10.);
#807=VECTOR('',#2625,10.);
#808=VECTOR('',#2628,10.);
#809=VECTOR('',#2631,10.);
#810=VECTOR('',#2636,10.);
#811=VECTOR('',#2637,10.);
#812=VECTOR('',#2638,10.);
#813=VECTOR('',#2639,10.);
#814=VECTOR('',#2642,10.);
#815=VECTOR('',#2643,10.);
#816=VECTOR('',#2644,10.);
#817=VECTOR('',#2645,10.);
#818=VECTOR('',#2646,10.);
#819=VECTOR('',#2649,10.);
#820=VECTOR('',#2652,10.);
#821=VECTOR('',#2653,10.);
#822=VECTOR('',#2654,10.);
#823=VECTOR('',#2655,10.);
#824=VECTOR('',#2658,10.);
#825=VECTOR('',#2661,10.);
#826=VECTOR('',#2666,10.);
#827=VECTOR('',#2667,10.);
#828=VECTOR('',#2670,10.);
#829=VECTOR('',#2671,10.);
#830=VECTOR('',#2672,10.);
#831=VECTOR('',#2675,10.);
#832=VECTOR('',#2676,10.);
#833=VECTOR('',#2677,10.);
#834=VECTOR('',#2680,10.);
#835=VECTOR('',#2681,10.);
#836=VECTOR('',#2682,10.);
#837=VECTOR('',#2685,10.);
#838=VECTOR('',#2686,10.);
#839=VECTOR('',#2687,10.);
#840=VECTOR('',#2688,10.);
#841=VECTOR('',#2689,10.);
#842=VECTOR('',#2692,10.);
#843=VECTOR('',#2693,10.);
#844=VECTOR('',#2694,10.);
#845=VECTOR('',#2695,10.);
#846=VECTOR('',#2698,10.);
#847=VECTOR('',#2699,10.);
#848=VECTOR('',#2700,10.);
#849=VECTOR('',#2703,10.);
#850=VECTOR('',#2704,10.);
#851=VECTOR('',#2709,10.);
#852=VECTOR('',#2710,10.);
#853=VECTOR('',#2711,10.);
#854=VECTOR('',#2712,10.);
#855=VECTOR('',#2713,10.);
#856=VECTOR('',#2716,10.);
#857=VECTOR('',#2717,10.);
#858=VECTOR('',#2720,10.);
#859=VECTOR('',#2721,10.);
#860=VECTOR('',#2722,10.);
#861=VECTOR('',#2725,10.);
#862=VECTOR('',#2728,10.);
#863=VECTOR('',#2729,10.);
#864=VECTOR('',#2730,10.);
#865=VECTOR('',#2731,10.);
#866=VECTOR('',#2732,10.);
#867=VECTOR('',#2733,10.);
#868=VECTOR('',#2734,10.);
#869=VECTOR('',#2735,10.);
#870=VECTOR('',#2738,10.);
#871=VECTOR('',#2739,10.);
#872=VECTOR('',#2740,10.);
#873=VECTOR('',#2741,10.);
#874=VECTOR('',#2742,10.);
#875=VECTOR('',#2743,10.);
#876=VECTOR('',#2746,10.);
#877=VECTOR('',#2747,10.);
#878=VECTOR('',#2748,10.);
#879=VECTOR('',#2751,10.);
#880=VECTOR('',#2752,10.);
#881=VECTOR('',#2753,10.);
#882=VECTOR('',#2756,10.);
#883=VECTOR('',#2757,10.);
#884=VECTOR('',#2760,10.);
#885=VECTOR('',#2761,10.);
#886=VECTOR('',#2762,10.);
#887=VECTOR('',#2765,10.);
#888=VECTOR('',#2768,10.);
#889=VECTOR('',#2769,10.);
#890=VECTOR('',#2772,10.);
#891=VECTOR('',#2773,10.);
#892=VECTOR('',#2776,10.);
#893=VECTOR('',#2777,10.);
#894=VECTOR('',#2780,10.);
#895=VECTOR('',#2781,10.);
#896=VECTOR('',#2788,10.);
#897=VECTOR('',#2789,10.);
#898=VECTOR('',#2790,10.);
#899=VECTOR('',#2793,10.);
#900=VECTOR('',#2794,10.);
#901=VECTOR('',#2795,10.);
#902=VECTOR('',#2798,10.);
#903=VECTOR('',#2799,10.);
#904=VECTOR('',#2802,10.);
#905=VECTOR('',#2803,10.);
#906=VECTOR('',#2804,10.);
#907=VECTOR('',#2807,10.);
#908=VECTOR('',#2810,10.);
#909=VECTOR('',#2811,10.);
#910=VECTOR('',#2814,10.);
#911=VECTOR('',#2815,10.);
#912=VECTOR('',#2818,10.);
#913=VECTOR('',#2819,10.);
#914=VECTOR('',#2822,10.);
#915=VECTOR('',#2823,10.);
#916=VECTOR('',#2830,10.);
#917=VECTOR('',#2835,10.);
#918=VECTOR('',#2840,10.);
#919=VECTOR('',#2841,10.);
#920=VECTOR('',#2842,10.);
#921=VECTOR('',#2843,10.);
#922=VECTOR('',#2846,10.);
#923=VECTOR('',#2847,10.);
#924=VECTOR('',#2848,10.);
#925=VECTOR('',#2849,10.);
#926=VECTOR('',#2850,10.);
#927=VECTOR('',#2853,10.);
#928=VECTOR('',#2854,10.);
#929=VECTOR('',#2855,10.);
#930=VECTOR('',#2856,10.);
#931=VECTOR('',#2859,10.);
#932=VECTOR('',#2862,10.);
#933=VECTOR('',#2863,10.);
#934=VECTOR('',#2864,10.);
#935=VECTOR('',#2867,10.);
#936=VECTOR('',#2870,10.);
#937=VECTOR('',#2873,10.);
#938=VECTOR('',#2874,10.);
#939=VECTOR('',#2875,10.);
#940=VECTOR('',#2878,10.);
#941=VECTOR('',#2887,10.);
#942=VECTOR('',#2892,2.75);
#943=VECTOR('',#2895,2.75);
#944=VECTOR('',#2898,10.);
#945=VECTOR('',#2899,10.);
#946=VECTOR('',#2904,10.);
#947=VECTOR('',#2909,10.);
#948=VECTOR('',#2910,10.);
#949=VECTOR('',#2913,10.);
#950=VECTOR('',#2914,10.);
#951=VECTOR('',#2917,10.);
#952=VECTOR('',#2918,10.);
#953=VECTOR('',#2921,10.);
#954=VECTOR('',#2922,10.);
#955=VECTOR('',#2925,10.);
#956=VECTOR('',#2926,10.);
#957=VECTOR('',#2929,10.);
#958=VERTEX_POINT('',#2934);
#959=VERTEX_POINT('',#2935);
#960=VERTEX_POINT('',#2937);
#961=VERTEX_POINT('',#2950);
#962=VERTEX_POINT('',#2951);
#963=VERTEX_POINT('',#2953);
#964=VERTEX_POINT('',#2955);
#965=VERTEX_POINT('',#2990);
#966=VERTEX_POINT('',#3005);
#967=VERTEX_POINT('',#3018);
#968=VERTEX_POINT('',#3030);
#969=VERTEX_POINT('',#3033);
#970=VERTEX_POINT('',#3080);
#971=VERTEX_POINT('',#3084);
#972=VERTEX_POINT('',#3088);
#973=VERTEX_POINT('',#3090);
#974=VERTEX_POINT('',#3094);
#975=VERTEX_POINT('',#3098);
#976=VERTEX_POINT('',#3112);
#977=VERTEX_POINT('',#3116);
#978=VERTEX_POINT('',#3118);
#979=VERTEX_POINT('',#3122);
#980=VERTEX_POINT('',#3126);
#981=VERTEX_POINT('',#3128);
#982=VERTEX_POINT('',#3130);
#983=VERTEX_POINT('',#3133);
#984=VERTEX_POINT('',#3177);
#985=VERTEX_POINT('',#3179);
#986=VERTEX_POINT('',#3181);
#987=VERTEX_POINT('',#3184);
#988=VERTEX_POINT('',#3228);
#989=VERTEX_POINT('',#3229);
#990=VERTEX_POINT('',#3231);
#991=VERTEX_POINT('',#3233);
#992=VERTEX_POINT('',#3235);
#993=VERTEX_POINT('',#3237);
#994=VERTEX_POINT('',#3239);
#995=VERTEX_POINT('',#3241);
#996=VERTEX_POINT('',#3245);
#997=VERTEX_POINT('',#3246);
#998=VERTEX_POINT('',#3248);
#999=VERTEX_POINT('',#3250);
#1000=VERTEX_POINT('',#3252);
#1001=VERTEX_POINT('',#3254);
#1002=VERTEX_POINT('',#3256);
#1003=VERTEX_POINT('',#3258);
#1004=VERTEX_POINT('',#3262);
#1005=VERTEX_POINT('',#3264);
#1006=VERTEX_POINT('',#3266);
#1007=VERTEX_POINT('',#3268);
#1008=VERTEX_POINT('',#3270);
#1009=VERTEX_POINT('',#3272);
#1010=VERTEX_POINT('',#3274);
#1011=VERTEX_POINT('',#3276);
#1012=VERTEX_POINT('',#3278);
#1013=VERTEX_POINT('',#3280);
#1014=VERTEX_POINT('',#3282);
#1015=VERTEX_POINT('',#3284);
#1016=VERTEX_POINT('',#3287);
#1017=VERTEX_POINT('',#3288);
#1018=VERTEX_POINT('',#3290);
#1019=VERTEX_POINT('',#3292);
#1020=VERTEX_POINT('',#3294);
#1021=VERTEX_POINT('',#3296);
#1022=VERTEX_POINT('',#3298);
#1023=VERTEX_POINT('',#3300);
#1024=VERTEX_POINT('',#3302);
#1025=VERTEX_POINT('',#3304);
#1026=VERTEX_POINT('',#3308);
#1027=VERTEX_POINT('',#3310);
#1028=VERTEX_POINT('',#3312);
#1029=VERTEX_POINT('',#3314);
#1030=VERTEX_POINT('',#3316);
#1031=VERTEX_POINT('',#3318);
#1032=VERTEX_POINT('',#3320);
#1033=VERTEX_POINT('',#3322);
#1034=VERTEX_POINT('',#3324);
#1035=VERTEX_POINT('',#3326);
#1036=VERTEX_POINT('',#3328);
#1037=VERTEX_POINT('',#3330);
#1038=VERTEX_POINT('',#3333);
#1039=VERTEX_POINT('',#3334);
#1040=VERTEX_POINT('',#3336);
#1041=VERTEX_POINT('',#3338);
#1042=VERTEX_POINT('',#3340);
#1043=VERTEX_POINT('',#3342);
#1044=VERTEX_POINT('',#3344);
#1045=VERTEX_POINT('',#3346);
#1046=VERTEX_POINT('',#3348);
#1047=VERTEX_POINT('',#3350);
#1048=VERTEX_POINT('',#3354);
#1049=VERTEX_POINT('',#3356);
#1050=VERTEX_POINT('',#3358);
#1051=VERTEX_POINT('',#3360);
#1052=VERTEX_POINT('',#3362);
#1053=VERTEX_POINT('',#3364);
#1054=VERTEX_POINT('',#3368);
#1055=VERTEX_POINT('',#3370);
#1056=VERTEX_POINT('',#3374);
#1057=VERTEX_POINT('',#3376);
#1058=VERTEX_POINT('',#3378);
#1059=VERTEX_POINT('',#3380);
#1060=VERTEX_POINT('',#3382);
#1061=VERTEX_POINT('',#3385);
#1062=VERTEX_POINT('',#3387);
#1063=VERTEX_POINT('',#3390);
#1064=VERTEX_POINT('',#3392);
#1065=VERTEX_POINT('',#3394);
#1066=VERTEX_POINT('',#3396);
#1067=VERTEX_POINT('',#3398);
#1068=VERTEX_POINT('',#3402);
#1069=VERTEX_POINT('',#3404);
#1070=VERTEX_POINT('',#3407);
#1071=VERTEX_POINT('',#3410);
#1072=VERTEX_POINT('',#3412);
#1073=VERTEX_POINT('',#3414);
#1074=VERTEX_POINT('',#3417);
#1075=VERTEX_POINT('',#3419);
#1076=VERTEX_POINT('',#3422);
#1077=VERTEX_POINT('',#3425);
#1078=VERTEX_POINT('',#3427);
#1079=VERTEX_POINT('',#3430);
#1080=VERTEX_POINT('',#3432);
#1081=VERTEX_POINT('',#3434);
#1082=VERTEX_POINT('',#3442);
#1083=VERTEX_POINT('',#3444);
#1084=VERTEX_POINT('',#3446);
#1085=VERTEX_POINT('',#3448);
#1086=VERTEX_POINT('',#3452);
#1087=VERTEX_POINT('',#3456);
#1088=VERTEX_POINT('',#3458);
#1089=VERTEX_POINT('',#3460);
#1090=VERTEX_POINT('',#3471);
#1091=VERTEX_POINT('',#3473);
#1092=VERTEX_POINT('',#3475);
#1093=VERTEX_POINT('',#3479);
#1094=VERTEX_POINT('',#3482);
#1095=VERTEX_POINT('',#3484);
#1096=VERTEX_POINT('',#3490);
#1097=VERTEX_POINT('',#3491);
#1098=VERTEX_POINT('',#3493);
#1099=VERTEX_POINT('',#3503);
#1100=VERTEX_POINT('',#3507);
#1101=VERTEX_POINT('',#3508);
#1102=VERTEX_POINT('',#3510);
#1103=VERTEX_POINT('',#3514);
#1104=VERTEX_POINT('',#3516);
#1105=VERTEX_POINT('',#3521);
#1106=VERTEX_POINT('',#3525);
#1107=VERTEX_POINT('',#3527);
#1108=VERTEX_POINT('',#3529);
#1109=VERTEX_POINT('',#3534);
#1110=VERTEX_POINT('',#3536);
#1111=VERTEX_POINT('',#3538);
#1112=VERTEX_POINT('',#3542);
#1113=VERTEX_POINT('',#3544);
#1114=VERTEX_POINT('',#3552);
#1115=VERTEX_POINT('',#3554);
#1116=VERTEX_POINT('',#3556);
#1117=VERTEX_POINT('',#3558);
#1118=VERTEX_POINT('',#3562);
#1119=VERTEX_POINT('',#3566);
#1120=VERTEX_POINT('',#3568);
#1121=VERTEX_POINT('',#3574);
#1122=VERTEX_POINT('',#3577);
#1123=VERTEX_POINT('',#3579);
#1124=VERTEX_POINT('',#3581);
#1125=VERTEX_POINT('',#3584);
#1126=VERTEX_POINT('',#3588);
#1127=VERTEX_POINT('',#3590);
#1128=VERTEX_POINT('',#3592);
#1129=VERTEX_POINT('',#3594);
#1130=VERTEX_POINT('',#3599);
#1131=VERTEX_POINT('',#3601);
#1132=VERTEX_POINT('',#3605);
#1133=VERTEX_POINT('',#3607);
#1134=VERTEX_POINT('',#3611);
#1135=VERTEX_POINT('',#3615);
#1136=VERTEX_POINT('',#3617);
#1137=VERTEX_POINT('',#3623);
#1138=VERTEX_POINT('',#3627);
#1139=VERTEX_POINT('',#3631);
#1140=VERTEX_POINT('',#3640);
#1141=VERTEX_POINT('',#3642);
#1142=VERTEX_POINT('',#3646);
#1143=VERTEX_POINT('',#3648);
#1144=VERTEX_POINT('',#3652);
#1145=VERTEX_POINT('',#3656);
#1146=VERTEX_POINT('',#3658);
#1147=VERTEX_POINT('',#3664);
#1148=VERTEX_POINT('',#3668);
#1149=VERTEX_POINT('',#3672);
#1150=VERTEX_POINT('',#3687);
#1151=VERTEX_POINT('',#3688);
#1152=VERTEX_POINT('',#3694);
#1153=VERTEX_POINT('',#3695);
#1154=VERTEX_POINT('',#3698);
#1155=VERTEX_POINT('',#3700);
#1156=VERTEX_POINT('',#3705);
#1157=VERTEX_POINT('',#3712);
#1158=VERTEX_POINT('',#3714);
#1159=VERTEX_POINT('',#3722);
#1160=VERTEX_POINT('',#3724);
#1161=VERTEX_POINT('',#3747);
#1162=VERTEX_POINT('',#3751);
#1163=VERTEX_POINT('',#3755);
#1164=VERTEX_POINT('',#3759);
#1165=VERTEX_POINT('',#3763);
#1166=EDGE_CURVE('',#958,#959,#396,.T.);
#1167=EDGE_CURVE('',#960,#958,#372,.T.);
#1168=EDGE_CURVE('',#959,#960,#362,.T.);
#1169=EDGE_CURVE('',#961,#962,#397,.T.);
#1170=EDGE_CURVE('',#961,#963,#373,.T.);
#1171=EDGE_CURVE('',#964,#963,#363,.T.);
#1172=EDGE_CURVE('',#964,#965,#398,.T.);
#1173=EDGE_CURVE('',#965,#965,#374,.T.);
#1174=EDGE_CURVE('',#962,#964,#364,.T.);
#1175=EDGE_CURVE('',#966,#962,#365,.T.);
#1176=EDGE_CURVE('',#966,#961,#375,.T.);
#1177=EDGE_CURVE('',#967,#959,#366,.T.);
#1178=EDGE_CURVE('',#967,#968,#399,.T.);
#1179=EDGE_CURVE('',#968,#968,#376,.T.);
#1180=EDGE_CURVE('',#969,#967,#367,.T.);
#1181=EDGE_CURVE('',#958,#969,#377,.T.);
#1182=EDGE_CURVE('',#963,#966,#368,.T.);
#1183=EDGE_CURVE('',#961,#970,#400,.T.);
#1184=EDGE_CURVE('',#970,#970,#378,.T.);
#1185=EDGE_CURVE('',#971,#971,#379,.T.);
#1186=EDGE_CURVE('',#971,#970,#401,.T.);
#1187=EDGE_CURVE('',#972,#972,#380,.T.);
#1188=EDGE_CURVE('',#972,#973,#402,.T.);
#1189=EDGE_CURVE('',#973,#973,#381,.T.);
#1190=EDGE_CURVE('',#974,#974,#382,.T.);
#1191=EDGE_CURVE('',#974,#973,#403,.T.);
#1192=EDGE_CURVE('',#975,#975,#383,.T.);
#1193=EDGE_CURVE('',#975,#958,#404,.T.);
#1194=EDGE_CURVE('',#960,#969,#369,.T.);
#1195=EDGE_CURVE('',#976,#976,#384,.T.);
#1196=EDGE_CURVE('',#976,#975,#405,.T.);
#1197=EDGE_CURVE('',#977,#977,#385,.T.);
#1198=EDGE_CURVE('',#977,#978,#406,.T.);
#1199=EDGE_CURVE('',#978,#978,#386,.T.);
#1200=EDGE_CURVE('',#979,#979,#387,.T.);
#1201=EDGE_CURVE('',#979,#977,#407,.T.);
#1202=EDGE_CURVE('',#972,#980,#408,.T.);
#1203=EDGE_CURVE('',#981,#980,#388,.T.);
#1204=EDGE_CURVE('',#982,#981,#124,.T.);
#1205=EDGE_CURVE('',#980,#982,#389,.T.);
#1206=EDGE_CURVE('',#983,#983,#370,.T.);
#1207=EDGE_CURVE('',#978,#984,#409,.T.);
#1208=EDGE_CURVE('',#985,#984,#390,.T.);
#1209=EDGE_CURVE('',#986,#985,#125,.T.);
#1210=EDGE_CURVE('',#984,#986,#391,.T.);
#1211=EDGE_CURVE('',#987,#987,#371,.T.);
#1212=EDGE_CURVE('',#988,#989,#410,.T.);
#1213=EDGE_CURVE('',#989,#990,#411,.T.);
#1214=EDGE_CURVE('',#990,#991,#412,.F.);
#1215=EDGE_CURVE('',#992,#991,#413,.T.);
#1216=EDGE_CURVE('',#993,#992,#414,.T.);
#1217=EDGE_CURVE('',#994,#993,#415,.T.);
#1218=EDGE_CURVE('',#994,#995,#416,.T.);
#1219=EDGE_CURVE('',#995,#988,#417,.T.);
#1220=EDGE_CURVE('',#996,#997,#418,.T.);
#1221=EDGE_CURVE('',#997,#998,#419,.T.);
#1222=EDGE_CURVE('',#999,#998,#420,.T.);
#1223=EDGE_CURVE('',#1000,#999,#421,.T.);
#1224=EDGE_CURVE('',#1001,#1000,#422,.T.);
#1225=EDGE_CURVE('',#1002,#1001,#423,.T.);
#1226=EDGE_CURVE('',#1002,#1003,#424,.F.);
#1227=EDGE_CURVE('',#1003,#996,#425,.T.);
#1228=EDGE_CURVE('',#1004,#982,#426,.T.);
#1229=EDGE_CURVE('',#1004,#1005,#427,.T.);
#1230=EDGE_CURVE('',#1005,#1006,#428,.T.);
#1231=EDGE_CURVE('',#1006,#1007,#429,.T.);
#1232=EDGE_CURVE('',#1007,#1008,#430,.T.);
#1233=EDGE_CURVE('',#1008,#1009,#431,.T.);
#1234=EDGE_CURVE('',#1009,#1010,#432,.T.);
#1235=EDGE_CURVE('',#1010,#1011,#433,.T.);
#1236=EDGE_CURVE('',#1012,#1011,#434,.T.);
#1237=EDGE_CURVE('',#1012,#1013,#435,.T.);
#1238=EDGE_CURVE('',#1013,#1014,#436,.T.);
#1239=EDGE_CURVE('',#1014,#1015,#437,.T.);
#1240=EDGE_CURVE('',#981,#1015,#438,.T.);
#1241=EDGE_CURVE('',#1016,#1017,#439,.T.);
#1242=EDGE_CURVE('',#1017,#1018,#440,.T.);
#1243=EDGE_CURVE('',#1018,#1019,#441,.T.);
#1244=EDGE_CURVE('',#1019,#1020,#442,.T.);
#1245=EDGE_CURVE('',#1020,#1021,#443,.T.);
#1246=EDGE_CURVE('',#1021,#1022,#444,.T.);
#1247=EDGE_CURVE('',#1022,#1023,#445,.T.);
#1248=EDGE_CURVE('',#1023,#1024,#446,.T.);
#1249=EDGE_CURVE('',#1024,#1025,#447,.T.);
#1250=EDGE_CURVE('',#1025,#1016,#448,.T.);
#1251=EDGE_CURVE('',#1026,#986,#449,.T.);
#1252=EDGE_CURVE('',#1026,#1027,#450,.T.);
#1253=EDGE_CURVE('',#1027,#1028,#451,.T.);
#1254=EDGE_CURVE('',#1028,#1029,#452,.T.);
#1255=EDGE_CURVE('',#1030,#1029,#453,.T.);
#1256=EDGE_CURVE('',#1030,#1031,#454,.T.);
#1257=EDGE_CURVE('',#1031,#1032,#455,.T.);
#1258=EDGE_CURVE('',#1032,#1033,#456,.T.);
#1259=EDGE_CURVE('',#1033,#1034,#457,.T.);
#1260=EDGE_CURVE('',#1034,#1035,#458,.T.);
#1261=EDGE_CURVE('',#1036,#1035,#459,.T.);
#1262=EDGE_CURVE('',#1036,#1037,#460,.T.);
#1263=EDGE_CURVE('',#985,#1037,#461,.T.);
#1264=EDGE_CURVE('',#1038,#1039,#462,.T.);
#1265=EDGE_CURVE('',#1039,#1040,#463,.T.);
#1266=EDGE_CURVE('',#1040,#1041,#464,.T.);
#1267=EDGE_CURVE('',#1041,#1042,#465,.T.);
#1268=EDGE_CURVE('',#1042,#1043,#466,.T.);
#1269=EDGE_CURVE('',#1043,#1044,#467,.T.);
#1270=EDGE_CURVE('',#1044,#1045,#468,.T.);
#1271=EDGE_CURVE('',#1045,#1046,#469,.T.);
#1272=EDGE_CURVE('',#1046,#1047,#470,.T.);
#1273=EDGE_CURVE('',#1047,#1038,#471,.T.);
#1274=EDGE_CURVE('',#992,#1048,#472,.T.);
#1275=EDGE_CURVE('',#1048,#1049,#473,.T.);
#1276=EDGE_CURVE('',#1049,#1050,#474,.T.);
#1277=EDGE_CURVE('',#1050,#1051,#475,.T.);
#1278=EDGE_CURVE('',#1051,#1052,#476,.T.);
#1279=EDGE_CURVE('',#1052,#1053,#477,.T.);
#1280=EDGE_CURVE('',#1053,#993,#478,.T.);
#1281=EDGE_CURVE('',#1054,#1048,#479,.F.);
#1282=EDGE_CURVE('',#1055,#1054,#480,.T.);
#1283=EDGE_CURVE('',#1055,#1049,#481,.T.);
#1284=EDGE_CURVE('',#991,#1056,#482,.T.);
#1285=EDGE_CURVE('',#1056,#1057,#483,.T.);
#1286=EDGE_CURVE('',#1057,#1058,#484,.T.);
#1287=EDGE_CURVE('',#1058,#1059,#485,.T.);
#1288=EDGE_CURVE('',#1059,#1060,#486,.T.);
#1289=EDGE_CURVE('',#1060,#1002,#487,.T.);
#1290=EDGE_CURVE('',#1061,#1001,#488,.T.);
#1291=EDGE_CURVE('',#1061,#1062,#489,.F.);
#1292=EDGE_CURVE('',#1037,#1062,#490,.T.);
#1293=EDGE_CURVE('',#1063,#1036,#491,.T.);
#1294=EDGE_CURVE('',#1064,#1063,#492,.T.);
#1295=EDGE_CURVE('',#1065,#1064,#493,.T.);
#1296=EDGE_CURVE('',#1065,#1066,#494,.F.);
#1297=EDGE_CURVE('',#1066,#1067,#495,.F.);
#1298=EDGE_CURVE('',#1067,#1005,#496,.F.);
#1299=EDGE_CURVE('',#1054,#1004,#497,.T.);
#1300=EDGE_CURVE('',#1068,#1068,#392,.T.);
#1301=EDGE_CURVE('',#1069,#1069,#393,.T.);
#1302=EDGE_CURVE('',#1070,#1053,#498,.T.);
#1303=EDGE_CURVE('',#1015,#1070,#499,.T.);
#1304=EDGE_CURVE('',#1071,#1014,#500,.T.);
#1305=EDGE_CURVE('',#1072,#1071,#501,.T.);
#1306=EDGE_CURVE('',#1072,#1073,#502,.T.);
#1307=EDGE_CURVE('',#1073,#1027,#503,.T.);
#1308=EDGE_CURVE('',#1074,#1026,#504,.T.);
#1309=EDGE_CURVE('',#1075,#1074,#505,.T.);
#1310=EDGE_CURVE('',#1000,#1075,#506,.T.);
#1311=EDGE_CURVE('',#999,#1076,#507,.T.);
#1312=EDGE_CURVE('',#1076,#994,#508,.T.);
#1313=EDGE_CURVE('',#1077,#1077,#394,.T.);
#1314=EDGE_CURVE('',#1078,#1078,#395,.T.);
#1315=EDGE_CURVE('',#1070,#1079,#509,.T.);
#1316=EDGE_CURVE('',#1079,#1080,#510,.T.);
#1317=EDGE_CURVE('',#1080,#1081,#511,.T.);
#1318=EDGE_CURVE('',#1081,#1055,#512,.T.);
#1319=EDGE_CURVE('',#1081,#1050,#513,.T.);
#1320=EDGE_CURVE('',#1080,#1051,#514,.F.);
#1321=EDGE_CURVE('',#1075,#1082,#515,.T.);
#1322=EDGE_CURVE('',#1082,#1083,#516,.T.);
#1323=EDGE_CURVE('',#1083,#1084,#517,.T.);
#1324=EDGE_CURVE('',#1084,#1085,#518,.T.);
#1325=EDGE_CURVE('',#1085,#1061,#519,.T.);
#1326=EDGE_CURVE('',#1086,#1074,#520,.T.);
#1327=EDGE_CURVE('',#1086,#1082,#521,.T.);
#1328=EDGE_CURVE('',#1062,#1087,#522,.T.);
#1329=EDGE_CURVE('',#1087,#1088,#523,.T.);
#1330=EDGE_CURVE('',#1088,#1089,#524,.T.);
#1331=EDGE_CURVE('',#1089,#1086,#525,.T.);
#1332=EDGE_CURVE('',#1083,#1089,#526,.F.);
#1333=EDGE_CURVE('',#1084,#1088,#527,.T.);
#1334=EDGE_CURVE('',#1085,#1087,#528,.T.);
#1335=EDGE_CURVE('',#1090,#1003,#529,.T.);
#1336=EDGE_CURVE('',#1090,#1091,#530,.T.);
#1337=EDGE_CURVE('',#1092,#1091,#531,.T.);
#1338=EDGE_CURVE('',#996,#1092,#532,.F.);
#1339=EDGE_CURVE('',#1093,#1092,#533,.T.);
#1340=EDGE_CURVE('',#1059,#1091,#534,.T.);
#1341=EDGE_CURVE('',#1058,#1094,#535,.T.);
#1342=EDGE_CURVE('',#1095,#1094,#536,.T.);
#1343=EDGE_CURVE('',#1095,#1093,#537,.T.);
#1344=EDGE_CURVE('',#1060,#1090,#538,.F.);
#1345=EDGE_CURVE('',#1096,#1097,#539,.T.);
#1346=EDGE_CURVE('',#1096,#1098,#540,.T.);
#1347=EDGE_CURVE('',#990,#1098,#541,.T.);
#1348=EDGE_CURVE('',#989,#1097,#542,.T.);
#1349=EDGE_CURVE('',#1056,#1098,#543,.T.);
#1350=EDGE_CURVE('',#1057,#1096,#544,.T.);
#1351=EDGE_CURVE('',#1099,#1093,#545,.T.);
#1352=EDGE_CURVE('',#1099,#1095,#546,.T.);
#1353=EDGE_CURVE('',#1100,#1101,#547,.T.);
#1354=EDGE_CURVE('',#1102,#1101,#548,.T.);
#1355=EDGE_CURVE('',#1100,#1102,#549,.T.);
#1356=EDGE_CURVE('',#1094,#1103,#550,.T.);
#1357=EDGE_CURVE('',#1104,#1103,#551,.T.);
#1358=EDGE_CURVE('',#1099,#1104,#552,.T.);
#1359=EDGE_CURVE('',#1102,#1094,#553,.T.);
#1360=EDGE_CURVE('',#1101,#1105,#554,.T.);
#1361=EDGE_CURVE('',#1103,#1105,#555,.T.);
#1362=EDGE_CURVE('',#988,#1106,#556,.T.);
#1363=EDGE_CURVE('',#1107,#1106,#557,.T.);
#1364=EDGE_CURVE('',#1108,#1107,#558,.T.);
#1365=EDGE_CURVE('',#1105,#1108,#559,.T.);
#1366=EDGE_CURVE('',#1097,#1100,#560,.T.);
#1367=EDGE_CURVE('',#1109,#1104,#561,.T.);
#1368=EDGE_CURVE('',#1110,#1109,#562,.T.);
#1369=EDGE_CURVE('',#1111,#1110,#563,.T.);
#1370=EDGE_CURVE('',#997,#1111,#564,.T.);
#1371=EDGE_CURVE('',#1112,#995,#565,.T.);
#1372=EDGE_CURVE('',#1112,#1113,#566,.T.);
#1373=EDGE_CURVE('',#1106,#1113,#567,.T.);
#1374=EDGE_CURVE('',#998,#1112,#568,.T.);
#1375=EDGE_CURVE('',#1113,#1111,#569,.T.);
#1376=EDGE_CURVE('',#1110,#1114,#570,.T.);
#1377=EDGE_CURVE('',#1115,#1114,#571,.T.);
#1378=EDGE_CURVE('',#1116,#1115,#572,.T.);
#1379=EDGE_CURVE('',#1117,#1116,#573,.T.);
#1380=EDGE_CURVE('',#1107,#1117,#574,.F.);
#1381=EDGE_CURVE('',#1109,#1118,#575,.F.);
#1382=EDGE_CURVE('',#1114,#1118,#576,.T.);
#1383=EDGE_CURVE('',#1108,#1119,#577,.T.);
#1384=EDGE_CURVE('',#1120,#1119,#578,.T.);
#1385=EDGE_CURVE('',#1118,#1120,#579,.T.);
#1386=EDGE_CURVE('',#1119,#1117,#580,.T.);
#1387=EDGE_CURVE('',#1121,#1115,#581,.T.);
#1388=EDGE_CURVE('',#1121,#1028,#582,.T.);
#1389=EDGE_CURVE('',#1028,#1122,#583,.T.);
#1390=EDGE_CURVE('',#1122,#1123,#584,.T.);
#1391=EDGE_CURVE('',#1123,#1124,#585,.T.);
#1392=EDGE_CURVE('',#1124,#1013,#586,.T.);
#1393=EDGE_CURVE('',#1013,#1125,#587,.T.);
#1394=EDGE_CURVE('',#1116,#1125,#588,.T.);
#1395=EDGE_CURVE('',#1120,#1126,#589,.T.);
#1396=EDGE_CURVE('',#1126,#1127,#590,.T.);
#1397=EDGE_CURVE('',#1127,#1128,#591,.T.);
#1398=EDGE_CURVE('',#1128,#1129,#592,.T.);
#1399=EDGE_CURVE('',#1129,#1030,#593,.T.);
#1400=EDGE_CURVE('',#1029,#1121,#594,.T.);
#1401=EDGE_CURVE('',#1021,#1130,#595,.T.);
#1402=EDGE_CURVE('',#1020,#1131,#596,.T.);
#1403=EDGE_CURVE('',#1131,#1130,#597,.T.);
#1404=EDGE_CURVE('',#1022,#1132,#598,.T.);
#1405=EDGE_CURVE('',#1130,#1133,#599,.T.);
#1406=EDGE_CURVE('',#1133,#1132,#600,.T.);
#1407=EDGE_CURVE('',#1023,#1134,#601,.T.);
#1408=EDGE_CURVE('',#1132,#1134,#602,.T.);
#1409=EDGE_CURVE('',#1024,#1135,#603,.T.);
#1410=EDGE_CURVE('',#1134,#1136,#604,.T.);
#1411=EDGE_CURVE('',#1135,#1136,#605,.T.);
#1412=EDGE_CURVE('',#1025,#1135,#606,.T.);
#1413=EDGE_CURVE('',#1016,#1137,#607,.T.);
#1414=EDGE_CURVE('',#1136,#1137,#608,.T.);
#1415=EDGE_CURVE('',#1017,#1138,#609,.T.);
#1416=EDGE_CURVE('',#1137,#1138,#610,.T.);
#1417=EDGE_CURVE('',#1018,#1139,#611,.T.);
#1418=EDGE_CURVE('',#1138,#1139,#612,.T.);
#1419=EDGE_CURVE('',#1019,#1131,#613,.T.);
#1420=EDGE_CURVE('',#1139,#1133,#614,.T.);
#1421=EDGE_CURVE('',#1046,#1140,#615,.T.);
#1422=EDGE_CURVE('',#1141,#1140,#616,.T.);
#1423=EDGE_CURVE('',#1047,#1141,#617,.T.);
#1424=EDGE_CURVE('',#1045,#1142,#618,.T.);
#1425=EDGE_CURVE('',#1143,#1142,#619,.T.);
#1426=EDGE_CURVE('',#1140,#1143,#620,.T.);
#1427=EDGE_CURVE('',#1044,#1144,#621,.T.);
#1428=EDGE_CURVE('',#1142,#1144,#622,.T.);
#1429=EDGE_CURVE('',#1043,#1145,#623,.T.);
#1430=EDGE_CURVE('',#1145,#1146,#624,.T.);
#1431=EDGE_CURVE('',#1144,#1146,#625,.T.);
#1432=EDGE_CURVE('',#1042,#1145,#626,.T.);
#1433=EDGE_CURVE('',#1041,#1147,#627,.T.);
#1434=EDGE_CURVE('',#1146,#1147,#628,.T.);
#1435=EDGE_CURVE('',#1040,#1148,#629,.T.);
#1436=EDGE_CURVE('',#1147,#1148,#630,.T.);
#1437=EDGE_CURVE('',#1039,#1149,#631,.T.);
#1438=EDGE_CURVE('',#1148,#1149,#632,.T.);
#1439=EDGE_CURVE('',#1038,#1141,#633,.T.);
#1440=EDGE_CURVE('',#1149,#1143,#634,.T.);
#1441=EDGE_CURVE('',#1076,#1112,#635,.T.);
#1442=EDGE_CURVE('',#1079,#1052,#636,.F.);
#1443=EDGE_CURVE('',#1150,#1151,#637,.T.);
#1444=EDGE_CURVE('',#1033,#1150,#638,.T.);
#1445=EDGE_CURVE('',#1128,#1032,#639,.T.);
#1446=EDGE_CURVE('',#1151,#1127,#640,.T.);
#1447=EDGE_CURVE('',#1152,#1153,#641,.T.);
#1448=EDGE_CURVE('',#1009,#1152,#642,.T.);
#1449=EDGE_CURVE('',#1154,#1008,#643,.T.);
#1450=EDGE_CURVE('',#1155,#1154,#644,.T.);
#1451=EDGE_CURVE('',#1153,#1155,#645,.T.);
#1452=EDGE_CURVE('',#1125,#1012,#646,.T.);
#1453=EDGE_CURVE('',#1011,#1156,#647,.T.);
#1454=EDGE_CURVE('',#1156,#1152,#648,.T.);
#1455=EDGE_CURVE('',#1153,#1126,#649,.T.);
#1456=EDGE_CURVE('',#1155,#1151,#650,.T.);
#1457=EDGE_CURVE('',#1154,#1157,#651,.T.);
#1458=EDGE_CURVE('',#1158,#1157,#652,.T.);
#1459=EDGE_CURVE('',#1158,#1150,#653,.T.);
#1460=EDGE_CURVE('',#1157,#1007,#654,.T.);
#1461=EDGE_CURVE('',#1034,#1158,#655,.T.);
#1462=EDGE_CURVE('',#1006,#1159,#656,.T.);
#1463=EDGE_CURVE('',#1159,#1160,#657,.T.);
#1464=EDGE_CURVE('',#1160,#1035,#658,.T.);
#1465=EDGE_CURVE('',#1156,#1010,#659,.T.);
#1466=EDGE_CURVE('',#1129,#1031,#660,.T.);
#1467=EDGE_CURVE('',#1069,#1077,#661,.T.);
#1468=EDGE_CURVE('',#1068,#1078,#662,.T.);
#1469=EDGE_CURVE('',#1071,#1124,#663,.T.);
#1470=EDGE_CURVE('',#1072,#1123,#664,.T.);
#1471=EDGE_CURVE('',#1073,#1122,#665,.T.);
#1472=EDGE_CURVE('',#1160,#1161,#666,.F.);
#1473=EDGE_CURVE('',#1063,#1161,#667,.T.);
#1474=EDGE_CURVE('',#1067,#1162,#668,.T.);
#1475=EDGE_CURVE('',#1162,#1159,#669,.F.);
#1476=EDGE_CURVE('',#1066,#1163,#670,.F.);
#1477=EDGE_CURVE('',#1163,#1162,#671,.F.);
#1478=EDGE_CURVE('',#1065,#1164,#672,.F.);
#1479=EDGE_CURVE('',#1164,#1163,#673,.F.);
#1480=EDGE_CURVE('',#1064,#1165,#674,.F.);
#1481=EDGE_CURVE('',#1165,#1164,#675,.F.);
#1482=EDGE_CURVE('',#1161,#1165,#676,.F.);
#1483=ORIENTED_EDGE('',*,*,#1166,.F.);
#1484=ORIENTED_EDGE('',*,*,#1167,.F.);
#1485=ORIENTED_EDGE('',*,*,#1168,.F.);
#1486=ORIENTED_EDGE('',*,*,#1169,.F.);
#1487=ORIENTED_EDGE('',*,*,#1170,.T.);
#1488=ORIENTED_EDGE('',*,*,#1171,.F.);
#1489=ORIENTED_EDGE('',*,*,#1172,.T.);
#1490=ORIENTED_EDGE('',*,*,#1173,.F.);
#1491=ORIENTED_EDGE('',*,*,#1172,.F.);
#1492=ORIENTED_EDGE('',*,*,#1174,.F.);
#1493=ORIENTED_EDGE('',*,*,#1169,.T.);
#1494=ORIENTED_EDGE('',*,*,#1175,.F.);
#1495=ORIENTED_EDGE('',*,*,#1176,.T.);
#1496=ORIENTED_EDGE('',*,*,#1166,.T.);
#1497=ORIENTED_EDGE('',*,*,#1177,.F.);
#1498=ORIENTED_EDGE('',*,*,#1178,.T.);
#1499=ORIENTED_EDGE('',*,*,#1179,.F.);
#1500=ORIENTED_EDGE('',*,*,#1178,.F.);
#1501=ORIENTED_EDGE('',*,*,#1180,.F.);
#1502=ORIENTED_EDGE('',*,*,#1181,.F.);
#1503=ORIENTED_EDGE('',*,*,#1182,.F.);
#1504=ORIENTED_EDGE('',*,*,#1170,.F.);
#1505=ORIENTED_EDGE('',*,*,#1183,.T.);
#1506=ORIENTED_EDGE('',*,*,#1184,.F.);
#1507=ORIENTED_EDGE('',*,*,#1183,.F.);
#1508=ORIENTED_EDGE('',*,*,#1176,.F.);
#1509=ORIENTED_EDGE('',*,*,#1185,.F.);
#1510=ORIENTED_EDGE('',*,*,#1186,.T.);
#1511=ORIENTED_EDGE('',*,*,#1184,.T.);
#1512=ORIENTED_EDGE('',*,*,#1186,.F.);
#1513=ORIENTED_EDGE('',*,*,#1187,.F.);
#1514=ORIENTED_EDGE('',*,*,#1188,.T.);
#1515=ORIENTED_EDGE('',*,*,#1189,.F.);
#1516=ORIENTED_EDGE('',*,*,#1188,.F.);
#1517=ORIENTED_EDGE('',*,*,#1190,.F.);
#1518=ORIENTED_EDGE('',*,*,#1191,.T.);
#1519=ORIENTED_EDGE('',*,*,#1189,.T.);
#1520=ORIENTED_EDGE('',*,*,#1191,.F.);
#1521=ORIENTED_EDGE('',*,*,#1192,.F.);
#1522=ORIENTED_EDGE('',*,*,#1193,.T.);
#1523=ORIENTED_EDGE('',*,*,#1181,.T.);
#1524=ORIENTED_EDGE('',*,*,#1194,.F.);
#1525=ORIENTED_EDGE('',*,*,#1167,.T.);
#1526=ORIENTED_EDGE('',*,*,#1193,.F.);
#1527=ORIENTED_EDGE('',*,*,#1195,.F.);
#1528=ORIENTED_EDGE('',*,*,#1196,.T.);
#1529=ORIENTED_EDGE('',*,*,#1192,.T.);
#1530=ORIENTED_EDGE('',*,*,#1196,.F.);
#1531=ORIENTED_EDGE('',*,*,#1197,.F.);
#1532=ORIENTED_EDGE('',*,*,#1198,.T.);
#1533=ORIENTED_EDGE('',*,*,#1199,.T.);
#1534=ORIENTED_EDGE('',*,*,#1198,.F.);
#1535=ORIENTED_EDGE('',*,*,#1200,.F.);
#1536=ORIENTED_EDGE('',*,*,#1201,.T.);
#1537=ORIENTED_EDGE('',*,*,#1197,.T.);
#1538=ORIENTED_EDGE('',*,*,#1201,.F.);
#1539=ORIENTED_EDGE('',*,*,#1187,.T.);
#1540=ORIENTED_EDGE('',*,*,#1202,.T.);
#1541=ORIENTED_EDGE('',*,*,#1203,.F.);
#1542=ORIENTED_EDGE('',*,*,#1204,.F.);
#1543=ORIENTED_EDGE('',*,*,#1205,.F.);
#1544=ORIENTED_EDGE('',*,*,#1202,.F.);
#1545=ORIENTED_EDGE('',*,*,#1206,.F.);
#1546=ORIENTED_EDGE('',*,*,#1199,.F.);
#1547=ORIENTED_EDGE('',*,*,#1207,.T.);
#1548=ORIENTED_EDGE('',*,*,#1208,.F.);
#1549=ORIENTED_EDGE('',*,*,#1209,.F.);
#1550=ORIENTED_EDGE('',*,*,#1210,.F.);
#1551=ORIENTED_EDGE('',*,*,#1207,.F.);
#1552=ORIENTED_EDGE('',*,*,#1211,.F.);
#1553=ORIENTED_EDGE('',*,*,#1212,.T.);
#1554=ORIENTED_EDGE('',*,*,#1213,.T.);
#1555=ORIENTED_EDGE('',*,*,#1214,.T.);
#1556=ORIENTED_EDGE('',*,*,#1215,.F.);
#1557=ORIENTED_EDGE('',*,*,#1216,.F.);
#1558=ORIENTED_EDGE('',*,*,#1217,.F.);
#1559=ORIENTED_EDGE('',*,*,#1218,.T.);
#1560=ORIENTED_EDGE('',*,*,#1219,.T.);
#1561=ORIENTED_EDGE('',*,*,#1185,.T.);
#1562=ORIENTED_EDGE('',*,*,#1190,.T.);
#1563=ORIENTED_EDGE('',*,*,#1220,.T.);
#1564=ORIENTED_EDGE('',*,*,#1221,.T.);
#1565=ORIENTED_EDGE('',*,*,#1222,.F.);
#1566=ORIENTED_EDGE('',*,*,#1223,.F.);
#1567=ORIENTED_EDGE('',*,*,#1224,.F.);
#1568=ORIENTED_EDGE('',*,*,#1225,.F.);
#1569=ORIENTED_EDGE('',*,*,#1226,.T.);
#1570=ORIENTED_EDGE('',*,*,#1227,.T.);
#1571=ORIENTED_EDGE('',*,*,#1195,.T.);
#1572=ORIENTED_EDGE('',*,*,#1200,.T.);
#1573=ORIENTED_EDGE('',*,*,#1203,.T.);
#1574=ORIENTED_EDGE('',*,*,#1205,.T.);
#1575=ORIENTED_EDGE('',*,*,#1228,.F.);
#1576=ORIENTED_EDGE('',*,*,#1229,.T.);
#1577=ORIENTED_EDGE('',*,*,#1230,.T.);
#1578=ORIENTED_EDGE('',*,*,#1231,.T.);
#1579=ORIENTED_EDGE('',*,*,#1232,.T.);
#1580=ORIENTED_EDGE('',*,*,#1233,.T.);
#1581=ORIENTED_EDGE('',*,*,#1234,.T.);
#1582=ORIENTED_EDGE('',*,*,#1235,.T.);
#1583=ORIENTED_EDGE('',*,*,#1236,.F.);
#1584=ORIENTED_EDGE('',*,*,#1237,.T.);
#1585=ORIENTED_EDGE('',*,*,#1238,.T.);
#1586=ORIENTED_EDGE('',*,*,#1239,.T.);
#1587=ORIENTED_EDGE('',*,*,#1240,.F.);
#1588=ORIENTED_EDGE('',*,*,#1241,.T.);
#1589=ORIENTED_EDGE('',*,*,#1242,.T.);
#1590=ORIENTED_EDGE('',*,*,#1243,.T.);
#1591=ORIENTED_EDGE('',*,*,#1244,.T.);
#1592=ORIENTED_EDGE('',*,*,#1245,.T.);
#1593=ORIENTED_EDGE('',*,*,#1246,.T.);
#1594=ORIENTED_EDGE('',*,*,#1247,.T.);
#1595=ORIENTED_EDGE('',*,*,#1248,.T.);
#1596=ORIENTED_EDGE('',*,*,#1249,.T.);
#1597=ORIENTED_EDGE('',*,*,#1250,.T.);
#1598=ORIENTED_EDGE('',*,*,#1173,.T.);
#1599=ORIENTED_EDGE('',*,*,#1208,.T.);
#1600=ORIENTED_EDGE('',*,*,#1210,.T.);
#1601=ORIENTED_EDGE('',*,*,#1251,.F.);
#1602=ORIENTED_EDGE('',*,*,#1252,.T.);
#1603=ORIENTED_EDGE('',*,*,#1253,.T.);
#1604=ORIENTED_EDGE('',*,*,#1254,.T.);
#1605=ORIENTED_EDGE('',*,*,#1255,.F.);
#1606=ORIENTED_EDGE('',*,*,#1256,.T.);
#1607=ORIENTED_EDGE('',*,*,#1257,.T.);
#1608=ORIENTED_EDGE('',*,*,#1258,.T.);
#1609=ORIENTED_EDGE('',*,*,#1259,.T.);
#1610=ORIENTED_EDGE('',*,*,#1260,.T.);
#1611=ORIENTED_EDGE('',*,*,#1261,.F.);
#1612=ORIENTED_EDGE('',*,*,#1262,.T.);
#1613=ORIENTED_EDGE('',*,*,#1263,.F.);
#1614=ORIENTED_EDGE('',*,*,#1264,.T.);
#1615=ORIENTED_EDGE('',*,*,#1265,.T.);
#1616=ORIENTED_EDGE('',*,*,#1266,.T.);
#1617=ORIENTED_EDGE('',*,*,#1267,.T.);
#1618=ORIENTED_EDGE('',*,*,#1268,.T.);
#1619=ORIENTED_EDGE('',*,*,#1269,.T.);
#1620=ORIENTED_EDGE('',*,*,#1270,.T.);
#1621=ORIENTED_EDGE('',*,*,#1271,.T.);
#1622=ORIENTED_EDGE('',*,*,#1272,.T.);
#1623=ORIENTED_EDGE('',*,*,#1273,.T.);
#1624=ORIENTED_EDGE('',*,*,#1179,.T.);
#1625=ORIENTED_EDGE('',*,*,#1274,.T.);
#1626=ORIENTED_EDGE('',*,*,#1275,.T.);
#1627=ORIENTED_EDGE('',*,*,#1276,.T.);
#1628=ORIENTED_EDGE('',*,*,#1277,.T.);
#1629=ORIENTED_EDGE('',*,*,#1278,.T.);
#1630=ORIENTED_EDGE('',*,*,#1279,.T.);
#1631=ORIENTED_EDGE('',*,*,#1280,.T.);
#1632=ORIENTED_EDGE('',*,*,#1216,.T.);
#1633=ORIENTED_EDGE('',*,*,#1275,.F.);
#1634=ORIENTED_EDGE('',*,*,#1281,.F.);
#1635=ORIENTED_EDGE('',*,*,#1282,.F.);
#1636=ORIENTED_EDGE('',*,*,#1283,.T.);
#1637=ORIENTED_EDGE('',*,*,#1274,.F.);
#1638=ORIENTED_EDGE('',*,*,#1215,.T.);
#1639=ORIENTED_EDGE('',*,*,#1284,.T.);
#1640=ORIENTED_EDGE('',*,*,#1285,.T.);
#1641=ORIENTED_EDGE('',*,*,#1286,.T.);
#1642=ORIENTED_EDGE('',*,*,#1287,.T.);
#1643=ORIENTED_EDGE('',*,*,#1288,.T.);
#1644=ORIENTED_EDGE('',*,*,#1289,.T.);
#1645=ORIENTED_EDGE('',*,*,#1225,.T.);
#1646=ORIENTED_EDGE('',*,*,#1290,.F.);
#1647=ORIENTED_EDGE('',*,*,#1291,.T.);
#1648=ORIENTED_EDGE('',*,*,#1292,.F.);
#1649=ORIENTED_EDGE('',*,*,#1262,.F.);
#1650=ORIENTED_EDGE('',*,*,#1293,.F.);
#1651=ORIENTED_EDGE('',*,*,#1294,.F.);
#1652=ORIENTED_EDGE('',*,*,#1295,.F.);
#1653=ORIENTED_EDGE('',*,*,#1296,.T.);
#1654=ORIENTED_EDGE('',*,*,#1297,.T.);
#1655=ORIENTED_EDGE('',*,*,#1298,.T.);
#1656=ORIENTED_EDGE('',*,*,#1229,.F.);
#1657=ORIENTED_EDGE('',*,*,#1299,.F.);
#1658=ORIENTED_EDGE('',*,*,#1281,.T.);
#1659=ORIENTED_EDGE('',*,*,#1300,.T.);
#1660=ORIENTED_EDGE('',*,*,#1301,.T.);
#1661=ORIENTED_EDGE('',*,*,#1280,.F.);
#1662=ORIENTED_EDGE('',*,*,#1302,.F.);
#1663=ORIENTED_EDGE('',*,*,#1303,.F.);
#1664=ORIENTED_EDGE('',*,*,#1239,.F.);
#1665=ORIENTED_EDGE('',*,*,#1304,.F.);
#1666=ORIENTED_EDGE('',*,*,#1305,.F.);
#1667=ORIENTED_EDGE('',*,*,#1306,.T.);
#1668=ORIENTED_EDGE('',*,*,#1307,.T.);
#1669=ORIENTED_EDGE('',*,*,#1252,.F.);
#1670=ORIENTED_EDGE('',*,*,#1308,.F.);
#1671=ORIENTED_EDGE('',*,*,#1309,.F.);
#1672=ORIENTED_EDGE('',*,*,#1310,.F.);
#1673=ORIENTED_EDGE('',*,*,#1223,.T.);
#1674=ORIENTED_EDGE('',*,*,#1311,.T.);
#1675=ORIENTED_EDGE('',*,*,#1312,.T.);
#1676=ORIENTED_EDGE('',*,*,#1217,.T.);
#1677=ORIENTED_EDGE('',*,*,#1313,.F.);
#1678=ORIENTED_EDGE('',*,*,#1314,.F.);
#1679=ORIENTED_EDGE('',*,*,#1204,.T.);
#1680=ORIENTED_EDGE('',*,*,#1240,.T.);
#1681=ORIENTED_EDGE('',*,*,#1303,.T.);
#1682=ORIENTED_EDGE('',*,*,#1315,.T.);
#1683=ORIENTED_EDGE('',*,*,#1316,.T.);
#1684=ORIENTED_EDGE('',*,*,#1317,.T.);
#1685=ORIENTED_EDGE('',*,*,#1318,.T.);
#1686=ORIENTED_EDGE('',*,*,#1282,.T.);
#1687=ORIENTED_EDGE('',*,*,#1299,.T.);
#1688=ORIENTED_EDGE('',*,*,#1228,.T.);
#1689=ORIENTED_EDGE('',*,*,#1276,.F.);
#1690=ORIENTED_EDGE('',*,*,#1283,.F.);
#1691=ORIENTED_EDGE('',*,*,#1318,.F.);
#1692=ORIENTED_EDGE('',*,*,#1319,.T.);
#1693=ORIENTED_EDGE('',*,*,#1277,.F.);
#1694=ORIENTED_EDGE('',*,*,#1319,.F.);
#1695=ORIENTED_EDGE('',*,*,#1317,.F.);
#1696=ORIENTED_EDGE('',*,*,#1320,.T.);
#1697=ORIENTED_EDGE('',*,*,#1310,.T.);
#1698=ORIENTED_EDGE('',*,*,#1321,.T.);
#1699=ORIENTED_EDGE('',*,*,#1322,.T.);
#1700=ORIENTED_EDGE('',*,*,#1323,.T.);
#1701=ORIENTED_EDGE('',*,*,#1324,.T.);
#1702=ORIENTED_EDGE('',*,*,#1325,.T.);
#1703=ORIENTED_EDGE('',*,*,#1290,.T.);
#1704=ORIENTED_EDGE('',*,*,#1224,.T.);
#1705=ORIENTED_EDGE('',*,*,#1321,.F.);
#1706=ORIENTED_EDGE('',*,*,#1309,.T.);
#1707=ORIENTED_EDGE('',*,*,#1326,.F.);
#1708=ORIENTED_EDGE('',*,*,#1327,.T.);
#1709=ORIENTED_EDGE('',*,*,#1209,.T.);
#1710=ORIENTED_EDGE('',*,*,#1263,.T.);
#1711=ORIENTED_EDGE('',*,*,#1292,.T.);
#1712=ORIENTED_EDGE('',*,*,#1328,.T.);
#1713=ORIENTED_EDGE('',*,*,#1329,.T.);
#1714=ORIENTED_EDGE('',*,*,#1330,.T.);
#1715=ORIENTED_EDGE('',*,*,#1331,.T.);
#1716=ORIENTED_EDGE('',*,*,#1326,.T.);
#1717=ORIENTED_EDGE('',*,*,#1308,.T.);
#1718=ORIENTED_EDGE('',*,*,#1251,.T.);
#1719=ORIENTED_EDGE('',*,*,#1322,.F.);
#1720=ORIENTED_EDGE('',*,*,#1327,.F.);
#1721=ORIENTED_EDGE('',*,*,#1331,.F.);
#1722=ORIENTED_EDGE('',*,*,#1332,.F.);
#1723=ORIENTED_EDGE('',*,*,#1323,.F.);
#1724=ORIENTED_EDGE('',*,*,#1332,.T.);
#1725=ORIENTED_EDGE('',*,*,#1330,.F.);
#1726=ORIENTED_EDGE('',*,*,#1333,.F.);
#1727=ORIENTED_EDGE('',*,*,#1324,.F.);
#1728=ORIENTED_EDGE('',*,*,#1333,.T.);
#1729=ORIENTED_EDGE('',*,*,#1329,.F.);
#1730=ORIENTED_EDGE('',*,*,#1334,.F.);
#1731=ORIENTED_EDGE('',*,*,#1325,.F.);
#1732=ORIENTED_EDGE('',*,*,#1334,.T.);
#1733=ORIENTED_EDGE('',*,*,#1328,.F.);
#1734=ORIENTED_EDGE('',*,*,#1291,.F.);
#1735=ORIENTED_EDGE('',*,*,#1335,.F.);
#1736=ORIENTED_EDGE('',*,*,#1336,.T.);
#1737=ORIENTED_EDGE('',*,*,#1337,.F.);
#1738=ORIENTED_EDGE('',*,*,#1338,.F.);
#1739=ORIENTED_EDGE('',*,*,#1227,.F.);
#1740=ORIENTED_EDGE('',*,*,#1339,.T.);
#1741=ORIENTED_EDGE('',*,*,#1337,.T.);
#1742=ORIENTED_EDGE('',*,*,#1340,.F.);
#1743=ORIENTED_EDGE('',*,*,#1287,.F.);
#1744=ORIENTED_EDGE('',*,*,#1341,.T.);
#1745=ORIENTED_EDGE('',*,*,#1342,.F.);
#1746=ORIENTED_EDGE('',*,*,#1343,.T.);
#1747=ORIENTED_EDGE('',*,*,#1336,.F.);
#1748=ORIENTED_EDGE('',*,*,#1344,.F.);
#1749=ORIENTED_EDGE('',*,*,#1288,.F.);
#1750=ORIENTED_EDGE('',*,*,#1340,.T.);
#1751=ORIENTED_EDGE('',*,*,#1345,.F.);
#1752=ORIENTED_EDGE('',*,*,#1346,.T.);
#1753=ORIENTED_EDGE('',*,*,#1347,.F.);
#1754=ORIENTED_EDGE('',*,*,#1213,.F.);
#1755=ORIENTED_EDGE('',*,*,#1348,.T.);
#1756=ORIENTED_EDGE('',*,*,#1347,.T.);
#1757=ORIENTED_EDGE('',*,*,#1349,.F.);
#1758=ORIENTED_EDGE('',*,*,#1284,.F.);
#1759=ORIENTED_EDGE('',*,*,#1214,.F.);
#1760=ORIENTED_EDGE('',*,*,#1346,.F.);
#1761=ORIENTED_EDGE('',*,*,#1350,.F.);
#1762=ORIENTED_EDGE('',*,*,#1285,.F.);
#1763=ORIENTED_EDGE('',*,*,#1349,.T.);
#1764=ORIENTED_EDGE('',*,*,#1335,.T.);
#1765=ORIENTED_EDGE('',*,*,#1226,.F.);
#1766=ORIENTED_EDGE('',*,*,#1289,.F.);
#1767=ORIENTED_EDGE('',*,*,#1344,.T.);
#1768=ORIENTED_EDGE('',*,*,#1351,.T.);
#1769=ORIENTED_EDGE('',*,*,#1343,.F.);
#1770=ORIENTED_EDGE('',*,*,#1352,.F.);
#1771=ORIENTED_EDGE('',*,*,#1353,.T.);
#1772=ORIENTED_EDGE('',*,*,#1354,.F.);
#1773=ORIENTED_EDGE('',*,*,#1355,.F.);
#1774=ORIENTED_EDGE('',*,*,#1352,.T.);
#1775=ORIENTED_EDGE('',*,*,#1342,.T.);
#1776=ORIENTED_EDGE('',*,*,#1356,.T.);
#1777=ORIENTED_EDGE('',*,*,#1357,.F.);
#1778=ORIENTED_EDGE('',*,*,#1358,.F.);
#1779=ORIENTED_EDGE('',*,*,#1359,.F.);
#1780=ORIENTED_EDGE('',*,*,#1354,.T.);
#1781=ORIENTED_EDGE('',*,*,#1360,.T.);
#1782=ORIENTED_EDGE('',*,*,#1361,.F.);
#1783=ORIENTED_EDGE('',*,*,#1356,.F.);
#1784=ORIENTED_EDGE('',*,*,#1212,.F.);
#1785=ORIENTED_EDGE('',*,*,#1362,.T.);
#1786=ORIENTED_EDGE('',*,*,#1363,.F.);
#1787=ORIENTED_EDGE('',*,*,#1364,.F.);
#1788=ORIENTED_EDGE('',*,*,#1365,.F.);
#1789=ORIENTED_EDGE('',*,*,#1360,.F.);
#1790=ORIENTED_EDGE('',*,*,#1353,.F.);
#1791=ORIENTED_EDGE('',*,*,#1366,.F.);
#1792=ORIENTED_EDGE('',*,*,#1348,.F.);
#1793=ORIENTED_EDGE('',*,*,#1358,.T.);
#1794=ORIENTED_EDGE('',*,*,#1367,.F.);
#1795=ORIENTED_EDGE('',*,*,#1368,.F.);
#1796=ORIENTED_EDGE('',*,*,#1369,.F.);
#1797=ORIENTED_EDGE('',*,*,#1370,.F.);
#1798=ORIENTED_EDGE('',*,*,#1220,.F.);
#1799=ORIENTED_EDGE('',*,*,#1338,.T.);
#1800=ORIENTED_EDGE('',*,*,#1339,.F.);
#1801=ORIENTED_EDGE('',*,*,#1351,.F.);
#1802=ORIENTED_EDGE('',*,*,#1219,.F.);
#1803=ORIENTED_EDGE('',*,*,#1371,.F.);
#1804=ORIENTED_EDGE('',*,*,#1372,.T.);
#1805=ORIENTED_EDGE('',*,*,#1373,.F.);
#1806=ORIENTED_EDGE('',*,*,#1362,.F.);
#1807=ORIENTED_EDGE('',*,*,#1374,.F.);
#1808=ORIENTED_EDGE('',*,*,#1221,.F.);
#1809=ORIENTED_EDGE('',*,*,#1370,.T.);
#1810=ORIENTED_EDGE('',*,*,#1375,.F.);
#1811=ORIENTED_EDGE('',*,*,#1372,.F.);
#1812=ORIENTED_EDGE('',*,*,#1366,.T.);
#1813=ORIENTED_EDGE('',*,*,#1355,.T.);
#1814=ORIENTED_EDGE('',*,*,#1359,.T.);
#1815=ORIENTED_EDGE('',*,*,#1341,.F.);
#1816=ORIENTED_EDGE('',*,*,#1286,.F.);
#1817=ORIENTED_EDGE('',*,*,#1350,.T.);
#1818=ORIENTED_EDGE('',*,*,#1345,.T.);
#1819=ORIENTED_EDGE('',*,*,#1363,.T.);
#1820=ORIENTED_EDGE('',*,*,#1373,.T.);
#1821=ORIENTED_EDGE('',*,*,#1375,.T.);
#1822=ORIENTED_EDGE('',*,*,#1369,.T.);
#1823=ORIENTED_EDGE('',*,*,#1376,.T.);
#1824=ORIENTED_EDGE('',*,*,#1377,.F.);
#1825=ORIENTED_EDGE('',*,*,#1378,.F.);
#1826=ORIENTED_EDGE('',*,*,#1379,.F.);
#1827=ORIENTED_EDGE('',*,*,#1380,.F.);
#1828=ORIENTED_EDGE('',*,*,#1368,.T.);
#1829=ORIENTED_EDGE('',*,*,#1381,.T.);
#1830=ORIENTED_EDGE('',*,*,#1382,.F.);
#1831=ORIENTED_EDGE('',*,*,#1376,.F.);
#1832=ORIENTED_EDGE('',*,*,#1365,.T.);
#1833=ORIENTED_EDGE('',*,*,#1383,.T.);
#1834=ORIENTED_EDGE('',*,*,#1384,.F.);
#1835=ORIENTED_EDGE('',*,*,#1385,.F.);
#1836=ORIENTED_EDGE('',*,*,#1381,.F.);
#1837=ORIENTED_EDGE('',*,*,#1367,.T.);
#1838=ORIENTED_EDGE('',*,*,#1357,.T.);
#1839=ORIENTED_EDGE('',*,*,#1361,.T.);
#1840=ORIENTED_EDGE('',*,*,#1364,.T.);
#1841=ORIENTED_EDGE('',*,*,#1380,.T.);
#1842=ORIENTED_EDGE('',*,*,#1386,.F.);
#1843=ORIENTED_EDGE('',*,*,#1383,.F.);
#1844=ORIENTED_EDGE('',*,*,#1378,.T.);
#1845=ORIENTED_EDGE('',*,*,#1387,.F.);
#1846=ORIENTED_EDGE('',*,*,#1388,.T.);
#1847=ORIENTED_EDGE('',*,*,#1389,.T.);
#1848=ORIENTED_EDGE('',*,*,#1390,.T.);
#1849=ORIENTED_EDGE('',*,*,#1391,.T.);
#1850=ORIENTED_EDGE('',*,*,#1392,.T.);
#1851=ORIENTED_EDGE('',*,*,#1393,.T.);
#1852=ORIENTED_EDGE('',*,*,#1394,.F.);
#1853=ORIENTED_EDGE('',*,*,#1377,.T.);
#1854=ORIENTED_EDGE('',*,*,#1382,.T.);
#1855=ORIENTED_EDGE('',*,*,#1385,.T.);
#1856=ORIENTED_EDGE('',*,*,#1395,.T.);
#1857=ORIENTED_EDGE('',*,*,#1396,.T.);
#1858=ORIENTED_EDGE('',*,*,#1397,.T.);
#1859=ORIENTED_EDGE('',*,*,#1398,.T.);
#1860=ORIENTED_EDGE('',*,*,#1399,.T.);
#1861=ORIENTED_EDGE('',*,*,#1255,.T.);
#1862=ORIENTED_EDGE('',*,*,#1400,.T.);
#1863=ORIENTED_EDGE('',*,*,#1387,.T.);
#1864=ORIENTED_EDGE('',*,*,#1401,.F.);
#1865=ORIENTED_EDGE('',*,*,#1245,.F.);
#1866=ORIENTED_EDGE('',*,*,#1402,.T.);
#1867=ORIENTED_EDGE('',*,*,#1403,.T.);
#1868=ORIENTED_EDGE('',*,*,#1404,.F.);
#1869=ORIENTED_EDGE('',*,*,#1246,.F.);
#1870=ORIENTED_EDGE('',*,*,#1401,.T.);
#1871=ORIENTED_EDGE('',*,*,#1405,.T.);
#1872=ORIENTED_EDGE('',*,*,#1406,.T.);
#1873=ORIENTED_EDGE('',*,*,#1407,.F.);
#1874=ORIENTED_EDGE('',*,*,#1247,.F.);
#1875=ORIENTED_EDGE('',*,*,#1404,.T.);
#1876=ORIENTED_EDGE('',*,*,#1408,.T.);
#1877=ORIENTED_EDGE('',*,*,#1409,.F.);
#1878=ORIENTED_EDGE('',*,*,#1248,.F.);
#1879=ORIENTED_EDGE('',*,*,#1407,.T.);
#1880=ORIENTED_EDGE('',*,*,#1410,.T.);
#1881=ORIENTED_EDGE('',*,*,#1411,.F.);
#1882=ORIENTED_EDGE('',*,*,#1412,.F.);
#1883=ORIENTED_EDGE('',*,*,#1249,.F.);
#1884=ORIENTED_EDGE('',*,*,#1409,.T.);
#1885=ORIENTED_EDGE('',*,*,#1413,.F.);
#1886=ORIENTED_EDGE('',*,*,#1250,.F.);
#1887=ORIENTED_EDGE('',*,*,#1412,.T.);
#1888=ORIENTED_EDGE('',*,*,#1411,.T.);
#1889=ORIENTED_EDGE('',*,*,#1414,.T.);
#1890=ORIENTED_EDGE('',*,*,#1415,.F.);
#1891=ORIENTED_EDGE('',*,*,#1241,.F.);
#1892=ORIENTED_EDGE('',*,*,#1413,.T.);
#1893=ORIENTED_EDGE('',*,*,#1416,.T.);
#1894=ORIENTED_EDGE('',*,*,#1417,.F.);
#1895=ORIENTED_EDGE('',*,*,#1242,.F.);
#1896=ORIENTED_EDGE('',*,*,#1415,.T.);
#1897=ORIENTED_EDGE('',*,*,#1418,.T.);
#1898=ORIENTED_EDGE('',*,*,#1419,.F.);
#1899=ORIENTED_EDGE('',*,*,#1243,.F.);
#1900=ORIENTED_EDGE('',*,*,#1417,.T.);
#1901=ORIENTED_EDGE('',*,*,#1420,.T.);
#1902=ORIENTED_EDGE('',*,*,#1405,.F.);
#1903=ORIENTED_EDGE('',*,*,#1403,.F.);
#1904=ORIENTED_EDGE('',*,*,#1419,.T.);
#1905=ORIENTED_EDGE('',*,*,#1402,.F.);
#1906=ORIENTED_EDGE('',*,*,#1244,.F.);
#1907=ORIENTED_EDGE('',*,*,#1410,.F.);
#1908=ORIENTED_EDGE('',*,*,#1408,.F.);
#1909=ORIENTED_EDGE('',*,*,#1406,.F.);
#1910=ORIENTED_EDGE('',*,*,#1420,.F.);
#1911=ORIENTED_EDGE('',*,*,#1418,.F.);
#1912=ORIENTED_EDGE('',*,*,#1416,.F.);
#1913=ORIENTED_EDGE('',*,*,#1414,.F.);
#1914=ORIENTED_EDGE('',*,*,#1421,.T.);
#1915=ORIENTED_EDGE('',*,*,#1422,.F.);
#1916=ORIENTED_EDGE('',*,*,#1423,.F.);
#1917=ORIENTED_EDGE('',*,*,#1272,.F.);
#1918=ORIENTED_EDGE('',*,*,#1424,.T.);
#1919=ORIENTED_EDGE('',*,*,#1425,.F.);
#1920=ORIENTED_EDGE('',*,*,#1426,.F.);
#1921=ORIENTED_EDGE('',*,*,#1421,.F.);
#1922=ORIENTED_EDGE('',*,*,#1271,.F.);
#1923=ORIENTED_EDGE('',*,*,#1427,.T.);
#1924=ORIENTED_EDGE('',*,*,#1428,.F.);
#1925=ORIENTED_EDGE('',*,*,#1424,.F.);
#1926=ORIENTED_EDGE('',*,*,#1270,.F.);
#1927=ORIENTED_EDGE('',*,*,#1429,.T.);
#1928=ORIENTED_EDGE('',*,*,#1430,.T.);
#1929=ORIENTED_EDGE('',*,*,#1431,.F.);
#1930=ORIENTED_EDGE('',*,*,#1427,.F.);
#1931=ORIENTED_EDGE('',*,*,#1269,.F.);
#1932=ORIENTED_EDGE('',*,*,#1432,.T.);
#1933=ORIENTED_EDGE('',*,*,#1429,.F.);
#1934=ORIENTED_EDGE('',*,*,#1268,.F.);
#1935=ORIENTED_EDGE('',*,*,#1433,.T.);
#1936=ORIENTED_EDGE('',*,*,#1434,.F.);
#1937=ORIENTED_EDGE('',*,*,#1430,.F.);
#1938=ORIENTED_EDGE('',*,*,#1432,.F.);
#1939=ORIENTED_EDGE('',*,*,#1267,.F.);
#1940=ORIENTED_EDGE('',*,*,#1435,.T.);
#1941=ORIENTED_EDGE('',*,*,#1436,.F.);
#1942=ORIENTED_EDGE('',*,*,#1433,.F.);
#1943=ORIENTED_EDGE('',*,*,#1266,.F.);
#1944=ORIENTED_EDGE('',*,*,#1437,.T.);
#1945=ORIENTED_EDGE('',*,*,#1438,.F.);
#1946=ORIENTED_EDGE('',*,*,#1435,.F.);
#1947=ORIENTED_EDGE('',*,*,#1265,.F.);
#1948=ORIENTED_EDGE('',*,*,#1439,.T.);
#1949=ORIENTED_EDGE('',*,*,#1422,.T.);
#1950=ORIENTED_EDGE('',*,*,#1426,.T.);
#1951=ORIENTED_EDGE('',*,*,#1440,.F.);
#1952=ORIENTED_EDGE('',*,*,#1437,.F.);
#1953=ORIENTED_EDGE('',*,*,#1264,.F.);
#1954=ORIENTED_EDGE('',*,*,#1439,.F.);
#1955=ORIENTED_EDGE('',*,*,#1273,.F.);
#1956=ORIENTED_EDGE('',*,*,#1423,.T.);
#1957=ORIENTED_EDGE('',*,*,#1431,.T.);
#1958=ORIENTED_EDGE('',*,*,#1434,.T.);
#1959=ORIENTED_EDGE('',*,*,#1436,.T.);
#1960=ORIENTED_EDGE('',*,*,#1438,.T.);
#1961=ORIENTED_EDGE('',*,*,#1440,.T.);
#1962=ORIENTED_EDGE('',*,*,#1425,.T.);
#1963=ORIENTED_EDGE('',*,*,#1428,.T.);
#1964=ORIENTED_EDGE('',*,*,#1371,.T.);
#1965=ORIENTED_EDGE('',*,*,#1218,.F.);
#1966=ORIENTED_EDGE('',*,*,#1312,.F.);
#1967=ORIENTED_EDGE('',*,*,#1441,.T.);
#1968=ORIENTED_EDGE('',*,*,#1374,.T.);
#1969=ORIENTED_EDGE('',*,*,#1441,.F.);
#1970=ORIENTED_EDGE('',*,*,#1311,.F.);
#1971=ORIENTED_EDGE('',*,*,#1222,.T.);
#1972=ORIENTED_EDGE('',*,*,#1278,.F.);
#1973=ORIENTED_EDGE('',*,*,#1320,.F.);
#1974=ORIENTED_EDGE('',*,*,#1316,.F.);
#1975=ORIENTED_EDGE('',*,*,#1442,.T.);
#1976=ORIENTED_EDGE('',*,*,#1279,.F.);
#1977=ORIENTED_EDGE('',*,*,#1442,.F.);
#1978=ORIENTED_EDGE('',*,*,#1315,.F.);
#1979=ORIENTED_EDGE('',*,*,#1302,.T.);
#1980=ORIENTED_EDGE('',*,*,#1443,.F.);
#1981=ORIENTED_EDGE('',*,*,#1444,.F.);
#1982=ORIENTED_EDGE('',*,*,#1258,.F.);
#1983=ORIENTED_EDGE('',*,*,#1445,.F.);
#1984=ORIENTED_EDGE('',*,*,#1397,.F.);
#1985=ORIENTED_EDGE('',*,*,#1446,.F.);
#1986=ORIENTED_EDGE('',*,*,#1447,.F.);
#1987=ORIENTED_EDGE('',*,*,#1448,.F.);
#1988=ORIENTED_EDGE('',*,*,#1233,.F.);
#1989=ORIENTED_EDGE('',*,*,#1449,.F.);
#1990=ORIENTED_EDGE('',*,*,#1450,.F.);
#1991=ORIENTED_EDGE('',*,*,#1451,.F.);
#1992=ORIENTED_EDGE('',*,*,#1379,.T.);
#1993=ORIENTED_EDGE('',*,*,#1394,.T.);
#1994=ORIENTED_EDGE('',*,*,#1452,.T.);
#1995=ORIENTED_EDGE('',*,*,#1236,.T.);
#1996=ORIENTED_EDGE('',*,*,#1453,.T.);
#1997=ORIENTED_EDGE('',*,*,#1454,.T.);
#1998=ORIENTED_EDGE('',*,*,#1447,.T.);
#1999=ORIENTED_EDGE('',*,*,#1455,.T.);
#2000=ORIENTED_EDGE('',*,*,#1395,.F.);
#2001=ORIENTED_EDGE('',*,*,#1384,.T.);
#2002=ORIENTED_EDGE('',*,*,#1386,.T.);
#2003=ORIENTED_EDGE('',*,*,#1446,.T.);
#2004=ORIENTED_EDGE('',*,*,#1396,.F.);
#2005=ORIENTED_EDGE('',*,*,#1455,.F.);
#2006=ORIENTED_EDGE('',*,*,#1451,.T.);
#2007=ORIENTED_EDGE('',*,*,#1456,.T.);
#2008=ORIENTED_EDGE('',*,*,#1443,.T.);
#2009=ORIENTED_EDGE('',*,*,#1456,.F.);
#2010=ORIENTED_EDGE('',*,*,#1450,.T.);
#2011=ORIENTED_EDGE('',*,*,#1457,.T.);
#2012=ORIENTED_EDGE('',*,*,#1458,.F.);
#2013=ORIENTED_EDGE('',*,*,#1459,.T.);
#2014=ORIENTED_EDGE('',*,*,#1449,.T.);
#2015=ORIENTED_EDGE('',*,*,#1232,.F.);
#2016=ORIENTED_EDGE('',*,*,#1460,.F.);
#2017=ORIENTED_EDGE('',*,*,#1457,.F.);
#2018=ORIENTED_EDGE('',*,*,#1444,.T.);
#2019=ORIENTED_EDGE('',*,*,#1459,.F.);
#2020=ORIENTED_EDGE('',*,*,#1461,.F.);
#2021=ORIENTED_EDGE('',*,*,#1259,.F.);
#2022=ORIENTED_EDGE('',*,*,#1460,.T.);
#2023=ORIENTED_EDGE('',*,*,#1231,.F.);
#2024=ORIENTED_EDGE('',*,*,#1462,.T.);
#2025=ORIENTED_EDGE('',*,*,#1463,.T.);
#2026=ORIENTED_EDGE('',*,*,#1464,.T.);
#2027=ORIENTED_EDGE('',*,*,#1260,.F.);
#2028=ORIENTED_EDGE('',*,*,#1461,.T.);
#2029=ORIENTED_EDGE('',*,*,#1458,.T.);
#2030=ORIENTED_EDGE('',*,*,#1448,.T.);
#2031=ORIENTED_EDGE('',*,*,#1454,.F.);
#2032=ORIENTED_EDGE('',*,*,#1465,.T.);
#2033=ORIENTED_EDGE('',*,*,#1234,.F.);
#2034=ORIENTED_EDGE('',*,*,#1235,.F.);
#2035=ORIENTED_EDGE('',*,*,#1465,.F.);
#2036=ORIENTED_EDGE('',*,*,#1453,.F.);
#2037=ORIENTED_EDGE('',*,*,#1393,.F.);
#2038=ORIENTED_EDGE('',*,*,#1237,.F.);
#2039=ORIENTED_EDGE('',*,*,#1452,.F.);
#2040=ORIENTED_EDGE('',*,*,#1388,.F.);
#2041=ORIENTED_EDGE('',*,*,#1400,.F.);
#2042=ORIENTED_EDGE('',*,*,#1254,.F.);
#2043=ORIENTED_EDGE('',*,*,#1445,.T.);
#2044=ORIENTED_EDGE('',*,*,#1257,.F.);
#2045=ORIENTED_EDGE('',*,*,#1466,.F.);
#2046=ORIENTED_EDGE('',*,*,#1398,.F.);
#2047=ORIENTED_EDGE('',*,*,#1256,.F.);
#2048=ORIENTED_EDGE('',*,*,#1399,.F.);
#2049=ORIENTED_EDGE('',*,*,#1466,.T.);
#2050=ORIENTED_EDGE('',*,*,#1301,.F.);
#2051=ORIENTED_EDGE('',*,*,#1467,.T.);
#2052=ORIENTED_EDGE('',*,*,#1313,.T.);
#2053=ORIENTED_EDGE('',*,*,#1467,.F.);
#2054=ORIENTED_EDGE('',*,*,#1182,.T.);
#2055=ORIENTED_EDGE('',*,*,#1175,.T.);
#2056=ORIENTED_EDGE('',*,*,#1174,.T.);
#2057=ORIENTED_EDGE('',*,*,#1171,.T.);
#2058=ORIENTED_EDGE('',*,*,#1206,.T.);
#2059=ORIENTED_EDGE('',*,*,#1300,.F.);
#2060=ORIENTED_EDGE('',*,*,#1468,.T.);
#2061=ORIENTED_EDGE('',*,*,#1314,.T.);
#2062=ORIENTED_EDGE('',*,*,#1468,.F.);
#2063=ORIENTED_EDGE('',*,*,#1194,.T.);
#2064=ORIENTED_EDGE('',*,*,#1180,.T.);
#2065=ORIENTED_EDGE('',*,*,#1177,.T.);
#2066=ORIENTED_EDGE('',*,*,#1168,.T.);
#2067=ORIENTED_EDGE('',*,*,#1211,.T.);
#2068=ORIENTED_EDGE('',*,*,#1305,.T.);
#2069=ORIENTED_EDGE('',*,*,#1469,.T.);
#2070=ORIENTED_EDGE('',*,*,#1391,.F.);
#2071=ORIENTED_EDGE('',*,*,#1470,.F.);
#2072=ORIENTED_EDGE('',*,*,#1304,.T.);
#2073=ORIENTED_EDGE('',*,*,#1238,.F.);
#2074=ORIENTED_EDGE('',*,*,#1392,.F.);
#2075=ORIENTED_EDGE('',*,*,#1469,.F.);
#2076=ORIENTED_EDGE('',*,*,#1307,.F.);
#2077=ORIENTED_EDGE('',*,*,#1471,.T.);
#2078=ORIENTED_EDGE('',*,*,#1389,.F.);
#2079=ORIENTED_EDGE('',*,*,#1253,.F.);
#2080=ORIENTED_EDGE('',*,*,#1306,.F.);
#2081=ORIENTED_EDGE('',*,*,#1470,.T.);
#2082=ORIENTED_EDGE('',*,*,#1390,.F.);
#2083=ORIENTED_EDGE('',*,*,#1471,.F.);
#2084=ORIENTED_EDGE('',*,*,#1472,.T.);
#2085=ORIENTED_EDGE('',*,*,#1473,.F.);
#2086=ORIENTED_EDGE('',*,*,#1293,.T.);
#2087=ORIENTED_EDGE('',*,*,#1261,.T.);
#2088=ORIENTED_EDGE('',*,*,#1464,.F.);
#2089=ORIENTED_EDGE('',*,*,#1462,.F.);
#2090=ORIENTED_EDGE('',*,*,#1230,.F.);
#2091=ORIENTED_EDGE('',*,*,#1298,.F.);
#2092=ORIENTED_EDGE('',*,*,#1474,.T.);
#2093=ORIENTED_EDGE('',*,*,#1475,.T.);
#2094=ORIENTED_EDGE('',*,*,#1297,.F.);
#2095=ORIENTED_EDGE('',*,*,#1476,.T.);
#2096=ORIENTED_EDGE('',*,*,#1477,.T.);
#2097=ORIENTED_EDGE('',*,*,#1474,.F.);
#2098=ORIENTED_EDGE('',*,*,#1296,.F.);
#2099=ORIENTED_EDGE('',*,*,#1478,.T.);
#2100=ORIENTED_EDGE('',*,*,#1479,.T.);
#2101=ORIENTED_EDGE('',*,*,#1476,.F.);
#2102=ORIENTED_EDGE('',*,*,#1295,.T.);
#2103=ORIENTED_EDGE('',*,*,#1480,.T.);
#2104=ORIENTED_EDGE('',*,*,#1481,.T.);
#2105=ORIENTED_EDGE('',*,*,#1478,.F.);
#2106=ORIENTED_EDGE('',*,*,#1294,.T.);
#2107=ORIENTED_EDGE('',*,*,#1473,.T.);
#2108=ORIENTED_EDGE('',*,*,#1482,.T.);
#2109=ORIENTED_EDGE('',*,*,#1480,.F.);
#2110=ORIENTED_EDGE('',*,*,#1463,.F.);
#2111=ORIENTED_EDGE('',*,*,#1475,.F.);
#2112=ORIENTED_EDGE('',*,*,#1477,.F.);
#2113=ORIENTED_EDGE('',*,*,#1479,.F.);
#2114=ORIENTED_EDGE('',*,*,#1481,.F.);
#2115=ORIENTED_EDGE('',*,*,#1482,.F.);
#2116=ORIENTED_EDGE('',*,*,#1472,.F.);
#2117=CYLINDRICAL_SURFACE('',#2250,2.25);
#2118=CYLINDRICAL_SURFACE('',#2252,2.25);
#2119=CYLINDRICAL_SURFACE('',#2255,2.25);
#2120=CYLINDRICAL_SURFACE('',#2257,2.25);
#2121=CYLINDRICAL_SURFACE('',#2262,1.);
#2122=CYLINDRICAL_SURFACE('',#2267,1.);
#2123=CYLINDRICAL_SURFACE('',#2271,1.);
#2124=CYLINDRICAL_SURFACE('',#2276,1.);
#2125=CYLINDRICAL_SURFACE('',#2278,2.25);
#2126=CYLINDRICAL_SURFACE('',#2282,2.25);
#2127=CYLINDRICAL_SURFACE('',#2370,2.75);
#2128=CYLINDRICAL_SURFACE('',#2371,2.75);
#2129=ADVANCED_FACE('',(#130),#2117,.F.);
#2130=ADVANCED_FACE('',(#131),#2118,.F.);
#2131=ADVANCED_FACE('',(#132),#2119,.F.);
#2132=ADVANCED_FACE('',(#133),#2120,.F.);
#2133=ADVANCED_FACE('',(#134),#126,.F.);
#2134=ADVANCED_FACE('',(#135),#2121,.F.);
#2135=ADVANCED_FACE('',(#136),#127,.F.);
#2136=ADVANCED_FACE('',(#137),#2122,.F.);
#2137=ADVANCED_FACE('',(#138),#128,.F.);
#2138=ADVANCED_FACE('',(#139),#2123,.F.);
#2139=ADVANCED_FACE('',(#140),#129,.F.);
#2140=ADVANCED_FACE('',(#141),#2124,.F.);
#2141=ADVANCED_FACE('',(#142,#106),#2125,.F.);
#2142=ADVANCED_FACE('',(#143,#107),#2126,.F.);
#2143=ADVANCED_FACE('',(#144,#108,#109),#15,.F.);
#2144=ADVANCED_FACE('',(#145,#110,#111),#16,.F.);
#2145=ADVANCED_FACE('',(#146,#112,#113),#17,.T.);
#2146=ADVANCED_FACE('',(#147,#114,#115),#18,.T.);
#2147=ADVANCED_FACE('',(#148),#19,.T.);
#2148=ADVANCED_FACE('',(#149),#20,.T.);
#2149=ADVANCED_FACE('',(#150,#116,#117),#21,.T.);
#2150=ADVANCED_FACE('',(#151,#118,#119),#22,.T.);
#2151=ADVANCED_FACE('',(#152),#23,.T.);
#2152=ADVANCED_FACE('',(#153),#24,.T.);
#2153=ADVANCED_FACE('',(#154),#25,.T.);
#2154=ADVANCED_FACE('',(#155),#26,.T.);
#2155=ADVANCED_FACE('',(#156),#27,.T.);
#2156=ADVANCED_FACE('',(#157),#28,.T.);
#2157=ADVANCED_FACE('',(#158),#29,.T.);
#2158=ADVANCED_FACE('',(#159),#30,.T.);
#2159=ADVANCED_FACE('',(#160),#31,.T.);
#2160=ADVANCED_FACE('',(#161),#32,.T.);
#2161=ADVANCED_FACE('',(#162),#33,.T.);
#2162=ADVANCED_FACE('',(#163),#34,.F.);
#2163=ADVANCED_FACE('',(#164),#35,.F.);
#2164=ADVANCED_FACE('',(#165),#36,.T.);
#2165=ADVANCED_FACE('',(#166),#37,.F.);
#2166=ADVANCED_FACE('',(#167),#38,.F.);
#2167=ADVANCED_FACE('',(#168),#39,.F.);
#2168=ADVANCED_FACE('',(#169),#40,.F.);
#2169=ADVANCED_FACE('',(#170),#41,.F.);
#2170=ADVANCED_FACE('',(#171),#42,.F.);
#2171=ADVANCED_FACE('',(#172),#43,.F.);
#2172=ADVANCED_FACE('',(#173),#44,.F.);
#2173=ADVANCED_FACE('',(#174),#45,.F.);
#2174=ADVANCED_FACE('',(#175),#46,.F.);
#2175=ADVANCED_FACE('',(#176),#47,.F.);
#2176=ADVANCED_FACE('',(#177),#48,.F.);
#2177=ADVANCED_FACE('',(#178),#49,.F.);
#2178=ADVANCED_FACE('',(#179),#50,.F.);
#2179=ADVANCED_FACE('',(#180),#51,.F.);
#2180=ADVANCED_FACE('',(#181),#52,.F.);
#2181=ADVANCED_FACE('',(#182),#53,.T.);
#2182=ADVANCED_FACE('',(#183),#54,.T.);
#2183=ADVANCED_FACE('',(#184),#55,.T.);
#2184=ADVANCED_FACE('',(#185),#56,.T.);
#2185=ADVANCED_FACE('',(#186),#57,.T.);
#2186=ADVANCED_FACE('',(#187),#58,.T.);
#2187=ADVANCED_FACE('',(#188),#59,.T.);
#2188=ADVANCED_FACE('',(#189),#60,.T.);
#2189=ADVANCED_FACE('',(#190),#61,.T.);
#2190=ADVANCED_FACE('',(#191),#62,.T.);
#2191=ADVANCED_FACE('',(#192),#63,.T.);
#2192=ADVANCED_FACE('',(#193),#64,.T.);
#2193=ADVANCED_FACE('',(#194),#65,.F.);
#2194=ADVANCED_FACE('',(#195),#66,.F.);
#2195=ADVANCED_FACE('',(#196),#67,.F.);
#2196=ADVANCED_FACE('',(#197),#68,.F.);
#2197=ADVANCED_FACE('',(#198),#69,.F.);
#2198=ADVANCED_FACE('',(#199),#70,.F.);
#2199=ADVANCED_FACE('',(#200),#71,.F.);
#2200=ADVANCED_FACE('',(#201),#72,.F.);
#2201=ADVANCED_FACE('',(#202),#73,.F.);
#2202=ADVANCED_FACE('',(#203),#74,.F.);
#2203=ADVANCED_FACE('',(#204),#75,.F.);
#2204=ADVANCED_FACE('',(#205),#76,.T.);
#2205=ADVANCED_FACE('',(#206),#77,.F.);
#2206=ADVANCED_FACE('',(#207),#78,.F.);
#2207=ADVANCED_FACE('',(#208),#79,.T.);
#2208=ADVANCED_FACE('',(#209),#80,.T.);
#2209=ADVANCED_FACE('',(#210),#81,.F.);
#2210=ADVANCED_FACE('',(#211),#82,.F.);
#2211=ADVANCED_FACE('',(#212),#83,.T.);
#2212=ADVANCED_FACE('',(#213),#84,.T.);
#2213=ADVANCED_FACE('',(#214),#85,.T.);
#2214=ADVANCED_FACE('',(#215),#86,.T.);
#2215=ADVANCED_FACE('',(#216),#87,.F.);
#2216=ADVANCED_FACE('',(#217),#88,.T.);
#2217=ADVANCED_FACE('',(#218),#89,.T.);
#2218=ADVANCED_FACE('',(#219),#90,.T.);
#2219=ADVANCED_FACE('',(#220),#91,.T.);
#2220=ADVANCED_FACE('',(#221),#92,.F.);
#2221=ADVANCED_FACE('',(#222),#93,.F.);
#2222=ADVANCED_FACE('',(#223),#94,.F.);
#2223=ADVANCED_FACE('',(#224,#120,#121),#2127,.F.);
#2224=ADVANCED_FACE('',(#225,#122,#123),#2128,.F.);
#2225=ADVANCED_FACE('',(#226),#95,.F.);
#2226=ADVANCED_FACE('',(#227),#96,.F.);
#2227=ADVANCED_FACE('',(#228),#97,.F.);
#2228=ADVANCED_FACE('',(#229),#98,.F.);
#2229=ADVANCED_FACE('',(#230),#99,.F.);
#2230=ADVANCED_FACE('',(#231),#100,.F.);
#2231=ADVANCED_FACE('',(#232),#101,.F.);
#2232=ADVANCED_FACE('',(#233),#102,.F.);
#2233=ADVANCED_FACE('',(#234),#103,.F.);
#2234=ADVANCED_FACE('',(#235),#104,.F.);
#2235=ADVANCED_FACE('',(#236),#105,.F.);
#2236=CLOSED_SHELL('',(#2129,#2130,#2131,#2132,#2133,#2134,#2135,#2136,
#2137,#2138,#2139,#2140,#2141,#2142,#2143,#2144,#2145,#2146,#2147,#2148,
#2149,#2150,#2151,#2152,#2153,#2154,#2155,#2156,#2157,#2158,#2159,#2160,
#2161,#2162,#2163,#2164,#2165,#2166,#2167,#2168,#2169,#2170,#2171,#2172,
#2173,#2174,#2175,#2176,#2177,#2178,#2179,#2180,#2181,#2182,#2183,#2184,
#2185,#2186,#2187,#2188,#2189,#2190,#2191,#2192,#2193,#2194,#2195,#2196,
#2197,#2198,#2199,#2200,#2201,#2202,#2203,#2204,#2205,#2206,#2207,#2208,
#2209,#2210,#2211,#2212,#2213,#2214,#2215,#2216,#2217,#2218,#2219,#2220,
#2221,#2222,#2223,#2224,#2225,#2226,#2227,#2228,#2229,#2230,#2231,#2232,
#2233,#2234,#2235));
#2237=DERIVED_UNIT_ELEMENT(#2239,1.);
#2238=DERIVED_UNIT_ELEMENT(#3774,-3.);
#2239=(
MASS_UNIT()
NAMED_UNIT(*)
SI_UNIT(.KILO.,.GRAM.)
);
#2240=DERIVED_UNIT((#2237,#2238));
#2241=MEASURE_REPRESENTATION_ITEM('density measure',
POSITIVE_RATIO_MEASURE(7850.),#2240);
#2242=PROPERTY_DEFINITION_REPRESENTATION(#2247,#2244);
#2243=PROPERTY_DEFINITION_REPRESENTATION(#2248,#2245);
#2244=REPRESENTATION('material name',(#2246),#3771);
#2245=REPRESENTATION('density',(#2241),#3771);
#2246=DESCRIPTIVE_REPRESENTATION_ITEM('Steel','Steel');
#2247=PROPERTY_DEFINITION('material property','material name',#3781);
#2248=PROPERTY_DEFINITION('material property','density of part',#3781);
#2249=AXIS2_PLACEMENT_3D('',#2932,#2383,#2384);
#2250=AXIS2_PLACEMENT_3D('',#2933,#2385,#2386);
#2251=AXIS2_PLACEMENT_3D('',#2938,#2388,#2389);
#2252=AXIS2_PLACEMENT_3D('',#2949,#2390,#2391);
#2253=AXIS2_PLACEMENT_3D('',#2954,#2393,#2394);
#2254=AXIS2_PLACEMENT_3D('',#2992,#2396,#2397);
#2255=AXIS2_PLACEMENT_3D('',#3004,#2398,#2399);
#2256=AXIS2_PLACEMENT_3D('',#3016,#2400,#2401);
#2257=AXIS2_PLACEMENT_3D('',#3017,#2402,#2403);
#2258=AXIS2_PLACEMENT_3D('',#3032,#2405,#2406);
#2259=AXIS2_PLACEMENT_3D('',#3068,#2407,#2408);
#2260=AXIS2_PLACEMENT_3D('',#3069,#2409,#2410);
#2261=AXIS2_PLACEMENT_3D('',#3082,#2412,#2413);
#2262=AXIS2_PLACEMENT_3D('',#3083,#2414,#2415);
#2263=AXIS2_PLACEMENT_3D('',#3085,#2416,#2417);
#2264=AXIS2_PLACEMENT_3D('',#3087,#2419,#2420);
#2265=AXIS2_PLACEMENT_3D('',#3089,#2421,#2422);
#2266=AXIS2_PLACEMENT_3D('',#3092,#2424,#2425);
#2267=AXIS2_PLACEMENT_3D('',#3093,#2426,#2427);
#2268=AXIS2_PLACEMENT_3D('',#3095,#2428,#2429);
#2269=AXIS2_PLACEMENT_3D('',#3097,#2431,#2432);
#2270=AXIS2_PLACEMENT_3D('',#3099,#2433,#2434);
#2271=AXIS2_PLACEMENT_3D('',#3111,#2436,#2437);
#2272=AXIS2_PLACEMENT_3D('',#3113,#2438,#2439);
#2273=AXIS2_PLACEMENT_3D('',#3115,#2441,#2442);
#2274=AXIS2_PLACEMENT_3D('',#3117,#2443,#2444);
#2275=AXIS2_PLACEMENT_3D('',#3120,#2446,#2447);
#2276=AXIS2_PLACEMENT_3D('',#3121,#2448,#2449);
#2277=AXIS2_PLACEMENT_3D('',#3123,#2450,#2451);
#2278=AXIS2_PLACEMENT_3D('',#3125,#2453,#2454);
#2279=AXIS2_PLACEMENT_3D('',#3129,#2456,#2457);
#2280=AXIS2_PLACEMENT_3D('',#3131,#2458,#2459);
#2281=AXIS2_PLACEMENT_3D('',#3132,#2460,#2461);
#2282=AXIS2_PLACEMENT_3D('',#3176,#2462,#2463);
#2283=AXIS2_PLACEMENT_3D('',#3180,#2465,#2466);
#2284=AXIS2_PLACEMENT_3D('',#3182,#2467,#2468);
#2285=AXIS2_PLACEMENT_3D('',#3183,#2469,#2470);
#2286=AXIS2_PLACEMENT_3D('',#3227,#2471,#2472);
#2287=AXIS2_PLACEMENT_3D('',#3244,#2481,#2482);
#2288=AXIS2_PLACEMENT_3D('',#3261,#2491,#2492);
#2289=AXIS2_PLACEMENT_3D('',#3307,#2516,#2517);
#2290=AXIS2_PLACEMENT_3D('',#3353,#2541,#2542);
#2291=AXIS2_PLACEMENT_3D('',#3367,#2550,#2551);
#2292=AXIS2_PLACEMENT_3D('',#3373,#2555,#2556);
#2293=AXIS2_PLACEMENT_3D('',#3403,#2573,#2574);
#2294=AXIS2_PLACEMENT_3D('',#3405,#2575,#2576);
#2295=AXIS2_PLACEMENT_3D('',#3406,#2577,#2578);
#2296=AXIS2_PLACEMENT_3D('',#3426,#2590,#2591);
#2297=AXIS2_PLACEMENT_3D('',#3428,#2592,#2593);
#2298=AXIS2_PLACEMENT_3D('',#3429,#2594,#2595);
#2299=AXIS2_PLACEMENT_3D('',#3437,#2600,#2601);
#2300=AXIS2_PLACEMENT_3D('',#3439,#2603,#2604);
#2301=AXIS2_PLACEMENT_3D('',#3441,#2606,#2607);
#2302=AXIS2_PLACEMENT_3D('',#3451,#2613,#2614);
#2303=AXIS2_PLACEMENT_3D('',#3455,#2617,#2618);
#2304=AXIS2_PLACEMENT_3D('',#3463,#2623,#2624);
#2305=AXIS2_PLACEMENT_3D('',#3465,#2626,#2627);
#2306=AXIS2_PLACEMENT_3D('',#3467,#2629,#2630);
#2307=AXIS2_PLACEMENT_3D('',#3469,#2632,#2633);
#2308=AXIS2_PLACEMENT_3D('',#3470,#2634,#2635);
#2309=AXIS2_PLACEMENT_3D('',#3478,#2640,#2641);
#2310=AXIS2_PLACEMENT_3D('',#3487,#2647,#2648);
#2311=AXIS2_PLACEMENT_3D('',#3489,#2650,#2651);
#2312=AXIS2_PLACEMENT_3D('',#3497,#2656,#2657);
#2313=AXIS2_PLACEMENT_3D('',#3499,#2659,#2660);
#2314=AXIS2_PLACEMENT_3D('',#3501,#2662,#2663);
#2315=AXIS2_PLACEMENT_3D('',#3502,#2664,#2665);
#2316=AXIS2_PLACEMENT_3D('',#3506,#2668,#2669);
#2317=AXIS2_PLACEMENT_3D('',#3513,#2673,#2674);
#2318=AXIS2_PLACEMENT_3D('',#3519,#2678,#2679);
#2319=AXIS2_PLACEMENT_3D('',#3524,#2683,#2684);
#2320=AXIS2_PLACEMENT_3D('',#3533,#2690,#2691);
#2321=AXIS2_PLACEMENT_3D('',#3541,#2696,#2697);
#2322=AXIS2_PLACEMENT_3D('',#3547,#2701,#2702);
#2323=AXIS2_PLACEMENT_3D('',#3550,#2705,#2706);
#2324=AXIS2_PLACEMENT_3D('',#3551,#2707,#2708);
#2325=AXIS2_PLACEMENT_3D('',#3561,#2714,#2715);
#2326=AXIS2_PLACEMENT_3D('',#3565,#2718,#2719);
#2327=AXIS2_PLACEMENT_3D('',#3571,#2723,#2724);
#2328=AXIS2_PLACEMENT_3D('',#3573,#2726,#2727);
#2329=AXIS2_PLACEMENT_3D('',#3587,#2736,#2737);
#2330=AXIS2_PLACEMENT_3D('',#3598,#2744,#2745);
#2331=AXIS2_PLACEMENT_3D('',#3604,#2749,#2750);
#2332=AXIS2_PLACEMENT_3D('',#3610,#2754,#2755);
#2333=AXIS2_PLACEMENT_3D('',#3614,#2758,#2759);
#2334=AXIS2_PLACEMENT_3D('',#3620,#2763,#2764);
#2335=AXIS2_PLACEMENT_3D('',#3622,#2766,#2767);
#2336=AXIS2_PLACEMENT_3D('',#3626,#2770,#2771);
#2337=AXIS2_PLACEMENT_3D('',#3630,#2774,#2775);
#2338=AXIS2_PLACEMENT_3D('',#3634,#2778,#2779);
#2339=AXIS2_PLACEMENT_3D('',#3637,#2782,#2783);
#2340=AXIS2_PLACEMENT_3D('',#3638,#2784,#2785);
#2341=AXIS2_PLACEMENT_3D('',#3639,#2786,#2787);
#2342=AXIS2_PLACEMENT_3D('',#3645,#2791,#2792);
#2343=AXIS2_PLACEMENT_3D('',#3651,#2796,#2797);
#2344=AXIS2_PLACEMENT_3D('',#3655,#2800,#2801);
#2345=AXIS2_PLACEMENT_3D('',#3661,#2805,#2806);
#2346=AXIS2_PLACEMENT_3D('',#3663,#2808,#2809);
#2347=AXIS2_PLACEMENT_3D('',#3667,#2812,#2813);
#2348=AXIS2_PLACEMENT_3D('',#3671,#2816,#2817);
#2349=AXIS2_PLACEMENT_3D('',#3675,#2820,#2821);
#2350=AXIS2_PLACEMENT_3D('',#3678,#2824,#2825);
#2351=AXIS2_PLACEMENT_3D('',#3679,#2826,#2827);
#2352=AXIS2_PLACEMENT_3D('',#3680,#2828,#2829);
#2353=AXIS2_PLACEMENT_3D('',#3682,#2831,#2832);
#2354=AXIS2_PLACEMENT_3D('',#3683,#2833,#2834);
#2355=AXIS2_PLACEMENT_3D('',#3685,#2836,#2837);
#2356=AXIS2_PLACEMENT_3D('',#3686,#2838,#2839);
#2357=AXIS2_PLACEMENT_3D('',#3693,#2844,#2845);
#2358=AXIS2_PLACEMENT_3D('',#3703,#2851,#2852);
#2359=AXIS2_PLACEMENT_3D('',#3709,#2857,#2858);
#2360=AXIS2_PLACEMENT_3D('',#3711,#2860,#2861);
#2361=AXIS2_PLACEMENT_3D('',#3717,#2865,#2866);
#2362=AXIS2_PLACEMENT_3D('',#3719,#2868,#2869);
#2363=AXIS2_PLACEMENT_3D('',#3721,#2871,#2872);
#2364=AXIS2_PLACEMENT_3D('',#3727,#2876,#2877);
#2365=AXIS2_PLACEMENT_3D('',#3729,#2879,#2880);
#2366=AXIS2_PLACEMENT_3D('',#3730,#2881,#2882);
#2367=AXIS2_PLACEMENT_3D('',#3731,#2883,#2884);
#2368=AXIS2_PLACEMENT_3D('',#3732,#2885,#2886);
#2369=AXIS2_PLACEMENT_3D('',#3734,#2888,#2889);
#2370=AXIS2_PLACEMENT_3D('',#3735,#2890,#2891);
#2371=AXIS2_PLACEMENT_3D('',#3737,#2893,#2894);
#2372=AXIS2_PLACEMENT_3D('',#3739,#2896,#2897);
#2373=AXIS2_PLACEMENT_3D('',#3742,#2900,#2901);
#2374=AXIS2_PLACEMENT_3D('',#3743,#2902,#2903);
#2375=AXIS2_PLACEMENT_3D('',#3745,#2905,#2906);
#2376=AXIS2_PLACEMENT_3D('',#3746,#2907,#2908);
#2377=AXIS2_PLACEMENT_3D('',#3750,#2911,#2912);
#2378=AXIS2_PLACEMENT_3D('',#3754,#2915,#2916);
#2379=AXIS2_PLACEMENT_3D('',#3758,#2919,#2920);
#2380=AXIS2_PLACEMENT_3D('',#3762,#2923,#2924);
#2381=AXIS2_PLACEMENT_3D('',#3766,#2927,#2928);
#2382=AXIS2_PLACEMENT_3D('',#3768,#2930,#2931);
#2383=DIRECTION('axis',(0.,0.,1.));
#2384=DIRECTION('refdir',(1.,0.,0.));
#2385=DIRECTION('center_axis',(1.,0.,0.));
#2386=DIRECTION('ref_axis',(0.,0.342020143325669,0.939692620785908));
#2387=DIRECTION('',(1.,0.,0.));
#2388=DIRECTION('center_axis',(1.,0.,0.));
#2389=DIRECTION('ref_axis',(0.,0.342020143325669,0.939692620785908));
#2390=DIRECTION('center_axis',(1.,0.,0.));
#2391=DIRECTION('ref_axis',(0.,0.342020143325669,0.939692620785908));
#2392=DIRECTION('',(-1.,0.,0.));
#2393=DIRECTION('center_axis',(1.,0.,0.));
#2394=DIRECTION('ref_axis',(0.,0.342020143325669,0.939692620785908));
#2395=DIRECTION('',(-1.,0.,0.));
#2396=DIRECTION('center_axis',(1.,0.,0.));
#2397=DIRECTION('ref_axis',(0.,0.342020143325669,0.939692620785908));
#2398=DIRECTION('center_axis',(1.,0.,0.));
#2399=DIRECTION('ref_axis',(0.,0.342020143325669,0.939692620785908));
#2400=DIRECTION('center_axis',(1.,0.,0.));
#2401=DIRECTION('ref_axis',(0.,0.342020143325669,0.939692620785908));
#2402=DIRECTION('center_axis',(1.,0.,0.));
#2403=DIRECTION('ref_axis',(0.,0.342020143325669,0.939692620785908));
#2404=DIRECTION('',(1.,0.,0.));
#2405=DIRECTION('center_axis',(-1.,0.,0.));
#2406=DIRECTION('ref_axis',(0.,0.342020143325669,0.939692620785908));
#2407=DIRECTION('center_axis',(1.,0.,0.));
#2408=DIRECTION('ref_axis',(0.,0.342020143325669,0.939692620785908));
#2409=DIRECTION('center_axis',(-1.,0.,0.));
#2410=DIRECTION('ref_axis',(0.,0.342020143325669,0.939692620785908));
#2411=DIRECTION('',(0.707106781186547,0.241844762647976,0.664463024388675));
#2412=DIRECTION('center_axis',(-1.,0.,0.));
#2413=DIRECTION('ref_axis',(0.,0.342020143325669,0.939692620785908));
#2414=DIRECTION('center_axis',(1.,0.,0.));
#2415=DIRECTION('ref_axis',(0.,0.342020143325669,0.939692620785908));
#2416=DIRECTION('center_axis',(-1.,-2.65074714387338E-14,0.));
#2417=DIRECTION('ref_axis',(0.,0.342020143325669,0.939692620785908));
#2418=DIRECTION('',(-1.,0.,0.));
#2419=DIRECTION('center_axis',(-1.,0.,0.));
#2420=DIRECTION('ref_axis',(0.,0.342020143325669,0.939692620785908));
#2421=DIRECTION('center_axis',(1.,0.,0.));
#2422=DIRECTION('ref_axis',(0.,0.342020143325669,0.939692620785908));
#2423=DIRECTION('',(0.707106781186546,0.241844762647976,0.664463024388676));
#2424=DIRECTION('center_axis',(-1.,0.,0.));
#2425=DIRECTION('ref_axis',(0.,0.342020143325669,0.939692620785908));
#2426=DIRECTION('center_axis',(1.,0.,0.));
#2427=DIRECTION('ref_axis',(0.,0.342020143325669,0.939692620785908));
#2428=DIRECTION('center_axis',(-1.,-2.65074714387338E-14,0.));
#2429=DIRECTION('ref_axis',(0.,0.342020143325669,0.939692620785908));
#2430=DIRECTION('',(-1.,0.,0.));
#2431=DIRECTION('center_axis',(1.,0.,0.));
#2432=DIRECTION('ref_axis',(0.,0.342020143325669,0.939692620785908));
#2433=DIRECTION('center_axis',(1.,0.,0.));
#2434=DIRECTION('ref_axis',(0.,0.342020143325669,0.939692620785908));
#2435=DIRECTION('',(0.707106781186547,-0.241844762647976,-0.664463024388675));
#2436=DIRECTION('center_axis',(1.,0.,0.));
#2437=DIRECTION('ref_axis',(0.,0.342020143325669,0.939692620785908));
#2438=DIRECTION('center_axis',(1.,2.77157304929461E-14,0.));
#2439=DIRECTION('ref_axis',(0.,0.342020143325669,0.939692620785908));
#2440=DIRECTION('',(1.,0.,0.));
#2441=DIRECTION('center_axis',(1.,0.,0.));
#2442=DIRECTION('ref_axis',(0.,0.342020143325669,0.939692620785908));
#2443=DIRECTION('center_axis',(1.,0.,0.));
#2444=DIRECTION('ref_axis',(0.,0.342020143325669,0.939692620785908));
#2445=DIRECTION('',(0.707106781186546,-0.241844762647976,-0.664463024388676));
#2446=DIRECTION('center_axis',(1.,0.,0.));
#2447=DIRECTION('ref_axis',(0.,0.342020143325669,0.939692620785908));
#2448=DIRECTION('center_axis',(1.,0.,0.));
#2449=DIRECTION('ref_axis',(0.,0.342020143325669,0.939692620785908));
#2450=DIRECTION('center_axis',(1.,2.77157304929461E-14,0.));
#2451=DIRECTION('ref_axis',(0.,0.342020143325669,0.939692620785908));
#2452=DIRECTION('',(1.,0.,0.));
#2453=DIRECTION('center_axis',(1.,0.,0.));
#2454=DIRECTION('ref_axis',(0.,0.342020143325669,0.939692620785908));
#2455=DIRECTION('',(-1.,0.,0.));
#2456=DIRECTION('center_axis',(1.,0.,0.));
#2457=DIRECTION('ref_axis',(0.,0.342020143325669,0.939692620785908));
#2458=DIRECTION('center_axis',(0.707106781186548,-0.707106781186548,0.));
#2459=DIRECTION('ref_axis',(0.707106781186548,0.707106781186548,-8.72273588157653E-17));
#2460=DIRECTION('center_axis',(1.,0.,0.));
#2461=DIRECTION('ref_axis',(0.,0.342020143325669,0.939692620785908));
#2462=DIRECTION('center_axis',(1.,0.,0.));
#2463=DIRECTION('ref_axis',(0.,0.342020143325669,0.939692620785908));
#2464=DIRECTION('',(1.,0.,0.));
#2465=DIRECTION('center_axis',(-1.,0.,0.));
#2466=DIRECTION('ref_axis',(0.,0.342020143325669,0.939692620785908));
#2467=DIRECTION('center_axis',(-0.707106781186548,-0.707106781186548,0.));
#2468=DIRECTION('ref_axis',(-0.707106781186548,0.707106781186548,-8.72273588157653E-17));
#2469=DIRECTION('center_axis',(-1.,0.,0.));
#2470=DIRECTION('ref_axis',(0.,0.342020143325669,0.939692620785908));
#2471=DIRECTION('center_axis',(-1.,-2.65074714387338E-14,0.));
#2472=DIRECTION('ref_axis',(-2.65074714387338E-14,1.,0.));
#2473=DIRECTION('',(1.12025415025769E-14,-0.422618261740625,-0.906307787036685));
#2474=DIRECTION('',(-2.65074714387338E-14,1.,0.));
#2475=DIRECTION('',(0.,0.,1.));
#2476=DIRECTION('',(2.65074714387338E-14,-1.,1.30295746482634E-15));
#2477=DIRECTION('',(0.,0.,-1.));
#2478=DIRECTION('',(-2.65074714387338E-14,1.,0.));
#2479=DIRECTION('',(0.,0.,-1.));
#2480=DIRECTION('',(-2.2220071132237E-14,0.838256911210631,-0.5452754815757));
#2481=DIRECTION('center_axis',(1.,2.77157304929461E-14,0.));
#2482=DIRECTION('ref_axis',(2.77157304929461E-14,-1.,0.));
#2483=DIRECTION('',(-1.17131738438047E-14,0.422618261740777,0.906307787036614));
#2484=DIRECTION('',(2.32329026349634E-14,-0.838256911210634,0.545275481575697));
#2485=DIRECTION('',(0.,0.,-1.));
#2486=DIRECTION('',(2.77157304929461E-14,-1.,0.));
#2487=DIRECTION('',(0.,0.,1.));
#2488=DIRECTION('',(0.,1.,-1.30295746482634E-15));
#2489=DIRECTION('',(0.,0.,-1.));
#2490=DIRECTION('',(2.77157304929461E-14,-1.,0.));
#2491=DIRECTION('center_axis',(-1.,0.,0.));
#2492=DIRECTION('ref_axis',(0.,0.,1.));
#2493=DIRECTION('',(0.,0.,1.));
#2494=DIRECTION('',(0.,-1.,1.30295746482634E-15));
#2495=DIRECTION('',(0.,0.,-1.));
#2496=DIRECTION('',(0.,-0.422618261740763,-0.90630778703662));
#2497=DIRECTION('',(0.,-0.991067926179791,-0.133358035744712));
#2498=DIRECTION('',(0.,-0.6819983600625,0.73135370161917));
#2499=DIRECTION('',(0.,0.42261826174073,0.906307787036636));
#2500=DIRECTION('',(0.,-0.495998442203116,0.868323410563186));
#2501=DIRECTION('',(0.,-0.422618261740759,-0.906307787036622));
#2502=DIRECTION('',(0.,0.868647084570975,0.495431370087063));
#2503=DIRECTION('',(0.,0.,-1.));
#2504=DIRECTION('',(0.,1.,0.));
#2505=DIRECTION('',(0.,0.,1.));
#2506=DIRECTION('',(0.,0.422618261740738,0.906307787036632));
#2507=DIRECTION('',(0.,0.167833767925774,0.985815310463292));
#2508=DIRECTION('',(0.,0.,1.));
#2509=DIRECTION('',(0.,-1.,0.));
#2510=DIRECTION('',(0.,-0.999746128932739,-0.0225317039747156));
#2511=DIRECTION('',(0.,-0.42261826174073,-0.906307787036636));
#2512=DIRECTION('',(0.,0.495998442203123,-0.868323410563182));
#2513=DIRECTION('',(0.,-0.422618261740732,-0.906307787036635));
#2514=DIRECTION('',(0.,0.681998360062497,-0.731353701619171));
#2515=DIRECTION('',(0.,0.99106792617979,0.133358035744721));
#2516=DIRECTION('center_axis',(1.,0.,0.));
#2517=DIRECTION('ref_axis',(0.,0.,-1.));
#2518=DIRECTION('',(0.,0.,-1.));
#2519=DIRECTION('',(0.,-1.,0.));
#2520=DIRECTION('',(0.,0.,1.));
#2521=DIRECTION('',(0.,-0.868647084570975,-0.495431370087063));
#2522=DIRECTION('',(0.,0.422618261740759,0.906307787036622));
#2523=DIRECTION('',(0.,0.495998442203116,-0.868323410563186));
#2524=DIRECTION('',(0.,-0.42261826174073,-0.906307787036636));
#2525=DIRECTION('',(0.,0.6819983600625,-0.731353701619169));
#2526=DIRECTION('',(0.,0.991067926179791,0.133358035744712));
#2527=DIRECTION('',(0.,0.422618261740763,0.90630778703662));
#2528=DIRECTION('',(0.,0.,-1.));
#2529=DIRECTION('',(0.,1.,-1.30295746482634E-15));
#2530=DIRECTION('',(0.,0.,-1.));
#2531=DIRECTION('',(0.,0.,-1.));
#2532=DIRECTION('',(0.,-0.167833767925774,-0.985815310463292));
#2533=DIRECTION('',(0.,-0.422618261740738,-0.906307787036632));
#2534=DIRECTION('',(0.,-0.99106792617979,-0.133358035744721));
#2535=DIRECTION('',(0.,-0.681998360062497,0.731353701619171));
#2536=DIRECTION('',(0.,0.422618261740732,0.906307787036635));
#2537=DIRECTION('',(0.,-0.495998442203123,0.868323410563182));
#2538=DIRECTION('',(0.,0.42261826174073,0.906307787036636));
#2539=DIRECTION('',(0.,0.999746128932739,0.0225317039747156));
#2540=DIRECTION('',(0.,1.,0.));
#2541=DIRECTION('center_axis',(0.707106781186538,0.707106781186557,0.));
#2542=DIRECTION('ref_axis',(0.,0.,-1.));
#2543=DIRECTION('',(-0.707106781186557,0.707106781186538,-9.21330058976326E-16));
#2544=DIRECTION('',(0.,0.,1.));
#2545=DIRECTION('',(0.577350269189637,-0.577350269189621,0.577350269189619));
#2546=DIRECTION('',(0.,0.,1.));
#2547=DIRECTION('',(-0.577350269189634,0.577350269189619,0.577350269189624));
#2548=DIRECTION('',(0.,0.,1.));
#2549=DIRECTION('',(0.707106781186557,-0.707106781186538,0.));
#2550=DIRECTION('center_axis',(0.,1.,0.));
#2551=DIRECTION('ref_axis',(0.,0.,1.));
#2552=DIRECTION('',(-1.,0.,0.));
#2553=DIRECTION('',(0.,0.,-1.));
#2554=DIRECTION('',(1.,0.,0.));
#2555=DIRECTION('center_axis',(0.,-1.30295746482634E-15,-1.));
#2556=DIRECTION('ref_axis',(0.,1.,-1.30295746482634E-15));
#2557=DIRECTION('',(-0.746230599808507,-0.665687533238708,8.67362540675208E-16));
#2558=DIRECTION('',(2.50305906231203E-16,-1.,1.30295746482634E-15));
#2559=DIRECTION('',(0.965925826289068,-0.258819045102521,3.37230206855555E-16));
#2560=DIRECTION('',(0.965925826289069,0.25881904510252,-3.37230206855554E-16));
#2561=DIRECTION('',(2.50305906231203E-16,1.,-1.30295746482634E-15));
#2562=DIRECTION('',(-0.746230599808507,0.665687533238708,-8.67362540675208E-16));
#2563=DIRECTION('',(-0.707106781186539,-0.707106781186556,9.2133005897635E-16));
#2564=DIRECTION('',(-1.,0.,0.));
#2565=DIRECTION('',(-0.707106781186548,0.707106781186548,-9.21330058976339E-16));
#2566=DIRECTION('',(0.707106781186545,0.70710678118655,-9.21330058976341E-16));
#2567=DIRECTION('',(-3.29597922457265E-15,1.,-1.30295746482634E-15));
#2568=DIRECTION('',(0.965925826289068,0.258819045102521,-3.37230206855555E-16));
#2569=DIRECTION('',(0.965925826289068,-0.258819045102521,3.37230206855555E-16));
#2570=DIRECTION('',(-3.29597922457265E-15,-1.,1.30295746482634E-15));
#2571=DIRECTION('',(0.707106781186545,-0.70710678118655,9.21330058976341E-16));
#2572=DIRECTION('',(-0.707106781186548,-0.707106781186548,9.21330058976339E-16));
#2573=DIRECTION('center_axis',(0.,1.30295746482634E-15,1.));
#2574=DIRECTION('ref_axis',(1.,0.,0.));
#2575=DIRECTION('center_axis',(0.,1.30295746482634E-15,1.));
#2576=DIRECTION('ref_axis',(1.,0.,0.));
#2577=DIRECTION('center_axis',(0.,0.,1.));
#2578=DIRECTION('ref_axis',(1.,0.,0.));
#2579=DIRECTION('',(1.,0.,0.));
#2580=DIRECTION('',(0.707106781186548,0.707106781186548,0.));
#2581=DIRECTION('',(-0.707106781186578,0.707106781186517,0.));
#2582=DIRECTION('',(-0.996194698091746,0.0871557427476567,0.));
#2583=DIRECTION('',(0.996194698091746,0.0871557427476561,0.));
#2584=DIRECTION('',(0.707106781186549,0.707106781186546,0.));
#2585=DIRECTION('',(0.707106781186548,-0.707106781186548,0.));
#2586=DIRECTION('',(1.,0.,0.));
#2587=DIRECTION('',(0.707106781186539,0.707106781186556,0.));
#2588=DIRECTION('',(-0.996194698091746,-0.0871557427476564,0.));
#2589=DIRECTION('',(-0.996194698091746,0.0871557427476572,0.));
#2590=DIRECTION('center_axis',(0.,0.,1.));
#2591=DIRECTION('ref_axis',(1.,0.,0.));
#2592=DIRECTION('center_axis',(0.,0.,1.));
#2593=DIRECTION('ref_axis',(1.,0.,0.));
#2594=DIRECTION('center_axis',(-0.707106781186548,0.707106781186548,0.));
#2595=DIRECTION('ref_axis',(0.,0.,1.));
#2596=DIRECTION('',(0.,0.,-1.));
#2597=DIRECTION('',(-0.577350269189624,-0.577350269189624,-0.577350269189629));
#2598=DIRECTION('',(0.,0.,-1.));
#2599=DIRECTION('',(0.577350269189627,0.577350269189627,-0.577350269189624));
#2600=DIRECTION('center_axis',(0.,0.707106781186546,0.707106781186549));
#2601=DIRECTION('ref_axis',(0.,-0.707106781186549,0.707106781186546));
#2602=DIRECTION('',(1.,0.,0.));
#2603=DIRECTION('center_axis',(0.,1.,0.));
#2604=DIRECTION('ref_axis',(0.,0.,1.));
#2605=DIRECTION('',(-1.,0.,0.));
#2606=DIRECTION('center_axis',(-0.707106781186556,0.707106781186539,0.));
#2607=DIRECTION('ref_axis',(0.,0.,1.));
#2608=DIRECTION('',(0.,0.,-1.));
#2609=DIRECTION('',(-0.577350269189614,-0.577350269189629,-0.577350269189634));
#2610=DIRECTION('',(0.,0.,-1.));
#2611=DIRECTION('',(0.577350269189617,0.577350269189631,-0.577350269189629));
#2612=DIRECTION('',(0.,0.,-1.));
#2613=DIRECTION('center_axis',(0.,1.,0.));
#2614=DIRECTION('ref_axis',(0.,0.,1.));
#2615=DIRECTION('',(0.,0.,1.));
#2616=DIRECTION('',(-1.,0.,0.));
#2617=DIRECTION('center_axis',(0.707106781186548,0.707106781186548,0.));
#2618=DIRECTION('ref_axis',(0.,0.,-1.));
#2619=DIRECTION('',(0.,0.,1.));
#2620=DIRECTION('',(0.577350269189627,-0.577350269189627,0.577350269189624));
#2621=DIRECTION('',(0.,0.,1.));
#2622=DIRECTION('',(-0.577350269189624,0.577350269189624,0.577350269189629));
#2623=DIRECTION('center_axis',(0.,0.707106781186551,-0.707106781186544));
#2624=DIRECTION('ref_axis',(0.,0.707106781186544,0.707106781186551));
#2625=DIRECTION('',(-1.,0.,0.));
#2626=DIRECTION('center_axis',(0.,1.,0.));
#2627=DIRECTION('ref_axis',(0.,0.,1.));
#2628=DIRECTION('',(1.,0.,0.));
#2629=DIRECTION('center_axis',(0.,0.707106781186546,0.707106781186549));
#2630=DIRECTION('ref_axis',(0.,-0.707106781186549,0.707106781186546));
#2631=DIRECTION('',(1.,0.,0.));
#2632=DIRECTION('center_axis',(0.,1.,0.));
#2633=DIRECTION('ref_axis',(0.,0.,1.));
#2634=DIRECTION('center_axis',(-0.707106781186547,1.76993003667127E-16,
-0.707106781186548));
#2635=DIRECTION('ref_axis',(-0.707106781186548,0.,0.707106781186547));
#2636=DIRECTION('',(-0.598064822315336,0.533513764225303,0.598064822315335));
#2637=DIRECTION('',(-2.50305906231203E-16,-1.,0.));
#2638=DIRECTION('',(0.694746590606866,0.186156787897386,-0.694746590606865));
#2639=DIRECTION('',(-0.118530812456968,0.985850340060084,0.118530812456968));
#2640=DIRECTION('center_axis',(0.258819045102521,-0.965925826289068,0.));
#2641=DIRECTION('ref_axis',(0.965925826289068,0.258819045102521,0.));
#2642=DIRECTION('',(-0.0573336303447441,-0.0153624999500187,-0.998236869899513));
#2643=DIRECTION('',(0.,0.,1.));
#2644=DIRECTION('',(0.,0.,1.));
#2645=DIRECTION('',(-0.961351086262923,-0.257593247206932,-0.097210122592697));
#2646=DIRECTION('',(0.965925826289069,0.25881904510252,0.));
#2647=DIRECTION('center_axis',(1.,-2.50305906231203E-16,0.));
#2648=DIRECTION('ref_axis',(2.50305906231203E-16,1.,0.));
#2649=DIRECTION('',(0.,0.,-1.));
#2650=DIRECTION('center_axis',(0.707106781186547,1.76993003667127E-16,-0.707106781186548));
#2651=DIRECTION('ref_axis',(-0.707106781186548,0.,-0.707106781186547));
#2652=DIRECTION('',(0.694746590606866,-0.186156787897386,0.694746590606865));
#2653=DIRECTION('',(-2.50305906231203E-16,1.,0.));
#2654=DIRECTION('',(-0.598064822315336,-0.533513764225303,-0.598064822315335));
#2655=DIRECTION('',(-0.118530812456967,-0.985850340060084,-0.118530812456967));
#2656=DIRECTION('center_axis',(-0.665687533238708,0.746230599808507,0.));
#2657=DIRECTION('ref_axis',(-0.746230599808507,-0.665687533238708,-4.35226423335616E-46));
#2658=DIRECTION('',(0.,0.,1.));
#2659=DIRECTION('center_axis',(-1.,-2.50305906231203E-16,0.));
#2660=DIRECTION('ref_axis',(2.50305906231203E-16,-1.,0.));
#2661=DIRECTION('',(0.,0.,1.));
#2662=DIRECTION('center_axis',(0.665687533238708,0.746230599808507,0.));
#2663=DIRECTION('ref_axis',(-0.746230599808507,0.665687533238708,4.35226423335616E-46));
#2664=DIRECTION('center_axis',(0.,0.,1.));
#2665=DIRECTION('ref_axis',(1.,0.,0.));
#2666=DIRECTION('',(0.126352409449856,-0.991985417547161,0.));
#2667=DIRECTION('',(-0.857029830168045,-0.515266795167447,0.));
#2668=DIRECTION('center_axis',(0.,0.,1.));
#2669=DIRECTION('ref_axis',(1.,0.,0.));
#2670=DIRECTION('',(0.126352409449856,0.991985417547161,0.));
#2671=DIRECTION('',(-0.857029830168044,0.515266795167449,0.));
#2672=DIRECTION('',(0.965925826289069,-0.25881904510252,0.));
#2673=DIRECTION('center_axis',(0.171958245538718,-0.286013667777972,-0.942669901734132));
#2674=DIRECTION('ref_axis',(0.984807753012209,0.0733868910000359,0.157378695624257));
#2675=DIRECTION('',(8.19247357964186E-16,-0.956924013081786,0.290338480376696));
#2676=DIRECTION('',(-0.97896245624725,-0.156304060444324,-0.131154679470343));
#2677=DIRECTION('',(0.138233705503254,-0.94045004296733,0.310556209639394));
#2678=DIRECTION('center_axis',(-0.171958245538719,-0.286013667777972,-0.942669901734132));
#2679=DIRECTION('ref_axis',(0.984807753012209,-0.0733868910000356,-0.157378695624258));
#2680=DIRECTION('',(0.961351086262922,-0.257593247206933,-0.0972101225926977));
#2681=DIRECTION('',(-0.138233705503253,-0.94045004296733,0.310556209639395));
#2682=DIRECTION('',(-0.97896245624725,0.156304060444325,0.131154679470344));
#2683=DIRECTION('center_axis',(-0.99026806874157,0.126133665146145,-0.0588170940088053));
#2684=DIRECTION('ref_axis',(-2.84738024253496E-16,-0.422618261740699,-0.90630778703665));
#2685=DIRECTION('',(-0.13809307943504,-0.837974739198386,0.527947571144659));
#2686=DIRECTION('',(-0.0592906331641919,1.66240481872304E-16,0.998240762951999));
#2687=DIRECTION('',(3.7355092200961E-16,0.4226182617407,0.90630778703665));
#2688=DIRECTION('',(0.0592906331641926,0.764696789354228,0.641656793909583));
#2689=DIRECTION('',(-0.0573336303447432,0.0153624999500184,0.998236869899513));
#2690=DIRECTION('center_axis',(0.99026806874157,0.126133665146146,-0.0588170940088063));
#2691=DIRECTION('ref_axis',(3.98274427907781E-16,0.422618261740699,0.90630778703665));
#2692=DIRECTION('',(0.0592906331641923,-0.764696789354228,-0.641656793909583));
#2693=DIRECTION('',(-3.37632564124071E-16,-0.422618261740699,-0.90630778703665));
#2694=DIRECTION('',(-0.0592906331641929,-1.66240481872304E-16,-0.998240762951999));
#2695=DIRECTION('',(0.138093079435041,-0.837974739198385,0.527947571144659));
#2696=DIRECTION('center_axis',(-0.103511199448583,0.542346418809945,0.833754036627556));
#2697=DIRECTION('ref_axis',(-0.994521895368273,-0.0441756374486023,-0.094734960226448));
#2698=DIRECTION('',(-0.980374553798715,0.0857716594666726,-0.177507624332884));
#2699=DIRECTION('',(2.69588952106264E-15,-0.838256911210632,0.545275481575698));
#2700=DIRECTION('',(0.992381254955074,2.05177357719422E-17,0.12320488956934));
#2701=DIRECTION('center_axis',(0.103511199448583,0.542346418809946,0.833754036627555));
#2702=DIRECTION('ref_axis',(-0.994521895368273,0.0441756374486017,0.0947349602264486));
#2703=DIRECTION('',(-0.980374553798715,-0.0857716594666718,0.177507624332884));
#2704=DIRECTION('',(0.992381254955074,-2.05177357719422E-17,-0.12320488956934));
#2705=DIRECTION('center_axis',(-0.258819045102521,-0.965925826289068,0.));
#2706=DIRECTION('ref_axis',(0.965925826289068,-0.258819045102521,0.));
#2707=DIRECTION('center_axis',(0.,1.,-1.66533453693773E-16));
#2708=DIRECTION('ref_axis',(-1.,0.,0.));
#2709=DIRECTION('',(0.960292099389683,4.64622617076564E-17,0.278996566017856));
#2710=DIRECTION('',(0.933629043028976,-5.96591565255435E-17,-0.358241273463568));
#2711=DIRECTION('',(1.,0.,0.));
#2712=DIRECTION('',(0.933629043028976,5.96591565255435E-17,0.358241273463568));
#2713=DIRECTION('',(0.960292099389683,-4.64622617076564E-17,-0.278996566017856));
#2714=DIRECTION('center_axis',(0.121869343405147,0.89955230622579,-0.419468129304076));
#2715=DIRECTION('ref_axis',(-8.32667268468867E-17,0.422618261740699,0.90630778703665));
#2716=DIRECTION('',(-0.960292099389683,0.213723769047256,0.17933553578137));
#2717=DIRECTION('',(2.31448982464062E-13,-0.422618261740725,-0.906307787036638));
#2718=DIRECTION('center_axis',(0.,0.642787609686539,-0.766044443118978));
#2719=DIRECTION('ref_axis',(1.,0.,0.));
#2720=DIRECTION('',(-0.960292099389683,-0.213723769047256,-0.17933553578137));
#2721=DIRECTION('',(-0.933629043028942,0.2744287368327,0.230273051860765));
#2722=DIRECTION('',(-0.933629043028942,-0.2744287368327,-0.230273051860765));
#2723=DIRECTION('center_axis',(-0.121869343405148,0.89955230622579,-0.419468129304076));
#2724=DIRECTION('ref_axis',(-2.77555756156289E-16,-0.4226182617407,-0.90630778703665));
#2725=DIRECTION('',(2.31051303800034E-13,0.422618261740725,0.906307787036638));
#2726=DIRECTION('center_axis',(0.,0.,1.));
#2727=DIRECTION('ref_axis',(0.,-1.,0.));
#2728=DIRECTION('',(-0.98436709149258,-0.17612901290372,0.));
#2729=DIRECTION('',(0.518924781827117,0.854819905480493,0.));
#2730=DIRECTION('',(-0.707106781186549,-0.707106781186546,0.));
#2731=DIRECTION('',(-0.996194698091746,-0.0871557427476561,0.));
#2732=DIRECTION('',(-0.996194698091746,0.0871557427476567,0.));
#2733=DIRECTION('',(-0.707106781186578,0.707106781186517,0.));
#2734=DIRECTION('',(0.518924781827117,-0.854819905480493,0.));
#2735=DIRECTION('',(-0.98436709149258,0.17612901290372,0.));
#2736=DIRECTION('center_axis',(0.160071158553662,-0.894621381109141,0.417168801160466));
#2737=DIRECTION('ref_axis',(0.,-0.422618261740759,-0.906307787036622));
#2738=DIRECTION('',(0.,-0.422618261740759,-0.906307787036622));
#2739=DIRECTION('',(0.985047602213243,0.117496306398277,-0.125999362524987));
#2740=DIRECTION('',(0.936222667044145,0.27153143092023,0.223064564050769));
#2741=DIRECTION('',(3.86336827779486E-14,0.422618261740765,0.906307787036619));
#2742=DIRECTION('',(0.852095860885951,0.338576147821107,0.399122582658072));
#2743=DIRECTION('',(-0.6419815545411,0.226677801039546,0.732445805602619));
#2744=DIRECTION('center_axis',(-0.707106781186546,0.0159323206722093,-0.706927267233342));
#2745=DIRECTION('ref_axis',(0.,0.999746128932739,0.0225317039747156));
#2746=DIRECTION('',(0.647379104433495,0.416728877078158,-0.638151500940069));
#2747=DIRECTION('',(0.70708434016204,0.00796691880378364,-0.70708434016204));
#2748=DIRECTION('',(0.572964569300169,-0.572964569300175,-0.586023211701838));
#2749=DIRECTION('center_axis',(-0.707106781186549,0.640856382055777,-0.298836238730141));
#2750=DIRECTION('ref_axis',(0.,0.42261826174073,0.906307787036636));
#2751=DIRECTION('',(0.664023331817193,0.747073458314604,0.0308911424886076));
#2752=DIRECTION('',(0.211541378239861,-0.211541378239859,-0.954201493702856));
#2753=DIRECTION('',(0.,-0.42261826174073,-0.906307787036636));
#2754=DIRECTION('center_axis',(-0.707106781186547,0.613997371872256,0.350723861939792));
#2755=DIRECTION('ref_axis',(0.,-0.495998442203123,0.868323410563182));
#2756=DIRECTION('',(0.664023331817191,0.747073458314606,0.0308911424886016));
#2757=DIRECTION('',(0.,0.495998442203123,-0.868323410563182));
#2758=DIRECTION('center_axis',(-0.707106781186551,0.640856382055774,-0.298836238730141));
#2759=DIRECTION('ref_axis',(0.,0.422618261740732,0.906307787036635));
#2760=DIRECTION('',(0.638230619643248,0.760367156448277,0.120430326515197));
#2761=DIRECTION('',(0.,-0.422618261740732,-0.906307787036635));
#2762=DIRECTION('',(0.432537568646339,0.726341011022123,0.534172245082871));
#2763=DIRECTION('center_axis',(-0.707106781186546,0.5171451618608,0.482245665158297));
#2764=DIRECTION('ref_axis',(0.,-0.681998360062497,0.731353701619171));
#2765=DIRECTION('',(0.664143851524343,0.251622835651109,0.703987850080743));
#2766=DIRECTION('center_axis',(-0.707106781186547,-0.0942983714008106,0.700790851218219));
#2767=DIRECTION('ref_axis',(0.,-0.99106792617979,-0.133358035744721));
#2768=DIRECTION('',(0.659531239497199,-0.445339382266908,0.605550475789935));
#2769=DIRECTION('',(0.,0.99106792617979,0.133358035744721));
#2770=DIRECTION('center_axis',(-0.707106781186548,-0.640856382055775,0.298836238730147));
#2771=DIRECTION('ref_axis',(0.,-0.422618261740738,-0.906307787036632));
#2772=DIRECTION('',(0.703923086390585,-0.67802969524307,0.211584547675257));
#2773=DIRECTION('',(0.,0.422618261740738,0.906307787036632));
#2774=DIRECTION('center_axis',(-0.707106781186549,-0.697076691026114,0.118676395412404));
#2775=DIRECTION('ref_axis',(0.,-0.167833767925774,-0.985815310463292));
#2776=DIRECTION('',(0.705847436605184,-0.705847436605188,0.0596556156264898));
#2777=DIRECTION('',(0.,0.167833767925774,0.985815310463292));
#2778=DIRECTION('center_axis',(-0.707106781186549,-0.707106781186546,0.));
#2779=DIRECTION('ref_axis',(0.,0.,-1.));
#2780=DIRECTION('',(0.577350269189625,-0.577350269189628,-0.577350269189625));
#2781=DIRECTION('',(0.,0.,1.));
#2782=DIRECTION('center_axis',(-0.707106781186548,0.,-0.707106781186548));
#2783=DIRECTION('ref_axis',(0.,1.,0.));
#2784=DIRECTION('center_axis',(1.,0.,0.));
#2785=DIRECTION('ref_axis',(0.,0.,-1.));
#2786=DIRECTION('center_axis',(-0.707106781186546,-0.0159323206722093,0.706927267233342));
#2787=DIRECTION('ref_axis',(0.,0.999746128932739,0.0225317039747156));
#2788=DIRECTION('',(-0.647379104433495,0.416728877078158,-0.638151500940069));
#2789=DIRECTION('',(-0.572964569300169,-0.572964569300175,-0.586023211701838));
#2790=DIRECTION('',(-0.70708434016204,0.00796691880378364,-0.70708434016204));
#2791=DIRECTION('center_axis',(-0.707106781186549,-0.640856382055777,0.298836238730141));
#2792=DIRECTION('ref_axis',(0.,0.42261826174073,0.906307787036636));
#2793=DIRECTION('',(-0.664023331817193,0.747073458314604,0.0308911424886076));
#2794=DIRECTION('',(0.,-0.42261826174073,-0.906307787036636));
#2795=DIRECTION('',(-0.211541378239861,-0.211541378239859,-0.954201493702856));
#2796=DIRECTION('center_axis',(-0.707106781186547,-0.613997371872256,-0.350723861939792));
#2797=DIRECTION('ref_axis',(0.,-0.495998442203123,0.868323410563182));
#2798=DIRECTION('',(-0.664023331817191,0.747073458314606,0.0308911424886016));
#2799=DIRECTION('',(0.,0.495998442203123,-0.868323410563182));
#2800=DIRECTION('center_axis',(-0.707106781186551,-0.640856382055774,0.298836238730141));
#2801=DIRECTION('ref_axis',(0.,0.422618261740732,0.906307787036635));
#2802=DIRECTION('',(-0.638230619643248,0.760367156448277,0.120430326515197));
#2803=DIRECTION('',(-0.432537568646339,0.726341011022123,0.534172245082871));
#2804=DIRECTION('',(0.,-0.422618261740732,-0.906307787036635));
#2805=DIRECTION('center_axis',(-0.707106781186546,-0.5171451618608,-0.482245665158297));
#2806=DIRECTION('ref_axis',(0.,-0.681998360062497,0.731353701619171));
#2807=DIRECTION('',(-0.664143851524343,0.251622835651109,0.703987850080743));
#2808=DIRECTION('center_axis',(-0.707106781186547,0.0942983714008106,-0.700790851218219));
#2809=DIRECTION('ref_axis',(0.,-0.99106792617979,-0.133358035744721));
#2810=DIRECTION('',(-0.659531239497199,-0.445339382266908,0.605550475789935));
#2811=DIRECTION('',(0.,0.99106792617979,0.133358035744721));
#2812=DIRECTION('center_axis',(-0.707106781186548,0.640856382055775,-0.298836238730147));
#2813=DIRECTION('ref_axis',(0.,-0.422618261740738,-0.906307787036632));
#2814=DIRECTION('',(-0.703923086390585,-0.67802969524307,0.211584547675257));
#2815=DIRECTION('',(0.,0.422618261740738,0.906307787036632));
#2816=DIRECTION('center_axis',(-0.707106781186549,0.697076691026114,-0.118676395412404));
#2817=DIRECTION('ref_axis',(0.,-0.167833767925774,-0.985815310463292));
#2818=DIRECTION('',(-0.705847436605184,-0.705847436605188,0.0596556156264898));
#2819=DIRECTION('',(0.,0.167833767925774,0.985815310463292));
#2820=DIRECTION('center_axis',(-0.707106781186549,0.707106781186546,0.));
#2821=DIRECTION('ref_axis',(0.,0.,-1.));
#2822=DIRECTION('',(-0.577350269189625,-0.577350269189628,-0.577350269189625));
#2823=DIRECTION('',(0.,0.,1.));
#2824=DIRECTION('center_axis',(-0.707106781186548,0.,0.707106781186548));
#2825=DIRECTION('ref_axis',(0.,1.,0.));
#2826=DIRECTION('center_axis',(1.,0.,0.));
#2827=DIRECTION('ref_axis',(0.,0.,-1.));
#2828=DIRECTION('center_axis',(-0.0871557427476572,-0.996194698091746,0.));
#2829=DIRECTION('ref_axis',(-0.996194698091746,0.0871557427476572,0.));
#2830=DIRECTION('',(0.,0.,-1.));
#2831=DIRECTION('center_axis',(0.0871557427476564,-0.996194698091746,0.));
#2832=DIRECTION('ref_axis',(-0.996194698091746,-0.0871557427476564,0.));
#2833=DIRECTION('center_axis',(0.,0.707106781186551,-0.707106781186544));
#2834=DIRECTION('ref_axis',(0.,0.707106781186544,0.707106781186551));
#2835=DIRECTION('',(-1.,0.,0.));
#2836=DIRECTION('center_axis',(0.,1.,0.));
#2837=DIRECTION('ref_axis',(0.,0.,1.));
#2838=DIRECTION('center_axis',(-0.350800434887293,0.684876350533445,0.638657529011344));
#2839=DIRECTION('ref_axis',(0.936450241541368,0.256559196584437,0.239245321302346));
#2840=DIRECTION('',(-0.890038034364076,-0.455886276811807,5.36432945206898E-16));
#2841=DIRECTION('',(-0.699885331491081,0.261369072768855,-0.664715526043711));
#2842=DIRECTION('',(0.707106781186545,0.640856382055781,-0.298836238730141));
#2843=DIRECTION('',(2.38944510961424E-14,-0.681998360062493,0.731353701619176));
#2844=DIRECTION('center_axis',(0.350800434887292,0.684876350533445,0.638657529011345));
#2845=DIRECTION('ref_axis',(0.936450241541368,-0.256559196584436,-0.239245321302345));
#2846=DIRECTION('',(0.936222667044146,-0.271531430920229,-0.223064564050768));
#2847=DIRECTION('',(0.707106781186545,-0.640856382055781,0.298836238730142));
#2848=DIRECTION('',(-0.699885331491081,-0.261369072768856,0.664715526043711));
#2849=DIRECTION('',(-0.890038034364077,0.455886276811806,-5.36432945206897E-16));
#2850=DIRECTION('',(2.37362096981548E-14,0.681998360062493,-0.731353701619176));
#2851=DIRECTION('center_axis',(-0.160071158553662,-0.894621381109141,0.417168801160466));
#2852=DIRECTION('ref_axis',(0.,-0.422618261740759,-0.906307787036622));
#2853=DIRECTION('',(-0.6419815545411,-0.226677801039546,-0.732445805602619));
#2854=DIRECTION('',(0.852095860885951,-0.338576147821107,-0.399122582658072));
#2855=DIRECTION('',(3.86336827779486E-14,-0.422618261740765,-0.906307787036619));
#2856=DIRECTION('',(0.985047602213243,-0.117496306398277,0.125999362524987));
#2857=DIRECTION('center_axis',(0.,-0.731353701619176,-0.681998360062493));
#2858=DIRECTION('ref_axis',(0.,0.681998360062493,-0.731353701619176));
#2859=DIRECTION('',(1.,0.,0.));
#2860=DIRECTION('center_axis',(0.,-1.1766814938111E-15,-1.));
#2861=DIRECTION('ref_axis',(0.,1.,-1.1766814938111E-15));
#2862=DIRECTION('',(0.133358035744714,0.991067926179791,-1.16617128784551E-15));
#2863=DIRECTION('',(-1.,0.,0.));
#2864=DIRECTION('',(0.133358035744714,-0.991067926179791,1.16617128784551E-15));
#2865=DIRECTION('center_axis',(-0.703927566165011,0.094720447560213,-0.703927566165012));
#2866=DIRECTION('ref_axis',(-0.0669774707868517,-0.995503910998843,-0.0669774707868511));
#2867=DIRECTION('',(-0.647400737516884,0.322098414629841,0.690742279258725));
#2868=DIRECTION('center_axis',(-0.703927566165011,-0.094720447560213,0.703927566165012));
#2869=DIRECTION('ref_axis',(0.0669774707868517,-0.995503910998843,-0.0669774707868511));
#2870=DIRECTION('',(-0.647400737516884,-0.322098414629841,-0.690742279258725));
#2871=DIRECTION('center_axis',(0.,0.90630778703662,-0.422618261740763));
#2872=DIRECTION('ref_axis',(0.,0.422618261740763,0.90630778703662));
#2873=DIRECTION('',(0.389281620635073,-0.389281620635075,-0.834817129478942));
#2874=DIRECTION('',(1.,0.,0.));
#2875=DIRECTION('',(0.389281620635073,0.389281620635075,0.834817129478942));
#2876=DIRECTION('center_axis',(-0.70710678118655,-0.640856382055777,0.298836238730141));
#2877=DIRECTION('ref_axis',(-1.64035451888367E-14,0.422618261740745,0.906307787036629));
#2878=DIRECTION('',(-0.707106781186545,0.640856382055771,-0.298836238730164));
#2879=DIRECTION('center_axis',(-0.49999999999999,-0.751990132248469,-0.429547251185409));
#2880=DIRECTION('ref_axis',(-0.500000000000013,-0.154317654788164,0.852165512926138));
#2881=DIRECTION('center_axis',(-0.632280199348978,-0.3838303979554,0.672975463978157));
#2882=DIRECTION('ref_axis',(0.316578188622052,0.664813750748123,0.676609878220082));
#2883=DIRECTION('center_axis',(-0.632280199348978,0.3838303979554,-0.672975463978157));
#2884=DIRECTION('ref_axis',(-0.316578188622052,0.664813750748123,0.676609878220082));
#2885=DIRECTION('center_axis',(-0.70710678118655,0.640856382055777,-0.298836238730141));
#2886=DIRECTION('ref_axis',(1.64035451888367E-14,0.422618261740745,0.906307787036629));
#2887=DIRECTION('',(0.707106781186545,0.640856382055771,-0.298836238730164));
#2888=DIRECTION('center_axis',(-0.49999999999999,0.751990132248469,0.429547251185409));
#2889=DIRECTION('ref_axis',(0.500000000000013,-0.154317654788164,0.852165512926138));
#2890=DIRECTION('center_axis',(0.,0.,1.));
#2891=DIRECTION('ref_axis',(1.,0.,0.));
#2892=DIRECTION('',(0.,0.,1.));
#2893=DIRECTION('center_axis',(0.,0.,1.));
#2894=DIRECTION('ref_axis',(1.,0.,0.));
#2895=DIRECTION('',(0.,0.,1.));
#2896=DIRECTION('center_axis',(-0.0871557427476567,-0.996194698091746,0.));
#2897=DIRECTION('ref_axis',(0.996194698091746,-0.0871557427476567,0.));
#2898=DIRECTION('',(0.,0.,1.));
#2899=DIRECTION('',(0.,0.,1.));
#2900=DIRECTION('center_axis',(-0.707106781186517,-0.707106781186578,0.));
#2901=DIRECTION('ref_axis',(0.707106781186578,-0.707106781186517,0.));
#2902=DIRECTION('center_axis',(0.707106781186546,-0.707106781186549,0.));
#2903=DIRECTION('ref_axis',(0.707106781186549,0.707106781186546,0.));
#2904=DIRECTION('',(0.,0.,1.));
#2905=DIRECTION('center_axis',(0.0871557427476561,-0.996194698091746,0.));
#2906=DIRECTION('ref_axis',(0.996194698091746,0.0871557427476561,0.));
#2907=DIRECTION('center_axis',(0.70710678118655,-0.707106781186545,0.));
#2908=DIRECTION('ref_axis',(-0.707106781186545,-0.70710678118655,0.));
#2909=DIRECTION('',(0.707106781186545,0.70710678118655,0.));
#2910=DIRECTION('',(0.,0.,-1.));
#2911=DIRECTION('center_axis',(-0.70710678118655,-0.707106781186545,0.));
#2912=DIRECTION('ref_axis',(-0.707106781186545,0.70710678118655,0.));
#2913=DIRECTION('',(0.,0.,-1.));
#2914=DIRECTION('',(0.707106781186545,-0.70710678118655,0.));
#2915=DIRECTION('center_axis',(-1.,3.29597922457265E-15,0.));
#2916=DIRECTION('ref_axis',(3.29597922457265E-15,1.,0.));
#2917=DIRECTION('',(0.,0.,1.));
#2918=DIRECTION('',(-3.29597922457265E-15,-1.,0.));
#2919=DIRECTION('center_axis',(-0.258819045102521,-0.965925826289068,0.));
#2920=DIRECTION('ref_axis',(-0.965925826289068,0.258819045102521,0.));
#2921=DIRECTION('',(0.,0.,1.));
#2922=DIRECTION('',(0.965925826289068,-0.258819045102521,0.));
#2923=DIRECTION('center_axis',(0.258819045102521,-0.965925826289068,0.));
#2924=DIRECTION('ref_axis',(-0.965925826289068,-0.258819045102521,0.));
#2925=DIRECTION('',(0.,0.,1.));
#2926=DIRECTION('',(0.965925826289068,0.258819045102521,0.));
#2927=DIRECTION('center_axis',(1.,3.29597922457265E-15,0.));
#2928=DIRECTION('ref_axis',(3.29597922457265E-15,-1.,0.));
#2929=DIRECTION('',(-3.29597922457265E-15,1.,0.));
#2930=DIRECTION('center_axis',(0.,0.,-1.));
#2931=DIRECTION('ref_axis',(-1.,0.,0.));
#2932=CARTESIAN_POINT('',(0.,0.,0.));
#2933=CARTESIAN_POINT('Origin',(12.,-55.898064397854,10.2819322706405));
#2934=CARTESIAN_POINT('',(12.,-56.6676097203367,8.16762387387219));
#2935=CARTESIAN_POINT('',(12.6474639147238,-56.6676097444611,8.16762388265274));
#2936=CARTESIAN_POINT('',(12.,-56.6676097203367,8.16762387387219));
#2937=CARTESIAN_POINT('',(12.,-57.554356076261,8.75904098232093));
#2938=CARTESIAN_POINT('Origin',(12.,-55.898064397854,10.2819322706405));
#2939=CARTESIAN_POINT('Ctrl Pts',(12.6474639275157,-56.6676097569255,8.16762388718942));
#2940=CARTESIAN_POINT('Ctrl Pts',(12.5802629375373,-56.7288638681701,8.18991856160931));
#2941=CARTESIAN_POINT('Ctrl Pts',(12.5173225297182,-56.7923628809277,8.21605741424938));
#2942=CARTESIAN_POINT('Ctrl Pts',(12.3603973909101,-56.966154230721,8.29793686545444));
#2943=CARTESIAN_POINT('Ctrl Pts',(12.265982810399,-57.0898666296098,8.36765015674608));
#2944=CARTESIAN_POINT('Ctrl Pts',(12.1096028657079,-57.3327532869992,8.54223786684508));
#2945=CARTESIAN_POINT('Ctrl Pts',(12.0472582064348,-57.4514547310397,8.64742965703197));
#2946=CARTESIAN_POINT('Ctrl Pts',(12.0006374504915,-57.5529658105073,8.75752997230755));
#2947=CARTESIAN_POINT('Ctrl Pts',(12.0003184932726,-57.553661066961,8.75828509243646));
#2948=CARTESIAN_POINT('Ctrl Pts',(12.,-57.554356076261,8.75904098232093));
#2949=CARTESIAN_POINT('Origin',(-12.,-55.898064397854,10.2819322706405));
#2950=CARTESIAN_POINT('',(-12.,-56.6676097203367,8.16762387387219));
#2951=CARTESIAN_POINT('',(-12.6474639147238,-56.6676097444611,8.16762388265274));
#2952=CARTESIAN_POINT('',(-12.,-56.6676097203367,8.16762387387219));
#2953=CARTESIAN_POINT('',(-12.,-57.554356076261,11.80482355896));
#2954=CARTESIAN_POINT('Origin',(-12.,-55.898064397854,10.2819322706405));
#2955=CARTESIAN_POINT('',(-16.3525360852762,-56.6676097444611,8.16762388265274));
#2956=CARTESIAN_POINT('Ctrl Pts',(-16.3525360724844,-56.6676097569256,8.16762388718943));
#2957=CARTESIAN_POINT('Ctrl Pts',(-16.4197370624627,-56.7288638681701,8.18991856160932));
#2958=CARTESIAN_POINT('Ctrl Pts',(-16.4826774702818,-56.7923628809277,8.21605741424938));
#2959=CARTESIAN_POINT('Ctrl Pts',(-16.6396026090899,-56.9661542307211,8.29793686545444));
#2960=CARTESIAN_POINT('Ctrl Pts',(-16.734017189601,-57.0898666296098,8.36765015674609));
#2961=CARTESIAN_POINT('Ctrl Pts',(-16.8903971342921,-57.3327532869993,8.54223786684509));
#2962=CARTESIAN_POINT('Ctrl Pts',(-16.9527417935652,-57.4514547310398,8.64742965703197));
#2963=CARTESIAN_POINT('Ctrl Pts',(-17.0796481479043,-57.7277780286696,8.94713371245751));
#2964=CARTESIAN_POINT('Ctrl Pts',(-17.1288984726599,-57.8856167441158,9.18926953467829));
#2965=CARTESIAN_POINT('Ctrl Pts',(-17.1849985290049,-58.0957576337644,9.72119867876274));
#2966=CARTESIAN_POINT('Ctrl Pts',(-17.1940428896147,-58.148064397854,10.0107564404722));
#2967=CARTESIAN_POINT('Ctrl Pts',(-17.1940428896147,-58.148064397854,10.5531081008088));
#2968=CARTESIAN_POINT('Ctrl Pts',(-17.1849985290049,-58.0957576337644,10.8426658625182));
#2969=CARTESIAN_POINT('Ctrl Pts',(-17.1288984726599,-57.8856167441158,11.3745950066027));
#2970=CARTESIAN_POINT('Ctrl Pts',(-17.0796481479043,-57.7277780286696,11.6167308288235));
#2971=CARTESIAN_POINT('Ctrl Pts',(-16.9527417935652,-57.4514547310398,11.916434884249));
#2972=CARTESIAN_POINT('Ctrl Pts',(-16.8903971342921,-57.3327532869993,12.0216266744359));
#2973=CARTESIAN_POINT('Ctrl Pts',(-16.734017189601,-57.0898666296098,12.1962143845349));
#2974=CARTESIAN_POINT('Ctrl Pts',(-16.6396026090899,-56.9661542307211,12.2659276758265));
#2975=CARTESIAN_POINT('Ctrl Pts',(-16.303620257035,-56.5940607158525,12.4412345183744));
#2976=CARTESIAN_POINT('Ctrl Pts',(-15.9869288610628,-56.3537216012656,12.4912835873807));
#2977=CARTESIAN_POINT('Ctrl Pts',(-15.272567539118,-56.0318316677793,12.5338115902039));
#2978=CARTESIAN_POINT('Ctrl Pts',(-14.8753333354904,-55.95,12.5313327892742));
#2979=CARTESIAN_POINT('Ctrl Pts',(-14.1246666645096,-55.95,12.5313327892742));
#2980=CARTESIAN_POINT('Ctrl Pts',(-13.727432460882,-56.0318316677793,12.5338115902039));
#2981=CARTESIAN_POINT('Ctrl Pts',(-13.0130711389372,-56.3537216012656,12.4912835873807));
#2982=CARTESIAN_POINT('Ctrl Pts',(-12.696379742965,-56.5940607158525,12.4412345183744));
#2983=CARTESIAN_POINT('Ctrl Pts',(-12.3603973909101,-56.9661542307211,12.2659276758265));
#2984=CARTESIAN_POINT('Ctrl Pts',(-12.265982810399,-57.0898666296098,12.1962143845349));
#2985=CARTESIAN_POINT('Ctrl Pts',(-12.1096028657079,-57.3327532869993,12.0216266744359));
#2986=CARTESIAN_POINT('Ctrl Pts',(-12.0472582064348,-57.4514547310398,11.916434884249));
#2987=CARTESIAN_POINT('Ctrl Pts',(-12.0006374504915,-57.5529658105073,11.8063345689734));
#2988=CARTESIAN_POINT('Ctrl Pts',(-12.0003184932726,-57.553661066961,11.8055794488445));
#2989=CARTESIAN_POINT('Ctrl Pts',(-12.,-57.5543560762611,11.80482355896));
#2990=CARTESIAN_POINT('',(-18.5,-56.6676097203367,8.16762387387219));
#2991=CARTESIAN_POINT('',(-12.,-56.6676097203367,8.16762387387219));
#2992=CARTESIAN_POINT('Origin',(-18.5,-55.898064397854,10.2819322706405));
#2993=CARTESIAN_POINT('Ctrl Pts',(-12.6474639275157,-56.6676097569255,8.16762388718942));
#2994=CARTESIAN_POINT('Ctrl Pts',(-12.8535640116653,-56.4797482762231,8.09924789636688));
#2995=CARTESIAN_POINT('Ctrl Pts',(-13.1008969701933,-56.3141474388454,8.06735242726411));
#2996=CARTESIAN_POINT('Ctrl Pts',(-13.727432460882,-56.0318316677793,8.03005295107708));
#2997=CARTESIAN_POINT('Ctrl Pts',(-14.1246666645096,-55.95,8.03253175200675));
#2998=CARTESIAN_POINT('Ctrl Pts',(-14.5,-55.95,8.03253175200675));
#2999=CARTESIAN_POINT('Ctrl Pts',(-14.8753333354904,-55.95,8.03253175200675));
#3000=CARTESIAN_POINT('Ctrl Pts',(-15.272567539118,-56.0318316677793,8.03005295107708));
#3001=CARTESIAN_POINT('Ctrl Pts',(-15.8991030298067,-56.3141474388454,8.06735242726411));
#3002=CARTESIAN_POINT('Ctrl Pts',(-16.1464359883348,-56.4797482762231,8.09924789636688));
#3003=CARTESIAN_POINT('Ctrl Pts',(-16.3525360724844,-56.6676097569256,8.16762388718943));
#3004=CARTESIAN_POINT('Origin',(-12.,-55.898064397854,10.2819322706405));
#3005=CARTESIAN_POINT('',(-12.,-57.5543560762611,8.75904098232096));
#3006=CARTESIAN_POINT('Ctrl Pts',(-12.,-57.5543560762611,8.75904098232096));
#3007=CARTESIAN_POINT('Ctrl Pts',(-12.0003184932728,-57.5536610669606,8.75828509243602));
#3008=CARTESIAN_POINT('Ctrl Pts',(-12.0006374504917,-57.5529658105069,8.75752997230711));
#3009=CARTESIAN_POINT('Ctrl Pts',(-12.0472582064348,-57.4514547310398,8.64742965703197));
#3010=CARTESIAN_POINT('Ctrl Pts',(-12.1096028657079,-57.3327532869993,8.54223786684509));
#3011=CARTESIAN_POINT('Ctrl Pts',(-12.265982810399,-57.0898666296098,8.36765015674609));
#3012=CARTESIAN_POINT('Ctrl Pts',(-12.3603973909101,-56.9661542307211,8.29793686545444));
#3013=CARTESIAN_POINT('Ctrl Pts',(-12.5173225297182,-56.7923628809277,8.21605741424938));
#3014=CARTESIAN_POINT('Ctrl Pts',(-12.5802629375373,-56.7288638681701,8.18991856160931));
#3015=CARTESIAN_POINT('Ctrl Pts',(-12.6474639275157,-56.6676097569255,8.16762388718943));
#3016=CARTESIAN_POINT('Origin',(-12.,-55.898064397854,10.2819322706405));
#3017=CARTESIAN_POINT('Origin',(12.,-55.898064397854,10.2819322706405));
#3018=CARTESIAN_POINT('',(16.3525360852762,-56.6676097444611,8.16762388265274));
#3019=CARTESIAN_POINT('Ctrl Pts',(16.3525360724843,-56.6676097569255,8.16762388718942));
#3020=CARTESIAN_POINT('Ctrl Pts',(16.1464359883347,-56.4797482762231,8.09924789636687));
#3021=CARTESIAN_POINT('Ctrl Pts',(15.8991030298067,-56.3141474388453,8.06735242726411));
#3022=CARTESIAN_POINT('Ctrl Pts',(15.272567539118,-56.0318316677793,8.03005295107708));
#3023=CARTESIAN_POINT('Ctrl Pts',(14.8753333354904,-55.95,8.03253175200675));
#3024=CARTESIAN_POINT('Ctrl Pts',(14.5,-55.95,8.03253175200675));
#3025=CARTESIAN_POINT('Ctrl Pts',(14.1246666645096,-55.95,8.03253175200675));
#3026=CARTESIAN_POINT('Ctrl Pts',(13.727432460882,-56.0318316677793,8.03005295107708));
#3027=CARTESIAN_POINT('Ctrl Pts',(13.1008969701933,-56.3141474388453,8.06735242726411));
#3028=CARTESIAN_POINT('Ctrl Pts',(12.8535640116653,-56.4797482762231,8.09924789636687));
#3029=CARTESIAN_POINT('Ctrl Pts',(12.6474639275157,-56.6676097569255,8.16762388718942));
#3030=CARTESIAN_POINT('',(18.5,-56.6676097203367,8.16762387387219));
#3031=CARTESIAN_POINT('',(12.,-56.6676097203367,8.16762387387219));
#3032=CARTESIAN_POINT('Origin',(18.5,-55.898064397854,10.2819322706405));
#3033=CARTESIAN_POINT('',(12.,-57.554356076261,11.80482355896));
#3034=CARTESIAN_POINT('Ctrl Pts',(12.,-57.554356076261,11.80482355896));
#3035=CARTESIAN_POINT('Ctrl Pts',(12.0003184932728,-57.5536610669606,11.805579448845));
#3036=CARTESIAN_POINT('Ctrl Pts',(12.0006374504917,-57.5529658105069,11.8063345689739));
#3037=CARTESIAN_POINT('Ctrl Pts',(12.0472582064348,-57.4514547310398,11.916434884249));
#3038=CARTESIAN_POINT('Ctrl Pts',(12.1096028657079,-57.3327532869993,12.0216266744359));
#3039=CARTESIAN_POINT('Ctrl Pts',(12.265982810399,-57.0898666296098,12.1962143845349));
#3040=CARTESIAN_POINT('Ctrl Pts',(12.3603973909101,-56.966154230721,12.2659276758265));
#3041=CARTESIAN_POINT('Ctrl Pts',(12.696379742965,-56.5940607158525,12.4412345183744));
#3042=CARTESIAN_POINT('Ctrl Pts',(13.0130711389372,-56.3537216012656,12.4912835873807));
#3043=CARTESIAN_POINT('Ctrl Pts',(13.727432460882,-56.0318316677793,12.5338115902039));
#3044=CARTESIAN_POINT('Ctrl Pts',(14.1246666645096,-55.95,12.5313327892742));
#3045=CARTESIAN_POINT('Ctrl Pts',(14.8753333354904,-55.95,12.5313327892742));
#3046=CARTESIAN_POINT('Ctrl Pts',(15.272567539118,-56.0318316677793,12.5338115902039));
#3047=CARTESIAN_POINT('Ctrl Pts',(15.9869288610628,-56.3537216012656,12.4912835873807));
#3048=CARTESIAN_POINT('Ctrl Pts',(16.303620257035,-56.5940607158525,12.4412345183744));
#3049=CARTESIAN_POINT('Ctrl Pts',(16.6396026090899,-56.966154230721,12.2659276758265));
#3050=CARTESIAN_POINT('Ctrl Pts',(16.734017189601,-57.0898666296098,12.1962143845349));
#3051=CARTESIAN_POINT('Ctrl Pts',(16.8903971342921,-57.3327532869993,12.0216266744359));
#3052=CARTESIAN_POINT('Ctrl Pts',(16.9527417935652,-57.4514547310398,11.916434884249));
#3053=CARTESIAN_POINT('Ctrl Pts',(17.0796481479043,-57.7277780286696,11.6167308288235));
#3054=CARTESIAN_POINT('Ctrl Pts',(17.1288984726599,-57.8856167441158,11.3745950066027));
#3055=CARTESIAN_POINT('Ctrl Pts',(17.1849985290049,-58.0957576337644,10.8426658625182));
#3056=CARTESIAN_POINT('Ctrl Pts',(17.1940428896147,-58.148064397854,10.5531081008088));
#3057=CARTESIAN_POINT('Ctrl Pts',(17.1940428896147,-58.148064397854,10.0107564404722));
#3058=CARTESIAN_POINT('Ctrl Pts',(17.1849985290049,-58.0957576337644,9.72119867876274));
#3059=CARTESIAN_POINT('Ctrl Pts',(17.1288984726599,-57.8856167441158,9.18926953467829));
#3060=CARTESIAN_POINT('Ctrl Pts',(17.0796481479043,-57.7277780286696,8.94713371245751));
#3061=CARTESIAN_POINT('Ctrl Pts',(16.9527417935652,-57.4514547310398,8.64742965703197));
#3062=CARTESIAN_POINT('Ctrl Pts',(16.8903971342921,-57.3327532869993,8.54223786684508));
#3063=CARTESIAN_POINT('Ctrl Pts',(16.734017189601,-57.0898666296098,8.36765015674609));
#3064=CARTESIAN_POINT('Ctrl Pts',(16.6396026090899,-56.966154230721,8.29793686545444));
#3065=CARTESIAN_POINT('Ctrl Pts',(16.4826774702818,-56.7923628809277,8.21605741424938));
#3066=CARTESIAN_POINT('Ctrl Pts',(16.4197370624627,-56.7288638681701,8.18991856160931));
#3067=CARTESIAN_POINT('Ctrl Pts',(16.3525360724843,-56.6676097569255,8.16762388718942));
#3068=CARTESIAN_POINT('Origin',(12.,-55.898064397854,10.2819322706405));
#3069=CARTESIAN_POINT('Origin',(-11.375,-55.898064397854,10.2819322706405));
#3070=CARTESIAN_POINT('Ctrl Pts',(-12.,-57.5543560762611,11.80482355896));
#3071=CARTESIAN_POINT('Ctrl Pts',(-11.9460830032935,-57.6720126089527,11.5972008737282));
#3072=CARTESIAN_POINT('Ctrl Pts',(-11.9064302815193,-57.7821063963182,11.3619730646693));
#3073=CARTESIAN_POINT('Ctrl Pts',(-11.8536725514945,-57.9464950705995,10.8405128719085));
#3074=CARTESIAN_POINT('Ctrl Pts',(-11.8429611833042,-57.9910255811582,10.5510767952123));
#3075=CARTESIAN_POINT('Ctrl Pts',(-11.8429611833042,-57.9910255811582,10.0127877460686));
#3076=CARTESIAN_POINT('Ctrl Pts',(-11.8536725514945,-57.9464950705995,9.72335166937247));
#3077=CARTESIAN_POINT('Ctrl Pts',(-11.9064302815193,-57.7821063963182,9.20189147661172));
#3078=CARTESIAN_POINT('Ctrl Pts',(-11.9460830032935,-57.6720126089527,8.96666366755281));
#3079=CARTESIAN_POINT('Ctrl Pts',(-12.,-57.5543560762611,8.75904098232096));
#3080=CARTESIAN_POINT('',(-10.75,-56.2400845411796,9.34223964985458));
#3081=CARTESIAN_POINT('',(-11.375,-56.4538471307582,8.75493176186339));
#3082=CARTESIAN_POINT('Origin',(-10.75,-55.898064397854,10.2819322706405));
#3083=CARTESIAN_POINT('Origin',(-9.99999999999999,-55.898064397854,10.2819322706405));
#3084=CARTESIAN_POINT('',(-9.99999999999999,-56.2400845411796,9.34223964985458));
#3085=CARTESIAN_POINT('Origin',(-9.99999999999986,-55.898064397854,10.2819322706405));
#3086=CARTESIAN_POINT('',(-9.99999999999999,-56.2400845411797,9.34223964985458));
#3087=CARTESIAN_POINT('Origin',(-11.375,-53.8459435379,15.9200879953559));
#3088=CARTESIAN_POINT('',(-12.,-54.6154888603827,13.8057795985876));
#3089=CARTESIAN_POINT('Origin',(-12.,-53.8459435379,15.9200879953559));
#3090=CARTESIAN_POINT('',(-10.75,-54.1879636812256,14.98039537457));
#3091=CARTESIAN_POINT('',(-11.375,-54.4017262708042,14.3930874865788));
#3092=CARTESIAN_POINT('Origin',(-10.75,-53.8459435379,15.9200879953559));
#3093=CARTESIAN_POINT('Origin',(-9.99999999999999,-53.8459435379,15.9200879953559));
#3094=CARTESIAN_POINT('',(-9.99999999999999,-54.1879636812256,14.98039537457));
#3095=CARTESIAN_POINT('Origin',(-9.99999999999986,-53.8459435379,15.9200879953559));
#3096=CARTESIAN_POINT('',(-9.99999999999999,-54.1879636812256,14.98039537457));
#3097=CARTESIAN_POINT('Origin',(11.375,-55.898064397854,10.2819322706405));
#3098=CARTESIAN_POINT('',(10.75,-56.2400845411796,9.34223964985458));
#3099=CARTESIAN_POINT('Origin',(10.75,-55.898064397854,10.2819322706405));
#3100=CARTESIAN_POINT('',(11.375,-56.4538471307582,8.75493176186339));
#3101=CARTESIAN_POINT('Ctrl Pts',(12.,-57.554356076261,8.75904098232093));
#3102=CARTESIAN_POINT('Ctrl Pts',(11.9460830032935,-57.6720126089527,8.96666366755279));
#3103=CARTESIAN_POINT('Ctrl Pts',(11.9064302815193,-57.7821063963182,9.20189147661171));
#3104=CARTESIAN_POINT('Ctrl Pts',(11.8536725514945,-57.9464950705995,9.72335166937247));
#3105=CARTESIAN_POINT('Ctrl Pts',(11.8429611833042,-57.9910255811582,10.0127877460686));
#3106=CARTESIAN_POINT('Ctrl Pts',(11.8429611833042,-57.9910255811582,10.5510767952123));
#3107=CARTESIAN_POINT('Ctrl Pts',(11.8536725514945,-57.9464950705995,10.8405128719085));
#3108=CARTESIAN_POINT('Ctrl Pts',(11.9064302815193,-57.7821063963182,11.3619730646693));
#3109=CARTESIAN_POINT('Ctrl Pts',(11.9460830032935,-57.6720126089527,11.5972008737282));
#3110=CARTESIAN_POINT('Ctrl Pts',(12.,-57.554356076261,11.80482355896));
#3111=CARTESIAN_POINT('Origin',(10.,-55.898064397854,10.2819322706405));
#3112=CARTESIAN_POINT('',(10.,-56.2400845411796,9.34223964985458));
#3113=CARTESIAN_POINT('Origin',(10.0000000000001,-55.898064397854,10.2819322706405));
#3114=CARTESIAN_POINT('',(10.,-56.2400845411797,9.34223964985458));
#3115=CARTESIAN_POINT('Origin',(11.375,-53.8459435379,15.9200879953559));
#3116=CARTESIAN_POINT('',(10.75,-54.1879636812256,14.98039537457));
#3117=CARTESIAN_POINT('Origin',(10.75,-53.8459435379,15.9200879953559));
#3118=CARTESIAN_POINT('',(12.,-54.6154888603827,13.8057795985876));
#3119=CARTESIAN_POINT('',(11.375,-54.4017262708042,14.3930874865788));
#3120=CARTESIAN_POINT('Origin',(12.,-53.8459435379,15.9200879953559));
#3121=CARTESIAN_POINT('Origin',(10.,-53.8459435379,15.9200879953559));
#3122=CARTESIAN_POINT('',(10.,-54.1879636812256,14.98039537457));
#3123=CARTESIAN_POINT('Origin',(10.0000000000001,-53.8459435379,15.9200879953559));
#3124=CARTESIAN_POINT('',(10.,-54.1879636812256,14.98039537457));
#3125=CARTESIAN_POINT('Origin',(-12.,-53.8459435379,15.9200879953559));
#3126=CARTESIAN_POINT('',(-18.5,-54.6154888603827,13.8057795985876));
#3127=CARTESIAN_POINT('',(-12.,-54.6154888603827,13.8057795985876));
#3128=CARTESIAN_POINT('',(-18.5,-52.45,17.6846960648703));
#3129=CARTESIAN_POINT('Origin',(-18.5,-53.8459435379,15.9200879953559));
#3130=CARTESIAN_POINT('',(-18.5,-52.45,14.1554799258415));
#3131=CARTESIAN_POINT('Origin',(-19.8959435379,-53.8459435379,15.9200879953559));
#3132=CARTESIAN_POINT('Origin',(-18.5,-53.8459435379,15.9200879953559));
#3133=CARTESIAN_POINT('',(-14.5,-55.95,15.1229390730741));
#3134=CARTESIAN_POINT('Ctrl Pts',(-14.5,-55.95,15.1229390730741));
#3135=CARTESIAN_POINT('Ctrl Pts',(-14.6497294292439,-55.95,15.1229390730741));
#3136=CARTESIAN_POINT('Ctrl Pts',(-14.8069501098843,-55.9636753560974,15.156576418535));
#3137=CARTESIAN_POINT('Ctrl Pts',(-15.0120155674771,-55.9971984027349,15.2598506853803));
#3138=CARTESIAN_POINT('Ctrl Pts',(-15.075468168192,-56.0102804204187,15.3029196554422));
#3139=CARTESIAN_POINT('Ctrl Pts',(-15.1869565132737,-56.0365631166987,15.4039627004184));
#3140=CARTESIAN_POINT('Ctrl Pts',(-15.2350020755222,-56.0497399163439,15.4619321520739));
#3141=CARTESIAN_POINT('Ctrl Pts',(-15.3073469088023,-56.0709436110167,15.5808602701749));
#3142=CARTESIAN_POINT('Ctrl Pts',(-15.3365658948999,-56.080255038335,15.6461191225722));
#3143=CARTESIAN_POINT('Ctrl Pts',(-15.3748686234049,-56.0927963403789,15.7827583265779));
#3144=CARTESIAN_POINT('Ctrl Pts',(-15.3839626361985,-56.0959435379,15.8541433748998));
#3145=CARTESIAN_POINT('Ctrl Pts',(-15.3839626361985,-56.0959435379,15.9860326158121));
#3146=CARTESIAN_POINT('Ctrl Pts',(-15.3748686234049,-56.0927963403789,16.057417664134));
#3147=CARTESIAN_POINT('Ctrl Pts',(-15.3365658948999,-56.080255038335,16.1940568681396));
#3148=CARTESIAN_POINT('Ctrl Pts',(-15.3073469088023,-56.0709436110167,16.259315720537));
#3149=CARTESIAN_POINT('Ctrl Pts',(-15.2350020755222,-56.0497399163439,16.3782438386379));
#3150=CARTESIAN_POINT('Ctrl Pts',(-15.1869565132737,-56.0365631166987,16.4362132902935));
#3151=CARTESIAN_POINT('Ctrl Pts',(-15.075468168192,-56.0102804204187,16.5372563352697));
#3152=CARTESIAN_POINT('Ctrl Pts',(-15.0120155674772,-55.9971984027349,16.5803253053316));
#3153=CARTESIAN_POINT('Ctrl Pts',(-14.8069501098843,-55.9636753560974,16.6835995721769));
#3154=CARTESIAN_POINT('Ctrl Pts',(-14.6497294292439,-55.95,16.7172369176377));
#3155=CARTESIAN_POINT('Ctrl Pts',(-14.3502705707561,-55.95,16.7172369176377));
#3156=CARTESIAN_POINT('Ctrl Pts',(-14.1930498901157,-55.9636753560974,16.6835995721769));
#3157=CARTESIAN_POINT('Ctrl Pts',(-13.9879844325228,-55.9971984027349,16.5803253053316));
#3158=CARTESIAN_POINT('Ctrl Pts',(-13.924531831808,-56.0102804204187,16.5372563352697));
#3159=CARTESIAN_POINT('Ctrl Pts',(-13.8130434867263,-56.0365631166987,16.4362132902935));
#3160=CARTESIAN_POINT('Ctrl Pts',(-13.7649979244778,-56.0497399163439,16.3782438386379));
#3161=CARTESIAN_POINT('Ctrl Pts',(-13.6926530911977,-56.0709436110167,16.259315720537));
#3162=CARTESIAN_POINT('Ctrl Pts',(-13.6634341051001,-56.080255038335,16.1940568681396));
#3163=CARTESIAN_POINT('Ctrl Pts',(-13.6251313765951,-56.0927963403789,16.057417664134));
#3164=CARTESIAN_POINT('Ctrl Pts',(-13.6160373638015,-56.0959435379,15.9860326158121));
#3165=CARTESIAN_POINT('Ctrl Pts',(-13.6160373638015,-56.0959435379,15.8541433748998));
#3166=CARTESIAN_POINT('Ctrl Pts',(-13.6251313765951,-56.0927963403789,15.7827583265779));
#3167=CARTESIAN_POINT('Ctrl Pts',(-13.6634341051001,-56.080255038335,15.6461191225722));
#3168=CARTESIAN_POINT('Ctrl Pts',(-13.6926530911977,-56.0709436110167,15.5808602701749));
#3169=CARTESIAN_POINT('Ctrl Pts',(-13.7649979244778,-56.0497399163439,15.4619321520739));
#3170=CARTESIAN_POINT('Ctrl Pts',(-13.8130434867263,-56.0365631166987,15.4039627004184));
#3171=CARTESIAN_POINT('Ctrl Pts',(-13.924531831808,-56.0102804204187,15.3029196554422));
#3172=CARTESIAN_POINT('Ctrl Pts',(-13.9879844325228,-55.9971984027349,15.2598506853803));
#3173=CARTESIAN_POINT('Ctrl Pts',(-14.1930498901157,-55.9636753560974,15.156576418535));
#3174=CARTESIAN_POINT('Ctrl Pts',(-14.3502705707561,-55.95,15.1229390730741));
#3175=CARTESIAN_POINT('Ctrl Pts',(-14.5,-55.95,15.1229390730741));
#3176=CARTESIAN_POINT('Origin',(12.,-53.8459435379,15.9200879953559));
#3177=CARTESIAN_POINT('',(18.5,-54.6154888603827,13.8057795985876));
#3178=CARTESIAN_POINT('',(12.,-54.6154888603827,13.8057795985876));
#3179=CARTESIAN_POINT('',(18.5,-52.45,14.1554799258415));
#3180=CARTESIAN_POINT('Origin',(18.5,-53.8459435379,15.9200879953559));
#3181=CARTESIAN_POINT('',(18.5,-52.45,17.6846960648703));
#3182=CARTESIAN_POINT('Origin',(19.8959435379,-53.8459435379,15.9200879953559));
#3183=CARTESIAN_POINT('Origin',(18.5,-53.8459435379,15.9200879953559));
#3184=CARTESIAN_POINT('',(14.5,-55.95,15.1229390730741));
#3185=CARTESIAN_POINT('Ctrl Pts',(14.5,-55.95,15.1229390730741));
#3186=CARTESIAN_POINT('Ctrl Pts',(14.3502705707561,-55.95,15.1229390730741));
#3187=CARTESIAN_POINT('Ctrl Pts',(14.1930498901157,-55.9636753560974,15.156576418535));
#3188=CARTESIAN_POINT('Ctrl Pts',(13.9879844325229,-55.9971984027349,15.2598506853803));
#3189=CARTESIAN_POINT('Ctrl Pts',(13.9245318318081,-56.0102804204187,15.3029196554422));
#3190=CARTESIAN_POINT('Ctrl Pts',(13.8130434867263,-56.0365631166987,15.4039627004184));
#3191=CARTESIAN_POINT('Ctrl Pts',(13.7649979244778,-56.0497399163439,15.4619321520739));
#3192=CARTESIAN_POINT('Ctrl Pts',(13.6926530911977,-56.0709436110167,15.5808602701749));
#3193=CARTESIAN_POINT('Ctrl Pts',(13.6634341051001,-56.080255038335,15.6461191225722));
#3194=CARTESIAN_POINT('Ctrl Pts',(13.6251313765951,-56.0927963403789,15.7827583265778));
#3195=CARTESIAN_POINT('Ctrl Pts',(13.6160373638015,-56.0959435379,15.8541433748998));
#3196=CARTESIAN_POINT('Ctrl Pts',(13.6160373638015,-56.0959435379,15.9860326158121));
#3197=CARTESIAN_POINT('Ctrl Pts',(13.6251313765951,-56.0927963403789,16.057417664134));
#3198=CARTESIAN_POINT('Ctrl Pts',(13.6634341051001,-56.080255038335,16.1940568681397));
#3199=CARTESIAN_POINT('Ctrl Pts',(13.6926530911977,-56.0709436110167,16.259315720537));
#3200=CARTESIAN_POINT('Ctrl Pts',(13.7649979244778,-56.0497399163439,16.378243838638));
#3201=CARTESIAN_POINT('Ctrl Pts',(13.8130434867263,-56.0365631166987,16.4362132902935));
#3202=CARTESIAN_POINT('Ctrl Pts',(13.924531831808,-56.0102804204187,16.5372563352697));
#3203=CARTESIAN_POINT('Ctrl Pts',(13.9879844325229,-55.9971984027349,16.5803253053316));
#3204=CARTESIAN_POINT('Ctrl Pts',(14.1930498901157,-55.9636753560974,16.6835995721769));
#3205=CARTESIAN_POINT('Ctrl Pts',(14.3502705707561,-55.95,16.7172369176378));
#3206=CARTESIAN_POINT('Ctrl Pts',(14.6497294292439,-55.95,16.7172369176378));
#3207=CARTESIAN_POINT('Ctrl Pts',(14.8069501098843,-55.9636753560974,16.6835995721769));
#3208=CARTESIAN_POINT('Ctrl Pts',(15.0120155674771,-55.9971984027349,16.5803253053316));
#3209=CARTESIAN_POINT('Ctrl Pts',(15.075468168192,-56.0102804204187,16.5372563352697));
#3210=CARTESIAN_POINT('Ctrl Pts',(15.1869565132737,-56.0365631166987,16.4362132902935));
#3211=CARTESIAN_POINT('Ctrl Pts',(15.2350020755222,-56.0497399163439,16.378243838638));
#3212=CARTESIAN_POINT('Ctrl Pts',(15.3073469088023,-56.0709436110167,16.259315720537));
#3213=CARTESIAN_POINT('Ctrl Pts',(15.3365658948999,-56.080255038335,16.1940568681397));
#3214=CARTESIAN_POINT('Ctrl Pts',(15.3748686234049,-56.0927963403789,16.057417664134));
#3215=CARTESIAN_POINT('Ctrl Pts',(15.3839626361985,-56.0959435379,15.9860326158121));
#3216=CARTESIAN_POINT('Ctrl Pts',(15.3839626361985,-56.0959435379,15.8541433748998));
#3217=CARTESIAN_POINT('Ctrl Pts',(15.3748686234049,-56.0927963403789,15.7827583265778));
#3218=CARTESIAN_POINT('Ctrl Pts',(15.3365658948999,-56.080255038335,15.6461191225722));
#3219=CARTESIAN_POINT('Ctrl Pts',(15.3073469088023,-56.0709436110167,15.5808602701749));
#3220=CARTESIAN_POINT('Ctrl Pts',(15.2350020755222,-56.0497399163439,15.4619321520739));
#3221=CARTESIAN_POINT('Ctrl Pts',(15.1869565132737,-56.0365631166987,15.4039627004184));
#3222=CARTESIAN_POINT('Ctrl Pts',(15.075468168192,-56.0102804204187,15.3029196554422));
#3223=CARTESIAN_POINT('Ctrl Pts',(15.0120155674771,-55.9971984027349,15.2598506853803));
#3224=CARTESIAN_POINT('Ctrl Pts',(14.8069501098843,-55.9636753560974,15.156576418535));
#3225=CARTESIAN_POINT('Ctrl Pts',(14.6497294292439,-55.95,15.1229390730741));
#3226=CARTESIAN_POINT('Ctrl Pts',(14.5,-55.95,15.1229390730741));
#3227=CARTESIAN_POINT('Origin',(-9.99999999999986,-61.7036305634794,30.));
#3228=CARTESIAN_POINT('',(-9.99999999999999,-60.0976802775362,25.0942867254299));
#3229=CARTESIAN_POINT('',(-9.99999999999991,-67.8072784920758,8.56100000000001));
#3230=CARTESIAN_POINT('',(-9.99999999999981,-63.4341978651305,17.9391016684289));
#3231=CARTESIAN_POINT('',(-9.99999999999982,-62.9271197418535,8.56100000000001));
#3232=CARTESIAN_POINT('',(-9.9999999999998,-63.9760499766858,8.56100000000001));
#3233=CARTESIAN_POINT('',(-9.99999999999982,-62.9271197418535,2.47155048397692E-15));
#3234=CARTESIAN_POINT('',(-9.99999999999982,-62.9271197418535,15.));
#3235=CARTESIAN_POINT('',(-10.0000000000001,-52.45,-1.11796908935505E-14));
#3236=CARTESIAN_POINT('',(-9.99999999999987,-61.030242406486,0.));
#3237=CARTESIAN_POINT('',(-10.0000000000001,-52.45,30.));
#3238=CARTESIAN_POINT('',(-10.0000000000001,-52.45,27.5));
#3239=CARTESIAN_POINT('',(-9.99999999999986,-61.7036305634794,30.));
#3240=CARTESIAN_POINT('',(-9.99999999999999,-56.7227815245647,30.));
#3241=CARTESIAN_POINT('',(-9.99999999999986,-61.7036305634794,26.1389370036956));
#3242=CARTESIAN_POINT('',(-9.99999999999986,-61.7036305634794,30.));
#3243=CARTESIAN_POINT('',(-9.99999999999985,-61.7830645742062,26.190607819496));
#3244=CARTESIAN_POINT('Origin',(10.0000000000001,-52.95,30.));
#3245=CARTESIAN_POINT('',(10.0000000000003,-67.8072784920787,8.56100000000001));
#3246=CARTESIAN_POINT('',(10.,-60.0976802775362,25.0942867254299));
#3247=CARTESIAN_POINT('',(10.0000000000002,-58.519871689874,28.4779081609149));
#3248=CARTESIAN_POINT('',(10.0000000000003,-61.7036305634793,26.1389370036955));
#3249=CARTESIAN_POINT('',(10.0000000000002,-58.7692273223693,24.2301449388348));
#3250=CARTESIAN_POINT('',(10.0000000000003,-61.7036305634793,30.));
#3251=CARTESIAN_POINT('',(10.0000000000003,-61.7036305634793,30.));
#3252=CARTESIAN_POINT('',(10.0000000000001,-52.45,30.));
#3253=CARTESIAN_POINT('',(10.0000000000001,-52.3459662428247,30.));
#3254=CARTESIAN_POINT('',(10.0000000000003,-52.45,-1.03022947676699E-14));
#3255=CARTESIAN_POINT('',(10.0000000000001,-52.45,27.5));
#3256=CARTESIAN_POINT('',(10.0000000000003,-62.9271197418539,3.34894660985807E-15));
#3257=CARTESIAN_POINT('',(10.0000000000003,-66.3034049821804,7.7481026671245E-15));
#3258=CARTESIAN_POINT('',(10.0000000000004,-62.9271197418539,8.56100000000001));
#3259=CARTESIAN_POINT('',(10.0000000000004,-62.9271197418539,15.));
#3260=CARTESIAN_POINT('',(10.0000000000003,-59.5992346949461,8.56100000000001));
#3261=CARTESIAN_POINT('Origin',(-18.5,-67.8317377771457,13.75));
#3262=CARTESIAN_POINT('',(-18.5,-52.45,-1.03022947676699E-14));
#3263=CARTESIAN_POINT('',(-18.5,-52.45,19.375));
#3264=CARTESIAN_POINT('',(-18.5,-60.6396969619669,3.68532023590525E-16));
#3265=CARTESIAN_POINT('',(-18.5,-60.3568542494923,0.));
#3266=CARTESIAN_POINT('',(-18.5,-60.6396969619669,-0.606558154317351));
#3267=CARTESIAN_POINT('',(-18.5,-60.6396969619669,6.875));
#3268=CARTESIAN_POINT('',(-18.5,-61.7651504801059,-3.02010101267767));
#3269=CARTESIAN_POINT('',(-18.5,-62.6883925402678,-5.00000000000001));
#3270=CARTESIAN_POINT('',(-18.5,-72.7527388069532,-4.49859018393763));
#3271=CARTESIAN_POINT('',(-18.5,-63.7016922927272,-3.28068195314273));
#3272=CARTESIAN_POINT('',(-18.5,-75.0809769236773,-2.00186047807592));
#3273=CARTESIAN_POINT('',(-18.5,-79.2904122752751,2.51220627984935));
#3274=CARTESIAN_POINT('',(-18.5,-71.5902413437383,5.48404613077149));
#3275=CARTESIAN_POINT('',(-18.5,-72.3589596656303,3.83552436955171));
#3276=CARTESIAN_POINT('',(-18.5,-74.1675248508505,9.99598692426181));
#3277=CARTESIAN_POINT('',(-18.5,-73.3374851730233,8.54287170730201));
#3278=CARTESIAN_POINT('',(-18.5,-64.8755002232649,29.922798043661));
#3279=CARTESIAN_POINT('',(-18.5,-67.9314926052246,23.3692012315249));
#3280=CARTESIAN_POINT('',(-18.5,-60.3568542494872,32.5));
#3281=CARTESIAN_POINT('',(-18.5,-69.4708338059785,27.3018574415115));
#3282=CARTESIAN_POINT('',(-18.5,-60.3568542494872,30.));
#3283=CARTESIAN_POINT('',(-18.5,-60.3568542494872,21.875));
#3284=CARTESIAN_POINT('',(-18.5,-52.45,30.));
#3285=CARTESIAN_POINT('',(-18.5,-59.7868351313977,30.));
#3286=CARTESIAN_POINT('',(-18.5,-52.45,19.375));
#3287=CARTESIAN_POINT('',(-18.5,-63.1156229235534,-1.18379534730352));
#3288=CARTESIAN_POINT('',(-18.5,-61.6309947711074,2.00000000000001));
#3289=CARTESIAN_POINT('',(-18.5,-60.6767988533949,4.04627974905604));
#3290=CARTESIAN_POINT('',(-18.5,-60.95,6.00000000000001));
#3291=CARTESIAN_POINT('',(-18.5,-60.7462896230535,7.19654590953929));
#3292=CARTESIAN_POINT('',(-18.5,-60.95,28.));
#3293=CARTESIAN_POINT('',(-18.5,-60.95,9.87500000000001));
#3294=CARTESIAN_POINT('',(-18.5,-61.4274654355884,28.));
#3295=CARTESIAN_POINT('',(-18.5,-64.3908688885729,28.));
#3296=CARTESIAN_POINT('',(-18.5,-63.5880664021107,27.9513056165192));
#3297=CARTESIAN_POINT('',(-18.5,-64.7884735880592,27.9242515289067));
#3298=CARTESIAN_POINT('',(-18.5,-71.9173826569903,10.0890292648188));
#3299=CARTESIAN_POINT('',(-18.5,-66.6867472141484,21.3061631706548));
#3300=CARTESIAN_POINT('',(-18.5,-69.3400991498785,5.57708847132928));
#3301=CARTESIAN_POINT('',(-18.5,-72.2031851679007,10.5893715842804));
#3302=CARTESIAN_POINT('',(-18.5,-72.6982421157694,-1.62447235908365));
#3303=CARTESIAN_POINT('',(-18.5,-67.6401944418655,9.22254588186964));
#3304=CARTESIAN_POINT('',(-18.5,-71.9950028584125,-2.37860413433422));
#3305=CARTESIAN_POINT('',(-18.5,-75.400738805928,1.27360053038769));
#3306=CARTESIAN_POINT('',(-18.5,-68.8845572536547,-1.96006277588241));
#3307=CARTESIAN_POINT('Origin',(18.5,-67.8317377771457,13.75));
#3308=CARTESIAN_POINT('',(18.5,-52.45,30.));
#3309=CARTESIAN_POINT('',(18.5,-52.45,19.375));
#3310=CARTESIAN_POINT('',(18.5,-60.3568542494924,30.));
#3311=CARTESIAN_POINT('',(18.5,-59.7868351313977,30.));
#3312=CARTESIAN_POINT('',(18.5,-60.3568542494924,32.5));
#3313=CARTESIAN_POINT('',(18.5,-60.3568542494924,21.875));
#3314=CARTESIAN_POINT('',(18.5,-64.8755002232649,29.922798043661));
#3315=CARTESIAN_POINT('',(18.5,-69.4708338059785,27.3018574415115));
#3316=CARTESIAN_POINT('',(18.5,-74.1675248508505,9.99598692426181));
#3317=CARTESIAN_POINT('',(18.5,-67.9314926052246,23.3692012315249));
#3318=CARTESIAN_POINT('',(18.5,-71.5902413437383,5.48404613077149));
#3319=CARTESIAN_POINT('',(18.5,-73.3374851730233,8.54287170730201));
#3320=CARTESIAN_POINT('',(18.5,-75.0809769236773,-2.0018604780759));
#3321=CARTESIAN_POINT('',(18.5,-72.3589596656303,3.83552436955171));
#3322=CARTESIAN_POINT('',(18.5,-72.7527388069531,-4.49859018393763));
#3323=CARTESIAN_POINT('',(18.5,-79.2904122752751,2.51220627984937));
#3324=CARTESIAN_POINT('',(18.5,-61.7651504801059,-3.02010101267767));
#3325=CARTESIAN_POINT('',(18.5,-63.7016922927272,-3.28068195314273));
#3326=CARTESIAN_POINT('',(18.5,-60.6396969619669,-0.606558154317362));
#3327=CARTESIAN_POINT('',(18.5,-62.6883925402678,-5.00000000000001));
#3328=CARTESIAN_POINT('',(18.5,-60.6396969619669,3.68532023590526E-16));
#3329=CARTESIAN_POINT('',(18.5,-60.6396969619669,6.875));
#3330=CARTESIAN_POINT('',(18.5,-52.45,-1.03022947676699E-14));
#3331=CARTESIAN_POINT('',(18.5,-60.3568542494923,0.));
#3332=CARTESIAN_POINT('',(18.5,-52.45,19.375));
#3333=CARTESIAN_POINT('',(18.5,-60.95,28.));
#3334=CARTESIAN_POINT('',(18.5,-60.95,6.00000000000001));
#3335=CARTESIAN_POINT('',(18.5,-60.95,9.87500000000001));
#3336=CARTESIAN_POINT('',(18.5,-61.6309947711074,2.00000000000001));
#3337=CARTESIAN_POINT('',(18.5,-60.7462896230535,7.19654590953929));
#3338=CARTESIAN_POINT('',(18.5,-63.1156229235534,-1.18379534730352));
#3339=CARTESIAN_POINT('',(18.5,-60.6767988533949,4.04627974905604));
#3340=CARTESIAN_POINT('',(18.5,-71.9950028584125,-2.37860413433422));
#3341=CARTESIAN_POINT('',(18.5,-68.8845572536547,-1.96006277588241));
#3342=CARTESIAN_POINT('',(18.5,-72.6982421157694,-1.62447235908365));
#3343=CARTESIAN_POINT('',(18.5,-75.400738805928,1.27360053038769));
#3344=CARTESIAN_POINT('',(18.5,-69.3400991498785,5.57708847132928));
#3345=CARTESIAN_POINT('',(18.5,-67.6401944418655,9.22254588186964));
#3346=CARTESIAN_POINT('',(18.5,-71.9173826569903,10.0890292648188));
#3347=CARTESIAN_POINT('',(18.5,-72.2031851679007,10.5893715842804));
#3348=CARTESIAN_POINT('',(18.5,-63.5880664021107,27.9513056165192));
#3349=CARTESIAN_POINT('',(18.5,-66.6867472141484,21.3061631706548));
#3350=CARTESIAN_POINT('',(18.5,-61.4274654355884,28.));
#3351=CARTESIAN_POINT('',(18.5,-64.7884735880592,27.9242515289067));
#3352=CARTESIAN_POINT('',(18.5,-64.3908688885729,28.));
#3353=CARTESIAN_POINT('Origin',(-11.2500000000001,-51.2,27.5));
#3354=CARTESIAN_POINT('',(-12.5000000000002,-49.95,-1.33226762955019E-14));
#3355=CARTESIAN_POINT('',(-6.14828643762693,-56.3017135623731,-4.44089209850063E-15));
#3356=CARTESIAN_POINT('',(-12.5000000000002,-49.95,2.));
#3357=CARTESIAN_POINT('',(-12.5000000000002,-49.95,27.5));
#3358=CARTESIAN_POINT('',(-11.5000000000001,-50.95,3.));
#3359=CARTESIAN_POINT('',(-4.75,-57.7,9.74999999999993));
#3360=CARTESIAN_POINT('',(-11.5000000000002,-50.95,27.));
#3361=CARTESIAN_POINT('',(-11.5000000000001,-50.95,16.75));
#3362=CARTESIAN_POINT('',(-12.5000000000002,-49.95,28.));
#3363=CARTESIAN_POINT('',(-8.58333333333338,-53.8666666666667,24.0833333333333));
#3364=CARTESIAN_POINT('',(-12.5000000000002,-49.95,30.));
#3365=CARTESIAN_POINT('',(-12.5000000000002,-49.95,26.25));
#3366=CARTESIAN_POINT('',(-8.30201687858762,-54.1479831214124,30.));
#3367=CARTESIAN_POINT('Origin',(0.,-49.95,25.));
#3368=CARTESIAN_POINT('',(-16.,-49.95,-1.33226762955019E-14));
#3369=CARTESIAN_POINT('',(0.,-49.95,-1.33226762955019E-14));
#3370=CARTESIAN_POINT('',(-16.,-49.95,2.));
#3371=CARTESIAN_POINT('',(-16.,-49.95,22.1875));
#3372=CARTESIAN_POINT('',(0.,-49.95,2.));
#3373=CARTESIAN_POINT('Origin',(0.,-60.3568542494923,0.));
#3374=CARTESIAN_POINT('',(-12.7,-65.3357000656915,6.48722432243607E-15));
#3375=CARTESIAN_POINT('',(-5.91161400052294,-59.2800063808926,-1.40308696887435E-15));
#3376=CARTESIAN_POINT('',(-12.7,-71.5264928953046,4.15843960767646E-15));
#3377=CARTESIAN_POINT('',(-12.7,-61.5062088191231,1.49756011623262E-15));
#3378=CARTESIAN_POINT('',(4.44089209850063E-15,-74.9294476391798,4.93583754506405E-15));
#3379=CARTESIAN_POINT('',(-6.82157417371086,-73.101612348225,1.66058777021497E-14));
#3380=CARTESIAN_POINT('',(12.7,-71.5264928953046,4.15843960767646E-15));
#3381=CARTESIAN_POINT('',(6.82157417371086,-73.101612348225,1.66058777021497E-14));
#3382=CARTESIAN_POINT('',(12.7,-65.3357000656915,6.48722432243606E-15));
#3383=CARTESIAN_POINT('',(12.7,-65.9416735723985,7.27678202648693E-15));
#3384=CARTESIAN_POINT('',(7.26161400052301,-60.4842965428116,1.66051887414924E-16));
#3385=CARTESIAN_POINT('',(12.5,-49.95,-1.33226762955019E-14));
#3386=CARTESIAN_POINT('',(6.148286437627,-56.3017135623732,-4.44089209850063E-15));
#3387=CARTESIAN_POINT('',(16.,-49.95,-1.33226762955019E-14));
#3388=CARTESIAN_POINT('',(0.,-49.95,-1.33226762955019E-14));
#3389=CARTESIAN_POINT('',(15.2267135623731,-49.1767135623731,-1.55431223447522E-14));
#3390=CARTESIAN_POINT('',(14.6999999999999,-64.439696961967,5.31977038993071E-15));
#3391=CARTESIAN_POINT('',(14.0164213562373,-65.1232756057296,6.2104442866171E-15));
#3392=CARTESIAN_POINT('',(14.7,-73.2682021073445,1.68229370723581E-14));
#3393=CARTESIAN_POINT('',(14.6999999999999,-62.3568542494923,2.60591492965269E-15));
#3394=CARTESIAN_POINT('',(7.2280144832367E-16,-77.207055236082,2.19550951593012E-14));
#3395=CARTESIAN_POINT('',(9.38215702783395,-74.6931138372119,1.86795364475074E-14));
#3396=CARTESIAN_POINT('',(-14.7,-73.2682021073445,1.68229370723581E-14));
#3397=CARTESIAN_POINT('',(-2.13215702783396,-76.6357454823376,2.12107028509318E-14));
#3398=CARTESIAN_POINT('',(-14.6999999999999,-64.439696961967,5.31977038993071E-15));
#3399=CARTESIAN_POINT('',(-14.7,-66.7357954796205,8.31148909348401E-15));
#3400=CARTESIAN_POINT('',(-12.0164213562373,-67.1232756057297,8.81635921626982E-15));
#3401=CARTESIAN_POINT('',(-15.2267135623731,-49.1767135623731,-1.55431223447522E-14));
#3402=CARTESIAN_POINT('',(11.75,-58.7,0.));
#3403=CARTESIAN_POINT('Origin',(14.5,-58.7,0.));
#3404=CARTESIAN_POINT('',(-17.25,-58.7,0.));
#3405=CARTESIAN_POINT('Origin',(-14.5,-58.7,0.));
#3406=CARTESIAN_POINT('Origin',(-2.22044604925031E-15,-51.7419324856496,
30.));
#3407=CARTESIAN_POINT('',(-16.,-49.95,30.));
#3408=CARTESIAN_POINT('',(-1.11022302462516E-15,-49.95,30.));
#3409=CARTESIAN_POINT('',(-13.0729831214124,-47.0229831214124,30.));
#3410=CARTESIAN_POINT('',(-16.2989638415415,-62.5578904079455,30.));
#3411=CARTESIAN_POINT('',(-16.2989638415415,-62.5578904079455,30.));
#3412=CARTESIAN_POINT('',(3.33077132433952E-15,-63.9838649712993,30.));
#3413=CARTESIAN_POINT('',(3.33077132433952E-15,-63.9838649712993,30.));
#3414=CARTESIAN_POINT('',(16.2989638415474,-62.557890407945,30.));
#3415=CARTESIAN_POINT('',(3.33077132433952E-15,-63.9838649712993,30.));
#3416=CARTESIAN_POINT('',(16.2989638415474,-62.557890407945,30.));
#3417=CARTESIAN_POINT('',(16.,-49.95,30.));
#3418=CARTESIAN_POINT('',(13.0729831214124,-47.0229831214124,30.));
#3419=CARTESIAN_POINT('',(12.5,-49.95,30.));
#3420=CARTESIAN_POINT('',(-1.11022302462516E-15,-49.95,30.));
#3421=CARTESIAN_POINT('',(8.30201687858769,-54.1479831214124,30.));
#3422=CARTESIAN_POINT('',(-1.85268467234323E-13,-62.5785171987386,30.));
#3423=CARTESIAN_POINT('',(5.47043829689046,-62.0999158632426,30.));
#3424=CARTESIAN_POINT('',(-0.470438296890392,-62.5373591808723,30.));
#3425=CARTESIAN_POINT('',(-17.25,-58.7,30.));
#3426=CARTESIAN_POINT('Origin',(-14.5,-58.7,30.));
#3427=CARTESIAN_POINT('',(11.75,-58.7,30.));
#3428=CARTESIAN_POINT('Origin',(14.5,-58.7,30.));
#3429=CARTESIAN_POINT('Origin',(-17.25,-51.2,19.375));
#3430=CARTESIAN_POINT('',(-16.,-49.95,28.));
#3431=CARTESIAN_POINT('',(-16.,-49.95,19.375));
#3432=CARTESIAN_POINT('',(-17.,-50.95,27.));
#3433=CARTESIAN_POINT('',(-16.5208333333334,-50.4708333333334,27.4791666666667));
#3434=CARTESIAN_POINT('',(-17.,-50.95,3.));
#3435=CARTESIAN_POINT('',(-17.,-50.95,12.6875));
#3436=CARTESIAN_POINT('',(-17.6458333333333,-51.5958333333333,3.64583333333332));
#3437=CARTESIAN_POINT('Origin',(0.,-52.95,4.99999999999999));
#3438=CARTESIAN_POINT('',(0.,-50.95,3.));
#3439=CARTESIAN_POINT('Origin',(0.,-50.95,5.99999999999998));
#3440=CARTESIAN_POINT('',(0.,-50.95,27.));
#3441=CARTESIAN_POINT('Origin',(11.25,-51.2,27.5));
#3442=CARTESIAN_POINT('',(12.5,-49.95,28.));
#3443=CARTESIAN_POINT('',(12.5,-49.95,27.5));
#3444=CARTESIAN_POINT('',(11.5,-50.95,27.));
#3445=CARTESIAN_POINT('',(8.58333333333344,-53.8666666666667,24.0833333333333));
#3446=CARTESIAN_POINT('',(11.5,-50.95,3.));
#3447=CARTESIAN_POINT('',(11.5,-50.95,16.75));
#3448=CARTESIAN_POINT('',(12.5,-49.95,2.));
#3449=CARTESIAN_POINT('',(4.75000000000013,-57.7000000000001,9.75000000000004));
#3450=CARTESIAN_POINT('',(12.5,-49.95,26.25));
#3451=CARTESIAN_POINT('Origin',(0.,-49.95,25.));
#3452=CARTESIAN_POINT('',(16.,-49.95,28.));
#3453=CARTESIAN_POINT('',(16.,-49.95,19.375));
#3454=CARTESIAN_POINT('',(0.,-49.95,28.));
#3455=CARTESIAN_POINT('Origin',(17.25,-51.2,19.375));
#3456=CARTESIAN_POINT('',(16.,-49.95,2.));
#3457=CARTESIAN_POINT('',(16.,-49.95,22.1875));
#3458=CARTESIAN_POINT('',(17.,-50.95,3.));
#3459=CARTESIAN_POINT('',(17.6458333333333,-51.5958333333333,3.64583333333332));
#3460=CARTESIAN_POINT('',(17.,-50.95,27.));
#3461=CARTESIAN_POINT('',(17.,-50.95,12.6875));
#3462=CARTESIAN_POINT('',(16.5208333333334,-50.4708333333334,27.4791666666667));
#3463=CARTESIAN_POINT('Origin',(0.,-53.95,24.));
#3464=CARTESIAN_POINT('',(0.,-50.95,27.));
#3465=CARTESIAN_POINT('Origin',(0.,-50.95,5.99999999999998));
#3466=CARTESIAN_POINT('',(0.,-50.95,3.));
#3467=CARTESIAN_POINT('Origin',(0.,-52.95,4.99999999999999));
#3468=CARTESIAN_POINT('',(0.,-49.95,2.));
#3469=CARTESIAN_POINT('Origin',(0.,-49.95,25.));
#3470=CARTESIAN_POINT('Origin',(11.35,-68.8874811425984,7.21100000000001));
#3471=CARTESIAN_POINT('',(12.7,-65.3357000656915,5.86100000000001));
#3472=CARTESIAN_POINT('',(13.4043759843204,-65.9640504865871,5.15662401567958));
#3473=CARTESIAN_POINT('',(12.7,-71.5264928953046,5.86100000000001));
#3474=CARTESIAN_POINT('',(12.7,-68.8874811425984,5.86100000000001));
#3475=CARTESIAN_POINT('',(10.51748100242,-72.1112970981717,8.04351899758));
#3476=CARTESIAN_POINT('',(10.34849090173,-72.1565778591805,8.21250909827002));
#3477=CARTESIAN_POINT('',(9.51548974183421,-63.7774857919822,9.04551025816576));
#3478=CARTESIAN_POINT('Origin',(4.44089209850063E-15,-74.9294476391798,
4.93583754506405E-15));
#3479=CARTESIAN_POINT('',(10.5472024697368,-72.1033332550063,8.56100000000001));
#3480=CARTESIAN_POINT('',(10.7611477473516,-72.046006790645,12.2860050794237));
#3481=CARTESIAN_POINT('',(12.7,-71.5264928953046,4.15843960767646E-15));
#3482=CARTESIAN_POINT('',(-6.01635700066232E-15,-74.9294476391798,7.53769663860874));
#3483=CARTESIAN_POINT('',(4.44089209850063E-15,-74.9294476391798,4.93583754506405E-15));
#3484=CARTESIAN_POINT('',(10.1198699457653,-72.217836659704,8.56100000000001));
#3485=CARTESIAN_POINT('',(10.0267256406514,-72.2427946010389,8.55158141250547));
#3486=CARTESIAN_POINT('',(9.99999999999986,-72.2499557148686,8.56100000000001));
#3487=CARTESIAN_POINT('Origin',(12.7,-71.5264928953046,4.15843960767646E-15));
#3488=CARTESIAN_POINT('',(12.7,-65.3357000656915,4.15843960767646E-15));
#3489=CARTESIAN_POINT('Origin',(-11.35,-64.452016389323,7.21100000000001));
#3490=CARTESIAN_POINT('',(-12.7,-71.5264928953046,5.86100000000001));
#3491=CARTESIAN_POINT('',(-10.51748100242,-72.1112970981717,8.04351899757999));
#3492=CARTESIAN_POINT('',(-13.22195008217,-71.3866367922978,5.33904991783001));
#3493=CARTESIAN_POINT('',(-12.7,-65.3357000656915,5.86100000000001));
#3494=CARTESIAN_POINT('',(-12.7,-64.452016389323,5.86100000000001));
#3495=CARTESIAN_POINT('',(-11.8296212874535,-64.5592641244594,6.73137871254644));
#3496=CARTESIAN_POINT('',(-9.86376158782983,-66.6741496272427,8.69723841217013));
#3497=CARTESIAN_POINT('Origin',(-8.66862493352244,-61.7394442645328,4.15843960767646E-15));
#3498=CARTESIAN_POINT('',(-12.7,-65.3357000656915,4.15843960767646E-15));
#3499=CARTESIAN_POINT('Origin',(-12.7,-62.6555633887538,4.15843960767646E-15));
#3500=CARTESIAN_POINT('',(-12.7,-71.5264928953046,4.15843960767646E-15));
#3501=CARTESIAN_POINT('Origin',(11.3686249335226,-64.1480245883708,4.15843960767646E-15));
#3502=CARTESIAN_POINT('Origin',(11.3499999999999,-66.2484693898922,8.56100000000001));
#3503=CARTESIAN_POINT('',(10.5303524556718,-71.9710447746301,8.56100000000001));
#3504=CARTESIAN_POINT('',(9.42992641159705,-63.3316639067533,8.56100000000001));
#3505=CARTESIAN_POINT('',(12.6968189272425,-70.6685134083355,8.56100000000001));
#3506=CARTESIAN_POINT('Origin',(-11.3499999999999,-66.2484693898922,8.56100000000001));
#3507=CARTESIAN_POINT('',(-10.5472024697368,-72.1033332550063,8.56100000000001));
#3508=CARTESIAN_POINT('',(-10.5303524556717,-71.97104477463,8.56100000000001));
#3509=CARTESIAN_POINT('',(-9.94790543402957,-67.3982870846224,8.56100000000001));
#3510=CARTESIAN_POINT('',(-10.1198699457652,-72.217836659704,8.56100000000001));
#3511=CARTESIAN_POINT('',(-8.85978068904545,-72.9754324050092,8.56100000000001));
#3512=CARTESIAN_POINT('',(-9.99999999999985,-72.2499557148686,8.56100000000001));
#3513=CARTESIAN_POINT('Origin',(10.,-68.3628799793038,7.36950876559561));
#3514=CARTESIAN_POINT('',(-4.3545247035138E-15,-76.8705551879524,8.12664435886018));
#3515=CARTESIAN_POINT('',(-1.11022302462516E-14,-68.9888801306212,5.73528043896147));
#3516=CARTESIAN_POINT('',(10.9925389371891,-75.1154536929866,9.59934937596471));
#3517=CARTESIAN_POINT('',(9.43588680752335,-75.3639934066532,9.39079979389415));
#3518=CARTESIAN_POINT('',(9.84321066204616,-67.2961897746342,7.01726542284829));
#3519=CARTESIAN_POINT('Origin',(-8.55942333083584E-15,-69.1080700001538,
5.77144360878823));
#3520=CARTESIAN_POINT('',(-5.23880553351744,-73.5257139271701,8.06743539423048));
#3521=CARTESIAN_POINT('',(-10.9925389371891,-75.1154536929866,9.59934937596472));
#3522=CARTESIAN_POINT('',(-9.91859333273474,-67.8090432471645,7.1866203308739));
#3523=CARTESIAN_POINT('',(1.90467237045255,-77.1746608494291,7.87146941047622));
#3524=CARTESIAN_POINT('Origin',(-10.,-68.3628799793038,7.36950876559562));
#3525=CARTESIAN_POINT('',(-10.9967766209003,-66.1463080028007,28.9050917138553));
#3526=CARTESIAN_POINT('',(-9.83209780952582,-59.078818254551,24.4523750958728));
#3527=CARTESIAN_POINT('',(-10.9023829138667,-66.1463080028007,27.3158415895386));
#3528=CARTESIAN_POINT('',(-10.1647701593829,-66.1463080028007,14.8970988724553));
#3529=CARTESIAN_POINT('',(-10.9023829138667,-73.9526726954448,10.575038482142));
#3530=CARTESIAN_POINT('',(-10.9023829138667,-73.1723359289164,12.2484760782901));
#3531=CARTESIAN_POINT('',(-10.66586654933,-70.9022194461079,13.1346726785841));
#3532=CARTESIAN_POINT('',(-10.2679064967632,-72.1781703854138,3.69817278741501));
#3533=CARTESIAN_POINT('Origin',(10.,-60.0976802775362,25.0942867254299));
#3534=CARTESIAN_POINT('',(10.9023829138667,-73.9526726954448,10.575038482142));
#3535=CARTESIAN_POINT('',(10.1647701593829,-64.4393638464988,18.5576524285681));
#3536=CARTESIAN_POINT('',(10.9023829138668,-66.1463080028007,27.3158415895387));
#3537=CARTESIAN_POINT('',(10.9023829138668,-66.9266447693291,25.6424039933905));
#3538=CARTESIAN_POINT('',(10.9967766209003,-66.1463080028007,28.9050917138553));
#3539=CARTESIAN_POINT('',(10.66586654933,-66.1463080028007,23.3337576820869));
#3540=CARTESIAN_POINT('',(9.91367493359367,-59.5738435631688,24.7642549140996));
#3541=CARTESIAN_POINT('Origin',(-9.99999999999999,-60.0976802775362,25.0942867254299));
#3542=CARTESIAN_POINT('',(8.4950934645463E-15,-62.5785171987386,27.9495472816255));
#3543=CARTESIAN_POINT('',(-4.98000399597571,-62.1428233047769,27.0478626397009));
#3544=CARTESIAN_POINT('',(1.99693440354406E-14,-66.1463080028007,30.270349917224));
#3545=CARTESIAN_POINT('',(-1.11022302462516E-15,-59.591850694601,26.0067586274912));
#3546=CARTESIAN_POINT('',(-8.98959654649111,-66.1463080028007,29.1542846507216));
#3547=CARTESIAN_POINT('Origin',(-2.58407307446544E-15,-59.6534905854405,
26.0468545941481));
#3548=CARTESIAN_POINT('',(4.95257865810041,-62.1452227109344,27.0528282995642));
#3549=CARTESIAN_POINT('',(-2.55821003504305,-66.1463080028007,30.5879536439056));
#3550=CARTESIAN_POINT('Origin',(-9.99999999999985,-72.2499557148686,4.93583754506405E-15));
#3551=CARTESIAN_POINT('Origin',(-6.66666666666667,-66.1463080028007,22.6422458113874));
#3552=CARTESIAN_POINT('',(15.0507037645421,-66.1463080028007,28.5210657841501));
#3553=CARTESIAN_POINT('',(-0.509770404986575,-66.1463080028007,24.0002341937755));
#3554=CARTESIAN_POINT('',(4.68102048292837,-66.1463080028007,32.5));
#3555=CARTESIAN_POINT('',(4.79613046279259,-66.1463080028007,32.4558313378501));
#3556=CARTESIAN_POINT('',(-4.68102048292837,-66.1463080028007,32.5));
#3557=CARTESIAN_POINT('',(-3.33333333333333,-66.1463080028007,32.5));
#3558=CARTESIAN_POINT('',(-15.0507037645421,-66.1463080028007,28.5210657841501));
#3559=CARTESIAN_POINT('',(-10.6072183960406,-66.1463080028007,30.2260682890682));
#3560=CARTESIAN_POINT('',(-4.42388728986356,-66.1463080028007,25.4336246753233));
#3561=CARTESIAN_POINT('Origin',(6.2636234099356,-67.4201950825225,23.2362691122864));
#3562=CARTESIAN_POINT('',(15.0507037645469,-74.8759279924405,9.80033530295038));
#3563=CARTESIAN_POINT('',(4.42388728986355,-72.5108108875656,11.784904193342));
#3564=CARTESIAN_POINT('',(15.0507037645434,-68.4182291636638,23.6489151318276));
#3565=CARTESIAN_POINT('Origin',(6.66666666666667,-70.3724906202077,13.5791679410209));
#3566=CARTESIAN_POINT('',(-15.0507037645469,-74.8759279924405,9.80033530295038));
#3567=CARTESIAN_POINT('',(0.509770404986562,-71.4127700743562,12.7062698347236));
#3568=CARTESIAN_POINT('',(0.,-79.2998966482868,6.08818483548996));
#3569=CARTESIAN_POINT('',(-6.28278826520899,-77.4531485631855,7.63779047257575));
#3570=CARTESIAN_POINT('',(12.0938761984566,-75.7450509701938,9.07105453286989));
#3571=CARTESIAN_POINT('Origin',(-6.26362340993561,-71.6463776999295,14.1731912419199));
#3572=CARTESIAN_POINT('',(-15.0507037645445,-70.5313204723674,19.1173761966444));
#3573=CARTESIAN_POINT('Origin',(0.,-52.95,32.5));
#3574=CARTESIAN_POINT('',(16.2411077985004,-64.0779060970795,32.5));
#3575=CARTESIAN_POINT('',(5.49809429718465,-66.00011213175,32.5));
#3576=CARTESIAN_POINT('',(16.6497190635618,-63.4048046087517,32.5));
#3577=CARTESIAN_POINT('',(16.2989638415474,-62.557890407945,32.5));
#3578=CARTESIAN_POINT('',(14.6261954831468,-64.2306587663456,32.5));
#3579=CARTESIAN_POINT('',(3.33077132433952E-15,-63.9838649712993,32.5));
#3580=CARTESIAN_POINT('',(0.479002636222265,-63.9419576708308,32.5));
#3581=CARTESIAN_POINT('',(-16.2989638415415,-62.5578904079455,32.5));
#3582=CARTESIAN_POINT('',(-8.62848455699303,-63.2289703891539,32.5));
#3583=CARTESIAN_POINT('',(-15.7267135623714,-63.1301406871156,32.5));
#3584=CARTESIAN_POINT('',(-16.2411077985004,-64.0779060970795,32.5));
#3585=CARTESIAN_POINT('',(-16.6497190635618,-63.4048046087517,32.5));
#3586=CARTESIAN_POINT('',(-5.49809429718465,-66.00011213175,32.5));
#3587=CARTESIAN_POINT('Origin',(9.25,-69.2909542857795,24.0031286241361));
#3588=CARTESIAN_POINT('',(0.,-82.7134755542914,-1.23225875214119));
#3589=CARTESIAN_POINT('',(0.,-70.6504159663345,24.6370560167472));
#3590=CARTESIAN_POINT('',(5.00000000000074,-82.1170764252833,-1.87181851677543));
#3591=CARTESIAN_POINT('',(3.69843227871791,-82.2723271963469,-1.70533244767962));
#3592=CARTESIAN_POINT('',(13.4362030508578,-79.6703355306572,0.138192586378586));
#3593=CARTESIAN_POINT('',(11.1856921830732,-80.3230482428589,-0.39801449692014));
#3594=CARTESIAN_POINT('',(13.4362030508581,-76.1795999507179,7.62409919522601));
#3595=CARTESIAN_POINT('',(13.4362030508582,-75.1150427750924,9.90704942563258));
#3596=CARTESIAN_POINT('',(16.9367756635999,-74.7886644412344,9.26377102807229));
#3597=CARTESIAN_POINT('',(18.3068897254886,-64.8073147558246,30.1431202781305));
#3598=CARTESIAN_POINT('Origin',(-18.5,-61.4274654355884,28.));
#3599=CARTESIAN_POINT('',(-16.8950603749741,-62.5549396250259,26.369242458141));
#3600=CARTESIAN_POINT('',(-18.2186132991903,-63.4069330243877,27.6739297416474));
#3601=CARTESIAN_POINT('',(-18.027854362551,-61.4221456374491,27.527854362551));
#3602=CARTESIAN_POINT('',(-18.4986551509139,-61.4274502827942,27.9986551509139));
#3603=CARTESIAN_POINT('',(-14.4203440460323,-65.0296559539677,23.8381239757035));
#3604=CARTESIAN_POINT('Origin',(-18.5,-63.5880664021107,27.9513056165192));
#3605=CARTESIAN_POINT('',(-16.,-69.1047049146656,10.205332190516));
#3606=CARTESIAN_POINT('',(-16.250821092173,-69.3868964759698,10.1936636997775));
#3607=CARTESIAN_POINT('',(-16.,-63.45,22.3318860134547));
#3608=CARTESIAN_POINT('',(-14.8529530535647,-64.5970469464353,17.1578915980699));
#3609=CARTESIAN_POINT('',(-16.,-61.3222969345191,26.8947599621674));
#3610=CARTESIAN_POINT('Origin',(-18.5,-71.9173826569903,10.0890292648188));
#3611=CARTESIAN_POINT('',(-16.,-66.5274214075538,5.69339139702645));
#3612=CARTESIAN_POINT('',(-19.0929864799176,-70.007251099304,5.54950204632399));
#3613=CARTESIAN_POINT('',(-16.,-69.7465741305823,11.3290253703266));
#3614=CARTESIAN_POINT('Origin',(-18.5,-69.3400991498785,5.57708847132928));
#3615=CARTESIAN_POINT('',(-17.6344741526394,-71.6670828339444,-1.46115277334636));
#3616=CARTESIAN_POINT('',(-17.4083997258707,-71.3977451310247,-1.41849387201114));
#3617=CARTESIAN_POINT('',(-16.,-68.9223834261381,0.55737877381543));
#3618=CARTESIAN_POINT('',(-16.,-67.0743296822869,4.52054281697745));
#3619=CARTESIAN_POINT('',(-16.2982314339284,-69.4231901466179,0.189070987015869));
#3620=CARTESIAN_POINT('Origin',(-18.5,-72.6982421157694,-1.62447235908365));
#3621=CARTESIAN_POINT('',(-18.3824636230291,-71.9504720893665,-2.25401639458465));
#3622=CARTESIAN_POINT('Origin',(-18.5,-71.9950028584125,-2.37860413433422));
#3623=CARTESIAN_POINT('',(-16.,-64.8037134778629,1.11158673441403));
#3624=CARTESIAN_POINT('',(-17.4345864604709,-63.8350287365585,-0.20558288800176));
#3625=CARTESIAN_POINT('',(-16.,-72.3283979477743,0.099065681115255));
#3626=CARTESIAN_POINT('Origin',(-18.5,-63.1156229235534,-1.18379534730352));
#3627=CARTESIAN_POINT('',(-16.,-64.039033761275,2.75144767861));
#3628=CARTESIAN_POINT('',(-18.3828038188433,-61.7438799605971,2.03522671930886));
#3629=CARTESIAN_POINT('',(-16.,-65.381392391145,-0.127249692951679));
#3630=CARTESIAN_POINT('Origin',(-18.5,-61.6309947711074,2.00000000000001));
#3631=CARTESIAN_POINT('',(-16.,-63.45,6.2112907568009));
#3632=CARTESIAN_POINT('',(-18.4145727137281,-61.0354272862718,6.00721999838718));
#3633=CARTESIAN_POINT('',(-16.,-63.4145382761582,6.41958441981444));
#3634=CARTESIAN_POINT('Origin',(-18.5,-60.95,6.00000000000001));
#3635=CARTESIAN_POINT('',(-14.8333333333333,-64.6166666666667,24.3333333333333));
#3636=CARTESIAN_POINT('',(-16.,-63.45,6.00000000000001));
#3637=CARTESIAN_POINT('Origin',(-18.5,-60.95,28.));
#3638=CARTESIAN_POINT('Origin',(-16.,-60.95,28.));
#3639=CARTESIAN_POINT('Origin',(18.5,-61.4274654355884,28.));
#3640=CARTESIAN_POINT('',(16.8950603749741,-62.5549396250259,26.369242458141));
#3641=CARTESIAN_POINT('',(18.2186132991903,-63.4069330243877,27.6739297416474));
#3642=CARTESIAN_POINT('',(18.027854362551,-61.4221456374491,27.527854362551));
#3643=CARTESIAN_POINT('',(14.4203440460323,-65.0296559539677,23.8381239757035));
#3644=CARTESIAN_POINT('',(18.4986551509139,-61.4274502827942,27.9986551509139));
#3645=CARTESIAN_POINT('Origin',(18.5,-63.5880664021107,27.9513056165192));
#3646=CARTESIAN_POINT('',(16.,-69.1047049146656,10.205332190516));
#3647=CARTESIAN_POINT('',(16.250821092173,-69.3868964759698,10.1936636997775));
#3648=CARTESIAN_POINT('',(16.,-63.45,22.3318860134547));
#3649=CARTESIAN_POINT('',(16.,-61.3222969345191,26.8947599621674));
#3650=CARTESIAN_POINT('',(14.8529530535647,-64.5970469464353,17.1578915980699));
#3651=CARTESIAN_POINT('Origin',(18.5,-71.9173826569903,10.0890292648188));
#3652=CARTESIAN_POINT('',(16.,-66.5274214075538,5.69339139702645));
#3653=CARTESIAN_POINT('',(19.0929864799176,-70.007251099304,5.54950204632399));
#3654=CARTESIAN_POINT('',(16.,-69.7465741305823,11.3290253703266));
#3655=CARTESIAN_POINT('Origin',(18.5,-69.3400991498785,5.57708847132928));
#3656=CARTESIAN_POINT('',(17.6344741526394,-71.6670828339444,-1.46115277334636));
#3657=CARTESIAN_POINT('',(17.4083997258707,-71.3977451310247,-1.41849387201114));
#3658=CARTESIAN_POINT('',(16.,-68.9223834261381,0.55737877381543));
#3659=CARTESIAN_POINT('',(16.2982314339284,-69.4231901466179,0.189070987015869));
#3660=CARTESIAN_POINT('',(16.,-67.0743296822869,4.52054281697745));
#3661=CARTESIAN_POINT('Origin',(18.5,-72.6982421157694,-1.62447235908365));
#3662=CARTESIAN_POINT('',(18.3824636230291,-71.9504720893665,-2.25401639458465));
#3663=CARTESIAN_POINT('Origin',(18.5,-71.9950028584125,-2.37860413433422));
#3664=CARTESIAN_POINT('',(16.,-64.8037134778629,1.11158673441403));
#3665=CARTESIAN_POINT('',(17.4345864604709,-63.8350287365585,-0.20558288800176));
#3666=CARTESIAN_POINT('',(16.,-72.3283979477743,0.099065681115255));
#3667=CARTESIAN_POINT('Origin',(18.5,-63.1156229235534,-1.18379534730352));
#3668=CARTESIAN_POINT('',(16.,-64.039033761275,2.75144767861));
#3669=CARTESIAN_POINT('',(18.3828038188433,-61.7438799605971,2.03522671930886));
#3670=CARTESIAN_POINT('',(16.,-65.381392391145,-0.127249692951679));
#3671=CARTESIAN_POINT('Origin',(18.5,-61.6309947711074,2.00000000000001));
#3672=CARTESIAN_POINT('',(16.,-63.45,6.2112907568009));
#3673=CARTESIAN_POINT('',(18.4145727137281,-61.0354272862718,6.00721999838718));
#3674=CARTESIAN_POINT('',(16.,-63.4145382761582,6.41958441981444));
#3675=CARTESIAN_POINT('Origin',(18.5,-60.95,6.00000000000001));
#3676=CARTESIAN_POINT('',(14.8333333333333,-64.6166666666667,24.3333333333333));
#3677=CARTESIAN_POINT('',(16.,-63.45,6.00000000000001));
#3678=CARTESIAN_POINT('Origin',(18.5,-60.95,28.));
#3679=CARTESIAN_POINT('Origin',(16.,-60.95,28.));
#3680=CARTESIAN_POINT('Origin',(-1.84297022087776E-13,-62.5785171987386,
30.));
#3681=CARTESIAN_POINT('',(-1.85268467234323E-13,-62.5785171987386,30.));
#3682=CARTESIAN_POINT('Origin',(10.0000000000003,-61.7036305634793,30.));
#3683=CARTESIAN_POINT('Origin',(0.,-53.95,24.));
#3684=CARTESIAN_POINT('',(0.,-49.95,28.));
#3685=CARTESIAN_POINT('Origin',(0.,-49.95,25.));
#3686=CARTESIAN_POINT('Origin',(5.,-82.7134755542916,-1.23225875214138));
#3687=CARTESIAN_POINT('',(17.9720608116131,-72.5555822586754,-4.99999999999999));
#3688=CARTESIAN_POINT('',(5.,-79.2000000000003,-4.99999999999999));
#3689=CARTESIAN_POINT('',(2.30677362912541,-80.5794971623959,-4.99999999999998));
#3690=CARTESIAN_POINT('',(15.7306345012526,-71.7185315447098,-7.1287928206829));
#3691=CARTESIAN_POINT('',(12.2536796564403,-80.7420656913708,0.637948567795037));
#3692=CARTESIAN_POINT('',(5.00000000000075,-82.7134755542914,-1.23225875214123));
#3693=CARTESIAN_POINT('Origin',(-18.5,-79.0148816512253,2.21673585996474));
#3694=CARTESIAN_POINT('',(-13.4362030508578,-79.6703355306573,0.138192586378572));
#3695=CARTESIAN_POINT('',(-5.,-82.1170764252836,-1.87181851677561));
#3696=CARTESIAN_POINT('',(-17.9324118353631,-78.3663060001318,1.2094600184772));
#3697=CARTESIAN_POINT('',(-16.1022937433688,-77.2540367750886,-0.988546027733562));
#3698=CARTESIAN_POINT('',(-17.9720608116131,-72.5555822586754,-4.99999999999999));
#3699=CARTESIAN_POINT('',(-19.5010407261038,-73.1265730260933,-3.54785256606865));
#3700=CARTESIAN_POINT('',(-5.,-79.2000000000003,-4.99999999999999));
#3701=CARTESIAN_POINT('',(-8.40426918811054,-77.4562996798879,-4.99999999999999));
#3702=CARTESIAN_POINT('',(-5.00000000000078,-82.7134755542915,-1.2322587521411));
#3703=CARTESIAN_POINT('Origin',(-9.25,-69.2909542857795,24.0031286241361));
#3704=CARTESIAN_POINT('',(-18.3068897254886,-64.8073147558246,30.1431202781305));
#3705=CARTESIAN_POINT('',(-13.4362030508581,-76.1795999507179,7.62409919522601));
#3706=CARTESIAN_POINT('',(-16.9367756635999,-74.7886644412344,9.26377102807229));
#3707=CARTESIAN_POINT('',(-13.4362030508582,-75.1150427750924,9.90704942563258));
#3708=CARTESIAN_POINT('',(-3.69843227871791,-82.2723271963469,-1.70533244767962));
#3709=CARTESIAN_POINT('Origin',(0.,-82.7134755542914,-1.23225875214119));
#3710=CARTESIAN_POINT('',(0.,-79.2,-4.99999999999999));
#3711=CARTESIAN_POINT('Origin',(0.,-79.2,-4.99999999999999));
#3712=CARTESIAN_POINT('',(-16.6443324042985,-62.6883925402678,-5.00000000000001));
#3713=CARTESIAN_POINT('',(-17.5341588274634,-69.3012555967857,-5.));
#3714=CARTESIAN_POINT('',(16.6443324042985,-62.6883925402678,-5.00000000000001));
#3715=CARTESIAN_POINT('',(0.,-62.6883925402678,-5.00000000000001));
#3716=CARTESIAN_POINT('',(17.5341588274634,-69.3012555967857,-5.));
#3717=CARTESIAN_POINT('Origin',(-17.5100505063388,-61.7651504801059,-4.01005050633884));
#3718=CARTESIAN_POINT('',(-13.655311761605,-64.1755067100788,-8.18912662874697));
#3719=CARTESIAN_POINT('Origin',(17.5100505063388,-61.7651504801059,-4.01005050633884));
#3720=CARTESIAN_POINT('',(13.655311761605,-64.1755067100788,-8.18912662874697));
#3721=CARTESIAN_POINT('Origin',(0.,-62.6883925402678,-5.00000000000001));
#3722=CARTESIAN_POINT('',(-17.3839197380094,-61.7557772239576,-3.));
#3723=CARTESIAN_POINT('',(-15.7429650106258,-63.3967319513412,-6.51903876911635));
#3724=CARTESIAN_POINT('',(17.3839197380094,-61.7557772239576,-3.));
#3725=CARTESIAN_POINT('',(0.,-61.7557772239576,-3.));
#3726=CARTESIAN_POINT('',(16.3491257312829,-62.7905712306841,-5.2191229087264));
#3727=CARTESIAN_POINT('Origin',(-16.3786796564403,-78.8875831695022,-5.14568236059762));
#3728=CARTESIAN_POINT('',(-16.3786796564405,-73.5128104899055,6.3805548469619));
#3729=CARTESIAN_POINT('Origin',(-16.3786796564405,-73.5128104899055,6.3805548469619));
#3730=CARTESIAN_POINT('Origin',(-18.5,-64.8755002232648,29.922798043661));
#3731=CARTESIAN_POINT('Origin',(18.5,-64.8755002232648,29.922798043661));
#3732=CARTESIAN_POINT('Origin',(16.3786796564403,-78.8875831695022,-5.14568236059762));
#3733=CARTESIAN_POINT('',(16.3786796564405,-73.5128104899055,6.3805548469619));
#3734=CARTESIAN_POINT('Origin',(16.3786796564405,-73.5128104899055,6.3805548469619));
#3735=CARTESIAN_POINT('Origin',(-14.5,-58.7,0.));
#3736=CARTESIAN_POINT('',(-17.25,-58.7,0.));
#3737=CARTESIAN_POINT('Origin',(14.5,-58.7,0.));
#3738=CARTESIAN_POINT('',(11.75,-58.7,0.));
#3739=CARTESIAN_POINT('Origin',(-16.2989638415415,-62.5578904079455,30.));
#3740=CARTESIAN_POINT('',(-16.2989638415415,-62.5578904079455,30.));
#3741=CARTESIAN_POINT('',(3.33077132433952E-15,-63.9838649712993,30.));
#3742=CARTESIAN_POINT('Origin',(-18.5,-60.3568542494872,30.));
#3743=CARTESIAN_POINT('Origin',(16.2989638415474,-62.557890407945,30.));
#3744=CARTESIAN_POINT('',(16.2989638415474,-62.557890407945,30.));
#3745=CARTESIAN_POINT('Origin',(3.33077132433952E-15,-63.9838649712993,
30.));
#3746=CARTESIAN_POINT('Origin',(18.6414213562373,-60.4982756057296,0.));
#3747=CARTESIAN_POINT('',(14.6999999999999,-64.439696961967,-3.));
#3748=CARTESIAN_POINT('',(14.6592514421272,-64.4804455198397,-3.));
#3749=CARTESIAN_POINT('',(14.7,-64.439696961967,0.));
#3750=CARTESIAN_POINT('Origin',(-14.6414213562373,-64.4982756057297,0.));
#3751=CARTESIAN_POINT('',(-14.7,-64.439696961967,-3.));
#3752=CARTESIAN_POINT('',(-14.7,-64.439696961967,0.));
#3753=CARTESIAN_POINT('',(-12.6592514421272,-66.4804455198398,-3.));
#3754=CARTESIAN_POINT('Origin',(-14.7,-73.1147367097487,0.));
#3755=CARTESIAN_POINT('',(-14.7,-73.2682021073445,-3.));
#3756=CARTESIAN_POINT('',(-14.7,-73.2682021073445,0.));
#3757=CARTESIAN_POINT('',(-14.7,-65.4501353078407,-3.));
#3758=CARTESIAN_POINT('Origin',(-0.0517638090205042,-77.1931851652578,0.));
#3759=CARTESIAN_POINT('',(7.1701903673708E-16,-77.207055236082,-3.));
#3760=CARTESIAN_POINT('',(0.,-77.207055236082,0.));
#3761=CARTESIAN_POINT('',(-2.45357207077891,-76.5496225811452,-3.));
#3762=CARTESIAN_POINT('Origin',(14.5517638090205,-73.3079218750065,0.));
#3763=CARTESIAN_POINT('',(14.7,-73.2682021073445,-3.));
#3764=CARTESIAN_POINT('',(14.7,-73.2682021073445,0.));
#3765=CARTESIAN_POINT('',(9.7035720707789,-74.6069909360196,-3.));
#3766=CARTESIAN_POINT('Origin',(14.7,-64.3568542494924,0.));
#3767=CARTESIAN_POINT('',(14.6999999999999,-61.0711940777125,-3.));
#3768=CARTESIAN_POINT('Origin',(0.,-57.7855339059328,-3.));
#3769=UNCERTAINTY_MEASURE_WITH_UNIT(LENGTH_MEASURE(0.01),#3773,
'DISTANCE_ACCURACY_VALUE',
'Maximum model space distance between geometric entities at asserted c
onnectivities');
#3770=UNCERTAINTY_MEASURE_WITH_UNIT(LENGTH_MEASURE(0.01),#3773,
'DISTANCE_ACCURACY_VALUE',
'Maximum model space distance between geometric entities at asserted c
onnectivities');
#3771=(
GEOMETRIC_REPRESENTATION_CONTEXT(3)
GLOBAL_UNCERTAINTY_ASSIGNED_CONTEXT((#3769))
GLOBAL_UNIT_ASSIGNED_CONTEXT((#3773,#3775,#3776))
REPRESENTATION_CONTEXT('','3D')
);
#3772=(
GEOMETRIC_REPRESENTATION_CONTEXT(3)
GLOBAL_UNCERTAINTY_ASSIGNED_CONTEXT((#3770))
GLOBAL_UNIT_ASSIGNED_CONTEXT((#3773,#3775,#3776))
REPRESENTATION_CONTEXT('','3D')
);
#3773=(
LENGTH_UNIT()
NAMED_UNIT(*)
SI_UNIT(.MILLI.,.METRE.)
);
#3774=(
LENGTH_UNIT()
NAMED_UNIT(*)
SI_UNIT($,.METRE.)
);
#3775=(
NAMED_UNIT(*)
PLANE_ANGLE_UNIT()
SI_UNIT($,.RADIAN.)
);
#3776=(
NAMED_UNIT(*)
SI_UNIT($,.STERADIAN.)
SOLID_ANGLE_UNIT()
);
#3777=SHAPE_DEFINITION_REPRESENTATION(#3778,#3779);
#3778=PRODUCT_DEFINITION_SHAPE('',$,#3781);
#3779=SHAPE_REPRESENTATION('',(#2249),#3771);
#3780=PRODUCT_DEFINITION_CONTEXT('part definition',#3785,'design');
#3781=PRODUCT_DEFINITION('2026-09-22-20-59-28-446',
'The Shard TPU - Frontend O4 Pro Itsfpv',#3782,#3780);
#3782=PRODUCT_DEFINITION_FORMATION('',$,#3787);
#3783=PRODUCT_RELATED_PRODUCT_CATEGORY(
'The Shard TPU - Frontend O4 Pro Itsfpv',
'The Shard TPU - Frontend O4 Pro Itsfpv',(#3787));
#3784=APPLICATION_PROTOCOL_DEFINITION('international standard',
'automotive_design',2009,#3785);
#3785=APPLICATION_CONTEXT(
'Core Data for Automotive Mechanical Design Process');
#3786=PRODUCT_CONTEXT('part definition',#3785,'mechanical');
#3787=PRODUCT('2026-09-22-20-59-28-446',
'The Shard TPU - Frontend O4 Pro Itsfpv',$,(#3786));
#3788=PRESENTATION_STYLE_ASSIGNMENT((#3789));
#3789=SURFACE_STYLE_USAGE(.BOTH.,#3790);
#3790=SURFACE_SIDE_STYLE('',(#3791));
#3791=SURFACE_STYLE_FILL_AREA(#3792);
#3792=FILL_AREA_STYLE('Steel - Satin',(#3793));
#3793=FILL_AREA_STYLE_COLOUR('Steel - Satin',#3794);
#3794=COLOUR_RGB('Steel - Satin',0.627450980392157,0.627450980392157,0.627450980392157);
ENDSEC;
END-ISO-10303-21;
