ISO-10303-21;
HEADER;
/* Generated by software containing ST-Developer
 * from STEP Tools, Inc. (www.steptools.com) 
 */

FILE_DESCRIPTION(
/* description */ (''),
/* implementation_level */ '2;1');

FILE_NAME(
/* name */ 'The_Shard_TPU_-_Frontend_O4_Pro_cameraAngle_25.step',
/* time_stamp */ '2026-09-22T20:59:02+02:00',
/* author */ (''),
/* organization */ (''),
/* preprocessor_version */ 'ST-DEVELOPER v20.1',
/* originating_system */ 'Autodesk Translation Framework v15.8.0.0',
/* authorisation */ '');

FILE_SCHEMA (('AUTOMOTIVE_DESIGN { 1 0 10303 214 3 1 1 }'));
ENDSEC;

DATA;
#10=MECHANICAL_DESIGN_GEOMETRIC_PRESENTATION_REPRESENTATION('',(#13),#5694);
#11=SHAPE_REPRESENTATION_RELATIONSHIP('SRR','None',#5701,#12);
#12=ADVANCED_BREP_SHAPE_REPRESENTATION('',(#14),#5693);
#13=STYLED_ITEM('',(#5710),#14);
#14=MANIFOLD_SOLID_BREP('Frontend',#3370);
#15=FACE_BOUND('',#399,.T.);
#16=FACE_BOUND('',#401,.T.);
#17=FACE_BOUND('',#424,.T.);
#18=FACE_BOUND('',#440,.T.);
#19=FACE_BOUND('',#441,.T.);
#20=FACE_BOUND('',#451,.T.);
#21=FACE_BOUND('',#452,.T.);
#22=FACE_BOUND('',#455,.T.);
#23=FACE_BOUND('',#456,.T.);
#24=FACE_BOUND('',#496,.T.);
#25=FACE_BOUND('',#519,.T.);
#26=FACE_BOUND('',#538,.T.);
#27=FACE_BOUND('',#539,.T.);
#28=FACE_BOUND('',#541,.T.);
#29=FACE_BOUND('',#543,.T.);
#30=B_SPLINE_SURFACE_WITH_KNOTS('',3,1,((#4712,#4713),(#4714,#4715),(#4716,
#4717),(#4718,#4719)),.UNSPECIFIED.,.F.,.F.,.F.,(4,4),(2,2),(-0.115642845096889,
0.),(-0.539084248761487,0.3),.UNSPECIFIED.);
#31=B_SPLINE_SURFACE_WITH_KNOTS('',3,1,((#4739,#4740),(#4741,#4742),(#4743,
#4744),(#4745,#4746)),.UNSPECIFIED.,.F.,.F.,.F.,(4,4),(2,2),(-0.076801228943379,
-7.32795096097344E-17),(-0.521382166367055,0.3),.UNSPECIFIED.);
#32=B_SPLINE_SURFACE_WITH_KNOTS('',3,1,((#4766,#4767),(#4768,#4769),(#4770,
#4771),(#4772,#4773)),.UNSPECIFIED.,.F.,.F.,.F.,(4,4),(2,2),(7.32795096097344E-17,
0.076801228943379),(-0.521382166367053,0.3),.UNSPECIFIED.);
#33=B_SPLINE_SURFACE_WITH_KNOTS('',3,1,((#4793,#4794),(#4795,#4796),(#4797,
#4798),(#4799,#4800)),.UNSPECIFIED.,.F.,.F.,.F.,(4,4),(2,2),(0.,0.115642845096889),
(-0.539084248761486,0.3),.UNSPECIFIED.);
#34=B_SPLINE_SURFACE_WITH_KNOTS('',3,1,((#5077,#5078),(#5079,#5080),(#5081,
#5082),(#5083,#5084)),.UNSPECIFIED.,.F.,.F.,.F.,(4,4),(2,2),(0.,0.115641046845084),
(-0.539084248761486,0.3),.UNSPECIFIED.);
#35=B_SPLINE_SURFACE_WITH_KNOTS('',3,1,((#5088,#5089),(#5090,#5091),(#5092,
#5093),(#5094,#5095)),.UNSPECIFIED.,.F.,.F.,.F.,(4,4),(2,2),(0.,0.0768008431766674),
(-0.521382166367055,0.3),.UNSPECIFIED.);
#36=B_SPLINE_SURFACE_WITH_KNOTS('',3,1,((#5099,#5100),(#5101,#5102),(#5103,
#5104),(#5105,#5106)),.UNSPECIFIED.,.F.,.F.,.F.,(4,4),(2,2),(-0.0768008431766674,
0.),(-0.521382166367055,0.3),.UNSPECIFIED.);
#37=B_SPLINE_SURFACE_WITH_KNOTS('',3,1,((#5110,#5111),(#5112,#5113),(#5114,
#5115),(#5116,#5117)),.UNSPECIFIED.,.F.,.F.,.F.,(4,4),(2,2),(-0.115641046845084,
0.),(-0.539084248761487,0.3),.UNSPECIFIED.);
#38=CYLINDRICAL_SURFACE('',#3396,2.25);
#39=CYLINDRICAL_SURFACE('',#3397,2.25);
#40=CYLINDRICAL_SURFACE('',#3399,2.25);
#41=CYLINDRICAL_SURFACE('',#3400,2.25);
#42=CYLINDRICAL_SURFACE('',#3402,0.999999999999999);
#43=CYLINDRICAL_SURFACE('',#3404,0.999999999999999);
#44=CYLINDRICAL_SURFACE('',#3406,2.25);
#45=CYLINDRICAL_SURFACE('',#3407,2.25);
#46=CYLINDRICAL_SURFACE('',#3411,1.);
#47=CYLINDRICAL_SURFACE('',#3414,11.6499999999999);
#48=CYLINDRICAL_SURFACE('',#3419,11.6499999999999);
#49=CYLINDRICAL_SURFACE('',#3422,11.6499999999999);
#50=CYLINDRICAL_SURFACE('',#3425,11.6499999999999);
#51=CYLINDRICAL_SURFACE('',#3428,11.6500000000001);
#52=CYLINDRICAL_SURFACE('',#3453,11.6500000000001);
#53=CYLINDRICAL_SURFACE('',#3455,11.6500000000001);
#54=CYLINDRICAL_SURFACE('',#3457,0.999999999999982);
#55=CYLINDRICAL_SURFACE('',#3459,11.6499999999999);
#56=CYLINDRICAL_SURFACE('',#3473,11.6500000000002);
#57=CYLINDRICAL_SURFACE('',#3474,11.6500000000002);
#58=CYLINDRICAL_SURFACE('',#3475,11.6500000000002);
#59=CYLINDRICAL_SURFACE('',#3476,11.6500000000001);
#60=CYLINDRICAL_SURFACE('',#3577,2.75);
#61=CYLINDRICAL_SURFACE('',#3578,2.75);
#62=ELLIPSE('',#3395,3.86370330515628,1.);
#63=ELLIPSE('',#3409,3.8637033051562,0.999999999999982);
#64=ELLIPSE('',#3413,1.10337791896249,1.);
#65=ELLIPSE('',#3415,12.8543527559129,11.6499999999999);
#66=ELLIPSE('',#3416,12.8543527559129,11.6499999999999);
#67=ELLIPSE('',#3420,12.8543527559129,11.6499999999999);
#68=ELLIPSE('',#3423,12.8543527559129,11.6499999999999);
#69=ELLIPSE('',#3426,12.8543527559129,11.6499999999999);
#70=ELLIPSE('',#3429,12.8543527559132,11.6500000000001);
#71=ELLIPSE('',#3438,12.8543527559129,11.6499999999999);
#72=ELLIPSE('',#3439,1.10337791896247,0.999999999999982);
#73=ELLIPSE('',#3447,12.8543527559132,11.6500000000001);
#74=ELLIPSE('',#3448,12.8543527559132,11.6500000000001);
#75=ELLIPSE('',#3449,12.8543527559132,11.6500000000002);
#76=ELLIPSE('',#3450,12.8543527559132,11.6500000000002);
#77=ELLIPSE('',#3451,12.8543527559133,11.6500000000002);
#78=ELLIPSE('',#3452,12.8543527559132,11.6500000000001);
#79=ELLIPSE('',#3460,12.8543527559129,11.6499999999999);
#80=PLANE('',#3394);
#81=PLANE('',#3408);
#82=PLANE('',#3410);
#83=PLANE('',#3418);
#84=PLANE('',#3431);
#85=PLANE('',#3432);
#86=PLANE('',#3433);
#87=PLANE('',#3434);
#88=PLANE('',#3435);
#89=PLANE('',#3436);
#90=PLANE('',#3437);
#91=PLANE('',#3440);
#92=PLANE('',#3441);
#93=PLANE('',#3442);
#94=PLANE('',#3443);
#95=PLANE('',#3444);
#96=PLANE('',#3445);
#97=PLANE('',#3446);
#98=PLANE('',#3462);
#99=PLANE('',#3463);
#100=PLANE('',#3464);
#101=PLANE('',#3465);
#102=PLANE('',#3466);
#103=PLANE('',#3467);
#104=PLANE('',#3472);
#105=PLANE('',#3477);
#106=PLANE('',#3478);
#107=PLANE('',#3479);
#108=PLANE('',#3480);
#109=PLANE('',#3481);
#110=PLANE('',#3482);
#111=PLANE('',#3485);
#112=PLANE('',#3486);
#113=PLANE('',#3487);
#114=PLANE('',#3488);
#115=PLANE('',#3489);
#116=PLANE('',#3490);
#117=PLANE('',#3491);
#118=PLANE('',#3492);
#119=PLANE('',#3493);
#120=PLANE('',#3496);
#121=PLANE('',#3497);
#122=PLANE('',#3498);
#123=PLANE('',#3499);
#124=PLANE('',#3500);
#125=PLANE('',#3501);
#126=PLANE('',#3502);
#127=PLANE('',#3503);
#128=PLANE('',#3504);
#129=PLANE('',#3505);
#130=PLANE('',#3506);
#131=PLANE('',#3507);
#132=PLANE('',#3508);
#133=PLANE('',#3509);
#134=PLANE('',#3510);
#135=PLANE('',#3511);
#136=PLANE('',#3512);
#137=PLANE('',#3513);
#138=PLANE('',#3514);
#139=PLANE('',#3515);
#140=PLANE('',#3516);
#141=PLANE('',#3517);
#142=PLANE('',#3518);
#143=PLANE('',#3519);
#144=PLANE('',#3520);
#145=PLANE('',#3521);
#146=PLANE('',#3522);
#147=PLANE('',#3523);
#148=PLANE('',#3524);
#149=PLANE('',#3525);
#150=PLANE('',#3526);
#151=PLANE('',#3527);
#152=PLANE('',#3528);
#153=PLANE('',#3529);
#154=PLANE('',#3530);
#155=PLANE('',#3531);
#156=PLANE('',#3532);
#157=PLANE('',#3533);
#158=PLANE('',#3534);
#159=PLANE('',#3535);
#160=PLANE('',#3536);
#161=PLANE('',#3537);
#162=PLANE('',#3538);
#163=PLANE('',#3539);
#164=PLANE('',#3540);
#165=PLANE('',#3541);
#166=PLANE('',#3542);
#167=PLANE('',#3543);
#168=PLANE('',#3544);
#169=PLANE('',#3545);
#170=PLANE('',#3546);
#171=PLANE('',#3547);
#172=PLANE('',#3548);
#173=PLANE('',#3549);
#174=PLANE('',#3550);
#175=PLANE('',#3551);
#176=PLANE('',#3552);
#177=PLANE('',#3553);
#178=PLANE('',#3554);
#179=PLANE('',#3555);
#180=PLANE('',#3556);
#181=PLANE('',#3557);
#182=PLANE('',#3558);
#183=PLANE('',#3559);
#184=PLANE('',#3560);
#185=PLANE('',#3561);
#186=PLANE('',#3562);
#187=PLANE('',#3563);
#188=PLANE('',#3564);
#189=PLANE('',#3565);
#190=PLANE('',#3566);
#191=PLANE('',#3567);
#192=PLANE('',#3568);
#193=PLANE('',#3569);
#194=PLANE('',#3570);
#195=PLANE('',#3571);
#196=PLANE('',#3572);
#197=PLANE('',#3573);
#198=PLANE('',#3574);
#199=PLANE('',#3575);
#200=PLANE('',#3576);
#201=PLANE('',#3579);
#202=PLANE('',#3580);
#203=PLANE('',#3581);
#204=PLANE('',#3582);
#205=PLANE('',#3583);
#206=PLANE('',#3584);
#207=PLANE('',#3585);
#208=PLANE('',#3586);
#209=PLANE('',#3587);
#210=FACE_OUTER_BOUND('',#374,.T.);
#211=FACE_OUTER_BOUND('',#375,.T.);
#212=FACE_OUTER_BOUND('',#376,.T.);
#213=FACE_OUTER_BOUND('',#377,.T.);
#214=FACE_OUTER_BOUND('',#378,.T.);
#215=FACE_OUTER_BOUND('',#379,.T.);
#216=FACE_OUTER_BOUND('',#380,.T.);
#217=FACE_OUTER_BOUND('',#381,.T.);
#218=FACE_OUTER_BOUND('',#382,.T.);
#219=FACE_OUTER_BOUND('',#383,.T.);
#220=FACE_OUTER_BOUND('',#384,.T.);
#221=FACE_OUTER_BOUND('',#385,.T.);
#222=FACE_OUTER_BOUND('',#386,.T.);
#223=FACE_OUTER_BOUND('',#387,.T.);
#224=FACE_OUTER_BOUND('',#388,.T.);
#225=FACE_OUTER_BOUND('',#389,.T.);
#226=FACE_OUTER_BOUND('',#390,.T.);
#227=FACE_OUTER_BOUND('',#391,.T.);
#228=FACE_OUTER_BOUND('',#392,.T.);
#229=FACE_OUTER_BOUND('',#393,.T.);
#230=FACE_OUTER_BOUND('',#394,.T.);
#231=FACE_OUTER_BOUND('',#395,.T.);
#232=FACE_OUTER_BOUND('',#396,.T.);
#233=FACE_OUTER_BOUND('',#397,.T.);
#234=FACE_OUTER_BOUND('',#398,.T.);
#235=FACE_OUTER_BOUND('',#400,.T.);
#236=FACE_OUTER_BOUND('',#402,.T.);
#237=FACE_OUTER_BOUND('',#403,.T.);
#238=FACE_OUTER_BOUND('',#404,.T.);
#239=FACE_OUTER_BOUND('',#405,.T.);
#240=FACE_OUTER_BOUND('',#406,.T.);
#241=FACE_OUTER_BOUND('',#407,.T.);
#242=FACE_OUTER_BOUND('',#408,.T.);
#243=FACE_OUTER_BOUND('',#409,.T.);
#244=FACE_OUTER_BOUND('',#410,.T.);
#245=FACE_OUTER_BOUND('',#411,.T.);
#246=FACE_OUTER_BOUND('',#412,.T.);
#247=FACE_OUTER_BOUND('',#413,.T.);
#248=FACE_OUTER_BOUND('',#414,.T.);
#249=FACE_OUTER_BOUND('',#415,.T.);
#250=FACE_OUTER_BOUND('',#416,.T.);
#251=FACE_OUTER_BOUND('',#417,.T.);
#252=FACE_OUTER_BOUND('',#418,.T.);
#253=FACE_OUTER_BOUND('',#419,.T.);
#254=FACE_OUTER_BOUND('',#420,.T.);
#255=FACE_OUTER_BOUND('',#421,.T.);
#256=FACE_OUTER_BOUND('',#422,.T.);
#257=FACE_OUTER_BOUND('',#423,.T.);
#258=FACE_OUTER_BOUND('',#425,.T.);
#259=FACE_OUTER_BOUND('',#426,.T.);
#260=FACE_OUTER_BOUND('',#427,.T.);
#261=FACE_OUTER_BOUND('',#428,.T.);
#262=FACE_OUTER_BOUND('',#429,.T.);
#263=FACE_OUTER_BOUND('',#430,.T.);
#264=FACE_OUTER_BOUND('',#431,.T.);
#265=FACE_OUTER_BOUND('',#432,.T.);
#266=FACE_OUTER_BOUND('',#433,.T.);
#267=FACE_OUTER_BOUND('',#434,.T.);
#268=FACE_OUTER_BOUND('',#435,.T.);
#269=FACE_OUTER_BOUND('',#436,.T.);
#270=FACE_OUTER_BOUND('',#437,.T.);
#271=FACE_OUTER_BOUND('',#438,.T.);
#272=FACE_OUTER_BOUND('',#439,.T.);
#273=FACE_OUTER_BOUND('',#442,.T.);
#274=FACE_OUTER_BOUND('',#443,.T.);
#275=FACE_OUTER_BOUND('',#444,.T.);
#276=FACE_OUTER_BOUND('',#445,.T.);
#277=FACE_OUTER_BOUND('',#446,.T.);
#278=FACE_OUTER_BOUND('',#447,.T.);
#279=FACE_OUTER_BOUND('',#448,.T.);
#280=FACE_OUTER_BOUND('',#449,.T.);
#281=FACE_OUTER_BOUND('',#450,.T.);
#282=FACE_OUTER_BOUND('',#453,.T.);
#283=FACE_OUTER_BOUND('',#454,.T.);
#284=FACE_OUTER_BOUND('',#457,.T.);
#285=FACE_OUTER_BOUND('',#458,.T.);
#286=FACE_OUTER_BOUND('',#459,.T.);
#287=FACE_OUTER_BOUND('',#460,.T.);
#288=FACE_OUTER_BOUND('',#461,.T.);
#289=FACE_OUTER_BOUND('',#462,.T.);
#290=FACE_OUTER_BOUND('',#463,.T.);
#291=FACE_OUTER_BOUND('',#464,.T.);
#292=FACE_OUTER_BOUND('',#465,.T.);
#293=FACE_OUTER_BOUND('',#466,.T.);
#294=FACE_OUTER_BOUND('',#467,.T.);
#295=FACE_OUTER_BOUND('',#468,.T.);
#296=FACE_OUTER_BOUND('',#469,.T.);
#297=FACE_OUTER_BOUND('',#470,.T.);
#298=FACE_OUTER_BOUND('',#471,.T.);
#299=FACE_OUTER_BOUND('',#472,.T.);
#300=FACE_OUTER_BOUND('',#473,.T.);
#301=FACE_OUTER_BOUND('',#474,.T.);
#302=FACE_OUTER_BOUND('',#475,.T.);
#303=FACE_OUTER_BOUND('',#476,.T.);
#304=FACE_OUTER_BOUND('',#477,.T.);
#305=FACE_OUTER_BOUND('',#478,.T.);
#306=FACE_OUTER_BOUND('',#479,.T.);
#307=FACE_OUTER_BOUND('',#480,.T.);
#308=FACE_OUTER_BOUND('',#481,.T.);
#309=FACE_OUTER_BOUND('',#482,.T.);
#310=FACE_OUTER_BOUND('',#483,.T.);
#311=FACE_OUTER_BOUND('',#484,.T.);
#312=FACE_OUTER_BOUND('',#485,.T.);
#313=FACE_OUTER_BOUND('',#486,.T.);
#314=FACE_OUTER_BOUND('',#487,.T.);
#315=FACE_OUTER_BOUND('',#488,.T.);
#316=FACE_OUTER_BOUND('',#489,.T.);
#317=FACE_OUTER_BOUND('',#490,.T.);
#318=FACE_OUTER_BOUND('',#491,.T.);
#319=FACE_OUTER_BOUND('',#492,.T.);
#320=FACE_OUTER_BOUND('',#493,.T.);
#321=FACE_OUTER_BOUND('',#494,.T.);
#322=FACE_OUTER_BOUND('',#495,.T.);
#323=FACE_OUTER_BOUND('',#497,.T.);
#324=FACE_OUTER_BOUND('',#498,.T.);
#325=FACE_OUTER_BOUND('',#499,.T.);
#326=FACE_OUTER_BOUND('',#500,.T.);
#327=FACE_OUTER_BOUND('',#501,.T.);
#328=FACE_OUTER_BOUND('',#502,.T.);
#329=FACE_OUTER_BOUND('',#503,.T.);
#330=FACE_OUTER_BOUND('',#504,.T.);
#331=FACE_OUTER_BOUND('',#505,.T.);
#332=FACE_OUTER_BOUND('',#506,.T.);
#333=FACE_OUTER_BOUND('',#507,.T.);
#334=FACE_OUTER_BOUND('',#508,.T.);
#335=FACE_OUTER_BOUND('',#509,.T.);
#336=FACE_OUTER_BOUND('',#510,.T.);
#337=FACE_OUTER_BOUND('',#511,.T.);
#338=FACE_OUTER_BOUND('',#512,.T.);
#339=FACE_OUTER_BOUND('',#513,.T.);
#340=FACE_OUTER_BOUND('',#514,.T.);
#341=FACE_OUTER_BOUND('',#515,.T.);
#342=FACE_OUTER_BOUND('',#516,.T.);
#343=FACE_OUTER_BOUND('',#517,.T.);
#344=FACE_OUTER_BOUND('',#518,.T.);
#345=FACE_OUTER_BOUND('',#520,.T.);
#346=FACE_OUTER_BOUND('',#521,.T.);
#347=FACE_OUTER_BOUND('',#522,.T.);
#348=FACE_OUTER_BOUND('',#523,.T.);
#349=FACE_OUTER_BOUND('',#524,.T.);
#350=FACE_OUTER_BOUND('',#525,.T.);
#351=FACE_OUTER_BOUND('',#526,.T.);
#352=FACE_OUTER_BOUND('',#527,.T.);
#353=FACE_OUTER_BOUND('',#528,.T.);
#354=FACE_OUTER_BOUND('',#529,.T.);
#355=FACE_OUTER_BOUND('',#530,.T.);
#356=FACE_OUTER_BOUND('',#531,.T.);
#357=FACE_OUTER_BOUND('',#532,.T.);
#358=FACE_OUTER_BOUND('',#533,.T.);
#359=FACE_OUTER_BOUND('',#534,.T.);
#360=FACE_OUTER_BOUND('',#535,.T.);
#361=FACE_OUTER_BOUND('',#536,.T.);
#362=FACE_OUTER_BOUND('',#537,.T.);
#363=FACE_OUTER_BOUND('',#540,.T.);
#364=FACE_OUTER_BOUND('',#542,.T.);
#365=FACE_OUTER_BOUND('',#544,.T.);
#366=FACE_OUTER_BOUND('',#545,.T.);
#367=FACE_OUTER_BOUND('',#546,.T.);
#368=FACE_OUTER_BOUND('',#547,.T.);
#369=FACE_OUTER_BOUND('',#548,.T.);
#370=FACE_OUTER_BOUND('',#549,.T.);
#371=FACE_OUTER_BOUND('',#550,.T.);
#372=FACE_OUTER_BOUND('',#551,.T.);
#373=FACE_OUTER_BOUND('',#552,.T.);
#374=EDGE_LOOP('',(#2234,#2235,#2236,#2237,#2238,#2239,#2240,#2241));
#375=EDGE_LOOP('',(#2242,#2243,#2244,#2245,#2246,#2247,#2248,#2249,#2250,
#2251));
#376=EDGE_LOOP('',(#2252,#2253,#2254,#2255));
#377=EDGE_LOOP('',(#2256,#2257,#2258));
#378=EDGE_LOOP('',(#2259,#2260,#2261,#2262,#2263,#2264,#2265));
#379=EDGE_LOOP('',(#2266,#2267));
#380=EDGE_LOOP('',(#2268,#2269,#2270,#2271,#2272));
#381=EDGE_LOOP('',(#2273,#2274,#2275,#2276));
#382=EDGE_LOOP('',(#2277,#2278,#2279,#2280));
#383=EDGE_LOOP('',(#2281,#2282));
#384=EDGE_LOOP('',(#2283,#2284,#2285));
#385=EDGE_LOOP('',(#2286,#2287,#2288,#2289));
#386=EDGE_LOOP('',(#2290,#2291,#2292,#2293));
#387=EDGE_LOOP('',(#2294,#2295,#2296,#2297,#2298));
#388=EDGE_LOOP('',(#2299,#2300,#2301,#2302,#2303));
#389=EDGE_LOOP('',(#2304,#2305,#2306,#2307,#2308));
#390=EDGE_LOOP('',(#2309,#2310,#2311,#2312));
#391=EDGE_LOOP('',(#2313,#2314,#2315,#2316));
#392=EDGE_LOOP('',(#2317,#2318,#2319,#2320));
#393=EDGE_LOOP('',(#2321,#2322,#2323,#2324));
#394=EDGE_LOOP('',(#2325,#2326,#2327,#2328));
#395=EDGE_LOOP('',(#2329,#2330,#2331,#2332));
#396=EDGE_LOOP('',(#2333,#2334,#2335,#2336));
#397=EDGE_LOOP('',(#2337,#2338,#2339,#2340));
#398=EDGE_LOOP('',(#2341,#2342,#2343,#2344,#2345,#2346,#2347,#2348));
#399=EDGE_LOOP('',(#2349));
#400=EDGE_LOOP('',(#2350,#2351,#2352,#2353,#2354,#2355,#2356,#2357));
#401=EDGE_LOOP('',(#2358));
#402=EDGE_LOOP('',(#2359,#2360,#2361,#2362));
#403=EDGE_LOOP('',(#2363,#2364,#2365,#2366));
#404=EDGE_LOOP('',(#2367,#2368,#2369,#2370,#2371));
#405=EDGE_LOOP('',(#2372,#2373,#2374,#2375));
#406=EDGE_LOOP('',(#2376,#2377,#2378,#2379,#2380,#2381,#2382,#2383));
#407=EDGE_LOOP('',(#2384,#2385,#2386,#2387,#2388));
#408=EDGE_LOOP('',(#2389,#2390,#2391,#2392,#2393,#2394,#2395,#2396));
#409=EDGE_LOOP('',(#2397,#2398,#2399,#2400));
#410=EDGE_LOOP('',(#2401,#2402,#2403,#2404));
#411=EDGE_LOOP('',(#2405,#2406,#2407,#2408));
#412=EDGE_LOOP('',(#2409,#2410,#2411,#2412));
#413=EDGE_LOOP('',(#2413,#2414,#2415,#2416,#2417,#2418,#2419,#2420,#2421,
#2422,#2423,#2424,#2425,#2426,#2427,#2428,#2429,#2430,#2431,#2432,#2433,
#2434,#2435,#2436));
#414=EDGE_LOOP('',(#2437,#2438,#2439,#2440));
#415=EDGE_LOOP('',(#2441,#2442,#2443,#2444));
#416=EDGE_LOOP('',(#2445,#2446,#2447,#2448,#2449));
#417=EDGE_LOOP('',(#2450,#2451,#2452,#2453,#2454));
#418=EDGE_LOOP('',(#2455,#2456,#2457,#2458));
#419=EDGE_LOOP('',(#2459,#2460,#2461,#2462));
#420=EDGE_LOOP('',(#2463,#2464,#2465,#2466));
#421=EDGE_LOOP('',(#2467,#2468,#2469));
#422=EDGE_LOOP('',(#2470,#2471,#2472,#2473,#2474));
#423=EDGE_LOOP('',(#2475,#2476,#2477,#2478,#2479,#2480,#2481,#2482,#2483,
#2484,#2485,#2486,#2487,#2488,#2489,#2490));
#424=EDGE_LOOP('',(#2491,#2492,#2493,#2494,#2495,#2496,#2497,#2498,#2499,
#2500,#2501,#2502,#2503,#2504,#2505,#2506,#2507,#2508,#2509,#2510,#2511,
#2512,#2513,#2514,#2515,#2516,#2517,#2518,#2519,#2520,#2521,#2522));
#425=EDGE_LOOP('',(#2523,#2524,#2525));
#426=EDGE_LOOP('',(#2526,#2527,#2528,#2529));
#427=EDGE_LOOP('',(#2530,#2531,#2532,#2533));
#428=EDGE_LOOP('',(#2534,#2535,#2536,#2537));
#429=EDGE_LOOP('',(#2538,#2539,#2540,#2541));
#430=EDGE_LOOP('',(#2542,#2543,#2544,#2545));
#431=EDGE_LOOP('',(#2546,#2547,#2548,#2549));
#432=EDGE_LOOP('',(#2550,#2551,#2552,#2553));
#433=EDGE_LOOP('',(#2554,#2555,#2556,#2557));
#434=EDGE_LOOP('',(#2558,#2559,#2560,#2561,#2562));
#435=EDGE_LOOP('',(#2563,#2564,#2565,#2566,#2567,#2568,#2569,#2570,#2571,
#2572,#2573,#2574,#2575,#2576,#2577));
#436=EDGE_LOOP('',(#2578,#2579,#2580,#2581));
#437=EDGE_LOOP('',(#2582,#2583,#2584,#2585));
#438=EDGE_LOOP('',(#2586,#2587,#2588,#2589,#2590,#2591,#2592));
#439=EDGE_LOOP('',(#2593,#2594,#2595,#2596,#2597,#2598,#2599,#2600,#2601,
#2602,#2603,#2604,#2605,#2606,#2607,#2608,#2609,#2610,#2611));
#440=EDGE_LOOP('',(#2612));
#441=EDGE_LOOP('',(#2613));
#442=EDGE_LOOP('',(#2614,#2615,#2616,#2617,#2618));
#443=EDGE_LOOP('',(#2619,#2620,#2621,#2622,#2623,#2624,#2625));
#444=EDGE_LOOP('',(#2626,#2627,#2628,#2629));
#445=EDGE_LOOP('',(#2630,#2631,#2632,#2633));
#446=EDGE_LOOP('',(#2634,#2635,#2636,#2637,#2638,#2639,#2640,#2641));
#447=EDGE_LOOP('',(#2642,#2643,#2644,#2645));
#448=EDGE_LOOP('',(#2646,#2647,#2648,#2649));
#449=EDGE_LOOP('',(#2650,#2651,#2652,#2653));
#450=EDGE_LOOP('',(#2654,#2655,#2656,#2657,#2658,#2659,#2660,#2661,#2662,
#2663,#2664,#2665,#2666,#2667,#2668,#2669,#2670,#2671,#2672,#2673,#2674,
#2675));
#451=EDGE_LOOP('',(#2676));
#452=EDGE_LOOP('',(#2677));
#453=EDGE_LOOP('',(#2678,#2679,#2680,#2681,#2682,#2683,#2684,#2685));
#454=EDGE_LOOP('',(#2686,#2687,#2688,#2689,#2690,#2691,#2692,#2693,#2694,
#2695,#2696,#2697));
#455=EDGE_LOOP('',(#2698));
#456=EDGE_LOOP('',(#2699,#2700,#2701,#2702,#2703,#2704,#2705,#2706,#2707,
#2708,#2709,#2710));
#457=EDGE_LOOP('',(#2711,#2712,#2713,#2714,#2715,#2716,#2717,#2718));
#458=EDGE_LOOP('',(#2719,#2720,#2721,#2722));
#459=EDGE_LOOP('',(#2723,#2724,#2725,#2726));
#460=EDGE_LOOP('',(#2727,#2728,#2729,#2730,#2731,#2732,#2733,#2734));
#461=EDGE_LOOP('',(#2735,#2736,#2737,#2738));
#462=EDGE_LOOP('',(#2739,#2740,#2741,#2742));
#463=EDGE_LOOP('',(#2743,#2744,#2745,#2746));
#464=EDGE_LOOP('',(#2747,#2748,#2749,#2750,#2751,#2752));
#465=EDGE_LOOP('',(#2753,#2754,#2755,#2756));
#466=EDGE_LOOP('',(#2757,#2758,#2759,#2760,#2761,#2762));
#467=EDGE_LOOP('',(#2763,#2764,#2765,#2766));
#468=EDGE_LOOP('',(#2767,#2768,#2769,#2770));
#469=EDGE_LOOP('',(#2771,#2772,#2773,#2774));
#470=EDGE_LOOP('',(#2775,#2776,#2777,#2778));
#471=EDGE_LOOP('',(#2779,#2780,#2781,#2782));
#472=EDGE_LOOP('',(#2783,#2784,#2785,#2786,#2787,#2788,#2789,#2790,#2791));
#473=EDGE_LOOP('',(#2792,#2793,#2794,#2795,#2796,#2797,#2798,#2799,#2800,
#2801,#2802));
#474=EDGE_LOOP('',(#2803,#2804,#2805,#2806,#2807,#2808));
#475=EDGE_LOOP('',(#2809,#2810,#2811,#2812,#2813));
#476=EDGE_LOOP('',(#2814,#2815,#2816,#2817));
#477=EDGE_LOOP('',(#2818,#2819,#2820,#2821,#2822));
#478=EDGE_LOOP('',(#2823,#2824,#2825,#2826,#2827,#2828));
#479=EDGE_LOOP('',(#2829,#2830,#2831,#2832));
#480=EDGE_LOOP('',(#2833,#2834,#2835,#2836));
#481=EDGE_LOOP('',(#2837,#2838,#2839,#2840));
#482=EDGE_LOOP('',(#2841,#2842,#2843));
#483=EDGE_LOOP('',(#2844,#2845,#2846,#2847));
#484=EDGE_LOOP('',(#2848,#2849,#2850,#2851));
#485=EDGE_LOOP('',(#2852,#2853,#2854,#2855,#2856));
#486=EDGE_LOOP('',(#2857,#2858,#2859,#2860,#2861));
#487=EDGE_LOOP('',(#2862,#2863,#2864,#2865));
#488=EDGE_LOOP('',(#2866,#2867,#2868,#2869));
#489=EDGE_LOOP('',(#2870,#2871,#2872,#2873,#2874));
#490=EDGE_LOOP('',(#2875,#2876,#2877));
#491=EDGE_LOOP('',(#2878,#2879,#2880,#2881,#2882));
#492=EDGE_LOOP('',(#2883,#2884,#2885,#2886));
#493=EDGE_LOOP('',(#2887,#2888,#2889,#2890,#2891));
#494=EDGE_LOOP('',(#2892,#2893,#2894,#2895,#2896));
#495=EDGE_LOOP('',(#2897,#2898,#2899,#2900,#2901,#2902,#2903,#2904,#2905,
#2906,#2907));
#496=EDGE_LOOP('',(#2908,#2909,#2910,#2911,#2912,#2913,#2914));
#497=EDGE_LOOP('',(#2915,#2916,#2917,#2918,#2919,#2920));
#498=EDGE_LOOP('',(#2921,#2922,#2923,#2924,#2925));
#499=EDGE_LOOP('',(#2926,#2927,#2928,#2929));
#500=EDGE_LOOP('',(#2930,#2931,#2932,#2933,#2934));
#501=EDGE_LOOP('',(#2935,#2936,#2937,#2938,#2939,#2940));
#502=EDGE_LOOP('',(#2941,#2942,#2943,#2944));
#503=EDGE_LOOP('',(#2945,#2946,#2947,#2948));
#504=EDGE_LOOP('',(#2949,#2950,#2951,#2952));
#505=EDGE_LOOP('',(#2953,#2954,#2955));
#506=EDGE_LOOP('',(#2956,#2957,#2958,#2959));
#507=EDGE_LOOP('',(#2960,#2961,#2962,#2963));
#508=EDGE_LOOP('',(#2964,#2965,#2966,#2967,#2968));
#509=EDGE_LOOP('',(#2969,#2970,#2971,#2972,#2973));
#510=EDGE_LOOP('',(#2974,#2975,#2976,#2977));
#511=EDGE_LOOP('',(#2978,#2979,#2980,#2981));
#512=EDGE_LOOP('',(#2982,#2983,#2984,#2985,#2986));
#513=EDGE_LOOP('',(#2987,#2988,#2989));
#514=EDGE_LOOP('',(#2990,#2991,#2992,#2993,#2994));
#515=EDGE_LOOP('',(#2995,#2996,#2997,#2998));
#516=EDGE_LOOP('',(#2999,#3000,#3001,#3002,#3003));
#517=EDGE_LOOP('',(#3004,#3005,#3006,#3007,#3008));
#518=EDGE_LOOP('',(#3009,#3010,#3011,#3012,#3013,#3014,#3015,#3016,#3017,
#3018,#3019));
#519=EDGE_LOOP('',(#3020,#3021,#3022,#3023,#3024,#3025,#3026));
#520=EDGE_LOOP('',(#3027,#3028,#3029,#3030,#3031));
#521=EDGE_LOOP('',(#3032,#3033,#3034,#3035));
#522=EDGE_LOOP('',(#3036,#3037,#3038,#3039));
#523=EDGE_LOOP('',(#3040,#3041,#3042,#3043,#3044,#3045));
#524=EDGE_LOOP('',(#3046,#3047,#3048,#3049,#3050,#3051));
#525=EDGE_LOOP('',(#3052,#3053,#3054,#3055,#3056,#3057,#3058,#3059,#3060,
#3061,#3062));
#526=EDGE_LOOP('',(#3063,#3064,#3065,#3066,#3067));
#527=EDGE_LOOP('',(#3068,#3069,#3070,#3071,#3072,#3073));
#528=EDGE_LOOP('',(#3074,#3075,#3076,#3077));
#529=EDGE_LOOP('',(#3078,#3079,#3080,#3081));
#530=EDGE_LOOP('',(#3082,#3083,#3084,#3085,#3086,#3087,#3088,#3089));
#531=EDGE_LOOP('',(#3090,#3091,#3092,#3093));
#532=EDGE_LOOP('',(#3094,#3095,#3096));
#533=EDGE_LOOP('',(#3097,#3098,#3099));
#534=EDGE_LOOP('',(#3100,#3101,#3102));
#535=EDGE_LOOP('',(#3103,#3104,#3105,#3106));
#536=EDGE_LOOP('',(#3107,#3108,#3109));
#537=EDGE_LOOP('',(#3110,#3111,#3112,#3113,#3114,#3115,#3116,#3117,#3118,
#3119,#3120,#3121));
#538=EDGE_LOOP('',(#3122));
#539=EDGE_LOOP('',(#3123,#3124,#3125,#3126,#3127,#3128,#3129,#3130,#3131,
#3132,#3133,#3134));
#540=EDGE_LOOP('',(#3135,#3136,#3137,#3138,#3139,#3140,#3141,#3142,#3143,
#3144));
#541=EDGE_LOOP('',(#3145,#3146,#3147,#3148));
#542=EDGE_LOOP('',(#3149,#3150,#3151,#3152,#3153,#3154,#3155,#3156,#3157,
#3158,#3159,#3160));
#543=EDGE_LOOP('',(#3161,#3162));
#544=EDGE_LOOP('',(#3163,#3164,#3165,#3166));
#545=EDGE_LOOP('',(#3167,#3168,#3169,#3170));
#546=EDGE_LOOP('',(#3171,#3172,#3173,#3174,#3175));
#547=EDGE_LOOP('',(#3176,#3177,#3178,#3179,#3180));
#548=EDGE_LOOP('',(#3181,#3182,#3183,#3184));
#549=EDGE_LOOP('',(#3185,#3186,#3187,#3188));
#550=EDGE_LOOP('',(#3189,#3190,#3191,#3192));
#551=EDGE_LOOP('',(#3193,#3194,#3195,#3196));
#552=EDGE_LOOP('',(#3197,#3198,#3199,#3200,#3201,#3202,#3203));
#553=LINE('',#4429,#958);
#554=LINE('',#4436,#959);
#555=LINE('',#4473,#960);
#556=LINE('',#4475,#961);
#557=LINE('',#4477,#962);
#558=LINE('',#4542,#963);
#559=LINE('',#4626,#964);
#560=LINE('',#4631,#965);
#561=LINE('',#4635,#966);
#562=LINE('',#4678,#967);
#563=LINE('',#4682,#968);
#564=LINE('',#4683,#969);
#565=LINE('',#4686,#970);
#566=LINE('',#4688,#971);
#567=LINE('',#4689,#972);
#568=LINE('',#4694,#973);
#569=LINE('',#4699,#974);
#570=LINE('',#4707,#975);
#571=LINE('',#4708,#976);
#572=LINE('',#4710,#977);
#573=LINE('',#4711,#978);
#574=LINE('',#4722,#979);
#575=LINE('',#4736,#980);
#576=LINE('',#4749,#981);
#577=LINE('',#4763,#982);
#578=LINE('',#4776,#983);
#579=LINE('',#4790,#984);
#580=LINE('',#4803,#985);
#581=LINE('',#4819,#986);
#582=LINE('',#4822,#987);
#583=LINE('',#4826,#988);
#584=LINE('',#4828,#989);
#585=LINE('',#4830,#990);
#586=LINE('',#4832,#991);
#587=LINE('',#4834,#992);
#588=LINE('',#4836,#993);
#589=LINE('',#4838,#994);
#590=LINE('',#4839,#995);
#591=LINE('',#4843,#996);
#592=LINE('',#4845,#997);
#593=LINE('',#4847,#998);
#594=LINE('',#4849,#999);
#595=LINE('',#4851,#1000);
#596=LINE('',#4853,#1001);
#597=LINE('',#4855,#1002);
#598=LINE('',#4856,#1003);
#599=LINE('',#4860,#1004);
#600=LINE('',#4862,#1005);
#601=LINE('',#4864,#1006);
#602=LINE('',#4865,#1007);
#603=LINE('',#4869,#1008);
#604=LINE('',#4871,#1009);
#605=LINE('',#4873,#1010);
#606=LINE('',#4874,#1011);
#607=LINE('',#4878,#1012);
#608=LINE('',#4880,#1013);
#609=LINE('',#4881,#1014);
#610=LINE('',#4882,#1015);
#611=LINE('',#4885,#1016);
#612=LINE('',#4886,#1017);
#613=LINE('',#4889,#1018);
#614=LINE('',#4893,#1019);
#615=LINE('',#4896,#1020);
#616=LINE('',#4898,#1021);
#617=LINE('',#4900,#1022);
#618=LINE('',#4901,#1023);
#619=LINE('',#4903,#1024);
#620=LINE('',#4904,#1025);
#621=LINE('',#4905,#1026);
#622=LINE('',#4909,#1027);
#623=LINE('',#4911,#1028);
#624=LINE('',#4913,#1029);
#625=LINE('',#4914,#1030);
#626=LINE('',#4917,#1031);
#627=LINE('',#4919,#1032);
#628=LINE('',#4920,#1033);
#629=LINE('',#4924,#1034);
#630=LINE('',#4926,#1035);
#631=LINE('',#4928,#1036);
#632=LINE('',#4929,#1037);
#633=LINE('',#4931,#1038);
#634=LINE('',#4932,#1039);
#635=LINE('',#4973,#1040);
#636=LINE('',#4975,#1041);
#637=LINE('',#4976,#1042);
#638=LINE('',#4979,#1043);
#639=LINE('',#4985,#1044);
#640=LINE('',#4993,#1045);
#641=LINE('',#4995,#1046);
#642=LINE('',#4997,#1047);
#643=LINE('',#4998,#1048);
#644=LINE('',#5001,#1049);
#645=LINE('',#5003,#1050);
#646=LINE('',#5004,#1051);
#647=LINE('',#5007,#1052);
#648=LINE('',#5009,#1053);
#649=LINE('',#5010,#1054);
#650=LINE('',#5014,#1055);
#651=LINE('',#5016,#1056);
#652=LINE('',#5017,#1057);
#653=LINE('',#5020,#1058);
#654=LINE('',#5022,#1059);
#655=LINE('',#5024,#1060);
#656=LINE('',#5025,#1061);
#657=LINE('',#5028,#1062);
#658=LINE('',#5030,#1063);
#659=LINE('',#5032,#1064);
#660=LINE('',#5034,#1065);
#661=LINE('',#5035,#1066);
#662=LINE('',#5037,#1067);
#663=LINE('',#5039,#1068);
#664=LINE('',#5041,#1069);
#665=LINE('',#5043,#1070);
#666=LINE('',#5045,#1071);
#667=LINE('',#5046,#1072);
#668=LINE('',#5047,#1073);
#669=LINE('',#5076,#1074);
#670=LINE('',#5085,#1075);
#671=LINE('',#5087,#1076);
#672=LINE('',#5096,#1077);
#673=LINE('',#5098,#1078);
#674=LINE('',#5107,#1079);
#675=LINE('',#5109,#1080);
#676=LINE('',#5118,#1081);
#677=LINE('',#5123,#1082);
#678=LINE('',#5124,#1083);
#679=LINE('',#5128,#1084);
#680=LINE('',#5130,#1085);
#681=LINE('',#5132,#1086);
#682=LINE('',#5133,#1087);
#683=LINE('',#5136,#1088);
#684=LINE('',#5138,#1089);
#685=LINE('',#5139,#1090);
#686=LINE('',#5142,#1091);
#687=LINE('',#5144,#1092);
#688=LINE('',#5146,#1093);
#689=LINE('',#5147,#1094);
#690=LINE('',#5150,#1095);
#691=LINE('',#5152,#1096);
#692=LINE('',#5154,#1097);
#693=LINE('',#5156,#1098);
#694=LINE('',#5157,#1099);
#695=LINE('',#5158,#1100);
#696=LINE('',#5159,#1101);
#697=LINE('',#5161,#1102);
#698=LINE('',#5163,#1103);
#699=LINE('',#5165,#1104);
#700=LINE('',#5167,#1105);
#701=LINE('',#5168,#1106);
#702=LINE('',#5174,#1107);
#703=LINE('',#5177,#1108);
#704=LINE('',#5179,#1109);
#705=LINE('',#5180,#1110);
#706=LINE('',#5182,#1111);
#707=LINE('',#5184,#1112);
#708=LINE('',#5188,#1113);
#709=LINE('',#5189,#1114);
#710=LINE('',#5191,#1115);
#711=LINE('',#5193,#1116);
#712=LINE('',#5195,#1117);
#713=LINE('',#5196,#1118);
#714=LINE('',#5199,#1119);
#715=LINE('',#5201,#1120);
#716=LINE('',#5202,#1121);
#717=LINE('',#5205,#1122);
#718=LINE('',#5206,#1123);
#719=LINE('',#5209,#1124);
#720=LINE('',#5210,#1125);
#721=LINE('',#5213,#1126);
#722=LINE('',#5214,#1127);
#723=LINE('',#5216,#1128);
#724=LINE('',#5217,#1129);
#725=LINE('',#5219,#1130);
#726=LINE('',#5221,#1131);
#727=LINE('',#5223,#1132);
#728=LINE('',#5225,#1133);
#729=LINE('',#5227,#1134);
#730=LINE('',#5229,#1135);
#731=LINE('',#5231,#1136);
#732=LINE('',#5233,#1137);
#733=LINE('',#5235,#1138);
#734=LINE('',#5237,#1139);
#735=LINE('',#5239,#1140);
#736=LINE('',#5240,#1141);
#737=LINE('',#5246,#1142);
#738=LINE('',#5248,#1143);
#739=LINE('',#5249,#1144);
#740=LINE('',#5252,#1145);
#741=LINE('',#5254,#1146);
#742=LINE('',#5256,#1147);
#743=LINE('',#5258,#1148);
#744=LINE('',#5260,#1149);
#745=LINE('',#5262,#1150);
#746=LINE('',#5264,#1151);
#747=LINE('',#5266,#1152);
#748=LINE('',#5267,#1153);
#749=LINE('',#5270,#1154);
#750=LINE('',#5272,#1155);
#751=LINE('',#5274,#1156);
#752=LINE('',#5276,#1157);
#753=LINE('',#5278,#1158);
#754=LINE('',#5280,#1159);
#755=LINE('',#5282,#1160);
#756=LINE('',#5284,#1161);
#757=LINE('',#5286,#1162);
#758=LINE('',#5288,#1163);
#759=LINE('',#5290,#1164);
#760=LINE('',#5291,#1165);
#761=LINE('',#5294,#1166);
#762=LINE('',#5296,#1167);
#763=LINE('',#5298,#1168);
#764=LINE('',#5300,#1169);
#765=LINE('',#5301,#1170);
#766=LINE('',#5304,#1171);
#767=LINE('',#5306,#1172);
#768=LINE('',#5307,#1173);
#769=LINE('',#5309,#1174);
#770=LINE('',#5311,#1175);
#771=LINE('',#5313,#1176);
#772=LINE('',#5315,#1177);
#773=LINE('',#5316,#1178);
#774=LINE('',#5318,#1179);
#775=LINE('',#5320,#1180);
#776=LINE('',#5323,#1181);
#777=LINE('',#5325,#1182);
#778=LINE('',#5326,#1183);
#779=LINE('',#5328,#1184);
#780=LINE('',#5331,#1185);
#781=LINE('',#5332,#1186);
#782=LINE('',#5334,#1187);
#783=LINE('',#5338,#1188);
#784=LINE('',#5340,#1189);
#785=LINE('',#5343,#1190);
#786=LINE('',#5345,#1191);
#787=LINE('',#5346,#1192);
#788=LINE('',#5347,#1193);
#789=LINE('',#5349,#1194);
#790=LINE('',#5350,#1195);
#791=LINE('',#5353,#1196);
#792=LINE('',#5355,#1197);
#793=LINE('',#5357,#1198);
#794=LINE('',#5359,#1199);
#795=LINE('',#5361,#1200);
#796=LINE('',#5363,#1201);
#797=LINE('',#5364,#1202);
#798=LINE('',#5368,#1203);
#799=LINE('',#5370,#1204);
#800=LINE('',#5372,#1205);
#801=LINE('',#5374,#1206);
#802=LINE('',#5376,#1207);
#803=LINE('',#5377,#1208);
#804=LINE('',#5380,#1209);
#805=LINE('',#5382,#1210);
#806=LINE('',#5384,#1211);
#807=LINE('',#5385,#1212);
#808=LINE('',#5388,#1213);
#809=LINE('',#5390,#1214);
#810=LINE('',#5391,#1215);
#811=LINE('',#5394,#1216);
#812=LINE('',#5396,#1217);
#813=LINE('',#5398,#1218);
#814=LINE('',#5399,#1219);
#815=LINE('',#5402,#1220);
#816=LINE('',#5403,#1221);
#817=LINE('',#5406,#1222);
#818=LINE('',#5407,#1223);
#819=LINE('',#5409,#1224);
#820=LINE('',#5411,#1225);
#821=LINE('',#5412,#1226);
#822=LINE('',#5416,#1227);
#823=LINE('',#5418,#1228);
#824=LINE('',#5419,#1229);
#825=LINE('',#5422,#1230);
#826=LINE('',#5423,#1231);
#827=LINE('',#5426,#1232);
#828=LINE('',#5428,#1233);
#829=LINE('',#5429,#1234);
#830=LINE('',#5432,#1235);
#831=LINE('',#5433,#1236);
#832=LINE('',#5436,#1237);
#833=LINE('',#5437,#1238);
#834=LINE('',#5440,#1239);
#835=LINE('',#5441,#1240);
#836=LINE('',#5444,#1241);
#837=LINE('',#5446,#1242);
#838=LINE('',#5447,#1243);
#839=LINE('',#5449,#1244);
#840=LINE('',#5452,#1245);
#841=LINE('',#5453,#1246);
#842=LINE('',#5456,#1247);
#843=LINE('',#5457,#1248);
#844=LINE('',#5460,#1249);
#845=LINE('',#5462,#1250);
#846=LINE('',#5463,#1251);
#847=LINE('',#5465,#1252);
#848=LINE('',#5470,#1253);
#849=LINE('',#5472,#1254);
#850=LINE('',#5474,#1255);
#851=LINE('',#5476,#1256);
#852=LINE('',#5478,#1257);
#853=LINE('',#5479,#1258);
#854=LINE('',#5482,#1259);
#855=LINE('',#5484,#1260);
#856=LINE('',#5486,#1261);
#857=LINE('',#5487,#1262);
#858=LINE('',#5490,#1263);
#859=LINE('',#5492,#1264);
#860=LINE('',#5493,#1265);
#861=LINE('',#5496,#1266);
#862=LINE('',#5498,#1267);
#863=LINE('',#5500,#1268);
#864=LINE('',#5501,#1269);
#865=LINE('',#5504,#1270);
#866=LINE('',#5505,#1271);
#867=LINE('',#5508,#1272);
#868=LINE('',#5509,#1273);
#869=LINE('',#5511,#1274);
#870=LINE('',#5513,#1275);
#871=LINE('',#5514,#1276);
#872=LINE('',#5519,#1277);
#873=LINE('',#5521,#1278);
#874=LINE('',#5523,#1279);
#875=LINE('',#5524,#1280);
#876=LINE('',#5528,#1281);
#877=LINE('',#5529,#1282);
#878=LINE('',#5530,#1283);
#879=LINE('',#5534,#1284);
#880=LINE('',#5536,#1285);
#881=LINE('',#5537,#1286);
#882=LINE('',#5538,#1287);
#883=LINE('',#5542,#1288);
#884=LINE('',#5543,#1289);
#885=LINE('',#5544,#1290);
#886=LINE('',#5548,#1291);
#887=LINE('',#5549,#1292);
#888=LINE('',#5550,#1293);
#889=LINE('',#5554,#1294);
#890=LINE('',#5555,#1295);
#891=LINE('',#5556,#1296);
#892=LINE('',#5560,#1297);
#893=LINE('',#5562,#1298);
#894=LINE('',#5563,#1299);
#895=LINE('',#5564,#1300);
#896=LINE('',#5567,#1301);
#897=LINE('',#5568,#1302);
#898=LINE('',#5572,#1303);
#899=LINE('',#5573,#1304);
#900=LINE('',#5574,#1305);
#901=LINE('',#5578,#1306);
#902=LINE('',#5579,#1307);
#903=LINE('',#5580,#1308);
#904=LINE('',#5584,#1309);
#905=LINE('',#5586,#1310);
#906=LINE('',#5587,#1311);
#907=LINE('',#5588,#1312);
#908=LINE('',#5590,#1313);
#909=LINE('',#5591,#1314);
#910=LINE('',#5595,#1315);
#911=LINE('',#5600,#1316);
#912=LINE('',#5602,#1317);
#913=LINE('',#5604,#1318);
#914=LINE('',#5605,#1319);
#915=LINE('',#5606,#1320);
#916=LINE('',#5610,#1321);
#917=LINE('',#5611,#1322);
#918=LINE('',#5613,#1323);
#919=LINE('',#5615,#1324);
#920=LINE('',#5616,#1325);
#921=LINE('',#5618,#1326);
#922=LINE('',#5620,#1327);
#923=LINE('',#5621,#1328);
#924=LINE('',#5622,#1329);
#925=LINE('',#5624,#1330);
#926=LINE('',#5627,#1331);
#927=LINE('',#5629,#1332);
#928=LINE('',#5630,#1333);
#929=LINE('',#5632,#1334);
#930=LINE('',#5635,#1335);
#931=LINE('',#5636,#1336);
#932=LINE('',#5639,#1337);
#933=LINE('',#5641,#1338);
#934=LINE('',#5643,#1339);
#935=LINE('',#5644,#1340);
#936=LINE('',#5646,#1341);
#937=LINE('',#5650,#1342);
#938=LINE('',#5653,#1343);
#939=LINE('',#5654,#1344);
#940=LINE('',#5656,#1345);
#941=LINE('',#5658,#1346);
#942=LINE('',#5659,#1347);
#943=LINE('',#5661,#1348);
#944=LINE('',#5662,#1349);
#945=LINE('',#5664,#1350);
#946=LINE('',#5665,#1351);
#947=LINE('',#5670,#1352);
#948=LINE('',#5671,#1353);
#949=LINE('',#5674,#1354);
#950=LINE('',#5675,#1355);
#951=LINE('',#5678,#1356);
#952=LINE('',#5679,#1357);
#953=LINE('',#5682,#1358);
#954=LINE('',#5683,#1359);
#955=LINE('',#5686,#1360);
#956=LINE('',#5687,#1361);
#957=LINE('',#5689,#1362);
#958=VECTOR('',#3596,1.625);
#959=VECTOR('',#3605,1.625);
#960=VECTOR('',#3614,10.);
#961=VECTOR('',#3615,10.);
#962=VECTOR('',#3616,10.);
#963=VECTOR('',#3623,2.25);
#964=VECTOR('',#3630,2.25);
#965=VECTOR('',#3637,0.999999999999999);
#966=VECTOR('',#3642,0.999999999999999);
#967=VECTOR('',#3649,10.);
#968=VECTOR('',#3652,10.);
#969=VECTOR('',#3653,10.);
#970=VECTOR('',#3656,10.);
#971=VECTOR('',#3657,10.);
#972=VECTOR('',#3658,10.);
#973=VECTOR('',#3663,10.);
#974=VECTOR('',#3668,10.);
#975=VECTOR('',#3677,10.);
#976=VECTOR('',#3678,10.);
#977=VECTOR('',#3679,10.);
#978=VECTOR('',#3680,10.);
#979=VECTOR('',#3681,10.);
#980=VECTOR('',#3684,10.);
#981=VECTOR('',#3689,10.);
#982=VECTOR('',#3692,10.);
#983=VECTOR('',#3697,10.);
#984=VECTOR('',#3700,10.);
#985=VECTOR('',#3705,10.);
#986=VECTOR('',#3710,10.);
#987=VECTOR('',#3713,10.);
#988=VECTOR('',#3716,10.);
#989=VECTOR('',#3717,10.);
#990=VECTOR('',#3718,10.);
#991=VECTOR('',#3719,10.);
#992=VECTOR('',#3720,10.);
#993=VECTOR('',#3721,10.);
#994=VECTOR('',#3722,10.);
#995=VECTOR('',#3723,10.);
#996=VECTOR('',#3726,10.);
#997=VECTOR('',#3727,10.);
#998=VECTOR('',#3728,10.);
#999=VECTOR('',#3729,10.);
#1000=VECTOR('',#3730,10.);
#1001=VECTOR('',#3731,10.);
#1002=VECTOR('',#3732,10.);
#1003=VECTOR('',#3733,10.);
#1004=VECTOR('',#3736,10.);
#1005=VECTOR('',#3737,10.);
#1006=VECTOR('',#3738,10.);
#1007=VECTOR('',#3739,10.);
#1008=VECTOR('',#3742,10.);
#1009=VECTOR('',#3743,10.);
#1010=VECTOR('',#3744,10.);
#1011=VECTOR('',#3745,10.);
#1012=VECTOR('',#3748,10.);
#1013=VECTOR('',#3749,10.);
#1014=VECTOR('',#3750,10.);
#1015=VECTOR('',#3751,10.);
#1016=VECTOR('',#3754,10.);
#1017=VECTOR('',#3755,10.);
#1018=VECTOR('',#3758,10.);
#1019=VECTOR('',#3763,10.);
#1020=VECTOR('',#3766,10.);
#1021=VECTOR('',#3767,10.);
#1022=VECTOR('',#3768,10.);
#1023=VECTOR('',#3769,10.);
#1024=VECTOR('',#3772,10.);
#1025=VECTOR('',#3773,10.);
#1026=VECTOR('',#3774,10.);
#1027=VECTOR('',#3777,10.);
#1028=VECTOR('',#3778,10.);
#1029=VECTOR('',#3779,10.);
#1030=VECTOR('',#3780,10.);
#1031=VECTOR('',#3783,10.);
#1032=VECTOR('',#3784,10.);
#1033=VECTOR('',#3785,10.);
#1034=VECTOR('',#3788,10.);
#1035=VECTOR('',#3789,10.);
#1036=VECTOR('',#3790,10.);
#1037=VECTOR('',#3791,10.);
#1038=VECTOR('',#3794,10.);
#1039=VECTOR('',#3795,10.);
#1040=VECTOR('',#3810,10.);
#1041=VECTOR('',#3811,10.);
#1042=VECTOR('',#3812,10.);
#1043=VECTOR('',#3815,10.);
#1044=VECTOR('',#3824,10.);
#1045=VECTOR('',#3835,10.);
#1046=VECTOR('',#3836,10.);
#1047=VECTOR('',#3837,10.);
#1048=VECTOR('',#3838,10.);
#1049=VECTOR('',#3841,10.);
#1050=VECTOR('',#3842,10.);
#1051=VECTOR('',#3843,10.);
#1052=VECTOR('',#3846,10.);
#1053=VECTOR('',#3847,10.);
#1054=VECTOR('',#3848,10.);
#1055=VECTOR('',#3851,10.);
#1056=VECTOR('',#3852,10.);
#1057=VECTOR('',#3853,10.);
#1058=VECTOR('',#3856,10.);
#1059=VECTOR('',#3857,10.);
#1060=VECTOR('',#3858,10.);
#1061=VECTOR('',#3859,10.);
#1062=VECTOR('',#3862,10.);
#1063=VECTOR('',#3863,10.);
#1064=VECTOR('',#3864,10.);
#1065=VECTOR('',#3865,10.);
#1066=VECTOR('',#3866,10.);
#1067=VECTOR('',#3867,10.);
#1068=VECTOR('',#3868,10.);
#1069=VECTOR('',#3869,10.);
#1070=VECTOR('',#3870,10.);
#1071=VECTOR('',#3871,10.);
#1072=VECTOR('',#3872,10.);
#1073=VECTOR('',#3873,10.);
#1074=VECTOR('',#3884,10.);
#1075=VECTOR('',#3885,10.);
#1076=VECTOR('',#3888,10.);
#1077=VECTOR('',#3889,10.);
#1078=VECTOR('',#3892,10.);
#1079=VECTOR('',#3893,10.);
#1080=VECTOR('',#3896,10.);
#1081=VECTOR('',#3897,10.);
#1082=VECTOR('',#3904,10.);
#1083=VECTOR('',#3905,10.);
#1084=VECTOR('',#3908,10.);
#1085=VECTOR('',#3909,10.);
#1086=VECTOR('',#3910,10.);
#1087=VECTOR('',#3911,10.);
#1088=VECTOR('',#3914,10.);
#1089=VECTOR('',#3915,10.);
#1090=VECTOR('',#3916,10.);
#1091=VECTOR('',#3919,10.);
#1092=VECTOR('',#3920,10.);
#1093=VECTOR('',#3921,10.);
#1094=VECTOR('',#3922,10.);
#1095=VECTOR('',#3925,10.);
#1096=VECTOR('',#3926,10.);
#1097=VECTOR('',#3927,10.);
#1098=VECTOR('',#3928,10.);
#1099=VECTOR('',#3929,10.);
#1100=VECTOR('',#3930,10.);
#1101=VECTOR('',#3931,10.);
#1102=VECTOR('',#3932,10.);
#1103=VECTOR('',#3933,10.);
#1104=VECTOR('',#3934,10.);
#1105=VECTOR('',#3935,10.);
#1106=VECTOR('',#3936,10.);
#1107=VECTOR('',#3943,10.);
#1108=VECTOR('',#3946,10.);
#1109=VECTOR('',#3947,10.);
#1110=VECTOR('',#3948,10.);
#1111=VECTOR('',#3951,10.);
#1112=VECTOR('',#3954,10.);
#1113=VECTOR('',#3957,10.);
#1114=VECTOR('',#3958,10.);
#1115=VECTOR('',#3959,10.);
#1116=VECTOR('',#3960,10.);
#1117=VECTOR('',#3961,10.);
#1118=VECTOR('',#3962,10.);
#1119=VECTOR('',#3965,10.);
#1120=VECTOR('',#3966,10.);
#1121=VECTOR('',#3967,10.);
#1122=VECTOR('',#3970,10.);
#1123=VECTOR('',#3971,10.);
#1124=VECTOR('',#3974,10.);
#1125=VECTOR('',#3975,10.);
#1126=VECTOR('',#3978,10.);
#1127=VECTOR('',#3979,10.);
#1128=VECTOR('',#3980,10.);
#1129=VECTOR('',#3981,10.);
#1130=VECTOR('',#3982,10.);
#1131=VECTOR('',#3983,10.);
#1132=VECTOR('',#3984,10.);
#1133=VECTOR('',#3985,10.);
#1134=VECTOR('',#3986,10.);
#1135=VECTOR('',#3987,10.);
#1136=VECTOR('',#3988,10.);
#1137=VECTOR('',#3989,10.);
#1138=VECTOR('',#3990,10.);
#1139=VECTOR('',#3991,10.);
#1140=VECTOR('',#3992,10.);
#1141=VECTOR('',#3993,10.);
#1142=VECTOR('',#4000,10.);
#1143=VECTOR('',#4001,10.);
#1144=VECTOR('',#4002,10.);
#1145=VECTOR('',#4005,10.);
#1146=VECTOR('',#4006,10.);
#1147=VECTOR('',#4007,10.);
#1148=VECTOR('',#4008,10.);
#1149=VECTOR('',#4009,10.);
#1150=VECTOR('',#4010,10.);
#1151=VECTOR('',#4011,10.);
#1152=VECTOR('',#4012,10.);
#1153=VECTOR('',#4013,10.);
#1154=VECTOR('',#4014,10.);
#1155=VECTOR('',#4015,10.);
#1156=VECTOR('',#4016,10.);
#1157=VECTOR('',#4017,10.);
#1158=VECTOR('',#4018,10.);
#1159=VECTOR('',#4019,10.);
#1160=VECTOR('',#4020,10.);
#1161=VECTOR('',#4021,10.);
#1162=VECTOR('',#4022,10.);
#1163=VECTOR('',#4023,10.);
#1164=VECTOR('',#4024,10.);
#1165=VECTOR('',#4025,10.);
#1166=VECTOR('',#4028,10.);
#1167=VECTOR('',#4029,10.);
#1168=VECTOR('',#4030,10.);
#1169=VECTOR('',#4031,10.);
#1170=VECTOR('',#4032,10.);
#1171=VECTOR('',#4035,10.);
#1172=VECTOR('',#4036,10.);
#1173=VECTOR('',#4037,10.);
#1174=VECTOR('',#4040,10.);
#1175=VECTOR('',#4043,10.);
#1176=VECTOR('',#4044,10.);
#1177=VECTOR('',#4045,10.);
#1178=VECTOR('',#4046,10.);
#1179=VECTOR('',#4049,10.);
#1180=VECTOR('',#4052,10.);
#1181=VECTOR('',#4057,10.);
#1182=VECTOR('',#4058,10.);
#1183=VECTOR('',#4059,10.);
#1184=VECTOR('',#4062,10.);
#1185=VECTOR('',#4065,10.);
#1186=VECTOR('',#4066,10.);
#1187=VECTOR('',#4069,10.);
#1188=VECTOR('',#4076,10.);
#1189=VECTOR('',#4079,10.);
#1190=VECTOR('',#4082,10.);
#1191=VECTOR('',#4083,10.);
#1192=VECTOR('',#4084,10.);
#1193=VECTOR('',#4085,10.);
#1194=VECTOR('',#4086,10.);
#1195=VECTOR('',#4087,10.);
#1196=VECTOR('',#4090,10.);
#1197=VECTOR('',#4091,10.);
#1198=VECTOR('',#4092,10.);
#1199=VECTOR('',#4093,10.);
#1200=VECTOR('',#4094,10.);
#1201=VECTOR('',#4095,10.);
#1202=VECTOR('',#4096,10.);
#1203=VECTOR('',#4099,10.);
#1204=VECTOR('',#4100,10.);
#1205=VECTOR('',#4101,10.);
#1206=VECTOR('',#4102,10.);
#1207=VECTOR('',#4103,10.);
#1208=VECTOR('',#4104,10.);
#1209=VECTOR('',#4107,10.);
#1210=VECTOR('',#4108,10.);
#1211=VECTOR('',#4109,10.);
#1212=VECTOR('',#4110,10.);
#1213=VECTOR('',#4113,10.);
#1214=VECTOR('',#4114,10.);
#1215=VECTOR('',#4115,10.);
#1216=VECTOR('',#4118,10.);
#1217=VECTOR('',#4119,10.);
#1218=VECTOR('',#4120,10.);
#1219=VECTOR('',#4121,10.);
#1220=VECTOR('',#4124,10.);
#1221=VECTOR('',#4125,10.);
#1222=VECTOR('',#4128,10.);
#1223=VECTOR('',#4129,10.);
#1224=VECTOR('',#4132,10.);
#1225=VECTOR('',#4135,10.);
#1226=VECTOR('',#4136,10.);
#1227=VECTOR('',#4141,10.);
#1228=VECTOR('',#4142,10.);
#1229=VECTOR('',#4143,10.);
#1230=VECTOR('',#4146,10.);
#1231=VECTOR('',#4147,10.);
#1232=VECTOR('',#4150,10.);
#1233=VECTOR('',#4151,10.);
#1234=VECTOR('',#4152,10.);
#1235=VECTOR('',#4155,10.);
#1236=VECTOR('',#4156,10.);
#1237=VECTOR('',#4159,10.);
#1238=VECTOR('',#4160,10.);
#1239=VECTOR('',#4163,10.);
#1240=VECTOR('',#4164,10.);
#1241=VECTOR('',#4167,10.);
#1242=VECTOR('',#4168,10.);
#1243=VECTOR('',#4169,10.);
#1244=VECTOR('',#4172,10.);
#1245=VECTOR('',#4175,10.);
#1246=VECTOR('',#4176,10.);
#1247=VECTOR('',#4179,10.);
#1248=VECTOR('',#4180,10.);
#1249=VECTOR('',#4183,10.);
#1250=VECTOR('',#4184,10.);
#1251=VECTOR('',#4185,10.);
#1252=VECTOR('',#4188,10.);
#1253=VECTOR('',#4193,10.);
#1254=VECTOR('',#4194,10.);
#1255=VECTOR('',#4195,10.);
#1256=VECTOR('',#4196,10.);
#1257=VECTOR('',#4197,10.);
#1258=VECTOR('',#4198,10.);
#1259=VECTOR('',#4201,10.);
#1260=VECTOR('',#4202,10.);
#1261=VECTOR('',#4203,10.);
#1262=VECTOR('',#4204,10.);
#1263=VECTOR('',#4207,10.);
#1264=VECTOR('',#4208,10.);
#1265=VECTOR('',#4209,10.);
#1266=VECTOR('',#4212,10.);
#1267=VECTOR('',#4213,10.);
#1268=VECTOR('',#4214,10.);
#1269=VECTOR('',#4215,10.);
#1270=VECTOR('',#4218,10.);
#1271=VECTOR('',#4219,10.);
#1272=VECTOR('',#4222,10.);
#1273=VECTOR('',#4223,10.);
#1274=VECTOR('',#4226,10.);
#1275=VECTOR('',#4229,10.);
#1276=VECTOR('',#4230,10.);
#1277=VECTOR('',#4235,10.);
#1278=VECTOR('',#4236,10.);
#1279=VECTOR('',#4237,10.);
#1280=VECTOR('',#4238,10.);
#1281=VECTOR('',#4241,10.);
#1282=VECTOR('',#4242,10.);
#1283=VECTOR('',#4243,10.);
#1284=VECTOR('',#4246,10.);
#1285=VECTOR('',#4247,10.);
#1286=VECTOR('',#4248,10.);
#1287=VECTOR('',#4249,10.);
#1288=VECTOR('',#4252,10.);
#1289=VECTOR('',#4253,10.);
#1290=VECTOR('',#4254,10.);
#1291=VECTOR('',#4257,10.);
#1292=VECTOR('',#4258,10.);
#1293=VECTOR('',#4259,10.);
#1294=VECTOR('',#4262,10.);
#1295=VECTOR('',#4263,10.);
#1296=VECTOR('',#4264,10.);
#1297=VECTOR('',#4267,10.);
#1298=VECTOR('',#4268,10.);
#1299=VECTOR('',#4269,10.);
#1300=VECTOR('',#4270,10.);
#1301=VECTOR('',#4273,10.);
#1302=VECTOR('',#4274,10.);
#1303=VECTOR('',#4277,10.);
#1304=VECTOR('',#4278,10.);
#1305=VECTOR('',#4279,10.);
#1306=VECTOR('',#4282,10.);
#1307=VECTOR('',#4283,10.);
#1308=VECTOR('',#4284,10.);
#1309=VECTOR('',#4287,10.);
#1310=VECTOR('',#4288,10.);
#1311=VECTOR('',#4289,10.);
#1312=VECTOR('',#4290,10.);
#1313=VECTOR('',#4293,10.);
#1314=VECTOR('',#4294,10.);
#1315=VECTOR('',#4301,10.);
#1316=VECTOR('',#4306,10.);
#1317=VECTOR('',#4307,10.);
#1318=VECTOR('',#4308,10.);
#1319=VECTOR('',#4309,10.);
#1320=VECTOR('',#4310,10.);
#1321=VECTOR('',#4313,10.);
#1322=VECTOR('',#4314,10.);
#1323=VECTOR('',#4315,10.);
#1324=VECTOR('',#4316,10.);
#1325=VECTOR('',#4317,10.);
#1326=VECTOR('',#4320,10.);
#1327=VECTOR('',#4321,10.);
#1328=VECTOR('',#4322,10.);
#1329=VECTOR('',#4323,10.);
#1330=VECTOR('',#4326,10.);
#1331=VECTOR('',#4329,10.);
#1332=VECTOR('',#4330,10.);
#1333=VECTOR('',#4331,10.);
#1334=VECTOR('',#4334,10.);
#1335=VECTOR('',#4337,10.);
#1336=VECTOR('',#4338,10.);
#1337=VECTOR('',#4341,10.);
#1338=VECTOR('',#4342,10.);
#1339=VECTOR('',#4343,10.);
#1340=VECTOR('',#4344,10.);
#1341=VECTOR('',#4347,10.);
#1342=VECTOR('',#4354,10.);
#1343=VECTOR('',#4357,10.);
#1344=VECTOR('',#4358,10.);
#1345=VECTOR('',#4361,10.);
#1346=VECTOR('',#4364,10.);
#1347=VECTOR('',#4365,10.);
#1348=VECTOR('',#4368,2.75);
#1349=VECTOR('',#4369,2.75);
#1350=VECTOR('',#4372,2.75);
#1351=VECTOR('',#4373,2.75);
#1352=VECTOR('',#4380,10.);
#1353=VECTOR('',#4381,10.);
#1354=VECTOR('',#4384,10.);
#1355=VECTOR('',#4385,10.);
#1356=VECTOR('',#4388,10.);
#1357=VECTOR('',#4389,10.);
#1358=VECTOR('',#4392,10.);
#1359=VECTOR('',#4393,10.);
#1360=VECTOR('',#4396,10.);
#1361=VECTOR('',#4397,10.);
#1362=VECTOR('',#4400,10.);
#1363=CIRCLE('',#3385,2.25);
#1364=CIRCLE('',#3386,2.25);
#1365=CIRCLE('',#3387,0.999999999999999);
#1366=CIRCLE('',#3388,2.25);
#1367=CIRCLE('',#3390,0.999999999999999);
#1368=CIRCLE('',#3391,2.25);
#1369=CIRCLE('',#3392,2.25);
#1370=CIRCLE('',#3393,2.25);
#1371=CIRCLE('',#3398,2.25);
#1372=CIRCLE('',#3401,2.25);
#1373=CIRCLE('',#3403,0.999999999999999);
#1374=CIRCLE('',#3405,0.999999999999999);
#1375=CIRCLE('',#3412,1.);
#1376=CIRCLE('',#3417,11.6499999999999);
#1377=CIRCLE('',#3421,11.6499999999999);
#1378=CIRCLE('',#3424,11.6499999999999);
#1379=CIRCLE('',#3427,11.6499999999999);
#1380=CIRCLE('',#3430,11.6500000000001);
#1381=CIRCLE('',#3454,11.6500000000001);
#1382=CIRCLE('',#3456,11.6500000000001);
#1383=CIRCLE('',#3458,0.999999999999982);
#1384=CIRCLE('',#3461,11.6499999999999);
#1385=CIRCLE('',#3468,11.6500000000001);
#1386=CIRCLE('',#3469,11.6500000000002);
#1387=CIRCLE('',#3470,11.6500000000002);
#1388=CIRCLE('',#3471,11.6500000000002);
#1389=CIRCLE('',#3483,2.75);
#1390=CIRCLE('',#3484,2.75);
#1391=CIRCLE('',#3494,2.75);
#1392=CIRCLE('',#3495,2.75);
#1393=B_SPLINE_CURVE_WITH_KNOTS('',3,(#4407,#4408,#4409,#4410,#4411,#4412,
#4413,#4414),.UNSPECIFIED.,.F.,.F.,(4,2,2,4),(1.72042319513331,1.77034419150165,
1.83729001775278,1.94865657483301),.UNSPECIFIED.);
#1394=B_SPLINE_CURVE_WITH_KNOTS('',3,(#4418,#4419,#4420,#4421,#4422,#4423,
#4424,#4425),.UNSPECIFIED.,.F.,.F.,(4,2,2,4),(0.155796192785083,0.267162749865311,
0.334108576116438,0.384029572484779),.UNSPECIFIED.);
#1395=B_SPLINE_CURVE_WITH_KNOTS('',3,(#4440,#4441,#4442,#4443,#4444,#4445),
 .UNSPECIFIED.,.F.,.F.,(4,2,4),(0.248689965127804,0.253804608277184,0.365171165357415),
 .UNSPECIFIED.);
#1396=B_SPLINE_CURVE_WITH_KNOTS('',3,(#4447,#4448,#4449,#4450,#4451,#4452),
 .UNSPECIFIED.,.F.,.F.,(4,2,4),(0.136937785657717,0.186858782026058,0.248689965127804),
 .UNSPECIFIED.);
#1397=B_SPLINE_CURVE_WITH_KNOTS('',3,(#4456,#4457,#4458,#4459,#4460,#4461),
 .UNSPECIFIED.,.F.,.F.,(4,2,4),(1.85576280249029,1.91759398559204,1.96751498196038),
 .UNSPECIFIED.);
#1398=B_SPLINE_CURVE_WITH_KNOTS('',3,(#4463,#4464,#4465,#4466,#4467,#4468),
 .UNSPECIFIED.,.F.,.F.,(4,2,4),(1.73928160226068,1.85064815934091,1.85576280249029),
 .UNSPECIFIED.);
#1399=B_SPLINE_CURVE_WITH_KNOTS('',3,(#4480,#4481,#4482,#4483,#4484,#4485,
#4486,#4487,#4488,#4489,#4490,#4491,#4492,#4493,#4494,#4495,#4496,#4497),
 .UNSPECIFIED.,.F.,.F.,(4,2,2,2,2,2,2,2,4),(0.470859314019152,0.543104585719608,
0.637472624590356,0.68465664402573,0.731840663461104,0.779024682896478,
0.826208702331853,0.920576741202601,0.992822012903057),.UNSPECIFIED.);
#1400=B_SPLINE_CURVE_WITH_KNOTS('',3,(#4501,#4502,#4503,#4504,#4505,#4506,
#4507,#4508,#4509,#4510,#4511,#4512),.UNSPECIFIED.,.F.,.F.,(4,2,2,2,2,4),
(0.,0.0459998190440872,0.0919996380881743,0.183999276176349,0.27254913662444,
0.352243619472411),.UNSPECIFIED.);
#1401=B_SPLINE_CURVE_WITH_KNOTS('',3,(#4514,#4515,#4516,#4517,#4518,#4519,
#4520,#4521,#4522,#4523,#4524,#4525),.UNSPECIFIED.,.F.,.F.,(4,2,2,2,2,4),
(1.1114377074498,1.19113219029777,1.27968205074586,1.37168168883403,1.41768150787812,
1.46368132692221),.UNSPECIFIED.);
#1402=B_SPLINE_CURVE_WITH_KNOTS('',3,(#4527,#4528,#4529,#4530,#4531,#4532,
#4533,#4534,#4535,#4536,#4537,#4538,#4539,#4540),.UNSPECIFIED.,.F.,.F.,
(4,2,2,2,2,2,4),(0.731840663461104,0.779024682896479,0.826208702331853,
0.920576741202601,1.01157953552614,1.10258232984968,1.1114377074498),
 .UNSPECIFIED.);
#1403=B_SPLINE_CURVE_WITH_KNOTS('',3,(#4544,#4545,#4546,#4547,#4548,#4549,
#4550,#4551,#4552,#4553,#4554,#4555,#4556,#4557),.UNSPECIFIED.,.F.,.F.,
(4,2,2,2,2,2,4),(0.352243619472411,0.361098997072531,0.452101791396069,
0.543104585719608,0.637472624590356,0.68465664402573,0.731840663461104),
 .UNSPECIFIED.);
#1404=B_SPLINE_CURVE_WITH_KNOTS('',3,(#4559,#4560,#4561,#4562,#4563,#4564,
#4565,#4566,#4567,#4568,#4569,#4570,#4571,#4572,#4573,#4574,#4575,#4576,
#4577),.UNSPECIFIED.,.F.,.F.,(4,2,2,2,3,2,2,2,4),(-0.231909394793637,-0.183999276176349,
-0.0919996380881742,-0.0459998190440871,0.,0.0459998190440872,0.0919996380881743,
0.183999276176349,0.231909395228948),.UNSPECIFIED.);
#1405=B_SPLINE_CURVE_WITH_KNOTS('',3,(#4581,#4582,#4583,#4584,#4585,#4586,
#4587,#4588,#4589,#4590,#4591,#4592,#4593,#4594,#4595,#4596,#4597,#4598,
#4599,#4600,#4601,#4602),.UNSPECIFIED.,.F.,.F.,(4,2,2,2,2,2,2,2,2,2,4),
(0.,0.0459998190440872,0.0919996380881743,0.183999276176349,0.27254913662444,
0.361098997072531,0.452101791396069,0.543104585719608,0.637472624590356,
0.68465664402573,0.731840663461104),.UNSPECIFIED.);
#1406=B_SPLINE_CURVE_WITH_KNOTS('',3,(#4603,#4604,#4605,#4606,#4607,#4608,
#4609,#4610,#4611,#4612,#4613,#4614,#4615,#4616,#4617,#4618,#4619,#4620,
#4621,#4622,#4623,#4624),.UNSPECIFIED.,.F.,.F.,(4,2,2,2,2,2,2,2,2,2,4),
(0.731840663461104,0.779024682896478,0.826208702331853,0.920576741202601,
1.01157953552614,1.10258232984968,1.19113219029777,1.27968205074586,1.37168168883403,
1.41768150787812,1.46368132692221),.UNSPECIFIED.);
#1407=B_SPLINE_CURVE_WITH_KNOTS('',3,(#4637,#4638,#4639,#4640,#4641,#4642,
#4643,#4644,#4645,#4646,#4647,#4648,#4649,#4650,#4651,#4652,#4653,#4654,
#4655),.UNSPECIFIED.,.F.,.F.,(4,2,2,2,3,2,2,2,4),(-0.231909394793636,-0.183999276176349,
-0.0919996380881742,-0.0459998190440871,0.,0.0459998190440872,0.0919996380881743,
0.183999276176349,0.231909395228948),.UNSPECIFIED.);
#1408=B_SPLINE_CURVE_WITH_KNOTS('',3,(#4657,#4658,#4659,#4660,#4661,#4662,
#4663,#4664,#4665,#4666,#4667,#4668,#4669,#4670,#4671,#4672,#4673,#4674),
 .UNSPECIFIED.,.F.,.F.,(4,2,2,2,2,2,2,2,4),(0.470859314019153,0.543104585719608,
0.637472624590356,0.68465664402573,0.731840663461104,0.779024682896479,
0.826208702331853,0.920576741202601,0.992822012903055),.UNSPECIFIED.);
#1409=B_SPLINE_CURVE_WITH_KNOTS('',3,(#4723,#4724,#4725,#4726,#4727,#4728),
 .UNSPECIFIED.,.F.,.F.,(4,2,4),(-0.102677167218537,-0.0574859110750934,
0.),.UNSPECIFIED.);
#1410=B_SPLINE_CURVE_WITH_KNOTS('',3,(#4729,#4730,#4731,#4732),
 .UNSPECIFIED.,.F.,.F.,(4,4),(-0.115642845096889,0.),.UNSPECIFIED.);
#1411=B_SPLINE_CURVE_WITH_KNOTS('',3,(#4750,#4751,#4752,#4753,#4754,#4755),
 .UNSPECIFIED.,.F.,.F.,(4,2,4),(-0.0642219234838814,-0.0283024834278827,
0.),.UNSPECIFIED.);
#1412=B_SPLINE_CURVE_WITH_KNOTS('',3,(#4756,#4757,#4758,#4759),
 .UNSPECIFIED.,.F.,.F.,(4,4),(-0.076801228943379,-7.32795096097344E-17),
 .UNSPECIFIED.);
#1413=B_SPLINE_CURVE_WITH_KNOTS('',3,(#4777,#4778,#4779,#4780,#4781,#4782),
 .UNSPECIFIED.,.F.,.F.,(4,2,4),(-0.0675194855009778,-0.0377465492850015,
0.),.UNSPECIFIED.);
#1414=B_SPLINE_CURVE_WITH_KNOTS('',3,(#4783,#4784,#4785,#4786),
 .UNSPECIFIED.,.F.,.F.,(4,4),(7.32795096097344E-17,0.076801228943379),
 .UNSPECIFIED.);
#1415=B_SPLINE_CURVE_WITH_KNOTS('',3,(#4804,#4805,#4806,#4807,#4808,#4809),
 .UNSPECIFIED.,.F.,.F.,(4,2,4),(-0.0975114370446074,-0.0428283525704513,
0.),.UNSPECIFIED.);
#1416=B_SPLINE_CURVE_WITH_KNOTS('',3,(#4810,#4811,#4812,#4813),
 .UNSPECIFIED.,.F.,.F.,(4,4),(0.,0.115642845096889),.UNSPECIFIED.);
#1417=B_SPLINE_CURVE_WITH_KNOTS('',3,(#4938,#4939,#4940,#4941,#4942,#4943),
 .UNSPECIFIED.,.F.,.F.,(4,2,4),(-0.102676938371893,-0.057485619340991,0.),
 .UNSPECIFIED.);
#1418=B_SPLINE_CURVE_WITH_KNOTS('',3,(#4947,#4948,#4949,#4950,#4951,#4952),
 .UNSPECIFIED.,.F.,.F.,(4,2,4),(-0.0642216166318423,-0.0283023815551948,
0.),.UNSPECIFIED.);
#1419=B_SPLINE_CURVE_WITH_KNOTS('',3,(#4956,#4957,#4958,#4959,#4960,#4961),
 .UNSPECIFIED.,.F.,.F.,(4,2,4),(-0.0675194359450549,-0.037746486555601,
0.),.UNSPECIFIED.);
#1420=B_SPLINE_CURVE_WITH_KNOTS('',3,(#4965,#4966,#4967,#4968,#4969,#4970),
 .UNSPECIFIED.,.F.,.F.,(4,2,4),(-0.0975099899684444,-0.042827873159433,
0.),.UNSPECIFIED.);
#1421=B_SPLINE_CURVE_WITH_KNOTS('',3,(#5051,#5052,#5053,#5054),
 .UNSPECIFIED.,.F.,.F.,(4,4),(-0.115641046845084,0.),.UNSPECIFIED.);
#1422=B_SPLINE_CURVE_WITH_KNOTS('',3,(#5058,#5059,#5060,#5061),
 .UNSPECIFIED.,.F.,.F.,(4,4),(-0.0768008431766674,0.),.UNSPECIFIED.);
#1423=B_SPLINE_CURVE_WITH_KNOTS('',3,(#5065,#5066,#5067,#5068),
 .UNSPECIFIED.,.F.,.F.,(4,4),(0.,0.0768008431766674),.UNSPECIFIED.);
#1424=B_SPLINE_CURVE_WITH_KNOTS('',3,(#5071,#5072,#5073,#5074),
 .UNSPECIFIED.,.F.,.F.,(4,4),(0.,0.115641046845084),.UNSPECIFIED.);
#1425=VERTEX_POINT('',#4405);
#1426=VERTEX_POINT('',#4406);
#1427=VERTEX_POINT('',#4415);
#1428=VERTEX_POINT('',#4417);
#1429=VERTEX_POINT('',#4426);
#1430=VERTEX_POINT('',#4428);
#1431=VERTEX_POINT('',#4433);
#1432=VERTEX_POINT('',#4435);
#1433=VERTEX_POINT('',#4437);
#1434=VERTEX_POINT('',#4439);
#1435=VERTEX_POINT('',#4446);
#1436=VERTEX_POINT('',#4453);
#1437=VERTEX_POINT('',#4455);
#1438=VERTEX_POINT('',#4462);
#1439=VERTEX_POINT('',#4471);
#1440=VERTEX_POINT('',#4472);
#1441=VERTEX_POINT('',#4474);
#1442=VERTEX_POINT('',#4476);
#1443=VERTEX_POINT('',#4499);
#1444=VERTEX_POINT('',#4500);
#1445=VERTEX_POINT('',#4513);
#1446=VERTEX_POINT('',#4526);
#1447=VERTEX_POINT('',#4541);
#1448=VERTEX_POINT('',#4579);
#1449=VERTEX_POINT('',#4580);
#1450=VERTEX_POINT('',#4625);
#1451=VERTEX_POINT('',#4629);
#1452=VERTEX_POINT('',#4633);
#1453=VERTEX_POINT('',#4676);
#1454=VERTEX_POINT('',#4677);
#1455=VERTEX_POINT('',#4679);
#1456=VERTEX_POINT('',#4681);
#1457=VERTEX_POINT('',#4685);
#1458=VERTEX_POINT('',#4687);
#1459=VERTEX_POINT('',#4691);
#1460=VERTEX_POINT('',#4693);
#1461=VERTEX_POINT('',#4697);
#1462=VERTEX_POINT('',#4698);
#1463=VERTEX_POINT('',#4700);
#1464=VERTEX_POINT('',#4705);
#1465=VERTEX_POINT('',#4706);
#1466=VERTEX_POINT('',#4709);
#1467=VERTEX_POINT('',#4720);
#1468=VERTEX_POINT('',#4721);
#1469=VERTEX_POINT('',#4734);
#1470=VERTEX_POINT('',#4735);
#1471=VERTEX_POINT('',#4747);
#1472=VERTEX_POINT('',#4748);
#1473=VERTEX_POINT('',#4761);
#1474=VERTEX_POINT('',#4762);
#1475=VERTEX_POINT('',#4774);
#1476=VERTEX_POINT('',#4775);
#1477=VERTEX_POINT('',#4788);
#1478=VERTEX_POINT('',#4789);
#1479=VERTEX_POINT('',#4801);
#1480=VERTEX_POINT('',#4802);
#1481=VERTEX_POINT('',#4815);
#1482=VERTEX_POINT('',#4816);
#1483=VERTEX_POINT('',#4818);
#1484=VERTEX_POINT('',#4820);
#1485=VERTEX_POINT('',#4824);
#1486=VERTEX_POINT('',#4825);
#1487=VERTEX_POINT('',#4827);
#1488=VERTEX_POINT('',#4829);
#1489=VERTEX_POINT('',#4831);
#1490=VERTEX_POINT('',#4833);
#1491=VERTEX_POINT('',#4835);
#1492=VERTEX_POINT('',#4837);
#1493=VERTEX_POINT('',#4841);
#1494=VERTEX_POINT('',#4842);
#1495=VERTEX_POINT('',#4844);
#1496=VERTEX_POINT('',#4846);
#1497=VERTEX_POINT('',#4848);
#1498=VERTEX_POINT('',#4850);
#1499=VERTEX_POINT('',#4852);
#1500=VERTEX_POINT('',#4854);
#1501=VERTEX_POINT('',#4858);
#1502=VERTEX_POINT('',#4859);
#1503=VERTEX_POINT('',#4861);
#1504=VERTEX_POINT('',#4863);
#1505=VERTEX_POINT('',#4867);
#1506=VERTEX_POINT('',#4868);
#1507=VERTEX_POINT('',#4870);
#1508=VERTEX_POINT('',#4872);
#1509=VERTEX_POINT('',#4876);
#1510=VERTEX_POINT('',#4877);
#1511=VERTEX_POINT('',#4879);
#1512=VERTEX_POINT('',#4884);
#1513=VERTEX_POINT('',#4888);
#1514=VERTEX_POINT('',#4890);
#1515=VERTEX_POINT('',#4895);
#1516=VERTEX_POINT('',#4897);
#1517=VERTEX_POINT('',#4899);
#1518=VERTEX_POINT('',#4907);
#1519=VERTEX_POINT('',#4908);
#1520=VERTEX_POINT('',#4910);
#1521=VERTEX_POINT('',#4912);
#1522=VERTEX_POINT('',#4916);
#1523=VERTEX_POINT('',#4918);
#1524=VERTEX_POINT('',#4922);
#1525=VERTEX_POINT('',#4923);
#1526=VERTEX_POINT('',#4925);
#1527=VERTEX_POINT('',#4927);
#1528=VERTEX_POINT('',#4935);
#1529=VERTEX_POINT('',#4937);
#1530=VERTEX_POINT('',#4944);
#1531=VERTEX_POINT('',#4946);
#1532=VERTEX_POINT('',#4953);
#1533=VERTEX_POINT('',#4955);
#1534=VERTEX_POINT('',#4962);
#1535=VERTEX_POINT('',#4964);
#1536=VERTEX_POINT('',#4972);
#1537=VERTEX_POINT('',#4974);
#1538=VERTEX_POINT('',#4978);
#1539=VERTEX_POINT('',#4984);
#1540=VERTEX_POINT('',#4991);
#1541=VERTEX_POINT('',#4992);
#1542=VERTEX_POINT('',#4994);
#1543=VERTEX_POINT('',#4996);
#1544=VERTEX_POINT('',#5000);
#1545=VERTEX_POINT('',#5002);
#1546=VERTEX_POINT('',#5006);
#1547=VERTEX_POINT('',#5008);
#1548=VERTEX_POINT('',#5012);
#1549=VERTEX_POINT('',#5013);
#1550=VERTEX_POINT('',#5015);
#1551=VERTEX_POINT('',#5019);
#1552=VERTEX_POINT('',#5021);
#1553=VERTEX_POINT('',#5023);
#1554=VERTEX_POINT('',#5027);
#1555=VERTEX_POINT('',#5029);
#1556=VERTEX_POINT('',#5031);
#1557=VERTEX_POINT('',#5033);
#1558=VERTEX_POINT('',#5036);
#1559=VERTEX_POINT('',#5038);
#1560=VERTEX_POINT('',#5040);
#1561=VERTEX_POINT('',#5042);
#1562=VERTEX_POINT('',#5044);
#1563=VERTEX_POINT('',#5048);
#1564=VERTEX_POINT('',#5050);
#1565=VERTEX_POINT('',#5055);
#1566=VERTEX_POINT('',#5057);
#1567=VERTEX_POINT('',#5062);
#1568=VERTEX_POINT('',#5064);
#1569=VERTEX_POINT('',#5069);
#1570=VERTEX_POINT('',#5122);
#1571=VERTEX_POINT('',#5126);
#1572=VERTEX_POINT('',#5127);
#1573=VERTEX_POINT('',#5129);
#1574=VERTEX_POINT('',#5131);
#1575=VERTEX_POINT('',#5135);
#1576=VERTEX_POINT('',#5137);
#1577=VERTEX_POINT('',#5141);
#1578=VERTEX_POINT('',#5143);
#1579=VERTEX_POINT('',#5145);
#1580=VERTEX_POINT('',#5149);
#1581=VERTEX_POINT('',#5151);
#1582=VERTEX_POINT('',#5153);
#1583=VERTEX_POINT('',#5155);
#1584=VERTEX_POINT('',#5160);
#1585=VERTEX_POINT('',#5162);
#1586=VERTEX_POINT('',#5164);
#1587=VERTEX_POINT('',#5166);
#1588=VERTEX_POINT('',#5169);
#1589=VERTEX_POINT('',#5171);
#1590=VERTEX_POINT('',#5176);
#1591=VERTEX_POINT('',#5178);
#1592=VERTEX_POINT('',#5186);
#1593=VERTEX_POINT('',#5187);
#1594=VERTEX_POINT('',#5190);
#1595=VERTEX_POINT('',#5192);
#1596=VERTEX_POINT('',#5194);
#1597=VERTEX_POINT('',#5198);
#1598=VERTEX_POINT('',#5200);
#1599=VERTEX_POINT('',#5204);
#1600=VERTEX_POINT('',#5208);
#1601=VERTEX_POINT('',#5212);
#1602=VERTEX_POINT('',#5215);
#1603=VERTEX_POINT('',#5218);
#1604=VERTEX_POINT('',#5220);
#1605=VERTEX_POINT('',#5222);
#1606=VERTEX_POINT('',#5224);
#1607=VERTEX_POINT('',#5226);
#1608=VERTEX_POINT('',#5228);
#1609=VERTEX_POINT('',#5230);
#1610=VERTEX_POINT('',#5232);
#1611=VERTEX_POINT('',#5234);
#1612=VERTEX_POINT('',#5236);
#1613=VERTEX_POINT('',#5238);
#1614=VERTEX_POINT('',#5241);
#1615=VERTEX_POINT('',#5243);
#1616=VERTEX_POINT('',#5247);
#1617=VERTEX_POINT('',#5251);
#1618=VERTEX_POINT('',#5253);
#1619=VERTEX_POINT('',#5255);
#1620=VERTEX_POINT('',#5257);
#1621=VERTEX_POINT('',#5259);
#1622=VERTEX_POINT('',#5261);
#1623=VERTEX_POINT('',#5263);
#1624=VERTEX_POINT('',#5265);
#1625=VERTEX_POINT('',#5268);
#1626=VERTEX_POINT('',#5269);
#1627=VERTEX_POINT('',#5271);
#1628=VERTEX_POINT('',#5273);
#1629=VERTEX_POINT('',#5275);
#1630=VERTEX_POINT('',#5277);
#1631=VERTEX_POINT('',#5279);
#1632=VERTEX_POINT('',#5281);
#1633=VERTEX_POINT('',#5283);
#1634=VERTEX_POINT('',#5285);
#1635=VERTEX_POINT('',#5287);
#1636=VERTEX_POINT('',#5289);
#1637=VERTEX_POINT('',#5293);
#1638=VERTEX_POINT('',#5295);
#1639=VERTEX_POINT('',#5297);
#1640=VERTEX_POINT('',#5299);
#1641=VERTEX_POINT('',#5303);
#1642=VERTEX_POINT('',#5305);
#1643=VERTEX_POINT('',#5312);
#1644=VERTEX_POINT('',#5314);
#1645=VERTEX_POINT('',#5324);
#1646=VERTEX_POINT('',#5330);
#1647=VERTEX_POINT('',#5342);
#1648=VERTEX_POINT('',#5344);
#1649=VERTEX_POINT('',#5348);
#1650=VERTEX_POINT('',#5352);
#1651=VERTEX_POINT('',#5354);
#1652=VERTEX_POINT('',#5356);
#1653=VERTEX_POINT('',#5358);
#1654=VERTEX_POINT('',#5360);
#1655=VERTEX_POINT('',#5362);
#1656=VERTEX_POINT('',#5366);
#1657=VERTEX_POINT('',#5367);
#1658=VERTEX_POINT('',#5369);
#1659=VERTEX_POINT('',#5371);
#1660=VERTEX_POINT('',#5373);
#1661=VERTEX_POINT('',#5375);
#1662=VERTEX_POINT('',#5379);
#1663=VERTEX_POINT('',#5381);
#1664=VERTEX_POINT('',#5383);
#1665=VERTEX_POINT('',#5387);
#1666=VERTEX_POINT('',#5389);
#1667=VERTEX_POINT('',#5393);
#1668=VERTEX_POINT('',#5395);
#1669=VERTEX_POINT('',#5397);
#1670=VERTEX_POINT('',#5401);
#1671=VERTEX_POINT('',#5405);
#1672=VERTEX_POINT('',#5415);
#1673=VERTEX_POINT('',#5417);
#1674=VERTEX_POINT('',#5421);
#1675=VERTEX_POINT('',#5425);
#1676=VERTEX_POINT('',#5427);
#1677=VERTEX_POINT('',#5431);
#1678=VERTEX_POINT('',#5435);
#1679=VERTEX_POINT('',#5439);
#1680=VERTEX_POINT('',#5443);
#1681=VERTEX_POINT('',#5445);
#1682=VERTEX_POINT('',#5451);
#1683=VERTEX_POINT('',#5455);
#1684=VERTEX_POINT('',#5459);
#1685=VERTEX_POINT('',#5461);
#1686=VERTEX_POINT('',#5468);
#1687=VERTEX_POINT('',#5469);
#1688=VERTEX_POINT('',#5471);
#1689=VERTEX_POINT('',#5473);
#1690=VERTEX_POINT('',#5475);
#1691=VERTEX_POINT('',#5477);
#1692=VERTEX_POINT('',#5481);
#1693=VERTEX_POINT('',#5483);
#1694=VERTEX_POINT('',#5485);
#1695=VERTEX_POINT('',#5489);
#1696=VERTEX_POINT('',#5491);
#1697=VERTEX_POINT('',#5495);
#1698=VERTEX_POINT('',#5497);
#1699=VERTEX_POINT('',#5499);
#1700=VERTEX_POINT('',#5503);
#1701=VERTEX_POINT('',#5507);
#1702=VERTEX_POINT('',#5517);
#1703=VERTEX_POINT('',#5518);
#1704=VERTEX_POINT('',#5520);
#1705=VERTEX_POINT('',#5522);
#1706=VERTEX_POINT('',#5526);
#1707=VERTEX_POINT('',#5527);
#1708=VERTEX_POINT('',#5532);
#1709=VERTEX_POINT('',#5533);
#1710=VERTEX_POINT('',#5535);
#1711=VERTEX_POINT('',#5540);
#1712=VERTEX_POINT('',#5541);
#1713=VERTEX_POINT('',#5546);
#1714=VERTEX_POINT('',#5547);
#1715=VERTEX_POINT('',#5552);
#1716=VERTEX_POINT('',#5553);
#1717=VERTEX_POINT('',#5558);
#1718=VERTEX_POINT('',#5559);
#1719=VERTEX_POINT('',#5561);
#1720=VERTEX_POINT('',#5566);
#1721=VERTEX_POINT('',#5570);
#1722=VERTEX_POINT('',#5571);
#1723=VERTEX_POINT('',#5576);
#1724=VERTEX_POINT('',#5577);
#1725=VERTEX_POINT('',#5582);
#1726=VERTEX_POINT('',#5583);
#1727=VERTEX_POINT('',#5585);
#1728=VERTEX_POINT('',#5598);
#1729=VERTEX_POINT('',#5599);
#1730=VERTEX_POINT('',#5601);
#1731=VERTEX_POINT('',#5603);
#1732=VERTEX_POINT('',#5608);
#1733=VERTEX_POINT('',#5609);
#1734=VERTEX_POINT('',#5612);
#1735=VERTEX_POINT('',#5614);
#1736=VERTEX_POINT('',#5619);
#1737=VERTEX_POINT('',#5626);
#1738=VERTEX_POINT('',#5628);
#1739=VERTEX_POINT('',#5634);
#1740=VERTEX_POINT('',#5638);
#1741=VERTEX_POINT('',#5640);
#1742=VERTEX_POINT('',#5642);
#1743=VERTEX_POINT('',#5652);
#1744=VERTEX_POINT('',#5669);
#1745=VERTEX_POINT('',#5673);
#1746=VERTEX_POINT('',#5677);
#1747=VERTEX_POINT('',#5681);
#1748=VERTEX_POINT('',#5685);
#1749=EDGE_CURVE('',#1425,#1426,#1393,.T.);
#1750=EDGE_CURVE('',#1427,#1425,#1363,.T.);
#1751=EDGE_CURVE('',#1428,#1427,#1394,.T.);
#1752=EDGE_CURVE('',#1429,#1428,#1364,.T.);
#1753=EDGE_CURVE('',#1429,#1430,#553,.T.);
#1754=EDGE_CURVE('',#1430,#1430,#1365,.T.);
#1755=EDGE_CURVE('',#1426,#1429,#1366,.T.);
#1756=EDGE_CURVE('',#1431,#1431,#1367,.T.);
#1757=EDGE_CURVE('',#1431,#1432,#554,.T.);
#1758=EDGE_CURVE('',#1432,#1433,#1368,.T.);
#1759=EDGE_CURVE('',#1434,#1433,#1395,.T.);
#1760=EDGE_CURVE('',#1435,#1434,#1396,.T.);
#1761=EDGE_CURVE('',#1435,#1436,#1369,.T.);
#1762=EDGE_CURVE('',#1437,#1436,#1397,.T.);
#1763=EDGE_CURVE('',#1438,#1437,#1398,.T.);
#1764=EDGE_CURVE('',#1438,#1432,#1370,.T.);
#1765=EDGE_CURVE('',#1439,#1440,#555,.T.);
#1766=EDGE_CURVE('',#1441,#1439,#556,.T.);
#1767=EDGE_CURVE('',#1442,#1441,#557,.T.);
#1768=EDGE_CURVE('',#1440,#1442,#62,.T.);
#1769=EDGE_CURVE('',#1426,#1428,#1399,.T.);
#1770=EDGE_CURVE('',#1443,#1444,#1400,.T.);
#1771=EDGE_CURVE('',#1445,#1443,#1401,.T.);
#1772=EDGE_CURVE('',#1446,#1445,#1402,.T.);
#1773=EDGE_CURVE('',#1446,#1447,#558,.T.);
#1774=EDGE_CURVE('',#1447,#1447,#1371,.T.);
#1775=EDGE_CURVE('',#1444,#1446,#1403,.T.);
#1776=EDGE_CURVE('',#1436,#1435,#1404,.T.);
#1777=EDGE_CURVE('',#1448,#1449,#1405,.T.);
#1778=EDGE_CURVE('',#1449,#1448,#1406,.T.);
#1779=EDGE_CURVE('',#1449,#1450,#559,.T.);
#1780=EDGE_CURVE('',#1450,#1450,#1372,.T.);
#1781=EDGE_CURVE('',#1451,#1451,#1373,.T.);
#1782=EDGE_CURVE('',#1451,#1430,#560,.T.);
#1783=EDGE_CURVE('',#1452,#1452,#1374,.T.);
#1784=EDGE_CURVE('',#1452,#1431,#561,.T.);
#1785=EDGE_CURVE('',#1427,#1425,#1407,.T.);
#1786=EDGE_CURVE('',#1433,#1438,#1408,.T.);
#1787=EDGE_CURVE('',#1453,#1454,#562,.T.);
#1788=EDGE_CURVE('',#1455,#1453,#63,.T.);
#1789=EDGE_CURVE('',#1456,#1455,#563,.T.);
#1790=EDGE_CURVE('',#1456,#1454,#564,.T.);
#1791=EDGE_CURVE('',#1457,#1440,#565,.T.);
#1792=EDGE_CURVE('',#1458,#1457,#566,.T.);
#1793=EDGE_CURVE('',#1439,#1458,#567,.T.);
#1794=EDGE_CURVE('',#1459,#1442,#1375,.T.);
#1795=EDGE_CURVE('',#1459,#1460,#568,.T.);
#1796=EDGE_CURVE('',#1460,#1457,#64,.T.);
#1797=EDGE_CURVE('',#1461,#1462,#569,.T.);
#1798=EDGE_CURVE('',#1462,#1463,#65,.T.);
#1799=EDGE_CURVE('',#1463,#1460,#66,.T.);
#1800=EDGE_CURVE('',#1461,#1459,#1376,.T.);
#1801=EDGE_CURVE('',#1464,#1465,#570,.T.);
#1802=EDGE_CURVE('',#1454,#1465,#571,.T.);
#1803=EDGE_CURVE('',#1466,#1456,#572,.T.);
#1804=EDGE_CURVE('',#1466,#1464,#573,.T.);
#1805=EDGE_CURVE('',#1467,#1468,#574,.T.);
#1806=EDGE_CURVE('',#1468,#1462,#1409,.T.);
#1807=EDGE_CURVE('',#1467,#1461,#1410,.T.);
#1808=EDGE_CURVE('',#1469,#1470,#575,.T.);
#1809=EDGE_CURVE('',#1469,#1468,#67,.T.);
#1810=EDGE_CURVE('',#1470,#1467,#1377,.T.);
#1811=EDGE_CURVE('',#1471,#1472,#576,.T.);
#1812=EDGE_CURVE('',#1472,#1469,#1411,.T.);
#1813=EDGE_CURVE('',#1471,#1470,#1412,.T.);
#1814=EDGE_CURVE('',#1473,#1474,#577,.T.);
#1815=EDGE_CURVE('',#1474,#1472,#68,.T.);
#1816=EDGE_CURVE('',#1473,#1471,#1378,.T.);
#1817=EDGE_CURVE('',#1475,#1476,#578,.T.);
#1818=EDGE_CURVE('',#1476,#1474,#1413,.T.);
#1819=EDGE_CURVE('',#1475,#1473,#1414,.T.);
#1820=EDGE_CURVE('',#1477,#1478,#579,.T.);
#1821=EDGE_CURVE('',#1478,#1476,#69,.T.);
#1822=EDGE_CURVE('',#1477,#1475,#1379,.T.);
#1823=EDGE_CURVE('',#1479,#1480,#580,.T.);
#1824=EDGE_CURVE('',#1480,#1478,#1415,.T.);
#1825=EDGE_CURVE('',#1479,#1477,#1416,.T.);
#1826=EDGE_CURVE('',#1481,#1482,#70,.T.);
#1827=EDGE_CURVE('',#1482,#1483,#581,.T.);
#1828=EDGE_CURVE('',#1484,#1483,#1380,.T.);
#1829=EDGE_CURVE('',#1484,#1481,#582,.T.);
#1830=EDGE_CURVE('',#1485,#1486,#583,.T.);
#1831=EDGE_CURVE('',#1487,#1485,#584,.T.);
#1832=EDGE_CURVE('',#1487,#1488,#585,.T.);
#1833=EDGE_CURVE('',#1488,#1489,#586,.T.);
#1834=EDGE_CURVE('',#1489,#1490,#587,.T.);
#1835=EDGE_CURVE('',#1490,#1491,#588,.T.);
#1836=EDGE_CURVE('',#1491,#1492,#589,.F.);
#1837=EDGE_CURVE('',#1486,#1492,#590,.T.);
#1838=EDGE_CURVE('',#1493,#1494,#591,.F.);
#1839=EDGE_CURVE('',#1494,#1495,#592,.T.);
#1840=EDGE_CURVE('',#1495,#1496,#593,.T.);
#1841=EDGE_CURVE('',#1496,#1497,#594,.T.);
#1842=EDGE_CURVE('',#1498,#1497,#595,.T.);
#1843=EDGE_CURVE('',#1499,#1498,#596,.T.);
#1844=EDGE_CURVE('',#1500,#1499,#597,.T.);
#1845=EDGE_CURVE('',#1493,#1500,#598,.T.);
#1846=EDGE_CURVE('',#1501,#1502,#599,.T.);
#1847=EDGE_CURVE('',#1503,#1501,#600,.T.);
#1848=EDGE_CURVE('',#1503,#1504,#601,.F.);
#1849=EDGE_CURVE('',#1502,#1504,#602,.T.);
#1850=EDGE_CURVE('',#1505,#1506,#603,.T.);
#1851=EDGE_CURVE('',#1507,#1505,#604,.T.);
#1852=EDGE_CURVE('',#1507,#1508,#605,.F.);
#1853=EDGE_CURVE('',#1506,#1508,#606,.T.);
#1854=EDGE_CURVE('',#1509,#1510,#607,.T.);
#1855=EDGE_CURVE('',#1511,#1509,#608,.T.);
#1856=EDGE_CURVE('',#1464,#1511,#609,.T.);
#1857=EDGE_CURVE('',#1510,#1466,#610,.T.);
#1858=EDGE_CURVE('',#1512,#1465,#611,.T.);
#1859=EDGE_CURVE('',#1453,#1512,#612,.T.);
#1860=EDGE_CURVE('',#1513,#1501,#613,.T.);
#1861=EDGE_CURVE('',#1514,#1513,#71,.T.);
#1862=EDGE_CURVE('',#1512,#1514,#72,.T.);
#1863=EDGE_CURVE('',#1511,#1503,#614,.T.);
#1864=EDGE_CURVE('',#1515,#1484,#615,.T.);
#1865=EDGE_CURVE('',#1515,#1516,#616,.T.);
#1866=EDGE_CURVE('',#1517,#1516,#617,.T.);
#1867=EDGE_CURVE('',#1481,#1517,#618,.T.);
#1868=EDGE_CURVE('',#1517,#1505,#619,.T.);
#1869=EDGE_CURVE('',#1458,#1516,#620,.T.);
#1870=EDGE_CURVE('',#1463,#1507,#621,.T.);
#1871=EDGE_CURVE('',#1518,#1519,#622,.T.);
#1872=EDGE_CURVE('',#1520,#1518,#623,.T.);
#1873=EDGE_CURVE('',#1520,#1521,#624,.T.);
#1874=EDGE_CURVE('',#1519,#1521,#625,.T.);
#1875=EDGE_CURVE('',#1522,#1520,#626,.T.);
#1876=EDGE_CURVE('',#1523,#1522,#627,.T.);
#1877=EDGE_CURVE('',#1521,#1523,#628,.T.);
#1878=EDGE_CURVE('',#1524,#1525,#629,.T.);
#1879=EDGE_CURVE('',#1526,#1524,#630,.T.);
#1880=EDGE_CURVE('',#1527,#1526,#631,.T.);
#1881=EDGE_CURVE('',#1525,#1527,#632,.T.);
#1882=EDGE_CURVE('',#1483,#1526,#633,.T.);
#1883=EDGE_CURVE('',#1527,#1482,#634,.T.);
#1884=EDGE_CURVE('',#1519,#1509,#73,.T.);
#1885=EDGE_CURVE('',#1528,#1523,#74,.T.);
#1886=EDGE_CURVE('',#1529,#1528,#1417,.T.);
#1887=EDGE_CURVE('',#1530,#1529,#75,.T.);
#1888=EDGE_CURVE('',#1531,#1530,#1418,.T.);
#1889=EDGE_CURVE('',#1532,#1531,#76,.T.);
#1890=EDGE_CURVE('',#1533,#1532,#1419,.T.);
#1891=EDGE_CURVE('',#1534,#1533,#77,.T.);
#1892=EDGE_CURVE('',#1535,#1534,#1420,.T.);
#1893=EDGE_CURVE('',#1525,#1535,#78,.T.);
#1894=EDGE_CURVE('',#1536,#1506,#635,.T.);
#1895=EDGE_CURVE('',#1537,#1536,#636,.T.);
#1896=EDGE_CURVE('',#1504,#1537,#637,.T.);
#1897=EDGE_CURVE('',#1538,#1528,#638,.T.);
#1898=EDGE_CURVE('',#1538,#1522,#1381,.T.);
#1899=EDGE_CURVE('',#1518,#1510,#1382,.T.);
#1900=EDGE_CURVE('',#1539,#1514,#639,.T.);
#1901=EDGE_CURVE('',#1455,#1539,#1383,.T.);
#1902=EDGE_CURVE('',#1513,#1480,#79,.T.);
#1903=EDGE_CURVE('',#1539,#1479,#1384,.T.);
#1904=EDGE_CURVE('',#1540,#1541,#640,.T.);
#1905=EDGE_CURVE('',#1542,#1541,#641,.T.);
#1906=EDGE_CURVE('',#1543,#1542,#642,.T.);
#1907=EDGE_CURVE('',#1543,#1540,#643,.T.);
#1908=EDGE_CURVE('',#1544,#1540,#644,.T.);
#1909=EDGE_CURVE('',#1545,#1543,#645,.T.);
#1910=EDGE_CURVE('',#1544,#1545,#646,.T.);
#1911=EDGE_CURVE('',#1546,#1544,#647,.T.);
#1912=EDGE_CURVE('',#1547,#1545,#648,.T.);
#1913=EDGE_CURVE('',#1546,#1547,#649,.T.);
#1914=EDGE_CURVE('',#1548,#1549,#650,.T.);
#1915=EDGE_CURVE('',#1550,#1548,#651,.T.);
#1916=EDGE_CURVE('',#1549,#1550,#652,.T.);
#1917=EDGE_CURVE('',#1551,#1548,#653,.T.);
#1918=EDGE_CURVE('',#1552,#1551,#654,.T.);
#1919=EDGE_CURVE('',#1553,#1552,#655,.T.);
#1920=EDGE_CURVE('',#1550,#1553,#656,.T.);
#1921=EDGE_CURVE('',#1554,#1542,#657,.T.);
#1922=EDGE_CURVE('',#1555,#1554,#658,.T.);
#1923=EDGE_CURVE('',#1556,#1555,#659,.T.);
#1924=EDGE_CURVE('',#1557,#1556,#660,.T.);
#1925=EDGE_CURVE('',#1549,#1557,#661,.T.);
#1926=EDGE_CURVE('',#1553,#1558,#662,.T.);
#1927=EDGE_CURVE('',#1559,#1558,#663,.T.);
#1928=EDGE_CURVE('',#1560,#1559,#664,.T.);
#1929=EDGE_CURVE('',#1561,#1560,#665,.T.);
#1930=EDGE_CURVE('',#1562,#1561,#666,.T.);
#1931=EDGE_CURVE('',#1547,#1562,#667,.T.);
#1932=EDGE_CURVE('',#1441,#1515,#668,.T.);
#1933=EDGE_CURVE('',#1524,#1563,#1385,.T.);
#1934=EDGE_CURVE('',#1563,#1564,#1421,.T.);
#1935=EDGE_CURVE('',#1564,#1565,#1386,.T.);
#1936=EDGE_CURVE('',#1565,#1566,#1422,.T.);
#1937=EDGE_CURVE('',#1566,#1567,#1387,.T.);
#1938=EDGE_CURVE('',#1567,#1568,#1423,.T.);
#1939=EDGE_CURVE('',#1568,#1569,#1388,.T.);
#1940=EDGE_CURVE('',#1569,#1538,#1424,.T.);
#1941=EDGE_CURVE('',#1558,#1552,#669,.T.);
#1942=EDGE_CURVE('',#1569,#1529,#670,.T.);
#1943=EDGE_CURVE('',#1568,#1530,#671,.T.);
#1944=EDGE_CURVE('',#1567,#1531,#672,.T.);
#1945=EDGE_CURVE('',#1566,#1532,#673,.T.);
#1946=EDGE_CURVE('',#1565,#1533,#674,.T.);
#1947=EDGE_CURVE('',#1564,#1534,#675,.T.);
#1948=EDGE_CURVE('',#1563,#1535,#676,.T.);
#1949=EDGE_CURVE('',#1570,#1502,#677,.T.);
#1950=EDGE_CURVE('',#1508,#1570,#678,.T.);
#1951=EDGE_CURVE('',#1571,#1572,#679,.T.);
#1952=EDGE_CURVE('',#1571,#1573,#680,.T.);
#1953=EDGE_CURVE('',#1574,#1573,#681,.T.);
#1954=EDGE_CURVE('',#1572,#1574,#682,.T.);
#1955=EDGE_CURVE('',#1571,#1575,#683,.T.);
#1956=EDGE_CURVE('',#1575,#1576,#684,.T.);
#1957=EDGE_CURVE('',#1573,#1576,#685,.T.);
#1958=EDGE_CURVE('',#1557,#1577,#686,.T.);
#1959=EDGE_CURVE('',#1578,#1577,#687,.T.);
#1960=EDGE_CURVE('',#1579,#1578,#688,.T.);
#1961=EDGE_CURVE('',#1579,#1551,#689,.T.);
#1962=EDGE_CURVE('',#1572,#1580,#690,.T.);
#1963=EDGE_CURVE('',#1581,#1580,#691,.T.);
#1964=EDGE_CURVE('',#1582,#1581,#692,.T.);
#1965=EDGE_CURVE('',#1583,#1582,#693,.T.);
#1966=EDGE_CURVE('',#1499,#1583,#694,.T.);
#1967=EDGE_CURVE('',#1498,#1541,#695,.T.);
#1968=EDGE_CURVE('',#1546,#1487,#696,.T.);
#1969=EDGE_CURVE('',#1584,#1485,#697,.T.);
#1970=EDGE_CURVE('',#1585,#1584,#698,.T.);
#1971=EDGE_CURVE('',#1586,#1585,#699,.T.);
#1972=EDGE_CURVE('',#1587,#1586,#700,.T.);
#1973=EDGE_CURVE('',#1575,#1587,#701,.T.);
#1974=EDGE_CURVE('',#1588,#1588,#1389,.T.);
#1975=EDGE_CURVE('',#1589,#1589,#1390,.T.);
#1976=EDGE_CURVE('',#1562,#1488,#702,.T.);
#1977=EDGE_CURVE('',#1590,#1579,#703,.T.);
#1978=EDGE_CURVE('',#1590,#1591,#704,.T.);
#1979=EDGE_CURVE('',#1591,#1559,#705,.T.);
#1980=EDGE_CURVE('',#1489,#1561,#706,.T.);
#1981=EDGE_CURVE('',#1490,#1560,#707,.T.);
#1982=EDGE_CURVE('',#1592,#1593,#708,.T.);
#1983=EDGE_CURVE('',#1593,#1584,#709,.T.);
#1984=EDGE_CURVE('',#1486,#1594,#710,.T.);
#1985=EDGE_CURVE('',#1594,#1595,#711,.T.);
#1986=EDGE_CURVE('',#1595,#1596,#712,.T.);
#1987=EDGE_CURVE('',#1596,#1592,#713,.T.);
#1988=EDGE_CURVE('',#1597,#1596,#714,.T.);
#1989=EDGE_CURVE('',#1598,#1597,#715,.T.);
#1990=EDGE_CURVE('',#1598,#1592,#716,.T.);
#1991=EDGE_CURVE('',#1599,#1595,#717,.T.);
#1992=EDGE_CURVE('',#1597,#1599,#718,.T.);
#1993=EDGE_CURVE('',#1600,#1594,#719,.T.);
#1994=EDGE_CURVE('',#1599,#1600,#720,.T.);
#1995=EDGE_CURVE('',#1492,#1601,#721,.T.);
#1996=EDGE_CURVE('',#1601,#1590,#722,.T.);
#1997=EDGE_CURVE('',#1578,#1602,#723,.T.);
#1998=EDGE_CURVE('',#1602,#1493,#724,.T.);
#1999=EDGE_CURVE('',#1603,#1500,#725,.T.);
#2000=EDGE_CURVE('',#1603,#1604,#726,.T.);
#2001=EDGE_CURVE('',#1605,#1604,#727,.T.);
#2002=EDGE_CURVE('',#1606,#1605,#728,.T.);
#2003=EDGE_CURVE('',#1607,#1606,#729,.T.);
#2004=EDGE_CURVE('',#1608,#1607,#730,.T.);
#2005=EDGE_CURVE('',#1609,#1608,#731,.T.);
#2006=EDGE_CURVE('',#1609,#1610,#732,.F.);
#2007=EDGE_CURVE('',#1610,#1611,#733,.F.);
#2008=EDGE_CURVE('',#1611,#1612,#734,.F.);
#2009=EDGE_CURVE('',#1613,#1612,#735,.T.);
#2010=EDGE_CURVE('',#1600,#1613,#736,.T.);
#2011=EDGE_CURVE('',#1614,#1614,#1391,.T.);
#2012=EDGE_CURVE('',#1615,#1615,#1392,.T.);
#2013=EDGE_CURVE('',#1613,#1586,#737,.T.);
#2014=EDGE_CURVE('',#1585,#1616,#738,.T.);
#2015=EDGE_CURVE('',#1616,#1598,#739,.T.);
#2016=EDGE_CURVE('',#1612,#1617,#740,.T.);
#2017=EDGE_CURVE('',#1617,#1618,#741,.T.);
#2018=EDGE_CURVE('',#1618,#1619,#742,.T.);
#2019=EDGE_CURVE('',#1619,#1620,#743,.T.);
#2020=EDGE_CURVE('',#1620,#1621,#744,.T.);
#2021=EDGE_CURVE('',#1621,#1622,#745,.T.);
#2022=EDGE_CURVE('',#1623,#1622,#746,.T.);
#2023=EDGE_CURVE('',#1623,#1624,#747,.T.);
#2024=EDGE_CURVE('',#1624,#1587,#748,.T.);
#2025=EDGE_CURVE('',#1625,#1626,#749,.T.);
#2026=EDGE_CURVE('',#1626,#1627,#750,.T.);
#2027=EDGE_CURVE('',#1627,#1628,#751,.T.);
#2028=EDGE_CURVE('',#1628,#1629,#752,.T.);
#2029=EDGE_CURVE('',#1629,#1630,#753,.T.);
#2030=EDGE_CURVE('',#1630,#1631,#754,.T.);
#2031=EDGE_CURVE('',#1631,#1632,#755,.T.);
#2032=EDGE_CURVE('',#1632,#1633,#756,.T.);
#2033=EDGE_CURVE('',#1633,#1634,#757,.T.);
#2034=EDGE_CURVE('',#1634,#1635,#758,.T.);
#2035=EDGE_CURVE('',#1635,#1636,#759,.T.);
#2036=EDGE_CURVE('',#1636,#1625,#760,.T.);
#2037=EDGE_CURVE('',#1583,#1637,#761,.T.);
#2038=EDGE_CURVE('',#1637,#1638,#762,.T.);
#2039=EDGE_CURVE('',#1638,#1639,#763,.T.);
#2040=EDGE_CURVE('',#1639,#1640,#764,.T.);
#2041=EDGE_CURVE('',#1640,#1603,#765,.T.);
#2042=EDGE_CURVE('',#1637,#1641,#766,.T.);
#2043=EDGE_CURVE('',#1642,#1641,#767,.T.);
#2044=EDGE_CURVE('',#1638,#1642,#768,.T.);
#2045=EDGE_CURVE('',#1641,#1582,#769,.T.);
#2046=EDGE_CURVE('',#1581,#1605,#770,.T.);
#2047=EDGE_CURVE('',#1604,#1643,#771,.T.);
#2048=EDGE_CURVE('',#1643,#1644,#772,.T.);
#2049=EDGE_CURVE('',#1644,#1642,#773,.T.);
#2050=EDGE_CURVE('',#1639,#1644,#774,.T.);
#2051=EDGE_CURVE('',#1640,#1643,#775,.T.);
#2052=EDGE_CURVE('',#1495,#1556,#776,.F.);
#2053=EDGE_CURVE('',#1645,#1494,#777,.T.);
#2054=EDGE_CURVE('',#1645,#1577,#778,.T.);
#2055=EDGE_CURVE('',#1602,#1645,#779,.F.);
#2056=EDGE_CURVE('',#1591,#1646,#780,.T.);
#2057=EDGE_CURVE('',#1491,#1646,#781,.T.);
#2058=EDGE_CURVE('',#1601,#1646,#782,.T.);
#2059=EDGE_CURVE('',#1496,#1555,#783,.T.);
#2060=EDGE_CURVE('',#1497,#1554,#784,.T.);
#2061=EDGE_CURVE('',#1647,#1536,#785,.T.);
#2062=EDGE_CURVE('',#1647,#1648,#786,.T.);
#2063=EDGE_CURVE('',#1648,#1574,#787,.T.);
#2064=EDGE_CURVE('',#1576,#1624,#788,.T.);
#2065=EDGE_CURVE('',#1624,#1649,#789,.T.);
#2066=EDGE_CURVE('',#1537,#1649,#790,.T.);
#2067=EDGE_CURVE('',#1570,#1650,#791,.T.);
#2068=EDGE_CURVE('',#1650,#1651,#792,.T.);
#2069=EDGE_CURVE('',#1651,#1652,#793,.T.);
#2070=EDGE_CURVE('',#1652,#1653,#794,.T.);
#2071=EDGE_CURVE('',#1653,#1654,#795,.T.);
#2072=EDGE_CURVE('',#1654,#1655,#796,.T.);
#2073=EDGE_CURVE('',#1655,#1647,#797,.T.);
#2074=EDGE_CURVE('',#1656,#1657,#798,.T.);
#2075=EDGE_CURVE('',#1658,#1656,#799,.T.);
#2076=EDGE_CURVE('',#1658,#1659,#800,.T.);
#2077=EDGE_CURVE('',#1660,#1659,#801,.T.);
#2078=EDGE_CURVE('',#1661,#1660,#802,.T.);
#2079=EDGE_CURVE('',#1661,#1657,#803,.T.);
#2080=EDGE_CURVE('',#1657,#1662,#804,.T.);
#2081=EDGE_CURVE('',#1663,#1661,#805,.T.);
#2082=EDGE_CURVE('',#1663,#1664,#806,.T.);
#2083=EDGE_CURVE('',#1664,#1662,#807,.T.);
#2084=EDGE_CURVE('',#1662,#1665,#808,.T.);
#2085=EDGE_CURVE('',#1666,#1664,#809,.T.);
#2086=EDGE_CURVE('',#1665,#1666,#810,.T.);
#2087=EDGE_CURVE('',#1667,#1656,#811,.T.);
#2088=EDGE_CURVE('',#1668,#1667,#812,.T.);
#2089=EDGE_CURVE('',#1668,#1669,#813,.T.);
#2090=EDGE_CURVE('',#1669,#1658,#814,.T.);
#2091=EDGE_CURVE('',#1670,#1665,#815,.T.);
#2092=EDGE_CURVE('',#1667,#1670,#816,.T.);
#2093=EDGE_CURVE('',#1671,#1666,#817,.T.);
#2094=EDGE_CURVE('',#1670,#1671,#818,.T.);
#2095=EDGE_CURVE('',#1671,#1663,#819,.T.);
#2096=EDGE_CURVE('',#1659,#1669,#820,.T.);
#2097=EDGE_CURVE('',#1660,#1668,#821,.T.);
#2098=EDGE_CURVE('',#1626,#1672,#822,.T.);
#2099=EDGE_CURVE('',#1625,#1673,#823,.T.);
#2100=EDGE_CURVE('',#1673,#1672,#824,.T.);
#2101=EDGE_CURVE('',#1627,#1674,#825,.T.);
#2102=EDGE_CURVE('',#1672,#1674,#826,.T.);
#2103=EDGE_CURVE('',#1628,#1675,#827,.T.);
#2104=EDGE_CURVE('',#1674,#1676,#828,.T.);
#2105=EDGE_CURVE('',#1675,#1676,#829,.T.);
#2106=EDGE_CURVE('',#1629,#1677,#830,.T.);
#2107=EDGE_CURVE('',#1676,#1677,#831,.T.);
#2108=EDGE_CURVE('',#1630,#1678,#832,.T.);
#2109=EDGE_CURVE('',#1677,#1678,#833,.T.);
#2110=EDGE_CURVE('',#1631,#1679,#834,.T.);
#2111=EDGE_CURVE('',#1678,#1679,#835,.T.);
#2112=EDGE_CURVE('',#1632,#1680,#836,.T.);
#2113=EDGE_CURVE('',#1679,#1681,#837,.T.);
#2114=EDGE_CURVE('',#1680,#1681,#838,.T.);
#2115=EDGE_CURVE('',#1633,#1680,#839,.T.);
#2116=EDGE_CURVE('',#1634,#1682,#840,.T.);
#2117=EDGE_CURVE('',#1681,#1682,#841,.T.);
#2118=EDGE_CURVE('',#1635,#1683,#842,.T.);
#2119=EDGE_CURVE('',#1682,#1683,#843,.T.);
#2120=EDGE_CURVE('',#1636,#1684,#844,.T.);
#2121=EDGE_CURVE('',#1683,#1685,#845,.T.);
#2122=EDGE_CURVE('',#1684,#1685,#846,.T.);
#2123=EDGE_CURVE('',#1685,#1673,#847,.T.);
#2124=EDGE_CURVE('',#1686,#1687,#848,.T.);
#2125=EDGE_CURVE('',#1688,#1687,#849,.T.);
#2126=EDGE_CURVE('',#1689,#1688,#850,.T.);
#2127=EDGE_CURVE('',#1689,#1690,#851,.T.);
#2128=EDGE_CURVE('',#1691,#1690,#852,.T.);
#2129=EDGE_CURVE('',#1691,#1686,#853,.T.);
#2130=EDGE_CURVE('',#1687,#1692,#854,.T.);
#2131=EDGE_CURVE('',#1693,#1692,#855,.T.);
#2132=EDGE_CURVE('',#1694,#1693,#856,.T.);
#2133=EDGE_CURVE('',#1688,#1694,#857,.T.);
#2134=EDGE_CURVE('',#1692,#1695,#858,.T.);
#2135=EDGE_CURVE('',#1695,#1696,#859,.T.);
#2136=EDGE_CURVE('',#1696,#1693,#860,.T.);
#2137=EDGE_CURVE('',#1697,#1691,#861,.T.);
#2138=EDGE_CURVE('',#1698,#1697,#862,.T.);
#2139=EDGE_CURVE('',#1699,#1698,#863,.T.);
#2140=EDGE_CURVE('',#1699,#1686,#864,.T.);
#2141=EDGE_CURVE('',#1700,#1699,#865,.T.);
#2142=EDGE_CURVE('',#1700,#1695,#866,.T.);
#2143=EDGE_CURVE('',#1701,#1700,#867,.T.);
#2144=EDGE_CURVE('',#1701,#1696,#868,.T.);
#2145=EDGE_CURVE('',#1694,#1701,#869,.T.);
#2146=EDGE_CURVE('',#1690,#1697,#870,.T.);
#2147=EDGE_CURVE('',#1698,#1689,#871,.T.);
#2148=EDGE_CURVE('',#1702,#1703,#872,.T.);
#2149=EDGE_CURVE('',#1704,#1703,#873,.T.);
#2150=EDGE_CURVE('',#1705,#1704,#874,.T.);
#2151=EDGE_CURVE('',#1702,#1705,#875,.T.);
#2152=EDGE_CURVE('',#1706,#1707,#876,.T.);
#2153=EDGE_CURVE('',#1703,#1707,#877,.T.);
#2154=EDGE_CURVE('',#1706,#1702,#878,.T.);
#2155=EDGE_CURVE('',#1708,#1709,#879,.T.);
#2156=EDGE_CURVE('',#1709,#1710,#880,.T.);
#2157=EDGE_CURVE('',#1707,#1710,#881,.T.);
#2158=EDGE_CURVE('',#1708,#1706,#882,.T.);
#2159=EDGE_CURVE('',#1711,#1712,#883,.T.);
#2160=EDGE_CURVE('',#1710,#1712,#884,.T.);
#2161=EDGE_CURVE('',#1711,#1708,#885,.T.);
#2162=EDGE_CURVE('',#1713,#1714,#886,.T.);
#2163=EDGE_CURVE('',#1712,#1714,#887,.T.);
#2164=EDGE_CURVE('',#1713,#1711,#888,.T.);
#2165=EDGE_CURVE('',#1715,#1716,#889,.T.);
#2166=EDGE_CURVE('',#1714,#1716,#890,.T.);
#2167=EDGE_CURVE('',#1715,#1713,#891,.T.);
#2168=EDGE_CURVE('',#1717,#1718,#892,.T.);
#2169=EDGE_CURVE('',#1718,#1719,#893,.T.);
#2170=EDGE_CURVE('',#1716,#1719,#894,.T.);
#2171=EDGE_CURVE('',#1717,#1715,#895,.T.);
#2172=EDGE_CURVE('',#1720,#1717,#896,.T.);
#2173=EDGE_CURVE('',#1720,#1718,#897,.T.);
#2174=EDGE_CURVE('',#1721,#1722,#898,.T.);
#2175=EDGE_CURVE('',#1719,#1722,#899,.T.);
#2176=EDGE_CURVE('',#1721,#1720,#900,.T.);
#2177=EDGE_CURVE('',#1723,#1724,#901,.T.);
#2178=EDGE_CURVE('',#1722,#1724,#902,.T.);
#2179=EDGE_CURVE('',#1723,#1721,#903,.T.);
#2180=EDGE_CURVE('',#1725,#1726,#904,.T.);
#2181=EDGE_CURVE('',#1726,#1727,#905,.T.);
#2182=EDGE_CURVE('',#1724,#1727,#906,.T.);
#2183=EDGE_CURVE('',#1725,#1723,#907,.T.);
#2184=EDGE_CURVE('',#1727,#1704,#908,.T.);
#2185=EDGE_CURVE('',#1705,#1725,#909,.T.);
#2186=EDGE_CURVE('',#1616,#1593,#910,.T.);
#2187=EDGE_CURVE('',#1728,#1729,#911,.T.);
#2188=EDGE_CURVE('',#1730,#1728,#912,.T.);
#2189=EDGE_CURVE('',#1731,#1730,#913,.T.);
#2190=EDGE_CURVE('',#1652,#1731,#914,.T.);
#2191=EDGE_CURVE('',#1729,#1651,#915,.T.);
#2192=EDGE_CURVE('',#1732,#1733,#916,.T.);
#2193=EDGE_CURVE('',#1620,#1732,#917,.T.);
#2194=EDGE_CURVE('',#1734,#1619,#918,.T.);
#2195=EDGE_CURVE('',#1735,#1734,#919,.T.);
#2196=EDGE_CURVE('',#1733,#1735,#920,.T.);
#2197=EDGE_CURVE('',#1649,#1623,#921,.T.);
#2198=EDGE_CURVE('',#1622,#1736,#922,.T.);
#2199=EDGE_CURVE('',#1736,#1732,#923,.T.);
#2200=EDGE_CURVE('',#1733,#1650,#924,.T.);
#2201=EDGE_CURVE('',#1735,#1729,#925,.T.);
#2202=EDGE_CURVE('',#1734,#1737,#926,.T.);
#2203=EDGE_CURVE('',#1738,#1737,#927,.T.);
#2204=EDGE_CURVE('',#1738,#1728,#928,.T.);
#2205=EDGE_CURVE('',#1737,#1618,#929,.T.);
#2206=EDGE_CURVE('',#1739,#1738,#930,.T.);
#2207=EDGE_CURVE('',#1730,#1739,#931,.T.);
#2208=EDGE_CURVE('',#1617,#1740,#932,.T.);
#2209=EDGE_CURVE('',#1740,#1741,#933,.T.);
#2210=EDGE_CURVE('',#1741,#1742,#934,.T.);
#2211=EDGE_CURVE('',#1739,#1742,#935,.T.);
#2212=EDGE_CURVE('',#1736,#1621,#936,.T.);
#2213=EDGE_CURVE('',#1648,#1655,#937,.T.);
#2214=EDGE_CURVE('',#1743,#1731,#938,.T.);
#2215=EDGE_CURVE('',#1653,#1743,#939,.T.);
#2216=EDGE_CURVE('',#1654,#1743,#940,.T.);
#2217=EDGE_CURVE('',#1580,#1648,#941,.T.);
#2218=EDGE_CURVE('',#1606,#1742,#942,.T.);
#2219=EDGE_CURVE('',#1614,#1444,#943,.T.);
#2220=EDGE_CURVE('',#1445,#1588,#944,.T.);
#2221=EDGE_CURVE('',#1615,#1434,#945,.T.);
#2222=EDGE_CURVE('',#1437,#1589,#946,.T.);
#2223=EDGE_CURVE('',#1741,#1744,#947,.F.);
#2224=EDGE_CURVE('',#1607,#1744,#948,.T.);
#2225=EDGE_CURVE('',#1611,#1745,#949,.T.);
#2226=EDGE_CURVE('',#1745,#1740,#950,.F.);
#2227=EDGE_CURVE('',#1610,#1746,#951,.F.);
#2228=EDGE_CURVE('',#1746,#1745,#952,.F.);
#2229=EDGE_CURVE('',#1609,#1747,#953,.F.);
#2230=EDGE_CURVE('',#1747,#1746,#954,.F.);
#2231=EDGE_CURVE('',#1608,#1748,#955,.F.);
#2232=EDGE_CURVE('',#1748,#1747,#956,.F.);
#2233=EDGE_CURVE('',#1744,#1748,#957,.F.);
#2234=ORIENTED_EDGE('',*,*,#1749,.F.);
#2235=ORIENTED_EDGE('',*,*,#1750,.F.);
#2236=ORIENTED_EDGE('',*,*,#1751,.F.);
#2237=ORIENTED_EDGE('',*,*,#1752,.F.);
#2238=ORIENTED_EDGE('',*,*,#1753,.T.);
#2239=ORIENTED_EDGE('',*,*,#1754,.F.);
#2240=ORIENTED_EDGE('',*,*,#1753,.F.);
#2241=ORIENTED_EDGE('',*,*,#1755,.F.);
#2242=ORIENTED_EDGE('',*,*,#1756,.F.);
#2243=ORIENTED_EDGE('',*,*,#1757,.T.);
#2244=ORIENTED_EDGE('',*,*,#1758,.T.);
#2245=ORIENTED_EDGE('',*,*,#1759,.F.);
#2246=ORIENTED_EDGE('',*,*,#1760,.F.);
#2247=ORIENTED_EDGE('',*,*,#1761,.T.);
#2248=ORIENTED_EDGE('',*,*,#1762,.F.);
#2249=ORIENTED_EDGE('',*,*,#1763,.F.);
#2250=ORIENTED_EDGE('',*,*,#1764,.T.);
#2251=ORIENTED_EDGE('',*,*,#1757,.F.);
#2252=ORIENTED_EDGE('',*,*,#1765,.F.);
#2253=ORIENTED_EDGE('',*,*,#1766,.F.);
#2254=ORIENTED_EDGE('',*,*,#1767,.F.);
#2255=ORIENTED_EDGE('',*,*,#1768,.F.);
#2256=ORIENTED_EDGE('',*,*,#1769,.F.);
#2257=ORIENTED_EDGE('',*,*,#1755,.T.);
#2258=ORIENTED_EDGE('',*,*,#1752,.T.);
#2259=ORIENTED_EDGE('',*,*,#1770,.F.);
#2260=ORIENTED_EDGE('',*,*,#1771,.F.);
#2261=ORIENTED_EDGE('',*,*,#1772,.F.);
#2262=ORIENTED_EDGE('',*,*,#1773,.T.);
#2263=ORIENTED_EDGE('',*,*,#1774,.F.);
#2264=ORIENTED_EDGE('',*,*,#1773,.F.);
#2265=ORIENTED_EDGE('',*,*,#1775,.F.);
#2266=ORIENTED_EDGE('',*,*,#1776,.F.);
#2267=ORIENTED_EDGE('',*,*,#1761,.F.);
#2268=ORIENTED_EDGE('',*,*,#1777,.F.);
#2269=ORIENTED_EDGE('',*,*,#1778,.F.);
#2270=ORIENTED_EDGE('',*,*,#1779,.T.);
#2271=ORIENTED_EDGE('',*,*,#1780,.F.);
#2272=ORIENTED_EDGE('',*,*,#1779,.F.);
#2273=ORIENTED_EDGE('',*,*,#1781,.F.);
#2274=ORIENTED_EDGE('',*,*,#1782,.T.);
#2275=ORIENTED_EDGE('',*,*,#1754,.T.);
#2276=ORIENTED_EDGE('',*,*,#1782,.F.);
#2277=ORIENTED_EDGE('',*,*,#1783,.F.);
#2278=ORIENTED_EDGE('',*,*,#1784,.T.);
#2279=ORIENTED_EDGE('',*,*,#1756,.T.);
#2280=ORIENTED_EDGE('',*,*,#1784,.F.);
#2281=ORIENTED_EDGE('',*,*,#1785,.F.);
#2282=ORIENTED_EDGE('',*,*,#1750,.T.);
#2283=ORIENTED_EDGE('',*,*,#1786,.F.);
#2284=ORIENTED_EDGE('',*,*,#1758,.F.);
#2285=ORIENTED_EDGE('',*,*,#1764,.F.);
#2286=ORIENTED_EDGE('',*,*,#1787,.F.);
#2287=ORIENTED_EDGE('',*,*,#1788,.F.);
#2288=ORIENTED_EDGE('',*,*,#1789,.F.);
#2289=ORIENTED_EDGE('',*,*,#1790,.T.);
#2290=ORIENTED_EDGE('',*,*,#1765,.T.);
#2291=ORIENTED_EDGE('',*,*,#1791,.F.);
#2292=ORIENTED_EDGE('',*,*,#1792,.F.);
#2293=ORIENTED_EDGE('',*,*,#1793,.F.);
#2294=ORIENTED_EDGE('',*,*,#1768,.T.);
#2295=ORIENTED_EDGE('',*,*,#1794,.F.);
#2296=ORIENTED_EDGE('',*,*,#1795,.T.);
#2297=ORIENTED_EDGE('',*,*,#1796,.T.);
#2298=ORIENTED_EDGE('',*,*,#1791,.T.);
#2299=ORIENTED_EDGE('',*,*,#1797,.T.);
#2300=ORIENTED_EDGE('',*,*,#1798,.T.);
#2301=ORIENTED_EDGE('',*,*,#1799,.T.);
#2302=ORIENTED_EDGE('',*,*,#1795,.F.);
#2303=ORIENTED_EDGE('',*,*,#1800,.F.);
#2304=ORIENTED_EDGE('',*,*,#1801,.T.);
#2305=ORIENTED_EDGE('',*,*,#1802,.F.);
#2306=ORIENTED_EDGE('',*,*,#1790,.F.);
#2307=ORIENTED_EDGE('',*,*,#1803,.F.);
#2308=ORIENTED_EDGE('',*,*,#1804,.T.);
#2309=ORIENTED_EDGE('',*,*,#1805,.T.);
#2310=ORIENTED_EDGE('',*,*,#1806,.T.);
#2311=ORIENTED_EDGE('',*,*,#1797,.F.);
#2312=ORIENTED_EDGE('',*,*,#1807,.F.);
#2313=ORIENTED_EDGE('',*,*,#1808,.F.);
#2314=ORIENTED_EDGE('',*,*,#1809,.T.);
#2315=ORIENTED_EDGE('',*,*,#1805,.F.);
#2316=ORIENTED_EDGE('',*,*,#1810,.F.);
#2317=ORIENTED_EDGE('',*,*,#1811,.T.);
#2318=ORIENTED_EDGE('',*,*,#1812,.T.);
#2319=ORIENTED_EDGE('',*,*,#1808,.T.);
#2320=ORIENTED_EDGE('',*,*,#1813,.F.);
#2321=ORIENTED_EDGE('',*,*,#1814,.T.);
#2322=ORIENTED_EDGE('',*,*,#1815,.T.);
#2323=ORIENTED_EDGE('',*,*,#1811,.F.);
#2324=ORIENTED_EDGE('',*,*,#1816,.F.);
#2325=ORIENTED_EDGE('',*,*,#1817,.T.);
#2326=ORIENTED_EDGE('',*,*,#1818,.T.);
#2327=ORIENTED_EDGE('',*,*,#1814,.F.);
#2328=ORIENTED_EDGE('',*,*,#1819,.F.);
#2329=ORIENTED_EDGE('',*,*,#1820,.T.);
#2330=ORIENTED_EDGE('',*,*,#1821,.T.);
#2331=ORIENTED_EDGE('',*,*,#1817,.F.);
#2332=ORIENTED_EDGE('',*,*,#1822,.F.);
#2333=ORIENTED_EDGE('',*,*,#1823,.T.);
#2334=ORIENTED_EDGE('',*,*,#1824,.T.);
#2335=ORIENTED_EDGE('',*,*,#1820,.F.);
#2336=ORIENTED_EDGE('',*,*,#1825,.F.);
#2337=ORIENTED_EDGE('',*,*,#1826,.T.);
#2338=ORIENTED_EDGE('',*,*,#1827,.T.);
#2339=ORIENTED_EDGE('',*,*,#1828,.F.);
#2340=ORIENTED_EDGE('',*,*,#1829,.T.);
#2341=ORIENTED_EDGE('',*,*,#1830,.F.);
#2342=ORIENTED_EDGE('',*,*,#1831,.F.);
#2343=ORIENTED_EDGE('',*,*,#1832,.T.);
#2344=ORIENTED_EDGE('',*,*,#1833,.T.);
#2345=ORIENTED_EDGE('',*,*,#1834,.T.);
#2346=ORIENTED_EDGE('',*,*,#1835,.T.);
#2347=ORIENTED_EDGE('',*,*,#1836,.T.);
#2348=ORIENTED_EDGE('',*,*,#1837,.F.);
#2349=ORIENTED_EDGE('',*,*,#1781,.T.);
#2350=ORIENTED_EDGE('',*,*,#1838,.T.);
#2351=ORIENTED_EDGE('',*,*,#1839,.T.);
#2352=ORIENTED_EDGE('',*,*,#1840,.T.);
#2353=ORIENTED_EDGE('',*,*,#1841,.T.);
#2354=ORIENTED_EDGE('',*,*,#1842,.F.);
#2355=ORIENTED_EDGE('',*,*,#1843,.F.);
#2356=ORIENTED_EDGE('',*,*,#1844,.F.);
#2357=ORIENTED_EDGE('',*,*,#1845,.F.);
#2358=ORIENTED_EDGE('',*,*,#1783,.T.);
#2359=ORIENTED_EDGE('',*,*,#1846,.F.);
#2360=ORIENTED_EDGE('',*,*,#1847,.F.);
#2361=ORIENTED_EDGE('',*,*,#1848,.T.);
#2362=ORIENTED_EDGE('',*,*,#1849,.F.);
#2363=ORIENTED_EDGE('',*,*,#1850,.F.);
#2364=ORIENTED_EDGE('',*,*,#1851,.F.);
#2365=ORIENTED_EDGE('',*,*,#1852,.T.);
#2366=ORIENTED_EDGE('',*,*,#1853,.F.);
#2367=ORIENTED_EDGE('',*,*,#1854,.F.);
#2368=ORIENTED_EDGE('',*,*,#1855,.F.);
#2369=ORIENTED_EDGE('',*,*,#1856,.F.);
#2370=ORIENTED_EDGE('',*,*,#1804,.F.);
#2371=ORIENTED_EDGE('',*,*,#1857,.F.);
#2372=ORIENTED_EDGE('',*,*,#1787,.T.);
#2373=ORIENTED_EDGE('',*,*,#1802,.T.);
#2374=ORIENTED_EDGE('',*,*,#1858,.F.);
#2375=ORIENTED_EDGE('',*,*,#1859,.F.);
#2376=ORIENTED_EDGE('',*,*,#1847,.T.);
#2377=ORIENTED_EDGE('',*,*,#1860,.F.);
#2378=ORIENTED_EDGE('',*,*,#1861,.F.);
#2379=ORIENTED_EDGE('',*,*,#1862,.F.);
#2380=ORIENTED_EDGE('',*,*,#1858,.T.);
#2381=ORIENTED_EDGE('',*,*,#1801,.F.);
#2382=ORIENTED_EDGE('',*,*,#1856,.T.);
#2383=ORIENTED_EDGE('',*,*,#1863,.T.);
#2384=ORIENTED_EDGE('',*,*,#1829,.F.);
#2385=ORIENTED_EDGE('',*,*,#1864,.F.);
#2386=ORIENTED_EDGE('',*,*,#1865,.T.);
#2387=ORIENTED_EDGE('',*,*,#1866,.F.);
#2388=ORIENTED_EDGE('',*,*,#1867,.F.);
#2389=ORIENTED_EDGE('',*,*,#1851,.T.);
#2390=ORIENTED_EDGE('',*,*,#1868,.F.);
#2391=ORIENTED_EDGE('',*,*,#1866,.T.);
#2392=ORIENTED_EDGE('',*,*,#1869,.F.);
#2393=ORIENTED_EDGE('',*,*,#1792,.T.);
#2394=ORIENTED_EDGE('',*,*,#1796,.F.);
#2395=ORIENTED_EDGE('',*,*,#1799,.F.);
#2396=ORIENTED_EDGE('',*,*,#1870,.T.);
#2397=ORIENTED_EDGE('',*,*,#1871,.F.);
#2398=ORIENTED_EDGE('',*,*,#1872,.F.);
#2399=ORIENTED_EDGE('',*,*,#1873,.T.);
#2400=ORIENTED_EDGE('',*,*,#1874,.F.);
#2401=ORIENTED_EDGE('',*,*,#1875,.F.);
#2402=ORIENTED_EDGE('',*,*,#1876,.F.);
#2403=ORIENTED_EDGE('',*,*,#1877,.F.);
#2404=ORIENTED_EDGE('',*,*,#1873,.F.);
#2405=ORIENTED_EDGE('',*,*,#1878,.F.);
#2406=ORIENTED_EDGE('',*,*,#1879,.F.);
#2407=ORIENTED_EDGE('',*,*,#1880,.F.);
#2408=ORIENTED_EDGE('',*,*,#1881,.F.);
#2409=ORIENTED_EDGE('',*,*,#1882,.F.);
#2410=ORIENTED_EDGE('',*,*,#1827,.F.);
#2411=ORIENTED_EDGE('',*,*,#1883,.F.);
#2412=ORIENTED_EDGE('',*,*,#1880,.T.);
#2413=ORIENTED_EDGE('',*,*,#1863,.F.);
#2414=ORIENTED_EDGE('',*,*,#1855,.T.);
#2415=ORIENTED_EDGE('',*,*,#1884,.F.);
#2416=ORIENTED_EDGE('',*,*,#1874,.T.);
#2417=ORIENTED_EDGE('',*,*,#1877,.T.);
#2418=ORIENTED_EDGE('',*,*,#1885,.F.);
#2419=ORIENTED_EDGE('',*,*,#1886,.F.);
#2420=ORIENTED_EDGE('',*,*,#1887,.F.);
#2421=ORIENTED_EDGE('',*,*,#1888,.F.);
#2422=ORIENTED_EDGE('',*,*,#1889,.F.);
#2423=ORIENTED_EDGE('',*,*,#1890,.F.);
#2424=ORIENTED_EDGE('',*,*,#1891,.F.);
#2425=ORIENTED_EDGE('',*,*,#1892,.F.);
#2426=ORIENTED_EDGE('',*,*,#1893,.F.);
#2427=ORIENTED_EDGE('',*,*,#1881,.T.);
#2428=ORIENTED_EDGE('',*,*,#1883,.T.);
#2429=ORIENTED_EDGE('',*,*,#1826,.F.);
#2430=ORIENTED_EDGE('',*,*,#1867,.T.);
#2431=ORIENTED_EDGE('',*,*,#1868,.T.);
#2432=ORIENTED_EDGE('',*,*,#1850,.T.);
#2433=ORIENTED_EDGE('',*,*,#1894,.F.);
#2434=ORIENTED_EDGE('',*,*,#1895,.F.);
#2435=ORIENTED_EDGE('',*,*,#1896,.F.);
#2436=ORIENTED_EDGE('',*,*,#1848,.F.);
#2437=ORIENTED_EDGE('',*,*,#1897,.T.);
#2438=ORIENTED_EDGE('',*,*,#1885,.T.);
#2439=ORIENTED_EDGE('',*,*,#1876,.T.);
#2440=ORIENTED_EDGE('',*,*,#1898,.F.);
#2441=ORIENTED_EDGE('',*,*,#1871,.T.);
#2442=ORIENTED_EDGE('',*,*,#1884,.T.);
#2443=ORIENTED_EDGE('',*,*,#1854,.T.);
#2444=ORIENTED_EDGE('',*,*,#1899,.F.);
#2445=ORIENTED_EDGE('',*,*,#1788,.T.);
#2446=ORIENTED_EDGE('',*,*,#1859,.T.);
#2447=ORIENTED_EDGE('',*,*,#1862,.T.);
#2448=ORIENTED_EDGE('',*,*,#1900,.F.);
#2449=ORIENTED_EDGE('',*,*,#1901,.F.);
#2450=ORIENTED_EDGE('',*,*,#1902,.T.);
#2451=ORIENTED_EDGE('',*,*,#1823,.F.);
#2452=ORIENTED_EDGE('',*,*,#1903,.F.);
#2453=ORIENTED_EDGE('',*,*,#1900,.T.);
#2454=ORIENTED_EDGE('',*,*,#1861,.T.);
#2455=ORIENTED_EDGE('',*,*,#1904,.T.);
#2456=ORIENTED_EDGE('',*,*,#1905,.F.);
#2457=ORIENTED_EDGE('',*,*,#1906,.F.);
#2458=ORIENTED_EDGE('',*,*,#1907,.T.);
#2459=ORIENTED_EDGE('',*,*,#1908,.T.);
#2460=ORIENTED_EDGE('',*,*,#1907,.F.);
#2461=ORIENTED_EDGE('',*,*,#1909,.F.);
#2462=ORIENTED_EDGE('',*,*,#1910,.F.);
#2463=ORIENTED_EDGE('',*,*,#1911,.T.);
#2464=ORIENTED_EDGE('',*,*,#1910,.T.);
#2465=ORIENTED_EDGE('',*,*,#1912,.F.);
#2466=ORIENTED_EDGE('',*,*,#1913,.F.);
#2467=ORIENTED_EDGE('',*,*,#1914,.F.);
#2468=ORIENTED_EDGE('',*,*,#1915,.F.);
#2469=ORIENTED_EDGE('',*,*,#1916,.F.);
#2470=ORIENTED_EDGE('',*,*,#1917,.F.);
#2471=ORIENTED_EDGE('',*,*,#1918,.F.);
#2472=ORIENTED_EDGE('',*,*,#1919,.F.);
#2473=ORIENTED_EDGE('',*,*,#1920,.F.);
#2474=ORIENTED_EDGE('',*,*,#1915,.T.);
#2475=ORIENTED_EDGE('',*,*,#1921,.F.);
#2476=ORIENTED_EDGE('',*,*,#1922,.F.);
#2477=ORIENTED_EDGE('',*,*,#1923,.F.);
#2478=ORIENTED_EDGE('',*,*,#1924,.F.);
#2479=ORIENTED_EDGE('',*,*,#1925,.F.);
#2480=ORIENTED_EDGE('',*,*,#1916,.T.);
#2481=ORIENTED_EDGE('',*,*,#1920,.T.);
#2482=ORIENTED_EDGE('',*,*,#1926,.T.);
#2483=ORIENTED_EDGE('',*,*,#1927,.F.);
#2484=ORIENTED_EDGE('',*,*,#1928,.F.);
#2485=ORIENTED_EDGE('',*,*,#1929,.F.);
#2486=ORIENTED_EDGE('',*,*,#1930,.F.);
#2487=ORIENTED_EDGE('',*,*,#1931,.F.);
#2488=ORIENTED_EDGE('',*,*,#1912,.T.);
#2489=ORIENTED_EDGE('',*,*,#1909,.T.);
#2490=ORIENTED_EDGE('',*,*,#1906,.T.);
#2491=ORIENTED_EDGE('',*,*,#1932,.T.);
#2492=ORIENTED_EDGE('',*,*,#1864,.T.);
#2493=ORIENTED_EDGE('',*,*,#1828,.T.);
#2494=ORIENTED_EDGE('',*,*,#1882,.T.);
#2495=ORIENTED_EDGE('',*,*,#1879,.T.);
#2496=ORIENTED_EDGE('',*,*,#1933,.T.);
#2497=ORIENTED_EDGE('',*,*,#1934,.T.);
#2498=ORIENTED_EDGE('',*,*,#1935,.T.);
#2499=ORIENTED_EDGE('',*,*,#1936,.T.);
#2500=ORIENTED_EDGE('',*,*,#1937,.T.);
#2501=ORIENTED_EDGE('',*,*,#1938,.T.);
#2502=ORIENTED_EDGE('',*,*,#1939,.T.);
#2503=ORIENTED_EDGE('',*,*,#1940,.T.);
#2504=ORIENTED_EDGE('',*,*,#1898,.T.);
#2505=ORIENTED_EDGE('',*,*,#1875,.T.);
#2506=ORIENTED_EDGE('',*,*,#1872,.T.);
#2507=ORIENTED_EDGE('',*,*,#1899,.T.);
#2508=ORIENTED_EDGE('',*,*,#1857,.T.);
#2509=ORIENTED_EDGE('',*,*,#1803,.T.);
#2510=ORIENTED_EDGE('',*,*,#1789,.T.);
#2511=ORIENTED_EDGE('',*,*,#1901,.T.);
#2512=ORIENTED_EDGE('',*,*,#1903,.T.);
#2513=ORIENTED_EDGE('',*,*,#1825,.T.);
#2514=ORIENTED_EDGE('',*,*,#1822,.T.);
#2515=ORIENTED_EDGE('',*,*,#1819,.T.);
#2516=ORIENTED_EDGE('',*,*,#1816,.T.);
#2517=ORIENTED_EDGE('',*,*,#1813,.T.);
#2518=ORIENTED_EDGE('',*,*,#1810,.T.);
#2519=ORIENTED_EDGE('',*,*,#1807,.T.);
#2520=ORIENTED_EDGE('',*,*,#1800,.T.);
#2521=ORIENTED_EDGE('',*,*,#1794,.T.);
#2522=ORIENTED_EDGE('',*,*,#1767,.T.);
#2523=ORIENTED_EDGE('',*,*,#1941,.F.);
#2524=ORIENTED_EDGE('',*,*,#1926,.F.);
#2525=ORIENTED_EDGE('',*,*,#1919,.T.);
#2526=ORIENTED_EDGE('',*,*,#1942,.T.);
#2527=ORIENTED_EDGE('',*,*,#1886,.T.);
#2528=ORIENTED_EDGE('',*,*,#1897,.F.);
#2529=ORIENTED_EDGE('',*,*,#1940,.F.);
#2530=ORIENTED_EDGE('',*,*,#1943,.T.);
#2531=ORIENTED_EDGE('',*,*,#1887,.T.);
#2532=ORIENTED_EDGE('',*,*,#1942,.F.);
#2533=ORIENTED_EDGE('',*,*,#1939,.F.);
#2534=ORIENTED_EDGE('',*,*,#1944,.T.);
#2535=ORIENTED_EDGE('',*,*,#1888,.T.);
#2536=ORIENTED_EDGE('',*,*,#1943,.F.);
#2537=ORIENTED_EDGE('',*,*,#1938,.F.);
#2538=ORIENTED_EDGE('',*,*,#1945,.T.);
#2539=ORIENTED_EDGE('',*,*,#1889,.T.);
#2540=ORIENTED_EDGE('',*,*,#1944,.F.);
#2541=ORIENTED_EDGE('',*,*,#1937,.F.);
#2542=ORIENTED_EDGE('',*,*,#1946,.T.);
#2543=ORIENTED_EDGE('',*,*,#1890,.T.);
#2544=ORIENTED_EDGE('',*,*,#1945,.F.);
#2545=ORIENTED_EDGE('',*,*,#1936,.F.);
#2546=ORIENTED_EDGE('',*,*,#1947,.T.);
#2547=ORIENTED_EDGE('',*,*,#1891,.T.);
#2548=ORIENTED_EDGE('',*,*,#1946,.F.);
#2549=ORIENTED_EDGE('',*,*,#1935,.F.);
#2550=ORIENTED_EDGE('',*,*,#1948,.T.);
#2551=ORIENTED_EDGE('',*,*,#1892,.T.);
#2552=ORIENTED_EDGE('',*,*,#1947,.F.);
#2553=ORIENTED_EDGE('',*,*,#1934,.F.);
#2554=ORIENTED_EDGE('',*,*,#1878,.T.);
#2555=ORIENTED_EDGE('',*,*,#1893,.T.);
#2556=ORIENTED_EDGE('',*,*,#1948,.F.);
#2557=ORIENTED_EDGE('',*,*,#1933,.F.);
#2558=ORIENTED_EDGE('',*,*,#1869,.T.);
#2559=ORIENTED_EDGE('',*,*,#1865,.F.);
#2560=ORIENTED_EDGE('',*,*,#1932,.F.);
#2561=ORIENTED_EDGE('',*,*,#1766,.T.);
#2562=ORIENTED_EDGE('',*,*,#1793,.T.);
#2563=ORIENTED_EDGE('',*,*,#1949,.F.);
#2564=ORIENTED_EDGE('',*,*,#1950,.F.);
#2565=ORIENTED_EDGE('',*,*,#1852,.F.);
#2566=ORIENTED_EDGE('',*,*,#1870,.F.);
#2567=ORIENTED_EDGE('',*,*,#1798,.F.);
#2568=ORIENTED_EDGE('',*,*,#1806,.F.);
#2569=ORIENTED_EDGE('',*,*,#1809,.F.);
#2570=ORIENTED_EDGE('',*,*,#1812,.F.);
#2571=ORIENTED_EDGE('',*,*,#1815,.F.);
#2572=ORIENTED_EDGE('',*,*,#1818,.F.);
#2573=ORIENTED_EDGE('',*,*,#1821,.F.);
#2574=ORIENTED_EDGE('',*,*,#1824,.F.);
#2575=ORIENTED_EDGE('',*,*,#1902,.F.);
#2576=ORIENTED_EDGE('',*,*,#1860,.T.);
#2577=ORIENTED_EDGE('',*,*,#1846,.T.);
#2578=ORIENTED_EDGE('',*,*,#1951,.F.);
#2579=ORIENTED_EDGE('',*,*,#1952,.T.);
#2580=ORIENTED_EDGE('',*,*,#1953,.F.);
#2581=ORIENTED_EDGE('',*,*,#1954,.F.);
#2582=ORIENTED_EDGE('',*,*,#1952,.F.);
#2583=ORIENTED_EDGE('',*,*,#1955,.T.);
#2584=ORIENTED_EDGE('',*,*,#1956,.T.);
#2585=ORIENTED_EDGE('',*,*,#1957,.F.);
#2586=ORIENTED_EDGE('',*,*,#1925,.T.);
#2587=ORIENTED_EDGE('',*,*,#1958,.T.);
#2588=ORIENTED_EDGE('',*,*,#1959,.F.);
#2589=ORIENTED_EDGE('',*,*,#1960,.F.);
#2590=ORIENTED_EDGE('',*,*,#1961,.T.);
#2591=ORIENTED_EDGE('',*,*,#1917,.T.);
#2592=ORIENTED_EDGE('',*,*,#1914,.T.);
#2593=ORIENTED_EDGE('',*,*,#1951,.T.);
#2594=ORIENTED_EDGE('',*,*,#1962,.T.);
#2595=ORIENTED_EDGE('',*,*,#1963,.F.);
#2596=ORIENTED_EDGE('',*,*,#1964,.F.);
#2597=ORIENTED_EDGE('',*,*,#1965,.F.);
#2598=ORIENTED_EDGE('',*,*,#1966,.F.);
#2599=ORIENTED_EDGE('',*,*,#1843,.T.);
#2600=ORIENTED_EDGE('',*,*,#1967,.T.);
#2601=ORIENTED_EDGE('',*,*,#1904,.F.);
#2602=ORIENTED_EDGE('',*,*,#1908,.F.);
#2603=ORIENTED_EDGE('',*,*,#1911,.F.);
#2604=ORIENTED_EDGE('',*,*,#1968,.T.);
#2605=ORIENTED_EDGE('',*,*,#1831,.T.);
#2606=ORIENTED_EDGE('',*,*,#1969,.F.);
#2607=ORIENTED_EDGE('',*,*,#1970,.F.);
#2608=ORIENTED_EDGE('',*,*,#1971,.F.);
#2609=ORIENTED_EDGE('',*,*,#1972,.F.);
#2610=ORIENTED_EDGE('',*,*,#1973,.F.);
#2611=ORIENTED_EDGE('',*,*,#1955,.F.);
#2612=ORIENTED_EDGE('',*,*,#1974,.F.);
#2613=ORIENTED_EDGE('',*,*,#1975,.F.);
#2614=ORIENTED_EDGE('',*,*,#1913,.T.);
#2615=ORIENTED_EDGE('',*,*,#1931,.T.);
#2616=ORIENTED_EDGE('',*,*,#1976,.T.);
#2617=ORIENTED_EDGE('',*,*,#1832,.F.);
#2618=ORIENTED_EDGE('',*,*,#1968,.F.);
#2619=ORIENTED_EDGE('',*,*,#1918,.T.);
#2620=ORIENTED_EDGE('',*,*,#1961,.F.);
#2621=ORIENTED_EDGE('',*,*,#1977,.F.);
#2622=ORIENTED_EDGE('',*,*,#1978,.T.);
#2623=ORIENTED_EDGE('',*,*,#1979,.T.);
#2624=ORIENTED_EDGE('',*,*,#1927,.T.);
#2625=ORIENTED_EDGE('',*,*,#1941,.T.);
#2626=ORIENTED_EDGE('',*,*,#1930,.T.);
#2627=ORIENTED_EDGE('',*,*,#1980,.F.);
#2628=ORIENTED_EDGE('',*,*,#1833,.F.);
#2629=ORIENTED_EDGE('',*,*,#1976,.F.);
#2630=ORIENTED_EDGE('',*,*,#1929,.T.);
#2631=ORIENTED_EDGE('',*,*,#1981,.F.);
#2632=ORIENTED_EDGE('',*,*,#1834,.F.);
#2633=ORIENTED_EDGE('',*,*,#1980,.T.);
#2634=ORIENTED_EDGE('',*,*,#1982,.T.);
#2635=ORIENTED_EDGE('',*,*,#1983,.T.);
#2636=ORIENTED_EDGE('',*,*,#1969,.T.);
#2637=ORIENTED_EDGE('',*,*,#1830,.T.);
#2638=ORIENTED_EDGE('',*,*,#1984,.T.);
#2639=ORIENTED_EDGE('',*,*,#1985,.T.);
#2640=ORIENTED_EDGE('',*,*,#1986,.T.);
#2641=ORIENTED_EDGE('',*,*,#1987,.T.);
#2642=ORIENTED_EDGE('',*,*,#1987,.F.);
#2643=ORIENTED_EDGE('',*,*,#1988,.F.);
#2644=ORIENTED_EDGE('',*,*,#1989,.F.);
#2645=ORIENTED_EDGE('',*,*,#1990,.T.);
#2646=ORIENTED_EDGE('',*,*,#1986,.F.);
#2647=ORIENTED_EDGE('',*,*,#1991,.F.);
#2648=ORIENTED_EDGE('',*,*,#1992,.F.);
#2649=ORIENTED_EDGE('',*,*,#1988,.T.);
#2650=ORIENTED_EDGE('',*,*,#1985,.F.);
#2651=ORIENTED_EDGE('',*,*,#1993,.F.);
#2652=ORIENTED_EDGE('',*,*,#1994,.F.);
#2653=ORIENTED_EDGE('',*,*,#1991,.T.);
#2654=ORIENTED_EDGE('',*,*,#1984,.F.);
#2655=ORIENTED_EDGE('',*,*,#1837,.T.);
#2656=ORIENTED_EDGE('',*,*,#1995,.T.);
#2657=ORIENTED_EDGE('',*,*,#1996,.T.);
#2658=ORIENTED_EDGE('',*,*,#1977,.T.);
#2659=ORIENTED_EDGE('',*,*,#1960,.T.);
#2660=ORIENTED_EDGE('',*,*,#1997,.T.);
#2661=ORIENTED_EDGE('',*,*,#1998,.T.);
#2662=ORIENTED_EDGE('',*,*,#1845,.T.);
#2663=ORIENTED_EDGE('',*,*,#1999,.F.);
#2664=ORIENTED_EDGE('',*,*,#2000,.T.);
#2665=ORIENTED_EDGE('',*,*,#2001,.F.);
#2666=ORIENTED_EDGE('',*,*,#2002,.F.);
#2667=ORIENTED_EDGE('',*,*,#2003,.F.);
#2668=ORIENTED_EDGE('',*,*,#2004,.F.);
#2669=ORIENTED_EDGE('',*,*,#2005,.F.);
#2670=ORIENTED_EDGE('',*,*,#2006,.T.);
#2671=ORIENTED_EDGE('',*,*,#2007,.T.);
#2672=ORIENTED_EDGE('',*,*,#2008,.T.);
#2673=ORIENTED_EDGE('',*,*,#2009,.F.);
#2674=ORIENTED_EDGE('',*,*,#2010,.F.);
#2675=ORIENTED_EDGE('',*,*,#1993,.T.);
#2676=ORIENTED_EDGE('',*,*,#2011,.T.);
#2677=ORIENTED_EDGE('',*,*,#2012,.T.);
#2678=ORIENTED_EDGE('',*,*,#2010,.T.);
#2679=ORIENTED_EDGE('',*,*,#2013,.T.);
#2680=ORIENTED_EDGE('',*,*,#1971,.T.);
#2681=ORIENTED_EDGE('',*,*,#2014,.T.);
#2682=ORIENTED_EDGE('',*,*,#2015,.T.);
#2683=ORIENTED_EDGE('',*,*,#1989,.T.);
#2684=ORIENTED_EDGE('',*,*,#1992,.T.);
#2685=ORIENTED_EDGE('',*,*,#1994,.T.);
#2686=ORIENTED_EDGE('',*,*,#2013,.F.);
#2687=ORIENTED_EDGE('',*,*,#2009,.T.);
#2688=ORIENTED_EDGE('',*,*,#2016,.T.);
#2689=ORIENTED_EDGE('',*,*,#2017,.T.);
#2690=ORIENTED_EDGE('',*,*,#2018,.T.);
#2691=ORIENTED_EDGE('',*,*,#2019,.T.);
#2692=ORIENTED_EDGE('',*,*,#2020,.T.);
#2693=ORIENTED_EDGE('',*,*,#2021,.T.);
#2694=ORIENTED_EDGE('',*,*,#2022,.F.);
#2695=ORIENTED_EDGE('',*,*,#2023,.T.);
#2696=ORIENTED_EDGE('',*,*,#2024,.T.);
#2697=ORIENTED_EDGE('',*,*,#1972,.T.);
#2698=ORIENTED_EDGE('',*,*,#1774,.T.);
#2699=ORIENTED_EDGE('',*,*,#2025,.T.);
#2700=ORIENTED_EDGE('',*,*,#2026,.T.);
#2701=ORIENTED_EDGE('',*,*,#2027,.T.);
#2702=ORIENTED_EDGE('',*,*,#2028,.T.);
#2703=ORIENTED_EDGE('',*,*,#2029,.T.);
#2704=ORIENTED_EDGE('',*,*,#2030,.T.);
#2705=ORIENTED_EDGE('',*,*,#2031,.T.);
#2706=ORIENTED_EDGE('',*,*,#2032,.T.);
#2707=ORIENTED_EDGE('',*,*,#2033,.T.);
#2708=ORIENTED_EDGE('',*,*,#2034,.T.);
#2709=ORIENTED_EDGE('',*,*,#2035,.T.);
#2710=ORIENTED_EDGE('',*,*,#2036,.T.);
#2711=ORIENTED_EDGE('',*,*,#1966,.T.);
#2712=ORIENTED_EDGE('',*,*,#2037,.T.);
#2713=ORIENTED_EDGE('',*,*,#2038,.T.);
#2714=ORIENTED_EDGE('',*,*,#2039,.T.);
#2715=ORIENTED_EDGE('',*,*,#2040,.T.);
#2716=ORIENTED_EDGE('',*,*,#2041,.T.);
#2717=ORIENTED_EDGE('',*,*,#1999,.T.);
#2718=ORIENTED_EDGE('',*,*,#1844,.T.);
#2719=ORIENTED_EDGE('',*,*,#2038,.F.);
#2720=ORIENTED_EDGE('',*,*,#2042,.T.);
#2721=ORIENTED_EDGE('',*,*,#2043,.F.);
#2722=ORIENTED_EDGE('',*,*,#2044,.F.);
#2723=ORIENTED_EDGE('',*,*,#2037,.F.);
#2724=ORIENTED_EDGE('',*,*,#1965,.T.);
#2725=ORIENTED_EDGE('',*,*,#2045,.F.);
#2726=ORIENTED_EDGE('',*,*,#2042,.F.);
#2727=ORIENTED_EDGE('',*,*,#1964,.T.);
#2728=ORIENTED_EDGE('',*,*,#2046,.T.);
#2729=ORIENTED_EDGE('',*,*,#2001,.T.);
#2730=ORIENTED_EDGE('',*,*,#2047,.T.);
#2731=ORIENTED_EDGE('',*,*,#2048,.T.);
#2732=ORIENTED_EDGE('',*,*,#2049,.T.);
#2733=ORIENTED_EDGE('',*,*,#2043,.T.);
#2734=ORIENTED_EDGE('',*,*,#2045,.T.);
#2735=ORIENTED_EDGE('',*,*,#2039,.F.);
#2736=ORIENTED_EDGE('',*,*,#2044,.T.);
#2737=ORIENTED_EDGE('',*,*,#2049,.F.);
#2738=ORIENTED_EDGE('',*,*,#2050,.F.);
#2739=ORIENTED_EDGE('',*,*,#2040,.F.);
#2740=ORIENTED_EDGE('',*,*,#2050,.T.);
#2741=ORIENTED_EDGE('',*,*,#2048,.F.);
#2742=ORIENTED_EDGE('',*,*,#2051,.F.);
#2743=ORIENTED_EDGE('',*,*,#2041,.F.);
#2744=ORIENTED_EDGE('',*,*,#2051,.T.);
#2745=ORIENTED_EDGE('',*,*,#2047,.F.);
#2746=ORIENTED_EDGE('',*,*,#2000,.F.);
#2747=ORIENTED_EDGE('',*,*,#1924,.T.);
#2748=ORIENTED_EDGE('',*,*,#2052,.F.);
#2749=ORIENTED_EDGE('',*,*,#1839,.F.);
#2750=ORIENTED_EDGE('',*,*,#2053,.F.);
#2751=ORIENTED_EDGE('',*,*,#2054,.T.);
#2752=ORIENTED_EDGE('',*,*,#1958,.F.);
#2753=ORIENTED_EDGE('',*,*,#2054,.F.);
#2754=ORIENTED_EDGE('',*,*,#2055,.F.);
#2755=ORIENTED_EDGE('',*,*,#1997,.F.);
#2756=ORIENTED_EDGE('',*,*,#1959,.T.);
#2757=ORIENTED_EDGE('',*,*,#1928,.T.);
#2758=ORIENTED_EDGE('',*,*,#1979,.F.);
#2759=ORIENTED_EDGE('',*,*,#2056,.T.);
#2760=ORIENTED_EDGE('',*,*,#2057,.F.);
#2761=ORIENTED_EDGE('',*,*,#1835,.F.);
#2762=ORIENTED_EDGE('',*,*,#1981,.T.);
#2763=ORIENTED_EDGE('',*,*,#2057,.T.);
#2764=ORIENTED_EDGE('',*,*,#2058,.F.);
#2765=ORIENTED_EDGE('',*,*,#1995,.F.);
#2766=ORIENTED_EDGE('',*,*,#1836,.F.);
#2767=ORIENTED_EDGE('',*,*,#2056,.F.);
#2768=ORIENTED_EDGE('',*,*,#1978,.F.);
#2769=ORIENTED_EDGE('',*,*,#1996,.F.);
#2770=ORIENTED_EDGE('',*,*,#2058,.T.);
#2771=ORIENTED_EDGE('',*,*,#2053,.T.);
#2772=ORIENTED_EDGE('',*,*,#1838,.F.);
#2773=ORIENTED_EDGE('',*,*,#1998,.F.);
#2774=ORIENTED_EDGE('',*,*,#2055,.T.);
#2775=ORIENTED_EDGE('',*,*,#1923,.T.);
#2776=ORIENTED_EDGE('',*,*,#2059,.F.);
#2777=ORIENTED_EDGE('',*,*,#1840,.F.);
#2778=ORIENTED_EDGE('',*,*,#2052,.T.);
#2779=ORIENTED_EDGE('',*,*,#1922,.T.);
#2780=ORIENTED_EDGE('',*,*,#2060,.F.);
#2781=ORIENTED_EDGE('',*,*,#1841,.F.);
#2782=ORIENTED_EDGE('',*,*,#2059,.T.);
#2783=ORIENTED_EDGE('',*,*,#1895,.T.);
#2784=ORIENTED_EDGE('',*,*,#2061,.F.);
#2785=ORIENTED_EDGE('',*,*,#2062,.T.);
#2786=ORIENTED_EDGE('',*,*,#2063,.T.);
#2787=ORIENTED_EDGE('',*,*,#1953,.T.);
#2788=ORIENTED_EDGE('',*,*,#1957,.T.);
#2789=ORIENTED_EDGE('',*,*,#2064,.T.);
#2790=ORIENTED_EDGE('',*,*,#2065,.T.);
#2791=ORIENTED_EDGE('',*,*,#2066,.F.);
#2792=ORIENTED_EDGE('',*,*,#1894,.T.);
#2793=ORIENTED_EDGE('',*,*,#1853,.T.);
#2794=ORIENTED_EDGE('',*,*,#1950,.T.);
#2795=ORIENTED_EDGE('',*,*,#2067,.T.);
#2796=ORIENTED_EDGE('',*,*,#2068,.T.);
#2797=ORIENTED_EDGE('',*,*,#2069,.T.);
#2798=ORIENTED_EDGE('',*,*,#2070,.T.);
#2799=ORIENTED_EDGE('',*,*,#2071,.T.);
#2800=ORIENTED_EDGE('',*,*,#2072,.T.);
#2801=ORIENTED_EDGE('',*,*,#2073,.T.);
#2802=ORIENTED_EDGE('',*,*,#2061,.T.);
#2803=ORIENTED_EDGE('',*,*,#2074,.F.);
#2804=ORIENTED_EDGE('',*,*,#2075,.F.);
#2805=ORIENTED_EDGE('',*,*,#2076,.T.);
#2806=ORIENTED_EDGE('',*,*,#2077,.F.);
#2807=ORIENTED_EDGE('',*,*,#2078,.F.);
#2808=ORIENTED_EDGE('',*,*,#2079,.T.);
#2809=ORIENTED_EDGE('',*,*,#2080,.F.);
#2810=ORIENTED_EDGE('',*,*,#2079,.F.);
#2811=ORIENTED_EDGE('',*,*,#2081,.F.);
#2812=ORIENTED_EDGE('',*,*,#2082,.T.);
#2813=ORIENTED_EDGE('',*,*,#2083,.T.);
#2814=ORIENTED_EDGE('',*,*,#2084,.F.);
#2815=ORIENTED_EDGE('',*,*,#2083,.F.);
#2816=ORIENTED_EDGE('',*,*,#2085,.F.);
#2817=ORIENTED_EDGE('',*,*,#2086,.F.);
#2818=ORIENTED_EDGE('',*,*,#2075,.T.);
#2819=ORIENTED_EDGE('',*,*,#2087,.F.);
#2820=ORIENTED_EDGE('',*,*,#2088,.F.);
#2821=ORIENTED_EDGE('',*,*,#2089,.T.);
#2822=ORIENTED_EDGE('',*,*,#2090,.T.);
#2823=ORIENTED_EDGE('',*,*,#2074,.T.);
#2824=ORIENTED_EDGE('',*,*,#2080,.T.);
#2825=ORIENTED_EDGE('',*,*,#2084,.T.);
#2826=ORIENTED_EDGE('',*,*,#2091,.F.);
#2827=ORIENTED_EDGE('',*,*,#2092,.F.);
#2828=ORIENTED_EDGE('',*,*,#2087,.T.);
#2829=ORIENTED_EDGE('',*,*,#2086,.T.);
#2830=ORIENTED_EDGE('',*,*,#2093,.F.);
#2831=ORIENTED_EDGE('',*,*,#2094,.F.);
#2832=ORIENTED_EDGE('',*,*,#2091,.T.);
#2833=ORIENTED_EDGE('',*,*,#2085,.T.);
#2834=ORIENTED_EDGE('',*,*,#2082,.F.);
#2835=ORIENTED_EDGE('',*,*,#2095,.F.);
#2836=ORIENTED_EDGE('',*,*,#2093,.T.);
#2837=ORIENTED_EDGE('',*,*,#2096,.T.);
#2838=ORIENTED_EDGE('',*,*,#2089,.F.);
#2839=ORIENTED_EDGE('',*,*,#2097,.F.);
#2840=ORIENTED_EDGE('',*,*,#2077,.T.);
#2841=ORIENTED_EDGE('',*,*,#2076,.F.);
#2842=ORIENTED_EDGE('',*,*,#2090,.F.);
#2843=ORIENTED_EDGE('',*,*,#2096,.F.);
#2844=ORIENTED_EDGE('',*,*,#2098,.F.);
#2845=ORIENTED_EDGE('',*,*,#2025,.F.);
#2846=ORIENTED_EDGE('',*,*,#2099,.T.);
#2847=ORIENTED_EDGE('',*,*,#2100,.T.);
#2848=ORIENTED_EDGE('',*,*,#2101,.F.);
#2849=ORIENTED_EDGE('',*,*,#2026,.F.);
#2850=ORIENTED_EDGE('',*,*,#2098,.T.);
#2851=ORIENTED_EDGE('',*,*,#2102,.T.);
#2852=ORIENTED_EDGE('',*,*,#2103,.F.);
#2853=ORIENTED_EDGE('',*,*,#2027,.F.);
#2854=ORIENTED_EDGE('',*,*,#2101,.T.);
#2855=ORIENTED_EDGE('',*,*,#2104,.T.);
#2856=ORIENTED_EDGE('',*,*,#2105,.F.);
#2857=ORIENTED_EDGE('',*,*,#2106,.F.);
#2858=ORIENTED_EDGE('',*,*,#2028,.F.);
#2859=ORIENTED_EDGE('',*,*,#2103,.T.);
#2860=ORIENTED_EDGE('',*,*,#2105,.T.);
#2861=ORIENTED_EDGE('',*,*,#2107,.T.);
#2862=ORIENTED_EDGE('',*,*,#2108,.F.);
#2863=ORIENTED_EDGE('',*,*,#2029,.F.);
#2864=ORIENTED_EDGE('',*,*,#2106,.T.);
#2865=ORIENTED_EDGE('',*,*,#2109,.T.);
#2866=ORIENTED_EDGE('',*,*,#2110,.F.);
#2867=ORIENTED_EDGE('',*,*,#2030,.F.);
#2868=ORIENTED_EDGE('',*,*,#2108,.T.);
#2869=ORIENTED_EDGE('',*,*,#2111,.T.);
#2870=ORIENTED_EDGE('',*,*,#2112,.F.);
#2871=ORIENTED_EDGE('',*,*,#2031,.F.);
#2872=ORIENTED_EDGE('',*,*,#2110,.T.);
#2873=ORIENTED_EDGE('',*,*,#2113,.T.);
#2874=ORIENTED_EDGE('',*,*,#2114,.F.);
#2875=ORIENTED_EDGE('',*,*,#2112,.T.);
#2876=ORIENTED_EDGE('',*,*,#2115,.F.);
#2877=ORIENTED_EDGE('',*,*,#2032,.F.);
#2878=ORIENTED_EDGE('',*,*,#2116,.F.);
#2879=ORIENTED_EDGE('',*,*,#2033,.F.);
#2880=ORIENTED_EDGE('',*,*,#2115,.T.);
#2881=ORIENTED_EDGE('',*,*,#2114,.T.);
#2882=ORIENTED_EDGE('',*,*,#2117,.T.);
#2883=ORIENTED_EDGE('',*,*,#2118,.F.);
#2884=ORIENTED_EDGE('',*,*,#2034,.F.);
#2885=ORIENTED_EDGE('',*,*,#2116,.T.);
#2886=ORIENTED_EDGE('',*,*,#2119,.T.);
#2887=ORIENTED_EDGE('',*,*,#2120,.F.);
#2888=ORIENTED_EDGE('',*,*,#2035,.F.);
#2889=ORIENTED_EDGE('',*,*,#2118,.T.);
#2890=ORIENTED_EDGE('',*,*,#2121,.T.);
#2891=ORIENTED_EDGE('',*,*,#2122,.F.);
#2892=ORIENTED_EDGE('',*,*,#2099,.F.);
#2893=ORIENTED_EDGE('',*,*,#2036,.F.);
#2894=ORIENTED_EDGE('',*,*,#2120,.T.);
#2895=ORIENTED_EDGE('',*,*,#2122,.T.);
#2896=ORIENTED_EDGE('',*,*,#2123,.T.);
#2897=ORIENTED_EDGE('',*,*,#2102,.F.);
#2898=ORIENTED_EDGE('',*,*,#2100,.F.);
#2899=ORIENTED_EDGE('',*,*,#2123,.F.);
#2900=ORIENTED_EDGE('',*,*,#2121,.F.);
#2901=ORIENTED_EDGE('',*,*,#2119,.F.);
#2902=ORIENTED_EDGE('',*,*,#2117,.F.);
#2903=ORIENTED_EDGE('',*,*,#2113,.F.);
#2904=ORIENTED_EDGE('',*,*,#2111,.F.);
#2905=ORIENTED_EDGE('',*,*,#2109,.F.);
#2906=ORIENTED_EDGE('',*,*,#2107,.F.);
#2907=ORIENTED_EDGE('',*,*,#2104,.F.);
#2908=ORIENTED_EDGE('',*,*,#2088,.T.);
#2909=ORIENTED_EDGE('',*,*,#2092,.T.);
#2910=ORIENTED_EDGE('',*,*,#2094,.T.);
#2911=ORIENTED_EDGE('',*,*,#2095,.T.);
#2912=ORIENTED_EDGE('',*,*,#2081,.T.);
#2913=ORIENTED_EDGE('',*,*,#2078,.T.);
#2914=ORIENTED_EDGE('',*,*,#2097,.T.);
#2915=ORIENTED_EDGE('',*,*,#2124,.T.);
#2916=ORIENTED_EDGE('',*,*,#2125,.F.);
#2917=ORIENTED_EDGE('',*,*,#2126,.F.);
#2918=ORIENTED_EDGE('',*,*,#2127,.T.);
#2919=ORIENTED_EDGE('',*,*,#2128,.F.);
#2920=ORIENTED_EDGE('',*,*,#2129,.T.);
#2921=ORIENTED_EDGE('',*,*,#2130,.T.);
#2922=ORIENTED_EDGE('',*,*,#2131,.F.);
#2923=ORIENTED_EDGE('',*,*,#2132,.F.);
#2924=ORIENTED_EDGE('',*,*,#2133,.F.);
#2925=ORIENTED_EDGE('',*,*,#2125,.T.);
#2926=ORIENTED_EDGE('',*,*,#2134,.T.);
#2927=ORIENTED_EDGE('',*,*,#2135,.T.);
#2928=ORIENTED_EDGE('',*,*,#2136,.T.);
#2929=ORIENTED_EDGE('',*,*,#2131,.T.);
#2930=ORIENTED_EDGE('',*,*,#2129,.F.);
#2931=ORIENTED_EDGE('',*,*,#2137,.F.);
#2932=ORIENTED_EDGE('',*,*,#2138,.F.);
#2933=ORIENTED_EDGE('',*,*,#2139,.F.);
#2934=ORIENTED_EDGE('',*,*,#2140,.T.);
#2935=ORIENTED_EDGE('',*,*,#2124,.F.);
#2936=ORIENTED_EDGE('',*,*,#2140,.F.);
#2937=ORIENTED_EDGE('',*,*,#2141,.F.);
#2938=ORIENTED_EDGE('',*,*,#2142,.T.);
#2939=ORIENTED_EDGE('',*,*,#2134,.F.);
#2940=ORIENTED_EDGE('',*,*,#2130,.F.);
#2941=ORIENTED_EDGE('',*,*,#2135,.F.);
#2942=ORIENTED_EDGE('',*,*,#2142,.F.);
#2943=ORIENTED_EDGE('',*,*,#2143,.F.);
#2944=ORIENTED_EDGE('',*,*,#2144,.T.);
#2945=ORIENTED_EDGE('',*,*,#2136,.F.);
#2946=ORIENTED_EDGE('',*,*,#2144,.F.);
#2947=ORIENTED_EDGE('',*,*,#2145,.F.);
#2948=ORIENTED_EDGE('',*,*,#2132,.T.);
#2949=ORIENTED_EDGE('',*,*,#2146,.F.);
#2950=ORIENTED_EDGE('',*,*,#2127,.F.);
#2951=ORIENTED_EDGE('',*,*,#2147,.F.);
#2952=ORIENTED_EDGE('',*,*,#2138,.T.);
#2953=ORIENTED_EDGE('',*,*,#2128,.T.);
#2954=ORIENTED_EDGE('',*,*,#2146,.T.);
#2955=ORIENTED_EDGE('',*,*,#2137,.T.);
#2956=ORIENTED_EDGE('',*,*,#2148,.T.);
#2957=ORIENTED_EDGE('',*,*,#2149,.F.);
#2958=ORIENTED_EDGE('',*,*,#2150,.F.);
#2959=ORIENTED_EDGE('',*,*,#2151,.F.);
#2960=ORIENTED_EDGE('',*,*,#2152,.T.);
#2961=ORIENTED_EDGE('',*,*,#2153,.F.);
#2962=ORIENTED_EDGE('',*,*,#2148,.F.);
#2963=ORIENTED_EDGE('',*,*,#2154,.F.);
#2964=ORIENTED_EDGE('',*,*,#2155,.T.);
#2965=ORIENTED_EDGE('',*,*,#2156,.T.);
#2966=ORIENTED_EDGE('',*,*,#2157,.F.);
#2967=ORIENTED_EDGE('',*,*,#2152,.F.);
#2968=ORIENTED_EDGE('',*,*,#2158,.F.);
#2969=ORIENTED_EDGE('',*,*,#2159,.T.);
#2970=ORIENTED_EDGE('',*,*,#2160,.F.);
#2971=ORIENTED_EDGE('',*,*,#2156,.F.);
#2972=ORIENTED_EDGE('',*,*,#2155,.F.);
#2973=ORIENTED_EDGE('',*,*,#2161,.F.);
#2974=ORIENTED_EDGE('',*,*,#2162,.T.);
#2975=ORIENTED_EDGE('',*,*,#2163,.F.);
#2976=ORIENTED_EDGE('',*,*,#2159,.F.);
#2977=ORIENTED_EDGE('',*,*,#2164,.F.);
#2978=ORIENTED_EDGE('',*,*,#2165,.T.);
#2979=ORIENTED_EDGE('',*,*,#2166,.F.);
#2980=ORIENTED_EDGE('',*,*,#2162,.F.);
#2981=ORIENTED_EDGE('',*,*,#2167,.F.);
#2982=ORIENTED_EDGE('',*,*,#2168,.T.);
#2983=ORIENTED_EDGE('',*,*,#2169,.T.);
#2984=ORIENTED_EDGE('',*,*,#2170,.F.);
#2985=ORIENTED_EDGE('',*,*,#2165,.F.);
#2986=ORIENTED_EDGE('',*,*,#2171,.F.);
#2987=ORIENTED_EDGE('',*,*,#2168,.F.);
#2988=ORIENTED_EDGE('',*,*,#2172,.F.);
#2989=ORIENTED_EDGE('',*,*,#2173,.T.);
#2990=ORIENTED_EDGE('',*,*,#2174,.T.);
#2991=ORIENTED_EDGE('',*,*,#2175,.F.);
#2992=ORIENTED_EDGE('',*,*,#2169,.F.);
#2993=ORIENTED_EDGE('',*,*,#2173,.F.);
#2994=ORIENTED_EDGE('',*,*,#2176,.F.);
#2995=ORIENTED_EDGE('',*,*,#2177,.T.);
#2996=ORIENTED_EDGE('',*,*,#2178,.F.);
#2997=ORIENTED_EDGE('',*,*,#2174,.F.);
#2998=ORIENTED_EDGE('',*,*,#2179,.F.);
#2999=ORIENTED_EDGE('',*,*,#2180,.T.);
#3000=ORIENTED_EDGE('',*,*,#2181,.T.);
#3001=ORIENTED_EDGE('',*,*,#2182,.F.);
#3002=ORIENTED_EDGE('',*,*,#2177,.F.);
#3003=ORIENTED_EDGE('',*,*,#2183,.F.);
#3004=ORIENTED_EDGE('',*,*,#2150,.T.);
#3005=ORIENTED_EDGE('',*,*,#2184,.F.);
#3006=ORIENTED_EDGE('',*,*,#2181,.F.);
#3007=ORIENTED_EDGE('',*,*,#2180,.F.);
#3008=ORIENTED_EDGE('',*,*,#2185,.F.);
#3009=ORIENTED_EDGE('',*,*,#2153,.T.);
#3010=ORIENTED_EDGE('',*,*,#2157,.T.);
#3011=ORIENTED_EDGE('',*,*,#2160,.T.);
#3012=ORIENTED_EDGE('',*,*,#2163,.T.);
#3013=ORIENTED_EDGE('',*,*,#2166,.T.);
#3014=ORIENTED_EDGE('',*,*,#2170,.T.);
#3015=ORIENTED_EDGE('',*,*,#2175,.T.);
#3016=ORIENTED_EDGE('',*,*,#2178,.T.);
#3017=ORIENTED_EDGE('',*,*,#2182,.T.);
#3018=ORIENTED_EDGE('',*,*,#2184,.T.);
#3019=ORIENTED_EDGE('',*,*,#2149,.T.);
#3020=ORIENTED_EDGE('',*,*,#2139,.T.);
#3021=ORIENTED_EDGE('',*,*,#2147,.T.);
#3022=ORIENTED_EDGE('',*,*,#2126,.T.);
#3023=ORIENTED_EDGE('',*,*,#2133,.T.);
#3024=ORIENTED_EDGE('',*,*,#2145,.T.);
#3025=ORIENTED_EDGE('',*,*,#2143,.T.);
#3026=ORIENTED_EDGE('',*,*,#2141,.T.);
#3027=ORIENTED_EDGE('',*,*,#1905,.T.);
#3028=ORIENTED_EDGE('',*,*,#1967,.F.);
#3029=ORIENTED_EDGE('',*,*,#1842,.T.);
#3030=ORIENTED_EDGE('',*,*,#2060,.T.);
#3031=ORIENTED_EDGE('',*,*,#1921,.T.);
#3032=ORIENTED_EDGE('',*,*,#1982,.F.);
#3033=ORIENTED_EDGE('',*,*,#1990,.F.);
#3034=ORIENTED_EDGE('',*,*,#2015,.F.);
#3035=ORIENTED_EDGE('',*,*,#2186,.T.);
#3036=ORIENTED_EDGE('',*,*,#1983,.F.);
#3037=ORIENTED_EDGE('',*,*,#2186,.F.);
#3038=ORIENTED_EDGE('',*,*,#2014,.F.);
#3039=ORIENTED_EDGE('',*,*,#1970,.T.);
#3040=ORIENTED_EDGE('',*,*,#2187,.F.);
#3041=ORIENTED_EDGE('',*,*,#2188,.F.);
#3042=ORIENTED_EDGE('',*,*,#2189,.F.);
#3043=ORIENTED_EDGE('',*,*,#2190,.F.);
#3044=ORIENTED_EDGE('',*,*,#2069,.F.);
#3045=ORIENTED_EDGE('',*,*,#2191,.F.);
#3046=ORIENTED_EDGE('',*,*,#2192,.F.);
#3047=ORIENTED_EDGE('',*,*,#2193,.F.);
#3048=ORIENTED_EDGE('',*,*,#2019,.F.);
#3049=ORIENTED_EDGE('',*,*,#2194,.F.);
#3050=ORIENTED_EDGE('',*,*,#2195,.F.);
#3051=ORIENTED_EDGE('',*,*,#2196,.F.);
#3052=ORIENTED_EDGE('',*,*,#1896,.T.);
#3053=ORIENTED_EDGE('',*,*,#2066,.T.);
#3054=ORIENTED_EDGE('',*,*,#2197,.T.);
#3055=ORIENTED_EDGE('',*,*,#2022,.T.);
#3056=ORIENTED_EDGE('',*,*,#2198,.T.);
#3057=ORIENTED_EDGE('',*,*,#2199,.T.);
#3058=ORIENTED_EDGE('',*,*,#2192,.T.);
#3059=ORIENTED_EDGE('',*,*,#2200,.T.);
#3060=ORIENTED_EDGE('',*,*,#2067,.F.);
#3061=ORIENTED_EDGE('',*,*,#1949,.T.);
#3062=ORIENTED_EDGE('',*,*,#1849,.T.);
#3063=ORIENTED_EDGE('',*,*,#2191,.T.);
#3064=ORIENTED_EDGE('',*,*,#2068,.F.);
#3065=ORIENTED_EDGE('',*,*,#2200,.F.);
#3066=ORIENTED_EDGE('',*,*,#2196,.T.);
#3067=ORIENTED_EDGE('',*,*,#2201,.T.);
#3068=ORIENTED_EDGE('',*,*,#2187,.T.);
#3069=ORIENTED_EDGE('',*,*,#2201,.F.);
#3070=ORIENTED_EDGE('',*,*,#2195,.T.);
#3071=ORIENTED_EDGE('',*,*,#2202,.T.);
#3072=ORIENTED_EDGE('',*,*,#2203,.F.);
#3073=ORIENTED_EDGE('',*,*,#2204,.T.);
#3074=ORIENTED_EDGE('',*,*,#2194,.T.);
#3075=ORIENTED_EDGE('',*,*,#2018,.F.);
#3076=ORIENTED_EDGE('',*,*,#2205,.F.);
#3077=ORIENTED_EDGE('',*,*,#2202,.F.);
#3078=ORIENTED_EDGE('',*,*,#2188,.T.);
#3079=ORIENTED_EDGE('',*,*,#2204,.F.);
#3080=ORIENTED_EDGE('',*,*,#2206,.F.);
#3081=ORIENTED_EDGE('',*,*,#2207,.F.);
#3082=ORIENTED_EDGE('',*,*,#2205,.T.);
#3083=ORIENTED_EDGE('',*,*,#2017,.F.);
#3084=ORIENTED_EDGE('',*,*,#2208,.T.);
#3085=ORIENTED_EDGE('',*,*,#2209,.T.);
#3086=ORIENTED_EDGE('',*,*,#2210,.T.);
#3087=ORIENTED_EDGE('',*,*,#2211,.F.);
#3088=ORIENTED_EDGE('',*,*,#2206,.T.);
#3089=ORIENTED_EDGE('',*,*,#2203,.T.);
#3090=ORIENTED_EDGE('',*,*,#2193,.T.);
#3091=ORIENTED_EDGE('',*,*,#2199,.F.);
#3092=ORIENTED_EDGE('',*,*,#2212,.T.);
#3093=ORIENTED_EDGE('',*,*,#2020,.F.);
#3094=ORIENTED_EDGE('',*,*,#2021,.F.);
#3095=ORIENTED_EDGE('',*,*,#2212,.F.);
#3096=ORIENTED_EDGE('',*,*,#2198,.F.);
#3097=ORIENTED_EDGE('',*,*,#2065,.F.);
#3098=ORIENTED_EDGE('',*,*,#2023,.F.);
#3099=ORIENTED_EDGE('',*,*,#2197,.F.);
#3100=ORIENTED_EDGE('',*,*,#2062,.F.);
#3101=ORIENTED_EDGE('',*,*,#2073,.F.);
#3102=ORIENTED_EDGE('',*,*,#2213,.F.);
#3103=ORIENTED_EDGE('',*,*,#2190,.T.);
#3104=ORIENTED_EDGE('',*,*,#2214,.F.);
#3105=ORIENTED_EDGE('',*,*,#2215,.F.);
#3106=ORIENTED_EDGE('',*,*,#2070,.F.);
#3107=ORIENTED_EDGE('',*,*,#2216,.F.);
#3108=ORIENTED_EDGE('',*,*,#2071,.F.);
#3109=ORIENTED_EDGE('',*,*,#2215,.T.);
#3110=ORIENTED_EDGE('',*,*,#2046,.F.);
#3111=ORIENTED_EDGE('',*,*,#1963,.T.);
#3112=ORIENTED_EDGE('',*,*,#2217,.T.);
#3113=ORIENTED_EDGE('',*,*,#2213,.T.);
#3114=ORIENTED_EDGE('',*,*,#2072,.F.);
#3115=ORIENTED_EDGE('',*,*,#2216,.T.);
#3116=ORIENTED_EDGE('',*,*,#2214,.T.);
#3117=ORIENTED_EDGE('',*,*,#2189,.T.);
#3118=ORIENTED_EDGE('',*,*,#2207,.T.);
#3119=ORIENTED_EDGE('',*,*,#2211,.T.);
#3120=ORIENTED_EDGE('',*,*,#2218,.F.);
#3121=ORIENTED_EDGE('',*,*,#2002,.T.);
#3122=ORIENTED_EDGE('',*,*,#1780,.T.);
#3123=ORIENTED_EDGE('',*,*,#2151,.T.);
#3124=ORIENTED_EDGE('',*,*,#2185,.T.);
#3125=ORIENTED_EDGE('',*,*,#2183,.T.);
#3126=ORIENTED_EDGE('',*,*,#2179,.T.);
#3127=ORIENTED_EDGE('',*,*,#2176,.T.);
#3128=ORIENTED_EDGE('',*,*,#2172,.T.);
#3129=ORIENTED_EDGE('',*,*,#2171,.T.);
#3130=ORIENTED_EDGE('',*,*,#2167,.T.);
#3131=ORIENTED_EDGE('',*,*,#2164,.T.);
#3132=ORIENTED_EDGE('',*,*,#2161,.T.);
#3133=ORIENTED_EDGE('',*,*,#2158,.T.);
#3134=ORIENTED_EDGE('',*,*,#2154,.T.);
#3135=ORIENTED_EDGE('',*,*,#2011,.F.);
#3136=ORIENTED_EDGE('',*,*,#2219,.T.);
#3137=ORIENTED_EDGE('',*,*,#1775,.T.);
#3138=ORIENTED_EDGE('',*,*,#1772,.T.);
#3139=ORIENTED_EDGE('',*,*,#2220,.T.);
#3140=ORIENTED_EDGE('',*,*,#1974,.T.);
#3141=ORIENTED_EDGE('',*,*,#2220,.F.);
#3142=ORIENTED_EDGE('',*,*,#1771,.T.);
#3143=ORIENTED_EDGE('',*,*,#1770,.T.);
#3144=ORIENTED_EDGE('',*,*,#2219,.F.);
#3145=ORIENTED_EDGE('',*,*,#1751,.T.);
#3146=ORIENTED_EDGE('',*,*,#1785,.T.);
#3147=ORIENTED_EDGE('',*,*,#1749,.T.);
#3148=ORIENTED_EDGE('',*,*,#1769,.T.);
#3149=ORIENTED_EDGE('',*,*,#2012,.F.);
#3150=ORIENTED_EDGE('',*,*,#2221,.T.);
#3151=ORIENTED_EDGE('',*,*,#1759,.T.);
#3152=ORIENTED_EDGE('',*,*,#1786,.T.);
#3153=ORIENTED_EDGE('',*,*,#1763,.T.);
#3154=ORIENTED_EDGE('',*,*,#2222,.T.);
#3155=ORIENTED_EDGE('',*,*,#1975,.T.);
#3156=ORIENTED_EDGE('',*,*,#2222,.F.);
#3157=ORIENTED_EDGE('',*,*,#1762,.T.);
#3158=ORIENTED_EDGE('',*,*,#1776,.T.);
#3159=ORIENTED_EDGE('',*,*,#1760,.T.);
#3160=ORIENTED_EDGE('',*,*,#2221,.F.);
#3161=ORIENTED_EDGE('',*,*,#1777,.T.);
#3162=ORIENTED_EDGE('',*,*,#1778,.T.);
#3163=ORIENTED_EDGE('',*,*,#1973,.T.);
#3164=ORIENTED_EDGE('',*,*,#2024,.F.);
#3165=ORIENTED_EDGE('',*,*,#2064,.F.);
#3166=ORIENTED_EDGE('',*,*,#1956,.F.);
#3167=ORIENTED_EDGE('',*,*,#1962,.F.);
#3168=ORIENTED_EDGE('',*,*,#1954,.T.);
#3169=ORIENTED_EDGE('',*,*,#2063,.F.);
#3170=ORIENTED_EDGE('',*,*,#2217,.F.);
#3171=ORIENTED_EDGE('',*,*,#2223,.T.);
#3172=ORIENTED_EDGE('',*,*,#2224,.F.);
#3173=ORIENTED_EDGE('',*,*,#2003,.T.);
#3174=ORIENTED_EDGE('',*,*,#2218,.T.);
#3175=ORIENTED_EDGE('',*,*,#2210,.F.);
#3176=ORIENTED_EDGE('',*,*,#2208,.F.);
#3177=ORIENTED_EDGE('',*,*,#2016,.F.);
#3178=ORIENTED_EDGE('',*,*,#2008,.F.);
#3179=ORIENTED_EDGE('',*,*,#2225,.T.);
#3180=ORIENTED_EDGE('',*,*,#2226,.T.);
#3181=ORIENTED_EDGE('',*,*,#2007,.F.);
#3182=ORIENTED_EDGE('',*,*,#2227,.T.);
#3183=ORIENTED_EDGE('',*,*,#2228,.T.);
#3184=ORIENTED_EDGE('',*,*,#2225,.F.);
#3185=ORIENTED_EDGE('',*,*,#2006,.F.);
#3186=ORIENTED_EDGE('',*,*,#2229,.T.);
#3187=ORIENTED_EDGE('',*,*,#2230,.T.);
#3188=ORIENTED_EDGE('',*,*,#2227,.F.);
#3189=ORIENTED_EDGE('',*,*,#2005,.T.);
#3190=ORIENTED_EDGE('',*,*,#2231,.T.);
#3191=ORIENTED_EDGE('',*,*,#2232,.T.);
#3192=ORIENTED_EDGE('',*,*,#2229,.F.);
#3193=ORIENTED_EDGE('',*,*,#2004,.T.);
#3194=ORIENTED_EDGE('',*,*,#2224,.T.);
#3195=ORIENTED_EDGE('',*,*,#2233,.T.);
#3196=ORIENTED_EDGE('',*,*,#2231,.F.);
#3197=ORIENTED_EDGE('',*,*,#2209,.F.);
#3198=ORIENTED_EDGE('',*,*,#2226,.F.);
#3199=ORIENTED_EDGE('',*,*,#2228,.F.);
#3200=ORIENTED_EDGE('',*,*,#2230,.F.);
#3201=ORIENTED_EDGE('',*,*,#2232,.F.);
#3202=ORIENTED_EDGE('',*,*,#2233,.F.);
#3203=ORIENTED_EDGE('',*,*,#2223,.F.);
#3204=CONICAL_SURFACE('',#3384,1.625,0.785398163397448);
#3205=CONICAL_SURFACE('',#3389,1.625,0.785398163397448);
#3206=ADVANCED_FACE('',(#210),#3204,.F.);
#3207=ADVANCED_FACE('',(#211),#3205,.F.);
#3208=ADVANCED_FACE('',(#212),#80,.F.);
#3209=ADVANCED_FACE('',(#213),#38,.F.);
#3210=ADVANCED_FACE('',(#214),#39,.F.);
#3211=ADVANCED_FACE('',(#215),#40,.F.);
#3212=ADVANCED_FACE('',(#216),#41,.F.);
#3213=ADVANCED_FACE('',(#217),#42,.F.);
#3214=ADVANCED_FACE('',(#218),#43,.F.);
#3215=ADVANCED_FACE('',(#219),#44,.F.);
#3216=ADVANCED_FACE('',(#220),#45,.F.);
#3217=ADVANCED_FACE('',(#221),#81,.T.);
#3218=ADVANCED_FACE('',(#222),#82,.F.);
#3219=ADVANCED_FACE('',(#223),#46,.F.);
#3220=ADVANCED_FACE('',(#224),#47,.F.);
#3221=ADVANCED_FACE('',(#225),#83,.T.);
#3222=ADVANCED_FACE('',(#226),#30,.T.);
#3223=ADVANCED_FACE('',(#227),#48,.F.);
#3224=ADVANCED_FACE('',(#228),#31,.T.);
#3225=ADVANCED_FACE('',(#229),#49,.F.);
#3226=ADVANCED_FACE('',(#230),#32,.T.);
#3227=ADVANCED_FACE('',(#231),#50,.F.);
#3228=ADVANCED_FACE('',(#232),#33,.T.);
#3229=ADVANCED_FACE('',(#233),#51,.F.);
#3230=ADVANCED_FACE('',(#234,#15),#84,.F.);
#3231=ADVANCED_FACE('',(#235,#16),#85,.F.);
#3232=ADVANCED_FACE('',(#236),#86,.F.);
#3233=ADVANCED_FACE('',(#237),#87,.F.);
#3234=ADVANCED_FACE('',(#238),#88,.F.);
#3235=ADVANCED_FACE('',(#239),#89,.F.);
#3236=ADVANCED_FACE('',(#240),#90,.F.);
#3237=ADVANCED_FACE('',(#241),#91,.F.);
#3238=ADVANCED_FACE('',(#242),#92,.F.);
#3239=ADVANCED_FACE('',(#243),#93,.F.);
#3240=ADVANCED_FACE('',(#244),#94,.F.);
#3241=ADVANCED_FACE('',(#245),#95,.F.);
#3242=ADVANCED_FACE('',(#246),#96,.F.);
#3243=ADVANCED_FACE('',(#247),#97,.F.);
#3244=ADVANCED_FACE('',(#248),#52,.F.);
#3245=ADVANCED_FACE('',(#249),#53,.F.);
#3246=ADVANCED_FACE('',(#250),#54,.F.);
#3247=ADVANCED_FACE('',(#251),#55,.F.);
#3248=ADVANCED_FACE('',(#252),#98,.T.);
#3249=ADVANCED_FACE('',(#253),#99,.T.);
#3250=ADVANCED_FACE('',(#254),#100,.T.);
#3251=ADVANCED_FACE('',(#255),#101,.T.);
#3252=ADVANCED_FACE('',(#256),#102,.T.);
#3253=ADVANCED_FACE('',(#257,#17),#103,.F.);
#3254=ADVANCED_FACE('',(#258),#104,.T.);
#3255=ADVANCED_FACE('',(#259),#34,.T.);
#3256=ADVANCED_FACE('',(#260),#56,.F.);
#3257=ADVANCED_FACE('',(#261),#35,.T.);
#3258=ADVANCED_FACE('',(#262),#57,.F.);
#3259=ADVANCED_FACE('',(#263),#36,.T.);
#3260=ADVANCED_FACE('',(#264),#58,.F.);
#3261=ADVANCED_FACE('',(#265),#37,.T.);
#3262=ADVANCED_FACE('',(#266),#59,.F.);
#3263=ADVANCED_FACE('',(#267),#105,.T.);
#3264=ADVANCED_FACE('',(#268),#106,.F.);
#3265=ADVANCED_FACE('',(#269),#107,.F.);
#3266=ADVANCED_FACE('',(#270),#108,.F.);
#3267=ADVANCED_FACE('',(#271),#109,.F.);
#3268=ADVANCED_FACE('',(#272,#18,#19),#110,.T.);
#3269=ADVANCED_FACE('',(#273),#111,.F.);
#3270=ADVANCED_FACE('',(#274),#112,.F.);
#3271=ADVANCED_FACE('',(#275),#113,.F.);
#3272=ADVANCED_FACE('',(#276),#114,.F.);
#3273=ADVANCED_FACE('',(#277),#115,.T.);
#3274=ADVANCED_FACE('',(#278),#116,.T.);
#3275=ADVANCED_FACE('',(#279),#117,.T.);
#3276=ADVANCED_FACE('',(#280),#118,.T.);
#3277=ADVANCED_FACE('',(#281,#20,#21),#119,.T.);
#3278=ADVANCED_FACE('',(#282),#120,.T.);
#3279=ADVANCED_FACE('',(#283,#22,#23),#121,.T.);
#3280=ADVANCED_FACE('',(#284),#122,.T.);
#3281=ADVANCED_FACE('',(#285),#123,.T.);
#3282=ADVANCED_FACE('',(#286),#124,.T.);
#3283=ADVANCED_FACE('',(#287),#125,.T.);
#3284=ADVANCED_FACE('',(#288),#126,.T.);
#3285=ADVANCED_FACE('',(#289),#127,.T.);
#3286=ADVANCED_FACE('',(#290),#128,.T.);
#3287=ADVANCED_FACE('',(#291),#129,.T.);
#3288=ADVANCED_FACE('',(#292),#130,.F.);
#3289=ADVANCED_FACE('',(#293),#131,.T.);
#3290=ADVANCED_FACE('',(#294),#132,.F.);
#3291=ADVANCED_FACE('',(#295),#133,.F.);
#3292=ADVANCED_FACE('',(#296),#134,.F.);
#3293=ADVANCED_FACE('',(#297),#135,.F.);
#3294=ADVANCED_FACE('',(#298),#136,.F.);
#3295=ADVANCED_FACE('',(#299),#137,.T.);
#3296=ADVANCED_FACE('',(#300),#138,.T.);
#3297=ADVANCED_FACE('',(#301),#139,.T.);
#3298=ADVANCED_FACE('',(#302),#140,.T.);
#3299=ADVANCED_FACE('',(#303),#141,.F.);
#3300=ADVANCED_FACE('',(#304),#142,.T.);
#3301=ADVANCED_FACE('',(#305),#143,.T.);
#3302=ADVANCED_FACE('',(#306),#144,.T.);
#3303=ADVANCED_FACE('',(#307),#145,.T.);
#3304=ADVANCED_FACE('',(#308),#146,.T.);
#3305=ADVANCED_FACE('',(#309),#147,.F.);
#3306=ADVANCED_FACE('',(#310),#148,.T.);
#3307=ADVANCED_FACE('',(#311),#149,.T.);
#3308=ADVANCED_FACE('',(#312),#150,.T.);
#3309=ADVANCED_FACE('',(#313),#151,.T.);
#3310=ADVANCED_FACE('',(#314),#152,.T.);
#3311=ADVANCED_FACE('',(#315),#153,.T.);
#3312=ADVANCED_FACE('',(#316),#154,.T.);
#3313=ADVANCED_FACE('',(#317),#155,.T.);
#3314=ADVANCED_FACE('',(#318),#156,.T.);
#3315=ADVANCED_FACE('',(#319),#157,.T.);
#3316=ADVANCED_FACE('',(#320),#158,.T.);
#3317=ADVANCED_FACE('',(#321),#159,.T.);
#3318=ADVANCED_FACE('',(#322,#24),#160,.F.);
#3319=ADVANCED_FACE('',(#323),#161,.F.);
#3320=ADVANCED_FACE('',(#324),#162,.F.);
#3321=ADVANCED_FACE('',(#325),#163,.T.);
#3322=ADVANCED_FACE('',(#326),#164,.F.);
#3323=ADVANCED_FACE('',(#327),#165,.F.);
#3324=ADVANCED_FACE('',(#328),#166,.F.);
#3325=ADVANCED_FACE('',(#329),#167,.F.);
#3326=ADVANCED_FACE('',(#330),#168,.F.);
#3327=ADVANCED_FACE('',(#331),#169,.T.);
#3328=ADVANCED_FACE('',(#332),#170,.F.);
#3329=ADVANCED_FACE('',(#333),#171,.F.);
#3330=ADVANCED_FACE('',(#334),#172,.F.);
#3331=ADVANCED_FACE('',(#335),#173,.F.);
#3332=ADVANCED_FACE('',(#336),#174,.F.);
#3333=ADVANCED_FACE('',(#337),#175,.F.);
#3334=ADVANCED_FACE('',(#338),#176,.F.);
#3335=ADVANCED_FACE('',(#339),#177,.F.);
#3336=ADVANCED_FACE('',(#340),#178,.F.);
#3337=ADVANCED_FACE('',(#341),#179,.F.);
#3338=ADVANCED_FACE('',(#342),#180,.F.);
#3339=ADVANCED_FACE('',(#343),#181,.F.);
#3340=ADVANCED_FACE('',(#344,#25),#182,.T.);
#3341=ADVANCED_FACE('',(#345),#183,.F.);
#3342=ADVANCED_FACE('',(#346),#184,.T.);
#3343=ADVANCED_FACE('',(#347),#185,.T.);
#3344=ADVANCED_FACE('',(#348),#186,.F.);
#3345=ADVANCED_FACE('',(#349),#187,.F.);
#3346=ADVANCED_FACE('',(#350),#188,.T.);
#3347=ADVANCED_FACE('',(#351),#189,.T.);
#3348=ADVANCED_FACE('',(#352),#190,.T.);
#3349=ADVANCED_FACE('',(#353),#191,.T.);
#3350=ADVANCED_FACE('',(#354),#192,.F.);
#3351=ADVANCED_FACE('',(#355),#193,.T.);
#3352=ADVANCED_FACE('',(#356),#194,.T.);
#3353=ADVANCED_FACE('',(#357),#195,.T.);
#3354=ADVANCED_FACE('',(#358),#196,.T.);
#3355=ADVANCED_FACE('',(#359),#197,.F.);
#3356=ADVANCED_FACE('',(#360),#198,.F.);
#3357=ADVANCED_FACE('',(#361),#199,.F.);
#3358=ADVANCED_FACE('',(#362,#26,#27),#200,.T.);
#3359=ADVANCED_FACE('',(#363,#28),#60,.F.);
#3360=ADVANCED_FACE('',(#364,#29),#61,.F.);
#3361=ADVANCED_FACE('',(#365),#201,.F.);
#3362=ADVANCED_FACE('',(#366),#202,.F.);
#3363=ADVANCED_FACE('',(#367),#203,.F.);
#3364=ADVANCED_FACE('',(#368),#204,.F.);
#3365=ADVANCED_FACE('',(#369),#205,.F.);
#3366=ADVANCED_FACE('',(#370),#206,.F.);
#3367=ADVANCED_FACE('',(#371),#207,.F.);
#3368=ADVANCED_FACE('',(#372),#208,.F.);
#3369=ADVANCED_FACE('',(#373),#209,.F.);
#3370=CLOSED_SHELL('',(#3206,#3207,#3208,#3209,#3210,#3211,#3212,#3213,
#3214,#3215,#3216,#3217,#3218,#3219,#3220,#3221,#3222,#3223,#3224,#3225,
#3226,#3227,#3228,#3229,#3230,#3231,#3232,#3233,#3234,#3235,#3236,#3237,
#3238,#3239,#3240,#3241,#3242,#3243,#3244,#3245,#3246,#3247,#3248,#3249,
#3250,#3251,#3252,#3253,#3254,#3255,#3256,#3257,#3258,#3259,#3260,#3261,
#3262,#3263,#3264,#3265,#3266,#3267,#3268,#3269,#3270,#3271,#3272,#3273,
#3274,#3275,#3276,#3277,#3278,#3279,#3280,#3281,#3282,#3283,#3284,#3285,
#3286,#3287,#3288,#3289,#3290,#3291,#3292,#3293,#3294,#3295,#3296,#3297,
#3298,#3299,#3300,#3301,#3302,#3303,#3304,#3305,#3306,#3307,#3308,#3309,
#3310,#3311,#3312,#3313,#3314,#3315,#3316,#3317,#3318,#3319,#3320,#3321,
#3322,#3323,#3324,#3325,#3326,#3327,#3328,#3329,#3330,#3331,#3332,#3333,
#3334,#3335,#3336,#3337,#3338,#3339,#3340,#3341,#3342,#3343,#3344,#3345,
#3346,#3347,#3348,#3349,#3350,#3351,#3352,#3353,#3354,#3355,#3356,#3357,
#3358,#3359,#3360,#3361,#3362,#3363,#3364,#3365,#3366,#3367,#3368,#3369));
#3371=DERIVED_UNIT_ELEMENT(#3373,1.);
#3372=DERIVED_UNIT_ELEMENT(#5696,-3.);
#3373=(
MASS_UNIT()
NAMED_UNIT(*)
SI_UNIT(.KILO.,.GRAM.)
);
#3374=DERIVED_UNIT((#3371,#3372));
#3375=MEASURE_REPRESENTATION_ITEM('density measure',
POSITIVE_RATIO_MEASURE(7850.),#3374);
#3376=PROPERTY_DEFINITION_REPRESENTATION(#3381,#3378);
#3377=PROPERTY_DEFINITION_REPRESENTATION(#3382,#3379);
#3378=REPRESENTATION('material name',(#3380),#5693);
#3379=REPRESENTATION('density',(#3375),#5693);
#3380=DESCRIPTIVE_REPRESENTATION_ITEM('Steel','Steel');
#3381=PROPERTY_DEFINITION('material property','material name',#5703);
#3382=PROPERTY_DEFINITION('material property','density of part',#5703);
#3383=AXIS2_PLACEMENT_3D('',#4403,#3588,#3589);
#3384=AXIS2_PLACEMENT_3D('',#4404,#3590,#3591);
#3385=AXIS2_PLACEMENT_3D('',#4416,#3592,#3593);
#3386=AXIS2_PLACEMENT_3D('',#4427,#3594,#3595);
#3387=AXIS2_PLACEMENT_3D('',#4430,#3597,#3598);
#3388=AXIS2_PLACEMENT_3D('',#4431,#3599,#3600);
#3389=AXIS2_PLACEMENT_3D('',#4432,#3601,#3602);
#3390=AXIS2_PLACEMENT_3D('',#4434,#3603,#3604);
#3391=AXIS2_PLACEMENT_3D('',#4438,#3606,#3607);
#3392=AXIS2_PLACEMENT_3D('',#4454,#3608,#3609);
#3393=AXIS2_PLACEMENT_3D('',#4469,#3610,#3611);
#3394=AXIS2_PLACEMENT_3D('',#4470,#3612,#3613);
#3395=AXIS2_PLACEMENT_3D('',#4478,#3617,#3618);
#3396=AXIS2_PLACEMENT_3D('',#4479,#3619,#3620);
#3397=AXIS2_PLACEMENT_3D('',#4498,#3621,#3622);
#3398=AXIS2_PLACEMENT_3D('',#4543,#3624,#3625);
#3399=AXIS2_PLACEMENT_3D('',#4558,#3626,#3627);
#3400=AXIS2_PLACEMENT_3D('',#4578,#3628,#3629);
#3401=AXIS2_PLACEMENT_3D('',#4627,#3631,#3632);
#3402=AXIS2_PLACEMENT_3D('',#4628,#3633,#3634);
#3403=AXIS2_PLACEMENT_3D('',#4630,#3635,#3636);
#3404=AXIS2_PLACEMENT_3D('',#4632,#3638,#3639);
#3405=AXIS2_PLACEMENT_3D('',#4634,#3640,#3641);
#3406=AXIS2_PLACEMENT_3D('',#4636,#3643,#3644);
#3407=AXIS2_PLACEMENT_3D('',#4656,#3645,#3646);
#3408=AXIS2_PLACEMENT_3D('',#4675,#3647,#3648);
#3409=AXIS2_PLACEMENT_3D('',#4680,#3650,#3651);
#3410=AXIS2_PLACEMENT_3D('',#4684,#3654,#3655);
#3411=AXIS2_PLACEMENT_3D('',#4690,#3659,#3660);
#3412=AXIS2_PLACEMENT_3D('',#4692,#3661,#3662);
#3413=AXIS2_PLACEMENT_3D('',#4695,#3664,#3665);
#3414=AXIS2_PLACEMENT_3D('',#4696,#3666,#3667);
#3415=AXIS2_PLACEMENT_3D('',#4701,#3669,#3670);
#3416=AXIS2_PLACEMENT_3D('',#4702,#3671,#3672);
#3417=AXIS2_PLACEMENT_3D('',#4703,#3673,#3674);
#3418=AXIS2_PLACEMENT_3D('',#4704,#3675,#3676);
#3419=AXIS2_PLACEMENT_3D('',#4733,#3682,#3683);
#3420=AXIS2_PLACEMENT_3D('',#4737,#3685,#3686);
#3421=AXIS2_PLACEMENT_3D('',#4738,#3687,#3688);
#3422=AXIS2_PLACEMENT_3D('',#4760,#3690,#3691);
#3423=AXIS2_PLACEMENT_3D('',#4764,#3693,#3694);
#3424=AXIS2_PLACEMENT_3D('',#4765,#3695,#3696);
#3425=AXIS2_PLACEMENT_3D('',#4787,#3698,#3699);
#3426=AXIS2_PLACEMENT_3D('',#4791,#3701,#3702);
#3427=AXIS2_PLACEMENT_3D('',#4792,#3703,#3704);
#3428=AXIS2_PLACEMENT_3D('',#4814,#3706,#3707);
#3429=AXIS2_PLACEMENT_3D('',#4817,#3708,#3709);
#3430=AXIS2_PLACEMENT_3D('',#4821,#3711,#3712);
#3431=AXIS2_PLACEMENT_3D('',#4823,#3714,#3715);
#3432=AXIS2_PLACEMENT_3D('',#4840,#3724,#3725);
#3433=AXIS2_PLACEMENT_3D('',#4857,#3734,#3735);
#3434=AXIS2_PLACEMENT_3D('',#4866,#3740,#3741);
#3435=AXIS2_PLACEMENT_3D('',#4875,#3746,#3747);
#3436=AXIS2_PLACEMENT_3D('',#4883,#3752,#3753);
#3437=AXIS2_PLACEMENT_3D('',#4887,#3756,#3757);
#3438=AXIS2_PLACEMENT_3D('',#4891,#3759,#3760);
#3439=AXIS2_PLACEMENT_3D('',#4892,#3761,#3762);
#3440=AXIS2_PLACEMENT_3D('',#4894,#3764,#3765);
#3441=AXIS2_PLACEMENT_3D('',#4902,#3770,#3771);
#3442=AXIS2_PLACEMENT_3D('',#4906,#3775,#3776);
#3443=AXIS2_PLACEMENT_3D('',#4915,#3781,#3782);
#3444=AXIS2_PLACEMENT_3D('',#4921,#3786,#3787);
#3445=AXIS2_PLACEMENT_3D('',#4930,#3792,#3793);
#3446=AXIS2_PLACEMENT_3D('',#4933,#3796,#3797);
#3447=AXIS2_PLACEMENT_3D('',#4934,#3798,#3799);
#3448=AXIS2_PLACEMENT_3D('',#4936,#3800,#3801);
#3449=AXIS2_PLACEMENT_3D('',#4945,#3802,#3803);
#3450=AXIS2_PLACEMENT_3D('',#4954,#3804,#3805);
#3451=AXIS2_PLACEMENT_3D('',#4963,#3806,#3807);
#3452=AXIS2_PLACEMENT_3D('',#4971,#3808,#3809);
#3453=AXIS2_PLACEMENT_3D('',#4977,#3813,#3814);
#3454=AXIS2_PLACEMENT_3D('',#4980,#3816,#3817);
#3455=AXIS2_PLACEMENT_3D('',#4981,#3818,#3819);
#3456=AXIS2_PLACEMENT_3D('',#4982,#3820,#3821);
#3457=AXIS2_PLACEMENT_3D('',#4983,#3822,#3823);
#3458=AXIS2_PLACEMENT_3D('',#4986,#3825,#3826);
#3459=AXIS2_PLACEMENT_3D('',#4987,#3827,#3828);
#3460=AXIS2_PLACEMENT_3D('',#4988,#3829,#3830);
#3461=AXIS2_PLACEMENT_3D('',#4989,#3831,#3832);
#3462=AXIS2_PLACEMENT_3D('',#4990,#3833,#3834);
#3463=AXIS2_PLACEMENT_3D('',#4999,#3839,#3840);
#3464=AXIS2_PLACEMENT_3D('',#5005,#3844,#3845);
#3465=AXIS2_PLACEMENT_3D('',#5011,#3849,#3850);
#3466=AXIS2_PLACEMENT_3D('',#5018,#3854,#3855);
#3467=AXIS2_PLACEMENT_3D('',#5026,#3860,#3861);
#3468=AXIS2_PLACEMENT_3D('',#5049,#3874,#3875);
#3469=AXIS2_PLACEMENT_3D('',#5056,#3876,#3877);
#3470=AXIS2_PLACEMENT_3D('',#5063,#3878,#3879);
#3471=AXIS2_PLACEMENT_3D('',#5070,#3880,#3881);
#3472=AXIS2_PLACEMENT_3D('',#5075,#3882,#3883);
#3473=AXIS2_PLACEMENT_3D('',#5086,#3886,#3887);
#3474=AXIS2_PLACEMENT_3D('',#5097,#3890,#3891);
#3475=AXIS2_PLACEMENT_3D('',#5108,#3894,#3895);
#3476=AXIS2_PLACEMENT_3D('',#5119,#3898,#3899);
#3477=AXIS2_PLACEMENT_3D('',#5120,#3900,#3901);
#3478=AXIS2_PLACEMENT_3D('',#5121,#3902,#3903);
#3479=AXIS2_PLACEMENT_3D('',#5125,#3906,#3907);
#3480=AXIS2_PLACEMENT_3D('',#5134,#3912,#3913);
#3481=AXIS2_PLACEMENT_3D('',#5140,#3917,#3918);
#3482=AXIS2_PLACEMENT_3D('',#5148,#3923,#3924);
#3483=AXIS2_PLACEMENT_3D('',#5170,#3937,#3938);
#3484=AXIS2_PLACEMENT_3D('',#5172,#3939,#3940);
#3485=AXIS2_PLACEMENT_3D('',#5173,#3941,#3942);
#3486=AXIS2_PLACEMENT_3D('',#5175,#3944,#3945);
#3487=AXIS2_PLACEMENT_3D('',#5181,#3949,#3950);
#3488=AXIS2_PLACEMENT_3D('',#5183,#3952,#3953);
#3489=AXIS2_PLACEMENT_3D('',#5185,#3955,#3956);
#3490=AXIS2_PLACEMENT_3D('',#5197,#3963,#3964);
#3491=AXIS2_PLACEMENT_3D('',#5203,#3968,#3969);
#3492=AXIS2_PLACEMENT_3D('',#5207,#3972,#3973);
#3493=AXIS2_PLACEMENT_3D('',#5211,#3976,#3977);
#3494=AXIS2_PLACEMENT_3D('',#5242,#3994,#3995);
#3495=AXIS2_PLACEMENT_3D('',#5244,#3996,#3997);
#3496=AXIS2_PLACEMENT_3D('',#5245,#3998,#3999);
#3497=AXIS2_PLACEMENT_3D('',#5250,#4003,#4004);
#3498=AXIS2_PLACEMENT_3D('',#5292,#4026,#4027);
#3499=AXIS2_PLACEMENT_3D('',#5302,#4033,#4034);
#3500=AXIS2_PLACEMENT_3D('',#5308,#4038,#4039);
#3501=AXIS2_PLACEMENT_3D('',#5310,#4041,#4042);
#3502=AXIS2_PLACEMENT_3D('',#5317,#4047,#4048);
#3503=AXIS2_PLACEMENT_3D('',#5319,#4050,#4051);
#3504=AXIS2_PLACEMENT_3D('',#5321,#4053,#4054);
#3505=AXIS2_PLACEMENT_3D('',#5322,#4055,#4056);
#3506=AXIS2_PLACEMENT_3D('',#5327,#4060,#4061);
#3507=AXIS2_PLACEMENT_3D('',#5329,#4063,#4064);
#3508=AXIS2_PLACEMENT_3D('',#5333,#4067,#4068);
#3509=AXIS2_PLACEMENT_3D('',#5335,#4070,#4071);
#3510=AXIS2_PLACEMENT_3D('',#5336,#4072,#4073);
#3511=AXIS2_PLACEMENT_3D('',#5337,#4074,#4075);
#3512=AXIS2_PLACEMENT_3D('',#5339,#4077,#4078);
#3513=AXIS2_PLACEMENT_3D('',#5341,#4080,#4081);
#3514=AXIS2_PLACEMENT_3D('',#5351,#4088,#4089);
#3515=AXIS2_PLACEMENT_3D('',#5365,#4097,#4098);
#3516=AXIS2_PLACEMENT_3D('',#5378,#4105,#4106);
#3517=AXIS2_PLACEMENT_3D('',#5386,#4111,#4112);
#3518=AXIS2_PLACEMENT_3D('',#5392,#4116,#4117);
#3519=AXIS2_PLACEMENT_3D('',#5400,#4122,#4123);
#3520=AXIS2_PLACEMENT_3D('',#5404,#4126,#4127);
#3521=AXIS2_PLACEMENT_3D('',#5408,#4130,#4131);
#3522=AXIS2_PLACEMENT_3D('',#5410,#4133,#4134);
#3523=AXIS2_PLACEMENT_3D('',#5413,#4137,#4138);
#3524=AXIS2_PLACEMENT_3D('',#5414,#4139,#4140);
#3525=AXIS2_PLACEMENT_3D('',#5420,#4144,#4145);
#3526=AXIS2_PLACEMENT_3D('',#5424,#4148,#4149);
#3527=AXIS2_PLACEMENT_3D('',#5430,#4153,#4154);
#3528=AXIS2_PLACEMENT_3D('',#5434,#4157,#4158);
#3529=AXIS2_PLACEMENT_3D('',#5438,#4161,#4162);
#3530=AXIS2_PLACEMENT_3D('',#5442,#4165,#4166);
#3531=AXIS2_PLACEMENT_3D('',#5448,#4170,#4171);
#3532=AXIS2_PLACEMENT_3D('',#5450,#4173,#4174);
#3533=AXIS2_PLACEMENT_3D('',#5454,#4177,#4178);
#3534=AXIS2_PLACEMENT_3D('',#5458,#4181,#4182);
#3535=AXIS2_PLACEMENT_3D('',#5464,#4186,#4187);
#3536=AXIS2_PLACEMENT_3D('',#5466,#4189,#4190);
#3537=AXIS2_PLACEMENT_3D('',#5467,#4191,#4192);
#3538=AXIS2_PLACEMENT_3D('',#5480,#4199,#4200);
#3539=AXIS2_PLACEMENT_3D('',#5488,#4205,#4206);
#3540=AXIS2_PLACEMENT_3D('',#5494,#4210,#4211);
#3541=AXIS2_PLACEMENT_3D('',#5502,#4216,#4217);
#3542=AXIS2_PLACEMENT_3D('',#5506,#4220,#4221);
#3543=AXIS2_PLACEMENT_3D('',#5510,#4224,#4225);
#3544=AXIS2_PLACEMENT_3D('',#5512,#4227,#4228);
#3545=AXIS2_PLACEMENT_3D('',#5515,#4231,#4232);
#3546=AXIS2_PLACEMENT_3D('',#5516,#4233,#4234);
#3547=AXIS2_PLACEMENT_3D('',#5525,#4239,#4240);
#3548=AXIS2_PLACEMENT_3D('',#5531,#4244,#4245);
#3549=AXIS2_PLACEMENT_3D('',#5539,#4250,#4251);
#3550=AXIS2_PLACEMENT_3D('',#5545,#4255,#4256);
#3551=AXIS2_PLACEMENT_3D('',#5551,#4260,#4261);
#3552=AXIS2_PLACEMENT_3D('',#5557,#4265,#4266);
#3553=AXIS2_PLACEMENT_3D('',#5565,#4271,#4272);
#3554=AXIS2_PLACEMENT_3D('',#5569,#4275,#4276);
#3555=AXIS2_PLACEMENT_3D('',#5575,#4280,#4281);
#3556=AXIS2_PLACEMENT_3D('',#5581,#4285,#4286);
#3557=AXIS2_PLACEMENT_3D('',#5589,#4291,#4292);
#3558=AXIS2_PLACEMENT_3D('',#5592,#4295,#4296);
#3559=AXIS2_PLACEMENT_3D('',#5593,#4297,#4298);
#3560=AXIS2_PLACEMENT_3D('',#5594,#4299,#4300);
#3561=AXIS2_PLACEMENT_3D('',#5596,#4302,#4303);
#3562=AXIS2_PLACEMENT_3D('',#5597,#4304,#4305);
#3563=AXIS2_PLACEMENT_3D('',#5607,#4311,#4312);
#3564=AXIS2_PLACEMENT_3D('',#5617,#4318,#4319);
#3565=AXIS2_PLACEMENT_3D('',#5623,#4324,#4325);
#3566=AXIS2_PLACEMENT_3D('',#5625,#4327,#4328);
#3567=AXIS2_PLACEMENT_3D('',#5631,#4332,#4333);
#3568=AXIS2_PLACEMENT_3D('',#5633,#4335,#4336);
#3569=AXIS2_PLACEMENT_3D('',#5637,#4339,#4340);
#3570=AXIS2_PLACEMENT_3D('',#5645,#4345,#4346);
#3571=AXIS2_PLACEMENT_3D('',#5647,#4348,#4349);
#3572=AXIS2_PLACEMENT_3D('',#5648,#4350,#4351);
#3573=AXIS2_PLACEMENT_3D('',#5649,#4352,#4353);
#3574=AXIS2_PLACEMENT_3D('',#5651,#4355,#4356);
#3575=AXIS2_PLACEMENT_3D('',#5655,#4359,#4360);
#3576=AXIS2_PLACEMENT_3D('',#5657,#4362,#4363);
#3577=AXIS2_PLACEMENT_3D('',#5660,#4366,#4367);
#3578=AXIS2_PLACEMENT_3D('',#5663,#4370,#4371);
#3579=AXIS2_PLACEMENT_3D('',#5666,#4374,#4375);
#3580=AXIS2_PLACEMENT_3D('',#5667,#4376,#4377);
#3581=AXIS2_PLACEMENT_3D('',#5668,#4378,#4379);
#3582=AXIS2_PLACEMENT_3D('',#5672,#4382,#4383);
#3583=AXIS2_PLACEMENT_3D('',#5676,#4386,#4387);
#3584=AXIS2_PLACEMENT_3D('',#5680,#4390,#4391);
#3585=AXIS2_PLACEMENT_3D('',#5684,#4394,#4395);
#3586=AXIS2_PLACEMENT_3D('',#5688,#4398,#4399);
#3587=AXIS2_PLACEMENT_3D('',#5690,#4401,#4402);
#3588=DIRECTION('axis',(0.,0.,1.));
#3589=DIRECTION('refdir',(1.,0.,0.));
#3590=DIRECTION('center_axis',(-1.,0.,0.));
#3591=DIRECTION('ref_axis',(0.,1.,0.));
#3592=DIRECTION('center_axis',(1.,0.,0.));
#3593=DIRECTION('ref_axis',(0.,1.,0.));
#3594=DIRECTION('center_axis',(1.,0.,0.));
#3595=DIRECTION('ref_axis',(0.,1.,0.));
#3596=DIRECTION('',(0.707106781186548,0.707106781186548,8.65956056235493E-17));
#3597=DIRECTION('center_axis',(-1.,0.,0.));
#3598=DIRECTION('ref_axis',(0.,1.,0.));
#3599=DIRECTION('center_axis',(1.,0.,0.));
#3600=DIRECTION('ref_axis',(0.,1.,0.));
#3601=DIRECTION('center_axis',(1.,0.,0.));
#3602=DIRECTION('ref_axis',(0.,1.,0.));
#3603=DIRECTION('center_axis',(1.,0.,0.));
#3604=DIRECTION('ref_axis',(0.,1.,0.));
#3605=DIRECTION('',(0.707106781186548,-0.707106781186548,-8.65956056235493E-17));
#3606=DIRECTION('center_axis',(1.,0.,0.));
#3607=DIRECTION('ref_axis',(0.,1.,0.));
#3608=DIRECTION('center_axis',(1.,0.,0.));
#3609=DIRECTION('ref_axis',(0.,1.,0.));
#3610=DIRECTION('center_axis',(1.,0.,0.));
#3611=DIRECTION('ref_axis',(0.,1.,0.));
#3612=DIRECTION('center_axis',(0.683012701892219,-0.523223356830313,-0.509638075423245));
#3613=DIRECTION('ref_axis',(0.62940952255126,0.775638033766903,0.0472153946929144));
#3614=DIRECTION('',(-0.72456426987841,-0.57343377519642,-0.382335355780167));
#3615=DIRECTION('',(0.,-0.697745814664939,0.716345432118863));
#3616=DIRECTION('',(0.707106781186547,0.29883623873012,0.640856382055789));
#3617=DIRECTION('center_axis',(-0.683012701892219,0.523223356830313,0.509638075423245));
#3618=DIRECTION('ref_axis',(0.18301270189222,0.798081588115435,-0.57408373052827));
#3619=DIRECTION('center_axis',(1.,0.,0.));
#3620=DIRECTION('ref_axis',(0.,-1.,-1.22464679914735E-16));
#3621=DIRECTION('center_axis',(1.,0.,0.));
#3622=DIRECTION('ref_axis',(0.,1.,0.));
#3623=DIRECTION('',(-1.,0.,0.));
#3624=DIRECTION('center_axis',(1.,0.,0.));
#3625=DIRECTION('ref_axis',(0.,1.,0.));
#3626=DIRECTION('center_axis',(1.,0.,0.));
#3627=DIRECTION('ref_axis',(0.,1.,0.));
#3628=DIRECTION('center_axis',(1.,0.,0.));
#3629=DIRECTION('ref_axis',(0.,1.,0.));
#3630=DIRECTION('',(1.,0.,0.));
#3631=DIRECTION('center_axis',(-1.,0.,0.));
#3632=DIRECTION('ref_axis',(0.,1.,0.));
#3633=DIRECTION('center_axis',(1.,0.,0.));
#3634=DIRECTION('ref_axis',(0.,1.,0.));
#3635=DIRECTION('center_axis',(-1.,-2.65074714387338E-14,0.));
#3636=DIRECTION('ref_axis',(0.,1.,0.));
#3637=DIRECTION('',(-1.,0.,0.));
#3638=DIRECTION('center_axis',(1.,0.,0.));
#3639=DIRECTION('ref_axis',(0.,1.,0.));
#3640=DIRECTION('center_axis',(1.,2.77157304929461E-14,0.));
#3641=DIRECTION('ref_axis',(0.,1.,0.));
#3642=DIRECTION('',(1.,0.,0.));
#3643=DIRECTION('center_axis',(1.,0.,0.));
#3644=DIRECTION('ref_axis',(0.,1.,0.));
#3645=DIRECTION('center_axis',(1.,0.,0.));
#3646=DIRECTION('ref_axis',(0.,-1.,1.22464679914735E-16));
#3647=DIRECTION('center_axis',(0.683012701892219,0.523223356830313,0.509638075423245));
#3648=DIRECTION('ref_axis',(-0.62940952255126,0.775638033766903,0.0472153946929144));
#3649=DIRECTION('',(-0.724564269878411,0.573433775196417,0.382335355780171));
#3650=DIRECTION('center_axis',(0.683012701892219,0.523223356830313,0.509638075423245));
#3651=DIRECTION('ref_axis',(-0.18301270189222,0.798081588115434,-0.57408373052827));
#3652=DIRECTION('',(0.707106781186547,-0.29883623873012,-0.640856382055789));
#3653=DIRECTION('',(0.,-0.697745814664939,0.716345432118863));
#3654=DIRECTION('center_axis',(0.630688505460674,-0.32796702234117,-0.703327549109551));
#3655=DIRECTION('ref_axis',(-0.776036087485486,-0.26654047987763,-0.571597903693516));
#3656=DIRECTION('',(0.,0.90630778703665,-0.422618261740699));
#3657=DIRECTION('',(-0.729726329591982,0.0577609290267487,-0.681295206924414));
#3658=DIRECTION('',(0.,-0.90630778703665,0.4226182617407));
#3659=DIRECTION('center_axis',(0.,0.90630778703665,-0.422618261740699));
#3660=DIRECTION('ref_axis',(0.845070422535209,-0.22595497144647,-0.484561999990495));
#3661=DIRECTION('center_axis',(2.38556374252793E-16,-0.90630778703665,0.422618261740699));
#3662=DIRECTION('ref_axis',(0.845070422535209,-0.22595497144647,-0.484561999990495));
#3663=DIRECTION('',(0.,-0.90630778703665,0.4226182617407));
#3664=DIRECTION('center_axis',(-0.422618261740699,-0.82139380484327,0.383022221559489));
#3665=DIRECTION('ref_axis',(0.90630778703665,-0.383022221559489,0.17860619515673));
#3666=DIRECTION('center_axis',(0.,0.90630778703665,-0.422618261740699));
#3667=DIRECTION('ref_axis',(0.544448409541192,-0.354489802032045,-0.760205833707785));
#3668=DIRECTION('',(0.,-0.90630778703665,0.4226182617407));
#3669=DIRECTION('center_axis',(0.,-0.642787609686539,0.766044443118978));
#3670=DIRECTION('ref_axis',(-4.31847112688915E-16,-0.766044443118978,-0.642787609686539));
#3671=DIRECTION('center_axis',(-0.422618261740699,-0.82139380484327,0.383022221559489));
#3672=DIRECTION('ref_axis',(0.90630778703665,-0.383022221559489,0.17860619515673));
#3673=DIRECTION('center_axis',(3.68516812549634E-16,-0.90630778703665,0.422618261740699));
#3674=DIRECTION('ref_axis',(0.544448409541192,-0.354489802032045,-0.760205833707785));
#3675=DIRECTION('center_axis',(1.,0.,0.));
#3676=DIRECTION('ref_axis',(0.,-0.4226182617407,-0.90630778703665));
#3677=DIRECTION('',(0.,-0.4226182617407,-0.90630778703665));
#3678=DIRECTION('',(0.,-0.90630778703665,0.4226182617407));
#3679=DIRECTION('',(0.,-0.4226182617407,-0.90630778703665));
#3680=DIRECTION('',(0.,-0.90630778703665,0.4226182617407));
#3681=DIRECTION('',(0.,-0.90630778703665,0.4226182617407));
#3682=DIRECTION('center_axis',(0.,0.90630778703665,-0.422618261740699));
#3683=DIRECTION('ref_axis',(0.444436028642074,-0.378585915170472,-0.811880115090521));
#3684=DIRECTION('',(0.,0.90630778703665,-0.422618261740699));
#3685=DIRECTION('center_axis',(0.,-0.642787609686539,0.766044443118978));
#3686=DIRECTION('ref_axis',(-5.61401246495588E-16,-0.766044443118978,-0.642787609686539));
#3687=DIRECTION('center_axis',(-4.97274772379486E-17,-0.90630778703665,
0.4226182617407));
#3688=DIRECTION('ref_axis',(0.444436028642074,-0.378585915170472,-0.811880115090521));
#3689=DIRECTION('',(0.,-0.90630778703665,0.4226182617407));
#3690=DIRECTION('center_axis',(0.,0.90630778703665,-0.422618261740699));
#3691=DIRECTION('ref_axis',(-0.392458380993137,-0.38871149895974,-0.833594499600806));
#3692=DIRECTION('',(0.,-0.90630778703665,0.4226182617407));
#3693=DIRECTION('center_axis',(0.,-0.642787609686539,0.766044443118978));
#3694=DIRECTION('ref_axis',(2.59108267613349E-16,-0.766044443118978,-0.642787609686539));
#3695=DIRECTION('center_axis',(3.31176514292747E-17,-0.90630778703665,0.4226182617407));
#3696=DIRECTION('ref_axis',(-0.392458380993136,-0.38871149895974,-0.833594499600806));
#3697=DIRECTION('',(0.,-0.90630778703665,0.4226182617407));
#3698=DIRECTION('center_axis',(0.,0.90630778703665,-0.422618261740699));
#3699=DIRECTION('ref_axis',(-0.470145238812351,-0.372998255707008,-0.799897340701672));
#3700=DIRECTION('',(0.,-0.90630778703665,0.4226182617407));
#3701=DIRECTION('center_axis',(0.,-0.642787609686539,0.766044443118978));
#3702=DIRECTION('ref_axis',(5.61401246495589E-16,-0.766044443118978,-0.642787609686539));
#3703=DIRECTION('center_axis',(5.18055447089155E-17,-0.90630778703665,0.4226182617407));
#3704=DIRECTION('ref_axis',(-0.470145238812351,-0.372998255707008,-0.799897340701672));
#3705=DIRECTION('',(0.,-0.90630778703665,0.4226182617407));
#3706=DIRECTION('center_axis',(0.,0.90630778703665,-0.422618261740699));
#3707=DIRECTION('ref_axis',(0.845070422535207,0.225954971446471,0.484561999990498));
#3708=DIRECTION('center_axis',(0.,-1.,1.66533453693773E-16));
#3709=DIRECTION('ref_axis',(-6.04585957764468E-16,2.15243255652197E-16,
1.));
#3710=DIRECTION('',(0.,0.90630778703665,-0.422618261740699));
#3711=DIRECTION('center_axis',(2.53735449799861E-17,-0.90630778703665,0.4226182617407));
#3712=DIRECTION('ref_axis',(0.845070422535207,0.225954971446472,0.484561999990498));
#3713=DIRECTION('',(0.,-0.90630778703665,0.422618261740699));
#3714=DIRECTION('center_axis',(-1.,-2.65074714387338E-14,0.));
#3715=DIRECTION('ref_axis',(-2.65074714387338E-14,1.,0.));
#3716=DIRECTION('',(0.,0.,-1.));
#3717=DIRECTION('',(-2.65074714387338E-14,1.,0.));
#3718=DIRECTION('',(0.,0.,-1.));
#3719=DIRECTION('',(-2.2220071132237E-14,0.838256911210631,-0.5452754815757));
#3720=DIRECTION('',(1.12025415025769E-14,-0.422618261740625,-0.906307787036685));
#3721=DIRECTION('',(-2.65074714387338E-14,1.,0.));
#3722=DIRECTION('',(0.,0.,1.));
#3723=DIRECTION('',(2.65074714387338E-14,-1.,1.30295746482634E-15));
#3724=DIRECTION('center_axis',(1.,2.77157304929461E-14,0.));
#3725=DIRECTION('ref_axis',(2.77157304929461E-14,-1.,0.));
#3726=DIRECTION('',(0.,0.,-1.));
#3727=DIRECTION('',(2.77157304929461E-14,-1.,0.));
#3728=DIRECTION('',(-1.17131738438047E-14,0.422618261740777,0.906307787036614));
#3729=DIRECTION('',(2.32329026349634E-14,-0.838256911210634,0.545275481575697));
#3730=DIRECTION('',(0.,0.,-1.));
#3731=DIRECTION('',(2.77157304929461E-14,-1.,0.));
#3732=DIRECTION('',(0.,0.,1.));
#3733=DIRECTION('',(0.,1.,-1.30295746482634E-15));
#3734=DIRECTION('center_axis',(-0.121869343405148,0.89955230622579,-0.419468129304076));
#3735=DIRECTION('ref_axis',(-2.77555756156289E-16,-0.4226182617407,-0.90630778703665));
#3736=DIRECTION('',(-0.960292099389683,-0.213723769047256,-0.17933553578137));
#3737=DIRECTION('',(-1.79637858893621E-16,-0.4226182617407,-0.90630778703665));
#3738=DIRECTION('',(0.960292099389683,-4.64622617076564E-17,-0.278996566017856));
#3739=DIRECTION('',(2.31051303800034E-13,0.422618261740725,0.906307787036638));
#3740=DIRECTION('center_axis',(0.121869343405147,0.89955230622579,-0.419468129304076));
#3741=DIRECTION('ref_axis',(-8.32667268468867E-17,0.422618261740699,0.90630778703665));
#3742=DIRECTION('',(0.960292099389683,4.64622617076564E-17,0.278996566017856));
#3743=DIRECTION('',(1.79637858893621E-16,0.4226182617407,0.90630778703665));
#3744=DIRECTION('',(-0.960292099389683,0.213723769047256,0.17933553578137));
#3745=DIRECTION('',(2.31448982464062E-13,-0.422618261740725,-0.906307787036638));
#3746=DIRECTION('center_axis',(-0.630688505460673,0.32796702234117,0.703327549109552));
#3747=DIRECTION('ref_axis',(0.776036087485487,0.266540479877629,0.571597903693514));
#3748=DIRECTION('',(0.,0.90630778703665,-0.422618261740699));
#3749=DIRECTION('',(0.744506838581455,1.66533453693773E-16,0.667614834545674));
#3750=DIRECTION('',(0.729726329591983,0.55903041689042,0.393680678839508));
#3751=DIRECTION('',(-0.776036087485487,-0.266540479877629,-0.571597903693514));
#3752=DIRECTION('center_axis',(-0.630688505460675,-0.327967022341169,-0.70332754910955));
#3753=DIRECTION('ref_axis',(-0.776036087485485,0.26654047987763,0.571597903693517));
#3754=DIRECTION('',(-0.729726329591981,-0.0577609290267479,0.681295206924415));
#3755=DIRECTION('',(0.,-0.90630778703665,0.422618261740699));
#3756=DIRECTION('center_axis',(-0.422618261740699,0.82139380484327,-0.383022221559489));
#3757=DIRECTION('ref_axis',(0.,-0.4226182617407,-0.90630778703665));
#3758=DIRECTION('',(-0.671542934237818,-0.567612615103671,-0.476283535985062));
#3759=DIRECTION('center_axis',(0.422618261740699,-0.82139380484327,0.383022221559489));
#3760=DIRECTION('ref_axis',(-0.90630778703665,-0.383022221559489,0.17860619515673));
#3761=DIRECTION('center_axis',(0.422618261740699,-0.82139380484327,0.383022221559489));
#3762=DIRECTION('ref_axis',(-0.90630778703665,-0.383022221559484,0.178606195156741));
#3763=DIRECTION('',(-0.671542934237818,1.66533453693773E-16,0.740965645273289));
#3764=DIRECTION('center_axis',(0.630688505460674,0.32796702234117,0.703327549109551));
#3765=DIRECTION('ref_axis',(0.776036087485486,-0.26654047987763,-0.571597903693515));
#3766=DIRECTION('',(-0.776036087485486,0.26654047987763,0.571597903693515));
#3767=DIRECTION('',(0.,-0.90630778703665,0.4226182617407));
#3768=DIRECTION('',(0.729726329591982,-0.55903041689042,-0.39368067883951));
#3769=DIRECTION('',(0.744506838581454,-1.66533453693773E-16,-0.667614834545675));
#3770=DIRECTION('center_axis',(0.422618261740699,0.82139380484327,-0.383022221559489));
#3771=DIRECTION('ref_axis',(0.,0.4226182617407,0.90630778703665));
#3772=DIRECTION('',(0.671542934237818,1.66533453693773E-16,0.740965645273289));
#3773=DIRECTION('',(0.,0.4226182617407,0.90630778703665));
#3774=DIRECTION('',(0.671542934237818,-0.567612615103671,-0.476283535985061));
#3775=DIRECTION('center_axis',(-0.630688505460673,0.32796702234117,0.703327549109552));
#3776=DIRECTION('ref_axis',(0.776036087485487,0.266540479877629,0.571597903693514));
#3777=DIRECTION('',(0.,-0.90630778703665,0.422618261740699));
#3778=DIRECTION('',(-0.776036087485487,-0.266540479877629,-0.571597903693514));
#3779=DIRECTION('',(0.,-0.90630778703665,0.4226182617407));
#3780=DIRECTION('',(0.744506838581455,1.66533453693773E-16,0.667614834545674));
#3781=DIRECTION('center_axis',(0.,0.4226182617407,0.90630778703665));
#3782=DIRECTION('ref_axis',(1.,0.,0.));
#3783=DIRECTION('',(-1.,0.,0.));
#3784=DIRECTION('',(0.,0.90630778703665,-0.422618261740699));
#3785=DIRECTION('',(1.,0.,0.));
#3786=DIRECTION('center_axis',(0.,0.4226182617407,0.90630778703665));
#3787=DIRECTION('ref_axis',(1.,0.,0.));
#3788=DIRECTION('',(0.,-0.90630778703665,0.422618261740699));
#3789=DIRECTION('',(-1.,0.,0.));
#3790=DIRECTION('',(0.,0.90630778703665,-0.4226182617407));
#3791=DIRECTION('',(1.,0.,0.));
#3792=DIRECTION('center_axis',(0.630688505460674,0.32796702234117,0.703327549109551));
#3793=DIRECTION('ref_axis',(0.776036087485486,-0.26654047987763,-0.571597903693515));
#3794=DIRECTION('',(-0.776036087485486,0.26654047987763,0.571597903693515));
#3795=DIRECTION('',(0.744506838581454,-1.66533453693773E-16,-0.667614834545675));
#3796=DIRECTION('center_axis',(0.,1.,-1.66533453693773E-16));
#3797=DIRECTION('ref_axis',(-1.,0.,0.));
#3798=DIRECTION('center_axis',(0.,-1.,1.66533453693773E-16));
#3799=DIRECTION('ref_axis',(5.18216535226687E-16,2.15427906055333E-16,1.));
#3800=DIRECTION('center_axis',(0.,-1.,1.66533453693773E-16));
#3801=DIRECTION('ref_axis',(5.18216535226687E-16,2.15427906055333E-16,1.));
#3802=DIRECTION('center_axis',(0.,-1.,1.66533453693773E-16));
#3803=DIRECTION('ref_axis',(3.88662401420014E-16,1.93126970188939E-16,1.));
#3804=DIRECTION('center_axis',(0.,-1.,1.66533453693773E-16));
#3805=DIRECTION('ref_axis',(-3.88662401420014E-16,1.84302269610554E-16,
1.));
#3806=DIRECTION('center_axis',(0.,-1.,1.66533453693773E-16));
#3807=DIRECTION('ref_axis',(-1.72738845075561E-16,2.03215131429184E-16,
1.));
#3808=DIRECTION('center_axis',(0.,-1.,1.66533453693773E-16));
#3809=DIRECTION('ref_axis',(-6.04585957764468E-16,2.15243255652197E-16,
1.));
#3810=DIRECTION('',(0.933629043028976,-5.96591565255435E-17,-0.358241273463568));
#3811=DIRECTION('',(1.,0.,0.));
#3812=DIRECTION('',(0.933629043028976,5.96591565255435E-17,0.358241273463568));
#3813=DIRECTION('center_axis',(0.,0.90630778703665,-0.422618261740699));
#3814=DIRECTION('ref_axis',(-0.544448409541175,0.35448980203205,0.760205833707795));
#3815=DIRECTION('',(0.,-0.90630778703665,0.4226182617407));
#3816=DIRECTION('center_axis',(-4.47658465515226E-16,-0.906307787036649,
0.4226182617407));
#3817=DIRECTION('ref_axis',(-0.544448409541174,0.354489802032051,0.760205833707794));
#3818=DIRECTION('center_axis',(0.,0.90630778703665,-0.422618261740699));
#3819=DIRECTION('ref_axis',(-0.544448409541175,0.35448980203205,0.760205833707795));
#3820=DIRECTION('center_axis',(-4.47658465515226E-16,-0.906307787036649,
0.4226182617407));
#3821=DIRECTION('ref_axis',(-0.544448409541174,0.354489802032051,0.760205833707794));
#3822=DIRECTION('center_axis',(0.,0.90630778703665,-0.422618261740699));
#3823=DIRECTION('ref_axis',(-1.,5.63040629773913E-15,1.20744452707822E-14));
#3824=DIRECTION('',(0.,-0.90630778703665,0.4226182617407));
#3825=DIRECTION('center_axis',(8.32667268468882E-15,-0.90630778703665,0.4226182617407));
#3826=DIRECTION('ref_axis',(-1.,-1.91612199649972E-15,1.55934492068691E-14));
#3827=DIRECTION('center_axis',(0.,0.90630778703665,-0.422618261740699));
#3828=DIRECTION('ref_axis',(-0.845070422535217,-0.225954971446464,-0.484561999990482));
#3829=DIRECTION('center_axis',(0.,-0.642787609686539,0.766044443118978));
#3830=DIRECTION('ref_axis',(3.45477690151131E-16,-0.766044443118978,-0.642787609686539));
#3831=DIRECTION('center_axis',(-6.06918274485822E-16,-0.90630778703665,
0.422618261740699));
#3832=DIRECTION('ref_axis',(-0.845070422535217,-0.225954971446464,-0.484561999990483));
#3833=DIRECTION('center_axis',(0.328463153738877,0.399170041747331,0.856022916987241));
#3834=DIRECTION('ref_axis',(0.944516784729584,-0.138814527078992,-0.29768871398816));
#3835=DIRECTION('',(0.772181845849087,-0.635401602878917,0.));
#3836=DIRECTION('',(-0.917524347573719,-0.0802729789217184,0.389493671918369));
#3837=DIRECTION('',(0.944516784729584,-0.138814527078992,-0.29768871398816));
#3838=DIRECTION('',(0.,-0.90630778703665,0.4226182617407));
#3839=DIRECTION('center_axis',(3.15292154473084E-45,0.422618261740699,0.90630778703665));
#3840=DIRECTION('ref_axis',(1.,5.84408146473745E-30,-2.72513994188875E-30));
#3841=DIRECTION('',(1.,-7.46044795069773E-45,0.));
#3842=DIRECTION('',(1.,5.84408146473745E-30,-2.72513994188875E-30));
#3843=DIRECTION('',(0.,0.90630778703665,-0.422618261740699));
#3844=DIRECTION('center_axis',(-0.328463153738876,0.399170041747331,0.856022916987241));
#3845=DIRECTION('ref_axis',(0.944516784729584,0.138814527078992,0.29768871398816));
#3846=DIRECTION('',(0.772181845849087,0.635401602878916,0.));
#3847=DIRECTION('',(0.944516784729584,0.138814527078992,0.29768871398816));
#3848=DIRECTION('',(-0.917524347573719,0.0802729789217191,-0.389493671918369));
#3849=DIRECTION('center_axis',(0.328463153738959,-0.399170041747319,-0.856022916987215));
#3850=DIRECTION('ref_axis',(-0.944516784729555,-0.138814527079027,-0.297688713988235));
#3851=DIRECTION('',(0.93709792854059,0.251094633181329,0.242484963477057));
#3852=DIRECTION('',(0.,-0.90630778703665,0.4226182617407));
#3853=DIRECTION('',(-0.944516784729555,-0.138814527079027,-0.297688713988235));
#3854=DIRECTION('center_axis',(0.,-0.422618261740699,-0.90630778703665));
#3855=DIRECTION('ref_axis',(-1.,0.,0.));
#3856=DIRECTION('',(0.958966963029035,0.256954423311756,-0.119819815387073));
#3857=DIRECTION('',(0.958966963029035,-0.256954423311756,0.119819815387073));
#3858=DIRECTION('',(0.,-0.90630778703665,0.4226182617407));
#3859=DIRECTION('',(-1.,0.,0.));
#3860=DIRECTION('center_axis',(0.,-0.90630778703665,0.4226182617407));
#3861=DIRECTION('ref_axis',(1.,0.,0.));
#3862=DIRECTION('',(0.979237242294532,0.0856721576031582,0.183724534874958));
#3863=DIRECTION('',(-0.994521895368273,0.0441756374486021,0.0947349602264484));
#3864=DIRECTION('',(3.08311801025662E-16,0.4226182617407,0.90630778703665));
#3865=DIRECTION('',(-0.671542934237818,0.313145613014973,0.671542934237818));
#3866=DIRECTION('',(0.844556144606808,0.226298136910137,0.485297920702207));
#3867=DIRECTION('',(-0.944516784729555,0.138814527079028,0.297688713988235));
#3868=DIRECTION('',(0.844556144606808,-0.226298136910137,-0.485297920702207));
#3869=DIRECTION('',(-0.671542934237818,-0.313145613014973,-0.671542934237818));
#3870=DIRECTION('',(-3.71375578508184E-16,-0.4226182617407,-0.90630778703665));
#3871=DIRECTION('',(-0.994521895368273,-0.044175637448602,-0.0947349602264482));
#3872=DIRECTION('',(0.979237242294531,-0.085672157603159,-0.18372453487496));
#3873=DIRECTION('',(-6.20236326606233E-17,0.4226182617407,0.90630778703665));
#3874=DIRECTION('center_axis',(2.53735449799861E-17,-0.90630778703665,0.4226182617407));
#3875=DIRECTION('ref_axis',(0.845070422535207,0.225954971446472,0.484561999990498));
#3876=DIRECTION('center_axis',(4.89935349605195E-17,-0.90630778703665,0.4226182617407));
#3877=DIRECTION('ref_axis',(0.470145238812344,0.37299825570701,0.799897340701676));
#3878=DIRECTION('center_axis',(6.23937433881277E-16,-0.906307787036649,
0.422618261740701));
#3879=DIRECTION('ref_axis',(0.392458380993129,0.388711498959743,0.833594499600808));
#3880=DIRECTION('center_axis',(-3.85663103162884E-16,-0.90630778703665,
0.4226182617407));
#3881=DIRECTION('ref_axis',(-0.444436028642058,0.378585915170476,0.811880115090528));
#3882=DIRECTION('center_axis',(-0.328463153738959,-0.399170041747319,-0.856022916987215));
#3883=DIRECTION('ref_axis',(-0.944516784729555,0.138814527079028,0.297688713988235));
#3884=DIRECTION('',(0.93709792854059,-0.251094633181329,-0.242484963477057));
#3885=DIRECTION('',(0.,-0.90630778703665,0.4226182617407));
#3886=DIRECTION('center_axis',(0.,0.90630778703665,-0.422618261740699));
#3887=DIRECTION('ref_axis',(-0.444436028642058,0.378585915170475,0.811880115090529));
#3888=DIRECTION('',(0.,-0.90630778703665,0.4226182617407));
#3889=DIRECTION('',(0.,-0.90630778703665,0.4226182617407));
#3890=DIRECTION('center_axis',(0.,0.90630778703665,-0.422618261740699));
#3891=DIRECTION('ref_axis',(0.392458380993129,0.388711498959741,0.833594499600809));
#3892=DIRECTION('',(0.,-0.90630778703665,0.4226182617407));
#3893=DIRECTION('',(0.,-0.90630778703665,0.4226182617407));
#3894=DIRECTION('center_axis',(0.,0.90630778703665,-0.422618261740699));
#3895=DIRECTION('ref_axis',(0.470145238812344,0.372998255707009,0.799897340701676));
#3896=DIRECTION('',(0.,-0.90630778703665,0.4226182617407));
#3897=DIRECTION('',(0.,-0.90630778703665,0.4226182617407));
#3898=DIRECTION('center_axis',(0.,0.90630778703665,-0.422618261740699));
#3899=DIRECTION('ref_axis',(0.845070422535207,0.225954971446471,0.484561999990498));
#3900=DIRECTION('center_axis',(-1.,0.,0.));
#3901=DIRECTION('ref_axis',(0.,0.422618261740699,0.90630778703665));
#3902=DIRECTION('center_axis',(0.,0.642787609686539,-0.766044443118978));
#3903=DIRECTION('ref_axis',(1.,0.,0.));
#3904=DIRECTION('',(-0.933629043028942,0.2744287368327,0.230273051860765));
#3905=DIRECTION('',(-0.933629043028942,-0.2744287368327,-0.230273051860765));
#3906=DIRECTION('center_axis',(0.0871557427476561,-0.996194698091746,0.));
#3907=DIRECTION('ref_axis',(0.996194698091746,0.0871557427476561,0.));
#3908=DIRECTION('',(0.996194698091746,0.0871557427476561,0.));
#3909=DIRECTION('',(0.,0.,1.));
#3910=DIRECTION('',(-0.996194698091746,-0.0871557427476561,0.));
#3911=DIRECTION('',(0.,0.,1.));
#3912=DIRECTION('center_axis',(-0.0871557427476567,-0.996194698091746,0.));
#3913=DIRECTION('ref_axis',(0.996194698091746,-0.0871557427476567,0.));
#3914=DIRECTION('',(-0.996194698091746,0.0871557427476567,0.));
#3915=DIRECTION('',(0.,0.,1.));
#3916=DIRECTION('',(-0.996194698091746,0.0871557427476567,0.));
#3917=DIRECTION('center_axis',(0.258819045102521,-0.965925826289068,0.));
#3918=DIRECTION('ref_axis',(0.965925826289068,0.258819045102521,0.));
#3919=DIRECTION('',(0.694746590606866,0.186156787897386,-0.694746590606865));
#3920=DIRECTION('',(0.,0.,1.));
#3921=DIRECTION('',(0.965925826289069,0.25881904510252,-3.37230206855554E-16));
#3922=DIRECTION('',(0.,0.,1.));
#3923=DIRECTION('center_axis',(0.,0.,1.));
#3924=DIRECTION('ref_axis',(1.,0.,0.));
#3925=DIRECTION('',(0.707106781186549,0.707106781186546,0.));
#3926=DIRECTION('',(0.,-1.,0.));
#3927=DIRECTION('',(0.707106781186548,-0.707106781186548,0.));
#3928=DIRECTION('',(1.,0.,0.));
#3929=DIRECTION('',(0.707106781186538,0.707106781186557,0.));
#3930=DIRECTION('',(-0.996194698091746,-0.0871557427476564,0.));
#3931=DIRECTION('',(-0.996194698091746,0.0871557427476572,0.));
#3932=DIRECTION('',(0.707106781186556,-0.707106781186539,0.));
#3933=DIRECTION('',(1.,0.,0.));
#3934=DIRECTION('',(0.707106781186548,0.707106781186548,0.));
#3935=DIRECTION('',(0.,1.,0.));
#3936=DIRECTION('',(-0.707106781186578,0.707106781186517,0.));
#3937=DIRECTION('center_axis',(0.,0.,1.));
#3938=DIRECTION('ref_axis',(1.,0.,0.));
#3939=DIRECTION('center_axis',(0.,0.,1.));
#3940=DIRECTION('ref_axis',(1.,0.,0.));
#3941=DIRECTION('center_axis',(-0.0871557427476572,-0.996194698091746,0.));
#3942=DIRECTION('ref_axis',(-0.996194698091746,0.0871557427476572,0.));
#3943=DIRECTION('',(-0.980374553798715,0.0857716594666726,-0.177507624332884));
#3944=DIRECTION('center_axis',(-0.258819045102521,-0.965925826289068,0.));
#3945=DIRECTION('ref_axis',(0.965925826289068,-0.258819045102521,0.));
#3946=DIRECTION('',(0.965925826289068,-0.258819045102521,3.37230206855555E-16));
#3947=DIRECTION('',(0.,0.,1.));
#3948=DIRECTION('',(0.694746590606866,-0.186156787897386,0.694746590606865));
#3949=DIRECTION('center_axis',(-0.103511199448583,0.542346418809945,0.833754036627556));
#3950=DIRECTION('ref_axis',(-0.994521895368273,-0.0441756374486023,-0.094734960226448));
#3951=DIRECTION('',(-0.13809307943504,-0.837974739198386,0.527947571144659));
#3952=DIRECTION('center_axis',(-0.99026806874157,0.126133665146145,-0.0588170940088053));
#3953=DIRECTION('ref_axis',(-2.84738024253496E-16,-0.422618261740699,-0.90630778703665));
#3954=DIRECTION('',(-0.118530812456967,-0.985850340060084,-0.118530812456967));
#3955=DIRECTION('center_axis',(0.707106781186539,0.707106781186556,0.));
#3956=DIRECTION('ref_axis',(0.,0.,-1.));
#3957=DIRECTION('',(-0.577350269189633,0.57735026918962,0.577350269189625));
#3958=DIRECTION('',(0.,0.,1.));
#3959=DIRECTION('',(-0.707106781186556,0.707106781186539,-9.21330058976328E-16));
#3960=DIRECTION('',(0.,0.,1.));
#3961=DIRECTION('',(0.577350269189635,-0.577350269189622,0.57735026918962));
#3962=DIRECTION('',(0.,0.,1.));
#3963=DIRECTION('center_axis',(0.,1.,0.));
#3964=DIRECTION('ref_axis',(0.,0.,1.));
#3965=DIRECTION('',(1.,0.,0.));
#3966=DIRECTION('',(0.,0.,-1.));
#3967=DIRECTION('',(1.,0.,0.));
#3968=DIRECTION('center_axis',(0.,0.707106781186546,0.707106781186549));
#3969=DIRECTION('ref_axis',(0.,-0.707106781186549,0.707106781186546));
#3970=DIRECTION('',(1.,0.,0.));
#3971=DIRECTION('',(0.577350269189627,0.577350269189627,-0.577350269189624));
#3972=DIRECTION('center_axis',(0.,1.,0.));
#3973=DIRECTION('ref_axis',(0.,0.,1.));
#3974=DIRECTION('',(1.,0.,0.));
#3975=DIRECTION('',(0.,0.,-1.));
#3976=DIRECTION('center_axis',(0.,-1.30295746482634E-15,-1.));
#3977=DIRECTION('ref_axis',(0.,1.,-1.30295746482634E-15));
#3978=DIRECTION('',(-0.746230599808507,-0.665687533238708,8.67362540675208E-16));
#3979=DIRECTION('',(2.50305906231203E-16,-1.,1.30295746482634E-15));
#3980=DIRECTION('',(2.50305906231203E-16,1.,-1.30295746482634E-15));
#3981=DIRECTION('',(-0.746230599808507,0.665687533238708,-8.67362540675208E-16));
#3982=DIRECTION('',(-0.707106781186538,-0.707106781186557,9.21330058976351E-16));
#3983=DIRECTION('',(1.,0.,0.));
#3984=DIRECTION('',(-0.707106781186548,0.707106781186548,-9.21330058976339E-16));
#3985=DIRECTION('',(0.,1.,-1.30295746482634E-15));
#3986=DIRECTION('',(0.707106781186545,0.70710678118655,-9.21330058976341E-16));
#3987=DIRECTION('',(-3.29597922457265E-15,1.,-1.30295746482634E-15));
#3988=DIRECTION('',(0.965925826289068,0.258819045102521,-3.37230206855555E-16));
#3989=DIRECTION('',(0.965925826289068,-0.258819045102521,3.37230206855555E-16));
#3990=DIRECTION('',(-3.29597922457265E-15,-1.,1.30295746482634E-15));
#3991=DIRECTION('',(0.707106781186545,-0.70710678118655,9.21330058976341E-16));
#3992=DIRECTION('',(0.,-1.,1.30295746482634E-15));
#3993=DIRECTION('',(-0.707106781186548,-0.707106781186548,9.21330058976339E-16));
#3994=DIRECTION('center_axis',(0.,1.30295746482634E-15,1.));
#3995=DIRECTION('ref_axis',(1.,0.,0.));
#3996=DIRECTION('center_axis',(0.,1.30295746482634E-15,1.));
#3997=DIRECTION('ref_axis',(1.,0.,0.));
#3998=DIRECTION('center_axis',(-0.707106781186548,0.707106781186548,0.));
#3999=DIRECTION('ref_axis',(0.,0.,1.));
#4000=DIRECTION('',(0.,0.,1.));
#4001=DIRECTION('',(0.,0.,-1.));
#4002=DIRECTION('',(-0.577350269189624,-0.577350269189624,-0.577350269189629));
#4003=DIRECTION('center_axis',(-1.,0.,0.));
#4004=DIRECTION('ref_axis',(0.,0.,1.));
#4005=DIRECTION('',(0.,0.,-1.));
#4006=DIRECTION('',(0.,-0.422618261740763,-0.90630778703662));
#4007=DIRECTION('',(0.,-0.991067926179791,-0.133358035744712));
#4008=DIRECTION('',(0.,-0.6819983600625,0.73135370161917));
#4009=DIRECTION('',(0.,0.42261826174073,0.906307787036636));
#4010=DIRECTION('',(0.,-0.495998442203116,0.868323410563186));
#4011=DIRECTION('',(0.,-0.422618261740759,-0.906307787036622));
#4012=DIRECTION('',(0.,0.868647084570975,0.495431370087063));
#4013=DIRECTION('',(0.,0.,-1.));
#4014=DIRECTION('',(0.,0.707106781186544,0.707106781186551));
#4015=DIRECTION('',(0.,0.,1.));
#4016=DIRECTION('',(0.,-1.,0.));
#4017=DIRECTION('',(0.,-0.999746128932739,-0.0225317039747156));
#4018=DIRECTION('',(0.,-0.42261826174073,-0.906307787036636));
#4019=DIRECTION('',(0.,0.495998442203123,-0.868323410563182));
#4020=DIRECTION('',(0.,-0.422618261740732,-0.906307787036635));
#4021=DIRECTION('',(0.,0.681998360062497,-0.731353701619171));
#4022=DIRECTION('',(0.,0.99106792617979,0.133358035744721));
#4023=DIRECTION('',(0.,0.422618261740738,0.906307787036632));
#4024=DIRECTION('',(0.,0.0882522286099648,0.996098159894583));
#4025=DIRECTION('',(0.,0.,1.));
#4026=DIRECTION('center_axis',(-0.707106781186557,0.707106781186538,0.));
#4027=DIRECTION('ref_axis',(0.,0.,1.));
#4028=DIRECTION('',(0.,0.,-1.));
#4029=DIRECTION('',(-0.577350269189614,-0.577350269189629,-0.577350269189635));
#4030=DIRECTION('',(0.,0.,-1.));
#4031=DIRECTION('',(0.577350269189616,0.577350269189632,-0.57735026918963));
#4032=DIRECTION('',(0.,0.,-1.));
#4033=DIRECTION('center_axis',(0.,0.707106781186551,-0.707106781186544));
#4034=DIRECTION('ref_axis',(0.,0.707106781186544,0.707106781186551));
#4035=DIRECTION('',(1.,0.,0.));
#4036=DIRECTION('',(-0.577350269189624,0.577350269189624,0.577350269189629));
#4037=DIRECTION('',(1.,0.,0.));
#4038=DIRECTION('center_axis',(0.,1.,0.));
#4039=DIRECTION('ref_axis',(0.,0.,1.));
#4040=DIRECTION('',(0.,0.,1.));
#4041=DIRECTION('center_axis',(0.707106781186548,0.707106781186548,0.));
#4042=DIRECTION('ref_axis',(0.,0.,-1.));
#4043=DIRECTION('',(0.,0.,-1.));
#4044=DIRECTION('',(0.,0.,1.));
#4045=DIRECTION('',(0.577350269189627,-0.577350269189627,0.577350269189624));
#4046=DIRECTION('',(0.,0.,1.));
#4047=DIRECTION('center_axis',(0.,1.,0.));
#4048=DIRECTION('ref_axis',(0.,0.,1.));
#4049=DIRECTION('',(1.,0.,0.));
#4050=DIRECTION('center_axis',(0.,0.707106781186546,0.707106781186549));
#4051=DIRECTION('ref_axis',(0.,-0.707106781186549,0.707106781186546));
#4052=DIRECTION('',(1.,0.,0.));
#4053=DIRECTION('center_axis',(0.,1.,0.));
#4054=DIRECTION('ref_axis',(0.,0.,1.));
#4055=DIRECTION('center_axis',(-0.707106781186547,1.76993003667127E-16,
-0.707106781186548));
#4056=DIRECTION('ref_axis',(-0.707106781186548,0.,0.707106781186547));
#4057=DIRECTION('',(-0.118530812456968,0.985850340060084,0.118530812456968));
#4058=DIRECTION('',(-0.598064822315336,0.533513764225303,0.598064822315335));
#4059=DIRECTION('',(-2.50305906231203E-16,-1.,0.));
#4060=DIRECTION('center_axis',(1.,-2.50305906231203E-16,0.));
#4061=DIRECTION('ref_axis',(2.50305906231203E-16,1.,0.));
#4062=DIRECTION('',(0.,0.,-1.));
#4063=DIRECTION('center_axis',(0.707106781186547,1.76993003667127E-16,-0.707106781186548));
#4064=DIRECTION('ref_axis',(-0.707106781186548,0.,-0.707106781186547));
#4065=DIRECTION('',(-2.50305906231203E-16,1.,0.));
#4066=DIRECTION('',(-0.598064822315336,-0.533513764225303,-0.598064822315335));
#4067=DIRECTION('center_axis',(-0.665687533238708,0.746230599808507,0.));
#4068=DIRECTION('ref_axis',(-0.746230599808507,-0.665687533238708,-4.35226423335616E-46));
#4069=DIRECTION('',(0.,0.,1.));
#4070=DIRECTION('center_axis',(-1.,-2.50305906231203E-16,0.));
#4071=DIRECTION('ref_axis',(2.50305906231203E-16,-1.,0.));
#4072=DIRECTION('center_axis',(0.665687533238708,0.746230599808507,0.));
#4073=DIRECTION('ref_axis',(-0.746230599808507,0.665687533238708,4.35226423335616E-46));
#4074=DIRECTION('center_axis',(0.99026806874157,0.126133665146146,-0.0588170940088063));
#4075=DIRECTION('ref_axis',(3.98274427907781E-16,0.422618261740699,0.90630778703665));
#4076=DIRECTION('',(0.138093079435041,-0.837974739198385,0.527947571144659));
#4077=DIRECTION('center_axis',(0.103511199448583,0.542346418809946,0.833754036627555));
#4078=DIRECTION('ref_axis',(-0.994521895368273,0.0441756374486017,0.0947349602264486));
#4079=DIRECTION('',(-0.980374553798715,-0.0857716594666718,0.177507624332884));
#4080=DIRECTION('center_axis',(0.,0.,1.));
#4081=DIRECTION('ref_axis',(0.,-1.,0.));
#4082=DIRECTION('',(-0.98436709149258,-0.17612901290372,0.));
#4083=DIRECTION('',(0.518924781827117,0.854819905480493,0.));
#4084=DIRECTION('',(-0.707106781186549,-0.707106781186546,0.));
#4085=DIRECTION('',(-0.707106781186578,0.707106781186517,0.));
#4086=DIRECTION('',(0.518924781827117,-0.854819905480493,0.));
#4087=DIRECTION('',(-0.98436709149258,0.17612901290372,0.));
#4088=DIRECTION('center_axis',(0.160071158553662,-0.894621381109141,0.417168801160466));
#4089=DIRECTION('ref_axis',(0.,-0.422618261740759,-0.906307787036622));
#4090=DIRECTION('',(0.,-0.422618261740759,-0.906307787036622));
#4091=DIRECTION('',(0.985047602213243,0.117496306398277,-0.125999362524987));
#4092=DIRECTION('',(0.936222667044145,0.27153143092023,0.223064564050769));
#4093=DIRECTION('',(3.86336827779486E-14,0.422618261740765,0.906307787036619));
#4094=DIRECTION('',(0.852095860885951,0.338576147821107,0.399122582658072));
#4095=DIRECTION('',(0.,0.422618261740759,0.906307787036622));
#4096=DIRECTION('',(-0.6419815545411,0.226677801039546,0.732445805602619));
#4097=DIRECTION('center_axis',(-0.707106781186547,-0.707106781186548,0.));
#4098=DIRECTION('ref_axis',(0.,0.,-1.));
#4099=DIRECTION('',(0.211541378239862,-0.211541378239861,-0.954201493702855));
#4100=DIRECTION('',(-0.248538473614179,0.248538473614179,-0.936192957817494));
#4101=DIRECTION('',(0.,0.,1.));
#4102=DIRECTION('',(0.211541378239861,-0.211541378239861,-0.954201493702855));
#4103=DIRECTION('',(0.,0.,1.));
#4104=DIRECTION('',(0.706761482935476,-0.706761482935475,0.0312475995509212));
#4105=DIRECTION('center_axis',(-0.707106781186547,-0.704347763588902,0.0624037493049306));
#4106=DIRECTION('ref_axis',(0.,-0.0882522286099634,-0.996098159894583));
#4107=DIRECTION('',(0.170569393631579,-0.255550005932461,-0.951630325506746));
#4108=DIRECTION('',(0.,0.0882522286099634,0.996098159894583));
#4109=DIRECTION('',(0.701708354524068,-0.688086081101935,0.184778056556796));
#4110=DIRECTION('',(0.,0.0882522286099634,0.996098159894583));
#4111=DIRECTION('center_axis',(1.,0.,0.));
#4112=DIRECTION('ref_axis',(0.,1.,0.));
#4113=DIRECTION('',(0.,-0.422618261740731,-0.906307787036635));
#4114=DIRECTION('',(0.,0.422618261740739,0.906307787036632));
#4115=DIRECTION('',(0.,0.99106792617979,0.133358035744721));
#4116=DIRECTION('center_axis',(-0.707106781186547,0.613997371872256,0.350723861939792));
#4117=DIRECTION('ref_axis',(0.,-0.495998442203123,0.868323410563182));
#4118=DIRECTION('',(0.664023331817194,0.747073458314603,0.0308911424886124));
#4119=DIRECTION('',(0.,0.495998442203122,-0.868323410563182));
#4120=DIRECTION('',(0.664023331817193,0.747073458314604,0.0308911424886103));
#4121=DIRECTION('',(0.,0.495998442203122,-0.868323410563182));
#4122=DIRECTION('center_axis',(-0.707106781186546,0.640856382055779,-0.298836238730143));
#4123=DIRECTION('ref_axis',(0.,0.422618261740731,0.906307787036635));
#4124=DIRECTION('',(0.432537568646342,0.726341011022118,0.534172245082874));
#4125=DIRECTION('',(0.,-0.422618261740731,-0.906307787036635));
#4126=DIRECTION('center_axis',(-0.707106781186547,-0.0942983714008103,0.700790851218218));
#4127=DIRECTION('ref_axis',(0.,-0.99106792617979,-0.133358035744721));
#4128=DIRECTION('',(0.6595312394972,-0.445339382266905,0.605550475789937));
#4129=DIRECTION('',(0.,0.99106792617979,0.133358035744721));
#4130=DIRECTION('center_axis',(-0.707106781186547,-0.640856382055776,0.298836238730148));
#4131=DIRECTION('ref_axis',(0.,-0.422618261740739,-0.906307787036632));
#4132=DIRECTION('',(0.,0.422618261740739,0.906307787036632));
#4133=DIRECTION('center_axis',(-0.707106781186547,0.640856382055779,-0.298836238730142));
#4134=DIRECTION('ref_axis',(0.,0.42261826174073,0.906307787036636));
#4135=DIRECTION('',(0.,-0.422618261740731,-0.906307787036635));
#4136=DIRECTION('',(0.,-0.42261826174073,-0.906307787036636));
#4137=DIRECTION('center_axis',(1.,0.,0.));
#4138=DIRECTION('ref_axis',(0.,1.,0.));
#4139=DIRECTION('center_axis',(-0.866025403784439,-0.353553390593274,0.353553390593271));
#4140=DIRECTION('ref_axis',(0.,-0.707106781186544,-0.707106781186551));
#4141=DIRECTION('',(0.470635470535499,-0.815164546811569,0.337652210855073));
#4142=DIRECTION('',(0.470635470535499,-0.815164546811569,0.337652210855073));
#4143=DIRECTION('',(0.,0.707106781186544,0.707106781186551));
#4144=DIRECTION('center_axis',(-0.866025403784438,-0.5,0.));
#4145=DIRECTION('ref_axis',(0.,0.,-1.));
#4146=DIRECTION('',(0.377964473009228,-0.654653670707977,-0.654653670707977));
#4147=DIRECTION('',(0.,0.,1.));
#4148=DIRECTION('center_axis',(-0.866025403784438,0.,-0.5));
#4149=DIRECTION('ref_axis',(0.,1.,0.));
#4150=DIRECTION('',(0.499976198265618,0.00975728811907661,-0.86598417797118));
#4151=DIRECTION('',(0.,-1.,0.));
#4152=DIRECTION('',(0.499976198266846,0.00975728858412113,-0.865984177965231));
#4153=DIRECTION('center_axis',(-0.866025403784439,0.0112658519873578,-0.499873064466369));
#4154=DIRECTION('ref_axis',(0.,0.999746128932739,0.0225317039747156));
#4155=DIRECTION('',(0.440302206592412,0.490915119076344,-0.751755487330895));
#4156=DIRECTION('',(0.,-0.999746128932739,-0.0225317039747156));
#4157=DIRECTION('center_axis',(-0.866025403784439,0.453153893518318,-0.211309130870365));
#4158=DIRECTION('ref_axis',(0.,0.42261826174073,0.906307787036636));
#4159=DIRECTION('',(0.4562526400405,0.889090532386893,0.0367634829153212));
#4160=DIRECTION('',(0.,-0.42261826174073,-0.906307787036636));
#4161=DIRECTION('center_axis',(-0.866025403784439,0.43416170528159,0.247999221101561));
#4162=DIRECTION('ref_axis',(0.,-0.495998442203123,0.868323410563182));
#4163=DIRECTION('',(0.4562526400405,0.889090532386893,0.0367634829153216));
#4164=DIRECTION('',(0.,0.495998442203123,-0.868323410563182));
#4165=DIRECTION('center_axis',(-0.866025403784438,0.453153893518318,-0.211309130870366));
#4166=DIRECTION('ref_axis',(0.,0.422618261740732,0.906307787036635));
#4167=DIRECTION('',(0.431737510230418,0.890894183655089,0.14110377666658));
#4168=DIRECTION('',(0.,-0.422618261740732,-0.906307787036635));
#4169=DIRECTION('',(0.266926167974377,0.77636958041848,0.570964705959439));
#4170=DIRECTION('center_axis',(-0.866025403784439,0.365676850809586,0.340999180031249));
#4171=DIRECTION('ref_axis',(0.,-0.681998360062497,0.731353701619171));
#4172=DIRECTION('',(0.456369939147924,0.299478433786008,0.837877763363606));
#4173=DIRECTION('center_axis',(-0.866025403784439,-0.0666790178723607,0.495533963089895));
#4174=DIRECTION('ref_axis',(0.,-0.99106792617979,-0.133358035744721));
#4175=DIRECTION('',(0.451899424789092,-0.528516009219227,0.718649941121733));
#4176=DIRECTION('',(0.,0.99106792617979,0.133358035744721));
#4177=DIRECTION('center_axis',(-0.866025403784439,-0.453153893518316,0.211309130870369));
#4178=DIRECTION('ref_axis',(0.,-0.422618261740738,-0.906307787036632));
#4179=DIRECTION('',(0.494306600277149,-0.839543420479876,0.225450282881607));
#4180=DIRECTION('',(0.,0.422618261740738,0.906307787036632));
#4181=DIRECTION('center_axis',(-0.866025403784437,-0.498049079947294,0.0441261143049826));
#4182=DIRECTION('ref_axis',(0.,-0.0882522286099648,-0.996098159894583));
#4183=DIRECTION('',(0.499633889956071,-0.865391282587192,0.0382609988037347));
#4184=DIRECTION('',(0.,0.0882522286099648,0.996098159894583));
#4185=DIRECTION('',(0.499633889956234,-0.86539128259479,0.0382609986297522));
#4186=DIRECTION('center_axis',(-0.866025403784438,-0.5,0.));
#4187=DIRECTION('ref_axis',(0.,0.,-1.));
#4188=DIRECTION('',(0.,0.,1.));
#4189=DIRECTION('center_axis',(1.,0.,0.));
#4190=DIRECTION('ref_axis',(0.,0.,-1.));
#4191=DIRECTION('center_axis',(-0.707106781186547,0.707106781186548,0.));
#4192=DIRECTION('ref_axis',(0.,0.,-1.));
#4193=DIRECTION('',(-0.211541378239862,-0.211541378239861,-0.954201493702855));
#4194=DIRECTION('',(-0.706761482935476,-0.706761482935475,0.0312475995509212));
#4195=DIRECTION('',(0.,0.,-1.));
#4196=DIRECTION('',(-0.211541378239861,-0.211541378239861,-0.954201493702855));
#4197=DIRECTION('',(0.,0.,1.));
#4198=DIRECTION('',(0.248538473614179,0.248538473614179,-0.936192957817494));
#4199=DIRECTION('center_axis',(-0.707106781186547,0.704347763588902,-0.0624037493049306));
#4200=DIRECTION('ref_axis',(0.,-0.0882522286099634,-0.996098159894583));
#4201=DIRECTION('',(-0.170569393631579,-0.255550005932461,-0.951630325506746));
#4202=DIRECTION('',(0.,0.0882522286099634,0.996098159894583));
#4203=DIRECTION('',(-0.701708354524068,-0.688086081101935,0.184778056556796));
#4204=DIRECTION('',(0.,-0.0882522286099634,-0.996098159894583));
#4205=DIRECTION('center_axis',(1.,0.,0.));
#4206=DIRECTION('ref_axis',(0.,1.,0.));
#4207=DIRECTION('',(0.,-0.422618261740731,-0.906307787036635));
#4208=DIRECTION('',(0.,0.99106792617979,0.133358035744721));
#4209=DIRECTION('',(0.,0.422618261740739,0.906307787036632));
#4210=DIRECTION('center_axis',(-0.707106781186547,-0.613997371872256,-0.350723861939792));
#4211=DIRECTION('ref_axis',(0.,-0.495998442203123,0.868323410563182));
#4212=DIRECTION('',(0.,0.495998442203122,-0.868323410563182));
#4213=DIRECTION('',(-0.664023331817193,0.747073458314604,0.0308911424886103));
#4214=DIRECTION('',(0.,-0.495998442203122,0.868323410563182));
#4215=DIRECTION('',(-0.664023331817194,0.747073458314603,0.0308911424886124));
#4216=DIRECTION('center_axis',(-0.707106781186546,-0.640856382055779,0.298836238730143));
#4217=DIRECTION('ref_axis',(0.,0.422618261740731,0.906307787036635));
#4218=DIRECTION('',(0.,0.422618261740731,0.906307787036635));
#4219=DIRECTION('',(-0.432537568646342,0.726341011022118,0.534172245082874));
#4220=DIRECTION('center_axis',(-0.707106781186547,0.0942983714008103,-0.700790851218218));
#4221=DIRECTION('ref_axis',(0.,-0.99106792617979,-0.133358035744721));
#4222=DIRECTION('',(0.,-0.99106792617979,-0.133358035744721));
#4223=DIRECTION('',(-0.6595312394972,-0.445339382266905,0.605550475789937));
#4224=DIRECTION('center_axis',(-0.707106781186547,0.640856382055776,-0.298836238730148));
#4225=DIRECTION('ref_axis',(0.,-0.422618261740739,-0.906307787036632));
#4226=DIRECTION('',(0.,-0.422618261740739,-0.906307787036632));
#4227=DIRECTION('center_axis',(-0.707106781186547,-0.640856382055779,0.298836238730142));
#4228=DIRECTION('ref_axis',(0.,0.42261826174073,0.906307787036636));
#4229=DIRECTION('',(0.,-0.422618261740731,-0.906307787036635));
#4230=DIRECTION('',(0.,0.42261826174073,0.906307787036636));
#4231=DIRECTION('center_axis',(1.,0.,0.));
#4232=DIRECTION('ref_axis',(0.,1.,0.));
#4233=DIRECTION('center_axis',(-0.866025403784439,0.353553390593274,-0.353553390593271));
#4234=DIRECTION('ref_axis',(0.,-0.707106781186544,-0.707106781186551));
#4235=DIRECTION('',(-0.470635470535499,-0.815164546811569,0.337652210855073));
#4236=DIRECTION('',(0.,0.707106781186544,0.707106781186551));
#4237=DIRECTION('',(-0.470635470535499,-0.815164546811569,0.337652210855073));
#4238=DIRECTION('',(0.,-0.707106781186544,-0.707106781186551));
#4239=DIRECTION('center_axis',(-0.866025403784438,0.5,0.));
#4240=DIRECTION('ref_axis',(0.,0.,-1.));
#4241=DIRECTION('',(-0.377964473009228,-0.654653670707977,-0.654653670707977));
#4242=DIRECTION('',(0.,0.,1.));
#4243=DIRECTION('',(0.,0.,-1.));
#4244=DIRECTION('center_axis',(-0.866025403784438,0.,0.5));
#4245=DIRECTION('ref_axis',(0.,1.,0.));
#4246=DIRECTION('',(-0.499976198265618,0.00975728811907661,-0.86598417797118));
#4247=DIRECTION('',(-0.499976198266846,0.00975728858412113,-0.865984177965231));
#4248=DIRECTION('',(0.,-1.,0.));
#4249=DIRECTION('',(0.,1.,0.));
#4250=DIRECTION('center_axis',(-0.866025403784439,-0.0112658519873578,0.499873064466369));
#4251=DIRECTION('ref_axis',(0.,0.999746128932739,0.0225317039747156));
#4252=DIRECTION('',(-0.440302206592412,0.490915119076344,-0.751755487330895));
#4253=DIRECTION('',(0.,-0.999746128932739,-0.0225317039747156));
#4254=DIRECTION('',(0.,0.999746128932739,0.0225317039747156));
#4255=DIRECTION('center_axis',(-0.866025403784439,-0.453153893518318,0.211309130870365));
#4256=DIRECTION('ref_axis',(0.,0.42261826174073,0.906307787036636));
#4257=DIRECTION('',(-0.4562526400405,0.889090532386893,0.0367634829153212));
#4258=DIRECTION('',(0.,-0.42261826174073,-0.906307787036636));
#4259=DIRECTION('',(0.,0.42261826174073,0.906307787036636));
#4260=DIRECTION('center_axis',(-0.866025403784439,-0.43416170528159,-0.247999221101561));
#4261=DIRECTION('ref_axis',(0.,-0.495998442203123,0.868323410563182));
#4262=DIRECTION('',(-0.4562526400405,0.889090532386893,0.0367634829153216));
#4263=DIRECTION('',(0.,0.495998442203123,-0.868323410563182));
#4264=DIRECTION('',(0.,-0.495998442203123,0.868323410563182));
#4265=DIRECTION('center_axis',(-0.866025403784438,-0.453153893518318,0.211309130870366));
#4266=DIRECTION('ref_axis',(0.,0.422618261740732,0.906307787036635));
#4267=DIRECTION('',(-0.431737510230418,0.890894183655089,0.14110377666658));
#4268=DIRECTION('',(-0.266926167974377,0.77636958041848,0.570964705959439));
#4269=DIRECTION('',(0.,-0.422618261740732,-0.906307787036635));
#4270=DIRECTION('',(0.,0.422618261740732,0.906307787036635));
#4271=DIRECTION('center_axis',(-0.866025403784439,-0.365676850809586,-0.340999180031249));
#4272=DIRECTION('ref_axis',(0.,-0.681998360062497,0.731353701619171));
#4273=DIRECTION('',(0.,-0.681998360062497,0.731353701619171));
#4274=DIRECTION('',(-0.456369939147924,0.299478433786008,0.837877763363606));
#4275=DIRECTION('center_axis',(-0.866025403784439,0.0666790178723607,-0.495533963089895));
#4276=DIRECTION('ref_axis',(0.,-0.99106792617979,-0.133358035744721));
#4277=DIRECTION('',(-0.451899424789092,-0.528516009219227,0.718649941121733));
#4278=DIRECTION('',(0.,0.99106792617979,0.133358035744721));
#4279=DIRECTION('',(0.,-0.99106792617979,-0.133358035744721));
#4280=DIRECTION('center_axis',(-0.866025403784439,0.453153893518316,-0.211309130870369));
#4281=DIRECTION('ref_axis',(0.,-0.422618261740738,-0.906307787036632));
#4282=DIRECTION('',(-0.494306600277149,-0.839543420479876,0.225450282881607));
#4283=DIRECTION('',(0.,0.422618261740738,0.906307787036632));
#4284=DIRECTION('',(0.,-0.422618261740738,-0.906307787036632));
#4285=DIRECTION('center_axis',(-0.866025403784437,0.498049079947294,-0.0441261143049826));
#4286=DIRECTION('ref_axis',(0.,-0.0882522286099648,-0.996098159894583));
#4287=DIRECTION('',(-0.499633889956071,-0.865391282587192,0.0382609988037347));
#4288=DIRECTION('',(-0.499633889956234,-0.86539128259479,0.0382609986297522));
#4289=DIRECTION('',(0.,0.0882522286099648,0.996098159894583));
#4290=DIRECTION('',(0.,-0.0882522286099648,-0.996098159894583));
#4291=DIRECTION('center_axis',(-0.866025403784438,0.5,0.));
#4292=DIRECTION('ref_axis',(0.,0.,-1.));
#4293=DIRECTION('',(0.,0.,1.));
#4294=DIRECTION('',(0.,0.,-1.));
#4295=DIRECTION('center_axis',(1.,0.,0.));
#4296=DIRECTION('ref_axis',(0.,0.,-1.));
#4297=DIRECTION('center_axis',(0.0871557427476564,-0.996194698091746,0.));
#4298=DIRECTION('ref_axis',(-0.996194698091746,-0.0871557427476564,0.));
#4299=DIRECTION('center_axis',(0.,0.707106781186551,-0.707106781186544));
#4300=DIRECTION('ref_axis',(0.,0.707106781186544,0.707106781186551));
#4301=DIRECTION('',(1.,0.,0.));
#4302=DIRECTION('center_axis',(0.,1.,0.));
#4303=DIRECTION('ref_axis',(0.,0.,1.));
#4304=DIRECTION('center_axis',(-0.350800434887293,0.684876350533445,0.638657529011344));
#4305=DIRECTION('ref_axis',(0.936450241541368,0.256559196584437,0.239245321302346));
#4306=DIRECTION('',(-0.890038034364076,-0.455886276811807,5.36432945206898E-16));
#4307=DIRECTION('',(-0.699885331491081,0.261369072768855,-0.664715526043711));
#4308=DIRECTION('',(0.,0.6819983600625,-0.731353701619169));
#4309=DIRECTION('',(0.707106781186545,0.640856382055781,-0.298836238730141));
#4310=DIRECTION('',(2.38944510961424E-14,-0.681998360062493,0.731353701619176));
#4311=DIRECTION('center_axis',(0.350800434887292,0.684876350533445,0.638657529011345));
#4312=DIRECTION('ref_axis',(0.936450241541368,-0.256559196584436,-0.239245321302345));
#4313=DIRECTION('',(0.936222667044146,-0.271531430920229,-0.223064564050768));
#4314=DIRECTION('',(0.707106781186545,-0.640856382055781,0.298836238730142));
#4315=DIRECTION('',(-0.699885331491081,-0.261369072768856,0.664715526043711));
#4316=DIRECTION('',(-0.890038034364077,0.455886276811806,-5.36432945206897E-16));
#4317=DIRECTION('',(2.37362096981548E-14,0.681998360062493,-0.731353701619176));
#4318=DIRECTION('center_axis',(-0.160071158553662,-0.894621381109141,0.417168801160466));
#4319=DIRECTION('ref_axis',(0.,-0.422618261740759,-0.906307787036622));
#4320=DIRECTION('',(-0.6419815545411,-0.226677801039546,-0.732445805602619));
#4321=DIRECTION('',(0.852095860885951,-0.338576147821107,-0.399122582658072));
#4322=DIRECTION('',(3.86336827779486E-14,-0.422618261740765,-0.906307787036619));
#4323=DIRECTION('',(0.985047602213243,-0.117496306398277,0.125999362524987));
#4324=DIRECTION('center_axis',(0.,-0.731353701619176,-0.681998360062493));
#4325=DIRECTION('ref_axis',(0.,0.681998360062493,-0.731353701619176));
#4326=DIRECTION('',(1.,0.,0.));
#4327=DIRECTION('center_axis',(0.,-1.1766814938111E-15,-1.));
#4328=DIRECTION('ref_axis',(0.,1.,-1.1766814938111E-15));
#4329=DIRECTION('',(0.133358035744714,0.991067926179791,-1.16617128784551E-15));
#4330=DIRECTION('',(-1.,0.,0.));
#4331=DIRECTION('',(0.133358035744714,-0.991067926179791,1.16617128784551E-15));
#4332=DIRECTION('center_axis',(-0.703927566165011,0.094720447560213,-0.703927566165012));
#4333=DIRECTION('ref_axis',(-0.0669774707868517,-0.995503910998843,-0.0669774707868511));
#4334=DIRECTION('',(-0.647400737516884,0.322098414629841,0.690742279258725));
#4335=DIRECTION('center_axis',(-0.703927566165011,-0.094720447560213,0.703927566165012));
#4336=DIRECTION('ref_axis',(0.0669774707868517,-0.995503910998843,-0.0669774707868511));
#4337=DIRECTION('',(-0.647400737516884,-0.322098414629841,-0.690742279258725));
#4338=DIRECTION('',(0.,0.991067926179791,0.133358035744712));
#4339=DIRECTION('center_axis',(0.,0.90630778703662,-0.422618261740763));
#4340=DIRECTION('ref_axis',(0.,0.422618261740763,0.90630778703662));
#4341=DIRECTION('',(0.389281620635073,-0.389281620635075,-0.834817129478942));
#4342=DIRECTION('',(1.,0.,0.));
#4343=DIRECTION('',(0.389281620635073,0.389281620635075,0.834817129478942));
#4344=DIRECTION('',(0.,0.422618261740763,0.90630778703662));
#4345=DIRECTION('center_axis',(-0.70710678118655,-0.640856382055777,0.298836238730141));
#4346=DIRECTION('ref_axis',(-1.64035451888367E-14,0.422618261740745,0.906307787036629));
#4347=DIRECTION('',(-0.707106781186545,0.640856382055771,-0.298836238730164));
#4348=DIRECTION('center_axis',(-0.49999999999999,-0.751990132248469,-0.429547251185409));
#4349=DIRECTION('ref_axis',(-0.500000000000013,-0.154317654788164,0.852165512926138));
#4350=DIRECTION('center_axis',(-0.632280199348978,-0.3838303979554,0.672975463978157));
#4351=DIRECTION('ref_axis',(0.316578188622052,0.664813750748123,0.676609878220082));
#4352=DIRECTION('center_axis',(-0.632280199348978,0.3838303979554,-0.672975463978157));
#4353=DIRECTION('ref_axis',(-0.316578188622052,0.664813750748123,0.676609878220082));
#4354=DIRECTION('',(0.,-0.868647084570975,-0.495431370087063));
#4355=DIRECTION('center_axis',(-0.70710678118655,0.640856382055777,-0.298836238730141));
#4356=DIRECTION('ref_axis',(1.64035451888367E-14,0.422618261740745,0.906307787036629));
#4357=DIRECTION('',(0.,-0.42261826174073,-0.906307787036636));
#4358=DIRECTION('',(0.707106781186545,0.640856382055771,-0.298836238730164));
#4359=DIRECTION('center_axis',(-0.49999999999999,0.751990132248469,0.429547251185409));
#4360=DIRECTION('ref_axis',(0.500000000000013,-0.154317654788164,0.852165512926138));
#4361=DIRECTION('',(0.,0.495998442203116,-0.868323410563186));
#4362=DIRECTION('center_axis',(1.,0.,0.));
#4363=DIRECTION('ref_axis',(0.,0.,-1.));
#4364=DIRECTION('',(0.,0.,1.));
#4365=DIRECTION('',(0.,0.,-1.));
#4366=DIRECTION('center_axis',(0.,0.,1.));
#4367=DIRECTION('ref_axis',(1.,0.,0.));
#4368=DIRECTION('',(0.,0.,1.));
#4369=DIRECTION('',(0.,0.,1.));
#4370=DIRECTION('center_axis',(0.,0.,1.));
#4371=DIRECTION('ref_axis',(1.,0.,0.));
#4372=DIRECTION('',(0.,0.,1.));
#4373=DIRECTION('',(0.,0.,1.));
#4374=DIRECTION('center_axis',(-0.707106781186517,-0.707106781186578,0.));
#4375=DIRECTION('ref_axis',(0.707106781186578,-0.707106781186517,0.));
#4376=DIRECTION('center_axis',(0.707106781186546,-0.707106781186549,0.));
#4377=DIRECTION('ref_axis',(0.707106781186549,0.707106781186546,0.));
#4378=DIRECTION('center_axis',(0.70710678118655,-0.707106781186545,0.));
#4379=DIRECTION('ref_axis',(-0.707106781186545,-0.70710678118655,0.));
#4380=DIRECTION('',(0.707106781186545,0.70710678118655,0.));
#4381=DIRECTION('',(0.,0.,-1.));
#4382=DIRECTION('center_axis',(-0.70710678118655,-0.707106781186545,0.));
#4383=DIRECTION('ref_axis',(-0.707106781186545,0.70710678118655,0.));
#4384=DIRECTION('',(0.,0.,-1.));
#4385=DIRECTION('',(0.707106781186545,-0.70710678118655,0.));
#4386=DIRECTION('center_axis',(-1.,3.29597922457265E-15,0.));
#4387=DIRECTION('ref_axis',(3.29597922457265E-15,1.,0.));
#4388=DIRECTION('',(0.,0.,1.));
#4389=DIRECTION('',(-3.29597922457265E-15,-1.,0.));
#4390=DIRECTION('center_axis',(-0.258819045102521,-0.965925826289068,0.));
#4391=DIRECTION('ref_axis',(-0.965925826289068,0.258819045102521,0.));
#4392=DIRECTION('',(0.,0.,1.));
#4393=DIRECTION('',(0.965925826289068,-0.258819045102521,0.));
#4394=DIRECTION('center_axis',(0.258819045102521,-0.965925826289068,0.));
#4395=DIRECTION('ref_axis',(-0.965925826289068,-0.258819045102521,0.));
#4396=DIRECTION('',(0.,0.,1.));
#4397=DIRECTION('',(0.965925826289068,0.258819045102521,0.));
#4398=DIRECTION('center_axis',(1.,3.29597922457265E-15,0.));
#4399=DIRECTION('ref_axis',(3.29597922457265E-15,-1.,0.));
#4400=DIRECTION('',(-3.29597922457265E-15,1.,0.));
#4401=DIRECTION('center_axis',(0.,0.,-1.));
#4402=DIRECTION('ref_axis',(-1.,0.,0.));
#4403=CARTESIAN_POINT('',(0.,0.,0.));
#4404=CARTESIAN_POINT('Origin',(-11.375,-58.7888266797596,4.30377849999144));
#4405=CARTESIAN_POINT('',(-12.,-57.554356076261,6.18489049269625));
#4406=CARTESIAN_POINT('',(-12.,-59.845643923739,6.29014133513205));
#4407=CARTESIAN_POINT('Ctrl Pts',(-12.,-57.554356076261,6.18489049269625));
#4408=CARTESIAN_POINT('Ctrl Pts',(-11.9284607385378,-57.7104675433142,6.201769699665));
#4409=CARTESIAN_POINT('Ctrl Pts',(-11.869043142052,-57.8799047889448,6.22552150817069));
#4410=CARTESIAN_POINT('Ctrl Pts',(-11.7706462635888,-58.2868916796874,6.27431906696078));
#4411=CARTESIAN_POINT('Ctrl Pts',(-11.7463113249921,-58.5284591208461,6.29556915781932));
#4412=CARTESIAN_POINT('Ctrl Pts',(-11.757416633031,-59.1223146305616,6.31778365847812));
#4413=CARTESIAN_POINT('Ctrl Pts',(-11.8431861725741,-59.5034480979319,6.29457523696842));
#4414=CARTESIAN_POINT('Ctrl Pts',(-12.,-59.845643923739,6.29014133513205));
#4415=CARTESIAN_POINT('',(-12.,-57.554356076261,2.42266650728664));
#4416=CARTESIAN_POINT('Origin',(-12.,-58.7888266797596,4.30377849999144));
#4417=CARTESIAN_POINT('',(-12.,-59.845643923739,2.31741566485084));
#4418=CARTESIAN_POINT('Ctrl Pts',(-12.,-59.845643923739,2.31741566485084));
#4419=CARTESIAN_POINT('Ctrl Pts',(-11.8431861725741,-59.503448097932,2.31298176301447));
#4420=CARTESIAN_POINT('Ctrl Pts',(-11.757416633031,-59.1223146305616,2.28977334150477));
#4421=CARTESIAN_POINT('Ctrl Pts',(-11.7463113249921,-58.5284591208461,2.31198784216357));
#4422=CARTESIAN_POINT('Ctrl Pts',(-11.7706462635888,-58.2868916796873,2.33323793302211));
#4423=CARTESIAN_POINT('Ctrl Pts',(-11.869043142052,-57.8799047889448,2.38203549181221));
#4424=CARTESIAN_POINT('Ctrl Pts',(-11.9284607385378,-57.7104675433142,2.40578730031788));
#4425=CARTESIAN_POINT('Ctrl Pts',(-12.,-57.554356076261,2.42266650728664));
#4426=CARTESIAN_POINT('',(-12.,-61.0388266797596,4.30377849999144));
#4427=CARTESIAN_POINT('Origin',(-12.,-58.7888266797596,4.30377849999144));
#4428=CARTESIAN_POINT('',(-10.75,-59.7888266797596,4.30377849999144));
#4429=CARTESIAN_POINT('',(-11.375,-60.4138266797596,4.30377849999144));
#4430=CARTESIAN_POINT('Origin',(-10.75,-58.7888266797596,4.30377849999144));
#4431=CARTESIAN_POINT('Origin',(-12.,-58.7888266797596,4.30377849999144));
#4432=CARTESIAN_POINT('Origin',(11.375,-58.7888266797596,4.30377849999144));
#4433=CARTESIAN_POINT('',(10.75,-59.7888266797596,4.30377849999144));
#4434=CARTESIAN_POINT('Origin',(10.75,-58.7888266797596,4.30377849999144));
#4435=CARTESIAN_POINT('',(12.,-61.0388266797596,4.30377849999144));
#4436=CARTESIAN_POINT('',(11.375,-60.4138266797596,4.30377849999144));
#4437=CARTESIAN_POINT('',(12.,-59.845643923739,2.31741566485084));
#4438=CARTESIAN_POINT('Origin',(12.,-58.7888266797596,4.30377849999144));
#4439=CARTESIAN_POINT('',(11.75,-58.6999999999999,2.30575201844452));
#4440=CARTESIAN_POINT('Ctrl Pts',(11.75,-58.6999999999998,2.30575201844452));
#4441=CARTESIAN_POINT('Ctrl Pts',(11.75,-58.7172399565101,2.30498557810443));
#4442=CARTESIAN_POINT('Ctrl Pts',(11.7501621755159,-58.7343830621405,2.30428479410776));
#4443=CARTESIAN_POINT('Ctrl Pts',(11.757416633031,-59.1223146305616,2.28977334150477));
#4444=CARTESIAN_POINT('Ctrl Pts',(11.8431861725741,-59.503448097932,2.31298176301447));
#4445=CARTESIAN_POINT('Ctrl Pts',(12.,-59.845643923739,2.31741566485084));
#4446=CARTESIAN_POINT('',(12.,-57.554356076261,2.42266650728664));
#4447=CARTESIAN_POINT('Ctrl Pts',(12.,-57.554356076261,2.42266650728664));
#4448=CARTESIAN_POINT('Ctrl Pts',(11.9284607385378,-57.7104675433142,2.40578730031789));
#4449=CARTESIAN_POINT('Ctrl Pts',(11.869043142052,-57.8799047889448,2.3820354918122));
#4450=CARTESIAN_POINT('Ctrl Pts',(11.7749525749017,-58.2690800145289,2.33537354426042));
#4451=CARTESIAN_POINT('Ctrl Pts',(11.75,-58.4915852823894,2.31501755498739));
#4452=CARTESIAN_POINT('Ctrl Pts',(11.75,-58.6999999999998,2.30575201844452));
#4453=CARTESIAN_POINT('',(12.,-57.554356076261,6.18489049269625));
#4454=CARTESIAN_POINT('Origin',(12.,-58.7888266797596,4.30377849999144));
#4455=CARTESIAN_POINT('',(11.75,-58.6999999999999,6.30180498153837));
#4456=CARTESIAN_POINT('Ctrl Pts',(11.75,-58.6999999999998,6.30180498153837));
#4457=CARTESIAN_POINT('Ctrl Pts',(11.75,-58.4915852823894,6.29253944499549));
#4458=CARTESIAN_POINT('Ctrl Pts',(11.7749525749017,-58.2690800145289,6.27218345572247));
#4459=CARTESIAN_POINT('Ctrl Pts',(11.869043142052,-57.8799047889448,6.22552150817068));
#4460=CARTESIAN_POINT('Ctrl Pts',(11.9284607385378,-57.7104675433142,6.201769699665));
#4461=CARTESIAN_POINT('Ctrl Pts',(12.,-57.554356076261,6.18489049269625));
#4462=CARTESIAN_POINT('',(12.,-59.845643923739,6.29014133513205));
#4463=CARTESIAN_POINT('Ctrl Pts',(12.,-59.845643923739,6.29014133513204));
#4464=CARTESIAN_POINT('Ctrl Pts',(11.8431861725741,-59.503448097932,6.29457523696842));
#4465=CARTESIAN_POINT('Ctrl Pts',(11.757416633031,-59.1223146305616,6.31778365847812));
#4466=CARTESIAN_POINT('Ctrl Pts',(11.7501621755159,-58.7343830621405,6.30327220587513));
#4467=CARTESIAN_POINT('Ctrl Pts',(11.75,-58.7172399565101,6.30257142187846));
#4468=CARTESIAN_POINT('Ctrl Pts',(11.75,-58.6999999999998,6.30180498153837));
#4469=CARTESIAN_POINT('Origin',(12.,-58.7888266797596,4.30377849999144));
#4470=CARTESIAN_POINT('Origin',(9.25264037309356,-74.7311065224716,15.8725395458382));
#4471=CARTESIAN_POINT('',(10.,-69.8210301484721,11.8331817664395));
#4472=CARTESIAN_POINT('',(9.98805784139076,-69.8304813971467,11.8268801729847));
#4473=CARTESIAN_POINT('',(10.6551606172544,-69.3025237278129,12.1788944631657));
#4474=CARTESIAN_POINT('',(10.,-69.6862470150447,11.6948057562534));
#4475=CARTESIAN_POINT('',(10.,-66.3957093693561,8.3165531574383));
#4476=CARTESIAN_POINT('',(9.97009270820858,-69.698886382715,11.6677005448136));
#4477=CARTESIAN_POINT('',(9.20345164150277,-70.0228828977052,10.9728877761961));
#4478=CARTESIAN_POINT('Origin',(9.00000000000002,-72.4970319935578,13.2403253865116));
#4479=CARTESIAN_POINT('Origin',(-12.,-58.7888266797596,4.30377849999144));
#4480=CARTESIAN_POINT('Ctrl Pts',(-12.,-59.845643923739,6.29014133513205));
#4481=CARTESIAN_POINT('Ctrl Pts',(-12.095170297549,-60.0533225391817,6.17964876140743));
#4482=CARTESIAN_POINT('Ctrl Pts',(-12.2112511203993,-60.2361137796616,6.03943919892599));
#4483=CARTESIAN_POINT('Ctrl Pts',(-12.4775677399902,-60.5795922350247,5.69369015611713));
#4484=CARTESIAN_POINT('Ctrl Pts',(-12.6528362623049,-60.7455998959397,5.45215033607026));
#4485=CARTESIAN_POINT('Ctrl Pts',(-12.8700319810233,-60.9168000227662,5.04912009368607));
#4486=CARTESIAN_POINT('Ctrl Pts',(-12.9342598259982,-60.9614105453357,4.9078875848376));
#4487=CARTESIAN_POINT('Ctrl Pts',(-13.0262078921949,-61.0223917723455,4.61391851177141));
#4488=CARTESIAN_POINT('Ctrl Pts',(-13.0534904901644,-61.0388266797596,4.46105856477603));
#4489=CARTESIAN_POINT('Ctrl Pts',(-13.0534904901644,-61.0388266797596,4.14649843520686));
#4490=CARTESIAN_POINT('Ctrl Pts',(-13.0262078921949,-61.0223917723455,3.99363848821147));
#4491=CARTESIAN_POINT('Ctrl Pts',(-12.9342598259982,-60.9614105453357,3.69966941514529));
#4492=CARTESIAN_POINT('Ctrl Pts',(-12.8700319810233,-60.9168000227662,3.55843690629681));
#4493=CARTESIAN_POINT('Ctrl Pts',(-12.6528362623049,-60.7455998959397,3.15540666391263));
#4494=CARTESIAN_POINT('Ctrl Pts',(-12.4775677399902,-60.5795922350247,2.91386684386575));
#4495=CARTESIAN_POINT('Ctrl Pts',(-12.2112511203993,-60.2361137796616,2.56811780105689));
#4496=CARTESIAN_POINT('Ctrl Pts',(-12.095170297549,-60.0533225391817,2.42790823857546));
#4497=CARTESIAN_POINT('Ctrl Pts',(-12.,-59.845643923739,2.31741566485084));
#4498=CARTESIAN_POINT('Origin',(-12.,-58.7888266797596,4.30377849999144));
#4499=CARTESIAN_POINT('',(-16.2005381147981,-56.5388266797596,4.30377849999144));
#4500=CARTESIAN_POINT('',(-17.25,-58.6999999999998,2.05553255682534));
#4501=CARTESIAN_POINT('Ctrl Pts',(-16.2005381147981,-56.5388266797596,4.30377849999144));
#4502=CARTESIAN_POINT('Ctrl Pts',(-16.2005381147981,-56.5388266797596,4.15044576984449));
#4503=CARTESIAN_POINT('Ctrl Pts',(-16.2210625523795,-56.5546046832217,3.99783051157273));
#4504=CARTESIAN_POINT('Ctrl Pts',(-16.2944635076895,-56.6156108635259,3.70171111048363));
#4505=CARTESIAN_POINT('Ctrl Pts',(-16.3469532631489,-56.6608134520789,3.55810596228387));
#4506=CARTESIAN_POINT('Ctrl Pts',(-16.5280029525497,-56.8351204581124,3.14904721972544));
#4507=CARTESIAN_POINT('Ctrl Pts',(-16.6782236352127,-57.0049148868673,2.90458144926164));
#4508=CARTESIAN_POINT('Ctrl Pts',(-16.9299296268598,-57.3925859023166,2.51915100588779));
#4509=CARTESIAN_POINT('Ctrl Pts',(-17.0522501535525,-57.6365102091899,2.34828667488413));
#4510=CARTESIAN_POINT('Ctrl Pts',(-17.2086848532945,-58.1593115554116,2.1269623725094));
#4511=CARTESIAN_POINT('Ctrl Pts',(-17.25,-58.4327103913533,2.06609298885573));
#4512=CARTESIAN_POINT('Ctrl Pts',(-17.25,-58.6999999999996,2.05553255682534));
#4513=CARTESIAN_POINT('',(-17.25,-58.6999999999998,6.55202444315754));
#4514=CARTESIAN_POINT('Ctrl Pts',(-17.25,-58.6999999999997,6.55202444315754));
#4515=CARTESIAN_POINT('Ctrl Pts',(-17.25,-58.4327103913533,6.54146401112716));
#4516=CARTESIAN_POINT('Ctrl Pts',(-17.2086848532945,-58.1593115554117,6.48059462747349));
#4517=CARTESIAN_POINT('Ctrl Pts',(-17.0522501535525,-57.6365102091899,6.25927032509877));
#4518=CARTESIAN_POINT('Ctrl Pts',(-16.9299296268598,-57.3925859023166,6.0884059940951));
#4519=CARTESIAN_POINT('Ctrl Pts',(-16.6782236352127,-57.0049148868673,5.70297555072125));
#4520=CARTESIAN_POINT('Ctrl Pts',(-16.5280029525497,-56.8351204581124,5.45850978025745));
#4521=CARTESIAN_POINT('Ctrl Pts',(-16.3469532631489,-56.6608134520789,5.04945103769901));
#4522=CARTESIAN_POINT('Ctrl Pts',(-16.2944635076895,-56.6156108635259,4.90584588949926));
#4523=CARTESIAN_POINT('Ctrl Pts',(-16.2210625523795,-56.5546046832217,4.60972648841016));
#4524=CARTESIAN_POINT('Ctrl Pts',(-16.2005381147981,-56.5388266797596,4.4571112301384));
#4525=CARTESIAN_POINT('Ctrl Pts',(-16.2005381147981,-56.5388266797596,4.30377849999144));
#4526=CARTESIAN_POINT('',(-15.9465095098356,-61.0388266797596,4.30377849999144));
#4527=CARTESIAN_POINT('Ctrl Pts',(-15.9465095098356,-61.0388266797596,4.30377849999144));
#4528=CARTESIAN_POINT('Ctrl Pts',(-15.9465095098356,-61.0388266797596,4.46105856477602));
#4529=CARTESIAN_POINT('Ctrl Pts',(-15.9737921078051,-61.0223917723455,4.61391851177142));
#4530=CARTESIAN_POINT('Ctrl Pts',(-16.0657401740018,-60.9614105453357,4.9078875848376));
#4531=CARTESIAN_POINT('Ctrl Pts',(-16.1299680189767,-60.9168000227662,5.04912009368607));
#4532=CARTESIAN_POINT('Ctrl Pts',(-16.3471637376951,-60.7455998959397,5.45215033607026));
#4533=CARTESIAN_POINT('Ctrl Pts',(-16.5224322600098,-60.5795922350247,5.69369015611714));
#4534=CARTESIAN_POINT('Ctrl Pts',(-16.818731118113,-60.1974445708516,6.07836403314339));
#4535=CARTESIAN_POINT('Ctrl Pts',(-16.9644963154172,-59.955435932178,6.25107722595116));
#4536=CARTESIAN_POINT('Ctrl Pts',(-17.1749938693969,-59.4030432329398,6.48911325041393));
#4537=CARTESIAN_POINT('Ctrl Pts',(-17.2387668948031,-59.0920110430479,6.55377849999145));
#4538=CARTESIAN_POINT('Ctrl Pts',(-17.249518494632,-58.7593241569049,6.55377849999145));
#4539=CARTESIAN_POINT('Ctrl Pts',(-17.25,-58.7297003045699,6.55319788214488));
#4540=CARTESIAN_POINT('Ctrl Pts',(-17.25,-58.6999999999997,6.55202444315754));
#4541=CARTESIAN_POINT('',(-18.5,-61.0388266797596,4.30377849999144));
#4542=CARTESIAN_POINT('',(-12.,-61.0388266797596,4.30377849999144));
#4543=CARTESIAN_POINT('Origin',(-18.5,-58.7888266797596,4.30377849999144));
#4544=CARTESIAN_POINT('Ctrl Pts',(-17.25,-58.6999999999996,2.05553255682534));
#4545=CARTESIAN_POINT('Ctrl Pts',(-17.25,-58.7297003045699,2.05435911783801));
#4546=CARTESIAN_POINT('Ctrl Pts',(-17.249518494632,-58.7593241569049,2.05377849999144));
#4547=CARTESIAN_POINT('Ctrl Pts',(-17.2387668948031,-59.0920110430479,2.05377849999144));
#4548=CARTESIAN_POINT('Ctrl Pts',(-17.1749938693969,-59.4030432329398,2.11844374956896));
#4549=CARTESIAN_POINT('Ctrl Pts',(-16.9644963154172,-59.955435932178,2.35647977403174));
#4550=CARTESIAN_POINT('Ctrl Pts',(-16.818731118113,-60.1974445708516,2.52919296683949));
#4551=CARTESIAN_POINT('Ctrl Pts',(-16.5224322600098,-60.5795922350247,2.91386684386575));
#4552=CARTESIAN_POINT('Ctrl Pts',(-16.3471637376951,-60.7455998959397,3.15540666391263));
#4553=CARTESIAN_POINT('Ctrl Pts',(-16.1299680189767,-60.9168000227662,3.55843690629682));
#4554=CARTESIAN_POINT('Ctrl Pts',(-16.0657401740018,-60.9614105453357,3.69966941514529));
#4555=CARTESIAN_POINT('Ctrl Pts',(-15.9737921078051,-61.0223917723455,3.99363848821147));
#4556=CARTESIAN_POINT('Ctrl Pts',(-15.9465095098356,-61.0388266797596,4.14649843520686));
#4557=CARTESIAN_POINT('Ctrl Pts',(-15.9465095098356,-61.0388266797596,4.30377849999144));
#4558=CARTESIAN_POINT('Origin',(12.,-58.7888266797596,4.30377849999144));
#4559=CARTESIAN_POINT('Ctrl Pts',(12.,-57.554356076261,6.18489049269625));
#4560=CARTESIAN_POINT('Ctrl Pts',(12.0599551670862,-57.4235231755581,6.09903203742375));
#4561=CARTESIAN_POINT('Ctrl Pts',(12.1267266729401,-57.3053253443485,6.00164976469855));
#4562=CARTESIAN_POINT('Ctrl Pts',(12.3217763647873,-57.0049148868673,5.70297555072125));
#4563=CARTESIAN_POINT('Ctrl Pts',(12.4719970474503,-56.8351204581124,5.45850978025744));
#4564=CARTESIAN_POINT('Ctrl Pts',(12.6530467368511,-56.6608134520789,5.04945103769901));
#4565=CARTESIAN_POINT('Ctrl Pts',(12.7055364923105,-56.6156108635259,4.90584588949926));
#4566=CARTESIAN_POINT('Ctrl Pts',(12.7789374476205,-56.5546046832217,4.60972648841017));
#4567=CARTESIAN_POINT('Ctrl Pts',(12.7994618852019,-56.5388266797596,4.4571112301384));
#4568=CARTESIAN_POINT('Ctrl Pts',(12.7994618852019,-56.5388266797596,4.30377849999144));
#4569=CARTESIAN_POINT('Ctrl Pts',(12.7994618852019,-56.5388266797596,4.15044576984449));
#4570=CARTESIAN_POINT('Ctrl Pts',(12.7789374476205,-56.5546046832217,3.99783051157272));
#4571=CARTESIAN_POINT('Ctrl Pts',(12.7055364923105,-56.6156108635259,3.70171111048363));
#4572=CARTESIAN_POINT('Ctrl Pts',(12.6530467368511,-56.6608134520789,3.55810596228387));
#4573=CARTESIAN_POINT('Ctrl Pts',(12.4719970474503,-56.8351204581124,3.14904721972544));
#4574=CARTESIAN_POINT('Ctrl Pts',(12.3217763647873,-57.0049148868673,2.90458144926164));
#4575=CARTESIAN_POINT('Ctrl Pts',(12.1267266723333,-57.3053253452832,2.60590723435506));
#4576=CARTESIAN_POINT('Ctrl Pts',(12.0599551671912,-57.423523175329,2.50852496270946));
#4577=CARTESIAN_POINT('Ctrl Pts',(12.,-57.554356076261,2.42266650728664));
#4578=CARTESIAN_POINT('Origin',(12.,-58.7888266797596,4.30377849999144));
#4579=CARTESIAN_POINT('',(16.2005381147981,-56.5388266797596,4.30377849999144));
#4580=CARTESIAN_POINT('',(15.9465095098356,-61.0388266797596,4.30377849999144));
#4581=CARTESIAN_POINT('Ctrl Pts',(16.2005381147981,-56.5388266797596,4.30377849999144));
#4582=CARTESIAN_POINT('Ctrl Pts',(16.2005381147981,-56.5388266797596,4.4571112301384));
#4583=CARTESIAN_POINT('Ctrl Pts',(16.2210625523795,-56.5546046832217,4.60972648841016));
#4584=CARTESIAN_POINT('Ctrl Pts',(16.2944635076895,-56.6156108635259,4.90584588949926));
#4585=CARTESIAN_POINT('Ctrl Pts',(16.3469532631489,-56.6608134520789,5.04945103769901));
#4586=CARTESIAN_POINT('Ctrl Pts',(16.5280029525497,-56.8351204581124,5.45850978025745));
#4587=CARTESIAN_POINT('Ctrl Pts',(16.6782236352127,-57.0049148868673,5.70297555072125));
#4588=CARTESIAN_POINT('Ctrl Pts',(16.9299296268598,-57.3925859023166,6.0884059940951));
#4589=CARTESIAN_POINT('Ctrl Pts',(17.0522501535525,-57.6365102091899,6.25927032509875));
#4590=CARTESIAN_POINT('Ctrl Pts',(17.2169186417764,-58.1868286964932,6.49224381716519));
#4591=CARTESIAN_POINT('Ctrl Pts',(17.2580990962157,-58.493814496246,6.55377849999145));
#4592=CARTESIAN_POINT('Ctrl Pts',(17.2387668948031,-59.0920110430479,6.55377849999145));
#4593=CARTESIAN_POINT('Ctrl Pts',(17.1749938693969,-59.4030432329398,6.48911325041393));
#4594=CARTESIAN_POINT('Ctrl Pts',(16.9644963154172,-59.955435932178,6.25107722595115));
#4595=CARTESIAN_POINT('Ctrl Pts',(16.818731118113,-60.1974445708516,6.0783640331434));
#4596=CARTESIAN_POINT('Ctrl Pts',(16.5224322600098,-60.5795922350247,5.69369015611713));
#4597=CARTESIAN_POINT('Ctrl Pts',(16.3471637376951,-60.7455998959397,5.45215033607026));
#4598=CARTESIAN_POINT('Ctrl Pts',(16.1299680189767,-60.9168000227662,5.04912009368607));
#4599=CARTESIAN_POINT('Ctrl Pts',(16.0657401740018,-60.9614105453357,4.9078875848376));
#4600=CARTESIAN_POINT('Ctrl Pts',(15.9737921078051,-61.0223917723455,4.61391851177141));
#4601=CARTESIAN_POINT('Ctrl Pts',(15.9465095098356,-61.0388266797596,4.46105856477603));
#4602=CARTESIAN_POINT('Ctrl Pts',(15.9465095098356,-61.0388266797596,4.30377849999145));
#4603=CARTESIAN_POINT('Ctrl Pts',(15.9465095098356,-61.0388266797596,4.30377849999144));
#4604=CARTESIAN_POINT('Ctrl Pts',(15.9465095098356,-61.0388266797596,4.14649843520686));
#4605=CARTESIAN_POINT('Ctrl Pts',(15.9737921078051,-61.0223917723455,3.99363848821147));
#4606=CARTESIAN_POINT('Ctrl Pts',(16.0657401740018,-60.9614105453357,3.69966941514529));
#4607=CARTESIAN_POINT('Ctrl Pts',(16.1299680189767,-60.9168000227662,3.55843690629681));
#4608=CARTESIAN_POINT('Ctrl Pts',(16.3471637376951,-60.7455998959397,3.15540666391263));
#4609=CARTESIAN_POINT('Ctrl Pts',(16.5224322600098,-60.5795922350247,2.91386684386575));
#4610=CARTESIAN_POINT('Ctrl Pts',(16.818731118113,-60.1974445708516,2.52919296683949));
#4611=CARTESIAN_POINT('Ctrl Pts',(16.9644963154172,-59.955435932178,2.35647977403173));
#4612=CARTESIAN_POINT('Ctrl Pts',(17.1749938693969,-59.4030432329398,2.11844374956896));
#4613=CARTESIAN_POINT('Ctrl Pts',(17.2387668948031,-59.0920110430479,2.05377849999144));
#4614=CARTESIAN_POINT('Ctrl Pts',(17.2580990962157,-58.493814496246,2.05377849999144));
#4615=CARTESIAN_POINT('Ctrl Pts',(17.2169186417764,-58.1868286964932,2.11531318281769));
#4616=CARTESIAN_POINT('Ctrl Pts',(17.0522501535525,-57.6365102091899,2.34828667488412));
#4617=CARTESIAN_POINT('Ctrl Pts',(16.9299296268598,-57.3925859023166,2.51915100588779));
#4618=CARTESIAN_POINT('Ctrl Pts',(16.6782236352127,-57.0049148868673,2.90458144926164));
#4619=CARTESIAN_POINT('Ctrl Pts',(16.5280029525497,-56.8351204581124,3.14904721972544));
#4620=CARTESIAN_POINT('Ctrl Pts',(16.3469532631489,-56.6608134520789,3.55810596228388));
#4621=CARTESIAN_POINT('Ctrl Pts',(16.2944635076895,-56.6156108635259,3.70171111048363));
#4622=CARTESIAN_POINT('Ctrl Pts',(16.2210625523795,-56.5546046832217,3.99783051157272));
#4623=CARTESIAN_POINT('Ctrl Pts',(16.2005381147981,-56.5388266797596,4.15044576984449));
#4624=CARTESIAN_POINT('Ctrl Pts',(16.2005381147981,-56.5388266797596,4.30377849999145));
#4625=CARTESIAN_POINT('',(18.5,-61.0388266797596,4.30377849999144));
#4626=CARTESIAN_POINT('',(12.,-61.0388266797596,4.30377849999144));
#4627=CARTESIAN_POINT('Origin',(18.5,-58.7888266797596,4.30377849999144));
#4628=CARTESIAN_POINT('Origin',(-10.,-58.7888266797596,4.30377849999144));
#4629=CARTESIAN_POINT('',(-9.99999999999986,-59.7888266797596,4.30377849999144));
#4630=CARTESIAN_POINT('Origin',(-9.99999999999986,-58.7888266797596,4.30377849999144));
#4631=CARTESIAN_POINT('',(-10.,-59.7888266797596,4.30377849999144));
#4632=CARTESIAN_POINT('Origin',(10.,-58.7888266797596,4.30377849999144));
#4633=CARTESIAN_POINT('',(10.0000000000001,-59.7888266797596,4.30377849999144));
#4634=CARTESIAN_POINT('Origin',(10.0000000000001,-58.7888266797596,4.30377849999144));
#4635=CARTESIAN_POINT('',(10.,-59.7888266797596,4.30377849999144));
#4636=CARTESIAN_POINT('Origin',(-12.,-58.7888266797596,4.30377849999144));
#4637=CARTESIAN_POINT('Ctrl Pts',(-12.,-57.554356076261,2.42266650728664));
#4638=CARTESIAN_POINT('Ctrl Pts',(-12.0599551670862,-57.4235231755581,2.50852496255914));
#4639=CARTESIAN_POINT('Ctrl Pts',(-12.1267266729401,-57.3053253443485,2.60590723528434));
#4640=CARTESIAN_POINT('Ctrl Pts',(-12.3217763647873,-57.0049148868673,2.90458144926164));
#4641=CARTESIAN_POINT('Ctrl Pts',(-12.4719970474503,-56.8351204581124,3.14904721972544));
#4642=CARTESIAN_POINT('Ctrl Pts',(-12.6530467368511,-56.6608134520789,3.55810596228388));
#4643=CARTESIAN_POINT('Ctrl Pts',(-12.7055364923105,-56.6156108635259,3.70171111048363));
#4644=CARTESIAN_POINT('Ctrl Pts',(-12.7789374476205,-56.5546046832217,3.99783051157272));
#4645=CARTESIAN_POINT('Ctrl Pts',(-12.7994618852019,-56.5388266797596,4.15044576984449));
#4646=CARTESIAN_POINT('Ctrl Pts',(-12.7994618852019,-56.5388266797596,4.30377849999144));
#4647=CARTESIAN_POINT('Ctrl Pts',(-12.7994618852019,-56.5388266797596,4.4571112301384));
#4648=CARTESIAN_POINT('Ctrl Pts',(-12.7789374476205,-56.5546046832217,4.60972648841016));
#4649=CARTESIAN_POINT('Ctrl Pts',(-12.7055364923105,-56.6156108635259,4.90584588949926));
#4650=CARTESIAN_POINT('Ctrl Pts',(-12.6530467368511,-56.6608134520789,5.04945103769901));
#4651=CARTESIAN_POINT('Ctrl Pts',(-12.4719970474503,-56.8351204581124,5.45850978025745));
#4652=CARTESIAN_POINT('Ctrl Pts',(-12.3217763647873,-57.0049148868673,5.70297555072125));
#4653=CARTESIAN_POINT('Ctrl Pts',(-12.1267266723333,-57.3053253452832,6.00164976562783));
#4654=CARTESIAN_POINT('Ctrl Pts',(-12.0599551671912,-57.423523175329,6.09903203727343));
#4655=CARTESIAN_POINT('Ctrl Pts',(-12.,-57.554356076261,6.18489049269625));
#4656=CARTESIAN_POINT('Origin',(12.,-58.7888266797596,4.30377849999144));
#4657=CARTESIAN_POINT('Ctrl Pts',(12.,-59.845643923739,2.31741566485085));
#4658=CARTESIAN_POINT('Ctrl Pts',(12.095170297549,-60.0533225391817,2.42790823857546));
#4659=CARTESIAN_POINT('Ctrl Pts',(12.2112511203993,-60.2361137796616,2.5681178010569));
#4660=CARTESIAN_POINT('Ctrl Pts',(12.4775677399902,-60.5795922350247,2.91386684386575));
#4661=CARTESIAN_POINT('Ctrl Pts',(12.6528362623049,-60.7455998959397,3.15540666391263));
#4662=CARTESIAN_POINT('Ctrl Pts',(12.8700319810233,-60.9168000227662,3.55843690629681));
#4663=CARTESIAN_POINT('Ctrl Pts',(12.9342598259982,-60.9614105453357,3.69966941514529));
#4664=CARTESIAN_POINT('Ctrl Pts',(13.0262078921949,-61.0223917723455,3.99363848821147));
#4665=CARTESIAN_POINT('Ctrl Pts',(13.0534904901644,-61.0388266797596,4.14649843520686));
#4666=CARTESIAN_POINT('Ctrl Pts',(13.0534904901644,-61.0388266797596,4.46105856477602));
#4667=CARTESIAN_POINT('Ctrl Pts',(13.0262078921949,-61.0223917723455,4.61391851177142));
#4668=CARTESIAN_POINT('Ctrl Pts',(12.9342598259982,-60.9614105453357,4.9078875848376));
#4669=CARTESIAN_POINT('Ctrl Pts',(12.8700319810233,-60.9168000227662,5.04912009368607));
#4670=CARTESIAN_POINT('Ctrl Pts',(12.6528362623049,-60.7455998959397,5.45215033607026));
#4671=CARTESIAN_POINT('Ctrl Pts',(12.4775677399902,-60.5795922350247,5.69369015611714));
#4672=CARTESIAN_POINT('Ctrl Pts',(12.2112511203993,-60.2361137796616,6.03943919892599));
#4673=CARTESIAN_POINT('Ctrl Pts',(12.095170297549,-60.0533225391817,6.17964876140743));
#4674=CARTESIAN_POINT('Ctrl Pts',(12.,-59.845643923739,6.29014133513204));
#4675=CARTESIAN_POINT('Origin',(-9.25264037309356,-74.7311065224716,15.8725395458382));
#4676=CARTESIAN_POINT('',(-9.98805784139077,-69.8304813971467,11.8268801729847));
#4677=CARTESIAN_POINT('',(-10.,-69.8210301484722,11.8331817664395));
#4678=CARTESIAN_POINT('',(-9.26036692108639,-70.406389662229,11.4428949580372));
#4679=CARTESIAN_POINT('',(-9.97009270820859,-69.698886382715,11.6677005448137));
#4680=CARTESIAN_POINT('Origin',(-9.00000000000004,-72.4970319935578,13.2403253865116));
#4681=CARTESIAN_POINT('',(-10.,-69.6862470150447,11.6948057562534));
#4682=CARTESIAN_POINT('',(-9.20345164150279,-70.0228828977052,10.9728877761961));
#4683=CARTESIAN_POINT('',(-10.,-66.3957093693561,8.3165531574383));
#4684=CARTESIAN_POINT('Origin',(10.,-60.6569900542984,7.55991969088684));
#4685=CARTESIAN_POINT('',(9.98805784139077,-72.3505301336845,13.0019981977561));
#4686=CARTESIAN_POINT('',(9.98805784139077,-72.3803440938451,13.0159006756989));
#4687=CARTESIAN_POINT('',(10.,-72.3514754061077,13.013147768617));
#4688=CARTESIAN_POINT('',(9.77330267877617,-72.3335313531789,12.8014960957785));
#4689=CARTESIAN_POINT('',(10.,-60.6569900542984,7.55991969088684));
#4690=CARTESIAN_POINT('Origin',(9.00000000000002,-72.3152256243253,13.1555476842371));
#4691=CARTESIAN_POINT('',(9.84507042253523,-69.8222572346618,11.4031308990245));
#4692=CARTESIAN_POINT('Origin',(9.00000000000002,-69.5963022632153,11.887692899015));
#4693=CARTESIAN_POINT('',(9.84507042253523,-72.4509375412036,12.6289046568062));
#4694=CARTESIAN_POINT('',(9.84507042253523,-72.5411805957718,12.6709856842466));
#4695=CARTESIAN_POINT('Origin',(9.00000000000002,-71.8678403767369,12.946928517141));
#4696=CARTESIAN_POINT('Origin',(-3.69149155687865E-14,-69.9088051784205,
18.3161329841357));
#4697=CARTESIAN_POINT('',(6.34282397115479,-71.3196880109838,8.19188023621799));
#4698=CARTESIAN_POINT('',(6.34282397115479,-74.837743074013,9.83237625391946));
#4699=CARTESIAN_POINT('',(6.34282397115479,-74.0386113720938,9.45973502144009));
#4700=CARTESIAN_POINT('',(9.25430403815408,-72.5596562361143,11.7439180793901));
#4701=CARTESIAN_POINT('Origin',(-3.69149155687865E-14,-66.5781306866664,
16.7630139618093));
#4702=CARTESIAN_POINT('Origin',(-3.69149155687865E-14,-65.6578555751657,
16.3338826297071));
#4703=CARTESIAN_POINT('Origin',(-3.69149155687865E-14,-67.1898818173105,
17.0482781989136));
#4704=CARTESIAN_POINT('Origin',(-10.,-67.5023847325155,23.4767182840346));
#4705=CARTESIAN_POINT('',(-9.99999999999999,-66.9847782951721,24.522066863297));
#4706=CARTESIAN_POINT('',(-10.,-72.3514754061077,13.013147768617));
#4707=CARTESIAN_POINT('',(-10.,-69.6294179530056,18.850618814819));
#4708=CARTESIAN_POINT('',(-10.,-60.6569900542984,7.55991969088686));
#4709=CARTESIAN_POINT('',(-9.99999999999999,-64.2906219199099,23.2657611132451));
#4710=CARTESIAN_POINT('',(-10.,-69.302973126014,12.5167392637304));
#4711=CARTESIAN_POINT('',(-9.99999999999999,-55.2902929433628,19.0688387855668));
#4712=CARTESIAN_POINT('Ctrl Pts',(5.47719203216387,-79.1399973826204,11.275597446395));
#4713=CARTESIAN_POINT('Ctrl Pts',(5.47719203216387,-71.5353114962971,7.7294741797392));
#4714=CARTESIAN_POINT('Ctrl Pts',(5.67592915264697,-79.0952568908611,11.3715437405999));
#4715=CARTESIAN_POINT('Ctrl Pts',(5.67592915264697,-71.4905710045378,7.82542047394413));
#4716=CARTESIAN_POINT('Ctrl Pts',(6.01384098502723,-79.0146188547924,11.5444725670056));
#4717=CARTESIAN_POINT('Ctrl Pts',(6.01384098502723,-71.409932968469,7.9983493003498));
#4718=CARTESIAN_POINT('Ctrl Pts',(6.34282397115479,-78.9243738973071,11.7380035028738));
#4719=CARTESIAN_POINT('Ctrl Pts',(6.34282397115479,-71.3196880109838,8.19188023621798));
#4720=CARTESIAN_POINT('',(5.47719203216387,-71.5353114962971,7.7294741797392));
#4721=CARTESIAN_POINT('',(5.47719203216387,-75.2689900446396,9.47051707992035));
#4722=CARTESIAN_POINT('',(5.47719203216387,-74.2542348574071,8.9973289649613));
#4723=CARTESIAN_POINT('Ctrl Pts',(5.47719203216387,-75.2689900446396,9.47051707992035));
#4724=CARTESIAN_POINT('Ctrl Pts',(5.60051345275369,-75.2134648263187,9.5171082701345));
#4725=CARTESIAN_POINT('Ctrl Pts',(5.73546918681378,-75.1493845571406,9.57087800036753));
#4726=CARTESIAN_POINT('Ctrl Pts',(6.02238505380834,-75.0081149032651,9.68941731483105));
#4727=CARTESIAN_POINT('Ctrl Pts',(6.18703671138214,-74.9232126285356,9.76065878224263));
#4728=CARTESIAN_POINT('Ctrl Pts',(6.34282397115479,-74.837743074013,9.83237625391946));
#4729=CARTESIAN_POINT('Ctrl Pts',(5.47719203216387,-71.5353114962971,7.7294741797392));
#4730=CARTESIAN_POINT('Ctrl Pts',(5.67592915264697,-71.4905710045378,7.82542047394413));
#4731=CARTESIAN_POINT('Ctrl Pts',(6.01384098502723,-71.409932968469,7.9983493003498));
#4732=CARTESIAN_POINT('Ctrl Pts',(6.34282397115479,-71.3196880109838,8.19188023621799));
#4733=CARTESIAN_POINT('Origin',(-3.69149155687865E-14,-69.9088051784205,
18.3161329841357));
#4734=CARTESIAN_POINT('',(5.17767973368008,-75.3991825101383,9.36127263013831));
#4735=CARTESIAN_POINT('',(5.17767973368008,-71.6004077290465,7.5898748581091));
#4736=CARTESIAN_POINT('',(5.17767973368008,-74.3193310901564,8.8577296433312));
#4737=CARTESIAN_POINT('Origin',(-3.69149155687865E-14,-66.5781306866664,
16.7630139618093));
#4738=CARTESIAN_POINT('Origin',(-3.69149155687865E-14,-67.1898818173105,
17.0482781989136));
#4739=CARTESIAN_POINT('Ctrl Pts',(4.57214013857,-79.1626213153064,10.8082133123129));
#4740=CARTESIAN_POINT('Ctrl Pts',(4.57214013857,-71.7183707801914,7.33690227856431));
#4741=CARTESIAN_POINT('Ctrl Pts',(4.81171788877931,-79.1194187812926,10.9008614454889));
#4742=CARTESIAN_POINT('Ctrl Pts',(4.81171788877931,-71.6751682461777,7.42955041174031));
#4743=CARTESIAN_POINT('Ctrl Pts',(5.04381682202157,-79.0727256258772,11.0009952404178));
#4744=CARTESIAN_POINT('Ctrl Pts',(5.04381682202157,-71.6284750907622,7.52968420666924));
#4745=CARTESIAN_POINT('Ctrl Pts',(5.17767973368008,-79.0446582641614,11.0611858918576));
#4746=CARTESIAN_POINT('Ctrl Pts',(5.17767973368008,-71.6004077290465,7.58987485810909));
#4747=CARTESIAN_POINT('',(4.57214013857,-71.7183707801914,7.33690227856431));
#4748=CARTESIAN_POINT('',(4.57214013857,-75.6351086124282,9.16330712472175));
#4749=CARTESIAN_POINT('',(4.57214013857,-74.4372941413014,8.6047570637864));
#4750=CARTESIAN_POINT('Ctrl Pts',(4.57214013857,-75.6351086124282,9.16330712472175));
#4751=CARTESIAN_POINT('Ctrl Pts',(4.68602761015513,-75.5940344529072,9.19777243682678));
#4752=CARTESIAN_POINT('Ctrl Pts',(4.80298007284254,-75.5496589129275,9.23500793605705));
#4753=CARTESIAN_POINT('Ctrl Pts',(5.00256387577685,-75.4711928373921,9.30084879109871));
#4754=CARTESIAN_POINT('Ctrl Pts',(5.09492597476374,-75.4338848732659,9.33215389003701));
#4755=CARTESIAN_POINT('Ctrl Pts',(5.17767973368008,-75.3991825101383,9.36127263013831));
#4756=CARTESIAN_POINT('Ctrl Pts',(4.57214013857,-71.7183707801914,7.33690227856431));
#4757=CARTESIAN_POINT('Ctrl Pts',(4.81171788877931,-71.6751682461777,7.42955041174031));
#4758=CARTESIAN_POINT('Ctrl Pts',(5.04381682202157,-71.6284750907622,7.52968420666925));
#4759=CARTESIAN_POINT('Ctrl Pts',(5.17767973368008,-71.6004077290465,7.58987485810909));
#4760=CARTESIAN_POINT('Origin',(-3.69149155687865E-14,-69.9088051784205,
18.3161329841357));
#4761=CARTESIAN_POINT('',(-4.57214013857,-71.7183707801914,7.33690227856431));
#4762=CARTESIAN_POINT('',(-4.57214013857,-75.6351086124282,9.16330712472175));
#4763=CARTESIAN_POINT('',(-4.57214013857,-74.4372941413014,8.6047570637864));
#4764=CARTESIAN_POINT('Origin',(-3.69149155687865E-14,-66.5781306866664,
16.7630139618093));
#4765=CARTESIAN_POINT('Origin',(-3.69149155687865E-14,-67.1898818173105,
17.0482781989136));
#4766=CARTESIAN_POINT('Ctrl Pts',(-5.17767973368008,-79.0446582641614,11.0611858918576));
#4767=CARTESIAN_POINT('Ctrl Pts',(-5.17767973368008,-71.6004077290465,7.58987485810909));
#4768=CARTESIAN_POINT('Ctrl Pts',(-5.04381682202158,-79.0727256258771,11.0009952404178));
#4769=CARTESIAN_POINT('Ctrl Pts',(-5.04381682202158,-71.6284750907622,7.52968420666924));
#4770=CARTESIAN_POINT('Ctrl Pts',(-4.81171788877931,-79.1194187812926,10.9008614454889));
#4771=CARTESIAN_POINT('Ctrl Pts',(-4.81171788877931,-71.6751682461777,7.42955041174031));
#4772=CARTESIAN_POINT('Ctrl Pts',(-4.57214013857,-79.1626213153064,10.8082133123128));
#4773=CARTESIAN_POINT('Ctrl Pts',(-4.57214013857,-71.7183707801914,7.33690227856431));
#4774=CARTESIAN_POINT('',(-5.17767973368008,-71.6004077290465,7.58987485810909));
#4775=CARTESIAN_POINT('',(-5.17767973368008,-75.3991825101383,9.36127263013831));
#4776=CARTESIAN_POINT('',(-5.17767973368008,-74.3193310901564,8.85772964333119));
#4777=CARTESIAN_POINT('Ctrl Pts',(-5.17767973368008,-75.3991825101383,9.36127263013831));
#4778=CARTESIAN_POINT('Ctrl Pts',(-5.09488018232497,-75.4339040760895,9.33213777695477));
#4779=CARTESIAN_POINT('Ctrl Pts',(-5.00246180317208,-75.4712341372986,9.30081413636243));
#4780=CARTESIAN_POINT('Ctrl Pts',(-4.80287328320538,-75.5496994111614,9.23497395400393));
#4781=CARTESIAN_POINT('Ctrl Pts',(-4.68597668510178,-75.5940528193152,9.19775702558063));
#4782=CARTESIAN_POINT('Ctrl Pts',(-4.57214013857,-75.6351086124282,9.16330712472175));
#4783=CARTESIAN_POINT('Ctrl Pts',(-5.17767973368008,-71.6004077290465,7.58987485810909));
#4784=CARTESIAN_POINT('Ctrl Pts',(-5.04381682202158,-71.6284750907622,7.52968420666925));
#4785=CARTESIAN_POINT('Ctrl Pts',(-4.81171788877931,-71.6751682461777,7.42955041174031));
#4786=CARTESIAN_POINT('Ctrl Pts',(-4.57214013857,-71.7183707801914,7.33690227856431));
#4787=CARTESIAN_POINT('Origin',(-3.69149155687865E-14,-69.9088051784205,
18.3161329841357));
#4788=CARTESIAN_POINT('',(-5.47719203216387,-71.5353114962971,7.72947417973921));
#4789=CARTESIAN_POINT('',(-5.47719203216387,-75.2689900446396,9.47051707992035));
#4790=CARTESIAN_POINT('',(-5.47719203216387,-74.2542348574071,8.99732896496131));
#4791=CARTESIAN_POINT('Origin',(-3.69149155687865E-14,-66.5781306866664,
16.7630139618093));
#4792=CARTESIAN_POINT('Origin',(-3.69149155687865E-14,-67.1898818173105,
17.0482781989136));
#4793=CARTESIAN_POINT('Ctrl Pts',(-6.34282397115479,-78.9243738973071,11.7380035028738));
#4794=CARTESIAN_POINT('Ctrl Pts',(-6.34282397115479,-71.3196880109838,8.19188023621798));
#4795=CARTESIAN_POINT('Ctrl Pts',(-6.01384098502724,-79.0146188547923,11.5444725670056));
#4796=CARTESIAN_POINT('Ctrl Pts',(-6.01384098502724,-71.409932968469,7.9983493003498));
#4797=CARTESIAN_POINT('Ctrl Pts',(-5.67592915264698,-79.0952568908611,11.3715437405999));
#4798=CARTESIAN_POINT('Ctrl Pts',(-5.67592915264698,-71.4905710045378,7.82542047394413));
#4799=CARTESIAN_POINT('Ctrl Pts',(-5.47719203216387,-79.1399973826204,11.275597446395));
#4800=CARTESIAN_POINT('Ctrl Pts',(-5.47719203216387,-71.5353114962971,7.7294741797392));
#4801=CARTESIAN_POINT('',(-6.34282397115479,-71.3196880109838,8.19188023621798));
#4802=CARTESIAN_POINT('',(-6.34282397115479,-74.837743074013,9.83237625391947));
#4803=CARTESIAN_POINT('',(-6.34282397115479,-74.0386113720937,9.45973502144008));
#4804=CARTESIAN_POINT('Ctrl Pts',(-6.34282397115479,-74.837743074013,9.83237625391947));
#4805=CARTESIAN_POINT('Ctrl Pts',(-6.18678676389944,-74.9233497572073,9.76054371762478));
#4806=CARTESIAN_POINT('Ctrl Pts',(-6.02184564041008,-75.0083932074561,9.68918378988697));
#4807=CARTESIAN_POINT('Ctrl Pts',(-5.73493367903606,-75.1496382144542,9.57066515660929));
#4808=CARTESIAN_POINT('Ctrl Pts',(-5.60026849326077,-75.2135751188312,9.51701572372792));
#4809=CARTESIAN_POINT('Ctrl Pts',(-5.47719203216387,-75.2689900446396,9.47051707992035));
#4810=CARTESIAN_POINT('Ctrl Pts',(-6.34282397115479,-71.3196880109838,8.19188023621799));
#4811=CARTESIAN_POINT('Ctrl Pts',(-6.01384098502724,-71.409932968469,7.9983493003498));
#4812=CARTESIAN_POINT('Ctrl Pts',(-5.67592915264698,-71.4905710045378,7.82542047394413));
#4813=CARTESIAN_POINT('Ctrl Pts',(-5.47719203216387,-71.5353114962971,7.7294741797392));
#4814=CARTESIAN_POINT('Origin',(-3.69149155687865E-14,-69.9088051784205,
18.3161329841357));
#4815=CARTESIAN_POINT('',(7.85587201423749,-66.1463080028007,26.0537660994641));
#4816=CARTESIAN_POINT('',(6.81479242497991,-66.1463080028007,26.9873239148031));
#4817=CARTESIAN_POINT('Origin',(-3.69149155687865E-14,-66.1463080028007,
16.5616517373577));
#4818=CARTESIAN_POINT('',(6.81479242497986,-63.1966176986544,25.6118607367942));
#4819=CARTESIAN_POINT('',(6.81479242497988,-65.9155410597644,26.8797155220163));
#4820=CARTESIAN_POINT('',(7.85587201423754,-63.5541910870398,24.8450421308116));
#4821=CARTESIAN_POINT('Origin',(-3.69149155687865E-14,-67.1898818173105,
17.0482781989136));
#4822=CARTESIAN_POINT('',(7.85587201423751,-66.2731144481498,26.1128969160337));
#4823=CARTESIAN_POINT('Origin',(-9.99999999999986,-61.7036305634794,30.));
#4824=CARTESIAN_POINT('',(-10.,-55.45,30.));
#4825=CARTESIAN_POINT('',(-10.,-55.45,-7.27081849907146E-15));
#4826=CARTESIAN_POINT('',(-10.,-55.45,27.5));
#4827=CARTESIAN_POINT('',(-9.99999999999986,-61.7036305634794,30.));
#4828=CARTESIAN_POINT('',(-9.99999999999999,-56.7227815245647,30.));
#4829=CARTESIAN_POINT('',(-9.99999999999986,-61.7036305634794,26.1389370036956));
#4830=CARTESIAN_POINT('',(-9.99999999999986,-61.7036305634794,30.));
#4831=CARTESIAN_POINT('',(-9.99999999999999,-60.0976802775362,25.0942867254299));
#4832=CARTESIAN_POINT('',(-9.99999999999985,-61.7830645742062,26.190607819496));
#4833=CARTESIAN_POINT('',(-9.99999999999991,-67.8072784920758,8.56100000000001));
#4834=CARTESIAN_POINT('',(-9.99999999999981,-63.4341978651305,17.9391016684289));
#4835=CARTESIAN_POINT('',(-9.99999999999982,-62.9271197418535,8.56100000000001));
#4836=CARTESIAN_POINT('',(-9.9999999999998,-63.9760499766858,8.56100000000001));
#4837=CARTESIAN_POINT('',(-9.99999999999982,-62.9271197418535,2.47155048397692E-15));
#4838=CARTESIAN_POINT('',(-9.99999999999982,-62.9271197418535,15.));
#4839=CARTESIAN_POINT('',(-9.99999999999987,-61.030242406486,0.));
#4840=CARTESIAN_POINT('Origin',(10.0000000000001,-52.95,30.));
#4841=CARTESIAN_POINT('',(10.0000000000003,-62.9271197418539,3.34894660985807E-15));
#4842=CARTESIAN_POINT('',(10.0000000000004,-62.9271197418539,8.56100000000001));
#4843=CARTESIAN_POINT('',(10.0000000000004,-62.9271197418539,15.));
#4844=CARTESIAN_POINT('',(10.0000000000003,-67.8072784920787,8.56100000000001));
#4845=CARTESIAN_POINT('',(10.0000000000003,-59.5992346949461,8.56100000000001));
#4846=CARTESIAN_POINT('',(10.,-60.0976802775362,25.0942867254299));
#4847=CARTESIAN_POINT('',(10.0000000000002,-58.519871689874,28.4779081609149));
#4848=CARTESIAN_POINT('',(10.0000000000003,-61.7036305634793,26.1389370036955));
#4849=CARTESIAN_POINT('',(10.0000000000002,-58.7692273223693,24.2301449388348));
#4850=CARTESIAN_POINT('',(10.0000000000003,-61.7036305634793,30.));
#4851=CARTESIAN_POINT('',(10.0000000000003,-61.7036305634793,30.));
#4852=CARTESIAN_POINT('',(10.0000000000002,-55.45,30.));
#4853=CARTESIAN_POINT('',(10.0000000000001,-52.3459662428247,30.));
#4854=CARTESIAN_POINT('',(10.0000000000003,-55.45,-6.3934223731909E-15));
#4855=CARTESIAN_POINT('',(10.0000000000002,-55.45,27.5));
#4856=CARTESIAN_POINT('',(10.0000000000003,-66.3034049821804,7.7481026671245E-15));
#4857=CARTESIAN_POINT('Origin',(-6.26362340993561,-71.6463776999295,14.1731912419199));
#4858=CARTESIAN_POINT('',(-10.9023829138667,-73.9526726954448,10.575038482142));
#4859=CARTESIAN_POINT('',(-15.0507037645469,-74.8759279924405,9.80033530295038));
#4860=CARTESIAN_POINT('',(0.509770404986562,-71.4127700743562,12.7062698347236));
#4861=CARTESIAN_POINT('',(-10.9023829138667,-66.1463080028007,27.3158415895386));
#4862=CARTESIAN_POINT('',(-10.9023829138667,-72.1625816578263,14.4139011006571));
#4863=CARTESIAN_POINT('',(-15.0507037645421,-66.1463080028007,28.5210657841501));
#4864=CARTESIAN_POINT('',(-4.42388728986356,-66.1463080028007,25.4336246753233));
#4865=CARTESIAN_POINT('',(-15.0507037645445,-70.5313204723674,19.1173761966444));
#4866=CARTESIAN_POINT('Origin',(6.2636234099356,-67.4201950825225,23.2362691122864));
#4867=CARTESIAN_POINT('',(10.9023829138668,-66.1463080028007,27.3158415895386));
#4868=CARTESIAN_POINT('',(15.0507037645421,-66.1463080028007,28.5210657841501));
#4869=CARTESIAN_POINT('',(-0.509770404986575,-66.1463080028007,24.0002341937755));
#4870=CARTESIAN_POINT('',(10.9023829138667,-73.9526726954448,10.575038482142));
#4871=CARTESIAN_POINT('',(10.9023829138668,-67.9363990404193,23.4769789710236));
#4872=CARTESIAN_POINT('',(15.0507037645469,-74.8759279924405,9.80033530295038));
#4873=CARTESIAN_POINT('',(4.42388728986355,-72.5108108875656,11.784904193342));
#4874=CARTESIAN_POINT('',(15.0507037645434,-68.4182291636638,23.6489151318276));
#4875=CARTESIAN_POINT('Origin',(-9.99999999999999,-55.2902929433628,19.0688387855668));
#4876=CARTESIAN_POINT('',(-7.85587201423808,-66.1463080028007,26.0537660994636));
#4877=CARTESIAN_POINT('',(-7.8558720142382,-63.5541910870401,24.8450421308111));
#4878=CARTESIAN_POINT('',(-7.85587201423813,-66.27311444815,26.1128969160333));
#4879=CARTESIAN_POINT('',(-8.90550884095451,-66.1463080028007,25.1125348305386));
#4880=CARTESIAN_POINT('',(-10.7042692179295,-66.1463080028007,23.4995488252662));
#4881=CARTESIAN_POINT('',(-9.77330267877616,-66.8111094924272,24.6443679941338));
#4882=CARTESIAN_POINT('',(-8.66766610980436,-63.8330131563785,24.247106273524));
#4883=CARTESIAN_POINT('Origin',(-6.80000000000001,-61.7560749414099,5.20292454424883));
#4884=CARTESIAN_POINT('',(-9.98805784139077,-72.3505301336845,13.0019981977561));
#4885=CARTESIAN_POINT('',(-6.19473465882592,-72.0502725408878,9.46043364431358));
#4886=CARTESIAN_POINT('',(-9.98805784139077,-72.3803440938451,13.015900675699));
#4887=CARTESIAN_POINT('Origin',(-6.66666666666667,-70.3724906202077,13.5791679410209));
#4888=CARTESIAN_POINT('',(-9.25430403815414,-72.5596562361143,11.74391807939));
#4889=CARTESIAN_POINT('',(-3.66020058316841,-67.8313156798269,15.7114668962514));
#4890=CARTESIAN_POINT('',(-9.84507042253524,-72.4509375412036,12.6289046568062));
#4891=CARTESIAN_POINT('Origin',(-3.69149155687865E-14,-65.6578555751658,
16.3338826297071));
#4892=CARTESIAN_POINT('Origin',(-9.00000000000004,-71.8678403767369,12.946928517141));
#4893=CARTESIAN_POINT('',(-4.41181710404298,-66.1463080028007,20.1542945934062));
#4894=CARTESIAN_POINT('Origin',(6.8,-54.1912080562514,21.4258339322049));
#4895=CARTESIAN_POINT('',(10.,-64.2906219199099,23.2657611132451));
#4896=CARTESIAN_POINT('',(7.06766610980435,-63.2834707128228,25.425603846843));
#4897=CARTESIAN_POINT('',(10.,-66.9847782951721,24.522066863297));
#4898=CARTESIAN_POINT('',(10.,-55.2902929433628,19.0688387855668));
#4899=CARTESIAN_POINT('',(8.90550884095451,-66.1463080028007,25.1125348305386));
#4900=CARTESIAN_POINT('',(6.1947346588259,-64.0696319124938,26.5749727020043));
#4901=CARTESIAN_POINT('',(5.53637005057067,-66.1463080028007,28.1337119635643));
#4902=CARTESIAN_POINT('Origin',(6.66666666666667,-66.1463080028007,22.6422458113874));
#4903=CARTESIAN_POINT('',(3.66020058316841,-66.1463080028007,19.3249775207458));
#4904=CARTESIAN_POINT('',(10.,-69.922747090207,18.2215724501036));
#4905=CARTESIAN_POINT('',(4.41181710404298,-68.4666094149221,15.1783921574438));
#4906=CARTESIAN_POINT('Origin',(-9.99999999999999,-55.2902929433628,19.0688387855668));
#4907=CARTESIAN_POINT('',(-6.81479242497925,-63.1966176986542,25.6118607367946));
#4908=CARTESIAN_POINT('',(-6.81479242497939,-66.1463080028007,26.9873239148036));
#4909=CARTESIAN_POINT('',(-6.81479242497932,-65.9155410597642,26.8797155220167));
#4910=CARTESIAN_POINT('',(-6.79999999999998,-63.1915370327984,25.6227562598831));
#4911=CARTESIAN_POINT('',(-8.66766610980436,-63.8330131563785,24.247106273524));
#4912=CARTESIAN_POINT('',(-6.79999999999998,-66.1463080028007,27.0005885912893));
#4913=CARTESIAN_POINT('',(-6.79999999999998,-54.1912080562514,21.4258339322049));
#4914=CARTESIAN_POINT('',(-10.7042692179295,-66.1463080028007,23.4995488252662));
#4915=CARTESIAN_POINT('Origin',(-6.79999999999998,-54.1912080562514,21.4258339322049));
#4916=CARTESIAN_POINT('',(-6.79809274474254,-63.1915370327984,25.6227562598831));
#4917=CARTESIAN_POINT('',(-3.40000000000001,-63.1915370327984,25.6227562598831));
#4918=CARTESIAN_POINT('',(-6.79809274474253,-66.1463080028007,27.0005885912892));
#4919=CARTESIAN_POINT('',(-6.79809274474253,-65.9104603939084,26.8906110451052));
#4920=CARTESIAN_POINT('',(-6.73333333333332,-66.1463080028007,27.0005885912892));
#4921=CARTESIAN_POINT('Origin',(3.93926642395284,-54.1912080562514,21.4258339322049));
#4922=CARTESIAN_POINT('',(6.79809274474247,-63.1915370327985,25.6227562598831));
#4923=CARTESIAN_POINT('',(6.79809274474247,-66.1463080028007,27.0005885912892));
#4924=CARTESIAN_POINT('',(6.79809274474247,-65.9104603939084,26.8906110451052));
#4925=CARTESIAN_POINT('',(6.8,-63.1915370327984,25.6227562598831));
#4926=CARTESIAN_POINT('',(1.9696332119764,-63.1915370327984,25.6227562598831));
#4927=CARTESIAN_POINT('',(6.8,-66.1463080028007,27.0005885912892));
#4928=CARTESIAN_POINT('',(6.8,-54.1912080562514,21.4258339322049));
#4929=CARTESIAN_POINT('',(-1.36370012135692,-66.1463080028007,27.0005885912892));
#4930=CARTESIAN_POINT('Origin',(6.8,-54.1912080562514,21.4258339322049));
#4931=CARTESIAN_POINT('',(7.06766610980435,-63.2834707128228,25.425603846843));
#4932=CARTESIAN_POINT('',(5.53637005057067,-66.1463080028007,28.1337119635643));
#4933=CARTESIAN_POINT('Origin',(-6.66666666666667,-66.1463080028007,22.6422458113874));
#4934=CARTESIAN_POINT('Origin',(-3.69149155687865E-14,-66.1463080028007,
16.5616517373577));
#4935=CARTESIAN_POINT('',(-6.34282397115479,-66.1463080028007,27.3438099548594));
#4936=CARTESIAN_POINT('Origin',(-3.69149155687865E-14,-66.1463080028007,
16.5616517373577));
#4937=CARTESIAN_POINT('',(-5.47719203216387,-66.1463080028007,27.9067628938179));
#4938=CARTESIAN_POINT('Ctrl Pts',(-5.47719203216387,-66.1463080028007,27.9067628938179));
#4939=CARTESIAN_POINT('Ctrl Pts',(-5.600512066426,-66.1463080028007,27.8342806839037));
#4940=CARTESIAN_POINT('Ctrl Pts',(-5.73546978297341,-66.1463080028007,27.7506284519635));
#4941=CARTESIAN_POINT('Ctrl Pts',(-6.02238496736838,-66.1463080028007,27.566214406466));
#4942=CARTESIAN_POINT('Ctrl Pts',(-6.1870375019838,-66.1463080028007,27.4553819681318));
#4943=CARTESIAN_POINT('Ctrl Pts',(-6.34282397115479,-66.1463080028007,27.3438099548594));
#4944=CARTESIAN_POINT('',(-5.17767973368008,-66.1463080028007,28.076717087296));
#4945=CARTESIAN_POINT('Origin',(-3.69149155687865E-14,-66.1463080028007,
16.5616517373577));
#4946=CARTESIAN_POINT('',(-4.57214013856999,-66.1463080028007,28.3846967409691));
#4947=CARTESIAN_POINT('Ctrl Pts',(-4.57214013856999,-66.1463080028007,28.3846967409691));
#4948=CARTESIAN_POINT('Ctrl Pts',(-4.68602742069681,-66.1463080028007,28.3310783229245));
#4949=CARTESIAN_POINT('Ctrl Pts',(-4.80298005998792,-66.1463080028007,28.2731500554607));
#4950=CARTESIAN_POINT('Ctrl Pts',(-5.00256371508481,-66.1463080028007,28.1707199510588));
#4951=CARTESIAN_POINT('Ctrl Pts',(-5.09492627262976,-66.1463080028007,28.1220176420232));
#4952=CARTESIAN_POINT('Ctrl Pts',(-5.17767973368008,-66.1463080028007,28.0767170872961));
#4953=CARTESIAN_POINT('',(4.57214013856999,-66.1463080028007,28.3846967409691));
#4954=CARTESIAN_POINT('Origin',(-3.69149155687865E-14,-66.1463080028007,
16.5616517373577));
#4955=CARTESIAN_POINT('',(5.17767973368008,-66.1463080028007,28.0767170872961));
#4956=CARTESIAN_POINT('Ctrl Pts',(5.17767973368008,-66.1463080028007,28.0767170872961));
#4957=CARTESIAN_POINT('Ctrl Pts',(5.09488048069621,-66.1463080028007,28.1220427092526));
#4958=CARTESIAN_POINT('Ctrl Pts',(5.00246164280461,-66.1463080028007,28.1707738640697));
#4959=CARTESIAN_POINT('Ctrl Pts',(4.80287327046008,-66.1463080028007,28.2732029221178));
#4960=CARTESIAN_POINT('Ctrl Pts',(4.6859764959216,-66.1463080028007,28.3311022984364));
#4961=CARTESIAN_POINT('Ctrl Pts',(4.57214013856999,-66.1463080028007,28.3846967409691));
#4962=CARTESIAN_POINT('',(5.47719203216387,-66.1463080028007,27.9067628938179));
#4963=CARTESIAN_POINT('Origin',(-3.69149155687865E-14,-66.1463080028007,
16.5616517373577));
#4964=CARTESIAN_POINT('',(6.34282397115479,-66.1463080028007,27.3438099548594));
#4965=CARTESIAN_POINT('Ctrl Pts',(6.34282397115479,-66.1463080028007,27.3438099548594));
#4966=CARTESIAN_POINT('Ctrl Pts',(6.18678755893819,-66.1463080028007,27.4555609737216));
#4967=CARTESIAN_POINT('Ctrl Pts',(6.0218455558742,-66.1463080028007,27.5665777049213));
#4968=CARTESIAN_POINT('Ctrl Pts',(5.73493428132059,-66.1463080028007,27.7509595747145));
#4969=CARTESIAN_POINT('Ctrl Pts',(5.60026711557033,-66.1463080028007,27.8344246554769));
#4970=CARTESIAN_POINT('Ctrl Pts',(5.47719203216387,-66.1463080028007,27.9067628938179));
#4971=CARTESIAN_POINT('Origin',(-3.69149155687865E-14,-66.1463080028007,
16.5616517373577));
#4972=CARTESIAN_POINT('',(4.68102048292837,-66.1463080028007,32.5));
#4973=CARTESIAN_POINT('',(4.79613046279259,-66.1463080028007,32.4558313378501));
#4974=CARTESIAN_POINT('',(-4.68102048292837,-66.1463080028007,32.5));
#4975=CARTESIAN_POINT('',(-3.33333333333333,-66.1463080028007,32.5));
#4976=CARTESIAN_POINT('',(-10.6072183960406,-66.1463080028007,30.2260682890682));
#4977=CARTESIAN_POINT('Origin',(-3.69149155687865E-14,-69.9088051784205,
18.3161329841357));
#4978=CARTESIAN_POINT('',(-6.34282397115479,-63.0600756236371,25.9046761616095));
#4979=CARTESIAN_POINT('',(-6.34282397115479,-65.778998984747,27.1725309468316));
#4980=CARTESIAN_POINT('Origin',(-3.69149155687865E-14,-67.1898818173105,
17.0482781989136));
#4981=CARTESIAN_POINT('Origin',(-3.69149155687865E-14,-69.9088051784205,
18.3161329841357));
#4982=CARTESIAN_POINT('Origin',(-3.69149155687865E-14,-67.1898818173105,
17.0482781989136));
#4983=CARTESIAN_POINT('Origin',(-9.00000000000004,-72.3152256243253,13.1555476842371));
#4984=CARTESIAN_POINT('',(-9.84507042253524,-69.8222572346618,11.4031308990245));
#4985=CARTESIAN_POINT('',(-9.84507042253524,-72.5411805957718,12.6709856842466));
#4986=CARTESIAN_POINT('Origin',(-9.00000000000004,-69.5963022632154,11.887692899015));
#4987=CARTESIAN_POINT('Origin',(-3.69149155687865E-14,-69.9088051784205,
18.3161329841357));
#4988=CARTESIAN_POINT('Origin',(-3.69149155687865E-14,-66.5781306866664,
16.7630139618093));
#4989=CARTESIAN_POINT('Origin',(-3.69149155687865E-14,-67.1898818173105,
17.0482781989136));
#4990=CARTESIAN_POINT('Origin',(5.9607877284978,-63.9921495140507,31.0044420026488));
#4991=CARTESIAN_POINT('',(5.9607877284978,-61.8381166881199,30.));
#4992=CARTESIAN_POINT('',(6.2012427393654,-62.0359787592717,30.));
#4993=CARTESIAN_POINT('',(2.23529302350668,-58.7725365792462,30.));
#4994=CARTESIAN_POINT('',(9.30378044320572,-61.7645418820239,28.6829572362527));
#4995=CARTESIAN_POINT('',(7.45974485834637,-61.9258740908375,29.4657595596943));
#4996=CARTESIAN_POINT('',(5.9607877284978,-61.2732261529407,29.7365872174267));
#4997=CARTESIAN_POINT('',(4.68102048292837,-61.0851402577644,30.1399387212825));
#4998=CARTESIAN_POINT('',(5.9607877284978,-63.9921495140507,31.0044420026488));
#4999=CARTESIAN_POINT('Origin',(-5.96078772849781,-63.9921495140507,31.0044420026488));
#5000=CARTESIAN_POINT('',(-5.96078772849781,-61.8381166881199,30.));
#5001=CARTESIAN_POINT('',(-2.98039386424891,-61.8381166881199,30.));
#5002=CARTESIAN_POINT('',(-5.96078772849781,-61.2732261529407,29.7365872174267));
#5003=CARTESIAN_POINT('',(-12.,-61.2732261529407,29.7365872174267));
#5004=CARTESIAN_POINT('',(-5.96078772849781,-63.9921495140507,31.0044420026488));
#5005=CARTESIAN_POINT('Origin',(-12.,-64.8797254777094,29.1010292061047));
#5006=CARTESIAN_POINT('',(-6.20124273936543,-62.0359787592717,30.));
#5007=CARTESIAN_POINT('',(-4.25352049423647,-60.4332658190872,30.));
#5008=CARTESIAN_POINT('',(-9.30378044320585,-61.7645418820239,28.6829572362526));
#5009=CARTESIAN_POINT('',(-15.0507037645421,-62.6091604805583,26.8716668065045));
#5010=CARTESIAN_POINT('',(-6.06775488015091,-62.0476574336713,30.0566662634942));
#5011=CARTESIAN_POINT('Origin',(12.,-74.5060621952672,8.45728349614676));
#5012=CARTESIAN_POINT('',(3.02259544042134,-74.119545631873,4.83234263860874));
#5013=CARTESIAN_POINT('',(11.395922587089,-71.8759193849617,6.99903820531782));
#5014=CARTESIAN_POINT('',(5.35927172405213,-73.4934351087011,5.43698474274437));
#5015=CARTESIAN_POINT('',(3.02259544042134,-73.1065374816803,4.3599691804005));
#5016=CARTESIAN_POINT('',(3.02259544042134,-75.8254608427903,5.6278239656226));
#5017=CARTESIAN_POINT('',(15.0507037645469,-71.3387804701976,8.15093632530451));
#5018=CARTESIAN_POINT('Origin',(3.02259544042134,-75.8254608427903,5.62782396562259));
#5019=CARTESIAN_POINT('',(4.44089209850063E-15,-74.9294476391798,5.21000614697105));
#5020=CARTESIAN_POINT('',(1.55474136406724,-74.5128559462388,5.01574625022887));
#5021=CARTESIAN_POINT('',(-3.02259544042134,-74.119545631873,4.83234263860874));
#5022=CARTESIAN_POINT('',(-3.70332534921806,-73.9371446025471,4.74728764177877));
#5023=CARTESIAN_POINT('',(-3.02259544042134,-73.1065374816803,4.3599691804005));
#5024=CARTESIAN_POINT('',(-3.02259544042134,-75.8254608427903,5.6278239656226));
#5025=CARTESIAN_POINT('',(12.,-73.1065374816803,4.3599691804005));
#5026=CARTESIAN_POINT('Origin',(-3.5527136788005E-14,-67.1898818173105,
17.0482781989136));
#5027=CARTESIAN_POINT('',(2.7453694304884,-62.3383284963802,27.4524678708698));
#5028=CARTESIAN_POINT('',(4.02371889448253,-62.2264874102563,27.6923118540598));
#5029=CARTESIAN_POINT('',(10.4254631120264,-62.679470341147,26.7208868238919));
#5030=CARTESIAN_POINT('',(0.63392845170158,-62.2445404645557,27.6535969541785));
#5031=CARTESIAN_POINT('',(10.4254631120263,-71.3459613457563,8.13553688797362));
#5032=CARTESIAN_POINT('',(10.4254631120264,-65.0156262209022,21.7109843723679));
#5033=CARTESIAN_POINT('',(11.5013698212454,-71.8476648837254,7.05963017875459));
#5034=CARTESIAN_POINT('',(5.78643697620203,-69.1827479322402,12.7745630237979));
#5035=CARTESIAN_POINT('',(4.04857867341798,-73.8446342531436,2.77711554599171));
#5036=CARTESIAN_POINT('',(-11.3959225870891,-71.8759193849617,6.99903820531785));
#5037=CARTESIAN_POINT('',(0.,-73.5507647981207,3.40732062601471));
#5038=CARTESIAN_POINT('',(-11.5013698212454,-71.8476648837254,7.05963017875459));
#5039=CARTESIAN_POINT('',(-7.87100831422851,-72.8204173177637,4.97355585201715));
#5040=CARTESIAN_POINT('',(-10.4254631120263,-71.3459613457563,8.13553688797362));
#5041=CARTESIAN_POINT('',(-5.32006842950697,-68.9652767073937,13.240931570493));
#5042=CARTESIAN_POINT('',(-10.4254631120263,-62.679470341147,26.7208868238919));
#5043=CARTESIAN_POINT('',(-10.4254631120263,-69.148226071786,12.8485953924508));
#5044=CARTESIAN_POINT('',(-2.74536943048868,-62.3383284963802,27.4524678708697));
#5045=CARTESIAN_POINT('',(-5.63392845170161,-62.4666353106035,27.1773130198194));
#5046=CARTESIAN_POINT('',(0.807507581942395,-62.6491649578698,26.7858769280587));
#5047=CARTESIAN_POINT('',(10.,-65.7402518686102,20.1570196560793));
#5048=CARTESIAN_POINT('',(6.34282397115479,-63.0600756236371,25.9046761616095));
#5049=CARTESIAN_POINT('Origin',(-3.69149155687865E-14,-67.1898818173105,
17.0482781989136));
#5050=CARTESIAN_POINT('',(5.47719203216387,-62.8444521383238,26.3670822180883));
#5051=CARTESIAN_POINT('Ctrl Pts',(6.34282397115479,-63.0600756236371,25.9046761616095));
#5052=CARTESIAN_POINT('Ctrl Pts',(6.01384610072853,-62.9698320694653,26.0982040880623));
#5053=CARTESIAN_POINT('Ctrl Pts',(5.6759260622752,-62.8891919343663,26.2711374158528));
#5054=CARTESIAN_POINT('Ctrl Pts',(5.47719203216387,-62.8444521383238,26.3670822180883));
#5055=CARTESIAN_POINT('',(5.17767973368008,-62.7793559055744,26.5066815397184));
#5056=CARTESIAN_POINT('Origin',(-3.69149155687865E-14,-67.1898818173105,
17.0482781989136));
#5057=CARTESIAN_POINT('',(4.57214013856999,-62.6613928544295,26.7596541192632));
#5058=CARTESIAN_POINT('Ctrl Pts',(5.17767973368008,-62.7793559055744,26.5066815397184));
#5059=CARTESIAN_POINT('Ctrl Pts',(5.04381749440476,-62.7512886848389,26.5668718888252));
#5060=CARTESIAN_POINT('Ctrl Pts',(4.81171668539855,-62.7045951714402,26.6670064514517));
#5061=CARTESIAN_POINT('Ctrl Pts',(4.57214013856999,-62.6613928544295,26.7596541192632));
#5062=CARTESIAN_POINT('',(-4.57214013856999,-62.6613928544294,26.7596541192632));
#5063=CARTESIAN_POINT('Origin',(-3.69149155687865E-14,-67.1898818173105,
17.0482781989136));
#5064=CARTESIAN_POINT('',(-5.17767973368008,-62.7793559055744,26.5066815397184));
#5065=CARTESIAN_POINT('Ctrl Pts',(-4.57214013856999,-62.6613928544295,26.7596541192632));
#5066=CARTESIAN_POINT('Ctrl Pts',(-4.81171668539855,-62.7045951714402,26.6670064514517));
#5067=CARTESIAN_POINT('Ctrl Pts',(-5.04381749440477,-62.7512886848389,26.5668718888252));
#5068=CARTESIAN_POINT('Ctrl Pts',(-5.17767973368008,-62.7793559055744,26.5066815397184));
#5069=CARTESIAN_POINT('',(-5.47719203216387,-62.8444521383238,26.3670822180883));
#5070=CARTESIAN_POINT('Origin',(-3.69149155687865E-14,-67.1898818173105,
17.0482781989136));
#5071=CARTESIAN_POINT('Ctrl Pts',(-5.47719203216387,-62.8444521383238,26.3670822180883));
#5072=CARTESIAN_POINT('Ctrl Pts',(-5.6759260622752,-62.8891919343663,26.2711374158528));
#5073=CARTESIAN_POINT('Ctrl Pts',(-6.01384610072854,-62.9698320694653,26.0982040880623));
#5074=CARTESIAN_POINT('Ctrl Pts',(-6.34282397115479,-63.0600756236371,25.9046761616095));
#5075=CARTESIAN_POINT('Origin',(-3.02259544042134,-75.8254608427903,5.6278239656226));
#5076=CARTESIAN_POINT('',(-5.64681216459924,-73.4163888798652,5.51138916847268));
#5077=CARTESIAN_POINT('Ctrl Pts',(-5.47719203216387,-70.4491380246471,29.9132054847441));
#5078=CARTESIAN_POINT('Ctrl Pts',(-5.47719203216387,-62.8444521383238,26.3670822180883));
#5079=CARTESIAN_POINT('Ctrl Pts',(-5.6759260622752,-70.4938778206896,29.8172606825086));
#5080=CARTESIAN_POINT('Ctrl Pts',(-5.6759260622752,-62.8891919343663,26.2711374158528));
#5081=CARTESIAN_POINT('Ctrl Pts',(-6.01384610072854,-70.5745179557886,29.6443273547181));
#5082=CARTESIAN_POINT('Ctrl Pts',(-6.01384610072854,-62.9698320694653,26.0982040880623));
#5083=CARTESIAN_POINT('Ctrl Pts',(-6.34282397115479,-70.6647615099604,29.4507994282653));
#5084=CARTESIAN_POINT('Ctrl Pts',(-6.34282397115479,-63.0600756236371,25.9046761616095));
#5085=CARTESIAN_POINT('',(-5.47719203216387,-65.5633754994337,27.6349370033104));
#5086=CARTESIAN_POINT('Origin',(-3.69149155687865E-14,-69.9088051784205,
18.3161329841357));
#5087=CARTESIAN_POINT('',(-5.17767973368008,-65.4982792666844,27.7745363249405));
#5088=CARTESIAN_POINT('Ctrl Pts',(-4.57214013856999,-70.1056433895444,30.2309651530117));
#5089=CARTESIAN_POINT('Ctrl Pts',(-4.57214013856999,-62.6613928544294,26.7596541192632));
#5090=CARTESIAN_POINT('Ctrl Pts',(-4.81171668539855,-70.1488457065551,30.1383174852002));
#5091=CARTESIAN_POINT('Ctrl Pts',(-4.81171668539855,-62.7045951714402,26.6670064514517));
#5092=CARTESIAN_POINT('Ctrl Pts',(-5.04381749440477,-70.1955392199538,30.0381829225737));
#5093=CARTESIAN_POINT('Ctrl Pts',(-5.04381749440477,-62.7512886848389,26.5668718888252));
#5094=CARTESIAN_POINT('Ctrl Pts',(-5.17767973368008,-70.2236064406894,29.9779925734669));
#5095=CARTESIAN_POINT('Ctrl Pts',(-5.17767973368008,-62.7793559055744,26.5066815397184));
#5096=CARTESIAN_POINT('',(-4.57214013856999,-65.3803162155394,28.0275089044853));
#5097=CARTESIAN_POINT('Origin',(-3.69149155687865E-14,-69.9088051784205,
18.3161329841357));
#5098=CARTESIAN_POINT('',(4.57214013856999,-65.3803162155394,28.0275089044853));
#5099=CARTESIAN_POINT('Ctrl Pts',(5.17767973368008,-70.2236064406894,29.9779925734669));
#5100=CARTESIAN_POINT('Ctrl Pts',(5.17767973368008,-62.7793559055744,26.5066815397184));
#5101=CARTESIAN_POINT('Ctrl Pts',(5.04381749440476,-70.1955392199538,30.0381829225737));
#5102=CARTESIAN_POINT('Ctrl Pts',(5.04381749440476,-62.7512886848389,26.5668718888252));
#5103=CARTESIAN_POINT('Ctrl Pts',(4.81171668539855,-70.1488457065551,30.1383174852002));
#5104=CARTESIAN_POINT('Ctrl Pts',(4.81171668539855,-62.7045951714402,26.6670064514516));
#5105=CARTESIAN_POINT('Ctrl Pts',(4.57214013856999,-70.1056433895444,30.2309651530117));
#5106=CARTESIAN_POINT('Ctrl Pts',(4.57214013856999,-62.6613928544294,26.7596541192632));
#5107=CARTESIAN_POINT('',(5.17767973368008,-65.4982792666843,27.7745363249405));
#5108=CARTESIAN_POINT('Origin',(-3.69149155687865E-14,-69.9088051784205,
18.3161329841357));
#5109=CARTESIAN_POINT('',(5.47719203216387,-65.5633754994338,27.6349370033104));
#5110=CARTESIAN_POINT('Ctrl Pts',(6.34282397115479,-70.6647615099604,29.4507994282653));
#5111=CARTESIAN_POINT('Ctrl Pts',(6.34282397115479,-63.0600756236371,25.9046761616095));
#5112=CARTESIAN_POINT('Ctrl Pts',(6.01384610072853,-70.5745179557886,29.6443273547181));
#5113=CARTESIAN_POINT('Ctrl Pts',(6.01384610072853,-62.9698320694653,26.0982040880623));
#5114=CARTESIAN_POINT('Ctrl Pts',(5.6759260622752,-70.4938778206896,29.8172606825086));
#5115=CARTESIAN_POINT('Ctrl Pts',(5.6759260622752,-62.8891919343663,26.2711374158528));
#5116=CARTESIAN_POINT('Ctrl Pts',(5.47719203216387,-70.4491380246471,29.9132054847441));
#5117=CARTESIAN_POINT('Ctrl Pts',(5.47719203216387,-62.8444521383238,26.3670822180883));
#5118=CARTESIAN_POINT('',(6.34282397115479,-65.778998984747,27.1725309468316));
#5119=CARTESIAN_POINT('Origin',(-3.69149155687865E-14,-69.9088051784205,
18.3161329841357));
#5120=CARTESIAN_POINT('Origin',(10.,-72.3152256243253,13.1555476842371));
#5121=CARTESIAN_POINT('Origin',(6.66666666666667,-70.3724906202077,13.5791679410209));
#5122=CARTESIAN_POINT('',(0.,-79.2998966482868,6.08818483548996));
#5123=CARTESIAN_POINT('',(-6.28278826520899,-77.4531485631855,7.63779047257575));
#5124=CARTESIAN_POINT('',(12.0938761984566,-75.7450509701938,9.07105453286989));
#5125=CARTESIAN_POINT('Origin',(3.33077132433952E-15,-63.9838649712993,
30.));
#5126=CARTESIAN_POINT('',(3.33077132433952E-15,-63.9838649712993,30.));
#5127=CARTESIAN_POINT('',(16.2989638415474,-62.557890407945,30.));
#5128=CARTESIAN_POINT('',(3.33077132433952E-15,-63.9838649712993,30.));
#5129=CARTESIAN_POINT('',(3.33077132433952E-15,-63.9838649712993,32.5));
#5130=CARTESIAN_POINT('',(3.33077132433952E-15,-63.9838649712993,30.));
#5131=CARTESIAN_POINT('',(16.2989638415474,-62.557890407945,32.5));
#5132=CARTESIAN_POINT('',(0.479002636222265,-63.9419576708308,32.5));
#5133=CARTESIAN_POINT('',(16.2989638415474,-62.557890407945,30.));
#5134=CARTESIAN_POINT('Origin',(-16.2989638415415,-62.5578904079455,30.));
#5135=CARTESIAN_POINT('',(-16.2989638415415,-62.5578904079455,30.));
#5136=CARTESIAN_POINT('',(3.33077132433952E-15,-63.9838649712993,30.));
#5137=CARTESIAN_POINT('',(-16.2989638415415,-62.5578904079455,32.5));
#5138=CARTESIAN_POINT('',(-16.2989638415415,-62.5578904079455,30.));
#5139=CARTESIAN_POINT('',(-8.62848455699303,-63.2289703891539,32.5));
#5140=CARTESIAN_POINT('Origin',(4.44089209850063E-15,-74.9294476391798,
4.93583754506405E-15));
#5141=CARTESIAN_POINT('',(12.7,-71.5264928953046,5.86100000000001));
#5142=CARTESIAN_POINT('',(10.34849090173,-72.1565778591805,8.21250909827002));
#5143=CARTESIAN_POINT('',(12.7,-71.5264928953046,4.15843960767646E-15));
#5144=CARTESIAN_POINT('',(12.7,-71.5264928953046,4.15843960767646E-15));
#5145=CARTESIAN_POINT('',(4.44089209850063E-15,-74.9294476391798,4.93583754506405E-15));
#5146=CARTESIAN_POINT('',(6.82157417371086,-73.101612348225,1.66058777021497E-14));
#5147=CARTESIAN_POINT('',(4.44089209850063E-15,-74.9294476391798,4.93583754506405E-15));
#5148=CARTESIAN_POINT('Origin',(-2.22044604925031E-15,-51.7419324856496,
30.));
#5149=CARTESIAN_POINT('',(18.5,-60.3568542494924,30.));
#5150=CARTESIAN_POINT('',(16.2989638415474,-62.557890407945,30.));
#5151=CARTESIAN_POINT('',(18.5,-55.45,30.));
#5152=CARTESIAN_POINT('',(18.5,-59.7868351313977,30.));
#5153=CARTESIAN_POINT('',(16.,-52.95,30.));
#5154=CARTESIAN_POINT('',(12.3229831214124,-49.2729831214124,30.));
#5155=CARTESIAN_POINT('',(12.5000000000001,-52.95,30.));
#5156=CARTESIAN_POINT('',(-1.11022302462516E-15,-52.95,30.));
#5157=CARTESIAN_POINT('',(9.05201687858776,-56.3979831214124,30.));
#5158=CARTESIAN_POINT('',(5.47043829689046,-62.0999158632426,30.));
#5159=CARTESIAN_POINT('',(-0.470438296890392,-62.5373591808723,30.));
#5160=CARTESIAN_POINT('',(-12.5000000000001,-52.95,30.));
#5161=CARTESIAN_POINT('',(-9.05201687858757,-56.3979831214124,30.));
#5162=CARTESIAN_POINT('',(-16.,-52.95,30.));
#5163=CARTESIAN_POINT('',(-1.11022302462516E-15,-52.95,30.));
#5164=CARTESIAN_POINT('',(-18.5,-55.45,30.));
#5165=CARTESIAN_POINT('',(-12.3229831214124,-49.2729831214124,30.));
#5166=CARTESIAN_POINT('',(-18.5,-60.3568542494872,30.));
#5167=CARTESIAN_POINT('',(-18.5,-59.7868351313977,30.));
#5168=CARTESIAN_POINT('',(-16.2989638415415,-62.5578904079455,30.));
#5169=CARTESIAN_POINT('',(-17.25,-58.7,30.));
#5170=CARTESIAN_POINT('Origin',(-14.5,-58.7,30.));
#5171=CARTESIAN_POINT('',(11.75,-58.7,30.));
#5172=CARTESIAN_POINT('Origin',(14.5,-58.7,30.));
#5173=CARTESIAN_POINT('Origin',(-1.84297022087776E-13,-62.5785171987386,
30.));
#5174=CARTESIAN_POINT('',(-4.98000399597571,-62.1428233047769,27.0478626397009));
#5175=CARTESIAN_POINT('Origin',(-9.99999999999985,-72.2499557148686,4.93583754506405E-15));
#5176=CARTESIAN_POINT('',(-12.7,-71.5264928953046,4.15843960767646E-15));
#5177=CARTESIAN_POINT('',(-6.82157417371086,-73.101612348225,1.66058777021497E-14));
#5178=CARTESIAN_POINT('',(-12.7,-71.5264928953046,5.86100000000001));
#5179=CARTESIAN_POINT('',(-12.7,-71.5264928953046,4.15843960767646E-15));
#5180=CARTESIAN_POINT('',(-13.22195008217,-71.3866367922978,5.33904991783001));
#5181=CARTESIAN_POINT('Origin',(-9.99999999999999,-60.0976802775362,25.0942867254299));
#5182=CARTESIAN_POINT('',(-9.83209780952582,-59.078818254551,24.4523750958728));
#5183=CARTESIAN_POINT('Origin',(-10.,-68.3628799793038,7.36950876559562));
#5184=CARTESIAN_POINT('',(-9.86376158782983,-66.6741496272427,8.69723841217013));
#5185=CARTESIAN_POINT('Origin',(-11.2500000000001,-54.2,27.5));
#5186=CARTESIAN_POINT('',(-11.5000000000001,-53.95,24.));
#5187=CARTESIAN_POINT('',(-12.5000000000001,-52.95,25.));
#5188=CARTESIAN_POINT('',(-10.0833333333333,-55.3666666666667,22.5833333333333));
#5189=CARTESIAN_POINT('',(-12.5000000000001,-52.95,27.5));
#5190=CARTESIAN_POINT('',(-12.5000000000001,-52.95,-9.65081603525676E-15));
#5191=CARTESIAN_POINT('',(-6.89828643762688,-58.5517135623731,-2.22044604925031E-15));
#5192=CARTESIAN_POINT('',(-12.5000000000001,-52.95,4.99999999999999));
#5193=CARTESIAN_POINT('',(-12.5000000000001,-52.95,13.75));
#5194=CARTESIAN_POINT('',(-11.5000000000001,-53.95,5.99999999999998));
#5195=CARTESIAN_POINT('',(-6.24999999999996,-59.2,11.2499999999999));
#5196=CARTESIAN_POINT('',(-11.5000000000001,-53.95,16.75));
#5197=CARTESIAN_POINT('Origin',(0.,-53.95,5.99999999999998));
#5198=CARTESIAN_POINT('',(-17.,-53.95,5.99999999999998));
#5199=CARTESIAN_POINT('',(0.,-53.95,5.99999999999998));
#5200=CARTESIAN_POINT('',(-17.,-53.95,24.));
#5201=CARTESIAN_POINT('',(-17.,-53.95,12.6875));
#5202=CARTESIAN_POINT('',(0.,-53.95,24.));
#5203=CARTESIAN_POINT('Origin',(0.,-52.95,4.99999999999999));
#5204=CARTESIAN_POINT('',(-16.,-52.95,4.99999999999999));
#5205=CARTESIAN_POINT('',(0.,-52.95,4.99999999999999));
#5206=CARTESIAN_POINT('',(-16.1458333333333,-53.0958333333333,5.14583333333331));
#5207=CARTESIAN_POINT('Origin',(0.,-52.95,-9.65081603525676E-15));
#5208=CARTESIAN_POINT('',(-16.,-52.95,-9.65081603525676E-15));
#5209=CARTESIAN_POINT('',(0.,-52.95,-9.65081603525676E-15));
#5210=CARTESIAN_POINT('',(-16.,-52.95,9.6875));
#5211=CARTESIAN_POINT('Origin',(0.,-60.3568542494923,0.));
#5212=CARTESIAN_POINT('',(-12.7,-65.3357000656915,6.48722432243607E-15));
#5213=CARTESIAN_POINT('',(-5.91161400052294,-59.2800063808926,-1.40308696887435E-15));
#5214=CARTESIAN_POINT('',(-12.7,-61.5062088191231,1.49756011623262E-15));
#5215=CARTESIAN_POINT('',(12.7,-65.3357000656915,6.48722432243606E-15));
#5216=CARTESIAN_POINT('',(12.7,-65.9416735723985,7.27678202648693E-15));
#5217=CARTESIAN_POINT('',(7.26161400052301,-60.4842965428116,1.66051887414924E-16));
#5218=CARTESIAN_POINT('',(12.5000000000001,-52.95,-9.65081603525676E-15));
#5219=CARTESIAN_POINT('',(6.89828643762708,-58.5517135623732,-2.22044604925031E-15));
#5220=CARTESIAN_POINT('',(16.,-52.95,-9.65081603525676E-15));
#5221=CARTESIAN_POINT('',(0.,-52.95,-9.65081603525676E-15));
#5222=CARTESIAN_POINT('',(18.5,-55.45,-6.3934223731909E-15));
#5223=CARTESIAN_POINT('',(14.4767135623731,-51.4267135623731,-1.22124532708767E-14));
#5224=CARTESIAN_POINT('',(18.5,-60.6396969619669,3.68532023590526E-16));
#5225=CARTESIAN_POINT('',(18.5,-60.3568542494923,0.));
#5226=CARTESIAN_POINT('',(14.6999999999999,-64.439696961967,5.31977038993071E-15));
#5227=CARTESIAN_POINT('',(14.0164213562373,-65.1232756057296,6.2104442866171E-15));
#5228=CARTESIAN_POINT('',(14.7,-73.2682021073445,1.68229370723581E-14));
#5229=CARTESIAN_POINT('',(14.6999999999999,-62.3568542494923,2.60591492965269E-15));
#5230=CARTESIAN_POINT('',(7.2280144832367E-16,-77.207055236082,2.19550951593012E-14));
#5231=CARTESIAN_POINT('',(9.38215702783395,-74.6931138372119,1.86795364475074E-14));
#5232=CARTESIAN_POINT('',(-14.7,-73.2682021073445,1.68229370723581E-14));
#5233=CARTESIAN_POINT('',(-2.13215702783396,-76.6357454823376,2.12107028509318E-14));
#5234=CARTESIAN_POINT('',(-14.6999999999999,-64.439696961967,5.31977038993071E-15));
#5235=CARTESIAN_POINT('',(-14.7,-66.7357954796205,8.31148909348401E-15));
#5236=CARTESIAN_POINT('',(-18.5,-60.6396969619669,3.68532023590525E-16));
#5237=CARTESIAN_POINT('',(-12.0164213562373,-67.1232756057297,8.81635921626982E-15));
#5238=CARTESIAN_POINT('',(-18.5,-55.45,-6.3934223731909E-15));
#5239=CARTESIAN_POINT('',(-18.5,-60.3568542494923,0.));
#5240=CARTESIAN_POINT('',(-14.4767135623731,-51.4267135623731,-1.22124532708767E-14));
#5241=CARTESIAN_POINT('',(-17.25,-58.7,0.));
#5242=CARTESIAN_POINT('Origin',(-14.5,-58.7,0.));
#5243=CARTESIAN_POINT('',(11.75,-58.7,0.));
#5244=CARTESIAN_POINT('Origin',(14.5,-58.7,0.));
#5245=CARTESIAN_POINT('Origin',(-17.25,-54.2,19.375));
#5246=CARTESIAN_POINT('',(-18.5,-55.45,19.375));
#5247=CARTESIAN_POINT('',(-16.,-52.95,25.));
#5248=CARTESIAN_POINT('',(-16.,-52.95,19.375));
#5249=CARTESIAN_POINT('',(-15.0208333333333,-51.9708333333334,25.9791666666667));
#5250=CARTESIAN_POINT('Origin',(-18.5,-67.8317377771457,13.75));
#5251=CARTESIAN_POINT('',(-18.5,-60.6396969619669,-0.606558154317351));
#5252=CARTESIAN_POINT('',(-18.5,-60.6396969619669,6.875));
#5253=CARTESIAN_POINT('',(-18.5,-61.7651504801059,-3.02010101267767));
#5254=CARTESIAN_POINT('',(-18.5,-62.6883925402678,-5.00000000000001));
#5255=CARTESIAN_POINT('',(-18.5,-72.7527388069532,-4.49859018393763));
#5256=CARTESIAN_POINT('',(-18.5,-63.7016922927272,-3.28068195314273));
#5257=CARTESIAN_POINT('',(-18.5,-75.0809769236773,-2.00186047807592));
#5258=CARTESIAN_POINT('',(-18.5,-79.2904122752751,2.51220627984935));
#5259=CARTESIAN_POINT('',(-18.5,-71.5902413437383,5.48404613077149));
#5260=CARTESIAN_POINT('',(-18.5,-72.3589596656303,3.83552436955171));
#5261=CARTESIAN_POINT('',(-18.5,-74.1675248508505,9.99598692426181));
#5262=CARTESIAN_POINT('',(-18.5,-73.3374851730233,8.54287170730201));
#5263=CARTESIAN_POINT('',(-18.5,-64.8755002232649,29.922798043661));
#5264=CARTESIAN_POINT('',(-18.5,-67.9314926052246,23.3692012315249));
#5265=CARTESIAN_POINT('',(-18.5,-60.3568542494872,32.5));
#5266=CARTESIAN_POINT('',(-18.5,-69.4708338059785,27.3018574415115));
#5267=CARTESIAN_POINT('',(-18.5,-60.3568542494872,21.875));
#5268=CARTESIAN_POINT('',(-18.5,-61.35,24.8284271247462));
#5269=CARTESIAN_POINT('',(-18.5,-60.55,25.6284271247462));
#5270=CARTESIAN_POINT('',(-18.5,-65.740041225473,20.4383858992732));
#5271=CARTESIAN_POINT('',(-18.5,-60.55,28.));
#5272=CARTESIAN_POINT('',(-18.5,-60.55,19.6892135623731));
#5273=CARTESIAN_POINT('',(-18.5,-61.4274654355884,28.));
#5274=CARTESIAN_POINT('',(-18.5,-64.1908688885729,28.));
#5275=CARTESIAN_POINT('',(-18.5,-63.5880664021107,27.9513056165192));
#5276=CARTESIAN_POINT('',(-18.5,-64.7884735880592,27.9242515289067));
#5277=CARTESIAN_POINT('',(-18.5,-71.9173826569903,10.0890292648188));
#5278=CARTESIAN_POINT('',(-18.5,-66.6867472141484,21.3061631706548));
#5279=CARTESIAN_POINT('',(-18.5,-69.3400991498785,5.57708847132928));
#5280=CARTESIAN_POINT('',(-18.5,-72.2031851679007,10.5893715842804));
#5281=CARTESIAN_POINT('',(-18.5,-72.6982421157694,-1.62447235908365));
#5282=CARTESIAN_POINT('',(-18.5,-67.6401944418655,9.22254588186964));
#5283=CARTESIAN_POINT('',(-18.5,-71.9950028584125,-2.37860413433422));
#5284=CARTESIAN_POINT('',(-18.5,-75.400738805928,1.27360053038769));
#5285=CARTESIAN_POINT('',(-18.5,-63.1156229235534,-1.18379534730352));
#5286=CARTESIAN_POINT('',(-18.5,-68.8845572536547,-1.96006277588242));
#5287=CARTESIAN_POINT('',(-18.5,-61.6309947711074,2.00000000000001));
#5288=CARTESIAN_POINT('',(-18.5,-60.676798853395,4.04627974905604));
#5289=CARTESIAN_POINT('',(-18.5,-61.35,5.17157287525376));
#5290=CARTESIAN_POINT('',(-18.5,-61.1386830678573,7.55669572798287));
#5291=CARTESIAN_POINT('',(-18.5,-61.35,9.46078643762688));
#5292=CARTESIAN_POINT('Origin',(11.2500000000001,-54.2,27.5));
#5293=CARTESIAN_POINT('',(12.5000000000001,-52.95,25.));
#5294=CARTESIAN_POINT('',(12.5000000000001,-52.95,27.5));
#5295=CARTESIAN_POINT('',(11.5000000000001,-53.95,24.));
#5296=CARTESIAN_POINT('',(10.0833333333335,-55.3666666666666,22.5833333333333));
#5297=CARTESIAN_POINT('',(11.5000000000001,-53.95,5.99999999999998));
#5298=CARTESIAN_POINT('',(11.5000000000001,-53.95,16.75));
#5299=CARTESIAN_POINT('',(12.5000000000001,-52.95,4.99999999999999));
#5300=CARTESIAN_POINT('',(6.2500000000002,-59.2000000000001,11.25));
#5301=CARTESIAN_POINT('',(12.5000000000001,-52.95,13.75));
#5302=CARTESIAN_POINT('Origin',(0.,-53.95,24.));
#5303=CARTESIAN_POINT('',(16.,-52.95,25.));
#5304=CARTESIAN_POINT('',(0.,-52.95,25.));
#5305=CARTESIAN_POINT('',(17.,-53.95,24.));
#5306=CARTESIAN_POINT('',(15.0208333333333,-51.9708333333334,25.9791666666667));
#5307=CARTESIAN_POINT('',(0.,-53.95,24.));
#5308=CARTESIAN_POINT('Origin',(0.,-52.95,25.));
#5309=CARTESIAN_POINT('',(16.,-52.95,19.375));
#5310=CARTESIAN_POINT('Origin',(17.25,-54.2,19.375));
#5311=CARTESIAN_POINT('',(18.5,-55.45,19.375));
#5312=CARTESIAN_POINT('',(16.,-52.95,4.99999999999999));
#5313=CARTESIAN_POINT('',(16.,-52.95,9.6875));
#5314=CARTESIAN_POINT('',(17.,-53.95,5.99999999999998));
#5315=CARTESIAN_POINT('',(16.1458333333333,-53.0958333333333,5.14583333333331));
#5316=CARTESIAN_POINT('',(17.,-53.95,12.6875));
#5317=CARTESIAN_POINT('Origin',(0.,-53.95,5.99999999999998));
#5318=CARTESIAN_POINT('',(0.,-53.95,5.99999999999998));
#5319=CARTESIAN_POINT('Origin',(0.,-52.95,4.99999999999999));
#5320=CARTESIAN_POINT('',(0.,-52.95,4.99999999999999));
#5321=CARTESIAN_POINT('Origin',(0.,-52.95,-9.65081603525676E-15));
#5322=CARTESIAN_POINT('Origin',(11.35,-68.8874811425984,7.21100000000001));
#5323=CARTESIAN_POINT('',(9.51548974183421,-63.7774857919822,9.04551025816576));
#5324=CARTESIAN_POINT('',(12.7,-65.3357000656915,5.86100000000001));
#5325=CARTESIAN_POINT('',(13.4043759843204,-65.9640504865871,5.15662401567958));
#5326=CARTESIAN_POINT('',(12.7,-68.8874811425984,5.86100000000001));
#5327=CARTESIAN_POINT('Origin',(12.7,-71.5264928953046,4.15843960767646E-15));
#5328=CARTESIAN_POINT('',(12.7,-65.3357000656915,4.15843960767646E-15));
#5329=CARTESIAN_POINT('Origin',(-11.35,-64.452016389323,7.21100000000001));
#5330=CARTESIAN_POINT('',(-12.7,-65.3357000656915,5.86100000000001));
#5331=CARTESIAN_POINT('',(-12.7,-64.452016389323,5.86100000000001));
#5332=CARTESIAN_POINT('',(-11.8296212874535,-64.5592641244594,6.73137871254644));
#5333=CARTESIAN_POINT('Origin',(-8.66862493352244,-61.7394442645328,4.15843960767646E-15));
#5334=CARTESIAN_POINT('',(-12.7,-65.3357000656915,4.15843960767646E-15));
#5335=CARTESIAN_POINT('Origin',(-12.7,-62.6555633887538,4.15843960767646E-15));
#5336=CARTESIAN_POINT('Origin',(11.3686249335226,-64.1480245883708,4.15843960767646E-15));
#5337=CARTESIAN_POINT('Origin',(10.,-60.0976802775362,25.0942867254299));
#5338=CARTESIAN_POINT('',(9.91367493359367,-59.5738435631688,24.7642549140996));
#5339=CARTESIAN_POINT('Origin',(-2.58407307446544E-15,-59.6534905854405,
26.0468545941481));
#5340=CARTESIAN_POINT('',(4.95257865810041,-62.1452227109344,27.0528282995642));
#5341=CARTESIAN_POINT('Origin',(0.,-52.95,32.5));
#5342=CARTESIAN_POINT('',(16.2411077985004,-64.0779060970795,32.5));
#5343=CARTESIAN_POINT('',(5.49809429718465,-66.00011213175,32.5));
#5344=CARTESIAN_POINT('',(18.5,-60.3568542494924,32.5));
#5345=CARTESIAN_POINT('',(16.6497190635618,-63.4048046087517,32.5));
#5346=CARTESIAN_POINT('',(14.6261954831468,-64.2306587663456,32.5));
#5347=CARTESIAN_POINT('',(-15.7267135623714,-63.1301406871156,32.5));
#5348=CARTESIAN_POINT('',(-16.2411077985004,-64.0779060970795,32.5));
#5349=CARTESIAN_POINT('',(-16.6497190635618,-63.4048046087517,32.5));
#5350=CARTESIAN_POINT('',(-5.49809429718465,-66.00011213175,32.5));
#5351=CARTESIAN_POINT('Origin',(9.25,-69.2909542857795,24.0031286241361));
#5352=CARTESIAN_POINT('',(0.,-82.7134755542914,-1.23225875214119));
#5353=CARTESIAN_POINT('',(0.,-70.6504159663345,24.6370560167472));
#5354=CARTESIAN_POINT('',(5.00000000000074,-82.1170764252833,-1.87181851677543));
#5355=CARTESIAN_POINT('',(3.69843227871791,-82.2723271963469,-1.70533244767962));
#5356=CARTESIAN_POINT('',(13.4362030508578,-79.6703355306572,0.138192586378586));
#5357=CARTESIAN_POINT('',(11.1856921830732,-80.3230482428589,-0.39801449692014));
#5358=CARTESIAN_POINT('',(13.4362030508581,-76.1795999507179,7.62409919522601));
#5359=CARTESIAN_POINT('',(13.4362030508582,-75.1150427750924,9.90704942563258));
#5360=CARTESIAN_POINT('',(18.5,-74.1675248508505,9.99598692426181));
#5361=CARTESIAN_POINT('',(16.9367756635999,-74.7886644412344,9.26377102807229));
#5362=CARTESIAN_POINT('',(18.5,-64.8755002232649,29.922798043661));
#5363=CARTESIAN_POINT('',(18.5,-67.9314926052246,23.3692012315249));
#5364=CARTESIAN_POINT('',(18.3068897254886,-64.8073147558246,30.1431202781305));
#5365=CARTESIAN_POINT('Origin',(-18.,-64.0160254037844,5.28944417444229));
#5366=CARTESIAN_POINT('',(-16.9061045421145,-65.10992086167,5.7520043899701));
#5367=CARTESIAN_POINT('',(-16.8151706889578,-65.2008547148266,5.34182828526546));
#5368=CARTESIAN_POINT('',(-16.9001741956367,-65.1158512081478,5.72525432568298));
#5369=CARTESIAN_POINT('',(-16.4855010904,-65.5305243133844,7.33633048565576));
#5370=CARTESIAN_POINT('',(-16.4246647668418,-65.5913606369426,7.56548831730427));
#5371=CARTESIAN_POINT('',(-16.4855010904,-65.5305243133844,13.8937279342575));
#5372=CARTESIAN_POINT('',(-16.4855010904,-65.5305243133844,5.35640375923874));
#5373=CARTESIAN_POINT('',(-18.,-64.0160254037844,20.7251910445766));
#5374=CARTESIAN_POINT('',(-16.4421233286976,-65.5739020750868,13.6980634956769));
#5375=CARTESIAN_POINT('',(-18.,-64.0160254037844,5.28944417444229));
#5376=CARTESIAN_POINT('',(-18.,-64.0160254037844,5.23050852484802));
#5377=CARTESIAN_POINT('',(-17.9713171228456,-64.0447082809388,5.29071231239395));
#5378=CARTESIAN_POINT('Origin',(-18.,-64.2452645890183,2.70203381457024));
#5379=CARTESIAN_POINT('',(-16.4855010904,-65.6947713904594,3.50255583019156));
#5380=CARTESIAN_POINT('',(-16.6605428988571,-65.4325207355366,4.4791383788706));
#5381=CARTESIAN_POINT('',(-18.,-64.2452645890183,2.70203381457024));
#5382=CARTESIAN_POINT('',(-18.,-64.1254437939801,4.05444468661938));
#5383=CARTESIAN_POINT('',(-16.4855010904,-65.7303625115685,3.10084075960524));
#5384=CARTESIAN_POINT('',(-17.9313424079471,-64.3125893303428,2.72011314388935));
#5385=CARTESIAN_POINT('',(-16.4855010904,-65.7538541660332,2.8356917185698));
#5386=CARTESIAN_POINT('Origin',(-16.4855010904,-66.466969967648,10.7438033597411));
#5387=CARTESIAN_POINT('',(-16.4855010904,-66.1003540411509,2.6327810289451));
#5388=CARTESIAN_POINT('',(-16.4855010904,-64.9680288691709,5.06106019652314));
#5389=CARTESIAN_POINT('',(-16.4855010904,-65.9384643657476,2.65456489314736));
#5390=CARTESIAN_POINT('',(-16.4855010904,-66.2884219994535,1.90407832578012));
#5391=CARTESIAN_POINT('',(-16.4855010904,-68.8455549841545,2.26338696844443));
#5392=CARTESIAN_POINT('Origin',(-18.,-68.9179145315116,10.2130558865961));
#5393=CARTESIAN_POINT('',(-18.,-66.3406310243998,5.70111509310653));
#5394=CARTESIAN_POINT('',(-18.5929864799176,-67.0077829738253,5.67352866810121));
#5395=CARTESIAN_POINT('',(-18.,-68.9179145315116,10.2130558865961));
#5396=CARTESIAN_POINT('',(-18.,-66.9013556027943,6.68275180175304));
#5397=CARTESIAN_POINT('',(-16.4855010904,-67.2139955819888,10.2835121482567));
#5398=CARTESIAN_POINT('',(-16.6763348518395,-67.4286971313028,10.2746343383458));
#5399=CARTESIAN_POINT('',(-16.4855010904,-67.2139955819888,10.2835121482567));
#5400=CARTESIAN_POINT('Origin',(-18.,-66.3406310243998,5.70111509310653));
#5401=CARTESIAN_POINT('',(-18.,-68.6435843844328,0.762415674905605));
#5402=CARTESIAN_POINT('',(-17.0676986566551,-67.078012398578,1.9137827185289));
#5403=CARTESIAN_POINT('',(-18.,-65.9963654333959,6.43939503550764));
#5404=CARTESIAN_POINT('Origin',(-18.,-68.6435843844328,0.762415674905605));
#5405=CARTESIAN_POINT('',(-18.,-64.9158198442245,1.26402342919672));
#5406=CARTESIAN_POINT('',(-17.5527152974137,-65.2178426768337,1.67469914589392));
#5407=CARTESIAN_POINT('',(-18.,-64.7702758206886,1.2836078235459));
#5408=CARTESIAN_POINT('Origin',(-18.,-64.9158198442245,1.26402342919672));
#5409=CARTESIAN_POINT('',(-18.,-63.8490419518876,3.5517360019596));
#5410=CARTESIAN_POINT('Origin',(-18.,-64.0160254037844,20.7251910445766));
#5411=CARTESIAN_POINT('',(-16.4855010904,-65.5305243133844,13.8937279342575));
#5412=CARTESIAN_POINT('',(-18.,-66.756631769255,14.8479417274329));
#5413=CARTESIAN_POINT('Origin',(-16.4855010904,-66.466969967648,10.7438033597411));
#5414=CARTESIAN_POINT('Origin',(-18.5,-61.35,24.8284271247462));
#5415=CARTESIAN_POINT('',(-18.,-61.4160254037844,25.9871465923533));
#5416=CARTESIAN_POINT('',(-18.4101063028322,-60.7057004507748,25.6929203631247));
#5417=CARTESIAN_POINT('',(-18.,-62.2160254037844,25.1871465923533));
#5418=CARTESIAN_POINT('',(-20.0618462357707,-58.644802966035,23.7078978243864));
#5419=CARTESIAN_POINT('',(-18.,-61.9623724356958,25.440799560442));
#5420=CARTESIAN_POINT('Origin',(-18.5,-60.55,25.6284271247462));
#5421=CARTESIAN_POINT('',(-18.,-61.4160254037844,27.1339745962156));
#5422=CARTESIAN_POINT('',(-18.2065939490149,-61.0581941875544,27.4918058124456));
#5423=CARTESIAN_POINT('',(-18.,-61.4160254037844,25.6284271247462));
#5424=CARTESIAN_POINT('Origin',(-18.5,-60.55,28.));
#5425=CARTESIAN_POINT('',(-18.0002884190358,-61.4177133116096,27.1344741526394));
#5426=CARTESIAN_POINT('',(-18.4978596811241,-61.4274236661841,27.9962928589625));
#5427=CARTESIAN_POINT('',(-18.,-61.4177076829664,27.1339745962156));
#5428=CARTESIAN_POINT('',(-18.,-60.3568542494924,27.1339745962156));
#5429=CARTESIAN_POINT('',(-18.0002830833598,-61.4177132074815,27.1344649109775));
#5430=CARTESIAN_POINT('Origin',(-18.5,-61.4274654355884,28.));
#5431=CARTESIAN_POINT('',(-18.,-63.030591204705,27.0976243538832));
#5432=CARTESIAN_POINT('',(-18.2745508699707,-63.3367018055746,27.5663822205524));
#5433=CARTESIAN_POINT('',(-18.,-61.4079524075557,27.1341944550091));
#5434=CARTESIAN_POINT('Origin',(-18.5,-63.5880664021107,27.9513056165192));
#5435=CARTESIAN_POINT('',(-18.,-70.9430425059854,10.1293177800941));
#5436=CARTESIAN_POINT('',(-16.6608009602645,-68.3333717167823,10.2372264620322));
#5437=CARTESIAN_POINT('',(-18.,-62.8031808348893,27.5853074657485));
#5438=CARTESIAN_POINT('Origin',(-18.5,-71.9173826569903,10.0890292648188));
#5439=CARTESIAN_POINT('',(-18.,-68.3657589988736,5.61737698660457));
#5440=CARTESIAN_POINT('',(-18.9848970264861,-70.2850084338951,5.53801690881223));
#5441=CARTESIAN_POINT('',(-18.,-71.1653925247418,10.5185765160042));
#5442=CARTESIAN_POINT('Origin',(-18.5,-69.3400991498785,5.57708847132928));
#5443=CARTESIAN_POINT('',(-18.0002884190358,-71.6670828339444,-1.46115277334635));
#5444=CARTESIAN_POINT('',(-17.6348158457381,-70.9129269356937,-1.3417062134845));
#5445=CARTESIAN_POINT('',(-18.,-71.6662439511647,-1.46053583462059));
#5446=CARTESIAN_POINT('',(-18.,-68.5552135826571,5.21109032055859));
#5447=CARTESIAN_POINT('',(-17.1188730617403,-69.103437327358,0.424226483866886));
#5448=CARTESIAN_POINT('Origin',(-18.5,-72.6982421157694,-1.62447235908365));
#5449=CARTESIAN_POINT('',(-18.4038736008886,-71.9319229292105,-2.20211974003333));
#5450=CARTESIAN_POINT('Origin',(-18.5,-71.9950028584125,-2.37860413433422));
#5451=CARTESIAN_POINT('',(-18.,-63.7003946451217,-0.38865166963992));
#5452=CARTESIAN_POINT('',(-17.633653403637,-64.1288529048133,0.193944690223255));
#5453=CARTESIAN_POINT('',(-18.,-72.1104943051663,-1.52031413338656));
#5454=CARTESIAN_POINT('Origin',(-18.5,-63.1156229235534,-1.18379534730352));
#5455=CARTESIAN_POINT('',(-18.,-62.4802080124531,2.22804700843078));
#5456=CARTESIAN_POINT('',(-18.3693492699551,-61.8528954309987,2.05958901627209));
#5457=CARTESIAN_POINT('',(-18.,-63.9005084907748,-0.817797196532823));
#5458=CARTESIAN_POINT('Origin',(-18.5,-61.6309947711074,2.00000000000001));
#5459=CARTESIAN_POINT('',(-18.0002884190358,-62.2155258473606,5.2098398234849));
#5460=CARTESIAN_POINT('',(-18.4695665804441,-61.4027122289188,5.1739034077749));
#5461=CARTESIAN_POINT('',(-18.,-62.2160254037844,5.20986191005789));
#5462=CARTESIAN_POINT('',(-18.,-62.2126463111316,5.24800154717058));
#5463=CARTESIAN_POINT('',(-17.9716748070672,-62.2650860770786,5.2120309986441));
#5464=CARTESIAN_POINT('Origin',(-18.5,-61.35,5.17157287525376));
#5465=CARTESIAN_POINT('',(-18.,-62.2160254037844,5.17157287525376));
#5466=CARTESIAN_POINT('Origin',(-18.,-61.35,5.17157287525376));
#5467=CARTESIAN_POINT('Origin',(18.,-64.0160254037844,5.28944417444229));
#5468=CARTESIAN_POINT('',(16.9061045421145,-65.10992086167,5.7520043899701));
#5469=CARTESIAN_POINT('',(16.8151706889578,-65.2008547148266,5.34182828526546));
#5470=CARTESIAN_POINT('',(16.9001741956367,-65.1158512081478,5.72525432568298));
#5471=CARTESIAN_POINT('',(18.,-64.0160254037844,5.28944417444229));
#5472=CARTESIAN_POINT('',(17.9713171228456,-64.0447082809388,5.29071231239395));
#5473=CARTESIAN_POINT('',(18.,-64.0160254037844,20.7251910445766));
#5474=CARTESIAN_POINT('',(18.,-64.0160254037844,5.23050852484802));
#5475=CARTESIAN_POINT('',(16.4855010904,-65.5305243133844,13.8937279342575));
#5476=CARTESIAN_POINT('',(16.4421233286976,-65.5739020750868,13.6980634956769));
#5477=CARTESIAN_POINT('',(16.4855010904,-65.5305243133844,7.33633048565576));
#5478=CARTESIAN_POINT('',(16.4855010904,-65.5305243133844,5.35640375923874));
#5479=CARTESIAN_POINT('',(16.4246647668418,-65.5913606369426,7.56548831730427));
#5480=CARTESIAN_POINT('Origin',(18.,-64.2452645890183,2.70203381457024));
#5481=CARTESIAN_POINT('',(16.4855010904,-65.6947713904594,3.50255583019156));
#5482=CARTESIAN_POINT('',(16.6605428988571,-65.4325207355366,4.4791383788706));
#5483=CARTESIAN_POINT('',(16.4855010904,-65.7303625115685,3.10084075960524));
#5484=CARTESIAN_POINT('',(16.4855010904,-65.7538541660332,2.8356917185698));
#5485=CARTESIAN_POINT('',(18.,-64.2452645890183,2.70203381457024));
#5486=CARTESIAN_POINT('',(17.9313424079471,-64.3125893303428,2.72011314388935));
#5487=CARTESIAN_POINT('',(18.,-64.1254437939801,4.05444468661938));
#5488=CARTESIAN_POINT('Origin',(16.4855010904,-66.466969967648,10.7438033597411));
#5489=CARTESIAN_POINT('',(16.4855010904,-66.1003540411509,2.6327810289451));
#5490=CARTESIAN_POINT('',(16.4855010904,-64.9680288691709,5.06106019652314));
#5491=CARTESIAN_POINT('',(16.4855010904,-65.9384643657476,2.65456489314736));
#5492=CARTESIAN_POINT('',(16.4855010904,-68.8455549841545,2.26338696844443));
#5493=CARTESIAN_POINT('',(16.4855010904,-66.2884219994535,1.90407832578012));
#5494=CARTESIAN_POINT('Origin',(18.,-68.9179145315116,10.2130558865961));
#5495=CARTESIAN_POINT('',(16.4855010904,-67.2139955819888,10.2835121482567));
#5496=CARTESIAN_POINT('',(16.4855010904,-67.2139955819888,10.2835121482567));
#5497=CARTESIAN_POINT('',(18.,-68.9179145315116,10.2130558865961));
#5498=CARTESIAN_POINT('',(16.6763348518395,-67.4286971313028,10.2746343383458));
#5499=CARTESIAN_POINT('',(18.,-66.3406310243998,5.70111509310653));
#5500=CARTESIAN_POINT('',(18.,-66.9013556027943,6.68275180175304));
#5501=CARTESIAN_POINT('',(18.5929864799176,-67.0077829738253,5.67352866810121));
#5502=CARTESIAN_POINT('Origin',(18.,-66.3406310243998,5.70111509310653));
#5503=CARTESIAN_POINT('',(18.,-68.6435843844328,0.762415674905605));
#5504=CARTESIAN_POINT('',(18.,-65.9963654333959,6.43939503550764));
#5505=CARTESIAN_POINT('',(17.0676986566551,-67.078012398578,1.9137827185289));
#5506=CARTESIAN_POINT('Origin',(18.,-68.6435843844328,0.762415674905605));
#5507=CARTESIAN_POINT('',(18.,-64.9158198442245,1.26402342919672));
#5508=CARTESIAN_POINT('',(18.,-64.7702758206886,1.2836078235459));
#5509=CARTESIAN_POINT('',(17.5527152974137,-65.2178426768337,1.67469914589392));
#5510=CARTESIAN_POINT('Origin',(18.,-64.9158198442245,1.26402342919672));
#5511=CARTESIAN_POINT('',(18.,-63.8490419518876,3.5517360019596));
#5512=CARTESIAN_POINT('Origin',(18.,-64.0160254037844,20.7251910445766));
#5513=CARTESIAN_POINT('',(16.4855010904,-65.5305243133844,13.8937279342575));
#5514=CARTESIAN_POINT('',(18.,-66.756631769255,14.8479417274329));
#5515=CARTESIAN_POINT('Origin',(16.4855010904,-66.466969967648,10.7438033597411));
#5516=CARTESIAN_POINT('Origin',(18.5,-61.35,24.8284271247462));
#5517=CARTESIAN_POINT('',(18.5,-60.55,25.6284271247462));
#5518=CARTESIAN_POINT('',(18.,-61.4160254037844,25.9871465923533));
#5519=CARTESIAN_POINT('',(18.4101063028322,-60.7057004507748,25.6929203631247));
#5520=CARTESIAN_POINT('',(18.,-62.2160254037844,25.1871465923533));
#5521=CARTESIAN_POINT('',(18.,-61.9623724356958,25.440799560442));
#5522=CARTESIAN_POINT('',(18.5,-61.35,24.8284271247462));
#5523=CARTESIAN_POINT('',(20.0618462357707,-58.644802966035,23.7078978243864));
#5524=CARTESIAN_POINT('',(18.5,-65.740041225473,20.4383858992732));
#5525=CARTESIAN_POINT('Origin',(18.5,-60.55,25.6284271247462));
#5526=CARTESIAN_POINT('',(18.5,-60.55,28.));
#5527=CARTESIAN_POINT('',(18.,-61.4160254037844,27.1339745962156));
#5528=CARTESIAN_POINT('',(18.2065939490149,-61.0581941875544,27.4918058124456));
#5529=CARTESIAN_POINT('',(18.,-61.4160254037844,25.6284271247462));
#5530=CARTESIAN_POINT('',(18.5,-60.55,19.6892135623731));
#5531=CARTESIAN_POINT('Origin',(18.5,-60.55,28.));
#5532=CARTESIAN_POINT('',(18.5,-61.4274654355884,28.));
#5533=CARTESIAN_POINT('',(18.0002884190358,-61.4177133116096,27.1344741526394));
#5534=CARTESIAN_POINT('',(18.4978596811241,-61.4274236661841,27.9962928589625));
#5535=CARTESIAN_POINT('',(18.,-61.4177076829664,27.1339745962156));
#5536=CARTESIAN_POINT('',(18.0002830833598,-61.4177132074815,27.1344649109775));
#5537=CARTESIAN_POINT('',(18.,-60.3568542494924,27.1339745962156));
#5538=CARTESIAN_POINT('',(18.5,-64.1908688885729,28.));
#5539=CARTESIAN_POINT('Origin',(18.5,-61.4274654355884,28.));
#5540=CARTESIAN_POINT('',(18.5,-63.5880664021107,27.9513056165192));
#5541=CARTESIAN_POINT('',(18.,-63.030591204705,27.0976243538832));
#5542=CARTESIAN_POINT('',(18.2745508699707,-63.3367018055746,27.5663822205524));
#5543=CARTESIAN_POINT('',(18.,-61.4079524075557,27.1341944550091));
#5544=CARTESIAN_POINT('',(18.5,-64.7884735880592,27.9242515289067));
#5545=CARTESIAN_POINT('Origin',(18.5,-63.5880664021107,27.9513056165192));
#5546=CARTESIAN_POINT('',(18.5,-71.9173826569903,10.0890292648188));
#5547=CARTESIAN_POINT('',(18.,-70.9430425059854,10.1293177800941));
#5548=CARTESIAN_POINT('',(16.6608009602645,-68.3333717167823,10.2372264620322));
#5549=CARTESIAN_POINT('',(18.,-62.8031808348893,27.5853074657485));
#5550=CARTESIAN_POINT('',(18.5,-66.6867472141484,21.3061631706548));
#5551=CARTESIAN_POINT('Origin',(18.5,-71.9173826569903,10.0890292648188));
#5552=CARTESIAN_POINT('',(18.5,-69.3400991498785,5.57708847132928));
#5553=CARTESIAN_POINT('',(18.,-68.3657589988736,5.61737698660457));
#5554=CARTESIAN_POINT('',(18.9848970264861,-70.2850084338951,5.53801690881223));
#5555=CARTESIAN_POINT('',(18.,-71.1653925247418,10.5185765160042));
#5556=CARTESIAN_POINT('',(18.5,-72.2031851679007,10.5893715842804));
#5557=CARTESIAN_POINT('Origin',(18.5,-69.3400991498785,5.57708847132928));
#5558=CARTESIAN_POINT('',(18.5,-72.6982421157694,-1.62447235908365));
#5559=CARTESIAN_POINT('',(18.0002884190358,-71.6670828339444,-1.46115277334635));
#5560=CARTESIAN_POINT('',(17.6348158457381,-70.9129269356937,-1.3417062134845));
#5561=CARTESIAN_POINT('',(18.,-71.6662439511647,-1.46053583462059));
#5562=CARTESIAN_POINT('',(17.1188730617403,-69.103437327358,0.424226483866886));
#5563=CARTESIAN_POINT('',(18.,-68.5552135826571,5.21109032055859));
#5564=CARTESIAN_POINT('',(18.5,-67.6401944418655,9.22254588186964));
#5565=CARTESIAN_POINT('Origin',(18.5,-72.6982421157694,-1.62447235908365));
#5566=CARTESIAN_POINT('',(18.5,-71.9950028584125,-2.37860413433422));
#5567=CARTESIAN_POINT('',(18.5,-75.400738805928,1.27360053038769));
#5568=CARTESIAN_POINT('',(18.4038736008886,-71.9319229292105,-2.20211974003333));
#5569=CARTESIAN_POINT('Origin',(18.5,-71.9950028584125,-2.37860413433422));
#5570=CARTESIAN_POINT('',(18.5,-63.1156229235534,-1.18379534730352));
#5571=CARTESIAN_POINT('',(18.,-63.7003946451217,-0.38865166963992));
#5572=CARTESIAN_POINT('',(17.633653403637,-64.1288529048133,0.193944690223255));
#5573=CARTESIAN_POINT('',(18.,-72.1104943051663,-1.52031413338656));
#5574=CARTESIAN_POINT('',(18.5,-68.8845572536547,-1.96006277588242));
#5575=CARTESIAN_POINT('Origin',(18.5,-63.1156229235534,-1.18379534730352));
#5576=CARTESIAN_POINT('',(18.5,-61.6309947711074,2.00000000000001));
#5577=CARTESIAN_POINT('',(18.,-62.4802080124531,2.22804700843078));
#5578=CARTESIAN_POINT('',(18.3693492699551,-61.8528954309987,2.05958901627209));
#5579=CARTESIAN_POINT('',(18.,-63.9005084907748,-0.817797196532823));
#5580=CARTESIAN_POINT('',(18.5,-60.676798853395,4.04627974905604));
#5581=CARTESIAN_POINT('Origin',(18.5,-61.6309947711074,2.00000000000001));
#5582=CARTESIAN_POINT('',(18.5,-61.35,5.17157287525376));
#5583=CARTESIAN_POINT('',(18.0002884190358,-62.2155258473606,5.2098398234849));
#5584=CARTESIAN_POINT('',(18.4695665804441,-61.4027122289188,5.1739034077749));
#5585=CARTESIAN_POINT('',(18.,-62.2160254037844,5.20986191005789));
#5586=CARTESIAN_POINT('',(17.9716748070672,-62.2650860770786,5.2120309986441));
#5587=CARTESIAN_POINT('',(18.,-62.2126463111316,5.24800154717058));
#5588=CARTESIAN_POINT('',(18.5,-61.1386830678573,7.55669572798287));
#5589=CARTESIAN_POINT('Origin',(18.5,-61.35,5.17157287525376));
#5590=CARTESIAN_POINT('',(18.,-62.2160254037844,5.17157287525376));
#5591=CARTESIAN_POINT('',(18.5,-61.35,9.46078643762688));
#5592=CARTESIAN_POINT('Origin',(18.,-61.35,5.17157287525376));
#5593=CARTESIAN_POINT('Origin',(10.0000000000003,-61.7036305634793,30.));
#5594=CARTESIAN_POINT('Origin',(0.,-53.95,24.));
#5595=CARTESIAN_POINT('',(0.,-52.95,25.));
#5596=CARTESIAN_POINT('Origin',(0.,-52.95,25.));
#5597=CARTESIAN_POINT('Origin',(5.,-82.7134755542916,-1.23225875214138));
#5598=CARTESIAN_POINT('',(17.9720608116131,-72.5555822586754,-4.99999999999999));
#5599=CARTESIAN_POINT('',(5.,-79.2000000000003,-4.99999999999999));
#5600=CARTESIAN_POINT('',(2.30677362912541,-80.5794971623959,-4.99999999999998));
#5601=CARTESIAN_POINT('',(18.5,-72.7527388069531,-4.49859018393763));
#5602=CARTESIAN_POINT('',(15.7306345012526,-71.7185315447098,-7.1287928206829));
#5603=CARTESIAN_POINT('',(18.5,-75.0809769236773,-2.0018604780759));
#5604=CARTESIAN_POINT('',(18.5,-79.2904122752751,2.51220627984937));
#5605=CARTESIAN_POINT('',(12.2536796564403,-80.7420656913708,0.637948567795037));
#5606=CARTESIAN_POINT('',(5.00000000000075,-82.7134755542914,-1.23225875214123));
#5607=CARTESIAN_POINT('Origin',(-18.5,-79.0148816512253,2.21673585996474));
#5608=CARTESIAN_POINT('',(-13.4362030508578,-79.6703355306573,0.138192586378572));
#5609=CARTESIAN_POINT('',(-5.,-82.1170764252836,-1.87181851677561));
#5610=CARTESIAN_POINT('',(-17.9324118353631,-78.3663060001318,1.2094600184772));
#5611=CARTESIAN_POINT('',(-16.1022937433688,-77.2540367750886,-0.988546027733562));
#5612=CARTESIAN_POINT('',(-17.9720608116131,-72.5555822586754,-4.99999999999999));
#5613=CARTESIAN_POINT('',(-19.5010407261038,-73.1265730260933,-3.54785256606865));
#5614=CARTESIAN_POINT('',(-5.,-79.2000000000003,-4.99999999999999));
#5615=CARTESIAN_POINT('',(-8.40426918811054,-77.4562996798879,-4.99999999999999));
#5616=CARTESIAN_POINT('',(-5.00000000000078,-82.7134755542915,-1.2322587521411));
#5617=CARTESIAN_POINT('Origin',(-9.25,-69.2909542857795,24.0031286241361));
#5618=CARTESIAN_POINT('',(-18.3068897254886,-64.8073147558246,30.1431202781305));
#5619=CARTESIAN_POINT('',(-13.4362030508581,-76.1795999507179,7.62409919522601));
#5620=CARTESIAN_POINT('',(-16.9367756635999,-74.7886644412344,9.26377102807229));
#5621=CARTESIAN_POINT('',(-13.4362030508582,-75.1150427750924,9.90704942563258));
#5622=CARTESIAN_POINT('',(-3.69843227871791,-82.2723271963469,-1.70533244767962));
#5623=CARTESIAN_POINT('Origin',(0.,-82.7134755542914,-1.23225875214119));
#5624=CARTESIAN_POINT('',(0.,-79.2,-4.99999999999999));
#5625=CARTESIAN_POINT('Origin',(0.,-79.2,-4.99999999999999));
#5626=CARTESIAN_POINT('',(-16.6443324042985,-62.6883925402678,-5.00000000000001));
#5627=CARTESIAN_POINT('',(-17.5341588274634,-69.3012555967857,-5.));
#5628=CARTESIAN_POINT('',(16.6443324042985,-62.6883925402678,-5.00000000000001));
#5629=CARTESIAN_POINT('',(0.,-62.6883925402678,-5.00000000000001));
#5630=CARTESIAN_POINT('',(17.5341588274634,-69.3012555967857,-5.));
#5631=CARTESIAN_POINT('Origin',(-17.5100505063388,-61.7651504801059,-4.01005050633884));
#5632=CARTESIAN_POINT('',(-13.655311761605,-64.1755067100788,-8.18912662874697));
#5633=CARTESIAN_POINT('Origin',(17.5100505063388,-61.7651504801059,-4.01005050633884));
#5634=CARTESIAN_POINT('',(18.5,-61.7651504801059,-3.02010101267767));
#5635=CARTESIAN_POINT('',(13.655311761605,-64.1755067100788,-8.18912662874697));
#5636=CARTESIAN_POINT('',(18.5,-63.7016922927272,-3.28068195314273));
#5637=CARTESIAN_POINT('Origin',(0.,-62.6883925402678,-5.00000000000001));
#5638=CARTESIAN_POINT('',(-17.3839197380094,-61.7557772239576,-3.));
#5639=CARTESIAN_POINT('',(-15.7429650106258,-63.3967319513412,-6.51903876911635));
#5640=CARTESIAN_POINT('',(17.3839197380094,-61.7557772239576,-3.));
#5641=CARTESIAN_POINT('',(0.,-61.7557772239576,-3.));
#5642=CARTESIAN_POINT('',(18.5,-60.6396969619669,-0.606558154317362));
#5643=CARTESIAN_POINT('',(16.3491257312829,-62.7905712306841,-5.2191229087264));
#5644=CARTESIAN_POINT('',(18.5,-62.6883925402678,-5.00000000000001));
#5645=CARTESIAN_POINT('Origin',(-16.3786796564403,-78.8875831695022,-5.14568236059762));
#5646=CARTESIAN_POINT('',(-16.3786796564405,-73.5128104899055,6.3805548469619));
#5647=CARTESIAN_POINT('Origin',(-16.3786796564405,-73.5128104899055,6.3805548469619));
#5648=CARTESIAN_POINT('Origin',(-18.5,-64.8755002232648,29.922798043661));
#5649=CARTESIAN_POINT('Origin',(18.5,-64.8755002232648,29.922798043661));
#5650=CARTESIAN_POINT('',(18.5,-69.4708338059785,27.3018574415115));
#5651=CARTESIAN_POINT('Origin',(16.3786796564403,-78.8875831695022,-5.14568236059762));
#5652=CARTESIAN_POINT('',(18.5,-71.5902413437383,5.48404613077149));
#5653=CARTESIAN_POINT('',(18.5,-72.3589596656303,3.83552436955171));
#5654=CARTESIAN_POINT('',(16.3786796564405,-73.5128104899055,6.3805548469619));
#5655=CARTESIAN_POINT('Origin',(16.3786796564405,-73.5128104899055,6.3805548469619));
#5656=CARTESIAN_POINT('',(18.5,-73.3374851730233,8.54287170730201));
#5657=CARTESIAN_POINT('Origin',(18.5,-67.8317377771457,13.75));
#5658=CARTESIAN_POINT('',(18.5,-60.3568542494924,21.875));
#5659=CARTESIAN_POINT('',(18.5,-60.6396969619669,6.875));
#5660=CARTESIAN_POINT('Origin',(-14.5,-58.7,0.));
#5661=CARTESIAN_POINT('',(-17.25,-58.7,0.));
#5662=CARTESIAN_POINT('',(-17.25,-58.7,0.));
#5663=CARTESIAN_POINT('Origin',(14.5,-58.7,0.));
#5664=CARTESIAN_POINT('',(11.75,-58.7,0.));
#5665=CARTESIAN_POINT('',(11.75,-58.7,0.));
#5666=CARTESIAN_POINT('Origin',(-18.5,-60.3568542494872,30.));
#5667=CARTESIAN_POINT('Origin',(16.2989638415474,-62.557890407945,30.));
#5668=CARTESIAN_POINT('Origin',(18.6414213562373,-60.4982756057296,0.));
#5669=CARTESIAN_POINT('',(14.6999999999999,-64.439696961967,-3.));
#5670=CARTESIAN_POINT('',(14.6592514421272,-64.4804455198397,-3.));
#5671=CARTESIAN_POINT('',(14.7,-64.439696961967,0.));
#5672=CARTESIAN_POINT('Origin',(-14.6414213562373,-64.4982756057297,0.));
#5673=CARTESIAN_POINT('',(-14.7,-64.439696961967,-3.));
#5674=CARTESIAN_POINT('',(-14.7,-64.439696961967,0.));
#5675=CARTESIAN_POINT('',(-12.6592514421272,-66.4804455198398,-3.));
#5676=CARTESIAN_POINT('Origin',(-14.7,-73.1147367097487,0.));
#5677=CARTESIAN_POINT('',(-14.7,-73.2682021073445,-3.));
#5678=CARTESIAN_POINT('',(-14.7,-73.2682021073445,0.));
#5679=CARTESIAN_POINT('',(-14.7,-65.4501353078407,-3.));
#5680=CARTESIAN_POINT('Origin',(-0.0517638090205042,-77.1931851652578,0.));
#5681=CARTESIAN_POINT('',(7.1701903673708E-16,-77.207055236082,-3.));
#5682=CARTESIAN_POINT('',(0.,-77.207055236082,0.));
#5683=CARTESIAN_POINT('',(-2.45357207077891,-76.5496225811452,-3.));
#5684=CARTESIAN_POINT('Origin',(14.5517638090205,-73.3079218750065,0.));
#5685=CARTESIAN_POINT('',(14.7,-73.2682021073445,-3.));
#5686=CARTESIAN_POINT('',(14.7,-73.2682021073445,0.));
#5687=CARTESIAN_POINT('',(9.7035720707789,-74.6069909360196,-3.));
#5688=CARTESIAN_POINT('Origin',(14.7,-64.3568542494924,0.));
#5689=CARTESIAN_POINT('',(14.6999999999999,-61.0711940777125,-3.));
#5690=CARTESIAN_POINT('Origin',(0.,-57.7855339059328,-3.));
#5691=UNCERTAINTY_MEASURE_WITH_UNIT(LENGTH_MEASURE(0.01),#5695,
'DISTANCE_ACCURACY_VALUE',
'Maximum model space distance between geometric entities at asserted c
onnectivities');
#5692=UNCERTAINTY_MEASURE_WITH_UNIT(LENGTH_MEASURE(0.01),#5695,
'DISTANCE_ACCURACY_VALUE',
'Maximum model space distance between geometric entities at asserted c
onnectivities');
#5693=(
GEOMETRIC_REPRESENTATION_CONTEXT(3)
GLOBAL_UNCERTAINTY_ASSIGNED_CONTEXT((#5691))
GLOBAL_UNIT_ASSIGNED_CONTEXT((#5695,#5697,#5698))
REPRESENTATION_CONTEXT('','3D')
);
#5694=(
GEOMETRIC_REPRESENTATION_CONTEXT(3)
GLOBAL_UNCERTAINTY_ASSIGNED_CONTEXT((#5692))
GLOBAL_UNIT_ASSIGNED_CONTEXT((#5695,#5697,#5698))
REPRESENTATION_CONTEXT('','3D')
);
#5695=(
LENGTH_UNIT()
NAMED_UNIT(*)
SI_UNIT(.MILLI.,.METRE.)
);
#5696=(
LENGTH_UNIT()
NAMED_UNIT(*)
SI_UNIT($,.METRE.)
);
#5697=(
NAMED_UNIT(*)
PLANE_ANGLE_UNIT()
SI_UNIT($,.RADIAN.)
);
#5698=(
NAMED_UNIT(*)
SI_UNIT($,.STERADIAN.)
SOLID_ANGLE_UNIT()
);
#5699=SHAPE_DEFINITION_REPRESENTATION(#5700,#5701);
#5700=PRODUCT_DEFINITION_SHAPE('',$,#5703);
#5701=SHAPE_REPRESENTATION('',(#3383),#5693);
#5702=PRODUCT_DEFINITION_CONTEXT('part definition',#5707,'design');
#5703=PRODUCT_DEFINITION('2026-08-31-21-31-07-791',
'The Shard TPU - Frontend O4 Pro',#5704,#5702);
#5704=PRODUCT_DEFINITION_FORMATION('',$,#5709);
#5705=PRODUCT_RELATED_PRODUCT_CATEGORY(
'The Shard TPU - Frontend O4 Pro','The Shard TPU - Frontend O4 Pro',(#5709));
#5706=APPLICATION_PROTOCOL_DEFINITION('international standard',
'automotive_design',2009,#5707);
#5707=APPLICATION_CONTEXT(
'Core Data for Automotive Mechanical Design Process');
#5708=PRODUCT_CONTEXT('part definition',#5707,'mechanical');
#5709=PRODUCT('2026-08-31-21-31-07-791',
'The Shard TPU - Frontend O4 Pro',$,(#5708));
#5710=PRESENTATION_STYLE_ASSIGNMENT((#5711));
#5711=SURFACE_STYLE_USAGE(.BOTH.,#5712);
#5712=SURFACE_SIDE_STYLE('',(#5713));
#5713=SURFACE_STYLE_FILL_AREA(#5714);
#5714=FILL_AREA_STYLE('Steel - Satin',(#5715));
#5715=FILL_AREA_STYLE_COLOUR('Steel - Satin',#5716);
#5716=COLOUR_RGB('Steel - Satin',0.627450980392157,0.627450980392157,0.627450980392157);
ENDSEC;
END-ISO-10303-21;
