ISO-10303-21;
HEADER;
/* Generated by software containing ST-Developer
 * from STEP Tools, Inc. (www.steptools.com) 
 */

FILE_DESCRIPTION(
/* description */ (''),
/* implementation_level */ '2;1');

FILE_NAME(
/* name */ 'The_Shard_TPU_-_Frontend_O4_Pro_cameraAngle_30.step',
/* time_stamp */ '2026-09-22T20:59:03+02:00',
/* author */ (''),
/* organization */ (''),
/* preprocessor_version */ 'ST-DEVELOPER v20.1',
/* originating_system */ 'Autodesk Translation Framework v15.8.0.0',
/* authorisation */ '');

FILE_SCHEMA (('AUTOMOTIVE_DESIGN { 1 0 10303 214 3 1 1 }'));
ENDSEC;

DATA;
#10=MECHANICAL_DESIGN_GEOMETRIC_PRESENTATION_REPRESENTATION('',(#13),#5618);
#11=SHAPE_REPRESENTATION_RELATIONSHIP('SRR','None',#5625,#12);
#12=ADVANCED_BREP_SHAPE_REPRESENTATION('',(#14),#5617);
#13=STYLED_ITEM('',(#5634),#14);
#14=MANIFOLD_SOLID_BREP('Frontend',#3322);
#15=B_SPLINE_SURFACE_WITH_KNOTS('',3,1,((#5121,#5122),(#5123,#5124),(#5125,
#5126),(#5127,#5128)),.UNSPECIFIED.,.F.,.F.,.F.,(4,4),(2,2),(-0.115642845096889,
0.),(-0.544185363681335,0.3),.UNSPECIFIED.);
#16=B_SPLINE_SURFACE_WITH_KNOTS('',3,1,((#5141,#5142),(#5143,#5144),(#5145,
#5146),(#5147,#5148)),.UNSPECIFIED.,.F.,.F.,.F.,(4,4),(2,2),(-0.076801228943379,
-7.32795096097344E-17),(-0.524172878516578,0.3),.UNSPECIFIED.);
#17=B_SPLINE_SURFACE_WITH_KNOTS('',3,1,((#5161,#5162),(#5163,#5164),(#5165,
#5166),(#5167,#5168)),.UNSPECIFIED.,.F.,.F.,.F.,(4,4),(2,2),(7.32795096097344E-17,
0.076801228943379),(-0.52417287851658,0.3),.UNSPECIFIED.);
#18=B_SPLINE_SURFACE_WITH_KNOTS('',3,1,((#5181,#5182),(#5183,#5184),(#5185,
#5186),(#5187,#5188)),.UNSPECIFIED.,.F.,.F.,.F.,(4,4),(2,2),(0.,0.115642845096889),
(-0.544185363681337,0.3),.UNSPECIFIED.);
#19=B_SPLINE_SURFACE_WITH_KNOTS('',3,1,((#5293,#5294),(#5295,#5296),(#5297,
#5298),(#5299,#5300)),.UNSPECIFIED.,.F.,.F.,.F.,(4,4),(2,2),(0.,0.115641046845084),
(-0.544185363681336,0.3),.UNSPECIFIED.);
#20=B_SPLINE_SURFACE_WITH_KNOTS('',3,1,((#5304,#5305),(#5306,#5307),(#5308,
#5309),(#5310,#5311)),.UNSPECIFIED.,.F.,.F.,.F.,(4,4),(2,2),(0.,0.0768008431766674),
(-0.524172878516579,0.3),.UNSPECIFIED.);
#21=B_SPLINE_SURFACE_WITH_KNOTS('',3,1,((#5315,#5316),(#5317,#5318),(#5319,
#5320),(#5321,#5322)),.UNSPECIFIED.,.F.,.F.,.F.,(4,4),(2,2),(-0.0768008431766674,
0.),(-0.524172878516579,0.3),.UNSPECIFIED.);
#22=B_SPLINE_SURFACE_WITH_KNOTS('',3,1,((#5326,#5327),(#5328,#5329),(#5330,
#5331),(#5332,#5333)),.UNSPECIFIED.,.F.,.F.,.F.,(4,4),(2,2),(-0.115641046845084,
0.),(-0.544185363681335,0.3),.UNSPECIFIED.);
#23=CONICAL_SURFACE('',#3372,1.625,0.785398163397448);
#24=CONICAL_SURFACE('',#3395,1.625,0.785398163397448);
#25=FACE_BOUND('',#299,.T.);
#26=FACE_BOUND('',#304,.T.);
#27=FACE_BOUND('',#305,.T.);
#28=FACE_BOUND('',#307,.T.);
#29=FACE_BOUND('',#309,.T.);
#30=FACE_BOUND('',#313,.T.);
#31=FACE_BOUND('',#318,.T.);
#32=FACE_BOUND('',#323,.T.);
#33=FACE_BOUND('',#327,.T.);
#34=FACE_BOUND('',#376,.T.);
#35=FACE_BOUND('',#377,.T.);
#36=ELLIPSE('',#3342,1.10759264336185,1.);
#37=ELLIPSE('',#3343,12.9034542951654,11.6499999999999);
#38=ELLIPSE('',#3368,2.59807621135332,2.25);
#39=ELLIPSE('',#3369,2.59807621135332,2.25);
#40=ELLIPSE('',#3370,2.59807621135332,2.25);
#41=ELLIPSE('',#3371,2.59807621135332,2.25);
#42=ELLIPSE('',#3380,12.9034542951654,11.6499999999999);
#43=ELLIPSE('',#3381,1.10759264336181,0.999999999999968);
#44=ELLIPSE('',#3390,2.59807621135332,2.25);
#45=ELLIPSE('',#3391,2.59807621135332,2.25);
#46=ELLIPSE('',#3392,2.59807621135332,2.25);
#47=ELLIPSE('',#3393,2.59807621135332,2.25);
#48=ELLIPSE('',#3403,3.86370330515614,0.999999999999968);
#49=ELLIPSE('',#3405,3.86370330515627,1.);
#50=ELLIPSE('',#3410,14.7850253753625,1.);
#51=ELLIPSE('',#3412,12.3976710493443,11.6499999999999);
#52=ELLIPSE('',#3414,12.3976710493443,11.6499999999999);
#53=ELLIPSE('',#3416,12.3976710493442,11.6499999999999);
#54=ELLIPSE('',#3418,12.3976710493443,11.6499999999999);
#55=ELLIPSE('',#3422,172.245545622975,11.6500000000001);
#56=ELLIPSE('',#3424,14.7850253753621,0.999999999999967);
#57=ELLIPSE('',#3427,133.668759312056,11.6500000000001);
#58=ELLIPSE('',#3429,133.668759312056,11.6500000000001);
#59=ELLIPSE('',#3431,172.245545622975,11.6500000000001);
#60=ELLIPSE('',#3433,13.4522612721184,11.6500000000001);
#61=ELLIPSE('',#3434,13.4522612721185,11.6500000000002);
#62=ELLIPSE('',#3435,13.4522612721185,11.6500000000002);
#63=ELLIPSE('',#3436,13.4522612721185,11.6500000000002);
#64=ELLIPSE('',#3437,13.4522612721184,11.6500000000001);
#65=ELLIPSE('',#3441,12.3976710493443,11.6499999999999);
#66=B_SPLINE_CURVE_WITH_KNOTS('',3,(#4385,#4386,#4387,#4388,#4389,#4390,
#4391,#4392,#4393,#4394),.UNSPECIFIED.,.F.,.F.,(4,2,2,2,4),(0.723171248287502,
0.747244929388885,0.798985203428806,0.844087687815505,0.85729536785979),
 .UNSPECIFIED.);
#67=B_SPLINE_CURVE_WITH_KNOTS('',3,(#4396,#4397,#4398,#4399,#4400,#4401,
#4402,#4403,#4404,#4405,#4406,#4407,#4408,#4409,#4410,#4411,#4412,#4413,
#4414,#4415,#4416,#4417,#4418,#4419,#4420,#4421,#4422,#4423,#4424,#4425,
#4426,#4427,#4428,#4429,#4430,#4431,#4432,#4433,#4434,#4435,#4436,#4437,
#4438,#4439,#4440,#4441,#4442,#4443,#4444,#4445,#4446,#4447,#4448,#4449,
#4450),.UNSPECIFIED.,.F.,.F.,(4,2,2,2,2,2,2,2,2,2,2,2,2,2,2,2,2,2,2,2,2,
2,3,2,2,2,4),(-1.57914389875152,-1.53520351875607,-1.40066017161202,-1.33338849803999,
-1.26611682446796,-1.19884515089593,-1.1315734773239,-0.997030130179846,
-0.93514733826169,-0.873264546343534,-0.813760041052406,-0.754255535761279,
-0.693656973997629,-0.63305841223398,-0.572459850470331,-0.511861288706682,
-0.452356783415554,-0.392852278124427,-0.330969486206271,-0.269086694288115,
-0.134543347144057,-0.0672716735720287,0.,0.0672716735720286,0.134543347144057,
0.269086694288115,0.313027074270233),.UNSPECIFIED.);
#68=B_SPLINE_CURVE_WITH_KNOTS('',3,(#4452,#4453,#4454,#4455,#4456,#4457,
#4458,#4459,#4460,#4461),.UNSPECIFIED.,.F.,.F.,(4,2,2,2,4),(0.25686274270654,
0.270070422750825,0.315172907137523,0.366913181177445,0.390986862278828),
 .UNSPECIFIED.);
#69=B_SPLINE_CURVE_WITH_KNOTS('',3,(#4465,#4466,#4467,#4468,#4469,#4470,
#4471,#4472,#4473,#4474,#4475,#4476,#4477,#4478),.UNSPECIFIED.,.F.,.F.,
(4,2,2,2,2,2,4),(0.390986862278828,0.461996118230305,0.509537586756735,
0.557079055283165,0.604620523809595,0.652161992336025,0.723171248287502),
 .UNSPECIFIED.);
#70=B_SPLINE_CURVE_WITH_KNOTS('',3,(#4679,#4680,#4681,#4682),
 .UNSPECIFIED.,.F.,.F.,(4,4),(-0.115641046845084,0.),.UNSPECIFIED.);
#71=B_SPLINE_CURVE_WITH_KNOTS('',3,(#4686,#4687,#4688,#4689),
 .UNSPECIFIED.,.F.,.F.,(4,4),(-0.0768008431766674,0.),.UNSPECIFIED.);
#72=B_SPLINE_CURVE_WITH_KNOTS('',3,(#4693,#4694,#4695,#4696),
 .UNSPECIFIED.,.F.,.F.,(4,4),(0.,0.0768008431766674),.UNSPECIFIED.);
#73=B_SPLINE_CURVE_WITH_KNOTS('',3,(#4700,#4701,#4702,#4703),
 .UNSPECIFIED.,.F.,.F.,(4,4),(0.,0.115641046845084),.UNSPECIFIED.);
#74=B_SPLINE_CURVE_WITH_KNOTS('',3,(#4719,#4720,#4721,#4722),
 .UNSPECIFIED.,.F.,.F.,(4,4),(0.,0.115642845096889),.UNSPECIFIED.);
#75=B_SPLINE_CURVE_WITH_KNOTS('',3,(#4726,#4727,#4728,#4729),
 .UNSPECIFIED.,.F.,.F.,(4,4),(7.32795096097344E-17,0.076801228943379),
 .UNSPECIFIED.);
#76=B_SPLINE_CURVE_WITH_KNOTS('',3,(#4733,#4734,#4735,#4736),
 .UNSPECIFIED.,.F.,.F.,(4,4),(-0.076801228943379,-7.32795096097344E-17),
 .UNSPECIFIED.);
#77=B_SPLINE_CURVE_WITH_KNOTS('',3,(#4740,#4741,#4742,#4743),
 .UNSPECIFIED.,.F.,.F.,(4,4),(-0.115642845096889,0.),.UNSPECIFIED.);
#78=B_SPLINE_CURVE_WITH_KNOTS('',3,(#4831,#4832,#4833,#4834,#4835,#4836,
#4837,#4838,#4839,#4840,#4841,#4842,#4843,#4844,#4845,#4846,#4847,#4848,
#4849,#4850,#4851,#4852),.UNSPECIFIED.,.F.,.F.,(4,2,2,2,2,2,2,2,2,2,4),
(0.831120978941594,0.873264546343533,0.935147338261688,0.997030130179844,
1.1315734773239,1.19884515089593,1.26611682446796,1.33338849803999,1.40066017161202,
1.53520351875607,1.57914389873819),.UNSPECIFIED.);
#79=B_SPLINE_CURVE_WITH_KNOTS('',3,(#4854,#4855,#4856,#4857,#4858,#4859,
#4860,#4861,#4862,#4863,#4864,#4865,#4866,#4867,#4868,#4869,#4870,#4871,
#4872,#4873,#4874,#4875,#4876,#4877,#4878,#4879),.UNSPECIFIED.,.F.,.F.,
(4,2,2,2,2,2,2,2,2,2,2,2,4),(3.33614833693726,3.34935601698155,3.39445850136825,
3.44619877540817,3.54128171246103,3.58882318098746,3.63636464951389,3.68390611804032,
3.73144758656675,3.82653052361961,3.87827079765953,3.92337328204623,3.93658096209052),
 .UNSPECIFIED.);
#80=B_SPLINE_CURVE_WITH_KNOTS('',3,(#4881,#4882,#4883,#4884,#4885,#4886,
#4887,#4888,#4889,#4890,#4891,#4892,#4893,#4894,#4895,#4896,#4897,#4898,
#4899,#4900,#4901,#4902,#4903),.UNSPECIFIED.,.F.,.F.,(4,2,2,2,3,2,2,2,2,
2,4),(-0.313027074283552,-0.269086694288115,-0.134543347144057,-0.0672716735720287,
0.,0.0672716735720287,0.134543347144057,0.269086694288115,0.33096948620627,
0.392852278124426,0.434995845526365),.UNSPECIFIED.);
#81=B_SPLINE_CURVE_WITH_KNOTS('',3,(#4907,#4908,#4909,#4910,#4911,#4912,
#4913,#4914,#4915,#4916,#4917,#4918,#4919,#4920,#4921,#4922,#4923,#4924),
 .UNSPECIFIED.,.F.,.F.,(4,2,2,2,2,2,2,2,4),(0.434995845526365,0.452356783415554,
0.511861288706682,0.572459850470331,0.63305841223398,0.693656973997628,
0.754255535761277,0.813760041052405,0.831120978941594),.UNSPECIFIED.);
#82=B_SPLINE_CURVE_WITH_KNOTS('',3,(#5131,#5132,#5133,#5134,#5135,#5136),
 .UNSPECIFIED.,.F.,.F.,(4,2,4),(-0.101595330275916,-0.0568703657764572,
0.),.UNSPECIFIED.);
#83=B_SPLINE_CURVE_WITH_KNOTS('',3,(#5151,#5152,#5153,#5154,#5155,#5156),
 .UNSPECIFIED.,.F.,.F.,(4,2,4),(-0.0637550531653893,-0.0280854301528039,
0.),.UNSPECIFIED.);
#84=B_SPLINE_CURVE_WITH_KNOTS('',3,(#5171,#5172,#5173,#5174,#5175,#5176),
 .UNSPECIFIED.,.F.,.F.,(4,2,4),(-0.0670361797932963,-0.037494926550114,
0.),.UNSPECIFIED.);
#85=B_SPLINE_CURVE_WITH_KNOTS('',3,(#5191,#5192,#5193,#5194,#5195,#5196),
 .UNSPECIFIED.,.F.,.F.,(4,2,4),(-0.0965019776038937,-0.0424288605330307,
0.),.UNSPECIFIED.);
#86=B_SPLINE_CURVE_WITH_KNOTS('',3,(#5232,#5233,#5234,#5235,#5236,#5237),
 .UNSPECIFIED.,.F.,.F.,(4,2,4),(-0.104134031555696,-0.0583127524706006,
0.),.UNSPECIFIED.);
#87=B_SPLINE_CURVE_WITH_KNOTS('',3,(#5241,#5242,#5243,#5244,#5245,#5246),
 .UNSPECIFIED.,.F.,.F.,(4,2,4),(-0.0648528779698243,-0.0285956439194009,
0.),.UNSPECIFIED.);
#88=B_SPLINE_CURVE_WITH_KNOTS('',3,(#5250,#5251,#5252,#5253,#5254,#5255),
 .UNSPECIFIED.,.F.,.F.,(4,2,4),(-0.0681730267186929,-0.0380867696970608,
0.),.UNSPECIFIED.);
#89=B_SPLINE_CURVE_WITH_KNOTS('',3,(#5259,#5260,#5261,#5262,#5263,#5264),
 .UNSPECIFIED.,.F.,.F.,(4,2,4),(-0.0988698226407067,-0.043366178114007,
0.),.UNSPECIFIED.);
#90=CIRCLE('',#3338,2.75);
#91=CIRCLE('',#3339,2.75);
#92=CIRCLE('',#3349,2.75);
#93=CIRCLE('',#3351,11.6500000000001);
#94=CIRCLE('',#3352,11.6500000000002);
#95=CIRCLE('',#3353,11.6500000000002);
#96=CIRCLE('',#3354,11.6500000000002);
#97=CIRCLE('',#3355,11.6500000000001);
#98=CIRCLE('',#3356,0.999999999999968);
#99=CIRCLE('',#3357,11.6499999999999);
#100=CIRCLE('',#3358,11.6499999999999);
#101=CIRCLE('',#3359,11.6499999999999);
#102=CIRCLE('',#3360,11.6499999999999);
#103=CIRCLE('',#3361,11.6499999999999);
#104=CIRCLE('',#3362,1.);
#105=CIRCLE('',#3364,2.25);
#106=CIRCLE('',#3366,2.25);
#107=CIRCLE('',#3367,2.25);
#108=CIRCLE('',#3373,0.999999999999999);
#109=CIRCLE('',#3375,0.999999999999999);
#110=CIRCLE('',#3378,2.75);
#111=CIRCLE('',#3387,2.25);
#112=CIRCLE('',#3389,2.25);
#113=CIRCLE('',#3394,2.25);
#114=CIRCLE('',#3396,0.999999999999999);
#115=CIRCLE('',#3398,0.999999999999999);
#116=CYLINDRICAL_SURFACE('',#3337,2.75);
#117=CYLINDRICAL_SURFACE('',#3365,2.25);
#118=CYLINDRICAL_SURFACE('',#3377,2.75);
#119=CYLINDRICAL_SURFACE('',#3388,2.25);
#120=CYLINDRICAL_SURFACE('',#3400,0.999999999999999);
#121=CYLINDRICAL_SURFACE('',#3401,0.999999999999999);
#122=CYLINDRICAL_SURFACE('',#3409,1.);
#123=CYLINDRICAL_SURFACE('',#3411,11.6499999999999);
#124=CYLINDRICAL_SURFACE('',#3413,11.6499999999999);
#125=CYLINDRICAL_SURFACE('',#3415,11.6499999999999);
#126=CYLINDRICAL_SURFACE('',#3417,11.6499999999999);
#127=CYLINDRICAL_SURFACE('',#3439,0.999999999999968);
#128=CYLINDRICAL_SURFACE('',#3440,11.6499999999999);
#129=CYLINDRICAL_SURFACE('',#3447,11.6500000000001);
#130=CYLINDRICAL_SURFACE('',#3448,11.6500000000002);
#131=CYLINDRICAL_SURFACE('',#3449,11.6500000000002);
#132=CYLINDRICAL_SURFACE('',#3450,11.6500000000002);
#133=CYLINDRICAL_SURFACE('',#3451,11.6500000000001);
#134=FACE_OUTER_BOUND('',#294,.T.);
#135=FACE_OUTER_BOUND('',#295,.T.);
#136=FACE_OUTER_BOUND('',#296,.T.);
#137=FACE_OUTER_BOUND('',#297,.T.);
#138=FACE_OUTER_BOUND('',#298,.T.);
#139=FACE_OUTER_BOUND('',#300,.T.);
#140=FACE_OUTER_BOUND('',#301,.T.);
#141=FACE_OUTER_BOUND('',#302,.T.);
#142=FACE_OUTER_BOUND('',#303,.T.);
#143=FACE_OUTER_BOUND('',#306,.T.);
#144=FACE_OUTER_BOUND('',#308,.T.);
#145=FACE_OUTER_BOUND('',#310,.T.);
#146=FACE_OUTER_BOUND('',#311,.T.);
#147=FACE_OUTER_BOUND('',#312,.T.);
#148=FACE_OUTER_BOUND('',#314,.T.);
#149=FACE_OUTER_BOUND('',#315,.T.);
#150=FACE_OUTER_BOUND('',#316,.T.);
#151=FACE_OUTER_BOUND('',#317,.T.);
#152=FACE_OUTER_BOUND('',#319,.T.);
#153=FACE_OUTER_BOUND('',#320,.T.);
#154=FACE_OUTER_BOUND('',#321,.T.);
#155=FACE_OUTER_BOUND('',#322,.T.);
#156=FACE_OUTER_BOUND('',#324,.T.);
#157=FACE_OUTER_BOUND('',#325,.T.);
#158=FACE_OUTER_BOUND('',#326,.T.);
#159=FACE_OUTER_BOUND('',#328,.T.);
#160=FACE_OUTER_BOUND('',#329,.T.);
#161=FACE_OUTER_BOUND('',#330,.T.);
#162=FACE_OUTER_BOUND('',#331,.T.);
#163=FACE_OUTER_BOUND('',#332,.T.);
#164=FACE_OUTER_BOUND('',#333,.T.);
#165=FACE_OUTER_BOUND('',#334,.T.);
#166=FACE_OUTER_BOUND('',#335,.T.);
#167=FACE_OUTER_BOUND('',#336,.T.);
#168=FACE_OUTER_BOUND('',#337,.T.);
#169=FACE_OUTER_BOUND('',#338,.T.);
#170=FACE_OUTER_BOUND('',#339,.T.);
#171=FACE_OUTER_BOUND('',#340,.T.);
#172=FACE_OUTER_BOUND('',#341,.T.);
#173=FACE_OUTER_BOUND('',#342,.T.);
#174=FACE_OUTER_BOUND('',#343,.T.);
#175=FACE_OUTER_BOUND('',#344,.T.);
#176=FACE_OUTER_BOUND('',#345,.T.);
#177=FACE_OUTER_BOUND('',#346,.T.);
#178=FACE_OUTER_BOUND('',#347,.T.);
#179=FACE_OUTER_BOUND('',#348,.T.);
#180=FACE_OUTER_BOUND('',#349,.T.);
#181=FACE_OUTER_BOUND('',#350,.T.);
#182=FACE_OUTER_BOUND('',#351,.T.);
#183=FACE_OUTER_BOUND('',#352,.T.);
#184=FACE_OUTER_BOUND('',#353,.T.);
#185=FACE_OUTER_BOUND('',#354,.T.);
#186=FACE_OUTER_BOUND('',#355,.T.);
#187=FACE_OUTER_BOUND('',#356,.T.);
#188=FACE_OUTER_BOUND('',#357,.T.);
#189=FACE_OUTER_BOUND('',#358,.T.);
#190=FACE_OUTER_BOUND('',#359,.T.);
#191=FACE_OUTER_BOUND('',#360,.T.);
#192=FACE_OUTER_BOUND('',#361,.T.);
#193=FACE_OUTER_BOUND('',#362,.T.);
#194=FACE_OUTER_BOUND('',#363,.T.);
#195=FACE_OUTER_BOUND('',#364,.T.);
#196=FACE_OUTER_BOUND('',#365,.T.);
#197=FACE_OUTER_BOUND('',#366,.T.);
#198=FACE_OUTER_BOUND('',#367,.T.);
#199=FACE_OUTER_BOUND('',#368,.T.);
#200=FACE_OUTER_BOUND('',#369,.T.);
#201=FACE_OUTER_BOUND('',#370,.T.);
#202=FACE_OUTER_BOUND('',#371,.T.);
#203=FACE_OUTER_BOUND('',#372,.T.);
#204=FACE_OUTER_BOUND('',#373,.T.);
#205=FACE_OUTER_BOUND('',#374,.T.);
#206=FACE_OUTER_BOUND('',#375,.T.);
#207=FACE_OUTER_BOUND('',#378,.T.);
#208=FACE_OUTER_BOUND('',#379,.T.);
#209=FACE_OUTER_BOUND('',#380,.T.);
#210=FACE_OUTER_BOUND('',#381,.T.);
#211=FACE_OUTER_BOUND('',#382,.T.);
#212=FACE_OUTER_BOUND('',#383,.T.);
#213=FACE_OUTER_BOUND('',#384,.T.);
#214=FACE_OUTER_BOUND('',#385,.T.);
#215=FACE_OUTER_BOUND('',#386,.T.);
#216=FACE_OUTER_BOUND('',#387,.T.);
#217=FACE_OUTER_BOUND('',#388,.T.);
#218=FACE_OUTER_BOUND('',#389,.T.);
#219=FACE_OUTER_BOUND('',#390,.T.);
#220=FACE_OUTER_BOUND('',#391,.T.);
#221=FACE_OUTER_BOUND('',#392,.T.);
#222=FACE_OUTER_BOUND('',#393,.T.);
#223=FACE_OUTER_BOUND('',#394,.T.);
#224=FACE_OUTER_BOUND('',#395,.T.);
#225=FACE_OUTER_BOUND('',#396,.T.);
#226=FACE_OUTER_BOUND('',#397,.T.);
#227=FACE_OUTER_BOUND('',#398,.T.);
#228=FACE_OUTER_BOUND('',#399,.T.);
#229=FACE_OUTER_BOUND('',#400,.T.);
#230=FACE_OUTER_BOUND('',#401,.T.);
#231=FACE_OUTER_BOUND('',#402,.T.);
#232=FACE_OUTER_BOUND('',#403,.T.);
#233=FACE_OUTER_BOUND('',#404,.T.);
#234=FACE_OUTER_BOUND('',#405,.T.);
#235=FACE_OUTER_BOUND('',#406,.T.);
#236=FACE_OUTER_BOUND('',#407,.T.);
#237=FACE_OUTER_BOUND('',#408,.T.);
#238=FACE_OUTER_BOUND('',#409,.T.);
#239=FACE_OUTER_BOUND('',#410,.T.);
#240=FACE_OUTER_BOUND('',#411,.T.);
#241=FACE_OUTER_BOUND('',#412,.T.);
#242=FACE_OUTER_BOUND('',#413,.T.);
#243=FACE_OUTER_BOUND('',#414,.T.);
#244=FACE_OUTER_BOUND('',#415,.T.);
#245=FACE_OUTER_BOUND('',#416,.T.);
#246=FACE_OUTER_BOUND('',#417,.T.);
#247=FACE_OUTER_BOUND('',#418,.T.);
#248=FACE_OUTER_BOUND('',#419,.T.);
#249=FACE_OUTER_BOUND('',#420,.T.);
#250=FACE_OUTER_BOUND('',#421,.T.);
#251=FACE_OUTER_BOUND('',#422,.T.);
#252=FACE_OUTER_BOUND('',#423,.T.);
#253=FACE_OUTER_BOUND('',#424,.T.);
#254=FACE_OUTER_BOUND('',#425,.T.);
#255=FACE_OUTER_BOUND('',#426,.T.);
#256=FACE_OUTER_BOUND('',#427,.T.);
#257=FACE_OUTER_BOUND('',#428,.T.);
#258=FACE_OUTER_BOUND('',#429,.T.);
#259=FACE_OUTER_BOUND('',#430,.T.);
#260=FACE_OUTER_BOUND('',#431,.T.);
#261=FACE_OUTER_BOUND('',#432,.T.);
#262=FACE_OUTER_BOUND('',#433,.T.);
#263=FACE_OUTER_BOUND('',#434,.T.);
#264=FACE_OUTER_BOUND('',#435,.T.);
#265=FACE_OUTER_BOUND('',#436,.T.);
#266=FACE_OUTER_BOUND('',#437,.T.);
#267=FACE_OUTER_BOUND('',#438,.T.);
#268=FACE_OUTER_BOUND('',#439,.T.);
#269=FACE_OUTER_BOUND('',#440,.T.);
#270=FACE_OUTER_BOUND('',#441,.T.);
#271=FACE_OUTER_BOUND('',#442,.T.);
#272=FACE_OUTER_BOUND('',#443,.T.);
#273=FACE_OUTER_BOUND('',#444,.T.);
#274=FACE_OUTER_BOUND('',#445,.T.);
#275=FACE_OUTER_BOUND('',#446,.T.);
#276=FACE_OUTER_BOUND('',#447,.T.);
#277=FACE_OUTER_BOUND('',#448,.T.);
#278=FACE_OUTER_BOUND('',#449,.T.);
#279=FACE_OUTER_BOUND('',#450,.T.);
#280=FACE_OUTER_BOUND('',#451,.T.);
#281=FACE_OUTER_BOUND('',#452,.T.);
#282=FACE_OUTER_BOUND('',#453,.T.);
#283=FACE_OUTER_BOUND('',#454,.T.);
#284=FACE_OUTER_BOUND('',#455,.T.);
#285=FACE_OUTER_BOUND('',#456,.T.);
#286=FACE_OUTER_BOUND('',#457,.T.);
#287=FACE_OUTER_BOUND('',#458,.T.);
#288=FACE_OUTER_BOUND('',#459,.T.);
#289=FACE_OUTER_BOUND('',#460,.T.);
#290=FACE_OUTER_BOUND('',#461,.T.);
#291=FACE_OUTER_BOUND('',#462,.T.);
#292=FACE_OUTER_BOUND('',#463,.T.);
#293=FACE_OUTER_BOUND('',#464,.T.);
#294=EDGE_LOOP('',(#2068,#2069,#2070,#2071,#2072,#2073,#2074));
#295=EDGE_LOOP('',(#2075,#2076,#2077,#2078,#2079,#2080,#2081,#2082,#2083,
#2084));
#296=EDGE_LOOP('',(#2085,#2086,#2087,#2088,#2089,#2090));
#297=EDGE_LOOP('',(#2091,#2092,#2093,#2094,#2095,#2096,#2097,#2098));
#298=EDGE_LOOP('',(#2099,#2100,#2101,#2102,#2103,#2104,#2105,#2106,#2107,
#2108,#2109));
#299=EDGE_LOOP('',(#2110,#2111,#2112,#2113,#2114,#2115,#2116));
#300=EDGE_LOOP('',(#2117,#2118,#2119,#2120,#2121));
#301=EDGE_LOOP('',(#2122,#2123,#2124,#2125));
#302=EDGE_LOOP('',(#2126,#2127,#2128,#2129,#2130,#2131,#2132,#2133,#2134,
#2135,#2136));
#303=EDGE_LOOP('',(#2137,#2138,#2139,#2140,#2141,#2142,#2143,#2144,#2145,
#2146,#2147,#2148,#2149,#2150,#2151,#2152,#2153,#2154,#2155,#2156,#2157,
#2158));
#304=EDGE_LOOP('',(#2159));
#305=EDGE_LOOP('',(#2160));
#306=EDGE_LOOP('',(#2161,#2162,#2163,#2164,#2165,#2166,#2167,#2168,#2169,
#2170,#2171,#2172,#2173,#2174,#2175,#2176,#2177,#2178,#2179,#2180));
#307=EDGE_LOOP('',(#2181,#2182,#2183,#2184,#2185,#2186,#2187,#2188,#2189,
#2190,#2191,#2192,#2193,#2194,#2195,#2196,#2197,#2198,#2199,#2200,#2201,
#2202,#2203,#2204,#2205,#2206,#2207,#2208));
#308=EDGE_LOOP('',(#2209,#2210,#2211,#2212,#2213,#2214,#2215,#2216,#2217,
#2218,#2219,#2220));
#309=EDGE_LOOP('',(#2221,#2222,#2223,#2224,#2225,#2226,#2227,#2228,#2229,
#2230,#2231,#2232));
#310=EDGE_LOOP('',(#2233,#2234,#2235,#2236,#2237,#2238,#2239,#2240,#2241,
#2242));
#311=EDGE_LOOP('',(#2243,#2244,#2245,#2246,#2247,#2248,#2249,#2250));
#312=EDGE_LOOP('',(#2251,#2252,#2253,#2254,#2255,#2256,#2257,#2258,#2259,
#2260,#2261));
#313=EDGE_LOOP('',(#2262));
#314=EDGE_LOOP('',(#2263,#2264,#2265,#2266));
#315=EDGE_LOOP('',(#2267,#2268,#2269,#2270,#2271,#2272,#2273,#2274,#2275,
#2276));
#316=EDGE_LOOP('',(#2277,#2278,#2279,#2280,#2281,#2282,#2283,#2284));
#317=EDGE_LOOP('',(#2285,#2286,#2287,#2288,#2289,#2290,#2291,#2292,#2293,
#2294,#2295));
#318=EDGE_LOOP('',(#2296,#2297,#2298,#2299,#2300,#2301,#2302));
#319=EDGE_LOOP('',(#2303,#2304,#2305,#2306,#2307,#2308,#2309,#2310,#2311,
#2312,#2313));
#320=EDGE_LOOP('',(#2314,#2315,#2316,#2317));
#321=EDGE_LOOP('',(#2318,#2319,#2320,#2321,#2322));
#322=EDGE_LOOP('',(#2323,#2324,#2325,#2326,#2327,#2328,#2329,#2330,#2331,
#2332,#2333,#2334));
#323=EDGE_LOOP('',(#2335,#2336,#2337,#2338,#2339,#2340,#2341,#2342,#2343,
#2344,#2345,#2346));
#324=EDGE_LOOP('',(#2347,#2348,#2349,#2350,#2351,#2352,#2353,#2354,#2355,
#2356,#2357,#2358));
#325=EDGE_LOOP('',(#2359,#2360,#2361,#2362,#2363,#2364));
#326=EDGE_LOOP('',(#2365,#2366,#2367,#2368,#2369,#2370,#2371,#2372,#2373,
#2374,#2375));
#327=EDGE_LOOP('',(#2376));
#328=EDGE_LOOP('',(#2377,#2378,#2379,#2380));
#329=EDGE_LOOP('',(#2381,#2382,#2383,#2384));
#330=EDGE_LOOP('',(#2385,#2386,#2387,#2388));
#331=EDGE_LOOP('',(#2389,#2390,#2391));
#332=EDGE_LOOP('',(#2392,#2393,#2394));
#333=EDGE_LOOP('',(#2395,#2396,#2397,#2398,#2399,#2400));
#334=EDGE_LOOP('',(#2401,#2402,#2403,#2404,#2405));
#335=EDGE_LOOP('',(#2406,#2407,#2408,#2409,#2410,#2411));
#336=EDGE_LOOP('',(#2412,#2413,#2414,#2415,#2416,#2417));
#337=EDGE_LOOP('',(#2418,#2419,#2420,#2421,#2422));
#338=EDGE_LOOP('',(#2423,#2424,#2425,#2426));
#339=EDGE_LOOP('',(#2427,#2428,#2429,#2430));
#340=EDGE_LOOP('',(#2431,#2432,#2433,#2434));
#341=EDGE_LOOP('',(#2435,#2436,#2437,#2438));
#342=EDGE_LOOP('',(#2439,#2440,#2441,#2442));
#343=EDGE_LOOP('',(#2443,#2444,#2445,#2446));
#344=EDGE_LOOP('',(#2447,#2448,#2449,#2450));
#345=EDGE_LOOP('',(#2451,#2452,#2453,#2454));
#346=EDGE_LOOP('',(#2455,#2456,#2457,#2458));
#347=EDGE_LOOP('',(#2459,#2460,#2461,#2462,#2463,#2464));
#348=EDGE_LOOP('',(#2465,#2466,#2467));
#349=EDGE_LOOP('',(#2468,#2469,#2470));
#350=EDGE_LOOP('',(#2471,#2472,#2473));
#351=EDGE_LOOP('',(#2474,#2475,#2476));
#352=EDGE_LOOP('',(#2477,#2478,#2479,#2480,#2481,#2482));
#353=EDGE_LOOP('',(#2483,#2484,#2485,#2486,#2487,#2488,#2489,#2490,#2491,
#2492,#2493,#2494,#2495,#2496,#2497,#2498,#2499,#2500));
#354=EDGE_LOOP('',(#2501,#2502,#2503,#2504,#2505,#2506));
#355=EDGE_LOOP('',(#2507,#2508,#2509,#2510,#2511,#2512));
#356=EDGE_LOOP('',(#2513,#2514,#2515,#2516,#2517));
#357=EDGE_LOOP('',(#2518,#2519,#2520,#2521,#2522,#2523));
#358=EDGE_LOOP('',(#2524,#2525,#2526,#2527));
#359=EDGE_LOOP('',(#2528,#2529,#2530,#2531,#2532,#2533));
#360=EDGE_LOOP('',(#2534,#2535,#2536,#2537));
#361=EDGE_LOOP('',(#2538,#2539,#2540));
#362=EDGE_LOOP('',(#2541,#2542,#2543,#2544,#2545));
#363=EDGE_LOOP('',(#2546,#2547,#2548,#2549));
#364=EDGE_LOOP('',(#2550,#2551,#2552,#2553));
#365=EDGE_LOOP('',(#2554,#2555,#2556,#2557));
#366=EDGE_LOOP('',(#2558,#2559,#2560,#2561));
#367=EDGE_LOOP('',(#2562,#2563,#2564,#2565));
#368=EDGE_LOOP('',(#2566,#2567,#2568,#2569));
#369=EDGE_LOOP('',(#2570,#2571,#2572,#2573));
#370=EDGE_LOOP('',(#2574,#2575,#2576,#2577,#2578));
#371=EDGE_LOOP('',(#2579,#2580,#2581,#2582,#2583,#2584,#2585,#2586,#2587,
#2588,#2589,#2590,#2591,#2592,#2593));
#372=EDGE_LOOP('',(#2594,#2595,#2596,#2597));
#373=EDGE_LOOP('',(#2598,#2599,#2600,#2601));
#374=EDGE_LOOP('',(#2602,#2603,#2604));
#375=EDGE_LOOP('',(#2605,#2606,#2607,#2608,#2609,#2610,#2611,#2612,#2613,
#2614,#2615,#2616,#2617,#2618,#2619,#2620,#2621));
#376=EDGE_LOOP('',(#2622));
#377=EDGE_LOOP('',(#2623));
#378=EDGE_LOOP('',(#2624,#2625,#2626));
#379=EDGE_LOOP('',(#2627,#2628,#2629,#2630,#2631,#2632,#2633));
#380=EDGE_LOOP('',(#2634,#2635,#2636));
#381=EDGE_LOOP('',(#2637,#2638,#2639,#2640));
#382=EDGE_LOOP('',(#2641,#2642,#2643,#2644,#2645,#2646,#2647));
#383=EDGE_LOOP('',(#2648,#2649,#2650,#2651));
#384=EDGE_LOOP('',(#2652,#2653,#2654,#2655,#2656,#2657,#2658,#2659));
#385=EDGE_LOOP('',(#2660,#2661,#2662));
#386=EDGE_LOOP('',(#2663,#2664,#2665,#2666,#2667,#2668,#2669,#2670));
#387=EDGE_LOOP('',(#2671,#2672,#2673,#2674));
#388=EDGE_LOOP('',(#2675,#2676,#2677,#2678));
#389=EDGE_LOOP('',(#2679,#2680,#2681,#2682));
#390=EDGE_LOOP('',(#2683,#2684,#2685,#2686,#2687,#2688,#2689,#2690));
#391=EDGE_LOOP('',(#2691,#2692,#2693,#2694,#2695,#2696,#2697,#2698));
#392=EDGE_LOOP('',(#2699,#2700,#2701,#2702));
#393=EDGE_LOOP('',(#2703,#2704,#2705,#2706));
#394=EDGE_LOOP('',(#2707,#2708,#2709,#2710,#2711,#2712,#2713,#2714));
#395=EDGE_LOOP('',(#2715,#2716,#2717,#2718));
#396=EDGE_LOOP('',(#2719,#2720,#2721,#2722));
#397=EDGE_LOOP('',(#2723,#2724,#2725,#2726));
#398=EDGE_LOOP('',(#2727,#2728,#2729,#2730,#2731));
#399=EDGE_LOOP('',(#2732,#2733,#2734,#2735));
#400=EDGE_LOOP('',(#2736,#2737,#2738,#2739,#2740));
#401=EDGE_LOOP('',(#2741,#2742,#2743,#2744));
#402=EDGE_LOOP('',(#2745,#2746,#2747));
#403=EDGE_LOOP('',(#2748,#2749,#2750));
#404=EDGE_LOOP('',(#2751,#2752,#2753,#2754,#2755,#2756,#2757,#2758));
#405=EDGE_LOOP('',(#2759,#2760,#2761,#2762));
#406=EDGE_LOOP('',(#2763,#2764,#2765,#2766,#2767,#2768,#2769,#2770,#2771));
#407=EDGE_LOOP('',(#2772,#2773,#2774,#2775,#2776,#2777));
#408=EDGE_LOOP('',(#2778,#2779,#2780,#2781,#2782));
#409=EDGE_LOOP('',(#2783,#2784,#2785,#2786));
#410=EDGE_LOOP('',(#2787,#2788,#2789,#2790,#2791));
#411=EDGE_LOOP('',(#2792,#2793,#2794,#2795,#2796,#2797));
#412=EDGE_LOOP('',(#2798,#2799,#2800,#2801));
#413=EDGE_LOOP('',(#2802,#2803,#2804,#2805));
#414=EDGE_LOOP('',(#2806,#2807,#2808,#2809));
#415=EDGE_LOOP('',(#2810,#2811,#2812));
#416=EDGE_LOOP('',(#2813,#2814,#2815,#2816));
#417=EDGE_LOOP('',(#2817,#2818,#2819,#2820));
#418=EDGE_LOOP('',(#2821,#2822,#2823,#2824,#2825));
#419=EDGE_LOOP('',(#2826,#2827,#2828,#2829,#2830));
#420=EDGE_LOOP('',(#2831,#2832,#2833,#2834));
#421=EDGE_LOOP('',(#2835,#2836,#2837,#2838));
#422=EDGE_LOOP('',(#2839,#2840,#2841,#2842,#2843));
#423=EDGE_LOOP('',(#2844,#2845,#2846));
#424=EDGE_LOOP('',(#2847,#2848,#2849,#2850,#2851,#2852));
#425=EDGE_LOOP('',(#2853,#2854,#2855,#2856,#2857,#2858));
#426=EDGE_LOOP('',(#2859,#2860,#2861,#2862,#2863));
#427=EDGE_LOOP('',(#2864,#2865,#2866,#2867));
#428=EDGE_LOOP('',(#2868,#2869,#2870,#2871,#2872));
#429=EDGE_LOOP('',(#2873,#2874,#2875,#2876,#2877,#2878));
#430=EDGE_LOOP('',(#2879,#2880,#2881,#2882));
#431=EDGE_LOOP('',(#2883,#2884,#2885,#2886));
#432=EDGE_LOOP('',(#2887,#2888,#2889,#2890));
#433=EDGE_LOOP('',(#2891,#2892,#2893));
#434=EDGE_LOOP('',(#2894,#2895,#2896,#2897));
#435=EDGE_LOOP('',(#2898,#2899,#2900,#2901));
#436=EDGE_LOOP('',(#2902,#2903,#2904,#2905,#2906));
#437=EDGE_LOOP('',(#2907,#2908,#2909,#2910,#2911));
#438=EDGE_LOOP('',(#2912,#2913,#2914,#2915));
#439=EDGE_LOOP('',(#2916,#2917,#2918,#2919));
#440=EDGE_LOOP('',(#2920,#2921,#2922,#2923,#2924));
#441=EDGE_LOOP('',(#2925,#2926,#2927));
#442=EDGE_LOOP('',(#2928,#2929,#2930,#2931,#2932));
#443=EDGE_LOOP('',(#2933,#2934,#2935,#2936,#2937,#2938));
#444=EDGE_LOOP('',(#2939,#2940,#2941,#2942));
#445=EDGE_LOOP('',(#2943,#2944,#2945,#2946));
#446=EDGE_LOOP('',(#2947,#2948,#2949,#2950));
#447=EDGE_LOOP('',(#2951,#2952,#2953,#2954,#2955,#2956));
#448=EDGE_LOOP('',(#2957,#2958,#2959,#2960,#2961,#2962));
#449=EDGE_LOOP('',(#2963,#2964,#2965,#2966,#2967));
#450=EDGE_LOOP('',(#2968,#2969,#2970,#2971,#2972,#2973,#2974,#2975));
#451=EDGE_LOOP('',(#2976,#2977,#2978,#2979));
#452=EDGE_LOOP('',(#2980,#2981,#2982));
#453=EDGE_LOOP('',(#2983,#2984,#2985));
#454=EDGE_LOOP('',(#2986,#2987,#2988));
#455=EDGE_LOOP('',(#2989,#2990,#2991,#2992));
#456=EDGE_LOOP('',(#2993,#2994,#2995));
#457=EDGE_LOOP('',(#2996,#2997,#2998,#2999));
#458=EDGE_LOOP('',(#3000,#3001,#3002,#3003));
#459=EDGE_LOOP('',(#3004,#3005,#3006,#3007,#3008));
#460=EDGE_LOOP('',(#3009,#3010,#3011,#3012,#3013));
#461=EDGE_LOOP('',(#3014,#3015,#3016,#3017));
#462=EDGE_LOOP('',(#3018,#3019,#3020,#3021));
#463=EDGE_LOOP('',(#3022,#3023,#3024,#3025));
#464=EDGE_LOOP('',(#3026,#3027,#3028,#3029));
#465=LINE('',#4367,#866);
#466=LINE('',#4369,#867);
#467=LINE('',#4371,#868);
#468=LINE('',#4373,#869);
#469=LINE('',#4375,#870);
#470=LINE('',#4377,#871);
#471=LINE('',#4378,#872);
#472=LINE('',#4383,#873);
#473=LINE('',#4463,#874);
#474=LINE('',#4482,#875);
#475=LINE('',#4484,#876);
#476=LINE('',#4486,#877);
#477=LINE('',#4488,#878);
#478=LINE('',#4490,#879);
#479=LINE('',#4491,#880);
#480=LINE('',#4495,#881);
#481=LINE('',#4501,#882);
#482=LINE('',#4503,#883);
#483=LINE('',#4505,#884);
#484=LINE('',#4507,#885);
#485=LINE('',#4508,#886);
#486=LINE('',#4512,#887);
#487=LINE('',#4514,#888);
#488=LINE('',#4516,#889);
#489=LINE('',#4518,#890);
#490=LINE('',#4520,#891);
#491=LINE('',#4522,#892);
#492=LINE('',#4524,#893);
#493=LINE('',#4526,#894);
#494=LINE('',#4528,#895);
#495=LINE('',#4530,#896);
#496=LINE('',#4531,#897);
#497=LINE('',#4534,#898);
#498=LINE('',#4536,#899);
#499=LINE('',#4538,#900);
#500=LINE('',#4540,#901);
#501=LINE('',#4542,#902);
#502=LINE('',#4544,#903);
#503=LINE('',#4545,#904);
#504=LINE('',#4549,#905);
#505=LINE('',#4550,#906);
#506=LINE('',#4552,#907);
#507=LINE('',#4553,#908);
#508=LINE('',#4556,#909);
#509=LINE('',#4558,#910);
#510=LINE('',#4559,#911);
#511=LINE('',#4563,#912);
#512=LINE('',#4565,#913);
#513=LINE('',#4567,#914);
#514=LINE('',#4569,#915);
#515=LINE('',#4571,#916);
#516=LINE('',#4573,#917);
#517=LINE('',#4575,#918);
#518=LINE('',#4577,#919);
#519=LINE('',#4579,#920);
#520=LINE('',#4581,#921);
#521=LINE('',#4582,#922);
#522=LINE('',#4586,#923);
#523=LINE('',#4588,#924);
#524=LINE('',#4590,#925);
#525=LINE('',#4592,#926);
#526=LINE('',#4594,#927);
#527=LINE('',#4596,#928);
#528=LINE('',#4598,#929);
#529=LINE('',#4600,#930);
#530=LINE('',#4602,#931);
#531=LINE('',#4604,#932);
#532=LINE('',#4606,#933);
#533=LINE('',#4608,#934);
#534=LINE('',#4610,#935);
#535=LINE('',#4612,#936);
#536=LINE('',#4614,#937);
#537=LINE('',#4616,#938);
#538=LINE('',#4618,#939);
#539=LINE('',#4620,#940);
#540=LINE('',#4622,#941);
#541=LINE('',#4624,#942);
#542=LINE('',#4626,#943);
#543=LINE('',#4627,#944);
#544=LINE('',#4633,#945);
#545=LINE('',#4635,#946);
#546=LINE('',#4637,#947);
#547=LINE('',#4639,#948);
#548=LINE('',#4641,#949);
#549=LINE('',#4643,#950);
#550=LINE('',#4645,#951);
#551=LINE('',#4647,#952);
#552=LINE('',#4649,#953);
#553=LINE('',#4651,#954);
#554=LINE('',#4653,#955);
#555=LINE('',#4655,#956);
#556=LINE('',#4657,#957);
#557=LINE('',#4659,#958);
#558=LINE('',#4661,#959);
#559=LINE('',#4663,#960);
#560=LINE('',#4665,#961);
#561=LINE('',#4667,#962);
#562=LINE('',#4669,#963);
#563=LINE('',#4670,#964);
#564=LINE('',#4673,#965);
#565=LINE('',#4675,#966);
#566=LINE('',#4707,#967);
#567=LINE('',#4709,#968);
#568=LINE('',#4711,#969);
#569=LINE('',#4713,#970);
#570=LINE('',#4749,#971);
#571=LINE('',#4750,#972);
#572=LINE('',#4753,#973);
#573=LINE('',#4755,#974);
#574=LINE('',#4757,#975);
#575=LINE('',#4758,#976);
#576=LINE('',#4760,#977);
#577=LINE('',#4762,#978);
#578=LINE('',#4763,#979);
#579=LINE('',#4765,#980);
#580=LINE('',#4766,#981);
#581=LINE('',#4769,#982);
#582=LINE('',#4772,#983);
#583=LINE('',#4774,#984);
#584=LINE('',#4776,#985);
#585=LINE('',#4778,#986);
#586=LINE('',#4780,#987);
#587=LINE('',#4782,#988);
#588=LINE('',#4784,#989);
#589=LINE('',#4786,#990);
#590=LINE('',#4787,#991);
#591=LINE('',#4793,#992);
#592=LINE('',#4803,#993);
#593=LINE('',#4807,#994);
#594=LINE('',#4809,#995);
#595=LINE('',#4811,#996);
#596=LINE('',#4812,#997);
#597=LINE('',#4814,#998);
#598=LINE('',#4816,#999);
#599=LINE('',#4818,#1000);
#600=LINE('',#4819,#1001);
#601=LINE('',#4820,#1002);
#602=LINE('',#4825,#1003);
#603=LINE('',#4826,#1004);
#604=LINE('',#4829,#1005);
#605=LINE('',#4905,#1006);
#606=LINE('',#4928,#1007);
#607=LINE('',#4930,#1008);
#608=LINE('',#4932,#1009);
#609=LINE('',#4934,#1010);
#610=LINE('',#4940,#1011);
#611=LINE('',#4941,#1012);
#612=LINE('',#4945,#1013);
#613=LINE('',#4947,#1014);
#614=LINE('',#4949,#1015);
#615=LINE('',#4951,#1016);
#616=LINE('',#4953,#1017);
#617=LINE('',#4955,#1018);
#618=LINE('',#4957,#1019);
#619=LINE('',#4959,#1020);
#620=LINE('',#4961,#1021);
#621=LINE('',#4963,#1022);
#622=LINE('',#4964,#1023);
#623=LINE('',#4967,#1024);
#624=LINE('',#4969,#1025);
#625=LINE('',#4971,#1026);
#626=LINE('',#4973,#1027);
#627=LINE('',#4975,#1028);
#628=LINE('',#4977,#1029);
#629=LINE('',#4978,#1030);
#630=LINE('',#4982,#1031);
#631=LINE('',#4983,#1032);
#632=LINE('',#4985,#1033);
#633=LINE('',#4987,#1034);
#634=LINE('',#4989,#1035);
#635=LINE('',#4991,#1036);
#636=LINE('',#4993,#1037);
#637=LINE('',#4995,#1038);
#638=LINE('',#4997,#1039);
#639=LINE('',#4998,#1040);
#640=LINE('',#5002,#1041);
#641=LINE('',#5003,#1042);
#642=LINE('',#5004,#1043);
#643=LINE('',#5007,#1044);
#644=LINE('',#5009,#1045);
#645=LINE('',#5011,#1046);
#646=LINE('',#5012,#1047);
#647=LINE('',#5015,#1048);
#648=LINE('',#5017,#1049);
#649=LINE('',#5018,#1050);
#650=LINE('',#5020,#1051);
#651=LINE('',#5022,#1052);
#652=LINE('',#5024,#1053);
#653=LINE('',#5025,#1054);
#654=LINE('',#5027,#1055);
#655=LINE('',#5028,#1056);
#656=LINE('',#5030,#1057);
#657=LINE('',#5034,#1058);
#658=LINE('',#5036,#1059);
#659=LINE('',#5038,#1060);
#660=LINE('',#5040,#1061);
#661=LINE('',#5042,#1062);
#662=LINE('',#5044,#1063);
#663=LINE('',#5046,#1064);
#664=LINE('',#5048,#1065);
#665=LINE('',#5049,#1066);
#666=LINE('',#5054,#1067);
#667=LINE('',#5064,#1068);
#668=LINE('',#5069,#1069);
#669=LINE('',#5071,#1070);
#670=LINE('',#5072,#1071);
#671=LINE('',#5074,#1072);
#672=LINE('',#5076,#1073);
#673=LINE('',#5078,#1074);
#674=LINE('',#5079,#1075);
#675=LINE('',#5081,#1076);
#676=LINE('',#5082,#1077);
#677=LINE('',#5087,#1078);
#678=LINE('',#5088,#1079);
#679=LINE('',#5090,#1080);
#680=LINE('',#5092,#1081);
#681=LINE('',#5095,#1082);
#682=LINE('',#5100,#1083);
#683=LINE('',#5102,#1084);
#684=LINE('',#5104,#1085);
#685=LINE('',#5105,#1086);
#686=LINE('',#5109,#1087);
#687=LINE('',#5110,#1088);
#688=LINE('',#5111,#1089);
#689=LINE('',#5113,#1090);
#690=LINE('',#5116,#1091);
#691=LINE('',#5119,#1092);
#692=LINE('',#5130,#1093);
#693=LINE('',#5139,#1094);
#694=LINE('',#5150,#1095);
#695=LINE('',#5159,#1096);
#696=LINE('',#5170,#1097);
#697=LINE('',#5179,#1098);
#698=LINE('',#5190,#1099);
#699=LINE('',#5198,#1100);
#700=LINE('',#5199,#1101);
#701=LINE('',#5201,#1102);
#702=LINE('',#5202,#1103);
#703=LINE('',#5205,#1104);
#704=LINE('',#5208,#1105);
#705=LINE('',#5209,#1106);
#706=LINE('',#5213,#1107);
#707=LINE('',#5215,#1108);
#708=LINE('',#5221,#1109);
#709=LINE('',#5225,#1110);
#710=LINE('',#5226,#1111);
#711=LINE('',#5228,#1112);
#712=LINE('',#5267,#1113);
#713=LINE('',#5269,#1114);
#714=LINE('',#5275,#1115);
#715=LINE('',#5276,#1116);
#716=LINE('',#5280,#1117);
#717=LINE('',#5281,#1118);
#718=LINE('',#5283,#1119);
#719=LINE('',#5284,#1120);
#720=LINE('',#5286,#1121);
#721=LINE('',#5289,#1122);
#722=LINE('',#5290,#1123);
#723=LINE('',#5292,#1124);
#724=LINE('',#5301,#1125);
#725=LINE('',#5303,#1126);
#726=LINE('',#5312,#1127);
#727=LINE('',#5314,#1128);
#728=LINE('',#5323,#1129);
#729=LINE('',#5325,#1130);
#730=LINE('',#5334,#1131);
#731=LINE('',#5340,#1132);
#732=LINE('',#5342,#1133);
#733=LINE('',#5344,#1134);
#734=LINE('',#5345,#1135);
#735=LINE('',#5348,#1136);
#736=LINE('',#5350,#1137);
#737=LINE('',#5351,#1138);
#738=LINE('',#5353,#1139);
#739=LINE('',#5355,#1140);
#740=LINE('',#5356,#1141);
#741=LINE('',#5358,#1142);
#742=LINE('',#5360,#1143);
#743=LINE('',#5361,#1144);
#744=LINE('',#5362,#1145);
#745=LINE('',#5363,#1146);
#746=LINE('',#5365,#1147);
#747=LINE('',#5367,#1148);
#748=LINE('',#5368,#1149);
#749=LINE('',#5371,#1150);
#750=LINE('',#5372,#1151);
#751=LINE('',#5374,#1152);
#752=LINE('',#5376,#1153);
#753=LINE('',#5378,#1154);
#754=LINE('',#5379,#1155);
#755=LINE('',#5381,#1156);
#756=LINE('',#5385,#1157);
#757=LINE('',#5387,#1158);
#758=LINE('',#5388,#1159);
#759=LINE('',#5390,#1160);
#760=LINE('',#5393,#1161);
#761=LINE('',#5394,#1162);
#762=LINE('',#5395,#1163);
#763=LINE('',#5397,#1164);
#764=LINE('',#5401,#1165);
#765=LINE('',#5402,#1166);
#766=LINE('',#5404,#1167);
#767=LINE('',#5406,#1168);
#768=LINE('',#5407,#1169);
#769=LINE('',#5410,#1170);
#770=LINE('',#5412,#1171);
#771=LINE('',#5413,#1172);
#772=LINE('',#5416,#1173);
#773=LINE('',#5417,#1174);
#774=LINE('',#5419,#1175);
#775=LINE('',#5422,#1176);
#776=LINE('',#5423,#1177);
#777=LINE('',#5426,#1178);
#778=LINE('',#5428,#1179);
#779=LINE('',#5430,#1180);
#780=LINE('',#5432,#1181);
#781=LINE('',#5433,#1182);
#782=LINE('',#5436,#1183);
#783=LINE('',#5438,#1184);
#784=LINE('',#5439,#1185);
#785=LINE('',#5441,#1186);
#786=LINE('',#5445,#1187);
#787=LINE('',#5446,#1188);
#788=LINE('',#5447,#1189);
#789=LINE('',#5449,#1190);
#790=LINE('',#5451,#1191);
#791=LINE('',#5454,#1192);
#792=LINE('',#5455,#1193);
#793=LINE('',#5458,#1194);
#794=LINE('',#5461,#1195);
#795=LINE('',#5464,#1196);
#796=LINE('',#5467,#1197);
#797=LINE('',#5468,#1198);
#798=LINE('',#5469,#1199);
#799=LINE('',#5470,#1200);
#800=LINE('',#5473,#1201);
#801=LINE('',#5475,#1202);
#802=LINE('',#5477,#1203);
#803=LINE('',#5479,#1204);
#804=LINE('',#5480,#1205);
#805=LINE('',#5483,#1206);
#806=LINE('',#5485,#1207);
#807=LINE('',#5486,#1208);
#808=LINE('',#5489,#1209);
#809=LINE('',#5491,#1210);
#810=LINE('',#5492,#1211);
#811=LINE('',#5494,#1212);
#812=LINE('',#5496,#1213);
#813=LINE('',#5497,#1214);
#814=LINE('',#5499,#1215);
#815=LINE('',#5501,#1216);
#816=LINE('',#5504,#1217);
#817=LINE('',#5507,#1218);
#818=LINE('',#5508,#1219);
#819=LINE('',#5510,#1220);
#820=LINE('',#5513,#1221);
#821=LINE('',#5514,#1222);
#822=LINE('',#5516,#1223);
#823=LINE('',#5518,#1224);
#824=LINE('',#5520,#1225);
#825=LINE('',#5522,#1226);
#826=LINE('',#5528,#1227);
#827=LINE('',#5530,#1228);
#828=LINE('',#5531,#1229);
#829=LINE('',#5533,#1230);
#830=LINE('',#5534,#1231);
#831=LINE('',#5537,#1232);
#832=LINE('',#5539,#1233);
#833=LINE('',#5540,#1234);
#834=LINE('',#5543,#1235);
#835=LINE('',#5545,#1236);
#836=LINE('',#5546,#1237);
#837=LINE('',#5548,#1238);
#838=LINE('',#5550,#1239);
#839=LINE('',#5551,#1240);
#840=LINE('',#5553,#1241);
#841=LINE('',#5555,#1242);
#842=LINE('',#5558,#1243);
#843=LINE('',#5561,#1244);
#844=LINE('',#5563,#1245);
#845=LINE('',#5566,#1246);
#846=LINE('',#5567,#1247);
#847=LINE('',#5569,#1248);
#848=LINE('',#5571,#1249);
#849=LINE('',#5573,#1250);
#850=LINE('',#5575,#1251);
#851=LINE('',#5578,#1252);
#852=LINE('',#5582,#1253);
#853=LINE('',#5585,#1254);
#854=LINE('',#5586,#1255);
#855=LINE('',#5588,#1256);
#856=LINE('',#5589,#1257);
#857=LINE('',#5592,#1258);
#858=LINE('',#5593,#1259);
#859=LINE('',#5595,#1260);
#860=LINE('',#5600,#1261);
#861=LINE('',#5605,#1262);
#862=LINE('',#5607,#1263);
#863=LINE('',#5609,#1264);
#864=LINE('',#5611,#1265);
#865=LINE('',#5613,#1266);
#866=VECTOR('',#3548,10.);
#867=VECTOR('',#3549,10.);
#868=VECTOR('',#3550,10.);
#869=VECTOR('',#3551,10.);
#870=VECTOR('',#3552,10.);
#871=VECTOR('',#3553,10.);
#872=VECTOR('',#3554,10.);
#873=VECTOR('',#3559,2.75);
#874=VECTOR('',#3560,2.75);
#875=VECTOR('',#3565,10.);
#876=VECTOR('',#3566,10.);
#877=VECTOR('',#3567,10.);
#878=VECTOR('',#3568,10.);
#879=VECTOR('',#3569,10.);
#880=VECTOR('',#3570,10.);
#881=VECTOR('',#3573,10.);
#882=VECTOR('',#3578,10.);
#883=VECTOR('',#3579,10.);
#884=VECTOR('',#3580,10.);
#885=VECTOR('',#3581,10.);
#886=VECTOR('',#3582,10.);
#887=VECTOR('',#3585,10.);
#888=VECTOR('',#3586,10.);
#889=VECTOR('',#3587,10.);
#890=VECTOR('',#3588,10.);
#891=VECTOR('',#3589,10.);
#892=VECTOR('',#3590,10.);
#893=VECTOR('',#3591,10.);
#894=VECTOR('',#3592,10.);
#895=VECTOR('',#3593,10.);
#896=VECTOR('',#3594,10.);
#897=VECTOR('',#3595,10.);
#898=VECTOR('',#3596,10.);
#899=VECTOR('',#3597,10.);
#900=VECTOR('',#3598,10.);
#901=VECTOR('',#3599,10.);
#902=VECTOR('',#3600,10.);
#903=VECTOR('',#3601,10.);
#904=VECTOR('',#3602,10.);
#905=VECTOR('',#3605,10.);
#906=VECTOR('',#3606,10.);
#907=VECTOR('',#3607,10.);
#908=VECTOR('',#3608,10.);
#909=VECTOR('',#3611,10.);
#910=VECTOR('',#3612,10.);
#911=VECTOR('',#3613,10.);
#912=VECTOR('',#3616,10.);
#913=VECTOR('',#3617,10.);
#914=VECTOR('',#3618,10.);
#915=VECTOR('',#3619,10.);
#916=VECTOR('',#3620,10.);
#917=VECTOR('',#3621,10.);
#918=VECTOR('',#3622,10.);
#919=VECTOR('',#3623,10.);
#920=VECTOR('',#3624,10.);
#921=VECTOR('',#3625,10.);
#922=VECTOR('',#3626,10.);
#923=VECTOR('',#3629,10.);
#924=VECTOR('',#3630,10.);
#925=VECTOR('',#3631,10.);
#926=VECTOR('',#3632,10.);
#927=VECTOR('',#3633,10.);
#928=VECTOR('',#3634,10.);
#929=VECTOR('',#3635,10.);
#930=VECTOR('',#3636,10.);
#931=VECTOR('',#3637,10.);
#932=VECTOR('',#3638,10.);
#933=VECTOR('',#3639,10.);
#934=VECTOR('',#3640,10.);
#935=VECTOR('',#3641,10.);
#936=VECTOR('',#3642,10.);
#937=VECTOR('',#3643,10.);
#938=VECTOR('',#3644,10.);
#939=VECTOR('',#3645,10.);
#940=VECTOR('',#3646,10.);
#941=VECTOR('',#3647,10.);
#942=VECTOR('',#3648,10.);
#943=VECTOR('',#3649,10.);
#944=VECTOR('',#3650,10.);
#945=VECTOR('',#3655,10.);
#946=VECTOR('',#3656,10.);
#947=VECTOR('',#3657,10.);
#948=VECTOR('',#3658,10.);
#949=VECTOR('',#3659,10.);
#950=VECTOR('',#3660,10.);
#951=VECTOR('',#3661,10.);
#952=VECTOR('',#3662,10.);
#953=VECTOR('',#3663,10.);
#954=VECTOR('',#3664,10.);
#955=VECTOR('',#3665,10.);
#956=VECTOR('',#3666,10.);
#957=VECTOR('',#3667,10.);
#958=VECTOR('',#3668,10.);
#959=VECTOR('',#3669,10.);
#960=VECTOR('',#3670,10.);
#961=VECTOR('',#3671,10.);
#962=VECTOR('',#3672,10.);
#963=VECTOR('',#3673,10.);
#964=VECTOR('',#3674,10.);
#965=VECTOR('',#3675,10.);
#966=VECTOR('',#3676,10.);
#967=VECTOR('',#3687,10.);
#968=VECTOR('',#3688,10.);
#969=VECTOR('',#3689,10.);
#970=VECTOR('',#3690,10.);
#971=VECTOR('',#3705,10.);
#972=VECTOR('',#3706,10.);
#973=VECTOR('',#3709,10.);
#974=VECTOR('',#3710,10.);
#975=VECTOR('',#3711,10.);
#976=VECTOR('',#3712,10.);
#977=VECTOR('',#3713,10.);
#978=VECTOR('',#3714,10.);
#979=VECTOR('',#3715,10.);
#980=VECTOR('',#3716,10.);
#981=VECTOR('',#3717,10.);
#982=VECTOR('',#3718,10.);
#983=VECTOR('',#3721,10.);
#984=VECTOR('',#3722,10.);
#985=VECTOR('',#3723,10.);
#986=VECTOR('',#3724,10.);
#987=VECTOR('',#3725,10.);
#988=VECTOR('',#3726,10.);
#989=VECTOR('',#3727,10.);
#990=VECTOR('',#3728,10.);
#991=VECTOR('',#3729,10.);
#992=VECTOR('',#3736,2.25);
#993=VECTOR('',#3749,1.625);
#994=VECTOR('',#3752,10.);
#995=VECTOR('',#3753,10.);
#996=VECTOR('',#3754,10.);
#997=VECTOR('',#3755,10.);
#998=VECTOR('',#3756,10.);
#999=VECTOR('',#3757,10.);
#1000=VECTOR('',#3758,10.);
#1001=VECTOR('',#3759,10.);
#1002=VECTOR('',#3760,10.);
#1003=VECTOR('',#3765,10.);
#1004=VECTOR('',#3766,10.);
#1005=VECTOR('',#3769,2.75);
#1006=VECTOR('',#3770,2.75);
#1007=VECTOR('',#3775,10.);
#1008=VECTOR('',#3776,10.);
#1009=VECTOR('',#3777,10.);
#1010=VECTOR('',#3778,10.);
#1011=VECTOR('',#3783,10.);
#1012=VECTOR('',#3784,10.);
#1013=VECTOR('',#3787,10.);
#1014=VECTOR('',#3788,10.);
#1015=VECTOR('',#3789,10.);
#1016=VECTOR('',#3790,10.);
#1017=VECTOR('',#3791,10.);
#1018=VECTOR('',#3792,10.);
#1019=VECTOR('',#3793,10.);
#1020=VECTOR('',#3794,10.);
#1021=VECTOR('',#3795,10.);
#1022=VECTOR('',#3796,10.);
#1023=VECTOR('',#3797,10.);
#1024=VECTOR('',#3798,10.);
#1025=VECTOR('',#3799,10.);
#1026=VECTOR('',#3800,10.);
#1027=VECTOR('',#3801,10.);
#1028=VECTOR('',#3802,10.);
#1029=VECTOR('',#3803,10.);
#1030=VECTOR('',#3804,10.);
#1031=VECTOR('',#3807,10.);
#1032=VECTOR('',#3808,10.);
#1033=VECTOR('',#3809,10.);
#1034=VECTOR('',#3810,10.);
#1035=VECTOR('',#3811,10.);
#1036=VECTOR('',#3812,10.);
#1037=VECTOR('',#3813,10.);
#1038=VECTOR('',#3814,10.);
#1039=VECTOR('',#3815,10.);
#1040=VECTOR('',#3816,10.);
#1041=VECTOR('',#3819,10.);
#1042=VECTOR('',#3820,10.);
#1043=VECTOR('',#3821,10.);
#1044=VECTOR('',#3824,10.);
#1045=VECTOR('',#3825,10.);
#1046=VECTOR('',#3826,10.);
#1047=VECTOR('',#3827,10.);
#1048=VECTOR('',#3830,10.);
#1049=VECTOR('',#3831,10.);
#1050=VECTOR('',#3832,10.);
#1051=VECTOR('',#3833,10.);
#1052=VECTOR('',#3834,10.);
#1053=VECTOR('',#3835,10.);
#1054=VECTOR('',#3836,10.);
#1055=VECTOR('',#3837,10.);
#1056=VECTOR('',#3838,10.);
#1057=VECTOR('',#3839,10.);
#1058=VECTOR('',#3842,10.);
#1059=VECTOR('',#3843,10.);
#1060=VECTOR('',#3844,10.);
#1061=VECTOR('',#3845,10.);
#1062=VECTOR('',#3846,10.);
#1063=VECTOR('',#3847,10.);
#1064=VECTOR('',#3848,10.);
#1065=VECTOR('',#3849,10.);
#1066=VECTOR('',#3850,10.);
#1067=VECTOR('',#3855,2.25);
#1068=VECTOR('',#3868,1.625);
#1069=VECTOR('',#3873,10.);
#1070=VECTOR('',#3874,10.);
#1071=VECTOR('',#3875,10.);
#1072=VECTOR('',#3876,10.);
#1073=VECTOR('',#3877,10.);
#1074=VECTOR('',#3878,10.);
#1075=VECTOR('',#3879,10.);
#1076=VECTOR('',#3880,10.);
#1077=VECTOR('',#3881,10.);
#1078=VECTOR('',#3886,10.);
#1079=VECTOR('',#3887,10.);
#1080=VECTOR('',#3890,0.999999999999999);
#1081=VECTOR('',#3893,0.999999999999999);
#1082=VECTOR('',#3896,10.);
#1083=VECTOR('',#3903,10.);
#1084=VECTOR('',#3906,10.);
#1085=VECTOR('',#3907,10.);
#1086=VECTOR('',#3908,10.);
#1087=VECTOR('',#3913,10.);
#1088=VECTOR('',#3914,10.);
#1089=VECTOR('',#3915,10.);
#1090=VECTOR('',#3918,10.);
#1091=VECTOR('',#3921,10.);
#1092=VECTOR('',#3924,10.);
#1093=VECTOR('',#3927,10.);
#1094=VECTOR('',#3930,10.);
#1095=VECTOR('',#3933,10.);
#1096=VECTOR('',#3936,10.);
#1097=VECTOR('',#3939,10.);
#1098=VECTOR('',#3942,10.);
#1099=VECTOR('',#3945,10.);
#1100=VECTOR('',#3948,10.);
#1101=VECTOR('',#3949,10.);
#1102=VECTOR('',#3952,10.);
#1103=VECTOR('',#3953,10.);
#1104=VECTOR('',#3956,10.);
#1105=VECTOR('',#3959,10.);
#1106=VECTOR('',#3960,10.);
#1107=VECTOR('',#3965,10.);
#1108=VECTOR('',#3968,10.);
#1109=VECTOR('',#3977,10.);
#1110=VECTOR('',#3982,10.);
#1111=VECTOR('',#3983,10.);
#1112=VECTOR('',#3986,10.);
#1113=VECTOR('',#3999,10.);
#1114=VECTOR('',#4002,10.);
#1115=VECTOR('',#4011,10.);
#1116=VECTOR('',#4012,10.);
#1117=VECTOR('',#4015,10.);
#1118=VECTOR('',#4016,10.);
#1119=VECTOR('',#4017,10.);
#1120=VECTOR('',#4018,10.);
#1121=VECTOR('',#4021,10.);
#1122=VECTOR('',#4024,10.);
#1123=VECTOR('',#4025,10.);
#1124=VECTOR('',#4028,10.);
#1125=VECTOR('',#4029,10.);
#1126=VECTOR('',#4032,10.);
#1127=VECTOR('',#4033,10.);
#1128=VECTOR('',#4036,10.);
#1129=VECTOR('',#4037,10.);
#1130=VECTOR('',#4040,10.);
#1131=VECTOR('',#4041,10.);
#1132=VECTOR('',#4048,10.);
#1133=VECTOR('',#4049,10.);
#1134=VECTOR('',#4050,10.);
#1135=VECTOR('',#4051,10.);
#1136=VECTOR('',#4054,10.);
#1137=VECTOR('',#4055,10.);
#1138=VECTOR('',#4056,10.);
#1139=VECTOR('',#4059,10.);
#1140=VECTOR('',#4062,10.);
#1141=VECTOR('',#4063,10.);
#1142=VECTOR('',#4064,10.);
#1143=VECTOR('',#4065,10.);
#1144=VECTOR('',#4066,10.);
#1145=VECTOR('',#4067,10.);
#1146=VECTOR('',#4068,10.);
#1147=VECTOR('',#4069,10.);
#1148=VECTOR('',#4070,10.);
#1149=VECTOR('',#4071,10.);
#1150=VECTOR('',#4074,10.);
#1151=VECTOR('',#4075,10.);
#1152=VECTOR('',#4078,10.);
#1153=VECTOR('',#4079,10.);
#1154=VECTOR('',#4080,10.);
#1155=VECTOR('',#4081,10.);
#1156=VECTOR('',#4084,10.);
#1157=VECTOR('',#4089,10.);
#1158=VECTOR('',#4090,10.);
#1159=VECTOR('',#4091,10.);
#1160=VECTOR('',#4094,10.);
#1161=VECTOR('',#4097,10.);
#1162=VECTOR('',#4098,10.);
#1163=VECTOR('',#4099,10.);
#1164=VECTOR('',#4102,10.);
#1165=VECTOR('',#4105,10.);
#1166=VECTOR('',#4106,10.);
#1167=VECTOR('',#4107,10.);
#1168=VECTOR('',#4108,10.);
#1169=VECTOR('',#4109,10.);
#1170=VECTOR('',#4112,10.);
#1171=VECTOR('',#4113,10.);
#1172=VECTOR('',#4114,10.);
#1173=VECTOR('',#4117,10.);
#1174=VECTOR('',#4118,10.);
#1175=VECTOR('',#4121,10.);
#1176=VECTOR('',#4124,10.);
#1177=VECTOR('',#4125,10.);
#1178=VECTOR('',#4128,10.);
#1179=VECTOR('',#4129,10.);
#1180=VECTOR('',#4130,10.);
#1181=VECTOR('',#4131,10.);
#1182=VECTOR('',#4132,10.);
#1183=VECTOR('',#4135,10.);
#1184=VECTOR('',#4136,10.);
#1185=VECTOR('',#4137,10.);
#1186=VECTOR('',#4140,10.);
#1187=VECTOR('',#4143,10.);
#1188=VECTOR('',#4144,10.);
#1189=VECTOR('',#4145,10.);
#1190=VECTOR('',#4148,10.);
#1191=VECTOR('',#4151,10.);
#1192=VECTOR('',#4156,10.);
#1193=VECTOR('',#4157,10.);
#1194=VECTOR('',#4162,10.);
#1195=VECTOR('',#4167,10.);
#1196=VECTOR('',#4172,10.);
#1197=VECTOR('',#4177,10.);
#1198=VECTOR('',#4178,10.);
#1199=VECTOR('',#4179,10.);
#1200=VECTOR('',#4180,10.);
#1201=VECTOR('',#4183,10.);
#1202=VECTOR('',#4184,10.);
#1203=VECTOR('',#4185,10.);
#1204=VECTOR('',#4186,10.);
#1205=VECTOR('',#4187,10.);
#1206=VECTOR('',#4190,10.);
#1207=VECTOR('',#4191,10.);
#1208=VECTOR('',#4192,10.);
#1209=VECTOR('',#4195,10.);
#1210=VECTOR('',#4196,10.);
#1211=VECTOR('',#4197,10.);
#1212=VECTOR('',#4200,10.);
#1213=VECTOR('',#4201,10.);
#1214=VECTOR('',#4202,10.);
#1215=VECTOR('',#4205,10.);
#1216=VECTOR('',#4208,10.);
#1217=VECTOR('',#4213,10.);
#1218=VECTOR('',#4218,10.);
#1219=VECTOR('',#4219,10.);
#1220=VECTOR('',#4222,10.);
#1221=VECTOR('',#4225,10.);
#1222=VECTOR('',#4226,10.);
#1223=VECTOR('',#4229,10.);
#1224=VECTOR('',#4232,10.);
#1225=VECTOR('',#4235,10.);
#1226=VECTOR('',#4238,10.);
#1227=VECTOR('',#4245,10.);
#1228=VECTOR('',#4246,10.);
#1229=VECTOR('',#4247,10.);
#1230=VECTOR('',#4248,10.);
#1231=VECTOR('',#4249,10.);
#1232=VECTOR('',#4252,10.);
#1233=VECTOR('',#4253,10.);
#1234=VECTOR('',#4254,10.);
#1235=VECTOR('',#4257,10.);
#1236=VECTOR('',#4258,10.);
#1237=VECTOR('',#4259,10.);
#1238=VECTOR('',#4262,10.);
#1239=VECTOR('',#4263,10.);
#1240=VECTOR('',#4264,10.);
#1241=VECTOR('',#4267,10.);
#1242=VECTOR('',#4270,10.);
#1243=VECTOR('',#4275,10.);
#1244=VECTOR('',#4280,10.);
#1245=VECTOR('',#4283,10.);
#1246=VECTOR('',#4286,10.);
#1247=VECTOR('',#4287,10.);
#1248=VECTOR('',#4290,10.);
#1249=VECTOR('',#4293,10.);
#1250=VECTOR('',#4296,10.);
#1251=VECTOR('',#4299,10.);
#1252=VECTOR('',#4304,10.);
#1253=VECTOR('',#4311,10.);
#1254=VECTOR('',#4316,10.);
#1255=VECTOR('',#4317,10.);
#1256=VECTOR('',#4320,10.);
#1257=VECTOR('',#4321,10.);
#1258=VECTOR('',#4326,10.);
#1259=VECTOR('',#4327,10.);
#1260=VECTOR('',#4330,10.);
#1261=VECTOR('',#4339,10.);
#1262=VECTOR('',#4348,10.);
#1263=VECTOR('',#4351,10.);
#1264=VECTOR('',#4354,10.);
#1265=VECTOR('',#4357,10.);
#1266=VECTOR('',#4360,10.);
#1267=VERTEX_POINT('',#4365);
#1268=VERTEX_POINT('',#4366);
#1269=VERTEX_POINT('',#4368);
#1270=VERTEX_POINT('',#4370);
#1271=VERTEX_POINT('',#4372);
#1272=VERTEX_POINT('',#4374);
#1273=VERTEX_POINT('',#4376);
#1274=VERTEX_POINT('',#4380);
#1275=VERTEX_POINT('',#4382);
#1276=VERTEX_POINT('',#4384);
#1277=VERTEX_POINT('',#4395);
#1278=VERTEX_POINT('',#4451);
#1279=VERTEX_POINT('',#4462);
#1280=VERTEX_POINT('',#4480);
#1281=VERTEX_POINT('',#4481);
#1282=VERTEX_POINT('',#4483);
#1283=VERTEX_POINT('',#4485);
#1284=VERTEX_POINT('',#4487);
#1285=VERTEX_POINT('',#4489);
#1286=VERTEX_POINT('',#4493);
#1287=VERTEX_POINT('',#4494);
#1288=VERTEX_POINT('',#4496);
#1289=VERTEX_POINT('',#4498);
#1290=VERTEX_POINT('',#4500);
#1291=VERTEX_POINT('',#4502);
#1292=VERTEX_POINT('',#4504);
#1293=VERTEX_POINT('',#4506);
#1294=VERTEX_POINT('',#4510);
#1295=VERTEX_POINT('',#4511);
#1296=VERTEX_POINT('',#4513);
#1297=VERTEX_POINT('',#4515);
#1298=VERTEX_POINT('',#4517);
#1299=VERTEX_POINT('',#4519);
#1300=VERTEX_POINT('',#4521);
#1301=VERTEX_POINT('',#4523);
#1302=VERTEX_POINT('',#4525);
#1303=VERTEX_POINT('',#4527);
#1304=VERTEX_POINT('',#4529);
#1305=VERTEX_POINT('',#4532);
#1306=VERTEX_POINT('',#4533);
#1307=VERTEX_POINT('',#4535);
#1308=VERTEX_POINT('',#4537);
#1309=VERTEX_POINT('',#4539);
#1310=VERTEX_POINT('',#4541);
#1311=VERTEX_POINT('',#4543);
#1312=VERTEX_POINT('',#4547);
#1313=VERTEX_POINT('',#4548);
#1314=VERTEX_POINT('',#4551);
#1315=VERTEX_POINT('',#4555);
#1316=VERTEX_POINT('',#4557);
#1317=VERTEX_POINT('',#4561);
#1318=VERTEX_POINT('',#4562);
#1319=VERTEX_POINT('',#4564);
#1320=VERTEX_POINT('',#4566);
#1321=VERTEX_POINT('',#4568);
#1322=VERTEX_POINT('',#4570);
#1323=VERTEX_POINT('',#4572);
#1324=VERTEX_POINT('',#4574);
#1325=VERTEX_POINT('',#4576);
#1326=VERTEX_POINT('',#4578);
#1327=VERTEX_POINT('',#4580);
#1328=VERTEX_POINT('',#4584);
#1329=VERTEX_POINT('',#4585);
#1330=VERTEX_POINT('',#4587);
#1331=VERTEX_POINT('',#4589);
#1332=VERTEX_POINT('',#4591);
#1333=VERTEX_POINT('',#4593);
#1334=VERTEX_POINT('',#4595);
#1335=VERTEX_POINT('',#4597);
#1336=VERTEX_POINT('',#4599);
#1337=VERTEX_POINT('',#4601);
#1338=VERTEX_POINT('',#4603);
#1339=VERTEX_POINT('',#4605);
#1340=VERTEX_POINT('',#4607);
#1341=VERTEX_POINT('',#4609);
#1342=VERTEX_POINT('',#4611);
#1343=VERTEX_POINT('',#4613);
#1344=VERTEX_POINT('',#4615);
#1345=VERTEX_POINT('',#4617);
#1346=VERTEX_POINT('',#4619);
#1347=VERTEX_POINT('',#4621);
#1348=VERTEX_POINT('',#4623);
#1349=VERTEX_POINT('',#4625);
#1350=VERTEX_POINT('',#4628);
#1351=VERTEX_POINT('',#4631);
#1352=VERTEX_POINT('',#4632);
#1353=VERTEX_POINT('',#4634);
#1354=VERTEX_POINT('',#4636);
#1355=VERTEX_POINT('',#4638);
#1356=VERTEX_POINT('',#4640);
#1357=VERTEX_POINT('',#4642);
#1358=VERTEX_POINT('',#4644);
#1359=VERTEX_POINT('',#4646);
#1360=VERTEX_POINT('',#4648);
#1361=VERTEX_POINT('',#4650);
#1362=VERTEX_POINT('',#4652);
#1363=VERTEX_POINT('',#4654);
#1364=VERTEX_POINT('',#4656);
#1365=VERTEX_POINT('',#4658);
#1366=VERTEX_POINT('',#4660);
#1367=VERTEX_POINT('',#4662);
#1368=VERTEX_POINT('',#4664);
#1369=VERTEX_POINT('',#4666);
#1370=VERTEX_POINT('',#4668);
#1371=VERTEX_POINT('',#4671);
#1372=VERTEX_POINT('',#4672);
#1373=VERTEX_POINT('',#4674);
#1374=VERTEX_POINT('',#4676);
#1375=VERTEX_POINT('',#4678);
#1376=VERTEX_POINT('',#4683);
#1377=VERTEX_POINT('',#4685);
#1378=VERTEX_POINT('',#4690);
#1379=VERTEX_POINT('',#4692);
#1380=VERTEX_POINT('',#4697);
#1381=VERTEX_POINT('',#4699);
#1382=VERTEX_POINT('',#4704);
#1383=VERTEX_POINT('',#4706);
#1384=VERTEX_POINT('',#4708);
#1385=VERTEX_POINT('',#4710);
#1386=VERTEX_POINT('',#4712);
#1387=VERTEX_POINT('',#4714);
#1388=VERTEX_POINT('',#4716);
#1389=VERTEX_POINT('',#4718);
#1390=VERTEX_POINT('',#4723);
#1391=VERTEX_POINT('',#4725);
#1392=VERTEX_POINT('',#4730);
#1393=VERTEX_POINT('',#4732);
#1394=VERTEX_POINT('',#4737);
#1395=VERTEX_POINT('',#4739);
#1396=VERTEX_POINT('',#4744);
#1397=VERTEX_POINT('',#4746);
#1398=VERTEX_POINT('',#4748);
#1399=VERTEX_POINT('',#4752);
#1400=VERTEX_POINT('',#4754);
#1401=VERTEX_POINT('',#4756);
#1402=VERTEX_POINT('',#4759);
#1403=VERTEX_POINT('',#4761);
#1404=VERTEX_POINT('',#4764);
#1405=VERTEX_POINT('',#4767);
#1406=VERTEX_POINT('',#4768);
#1407=VERTEX_POINT('',#4770);
#1408=VERTEX_POINT('',#4773);
#1409=VERTEX_POINT('',#4775);
#1410=VERTEX_POINT('',#4777);
#1411=VERTEX_POINT('',#4779);
#1412=VERTEX_POINT('',#4781);
#1413=VERTEX_POINT('',#4783);
#1414=VERTEX_POINT('',#4785);
#1415=VERTEX_POINT('',#4789);
#1416=VERTEX_POINT('',#4792);
#1417=VERTEX_POINT('',#4794);
#1418=VERTEX_POINT('',#4797);
#1419=VERTEX_POINT('',#4801);
#1420=VERTEX_POINT('',#4805);
#1421=VERTEX_POINT('',#4806);
#1422=VERTEX_POINT('',#4808);
#1423=VERTEX_POINT('',#4810);
#1424=VERTEX_POINT('',#4813);
#1425=VERTEX_POINT('',#4815);
#1426=VERTEX_POINT('',#4817);
#1427=VERTEX_POINT('',#4821);
#1428=VERTEX_POINT('',#4824);
#1429=VERTEX_POINT('',#4828);
#1430=VERTEX_POINT('',#4830);
#1431=VERTEX_POINT('',#4853);
#1432=VERTEX_POINT('',#4880);
#1433=VERTEX_POINT('',#4904);
#1434=VERTEX_POINT('',#4926);
#1435=VERTEX_POINT('',#4927);
#1436=VERTEX_POINT('',#4929);
#1437=VERTEX_POINT('',#4931);
#1438=VERTEX_POINT('',#4933);
#1439=VERTEX_POINT('',#4935);
#1440=VERTEX_POINT('',#4937);
#1441=VERTEX_POINT('',#4939);
#1442=VERTEX_POINT('',#4943);
#1443=VERTEX_POINT('',#4944);
#1444=VERTEX_POINT('',#4946);
#1445=VERTEX_POINT('',#4948);
#1446=VERTEX_POINT('',#4950);
#1447=VERTEX_POINT('',#4952);
#1448=VERTEX_POINT('',#4954);
#1449=VERTEX_POINT('',#4956);
#1450=VERTEX_POINT('',#4958);
#1451=VERTEX_POINT('',#4960);
#1452=VERTEX_POINT('',#4962);
#1453=VERTEX_POINT('',#4965);
#1454=VERTEX_POINT('',#4966);
#1455=VERTEX_POINT('',#4968);
#1456=VERTEX_POINT('',#4970);
#1457=VERTEX_POINT('',#4972);
#1458=VERTEX_POINT('',#4974);
#1459=VERTEX_POINT('',#4976);
#1460=VERTEX_POINT('',#4980);
#1461=VERTEX_POINT('',#4981);
#1462=VERTEX_POINT('',#4984);
#1463=VERTEX_POINT('',#4986);
#1464=VERTEX_POINT('',#4988);
#1465=VERTEX_POINT('',#4990);
#1466=VERTEX_POINT('',#4992);
#1467=VERTEX_POINT('',#4994);
#1468=VERTEX_POINT('',#4996);
#1469=VERTEX_POINT('',#5000);
#1470=VERTEX_POINT('',#5001);
#1471=VERTEX_POINT('',#5006);
#1472=VERTEX_POINT('',#5008);
#1473=VERTEX_POINT('',#5010);
#1474=VERTEX_POINT('',#5014);
#1475=VERTEX_POINT('',#5016);
#1476=VERTEX_POINT('',#5019);
#1477=VERTEX_POINT('',#5021);
#1478=VERTEX_POINT('',#5023);
#1479=VERTEX_POINT('',#5026);
#1480=VERTEX_POINT('',#5029);
#1481=VERTEX_POINT('',#5031);
#1482=VERTEX_POINT('',#5033);
#1483=VERTEX_POINT('',#5035);
#1484=VERTEX_POINT('',#5037);
#1485=VERTEX_POINT('',#5039);
#1486=VERTEX_POINT('',#5041);
#1487=VERTEX_POINT('',#5043);
#1488=VERTEX_POINT('',#5045);
#1489=VERTEX_POINT('',#5047);
#1490=VERTEX_POINT('',#5051);
#1491=VERTEX_POINT('',#5053);
#1492=VERTEX_POINT('',#5055);
#1493=VERTEX_POINT('',#5058);
#1494=VERTEX_POINT('',#5063);
#1495=VERTEX_POINT('',#5067);
#1496=VERTEX_POINT('',#5068);
#1497=VERTEX_POINT('',#5070);
#1498=VERTEX_POINT('',#5073);
#1499=VERTEX_POINT('',#5075);
#1500=VERTEX_POINT('',#5077);
#1501=VERTEX_POINT('',#5080);
#1502=VERTEX_POINT('',#5083);
#1503=VERTEX_POINT('',#5086);
#1504=VERTEX_POINT('',#5094);
#1505=VERTEX_POINT('',#5098);
#1506=VERTEX_POINT('',#5103);
#1507=VERTEX_POINT('',#5108);
#1508=VERTEX_POINT('',#5114);
#1509=VERTEX_POINT('',#5118);
#1510=VERTEX_POINT('',#5129);
#1511=VERTEX_POINT('',#5138);
#1512=VERTEX_POINT('',#5149);
#1513=VERTEX_POINT('',#5158);
#1514=VERTEX_POINT('',#5169);
#1515=VERTEX_POINT('',#5178);
#1516=VERTEX_POINT('',#5189);
#1517=VERTEX_POINT('',#5204);
#1518=VERTEX_POINT('',#5206);
#1519=VERTEX_POINT('',#5211);
#1520=VERTEX_POINT('',#5219);
#1521=VERTEX_POINT('',#5223);
#1522=VERTEX_POINT('',#5229);
#1523=VERTEX_POINT('',#5231);
#1524=VERTEX_POINT('',#5238);
#1525=VERTEX_POINT('',#5240);
#1526=VERTEX_POINT('',#5247);
#1527=VERTEX_POINT('',#5249);
#1528=VERTEX_POINT('',#5256);
#1529=VERTEX_POINT('',#5258);
#1530=VERTEX_POINT('',#5274);
#1531=VERTEX_POINT('',#5278);
#1532=VERTEX_POINT('',#5279);
#1533=VERTEX_POINT('',#5282);
#1534=VERTEX_POINT('',#5288);
#1535=VERTEX_POINT('',#5338);
#1536=VERTEX_POINT('',#5339);
#1537=VERTEX_POINT('',#5341);
#1538=VERTEX_POINT('',#5343);
#1539=VERTEX_POINT('',#5347);
#1540=VERTEX_POINT('',#5349);
#1541=VERTEX_POINT('',#5357);
#1542=VERTEX_POINT('',#5359);
#1543=VERTEX_POINT('',#5364);
#1544=VERTEX_POINT('',#5366);
#1545=VERTEX_POINT('',#5370);
#1546=VERTEX_POINT('',#5375);
#1547=VERTEX_POINT('',#5377);
#1548=VERTEX_POINT('',#5384);
#1549=VERTEX_POINT('',#5386);
#1550=VERTEX_POINT('',#5392);
#1551=VERTEX_POINT('',#5399);
#1552=VERTEX_POINT('',#5400);
#1553=VERTEX_POINT('',#5403);
#1554=VERTEX_POINT('',#5405);
#1555=VERTEX_POINT('',#5409);
#1556=VERTEX_POINT('',#5411);
#1557=VERTEX_POINT('',#5415);
#1558=VERTEX_POINT('',#5421);
#1559=VERTEX_POINT('',#5425);
#1560=VERTEX_POINT('',#5427);
#1561=VERTEX_POINT('',#5429);
#1562=VERTEX_POINT('',#5431);
#1563=VERTEX_POINT('',#5435);
#1564=VERTEX_POINT('',#5437);
#1565=VERTEX_POINT('',#5443);
#1566=VERTEX_POINT('',#5444);
#1567=VERTEX_POINT('',#5472);
#1568=VERTEX_POINT('',#5474);
#1569=VERTEX_POINT('',#5476);
#1570=VERTEX_POINT('',#5478);
#1571=VERTEX_POINT('',#5482);
#1572=VERTEX_POINT('',#5484);
#1573=VERTEX_POINT('',#5488);
#1574=VERTEX_POINT('',#5490);
#1575=VERTEX_POINT('',#5495);
#1576=VERTEX_POINT('',#5512);
#1577=VERTEX_POINT('',#5526);
#1578=VERTEX_POINT('',#5527);
#1579=VERTEX_POINT('',#5529);
#1580=VERTEX_POINT('',#5532);
#1581=VERTEX_POINT('',#5536);
#1582=VERTEX_POINT('',#5538);
#1583=VERTEX_POINT('',#5542);
#1584=VERTEX_POINT('',#5544);
#1585=VERTEX_POINT('',#5549);
#1586=VERTEX_POINT('',#5565);
#1587=EDGE_CURVE('',#1267,#1268,#465,.T.);
#1588=EDGE_CURVE('',#1269,#1267,#466,.F.);
#1589=EDGE_CURVE('',#1270,#1269,#467,.F.);
#1590=EDGE_CURVE('',#1271,#1270,#468,.F.);
#1591=EDGE_CURVE('',#1272,#1271,#469,.F.);
#1592=EDGE_CURVE('',#1273,#1272,#470,.F.);
#1593=EDGE_CURVE('',#1268,#1273,#471,.F.);
#1594=EDGE_CURVE('',#1274,#1274,#90,.T.);
#1595=EDGE_CURVE('',#1274,#1275,#472,.T.);
#1596=EDGE_CURVE('',#1275,#1276,#66,.T.);
#1597=EDGE_CURVE('',#1276,#1277,#67,.T.);
#1598=EDGE_CURVE('',#1277,#1278,#68,.T.);
#1599=EDGE_CURVE('',#1278,#1279,#473,.T.);
#1600=EDGE_CURVE('',#1279,#1279,#91,.T.);
#1601=EDGE_CURVE('',#1278,#1275,#69,.T.);
#1602=EDGE_CURVE('',#1280,#1281,#474,.T.);
#1603=EDGE_CURVE('',#1280,#1282,#475,.T.);
#1604=EDGE_CURVE('',#1282,#1283,#476,.T.);
#1605=EDGE_CURVE('',#1284,#1283,#477,.T.);
#1606=EDGE_CURVE('',#1284,#1285,#478,.T.);
#1607=EDGE_CURVE('',#1285,#1281,#479,.T.);
#1608=EDGE_CURVE('',#1286,#1287,#480,.T.);
#1609=EDGE_CURVE('',#1288,#1287,#36,.T.);
#1610=EDGE_CURVE('',#1289,#1288,#37,.T.);
#1611=EDGE_CURVE('',#1289,#1290,#481,.T.);
#1612=EDGE_CURVE('',#1290,#1291,#482,.T.);
#1613=EDGE_CURVE('',#1292,#1291,#483,.T.);
#1614=EDGE_CURVE('',#1292,#1293,#484,.T.);
#1615=EDGE_CURVE('',#1286,#1293,#485,.T.);
#1616=EDGE_CURVE('',#1294,#1295,#486,.T.);
#1617=EDGE_CURVE('',#1295,#1296,#487,.T.);
#1618=EDGE_CURVE('',#1296,#1297,#488,.T.);
#1619=EDGE_CURVE('',#1297,#1298,#489,.T.);
#1620=EDGE_CURVE('',#1298,#1299,#490,.T.);
#1621=EDGE_CURVE('',#1299,#1300,#491,.T.);
#1622=EDGE_CURVE('',#1300,#1301,#492,.T.);
#1623=EDGE_CURVE('',#1301,#1302,#493,.T.);
#1624=EDGE_CURVE('',#1302,#1303,#494,.T.);
#1625=EDGE_CURVE('',#1303,#1304,#495,.T.);
#1626=EDGE_CURVE('',#1304,#1294,#496,.T.);
#1627=EDGE_CURVE('',#1305,#1306,#497,.T.);
#1628=EDGE_CURVE('',#1306,#1307,#498,.T.);
#1629=EDGE_CURVE('',#1307,#1308,#499,.T.);
#1630=EDGE_CURVE('',#1308,#1309,#500,.T.);
#1631=EDGE_CURVE('',#1309,#1310,#501,.T.);
#1632=EDGE_CURVE('',#1310,#1311,#502,.T.);
#1633=EDGE_CURVE('',#1311,#1305,#503,.T.);
#1634=EDGE_CURVE('',#1312,#1313,#504,.T.);
#1635=EDGE_CURVE('',#1312,#1296,#505,.T.);
#1636=EDGE_CURVE('',#1314,#1295,#506,.T.);
#1637=EDGE_CURVE('',#1313,#1314,#507,.T.);
#1638=EDGE_CURVE('',#1315,#1280,#508,.T.);
#1639=EDGE_CURVE('',#1316,#1315,#509,.T.);
#1640=EDGE_CURVE('',#1316,#1282,#510,.T.);
#1641=EDGE_CURVE('',#1317,#1318,#511,.T.);
#1642=EDGE_CURVE('',#1318,#1319,#512,.T.);
#1643=EDGE_CURVE('',#1319,#1320,#513,.T.);
#1644=EDGE_CURVE('',#1320,#1321,#514,.T.);
#1645=EDGE_CURVE('',#1321,#1322,#515,.T.);
#1646=EDGE_CURVE('',#1322,#1323,#516,.T.);
#1647=EDGE_CURVE('',#1323,#1324,#517,.T.);
#1648=EDGE_CURVE('',#1324,#1325,#518,.T.);
#1649=EDGE_CURVE('',#1325,#1326,#519,.T.);
#1650=EDGE_CURVE('',#1326,#1327,#520,.T.);
#1651=EDGE_CURVE('',#1327,#1317,#521,.T.);
#1652=EDGE_CURVE('',#1328,#1329,#522,.T.);
#1653=EDGE_CURVE('',#1328,#1330,#523,.F.);
#1654=EDGE_CURVE('',#1330,#1331,#524,.F.);
#1655=EDGE_CURVE('',#1331,#1332,#525,.F.);
#1656=EDGE_CURVE('',#1333,#1332,#526,.T.);
#1657=EDGE_CURVE('',#1334,#1333,#527,.T.);
#1658=EDGE_CURVE('',#1334,#1335,#528,.T.);
#1659=EDGE_CURVE('',#1336,#1335,#529,.T.);
#1660=EDGE_CURVE('',#1336,#1337,#530,.T.);
#1661=EDGE_CURVE('',#1337,#1338,#531,.T.);
#1662=EDGE_CURVE('',#1338,#1339,#532,.T.);
#1663=EDGE_CURVE('',#1339,#1340,#533,.T.);
#1664=EDGE_CURVE('',#1340,#1341,#534,.T.);
#1665=EDGE_CURVE('',#1341,#1342,#535,.T.);
#1666=EDGE_CURVE('',#1342,#1343,#536,.T.);
#1667=EDGE_CURVE('',#1343,#1344,#537,.T.);
#1668=EDGE_CURVE('',#1345,#1344,#538,.T.);
#1669=EDGE_CURVE('',#1345,#1346,#539,.T.);
#1670=EDGE_CURVE('',#1347,#1346,#540,.T.);
#1671=EDGE_CURVE('',#1348,#1347,#541,.T.);
#1672=EDGE_CURVE('',#1349,#1348,#542,.T.);
#1673=EDGE_CURVE('',#1329,#1349,#543,.T.);
#1674=EDGE_CURVE('',#1350,#1350,#92,.T.);
#1675=EDGE_CURVE('',#1351,#1352,#544,.T.);
#1676=EDGE_CURVE('',#1353,#1351,#545,.T.);
#1677=EDGE_CURVE('',#1354,#1353,#546,.T.);
#1678=EDGE_CURVE('',#1355,#1354,#547,.T.);
#1679=EDGE_CURVE('',#1356,#1355,#548,.T.);
#1680=EDGE_CURVE('',#1357,#1356,#549,.T.);
#1681=EDGE_CURVE('',#1357,#1358,#550,.T.);
#1682=EDGE_CURVE('',#1359,#1358,#551,.T.);
#1683=EDGE_CURVE('',#1360,#1359,#552,.T.);
#1684=EDGE_CURVE('',#1361,#1360,#553,.T.);
#1685=EDGE_CURVE('',#1362,#1361,#554,.T.);
#1686=EDGE_CURVE('',#1363,#1362,#555,.T.);
#1687=EDGE_CURVE('',#1364,#1363,#556,.T.);
#1688=EDGE_CURVE('',#1365,#1364,#557,.T.);
#1689=EDGE_CURVE('',#1366,#1365,#558,.T.);
#1690=EDGE_CURVE('',#1366,#1367,#559,.T.);
#1691=EDGE_CURVE('',#1367,#1368,#560,.T.);
#1692=EDGE_CURVE('',#1368,#1369,#561,.T.);
#1693=EDGE_CURVE('',#1370,#1369,#562,.T.);
#1694=EDGE_CURVE('',#1352,#1370,#563,.T.);
#1695=EDGE_CURVE('',#1371,#1372,#564,.T.);
#1696=EDGE_CURVE('',#1372,#1373,#565,.T.);
#1697=EDGE_CURVE('',#1373,#1374,#93,.T.);
#1698=EDGE_CURVE('',#1374,#1375,#70,.T.);
#1699=EDGE_CURVE('',#1375,#1376,#94,.T.);
#1700=EDGE_CURVE('',#1376,#1377,#71,.T.);
#1701=EDGE_CURVE('',#1377,#1378,#95,.T.);
#1702=EDGE_CURVE('',#1378,#1379,#72,.T.);
#1703=EDGE_CURVE('',#1379,#1380,#96,.T.);
#1704=EDGE_CURVE('',#1380,#1381,#73,.T.);
#1705=EDGE_CURVE('',#1381,#1382,#97,.T.);
#1706=EDGE_CURVE('',#1382,#1383,#566,.T.);
#1707=EDGE_CURVE('',#1383,#1384,#567,.T.);
#1708=EDGE_CURVE('',#1384,#1385,#568,.T.);
#1709=EDGE_CURVE('',#1385,#1386,#569,.T.);
#1710=EDGE_CURVE('',#1386,#1387,#98,.T.);
#1711=EDGE_CURVE('',#1387,#1388,#99,.T.);
#1712=EDGE_CURVE('',#1388,#1389,#74,.T.);
#1713=EDGE_CURVE('',#1389,#1390,#100,.T.);
#1714=EDGE_CURVE('',#1390,#1391,#75,.T.);
#1715=EDGE_CURVE('',#1391,#1392,#101,.T.);
#1716=EDGE_CURVE('',#1392,#1393,#76,.T.);
#1717=EDGE_CURVE('',#1393,#1394,#102,.T.);
#1718=EDGE_CURVE('',#1394,#1395,#77,.T.);
#1719=EDGE_CURVE('',#1395,#1396,#103,.T.);
#1720=EDGE_CURVE('',#1396,#1397,#104,.T.);
#1721=EDGE_CURVE('',#1397,#1398,#570,.T.);
#1722=EDGE_CURVE('',#1398,#1371,#571,.T.);
#1723=EDGE_CURVE('',#1399,#1347,#572,.T.);
#1724=EDGE_CURVE('',#1399,#1400,#573,.T.);
#1725=EDGE_CURVE('',#1400,#1401,#574,.T.);
#1726=EDGE_CURVE('',#1401,#1327,#575,.T.);
#1727=EDGE_CURVE('',#1326,#1402,#576,.T.);
#1728=EDGE_CURVE('',#1402,#1403,#577,.T.);
#1729=EDGE_CURVE('',#1403,#1316,#578,.T.);
#1730=EDGE_CURVE('',#1315,#1404,#579,.T.);
#1731=EDGE_CURVE('',#1348,#1404,#580,.T.);
#1732=EDGE_CURVE('',#1405,#1406,#581,.T.);
#1733=EDGE_CURVE('',#1406,#1407,#105,.T.);
#1734=EDGE_CURVE('',#1407,#1312,#582,.T.);
#1735=EDGE_CURVE('',#1313,#1408,#583,.T.);
#1736=EDGE_CURVE('',#1408,#1409,#584,.T.);
#1737=EDGE_CURVE('',#1409,#1410,#585,.T.);
#1738=EDGE_CURVE('',#1410,#1411,#586,.T.);
#1739=EDGE_CURVE('',#1411,#1412,#587,.T.);
#1740=EDGE_CURVE('',#1412,#1413,#588,.T.);
#1741=EDGE_CURVE('',#1413,#1414,#589,.T.);
#1742=EDGE_CURVE('',#1414,#1405,#590,.T.);
#1743=EDGE_CURVE('',#1277,#1415,#106,.T.);
#1744=EDGE_CURVE('',#1415,#1276,#107,.T.);
#1745=EDGE_CURVE('',#1415,#1416,#591,.T.);
#1746=EDGE_CURVE('',#1417,#1416,#38,.T.);
#1747=EDGE_CURVE('',#1407,#1417,#39,.T.);
#1748=EDGE_CURVE('',#1418,#1406,#40,.T.);
#1749=EDGE_CURVE('',#1416,#1418,#41,.T.);
#1750=EDGE_CURVE('',#1419,#1419,#108,.T.);
#1751=EDGE_CURVE('',#1419,#1415,#592,.T.);
#1752=EDGE_CURVE('',#1420,#1421,#593,.T.);
#1753=EDGE_CURVE('',#1421,#1422,#594,.T.);
#1754=EDGE_CURVE('',#1422,#1423,#595,.T.);
#1755=EDGE_CURVE('',#1370,#1423,#596,.T.);
#1756=EDGE_CURVE('',#1369,#1424,#597,.T.);
#1757=EDGE_CURVE('',#1425,#1424,#598,.T.);
#1758=EDGE_CURVE('',#1426,#1425,#599,.T.);
#1759=EDGE_CURVE('',#1344,#1426,#600,.T.);
#1760=EDGE_CURVE('',#1343,#1420,#601,.F.);
#1761=EDGE_CURVE('',#1427,#1427,#109,.T.);
#1762=EDGE_CURVE('',#1342,#1428,#602,.F.);
#1763=EDGE_CURVE('',#1428,#1420,#603,.T.);
#1764=EDGE_CURVE('',#1350,#1429,#604,.T.);
#1765=EDGE_CURVE('',#1429,#1430,#78,.T.);
#1766=EDGE_CURVE('',#1430,#1431,#79,.T.);
#1767=EDGE_CURVE('',#1431,#1432,#80,.T.);
#1768=EDGE_CURVE('',#1432,#1433,#605,.T.);
#1769=EDGE_CURVE('',#1433,#1433,#110,.T.);
#1770=EDGE_CURVE('',#1432,#1429,#81,.T.);
#1771=EDGE_CURVE('',#1434,#1435,#606,.T.);
#1772=EDGE_CURVE('',#1435,#1436,#607,.T.);
#1773=EDGE_CURVE('',#1436,#1437,#608,.T.);
#1774=EDGE_CURVE('',#1438,#1437,#609,.T.);
#1775=EDGE_CURVE('',#1439,#1438,#42,.T.);
#1776=EDGE_CURVE('',#1440,#1439,#43,.T.);
#1777=EDGE_CURVE('',#1440,#1441,#610,.T.);
#1778=EDGE_CURVE('',#1434,#1441,#611,.T.);
#1779=EDGE_CURVE('',#1442,#1443,#612,.T.);
#1780=EDGE_CURVE('',#1444,#1442,#613,.T.);
#1781=EDGE_CURVE('',#1445,#1444,#614,.T.);
#1782=EDGE_CURVE('',#1446,#1445,#615,.T.);
#1783=EDGE_CURVE('',#1447,#1446,#616,.T.);
#1784=EDGE_CURVE('',#1448,#1447,#617,.T.);
#1785=EDGE_CURVE('',#1449,#1448,#618,.T.);
#1786=EDGE_CURVE('',#1450,#1449,#619,.T.);
#1787=EDGE_CURVE('',#1451,#1450,#620,.T.);
#1788=EDGE_CURVE('',#1452,#1451,#621,.T.);
#1789=EDGE_CURVE('',#1443,#1452,#622,.T.);
#1790=EDGE_CURVE('',#1453,#1454,#623,.T.);
#1791=EDGE_CURVE('',#1454,#1455,#624,.T.);
#1792=EDGE_CURVE('',#1455,#1456,#625,.T.);
#1793=EDGE_CURVE('',#1456,#1457,#626,.T.);
#1794=EDGE_CURVE('',#1457,#1458,#627,.T.);
#1795=EDGE_CURVE('',#1458,#1459,#628,.T.);
#1796=EDGE_CURVE('',#1459,#1453,#629,.T.);
#1797=EDGE_CURVE('',#1460,#1461,#630,.T.);
#1798=EDGE_CURVE('',#1461,#1322,#631,.T.);
#1799=EDGE_CURVE('',#1321,#1462,#632,.T.);
#1800=EDGE_CURVE('',#1462,#1463,#633,.T.);
#1801=EDGE_CURVE('',#1463,#1464,#634,.T.);
#1802=EDGE_CURVE('',#1464,#1465,#635,.T.);
#1803=EDGE_CURVE('',#1465,#1466,#636,.T.);
#1804=EDGE_CURVE('',#1466,#1467,#637,.T.);
#1805=EDGE_CURVE('',#1467,#1468,#638,.T.);
#1806=EDGE_CURVE('',#1468,#1460,#639,.T.);
#1807=EDGE_CURVE('',#1469,#1470,#640,.T.);
#1808=EDGE_CURVE('',#1281,#1469,#641,.T.);
#1809=EDGE_CURVE('',#1285,#1470,#642,.T.);
#1810=EDGE_CURVE('',#1471,#1451,#643,.T.);
#1811=EDGE_CURVE('',#1472,#1471,#644,.T.);
#1812=EDGE_CURVE('',#1472,#1473,#645,.T.);
#1813=EDGE_CURVE('',#1473,#1452,#646,.T.);
#1814=EDGE_CURVE('',#1470,#1474,#647,.T.);
#1815=EDGE_CURVE('',#1474,#1475,#648,.T.);
#1816=EDGE_CURVE('',#1475,#1467,#649,.T.);
#1817=EDGE_CURVE('',#1466,#1476,#650,.T.);
#1818=EDGE_CURVE('',#1476,#1477,#651,.T.);
#1819=EDGE_CURVE('',#1477,#1478,#652,.T.);
#1820=EDGE_CURVE('',#1333,#1478,#653,.T.);
#1821=EDGE_CURVE('',#1332,#1479,#654,.T.);
#1822=EDGE_CURVE('',#1479,#1469,#655,.T.);
#1823=EDGE_CURVE('',#1471,#1480,#656,.T.);
#1824=EDGE_CURVE('',#1480,#1481,#111,.T.);
#1825=EDGE_CURVE('',#1481,#1482,#657,.T.);
#1826=EDGE_CURVE('',#1482,#1483,#658,.T.);
#1827=EDGE_CURVE('',#1483,#1484,#659,.T.);
#1828=EDGE_CURVE('',#1484,#1485,#660,.T.);
#1829=EDGE_CURVE('',#1485,#1486,#661,.T.);
#1830=EDGE_CURVE('',#1486,#1487,#662,.T.);
#1831=EDGE_CURVE('',#1487,#1488,#663,.T.);
#1832=EDGE_CURVE('',#1488,#1489,#664,.T.);
#1833=EDGE_CURVE('',#1489,#1472,#665,.T.);
#1834=EDGE_CURVE('',#1431,#1490,#112,.T.);
#1835=EDGE_CURVE('',#1490,#1491,#666,.T.);
#1836=EDGE_CURVE('',#1492,#1491,#44,.T.);
#1837=EDGE_CURVE('',#1481,#1492,#45,.T.);
#1838=EDGE_CURVE('',#1493,#1480,#46,.T.);
#1839=EDGE_CURVE('',#1491,#1493,#47,.T.);
#1840=EDGE_CURVE('',#1490,#1430,#113,.T.);
#1841=EDGE_CURVE('',#1490,#1494,#667,.T.);
#1842=EDGE_CURVE('',#1494,#1494,#114,.T.);
#1843=EDGE_CURVE('',#1495,#1496,#668,.T.);
#1844=EDGE_CURVE('',#1496,#1497,#669,.T.);
#1845=EDGE_CURVE('',#1497,#1337,#670,.F.);
#1846=EDGE_CURVE('',#1498,#1336,#671,.T.);
#1847=EDGE_CURVE('',#1499,#1498,#672,.T.);
#1848=EDGE_CURVE('',#1499,#1500,#673,.T.);
#1849=EDGE_CURVE('',#1500,#1366,#674,.T.);
#1850=EDGE_CURVE('',#1365,#1501,#675,.T.);
#1851=EDGE_CURVE('',#1501,#1495,#676,.T.);
#1852=EDGE_CURVE('',#1502,#1502,#115,.T.);
#1853=EDGE_CURVE('',#1497,#1503,#677,.T.);
#1854=EDGE_CURVE('',#1338,#1503,#678,.T.);
#1855=EDGE_CURVE('',#1502,#1494,#679,.T.);
#1856=EDGE_CURVE('',#1427,#1419,#680,.T.);
#1857=EDGE_CURVE('',#1385,#1504,#681,.T.);
#1858=EDGE_CURVE('',#1386,#1504,#48,.T.);
#1859=EDGE_CURVE('',#1505,#1397,#49,.T.);
#1860=EDGE_CURVE('',#1398,#1505,#682,.T.);
#1861=EDGE_CURVE('',#1493,#1450,#683,.T.);
#1862=EDGE_CURVE('',#1506,#1449,#684,.T.);
#1863=EDGE_CURVE('',#1492,#1506,#685,.T.);
#1864=EDGE_CURVE('',#1507,#1298,#686,.T.);
#1865=EDGE_CURVE('',#1418,#1507,#687,.T.);
#1866=EDGE_CURVE('',#1405,#1299,#688,.T.);
#1867=EDGE_CURVE('',#1396,#1288,#689,.T.);
#1868=EDGE_CURVE('',#1287,#1508,#50,.T.);
#1869=EDGE_CURVE('',#1505,#1508,#690,.T.);
#1870=EDGE_CURVE('',#1395,#1509,#691,.T.);
#1871=EDGE_CURVE('',#1509,#1289,#51,.T.);
#1872=EDGE_CURVE('',#1394,#1510,#692,.T.);
#1873=EDGE_CURVE('',#1510,#1509,#82,.T.);
#1874=EDGE_CURVE('',#1511,#1393,#693,.T.);
#1875=EDGE_CURVE('',#1511,#1510,#52,.T.);
#1876=EDGE_CURVE('',#1392,#1512,#694,.T.);
#1877=EDGE_CURVE('',#1512,#1511,#83,.T.);
#1878=EDGE_CURVE('',#1391,#1513,#695,.T.);
#1879=EDGE_CURVE('',#1513,#1512,#53,.T.);
#1880=EDGE_CURVE('',#1390,#1514,#696,.T.);
#1881=EDGE_CURVE('',#1514,#1513,#84,.T.);
#1882=EDGE_CURVE('',#1389,#1515,#697,.T.);
#1883=EDGE_CURVE('',#1515,#1514,#54,.T.);
#1884=EDGE_CURVE('',#1388,#1516,#698,.T.);
#1885=EDGE_CURVE('',#1516,#1515,#85,.T.);
#1886=EDGE_CURVE('',#1437,#1462,#699,.T.);
#1887=EDGE_CURVE('',#1436,#1463,#700,.F.);
#1888=EDGE_CURVE('',#1291,#1319,#701,.T.);
#1889=EDGE_CURVE('',#1290,#1320,#702,.F.);
#1890=EDGE_CURVE('',#1383,#1517,#703,.T.);
#1891=EDGE_CURVE('',#1518,#1517,#55,.T.);
#1892=EDGE_CURVE('',#1435,#1518,#704,.T.);
#1893=EDGE_CURVE('',#1384,#1434,#705,.T.);
#1894=EDGE_CURVE('',#1519,#1440,#56,.T.);
#1895=EDGE_CURVE('',#1519,#1441,#706,.T.);
#1896=EDGE_CURVE('',#1508,#1286,#707,.T.);
#1897=EDGE_CURVE('',#1517,#1382,#57,.T.);
#1898=EDGE_CURVE('',#1373,#1520,#58,.T.);
#1899=EDGE_CURVE('',#1520,#1372,#708,.T.);
#1900=EDGE_CURVE('',#1520,#1521,#59,.T.);
#1901=EDGE_CURVE('',#1371,#1293,#709,.T.);
#1902=EDGE_CURVE('',#1521,#1292,#710,.T.);
#1903=EDGE_CURVE('',#1464,#1318,#711,.T.);
#1904=EDGE_CURVE('',#1522,#1518,#60,.T.);
#1905=EDGE_CURVE('',#1523,#1522,#86,.T.);
#1906=EDGE_CURVE('',#1524,#1523,#61,.T.);
#1907=EDGE_CURVE('',#1525,#1524,#87,.T.);
#1908=EDGE_CURVE('',#1526,#1525,#62,.T.);
#1909=EDGE_CURVE('',#1527,#1526,#88,.T.);
#1910=EDGE_CURVE('',#1528,#1527,#63,.T.);
#1911=EDGE_CURVE('',#1529,#1528,#89,.T.);
#1912=EDGE_CURVE('',#1521,#1529,#64,.T.);
#1913=EDGE_CURVE('',#1504,#1519,#712,.T.);
#1914=EDGE_CURVE('',#1387,#1439,#713,.T.);
#1915=EDGE_CURVE('',#1438,#1516,#65,.T.);
#1916=EDGE_CURVE('',#1368,#1530,#714,.T.);
#1917=EDGE_CURVE('',#1424,#1530,#715,.T.);
#1918=EDGE_CURVE('',#1531,#1532,#716,.T.);
#1919=EDGE_CURVE('',#1530,#1532,#717,.T.);
#1920=EDGE_CURVE('',#1533,#1367,#718,.T.);
#1921=EDGE_CURVE('',#1531,#1533,#719,.T.);
#1922=EDGE_CURVE('',#1533,#1500,#720,.T.);
#1923=EDGE_CURVE('',#1534,#1357,#721,.T.);
#1924=EDGE_CURVE('',#1358,#1534,#722,.T.);
#1925=EDGE_CURVE('',#1381,#1522,#723,.T.);
#1926=EDGE_CURVE('',#1380,#1523,#724,.T.);
#1927=EDGE_CURVE('',#1379,#1524,#725,.T.);
#1928=EDGE_CURVE('',#1378,#1525,#726,.T.);
#1929=EDGE_CURVE('',#1377,#1526,#727,.T.);
#1930=EDGE_CURVE('',#1376,#1527,#728,.T.);
#1931=EDGE_CURVE('',#1375,#1528,#729,.T.);
#1932=EDGE_CURVE('',#1374,#1529,#730,.T.);
#1933=EDGE_CURVE('',#1535,#1536,#731,.T.);
#1934=EDGE_CURVE('',#1535,#1537,#732,.T.);
#1935=EDGE_CURVE('',#1538,#1537,#733,.T.);
#1936=EDGE_CURVE('',#1536,#1538,#734,.T.);
#1937=EDGE_CURVE('',#1537,#1539,#735,.T.);
#1938=EDGE_CURVE('',#1535,#1540,#736,.T.);
#1939=EDGE_CURVE('',#1540,#1539,#737,.T.);
#1940=EDGE_CURVE('',#1423,#1352,#738,.T.);
#1941=EDGE_CURVE('',#1425,#1532,#739,.T.);
#1942=EDGE_CURVE('',#1531,#1499,#740,.T.);
#1943=EDGE_CURVE('',#1541,#1498,#741,.T.);
#1944=EDGE_CURVE('',#1542,#1541,#742,.T.);
#1945=EDGE_CURVE('',#1478,#1542,#743,.T.);
#1946=EDGE_CURVE('',#1540,#1477,#744,.T.);
#1947=EDGE_CURVE('',#1536,#1400,#745,.T.);
#1948=EDGE_CURVE('',#1543,#1399,#746,.T.);
#1949=EDGE_CURVE('',#1544,#1543,#747,.T.);
#1950=EDGE_CURVE('',#1426,#1544,#748,.T.);
#1951=EDGE_CURVE('',#1545,#1353,#749,.T.);
#1952=EDGE_CURVE('',#1545,#1354,#750,.T.);
#1953=EDGE_CURVE('',#1340,#1534,#751,.T.);
#1954=EDGE_CURVE('',#1356,#1546,#752,.T.);
#1955=EDGE_CURVE('',#1546,#1547,#753,.T.);
#1956=EDGE_CURVE('',#1341,#1547,#754,.T.);
#1957=EDGE_CURVE('',#1364,#1501,#755,.T.);
#1958=EDGE_CURVE('',#1339,#1548,#756,.T.);
#1959=EDGE_CURVE('',#1548,#1549,#757,.T.);
#1960=EDGE_CURVE('',#1549,#1359,#758,.T.);
#1961=EDGE_CURVE('',#1495,#1363,#759,.T.);
#1962=EDGE_CURVE('',#1550,#1362,#760,.T.);
#1963=EDGE_CURVE('',#1360,#1550,#761,.T.);
#1964=EDGE_CURVE('',#1496,#1549,#762,.T.);
#1965=EDGE_CURVE('',#1361,#1550,#763,.T.);
#1966=EDGE_CURVE('',#1551,#1552,#764,.T.);
#1967=EDGE_CURVE('',#1552,#1541,#765,.T.);
#1968=EDGE_CURVE('',#1335,#1553,#766,.T.);
#1969=EDGE_CURVE('',#1553,#1554,#767,.T.);
#1970=EDGE_CURVE('',#1554,#1551,#768,.T.);
#1971=EDGE_CURVE('',#1555,#1554,#769,.T.);
#1972=EDGE_CURVE('',#1556,#1555,#770,.T.);
#1973=EDGE_CURVE('',#1556,#1551,#771,.T.);
#1974=EDGE_CURVE('',#1555,#1557,#772,.T.);
#1975=EDGE_CURVE('',#1557,#1553,#773,.T.);
#1976=EDGE_CURVE('',#1557,#1334,#774,.T.);
#1977=EDGE_CURVE('',#1542,#1558,#775,.T.);
#1978=EDGE_CURVE('',#1558,#1556,#776,.T.);
#1979=EDGE_CURVE('',#1544,#1559,#777,.T.);
#1980=EDGE_CURVE('',#1559,#1560,#778,.T.);
#1981=EDGE_CURVE('',#1560,#1561,#779,.T.);
#1982=EDGE_CURVE('',#1561,#1562,#780,.T.);
#1983=EDGE_CURVE('',#1562,#1345,#781,.T.);
#1984=EDGE_CURVE('',#1559,#1563,#782,.T.);
#1985=EDGE_CURVE('',#1564,#1563,#783,.T.);
#1986=EDGE_CURVE('',#1560,#1564,#784,.T.);
#1987=EDGE_CURVE('',#1563,#1543,#785,.T.);
#1988=EDGE_CURVE('',#1565,#1566,#786,.T.);
#1989=EDGE_CURVE('',#1566,#1564,#787,.T.);
#1990=EDGE_CURVE('',#1346,#1565,#788,.T.);
#1991=EDGE_CURVE('',#1561,#1566,#789,.T.);
#1992=EDGE_CURVE('',#1562,#1565,#790,.T.);
#1993=EDGE_CURVE('',#1428,#1547,#791,.T.);
#1994=EDGE_CURVE('',#1421,#1546,#792,.F.);
#1995=EDGE_CURVE('',#1548,#1503,#793,.T.);
#1996=EDGE_CURVE('',#1545,#1355,#794,.T.);
#1997=EDGE_CURVE('',#1422,#1351,#795,.T.);
#1998=EDGE_CURVE('',#1539,#1476,#796,.T.);
#1999=EDGE_CURVE('',#1476,#1465,#797,.T.);
#2000=EDGE_CURVE('',#1317,#1401,#798,.T.);
#2001=EDGE_CURVE('',#1401,#1538,#799,.T.);
#2002=EDGE_CURVE('',#1458,#1567,#800,.T.);
#2003=EDGE_CURVE('',#1568,#1567,#801,.T.);
#2004=EDGE_CURVE('',#1569,#1568,#802,.T.);
#2005=EDGE_CURVE('',#1569,#1570,#803,.T.);
#2006=EDGE_CURVE('',#1459,#1570,#804,.T.);
#2007=EDGE_CURVE('',#1567,#1571,#805,.T.);
#2008=EDGE_CURVE('',#1457,#1572,#806,.T.);
#2009=EDGE_CURVE('',#1572,#1571,#807,.T.);
#2010=EDGE_CURVE('',#1571,#1573,#808,.T.);
#2011=EDGE_CURVE('',#1574,#1572,#809,.T.);
#2012=EDGE_CURVE('',#1573,#1574,#810,.T.);
#2013=EDGE_CURVE('',#1454,#1568,#811,.T.);
#2014=EDGE_CURVE('',#1453,#1575,#812,.T.);
#2015=EDGE_CURVE('',#1575,#1569,#813,.T.);
#2016=EDGE_CURVE('',#1455,#1573,#814,.T.);
#2017=EDGE_CURVE('',#1456,#1574,#815,.T.);
#2018=EDGE_CURVE('',#1570,#1575,#816,.T.);
#2019=EDGE_CURVE('',#1483,#1447,#817,.T.);
#2020=EDGE_CURVE('',#1482,#1448,#818,.T.);
#2021=EDGE_CURVE('',#1484,#1446,#819,.T.);
#2022=EDGE_CURVE('',#1485,#1576,#820,.T.);
#2023=EDGE_CURVE('',#1576,#1445,#821,.T.);
#2024=EDGE_CURVE('',#1486,#1444,#822,.T.);
#2025=EDGE_CURVE('',#1487,#1442,#823,.T.);
#2026=EDGE_CURVE('',#1488,#1443,#824,.T.);
#2027=EDGE_CURVE('',#1489,#1473,#825,.T.);
#2028=EDGE_CURVE('',#1577,#1578,#826,.T.);
#2029=EDGE_CURVE('',#1578,#1579,#827,.T.);
#2030=EDGE_CURVE('',#1309,#1579,#828,.T.);
#2031=EDGE_CURVE('',#1308,#1580,#829,.T.);
#2032=EDGE_CURVE('',#1577,#1580,#830,.T.);
#2033=EDGE_CURVE('',#1579,#1581,#831,.T.);
#2034=EDGE_CURVE('',#1582,#1581,#832,.T.);
#2035=EDGE_CURVE('',#1310,#1582,#833,.T.);
#2036=EDGE_CURVE('',#1581,#1583,#834,.T.);
#2037=EDGE_CURVE('',#1583,#1584,#835,.T.);
#2038=EDGE_CURVE('',#1584,#1582,#836,.T.);
#2039=EDGE_CURVE('',#1306,#1578,#837,.T.);
#2040=EDGE_CURVE('',#1585,#1577,#838,.T.);
#2041=EDGE_CURVE('',#1307,#1585,#839,.T.);
#2042=EDGE_CURVE('',#1305,#1583,#840,.T.);
#2043=EDGE_CURVE('',#1311,#1584,#841,.T.);
#2044=EDGE_CURVE('',#1580,#1585,#842,.T.);
#2045=EDGE_CURVE('',#1414,#1300,#843,.T.);
#2046=EDGE_CURVE('',#1413,#1301,#844,.T.);
#2047=EDGE_CURVE('',#1412,#1586,#845,.T.);
#2048=EDGE_CURVE('',#1586,#1302,#846,.T.);
#2049=EDGE_CURVE('',#1411,#1303,#847,.T.);
#2050=EDGE_CURVE('',#1410,#1304,#848,.T.);
#2051=EDGE_CURVE('',#1409,#1294,#849,.T.);
#2052=EDGE_CURVE('',#1408,#1314,#850,.T.);
#2053=EDGE_CURVE('',#1417,#1297,#851,.T.);
#2054=EDGE_CURVE('',#1558,#1552,#852,.T.);
#2055=EDGE_CURVE('',#1283,#1323,#853,.T.);
#2056=EDGE_CURVE('',#1324,#1403,#854,.T.);
#2057=EDGE_CURVE('',#1461,#1284,#855,.T.);
#2058=EDGE_CURVE('',#1474,#1460,#856,.T.);
#2059=EDGE_CURVE('',#1268,#1404,#857,.T.);
#2060=EDGE_CURVE('',#1479,#1267,#858,.T.);
#2061=EDGE_CURVE('',#1468,#1475,#859,.T.);
#2062=EDGE_CURVE('',#1325,#1402,#860,.T.);
#2063=EDGE_CURVE('',#1349,#1273,#861,.T.);
#2064=EDGE_CURVE('',#1331,#1269,#862,.T.);
#2065=EDGE_CURVE('',#1330,#1270,#863,.F.);
#2066=EDGE_CURVE('',#1328,#1271,#864,.F.);
#2067=EDGE_CURVE('',#1329,#1272,#865,.F.);
#2068=ORIENTED_EDGE('',*,*,#1587,.F.);
#2069=ORIENTED_EDGE('',*,*,#1588,.F.);
#2070=ORIENTED_EDGE('',*,*,#1589,.F.);
#2071=ORIENTED_EDGE('',*,*,#1590,.F.);
#2072=ORIENTED_EDGE('',*,*,#1591,.F.);
#2073=ORIENTED_EDGE('',*,*,#1592,.F.);
#2074=ORIENTED_EDGE('',*,*,#1593,.F.);
#2075=ORIENTED_EDGE('',*,*,#1594,.F.);
#2076=ORIENTED_EDGE('',*,*,#1595,.T.);
#2077=ORIENTED_EDGE('',*,*,#1596,.T.);
#2078=ORIENTED_EDGE('',*,*,#1597,.T.);
#2079=ORIENTED_EDGE('',*,*,#1598,.T.);
#2080=ORIENTED_EDGE('',*,*,#1599,.T.);
#2081=ORIENTED_EDGE('',*,*,#1600,.T.);
#2082=ORIENTED_EDGE('',*,*,#1599,.F.);
#2083=ORIENTED_EDGE('',*,*,#1601,.T.);
#2084=ORIENTED_EDGE('',*,*,#1595,.F.);
#2085=ORIENTED_EDGE('',*,*,#1602,.F.);
#2086=ORIENTED_EDGE('',*,*,#1603,.T.);
#2087=ORIENTED_EDGE('',*,*,#1604,.T.);
#2088=ORIENTED_EDGE('',*,*,#1605,.F.);
#2089=ORIENTED_EDGE('',*,*,#1606,.T.);
#2090=ORIENTED_EDGE('',*,*,#1607,.T.);
#2091=ORIENTED_EDGE('',*,*,#1608,.T.);
#2092=ORIENTED_EDGE('',*,*,#1609,.F.);
#2093=ORIENTED_EDGE('',*,*,#1610,.F.);
#2094=ORIENTED_EDGE('',*,*,#1611,.T.);
#2095=ORIENTED_EDGE('',*,*,#1612,.T.);
#2096=ORIENTED_EDGE('',*,*,#1613,.F.);
#2097=ORIENTED_EDGE('',*,*,#1614,.T.);
#2098=ORIENTED_EDGE('',*,*,#1615,.F.);
#2099=ORIENTED_EDGE('',*,*,#1616,.T.);
#2100=ORIENTED_EDGE('',*,*,#1617,.T.);
#2101=ORIENTED_EDGE('',*,*,#1618,.T.);
#2102=ORIENTED_EDGE('',*,*,#1619,.T.);
#2103=ORIENTED_EDGE('',*,*,#1620,.T.);
#2104=ORIENTED_EDGE('',*,*,#1621,.T.);
#2105=ORIENTED_EDGE('',*,*,#1622,.T.);
#2106=ORIENTED_EDGE('',*,*,#1623,.T.);
#2107=ORIENTED_EDGE('',*,*,#1624,.T.);
#2108=ORIENTED_EDGE('',*,*,#1625,.T.);
#2109=ORIENTED_EDGE('',*,*,#1626,.T.);
#2110=ORIENTED_EDGE('',*,*,#1627,.T.);
#2111=ORIENTED_EDGE('',*,*,#1628,.T.);
#2112=ORIENTED_EDGE('',*,*,#1629,.T.);
#2113=ORIENTED_EDGE('',*,*,#1630,.T.);
#2114=ORIENTED_EDGE('',*,*,#1631,.T.);
#2115=ORIENTED_EDGE('',*,*,#1632,.T.);
#2116=ORIENTED_EDGE('',*,*,#1633,.T.);
#2117=ORIENTED_EDGE('',*,*,#1634,.F.);
#2118=ORIENTED_EDGE('',*,*,#1635,.T.);
#2119=ORIENTED_EDGE('',*,*,#1617,.F.);
#2120=ORIENTED_EDGE('',*,*,#1636,.F.);
#2121=ORIENTED_EDGE('',*,*,#1637,.F.);
#2122=ORIENTED_EDGE('',*,*,#1638,.F.);
#2123=ORIENTED_EDGE('',*,*,#1639,.F.);
#2124=ORIENTED_EDGE('',*,*,#1640,.T.);
#2125=ORIENTED_EDGE('',*,*,#1603,.F.);
#2126=ORIENTED_EDGE('',*,*,#1641,.T.);
#2127=ORIENTED_EDGE('',*,*,#1642,.T.);
#2128=ORIENTED_EDGE('',*,*,#1643,.T.);
#2129=ORIENTED_EDGE('',*,*,#1644,.T.);
#2130=ORIENTED_EDGE('',*,*,#1645,.T.);
#2131=ORIENTED_EDGE('',*,*,#1646,.T.);
#2132=ORIENTED_EDGE('',*,*,#1647,.T.);
#2133=ORIENTED_EDGE('',*,*,#1648,.T.);
#2134=ORIENTED_EDGE('',*,*,#1649,.T.);
#2135=ORIENTED_EDGE('',*,*,#1650,.T.);
#2136=ORIENTED_EDGE('',*,*,#1651,.T.);
#2137=ORIENTED_EDGE('',*,*,#1652,.F.);
#2138=ORIENTED_EDGE('',*,*,#1653,.T.);
#2139=ORIENTED_EDGE('',*,*,#1654,.T.);
#2140=ORIENTED_EDGE('',*,*,#1655,.T.);
#2141=ORIENTED_EDGE('',*,*,#1656,.F.);
#2142=ORIENTED_EDGE('',*,*,#1657,.F.);
#2143=ORIENTED_EDGE('',*,*,#1658,.T.);
#2144=ORIENTED_EDGE('',*,*,#1659,.F.);
#2145=ORIENTED_EDGE('',*,*,#1660,.T.);
#2146=ORIENTED_EDGE('',*,*,#1661,.T.);
#2147=ORIENTED_EDGE('',*,*,#1662,.T.);
#2148=ORIENTED_EDGE('',*,*,#1663,.T.);
#2149=ORIENTED_EDGE('',*,*,#1664,.T.);
#2150=ORIENTED_EDGE('',*,*,#1665,.T.);
#2151=ORIENTED_EDGE('',*,*,#1666,.T.);
#2152=ORIENTED_EDGE('',*,*,#1667,.T.);
#2153=ORIENTED_EDGE('',*,*,#1668,.F.);
#2154=ORIENTED_EDGE('',*,*,#1669,.T.);
#2155=ORIENTED_EDGE('',*,*,#1670,.F.);
#2156=ORIENTED_EDGE('',*,*,#1671,.F.);
#2157=ORIENTED_EDGE('',*,*,#1672,.F.);
#2158=ORIENTED_EDGE('',*,*,#1673,.F.);
#2159=ORIENTED_EDGE('',*,*,#1594,.T.);
#2160=ORIENTED_EDGE('',*,*,#1674,.T.);
#2161=ORIENTED_EDGE('',*,*,#1675,.F.);
#2162=ORIENTED_EDGE('',*,*,#1676,.F.);
#2163=ORIENTED_EDGE('',*,*,#1677,.F.);
#2164=ORIENTED_EDGE('',*,*,#1678,.F.);
#2165=ORIENTED_EDGE('',*,*,#1679,.F.);
#2166=ORIENTED_EDGE('',*,*,#1680,.F.);
#2167=ORIENTED_EDGE('',*,*,#1681,.T.);
#2168=ORIENTED_EDGE('',*,*,#1682,.F.);
#2169=ORIENTED_EDGE('',*,*,#1683,.F.);
#2170=ORIENTED_EDGE('',*,*,#1684,.F.);
#2171=ORIENTED_EDGE('',*,*,#1685,.F.);
#2172=ORIENTED_EDGE('',*,*,#1686,.F.);
#2173=ORIENTED_EDGE('',*,*,#1687,.F.);
#2174=ORIENTED_EDGE('',*,*,#1688,.F.);
#2175=ORIENTED_EDGE('',*,*,#1689,.F.);
#2176=ORIENTED_EDGE('',*,*,#1690,.T.);
#2177=ORIENTED_EDGE('',*,*,#1691,.T.);
#2178=ORIENTED_EDGE('',*,*,#1692,.T.);
#2179=ORIENTED_EDGE('',*,*,#1693,.F.);
#2180=ORIENTED_EDGE('',*,*,#1694,.F.);
#2181=ORIENTED_EDGE('',*,*,#1695,.T.);
#2182=ORIENTED_EDGE('',*,*,#1696,.T.);
#2183=ORIENTED_EDGE('',*,*,#1697,.T.);
#2184=ORIENTED_EDGE('',*,*,#1698,.T.);
#2185=ORIENTED_EDGE('',*,*,#1699,.T.);
#2186=ORIENTED_EDGE('',*,*,#1700,.T.);
#2187=ORIENTED_EDGE('',*,*,#1701,.T.);
#2188=ORIENTED_EDGE('',*,*,#1702,.T.);
#2189=ORIENTED_EDGE('',*,*,#1703,.T.);
#2190=ORIENTED_EDGE('',*,*,#1704,.T.);
#2191=ORIENTED_EDGE('',*,*,#1705,.T.);
#2192=ORIENTED_EDGE('',*,*,#1706,.T.);
#2193=ORIENTED_EDGE('',*,*,#1707,.T.);
#2194=ORIENTED_EDGE('',*,*,#1708,.T.);
#2195=ORIENTED_EDGE('',*,*,#1709,.T.);
#2196=ORIENTED_EDGE('',*,*,#1710,.T.);
#2197=ORIENTED_EDGE('',*,*,#1711,.T.);
#2198=ORIENTED_EDGE('',*,*,#1712,.T.);
#2199=ORIENTED_EDGE('',*,*,#1713,.T.);
#2200=ORIENTED_EDGE('',*,*,#1714,.T.);
#2201=ORIENTED_EDGE('',*,*,#1715,.T.);
#2202=ORIENTED_EDGE('',*,*,#1716,.T.);
#2203=ORIENTED_EDGE('',*,*,#1717,.T.);
#2204=ORIENTED_EDGE('',*,*,#1718,.T.);
#2205=ORIENTED_EDGE('',*,*,#1719,.T.);
#2206=ORIENTED_EDGE('',*,*,#1720,.T.);
#2207=ORIENTED_EDGE('',*,*,#1721,.T.);
#2208=ORIENTED_EDGE('',*,*,#1722,.T.);
#2209=ORIENTED_EDGE('',*,*,#1723,.F.);
#2210=ORIENTED_EDGE('',*,*,#1724,.T.);
#2211=ORIENTED_EDGE('',*,*,#1725,.T.);
#2212=ORIENTED_EDGE('',*,*,#1726,.T.);
#2213=ORIENTED_EDGE('',*,*,#1650,.F.);
#2214=ORIENTED_EDGE('',*,*,#1727,.T.);
#2215=ORIENTED_EDGE('',*,*,#1728,.T.);
#2216=ORIENTED_EDGE('',*,*,#1729,.T.);
#2217=ORIENTED_EDGE('',*,*,#1639,.T.);
#2218=ORIENTED_EDGE('',*,*,#1730,.T.);
#2219=ORIENTED_EDGE('',*,*,#1731,.F.);
#2220=ORIENTED_EDGE('',*,*,#1671,.T.);
#2221=ORIENTED_EDGE('',*,*,#1732,.T.);
#2222=ORIENTED_EDGE('',*,*,#1733,.T.);
#2223=ORIENTED_EDGE('',*,*,#1734,.T.);
#2224=ORIENTED_EDGE('',*,*,#1634,.T.);
#2225=ORIENTED_EDGE('',*,*,#1735,.T.);
#2226=ORIENTED_EDGE('',*,*,#1736,.T.);
#2227=ORIENTED_EDGE('',*,*,#1737,.T.);
#2228=ORIENTED_EDGE('',*,*,#1738,.T.);
#2229=ORIENTED_EDGE('',*,*,#1739,.T.);
#2230=ORIENTED_EDGE('',*,*,#1740,.T.);
#2231=ORIENTED_EDGE('',*,*,#1741,.T.);
#2232=ORIENTED_EDGE('',*,*,#1742,.T.);
#2233=ORIENTED_EDGE('',*,*,#1743,.F.);
#2234=ORIENTED_EDGE('',*,*,#1597,.F.);
#2235=ORIENTED_EDGE('',*,*,#1744,.F.);
#2236=ORIENTED_EDGE('',*,*,#1745,.T.);
#2237=ORIENTED_EDGE('',*,*,#1746,.F.);
#2238=ORIENTED_EDGE('',*,*,#1747,.F.);
#2239=ORIENTED_EDGE('',*,*,#1733,.F.);
#2240=ORIENTED_EDGE('',*,*,#1748,.F.);
#2241=ORIENTED_EDGE('',*,*,#1749,.F.);
#2242=ORIENTED_EDGE('',*,*,#1745,.F.);
#2243=ORIENTED_EDGE('',*,*,#1750,.F.);
#2244=ORIENTED_EDGE('',*,*,#1751,.T.);
#2245=ORIENTED_EDGE('',*,*,#1744,.T.);
#2246=ORIENTED_EDGE('',*,*,#1596,.F.);
#2247=ORIENTED_EDGE('',*,*,#1601,.F.);
#2248=ORIENTED_EDGE('',*,*,#1598,.F.);
#2249=ORIENTED_EDGE('',*,*,#1743,.T.);
#2250=ORIENTED_EDGE('',*,*,#1751,.F.);
#2251=ORIENTED_EDGE('',*,*,#1752,.T.);
#2252=ORIENTED_EDGE('',*,*,#1753,.T.);
#2253=ORIENTED_EDGE('',*,*,#1754,.T.);
#2254=ORIENTED_EDGE('',*,*,#1755,.F.);
#2255=ORIENTED_EDGE('',*,*,#1693,.T.);
#2256=ORIENTED_EDGE('',*,*,#1756,.T.);
#2257=ORIENTED_EDGE('',*,*,#1757,.F.);
#2258=ORIENTED_EDGE('',*,*,#1758,.F.);
#2259=ORIENTED_EDGE('',*,*,#1759,.F.);
#2260=ORIENTED_EDGE('',*,*,#1667,.F.);
#2261=ORIENTED_EDGE('',*,*,#1760,.T.);
#2262=ORIENTED_EDGE('',*,*,#1761,.T.);
#2263=ORIENTED_EDGE('',*,*,#1760,.F.);
#2264=ORIENTED_EDGE('',*,*,#1666,.F.);
#2265=ORIENTED_EDGE('',*,*,#1762,.T.);
#2266=ORIENTED_EDGE('',*,*,#1763,.T.);
#2267=ORIENTED_EDGE('',*,*,#1674,.F.);
#2268=ORIENTED_EDGE('',*,*,#1764,.T.);
#2269=ORIENTED_EDGE('',*,*,#1765,.T.);
#2270=ORIENTED_EDGE('',*,*,#1766,.T.);
#2271=ORIENTED_EDGE('',*,*,#1767,.T.);
#2272=ORIENTED_EDGE('',*,*,#1768,.T.);
#2273=ORIENTED_EDGE('',*,*,#1769,.T.);
#2274=ORIENTED_EDGE('',*,*,#1768,.F.);
#2275=ORIENTED_EDGE('',*,*,#1770,.T.);
#2276=ORIENTED_EDGE('',*,*,#1764,.F.);
#2277=ORIENTED_EDGE('',*,*,#1771,.T.);
#2278=ORIENTED_EDGE('',*,*,#1772,.T.);
#2279=ORIENTED_EDGE('',*,*,#1773,.T.);
#2280=ORIENTED_EDGE('',*,*,#1774,.F.);
#2281=ORIENTED_EDGE('',*,*,#1775,.F.);
#2282=ORIENTED_EDGE('',*,*,#1776,.F.);
#2283=ORIENTED_EDGE('',*,*,#1777,.T.);
#2284=ORIENTED_EDGE('',*,*,#1778,.F.);
#2285=ORIENTED_EDGE('',*,*,#1779,.F.);
#2286=ORIENTED_EDGE('',*,*,#1780,.F.);
#2287=ORIENTED_EDGE('',*,*,#1781,.F.);
#2288=ORIENTED_EDGE('',*,*,#1782,.F.);
#2289=ORIENTED_EDGE('',*,*,#1783,.F.);
#2290=ORIENTED_EDGE('',*,*,#1784,.F.);
#2291=ORIENTED_EDGE('',*,*,#1785,.F.);
#2292=ORIENTED_EDGE('',*,*,#1786,.F.);
#2293=ORIENTED_EDGE('',*,*,#1787,.F.);
#2294=ORIENTED_EDGE('',*,*,#1788,.F.);
#2295=ORIENTED_EDGE('',*,*,#1789,.F.);
#2296=ORIENTED_EDGE('',*,*,#1790,.T.);
#2297=ORIENTED_EDGE('',*,*,#1791,.T.);
#2298=ORIENTED_EDGE('',*,*,#1792,.T.);
#2299=ORIENTED_EDGE('',*,*,#1793,.T.);
#2300=ORIENTED_EDGE('',*,*,#1794,.T.);
#2301=ORIENTED_EDGE('',*,*,#1795,.T.);
#2302=ORIENTED_EDGE('',*,*,#1796,.T.);
#2303=ORIENTED_EDGE('',*,*,#1797,.T.);
#2304=ORIENTED_EDGE('',*,*,#1798,.T.);
#2305=ORIENTED_EDGE('',*,*,#1645,.F.);
#2306=ORIENTED_EDGE('',*,*,#1799,.T.);
#2307=ORIENTED_EDGE('',*,*,#1800,.T.);
#2308=ORIENTED_EDGE('',*,*,#1801,.T.);
#2309=ORIENTED_EDGE('',*,*,#1802,.T.);
#2310=ORIENTED_EDGE('',*,*,#1803,.T.);
#2311=ORIENTED_EDGE('',*,*,#1804,.T.);
#2312=ORIENTED_EDGE('',*,*,#1805,.T.);
#2313=ORIENTED_EDGE('',*,*,#1806,.T.);
#2314=ORIENTED_EDGE('',*,*,#1807,.F.);
#2315=ORIENTED_EDGE('',*,*,#1808,.F.);
#2316=ORIENTED_EDGE('',*,*,#1607,.F.);
#2317=ORIENTED_EDGE('',*,*,#1809,.T.);
#2318=ORIENTED_EDGE('',*,*,#1788,.T.);
#2319=ORIENTED_EDGE('',*,*,#1810,.F.);
#2320=ORIENTED_EDGE('',*,*,#1811,.F.);
#2321=ORIENTED_EDGE('',*,*,#1812,.T.);
#2322=ORIENTED_EDGE('',*,*,#1813,.T.);
#2323=ORIENTED_EDGE('',*,*,#1807,.T.);
#2324=ORIENTED_EDGE('',*,*,#1814,.T.);
#2325=ORIENTED_EDGE('',*,*,#1815,.T.);
#2326=ORIENTED_EDGE('',*,*,#1816,.T.);
#2327=ORIENTED_EDGE('',*,*,#1804,.F.);
#2328=ORIENTED_EDGE('',*,*,#1817,.T.);
#2329=ORIENTED_EDGE('',*,*,#1818,.T.);
#2330=ORIENTED_EDGE('',*,*,#1819,.T.);
#2331=ORIENTED_EDGE('',*,*,#1820,.F.);
#2332=ORIENTED_EDGE('',*,*,#1656,.T.);
#2333=ORIENTED_EDGE('',*,*,#1821,.T.);
#2334=ORIENTED_EDGE('',*,*,#1822,.T.);
#2335=ORIENTED_EDGE('',*,*,#1811,.T.);
#2336=ORIENTED_EDGE('',*,*,#1823,.T.);
#2337=ORIENTED_EDGE('',*,*,#1824,.T.);
#2338=ORIENTED_EDGE('',*,*,#1825,.T.);
#2339=ORIENTED_EDGE('',*,*,#1826,.T.);
#2340=ORIENTED_EDGE('',*,*,#1827,.T.);
#2341=ORIENTED_EDGE('',*,*,#1828,.T.);
#2342=ORIENTED_EDGE('',*,*,#1829,.T.);
#2343=ORIENTED_EDGE('',*,*,#1830,.T.);
#2344=ORIENTED_EDGE('',*,*,#1831,.T.);
#2345=ORIENTED_EDGE('',*,*,#1832,.T.);
#2346=ORIENTED_EDGE('',*,*,#1833,.T.);
#2347=ORIENTED_EDGE('',*,*,#1834,.T.);
#2348=ORIENTED_EDGE('',*,*,#1835,.T.);
#2349=ORIENTED_EDGE('',*,*,#1836,.F.);
#2350=ORIENTED_EDGE('',*,*,#1837,.F.);
#2351=ORIENTED_EDGE('',*,*,#1824,.F.);
#2352=ORIENTED_EDGE('',*,*,#1838,.F.);
#2353=ORIENTED_EDGE('',*,*,#1839,.F.);
#2354=ORIENTED_EDGE('',*,*,#1835,.F.);
#2355=ORIENTED_EDGE('',*,*,#1840,.T.);
#2356=ORIENTED_EDGE('',*,*,#1765,.F.);
#2357=ORIENTED_EDGE('',*,*,#1770,.F.);
#2358=ORIENTED_EDGE('',*,*,#1767,.F.);
#2359=ORIENTED_EDGE('',*,*,#1834,.F.);
#2360=ORIENTED_EDGE('',*,*,#1766,.F.);
#2361=ORIENTED_EDGE('',*,*,#1840,.F.);
#2362=ORIENTED_EDGE('',*,*,#1841,.T.);
#2363=ORIENTED_EDGE('',*,*,#1842,.F.);
#2364=ORIENTED_EDGE('',*,*,#1841,.F.);
#2365=ORIENTED_EDGE('',*,*,#1843,.T.);
#2366=ORIENTED_EDGE('',*,*,#1844,.T.);
#2367=ORIENTED_EDGE('',*,*,#1845,.T.);
#2368=ORIENTED_EDGE('',*,*,#1660,.F.);
#2369=ORIENTED_EDGE('',*,*,#1846,.F.);
#2370=ORIENTED_EDGE('',*,*,#1847,.F.);
#2371=ORIENTED_EDGE('',*,*,#1848,.T.);
#2372=ORIENTED_EDGE('',*,*,#1849,.T.);
#2373=ORIENTED_EDGE('',*,*,#1689,.T.);
#2374=ORIENTED_EDGE('',*,*,#1850,.T.);
#2375=ORIENTED_EDGE('',*,*,#1851,.T.);
#2376=ORIENTED_EDGE('',*,*,#1852,.T.);
#2377=ORIENTED_EDGE('',*,*,#1845,.F.);
#2378=ORIENTED_EDGE('',*,*,#1853,.T.);
#2379=ORIENTED_EDGE('',*,*,#1854,.F.);
#2380=ORIENTED_EDGE('',*,*,#1661,.F.);
#2381=ORIENTED_EDGE('',*,*,#1852,.F.);
#2382=ORIENTED_EDGE('',*,*,#1855,.T.);
#2383=ORIENTED_EDGE('',*,*,#1842,.T.);
#2384=ORIENTED_EDGE('',*,*,#1855,.F.);
#2385=ORIENTED_EDGE('',*,*,#1761,.F.);
#2386=ORIENTED_EDGE('',*,*,#1856,.T.);
#2387=ORIENTED_EDGE('',*,*,#1750,.T.);
#2388=ORIENTED_EDGE('',*,*,#1856,.F.);
#2389=ORIENTED_EDGE('',*,*,#1709,.F.);
#2390=ORIENTED_EDGE('',*,*,#1857,.T.);
#2391=ORIENTED_EDGE('',*,*,#1858,.F.);
#2392=ORIENTED_EDGE('',*,*,#1721,.F.);
#2393=ORIENTED_EDGE('',*,*,#1859,.F.);
#2394=ORIENTED_EDGE('',*,*,#1860,.F.);
#2395=ORIENTED_EDGE('',*,*,#1836,.T.);
#2396=ORIENTED_EDGE('',*,*,#1839,.T.);
#2397=ORIENTED_EDGE('',*,*,#1861,.T.);
#2398=ORIENTED_EDGE('',*,*,#1786,.T.);
#2399=ORIENTED_EDGE('',*,*,#1862,.F.);
#2400=ORIENTED_EDGE('',*,*,#1863,.F.);
#2401=ORIENTED_EDGE('',*,*,#1838,.T.);
#2402=ORIENTED_EDGE('',*,*,#1823,.F.);
#2403=ORIENTED_EDGE('',*,*,#1810,.T.);
#2404=ORIENTED_EDGE('',*,*,#1787,.T.);
#2405=ORIENTED_EDGE('',*,*,#1861,.F.);
#2406=ORIENTED_EDGE('',*,*,#1620,.F.);
#2407=ORIENTED_EDGE('',*,*,#1864,.F.);
#2408=ORIENTED_EDGE('',*,*,#1865,.F.);
#2409=ORIENTED_EDGE('',*,*,#1748,.T.);
#2410=ORIENTED_EDGE('',*,*,#1732,.F.);
#2411=ORIENTED_EDGE('',*,*,#1866,.T.);
#2412=ORIENTED_EDGE('',*,*,#1859,.T.);
#2413=ORIENTED_EDGE('',*,*,#1720,.F.);
#2414=ORIENTED_EDGE('',*,*,#1867,.T.);
#2415=ORIENTED_EDGE('',*,*,#1609,.T.);
#2416=ORIENTED_EDGE('',*,*,#1868,.T.);
#2417=ORIENTED_EDGE('',*,*,#1869,.F.);
#2418=ORIENTED_EDGE('',*,*,#1870,.T.);
#2419=ORIENTED_EDGE('',*,*,#1871,.T.);
#2420=ORIENTED_EDGE('',*,*,#1610,.T.);
#2421=ORIENTED_EDGE('',*,*,#1867,.F.);
#2422=ORIENTED_EDGE('',*,*,#1719,.F.);
#2423=ORIENTED_EDGE('',*,*,#1872,.T.);
#2424=ORIENTED_EDGE('',*,*,#1873,.T.);
#2425=ORIENTED_EDGE('',*,*,#1870,.F.);
#2426=ORIENTED_EDGE('',*,*,#1718,.F.);
#2427=ORIENTED_EDGE('',*,*,#1874,.F.);
#2428=ORIENTED_EDGE('',*,*,#1875,.T.);
#2429=ORIENTED_EDGE('',*,*,#1872,.F.);
#2430=ORIENTED_EDGE('',*,*,#1717,.F.);
#2431=ORIENTED_EDGE('',*,*,#1876,.T.);
#2432=ORIENTED_EDGE('',*,*,#1877,.T.);
#2433=ORIENTED_EDGE('',*,*,#1874,.T.);
#2434=ORIENTED_EDGE('',*,*,#1716,.F.);
#2435=ORIENTED_EDGE('',*,*,#1878,.T.);
#2436=ORIENTED_EDGE('',*,*,#1879,.T.);
#2437=ORIENTED_EDGE('',*,*,#1876,.F.);
#2438=ORIENTED_EDGE('',*,*,#1715,.F.);
#2439=ORIENTED_EDGE('',*,*,#1880,.T.);
#2440=ORIENTED_EDGE('',*,*,#1881,.T.);
#2441=ORIENTED_EDGE('',*,*,#1878,.F.);
#2442=ORIENTED_EDGE('',*,*,#1714,.F.);
#2443=ORIENTED_EDGE('',*,*,#1882,.T.);
#2444=ORIENTED_EDGE('',*,*,#1883,.T.);
#2445=ORIENTED_EDGE('',*,*,#1880,.F.);
#2446=ORIENTED_EDGE('',*,*,#1713,.F.);
#2447=ORIENTED_EDGE('',*,*,#1884,.T.);
#2448=ORIENTED_EDGE('',*,*,#1885,.T.);
#2449=ORIENTED_EDGE('',*,*,#1882,.F.);
#2450=ORIENTED_EDGE('',*,*,#1712,.F.);
#2451=ORIENTED_EDGE('',*,*,#1800,.F.);
#2452=ORIENTED_EDGE('',*,*,#1886,.F.);
#2453=ORIENTED_EDGE('',*,*,#1773,.F.);
#2454=ORIENTED_EDGE('',*,*,#1887,.T.);
#2455=ORIENTED_EDGE('',*,*,#1888,.F.);
#2456=ORIENTED_EDGE('',*,*,#1612,.F.);
#2457=ORIENTED_EDGE('',*,*,#1889,.T.);
#2458=ORIENTED_EDGE('',*,*,#1643,.F.);
#2459=ORIENTED_EDGE('',*,*,#1707,.F.);
#2460=ORIENTED_EDGE('',*,*,#1890,.T.);
#2461=ORIENTED_EDGE('',*,*,#1891,.F.);
#2462=ORIENTED_EDGE('',*,*,#1892,.F.);
#2463=ORIENTED_EDGE('',*,*,#1771,.F.);
#2464=ORIENTED_EDGE('',*,*,#1893,.F.);
#2465=ORIENTED_EDGE('',*,*,#1894,.F.);
#2466=ORIENTED_EDGE('',*,*,#1895,.T.);
#2467=ORIENTED_EDGE('',*,*,#1777,.F.);
#2468=ORIENTED_EDGE('',*,*,#1868,.F.);
#2469=ORIENTED_EDGE('',*,*,#1608,.F.);
#2470=ORIENTED_EDGE('',*,*,#1896,.F.);
#2471=ORIENTED_EDGE('',*,*,#1706,.F.);
#2472=ORIENTED_EDGE('',*,*,#1897,.F.);
#2473=ORIENTED_EDGE('',*,*,#1890,.F.);
#2474=ORIENTED_EDGE('',*,*,#1898,.F.);
#2475=ORIENTED_EDGE('',*,*,#1696,.F.);
#2476=ORIENTED_EDGE('',*,*,#1899,.F.);
#2477=ORIENTED_EDGE('',*,*,#1900,.F.);
#2478=ORIENTED_EDGE('',*,*,#1899,.T.);
#2479=ORIENTED_EDGE('',*,*,#1695,.F.);
#2480=ORIENTED_EDGE('',*,*,#1901,.T.);
#2481=ORIENTED_EDGE('',*,*,#1614,.F.);
#2482=ORIENTED_EDGE('',*,*,#1902,.F.);
#2483=ORIENTED_EDGE('',*,*,#1642,.F.);
#2484=ORIENTED_EDGE('',*,*,#1903,.F.);
#2485=ORIENTED_EDGE('',*,*,#1801,.F.);
#2486=ORIENTED_EDGE('',*,*,#1887,.F.);
#2487=ORIENTED_EDGE('',*,*,#1772,.F.);
#2488=ORIENTED_EDGE('',*,*,#1892,.T.);
#2489=ORIENTED_EDGE('',*,*,#1904,.F.);
#2490=ORIENTED_EDGE('',*,*,#1905,.F.);
#2491=ORIENTED_EDGE('',*,*,#1906,.F.);
#2492=ORIENTED_EDGE('',*,*,#1907,.F.);
#2493=ORIENTED_EDGE('',*,*,#1908,.F.);
#2494=ORIENTED_EDGE('',*,*,#1909,.F.);
#2495=ORIENTED_EDGE('',*,*,#1910,.F.);
#2496=ORIENTED_EDGE('',*,*,#1911,.F.);
#2497=ORIENTED_EDGE('',*,*,#1912,.F.);
#2498=ORIENTED_EDGE('',*,*,#1902,.T.);
#2499=ORIENTED_EDGE('',*,*,#1613,.T.);
#2500=ORIENTED_EDGE('',*,*,#1888,.T.);
#2501=ORIENTED_EDGE('',*,*,#1708,.F.);
#2502=ORIENTED_EDGE('',*,*,#1893,.T.);
#2503=ORIENTED_EDGE('',*,*,#1778,.T.);
#2504=ORIENTED_EDGE('',*,*,#1895,.F.);
#2505=ORIENTED_EDGE('',*,*,#1913,.F.);
#2506=ORIENTED_EDGE('',*,*,#1857,.F.);
#2507=ORIENTED_EDGE('',*,*,#1858,.T.);
#2508=ORIENTED_EDGE('',*,*,#1913,.T.);
#2509=ORIENTED_EDGE('',*,*,#1894,.T.);
#2510=ORIENTED_EDGE('',*,*,#1776,.T.);
#2511=ORIENTED_EDGE('',*,*,#1914,.F.);
#2512=ORIENTED_EDGE('',*,*,#1710,.F.);
#2513=ORIENTED_EDGE('',*,*,#1915,.T.);
#2514=ORIENTED_EDGE('',*,*,#1884,.F.);
#2515=ORIENTED_EDGE('',*,*,#1711,.F.);
#2516=ORIENTED_EDGE('',*,*,#1914,.T.);
#2517=ORIENTED_EDGE('',*,*,#1775,.T.);
#2518=ORIENTED_EDGE('',*,*,#1615,.T.);
#2519=ORIENTED_EDGE('',*,*,#1901,.F.);
#2520=ORIENTED_EDGE('',*,*,#1722,.F.);
#2521=ORIENTED_EDGE('',*,*,#1860,.T.);
#2522=ORIENTED_EDGE('',*,*,#1869,.T.);
#2523=ORIENTED_EDGE('',*,*,#1896,.T.);
#2524=ORIENTED_EDGE('',*,*,#1692,.F.);
#2525=ORIENTED_EDGE('',*,*,#1916,.T.);
#2526=ORIENTED_EDGE('',*,*,#1917,.F.);
#2527=ORIENTED_EDGE('',*,*,#1756,.F.);
#2528=ORIENTED_EDGE('',*,*,#1918,.T.);
#2529=ORIENTED_EDGE('',*,*,#1919,.F.);
#2530=ORIENTED_EDGE('',*,*,#1916,.F.);
#2531=ORIENTED_EDGE('',*,*,#1691,.F.);
#2532=ORIENTED_EDGE('',*,*,#1920,.F.);
#2533=ORIENTED_EDGE('',*,*,#1921,.F.);
#2534=ORIENTED_EDGE('',*,*,#1922,.F.);
#2535=ORIENTED_EDGE('',*,*,#1920,.T.);
#2536=ORIENTED_EDGE('',*,*,#1690,.F.);
#2537=ORIENTED_EDGE('',*,*,#1849,.F.);
#2538=ORIENTED_EDGE('',*,*,#1923,.F.);
#2539=ORIENTED_EDGE('',*,*,#1924,.F.);
#2540=ORIENTED_EDGE('',*,*,#1681,.F.);
#2541=ORIENTED_EDGE('',*,*,#1925,.T.);
#2542=ORIENTED_EDGE('',*,*,#1904,.T.);
#2543=ORIENTED_EDGE('',*,*,#1891,.T.);
#2544=ORIENTED_EDGE('',*,*,#1897,.T.);
#2545=ORIENTED_EDGE('',*,*,#1705,.F.);
#2546=ORIENTED_EDGE('',*,*,#1926,.T.);
#2547=ORIENTED_EDGE('',*,*,#1905,.T.);
#2548=ORIENTED_EDGE('',*,*,#1925,.F.);
#2549=ORIENTED_EDGE('',*,*,#1704,.F.);
#2550=ORIENTED_EDGE('',*,*,#1927,.T.);
#2551=ORIENTED_EDGE('',*,*,#1906,.T.);
#2552=ORIENTED_EDGE('',*,*,#1926,.F.);
#2553=ORIENTED_EDGE('',*,*,#1703,.F.);
#2554=ORIENTED_EDGE('',*,*,#1928,.T.);
#2555=ORIENTED_EDGE('',*,*,#1907,.T.);
#2556=ORIENTED_EDGE('',*,*,#1927,.F.);
#2557=ORIENTED_EDGE('',*,*,#1702,.F.);
#2558=ORIENTED_EDGE('',*,*,#1929,.T.);
#2559=ORIENTED_EDGE('',*,*,#1908,.T.);
#2560=ORIENTED_EDGE('',*,*,#1928,.F.);
#2561=ORIENTED_EDGE('',*,*,#1701,.F.);
#2562=ORIENTED_EDGE('',*,*,#1930,.T.);
#2563=ORIENTED_EDGE('',*,*,#1909,.T.);
#2564=ORIENTED_EDGE('',*,*,#1929,.F.);
#2565=ORIENTED_EDGE('',*,*,#1700,.F.);
#2566=ORIENTED_EDGE('',*,*,#1931,.T.);
#2567=ORIENTED_EDGE('',*,*,#1910,.T.);
#2568=ORIENTED_EDGE('',*,*,#1930,.F.);
#2569=ORIENTED_EDGE('',*,*,#1699,.F.);
#2570=ORIENTED_EDGE('',*,*,#1932,.T.);
#2571=ORIENTED_EDGE('',*,*,#1911,.T.);
#2572=ORIENTED_EDGE('',*,*,#1931,.F.);
#2573=ORIENTED_EDGE('',*,*,#1698,.F.);
#2574=ORIENTED_EDGE('',*,*,#1898,.T.);
#2575=ORIENTED_EDGE('',*,*,#1900,.T.);
#2576=ORIENTED_EDGE('',*,*,#1912,.T.);
#2577=ORIENTED_EDGE('',*,*,#1932,.F.);
#2578=ORIENTED_EDGE('',*,*,#1697,.F.);
#2579=ORIENTED_EDGE('',*,*,#1611,.F.);
#2580=ORIENTED_EDGE('',*,*,#1871,.F.);
#2581=ORIENTED_EDGE('',*,*,#1873,.F.);
#2582=ORIENTED_EDGE('',*,*,#1875,.F.);
#2583=ORIENTED_EDGE('',*,*,#1877,.F.);
#2584=ORIENTED_EDGE('',*,*,#1879,.F.);
#2585=ORIENTED_EDGE('',*,*,#1881,.F.);
#2586=ORIENTED_EDGE('',*,*,#1883,.F.);
#2587=ORIENTED_EDGE('',*,*,#1885,.F.);
#2588=ORIENTED_EDGE('',*,*,#1915,.F.);
#2589=ORIENTED_EDGE('',*,*,#1774,.T.);
#2590=ORIENTED_EDGE('',*,*,#1886,.T.);
#2591=ORIENTED_EDGE('',*,*,#1799,.F.);
#2592=ORIENTED_EDGE('',*,*,#1644,.F.);
#2593=ORIENTED_EDGE('',*,*,#1889,.F.);
#2594=ORIENTED_EDGE('',*,*,#1933,.F.);
#2595=ORIENTED_EDGE('',*,*,#1934,.T.);
#2596=ORIENTED_EDGE('',*,*,#1935,.F.);
#2597=ORIENTED_EDGE('',*,*,#1936,.F.);
#2598=ORIENTED_EDGE('',*,*,#1937,.F.);
#2599=ORIENTED_EDGE('',*,*,#1934,.F.);
#2600=ORIENTED_EDGE('',*,*,#1938,.T.);
#2601=ORIENTED_EDGE('',*,*,#1939,.T.);
#2602=ORIENTED_EDGE('',*,*,#1694,.T.);
#2603=ORIENTED_EDGE('',*,*,#1755,.T.);
#2604=ORIENTED_EDGE('',*,*,#1940,.T.);
#2605=ORIENTED_EDGE('',*,*,#1941,.T.);
#2606=ORIENTED_EDGE('',*,*,#1918,.F.);
#2607=ORIENTED_EDGE('',*,*,#1942,.T.);
#2608=ORIENTED_EDGE('',*,*,#1847,.T.);
#2609=ORIENTED_EDGE('',*,*,#1943,.F.);
#2610=ORIENTED_EDGE('',*,*,#1944,.F.);
#2611=ORIENTED_EDGE('',*,*,#1945,.F.);
#2612=ORIENTED_EDGE('',*,*,#1819,.F.);
#2613=ORIENTED_EDGE('',*,*,#1946,.F.);
#2614=ORIENTED_EDGE('',*,*,#1938,.F.);
#2615=ORIENTED_EDGE('',*,*,#1933,.T.);
#2616=ORIENTED_EDGE('',*,*,#1947,.T.);
#2617=ORIENTED_EDGE('',*,*,#1724,.F.);
#2618=ORIENTED_EDGE('',*,*,#1948,.F.);
#2619=ORIENTED_EDGE('',*,*,#1949,.F.);
#2620=ORIENTED_EDGE('',*,*,#1950,.F.);
#2621=ORIENTED_EDGE('',*,*,#1758,.T.);
#2622=ORIENTED_EDGE('',*,*,#1600,.F.);
#2623=ORIENTED_EDGE('',*,*,#1769,.F.);
#2624=ORIENTED_EDGE('',*,*,#1677,.T.);
#2625=ORIENTED_EDGE('',*,*,#1951,.F.);
#2626=ORIENTED_EDGE('',*,*,#1952,.T.);
#2627=ORIENTED_EDGE('',*,*,#1664,.F.);
#2628=ORIENTED_EDGE('',*,*,#1953,.T.);
#2629=ORIENTED_EDGE('',*,*,#1923,.T.);
#2630=ORIENTED_EDGE('',*,*,#1680,.T.);
#2631=ORIENTED_EDGE('',*,*,#1954,.T.);
#2632=ORIENTED_EDGE('',*,*,#1955,.T.);
#2633=ORIENTED_EDGE('',*,*,#1956,.F.);
#2634=ORIENTED_EDGE('',*,*,#1688,.T.);
#2635=ORIENTED_EDGE('',*,*,#1957,.T.);
#2636=ORIENTED_EDGE('',*,*,#1850,.F.);
#2637=ORIENTED_EDGE('',*,*,#1942,.F.);
#2638=ORIENTED_EDGE('',*,*,#1921,.T.);
#2639=ORIENTED_EDGE('',*,*,#1922,.T.);
#2640=ORIENTED_EDGE('',*,*,#1848,.F.);
#2641=ORIENTED_EDGE('',*,*,#1682,.T.);
#2642=ORIENTED_EDGE('',*,*,#1924,.T.);
#2643=ORIENTED_EDGE('',*,*,#1953,.F.);
#2644=ORIENTED_EDGE('',*,*,#1663,.F.);
#2645=ORIENTED_EDGE('',*,*,#1958,.T.);
#2646=ORIENTED_EDGE('',*,*,#1959,.T.);
#2647=ORIENTED_EDGE('',*,*,#1960,.T.);
#2648=ORIENTED_EDGE('',*,*,#1687,.T.);
#2649=ORIENTED_EDGE('',*,*,#1961,.F.);
#2650=ORIENTED_EDGE('',*,*,#1851,.F.);
#2651=ORIENTED_EDGE('',*,*,#1957,.F.);
#2652=ORIENTED_EDGE('',*,*,#1686,.T.);
#2653=ORIENTED_EDGE('',*,*,#1962,.F.);
#2654=ORIENTED_EDGE('',*,*,#1963,.F.);
#2655=ORIENTED_EDGE('',*,*,#1683,.T.);
#2656=ORIENTED_EDGE('',*,*,#1960,.F.);
#2657=ORIENTED_EDGE('',*,*,#1964,.F.);
#2658=ORIENTED_EDGE('',*,*,#1843,.F.);
#2659=ORIENTED_EDGE('',*,*,#1961,.T.);
#2660=ORIENTED_EDGE('',*,*,#1685,.T.);
#2661=ORIENTED_EDGE('',*,*,#1965,.T.);
#2662=ORIENTED_EDGE('',*,*,#1962,.T.);
#2663=ORIENTED_EDGE('',*,*,#1966,.T.);
#2664=ORIENTED_EDGE('',*,*,#1967,.T.);
#2665=ORIENTED_EDGE('',*,*,#1943,.T.);
#2666=ORIENTED_EDGE('',*,*,#1846,.T.);
#2667=ORIENTED_EDGE('',*,*,#1659,.T.);
#2668=ORIENTED_EDGE('',*,*,#1968,.T.);
#2669=ORIENTED_EDGE('',*,*,#1969,.T.);
#2670=ORIENTED_EDGE('',*,*,#1970,.T.);
#2671=ORIENTED_EDGE('',*,*,#1971,.F.);
#2672=ORIENTED_EDGE('',*,*,#1972,.F.);
#2673=ORIENTED_EDGE('',*,*,#1973,.T.);
#2674=ORIENTED_EDGE('',*,*,#1970,.F.);
#2675=ORIENTED_EDGE('',*,*,#1974,.F.);
#2676=ORIENTED_EDGE('',*,*,#1971,.T.);
#2677=ORIENTED_EDGE('',*,*,#1969,.F.);
#2678=ORIENTED_EDGE('',*,*,#1975,.F.);
#2679=ORIENTED_EDGE('',*,*,#1968,.F.);
#2680=ORIENTED_EDGE('',*,*,#1658,.F.);
#2681=ORIENTED_EDGE('',*,*,#1976,.F.);
#2682=ORIENTED_EDGE('',*,*,#1975,.T.);
#2683=ORIENTED_EDGE('',*,*,#1972,.T.);
#2684=ORIENTED_EDGE('',*,*,#1974,.T.);
#2685=ORIENTED_EDGE('',*,*,#1976,.T.);
#2686=ORIENTED_EDGE('',*,*,#1657,.T.);
#2687=ORIENTED_EDGE('',*,*,#1820,.T.);
#2688=ORIENTED_EDGE('',*,*,#1945,.T.);
#2689=ORIENTED_EDGE('',*,*,#1977,.T.);
#2690=ORIENTED_EDGE('',*,*,#1978,.T.);
#2691=ORIENTED_EDGE('',*,*,#1950,.T.);
#2692=ORIENTED_EDGE('',*,*,#1979,.T.);
#2693=ORIENTED_EDGE('',*,*,#1980,.T.);
#2694=ORIENTED_EDGE('',*,*,#1981,.T.);
#2695=ORIENTED_EDGE('',*,*,#1982,.T.);
#2696=ORIENTED_EDGE('',*,*,#1983,.T.);
#2697=ORIENTED_EDGE('',*,*,#1668,.T.);
#2698=ORIENTED_EDGE('',*,*,#1759,.T.);
#2699=ORIENTED_EDGE('',*,*,#1980,.F.);
#2700=ORIENTED_EDGE('',*,*,#1984,.T.);
#2701=ORIENTED_EDGE('',*,*,#1985,.F.);
#2702=ORIENTED_EDGE('',*,*,#1986,.F.);
#2703=ORIENTED_EDGE('',*,*,#1979,.F.);
#2704=ORIENTED_EDGE('',*,*,#1949,.T.);
#2705=ORIENTED_EDGE('',*,*,#1987,.F.);
#2706=ORIENTED_EDGE('',*,*,#1984,.F.);
#2707=ORIENTED_EDGE('',*,*,#1988,.T.);
#2708=ORIENTED_EDGE('',*,*,#1989,.T.);
#2709=ORIENTED_EDGE('',*,*,#1985,.T.);
#2710=ORIENTED_EDGE('',*,*,#1987,.T.);
#2711=ORIENTED_EDGE('',*,*,#1948,.T.);
#2712=ORIENTED_EDGE('',*,*,#1723,.T.);
#2713=ORIENTED_EDGE('',*,*,#1670,.T.);
#2714=ORIENTED_EDGE('',*,*,#1990,.T.);
#2715=ORIENTED_EDGE('',*,*,#1989,.F.);
#2716=ORIENTED_EDGE('',*,*,#1991,.F.);
#2717=ORIENTED_EDGE('',*,*,#1981,.F.);
#2718=ORIENTED_EDGE('',*,*,#1986,.T.);
#2719=ORIENTED_EDGE('',*,*,#1991,.T.);
#2720=ORIENTED_EDGE('',*,*,#1988,.F.);
#2721=ORIENTED_EDGE('',*,*,#1992,.F.);
#2722=ORIENTED_EDGE('',*,*,#1982,.F.);
#2723=ORIENTED_EDGE('',*,*,#1983,.F.);
#2724=ORIENTED_EDGE('',*,*,#1992,.T.);
#2725=ORIENTED_EDGE('',*,*,#1990,.F.);
#2726=ORIENTED_EDGE('',*,*,#1669,.F.);
#2727=ORIENTED_EDGE('',*,*,#1763,.F.);
#2728=ORIENTED_EDGE('',*,*,#1993,.T.);
#2729=ORIENTED_EDGE('',*,*,#1955,.F.);
#2730=ORIENTED_EDGE('',*,*,#1994,.F.);
#2731=ORIENTED_EDGE('',*,*,#1752,.F.);
#2732=ORIENTED_EDGE('',*,*,#1993,.F.);
#2733=ORIENTED_EDGE('',*,*,#1762,.F.);
#2734=ORIENTED_EDGE('',*,*,#1665,.F.);
#2735=ORIENTED_EDGE('',*,*,#1956,.T.);
#2736=ORIENTED_EDGE('',*,*,#1959,.F.);
#2737=ORIENTED_EDGE('',*,*,#1995,.T.);
#2738=ORIENTED_EDGE('',*,*,#1853,.F.);
#2739=ORIENTED_EDGE('',*,*,#1844,.F.);
#2740=ORIENTED_EDGE('',*,*,#1964,.T.);
#2741=ORIENTED_EDGE('',*,*,#1995,.F.);
#2742=ORIENTED_EDGE('',*,*,#1958,.F.);
#2743=ORIENTED_EDGE('',*,*,#1662,.F.);
#2744=ORIENTED_EDGE('',*,*,#1854,.T.);
#2745=ORIENTED_EDGE('',*,*,#1678,.T.);
#2746=ORIENTED_EDGE('',*,*,#1952,.F.);
#2747=ORIENTED_EDGE('',*,*,#1996,.T.);
#2748=ORIENTED_EDGE('',*,*,#1684,.T.);
#2749=ORIENTED_EDGE('',*,*,#1963,.T.);
#2750=ORIENTED_EDGE('',*,*,#1965,.F.);
#2751=ORIENTED_EDGE('',*,*,#1753,.F.);
#2752=ORIENTED_EDGE('',*,*,#1994,.T.);
#2753=ORIENTED_EDGE('',*,*,#1954,.F.);
#2754=ORIENTED_EDGE('',*,*,#1679,.T.);
#2755=ORIENTED_EDGE('',*,*,#1996,.F.);
#2756=ORIENTED_EDGE('',*,*,#1951,.T.);
#2757=ORIENTED_EDGE('',*,*,#1676,.T.);
#2758=ORIENTED_EDGE('',*,*,#1997,.F.);
#2759=ORIENTED_EDGE('',*,*,#1754,.F.);
#2760=ORIENTED_EDGE('',*,*,#1997,.T.);
#2761=ORIENTED_EDGE('',*,*,#1675,.T.);
#2762=ORIENTED_EDGE('',*,*,#1940,.F.);
#2763=ORIENTED_EDGE('',*,*,#1935,.T.);
#2764=ORIENTED_EDGE('',*,*,#1937,.T.);
#2765=ORIENTED_EDGE('',*,*,#1998,.T.);
#2766=ORIENTED_EDGE('',*,*,#1999,.T.);
#2767=ORIENTED_EDGE('',*,*,#1802,.F.);
#2768=ORIENTED_EDGE('',*,*,#1903,.T.);
#2769=ORIENTED_EDGE('',*,*,#1641,.F.);
#2770=ORIENTED_EDGE('',*,*,#2000,.T.);
#2771=ORIENTED_EDGE('',*,*,#2001,.T.);
#2772=ORIENTED_EDGE('',*,*,#1795,.F.);
#2773=ORIENTED_EDGE('',*,*,#2002,.T.);
#2774=ORIENTED_EDGE('',*,*,#2003,.F.);
#2775=ORIENTED_EDGE('',*,*,#2004,.F.);
#2776=ORIENTED_EDGE('',*,*,#2005,.T.);
#2777=ORIENTED_EDGE('',*,*,#2006,.F.);
#2778=ORIENTED_EDGE('',*,*,#2007,.F.);
#2779=ORIENTED_EDGE('',*,*,#2002,.F.);
#2780=ORIENTED_EDGE('',*,*,#1794,.F.);
#2781=ORIENTED_EDGE('',*,*,#2008,.T.);
#2782=ORIENTED_EDGE('',*,*,#2009,.T.);
#2783=ORIENTED_EDGE('',*,*,#2010,.F.);
#2784=ORIENTED_EDGE('',*,*,#2009,.F.);
#2785=ORIENTED_EDGE('',*,*,#2011,.F.);
#2786=ORIENTED_EDGE('',*,*,#2012,.F.);
#2787=ORIENTED_EDGE('',*,*,#2004,.T.);
#2788=ORIENTED_EDGE('',*,*,#2013,.F.);
#2789=ORIENTED_EDGE('',*,*,#1790,.F.);
#2790=ORIENTED_EDGE('',*,*,#2014,.T.);
#2791=ORIENTED_EDGE('',*,*,#2015,.T.);
#2792=ORIENTED_EDGE('',*,*,#1791,.F.);
#2793=ORIENTED_EDGE('',*,*,#2013,.T.);
#2794=ORIENTED_EDGE('',*,*,#2003,.T.);
#2795=ORIENTED_EDGE('',*,*,#2007,.T.);
#2796=ORIENTED_EDGE('',*,*,#2010,.T.);
#2797=ORIENTED_EDGE('',*,*,#2016,.F.);
#2798=ORIENTED_EDGE('',*,*,#2016,.T.);
#2799=ORIENTED_EDGE('',*,*,#2012,.T.);
#2800=ORIENTED_EDGE('',*,*,#2017,.F.);
#2801=ORIENTED_EDGE('',*,*,#1792,.F.);
#2802=ORIENTED_EDGE('',*,*,#2011,.T.);
#2803=ORIENTED_EDGE('',*,*,#2008,.F.);
#2804=ORIENTED_EDGE('',*,*,#1793,.F.);
#2805=ORIENTED_EDGE('',*,*,#2017,.T.);
#2806=ORIENTED_EDGE('',*,*,#2018,.T.);
#2807=ORIENTED_EDGE('',*,*,#2014,.F.);
#2808=ORIENTED_EDGE('',*,*,#1796,.F.);
#2809=ORIENTED_EDGE('',*,*,#2006,.T.);
#2810=ORIENTED_EDGE('',*,*,#2005,.F.);
#2811=ORIENTED_EDGE('',*,*,#2015,.F.);
#2812=ORIENTED_EDGE('',*,*,#2018,.F.);
#2813=ORIENTED_EDGE('',*,*,#2019,.F.);
#2814=ORIENTED_EDGE('',*,*,#1826,.F.);
#2815=ORIENTED_EDGE('',*,*,#2020,.T.);
#2816=ORIENTED_EDGE('',*,*,#1784,.T.);
#2817=ORIENTED_EDGE('',*,*,#2021,.F.);
#2818=ORIENTED_EDGE('',*,*,#1827,.F.);
#2819=ORIENTED_EDGE('',*,*,#2019,.T.);
#2820=ORIENTED_EDGE('',*,*,#1783,.T.);
#2821=ORIENTED_EDGE('',*,*,#2022,.F.);
#2822=ORIENTED_EDGE('',*,*,#1828,.F.);
#2823=ORIENTED_EDGE('',*,*,#2021,.T.);
#2824=ORIENTED_EDGE('',*,*,#1782,.T.);
#2825=ORIENTED_EDGE('',*,*,#2023,.F.);
#2826=ORIENTED_EDGE('',*,*,#2024,.F.);
#2827=ORIENTED_EDGE('',*,*,#1829,.F.);
#2828=ORIENTED_EDGE('',*,*,#2022,.T.);
#2829=ORIENTED_EDGE('',*,*,#2023,.T.);
#2830=ORIENTED_EDGE('',*,*,#1781,.T.);
#2831=ORIENTED_EDGE('',*,*,#1780,.T.);
#2832=ORIENTED_EDGE('',*,*,#2025,.F.);
#2833=ORIENTED_EDGE('',*,*,#1830,.F.);
#2834=ORIENTED_EDGE('',*,*,#2024,.T.);
#2835=ORIENTED_EDGE('',*,*,#1831,.F.);
#2836=ORIENTED_EDGE('',*,*,#2025,.T.);
#2837=ORIENTED_EDGE('',*,*,#1779,.T.);
#2838=ORIENTED_EDGE('',*,*,#2026,.F.);
#2839=ORIENTED_EDGE('',*,*,#1789,.T.);
#2840=ORIENTED_EDGE('',*,*,#1813,.F.);
#2841=ORIENTED_EDGE('',*,*,#2027,.F.);
#2842=ORIENTED_EDGE('',*,*,#1832,.F.);
#2843=ORIENTED_EDGE('',*,*,#2026,.T.);
#2844=ORIENTED_EDGE('',*,*,#2027,.T.);
#2845=ORIENTED_EDGE('',*,*,#1812,.F.);
#2846=ORIENTED_EDGE('',*,*,#1833,.F.);
#2847=ORIENTED_EDGE('',*,*,#1825,.F.);
#2848=ORIENTED_EDGE('',*,*,#1837,.T.);
#2849=ORIENTED_EDGE('',*,*,#1863,.T.);
#2850=ORIENTED_EDGE('',*,*,#1862,.T.);
#2851=ORIENTED_EDGE('',*,*,#1785,.T.);
#2852=ORIENTED_EDGE('',*,*,#2020,.F.);
#2853=ORIENTED_EDGE('',*,*,#2028,.T.);
#2854=ORIENTED_EDGE('',*,*,#2029,.T.);
#2855=ORIENTED_EDGE('',*,*,#2030,.F.);
#2856=ORIENTED_EDGE('',*,*,#1630,.F.);
#2857=ORIENTED_EDGE('',*,*,#2031,.T.);
#2858=ORIENTED_EDGE('',*,*,#2032,.F.);
#2859=ORIENTED_EDGE('',*,*,#2033,.T.);
#2860=ORIENTED_EDGE('',*,*,#2034,.F.);
#2861=ORIENTED_EDGE('',*,*,#2035,.F.);
#2862=ORIENTED_EDGE('',*,*,#1631,.F.);
#2863=ORIENTED_EDGE('',*,*,#2030,.T.);
#2864=ORIENTED_EDGE('',*,*,#2036,.T.);
#2865=ORIENTED_EDGE('',*,*,#2037,.T.);
#2866=ORIENTED_EDGE('',*,*,#2038,.T.);
#2867=ORIENTED_EDGE('',*,*,#2034,.T.);
#2868=ORIENTED_EDGE('',*,*,#1628,.F.);
#2869=ORIENTED_EDGE('',*,*,#2039,.T.);
#2870=ORIENTED_EDGE('',*,*,#2028,.F.);
#2871=ORIENTED_EDGE('',*,*,#2040,.F.);
#2872=ORIENTED_EDGE('',*,*,#2041,.F.);
#2873=ORIENTED_EDGE('',*,*,#2042,.T.);
#2874=ORIENTED_EDGE('',*,*,#2036,.F.);
#2875=ORIENTED_EDGE('',*,*,#2033,.F.);
#2876=ORIENTED_EDGE('',*,*,#2029,.F.);
#2877=ORIENTED_EDGE('',*,*,#2039,.F.);
#2878=ORIENTED_EDGE('',*,*,#1627,.F.);
#2879=ORIENTED_EDGE('',*,*,#1633,.F.);
#2880=ORIENTED_EDGE('',*,*,#2043,.T.);
#2881=ORIENTED_EDGE('',*,*,#2037,.F.);
#2882=ORIENTED_EDGE('',*,*,#2042,.F.);
#2883=ORIENTED_EDGE('',*,*,#2038,.F.);
#2884=ORIENTED_EDGE('',*,*,#2043,.F.);
#2885=ORIENTED_EDGE('',*,*,#1632,.F.);
#2886=ORIENTED_EDGE('',*,*,#2035,.T.);
#2887=ORIENTED_EDGE('',*,*,#2044,.F.);
#2888=ORIENTED_EDGE('',*,*,#2031,.F.);
#2889=ORIENTED_EDGE('',*,*,#1629,.F.);
#2890=ORIENTED_EDGE('',*,*,#2041,.T.);
#2891=ORIENTED_EDGE('',*,*,#2032,.T.);
#2892=ORIENTED_EDGE('',*,*,#2044,.T.);
#2893=ORIENTED_EDGE('',*,*,#2040,.T.);
#2894=ORIENTED_EDGE('',*,*,#2045,.T.);
#2895=ORIENTED_EDGE('',*,*,#1621,.F.);
#2896=ORIENTED_EDGE('',*,*,#1866,.F.);
#2897=ORIENTED_EDGE('',*,*,#1742,.F.);
#2898=ORIENTED_EDGE('',*,*,#2046,.T.);
#2899=ORIENTED_EDGE('',*,*,#1622,.F.);
#2900=ORIENTED_EDGE('',*,*,#2045,.F.);
#2901=ORIENTED_EDGE('',*,*,#1741,.F.);
#2902=ORIENTED_EDGE('',*,*,#2047,.T.);
#2903=ORIENTED_EDGE('',*,*,#2048,.T.);
#2904=ORIENTED_EDGE('',*,*,#1623,.F.);
#2905=ORIENTED_EDGE('',*,*,#2046,.F.);
#2906=ORIENTED_EDGE('',*,*,#1740,.F.);
#2907=ORIENTED_EDGE('',*,*,#2049,.T.);
#2908=ORIENTED_EDGE('',*,*,#1624,.F.);
#2909=ORIENTED_EDGE('',*,*,#2048,.F.);
#2910=ORIENTED_EDGE('',*,*,#2047,.F.);
#2911=ORIENTED_EDGE('',*,*,#1739,.F.);
#2912=ORIENTED_EDGE('',*,*,#1738,.F.);
#2913=ORIENTED_EDGE('',*,*,#2050,.T.);
#2914=ORIENTED_EDGE('',*,*,#1625,.F.);
#2915=ORIENTED_EDGE('',*,*,#2049,.F.);
#2916=ORIENTED_EDGE('',*,*,#1626,.F.);
#2917=ORIENTED_EDGE('',*,*,#2050,.F.);
#2918=ORIENTED_EDGE('',*,*,#1737,.F.);
#2919=ORIENTED_EDGE('',*,*,#2051,.T.);
#2920=ORIENTED_EDGE('',*,*,#1736,.F.);
#2921=ORIENTED_EDGE('',*,*,#2052,.T.);
#2922=ORIENTED_EDGE('',*,*,#1636,.T.);
#2923=ORIENTED_EDGE('',*,*,#1616,.F.);
#2924=ORIENTED_EDGE('',*,*,#2051,.F.);
#2925=ORIENTED_EDGE('',*,*,#2052,.F.);
#2926=ORIENTED_EDGE('',*,*,#1735,.F.);
#2927=ORIENTED_EDGE('',*,*,#1637,.T.);
#2928=ORIENTED_EDGE('',*,*,#1747,.T.);
#2929=ORIENTED_EDGE('',*,*,#2053,.T.);
#2930=ORIENTED_EDGE('',*,*,#1618,.F.);
#2931=ORIENTED_EDGE('',*,*,#1635,.F.);
#2932=ORIENTED_EDGE('',*,*,#1734,.F.);
#2933=ORIENTED_EDGE('',*,*,#1746,.T.);
#2934=ORIENTED_EDGE('',*,*,#1749,.T.);
#2935=ORIENTED_EDGE('',*,*,#1865,.T.);
#2936=ORIENTED_EDGE('',*,*,#1864,.T.);
#2937=ORIENTED_EDGE('',*,*,#1619,.F.);
#2938=ORIENTED_EDGE('',*,*,#2053,.F.);
#2939=ORIENTED_EDGE('',*,*,#1917,.T.);
#2940=ORIENTED_EDGE('',*,*,#1919,.T.);
#2941=ORIENTED_EDGE('',*,*,#1941,.F.);
#2942=ORIENTED_EDGE('',*,*,#1757,.T.);
#2943=ORIENTED_EDGE('',*,*,#1966,.F.);
#2944=ORIENTED_EDGE('',*,*,#1973,.F.);
#2945=ORIENTED_EDGE('',*,*,#1978,.F.);
#2946=ORIENTED_EDGE('',*,*,#2054,.T.);
#2947=ORIENTED_EDGE('',*,*,#1967,.F.);
#2948=ORIENTED_EDGE('',*,*,#2054,.F.);
#2949=ORIENTED_EDGE('',*,*,#1977,.F.);
#2950=ORIENTED_EDGE('',*,*,#1944,.T.);
#2951=ORIENTED_EDGE('',*,*,#1647,.F.);
#2952=ORIENTED_EDGE('',*,*,#2055,.F.);
#2953=ORIENTED_EDGE('',*,*,#1604,.F.);
#2954=ORIENTED_EDGE('',*,*,#1640,.F.);
#2955=ORIENTED_EDGE('',*,*,#1729,.F.);
#2956=ORIENTED_EDGE('',*,*,#2056,.F.);
#2957=ORIENTED_EDGE('',*,*,#1606,.F.);
#2958=ORIENTED_EDGE('',*,*,#2057,.F.);
#2959=ORIENTED_EDGE('',*,*,#1797,.F.);
#2960=ORIENTED_EDGE('',*,*,#2058,.F.);
#2961=ORIENTED_EDGE('',*,*,#1814,.F.);
#2962=ORIENTED_EDGE('',*,*,#1809,.F.);
#2963=ORIENTED_EDGE('',*,*,#2055,.T.);
#2964=ORIENTED_EDGE('',*,*,#1646,.F.);
#2965=ORIENTED_EDGE('',*,*,#1798,.F.);
#2966=ORIENTED_EDGE('',*,*,#2057,.T.);
#2967=ORIENTED_EDGE('',*,*,#1605,.T.);
#2968=ORIENTED_EDGE('',*,*,#1587,.T.);
#2969=ORIENTED_EDGE('',*,*,#2059,.T.);
#2970=ORIENTED_EDGE('',*,*,#1730,.F.);
#2971=ORIENTED_EDGE('',*,*,#1638,.T.);
#2972=ORIENTED_EDGE('',*,*,#1602,.T.);
#2973=ORIENTED_EDGE('',*,*,#1808,.T.);
#2974=ORIENTED_EDGE('',*,*,#1822,.F.);
#2975=ORIENTED_EDGE('',*,*,#2060,.T.);
#2976=ORIENTED_EDGE('',*,*,#2058,.T.);
#2977=ORIENTED_EDGE('',*,*,#1806,.F.);
#2978=ORIENTED_EDGE('',*,*,#2061,.T.);
#2979=ORIENTED_EDGE('',*,*,#1815,.F.);
#2980=ORIENTED_EDGE('',*,*,#1816,.F.);
#2981=ORIENTED_EDGE('',*,*,#2061,.F.);
#2982=ORIENTED_EDGE('',*,*,#1805,.F.);
#2983=ORIENTED_EDGE('',*,*,#1999,.F.);
#2984=ORIENTED_EDGE('',*,*,#1817,.F.);
#2985=ORIENTED_EDGE('',*,*,#1803,.F.);
#2986=ORIENTED_EDGE('',*,*,#2000,.F.);
#2987=ORIENTED_EDGE('',*,*,#1651,.F.);
#2988=ORIENTED_EDGE('',*,*,#1726,.F.);
#2989=ORIENTED_EDGE('',*,*,#2056,.T.);
#2990=ORIENTED_EDGE('',*,*,#1728,.F.);
#2991=ORIENTED_EDGE('',*,*,#2062,.F.);
#2992=ORIENTED_EDGE('',*,*,#1648,.F.);
#2993=ORIENTED_EDGE('',*,*,#1727,.F.);
#2994=ORIENTED_EDGE('',*,*,#1649,.F.);
#2995=ORIENTED_EDGE('',*,*,#2062,.T.);
#2996=ORIENTED_EDGE('',*,*,#1946,.T.);
#2997=ORIENTED_EDGE('',*,*,#1818,.F.);
#2998=ORIENTED_EDGE('',*,*,#1998,.F.);
#2999=ORIENTED_EDGE('',*,*,#1939,.F.);
#3000=ORIENTED_EDGE('',*,*,#1947,.F.);
#3001=ORIENTED_EDGE('',*,*,#1936,.T.);
#3002=ORIENTED_EDGE('',*,*,#2001,.F.);
#3003=ORIENTED_EDGE('',*,*,#1725,.F.);
#3004=ORIENTED_EDGE('',*,*,#1672,.T.);
#3005=ORIENTED_EDGE('',*,*,#1731,.T.);
#3006=ORIENTED_EDGE('',*,*,#2059,.F.);
#3007=ORIENTED_EDGE('',*,*,#1593,.T.);
#3008=ORIENTED_EDGE('',*,*,#2063,.F.);
#3009=ORIENTED_EDGE('',*,*,#1588,.T.);
#3010=ORIENTED_EDGE('',*,*,#2060,.F.);
#3011=ORIENTED_EDGE('',*,*,#1821,.F.);
#3012=ORIENTED_EDGE('',*,*,#1655,.F.);
#3013=ORIENTED_EDGE('',*,*,#2064,.T.);
#3014=ORIENTED_EDGE('',*,*,#1654,.F.);
#3015=ORIENTED_EDGE('',*,*,#2065,.T.);
#3016=ORIENTED_EDGE('',*,*,#1589,.T.);
#3017=ORIENTED_EDGE('',*,*,#2064,.F.);
#3018=ORIENTED_EDGE('',*,*,#1653,.F.);
#3019=ORIENTED_EDGE('',*,*,#2066,.T.);
#3020=ORIENTED_EDGE('',*,*,#1590,.T.);
#3021=ORIENTED_EDGE('',*,*,#2065,.F.);
#3022=ORIENTED_EDGE('',*,*,#1591,.T.);
#3023=ORIENTED_EDGE('',*,*,#2066,.F.);
#3024=ORIENTED_EDGE('',*,*,#1652,.T.);
#3025=ORIENTED_EDGE('',*,*,#2067,.T.);
#3026=ORIENTED_EDGE('',*,*,#1673,.T.);
#3027=ORIENTED_EDGE('',*,*,#2063,.T.);
#3028=ORIENTED_EDGE('',*,*,#1592,.T.);
#3029=ORIENTED_EDGE('',*,*,#2067,.F.);
#3030=PLANE('',#3336);
#3031=PLANE('',#3340);
#3032=PLANE('',#3341);
#3033=PLANE('',#3344);
#3034=PLANE('',#3345);
#3035=PLANE('',#3346);
#3036=PLANE('',#3347);
#3037=PLANE('',#3348);
#3038=PLANE('',#3350);
#3039=PLANE('',#3363);
#3040=PLANE('',#3374);
#3041=PLANE('',#3376);
#3042=PLANE('',#3379);
#3043=PLANE('',#3382);
#3044=PLANE('',#3383);
#3045=PLANE('',#3384);
#3046=PLANE('',#3385);
#3047=PLANE('',#3386);
#3048=PLANE('',#3397);
#3049=PLANE('',#3399);
#3050=PLANE('',#3402);
#3051=PLANE('',#3404);
#3052=PLANE('',#3406);
#3053=PLANE('',#3407);
#3054=PLANE('',#3408);
#3055=PLANE('',#3419);
#3056=PLANE('',#3420);
#3057=PLANE('',#3421);
#3058=PLANE('',#3423);
#3059=PLANE('',#3425);
#3060=PLANE('',#3426);
#3061=PLANE('',#3428);
#3062=PLANE('',#3430);
#3063=PLANE('',#3432);
#3064=PLANE('',#3438);
#3065=PLANE('',#3442);
#3066=PLANE('',#3443);
#3067=PLANE('',#3444);
#3068=PLANE('',#3445);
#3069=PLANE('',#3446);
#3070=PLANE('',#3452);
#3071=PLANE('',#3453);
#3072=PLANE('',#3454);
#3073=PLANE('',#3455);
#3074=PLANE('',#3456);
#3075=PLANE('',#3457);
#3076=PLANE('',#3458);
#3077=PLANE('',#3459);
#3078=PLANE('',#3460);
#3079=PLANE('',#3461);
#3080=PLANE('',#3462);
#3081=PLANE('',#3463);
#3082=PLANE('',#3464);
#3083=PLANE('',#3465);
#3084=PLANE('',#3466);
#3085=PLANE('',#3467);
#3086=PLANE('',#3468);
#3087=PLANE('',#3469);
#3088=PLANE('',#3470);
#3089=PLANE('',#3471);
#3090=PLANE('',#3472);
#3091=PLANE('',#3473);
#3092=PLANE('',#3474);
#3093=PLANE('',#3475);
#3094=PLANE('',#3476);
#3095=PLANE('',#3477);
#3096=PLANE('',#3478);
#3097=PLANE('',#3479);
#3098=PLANE('',#3480);
#3099=PLANE('',#3481);
#3100=PLANE('',#3482);
#3101=PLANE('',#3483);
#3102=PLANE('',#3484);
#3103=PLANE('',#3485);
#3104=PLANE('',#3486);
#3105=PLANE('',#3487);
#3106=PLANE('',#3488);
#3107=PLANE('',#3489);
#3108=PLANE('',#3490);
#3109=PLANE('',#3491);
#3110=PLANE('',#3492);
#3111=PLANE('',#3493);
#3112=PLANE('',#3494);
#3113=PLANE('',#3495);
#3114=PLANE('',#3496);
#3115=PLANE('',#3497);
#3116=PLANE('',#3498);
#3117=PLANE('',#3499);
#3118=PLANE('',#3500);
#3119=PLANE('',#3501);
#3120=PLANE('',#3502);
#3121=PLANE('',#3503);
#3122=PLANE('',#3504);
#3123=PLANE('',#3505);
#3124=PLANE('',#3506);
#3125=PLANE('',#3507);
#3126=PLANE('',#3508);
#3127=PLANE('',#3509);
#3128=PLANE('',#3510);
#3129=PLANE('',#3511);
#3130=PLANE('',#3512);
#3131=PLANE('',#3513);
#3132=PLANE('',#3514);
#3133=PLANE('',#3515);
#3134=PLANE('',#3516);
#3135=PLANE('',#3517);
#3136=PLANE('',#3518);
#3137=PLANE('',#3519);
#3138=PLANE('',#3520);
#3139=PLANE('',#3521);
#3140=PLANE('',#3522);
#3141=PLANE('',#3523);
#3142=PLANE('',#3524);
#3143=PLANE('',#3525);
#3144=PLANE('',#3526);
#3145=PLANE('',#3527);
#3146=PLANE('',#3528);
#3147=PLANE('',#3529);
#3148=PLANE('',#3530);
#3149=PLANE('',#3531);
#3150=PLANE('',#3532);
#3151=PLANE('',#3533);
#3152=PLANE('',#3534);
#3153=PLANE('',#3535);
#3154=PLANE('',#3536);
#3155=PLANE('',#3537);
#3156=PLANE('',#3538);
#3157=PLANE('',#3539);
#3158=PLANE('',#3540);
#3159=PLANE('',#3541);
#3160=PLANE('',#3542);
#3161=PLANE('',#3543);
#3162=ADVANCED_FACE('',(#134),#3030,.F.);
#3163=ADVANCED_FACE('',(#135),#116,.F.);
#3164=ADVANCED_FACE('',(#136),#3031,.T.);
#3165=ADVANCED_FACE('',(#137),#3032,.F.);
#3166=ADVANCED_FACE('',(#138,#25),#3033,.T.);
#3167=ADVANCED_FACE('',(#139),#3034,.F.);
#3168=ADVANCED_FACE('',(#140),#3035,.F.);
#3169=ADVANCED_FACE('',(#141),#3036,.T.);
#3170=ADVANCED_FACE('',(#142,#26,#27),#3037,.T.);
#3171=ADVANCED_FACE('',(#143,#28),#3038,.F.);
#3172=ADVANCED_FACE('',(#144,#29),#3039,.T.);
#3173=ADVANCED_FACE('',(#145),#117,.F.);
#3174=ADVANCED_FACE('',(#146),#23,.F.);
#3175=ADVANCED_FACE('',(#147,#30),#3040,.F.);
#3176=ADVANCED_FACE('',(#148),#3041,.F.);
#3177=ADVANCED_FACE('',(#149),#118,.F.);
#3178=ADVANCED_FACE('',(#150),#3042,.F.);
#3179=ADVANCED_FACE('',(#151,#31),#3043,.F.);
#3180=ADVANCED_FACE('',(#152),#3044,.T.);
#3181=ADVANCED_FACE('',(#153),#3045,.T.);
#3182=ADVANCED_FACE('',(#154),#3046,.T.);
#3183=ADVANCED_FACE('',(#155,#32),#3047,.T.);
#3184=ADVANCED_FACE('',(#156),#119,.F.);
#3185=ADVANCED_FACE('',(#157),#24,.F.);
#3186=ADVANCED_FACE('',(#158,#33),#3048,.F.);
#3187=ADVANCED_FACE('',(#159),#3049,.F.);
#3188=ADVANCED_FACE('',(#160),#120,.F.);
#3189=ADVANCED_FACE('',(#161),#121,.F.);
#3190=ADVANCED_FACE('',(#162),#3050,.T.);
#3191=ADVANCED_FACE('',(#163),#3051,.F.);
#3192=ADVANCED_FACE('',(#164),#3052,.T.);
#3193=ADVANCED_FACE('',(#165),#3053,.T.);
#3194=ADVANCED_FACE('',(#166),#3054,.F.);
#3195=ADVANCED_FACE('',(#167),#122,.F.);
#3196=ADVANCED_FACE('',(#168),#123,.F.);
#3197=ADVANCED_FACE('',(#169),#15,.T.);
#3198=ADVANCED_FACE('',(#170),#124,.F.);
#3199=ADVANCED_FACE('',(#171),#16,.T.);
#3200=ADVANCED_FACE('',(#172),#125,.F.);
#3201=ADVANCED_FACE('',(#173),#17,.T.);
#3202=ADVANCED_FACE('',(#174),#126,.F.);
#3203=ADVANCED_FACE('',(#175),#18,.T.);
#3204=ADVANCED_FACE('',(#176),#3055,.F.);
#3205=ADVANCED_FACE('',(#177),#3056,.F.);
#3206=ADVANCED_FACE('',(#178),#3057,.F.);
#3207=ADVANCED_FACE('',(#179),#3058,.F.);
#3208=ADVANCED_FACE('',(#180),#3059,.F.);
#3209=ADVANCED_FACE('',(#181),#3060,.F.);
#3210=ADVANCED_FACE('',(#182),#3061,.F.);
#3211=ADVANCED_FACE('',(#183),#3062,.F.);
#3212=ADVANCED_FACE('',(#184),#3063,.F.);
#3213=ADVANCED_FACE('',(#185),#3064,.T.);
#3214=ADVANCED_FACE('',(#186),#127,.F.);
#3215=ADVANCED_FACE('',(#187),#128,.F.);
#3216=ADVANCED_FACE('',(#188),#3065,.T.);
#3217=ADVANCED_FACE('',(#189),#3066,.T.);
#3218=ADVANCED_FACE('',(#190),#3067,.T.);
#3219=ADVANCED_FACE('',(#191),#3068,.T.);
#3220=ADVANCED_FACE('',(#192),#3069,.T.);
#3221=ADVANCED_FACE('',(#193),#129,.F.);
#3222=ADVANCED_FACE('',(#194),#19,.T.);
#3223=ADVANCED_FACE('',(#195),#130,.F.);
#3224=ADVANCED_FACE('',(#196),#20,.T.);
#3225=ADVANCED_FACE('',(#197),#131,.F.);
#3226=ADVANCED_FACE('',(#198),#21,.T.);
#3227=ADVANCED_FACE('',(#199),#132,.F.);
#3228=ADVANCED_FACE('',(#200),#22,.T.);
#3229=ADVANCED_FACE('',(#201),#133,.F.);
#3230=ADVANCED_FACE('',(#202),#3070,.F.);
#3231=ADVANCED_FACE('',(#203),#3071,.F.);
#3232=ADVANCED_FACE('',(#204),#3072,.F.);
#3233=ADVANCED_FACE('',(#205),#3073,.F.);
#3234=ADVANCED_FACE('',(#206,#34,#35),#3074,.T.);
#3235=ADVANCED_FACE('',(#207),#3075,.F.);
#3236=ADVANCED_FACE('',(#208),#3076,.F.);
#3237=ADVANCED_FACE('',(#209),#3077,.F.);
#3238=ADVANCED_FACE('',(#210),#3078,.F.);
#3239=ADVANCED_FACE('',(#211),#3079,.F.);
#3240=ADVANCED_FACE('',(#212),#3080,.F.);
#3241=ADVANCED_FACE('',(#213),#3081,.F.);
#3242=ADVANCED_FACE('',(#214),#3082,.F.);
#3243=ADVANCED_FACE('',(#215),#3083,.T.);
#3244=ADVANCED_FACE('',(#216),#3084,.T.);
#3245=ADVANCED_FACE('',(#217),#3085,.T.);
#3246=ADVANCED_FACE('',(#218),#3086,.T.);
#3247=ADVANCED_FACE('',(#219),#3087,.T.);
#3248=ADVANCED_FACE('',(#220),#3088,.T.);
#3249=ADVANCED_FACE('',(#221),#3089,.T.);
#3250=ADVANCED_FACE('',(#222),#3090,.T.);
#3251=ADVANCED_FACE('',(#223),#3091,.T.);
#3252=ADVANCED_FACE('',(#224),#3092,.T.);
#3253=ADVANCED_FACE('',(#225),#3093,.T.);
#3254=ADVANCED_FACE('',(#226),#3094,.T.);
#3255=ADVANCED_FACE('',(#227),#3095,.T.);
#3256=ADVANCED_FACE('',(#228),#3096,.F.);
#3257=ADVANCED_FACE('',(#229),#3097,.T.);
#3258=ADVANCED_FACE('',(#230),#3098,.F.);
#3259=ADVANCED_FACE('',(#231),#3099,.F.);
#3260=ADVANCED_FACE('',(#232),#3100,.F.);
#3261=ADVANCED_FACE('',(#233),#3101,.F.);
#3262=ADVANCED_FACE('',(#234),#3102,.F.);
#3263=ADVANCED_FACE('',(#235),#3103,.T.);
#3264=ADVANCED_FACE('',(#236),#3104,.T.);
#3265=ADVANCED_FACE('',(#237),#3105,.T.);
#3266=ADVANCED_FACE('',(#238),#3106,.F.);
#3267=ADVANCED_FACE('',(#239),#3107,.T.);
#3268=ADVANCED_FACE('',(#240),#3108,.T.);
#3269=ADVANCED_FACE('',(#241),#3109,.T.);
#3270=ADVANCED_FACE('',(#242),#3110,.T.);
#3271=ADVANCED_FACE('',(#243),#3111,.T.);
#3272=ADVANCED_FACE('',(#244),#3112,.F.);
#3273=ADVANCED_FACE('',(#245),#3113,.T.);
#3274=ADVANCED_FACE('',(#246),#3114,.T.);
#3275=ADVANCED_FACE('',(#247),#3115,.T.);
#3276=ADVANCED_FACE('',(#248),#3116,.T.);
#3277=ADVANCED_FACE('',(#249),#3117,.T.);
#3278=ADVANCED_FACE('',(#250),#3118,.T.);
#3279=ADVANCED_FACE('',(#251),#3119,.T.);
#3280=ADVANCED_FACE('',(#252),#3120,.T.);
#3281=ADVANCED_FACE('',(#253),#3121,.T.);
#3282=ADVANCED_FACE('',(#254),#3122,.F.);
#3283=ADVANCED_FACE('',(#255),#3123,.F.);
#3284=ADVANCED_FACE('',(#256),#3124,.T.);
#3285=ADVANCED_FACE('',(#257),#3125,.F.);
#3286=ADVANCED_FACE('',(#258),#3126,.F.);
#3287=ADVANCED_FACE('',(#259),#3127,.F.);
#3288=ADVANCED_FACE('',(#260),#3128,.F.);
#3289=ADVANCED_FACE('',(#261),#3129,.F.);
#3290=ADVANCED_FACE('',(#262),#3130,.T.);
#3291=ADVANCED_FACE('',(#263),#3131,.F.);
#3292=ADVANCED_FACE('',(#264),#3132,.F.);
#3293=ADVANCED_FACE('',(#265),#3133,.F.);
#3294=ADVANCED_FACE('',(#266),#3134,.F.);
#3295=ADVANCED_FACE('',(#267),#3135,.F.);
#3296=ADVANCED_FACE('',(#268),#3136,.F.);
#3297=ADVANCED_FACE('',(#269),#3137,.F.);
#3298=ADVANCED_FACE('',(#270),#3138,.F.);
#3299=ADVANCED_FACE('',(#271),#3139,.F.);
#3300=ADVANCED_FACE('',(#272),#3140,.F.);
#3301=ADVANCED_FACE('',(#273),#3141,.F.);
#3302=ADVANCED_FACE('',(#274),#3142,.T.);
#3303=ADVANCED_FACE('',(#275),#3143,.T.);
#3304=ADVANCED_FACE('',(#276),#3144,.F.);
#3305=ADVANCED_FACE('',(#277),#3145,.F.);
#3306=ADVANCED_FACE('',(#278),#3146,.T.);
#3307=ADVANCED_FACE('',(#279),#3147,.T.);
#3308=ADVANCED_FACE('',(#280),#3148,.T.);
#3309=ADVANCED_FACE('',(#281),#3149,.T.);
#3310=ADVANCED_FACE('',(#282),#3150,.T.);
#3311=ADVANCED_FACE('',(#283),#3151,.F.);
#3312=ADVANCED_FACE('',(#284),#3152,.F.);
#3313=ADVANCED_FACE('',(#285),#3153,.F.);
#3314=ADVANCED_FACE('',(#286),#3154,.F.);
#3315=ADVANCED_FACE('',(#287),#3155,.F.);
#3316=ADVANCED_FACE('',(#288),#3156,.F.);
#3317=ADVANCED_FACE('',(#289),#3157,.F.);
#3318=ADVANCED_FACE('',(#290),#3158,.F.);
#3319=ADVANCED_FACE('',(#291),#3159,.F.);
#3320=ADVANCED_FACE('',(#292),#3160,.F.);
#3321=ADVANCED_FACE('',(#293),#3161,.F.);
#3322=CLOSED_SHELL('',(#3162,#3163,#3164,#3165,#3166,#3167,#3168,#3169,
#3170,#3171,#3172,#3173,#3174,#3175,#3176,#3177,#3178,#3179,#3180,#3181,
#3182,#3183,#3184,#3185,#3186,#3187,#3188,#3189,#3190,#3191,#3192,#3193,
#3194,#3195,#3196,#3197,#3198,#3199,#3200,#3201,#3202,#3203,#3204,#3205,
#3206,#3207,#3208,#3209,#3210,#3211,#3212,#3213,#3214,#3215,#3216,#3217,
#3218,#3219,#3220,#3221,#3222,#3223,#3224,#3225,#3226,#3227,#3228,#3229,
#3230,#3231,#3232,#3233,#3234,#3235,#3236,#3237,#3238,#3239,#3240,#3241,
#3242,#3243,#3244,#3245,#3246,#3247,#3248,#3249,#3250,#3251,#3252,#3253,
#3254,#3255,#3256,#3257,#3258,#3259,#3260,#3261,#3262,#3263,#3264,#3265,
#3266,#3267,#3268,#3269,#3270,#3271,#3272,#3273,#3274,#3275,#3276,#3277,
#3278,#3279,#3280,#3281,#3282,#3283,#3284,#3285,#3286,#3287,#3288,#3289,
#3290,#3291,#3292,#3293,#3294,#3295,#3296,#3297,#3298,#3299,#3300,#3301,
#3302,#3303,#3304,#3305,#3306,#3307,#3308,#3309,#3310,#3311,#3312,#3313,
#3314,#3315,#3316,#3317,#3318,#3319,#3320,#3321));
#3323=DERIVED_UNIT_ELEMENT(#3325,1.);
#3324=DERIVED_UNIT_ELEMENT(#5620,-3.);
#3325=(
MASS_UNIT()
NAMED_UNIT(*)
SI_UNIT(.KILO.,.GRAM.)
);
#3326=DERIVED_UNIT((#3323,#3324));
#3327=MEASURE_REPRESENTATION_ITEM('density measure',
POSITIVE_RATIO_MEASURE(7850.),#3326);
#3328=PROPERTY_DEFINITION_REPRESENTATION(#3333,#3330);
#3329=PROPERTY_DEFINITION_REPRESENTATION(#3334,#3331);
#3330=REPRESENTATION('material name',(#3332),#5617);
#3331=REPRESENTATION('density',(#3327),#5617);
#3332=DESCRIPTIVE_REPRESENTATION_ITEM('Steel','Steel');
#3333=PROPERTY_DEFINITION('material property','material name',#5627);
#3334=PROPERTY_DEFINITION('material property','density of part',#5627);
#3335=AXIS2_PLACEMENT_3D('',#4363,#3544,#3545);
#3336=AXIS2_PLACEMENT_3D('',#4364,#3546,#3547);
#3337=AXIS2_PLACEMENT_3D('',#4379,#3555,#3556);
#3338=AXIS2_PLACEMENT_3D('',#4381,#3557,#3558);
#3339=AXIS2_PLACEMENT_3D('',#4464,#3561,#3562);
#3340=AXIS2_PLACEMENT_3D('',#4479,#3563,#3564);
#3341=AXIS2_PLACEMENT_3D('',#4492,#3571,#3572);
#3342=AXIS2_PLACEMENT_3D('',#4497,#3574,#3575);
#3343=AXIS2_PLACEMENT_3D('',#4499,#3576,#3577);
#3344=AXIS2_PLACEMENT_3D('',#4509,#3583,#3584);
#3345=AXIS2_PLACEMENT_3D('',#4546,#3603,#3604);
#3346=AXIS2_PLACEMENT_3D('',#4554,#3609,#3610);
#3347=AXIS2_PLACEMENT_3D('',#4560,#3614,#3615);
#3348=AXIS2_PLACEMENT_3D('',#4583,#3627,#3628);
#3349=AXIS2_PLACEMENT_3D('',#4629,#3651,#3652);
#3350=AXIS2_PLACEMENT_3D('',#4630,#3653,#3654);
#3351=AXIS2_PLACEMENT_3D('',#4677,#3677,#3678);
#3352=AXIS2_PLACEMENT_3D('',#4684,#3679,#3680);
#3353=AXIS2_PLACEMENT_3D('',#4691,#3681,#3682);
#3354=AXIS2_PLACEMENT_3D('',#4698,#3683,#3684);
#3355=AXIS2_PLACEMENT_3D('',#4705,#3685,#3686);
#3356=AXIS2_PLACEMENT_3D('',#4715,#3691,#3692);
#3357=AXIS2_PLACEMENT_3D('',#4717,#3693,#3694);
#3358=AXIS2_PLACEMENT_3D('',#4724,#3695,#3696);
#3359=AXIS2_PLACEMENT_3D('',#4731,#3697,#3698);
#3360=AXIS2_PLACEMENT_3D('',#4738,#3699,#3700);
#3361=AXIS2_PLACEMENT_3D('',#4745,#3701,#3702);
#3362=AXIS2_PLACEMENT_3D('',#4747,#3703,#3704);
#3363=AXIS2_PLACEMENT_3D('',#4751,#3707,#3708);
#3364=AXIS2_PLACEMENT_3D('',#4771,#3719,#3720);
#3365=AXIS2_PLACEMENT_3D('',#4788,#3730,#3731);
#3366=AXIS2_PLACEMENT_3D('',#4790,#3732,#3733);
#3367=AXIS2_PLACEMENT_3D('',#4791,#3734,#3735);
#3368=AXIS2_PLACEMENT_3D('',#4795,#3737,#3738);
#3369=AXIS2_PLACEMENT_3D('',#4796,#3739,#3740);
#3370=AXIS2_PLACEMENT_3D('',#4798,#3741,#3742);
#3371=AXIS2_PLACEMENT_3D('',#4799,#3743,#3744);
#3372=AXIS2_PLACEMENT_3D('',#4800,#3745,#3746);
#3373=AXIS2_PLACEMENT_3D('',#4802,#3747,#3748);
#3374=AXIS2_PLACEMENT_3D('',#4804,#3750,#3751);
#3375=AXIS2_PLACEMENT_3D('',#4822,#3761,#3762);
#3376=AXIS2_PLACEMENT_3D('',#4823,#3763,#3764);
#3377=AXIS2_PLACEMENT_3D('',#4827,#3767,#3768);
#3378=AXIS2_PLACEMENT_3D('',#4906,#3771,#3772);
#3379=AXIS2_PLACEMENT_3D('',#4925,#3773,#3774);
#3380=AXIS2_PLACEMENT_3D('',#4936,#3779,#3780);
#3381=AXIS2_PLACEMENT_3D('',#4938,#3781,#3782);
#3382=AXIS2_PLACEMENT_3D('',#4942,#3785,#3786);
#3383=AXIS2_PLACEMENT_3D('',#4979,#3805,#3806);
#3384=AXIS2_PLACEMENT_3D('',#4999,#3817,#3818);
#3385=AXIS2_PLACEMENT_3D('',#5005,#3822,#3823);
#3386=AXIS2_PLACEMENT_3D('',#5013,#3828,#3829);
#3387=AXIS2_PLACEMENT_3D('',#5032,#3840,#3841);
#3388=AXIS2_PLACEMENT_3D('',#5050,#3851,#3852);
#3389=AXIS2_PLACEMENT_3D('',#5052,#3853,#3854);
#3390=AXIS2_PLACEMENT_3D('',#5056,#3856,#3857);
#3391=AXIS2_PLACEMENT_3D('',#5057,#3858,#3859);
#3392=AXIS2_PLACEMENT_3D('',#5059,#3860,#3861);
#3393=AXIS2_PLACEMENT_3D('',#5060,#3862,#3863);
#3394=AXIS2_PLACEMENT_3D('',#5061,#3864,#3865);
#3395=AXIS2_PLACEMENT_3D('',#5062,#3866,#3867);
#3396=AXIS2_PLACEMENT_3D('',#5065,#3869,#3870);
#3397=AXIS2_PLACEMENT_3D('',#5066,#3871,#3872);
#3398=AXIS2_PLACEMENT_3D('',#5084,#3882,#3883);
#3399=AXIS2_PLACEMENT_3D('',#5085,#3884,#3885);
#3400=AXIS2_PLACEMENT_3D('',#5089,#3888,#3889);
#3401=AXIS2_PLACEMENT_3D('',#5091,#3891,#3892);
#3402=AXIS2_PLACEMENT_3D('',#5093,#3894,#3895);
#3403=AXIS2_PLACEMENT_3D('',#5096,#3897,#3898);
#3404=AXIS2_PLACEMENT_3D('',#5097,#3899,#3900);
#3405=AXIS2_PLACEMENT_3D('',#5099,#3901,#3902);
#3406=AXIS2_PLACEMENT_3D('',#5101,#3904,#3905);
#3407=AXIS2_PLACEMENT_3D('',#5106,#3909,#3910);
#3408=AXIS2_PLACEMENT_3D('',#5107,#3911,#3912);
#3409=AXIS2_PLACEMENT_3D('',#5112,#3916,#3917);
#3410=AXIS2_PLACEMENT_3D('',#5115,#3919,#3920);
#3411=AXIS2_PLACEMENT_3D('',#5117,#3922,#3923);
#3412=AXIS2_PLACEMENT_3D('',#5120,#3925,#3926);
#3413=AXIS2_PLACEMENT_3D('',#5137,#3928,#3929);
#3414=AXIS2_PLACEMENT_3D('',#5140,#3931,#3932);
#3415=AXIS2_PLACEMENT_3D('',#5157,#3934,#3935);
#3416=AXIS2_PLACEMENT_3D('',#5160,#3937,#3938);
#3417=AXIS2_PLACEMENT_3D('',#5177,#3940,#3941);
#3418=AXIS2_PLACEMENT_3D('',#5180,#3943,#3944);
#3419=AXIS2_PLACEMENT_3D('',#5197,#3946,#3947);
#3420=AXIS2_PLACEMENT_3D('',#5200,#3950,#3951);
#3421=AXIS2_PLACEMENT_3D('',#5203,#3954,#3955);
#3422=AXIS2_PLACEMENT_3D('',#5207,#3957,#3958);
#3423=AXIS2_PLACEMENT_3D('',#5210,#3961,#3962);
#3424=AXIS2_PLACEMENT_3D('',#5212,#3963,#3964);
#3425=AXIS2_PLACEMENT_3D('',#5214,#3966,#3967);
#3426=AXIS2_PLACEMENT_3D('',#5216,#3969,#3970);
#3427=AXIS2_PLACEMENT_3D('',#5217,#3971,#3972);
#3428=AXIS2_PLACEMENT_3D('',#5218,#3973,#3974);
#3429=AXIS2_PLACEMENT_3D('',#5220,#3975,#3976);
#3430=AXIS2_PLACEMENT_3D('',#5222,#3978,#3979);
#3431=AXIS2_PLACEMENT_3D('',#5224,#3980,#3981);
#3432=AXIS2_PLACEMENT_3D('',#5227,#3984,#3985);
#3433=AXIS2_PLACEMENT_3D('',#5230,#3987,#3988);
#3434=AXIS2_PLACEMENT_3D('',#5239,#3989,#3990);
#3435=AXIS2_PLACEMENT_3D('',#5248,#3991,#3992);
#3436=AXIS2_PLACEMENT_3D('',#5257,#3993,#3994);
#3437=AXIS2_PLACEMENT_3D('',#5265,#3995,#3996);
#3438=AXIS2_PLACEMENT_3D('',#5266,#3997,#3998);
#3439=AXIS2_PLACEMENT_3D('',#5268,#4000,#4001);
#3440=AXIS2_PLACEMENT_3D('',#5270,#4003,#4004);
#3441=AXIS2_PLACEMENT_3D('',#5271,#4005,#4006);
#3442=AXIS2_PLACEMENT_3D('',#5272,#4007,#4008);
#3443=AXIS2_PLACEMENT_3D('',#5273,#4009,#4010);
#3444=AXIS2_PLACEMENT_3D('',#5277,#4013,#4014);
#3445=AXIS2_PLACEMENT_3D('',#5285,#4019,#4020);
#3446=AXIS2_PLACEMENT_3D('',#5287,#4022,#4023);
#3447=AXIS2_PLACEMENT_3D('',#5291,#4026,#4027);
#3448=AXIS2_PLACEMENT_3D('',#5302,#4030,#4031);
#3449=AXIS2_PLACEMENT_3D('',#5313,#4034,#4035);
#3450=AXIS2_PLACEMENT_3D('',#5324,#4038,#4039);
#3451=AXIS2_PLACEMENT_3D('',#5335,#4042,#4043);
#3452=AXIS2_PLACEMENT_3D('',#5336,#4044,#4045);
#3453=AXIS2_PLACEMENT_3D('',#5337,#4046,#4047);
#3454=AXIS2_PLACEMENT_3D('',#5346,#4052,#4053);
#3455=AXIS2_PLACEMENT_3D('',#5352,#4057,#4058);
#3456=AXIS2_PLACEMENT_3D('',#5354,#4060,#4061);
#3457=AXIS2_PLACEMENT_3D('',#5369,#4072,#4073);
#3458=AXIS2_PLACEMENT_3D('',#5373,#4076,#4077);
#3459=AXIS2_PLACEMENT_3D('',#5380,#4082,#4083);
#3460=AXIS2_PLACEMENT_3D('',#5382,#4085,#4086);
#3461=AXIS2_PLACEMENT_3D('',#5383,#4087,#4088);
#3462=AXIS2_PLACEMENT_3D('',#5389,#4092,#4093);
#3463=AXIS2_PLACEMENT_3D('',#5391,#4095,#4096);
#3464=AXIS2_PLACEMENT_3D('',#5396,#4100,#4101);
#3465=AXIS2_PLACEMENT_3D('',#5398,#4103,#4104);
#3466=AXIS2_PLACEMENT_3D('',#5408,#4110,#4111);
#3467=AXIS2_PLACEMENT_3D('',#5414,#4115,#4116);
#3468=AXIS2_PLACEMENT_3D('',#5418,#4119,#4120);
#3469=AXIS2_PLACEMENT_3D('',#5420,#4122,#4123);
#3470=AXIS2_PLACEMENT_3D('',#5424,#4126,#4127);
#3471=AXIS2_PLACEMENT_3D('',#5434,#4133,#4134);
#3472=AXIS2_PLACEMENT_3D('',#5440,#4138,#4139);
#3473=AXIS2_PLACEMENT_3D('',#5442,#4141,#4142);
#3474=AXIS2_PLACEMENT_3D('',#5448,#4146,#4147);
#3475=AXIS2_PLACEMENT_3D('',#5450,#4149,#4150);
#3476=AXIS2_PLACEMENT_3D('',#5452,#4152,#4153);
#3477=AXIS2_PLACEMENT_3D('',#5453,#4154,#4155);
#3478=AXIS2_PLACEMENT_3D('',#5456,#4158,#4159);
#3479=AXIS2_PLACEMENT_3D('',#5457,#4160,#4161);
#3480=AXIS2_PLACEMENT_3D('',#5459,#4163,#4164);
#3481=AXIS2_PLACEMENT_3D('',#5460,#4165,#4166);
#3482=AXIS2_PLACEMENT_3D('',#5462,#4168,#4169);
#3483=AXIS2_PLACEMENT_3D('',#5463,#4170,#4171);
#3484=AXIS2_PLACEMENT_3D('',#5465,#4173,#4174);
#3485=AXIS2_PLACEMENT_3D('',#5466,#4175,#4176);
#3486=AXIS2_PLACEMENT_3D('',#5471,#4181,#4182);
#3487=AXIS2_PLACEMENT_3D('',#5481,#4188,#4189);
#3488=AXIS2_PLACEMENT_3D('',#5487,#4193,#4194);
#3489=AXIS2_PLACEMENT_3D('',#5493,#4198,#4199);
#3490=AXIS2_PLACEMENT_3D('',#5498,#4203,#4204);
#3491=AXIS2_PLACEMENT_3D('',#5500,#4206,#4207);
#3492=AXIS2_PLACEMENT_3D('',#5502,#4209,#4210);
#3493=AXIS2_PLACEMENT_3D('',#5503,#4211,#4212);
#3494=AXIS2_PLACEMENT_3D('',#5505,#4214,#4215);
#3495=AXIS2_PLACEMENT_3D('',#5506,#4216,#4217);
#3496=AXIS2_PLACEMENT_3D('',#5509,#4220,#4221);
#3497=AXIS2_PLACEMENT_3D('',#5511,#4223,#4224);
#3498=AXIS2_PLACEMENT_3D('',#5515,#4227,#4228);
#3499=AXIS2_PLACEMENT_3D('',#5517,#4230,#4231);
#3500=AXIS2_PLACEMENT_3D('',#5519,#4233,#4234);
#3501=AXIS2_PLACEMENT_3D('',#5521,#4236,#4237);
#3502=AXIS2_PLACEMENT_3D('',#5523,#4239,#4240);
#3503=AXIS2_PLACEMENT_3D('',#5524,#4241,#4242);
#3504=AXIS2_PLACEMENT_3D('',#5525,#4243,#4244);
#3505=AXIS2_PLACEMENT_3D('',#5535,#4250,#4251);
#3506=AXIS2_PLACEMENT_3D('',#5541,#4255,#4256);
#3507=AXIS2_PLACEMENT_3D('',#5547,#4260,#4261);
#3508=AXIS2_PLACEMENT_3D('',#5552,#4265,#4266);
#3509=AXIS2_PLACEMENT_3D('',#5554,#4268,#4269);
#3510=AXIS2_PLACEMENT_3D('',#5556,#4271,#4272);
#3511=AXIS2_PLACEMENT_3D('',#5557,#4273,#4274);
#3512=AXIS2_PLACEMENT_3D('',#5559,#4276,#4277);
#3513=AXIS2_PLACEMENT_3D('',#5560,#4278,#4279);
#3514=AXIS2_PLACEMENT_3D('',#5562,#4281,#4282);
#3515=AXIS2_PLACEMENT_3D('',#5564,#4284,#4285);
#3516=AXIS2_PLACEMENT_3D('',#5568,#4288,#4289);
#3517=AXIS2_PLACEMENT_3D('',#5570,#4291,#4292);
#3518=AXIS2_PLACEMENT_3D('',#5572,#4294,#4295);
#3519=AXIS2_PLACEMENT_3D('',#5574,#4297,#4298);
#3520=AXIS2_PLACEMENT_3D('',#5576,#4300,#4301);
#3521=AXIS2_PLACEMENT_3D('',#5577,#4302,#4303);
#3522=AXIS2_PLACEMENT_3D('',#5579,#4305,#4306);
#3523=AXIS2_PLACEMENT_3D('',#5580,#4307,#4308);
#3524=AXIS2_PLACEMENT_3D('',#5581,#4309,#4310);
#3525=AXIS2_PLACEMENT_3D('',#5583,#4312,#4313);
#3526=AXIS2_PLACEMENT_3D('',#5584,#4314,#4315);
#3527=AXIS2_PLACEMENT_3D('',#5587,#4318,#4319);
#3528=AXIS2_PLACEMENT_3D('',#5590,#4322,#4323);
#3529=AXIS2_PLACEMENT_3D('',#5591,#4324,#4325);
#3530=AXIS2_PLACEMENT_3D('',#5594,#4328,#4329);
#3531=AXIS2_PLACEMENT_3D('',#5596,#4331,#4332);
#3532=AXIS2_PLACEMENT_3D('',#5597,#4333,#4334);
#3533=AXIS2_PLACEMENT_3D('',#5598,#4335,#4336);
#3534=AXIS2_PLACEMENT_3D('',#5599,#4337,#4338);
#3535=AXIS2_PLACEMENT_3D('',#5601,#4340,#4341);
#3536=AXIS2_PLACEMENT_3D('',#5602,#4342,#4343);
#3537=AXIS2_PLACEMENT_3D('',#5603,#4344,#4345);
#3538=AXIS2_PLACEMENT_3D('',#5604,#4346,#4347);
#3539=AXIS2_PLACEMENT_3D('',#5606,#4349,#4350);
#3540=AXIS2_PLACEMENT_3D('',#5608,#4352,#4353);
#3541=AXIS2_PLACEMENT_3D('',#5610,#4355,#4356);
#3542=AXIS2_PLACEMENT_3D('',#5612,#4358,#4359);
#3543=AXIS2_PLACEMENT_3D('',#5614,#4361,#4362);
#3544=DIRECTION('axis',(0.,0.,1.));
#3545=DIRECTION('refdir',(1.,0.,0.));
#3546=DIRECTION('center_axis',(0.,0.,-1.));
#3547=DIRECTION('ref_axis',(-1.,0.,0.));
#3548=DIRECTION('',(1.,0.,0.));
#3549=DIRECTION('',(0.707106781186545,-0.70710678118655,0.));
#3550=DIRECTION('',(-3.29597922457265E-15,-1.,0.));
#3551=DIRECTION('',(0.965925826289068,-0.258819045102521,0.));
#3552=DIRECTION('',(0.965925826289068,0.258819045102521,0.));
#3553=DIRECTION('',(-3.29597922457265E-15,1.,0.));
#3554=DIRECTION('',(0.707106781186545,0.70710678118655,0.));
#3555=DIRECTION('center_axis',(0.,0.,1.));
#3556=DIRECTION('ref_axis',(1.,0.,0.));
#3557=DIRECTION('center_axis',(0.,1.30295746482634E-15,1.));
#3558=DIRECTION('ref_axis',(1.,0.,0.));
#3559=DIRECTION('',(0.,0.,1.));
#3560=DIRECTION('',(0.,0.,1.));
#3561=DIRECTION('center_axis',(0.,0.,1.));
#3562=DIRECTION('ref_axis',(1.,0.,0.));
#3563=DIRECTION('center_axis',(0.,-1.1766814938111E-15,-1.));
#3564=DIRECTION('ref_axis',(0.,1.,-1.1766814938111E-15));
#3565=DIRECTION('',(-1.,0.,0.));
#3566=DIRECTION('',(0.133358035744714,-0.991067926179791,1.16617128784551E-15));
#3567=DIRECTION('',(-0.890038034364076,-0.455886276811807,5.36432945206898E-16));
#3568=DIRECTION('',(1.,0.,0.));
#3569=DIRECTION('',(-0.890038034364077,0.455886276811806,-5.36432945206897E-16));
#3570=DIRECTION('',(0.133358035744714,0.991067926179791,-1.16617128784551E-15));
#3571=DIRECTION('center_axis',(0.422618261740699,0.82139380484327,-0.383022221559489));
#3572=DIRECTION('ref_axis',(0.,0.4226182617407,0.90630778703665));
#3573=DIRECTION('',(-0.729726329591982,0.0577609290267487,-0.681295206924414));
#3574=DIRECTION('center_axis',(-0.422618261740699,-0.82139380484327,0.383022221559489));
#3575=DIRECTION('ref_axis',(0.887490338047829,-0.289397466374279,0.358622372876957));
#3576=DIRECTION('center_axis',(-0.422618261740699,-0.82139380484327,0.383022221559489));
#3577=DIRECTION('ref_axis',(0.887490338047829,-0.289397466374279,0.358622372876957));
#3578=DIRECTION('',(0.671542934237818,-0.567612615103671,-0.476283535985062));
#3579=DIRECTION('',(1.79637858893621E-16,0.4226182617407,0.90630778703665));
#3580=DIRECTION('',(0.671542934237818,1.66533453693773E-16,0.740965645273289));
#3581=DIRECTION('',(0.729726329591982,-0.55903041689042,-0.39368067883951));
#3582=DIRECTION('',(0.,0.4226182617407,0.90630778703665));
#3583=DIRECTION('center_axis',(1.,0.,0.));
#3584=DIRECTION('ref_axis',(0.,0.,-1.));
#3585=DIRECTION('',(0.,-0.422618261740732,-0.906307787036635));
#3586=DIRECTION('',(0.,0.99106792617979,0.133358035744721));
#3587=DIRECTION('',(0.,0.422618261740738,0.906307787036632));
#3588=DIRECTION('',(0.,0.0882522286099648,0.996098159894583));
#3589=DIRECTION('',(0.,0.,1.));
#3590=DIRECTION('',(0.,0.707106781186544,0.707106781186551));
#3591=DIRECTION('',(0.,0.,1.));
#3592=DIRECTION('',(0.,-1.,0.));
#3593=DIRECTION('',(0.,-0.999746128932739,-0.0225317039747156));
#3594=DIRECTION('',(0.,-0.42261826174073,-0.906307787036636));
#3595=DIRECTION('',(0.,0.495998442203123,-0.868323410563182));
#3596=DIRECTION('',(0.,0.422618261740731,0.906307787036635));
#3597=DIRECTION('',(0.,-0.495998442203122,0.868323410563182));
#3598=DIRECTION('',(0.,0.42261826174073,0.906307787036636));
#3599=DIRECTION('',(0.,0.,-1.));
#3600=DIRECTION('',(0.,-0.0882522286099634,-0.996098159894583));
#3601=DIRECTION('',(0.,-0.422618261740739,-0.906307787036632));
#3602=DIRECTION('',(0.,-0.99106792617979,-0.133358035744721));
#3603=DIRECTION('center_axis',(-0.866025403784439,0.0666790178723607,-0.495533963089895));
#3604=DIRECTION('ref_axis',(0.,-0.99106792617979,-0.133358035744721));
#3605=DIRECTION('',(0.,-0.99106792617979,-0.133358035744721));
#3606=DIRECTION('',(-0.451899424789092,-0.528516009219227,0.718649941121733));
#3607=DIRECTION('',(-0.266926167974377,0.77636958041848,0.570964705959439));
#3608=DIRECTION('',(-0.456369939147924,0.299478433786008,0.837877763363606));
#3609=DIRECTION('center_axis',(-0.703927566165011,-0.094720447560213,0.703927566165012));
#3610=DIRECTION('ref_axis',(0.0669774707868517,-0.995503910998843,-0.0669774707868511));
#3611=DIRECTION('',(-0.647400737516884,-0.322098414629841,-0.690742279258725));
#3612=DIRECTION('',(0.,0.991067926179791,0.133358035744712));
#3613=DIRECTION('',(-0.699885331491081,0.261369072768855,-0.664715526043711));
#3614=DIRECTION('center_axis',(0.160071158553662,-0.894621381109141,0.417168801160466));
#3615=DIRECTION('ref_axis',(0.,-0.422618261740759,-0.906307787036622));
#3616=DIRECTION('',(-0.98436709149258,-0.17612901290372,0.));
#3617=DIRECTION('',(0.933629043028976,-5.96591565255435E-17,-0.358241273463568));
#3618=DIRECTION('',(2.31448982464062E-13,-0.422618261740725,-0.906307787036638));
#3619=DIRECTION('',(-0.933629043028942,-0.2744287368327,-0.230273051860765));
#3620=DIRECTION('',(0.,-0.422618261740759,-0.906307787036622));
#3621=DIRECTION('',(0.985047602213243,0.117496306398277,-0.125999362524987));
#3622=DIRECTION('',(0.936222667044145,0.27153143092023,0.223064564050769));
#3623=DIRECTION('',(3.86336827779486E-14,0.422618261740765,0.906307787036619));
#3624=DIRECTION('',(0.852095860885951,0.338576147821107,0.399122582658072));
#3625=DIRECTION('',(0.,0.422618261740759,0.906307787036622));
#3626=DIRECTION('',(-0.6419815545411,0.226677801039546,0.732445805602619));
#3627=DIRECTION('center_axis',(0.,-1.30295746482634E-15,-1.));
#3628=DIRECTION('ref_axis',(0.,1.,-1.30295746482634E-15));
#3629=DIRECTION('',(0.965925826289068,0.258819045102521,-3.37230206855555E-16));
#3630=DIRECTION('',(0.965925826289068,-0.258819045102521,3.37230206855555E-16));
#3631=DIRECTION('',(-3.29597922457265E-15,-1.,1.30295746482634E-15));
#3632=DIRECTION('',(0.707106781186545,-0.70710678118655,9.21330058976341E-16));
#3633=DIRECTION('',(0.,-1.,1.30295746482634E-15));
#3634=DIRECTION('',(-0.707106781186548,-0.707106781186548,9.21330058976339E-16));
#3635=DIRECTION('',(1.,0.,0.));
#3636=DIRECTION('',(-0.707106781186556,0.707106781186539,-9.21330058976328E-16));
#3637=DIRECTION('',(2.65074714387338E-14,-1.,1.30295746482634E-15));
#3638=DIRECTION('',(-0.746230599808507,-0.665687533238708,8.67362540675208E-16));
#3639=DIRECTION('',(2.50305906231203E-16,-1.,1.30295746482634E-15));
#3640=DIRECTION('',(0.965925826289068,-0.258819045102521,3.37230206855555E-16));
#3641=DIRECTION('',(0.965925826289069,0.25881904510252,-3.37230206855554E-16));
#3642=DIRECTION('',(2.50305906231203E-16,1.,-1.30295746482634E-15));
#3643=DIRECTION('',(-0.746230599808507,0.665687533238708,-8.67362540675208E-16));
#3644=DIRECTION('',(0.,1.,-1.30295746482634E-15));
#3645=DIRECTION('',(-0.707106781186538,-0.707106781186557,9.21330058976351E-16));
#3646=DIRECTION('',(1.,0.,0.));
#3647=DIRECTION('',(-0.707106781186548,0.707106781186548,-9.21330058976339E-16));
#3648=DIRECTION('',(0.,1.,-1.30295746482634E-15));
#3649=DIRECTION('',(0.707106781186545,0.70710678118655,-9.21330058976341E-16));
#3650=DIRECTION('',(-3.29597922457265E-15,1.,-1.30295746482634E-15));
#3651=DIRECTION('center_axis',(0.,1.30295746482634E-15,1.));
#3652=DIRECTION('ref_axis',(1.,0.,0.));
#3653=DIRECTION('center_axis',(0.,-0.866025403784439,0.5));
#3654=DIRECTION('ref_axis',(1.,0.,0.));
#3655=DIRECTION('',(-0.994613225135111,0.0518279181193208,0.0897685874331833));
#3656=DIRECTION('',(-0.0122480220438287,0.499962495082385,0.865960443361595));
#3657=DIRECTION('',(0.984313761317054,0.0882134049930525,0.152790099356617));
#3658=DIRECTION('',(-1.,0.,0.));
#3659=DIRECTION('',(-0.0122480220438287,0.499962495082385,0.865960443361595));
#3660=DIRECTION('',(0.881412416655378,0.236173745241573,0.409064926172233));
#3661=DIRECTION('',(-1.,0.,0.));
#3662=DIRECTION('',(0.881412416655379,-0.236173745241573,-0.409064926172233));
#3663=DIRECTION('',(-0.0122480220438293,-0.499962495082385,-0.865960443361595));
#3664=DIRECTION('',(-1.,0.,0.));
#3665=DIRECTION('',(0.984313761317054,-0.088213404993053,-0.152790099356618));
#3666=DIRECTION('',(-0.0122480220438293,-0.499962495082385,-0.865960443361595));
#3667=DIRECTION('',(-0.994613225135111,-0.0518279181193207,-0.0897685874331831));
#3668=DIRECTION('',(0.985034259165124,-0.0861793308616044,-0.149266979614587));
#3669=DIRECTION('',(1.32537357193669E-14,-0.5,-0.866025403784439));
#3670=DIRECTION('',(0.948976732033696,0.157673049423995,0.273097732586679));
#3671=DIRECTION('',(1.,5.58433137466106E-30,-3.22411522240464E-30));
#3672=DIRECTION('',(0.948976732033696,-0.157673049423995,-0.273097732586679));
#3673=DIRECTION('',(-1.38578652464731E-14,0.5,0.866025403784439));
#3674=DIRECTION('',(0.985034259165124,0.0861793308616036,0.149266979614586));
#3675=DIRECTION('',(-0.774857409960699,0.316068028369288,0.547445883783729));
#3676=DIRECTION('',(-1.,0.,0.));
#3677=DIRECTION('center_axis',(6.76101137983231E-16,-0.866025403784438,
0.5));
#3678=DIRECTION('ref_axis',(0.845070422535207,0.26732750557891,0.463024821923323));
#3679=DIRECTION('center_axis',(4.89935349605193E-17,-0.866025403784439,
0.5));
#3680=DIRECTION('ref_axis',(0.470145238812344,0.441294531583523,0.76434454980497));
#3681=DIRECTION('center_axis',(3.24733086560641E-16,-0.866025403784438,
0.500000000000001));
#3682=DIRECTION('ref_axis',(0.392458380993129,0.459884882114061,0.796543981454375));
#3683=DIRECTION('center_axis',(-4.68317816374782E-17,-0.866025403784439,
0.5));
#3684=DIRECTION('ref_axis',(-0.444436028642058,0.447905295917808,0.775794729508816));
#3685=DIRECTION('center_axis',(-4.47658465515227E-16,-0.866025403784438,
0.500000000000001));
#3686=DIRECTION('ref_axis',(-0.544448409541175,0.419397165389827,0.726417199005546));
#3687=DIRECTION('',(-1.,0.,0.));
#3688=DIRECTION('',(-0.7748574099607,-0.316068028369288,-0.547445883783728));
#3689=DIRECTION('',(2.47150456051612E-16,-0.5,-0.866025403784439));
#3690=DIRECTION('',(0.707106781186547,-0.353553390593274,-0.612372435695795));
#3691=DIRECTION('center_axis',(-8.88178419700155E-15,-0.866025403784439,
0.5));
#3692=DIRECTION('ref_axis',(-1.,1.43531888932857E-14,7.09688401980098E-15));
#3693=DIRECTION('center_axis',(4.33906845069811E-17,-0.866025403784439,
0.5));
#3694=DIRECTION('ref_axis',(-0.845070422535217,-0.267327505578901,-0.463024821923309));
#3695=DIRECTION('center_axis',(-3.0662609068842E-16,-0.866025403784439,
0.5));
#3696=DIRECTION('ref_axis',(-0.470145238812351,-0.44129453158352,-0.764344549804968));
#3697=DIRECTION('center_axis',(9.4070035526816E-17,-0.866025403784438,0.5));
#3698=DIRECTION('ref_axis',(-0.392458380993137,-0.459884882114059,-0.796543981454373));
#3699=DIRECTION('center_axis',(-4.97274772379487E-17,-0.866025403784439,
0.5));
#3700=DIRECTION('ref_axis',(0.444436028642074,-0.447905295917804,-0.775794729508809));
#3701=DIRECTION('center_axis',(-4.65624389478313E-17,-0.866025403784439,
0.5));
#3702=DIRECTION('ref_axis',(0.544448409541192,-0.419397165389821,-0.726417199005537));
#3703=DIRECTION('center_axis',(-2.96793151809291E-17,-0.866025403784439,
0.5));
#3704=DIRECTION('ref_axis',(0.84507042253521,-0.267327505578907,-0.463024821923319));
#3705=DIRECTION('',(0.707106781186547,0.353553390593274,0.612372435695795));
#3706=DIRECTION('',(0.,0.5,0.866025403784439));
#3707=DIRECTION('center_axis',(1.,0.,0.));
#3708=DIRECTION('ref_axis',(0.,0.,-1.));
#3709=DIRECTION('',(0.,0.,-1.));
#3710=DIRECTION('',(0.,-1.,0.));
#3711=DIRECTION('',(0.,0.,1.));
#3712=DIRECTION('',(0.,-0.868647084570975,-0.495431370087063));
#3713=DIRECTION('',(0.,0.495998442203116,-0.868323410563186));
#3714=DIRECTION('',(0.,-0.42261826174073,-0.906307787036636));
#3715=DIRECTION('',(0.,0.6819983600625,-0.731353701619169));
#3716=DIRECTION('',(0.,0.422618261740763,0.90630778703662));
#3717=DIRECTION('',(0.,0.,-1.));
#3718=DIRECTION('',(0.,0.,-1.));
#3719=DIRECTION('center_axis',(-1.,0.,0.));
#3720=DIRECTION('ref_axis',(0.,1.,0.));
#3721=DIRECTION('',(0.,-0.422618261740738,-0.906307787036632));
#3722=DIRECTION('',(0.,-0.681998360062497,0.731353701619171));
#3723=DIRECTION('',(0.,0.422618261740732,0.906307787036635));
#3724=DIRECTION('',(0.,-0.495998442203123,0.868323410563182));
#3725=DIRECTION('',(0.,0.42261826174073,0.906307787036636));
#3726=DIRECTION('',(0.,0.999746128932739,0.0225317039747156));
#3727=DIRECTION('',(0.,1.,0.));
#3728=DIRECTION('',(0.,0.,-1.));
#3729=DIRECTION('',(0.,-0.707106781186544,-0.707106781186551));
#3730=DIRECTION('center_axis',(1.,0.,0.));
#3731=DIRECTION('ref_axis',(0.,1.,0.));
#3732=DIRECTION('center_axis',(1.,0.,0.));
#3733=DIRECTION('ref_axis',(0.,1.,0.));
#3734=DIRECTION('center_axis',(1.,0.,0.));
#3735=DIRECTION('ref_axis',(0.,1.,0.));
#3736=DIRECTION('',(1.,0.,0.));
#3737=DIRECTION('center_axis',(-0.866025403784437,0.498049079947294,-0.0441261143049826));
#3738=DIRECTION('ref_axis',(0.500000000000002,0.862646311131641,-0.0764286719168212));
#3739=DIRECTION('center_axis',(-0.866025403784439,0.453153893518316,-0.211309130870369));
#3740=DIRECTION('ref_axis',(0.499999999999999,0.784885567221381,-0.3659981507707));
#3741=DIRECTION('center_axis',(-0.866025403784438,0.5,0.));
#3742=DIRECTION('ref_axis',(0.5,0.866025403784438,0.));
#3743=DIRECTION('center_axis',(-0.866025403784437,0.498049079947294,-0.0441261143049826));
#3744=DIRECTION('ref_axis',(0.500000000000002,0.862646311131641,-0.0764286719168212));
#3745=DIRECTION('center_axis',(1.,0.,0.));
#3746=DIRECTION('ref_axis',(0.,1.,0.));
#3747=DIRECTION('center_axis',(1.,0.,0.));
#3748=DIRECTION('ref_axis',(0.,1.,0.));
#3749=DIRECTION('',(0.707106781186548,-0.707106781186548,-8.65956056235493E-17));
#3750=DIRECTION('center_axis',(1.,2.77157304929461E-14,0.));
#3751=DIRECTION('ref_axis',(2.77157304929461E-14,-1.,0.));
#3752=DIRECTION('',(2.77157304929461E-14,-1.,0.));
#3753=DIRECTION('',(-1.17131738438047E-14,0.422618261740777,0.906307787036614));
#3754=DIRECTION('',(2.32329026349634E-14,-0.838256911210634,0.545275481575697));
#3755=DIRECTION('',(0.,0.,-1.));
#3756=DIRECTION('',(2.40025266913344E-14,-0.866025403784443,0.499999999999993));
#3757=DIRECTION('',(0.,0.,-1.));
#3758=DIRECTION('',(2.77157304929461E-14,-1.,0.));
#3759=DIRECTION('',(0.,0.,1.));
#3760=DIRECTION('',(0.,0.,-1.));
#3761=DIRECTION('center_axis',(1.,2.77157304929461E-14,0.));
#3762=DIRECTION('ref_axis',(0.,1.,0.));
#3763=DIRECTION('center_axis',(0.665687533238708,0.746230599808507,0.));
#3764=DIRECTION('ref_axis',(-0.746230599808507,0.665687533238708,4.35226423335616E-46));
#3765=DIRECTION('',(0.,0.,-1.));
#3766=DIRECTION('',(-0.598064822315336,0.533513764225303,0.598064822315335));
#3767=DIRECTION('center_axis',(0.,0.,1.));
#3768=DIRECTION('ref_axis',(1.,0.,0.));
#3769=DIRECTION('',(0.,0.,1.));
#3770=DIRECTION('',(0.,0.,1.));
#3771=DIRECTION('center_axis',(0.,0.,1.));
#3772=DIRECTION('ref_axis',(1.,0.,0.));
#3773=DIRECTION('center_axis',(-0.422618261740699,0.82139380484327,-0.383022221559489));
#3774=DIRECTION('ref_axis',(0.,-0.4226182617407,-0.90630778703665));
#3775=DIRECTION('',(0.729726329591983,0.55903041689042,0.393680678839508));
#3776=DIRECTION('',(-0.671542934237818,1.66533453693773E-16,0.740965645273289));
#3777=DIRECTION('',(-1.79637858893621E-16,-0.4226182617407,-0.90630778703665));
#3778=DIRECTION('',(-0.671542934237818,-0.567612615103671,-0.476283535985061));
#3779=DIRECTION('center_axis',(0.422618261740699,-0.82139380484327,0.383022221559489));
#3780=DIRECTION('ref_axis',(-0.887490338047829,-0.28939746637428,0.358622372876956));
#3781=DIRECTION('center_axis',(0.422618261740699,-0.82139380484327,0.383022221559489));
#3782=DIRECTION('ref_axis',(-0.887490338047829,-0.28939746637428,0.358622372876956));
#3783=DIRECTION('',(-0.729726329591981,-0.0577609290267479,0.681295206924415));
#3784=DIRECTION('',(-1.942366621571E-16,-0.4226182617407,-0.90630778703665));
#3785=DIRECTION('center_axis',(1.,0.,0.));
#3786=DIRECTION('ref_axis',(0.,0.,-1.));
#3787=DIRECTION('',(0.,0.495998442203123,-0.868323410563182));
#3788=DIRECTION('',(0.,-0.42261826174073,-0.906307787036636));
#3789=DIRECTION('',(0.,-0.999746128932739,-0.0225317039747156));
#3790=DIRECTION('',(0.,-1.,0.));
#3791=DIRECTION('',(0.,0.,1.));
#3792=DIRECTION('',(0.,0.707106781186544,0.707106781186551));
#3793=DIRECTION('',(0.,0.,1.));
#3794=DIRECTION('',(0.,0.0882522286099648,0.996098159894583));
#3795=DIRECTION('',(0.,0.422618261740738,0.906307787036632));
#3796=DIRECTION('',(0.,0.99106792617979,0.133358035744721));
#3797=DIRECTION('',(0.,-0.422618261740732,-0.906307787036635));
#3798=DIRECTION('',(0.,0.495998442203122,-0.868323410563182));
#3799=DIRECTION('',(0.,-0.422618261740731,-0.906307787036635));
#3800=DIRECTION('',(0.,0.99106792617979,0.133358035744721));
#3801=DIRECTION('',(0.,0.422618261740739,0.906307787036632));
#3802=DIRECTION('',(0.,0.0882522286099634,0.996098159894583));
#3803=DIRECTION('',(0.,0.,1.));
#3804=DIRECTION('',(0.,-0.42261826174073,-0.906307787036636));
#3805=DIRECTION('center_axis',(-0.160071158553662,-0.894621381109141,0.417168801160466));
#3806=DIRECTION('ref_axis',(0.,-0.422618261740759,-0.906307787036622));
#3807=DIRECTION('',(0.936222667044146,-0.271531430920229,-0.223064564050768));
#3808=DIRECTION('',(0.985047602213243,-0.117496306398277,0.125999362524987));
#3809=DIRECTION('',(-0.933629043028942,0.2744287368327,0.230273051860765));
#3810=DIRECTION('',(2.31051303800034E-13,0.422618261740725,0.906307787036638));
#3811=DIRECTION('',(0.933629043028976,5.96591565255435E-17,0.358241273463568));
#3812=DIRECTION('',(-0.98436709149258,0.17612901290372,0.));
#3813=DIRECTION('',(-0.6419815545411,-0.226677801039546,-0.732445805602619));
#3814=DIRECTION('',(0.,-0.422618261740759,-0.906307787036622));
#3815=DIRECTION('',(0.852095860885951,-0.338576147821107,-0.399122582658072));
#3816=DIRECTION('',(3.86336827779486E-14,-0.422618261740765,-0.906307787036619));
#3817=DIRECTION('center_axis',(-0.703927566165011,0.094720447560213,-0.703927566165012));
#3818=DIRECTION('ref_axis',(-0.0669774707868517,-0.995503910998843,-0.0669774707868511));
#3819=DIRECTION('',(0.,-0.991067926179791,-0.133358035744712));
#3820=DIRECTION('',(-0.647400737516884,0.322098414629841,0.690742279258725));
#3821=DIRECTION('',(-0.699885331491081,-0.261369072768856,0.664715526043711));
#3822=DIRECTION('center_axis',(-0.866025403784439,-0.0666790178723607,0.495533963089895));
#3823=DIRECTION('ref_axis',(0.,-0.99106792617979,-0.133358035744721));
#3824=DIRECTION('',(0.451899424789092,-0.528516009219227,0.718649941121733));
#3825=DIRECTION('',(0.,0.99106792617979,0.133358035744721));
#3826=DIRECTION('',(0.456369939147924,0.299478433786008,0.837877763363606));
#3827=DIRECTION('',(0.266926167974377,0.77636958041848,0.570964705959439));
#3828=DIRECTION('center_axis',(-1.,0.,0.));
#3829=DIRECTION('ref_axis',(0.,0.,1.));
#3830=DIRECTION('',(0.,-0.6819983600625,0.73135370161917));
#3831=DIRECTION('',(0.,0.42261826174073,0.906307787036636));
#3832=DIRECTION('',(0.,-0.495998442203116,0.868323410563186));
#3833=DIRECTION('',(0.,0.868647084570975,0.495431370087063));
#3834=DIRECTION('',(0.,0.,-1.));
#3835=DIRECTION('',(0.,1.,0.));
#3836=DIRECTION('',(0.,0.,1.));
#3837=DIRECTION('',(0.,0.,-1.));
#3838=DIRECTION('',(0.,-0.422618261740763,-0.90630778703662));
#3839=DIRECTION('',(0.,0.422618261740738,0.906307787036632));
#3840=DIRECTION('center_axis',(1.,0.,0.));
#3841=DIRECTION('ref_axis',(0.,1.,0.));
#3842=DIRECTION('',(0.,0.,1.));
#3843=DIRECTION('',(0.,0.707106781186544,0.707106781186551));
#3844=DIRECTION('',(0.,0.,1.));
#3845=DIRECTION('',(0.,-1.,0.));
#3846=DIRECTION('',(0.,-0.999746128932739,-0.0225317039747156));
#3847=DIRECTION('',(0.,-0.42261826174073,-0.906307787036636));
#3848=DIRECTION('',(0.,0.495998442203123,-0.868323410563182));
#3849=DIRECTION('',(0.,-0.422618261740732,-0.906307787036635));
#3850=DIRECTION('',(0.,0.681998360062497,-0.731353701619171));
#3851=DIRECTION('center_axis',(1.,0.,0.));
#3852=DIRECTION('ref_axis',(0.,1.,0.));
#3853=DIRECTION('center_axis',(1.,0.,0.));
#3854=DIRECTION('ref_axis',(0.,1.,0.));
#3855=DIRECTION('',(-1.,0.,0.));
#3856=DIRECTION('center_axis',(0.866025403784437,0.498049079947294,-0.0441261143049826));
#3857=DIRECTION('ref_axis',(-0.500000000000002,0.862646311131641,-0.0764286719168212));
#3858=DIRECTION('center_axis',(0.866025403784438,0.5,0.));
#3859=DIRECTION('ref_axis',(-0.5,0.866025403784438,0.));
#3860=DIRECTION('center_axis',(0.866025403784439,0.453153893518316,-0.211309130870369));
#3861=DIRECTION('ref_axis',(-0.499999999999999,0.784885567221381,-0.3659981507707));
#3862=DIRECTION('center_axis',(0.866025403784437,0.498049079947294,-0.0441261143049826));
#3863=DIRECTION('ref_axis',(-0.500000000000002,0.862646311131641,-0.0764286719168212));
#3864=DIRECTION('center_axis',(1.,0.,0.));
#3865=DIRECTION('ref_axis',(0.,1.,0.));
#3866=DIRECTION('center_axis',(-1.,0.,0.));
#3867=DIRECTION('ref_axis',(0.,1.,0.));
#3868=DIRECTION('',(0.707106781186548,0.707106781186548,8.65956056235493E-17));
#3869=DIRECTION('center_axis',(-1.,0.,0.));
#3870=DIRECTION('ref_axis',(0.,1.,0.));
#3871=DIRECTION('center_axis',(-1.,-2.65074714387338E-14,0.));
#3872=DIRECTION('ref_axis',(-2.65074714387338E-14,1.,0.));
#3873=DIRECTION('',(1.12025415025769E-14,-0.422618261740625,-0.906307787036685));
#3874=DIRECTION('',(-2.65074714387338E-14,1.,0.));
#3875=DIRECTION('',(0.,0.,1.));
#3876=DIRECTION('',(0.,0.,-1.));
#3877=DIRECTION('',(-2.65074714387338E-14,1.,0.));
#3878=DIRECTION('',(0.,0.,-1.));
#3879=DIRECTION('',(-2.29561436560338E-14,0.866025403784435,-0.500000000000006));
#3880=DIRECTION('',(0.,0.,-1.));
#3881=DIRECTION('',(-2.2220071132237E-14,0.838256911210631,-0.5452754815757));
#3882=DIRECTION('center_axis',(-1.,-2.65074714387338E-14,0.));
#3883=DIRECTION('ref_axis',(0.,1.,0.));
#3884=DIRECTION('center_axis',(-0.665687533238708,0.746230599808507,0.));
#3885=DIRECTION('ref_axis',(-0.746230599808507,-0.665687533238708,-4.35226423335616E-46));
#3886=DIRECTION('',(-0.598064822315336,-0.533513764225303,-0.598064822315335));
#3887=DIRECTION('',(0.,0.,1.));
#3888=DIRECTION('center_axis',(1.,0.,0.));
#3889=DIRECTION('ref_axis',(0.,1.,0.));
#3890=DIRECTION('',(-1.,0.,0.));
#3891=DIRECTION('center_axis',(1.,0.,0.));
#3892=DIRECTION('ref_axis',(0.,1.,0.));
#3893=DIRECTION('',(1.,0.,0.));
#3894=DIRECTION('center_axis',(0.683012701892219,0.565650218988123,0.462096828394849));
#3895=DIRECTION('ref_axis',(-0.62940952255126,0.77680158967048,-0.020565583074897));
#3896=DIRECTION('',(0.,-0.632657062984706,0.774432076205245));
#3897=DIRECTION('center_axis',(0.683012701892219,0.565650218988123,0.462096828394849));
#3898=DIRECTION('ref_axis',(-0.18301270189222,0.745009952791698,-0.641456562198424));
#3899=DIRECTION('center_axis',(0.683012701892219,-0.565650218988123,-0.462096828394849));
#3900=DIRECTION('ref_axis',(0.62940952255126,0.77680158967048,-0.020565583074897));
#3901=DIRECTION('center_axis',(-0.683012701892219,0.565650218988123,0.462096828394849));
#3902=DIRECTION('ref_axis',(0.18301270189222,0.745009952791698,-0.641456562198424));
#3903=DIRECTION('',(0.,-0.632657062984706,0.774432076205245));
#3904=DIRECTION('center_axis',(-0.866025403784437,-0.498049079947294,0.0441261143049826));
#3905=DIRECTION('ref_axis',(0.,-0.0882522286099648,-0.996098159894583));
#3906=DIRECTION('',(0.494306600277149,-0.839543420479876,0.225450282881607));
#3907=DIRECTION('',(0.499633889956234,-0.86539128259479,0.0382609986297522));
#3908=DIRECTION('',(0.499633889956071,-0.865391282587192,0.0382609988037347));
#3909=DIRECTION('center_axis',(-0.866025403784439,-0.453153893518316,0.211309130870369));
#3910=DIRECTION('ref_axis',(0.,-0.422618261740738,-0.906307787036632));
#3911=DIRECTION('center_axis',(-0.866025403784438,0.5,0.));
#3912=DIRECTION('ref_axis',(0.,0.,-1.));
#3913=DIRECTION('',(-0.499633889956234,-0.86539128259479,0.0382609986297522));
#3914=DIRECTION('',(-0.499633889956071,-0.865391282587192,0.0382609988037347));
#3915=DIRECTION('',(-0.470635470535499,-0.815164546811569,0.337652210855073));
#3916=DIRECTION('center_axis',(0.,0.866025403784439,-0.5));
#3917=DIRECTION('ref_axis',(0.84507042253521,-0.267327505578906,-0.463024821923319));
#3918=DIRECTION('',(0.,-0.866025403784439,0.5));
#3919=DIRECTION('center_axis',(-0.630688505460674,0.32796702234117,0.703327549109551));
#3920=DIRECTION('ref_axis',(0.0427551553473798,-0.890246389321191,0.45346814991993));
#3921=DIRECTION('',(0.,-0.866025403784439,0.5));
#3922=DIRECTION('center_axis',(0.,0.866025403784439,-0.5));
#3923=DIRECTION('ref_axis',(0.544448409541192,-0.41939716538982,-0.726417199005537));
#3924=DIRECTION('',(0.,-0.866025403784439,0.5));
#3925=DIRECTION('center_axis',(0.,-0.642787609686539,0.766044443118978));
#3926=DIRECTION('ref_axis',(6.26856539542332E-16,-0.766044443118978,-0.642787609686539));
#3927=DIRECTION('',(0.,-0.866025403784439,0.5));
#3928=DIRECTION('center_axis',(0.,0.866025403784439,-0.5));
#3929=DIRECTION('ref_axis',(0.444436028642074,-0.447905295917803,-0.775794729508809));
#3930=DIRECTION('',(0.,0.866025403784439,-0.5));
#3931=DIRECTION('center_axis',(0.,-0.642787609686539,0.766044443118978));
#3932=DIRECTION('ref_axis',(-4.92530138211832E-16,-0.766044443118978,-0.642787609686539));
#3933=DIRECTION('',(0.,-0.866025403784439,0.5));
#3934=DIRECTION('center_axis',(0.,0.866025403784439,-0.5));
#3935=DIRECTION('ref_axis',(-0.392458380993137,-0.459884882114058,-0.796543981454373));
#3936=DIRECTION('',(0.,-0.866025403784439,0.5));
#3937=DIRECTION('center_axis',(0.,-0.642787609686539,0.766044443118978));
#3938=DIRECTION('ref_axis',(-8.95509342203334E-17,-0.766044443118978,-0.642787609686539));
#3939=DIRECTION('',(0.,-0.866025403784439,0.5));
#3940=DIRECTION('center_axis',(0.,0.866025403784439,-0.5));
#3941=DIRECTION('ref_axis',(-0.470145238812351,-0.441294531583521,-0.764344549804967));
#3942=DIRECTION('',(0.,-0.866025403784439,0.5));
#3943=DIRECTION('center_axis',(0.,-0.642787609686539,0.766044443118978));
#3944=DIRECTION('ref_axis',(0.,-0.766044443118978,-0.642787609686539));
#3945=DIRECTION('',(0.,-0.866025403784439,0.5));
#3946=DIRECTION('center_axis',(-0.121869343405148,0.89955230622579,-0.419468129304076));
#3947=DIRECTION('ref_axis',(-2.77555756156289E-16,-0.4226182617407,-0.90630778703665));
#3948=DIRECTION('',(-0.960292099389683,-0.213723769047256,-0.17933553578137));
#3949=DIRECTION('',(0.960292099389683,-4.64622617076564E-17,-0.278996566017856));
#3950=DIRECTION('center_axis',(0.121869343405147,0.89955230622579,-0.419468129304076));
#3951=DIRECTION('ref_axis',(-8.32667268468867E-17,0.422618261740699,0.90630778703665));
#3952=DIRECTION('',(0.960292099389683,4.64622617076564E-17,0.278996566017856));
#3953=DIRECTION('',(-0.960292099389683,0.213723769047256,0.17933553578137));
#3954=DIRECTION('center_axis',(-0.630688505460673,0.32796702234117,0.703327549109552));
#3955=DIRECTION('ref_axis',(0.776036087485487,0.266540479877629,0.571597903693514));
#3956=DIRECTION('',(0.,-0.90630778703665,0.4226182617407));
#3957=DIRECTION('center_axis',(0.630688505460673,-0.32796702234117,-0.703327549109552));
#3958=DIRECTION('ref_axis',(-0.0427551553473797,0.890246389321191,-0.45346814991993));
#3959=DIRECTION('',(0.744506838581455,1.66533453693773E-16,0.667614834545674));
#3960=DIRECTION('',(0.,-0.90630778703665,0.4226182617407));
#3961=DIRECTION('center_axis',(-0.630688505460675,-0.327967022341169,-0.70332754910955));
#3962=DIRECTION('ref_axis',(-0.776036087485485,0.26654047987763,0.571597903693517));
#3963=DIRECTION('center_axis',(0.630688505460675,0.327967022341169,0.70332754910955));
#3964=DIRECTION('ref_axis',(-0.0427551553473798,-0.890246389321191,0.45346814991993));
#3965=DIRECTION('',(0.,-0.90630778703665,0.4226182617407));
#3966=DIRECTION('center_axis',(0.630688505460674,-0.32796702234117,-0.703327549109551));
#3967=DIRECTION('ref_axis',(-0.776036087485486,-0.26654047987763,-0.571597903693516));
#3968=DIRECTION('',(0.,-0.90630778703665,0.4226182617407));
#3969=DIRECTION('center_axis',(0.,0.4226182617407,0.90630778703665));
#3970=DIRECTION('ref_axis',(1.,0.,0.));
#3971=DIRECTION('center_axis',(0.,-0.4226182617407,-0.90630778703665));
#3972=DIRECTION('ref_axis',(0.,0.90630778703665,-0.4226182617407));
#3973=DIRECTION('center_axis',(0.,0.4226182617407,0.90630778703665));
#3974=DIRECTION('ref_axis',(1.,0.,0.));
#3975=DIRECTION('center_axis',(0.,-0.4226182617407,-0.90630778703665));
#3976=DIRECTION('ref_axis',(0.,0.90630778703665,-0.4226182617407));
#3977=DIRECTION('',(0.,0.90630778703665,-0.4226182617407));
#3978=DIRECTION('center_axis',(0.630688505460674,0.32796702234117,0.703327549109551));
#3979=DIRECTION('ref_axis',(0.776036087485486,-0.26654047987763,-0.571597903693515));
#3980=DIRECTION('center_axis',(-0.630688505460674,-0.32796702234117,-0.703327549109551));
#3981=DIRECTION('ref_axis',(0.0427551553473798,0.890246389321191,-0.45346814991993));
#3982=DIRECTION('',(0.,-0.90630778703665,0.4226182617407));
#3983=DIRECTION('',(0.744506838581454,-1.66533453693773E-16,-0.667614834545675));
#3984=DIRECTION('center_axis',(0.,1.,-1.66533453693773E-16));
#3985=DIRECTION('ref_axis',(-1.,0.,0.));
#3986=DIRECTION('',(1.,0.,0.));
#3987=DIRECTION('center_axis',(0.,-1.,1.66533453693773E-16));
#3988=DIRECTION('ref_axis',(-8.25305873984354E-17,1.83386024699022E-16,
1.));
#3989=DIRECTION('center_axis',(0.,-1.,1.66533453693773E-16));
#3990=DIRECTION('ref_axis',(3.71387643292958E-16,1.66203331936295E-16,1.));
#3991=DIRECTION('center_axis',(0.,-1.,1.66533453693773E-16));
#3992=DIRECTION('ref_axis',(-3.3012234959374E-16,1.84208098538935E-16,1.));
#3993=DIRECTION('center_axis',(0.,-1.,1.66533453693773E-16));
#3994=DIRECTION('ref_axis',(8.25305873984348E-17,1.11641956536371E-16,1.));
#3995=DIRECTION('center_axis',(0.,-1.,1.66533453693773E-16));
#3996=DIRECTION('ref_axis',(0.,1.83613708856121E-16,1.));
#3997=DIRECTION('center_axis',(1.,-9.7489307325751E-17,-1.68856433482898E-16));
#3998=DIRECTION('ref_axis',(-1.94978614651502E-16,-0.5,-0.866025403784439));
#3999=DIRECTION('',(0.,-0.866025403784439,0.5));
#4000=DIRECTION('center_axis',(0.,0.866025403784439,-0.5));
#4001=DIRECTION('ref_axis',(-1.,6.66133814775115E-15,1.15377761183018E-14));
#4002=DIRECTION('',(0.,-0.866025403784439,0.5));
#4003=DIRECTION('center_axis',(0.,0.866025403784439,-0.5));
#4004=DIRECTION('ref_axis',(-0.845070422535217,-0.267327505578901,-0.463024821923309));
#4005=DIRECTION('center_axis',(0.,-0.642787609686539,0.766044443118978));
#4006=DIRECTION('ref_axis',(9.85060276423664E-16,-0.766044443118978,-0.642787609686539));
#4007=DIRECTION('center_axis',(-1.,0.,0.));
#4008=DIRECTION('ref_axis',(0.,0.5,0.866025403784439));
#4009=DIRECTION('center_axis',(0.315346098847991,0.474488366016848,0.821837957541519));
#4010=DIRECTION('ref_axis',(0.948976732033696,-0.157673049423995,-0.273097732586679));
#4011=DIRECTION('',(0.,-0.866025403784439,0.5));
#4012=DIRECTION('',(-0.914319273395883,-0.0799925712653981,0.397015685885551));
#4013=DIRECTION('center_axis',(3.50324616081204E-45,0.5,0.866025403784439));
#4014=DIRECTION('ref_axis',(1.,5.58433137466106E-30,-3.22411522240464E-30));
#4015=DIRECTION('',(1.,-7.00649232162409E-45,0.));
#4016=DIRECTION('',(-0.994935885120892,-0.0870456108832073,0.0502558068751951));
#4017=DIRECTION('',(0.,0.866025403784439,-0.5));
#4018=DIRECTION('',(-0.994935885120892,0.0870456108832081,-0.0502558068751955));
#4019=DIRECTION('center_axis',(-0.315346098847991,0.474488366016848,0.821837957541519));
#4020=DIRECTION('ref_axis',(0.948976732033696,0.157673049423995,0.273097732586679));
#4021=DIRECTION('',(-0.914319273395883,0.0799925712653988,-0.397015685885551));
#4022=DIRECTION('center_axis',(0.,-0.5,-0.866025403784439));
#4023=DIRECTION('ref_axis',(-1.,0.,0.));
#4024=DIRECTION('',(0.955319003127928,0.255976955402234,-0.14778836410782));
#4025=DIRECTION('',(0.955319003127928,-0.255976955402233,0.14778836410782));
#4026=DIRECTION('center_axis',(0.,0.866025403784439,-0.5));
#4027=DIRECTION('ref_axis',(-0.544448409541175,0.419397165389826,0.726417199005547));
#4028=DIRECTION('',(0.,-0.866025403784439,0.5));
#4029=DIRECTION('',(0.,-0.866025403784439,0.5));
#4030=DIRECTION('center_axis',(0.,0.866025403784439,-0.5));
#4031=DIRECTION('ref_axis',(-0.444436028642058,0.447905295917807,0.775794729508816));
#4032=DIRECTION('',(0.,-0.866025403784439,0.5));
#4033=DIRECTION('',(0.,-0.866025403784439,0.5));
#4034=DIRECTION('center_axis',(0.,0.866025403784439,-0.5));
#4035=DIRECTION('ref_axis',(0.392458380993129,0.45988488211406,0.796543981454376));
#4036=DIRECTION('',(0.,-0.866025403784439,0.5));
#4037=DIRECTION('',(0.,-0.866025403784439,0.5));
#4038=DIRECTION('center_axis',(0.,0.866025403784439,-0.5));
#4039=DIRECTION('ref_axis',(0.470145238812344,0.441294531583523,0.764344549804971));
#4040=DIRECTION('',(0.,-0.866025403784439,0.5));
#4041=DIRECTION('',(0.,-0.866025403784439,0.5));
#4042=DIRECTION('center_axis',(0.,0.866025403784439,-0.5));
#4043=DIRECTION('ref_axis',(0.845070422535207,0.267327505578909,0.463024821923323));
#4044=DIRECTION('center_axis',(0.,0.642787609686539,-0.766044443118978));
#4045=DIRECTION('ref_axis',(1.,0.,0.));
#4046=DIRECTION('center_axis',(0.0871557427476561,-0.996194698091746,0.));
#4047=DIRECTION('ref_axis',(0.996194698091746,0.0871557427476561,0.));
#4048=DIRECTION('',(0.996194698091746,0.0871557427476561,0.));
#4049=DIRECTION('',(0.,0.,1.));
#4050=DIRECTION('',(-0.996194698091746,-0.0871557427476561,0.));
#4051=DIRECTION('',(0.,0.,1.));
#4052=DIRECTION('center_axis',(-0.0871557427476567,-0.996194698091746,0.));
#4053=DIRECTION('ref_axis',(0.996194698091746,-0.0871557427476567,0.));
#4054=DIRECTION('',(-0.996194698091746,0.0871557427476567,0.));
#4055=DIRECTION('',(-0.996194698091746,0.0871557427476567,0.));
#4056=DIRECTION('',(0.,0.,1.));
#4057=DIRECTION('center_axis',(0.0871557427476564,-0.996194698091746,0.));
#4058=DIRECTION('ref_axis',(-0.996194698091746,-0.0871557427476564,0.));
#4059=DIRECTION('',(-0.980374553798715,-0.0857716594666718,0.177507624332884));
#4060=DIRECTION('center_axis',(0.,0.,1.));
#4061=DIRECTION('ref_axis',(1.,0.,0.));
#4062=DIRECTION('',(-0.996194698091746,-0.0871557427476564,0.));
#4063=DIRECTION('',(-0.996194698091746,0.0871557427476572,0.));
#4064=DIRECTION('',(0.707106781186556,-0.707106781186539,0.));
#4065=DIRECTION('',(1.,0.,0.));
#4066=DIRECTION('',(0.707106781186548,0.707106781186548,0.));
#4067=DIRECTION('',(-0.707106781186578,0.707106781186517,0.));
#4068=DIRECTION('',(0.707106781186549,0.707106781186546,0.));
#4069=DIRECTION('',(0.707106781186548,-0.707106781186548,0.));
#4070=DIRECTION('',(1.,0.,0.));
#4071=DIRECTION('',(0.707106781186538,0.707106781186557,0.));
#4072=DIRECTION('center_axis',(0.171958245538718,-0.286013667777972,-0.942669901734132));
#4073=DIRECTION('ref_axis',(0.984807753012209,0.0733868910000359,0.157378695624257));
#4074=DIRECTION('',(0.138233705503254,-0.94045004296733,0.310556209639394));
#4075=DIRECTION('',(-0.857029830168045,-0.515266795167447,0.));
#4076=DIRECTION('center_axis',(0.258819045102521,-0.965925826289068,0.));
#4077=DIRECTION('ref_axis',(0.965925826289068,0.258819045102521,0.));
#4078=DIRECTION('',(0.,0.,1.));
#4079=DIRECTION('',(-0.0573336303447441,-0.0153624999500187,-0.998236869899513));
#4080=DIRECTION('',(0.694746590606866,0.186156787897386,-0.694746590606865));
#4081=DIRECTION('',(0.,0.,1.));
#4082=DIRECTION('center_axis',(-0.0871557427476572,-0.996194698091746,0.));
#4083=DIRECTION('ref_axis',(-0.996194698091746,0.0871557427476572,0.));
#4084=DIRECTION('',(-0.980374553798715,0.0857716594666726,-0.177507624332884));
#4085=DIRECTION('center_axis',(-0.0871557427476572,-0.996194698091746,0.));
#4086=DIRECTION('ref_axis',(-0.996194698091746,0.0871557427476572,0.));
#4087=DIRECTION('center_axis',(-0.258819045102521,-0.965925826289068,0.));
#4088=DIRECTION('ref_axis',(0.965925826289068,-0.258819045102521,0.));
#4089=DIRECTION('',(0.,0.,1.));
#4090=DIRECTION('',(0.694746590606866,-0.186156787897386,0.694746590606865));
#4091=DIRECTION('',(-0.0573336303447432,0.0153624999500184,0.998236869899513));
#4092=DIRECTION('center_axis',(-0.103511199448583,0.542346418809945,0.833754036627556));
#4093=DIRECTION('ref_axis',(-0.994521895368273,-0.0441756374486023,-0.094734960226448));
#4094=DIRECTION('',(-0.13809307943504,-0.837974739198386,0.527947571144659));
#4095=DIRECTION('center_axis',(-0.99026806874157,0.126133665146145,-0.0588170940088053));
#4096=DIRECTION('ref_axis',(-2.84738024253496E-16,-0.422618261740699,-0.90630778703665));
#4097=DIRECTION('',(-0.138233705503253,-0.94045004296733,0.310556209639395));
#4098=DIRECTION('',(0.126352409449856,0.991985417547161,0.));
#4099=DIRECTION('',(-0.118530812456967,-0.985850340060084,-0.118530812456967));
#4100=DIRECTION('center_axis',(-0.171958245538719,-0.286013667777972,-0.942669901734132));
#4101=DIRECTION('ref_axis',(0.984807753012209,-0.0733868910000356,-0.157378695624258));
#4102=DIRECTION('',(-0.857029830168044,0.515266795167449,0.));
#4103=DIRECTION('center_axis',(0.707106781186539,0.707106781186556,0.));
#4104=DIRECTION('ref_axis',(0.,0.,-1.));
#4105=DIRECTION('',(-0.577350269189633,0.57735026918962,0.577350269189625));
#4106=DIRECTION('',(0.,0.,1.));
#4107=DIRECTION('',(0.,0.,1.));
#4108=DIRECTION('',(0.577350269189635,-0.577350269189622,0.57735026918962));
#4109=DIRECTION('',(0.,0.,1.));
#4110=DIRECTION('center_axis',(0.,1.,0.));
#4111=DIRECTION('ref_axis',(0.,0.,1.));
#4112=DIRECTION('',(1.,0.,0.));
#4113=DIRECTION('',(0.,0.,-1.));
#4114=DIRECTION('',(1.,0.,0.));
#4115=DIRECTION('center_axis',(0.,0.707106781186546,0.707106781186549));
#4116=DIRECTION('ref_axis',(0.,-0.707106781186549,0.707106781186546));
#4117=DIRECTION('',(0.577350269189627,0.577350269189627,-0.577350269189624));
#4118=DIRECTION('',(1.,0.,0.));
#4119=DIRECTION('center_axis',(0.,1.,0.));
#4120=DIRECTION('ref_axis',(0.,0.,1.));
#4121=DIRECTION('',(0.,0.,-1.));
#4122=DIRECTION('center_axis',(-0.707106781186548,0.707106781186548,0.));
#4123=DIRECTION('ref_axis',(0.,0.,1.));
#4124=DIRECTION('',(0.,0.,-1.));
#4125=DIRECTION('',(-0.577350269189624,-0.577350269189624,-0.577350269189629));
#4126=DIRECTION('center_axis',(-0.707106781186557,0.707106781186538,0.));
#4127=DIRECTION('ref_axis',(0.,0.,1.));
#4128=DIRECTION('',(0.,0.,-1.));
#4129=DIRECTION('',(-0.577350269189614,-0.577350269189629,-0.577350269189635));
#4130=DIRECTION('',(0.,0.,-1.));
#4131=DIRECTION('',(0.577350269189616,0.577350269189632,-0.57735026918963));
#4132=DIRECTION('',(0.,0.,-1.));
#4133=DIRECTION('center_axis',(0.,0.707106781186551,-0.707106781186544));
#4134=DIRECTION('ref_axis',(0.,0.707106781186544,0.707106781186551));
#4135=DIRECTION('',(1.,0.,0.));
#4136=DIRECTION('',(-0.577350269189624,0.577350269189624,0.577350269189629));
#4137=DIRECTION('',(1.,0.,0.));
#4138=DIRECTION('center_axis',(0.,1.,0.));
#4139=DIRECTION('ref_axis',(0.,0.,1.));
#4140=DIRECTION('',(0.,0.,1.));
#4141=DIRECTION('center_axis',(0.707106781186548,0.707106781186548,0.));
#4142=DIRECTION('ref_axis',(0.,0.,-1.));
#4143=DIRECTION('',(0.577350269189627,-0.577350269189627,0.577350269189624));
#4144=DIRECTION('',(0.,0.,1.));
#4145=DIRECTION('',(0.,0.,1.));
#4146=DIRECTION('center_axis',(0.,1.,0.));
#4147=DIRECTION('ref_axis',(0.,0.,1.));
#4148=DIRECTION('',(1.,0.,0.));
#4149=DIRECTION('center_axis',(0.,0.707106781186546,0.707106781186549));
#4150=DIRECTION('ref_axis',(0.,-0.707106781186549,0.707106781186546));
#4151=DIRECTION('',(1.,0.,0.));
#4152=DIRECTION('center_axis',(0.,1.,0.));
#4153=DIRECTION('ref_axis',(0.,0.,1.));
#4154=DIRECTION('center_axis',(-0.707106781186547,1.76993003667127E-16,
-0.707106781186548));
#4155=DIRECTION('ref_axis',(-0.707106781186548,0.,0.707106781186547));
#4156=DIRECTION('',(-2.50305906231203E-16,-1.,0.));
#4157=DIRECTION('',(-0.118530812456968,0.985850340060084,0.118530812456968));
#4158=DIRECTION('center_axis',(1.,-2.50305906231203E-16,0.));
#4159=DIRECTION('ref_axis',(2.50305906231203E-16,1.,0.));
#4160=DIRECTION('center_axis',(0.707106781186547,1.76993003667127E-16,-0.707106781186548));
#4161=DIRECTION('ref_axis',(-0.707106781186548,0.,-0.707106781186547));
#4162=DIRECTION('',(-2.50305906231203E-16,1.,0.));
#4163=DIRECTION('center_axis',(-1.,-2.50305906231203E-16,0.));
#4164=DIRECTION('ref_axis',(2.50305906231203E-16,-1.,0.));
#4165=DIRECTION('center_axis',(0.,0.,1.));
#4166=DIRECTION('ref_axis',(1.,0.,0.));
#4167=DIRECTION('',(0.126352409449856,-0.991985417547161,0.));
#4168=DIRECTION('center_axis',(0.,0.,1.));
#4169=DIRECTION('ref_axis',(1.,0.,0.));
#4170=DIRECTION('center_axis',(0.99026806874157,0.126133665146146,-0.0588170940088063));
#4171=DIRECTION('ref_axis',(3.98274427907781E-16,0.422618261740699,0.90630778703665));
#4172=DIRECTION('',(0.138093079435041,-0.837974739198385,0.527947571144659));
#4173=DIRECTION('center_axis',(0.103511199448583,0.542346418809946,0.833754036627555));
#4174=DIRECTION('ref_axis',(-0.994521895368273,0.0441756374486017,0.0947349602264486));
#4175=DIRECTION('center_axis',(0.,0.,1.));
#4176=DIRECTION('ref_axis',(0.,-1.,0.));
#4177=DIRECTION('',(-0.707106781186578,0.707106781186517,0.));
#4178=DIRECTION('',(0.518924781827117,-0.854819905480493,0.));
#4179=DIRECTION('',(0.518924781827117,0.854819905480493,0.));
#4180=DIRECTION('',(-0.707106781186549,-0.707106781186546,0.));
#4181=DIRECTION('center_axis',(-0.707106781186547,-0.707106781186548,0.));
#4182=DIRECTION('ref_axis',(0.,0.,-1.));
#4183=DIRECTION('',(0.706761482935476,-0.706761482935475,0.0312475995509212));
#4184=DIRECTION('',(0.211541378239862,-0.211541378239861,-0.954201493702855));
#4185=DIRECTION('',(-0.248538473614179,0.248538473614179,-0.936192957817494));
#4186=DIRECTION('',(0.,0.,1.));
#4187=DIRECTION('',(0.211541378239861,-0.211541378239861,-0.954201493702855));
#4188=DIRECTION('center_axis',(-0.707106781186547,-0.704347763588902,0.0624037493049306));
#4189=DIRECTION('ref_axis',(0.,-0.0882522286099634,-0.996098159894583));
#4190=DIRECTION('',(0.170569393631579,-0.255550005932461,-0.951630325506746));
#4191=DIRECTION('',(0.701708354524068,-0.688086081101935,0.184778056556796));
#4192=DIRECTION('',(0.,0.0882522286099634,0.996098159894583));
#4193=DIRECTION('center_axis',(1.,0.,0.));
#4194=DIRECTION('ref_axis',(0.,1.,0.));
#4195=DIRECTION('',(0.,-0.422618261740731,-0.906307787036635));
#4196=DIRECTION('',(0.,0.422618261740739,0.906307787036632));
#4197=DIRECTION('',(0.,0.99106792617979,0.133358035744721));
#4198=DIRECTION('center_axis',(-0.707106781186547,0.613997371872256,0.350723861939792));
#4199=DIRECTION('ref_axis',(0.,-0.495998442203123,0.868323410563182));
#4200=DIRECTION('',(0.664023331817194,0.747073458314603,0.0308911424886124));
#4201=DIRECTION('',(0.664023331817193,0.747073458314604,0.0308911424886103));
#4202=DIRECTION('',(0.,0.495998442203122,-0.868323410563182));
#4203=DIRECTION('center_axis',(-0.707106781186546,0.640856382055779,-0.298836238730143));
#4204=DIRECTION('ref_axis',(0.,0.422618261740731,0.906307787036635));
#4205=DIRECTION('',(0.432537568646342,0.726341011022118,0.534172245082874));
#4206=DIRECTION('center_axis',(-0.707106781186547,-0.0942983714008103,0.700790851218218));
#4207=DIRECTION('ref_axis',(0.,-0.99106792617979,-0.133358035744721));
#4208=DIRECTION('',(0.6595312394972,-0.445339382266905,0.605550475789937));
#4209=DIRECTION('center_axis',(-0.707106781186547,-0.640856382055776,0.298836238730148));
#4210=DIRECTION('ref_axis',(0.,-0.422618261740739,-0.906307787036632));
#4211=DIRECTION('center_axis',(-0.707106781186547,0.640856382055779,-0.298836238730142));
#4212=DIRECTION('ref_axis',(0.,0.42261826174073,0.906307787036636));
#4213=DIRECTION('',(0.,-0.422618261740731,-0.906307787036635));
#4214=DIRECTION('center_axis',(1.,0.,0.));
#4215=DIRECTION('ref_axis',(0.,1.,0.));
#4216=DIRECTION('center_axis',(-0.866025403784439,-0.353553390593274,0.353553390593271));
#4217=DIRECTION('ref_axis',(0.,-0.707106781186544,-0.707106781186551));
#4218=DIRECTION('',(0.470635470535499,-0.815164546811569,0.337652210855073));
#4219=DIRECTION('',(0.470635470535499,-0.815164546811569,0.337652210855073));
#4220=DIRECTION('center_axis',(-0.866025403784438,-0.5,0.));
#4221=DIRECTION('ref_axis',(0.,0.,-1.));
#4222=DIRECTION('',(0.377964473009228,-0.654653670707977,-0.654653670707977));
#4223=DIRECTION('center_axis',(-0.866025403784438,0.,-0.5));
#4224=DIRECTION('ref_axis',(0.,1.,0.));
#4225=DIRECTION('',(0.499976198265618,0.00975728811907661,-0.86598417797118));
#4226=DIRECTION('',(0.499976198266846,0.00975728858412113,-0.865984177965231));
#4227=DIRECTION('center_axis',(-0.866025403784439,0.0112658519873578,-0.499873064466369));
#4228=DIRECTION('ref_axis',(0.,0.999746128932739,0.0225317039747156));
#4229=DIRECTION('',(0.440302206592412,0.490915119076344,-0.751755487330895));
#4230=DIRECTION('center_axis',(-0.866025403784439,0.453153893518318,-0.211309130870365));
#4231=DIRECTION('ref_axis',(0.,0.42261826174073,0.906307787036636));
#4232=DIRECTION('',(0.4562526400405,0.889090532386893,0.0367634829153212));
#4233=DIRECTION('center_axis',(-0.866025403784439,0.43416170528159,0.247999221101561));
#4234=DIRECTION('ref_axis',(0.,-0.495998442203123,0.868323410563182));
#4235=DIRECTION('',(0.4562526400405,0.889090532386893,0.0367634829153216));
#4236=DIRECTION('center_axis',(-0.866025403784438,0.453153893518318,-0.211309130870366));
#4237=DIRECTION('ref_axis',(0.,0.422618261740732,0.906307787036635));
#4238=DIRECTION('',(0.431737510230418,0.890894183655089,0.14110377666658));
#4239=DIRECTION('center_axis',(-0.866025403784439,0.365676850809586,0.340999180031249));
#4240=DIRECTION('ref_axis',(0.,-0.681998360062497,0.731353701619171));
#4241=DIRECTION('center_axis',(-0.866025403784438,-0.5,0.));
#4242=DIRECTION('ref_axis',(0.,0.,-1.));
#4243=DIRECTION('center_axis',(-0.707106781186547,0.707106781186548,0.));
#4244=DIRECTION('ref_axis',(0.,0.,-1.));
#4245=DIRECTION('',(0.248538473614179,0.248538473614179,-0.936192957817494));
#4246=DIRECTION('',(-0.211541378239862,-0.211541378239861,-0.954201493702855));
#4247=DIRECTION('',(-0.706761482935476,-0.706761482935475,0.0312475995509212));
#4248=DIRECTION('',(-0.211541378239861,-0.211541378239861,-0.954201493702855));
#4249=DIRECTION('',(0.,0.,1.));
#4250=DIRECTION('center_axis',(-0.707106781186547,0.704347763588902,-0.0624037493049306));
#4251=DIRECTION('ref_axis',(0.,-0.0882522286099634,-0.996098159894583));
#4252=DIRECTION('',(-0.170569393631579,-0.255550005932461,-0.951630325506746));
#4253=DIRECTION('',(0.,0.0882522286099634,0.996098159894583));
#4254=DIRECTION('',(-0.701708354524068,-0.688086081101935,0.184778056556796));
#4255=DIRECTION('center_axis',(1.,0.,0.));
#4256=DIRECTION('ref_axis',(0.,1.,0.));
#4257=DIRECTION('',(0.,-0.422618261740731,-0.906307787036635));
#4258=DIRECTION('',(0.,0.99106792617979,0.133358035744721));
#4259=DIRECTION('',(0.,0.422618261740739,0.906307787036632));
#4260=DIRECTION('center_axis',(-0.707106781186547,-0.613997371872256,-0.350723861939792));
#4261=DIRECTION('ref_axis',(0.,-0.495998442203123,0.868323410563182));
#4262=DIRECTION('',(-0.664023331817194,0.747073458314603,0.0308911424886124));
#4263=DIRECTION('',(0.,0.495998442203122,-0.868323410563182));
#4264=DIRECTION('',(-0.664023331817193,0.747073458314604,0.0308911424886103));
#4265=DIRECTION('center_axis',(-0.707106781186546,-0.640856382055779,0.298836238730143));
#4266=DIRECTION('ref_axis',(0.,0.422618261740731,0.906307787036635));
#4267=DIRECTION('',(-0.432537568646342,0.726341011022118,0.534172245082874));
#4268=DIRECTION('center_axis',(-0.707106781186547,0.0942983714008103,-0.700790851218218));
#4269=DIRECTION('ref_axis',(0.,-0.99106792617979,-0.133358035744721));
#4270=DIRECTION('',(-0.6595312394972,-0.445339382266905,0.605550475789937));
#4271=DIRECTION('center_axis',(-0.707106781186547,0.640856382055776,-0.298836238730148));
#4272=DIRECTION('ref_axis',(0.,-0.422618261740739,-0.906307787036632));
#4273=DIRECTION('center_axis',(-0.707106781186547,-0.640856382055779,0.298836238730142));
#4274=DIRECTION('ref_axis',(0.,0.42261826174073,0.906307787036636));
#4275=DIRECTION('',(0.,-0.422618261740731,-0.906307787036635));
#4276=DIRECTION('center_axis',(1.,0.,0.));
#4277=DIRECTION('ref_axis',(0.,1.,0.));
#4278=DIRECTION('center_axis',(-0.866025403784439,0.353553390593274,-0.353553390593271));
#4279=DIRECTION('ref_axis',(0.,-0.707106781186544,-0.707106781186551));
#4280=DIRECTION('',(-0.470635470535499,-0.815164546811569,0.337652210855073));
#4281=DIRECTION('center_axis',(-0.866025403784438,0.5,0.));
#4282=DIRECTION('ref_axis',(0.,0.,-1.));
#4283=DIRECTION('',(-0.377964473009228,-0.654653670707977,-0.654653670707977));
#4284=DIRECTION('center_axis',(-0.866025403784438,0.,0.5));
#4285=DIRECTION('ref_axis',(0.,1.,0.));
#4286=DIRECTION('',(-0.499976198265618,0.00975728811907661,-0.86598417797118));
#4287=DIRECTION('',(-0.499976198266846,0.00975728858412113,-0.865984177965231));
#4288=DIRECTION('center_axis',(-0.866025403784439,-0.0112658519873578,0.499873064466369));
#4289=DIRECTION('ref_axis',(0.,0.999746128932739,0.0225317039747156));
#4290=DIRECTION('',(-0.440302206592412,0.490915119076344,-0.751755487330895));
#4291=DIRECTION('center_axis',(-0.866025403784439,-0.453153893518318,0.211309130870365));
#4292=DIRECTION('ref_axis',(0.,0.42261826174073,0.906307787036636));
#4293=DIRECTION('',(-0.4562526400405,0.889090532386893,0.0367634829153212));
#4294=DIRECTION('center_axis',(-0.866025403784439,-0.43416170528159,-0.247999221101561));
#4295=DIRECTION('ref_axis',(0.,-0.495998442203123,0.868323410563182));
#4296=DIRECTION('',(-0.4562526400405,0.889090532386893,0.0367634829153216));
#4297=DIRECTION('center_axis',(-0.866025403784438,-0.453153893518318,0.211309130870366));
#4298=DIRECTION('ref_axis',(0.,0.422618261740732,0.906307787036635));
#4299=DIRECTION('',(-0.431737510230418,0.890894183655089,0.14110377666658));
#4300=DIRECTION('center_axis',(-0.866025403784439,-0.365676850809586,-0.340999180031249));
#4301=DIRECTION('ref_axis',(0.,-0.681998360062497,0.731353701619171));
#4302=DIRECTION('center_axis',(-0.866025403784439,0.453153893518316,-0.211309130870369));
#4303=DIRECTION('ref_axis',(0.,-0.422618261740738,-0.906307787036632));
#4304=DIRECTION('',(-0.494306600277149,-0.839543420479876,0.225450282881607));
#4305=DIRECTION('center_axis',(-0.866025403784437,0.498049079947294,-0.0441261143049826));
#4306=DIRECTION('ref_axis',(0.,-0.0882522286099648,-0.996098159894583));
#4307=DIRECTION('center_axis',(0.0871557427476564,-0.996194698091746,0.));
#4308=DIRECTION('ref_axis',(-0.996194698091746,-0.0871557427476564,0.));
#4309=DIRECTION('center_axis',(0.,0.707106781186551,-0.707106781186544));
#4310=DIRECTION('ref_axis',(0.,0.707106781186544,0.707106781186551));
#4311=DIRECTION('',(1.,0.,0.));
#4312=DIRECTION('center_axis',(0.,1.,0.));
#4313=DIRECTION('ref_axis',(0.,0.,1.));
#4314=DIRECTION('center_axis',(-0.350800434887293,0.684876350533445,0.638657529011344));
#4315=DIRECTION('ref_axis',(0.936450241541368,0.256559196584437,0.239245321302346));
#4316=DIRECTION('',(2.38944510961424E-14,-0.681998360062493,0.731353701619176));
#4317=DIRECTION('',(0.707106781186545,0.640856382055781,-0.298836238730141));
#4318=DIRECTION('center_axis',(0.350800434887292,0.684876350533445,0.638657529011345));
#4319=DIRECTION('ref_axis',(0.936450241541368,-0.256559196584436,-0.239245321302345));
#4320=DIRECTION('',(2.37362096981548E-14,0.681998360062493,-0.731353701619176));
#4321=DIRECTION('',(0.707106781186545,-0.640856382055781,0.298836238730142));
#4322=DIRECTION('center_axis',(0.,-0.731353701619176,-0.681998360062493));
#4323=DIRECTION('ref_axis',(0.,0.681998360062493,-0.731353701619176));
#4324=DIRECTION('center_axis',(0.,0.90630778703662,-0.422618261740763));
#4325=DIRECTION('ref_axis',(0.,0.422618261740763,0.90630778703662));
#4326=DIRECTION('',(0.389281620635073,0.389281620635075,0.834817129478942));
#4327=DIRECTION('',(0.389281620635073,-0.389281620635075,-0.834817129478942));
#4328=DIRECTION('center_axis',(-0.70710678118655,-0.640856382055777,0.298836238730141));
#4329=DIRECTION('ref_axis',(-1.64035451888367E-14,0.422618261740745,0.906307787036629));
#4330=DIRECTION('',(-0.707106781186545,0.640856382055771,-0.298836238730164));
#4331=DIRECTION('center_axis',(-0.49999999999999,-0.751990132248469,-0.429547251185409));
#4332=DIRECTION('ref_axis',(-0.500000000000013,-0.154317654788164,0.852165512926138));
#4333=DIRECTION('center_axis',(-0.632280199348978,-0.3838303979554,0.672975463978157));
#4334=DIRECTION('ref_axis',(0.316578188622052,0.664813750748123,0.676609878220082));
#4335=DIRECTION('center_axis',(-0.632280199348978,0.3838303979554,-0.672975463978157));
#4336=DIRECTION('ref_axis',(-0.316578188622052,0.664813750748123,0.676609878220082));
#4337=DIRECTION('center_axis',(-0.70710678118655,0.640856382055777,-0.298836238730141));
#4338=DIRECTION('ref_axis',(1.64035451888367E-14,0.422618261740745,0.906307787036629));
#4339=DIRECTION('',(0.707106781186545,0.640856382055771,-0.298836238730164));
#4340=DIRECTION('center_axis',(-0.49999999999999,0.751990132248469,0.429547251185409));
#4341=DIRECTION('ref_axis',(0.500000000000013,-0.154317654788164,0.852165512926138));
#4342=DIRECTION('center_axis',(-0.707106781186517,-0.707106781186578,0.));
#4343=DIRECTION('ref_axis',(0.707106781186578,-0.707106781186517,0.));
#4344=DIRECTION('center_axis',(0.707106781186546,-0.707106781186549,0.));
#4345=DIRECTION('ref_axis',(0.707106781186549,0.707106781186546,0.));
#4346=DIRECTION('center_axis',(0.70710678118655,-0.707106781186545,0.));
#4347=DIRECTION('ref_axis',(-0.707106781186545,-0.70710678118655,0.));
#4348=DIRECTION('',(0.,0.,-1.));
#4349=DIRECTION('center_axis',(-0.70710678118655,-0.707106781186545,0.));
#4350=DIRECTION('ref_axis',(-0.707106781186545,0.70710678118655,0.));
#4351=DIRECTION('',(0.,0.,-1.));
#4352=DIRECTION('center_axis',(-1.,3.29597922457265E-15,0.));
#4353=DIRECTION('ref_axis',(3.29597922457265E-15,1.,0.));
#4354=DIRECTION('',(0.,0.,1.));
#4355=DIRECTION('center_axis',(-0.258819045102521,-0.965925826289068,0.));
#4356=DIRECTION('ref_axis',(-0.965925826289068,0.258819045102521,0.));
#4357=DIRECTION('',(0.,0.,1.));
#4358=DIRECTION('center_axis',(0.258819045102521,-0.965925826289068,0.));
#4359=DIRECTION('ref_axis',(-0.965925826289068,-0.258819045102521,0.));
#4360=DIRECTION('',(0.,0.,1.));
#4361=DIRECTION('center_axis',(1.,3.29597922457265E-15,0.));
#4362=DIRECTION('ref_axis',(3.29597922457265E-15,-1.,0.));
#4363=CARTESIAN_POINT('',(0.,0.,0.));
#4364=CARTESIAN_POINT('Origin',(0.,-57.7855339059328,-3.));
#4365=CARTESIAN_POINT('',(-17.3839197380094,-61.7557772239576,-3.));
#4366=CARTESIAN_POINT('',(17.3839197380094,-61.7557772239576,-3.));
#4367=CARTESIAN_POINT('',(0.,-61.7557772239576,-3.));
#4368=CARTESIAN_POINT('',(-14.7,-64.439696961967,-3.));
#4369=CARTESIAN_POINT('',(-12.6592514421272,-66.4804455198398,-3.));
#4370=CARTESIAN_POINT('',(-14.7,-73.2682021073445,-3.));
#4371=CARTESIAN_POINT('',(-14.7,-65.4501353078407,-3.));
#4372=CARTESIAN_POINT('',(7.1701903673708E-16,-77.207055236082,-3.));
#4373=CARTESIAN_POINT('',(-2.45357207077891,-76.5496225811452,-3.));
#4374=CARTESIAN_POINT('',(14.7,-73.2682021073445,-3.));
#4375=CARTESIAN_POINT('',(9.7035720707789,-74.6069909360196,-3.));
#4376=CARTESIAN_POINT('',(14.6999999999999,-64.439696961967,-3.));
#4377=CARTESIAN_POINT('',(14.6999999999999,-61.0711940777125,-3.));
#4378=CARTESIAN_POINT('',(14.6592514421272,-64.4804455198397,-3.));
#4379=CARTESIAN_POINT('Origin',(14.5,-58.7,0.));
#4380=CARTESIAN_POINT('',(11.75,-58.7,0.));
#4381=CARTESIAN_POINT('Origin',(14.5,-58.7,0.));
#4382=CARTESIAN_POINT('',(11.75,-58.700000002546,1.91449237084125));
#4383=CARTESIAN_POINT('',(11.75,-58.7,0.));
#4384=CARTESIAN_POINT('',(12.,-59.845643923739,1.1474493466476));
#4385=CARTESIAN_POINT('Ctrl Pts',(11.75,-58.700000005092,1.91449237084125));
#4386=CARTESIAN_POINT('Ctrl Pts',(11.7500000001127,-58.760880589726,1.85861295209811));
#4387=CARTESIAN_POINT('Ctrl Pts',(11.7520441047644,-58.8232061659292,1.80563091212554));
#4388=CARTESIAN_POINT('Ctrl Pts',(11.765405231507,-59.0204647048373,1.64823173046133));
#4389=CARTESIAN_POINT('Ctrl Pts',(11.7899610299436,-59.1898567243555,1.53188633171131));
#4390=CARTESIAN_POINT('Ctrl Pts',(11.8535742958546,-59.4586001265709,1.36474533618816));
#4391=CARTESIAN_POINT('Ctrl Pts',(11.9013671708509,-59.6096509358547,1.27844794526635));
#4392=CARTESIAN_POINT('Ctrl Pts',(11.9662941496881,-59.7697504382733,1.18939037443821));
#4393=CARTESIAN_POINT('Ctrl Pts',(11.9824857900593,-59.8074247843149,1.1685648906701));
#4394=CARTESIAN_POINT('Ctrl Pts',(12.,-59.845643923739,1.1474493466476));
#4395=CARTESIAN_POINT('',(12.,-59.845643923739,5.62841016107305));
#4396=CARTESIAN_POINT('Ctrl Pts',(12.,-59.845643923739,1.1474493466476));
#4397=CARTESIAN_POINT('Ctrl Pts',(12.0648763844458,-59.987215801138,1.13438488767172));
#4398=CARTESIAN_POINT('Ctrl Pts',(12.1420276701105,-60.1226078422652,1.13575335253481));
#4399=CARTESIAN_POINT('Ctrl Pts',(12.4751323182736,-60.6137781615701,1.17762774488939));
#4400=CARTESIAN_POINT('Ctrl Pts',(12.8170734616022,-60.9200912953298,1.29838109674423));
#4401=CARTESIAN_POINT('Ctrl Pts',(13.4074338912925,-61.2334630136947,1.46914392546094));
#4402=CARTESIAN_POINT('Ctrl Pts',(13.6172917184751,-61.3140712018763,1.52375739981297));
#4403=CARTESIAN_POINT('Ctrl Pts',(14.0513887195952,-61.4223684561751,1.6018337323301));
#4404=CARTESIAN_POINT('Ctrl Pts',(14.2757610880932,-61.45,1.62463435711398));
#4405=CARTESIAN_POINT('Ctrl Pts',(14.7242389119068,-61.45,1.62463435711398));
#4406=CARTESIAN_POINT('Ctrl Pts',(14.9486112804048,-61.4223684561751,1.6018337323301));
#4407=CARTESIAN_POINT('Ctrl Pts',(15.3827082815249,-61.3140712018763,1.52375739981297));
#4408=CARTESIAN_POINT('Ctrl Pts',(15.5925661087075,-61.2334630136947,1.46914392546094));
#4409=CARTESIAN_POINT('Ctrl Pts',(16.1829265383978,-60.9200912953298,1.29838109674423));
#4410=CARTESIAN_POINT('Ctrl Pts',(16.5248676817264,-60.6137781615701,1.17762774488939));
#4411=CARTESIAN_POINT('Ctrl Pts',(16.8914583003279,-60.0732320233353,1.13154385058928));
#4412=CARTESIAN_POINT('Ctrl Pts',(16.9964056583504,-59.873877908027,1.13548940720577));
#4413=CARTESIAN_POINT('Ctrl Pts',(17.1501849113049,-59.4658657627542,1.205881095373));
#4414=CARTESIAN_POINT('Ctrl Pts',(17.1993241527049,-59.2574582828539,1.27310534835918));
#4415=CARTESIAN_POINT('Ctrl Pts',(17.2488402706271,-58.8959045362285,1.44788488367303));
#4416=CARTESIAN_POINT('Ctrl Pts',(17.2545844003849,-58.7151696798949,1.56588019592531));
#4417=CARTESIAN_POINT('Ctrl Pts',(17.2378501751852,-58.3964513453475,1.8497866126115));
#4418=CARTESIAN_POINT('Ctrl Pts',(17.2164553926104,-58.2584160694306,2.01570240048351));
#4419=CARTESIAN_POINT('Ctrl Pts',(17.1731462596247,-58.0451360474148,2.35172459427383));
#4420=CARTESIAN_POINT('Ctrl Pts',(17.1472901762871,-57.9527472889436,2.55059303118587));
#4421=CARTESIAN_POINT('Ctrl Pts',(17.1099785267548,-57.831354885071,2.96765268235352));
#4422=CARTESIAN_POINT('Ctrl Pts',(17.0993868389136,-57.8023987178694,3.1859345479815));
#4423=CARTESIAN_POINT('Ctrl Pts',(17.0993868389136,-57.8023987178694,3.58992495973916));
#4424=CARTESIAN_POINT('Ctrl Pts',(17.1099785267548,-57.831354885071,3.80820682536714));
#4425=CARTESIAN_POINT('Ctrl Pts',(17.1472901762871,-57.9527472889436,4.22526647653478));
#4426=CARTESIAN_POINT('Ctrl Pts',(17.1731462596247,-58.0451360474148,4.42413491344682));
#4427=CARTESIAN_POINT('Ctrl Pts',(17.2164553926104,-58.2584160694306,4.76015710723715));
#4428=CARTESIAN_POINT('Ctrl Pts',(17.2378501751852,-58.3964513453475,4.92607289510915));
#4429=CARTESIAN_POINT('Ctrl Pts',(17.2545844003849,-58.7151696798949,5.20997931179534));
#4430=CARTESIAN_POINT('Ctrl Pts',(17.2488402706271,-58.8959045362285,5.32797462404762));
#4431=CARTESIAN_POINT('Ctrl Pts',(17.1993241527049,-59.2574582828539,5.50275415936147));
#4432=CARTESIAN_POINT('Ctrl Pts',(17.1501849113049,-59.4658657627542,5.56997841234766));
#4433=CARTESIAN_POINT('Ctrl Pts',(16.9964056583504,-59.873877908027,5.64037010051489));
#4434=CARTESIAN_POINT('Ctrl Pts',(16.8914583003279,-60.0732320233353,5.64431565713137));
#4435=CARTESIAN_POINT('Ctrl Pts',(16.5248676817264,-60.6137781615701,5.59823176283127));
#4436=CARTESIAN_POINT('Ctrl Pts',(16.1829265383978,-60.9200912953298,5.47747841097642));
#4437=CARTESIAN_POINT('Ctrl Pts',(15.5925661087075,-61.2334630136947,5.30671558225971));
#4438=CARTESIAN_POINT('Ctrl Pts',(15.3827082815249,-61.3140712018763,5.25210210790768));
#4439=CARTESIAN_POINT('Ctrl Pts',(14.9486112804048,-61.4223684561751,5.17402577539055));
#4440=CARTESIAN_POINT('Ctrl Pts',(14.7242389119068,-61.45,5.15122515060667));
#4441=CARTESIAN_POINT('Ctrl Pts',(14.5,-61.45,5.15122515060667));
#4442=CARTESIAN_POINT('Ctrl Pts',(14.2757610880932,-61.45,5.15122515060667));
#4443=CARTESIAN_POINT('Ctrl Pts',(14.0513887195952,-61.4223684561751,5.17402577539055));
#4444=CARTESIAN_POINT('Ctrl Pts',(13.6172917184751,-61.3140712018763,5.25210210790768));
#4445=CARTESIAN_POINT('Ctrl Pts',(13.4074338912925,-61.2334630136947,5.30671558225971));
#4446=CARTESIAN_POINT('Ctrl Pts',(12.8170734616022,-60.9200912953298,5.47747841097642));
#4447=CARTESIAN_POINT('Ctrl Pts',(12.4751323182736,-60.6137781615701,5.59823176283127));
#4448=CARTESIAN_POINT('Ctrl Pts',(12.1420276701353,-60.1226078423019,5.64010615518272));
#4449=CARTESIAN_POINT('Ctrl Pts',(12.064876384417,-59.987215801075,5.64147462004312));
#4450=CARTESIAN_POINT('Ctrl Pts',(12.,-59.845643923739,5.62841016107305));
#4451=CARTESIAN_POINT('',(11.75,-58.700000002546,4.8613671368794));
#4452=CARTESIAN_POINT('Ctrl Pts',(12.,-59.845643923739,5.62841016107305));
#4453=CARTESIAN_POINT('Ctrl Pts',(11.9824857900593,-59.8074247843149,5.60729461705055));
#4454=CARTESIAN_POINT('Ctrl Pts',(11.9662941496881,-59.7697504382733,5.58646913328244));
#4455=CARTESIAN_POINT('Ctrl Pts',(11.9013671708509,-59.6096509358547,5.4974115624543));
#4456=CARTESIAN_POINT('Ctrl Pts',(11.8535742958546,-59.4586001265709,5.4111141715325));
#4457=CARTESIAN_POINT('Ctrl Pts',(11.7899610299436,-59.1898567243555,5.24397317600934));
#4458=CARTESIAN_POINT('Ctrl Pts',(11.765405231507,-59.0204647048373,5.12762777725932));
#4459=CARTESIAN_POINT('Ctrl Pts',(11.7520441047644,-58.8232061659292,4.97022859559511));
#4460=CARTESIAN_POINT('Ctrl Pts',(11.7500000001127,-58.760880589726,4.91724655562255));
#4461=CARTESIAN_POINT('Ctrl Pts',(11.75,-58.700000005092,4.86136713687941));
#4462=CARTESIAN_POINT('',(11.75,-58.7,30.));
#4463=CARTESIAN_POINT('',(11.75,-58.7,0.));
#4464=CARTESIAN_POINT('Origin',(14.5,-58.7,30.));
#4465=CARTESIAN_POINT('Ctrl Pts',(11.75,-58.700000005092,4.8613671368794));
#4466=CARTESIAN_POINT('Ctrl Pts',(11.7499999996675,-58.5204227730709,4.69654166082358));
#4467=CARTESIAN_POINT('Ctrl Pts',(11.7687193379984,-58.3539081954975,4.50596726965314));
#4468=CARTESIAN_POINT('Ctrl Pts',(11.8065251625788,-58.1384010592582,4.15776469815247));
#4469=CARTESIAN_POINT('Ctrl Pts',(11.8230576950702,-58.0684049478595,4.0098837697473));
#4470=CARTESIAN_POINT('Ctrl Pts',(11.8474265003139,-57.9728230740846,3.70424118187578));
#4471=CARTESIAN_POINT('Ctrl Pts',(11.8549824800342,-57.9474162378352,3.54640131561509));
#4472=CARTESIAN_POINT('Ctrl Pts',(11.8549824800342,-57.9474162378352,3.22945819210556));
#4473=CARTESIAN_POINT('Ctrl Pts',(11.8474265003139,-57.9728230740846,3.07161832584488));
#4474=CARTESIAN_POINT('Ctrl Pts',(11.8230576950702,-58.0684049478595,2.76597573797335));
#4475=CARTESIAN_POINT('Ctrl Pts',(11.8065251625788,-58.1384010592582,2.61809480956818));
#4476=CARTESIAN_POINT('Ctrl Pts',(11.7687193379984,-58.3539081954975,2.26989223806752));
#4477=CARTESIAN_POINT('Ctrl Pts',(11.7499999996675,-58.5204227730709,2.07931784689707));
#4478=CARTESIAN_POINT('Ctrl Pts',(11.75,-58.700000005092,1.91449237084125));
#4479=CARTESIAN_POINT('Origin',(0.,-79.2,-4.99999999999999));
#4480=CARTESIAN_POINT('',(16.6443324042985,-62.6883925402678,-5.00000000000001));
#4481=CARTESIAN_POINT('',(-16.6443324042985,-62.6883925402678,-5.00000000000001));
#4482=CARTESIAN_POINT('',(0.,-62.6883925402678,-5.00000000000001));
#4483=CARTESIAN_POINT('',(17.9720608116131,-72.5555822586754,-4.99999999999999));
#4484=CARTESIAN_POINT('',(17.5341588274634,-69.3012555967857,-5.));
#4485=CARTESIAN_POINT('',(5.,-79.2000000000003,-4.99999999999999));
#4486=CARTESIAN_POINT('',(2.30677362912541,-80.5794971623959,-4.99999999999998));
#4487=CARTESIAN_POINT('',(-5.,-79.2000000000003,-4.99999999999999));
#4488=CARTESIAN_POINT('',(0.,-79.2,-4.99999999999999));
#4489=CARTESIAN_POINT('',(-17.9720608116131,-72.5555822586754,-4.99999999999999));
#4490=CARTESIAN_POINT('',(-8.40426918811054,-77.4562996798879,-4.99999999999999));
#4491=CARTESIAN_POINT('',(-17.5341588274634,-69.3012555967857,-5.));
#4492=CARTESIAN_POINT('Origin',(6.66666666666667,-66.1463080028007,22.6422458113874));
#4493=CARTESIAN_POINT('',(10.,-72.3514754061077,13.013147768617));
#4494=CARTESIAN_POINT('',(9.99204323164824,-72.3508455941996,13.0057190821069));
#4495=CARTESIAN_POINT('',(9.77330267877617,-72.3335313531789,12.8014960957785));
#4496=CARTESIAN_POINT('',(9.84507042253523,-72.4646744005016,12.5994458669757));
#4497=CARTESIAN_POINT('Origin',(9.00000000000001,-71.8952843240163,12.8880747822741));
#4498=CARTESIAN_POINT('',(9.2796792049249,-72.5811042538584,11.7259210556115));
#4499=CARTESIAN_POINT('Origin',(-3.52495810318487E-14,-65.8312800094485,
15.9619727302023));
#4500=CARTESIAN_POINT('',(10.9023829138667,-73.9526726954448,10.575038482142));
#4501=CARTESIAN_POINT('',(4.41181710404298,-68.4666094149221,15.1783921574438));
#4502=CARTESIAN_POINT('',(10.9023829138668,-66.1463080028007,27.3158415895386));
#4503=CARTESIAN_POINT('',(10.9023829138668,-67.9363990404193,23.4769789710236));
#4504=CARTESIAN_POINT('',(8.90550884095451,-66.1463080028007,25.1125348305386));
#4505=CARTESIAN_POINT('',(3.66020058316841,-66.1463080028007,19.3249775207458));
#4506=CARTESIAN_POINT('',(10.,-66.9847782951721,24.522066863297));
#4507=CARTESIAN_POINT('',(6.1947346588259,-64.0696319124938,26.5749727020043));
#4508=CARTESIAN_POINT('',(10.,-69.9181685120495,18.2313912426483));
#4509=CARTESIAN_POINT('Origin',(18.,-61.35,5.17157287525376));
#4510=CARTESIAN_POINT('',(18.,-68.3657589988736,5.61737698660457));
#4511=CARTESIAN_POINT('',(18.,-71.6662439511647,-1.46053583462059));
#4512=CARTESIAN_POINT('',(18.,-68.5552135826571,5.21109032055859));
#4513=CARTESIAN_POINT('',(18.,-63.7003946451217,-0.38865166963992));
#4514=CARTESIAN_POINT('',(18.,-72.1104943051663,-1.52031413338656));
#4515=CARTESIAN_POINT('',(18.,-62.4802080124531,2.22804700843078));
#4516=CARTESIAN_POINT('',(18.,-63.9005084907748,-0.817797196532823));
#4517=CARTESIAN_POINT('',(18.,-62.2160254037844,5.20986191005789));
#4518=CARTESIAN_POINT('',(18.,-62.2126463111316,5.24800154717058));
#4519=CARTESIAN_POINT('',(18.,-62.2160254037844,25.1871465923533));
#4520=CARTESIAN_POINT('',(18.,-62.2160254037844,5.17157287525376));
#4521=CARTESIAN_POINT('',(18.,-61.4160254037844,25.9871465923533));
#4522=CARTESIAN_POINT('',(18.,-61.9623724356958,25.440799560442));
#4523=CARTESIAN_POINT('',(18.,-61.4160254037844,27.1339745962156));
#4524=CARTESIAN_POINT('',(18.,-61.4160254037844,25.6284271247462));
#4525=CARTESIAN_POINT('',(18.,-61.4177076829664,27.1339745962156));
#4526=CARTESIAN_POINT('',(18.,-60.3568542494924,27.1339745962156));
#4527=CARTESIAN_POINT('',(18.,-63.030591204705,27.0976243538832));
#4528=CARTESIAN_POINT('',(18.,-61.4079524075557,27.1341944550091));
#4529=CARTESIAN_POINT('',(18.,-70.9430425059854,10.1293177800941));
#4530=CARTESIAN_POINT('',(18.,-62.8031808348893,27.5853074657485));
#4531=CARTESIAN_POINT('',(18.,-71.1653925247418,10.5185765160042));
#4532=CARTESIAN_POINT('',(18.,-68.6435843844328,0.762415674905605));
#4533=CARTESIAN_POINT('',(18.,-66.3406310243998,5.70111509310653));
#4534=CARTESIAN_POINT('',(18.,-65.9963654333959,6.43939503550764));
#4535=CARTESIAN_POINT('',(18.,-68.9179145315116,10.2130558865961));
#4536=CARTESIAN_POINT('',(18.,-66.9013556027943,6.68275180175304));
#4537=CARTESIAN_POINT('',(18.,-64.0160254037844,20.7251910445766));
#4538=CARTESIAN_POINT('',(18.,-66.756631769255,14.8479417274329));
#4539=CARTESIAN_POINT('',(18.,-64.0160254037844,5.28944417444229));
#4540=CARTESIAN_POINT('',(18.,-64.0160254037844,5.23050852484802));
#4541=CARTESIAN_POINT('',(18.,-64.2452645890183,2.70203381457024));
#4542=CARTESIAN_POINT('',(18.,-64.1254437939801,4.05444468661938));
#4543=CARTESIAN_POINT('',(18.,-64.9158198442245,1.26402342919672));
#4544=CARTESIAN_POINT('',(18.,-63.8490419518876,3.5517360019596));
#4545=CARTESIAN_POINT('',(18.,-64.7702758206886,1.2836078235459));
#4546=CARTESIAN_POINT('Origin',(18.5,-71.9950028584125,-2.37860413433422));
#4547=CARTESIAN_POINT('',(18.5,-63.1156229235534,-1.18379534730352));
#4548=CARTESIAN_POINT('',(18.5,-71.9950028584125,-2.37860413433422));
#4549=CARTESIAN_POINT('',(18.5,-68.8845572536547,-1.96006277588242));
#4550=CARTESIAN_POINT('',(17.633653403637,-64.1288529048133,0.193944690223255));
#4551=CARTESIAN_POINT('',(18.0002884190358,-71.6670828339444,-1.46115277334635));
#4552=CARTESIAN_POINT('',(17.1188730617403,-69.103437327358,0.424226483866886));
#4553=CARTESIAN_POINT('',(18.4038736008886,-71.9319229292105,-2.20211974003333));
#4554=CARTESIAN_POINT('Origin',(17.5100505063388,-61.7651504801059,-4.01005050633884));
#4555=CARTESIAN_POINT('',(18.5,-61.7651504801059,-3.02010101267767));
#4556=CARTESIAN_POINT('',(13.655311761605,-64.1755067100788,-8.18912662874697));
#4557=CARTESIAN_POINT('',(18.5,-72.7527388069531,-4.49859018393763));
#4558=CARTESIAN_POINT('',(18.5,-63.7016922927272,-3.28068195314273));
#4559=CARTESIAN_POINT('',(15.7306345012526,-71.7185315447098,-7.1287928206829));
#4560=CARTESIAN_POINT('Origin',(9.25,-69.2909542857795,24.0031286241361));
#4561=CARTESIAN_POINT('',(16.2411077985004,-64.0779060970795,32.5));
#4562=CARTESIAN_POINT('',(4.68102048292837,-66.1463080028007,32.5));
#4563=CARTESIAN_POINT('',(5.49809429718465,-66.00011213175,32.5));
#4564=CARTESIAN_POINT('',(15.0507037645421,-66.1463080028007,28.5210657841501));
#4565=CARTESIAN_POINT('',(4.79613046279259,-66.1463080028007,32.4558313378501));
#4566=CARTESIAN_POINT('',(15.0507037645469,-74.8759279924405,9.80033530295038));
#4567=CARTESIAN_POINT('',(15.0507037645434,-68.4182291636638,23.6489151318276));
#4568=CARTESIAN_POINT('',(0.,-79.2998966482868,6.08818483548996));
#4569=CARTESIAN_POINT('',(12.0938761984566,-75.7450509701938,9.07105453286989));
#4570=CARTESIAN_POINT('',(0.,-82.7134755542914,-1.23225875214119));
#4571=CARTESIAN_POINT('',(0.,-70.6504159663345,24.6370560167472));
#4572=CARTESIAN_POINT('',(5.00000000000074,-82.1170764252833,-1.87181851677543));
#4573=CARTESIAN_POINT('',(3.69843227871791,-82.2723271963469,-1.70533244767962));
#4574=CARTESIAN_POINT('',(13.4362030508578,-79.6703355306572,0.138192586378586));
#4575=CARTESIAN_POINT('',(11.1856921830732,-80.3230482428589,-0.39801449692014));
#4576=CARTESIAN_POINT('',(13.4362030508581,-76.1795999507179,7.62409919522601));
#4577=CARTESIAN_POINT('',(13.4362030508582,-75.1150427750924,9.90704942563258));
#4578=CARTESIAN_POINT('',(18.5,-74.1675248508505,9.99598692426181));
#4579=CARTESIAN_POINT('',(16.9367756635999,-74.7886644412344,9.26377102807229));
#4580=CARTESIAN_POINT('',(18.5,-64.8755002232649,29.922798043661));
#4581=CARTESIAN_POINT('',(18.5,-67.9314926052246,23.3692012315249));
#4582=CARTESIAN_POINT('',(18.3068897254886,-64.8073147558246,30.1431202781305));
#4583=CARTESIAN_POINT('Origin',(0.,-60.3568542494923,0.));
#4584=CARTESIAN_POINT('',(7.2280144832367E-16,-77.207055236082,2.19550951593012E-14));
#4585=CARTESIAN_POINT('',(14.7,-73.2682021073445,1.68229370723581E-14));
#4586=CARTESIAN_POINT('',(9.38215702783395,-74.6931138372119,1.86795364475074E-14));
#4587=CARTESIAN_POINT('',(-14.7,-73.2682021073445,1.68229370723581E-14));
#4588=CARTESIAN_POINT('',(-2.13215702783396,-76.6357454823376,2.12107028509318E-14));
#4589=CARTESIAN_POINT('',(-14.6999999999999,-64.439696961967,5.31977038993071E-15));
#4590=CARTESIAN_POINT('',(-14.7,-66.7357954796205,8.31148909348401E-15));
#4591=CARTESIAN_POINT('',(-18.5,-60.6396969619669,3.68532023590525E-16));
#4592=CARTESIAN_POINT('',(-12.0164213562373,-67.1232756057297,8.81635921626982E-15));
#4593=CARTESIAN_POINT('',(-18.5,-55.45,-6.3934223731909E-15));
#4594=CARTESIAN_POINT('',(-18.5,-60.3568542494923,0.));
#4595=CARTESIAN_POINT('',(-16.,-52.95,-9.65081603525676E-15));
#4596=CARTESIAN_POINT('',(-14.4767135623731,-51.4267135623731,-1.22124532708767E-14));
#4597=CARTESIAN_POINT('',(-12.5000000000001,-52.95,-9.65081603525676E-15));
#4598=CARTESIAN_POINT('',(0.,-52.95,-9.65081603525676E-15));
#4599=CARTESIAN_POINT('',(-10.,-55.45,-7.27081849907146E-15));
#4600=CARTESIAN_POINT('',(-6.89828643762688,-58.5517135623731,-2.22044604925031E-15));
#4601=CARTESIAN_POINT('',(-9.99999999999982,-62.9271197418535,2.47155048397692E-15));
#4602=CARTESIAN_POINT('',(-9.99999999999987,-61.030242406486,0.));
#4603=CARTESIAN_POINT('',(-12.7,-65.3357000656915,6.48722432243607E-15));
#4604=CARTESIAN_POINT('',(-5.91161400052294,-59.2800063808926,-1.40308696887435E-15));
#4605=CARTESIAN_POINT('',(-12.7,-71.5264928953046,4.15843960767646E-15));
#4606=CARTESIAN_POINT('',(-12.7,-61.5062088191231,1.49756011623262E-15));
#4607=CARTESIAN_POINT('',(4.44089209850063E-15,-74.9294476391798,4.93583754506405E-15));
#4608=CARTESIAN_POINT('',(-6.82157417371086,-73.101612348225,1.66058777021497E-14));
#4609=CARTESIAN_POINT('',(12.7,-71.5264928953046,4.15843960767646E-15));
#4610=CARTESIAN_POINT('',(6.82157417371086,-73.101612348225,1.66058777021497E-14));
#4611=CARTESIAN_POINT('',(12.7,-65.3357000656915,6.48722432243606E-15));
#4612=CARTESIAN_POINT('',(12.7,-65.9416735723985,7.27678202648693E-15));
#4613=CARTESIAN_POINT('',(10.0000000000003,-62.9271197418539,3.34894660985807E-15));
#4614=CARTESIAN_POINT('',(7.26161400052301,-60.4842965428116,1.66051887414924E-16));
#4615=CARTESIAN_POINT('',(10.0000000000003,-55.45,-6.3934223731909E-15));
#4616=CARTESIAN_POINT('',(10.0000000000003,-66.3034049821804,7.7481026671245E-15));
#4617=CARTESIAN_POINT('',(12.5000000000001,-52.95,-9.65081603525676E-15));
#4618=CARTESIAN_POINT('',(6.89828643762708,-58.5517135623732,-2.22044604925031E-15));
#4619=CARTESIAN_POINT('',(16.,-52.95,-9.65081603525676E-15));
#4620=CARTESIAN_POINT('',(0.,-52.95,-9.65081603525676E-15));
#4621=CARTESIAN_POINT('',(18.5,-55.45,-6.3934223731909E-15));
#4622=CARTESIAN_POINT('',(14.4767135623731,-51.4267135623731,-1.22124532708767E-14));
#4623=CARTESIAN_POINT('',(18.5,-60.6396969619669,3.68532023590526E-16));
#4624=CARTESIAN_POINT('',(18.5,-60.3568542494923,0.));
#4625=CARTESIAN_POINT('',(14.6999999999999,-64.439696961967,5.31977038993071E-15));
#4626=CARTESIAN_POINT('',(14.0164213562373,-65.1232756057296,6.2104442866171E-15));
#4627=CARTESIAN_POINT('',(14.6999999999999,-62.3568542494923,2.60591492965269E-15));
#4628=CARTESIAN_POINT('',(-17.25,-58.7,0.));
#4629=CARTESIAN_POINT('Origin',(-14.5,-58.7,0.));
#4630=CARTESIAN_POINT('Origin',(-3.33066907387547E-14,-67.3107289670671,
16.8161329841357));
#4631=CARTESIAN_POINT('',(10.2940804343464,-61.882215579978,26.2185939801419));
#4632=CARTESIAN_POINT('',(8.83048657281055,-61.8059497301998,26.3506903068402));
#4633=CARTESIAN_POINT('',(0.620493955736338,-61.3781383816626,27.0916812985611));
#4634=CARTESIAN_POINT('',(10.5434119720414,-72.0598930239501,8.5903395441345));
#4635=CARTESIAN_POINT('',(10.3602683366877,-64.5839962169197,21.538972646053));
#4636=CARTESIAN_POINT('',(10.3543989589996,-72.0768322176541,8.56100000000001));
#4637=CARTESIAN_POINT('',(6.06598601068755,-72.4611563255287,7.89533111858756));
#4638=CARTESIAN_POINT('',(10.5438269464044,-72.0768322176541,8.56100000000001));
#4639=CARTESIAN_POINT('',(5.67499999999994,-72.0768322176541,8.56100000000001));
#4640=CARTESIAN_POINT('',(10.5444939449464,-72.1040590020366,8.51384182612274));
#4641=CARTESIAN_POINT('',(10.3602683366877,-64.5839962169197,21.538972646053));
#4642=CARTESIAN_POINT('',(2.30908951991611,-74.3107289670671,4.69177733115356));
#4643=CARTESIAN_POINT('',(2.519296626296,-74.2544041426694,4.78933478873792));
#4644=CARTESIAN_POINT('',(-2.30908951991611,-74.3107289670671,4.69177733115356));
#4645=CARTESIAN_POINT('',(12.,-74.3107289670671,4.69177733115356));
#4646=CARTESIAN_POINT('',(-10.5444939449464,-72.1040590020366,8.51384182612275));
#4647=CARTESIAN_POINT('',(-6.68262605717449,-73.1388433838408,6.72154270195917));
#4648=CARTESIAN_POINT('',(-10.5438269464044,-72.0768322176541,8.56100000000001));
#4649=CARTESIAN_POINT('',(-10.4795717046426,-69.4539425071067,13.1039782413176));
#4650=CARTESIAN_POINT('',(-10.3543989589996,-72.0768322176541,8.56100000000001));
#4651=CARTESIAN_POINT('',(-5.67499999999997,-72.0768322176541,8.56100000000001));
#4652=CARTESIAN_POINT('',(-10.5434119720414,-72.0598930239501,8.5903395441345));
#4653=CARTESIAN_POINT('',(-1.06909658177799,-72.9089735238864,7.11968897852892));
#4654=CARTESIAN_POINT('',(-10.2940804343463,-61.882215579978,26.2185939801419));
#4655=CARTESIAN_POINT('',(-10.4795717046426,-69.4539425071067,13.1039782413176));
#4656=CARTESIAN_POINT('',(-8.83048657281079,-61.8059497301998,26.3506903068402));
#4657=CARTESIAN_POINT('',(-5.62074502431346,-61.6386945419963,26.6403847906382));
#4658=CARTESIAN_POINT('',(-9.99999999999986,-61.7036305634794,26.527912302188));
#4659=CARTESIAN_POINT('',(0.436772019926175,-62.6167297990275,24.9463780338665));
#4660=CARTESIAN_POINT('',(-9.99999999999987,-61.1120617091313,27.5525396140942));
#4661=CARTESIAN_POINT('',(-9.9999999999998,-63.7554507276552,22.9740555298413));
#4662=CARTESIAN_POINT('',(-5.17706970459611,-60.3107289670671,28.9404886371178));
#4663=CARTESIAN_POINT('',(-15.0507037645421,-61.9512391487994,26.0990416520235));
#4664=CARTESIAN_POINT('',(5.17706970459613,-60.3107289670671,28.9404886371178));
#4665=CARTESIAN_POINT('',(-12.,-60.3107289670671,28.9404886371178));
#4666=CARTESIAN_POINT('',(10.0000000000003,-61.1120617091314,27.552539614094));
#4667=CARTESIAN_POINT('',(4.68102048292837,-60.2283100933429,29.0832423139109));
#4668=CARTESIAN_POINT('',(10.0000000000003,-61.7036305634793,26.5279123021881));
#4669=CARTESIAN_POINT('',(10.0000000000004,-62.6612469072202,24.8692721406707));
#4670=CARTESIAN_POINT('',(4.45182482405755,-62.1890329946303,25.6871706293173));
#4671=CARTESIAN_POINT('',(10.,-63.7362768037075,23.0072657402991));
#4672=CARTESIAN_POINT('',(6.8,-62.4309815612796,25.2681034190622));
#4673=CARTESIAN_POINT('',(6.95474050755218,-62.4941009513792,25.1587774284669));
#4674=CARTESIAN_POINT('',(6.36197776032272,-62.4309815612796,25.2681034190622));
#4675=CARTESIAN_POINT('',(1.9696332119764,-62.4309815612796,25.2681034190622));
#4676=CARTESIAN_POINT('',(6.34282397115479,-62.4247519902757,25.2788933525504));
#4677=CARTESIAN_POINT('Origin',(-3.52495810318487E-14,-67.3107289670671,
16.8161329841357));
#4678=CARTESIAN_POINT('',(5.47719203216386,-62.169647674119,25.7207469893638));
#4679=CARTESIAN_POINT('Ctrl Pts',(6.34282397115479,-62.4247519902757,25.2788933525504));
#4680=CARTESIAN_POINT('Ctrl Pts',(6.01384610072853,-62.3179847699004,25.4638196028233));
#4681=CARTESIAN_POINT('Ctrl Pts',(5.6759260622752,-62.2225793622319,25.6290666162218));
#4682=CARTESIAN_POINT('Ctrl Pts',(5.47719203216387,-62.169647674119,25.7207469893638));
#4683=CARTESIAN_POINT('',(5.17767973368008,-62.0926322696246,25.8541415829135));
#4684=CARTESIAN_POINT('Origin',(-3.52495810318487E-14,-67.3107289670671,
16.8161329841357));
#4685=CARTESIAN_POINT('',(4.57214013856999,-61.9530700904383,26.0958703680793));
#4686=CARTESIAN_POINT('Ctrl Pts',(5.17767973368008,-62.0926322696246,25.8541415829135));
#4687=CARTESIAN_POINT('Ctrl Pts',(5.04381749440476,-62.0594259185551,25.9116566701));
#4688=CARTESIAN_POINT('Ctrl Pts',(4.81171668539855,-62.0041827858916,26.0073405826424));
#4689=CARTESIAN_POINT('Ctrl Pts',(4.57214013856999,-61.9530700904383,26.0958703680793));
#4690=CARTESIAN_POINT('',(-4.57214013856999,-61.9530700904383,26.0958703680793));
#4691=CARTESIAN_POINT('Origin',(-3.52495810318487E-14,-67.3107289670671,
16.8161329841357));
#4692=CARTESIAN_POINT('',(-5.17767973368008,-62.0926322696246,25.8541415829135));
#4693=CARTESIAN_POINT('Ctrl Pts',(-4.57214013856999,-61.9530700904383,26.0958703680793));
#4694=CARTESIAN_POINT('Ctrl Pts',(-4.81171668539855,-62.0041827858916,26.0073405826424));
#4695=CARTESIAN_POINT('Ctrl Pts',(-5.04381749440477,-62.0594259185551,25.9116566701));
#4696=CARTESIAN_POINT('Ctrl Pts',(-5.17767973368008,-62.0926322696246,25.8541415829135));
#4697=CARTESIAN_POINT('',(-5.47719203216387,-62.169647674119,25.7207469893638));
#4698=CARTESIAN_POINT('Origin',(-3.52495810318487E-14,-67.3107289670671,
16.8161329841357));
#4699=CARTESIAN_POINT('',(-6.34282397115479,-62.4247519902756,25.2788933525504));
#4700=CARTESIAN_POINT('Ctrl Pts',(-5.47719203216387,-62.169647674119,25.7207469893638));
#4701=CARTESIAN_POINT('Ctrl Pts',(-5.6759260622752,-62.2225793622319,25.6290666162218));
#4702=CARTESIAN_POINT('Ctrl Pts',(-6.01384610072854,-62.3179847699004,25.4638196028233));
#4703=CARTESIAN_POINT('Ctrl Pts',(-6.34282397115479,-62.4247519902757,25.2788933525504));
#4704=CARTESIAN_POINT('',(-6.36197776032278,-62.4309815612796,25.2681034190622));
#4705=CARTESIAN_POINT('Origin',(-3.52495810318487E-14,-67.3107289670671,
16.8161329841357));
#4706=CARTESIAN_POINT('',(-6.79999999999998,-62.4309815612796,25.2681034190622));
#4707=CARTESIAN_POINT('',(-3.40000000000001,-62.4309815612796,25.2681034190622));
#4708=CARTESIAN_POINT('',(-9.99999999999999,-63.7362768037075,23.0072657402991));
#4709=CARTESIAN_POINT('',(-8.54988389872046,-63.1447675387174,24.0317898404097));
#4710=CARTESIAN_POINT('',(-10.,-70.2641806085699,11.7006046833553));
#4711=CARTESIAN_POINT('',(-9.99999999999998,-68.4830405666712,14.7856297313191));
#4712=CARTESIAN_POINT('',(-9.97009270820858,-70.2791342544656,11.6747042089055));
#4713=CARTESIAN_POINT('',(-9.2034516415028,-70.6624547878185,11.0107735695539));
#4714=CARTESIAN_POINT('',(-9.84507042253524,-70.4250944070613,11.4218938087292));
#4715=CARTESIAN_POINT('Origin',(-9.00000000000005,-70.1577669014824,11.8849186306525));
#4716=CARTESIAN_POINT('',(-6.34282397115479,-72.1967059438585,8.35337261572128));
#4717=CARTESIAN_POINT('Origin',(-3.52495810318487E-14,-67.3107289670671,
16.8161329841357));
#4718=CARTESIAN_POINT('',(-5.47719203216387,-72.4518102600151,7.91151897890792));
#4719=CARTESIAN_POINT('Ctrl Pts',(-6.34282397115479,-72.1967059438585,8.35337261572128));
#4720=CARTESIAN_POINT('Ctrl Pts',(-6.01384098502724,-72.3034748244951,8.16844348979153));
#4721=CARTESIAN_POINT('Ctrl Pts',(-5.67592915264698,-72.3988777487992,8.00320077770625));
#4722=CARTESIAN_POINT('Ctrl Pts',(-5.47719203216387,-72.4518102600152,7.91151897890794));
#4723=CARTESIAN_POINT('',(-5.17767973368008,-72.5288256645096,7.77812438535816));
#4724=CARTESIAN_POINT('Origin',(-3.52495810318487E-14,-67.3107289670671,
16.8161329841357));
#4725=CARTESIAN_POINT('',(-4.57214013857,-72.6683878436959,7.53639560019238));
#4726=CARTESIAN_POINT('Ctrl Pts',(-5.17767973368008,-72.5288256645096,7.77812438535816));
#4727=CARTESIAN_POINT('Ctrl Pts',(-5.04381682202158,-72.5620321823729,7.7206090092764));
#4728=CARTESIAN_POINT('Ctrl Pts',(-4.81171788877931,-72.6172748915062,7.62492583030986));
#4729=CARTESIAN_POINT('Ctrl Pts',(-4.57214013857,-72.6683878436959,7.53639560019238));
#4730=CARTESIAN_POINT('',(4.57214013857,-72.6683878436959,7.53639560019238));
#4731=CARTESIAN_POINT('Origin',(-3.52495810318487E-14,-67.3107289670671,
16.8161329841357));
#4732=CARTESIAN_POINT('',(5.17767973368008,-72.5288256645095,7.77812438535816));
#4733=CARTESIAN_POINT('Ctrl Pts',(4.57214013857,-72.6683878436959,7.53639560019238));
#4734=CARTESIAN_POINT('Ctrl Pts',(4.81171788877931,-72.6172748915062,7.62492583030986));
#4735=CARTESIAN_POINT('Ctrl Pts',(5.04381682202157,-72.5620321823729,7.7206090092764));
#4736=CARTESIAN_POINT('Ctrl Pts',(5.17767973368008,-72.5288256645096,7.77812438535816));
#4737=CARTESIAN_POINT('',(5.47719203216387,-72.4518102600152,7.91151897890794));
#4738=CARTESIAN_POINT('Origin',(-3.52495810318487E-14,-67.3107289670671,
16.8161329841357));
#4739=CARTESIAN_POINT('',(6.34282397115479,-72.1967059438585,8.35337261572128));
#4740=CARTESIAN_POINT('Ctrl Pts',(5.47719203216387,-72.4518102600152,7.91151897890794));
#4741=CARTESIAN_POINT('Ctrl Pts',(5.67592915264697,-72.3988777487992,8.00320077770625));
#4742=CARTESIAN_POINT('Ctrl Pts',(6.01384098502723,-72.3034748244951,8.16844348979153));
#4743=CARTESIAN_POINT('Ctrl Pts',(6.34282397115479,-72.1967059438585,8.35337261572128));
#4744=CARTESIAN_POINT('',(9.84507042253523,-70.4250944070613,11.4218938087292));
#4745=CARTESIAN_POINT('Origin',(-3.52495810318487E-14,-67.3107289670671,
16.8161329841357));
#4746=CARTESIAN_POINT('',(9.97009270820858,-70.2791342544656,11.6747042089055));
#4747=CARTESIAN_POINT('Origin',(9.00000000000001,-70.1577669014824,11.8849186306525));
#4748=CARTESIAN_POINT('',(10.,-70.2641806085699,11.7006046833553));
#4749=CARTESIAN_POINT('',(9.20345164150278,-70.6624547878185,11.0107735695539));
#4750=CARTESIAN_POINT('',(10.,-70.1577669014824,11.8849186306525));
#4751=CARTESIAN_POINT('Origin',(18.5,-67.8317377771457,13.75));
#4752=CARTESIAN_POINT('',(18.5,-55.45,30.));
#4753=CARTESIAN_POINT('',(18.5,-55.45,19.375));
#4754=CARTESIAN_POINT('',(18.5,-60.3568542494924,30.));
#4755=CARTESIAN_POINT('',(18.5,-59.7868351313977,30.));
#4756=CARTESIAN_POINT('',(18.5,-60.3568542494924,32.5));
#4757=CARTESIAN_POINT('',(18.5,-60.3568542494924,21.875));
#4758=CARTESIAN_POINT('',(18.5,-69.4708338059785,27.3018574415115));
#4759=CARTESIAN_POINT('',(18.5,-71.5902413437383,5.48404613077149));
#4760=CARTESIAN_POINT('',(18.5,-73.3374851730233,8.54287170730201));
#4761=CARTESIAN_POINT('',(18.5,-75.0809769236773,-2.0018604780759));
#4762=CARTESIAN_POINT('',(18.5,-72.3589596656303,3.83552436955171));
#4763=CARTESIAN_POINT('',(18.5,-79.2904122752751,2.51220627984937));
#4764=CARTESIAN_POINT('',(18.5,-60.6396969619669,-0.606558154317362));
#4765=CARTESIAN_POINT('',(18.5,-62.6883925402678,-5.00000000000001));
#4766=CARTESIAN_POINT('',(18.5,-60.6396969619669,6.875));
#4767=CARTESIAN_POINT('',(18.5,-61.35,24.8284271247462));
#4768=CARTESIAN_POINT('',(18.5,-61.35,5.2260622062731));
#4769=CARTESIAN_POINT('',(18.5,-61.35,9.46078643762688));
#4770=CARTESIAN_POINT('',(18.5,-61.6988745461904,1.85443135257179));
#4771=CARTESIAN_POINT('Origin',(18.5,-60.0523987178694,3.38792975386033));
#4772=CARTESIAN_POINT('',(18.5,-60.676798853395,4.04627974905604));
#4773=CARTESIAN_POINT('',(18.5,-72.6982421157694,-1.62447235908365));
#4774=CARTESIAN_POINT('',(18.5,-75.400738805928,1.27360053038769));
#4775=CARTESIAN_POINT('',(18.5,-69.3400991498785,5.57708847132928));
#4776=CARTESIAN_POINT('',(18.5,-67.6401944418655,9.22254588186964));
#4777=CARTESIAN_POINT('',(18.5,-71.9173826569903,10.0890292648188));
#4778=CARTESIAN_POINT('',(18.5,-72.2031851679007,10.5893715842804));
#4779=CARTESIAN_POINT('',(18.5,-63.5880664021107,27.9513056165192));
#4780=CARTESIAN_POINT('',(18.5,-66.6867472141484,21.3061631706548));
#4781=CARTESIAN_POINT('',(18.5,-61.4274654355884,28.));
#4782=CARTESIAN_POINT('',(18.5,-64.7884735880592,27.9242515289067));
#4783=CARTESIAN_POINT('',(18.5,-60.55,28.));
#4784=CARTESIAN_POINT('',(18.5,-64.1908688885729,28.));
#4785=CARTESIAN_POINT('',(18.5,-60.55,25.6284271247462));
#4786=CARTESIAN_POINT('',(18.5,-60.55,19.6892135623731));
#4787=CARTESIAN_POINT('',(18.5,-65.740041225473,20.4383858992732));
#4788=CARTESIAN_POINT('Origin',(12.,-60.0523987178694,3.38792975386033));
#4789=CARTESIAN_POINT('',(12.,-62.3023987178694,3.38792975386033));
#4790=CARTESIAN_POINT('Origin',(12.,-60.0523987178694,3.38792975386033));
#4791=CARTESIAN_POINT('Origin',(12.,-60.0523987178694,3.38792975386033));
#4792=CARTESIAN_POINT('',(18.0431588228301,-62.3023987178694,3.38792975386033));
#4793=CARTESIAN_POINT('',(12.,-62.3023987178694,3.38792975386033));
#4794=CARTESIAN_POINT('',(18.3579671140093,-61.8722271860871,2.06478034949794));
#4795=CARTESIAN_POINT('Origin',(19.3371282895276,-60.0523987178694,3.38792975386033));
#4796=CARTESIAN_POINT('Origin',(18.9873583568978,-60.0523987178694,3.38792975386033));
#4797=CARTESIAN_POINT('',(18.4596385447942,-61.4199080910838,5.17466367757998));
#4798=CARTESIAN_POINT('Origin',(19.2491704495389,-60.0523987178694,3.38792975386033));
#4799=CARTESIAN_POINT('Origin',(19.3371282895276,-60.0523987178694,3.38792975386033));
#4800=CARTESIAN_POINT('Origin',(11.375,-60.0523987178694,3.38792975386033));
#4801=CARTESIAN_POINT('',(10.75,-61.0523987178694,3.38792975386033));
#4802=CARTESIAN_POINT('Origin',(10.75,-60.0523987178694,3.38792975386033));
#4803=CARTESIAN_POINT('',(11.375,-61.6773987178694,3.38792975386033));
#4804=CARTESIAN_POINT('Origin',(10.0000000000001,-52.95,30.));
#4805=CARTESIAN_POINT('',(10.0000000000004,-62.9271197418539,8.56100000000001));
#4806=CARTESIAN_POINT('',(10.0000000000003,-67.8072784920787,8.56100000000001));
#4807=CARTESIAN_POINT('',(10.0000000000003,-59.5992346949461,8.56100000000001));
#4808=CARTESIAN_POINT('',(10.,-60.0976802775362,25.0942867254299));
#4809=CARTESIAN_POINT('',(10.0000000000002,-58.519871689874,28.4779081609149));
#4810=CARTESIAN_POINT('',(10.0000000000003,-61.7036305634793,26.1389370036955));
#4811=CARTESIAN_POINT('',(10.0000000000002,-58.7692273223693,24.2301449388348));
#4812=CARTESIAN_POINT('',(10.0000000000003,-61.7036305634793,30.));
#4813=CARTESIAN_POINT('',(10.0000000000003,-61.7036305634793,27.894082051396));
#4814=CARTESIAN_POINT('',(10.0000000000003,-59.8802173911214,26.8413339654912));
#4815=CARTESIAN_POINT('',(10.0000000000003,-61.7036305634793,30.));
#4816=CARTESIAN_POINT('',(10.0000000000003,-61.7036305634793,30.));
#4817=CARTESIAN_POINT('',(10.0000000000002,-55.45,30.));
#4818=CARTESIAN_POINT('',(10.0000000000001,-52.3459662428247,30.));
#4819=CARTESIAN_POINT('',(10.0000000000002,-55.45,27.5));
#4820=CARTESIAN_POINT('',(10.0000000000004,-62.9271197418539,15.));
#4821=CARTESIAN_POINT('',(10.0000000000001,-61.0523987178694,3.38792975386033));
#4822=CARTESIAN_POINT('Origin',(10.0000000000001,-60.0523987178694,3.38792975386033));
#4823=CARTESIAN_POINT('Origin',(11.3686249335226,-64.1480245883708,4.15843960767646E-15));
#4824=CARTESIAN_POINT('',(12.7,-65.3357000656915,5.86100000000001));
#4825=CARTESIAN_POINT('',(12.7,-65.3357000656915,4.15843960767646E-15));
#4826=CARTESIAN_POINT('',(13.4043759843204,-65.9640504865871,5.15662401567958));
#4827=CARTESIAN_POINT('Origin',(-14.5,-58.7,0.));
#4828=CARTESIAN_POINT('',(-17.25,-58.7000000015248,1.58973128979865));
#4829=CARTESIAN_POINT('',(-17.25,-58.7,0.));
#4830=CARTESIAN_POINT('',(-12.,-59.845643923739,1.1474493466476));
#4831=CARTESIAN_POINT('Ctrl Pts',(-17.25,-58.7000000030496,1.58973128979866));
#4832=CARTESIAN_POINT('Ctrl Pts',(-17.2499999998668,-58.8200705817881,1.49942796699029));
#4833=CARTESIAN_POINT('Ctrl Pts',(-17.2417584237821,-58.9476143302767,1.42288773218647));
#4834=CARTESIAN_POINT('Ctrl Pts',(-17.1993241527049,-59.2574582828539,1.27310534835918));
#4835=CARTESIAN_POINT('Ctrl Pts',(-17.1501849113049,-59.4658657627542,1.205881095373));
#4836=CARTESIAN_POINT('Ctrl Pts',(-16.9964056583504,-59.873877908027,1.13548940720577));
#4837=CARTESIAN_POINT('Ctrl Pts',(-16.8914583003279,-60.0732320233353,1.13154385058928));
#4838=CARTESIAN_POINT('Ctrl Pts',(-16.5248676817264,-60.6137781615701,1.17762774488938));
#4839=CARTESIAN_POINT('Ctrl Pts',(-16.1829265383978,-60.9200912953298,1.29838109674423));
#4840=CARTESIAN_POINT('Ctrl Pts',(-15.5925661087075,-61.2334630136947,1.46914392546093));
#4841=CARTESIAN_POINT('Ctrl Pts',(-15.3827082815249,-61.3140712018763,1.52375739981297));
#4842=CARTESIAN_POINT('Ctrl Pts',(-14.9486112804048,-61.4223684561751,1.6018337323301));
#4843=CARTESIAN_POINT('Ctrl Pts',(-14.7242389119068,-61.45,1.62463435711398));
#4844=CARTESIAN_POINT('Ctrl Pts',(-14.2757610880932,-61.45,1.62463435711398));
#4845=CARTESIAN_POINT('Ctrl Pts',(-14.0513887195952,-61.4223684561751,1.6018337323301));
#4846=CARTESIAN_POINT('Ctrl Pts',(-13.6172917184751,-61.3140712018763,1.52375739981297));
#4847=CARTESIAN_POINT('Ctrl Pts',(-13.4074338912925,-61.2334630136947,1.46914392546094));
#4848=CARTESIAN_POINT('Ctrl Pts',(-12.8170734616022,-60.9200912953298,1.29838109674423));
#4849=CARTESIAN_POINT('Ctrl Pts',(-12.4751323182736,-60.6137781615701,1.17762774488938));
#4850=CARTESIAN_POINT('Ctrl Pts',(-12.1420276701353,-60.1226078423019,1.13575335253794));
#4851=CARTESIAN_POINT('Ctrl Pts',(-12.064876384417,-59.987215801075,1.13438488767754));
#4852=CARTESIAN_POINT('Ctrl Pts',(-12.,-59.845643923739,1.1474493466476));
#4853=CARTESIAN_POINT('',(-12.,-59.845643923739,5.62841016107305));
#4854=CARTESIAN_POINT('Ctrl Pts',(-12.,-59.845643923739,1.1474493466476));
#4855=CARTESIAN_POINT('Ctrl Pts',(-11.9824857900593,-59.8074247843149,1.1685648906701));
#4856=CARTESIAN_POINT('Ctrl Pts',(-11.9662941496881,-59.7697504382733,1.18939037443821));
#4857=CARTESIAN_POINT('Ctrl Pts',(-11.9013671708509,-59.6096509358547,1.27844794526635));
#4858=CARTESIAN_POINT('Ctrl Pts',(-11.8535742958546,-59.4586001265709,1.36474533618815));
#4859=CARTESIAN_POINT('Ctrl Pts',(-11.7899610299436,-59.1898567243555,1.53188633171131));
#4860=CARTESIAN_POINT('Ctrl Pts',(-11.765405231507,-59.0204647048373,1.64823173046133));
#4861=CARTESIAN_POINT('Ctrl Pts',(-11.7395297376285,-58.6384488603404,1.95305494186407));
#4862=CARTESIAN_POINT('Ctrl Pts',(-11.7610422413908,-58.3976704761225,2.19918395938002));
#4863=CARTESIAN_POINT('Ctrl Pts',(-11.8065251625788,-58.1384010592582,2.61809480956818));
#4864=CARTESIAN_POINT('Ctrl Pts',(-11.8230576950702,-58.0684049478595,2.76597573797335));
#4865=CARTESIAN_POINT('Ctrl Pts',(-11.8474265003139,-57.9728230740846,3.07161832584488));
#4866=CARTESIAN_POINT('Ctrl Pts',(-11.8549824800342,-57.9474162378352,3.22945819210556));
#4867=CARTESIAN_POINT('Ctrl Pts',(-11.8549824800342,-57.9474162378352,3.54640131561509));
#4868=CARTESIAN_POINT('Ctrl Pts',(-11.8474265003139,-57.9728230740846,3.70424118187578));
#4869=CARTESIAN_POINT('Ctrl Pts',(-11.8230576950702,-58.0684049478595,4.00988376974731));
#4870=CARTESIAN_POINT('Ctrl Pts',(-11.8065251625788,-58.1384010592582,4.15776469815247));
#4871=CARTESIAN_POINT('Ctrl Pts',(-11.7610422413908,-58.3976704761225,4.57667554834064));
#4872=CARTESIAN_POINT('Ctrl Pts',(-11.7395297376285,-58.6384488603404,4.82280456585659));
#4873=CARTESIAN_POINT('Ctrl Pts',(-11.765405231507,-59.0204647048373,5.12762777725933));
#4874=CARTESIAN_POINT('Ctrl Pts',(-11.7899610299436,-59.1898567243555,5.24397317600935));
#4875=CARTESIAN_POINT('Ctrl Pts',(-11.8535742958546,-59.4586001265709,5.4111141715325));
#4876=CARTESIAN_POINT('Ctrl Pts',(-11.9013671708509,-59.6096509358547,5.4974115624543));
#4877=CARTESIAN_POINT('Ctrl Pts',(-11.9662941496881,-59.7697504382733,5.58646913328244));
#4878=CARTESIAN_POINT('Ctrl Pts',(-11.9824857900593,-59.8074247843149,5.60729461705055));
#4879=CARTESIAN_POINT('Ctrl Pts',(-12.,-59.845643923739,5.62841016107305));
#4880=CARTESIAN_POINT('',(-17.25,-58.7000000015248,5.186128217922));
#4881=CARTESIAN_POINT('Ctrl Pts',(-12.,-59.845643923739,5.62841016107305));
#4882=CARTESIAN_POINT('Ctrl Pts',(-12.0648763844458,-59.987215801138,5.64147462004893));
#4883=CARTESIAN_POINT('Ctrl Pts',(-12.1420276701105,-60.1226078422653,5.64010615518584));
#4884=CARTESIAN_POINT('Ctrl Pts',(-12.4751323182736,-60.6137781615701,5.59823176283127));
#4885=CARTESIAN_POINT('Ctrl Pts',(-12.8170734616022,-60.9200912953298,5.47747841097643));
#4886=CARTESIAN_POINT('Ctrl Pts',(-13.4074338912925,-61.2334630136947,5.30671558225972));
#4887=CARTESIAN_POINT('Ctrl Pts',(-13.6172917184751,-61.3140712018763,5.25210210790768));
#4888=CARTESIAN_POINT('Ctrl Pts',(-14.0513887195952,-61.4223684561751,5.17402577539055));
#4889=CARTESIAN_POINT('Ctrl Pts',(-14.2757610880932,-61.45,5.15122515060668));
#4890=CARTESIAN_POINT('Ctrl Pts',(-14.5,-61.45,5.15122515060668));
#4891=CARTESIAN_POINT('Ctrl Pts',(-14.7242389119068,-61.45,5.15122515060668));
#4892=CARTESIAN_POINT('Ctrl Pts',(-14.9486112804048,-61.4223684561751,5.17402577539055));
#4893=CARTESIAN_POINT('Ctrl Pts',(-15.3827082815249,-61.3140712018763,5.25210210790768));
#4894=CARTESIAN_POINT('Ctrl Pts',(-15.5925661087075,-61.2334630136947,5.30671558225972));
#4895=CARTESIAN_POINT('Ctrl Pts',(-16.1829265383978,-60.9200912953298,5.47747841097643));
#4896=CARTESIAN_POINT('Ctrl Pts',(-16.5248676817264,-60.6137781615701,5.59823176283127));
#4897=CARTESIAN_POINT('Ctrl Pts',(-16.8914583003279,-60.0732320233353,5.64431565713137));
#4898=CARTESIAN_POINT('Ctrl Pts',(-16.9964056583504,-59.873877908027,5.64037010051489));
#4899=CARTESIAN_POINT('Ctrl Pts',(-17.1501849113049,-59.4658657627542,5.56997841234766));
#4900=CARTESIAN_POINT('Ctrl Pts',(-17.1993241527049,-59.2574582828539,5.50275415936147));
#4901=CARTESIAN_POINT('Ctrl Pts',(-17.2417584237821,-58.9476143302767,5.35297177553418));
#4902=CARTESIAN_POINT('Ctrl Pts',(-17.2499999998668,-58.8200705817881,5.27643154073038));
#4903=CARTESIAN_POINT('Ctrl Pts',(-17.25,-58.7000000030496,5.186128217922));
#4904=CARTESIAN_POINT('',(-17.25,-58.7,30.));
#4905=CARTESIAN_POINT('',(-17.25,-58.7,0.));
#4906=CARTESIAN_POINT('Origin',(-14.5,-58.7,30.));
#4907=CARTESIAN_POINT('Ctrl Pts',(-17.25,-58.7000000030496,5.18612821792201));
#4908=CARTESIAN_POINT('Ctrl Pts',(-17.2500000000549,-58.6505372264432,5.14892798844188));
#4909=CARTESIAN_POINT('Ctrl Pts',(-17.2486584629775,-58.6023048846285,5.10944214113138));
#4910=CARTESIAN_POINT('Ctrl Pts',(-17.2378501751852,-58.3964513453475,4.92607289510915));
#4911=CARTESIAN_POINT('Ctrl Pts',(-17.2164553926104,-58.2584160694306,4.76015710723714));
#4912=CARTESIAN_POINT('Ctrl Pts',(-17.1731462596247,-58.0451360474148,4.42413491344682));
#4913=CARTESIAN_POINT('Ctrl Pts',(-17.1472901762871,-57.9527472889436,4.22526647653477));
#4914=CARTESIAN_POINT('Ctrl Pts',(-17.1099785267548,-57.831354885071,3.80820682536713));
#4915=CARTESIAN_POINT('Ctrl Pts',(-17.0993868389136,-57.8023987178694,3.58992495973916));
#4916=CARTESIAN_POINT('Ctrl Pts',(-17.0993868389136,-57.8023987178694,3.1859345479815));
#4917=CARTESIAN_POINT('Ctrl Pts',(-17.1099785267548,-57.831354885071,2.96765268235352));
#4918=CARTESIAN_POINT('Ctrl Pts',(-17.1472901762871,-57.9527472889436,2.55059303118589));
#4919=CARTESIAN_POINT('Ctrl Pts',(-17.1731462596247,-58.0451360474148,2.35172459427383));
#4920=CARTESIAN_POINT('Ctrl Pts',(-17.2164553926104,-58.2584160694306,2.01570240048351));
#4921=CARTESIAN_POINT('Ctrl Pts',(-17.2378501751852,-58.3964513453475,1.8497866126115));
#4922=CARTESIAN_POINT('Ctrl Pts',(-17.2486584629775,-58.6023048846285,1.66641736658927));
#4923=CARTESIAN_POINT('Ctrl Pts',(-17.2500000000549,-58.6505372264432,1.62693151927879));
#4924=CARTESIAN_POINT('Ctrl Pts',(-17.25,-58.7000000030496,1.58973128979866));
#4925=CARTESIAN_POINT('Origin',(-6.66666666666667,-70.3724906202077,13.5791679410209));
#4926=CARTESIAN_POINT('',(-9.99999999999999,-66.9847782951721,24.522066863297));
#4927=CARTESIAN_POINT('',(-8.90550884095451,-66.1463080028007,25.1125348305386));
#4928=CARTESIAN_POINT('',(-9.77330267877616,-66.8111094924272,24.6443679941338));
#4929=CARTESIAN_POINT('',(-10.9023829138667,-66.1463080028007,27.3158415895386));
#4930=CARTESIAN_POINT('',(-4.41181710404298,-66.1463080028007,20.1542945934062));
#4931=CARTESIAN_POINT('',(-10.9023829138667,-73.9526726954448,10.575038482142));
#4932=CARTESIAN_POINT('',(-10.9023829138667,-72.1625816578263,14.4139011006571));
#4933=CARTESIAN_POINT('',(-9.27967920492495,-72.5811042538585,11.7259210556115));
#4934=CARTESIAN_POINT('',(-3.66020058316841,-67.8313156798269,15.7114668962514));
#4935=CARTESIAN_POINT('',(-9.84507042253524,-72.4646744005016,12.5994458669757));
#4936=CARTESIAN_POINT('Origin',(-3.52495810318487E-14,-65.8312800094485,
15.9619727302023));
#4937=CARTESIAN_POINT('',(-9.99204323164824,-72.3508455941996,13.0057190821069));
#4938=CARTESIAN_POINT('Origin',(-9.00000000000005,-71.8952843240164,12.8880747822741));
#4939=CARTESIAN_POINT('',(-10.,-72.3514754061077,13.013147768617));
#4940=CARTESIAN_POINT('',(-6.19473465882592,-72.0502725408878,9.46043364431358));
#4941=CARTESIAN_POINT('',(-10.,-69.633996531163,18.8408000222743));
#4942=CARTESIAN_POINT('Origin',(-18.,-61.35,5.17157287525376));
#4943=CARTESIAN_POINT('',(-18.,-70.9430425059854,10.1293177800941));
#4944=CARTESIAN_POINT('',(-18.,-68.3657589988736,5.61737698660457));
#4945=CARTESIAN_POINT('',(-18.,-71.1653925247418,10.5185765160042));
#4946=CARTESIAN_POINT('',(-18.,-63.030591204705,27.0976243538832));
#4947=CARTESIAN_POINT('',(-18.,-62.8031808348893,27.5853074657485));
#4948=CARTESIAN_POINT('',(-18.,-61.4177076829664,27.1339745962156));
#4949=CARTESIAN_POINT('',(-18.,-61.4079524075557,27.1341944550091));
#4950=CARTESIAN_POINT('',(-18.,-61.4160254037844,27.1339745962156));
#4951=CARTESIAN_POINT('',(-18.,-60.3568542494924,27.1339745962156));
#4952=CARTESIAN_POINT('',(-18.,-61.4160254037844,25.9871465923533));
#4953=CARTESIAN_POINT('',(-18.,-61.4160254037844,25.6284271247462));
#4954=CARTESIAN_POINT('',(-18.,-62.2160254037844,25.1871465923533));
#4955=CARTESIAN_POINT('',(-18.,-61.9623724356958,25.440799560442));
#4956=CARTESIAN_POINT('',(-18.,-62.2160254037844,5.20986191005789));
#4957=CARTESIAN_POINT('',(-18.,-62.2160254037844,5.17157287525376));
#4958=CARTESIAN_POINT('',(-18.,-62.4802080124531,2.22804700843078));
#4959=CARTESIAN_POINT('',(-18.,-62.2126463111316,5.24800154717058));
#4960=CARTESIAN_POINT('',(-18.,-63.7003946451217,-0.38865166963992));
#4961=CARTESIAN_POINT('',(-18.,-63.9005084907748,-0.817797196532823));
#4962=CARTESIAN_POINT('',(-18.,-71.6662439511647,-1.46053583462059));
#4963=CARTESIAN_POINT('',(-18.,-72.1104943051663,-1.52031413338656));
#4964=CARTESIAN_POINT('',(-18.,-68.5552135826571,5.21109032055859));
#4965=CARTESIAN_POINT('',(-18.,-68.9179145315116,10.2130558865961));
#4966=CARTESIAN_POINT('',(-18.,-66.3406310243998,5.70111509310653));
#4967=CARTESIAN_POINT('',(-18.,-66.9013556027943,6.68275180175304));
#4968=CARTESIAN_POINT('',(-18.,-68.6435843844328,0.762415674905605));
#4969=CARTESIAN_POINT('',(-18.,-65.9963654333959,6.43939503550764));
#4970=CARTESIAN_POINT('',(-18.,-64.9158198442245,1.26402342919672));
#4971=CARTESIAN_POINT('',(-18.,-64.7702758206886,1.2836078235459));
#4972=CARTESIAN_POINT('',(-18.,-64.2452645890183,2.70203381457024));
#4973=CARTESIAN_POINT('',(-18.,-63.8490419518876,3.5517360019596));
#4974=CARTESIAN_POINT('',(-18.,-64.0160254037844,5.28944417444229));
#4975=CARTESIAN_POINT('',(-18.,-64.1254437939801,4.05444468661938));
#4976=CARTESIAN_POINT('',(-18.,-64.0160254037844,20.7251910445766));
#4977=CARTESIAN_POINT('',(-18.,-64.0160254037844,5.23050852484802));
#4978=CARTESIAN_POINT('',(-18.,-66.756631769255,14.8479417274329));
#4979=CARTESIAN_POINT('Origin',(-9.25,-69.2909542857795,24.0031286241361));
#4980=CARTESIAN_POINT('',(-13.4362030508578,-79.6703355306573,0.138192586378572));
#4981=CARTESIAN_POINT('',(-5.,-82.1170764252836,-1.87181851677561));
#4982=CARTESIAN_POINT('',(-17.9324118353631,-78.3663060001318,1.2094600184772));
#4983=CARTESIAN_POINT('',(-3.69843227871791,-82.2723271963469,-1.70533244767962));
#4984=CARTESIAN_POINT('',(-15.0507037645469,-74.8759279924405,9.80033530295038));
#4985=CARTESIAN_POINT('',(-6.28278826520899,-77.4531485631855,7.63779047257575));
#4986=CARTESIAN_POINT('',(-15.0507037645421,-66.1463080028007,28.5210657841501));
#4987=CARTESIAN_POINT('',(-15.0507037645445,-70.5313204723674,19.1173761966444));
#4988=CARTESIAN_POINT('',(-4.68102048292837,-66.1463080028007,32.5));
#4989=CARTESIAN_POINT('',(-10.6072183960406,-66.1463080028007,30.2260682890682));
#4990=CARTESIAN_POINT('',(-16.2411077985004,-64.0779060970795,32.5));
#4991=CARTESIAN_POINT('',(-5.49809429718465,-66.00011213175,32.5));
#4992=CARTESIAN_POINT('',(-18.5,-64.8755002232649,29.922798043661));
#4993=CARTESIAN_POINT('',(-18.3068897254886,-64.8073147558246,30.1431202781305));
#4994=CARTESIAN_POINT('',(-18.5,-74.1675248508505,9.99598692426181));
#4995=CARTESIAN_POINT('',(-18.5,-67.9314926052246,23.3692012315249));
#4996=CARTESIAN_POINT('',(-13.4362030508581,-76.1795999507179,7.62409919522601));
#4997=CARTESIAN_POINT('',(-16.9367756635999,-74.7886644412344,9.26377102807229));
#4998=CARTESIAN_POINT('',(-13.4362030508582,-75.1150427750924,9.90704942563258));
#4999=CARTESIAN_POINT('Origin',(-17.5100505063388,-61.7651504801059,-4.01005050633884));
#5000=CARTESIAN_POINT('',(-18.5,-61.7651504801059,-3.02010101267767));
#5001=CARTESIAN_POINT('',(-18.5,-72.7527388069532,-4.49859018393763));
#5002=CARTESIAN_POINT('',(-18.5,-63.7016922927272,-3.28068195314273));
#5003=CARTESIAN_POINT('',(-13.655311761605,-64.1755067100788,-8.18912662874697));
#5004=CARTESIAN_POINT('',(-19.5010407261038,-73.1265730260933,-3.54785256606865));
#5005=CARTESIAN_POINT('Origin',(-18.5,-71.9950028584125,-2.37860413433422));
#5006=CARTESIAN_POINT('',(-18.5,-63.1156229235534,-1.18379534730352));
#5007=CARTESIAN_POINT('',(-17.633653403637,-64.1288529048133,0.193944690223255));
#5008=CARTESIAN_POINT('',(-18.5,-71.9950028584125,-2.37860413433422));
#5009=CARTESIAN_POINT('',(-18.5,-68.8845572536547,-1.96006277588242));
#5010=CARTESIAN_POINT('',(-18.0002884190358,-71.6670828339444,-1.46115277334635));
#5011=CARTESIAN_POINT('',(-18.4038736008886,-71.9319229292105,-2.20211974003333));
#5012=CARTESIAN_POINT('',(-17.1188730617403,-69.103437327358,0.424226483866886));
#5013=CARTESIAN_POINT('Origin',(-18.5,-67.8317377771457,13.75));
#5014=CARTESIAN_POINT('',(-18.5,-75.0809769236773,-2.00186047807592));
#5015=CARTESIAN_POINT('',(-18.5,-79.2904122752751,2.51220627984935));
#5016=CARTESIAN_POINT('',(-18.5,-71.5902413437383,5.48404613077149));
#5017=CARTESIAN_POINT('',(-18.5,-72.3589596656303,3.83552436955171));
#5018=CARTESIAN_POINT('',(-18.5,-73.3374851730233,8.54287170730201));
#5019=CARTESIAN_POINT('',(-18.5,-60.3568542494872,32.5));
#5020=CARTESIAN_POINT('',(-18.5,-69.4708338059785,27.3018574415115));
#5021=CARTESIAN_POINT('',(-18.5,-60.3568542494872,30.));
#5022=CARTESIAN_POINT('',(-18.5,-60.3568542494872,21.875));
#5023=CARTESIAN_POINT('',(-18.5,-55.45,30.));
#5024=CARTESIAN_POINT('',(-18.5,-59.7868351313977,30.));
#5025=CARTESIAN_POINT('',(-18.5,-55.45,19.375));
#5026=CARTESIAN_POINT('',(-18.5,-60.6396969619669,-0.606558154317351));
#5027=CARTESIAN_POINT('',(-18.5,-60.6396969619669,6.875));
#5028=CARTESIAN_POINT('',(-18.5,-62.6883925402678,-5.00000000000001));
#5029=CARTESIAN_POINT('',(-18.5,-61.6988745461904,1.85443135257179));
#5030=CARTESIAN_POINT('',(-18.5,-60.676798853395,4.04627974905604));
#5031=CARTESIAN_POINT('',(-18.5,-61.35,5.2260622062731));
#5032=CARTESIAN_POINT('Origin',(-18.5,-60.0523987178694,3.38792975386033));
#5033=CARTESIAN_POINT('',(-18.5,-61.35,24.8284271247462));
#5034=CARTESIAN_POINT('',(-18.5,-61.35,9.46078643762688));
#5035=CARTESIAN_POINT('',(-18.5,-60.55,25.6284271247462));
#5036=CARTESIAN_POINT('',(-18.5,-65.740041225473,20.4383858992732));
#5037=CARTESIAN_POINT('',(-18.5,-60.55,28.));
#5038=CARTESIAN_POINT('',(-18.5,-60.55,19.6892135623731));
#5039=CARTESIAN_POINT('',(-18.5,-61.4274654355884,28.));
#5040=CARTESIAN_POINT('',(-18.5,-64.1908688885729,28.));
#5041=CARTESIAN_POINT('',(-18.5,-63.5880664021107,27.9513056165192));
#5042=CARTESIAN_POINT('',(-18.5,-64.7884735880592,27.9242515289067));
#5043=CARTESIAN_POINT('',(-18.5,-71.9173826569903,10.0890292648188));
#5044=CARTESIAN_POINT('',(-18.5,-66.6867472141484,21.3061631706548));
#5045=CARTESIAN_POINT('',(-18.5,-69.3400991498785,5.57708847132928));
#5046=CARTESIAN_POINT('',(-18.5,-72.2031851679007,10.5893715842804));
#5047=CARTESIAN_POINT('',(-18.5,-72.6982421157694,-1.62447235908365));
#5048=CARTESIAN_POINT('',(-18.5,-67.6401944418655,9.22254588186964));
#5049=CARTESIAN_POINT('',(-18.5,-75.400738805928,1.27360053038769));
#5050=CARTESIAN_POINT('Origin',(-12.,-60.0523987178694,3.38792975386033));
#5051=CARTESIAN_POINT('',(-12.,-62.3023987178694,3.38792975386033));
#5052=CARTESIAN_POINT('Origin',(-12.,-60.0523987178694,3.38792975386033));
#5053=CARTESIAN_POINT('',(-18.0431588228301,-62.3023987178694,3.38792975386033));
#5054=CARTESIAN_POINT('',(-12.,-62.3023987178694,3.38792975386033));
#5055=CARTESIAN_POINT('',(-18.4596385447942,-61.4199080910838,5.17466367757998));
#5056=CARTESIAN_POINT('Origin',(-19.3371282895276,-60.0523987178694,3.38792975386033));
#5057=CARTESIAN_POINT('Origin',(-19.2491704495389,-60.0523987178694,3.38792975386033));
#5058=CARTESIAN_POINT('',(-18.3579671140093,-61.8722271860871,2.06478034949794));
#5059=CARTESIAN_POINT('Origin',(-18.9873583568978,-60.0523987178694,3.38792975386033));
#5060=CARTESIAN_POINT('Origin',(-19.3371282895276,-60.0523987178694,3.38792975386033));
#5061=CARTESIAN_POINT('Origin',(-12.,-60.0523987178694,3.38792975386033));
#5062=CARTESIAN_POINT('Origin',(-11.375,-60.0523987178694,3.38792975386033));
#5063=CARTESIAN_POINT('',(-10.75,-61.0523987178694,3.38792975386033));
#5064=CARTESIAN_POINT('',(-11.375,-61.6773987178694,3.38792975386033));
#5065=CARTESIAN_POINT('Origin',(-10.75,-60.0523987178694,3.38792975386033));
#5066=CARTESIAN_POINT('Origin',(-9.99999999999986,-61.7036305634794,30.));
#5067=CARTESIAN_POINT('',(-9.99999999999999,-60.0976802775362,25.0942867254299));
#5068=CARTESIAN_POINT('',(-9.99999999999991,-67.8072784920758,8.56100000000001));
#5069=CARTESIAN_POINT('',(-9.99999999999981,-63.4341978651305,17.9391016684289));
#5070=CARTESIAN_POINT('',(-9.99999999999982,-62.9271197418535,8.56100000000001));
#5071=CARTESIAN_POINT('',(-9.9999999999998,-63.9760499766858,8.56100000000001));
#5072=CARTESIAN_POINT('',(-9.99999999999982,-62.9271197418535,15.));
#5073=CARTESIAN_POINT('',(-10.,-55.45,30.));
#5074=CARTESIAN_POINT('',(-10.,-55.45,27.5));
#5075=CARTESIAN_POINT('',(-9.99999999999986,-61.7036305634794,30.));
#5076=CARTESIAN_POINT('',(-9.99999999999999,-56.7227815245647,30.));
#5077=CARTESIAN_POINT('',(-9.99999999999986,-61.7036305634794,27.8940820513962));
#5078=CARTESIAN_POINT('',(-9.99999999999986,-61.7036305634794,30.));
#5079=CARTESIAN_POINT('',(-9.99999999999982,-63.1628288524261,28.7365505763207));
#5080=CARTESIAN_POINT('',(-9.99999999999986,-61.7036305634794,26.1389370036956));
#5081=CARTESIAN_POINT('',(-9.99999999999986,-61.7036305634794,30.));
#5082=CARTESIAN_POINT('',(-9.99999999999985,-61.7830645742062,26.190607819496));
#5083=CARTESIAN_POINT('',(-9.99999999999986,-61.0523987178694,3.38792975386033));
#5084=CARTESIAN_POINT('Origin',(-9.99999999999986,-60.0523987178694,3.38792975386033));
#5085=CARTESIAN_POINT('Origin',(-8.66862493352244,-61.7394442645328,4.15843960767646E-15));
#5086=CARTESIAN_POINT('',(-12.7,-65.3357000656915,5.86100000000001));
#5087=CARTESIAN_POINT('',(-11.8296212874535,-64.5592641244594,6.73137871254644));
#5088=CARTESIAN_POINT('',(-12.7,-65.3357000656915,4.15843960767646E-15));
#5089=CARTESIAN_POINT('Origin',(-10.,-60.0523987178694,3.38792975386033));
#5090=CARTESIAN_POINT('',(-10.,-61.0523987178694,3.38792975386033));
#5091=CARTESIAN_POINT('Origin',(10.,-60.0523987178694,3.38792975386033));
#5092=CARTESIAN_POINT('',(10.,-61.0523987178694,3.38792975386033));
#5093=CARTESIAN_POINT('Origin',(-9.25264037309356,-74.925729411053,16.3021294120058));
#5094=CARTESIAN_POINT('',(-10.,-70.6441637471629,12.1657399804391));
#5095=CARTESIAN_POINT('',(-10.,-67.2805985665026,8.04841810305189));
#5096=CARTESIAN_POINT('Origin',(-9.00000000000005,-72.9295687903343,13.4852191973214));
#5097=CARTESIAN_POINT('Origin',(9.25264037309356,-74.925729411053,16.3021294120058));
#5098=CARTESIAN_POINT('',(10.,-70.6441637471629,12.1657399804391));
#5099=CARTESIAN_POINT('Origin',(9.00000000000001,-72.9295687903344,13.4852191973215));
#5100=CARTESIAN_POINT('',(10.,-67.2805985665026,8.04841810305189));
#5101=CARTESIAN_POINT('Origin',(-18.5,-61.6309947711074,2.00000000000001));
#5102=CARTESIAN_POINT('',(-18.3693492699551,-61.8528954309987,2.05958901627209));
#5103=CARTESIAN_POINT('',(-18.0002884190358,-62.2155258473606,5.2098398234849));
#5104=CARTESIAN_POINT('',(-17.9716748070672,-62.2650860770786,5.2120309986441));
#5105=CARTESIAN_POINT('',(-18.4695665804441,-61.4027122289188,5.1739034077749));
#5106=CARTESIAN_POINT('Origin',(-18.5,-63.1156229235534,-1.18379534730352));
#5107=CARTESIAN_POINT('Origin',(18.5,-61.35,5.17157287525376));
#5108=CARTESIAN_POINT('',(18.0002884190358,-62.2155258473606,5.2098398234849));
#5109=CARTESIAN_POINT('',(17.9716748070672,-62.2650860770786,5.2120309986441));
#5110=CARTESIAN_POINT('',(18.4695665804441,-61.4027122289188,5.1739034077749));
#5111=CARTESIAN_POINT('',(20.0618462357707,-58.644802966035,23.7078978243864));
#5112=CARTESIAN_POINT('Origin',(9.00000000000001,-72.7558431128357,13.3849186306525));
#5113=CARTESIAN_POINT('',(9.84507042253523,-73.0231706184147,12.9218938087292));
#5114=CARTESIAN_POINT('',(10.,-71.1059260047037,12.4323385441319));
#5115=CARTESIAN_POINT('Origin',(9.00000000000001,-63.030459468355,7.76996576553918));
#5116=CARTESIAN_POINT('',(10.,-72.7558431128357,13.3849186306525));
#5117=CARTESIAN_POINT('Origin',(-3.52495810318487E-14,-69.9088051784205,
18.3161329841357));
#5118=CARTESIAN_POINT('',(6.34282397115479,-74.8054088136735,9.85950791984471));
#5119=CARTESIAN_POINT('',(6.34282397115479,-74.7947821552118,9.85337261572128));
#5120=CARTESIAN_POINT('Origin',(-3.52495810318487E-14,-66.8392389630516,
16.5439181033971));
#5121=CARTESIAN_POINT('Ctrl Pts',(5.47719203216387,-79.7626699645256,12.1324457973146));
#5122=CARTESIAN_POINT('Ctrl Pts',(5.47719203216387,-72.4518102600152,7.91151897890794));
#5123=CARTESIAN_POINT('Ctrl Pts',(5.67592915264697,-79.7097374533096,12.2241275961129));
#5124=CARTESIAN_POINT('Ctrl Pts',(5.67592915264697,-72.3988777487992,8.00320077770625));
#5125=CARTESIAN_POINT('Ctrl Pts',(6.01384098502723,-79.6143345290055,12.3893703081982));
#5126=CARTESIAN_POINT('Ctrl Pts',(6.01384098502723,-72.3034748244951,8.16844348979153));
#5127=CARTESIAN_POINT('Ctrl Pts',(6.34282397115479,-79.507565648369,12.574299434128));
#5128=CARTESIAN_POINT('Ctrl Pts',(6.34282397115479,-72.1967059438585,8.35337261572128));
#5129=CARTESIAN_POINT('',(5.47719203216387,-75.2213347015325,9.51050466074519));
#5130=CARTESIAN_POINT('',(5.47719203216387,-75.0498864713685,9.41151897890794));
#5131=CARTESIAN_POINT('Ctrl Pts',(5.47719203216387,-75.2213347015325,9.51050466074519));
#5132=CARTESIAN_POINT('Ctrl Pts',(5.60037698247128,-75.1678414122116,9.55539086008477));
#5133=CARTESIAN_POINT('Ctrl Pts',(5.73524175705901,-75.1060837373826,9.6072117022562));
#5134=CARTESIAN_POINT('Ctrl Pts',(6.02209336893721,-74.9698697821305,9.72150878186941));
#5135=CARTESIAN_POINT('Ctrl Pts',(6.18684848267005,-74.887941456381,9.79025480978876));
#5136=CARTESIAN_POINT('Ctrl Pts',(6.34282397115479,-74.8054088136735,9.85950791984471));
#5137=CARTESIAN_POINT('Origin',(-3.52495810318487E-14,-69.9088051784205,
18.3161329841357));
#5138=CARTESIAN_POINT('',(5.17767973368008,-75.346901767491,9.40514138201136));
#5139=CARTESIAN_POINT('',(5.17767973368008,-75.1269018758628,9.27812438535815));
#5140=CARTESIAN_POINT('Origin',(-3.52495810318487E-14,-66.8392389630516,
16.5439181033971));
#5141=CARTESIAN_POINT('Ctrl Pts',(4.57214013857,-79.8059343427509,11.6572599927753));
#5142=CARTESIAN_POINT('Ctrl Pts',(4.57214013857,-72.6683878436959,7.53639560019238));
#5143=CARTESIAN_POINT('Ctrl Pts',(4.81171788877931,-79.7548213905612,11.7457902228928));
#5144=CARTESIAN_POINT('Ctrl Pts',(4.81171788877931,-72.6172748915062,7.62492583030986));
#5145=CARTESIAN_POINT('Ctrl Pts',(5.04381682202157,-79.6995786814279,11.8414734018593));
#5146=CARTESIAN_POINT('Ctrl Pts',(5.04381682202157,-72.5620321823729,7.7206090092764));
#5147=CARTESIAN_POINT('Ctrl Pts',(5.17767973368008,-79.6663721635646,11.8989887779411));
#5148=CARTESIAN_POINT('Ctrl Pts',(5.17767973368008,-72.5288256645096,7.77812438535816));
#5149=CARTESIAN_POINT('',(4.57214013857,-75.574446029243,9.21420907589873));
#5150=CARTESIAN_POINT('',(4.57214013857,-75.2664640550492,9.03639560019238));
#5151=CARTESIAN_POINT('Ctrl Pts',(4.57214013857,-75.574446029243,9.21420907589872));
#5152=CARTESIAN_POINT('Ctrl Pts',(4.68597166853501,-75.5348505866077,9.24743359721032));
#5153=CARTESIAN_POINT('Ctrl Pts',(4.80291006341486,-75.4920584840321,9.28334043469879));
#5154=CARTESIAN_POINT('Ctrl Pts',(5.00251757581444,-75.4163714666757,9.34684938304748));
#5155=CARTESIAN_POINT('Ctrl Pts',(5.09489180000427,-75.3803850678178,9.37704555705653));
#5156=CARTESIAN_POINT('Ctrl Pts',(5.17767973368008,-75.346901767491,9.40514138201136));
#5157=CARTESIAN_POINT('Origin',(-3.52495810318487E-14,-69.9088051784205,
18.3161329841357));
#5158=CARTESIAN_POINT('',(-4.57214013857,-75.574446029243,9.21420907589873));
#5159=CARTESIAN_POINT('',(-4.57214013857,-75.2664640550492,9.03639560019238));
#5160=CARTESIAN_POINT('Origin',(-3.52495810318487E-14,-66.8392389630516,
16.5439181033971));
#5161=CARTESIAN_POINT('Ctrl Pts',(-5.17767973368008,-79.6663721635646,11.8989887779411));
#5162=CARTESIAN_POINT('Ctrl Pts',(-5.17767973368008,-72.5288256645096,7.77812438535816));
#5163=CARTESIAN_POINT('Ctrl Pts',(-5.04381682202158,-79.699578681428,11.8414734018593));
#5164=CARTESIAN_POINT('Ctrl Pts',(-5.04381682202158,-72.5620321823729,7.7206090092764));
#5165=CARTESIAN_POINT('Ctrl Pts',(-4.81171788877931,-79.7548213905612,11.7457902228928));
#5166=CARTESIAN_POINT('Ctrl Pts',(-4.81171788877931,-72.6172748915062,7.62492583030986));
#5167=CARTESIAN_POINT('Ctrl Pts',(-4.57214013857,-79.8059343427509,11.6572599927753));
#5168=CARTESIAN_POINT('Ctrl Pts',(-4.57214013857,-72.6683878436959,7.53639560019238));
#5169=CARTESIAN_POINT('',(-5.17767973368008,-75.346901767491,9.40514138201136));
#5170=CARTESIAN_POINT('',(-5.17767973368008,-75.1269018758629,9.27812438535816));
#5171=CARTESIAN_POINT('Ctrl Pts',(-5.17767973368008,-75.346901767491,9.40514138201136));
#5172=CARTESIAN_POINT('Ctrl Pts',(-5.09486388062988,-75.3803963597146,9.37703608203015));
#5173=CARTESIAN_POINT('Ctrl Pts',(-5.00245536409305,-75.4163957436245,9.34682901226869));
#5174=CARTESIAN_POINT('Ctrl Pts',(-4.80284502327379,-75.4920822723869,9.28332047389909));
#5175=CARTESIAN_POINT('Ctrl Pts',(-4.68594066438818,-75.5348613711673,9.24742454789035));
#5176=CARTESIAN_POINT('Ctrl Pts',(-4.57214013857,-75.574446029243,9.21420907589873));
#5177=CARTESIAN_POINT('Origin',(-3.52495810318487E-14,-69.9088051784205,
18.3161329841357));
#5178=CARTESIAN_POINT('',(-5.47719203216387,-75.2213347015324,9.5105046607452));
#5179=CARTESIAN_POINT('',(-5.47719203216387,-75.0498864713684,9.41151897890792));
#5180=CARTESIAN_POINT('Origin',(-3.52495810318487E-14,-66.8392389630516,
16.5439181033971));
#5181=CARTESIAN_POINT('Ctrl Pts',(-6.34282397115479,-79.507565648369,12.574299434128));
#5182=CARTESIAN_POINT('Ctrl Pts',(-6.34282397115479,-72.1967059438585,8.35337261572128));
#5183=CARTESIAN_POINT('Ctrl Pts',(-6.01384098502724,-79.6143345290055,12.3893703081982));
#5184=CARTESIAN_POINT('Ctrl Pts',(-6.01384098502724,-72.3034748244951,8.16844348979153));
#5185=CARTESIAN_POINT('Ctrl Pts',(-5.67592915264698,-79.7097374533096,12.2241275961129));
#5186=CARTESIAN_POINT('Ctrl Pts',(-5.67592915264698,-72.3988777487992,8.00320077770625));
#5187=CARTESIAN_POINT('Ctrl Pts',(-5.47719203216387,-79.7626699645256,12.1324457973146));
#5188=CARTESIAN_POINT('Ctrl Pts',(-5.47719203216387,-72.4518102600152,7.91151897890794));
#5189=CARTESIAN_POINT('',(-6.34282397115479,-74.8054088136735,9.85950791984471));
#5190=CARTESIAN_POINT('',(-6.34282397115479,-74.7947821552119,9.85337261572128));
#5191=CARTESIAN_POINT('Ctrl Pts',(-6.34282397115479,-74.8054088136735,9.85950791984471));
#5192=CARTESIAN_POINT('Ctrl Pts',(-6.18669594567345,-74.8880221695851,9.79018708336895));
#5193=CARTESIAN_POINT('Ctrl Pts',(-6.02176437286184,-74.9700334801522,9.72137142291979));
#5194=CARTESIAN_POINT('Ctrl Pts',(-5.7349155416793,-75.106232760814,9.60708665674981));
#5195=CARTESIAN_POINT('Ctrl Pts',(-5.60022784314969,-75.167906176234,9.55533651661747));
#5196=CARTESIAN_POINT('Ctrl Pts',(-5.47719203216387,-75.2213347015325,9.51050466074519));
#5197=CARTESIAN_POINT('Origin',(-6.26362340993561,-71.6463776999295,14.1731912419199));
#5198=CARTESIAN_POINT('',(0.509770404986562,-71.4127700743562,12.7062698347236));
#5199=CARTESIAN_POINT('',(-4.42388728986356,-66.1463080028007,25.4336246753233));
#5200=CARTESIAN_POINT('Origin',(6.2636234099356,-67.4201950825225,23.2362691122864));
#5201=CARTESIAN_POINT('',(-0.509770404986575,-66.1463080028007,24.0002341937755));
#5202=CARTESIAN_POINT('',(4.42388728986355,-72.5108108875656,11.784904193342));
#5203=CARTESIAN_POINT('Origin',(-9.99999999999999,-55.2902929433628,19.0688387855668));
#5204=CARTESIAN_POINT('',(-6.79999999999998,-65.5503445723096,26.7226862796709));
#5205=CARTESIAN_POINT('',(-6.79999999999998,-54.1912080562514,21.4258339322049));
#5206=CARTESIAN_POINT('',(-7.99165653554041,-66.1463080028007,25.9320052827384));
#5207=CARTESIAN_POINT('Origin',(-3.52495810318487E-14,-218.830365546841,
104.296035950982));
#5208=CARTESIAN_POINT('',(-10.7042692179295,-66.1463080028007,23.4995488252662));
#5209=CARTESIAN_POINT('',(-9.99999999999999,-55.2902929433628,19.0688387855668));
#5210=CARTESIAN_POINT('Origin',(-6.80000000000001,-61.7560749414099,5.20292454424883));
#5211=CARTESIAN_POINT('',(-10.,-71.1059260047039,12.432338544132));
#5212=CARTESIAN_POINT('Origin',(-9.00000000000005,-63.0304594683555,7.76996576553945));
#5213=CARTESIAN_POINT('',(-10.,-60.6569900542984,7.55991969088686));
#5214=CARTESIAN_POINT('Origin',(10.,-60.6569900542984,7.55991969088684));
#5215=CARTESIAN_POINT('',(10.,-60.6569900542984,7.55991969088684));
#5216=CARTESIAN_POINT('Origin',(-6.79999999999998,-54.1912080562514,21.4258339322049));
#5217=CARTESIAN_POINT('Origin',(-3.52495810318487E-14,-163.91719309967,
72.5919010565519));
#5218=CARTESIAN_POINT('Origin',(3.93926642395284,-54.1912080562514,21.4258339322049));
#5219=CARTESIAN_POINT('',(6.8,-65.5503445723101,26.7226862796711));
#5220=CARTESIAN_POINT('Origin',(-3.52495810318487E-14,-163.91719309967,
72.5919010565519));
#5221=CARTESIAN_POINT('',(6.8,-54.1912080562514,21.4258339322049));
#5222=CARTESIAN_POINT('Origin',(6.8,-54.1912080562514,21.4258339322049));
#5223=CARTESIAN_POINT('',(7.99165653554007,-66.1463080028007,25.9320052827387));
#5224=CARTESIAN_POINT('Origin',(-3.52495810318487E-14,-218.830365546842,
104.296035950983));
#5225=CARTESIAN_POINT('',(10.,-55.2902929433628,19.0688387855668));
#5226=CARTESIAN_POINT('',(5.53637005057067,-66.1463080028007,28.1337119635643));
#5227=CARTESIAN_POINT('Origin',(-6.66666666666667,-66.1463080028007,22.6422458113874));
#5228=CARTESIAN_POINT('',(-3.33333333333333,-66.1463080028007,32.5));
#5229=CARTESIAN_POINT('',(-6.34282397115479,-66.1463080028007,27.427534718186));
#5230=CARTESIAN_POINT('Origin',(-3.52495810318487E-14,-66.1463080028007,
16.1438542269664));
#5231=CARTESIAN_POINT('',(-5.47719203216387,-66.1463080028007,28.0166729006038));
#5232=CARTESIAN_POINT('Ctrl Pts',(-5.47719203216387,-66.1463080028007,28.0166729006038));
#5233=CARTESIAN_POINT('Ctrl Pts',(-5.60069426571559,-66.1463080028007,27.9407071766357));
#5234=CARTESIAN_POINT('Ctrl Pts',(-5.73577551198956,-66.1463080028007,27.8530756577897));
#5235=CARTESIAN_POINT('Ctrl Pts',(-6.02277263961359,-66.1463080028007,27.6600165884859));
#5236=CARTESIAN_POINT('Ctrl Pts',(-6.18728584510357,-66.1463080028007,27.5441102693535));
#5237=CARTESIAN_POINT('Ctrl Pts',(-6.34282397115479,-66.1463080028007,27.427534718186));
#5238=CARTESIAN_POINT('',(-5.17767973368008,-66.1463080028007,28.1945323586702));
#5239=CARTESIAN_POINT('Origin',(-3.52495810318487E-14,-66.1463080028007,
16.1438542269664));
#5240=CARTESIAN_POINT('',(-4.57214013856999,-66.1463080028007,28.5168374055579));
#5241=CARTESIAN_POINT('Ctrl Pts',(-4.57214013856999,-66.1463080028007,28.5168374055579));
#5242=CARTESIAN_POINT('Ctrl Pts',(-4.68610160917567,-66.1463080028007,28.460688422839));
#5243=CARTESIAN_POINT('Ctrl Pts',(-4.80307320129746,-66.1463080028007,28.4000525830575));
#5244=CARTESIAN_POINT('Ctrl Pts',(-5.00262528102298,-66.1463080028007,28.2928743130816));
#5245=CARTESIAN_POINT('Ctrl Pts',(-5.09497153131959,-66.1463080028007,28.2419140997352));
#5246=CARTESIAN_POINT('Ctrl Pts',(-5.17767973368008,-66.1463080028007,28.1945323586702));
#5247=CARTESIAN_POINT('',(4.57214013856999,-66.1463080028007,28.5168374055579));
#5248=CARTESIAN_POINT('Origin',(-3.52495810318487E-14,-66.1463080028007,
16.1438542269664));
#5249=CARTESIAN_POINT('',(5.17767973368008,-66.1463080028007,28.1945323586702));
#5250=CARTESIAN_POINT('Ctrl Pts',(5.17767973368008,-66.1463080028007,28.1945323586702));
#5251=CARTESIAN_POINT('Ctrl Pts',(5.09490140326882,-66.1463080028007,28.2419542745794));
#5252=CARTESIAN_POINT('Ctrl Pts',(5.00246889170062,-66.1463080028007,28.2929607597597));
#5253=CARTESIAN_POINT('Ctrl Pts',(4.80290943011075,-66.1463080028007,28.4001374335019));
#5254=CARTESIAN_POINT('Ctrl Pts',(4.68602347268395,-66.1463080028007,28.4607269208024));
#5255=CARTESIAN_POINT('Ctrl Pts',(4.57214013856998,-66.1463080028007,28.5168374055579));
#5256=CARTESIAN_POINT('',(5.47719203216386,-66.1463080028007,28.0166729006039));
#5257=CARTESIAN_POINT('Origin',(-3.52495810318487E-14,-66.1463080028007,
16.1438542269664));
#5258=CARTESIAN_POINT('',(6.34282397115479,-66.1463080028007,27.427534718186));
#5259=CARTESIAN_POINT('Ctrl Pts',(6.34282397115478,-66.1463080028007,27.427534718186));
#5260=CARTESIAN_POINT('Ctrl Pts',(6.18690354598892,-66.1463080028007,27.5443968018657));
#5261=CARTESIAN_POINT('Ctrl Pts',(6.02194694929622,-66.1463080028007,27.6605986267062));
#5262=CARTESIAN_POINT('Ctrl Pts',(5.73495450489865,-66.1463080028007,27.8536069680567));
#5263=CARTESIAN_POINT('Ctrl Pts',(5.60031844790481,-66.1463080028007,27.94093834065));
#5264=CARTESIAN_POINT('Ctrl Pts',(5.47719203216387,-66.1463080028007,28.0166729006038));
#5265=CARTESIAN_POINT('Origin',(-3.52495810318487E-14,-66.1463080028007,
16.1438542269664));
#5266=CARTESIAN_POINT('Origin',(-10.,-67.061767244005,23.2473473376192));
#5267=CARTESIAN_POINT('',(-10.,-72.7558431128357,13.3849186306525));
#5268=CARTESIAN_POINT('Origin',(-9.00000000000005,-72.7558431128357,13.3849186306525));
#5269=CARTESIAN_POINT('',(-9.84507042253524,-73.0231706184146,12.9218938087292));
#5270=CARTESIAN_POINT('Origin',(-3.52495810318487E-14,-69.9088051784205,
18.3161329841357));
#5271=CARTESIAN_POINT('Origin',(-3.52495810318487E-14,-66.8392389630516,
16.5439181033971));
#5272=CARTESIAN_POINT('Origin',(10.,-72.7558431128357,13.3849186306525));
#5273=CARTESIAN_POINT('Origin',(5.17706970459613,-62.9088051784205,30.4404886371178));
#5274=CARTESIAN_POINT('',(5.17706970459613,-62.1255822893029,29.9882946912504));
#5275=CARTESIAN_POINT('',(5.17706970459613,-62.9088051784205,30.4404886371178));
#5276=CARTESIAN_POINT('',(7.09559673158704,-61.9577329237731,29.1552319464591));
#5277=CARTESIAN_POINT('Origin',(-5.17706970459611,-62.9088051784205,30.4404886371178));
#5278=CARTESIAN_POINT('',(-4.94533465852791,-62.1458564787756,30.));
#5279=CARTESIAN_POINT('',(4.94533465852758,-62.1458564787756,30.));
#5280=CARTESIAN_POINT('',(-2.58853485229806,-62.1458564787756,30.));
#5281=CARTESIAN_POINT('',(2.41216320844062,-62.3674802634257,30.1279545517266));
#5282=CARTESIAN_POINT('',(-5.17706970459611,-62.125582289303,29.9882946912504));
#5283=CARTESIAN_POINT('',(-5.17706970459611,-62.9088051784205,30.4404886371178));
#5284=CARTESIAN_POINT('',(-2.54955935951366,-62.3554596577948,30.1210144518297));
#5285=CARTESIAN_POINT('Origin',(-12.,-64.0424391120768,28.4769770668409));
#5286=CARTESIAN_POINT('',(-6.05053990726015,-62.0491635486422,29.609016487562));
#5287=CARTESIAN_POINT('Origin',(3.56454193565338,-76.9088051784205,6.19177733115356));
#5288=CARTESIAN_POINT('',(4.44089209850063E-15,-74.9294476391798,5.04899472305047));
#5289=CARTESIAN_POINT('',(1.66029543407085,-74.4845728184235,4.7921461255311));
#5290=CARTESIAN_POINT('',(-3.29796484858794,-74.0457606213345,4.53879778541807));
#5291=CARTESIAN_POINT('Origin',(-3.52495810318487E-14,-69.9088051784205,
18.3161329841357));
#5292=CARTESIAN_POINT('',(-6.34282397115479,-65.0228282016289,26.7788933525504));
#5293=CARTESIAN_POINT('Ctrl Pts',(-5.47719203216387,-69.4805073786295,29.9416738077705));
#5294=CARTESIAN_POINT('Ctrl Pts',(-5.47719203216387,-62.169647674119,25.7207469893638));
#5295=CARTESIAN_POINT('Ctrl Pts',(-5.6759260622752,-69.5334390667424,29.8499934346285));
#5296=CARTESIAN_POINT('Ctrl Pts',(-5.6759260622752,-62.2225793622319,25.6290666162218));
#5297=CARTESIAN_POINT('Ctrl Pts',(-6.01384610072854,-69.6288444744108,29.68474642123));
#5298=CARTESIAN_POINT('Ctrl Pts',(-6.01384610072854,-62.3179847699004,25.4638196028233));
#5299=CARTESIAN_POINT('Ctrl Pts',(-6.34282397115479,-69.7356116947861,29.4998201709571));
#5300=CARTESIAN_POINT('Ctrl Pts',(-6.34282397115479,-62.4247519902757,25.2788933525504));
#5301=CARTESIAN_POINT('',(-5.47719203216387,-64.7677238854724,27.2207469893638));
#5302=CARTESIAN_POINT('Origin',(-3.52495810318487E-14,-69.9088051784205,
18.3161329841357));
#5303=CARTESIAN_POINT('',(-5.17767973368008,-64.6907084809779,27.3541415829135));
#5304=CARTESIAN_POINT('Ctrl Pts',(-4.57214013856999,-69.0906165894934,30.2167347606622));
#5305=CARTESIAN_POINT('Ctrl Pts',(-4.57214013856999,-61.9530700904383,26.0958703680793));
#5306=CARTESIAN_POINT('Ctrl Pts',(-4.81171668539855,-69.1417292849466,30.1282049752253));
#5307=CARTESIAN_POINT('Ctrl Pts',(-4.81171668539855,-62.0041827858916,26.0073405826424));
#5308=CARTESIAN_POINT('Ctrl Pts',(-5.04381749440477,-69.1969724176101,30.0325210626829));
#5309=CARTESIAN_POINT('Ctrl Pts',(-5.04381749440477,-62.0594259185551,25.9116566701));
#5310=CARTESIAN_POINT('Ctrl Pts',(-5.17767973368008,-69.2301787686797,29.9750059754964));
#5311=CARTESIAN_POINT('Ctrl Pts',(-5.17767973368008,-62.0926322696246,25.8541415829135));
#5312=CARTESIAN_POINT('',(-4.57214013856999,-64.5511463017916,27.5958703680793));
#5313=CARTESIAN_POINT('Origin',(-3.52495810318487E-14,-69.9088051784205,
18.3161329841357));
#5314=CARTESIAN_POINT('',(4.57214013856999,-64.5511463017916,27.5958703680793));
#5315=CARTESIAN_POINT('Ctrl Pts',(5.17767973368008,-69.2301787686797,29.9750059754964));
#5316=CARTESIAN_POINT('Ctrl Pts',(5.17767973368008,-62.0926322696246,25.8541415829135));
#5317=CARTESIAN_POINT('Ctrl Pts',(5.04381749440476,-69.1969724176101,30.0325210626829));
#5318=CARTESIAN_POINT('Ctrl Pts',(5.04381749440476,-62.0594259185551,25.9116566701));
#5319=CARTESIAN_POINT('Ctrl Pts',(4.81171668539855,-69.1417292849466,30.1282049752253));
#5320=CARTESIAN_POINT('Ctrl Pts',(4.81171668539855,-62.0041827858916,26.0073405826424));
#5321=CARTESIAN_POINT('Ctrl Pts',(4.57214013856999,-69.0906165894933,30.2167347606622));
#5322=CARTESIAN_POINT('Ctrl Pts',(4.57214013856999,-61.9530700904383,26.0958703680793));
#5323=CARTESIAN_POINT('',(5.17767973368008,-64.690708480978,27.3541415829135));
#5324=CARTESIAN_POINT('Origin',(-3.52495810318487E-14,-69.9088051784205,
18.3161329841357));
#5325=CARTESIAN_POINT('',(5.47719203216386,-64.7677238854723,27.2207469893638));
#5326=CARTESIAN_POINT('Ctrl Pts',(6.34282397115479,-69.7356116947861,29.4998201709571));
#5327=CARTESIAN_POINT('Ctrl Pts',(6.34282397115479,-62.4247519902757,25.2788933525504));
#5328=CARTESIAN_POINT('Ctrl Pts',(6.01384610072853,-69.6288444744108,29.68474642123));
#5329=CARTESIAN_POINT('Ctrl Pts',(6.01384610072853,-62.3179847699004,25.4638196028233));
#5330=CARTESIAN_POINT('Ctrl Pts',(5.6759260622752,-69.5334390667424,29.8499934346285));
#5331=CARTESIAN_POINT('Ctrl Pts',(5.6759260622752,-62.2225793622319,25.6290666162218));
#5332=CARTESIAN_POINT('Ctrl Pts',(5.47719203216387,-69.4805073786295,29.9416738077704));
#5333=CARTESIAN_POINT('Ctrl Pts',(5.47719203216387,-62.169647674119,25.7207469893638));
#5334=CARTESIAN_POINT('',(6.34282397115479,-65.022828201629,26.7788933525504));
#5335=CARTESIAN_POINT('Origin',(-3.52495810318487E-14,-69.9088051784205,
18.3161329841357));
#5336=CARTESIAN_POINT('Origin',(6.66666666666667,-70.3724906202077,13.5791679410209));
#5337=CARTESIAN_POINT('Origin',(3.33077132433952E-15,-63.9838649712993,
30.));
#5338=CARTESIAN_POINT('',(3.33077132433952E-15,-63.9838649712993,30.));
#5339=CARTESIAN_POINT('',(16.2989638415474,-62.557890407945,30.));
#5340=CARTESIAN_POINT('',(3.33077132433952E-15,-63.9838649712993,30.));
#5341=CARTESIAN_POINT('',(3.33077132433952E-15,-63.9838649712993,32.5));
#5342=CARTESIAN_POINT('',(3.33077132433952E-15,-63.9838649712993,30.));
#5343=CARTESIAN_POINT('',(16.2989638415474,-62.557890407945,32.5));
#5344=CARTESIAN_POINT('',(0.479002636222265,-63.9419576708308,32.5));
#5345=CARTESIAN_POINT('',(16.2989638415474,-62.557890407945,30.));
#5346=CARTESIAN_POINT('Origin',(-16.2989638415415,-62.5578904079455,30.));
#5347=CARTESIAN_POINT('',(-16.2989638415415,-62.5578904079455,32.5));
#5348=CARTESIAN_POINT('',(-8.62848455699303,-63.2289703891539,32.5));
#5349=CARTESIAN_POINT('',(-16.2989638415415,-62.5578904079455,30.));
#5350=CARTESIAN_POINT('',(3.33077132433952E-15,-63.9838649712993,30.));
#5351=CARTESIAN_POINT('',(-16.2989638415415,-62.5578904079455,30.));
#5352=CARTESIAN_POINT('Origin',(10.0000000000003,-61.7036305634793,30.));
#5353=CARTESIAN_POINT('',(4.95257865810041,-62.1452227109344,27.0528282995642));
#5354=CARTESIAN_POINT('Origin',(-2.22044604925031E-15,-51.7419324856496,
30.));
#5355=CARTESIAN_POINT('',(5.47043829689046,-62.0999158632426,30.));
#5356=CARTESIAN_POINT('',(-0.470438296890392,-62.5373591808723,30.));
#5357=CARTESIAN_POINT('',(-12.5000000000001,-52.95,30.));
#5358=CARTESIAN_POINT('',(-9.05201687858757,-56.3979831214124,30.));
#5359=CARTESIAN_POINT('',(-16.,-52.95,30.));
#5360=CARTESIAN_POINT('',(-1.11022302462516E-15,-52.95,30.));
#5361=CARTESIAN_POINT('',(-12.3229831214124,-49.2729831214124,30.));
#5362=CARTESIAN_POINT('',(-16.2989638415415,-62.5578904079455,30.));
#5363=CARTESIAN_POINT('',(16.2989638415474,-62.557890407945,30.));
#5364=CARTESIAN_POINT('',(16.,-52.95,30.));
#5365=CARTESIAN_POINT('',(12.3229831214124,-49.2729831214124,30.));
#5366=CARTESIAN_POINT('',(12.5000000000001,-52.95,30.));
#5367=CARTESIAN_POINT('',(-1.11022302462516E-15,-52.95,30.));
#5368=CARTESIAN_POINT('',(9.05201687858776,-56.3979831214124,30.));
#5369=CARTESIAN_POINT('Origin',(10.,-68.3628799793038,7.36950876559561));
#5370=CARTESIAN_POINT('',(10.5303524556718,-71.9710447746301,8.56100000000001));
#5371=CARTESIAN_POINT('',(9.84321066204616,-67.2961897746342,7.01726542284829));
#5372=CARTESIAN_POINT('',(12.6968189272425,-70.6685134083355,8.56100000000001));
#5373=CARTESIAN_POINT('Origin',(4.44089209850063E-15,-74.9294476391798,
4.93583754506405E-15));
#5374=CARTESIAN_POINT('',(4.44089209850063E-15,-74.9294476391798,4.93583754506405E-15));
#5375=CARTESIAN_POINT('',(10.51748100242,-72.1112970981717,8.04351899758));
#5376=CARTESIAN_POINT('',(10.7611477473516,-72.046006790645,12.2860050794237));
#5377=CARTESIAN_POINT('',(12.7,-71.5264928953046,5.86100000000001));
#5378=CARTESIAN_POINT('',(10.34849090173,-72.1565778591805,8.21250909827002));
#5379=CARTESIAN_POINT('',(12.7,-71.5264928953046,4.15843960767646E-15));
#5380=CARTESIAN_POINT('Origin',(-1.84297022087776E-13,-62.5785171987386,
30.));
#5381=CARTESIAN_POINT('',(-4.98000399597571,-62.1428233047769,27.0478626397009));
#5382=CARTESIAN_POINT('Origin',(-1.84297022087776E-13,-62.5785171987386,
30.));
#5383=CARTESIAN_POINT('Origin',(-9.99999999999985,-72.2499557148686,4.93583754506405E-15));
#5384=CARTESIAN_POINT('',(-12.7,-71.5264928953046,5.86100000000001));
#5385=CARTESIAN_POINT('',(-12.7,-71.5264928953046,4.15843960767646E-15));
#5386=CARTESIAN_POINT('',(-10.51748100242,-72.1112970981717,8.04351899757999));
#5387=CARTESIAN_POINT('',(-13.22195008217,-71.3866367922978,5.33904991783001));
#5388=CARTESIAN_POINT('',(-10.2679064967632,-72.1781703854138,3.69817278741501));
#5389=CARTESIAN_POINT('Origin',(-9.99999999999999,-60.0976802775362,25.0942867254299));
#5390=CARTESIAN_POINT('',(-9.83209780952582,-59.078818254551,24.4523750958728));
#5391=CARTESIAN_POINT('Origin',(-10.,-68.3628799793038,7.36950876559562));
#5392=CARTESIAN_POINT('',(-10.5303524556717,-71.97104477463,8.56100000000001));
#5393=CARTESIAN_POINT('',(-9.91859333273474,-67.8090432471645,7.1866203308739));
#5394=CARTESIAN_POINT('',(-9.94790543402957,-67.3982870846224,8.56100000000001));
#5395=CARTESIAN_POINT('',(-9.86376158782983,-66.6741496272427,8.69723841217013));
#5396=CARTESIAN_POINT('Origin',(-8.55942333083584E-15,-69.1080700001538,
5.77144360878823));
#5397=CARTESIAN_POINT('',(-8.85978068904545,-72.9754324050092,8.56100000000001));
#5398=CARTESIAN_POINT('Origin',(-11.2500000000001,-54.2,27.5));
#5399=CARTESIAN_POINT('',(-11.5000000000001,-53.95,24.));
#5400=CARTESIAN_POINT('',(-12.5000000000001,-52.95,25.));
#5401=CARTESIAN_POINT('',(-10.0833333333333,-55.3666666666667,22.5833333333333));
#5402=CARTESIAN_POINT('',(-12.5000000000001,-52.95,27.5));
#5403=CARTESIAN_POINT('',(-12.5000000000001,-52.95,4.99999999999999));
#5404=CARTESIAN_POINT('',(-12.5000000000001,-52.95,13.75));
#5405=CARTESIAN_POINT('',(-11.5000000000001,-53.95,5.99999999999998));
#5406=CARTESIAN_POINT('',(-6.24999999999996,-59.2,11.2499999999999));
#5407=CARTESIAN_POINT('',(-11.5000000000001,-53.95,16.75));
#5408=CARTESIAN_POINT('Origin',(0.,-53.95,5.99999999999998));
#5409=CARTESIAN_POINT('',(-17.,-53.95,5.99999999999998));
#5410=CARTESIAN_POINT('',(0.,-53.95,5.99999999999998));
#5411=CARTESIAN_POINT('',(-17.,-53.95,24.));
#5412=CARTESIAN_POINT('',(-17.,-53.95,12.6875));
#5413=CARTESIAN_POINT('',(0.,-53.95,24.));
#5414=CARTESIAN_POINT('Origin',(0.,-52.95,4.99999999999999));
#5415=CARTESIAN_POINT('',(-16.,-52.95,4.99999999999999));
#5416=CARTESIAN_POINT('',(-16.1458333333333,-53.0958333333333,5.14583333333331));
#5417=CARTESIAN_POINT('',(0.,-52.95,4.99999999999999));
#5418=CARTESIAN_POINT('Origin',(0.,-52.95,-9.65081603525676E-15));
#5419=CARTESIAN_POINT('',(-16.,-52.95,9.6875));
#5420=CARTESIAN_POINT('Origin',(-17.25,-54.2,19.375));
#5421=CARTESIAN_POINT('',(-16.,-52.95,25.));
#5422=CARTESIAN_POINT('',(-16.,-52.95,19.375));
#5423=CARTESIAN_POINT('',(-15.0208333333333,-51.9708333333334,25.9791666666667));
#5424=CARTESIAN_POINT('Origin',(11.2500000000001,-54.2,27.5));
#5425=CARTESIAN_POINT('',(12.5000000000001,-52.95,25.));
#5426=CARTESIAN_POINT('',(12.5000000000001,-52.95,27.5));
#5427=CARTESIAN_POINT('',(11.5000000000001,-53.95,24.));
#5428=CARTESIAN_POINT('',(10.0833333333335,-55.3666666666666,22.5833333333333));
#5429=CARTESIAN_POINT('',(11.5000000000001,-53.95,5.99999999999998));
#5430=CARTESIAN_POINT('',(11.5000000000001,-53.95,16.75));
#5431=CARTESIAN_POINT('',(12.5000000000001,-52.95,4.99999999999999));
#5432=CARTESIAN_POINT('',(6.2500000000002,-59.2000000000001,11.25));
#5433=CARTESIAN_POINT('',(12.5000000000001,-52.95,13.75));
#5434=CARTESIAN_POINT('Origin',(0.,-53.95,24.));
#5435=CARTESIAN_POINT('',(16.,-52.95,25.));
#5436=CARTESIAN_POINT('',(0.,-52.95,25.));
#5437=CARTESIAN_POINT('',(17.,-53.95,24.));
#5438=CARTESIAN_POINT('',(15.0208333333333,-51.9708333333334,25.9791666666667));
#5439=CARTESIAN_POINT('',(0.,-53.95,24.));
#5440=CARTESIAN_POINT('Origin',(0.,-52.95,25.));
#5441=CARTESIAN_POINT('',(16.,-52.95,19.375));
#5442=CARTESIAN_POINT('Origin',(17.25,-54.2,19.375));
#5443=CARTESIAN_POINT('',(16.,-52.95,4.99999999999999));
#5444=CARTESIAN_POINT('',(17.,-53.95,5.99999999999998));
#5445=CARTESIAN_POINT('',(16.1458333333333,-53.0958333333333,5.14583333333331));
#5446=CARTESIAN_POINT('',(17.,-53.95,12.6875));
#5447=CARTESIAN_POINT('',(16.,-52.95,9.6875));
#5448=CARTESIAN_POINT('Origin',(0.,-53.95,5.99999999999998));
#5449=CARTESIAN_POINT('',(0.,-53.95,5.99999999999998));
#5450=CARTESIAN_POINT('Origin',(0.,-52.95,4.99999999999999));
#5451=CARTESIAN_POINT('',(0.,-52.95,4.99999999999999));
#5452=CARTESIAN_POINT('Origin',(0.,-52.95,-9.65081603525676E-15));
#5453=CARTESIAN_POINT('Origin',(11.35,-68.8874811425984,7.21100000000001));
#5454=CARTESIAN_POINT('',(12.7,-68.8874811425984,5.86100000000001));
#5455=CARTESIAN_POINT('',(9.51548974183421,-63.7774857919822,9.04551025816576));
#5456=CARTESIAN_POINT('Origin',(12.7,-71.5264928953046,4.15843960767646E-15));
#5457=CARTESIAN_POINT('Origin',(-11.35,-64.452016389323,7.21100000000001));
#5458=CARTESIAN_POINT('',(-12.7,-64.452016389323,5.86100000000001));
#5459=CARTESIAN_POINT('Origin',(-12.7,-62.6555633887538,4.15843960767646E-15));
#5460=CARTESIAN_POINT('Origin',(11.3499999999999,-66.2484693898922,8.56100000000001));
#5461=CARTESIAN_POINT('',(9.42992641159705,-63.3316639067533,8.56100000000001));
#5462=CARTESIAN_POINT('Origin',(-11.3499999999999,-66.2484693898922,8.56100000000001));
#5463=CARTESIAN_POINT('Origin',(10.,-60.0976802775362,25.0942867254299));
#5464=CARTESIAN_POINT('',(9.91367493359367,-59.5738435631688,24.7642549140996));
#5465=CARTESIAN_POINT('Origin',(-2.58407307446544E-15,-59.6534905854405,
26.0468545941481));
#5466=CARTESIAN_POINT('Origin',(0.,-52.95,32.5));
#5467=CARTESIAN_POINT('',(-15.7267135623714,-63.1301406871156,32.5));
#5468=CARTESIAN_POINT('',(-16.6497190635618,-63.4048046087517,32.5));
#5469=CARTESIAN_POINT('',(16.6497190635618,-63.4048046087517,32.5));
#5470=CARTESIAN_POINT('',(14.6261954831468,-64.2306587663456,32.5));
#5471=CARTESIAN_POINT('Origin',(-18.,-64.0160254037844,5.28944417444229));
#5472=CARTESIAN_POINT('',(-16.8151706889578,-65.2008547148266,5.34182828526546));
#5473=CARTESIAN_POINT('',(-17.9713171228456,-64.0447082809388,5.29071231239395));
#5474=CARTESIAN_POINT('',(-16.9061045421145,-65.10992086167,5.7520043899701));
#5475=CARTESIAN_POINT('',(-16.9001741956367,-65.1158512081478,5.72525432568298));
#5476=CARTESIAN_POINT('',(-16.4855010904,-65.5305243133844,7.33633048565576));
#5477=CARTESIAN_POINT('',(-16.4246647668418,-65.5913606369426,7.56548831730427));
#5478=CARTESIAN_POINT('',(-16.4855010904,-65.5305243133844,13.8937279342575));
#5479=CARTESIAN_POINT('',(-16.4855010904,-65.5305243133844,5.35640375923874));
#5480=CARTESIAN_POINT('',(-16.4421233286976,-65.5739020750868,13.6980634956769));
#5481=CARTESIAN_POINT('Origin',(-18.,-64.2452645890183,2.70203381457024));
#5482=CARTESIAN_POINT('',(-16.4855010904,-65.6947713904594,3.50255583019156));
#5483=CARTESIAN_POINT('',(-16.6605428988571,-65.4325207355366,4.4791383788706));
#5484=CARTESIAN_POINT('',(-16.4855010904,-65.7303625115685,3.10084075960524));
#5485=CARTESIAN_POINT('',(-17.9313424079471,-64.3125893303428,2.72011314388935));
#5486=CARTESIAN_POINT('',(-16.4855010904,-65.7538541660332,2.8356917185698));
#5487=CARTESIAN_POINT('Origin',(-16.4855010904,-66.466969967648,10.7438033597411));
#5488=CARTESIAN_POINT('',(-16.4855010904,-66.1003540411509,2.6327810289451));
#5489=CARTESIAN_POINT('',(-16.4855010904,-64.9680288691709,5.06106019652314));
#5490=CARTESIAN_POINT('',(-16.4855010904,-65.9384643657476,2.65456489314736));
#5491=CARTESIAN_POINT('',(-16.4855010904,-66.2884219994535,1.90407832578012));
#5492=CARTESIAN_POINT('',(-16.4855010904,-68.8455549841545,2.26338696844443));
#5493=CARTESIAN_POINT('Origin',(-18.,-68.9179145315116,10.2130558865961));
#5494=CARTESIAN_POINT('',(-18.5929864799176,-67.0077829738253,5.67352866810121));
#5495=CARTESIAN_POINT('',(-16.4855010904,-67.2139955819888,10.2835121482567));
#5496=CARTESIAN_POINT('',(-16.6763348518395,-67.4286971313028,10.2746343383458));
#5497=CARTESIAN_POINT('',(-16.4855010904,-67.2139955819888,10.2835121482567));
#5498=CARTESIAN_POINT('Origin',(-18.,-66.3406310243998,5.70111509310653));
#5499=CARTESIAN_POINT('',(-17.0676986566551,-67.078012398578,1.9137827185289));
#5500=CARTESIAN_POINT('Origin',(-18.,-68.6435843844328,0.762415674905605));
#5501=CARTESIAN_POINT('',(-17.5527152974137,-65.2178426768337,1.67469914589392));
#5502=CARTESIAN_POINT('Origin',(-18.,-64.9158198442245,1.26402342919672));
#5503=CARTESIAN_POINT('Origin',(-18.,-64.0160254037844,20.7251910445766));
#5504=CARTESIAN_POINT('',(-16.4855010904,-65.5305243133844,13.8937279342575));
#5505=CARTESIAN_POINT('Origin',(-16.4855010904,-66.466969967648,10.7438033597411));
#5506=CARTESIAN_POINT('Origin',(-18.5,-61.35,24.8284271247462));
#5507=CARTESIAN_POINT('',(-18.4101063028322,-60.7057004507748,25.6929203631247));
#5508=CARTESIAN_POINT('',(-20.0618462357707,-58.644802966035,23.7078978243864));
#5509=CARTESIAN_POINT('Origin',(-18.5,-60.55,25.6284271247462));
#5510=CARTESIAN_POINT('',(-18.2065939490149,-61.0581941875544,27.4918058124456));
#5511=CARTESIAN_POINT('Origin',(-18.5,-60.55,28.));
#5512=CARTESIAN_POINT('',(-18.0002884190358,-61.4177133116096,27.1344741526394));
#5513=CARTESIAN_POINT('',(-18.4978596811241,-61.4274236661841,27.9962928589625));
#5514=CARTESIAN_POINT('',(-18.0002830833598,-61.4177132074815,27.1344649109775));
#5515=CARTESIAN_POINT('Origin',(-18.5,-61.4274654355884,28.));
#5516=CARTESIAN_POINT('',(-18.2745508699707,-63.3367018055746,27.5663822205524));
#5517=CARTESIAN_POINT('Origin',(-18.5,-63.5880664021107,27.9513056165192));
#5518=CARTESIAN_POINT('',(-16.6608009602645,-68.3333717167823,10.2372264620322));
#5519=CARTESIAN_POINT('Origin',(-18.5,-71.9173826569903,10.0890292648188));
#5520=CARTESIAN_POINT('',(-18.9848970264861,-70.2850084338951,5.53801690881223));
#5521=CARTESIAN_POINT('Origin',(-18.5,-69.3400991498785,5.57708847132928));
#5522=CARTESIAN_POINT('',(-17.6348158457381,-70.9129269356937,-1.3417062134845));
#5523=CARTESIAN_POINT('Origin',(-18.5,-72.6982421157694,-1.62447235908365));
#5524=CARTESIAN_POINT('Origin',(-18.5,-61.35,5.17157287525376));
#5525=CARTESIAN_POINT('Origin',(18.,-64.0160254037844,5.28944417444229));
#5526=CARTESIAN_POINT('',(16.4855010904,-65.5305243133844,7.33633048565576));
#5527=CARTESIAN_POINT('',(16.9061045421145,-65.10992086167,5.7520043899701));
#5528=CARTESIAN_POINT('',(16.4246647668418,-65.5913606369426,7.56548831730427));
#5529=CARTESIAN_POINT('',(16.8151706889578,-65.2008547148266,5.34182828526546));
#5530=CARTESIAN_POINT('',(16.9001741956367,-65.1158512081478,5.72525432568298));
#5531=CARTESIAN_POINT('',(17.9713171228456,-64.0447082809388,5.29071231239395));
#5532=CARTESIAN_POINT('',(16.4855010904,-65.5305243133844,13.8937279342575));
#5533=CARTESIAN_POINT('',(16.4421233286976,-65.5739020750868,13.6980634956769));
#5534=CARTESIAN_POINT('',(16.4855010904,-65.5305243133844,5.35640375923874));
#5535=CARTESIAN_POINT('Origin',(18.,-64.2452645890183,2.70203381457024));
#5536=CARTESIAN_POINT('',(16.4855010904,-65.6947713904594,3.50255583019156));
#5537=CARTESIAN_POINT('',(16.6605428988571,-65.4325207355366,4.4791383788706));
#5538=CARTESIAN_POINT('',(16.4855010904,-65.7303625115685,3.10084075960524));
#5539=CARTESIAN_POINT('',(16.4855010904,-65.7538541660332,2.8356917185698));
#5540=CARTESIAN_POINT('',(17.9313424079471,-64.3125893303428,2.72011314388935));
#5541=CARTESIAN_POINT('Origin',(16.4855010904,-66.466969967648,10.7438033597411));
#5542=CARTESIAN_POINT('',(16.4855010904,-66.1003540411509,2.6327810289451));
#5543=CARTESIAN_POINT('',(16.4855010904,-64.9680288691709,5.06106019652314));
#5544=CARTESIAN_POINT('',(16.4855010904,-65.9384643657476,2.65456489314736));
#5545=CARTESIAN_POINT('',(16.4855010904,-68.8455549841545,2.26338696844443));
#5546=CARTESIAN_POINT('',(16.4855010904,-66.2884219994535,1.90407832578012));
#5547=CARTESIAN_POINT('Origin',(18.,-68.9179145315116,10.2130558865961));
#5548=CARTESIAN_POINT('',(18.5929864799176,-67.0077829738253,5.67352866810121));
#5549=CARTESIAN_POINT('',(16.4855010904,-67.2139955819888,10.2835121482567));
#5550=CARTESIAN_POINT('',(16.4855010904,-67.2139955819888,10.2835121482567));
#5551=CARTESIAN_POINT('',(16.6763348518395,-67.4286971313028,10.2746343383458));
#5552=CARTESIAN_POINT('Origin',(18.,-66.3406310243998,5.70111509310653));
#5553=CARTESIAN_POINT('',(17.0676986566551,-67.078012398578,1.9137827185289));
#5554=CARTESIAN_POINT('Origin',(18.,-68.6435843844328,0.762415674905605));
#5555=CARTESIAN_POINT('',(17.5527152974137,-65.2178426768337,1.67469914589392));
#5556=CARTESIAN_POINT('Origin',(18.,-64.9158198442245,1.26402342919672));
#5557=CARTESIAN_POINT('Origin',(18.,-64.0160254037844,20.7251910445766));
#5558=CARTESIAN_POINT('',(16.4855010904,-65.5305243133844,13.8937279342575));
#5559=CARTESIAN_POINT('Origin',(16.4855010904,-66.466969967648,10.7438033597411));
#5560=CARTESIAN_POINT('Origin',(18.5,-61.35,24.8284271247462));
#5561=CARTESIAN_POINT('',(18.4101063028322,-60.7057004507748,25.6929203631247));
#5562=CARTESIAN_POINT('Origin',(18.5,-60.55,25.6284271247462));
#5563=CARTESIAN_POINT('',(18.2065939490149,-61.0581941875544,27.4918058124456));
#5564=CARTESIAN_POINT('Origin',(18.5,-60.55,28.));
#5565=CARTESIAN_POINT('',(18.0002884190358,-61.4177133116096,27.1344741526394));
#5566=CARTESIAN_POINT('',(18.4978596811241,-61.4274236661841,27.9962928589625));
#5567=CARTESIAN_POINT('',(18.0002830833598,-61.4177132074815,27.1344649109775));
#5568=CARTESIAN_POINT('Origin',(18.5,-61.4274654355884,28.));
#5569=CARTESIAN_POINT('',(18.2745508699707,-63.3367018055746,27.5663822205524));
#5570=CARTESIAN_POINT('Origin',(18.5,-63.5880664021107,27.9513056165192));
#5571=CARTESIAN_POINT('',(16.6608009602645,-68.3333717167823,10.2372264620322));
#5572=CARTESIAN_POINT('Origin',(18.5,-71.9173826569903,10.0890292648188));
#5573=CARTESIAN_POINT('',(18.9848970264861,-70.2850084338951,5.53801690881223));
#5574=CARTESIAN_POINT('Origin',(18.5,-69.3400991498785,5.57708847132928));
#5575=CARTESIAN_POINT('',(17.6348158457381,-70.9129269356937,-1.3417062134845));
#5576=CARTESIAN_POINT('Origin',(18.5,-72.6982421157694,-1.62447235908365));
#5577=CARTESIAN_POINT('Origin',(18.5,-63.1156229235534,-1.18379534730352));
#5578=CARTESIAN_POINT('',(18.3693492699551,-61.8528954309987,2.05958901627209));
#5579=CARTESIAN_POINT('Origin',(18.5,-61.6309947711074,2.00000000000001));
#5580=CARTESIAN_POINT('Origin',(10.0000000000003,-61.7036305634793,30.));
#5581=CARTESIAN_POINT('Origin',(0.,-53.95,24.));
#5582=CARTESIAN_POINT('',(0.,-52.95,25.));
#5583=CARTESIAN_POINT('Origin',(0.,-52.95,25.));
#5584=CARTESIAN_POINT('Origin',(5.,-82.7134755542916,-1.23225875214138));
#5585=CARTESIAN_POINT('',(5.00000000000075,-82.7134755542914,-1.23225875214123));
#5586=CARTESIAN_POINT('',(12.2536796564403,-80.7420656913708,0.637948567795037));
#5587=CARTESIAN_POINT('Origin',(-18.5,-79.0148816512253,2.21673585996474));
#5588=CARTESIAN_POINT('',(-5.00000000000078,-82.7134755542915,-1.2322587521411));
#5589=CARTESIAN_POINT('',(-16.1022937433688,-77.2540367750886,-0.988546027733562));
#5590=CARTESIAN_POINT('Origin',(0.,-82.7134755542914,-1.23225875214119));
#5591=CARTESIAN_POINT('Origin',(0.,-62.6883925402678,-5.00000000000001));
#5592=CARTESIAN_POINT('',(16.3491257312829,-62.7905712306841,-5.2191229087264));
#5593=CARTESIAN_POINT('',(-15.7429650106258,-63.3967319513412,-6.51903876911635));
#5594=CARTESIAN_POINT('Origin',(-16.3786796564403,-78.8875831695022,-5.14568236059762));
#5595=CARTESIAN_POINT('',(-16.3786796564405,-73.5128104899055,6.3805548469619));
#5596=CARTESIAN_POINT('Origin',(-16.3786796564405,-73.5128104899055,6.3805548469619));
#5597=CARTESIAN_POINT('Origin',(-18.5,-64.8755002232648,29.922798043661));
#5598=CARTESIAN_POINT('Origin',(18.5,-64.8755002232648,29.922798043661));
#5599=CARTESIAN_POINT('Origin',(16.3786796564403,-78.8875831695022,-5.14568236059762));
#5600=CARTESIAN_POINT('',(16.3786796564405,-73.5128104899055,6.3805548469619));
#5601=CARTESIAN_POINT('Origin',(16.3786796564405,-73.5128104899055,6.3805548469619));
#5602=CARTESIAN_POINT('Origin',(-18.5,-60.3568542494872,30.));
#5603=CARTESIAN_POINT('Origin',(16.2989638415474,-62.557890407945,30.));
#5604=CARTESIAN_POINT('Origin',(18.6414213562373,-60.4982756057296,0.));
#5605=CARTESIAN_POINT('',(14.7,-64.439696961967,0.));
#5606=CARTESIAN_POINT('Origin',(-14.6414213562373,-64.4982756057297,0.));
#5607=CARTESIAN_POINT('',(-14.7,-64.439696961967,0.));
#5608=CARTESIAN_POINT('Origin',(-14.7,-73.1147367097487,0.));
#5609=CARTESIAN_POINT('',(-14.7,-73.2682021073445,0.));
#5610=CARTESIAN_POINT('Origin',(-0.0517638090205042,-77.1931851652578,0.));
#5611=CARTESIAN_POINT('',(0.,-77.207055236082,0.));
#5612=CARTESIAN_POINT('Origin',(14.5517638090205,-73.3079218750065,0.));
#5613=CARTESIAN_POINT('',(14.7,-73.2682021073445,0.));
#5614=CARTESIAN_POINT('Origin',(14.7,-64.3568542494924,0.));
#5615=UNCERTAINTY_MEASURE_WITH_UNIT(LENGTH_MEASURE(0.01),#5619,
'DISTANCE_ACCURACY_VALUE',
'Maximum model space distance between geometric entities at asserted c
onnectivities');
#5616=UNCERTAINTY_MEASURE_WITH_UNIT(LENGTH_MEASURE(0.01),#5619,
'DISTANCE_ACCURACY_VALUE',
'Maximum model space distance between geometric entities at asserted c
onnectivities');
#5617=(
GEOMETRIC_REPRESENTATION_CONTEXT(3)
GLOBAL_UNCERTAINTY_ASSIGNED_CONTEXT((#5615))
GLOBAL_UNIT_ASSIGNED_CONTEXT((#5619,#5621,#5622))
REPRESENTATION_CONTEXT('','3D')
);
#5618=(
GEOMETRIC_REPRESENTATION_CONTEXT(3)
GLOBAL_UNCERTAINTY_ASSIGNED_CONTEXT((#5616))
GLOBAL_UNIT_ASSIGNED_CONTEXT((#5619,#5621,#5622))
REPRESENTATION_CONTEXT('','3D')
);
#5619=(
LENGTH_UNIT()
NAMED_UNIT(*)
SI_UNIT(.MILLI.,.METRE.)
);
#5620=(
LENGTH_UNIT()
NAMED_UNIT(*)
SI_UNIT($,.METRE.)
);
#5621=(
NAMED_UNIT(*)
PLANE_ANGLE_UNIT()
SI_UNIT($,.RADIAN.)
);
#5622=(
NAMED_UNIT(*)
SI_UNIT($,.STERADIAN.)
SOLID_ANGLE_UNIT()
);
#5623=SHAPE_DEFINITION_REPRESENTATION(#5624,#5625);
#5624=PRODUCT_DEFINITION_SHAPE('',$,#5627);
#5625=SHAPE_REPRESENTATION('',(#3335),#5617);
#5626=PRODUCT_DEFINITION_CONTEXT('part definition',#5631,'design');
#5627=PRODUCT_DEFINITION('2026-08-31-21-31-07-791',
'The Shard TPU - Frontend O4 Pro',#5628,#5626);
#5628=PRODUCT_DEFINITION_FORMATION('',$,#5633);
#5629=PRODUCT_RELATED_PRODUCT_CATEGORY(
'The Shard TPU - Frontend O4 Pro','The Shard TPU - Frontend O4 Pro',(#5633));
#5630=APPLICATION_PROTOCOL_DEFINITION('international standard',
'automotive_design',2009,#5631);
#5631=APPLICATION_CONTEXT(
'Core Data for Automotive Mechanical Design Process');
#5632=PRODUCT_CONTEXT('part definition',#5631,'mechanical');
#5633=PRODUCT('2026-08-31-21-31-07-791',
'The Shard TPU - Frontend O4 Pro',$,(#5632));
#5634=PRESENTATION_STYLE_ASSIGNMENT((#5635));
#5635=SURFACE_STYLE_USAGE(.BOTH.,#5636);
#5636=SURFACE_SIDE_STYLE('',(#5637));
#5637=SURFACE_STYLE_FILL_AREA(#5638);
#5638=FILL_AREA_STYLE('Steel - Satin',(#5639));
#5639=FILL_AREA_STYLE_COLOUR('Steel - Satin',#5640);
#5640=COLOUR_RGB('Steel - Satin',0.627450980392157,0.627450980392157,0.627450980392157);
ENDSEC;
END-ISO-10303-21;
