ISO-10303-21;
HEADER;
/* Generated by software containing ST-Developer
 * from STEP Tools, Inc. (www.steptools.com) 
 */

FILE_DESCRIPTION(
/* description */ (''),
/* implementation_level */ '2;1');

FILE_NAME(
/* name */ 'The_Shard_TPU_-_Frontend_O4_Pro_cameraAngle_20.step',
/* time_stamp */ '2026-09-22T20:58:59+02:00',
/* author */ (''),
/* organization */ (''),
/* preprocessor_version */ 'ST-DEVELOPER v20.1',
/* originating_system */ 'Autodesk Translation Framework v15.8.0.0',
/* authorisation */ '');

FILE_SCHEMA (('AUTOMOTIVE_DESIGN { 1 0 10303 214 3 1 1 }'));
ENDSEC;

DATA;
#10=MECHANICAL_DESIGN_GEOMETRIC_PRESENTATION_REPRESENTATION('',(#13),#5475);
#11=SHAPE_REPRESENTATION_RELATIONSHIP('SRR','None',#5482,#12);
#12=ADVANCED_BREP_SHAPE_REPRESENTATION('',(#14),#5474);
#13=STYLED_ITEM('',(#5491),#14);
#14=MANIFOLD_SOLID_BREP('Frontend',#3221);
#15=B_SPLINE_SURFACE_WITH_KNOTS('',3,1,((#4613,#4614),(#4615,#4616),(#4617,
#4618),(#4619,#4620)),.UNSPECIFIED.,.F.,.F.,.F.,(4,4),(2,2),(-0.115642845096889,
0.),(-0.532795578720606,0.3),.UNSPECIFIED.);
#16=B_SPLINE_SURFACE_WITH_KNOTS('',3,1,((#4640,#4641),(#4642,#4643),(#4644,
#4645),(#4646,#4647)),.UNSPECIFIED.,.F.,.F.,.F.,(4,4),(2,2),(-0.076801228943379,
-7.32795096097344E-17),(-0.517941767912367,0.3),.UNSPECIFIED.);
#17=B_SPLINE_SURFACE_WITH_KNOTS('',3,1,((#4840,#4841),(#4842,#4843),(#4844,
#4845),(#4846,#4847)),.UNSPECIFIED.,.F.,.F.,.F.,(4,4),(2,2),(-0.115641046845084,
0.),(-0.532795578720605,0.3),.UNSPECIFIED.);
#18=B_SPLINE_SURFACE_WITH_KNOTS('',3,1,((#4858,#4859),(#4860,#4861),(#4862,
#4863),(#4864,#4865)),.UNSPECIFIED.,.F.,.F.,.F.,(4,4),(2,2),(-0.0768008431766674,
0.),(-0.517941767912368,0.3),.UNSPECIFIED.);
#19=B_SPLINE_SURFACE_WITH_KNOTS('',3,1,((#4882,#4883),(#4884,#4885),(#4886,
#4887),(#4888,#4889)),.UNSPECIFIED.,.F.,.F.,.F.,(4,4),(2,2),(0.,0.0768008431766674),
(-0.517941767912366,0.3),.UNSPECIFIED.);
#20=B_SPLINE_SURFACE_WITH_KNOTS('',3,1,((#4900,#4901),(#4902,#4903),(#4904,
#4905),(#4906,#4907)),.UNSPECIFIED.,.F.,.F.,.F.,(4,4),(2,2),(0.,0.115641046845084),
(-0.532795578720605,0.3),.UNSPECIFIED.);
#21=B_SPLINE_SURFACE_WITH_KNOTS('',3,1,((#4922,#4923),(#4924,#4925),(#4926,
#4927),(#4928,#4929)),.UNSPECIFIED.,.F.,.F.,.F.,(4,4),(2,2),(7.32795096097344E-17,
0.076801228943379),(-0.517941767912369,0.3),.UNSPECIFIED.);
#22=B_SPLINE_SURFACE_WITH_KNOTS('',3,1,((#4949,#4950),(#4951,#4952),(#4953,
#4954),(#4955,#4956)),.UNSPECIFIED.,.F.,.F.,.F.,(4,4),(2,2),(0.,0.115642845096889),
(-0.532795578720606,0.3),.UNSPECIFIED.);
#23=FACE_BOUND('',#372,.T.);
#24=FACE_BOUND('',#374,.T.);
#25=FACE_BOUND('',#386,.T.);
#26=FACE_BOUND('',#388,.T.);
#27=FACE_BOUND('',#403,.T.);
#28=FACE_BOUND('',#432,.T.);
#29=FACE_BOUND('',#433,.T.);
#30=FACE_BOUND('',#436,.T.);
#31=FACE_BOUND('',#437,.T.);
#32=FACE_BOUND('',#477,.T.);
#33=FACE_BOUND('',#500,.T.);
#34=PLANE('',#3259);
#35=PLANE('',#3260);
#36=PLANE('',#3261);
#37=PLANE('',#3276);
#38=PLANE('',#3278);
#39=PLANE('',#3280);
#40=PLANE('',#3282);
#41=PLANE('',#3284);
#42=PLANE('',#3285);
#43=PLANE('',#3286);
#44=PLANE('',#3287);
#45=PLANE('',#3288);
#46=PLANE('',#3290);
#47=PLANE('',#3292);
#48=PLANE('',#3295);
#49=PLANE('',#3296);
#50=PLANE('',#3299);
#51=PLANE('',#3300);
#52=PLANE('',#3320);
#53=PLANE('',#3321);
#54=PLANE('',#3322);
#55=PLANE('',#3330);
#56=PLANE('',#3331);
#57=PLANE('',#3332);
#58=PLANE('',#3333);
#59=PLANE('',#3334);
#60=PLANE('',#3335);
#61=PLANE('',#3336);
#62=PLANE('',#3337);
#63=PLANE('',#3338);
#64=PLANE('',#3339);
#65=PLANE('',#3340);
#66=PLANE('',#3341);
#67=PLANE('',#3342);
#68=PLANE('',#3343);
#69=PLANE('',#3344);
#70=PLANE('',#3345);
#71=PLANE('',#3348);
#72=PLANE('',#3349);
#73=PLANE('',#3352);
#74=PLANE('',#3353);
#75=PLANE('',#3354);
#76=PLANE('',#3355);
#77=PLANE('',#3356);
#78=PLANE('',#3357);
#79=PLANE('',#3358);
#80=PLANE('',#3359);
#81=PLANE('',#3360);
#82=PLANE('',#3361);
#83=PLANE('',#3362);
#84=PLANE('',#3363);
#85=PLANE('',#3364);
#86=PLANE('',#3365);
#87=PLANE('',#3366);
#88=PLANE('',#3367);
#89=PLANE('',#3368);
#90=PLANE('',#3369);
#91=PLANE('',#3370);
#92=PLANE('',#3371);
#93=PLANE('',#3372);
#94=PLANE('',#3373);
#95=PLANE('',#3374);
#96=PLANE('',#3375);
#97=PLANE('',#3376);
#98=PLANE('',#3377);
#99=PLANE('',#3378);
#100=PLANE('',#3379);
#101=PLANE('',#3380);
#102=PLANE('',#3381);
#103=PLANE('',#3382);
#104=PLANE('',#3383);
#105=PLANE('',#3384);
#106=PLANE('',#3385);
#107=PLANE('',#3386);
#108=PLANE('',#3387);
#109=PLANE('',#3388);
#110=PLANE('',#3389);
#111=PLANE('',#3390);
#112=PLANE('',#3391);
#113=PLANE('',#3392);
#114=PLANE('',#3393);
#115=PLANE('',#3394);
#116=PLANE('',#3395);
#117=PLANE('',#3396);
#118=PLANE('',#3397);
#119=PLANE('',#3398);
#120=PLANE('',#3399);
#121=PLANE('',#3400);
#122=PLANE('',#3401);
#123=PLANE('',#3402);
#124=PLANE('',#3403);
#125=PLANE('',#3404);
#126=PLANE('',#3405);
#127=PLANE('',#3406);
#128=PLANE('',#3407);
#129=PLANE('',#3408);
#130=PLANE('',#3409);
#131=PLANE('',#3410);
#132=PLANE('',#3411);
#133=PLANE('',#3412);
#134=PLANE('',#3413);
#135=PLANE('',#3414);
#136=PLANE('',#3415);
#137=PLANE('',#3416);
#138=PLANE('',#3417);
#139=PLANE('',#3418);
#140=PLANE('',#3419);
#141=PLANE('',#3420);
#142=PLANE('',#3421);
#143=PLANE('',#3422);
#144=PLANE('',#3423);
#145=PLANE('',#3424);
#146=PLANE('',#3425);
#147=PLANE('',#3426);
#148=PLANE('',#3427);
#149=PLANE('',#3428);
#150=PLANE('',#3431);
#151=PLANE('',#3432);
#152=PLANE('',#3433);
#153=PLANE('',#3434);
#154=PLANE('',#3435);
#155=PLANE('',#3436);
#156=PLANE('',#3437);
#157=PLANE('',#3438);
#158=PLANE('',#3439);
#159=ELLIPSE('',#3253,3.18198051533947,2.25);
#160=ELLIPSE('',#3257,3.18198051533947,2.25);
#161=ELLIPSE('',#3263,1.10759264336185,1.);
#162=ELLIPSE('',#3264,14.7850253753624,1.);
#163=ELLIPSE('',#3266,13.4522612721181,11.6499999999999);
#164=ELLIPSE('',#3267,12.9034542951654,11.6499999999999);
#165=ELLIPSE('',#3268,172.245545622969,11.6499999999999);
#166=ELLIPSE('',#3271,13.4522612721181,11.6499999999999);
#167=ELLIPSE('',#3274,13.4522612721181,11.6499999999998);
#168=ELLIPSE('',#3277,12.4450281386687,11.65);
#169=ELLIPSE('',#3279,12.4450281386687,11.65);
#170=ELLIPSE('',#3281,51.898123168541,11.65);
#171=ELLIPSE('',#3283,51.8981231685412,11.65);
#172=ELLIPSE('',#3289,172.245545622973,11.6500000000001);
#173=ELLIPSE('',#3291,172.245545622973,11.6500000000001);
#174=ELLIPSE('',#3293,12.9034542951654,11.6499999999999);
#175=ELLIPSE('',#3294,1.10759264336184,0.999999999999997);
#176=ELLIPSE('',#3297,14.7850253753623,0.999999999999997);
#177=ELLIPSE('',#3298,172.24554562297,11.6499999999999);
#178=ELLIPSE('',#3301,12.3976710493445,11.6500000000001);
#179=ELLIPSE('',#3302,12.3976710493446,11.6500000000002);
#180=ELLIPSE('',#3303,12.3976710493446,11.6500000000002);
#181=ELLIPSE('',#3304,12.3976710493446,11.6500000000002);
#182=ELLIPSE('',#3305,12.3976710493445,11.6500000000001);
#183=ELLIPSE('',#3313,51.898123168541,11.65);
#184=ELLIPSE('',#3314,51.8981231685412,11.65);
#185=ELLIPSE('',#3324,13.4522612721181,11.6499999999999);
#186=ELLIPSE('',#3327,13.4522612721182,11.6499999999999);
#187=CYLINDRICAL_SURFACE('',#3245,2.25);
#188=CYLINDRICAL_SURFACE('',#3246,2.25);
#189=CYLINDRICAL_SURFACE('',#3247,0.999999999999999);
#190=CYLINDRICAL_SURFACE('',#3249,0.999999999999999);
#191=CYLINDRICAL_SURFACE('',#3251,2.25);
#192=CYLINDRICAL_SURFACE('',#3255,2.25);
#193=CYLINDRICAL_SURFACE('',#3262,1.);
#194=CYLINDRICAL_SURFACE('',#3265,11.6499999999999);
#195=CYLINDRICAL_SURFACE('',#3270,11.6499999999999);
#196=CYLINDRICAL_SURFACE('',#3273,11.6499999999998);
#197=CYLINDRICAL_SURFACE('',#3306,11.6500000000001);
#198=CYLINDRICAL_SURFACE('',#3308,11.6500000000002);
#199=CYLINDRICAL_SURFACE('',#3310,11.6500000000002);
#200=CYLINDRICAL_SURFACE('',#3316,11.6500000000002);
#201=CYLINDRICAL_SURFACE('',#3318,11.6500000000001);
#202=CYLINDRICAL_SURFACE('',#3323,11.6499999999999);
#203=CYLINDRICAL_SURFACE('',#3326,11.6499999999999);
#204=CYLINDRICAL_SURFACE('',#3329,0.999999999999996);
#205=CYLINDRICAL_SURFACE('',#3429,2.75);
#206=CYLINDRICAL_SURFACE('',#3430,2.75);
#207=FACE_OUTER_BOUND('',#362,.T.);
#208=FACE_OUTER_BOUND('',#363,.T.);
#209=FACE_OUTER_BOUND('',#364,.T.);
#210=FACE_OUTER_BOUND('',#365,.T.);
#211=FACE_OUTER_BOUND('',#366,.T.);
#212=FACE_OUTER_BOUND('',#367,.T.);
#213=FACE_OUTER_BOUND('',#368,.T.);
#214=FACE_OUTER_BOUND('',#369,.T.);
#215=FACE_OUTER_BOUND('',#370,.T.);
#216=FACE_OUTER_BOUND('',#371,.T.);
#217=FACE_OUTER_BOUND('',#373,.T.);
#218=FACE_OUTER_BOUND('',#375,.T.);
#219=FACE_OUTER_BOUND('',#376,.T.);
#220=FACE_OUTER_BOUND('',#377,.T.);
#221=FACE_OUTER_BOUND('',#378,.T.);
#222=FACE_OUTER_BOUND('',#379,.T.);
#223=FACE_OUTER_BOUND('',#380,.T.);
#224=FACE_OUTER_BOUND('',#381,.T.);
#225=FACE_OUTER_BOUND('',#382,.T.);
#226=FACE_OUTER_BOUND('',#383,.T.);
#227=FACE_OUTER_BOUND('',#384,.T.);
#228=FACE_OUTER_BOUND('',#385,.T.);
#229=FACE_OUTER_BOUND('',#387,.T.);
#230=FACE_OUTER_BOUND('',#389,.T.);
#231=FACE_OUTER_BOUND('',#390,.T.);
#232=FACE_OUTER_BOUND('',#391,.T.);
#233=FACE_OUTER_BOUND('',#392,.T.);
#234=FACE_OUTER_BOUND('',#393,.T.);
#235=FACE_OUTER_BOUND('',#394,.T.);
#236=FACE_OUTER_BOUND('',#395,.T.);
#237=FACE_OUTER_BOUND('',#396,.T.);
#238=FACE_OUTER_BOUND('',#397,.T.);
#239=FACE_OUTER_BOUND('',#398,.T.);
#240=FACE_OUTER_BOUND('',#399,.T.);
#241=FACE_OUTER_BOUND('',#400,.T.);
#242=FACE_OUTER_BOUND('',#401,.T.);
#243=FACE_OUTER_BOUND('',#402,.T.);
#244=FACE_OUTER_BOUND('',#404,.T.);
#245=FACE_OUTER_BOUND('',#405,.T.);
#246=FACE_OUTER_BOUND('',#406,.T.);
#247=FACE_OUTER_BOUND('',#407,.T.);
#248=FACE_OUTER_BOUND('',#408,.T.);
#249=FACE_OUTER_BOUND('',#409,.T.);
#250=FACE_OUTER_BOUND('',#410,.T.);
#251=FACE_OUTER_BOUND('',#411,.T.);
#252=FACE_OUTER_BOUND('',#412,.T.);
#253=FACE_OUTER_BOUND('',#413,.T.);
#254=FACE_OUTER_BOUND('',#414,.T.);
#255=FACE_OUTER_BOUND('',#415,.T.);
#256=FACE_OUTER_BOUND('',#416,.T.);
#257=FACE_OUTER_BOUND('',#417,.T.);
#258=FACE_OUTER_BOUND('',#418,.T.);
#259=FACE_OUTER_BOUND('',#419,.T.);
#260=FACE_OUTER_BOUND('',#420,.T.);
#261=FACE_OUTER_BOUND('',#421,.T.);
#262=FACE_OUTER_BOUND('',#422,.T.);
#263=FACE_OUTER_BOUND('',#423,.T.);
#264=FACE_OUTER_BOUND('',#424,.T.);
#265=FACE_OUTER_BOUND('',#425,.T.);
#266=FACE_OUTER_BOUND('',#426,.T.);
#267=FACE_OUTER_BOUND('',#427,.T.);
#268=FACE_OUTER_BOUND('',#428,.T.);
#269=FACE_OUTER_BOUND('',#429,.T.);
#270=FACE_OUTER_BOUND('',#430,.T.);
#271=FACE_OUTER_BOUND('',#431,.T.);
#272=FACE_OUTER_BOUND('',#434,.T.);
#273=FACE_OUTER_BOUND('',#435,.T.);
#274=FACE_OUTER_BOUND('',#438,.T.);
#275=FACE_OUTER_BOUND('',#439,.T.);
#276=FACE_OUTER_BOUND('',#440,.T.);
#277=FACE_OUTER_BOUND('',#441,.T.);
#278=FACE_OUTER_BOUND('',#442,.T.);
#279=FACE_OUTER_BOUND('',#443,.T.);
#280=FACE_OUTER_BOUND('',#444,.T.);
#281=FACE_OUTER_BOUND('',#445,.T.);
#282=FACE_OUTER_BOUND('',#446,.T.);
#283=FACE_OUTER_BOUND('',#447,.T.);
#284=FACE_OUTER_BOUND('',#448,.T.);
#285=FACE_OUTER_BOUND('',#449,.T.);
#286=FACE_OUTER_BOUND('',#450,.T.);
#287=FACE_OUTER_BOUND('',#451,.T.);
#288=FACE_OUTER_BOUND('',#452,.T.);
#289=FACE_OUTER_BOUND('',#453,.T.);
#290=FACE_OUTER_BOUND('',#454,.T.);
#291=FACE_OUTER_BOUND('',#455,.T.);
#292=FACE_OUTER_BOUND('',#456,.T.);
#293=FACE_OUTER_BOUND('',#457,.T.);
#294=FACE_OUTER_BOUND('',#458,.T.);
#295=FACE_OUTER_BOUND('',#459,.T.);
#296=FACE_OUTER_BOUND('',#460,.T.);
#297=FACE_OUTER_BOUND('',#461,.T.);
#298=FACE_OUTER_BOUND('',#462,.T.);
#299=FACE_OUTER_BOUND('',#463,.T.);
#300=FACE_OUTER_BOUND('',#464,.T.);
#301=FACE_OUTER_BOUND('',#465,.T.);
#302=FACE_OUTER_BOUND('',#466,.T.);
#303=FACE_OUTER_BOUND('',#467,.T.);
#304=FACE_OUTER_BOUND('',#468,.T.);
#305=FACE_OUTER_BOUND('',#469,.T.);
#306=FACE_OUTER_BOUND('',#470,.T.);
#307=FACE_OUTER_BOUND('',#471,.T.);
#308=FACE_OUTER_BOUND('',#472,.T.);
#309=FACE_OUTER_BOUND('',#473,.T.);
#310=FACE_OUTER_BOUND('',#474,.T.);
#311=FACE_OUTER_BOUND('',#475,.T.);
#312=FACE_OUTER_BOUND('',#476,.T.);
#313=FACE_OUTER_BOUND('',#478,.T.);
#314=FACE_OUTER_BOUND('',#479,.T.);
#315=FACE_OUTER_BOUND('',#480,.T.);
#316=FACE_OUTER_BOUND('',#481,.T.);
#317=FACE_OUTER_BOUND('',#482,.T.);
#318=FACE_OUTER_BOUND('',#483,.T.);
#319=FACE_OUTER_BOUND('',#484,.T.);
#320=FACE_OUTER_BOUND('',#485,.T.);
#321=FACE_OUTER_BOUND('',#486,.T.);
#322=FACE_OUTER_BOUND('',#487,.T.);
#323=FACE_OUTER_BOUND('',#488,.T.);
#324=FACE_OUTER_BOUND('',#489,.T.);
#325=FACE_OUTER_BOUND('',#490,.T.);
#326=FACE_OUTER_BOUND('',#491,.T.);
#327=FACE_OUTER_BOUND('',#492,.T.);
#328=FACE_OUTER_BOUND('',#493,.T.);
#329=FACE_OUTER_BOUND('',#494,.T.);
#330=FACE_OUTER_BOUND('',#495,.T.);
#331=FACE_OUTER_BOUND('',#496,.T.);
#332=FACE_OUTER_BOUND('',#497,.T.);
#333=FACE_OUTER_BOUND('',#498,.T.);
#334=FACE_OUTER_BOUND('',#499,.T.);
#335=FACE_OUTER_BOUND('',#501,.T.);
#336=FACE_OUTER_BOUND('',#502,.T.);
#337=FACE_OUTER_BOUND('',#503,.T.);
#338=FACE_OUTER_BOUND('',#504,.T.);
#339=FACE_OUTER_BOUND('',#505,.T.);
#340=FACE_OUTER_BOUND('',#506,.T.);
#341=FACE_OUTER_BOUND('',#507,.T.);
#342=FACE_OUTER_BOUND('',#508,.T.);
#343=FACE_OUTER_BOUND('',#509,.T.);
#344=FACE_OUTER_BOUND('',#510,.T.);
#345=FACE_OUTER_BOUND('',#511,.T.);
#346=FACE_OUTER_BOUND('',#512,.T.);
#347=FACE_OUTER_BOUND('',#513,.T.);
#348=FACE_OUTER_BOUND('',#514,.T.);
#349=FACE_OUTER_BOUND('',#515,.T.);
#350=FACE_OUTER_BOUND('',#516,.T.);
#351=FACE_OUTER_BOUND('',#517,.T.);
#352=FACE_OUTER_BOUND('',#518,.T.);
#353=FACE_OUTER_BOUND('',#519,.T.);
#354=FACE_OUTER_BOUND('',#520,.T.);
#355=FACE_OUTER_BOUND('',#521,.T.);
#356=FACE_OUTER_BOUND('',#522,.T.);
#357=FACE_OUTER_BOUND('',#523,.T.);
#358=FACE_OUTER_BOUND('',#524,.T.);
#359=FACE_OUTER_BOUND('',#525,.T.);
#360=FACE_OUTER_BOUND('',#526,.T.);
#361=FACE_OUTER_BOUND('',#527,.T.);
#362=EDGE_LOOP('',(#2128,#2129,#2130,#2131,#2132,#2133,#2134,#2135));
#363=EDGE_LOOP('',(#2136,#2137,#2138,#2139,#2140,#2141,#2142,#2143,#2144,
#2145));
#364=EDGE_LOOP('',(#2146,#2147,#2148));
#365=EDGE_LOOP('',(#2149,#2150,#2151));
#366=EDGE_LOOP('',(#2152,#2153,#2154,#2155));
#367=EDGE_LOOP('',(#2156,#2157,#2158,#2159));
#368=EDGE_LOOP('',(#2160,#2161,#2162,#2163,#2164,#2165,#2166,#2167,#2168,
#2169));
#369=EDGE_LOOP('',(#2170,#2171,#2172,#2173,#2174,#2175,#2176,#2177));
#370=EDGE_LOOP('',(#2178,#2179,#2180,#2181));
#371=EDGE_LOOP('',(#2182,#2183,#2184,#2185,#2186,#2187,#2188,#2189,#2190,
#2191,#2192,#2193,#2194,#2195,#2196));
#372=EDGE_LOOP('',(#2197,#2198,#2199,#2200,#2201,#2202,#2203,#2204,#2205,
#2206,#2207,#2208));
#373=EDGE_LOOP('',(#2209,#2210,#2211,#2212,#2213,#2214,#2215,#2216,#2217,
#2218,#2219,#2220,#2221,#2222,#2223));
#374=EDGE_LOOP('',(#2224,#2225,#2226,#2227,#2228,#2229,#2230,#2231,#2232,
#2233,#2234,#2235));
#375=EDGE_LOOP('',(#2236,#2237,#2238));
#376=EDGE_LOOP('',(#2239,#2240,#2241,#2242,#2243,#2244));
#377=EDGE_LOOP('',(#2245,#2246,#2247,#2248));
#378=EDGE_LOOP('',(#2249,#2250,#2251,#2252));
#379=EDGE_LOOP('',(#2253,#2254,#2255,#2256));
#380=EDGE_LOOP('',(#2257,#2258,#2259,#2260));
#381=EDGE_LOOP('',(#2261,#2262,#2263,#2264,#2265,#2266));
#382=EDGE_LOOP('',(#2267,#2268,#2269,#2270,#2271,#2272));
#383=EDGE_LOOP('',(#2273,#2274,#2275));
#384=EDGE_LOOP('',(#2276,#2277,#2278,#2279,#2280));
#385=EDGE_LOOP('',(#2281,#2282,#2283,#2284,#2285,#2286,#2287,#2288));
#386=EDGE_LOOP('',(#2289));
#387=EDGE_LOOP('',(#2290,#2291,#2292,#2293,#2294,#2295,#2296,#2297));
#388=EDGE_LOOP('',(#2298));
#389=EDGE_LOOP('',(#2299,#2300,#2301,#2302));
#390=EDGE_LOOP('',(#2303,#2304,#2305,#2306));
#391=EDGE_LOOP('',(#2307,#2308,#2309,#2310,#2311));
#392=EDGE_LOOP('',(#2312,#2313,#2314,#2315,#2316));
#393=EDGE_LOOP('',(#2317,#2318,#2319,#2320,#2321,#2322,#2323,#2324));
#394=EDGE_LOOP('',(#2325,#2326,#2327,#2328,#2329,#2330,#2331,#2332));
#395=EDGE_LOOP('',(#2333,#2334,#2335,#2336,#2337));
#396=EDGE_LOOP('',(#2338,#2339,#2340,#2341,#2342));
#397=EDGE_LOOP('',(#2343,#2344,#2345,#2346,#2347,#2348,#2349,#2350,#2351,
#2352,#2353,#2354,#2355,#2356,#2357,#2358,#2359,#2360));
#398=EDGE_LOOP('',(#2361,#2362,#2363,#2364));
#399=EDGE_LOOP('',(#2365,#2366,#2367,#2368));
#400=EDGE_LOOP('',(#2369,#2370,#2371,#2372));
#401=EDGE_LOOP('',(#2373,#2374,#2375,#2376));
#402=EDGE_LOOP('',(#2377,#2378,#2379,#2380,#2381,#2382,#2383,#2384,#2385));
#403=EDGE_LOOP('',(#2386,#2387,#2388));
#404=EDGE_LOOP('',(#2389,#2390,#2391,#2392));
#405=EDGE_LOOP('',(#2393,#2394,#2395,#2396));
#406=EDGE_LOOP('',(#2397,#2398,#2399,#2400));
#407=EDGE_LOOP('',(#2401,#2402,#2403,#2404));
#408=EDGE_LOOP('',(#2405,#2406,#2407,#2408));
#409=EDGE_LOOP('',(#2409,#2410,#2411));
#410=EDGE_LOOP('',(#2412,#2413,#2414));
#411=EDGE_LOOP('',(#2415,#2416,#2417,#2418));
#412=EDGE_LOOP('',(#2419,#2420,#2421,#2422));
#413=EDGE_LOOP('',(#2423,#2424,#2425,#2426));
#414=EDGE_LOOP('',(#2427,#2428,#2429,#2430,#2431,#2432));
#415=EDGE_LOOP('',(#2433,#2434,#2435));
#416=EDGE_LOOP('',(#2436,#2437,#2438,#2439));
#417=EDGE_LOOP('',(#2440,#2441,#2442,#2443,#2444));
#418=EDGE_LOOP('',(#2445,#2446,#2447,#2448));
#419=EDGE_LOOP('',(#2449,#2450,#2451,#2452,#2453,#2454,#2455,#2456,#2457,
#2458,#2459,#2460,#2461,#2462,#2463,#2464,#2465,#2466,#2467,#2468,#2469,
#2470,#2471,#2472,#2473,#2474,#2475,#2476,#2477,#2478,#2479,#2480,#2481,
#2482));
#420=EDGE_LOOP('',(#2483,#2484,#2485,#2486));
#421=EDGE_LOOP('',(#2487,#2488,#2489,#2490,#2491,#2492,#2493));
#422=EDGE_LOOP('',(#2494,#2495,#2496,#2497,#2498,#2499));
#423=EDGE_LOOP('',(#2500,#2501,#2502,#2503,#2504,#2505));
#424=EDGE_LOOP('',(#2506,#2507,#2508,#2509,#2510,#2511,#2512,#2513,#2514,
#2515,#2516,#2517,#2518,#2519,#2520));
#425=EDGE_LOOP('',(#2521,#2522,#2523,#2524));
#426=EDGE_LOOP('',(#2525,#2526,#2527,#2528));
#427=EDGE_LOOP('',(#2529,#2530,#2531,#2532,#2533,#2534,#2535,#2536));
#428=EDGE_LOOP('',(#2537,#2538,#2539,#2540));
#429=EDGE_LOOP('',(#2541,#2542,#2543,#2544));
#430=EDGE_LOOP('',(#2545,#2546,#2547,#2548));
#431=EDGE_LOOP('',(#2549,#2550,#2551,#2552,#2553,#2554,#2555,#2556,#2557,
#2558,#2559,#2560,#2561,#2562,#2563,#2564,#2565,#2566,#2567,#2568,#2569,
#2570));
#432=EDGE_LOOP('',(#2571));
#433=EDGE_LOOP('',(#2572));
#434=EDGE_LOOP('',(#2573,#2574,#2575,#2576,#2577,#2578,#2579,#2580,#2581,
#2582));
#435=EDGE_LOOP('',(#2583,#2584,#2585,#2586,#2587,#2588,#2589,#2590,#2591,
#2592,#2593,#2594,#2595,#2596,#2597,#2598,#2599));
#436=EDGE_LOOP('',(#2600));
#437=EDGE_LOOP('',(#2601));
#438=EDGE_LOOP('',(#2602,#2603,#2604,#2605,#2606,#2607,#2608,#2609));
#439=EDGE_LOOP('',(#2610,#2611,#2612,#2613));
#440=EDGE_LOOP('',(#2614,#2615,#2616,#2617));
#441=EDGE_LOOP('',(#2618,#2619,#2620,#2621,#2622,#2623,#2624,#2625,#2626,
#2627));
#442=EDGE_LOOP('',(#2628,#2629,#2630,#2631));
#443=EDGE_LOOP('',(#2632,#2633,#2634,#2635));
#444=EDGE_LOOP('',(#2636,#2637,#2638,#2639));
#445=EDGE_LOOP('',(#2640,#2641,#2642,#2643,#2644,#2645,#2646));
#446=EDGE_LOOP('',(#2647,#2648,#2649,#2650));
#447=EDGE_LOOP('',(#2651,#2652,#2653,#2654));
#448=EDGE_LOOP('',(#2655,#2656,#2657,#2658));
#449=EDGE_LOOP('',(#2659,#2660,#2661,#2662));
#450=EDGE_LOOP('',(#2663,#2664,#2665,#2666));
#451=EDGE_LOOP('',(#2667,#2668,#2669));
#452=EDGE_LOOP('',(#2670,#2671,#2672,#2673,#2674));
#453=EDGE_LOOP('',(#2675,#2676,#2677,#2678,#2679,#2680,#2681,#2682,#2683));
#454=EDGE_LOOP('',(#2684,#2685,#2686,#2687,#2688,#2689,#2690,#2691,#2692,
#2693,#2694));
#455=EDGE_LOOP('',(#2695,#2696,#2697,#2698,#2699,#2700));
#456=EDGE_LOOP('',(#2701,#2702,#2703,#2704,#2705));
#457=EDGE_LOOP('',(#2706,#2707,#2708,#2709));
#458=EDGE_LOOP('',(#2710,#2711,#2712,#2713,#2714));
#459=EDGE_LOOP('',(#2715,#2716,#2717,#2718,#2719,#2720));
#460=EDGE_LOOP('',(#2721,#2722,#2723,#2724));
#461=EDGE_LOOP('',(#2725,#2726,#2727,#2728));
#462=EDGE_LOOP('',(#2729,#2730,#2731,#2732));
#463=EDGE_LOOP('',(#2733,#2734,#2735));
#464=EDGE_LOOP('',(#2736,#2737,#2738,#2739));
#465=EDGE_LOOP('',(#2740,#2741,#2742,#2743));
#466=EDGE_LOOP('',(#2744,#2745,#2746,#2747,#2748));
#467=EDGE_LOOP('',(#2749,#2750,#2751,#2752,#2753));
#468=EDGE_LOOP('',(#2754,#2755,#2756,#2757));
#469=EDGE_LOOP('',(#2758,#2759,#2760,#2761));
#470=EDGE_LOOP('',(#2762,#2763,#2764,#2765,#2766));
#471=EDGE_LOOP('',(#2767,#2768,#2769));
#472=EDGE_LOOP('',(#2770,#2771,#2772,#2773,#2774));
#473=EDGE_LOOP('',(#2775,#2776,#2777,#2778));
#474=EDGE_LOOP('',(#2779,#2780,#2781,#2782,#2783));
#475=EDGE_LOOP('',(#2784,#2785,#2786,#2787,#2788));
#476=EDGE_LOOP('',(#2789,#2790,#2791,#2792,#2793,#2794,#2795,#2796,#2797,
#2798,#2799));
#477=EDGE_LOOP('',(#2800,#2801,#2802,#2803,#2804,#2805,#2806));
#478=EDGE_LOOP('',(#2807,#2808,#2809,#2810,#2811,#2812));
#479=EDGE_LOOP('',(#2813,#2814,#2815,#2816,#2817));
#480=EDGE_LOOP('',(#2818,#2819,#2820,#2821));
#481=EDGE_LOOP('',(#2822,#2823,#2824,#2825,#2826));
#482=EDGE_LOOP('',(#2827,#2828,#2829,#2830,#2831,#2832));
#483=EDGE_LOOP('',(#2833,#2834,#2835,#2836));
#484=EDGE_LOOP('',(#2837,#2838,#2839,#2840));
#485=EDGE_LOOP('',(#2841,#2842,#2843,#2844));
#486=EDGE_LOOP('',(#2845,#2846,#2847));
#487=EDGE_LOOP('',(#2848,#2849,#2850,#2851));
#488=EDGE_LOOP('',(#2852,#2853,#2854,#2855));
#489=EDGE_LOOP('',(#2856,#2857,#2858,#2859,#2860));
#490=EDGE_LOOP('',(#2861,#2862,#2863,#2864,#2865));
#491=EDGE_LOOP('',(#2866,#2867,#2868,#2869));
#492=EDGE_LOOP('',(#2870,#2871,#2872,#2873));
#493=EDGE_LOOP('',(#2874,#2875,#2876,#2877,#2878));
#494=EDGE_LOOP('',(#2879,#2880,#2881));
#495=EDGE_LOOP('',(#2882,#2883,#2884,#2885,#2886));
#496=EDGE_LOOP('',(#2887,#2888,#2889,#2890));
#497=EDGE_LOOP('',(#2891,#2892,#2893,#2894,#2895));
#498=EDGE_LOOP('',(#2896,#2897,#2898,#2899,#2900));
#499=EDGE_LOOP('',(#2901,#2902,#2903,#2904,#2905,#2906,#2907,#2908,#2909,
#2910,#2911));
#500=EDGE_LOOP('',(#2912,#2913,#2914,#2915,#2916,#2917,#2918));
#501=EDGE_LOOP('',(#2919,#2920,#2921,#2922));
#502=EDGE_LOOP('',(#2923,#2924,#2925,#2926));
#503=EDGE_LOOP('',(#2927,#2928,#2929,#2930,#2931,#2932));
#504=EDGE_LOOP('',(#2933,#2934,#2935,#2936,#2937,#2938));
#505=EDGE_LOOP('',(#2939,#2940,#2941,#2942,#2943,#2944,#2945,#2946,#2947,
#2948,#2949));
#506=EDGE_LOOP('',(#2950,#2951,#2952,#2953,#2954));
#507=EDGE_LOOP('',(#2955,#2956,#2957,#2958,#2959,#2960));
#508=EDGE_LOOP('',(#2961,#2962,#2963,#2964));
#509=EDGE_LOOP('',(#2965,#2966,#2967,#2968));
#510=EDGE_LOOP('',(#2969,#2970,#2971,#2972,#2973,#2974,#2975,#2976));
#511=EDGE_LOOP('',(#2977,#2978,#2979,#2980));
#512=EDGE_LOOP('',(#2981,#2982,#2983));
#513=EDGE_LOOP('',(#2984,#2985,#2986));
#514=EDGE_LOOP('',(#2987,#2988,#2989));
#515=EDGE_LOOP('',(#2990,#2991,#2992,#2993));
#516=EDGE_LOOP('',(#2994,#2995,#2996));
#517=EDGE_LOOP('',(#2997,#2998,#2999,#3000,#3001,#3002,#3003,#3004,#3005,
#3006,#3007,#3008,#3009));
#518=EDGE_LOOP('',(#3010,#3011,#3012,#3013,#3014,#3015,#3016,#3017,#3018,
#3019,#3020,#3021,#3022));
#519=EDGE_LOOP('',(#3023,#3024,#3025,#3026));
#520=EDGE_LOOP('',(#3027,#3028,#3029,#3030));
#521=EDGE_LOOP('',(#3031,#3032,#3033,#3034,#3035));
#522=EDGE_LOOP('',(#3036,#3037,#3038,#3039,#3040));
#523=EDGE_LOOP('',(#3041,#3042,#3043,#3044));
#524=EDGE_LOOP('',(#3045,#3046,#3047,#3048));
#525=EDGE_LOOP('',(#3049,#3050,#3051,#3052));
#526=EDGE_LOOP('',(#3053,#3054,#3055,#3056));
#527=EDGE_LOOP('',(#3057,#3058,#3059,#3060,#3061,#3062,#3063));
#528=LINE('',#4270,#908);
#529=LINE('',#4277,#909);
#530=LINE('',#4340,#910);
#531=LINE('',#4344,#911);
#532=LINE('',#4405,#912);
#533=LINE('',#4481,#913);
#534=LINE('',#4490,#914);
#535=LINE('',#4492,#915);
#536=LINE('',#4494,#916);
#537=LINE('',#4495,#917);
#538=LINE('',#4498,#918);
#539=LINE('',#4500,#919);
#540=LINE('',#4502,#920);
#541=LINE('',#4504,#921);
#542=LINE('',#4506,#922);
#543=LINE('',#4508,#923);
#544=LINE('',#4510,#924);
#545=LINE('',#4512,#925);
#546=LINE('',#4514,#926);
#547=LINE('',#4516,#927);
#548=LINE('',#4518,#928);
#549=LINE('',#4520,#929);
#550=LINE('',#4521,#930);
#551=LINE('',#4524,#931);
#552=LINE('',#4526,#932);
#553=LINE('',#4528,#933);
#554=LINE('',#4530,#934);
#555=LINE('',#4532,#935);
#556=LINE('',#4534,#936);
#557=LINE('',#4536,#937);
#558=LINE('',#4538,#938);
#559=LINE('',#4540,#939);
#560=LINE('',#4542,#940);
#561=LINE('',#4544,#941);
#562=LINE('',#4545,#942);
#563=LINE('',#4548,#943);
#564=LINE('',#4550,#944);
#565=LINE('',#4552,#945);
#566=LINE('',#4554,#946);
#567=LINE('',#4556,#947);
#568=LINE('',#4558,#948);
#569=LINE('',#4560,#949);
#570=LINE('',#4562,#950);
#571=LINE('',#4564,#951);
#572=LINE('',#4566,#952);
#573=LINE('',#4568,#953);
#574=LINE('',#4570,#954);
#575=LINE('',#4571,#955);
#576=LINE('',#4574,#956);
#577=LINE('',#4576,#957);
#578=LINE('',#4578,#958);
#579=LINE('',#4580,#959);
#580=LINE('',#4582,#960);
#581=LINE('',#4584,#961);
#582=LINE('',#4586,#962);
#583=LINE('',#4588,#963);
#584=LINE('',#4590,#964);
#585=LINE('',#4592,#965);
#586=LINE('',#4594,#966);
#587=LINE('',#4595,#967);
#588=LINE('',#4599,#968);
#589=LINE('',#4606,#969);
#590=LINE('',#4623,#970);
#591=LINE('',#4637,#971);
#592=LINE('',#4650,#972);
#593=LINE('',#4664,#973);
#594=LINE('',#4672,#974);
#595=LINE('',#4674,#975);
#596=LINE('',#4676,#976);
#597=LINE('',#4678,#977);
#598=LINE('',#4679,#978);
#599=LINE('',#4684,#979);
#600=LINE('',#4686,#980);
#601=LINE('',#4688,#981);
#602=LINE('',#4689,#982);
#603=LINE('',#4695,#983);
#604=LINE('',#4696,#984);
#605=LINE('',#4701,#985);
#606=LINE('',#4703,#986);
#607=LINE('',#4704,#987);
#608=LINE('',#4707,#988);
#609=LINE('',#4709,#989);
#610=LINE('',#4711,#990);
#611=LINE('',#4713,#991);
#612=LINE('',#4715,#992);
#613=LINE('',#4716,#993);
#614=LINE('',#4720,#994);
#615=LINE('',#4722,#995);
#616=LINE('',#4724,#996);
#617=LINE('',#4725,#997);
#618=LINE('',#4727,#998);
#619=LINE('',#4729,#999);
#620=LINE('',#4730,#1000);
#621=LINE('',#4734,#1001);
#622=LINE('',#4736,#1002);
#623=LINE('',#4738,#1003);
#624=LINE('',#4739,#1004);
#625=LINE('',#4743,#1005);
#626=LINE('',#4745,#1006);
#627=LINE('',#4747,#1007);
#628=LINE('',#4748,#1008);
#629=LINE('',#4751,#1009);
#630=LINE('',#4753,#1010);
#631=LINE('',#4755,#1011);
#632=LINE('',#4762,#1012);
#633=LINE('',#4764,#1013);
#634=LINE('',#4766,#1014);
#635=LINE('',#4767,#1015);
#636=LINE('',#4770,#1016);
#637=LINE('',#4776,#1017);
#638=LINE('',#4777,#1018);
#639=LINE('',#4778,#1019);
#640=LINE('',#4780,#1020);
#641=LINE('',#4781,#1021);
#642=LINE('',#4782,#1022);
#643=LINE('',#4789,#1023);
#644=LINE('',#4790,#1024);
#645=LINE('',#4792,#1025);
#646=LINE('',#4832,#1026);
#647=LINE('',#4834,#1027);
#648=LINE('',#4835,#1028);
#649=LINE('',#4838,#1029);
#650=LINE('',#4849,#1030);
#651=LINE('',#4856,#1031);
#652=LINE('',#4867,#1032);
#653=LINE('',#4876,#1033);
#654=LINE('',#4891,#1034);
#655=LINE('',#4898,#1035);
#656=LINE('',#4909,#1036);
#657=LINE('',#4917,#1037);
#658=LINE('',#4919,#1038);
#659=LINE('',#4921,#1039);
#660=LINE('',#4932,#1040);
#661=LINE('',#4946,#1041);
#662=LINE('',#4959,#1042);
#663=LINE('',#4971,#1043);
#664=LINE('',#4978,#1044);
#665=LINE('',#4980,#1045);
#666=LINE('',#4982,#1046);
#667=LINE('',#4983,#1047);
#668=LINE('',#4986,#1048);
#669=LINE('',#4988,#1049);
#670=LINE('',#4990,#1050);
#671=LINE('',#4991,#1051);
#672=LINE('',#4994,#1052);
#673=LINE('',#4996,#1053);
#674=LINE('',#4997,#1054);
#675=LINE('',#5000,#1055);
#676=LINE('',#5002,#1056);
#677=LINE('',#5003,#1057);
#678=LINE('',#5005,#1058);
#679=LINE('',#5006,#1059);
#680=LINE('',#5008,#1060);
#681=LINE('',#5011,#1061);
#682=LINE('',#5013,#1062);
#683=LINE('',#5014,#1063);
#684=LINE('',#5017,#1064);
#685=LINE('',#5019,#1065);
#686=LINE('',#5020,#1066);
#687=LINE('',#5023,#1067);
#688=LINE('',#5025,#1068);
#689=LINE('',#5026,#1069);
#690=LINE('',#5029,#1070);
#691=LINE('',#5030,#1071);
#692=LINE('',#5034,#1072);
#693=LINE('',#5036,#1073);
#694=LINE('',#5038,#1074);
#695=LINE('',#5039,#1075);
#696=LINE('',#5042,#1076);
#697=LINE('',#5044,#1077);
#698=LINE('',#5045,#1078);
#699=LINE('',#5049,#1079);
#700=LINE('',#5051,#1080);
#701=LINE('',#5052,#1081);
#702=LINE('',#5054,#1082);
#703=LINE('',#5056,#1083);
#704=LINE('',#5058,#1084);
#705=LINE('',#5059,#1085);
#706=LINE('',#5062,#1086);
#707=LINE('',#5064,#1087);
#708=LINE('',#5065,#1088);
#709=LINE('',#5068,#1089);
#710=LINE('',#5069,#1090);
#711=LINE('',#5072,#1091);
#712=LINE('',#5073,#1092);
#713=LINE('',#5076,#1093);
#714=LINE('',#5077,#1094);
#715=LINE('',#5079,#1095);
#716=LINE('',#5080,#1096);
#717=LINE('',#5082,#1097);
#718=LINE('',#5084,#1098);
#719=LINE('',#5085,#1099);
#720=LINE('',#5087,#1100);
#721=LINE('',#5089,#1101);
#722=LINE('',#5091,#1102);
#723=LINE('',#5093,#1103);
#724=LINE('',#5095,#1104);
#725=LINE('',#5096,#1105);
#726=LINE('',#5097,#1106);
#727=LINE('',#5104,#1107);
#728=LINE('',#5106,#1108);
#729=LINE('',#5107,#1109);
#730=LINE('',#5109,#1110);
#731=LINE('',#5111,#1111);
#732=LINE('',#5113,#1112);
#733=LINE('',#5114,#1113);
#734=LINE('',#5115,#1114);
#735=LINE('',#5116,#1115);
#736=LINE('',#5123,#1116);
#737=LINE('',#5125,#1117);
#738=LINE('',#5127,#1118);
#739=LINE('',#5129,#1119);
#740=LINE('',#5130,#1120);
#741=LINE('',#5133,#1121);
#742=LINE('',#5135,#1122);
#743=LINE('',#5136,#1123);
#744=LINE('',#5138,#1124);
#745=LINE('',#5141,#1125);
#746=LINE('',#5143,#1126);
#747=LINE('',#5144,#1127);
#748=LINE('',#5146,#1128);
#749=LINE('',#5148,#1129);
#750=LINE('',#5151,#1130);
#751=LINE('',#5153,#1131);
#752=LINE('',#5154,#1132);
#753=LINE('',#5156,#1133);
#754=LINE('',#5158,#1134);
#755=LINE('',#5162,#1135);
#756=LINE('',#5167,#1136);
#757=LINE('',#5168,#1137);
#758=LINE('',#5169,#1138);
#759=LINE('',#5170,#1139);
#760=LINE('',#5172,#1140);
#761=LINE('',#5173,#1141);
#762=LINE('',#5176,#1142);
#763=LINE('',#5178,#1143);
#764=LINE('',#5180,#1144);
#765=LINE('',#5182,#1145);
#766=LINE('',#5183,#1146);
#767=LINE('',#5184,#1147);
#768=LINE('',#5188,#1148);
#769=LINE('',#5190,#1149);
#770=LINE('',#5192,#1150);
#771=LINE('',#5194,#1151);
#772=LINE('',#5196,#1152);
#773=LINE('',#5197,#1153);
#774=LINE('',#5200,#1154);
#775=LINE('',#5202,#1155);
#776=LINE('',#5204,#1156);
#777=LINE('',#5205,#1157);
#778=LINE('',#5208,#1158);
#779=LINE('',#5210,#1159);
#780=LINE('',#5211,#1160);
#781=LINE('',#5214,#1161);
#782=LINE('',#5216,#1162);
#783=LINE('',#5218,#1163);
#784=LINE('',#5219,#1164);
#785=LINE('',#5222,#1165);
#786=LINE('',#5223,#1166);
#787=LINE('',#5226,#1167);
#788=LINE('',#5227,#1168);
#789=LINE('',#5229,#1169);
#790=LINE('',#5231,#1170);
#791=LINE('',#5232,#1171);
#792=LINE('',#5236,#1172);
#793=LINE('',#5238,#1173);
#794=LINE('',#5239,#1174);
#795=LINE('',#5242,#1175);
#796=LINE('',#5243,#1176);
#797=LINE('',#5246,#1177);
#798=LINE('',#5248,#1178);
#799=LINE('',#5249,#1179);
#800=LINE('',#5252,#1180);
#801=LINE('',#5253,#1181);
#802=LINE('',#5256,#1182);
#803=LINE('',#5257,#1183);
#804=LINE('',#5260,#1184);
#805=LINE('',#5261,#1185);
#806=LINE('',#5264,#1186);
#807=LINE('',#5266,#1187);
#808=LINE('',#5267,#1188);
#809=LINE('',#5269,#1189);
#810=LINE('',#5272,#1190);
#811=LINE('',#5273,#1191);
#812=LINE('',#5276,#1192);
#813=LINE('',#5277,#1193);
#814=LINE('',#5280,#1194);
#815=LINE('',#5282,#1195);
#816=LINE('',#5283,#1196);
#817=LINE('',#5285,#1197);
#818=LINE('',#5290,#1198);
#819=LINE('',#5292,#1199);
#820=LINE('',#5294,#1200);
#821=LINE('',#5296,#1201);
#822=LINE('',#5298,#1202);
#823=LINE('',#5299,#1203);
#824=LINE('',#5302,#1204);
#825=LINE('',#5304,#1205);
#826=LINE('',#5306,#1206);
#827=LINE('',#5307,#1207);
#828=LINE('',#5310,#1208);
#829=LINE('',#5312,#1209);
#830=LINE('',#5313,#1210);
#831=LINE('',#5316,#1211);
#832=LINE('',#5318,#1212);
#833=LINE('',#5320,#1213);
#834=LINE('',#5321,#1214);
#835=LINE('',#5324,#1215);
#836=LINE('',#5325,#1216);
#837=LINE('',#5328,#1217);
#838=LINE('',#5329,#1218);
#839=LINE('',#5331,#1219);
#840=LINE('',#5333,#1220);
#841=LINE('',#5334,#1221);
#842=LINE('',#5338,#1222);
#843=LINE('',#5340,#1223);
#844=LINE('',#5341,#1224);
#845=LINE('',#5344,#1225);
#846=LINE('',#5345,#1226);
#847=LINE('',#5348,#1227);
#848=LINE('',#5350,#1228);
#849=LINE('',#5351,#1229);
#850=LINE('',#5354,#1230);
#851=LINE('',#5355,#1231);
#852=LINE('',#5358,#1232);
#853=LINE('',#5359,#1233);
#854=LINE('',#5362,#1234);
#855=LINE('',#5363,#1235);
#856=LINE('',#5366,#1236);
#857=LINE('',#5368,#1237);
#858=LINE('',#5369,#1238);
#859=LINE('',#5371,#1239);
#860=LINE('',#5374,#1240);
#861=LINE('',#5375,#1241);
#862=LINE('',#5378,#1242);
#863=LINE('',#5379,#1243);
#864=LINE('',#5382,#1244);
#865=LINE('',#5384,#1245);
#866=LINE('',#5385,#1246);
#867=LINE('',#5387,#1247);
#868=LINE('',#5390,#1248);
#869=LINE('',#5395,#1249);
#870=LINE('',#5396,#1250);
#871=LINE('',#5397,#1251);
#872=LINE('',#5398,#1252);
#873=LINE('',#5402,#1253);
#874=LINE('',#5403,#1254);
#875=LINE('',#5405,#1255);
#876=LINE('',#5407,#1256);
#877=LINE('',#5408,#1257);
#878=LINE('',#5410,#1258);
#879=LINE('',#5412,#1259);
#880=LINE('',#5413,#1260);
#881=LINE('',#5414,#1261);
#882=LINE('',#5416,#1262);
#883=LINE('',#5419,#1263);
#884=LINE('',#5421,#1264);
#885=LINE('',#5422,#1265);
#886=LINE('',#5424,#1266);
#887=LINE('',#5426,#1267);
#888=LINE('',#5429,#1268);
#889=LINE('',#5431,#1269);
#890=LINE('',#5432,#1270);
#891=LINE('',#5434,#1271);
#892=LINE('',#5439,#1272);
#893=LINE('',#5442,#1273);
#894=LINE('',#5443,#1274);
#895=LINE('',#5445,#1275);
#896=LINE('',#5446,#1276);
#897=LINE('',#5451,#1277);
#898=LINE('',#5452,#1278);
#899=LINE('',#5455,#1279);
#900=LINE('',#5456,#1280);
#901=LINE('',#5459,#1281);
#902=LINE('',#5460,#1282);
#903=LINE('',#5463,#1283);
#904=LINE('',#5464,#1284);
#905=LINE('',#5467,#1285);
#906=LINE('',#5468,#1286);
#907=LINE('',#5470,#1287);
#908=VECTOR('',#3448,1.625);
#909=VECTOR('',#3457,1.625);
#910=VECTOR('',#3472,0.999999999999999);
#911=VECTOR('',#3477,0.999999999999999);
#912=VECTOR('',#3480,2.25);
#913=VECTOR('',#3489,2.25);
#914=VECTOR('',#3498,10.);
#915=VECTOR('',#3499,10.);
#916=VECTOR('',#3500,10.);
#917=VECTOR('',#3501,10.);
#918=VECTOR('',#3504,10.);
#919=VECTOR('',#3505,10.);
#920=VECTOR('',#3506,10.);
#921=VECTOR('',#3507,10.);
#922=VECTOR('',#3508,10.);
#923=VECTOR('',#3509,10.);
#924=VECTOR('',#3510,10.);
#925=VECTOR('',#3511,10.);
#926=VECTOR('',#3512,10.);
#927=VECTOR('',#3513,10.);
#928=VECTOR('',#3514,10.);
#929=VECTOR('',#3515,10.);
#930=VECTOR('',#3516,10.);
#931=VECTOR('',#3517,10.);
#932=VECTOR('',#3518,10.);
#933=VECTOR('',#3519,10.);
#934=VECTOR('',#3520,10.);
#935=VECTOR('',#3521,10.);
#936=VECTOR('',#3522,10.);
#937=VECTOR('',#3523,10.);
#938=VECTOR('',#3524,10.);
#939=VECTOR('',#3525,10.);
#940=VECTOR('',#3526,10.);
#941=VECTOR('',#3527,10.);
#942=VECTOR('',#3528,10.);
#943=VECTOR('',#3531,10.);
#944=VECTOR('',#3532,10.);
#945=VECTOR('',#3533,10.);
#946=VECTOR('',#3534,10.);
#947=VECTOR('',#3535,10.);
#948=VECTOR('',#3536,10.);
#949=VECTOR('',#3537,10.);
#950=VECTOR('',#3538,10.);
#951=VECTOR('',#3539,10.);
#952=VECTOR('',#3540,10.);
#953=VECTOR('',#3541,10.);
#954=VECTOR('',#3542,10.);
#955=VECTOR('',#3543,10.);
#956=VECTOR('',#3544,10.);
#957=VECTOR('',#3545,10.);
#958=VECTOR('',#3546,10.);
#959=VECTOR('',#3547,10.);
#960=VECTOR('',#3548,10.);
#961=VECTOR('',#3549,10.);
#962=VECTOR('',#3550,10.);
#963=VECTOR('',#3551,10.);
#964=VECTOR('',#3552,10.);
#965=VECTOR('',#3553,10.);
#966=VECTOR('',#3554,10.);
#967=VECTOR('',#3555,10.);
#968=VECTOR('',#3558,10.);
#969=VECTOR('',#3565,10.);
#970=VECTOR('',#3574,10.);
#971=VECTOR('',#3577,10.);
#972=VECTOR('',#3582,10.);
#973=VECTOR('',#3585,10.);
#974=VECTOR('',#3594,10.);
#975=VECTOR('',#3595,10.);
#976=VECTOR('',#3596,10.);
#977=VECTOR('',#3597,10.);
#978=VECTOR('',#3598,10.);
#979=VECTOR('',#3603,10.);
#980=VECTOR('',#3604,10.);
#981=VECTOR('',#3605,10.);
#982=VECTOR('',#3606,10.);
#983=VECTOR('',#3611,10.);
#984=VECTOR('',#3612,10.);
#985=VECTOR('',#3617,10.);
#986=VECTOR('',#3618,10.);
#987=VECTOR('',#3619,10.);
#988=VECTOR('',#3622,10.);
#989=VECTOR('',#3623,10.);
#990=VECTOR('',#3624,10.);
#991=VECTOR('',#3625,10.);
#992=VECTOR('',#3626,10.);
#993=VECTOR('',#3627,10.);
#994=VECTOR('',#3630,10.);
#995=VECTOR('',#3631,10.);
#996=VECTOR('',#3632,10.);
#997=VECTOR('',#3633,10.);
#998=VECTOR('',#3634,10.);
#999=VECTOR('',#3635,10.);
#1000=VECTOR('',#3636,10.);
#1001=VECTOR('',#3639,10.);
#1002=VECTOR('',#3640,10.);
#1003=VECTOR('',#3641,10.);
#1004=VECTOR('',#3642,10.);
#1005=VECTOR('',#3645,10.);
#1006=VECTOR('',#3646,10.);
#1007=VECTOR('',#3647,10.);
#1008=VECTOR('',#3648,10.);
#1009=VECTOR('',#3651,10.);
#1010=VECTOR('',#3652,10.);
#1011=VECTOR('',#3653,10.);
#1012=VECTOR('',#3660,10.);
#1013=VECTOR('',#3661,10.);
#1014=VECTOR('',#3662,10.);
#1015=VECTOR('',#3663,10.);
#1016=VECTOR('',#3666,10.);
#1017=VECTOR('',#3671,10.);
#1018=VECTOR('',#3672,10.);
#1019=VECTOR('',#3673,10.);
#1020=VECTOR('',#3676,10.);
#1021=VECTOR('',#3677,10.);
#1022=VECTOR('',#3678,10.);
#1023=VECTOR('',#3685,10.);
#1024=VECTOR('',#3686,10.);
#1025=VECTOR('',#3689,10.);
#1026=VECTOR('',#3702,10.);
#1027=VECTOR('',#3703,10.);
#1028=VECTOR('',#3704,10.);
#1029=VECTOR('',#3707,10.);
#1030=VECTOR('',#3710,10.);
#1031=VECTOR('',#3713,10.);
#1032=VECTOR('',#3716,10.);
#1033=VECTOR('',#3721,10.);
#1034=VECTOR('',#3730,10.);
#1035=VECTOR('',#3733,10.);
#1036=VECTOR('',#3736,10.);
#1037=VECTOR('',#3743,10.);
#1038=VECTOR('',#3746,10.);
#1039=VECTOR('',#3749,10.);
#1040=VECTOR('',#3750,10.);
#1041=VECTOR('',#3753,10.);
#1042=VECTOR('',#3758,10.);
#1043=VECTOR('',#3761,10.);
#1044=VECTOR('',#3770,10.);
#1045=VECTOR('',#3771,10.);
#1046=VECTOR('',#3772,10.);
#1047=VECTOR('',#3773,10.);
#1048=VECTOR('',#3776,10.);
#1049=VECTOR('',#3777,10.);
#1050=VECTOR('',#3778,10.);
#1051=VECTOR('',#3779,10.);
#1052=VECTOR('',#3782,10.);
#1053=VECTOR('',#3783,10.);
#1054=VECTOR('',#3784,10.);
#1055=VECTOR('',#3787,10.);
#1056=VECTOR('',#3788,10.);
#1057=VECTOR('',#3789,10.);
#1058=VECTOR('',#3790,10.);
#1059=VECTOR('',#3791,10.);
#1060=VECTOR('',#3794,10.);
#1061=VECTOR('',#3797,10.);
#1062=VECTOR('',#3798,10.);
#1063=VECTOR('',#3799,10.);
#1064=VECTOR('',#3802,10.);
#1065=VECTOR('',#3803,10.);
#1066=VECTOR('',#3804,10.);
#1067=VECTOR('',#3807,10.);
#1068=VECTOR('',#3808,10.);
#1069=VECTOR('',#3809,10.);
#1070=VECTOR('',#3812,10.);
#1071=VECTOR('',#3813,10.);
#1072=VECTOR('',#3816,10.);
#1073=VECTOR('',#3817,10.);
#1074=VECTOR('',#3818,10.);
#1075=VECTOR('',#3819,10.);
#1076=VECTOR('',#3822,10.);
#1077=VECTOR('',#3823,10.);
#1078=VECTOR('',#3824,10.);
#1079=VECTOR('',#3827,10.);
#1080=VECTOR('',#3828,10.);
#1081=VECTOR('',#3829,10.);
#1082=VECTOR('',#3830,10.);
#1083=VECTOR('',#3831,10.);
#1084=VECTOR('',#3832,10.);
#1085=VECTOR('',#3833,10.);
#1086=VECTOR('',#3836,10.);
#1087=VECTOR('',#3837,10.);
#1088=VECTOR('',#3838,10.);
#1089=VECTOR('',#3841,10.);
#1090=VECTOR('',#3842,10.);
#1091=VECTOR('',#3845,10.);
#1092=VECTOR('',#3846,10.);
#1093=VECTOR('',#3849,10.);
#1094=VECTOR('',#3850,10.);
#1095=VECTOR('',#3851,10.);
#1096=VECTOR('',#3852,10.);
#1097=VECTOR('',#3853,10.);
#1098=VECTOR('',#3854,10.);
#1099=VECTOR('',#3855,10.);
#1100=VECTOR('',#3856,10.);
#1101=VECTOR('',#3857,10.);
#1102=VECTOR('',#3858,10.);
#1103=VECTOR('',#3859,10.);
#1104=VECTOR('',#3860,10.);
#1105=VECTOR('',#3861,10.);
#1106=VECTOR('',#3862,10.);
#1107=VECTOR('',#3869,10.);
#1108=VECTOR('',#3870,10.);
#1109=VECTOR('',#3871,10.);
#1110=VECTOR('',#3874,10.);
#1111=VECTOR('',#3875,10.);
#1112=VECTOR('',#3876,10.);
#1113=VECTOR('',#3877,10.);
#1114=VECTOR('',#3878,10.);
#1115=VECTOR('',#3879,10.);
#1116=VECTOR('',#3886,10.);
#1117=VECTOR('',#3887,10.);
#1118=VECTOR('',#3888,10.);
#1119=VECTOR('',#3889,10.);
#1120=VECTOR('',#3890,10.);
#1121=VECTOR('',#3893,10.);
#1122=VECTOR('',#3894,10.);
#1123=VECTOR('',#3895,10.);
#1124=VECTOR('',#3898,10.);
#1125=VECTOR('',#3901,10.);
#1126=VECTOR('',#3902,10.);
#1127=VECTOR('',#3903,10.);
#1128=VECTOR('',#3906,10.);
#1129=VECTOR('',#3909,10.);
#1130=VECTOR('',#3914,10.);
#1131=VECTOR('',#3915,10.);
#1132=VECTOR('',#3916,10.);
#1133=VECTOR('',#3919,10.);
#1134=VECTOR('',#3922,10.);
#1135=VECTOR('',#3929,10.);
#1136=VECTOR('',#3936,10.);
#1137=VECTOR('',#3937,10.);
#1138=VECTOR('',#3938,10.);
#1139=VECTOR('',#3939,10.);
#1140=VECTOR('',#3940,10.);
#1141=VECTOR('',#3941,10.);
#1142=VECTOR('',#3944,10.);
#1143=VECTOR('',#3945,10.);
#1144=VECTOR('',#3946,10.);
#1145=VECTOR('',#3947,10.);
#1146=VECTOR('',#3948,10.);
#1147=VECTOR('',#3949,10.);
#1148=VECTOR('',#3952,10.);
#1149=VECTOR('',#3953,10.);
#1150=VECTOR('',#3954,10.);
#1151=VECTOR('',#3955,10.);
#1152=VECTOR('',#3956,10.);
#1153=VECTOR('',#3957,10.);
#1154=VECTOR('',#3960,10.);
#1155=VECTOR('',#3961,10.);
#1156=VECTOR('',#3962,10.);
#1157=VECTOR('',#3963,10.);
#1158=VECTOR('',#3966,10.);
#1159=VECTOR('',#3967,10.);
#1160=VECTOR('',#3968,10.);
#1161=VECTOR('',#3971,10.);
#1162=VECTOR('',#3972,10.);
#1163=VECTOR('',#3973,10.);
#1164=VECTOR('',#3974,10.);
#1165=VECTOR('',#3977,10.);
#1166=VECTOR('',#3978,10.);
#1167=VECTOR('',#3981,10.);
#1168=VECTOR('',#3982,10.);
#1169=VECTOR('',#3985,10.);
#1170=VECTOR('',#3988,10.);
#1171=VECTOR('',#3989,10.);
#1172=VECTOR('',#3994,10.);
#1173=VECTOR('',#3995,10.);
#1174=VECTOR('',#3996,10.);
#1175=VECTOR('',#3999,10.);
#1176=VECTOR('',#4000,10.);
#1177=VECTOR('',#4003,10.);
#1178=VECTOR('',#4004,10.);
#1179=VECTOR('',#4005,10.);
#1180=VECTOR('',#4008,10.);
#1181=VECTOR('',#4009,10.);
#1182=VECTOR('',#4012,10.);
#1183=VECTOR('',#4013,10.);
#1184=VECTOR('',#4016,10.);
#1185=VECTOR('',#4017,10.);
#1186=VECTOR('',#4020,10.);
#1187=VECTOR('',#4021,10.);
#1188=VECTOR('',#4022,10.);
#1189=VECTOR('',#4025,10.);
#1190=VECTOR('',#4028,10.);
#1191=VECTOR('',#4029,10.);
#1192=VECTOR('',#4032,10.);
#1193=VECTOR('',#4033,10.);
#1194=VECTOR('',#4036,10.);
#1195=VECTOR('',#4037,10.);
#1196=VECTOR('',#4038,10.);
#1197=VECTOR('',#4041,10.);
#1198=VECTOR('',#4046,10.);
#1199=VECTOR('',#4047,10.);
#1200=VECTOR('',#4048,10.);
#1201=VECTOR('',#4049,10.);
#1202=VECTOR('',#4050,10.);
#1203=VECTOR('',#4051,10.);
#1204=VECTOR('',#4054,10.);
#1205=VECTOR('',#4055,10.);
#1206=VECTOR('',#4056,10.);
#1207=VECTOR('',#4057,10.);
#1208=VECTOR('',#4060,10.);
#1209=VECTOR('',#4061,10.);
#1210=VECTOR('',#4062,10.);
#1211=VECTOR('',#4065,10.);
#1212=VECTOR('',#4066,10.);
#1213=VECTOR('',#4067,10.);
#1214=VECTOR('',#4068,10.);
#1215=VECTOR('',#4071,10.);
#1216=VECTOR('',#4072,10.);
#1217=VECTOR('',#4075,10.);
#1218=VECTOR('',#4076,10.);
#1219=VECTOR('',#4079,10.);
#1220=VECTOR('',#4082,10.);
#1221=VECTOR('',#4083,10.);
#1222=VECTOR('',#4088,10.);
#1223=VECTOR('',#4089,10.);
#1224=VECTOR('',#4090,10.);
#1225=VECTOR('',#4093,10.);
#1226=VECTOR('',#4094,10.);
#1227=VECTOR('',#4097,10.);
#1228=VECTOR('',#4098,10.);
#1229=VECTOR('',#4099,10.);
#1230=VECTOR('',#4102,10.);
#1231=VECTOR('',#4103,10.);
#1232=VECTOR('',#4106,10.);
#1233=VECTOR('',#4107,10.);
#1234=VECTOR('',#4110,10.);
#1235=VECTOR('',#4111,10.);
#1236=VECTOR('',#4114,10.);
#1237=VECTOR('',#4115,10.);
#1238=VECTOR('',#4116,10.);
#1239=VECTOR('',#4119,10.);
#1240=VECTOR('',#4122,10.);
#1241=VECTOR('',#4123,10.);
#1242=VECTOR('',#4126,10.);
#1243=VECTOR('',#4127,10.);
#1244=VECTOR('',#4130,10.);
#1245=VECTOR('',#4131,10.);
#1246=VECTOR('',#4132,10.);
#1247=VECTOR('',#4135,10.);
#1248=VECTOR('',#4140,10.);
#1249=VECTOR('',#4145,10.);
#1250=VECTOR('',#4146,10.);
#1251=VECTOR('',#4147,10.);
#1252=VECTOR('',#4148,10.);
#1253=VECTOR('',#4151,10.);
#1254=VECTOR('',#4152,10.);
#1255=VECTOR('',#4153,10.);
#1256=VECTOR('',#4154,10.);
#1257=VECTOR('',#4155,10.);
#1258=VECTOR('',#4158,10.);
#1259=VECTOR('',#4159,10.);
#1260=VECTOR('',#4160,10.);
#1261=VECTOR('',#4161,10.);
#1262=VECTOR('',#4164,10.);
#1263=VECTOR('',#4167,10.);
#1264=VECTOR('',#4168,10.);
#1265=VECTOR('',#4169,10.);
#1266=VECTOR('',#4172,10.);
#1267=VECTOR('',#4175,10.);
#1268=VECTOR('',#4178,10.);
#1269=VECTOR('',#4179,10.);
#1270=VECTOR('',#4180,10.);
#1271=VECTOR('',#4183,10.);
#1272=VECTOR('',#4192,10.);
#1273=VECTOR('',#4197,2.75);
#1274=VECTOR('',#4198,2.75);
#1275=VECTOR('',#4201,2.75);
#1276=VECTOR('',#4202,2.75);
#1277=VECTOR('',#4209,10.);
#1278=VECTOR('',#4210,10.);
#1279=VECTOR('',#4213,10.);
#1280=VECTOR('',#4214,10.);
#1281=VECTOR('',#4217,10.);
#1282=VECTOR('',#4218,10.);
#1283=VECTOR('',#4221,10.);
#1284=VECTOR('',#4222,10.);
#1285=VECTOR('',#4225,10.);
#1286=VECTOR('',#4226,10.);
#1287=VECTOR('',#4229,10.);
#1288=CIRCLE('',#3236,2.25);
#1289=CIRCLE('',#3237,2.25);
#1290=CIRCLE('',#3238,0.999999999999999);
#1291=CIRCLE('',#3239,2.25);
#1292=CIRCLE('',#3241,0.999999999999999);
#1293=CIRCLE('',#3242,2.25);
#1294=CIRCLE('',#3243,2.25);
#1295=CIRCLE('',#3244,2.25);
#1296=CIRCLE('',#3248,0.999999999999999);
#1297=CIRCLE('',#3250,0.999999999999999);
#1298=CIRCLE('',#3252,2.25);
#1299=CIRCLE('',#3254,2.25);
#1300=CIRCLE('',#3256,2.25);
#1301=CIRCLE('',#3258,2.25);
#1302=CIRCLE('',#3269,11.6499999999999);
#1303=CIRCLE('',#3272,11.6499999999999);
#1304=CIRCLE('',#3275,11.6499999999998);
#1305=CIRCLE('',#3307,11.6500000000001);
#1306=CIRCLE('',#3309,11.6500000000002);
#1307=CIRCLE('',#3311,11.6500000000002);
#1308=CIRCLE('',#3312,11.6500000000002);
#1309=CIRCLE('',#3315,11.6500000000002);
#1310=CIRCLE('',#3317,11.6500000000002);
#1311=CIRCLE('',#3319,11.6500000000001);
#1312=CIRCLE('',#3325,11.6499999999999);
#1313=CIRCLE('',#3328,11.6499999999999);
#1314=CIRCLE('',#3346,2.75);
#1315=CIRCLE('',#3347,2.75);
#1316=CIRCLE('',#3350,2.75);
#1317=CIRCLE('',#3351,2.75);
#1318=B_SPLINE_CURVE_WITH_KNOTS('',3,(#4236,#4237,#4238,#4239,#4240,#4241,
#4242,#4243,#4244,#4245,#4246,#4247,#4248,#4249),.UNSPECIFIED.,.F.,.F.,
(4,2,2,2,2,2,4),(3.4411250338422,3.46835195744335,3.51346534586457,3.56602277633988,
3.67210126299026,3.72514050631545,3.7521371531971),.UNSPECIFIED.);
#1319=B_SPLINE_CURVE_WITH_KNOTS('',3,(#4253,#4254,#4255,#4256,#4257,#4258,
#4259,#4260,#4261,#4262,#4263,#4264,#4265,#4266),.UNSPECIFIED.,.F.,.F.,
(4,2,2,2,2,2,4),(3.80422234608418,3.83121899296583,3.88425823629102,3.99033672294139,
4.04289415341671,4.08800754183792,4.11523446543908),.UNSPECIFIED.);
#1320=B_SPLINE_CURVE_WITH_KNOTS('',3,(#4281,#4282,#4283,#4284,#4285,#4286,
#4287,#4288,#4289,#4290),.UNSPECIFIED.,.F.,.F.,(4,2,2,2,4),(0.355176062811466,
0.356628823382274,0.462707310032651,0.51574655335784,0.542743200239494),
 .UNSPECIFIED.);
#1321=B_SPLINE_CURVE_WITH_KNOTS('',3,(#4292,#4293,#4294,#4295,#4296,#4297,
#4298,#4299),.UNSPECIFIED.,.F.,.F.,(4,2,2,4),(0.231731080884588,0.258958004485744,
0.304071392906961,0.355176062811466),.UNSPECIFIED.);
#1322=B_SPLINE_CURVE_WITH_KNOTS('',3,(#4303,#4304,#4305,#4306,#4307,#4308,
#4309,#4310),.UNSPECIFIED.,.F.,.F.,(4,2,2,4),(0.782395530554592,0.833500200459098,
0.878613588880316,0.905840512481471),.UNSPECIFIED.);
#1323=B_SPLINE_CURVE_WITH_KNOTS('',3,(#4312,#4313,#4314,#4315,#4316,#4317,
#4318,#4319,#4320,#4321),.UNSPECIFIED.,.F.,.F.,(4,2,2,2,4),(0.594828393126564,
0.621825040008218,0.674864283333407,0.780942769983784,0.782395530554592),
 .UNSPECIFIED.);
#1324=B_SPLINE_CURVE_WITH_KNOTS('',3,(#4324,#4325,#4326,#4327,#4328,#4329),
 .UNSPECIFIED.,.F.,.F.,(4,2,4),(1.97453859626376,1.99925967304603,2.0239807498283),
 .UNSPECIFIED.);
#1325=B_SPLINE_CURVE_WITH_KNOTS('',3,(#4331,#4332,#4333,#4334,#4335,#4336),
 .UNSPECIFIED.,.F.,.F.,(4,2,4),(0.641698814233077,0.666419891015344,0.691140967797612),
 .UNSPECIFIED.);
#1326=B_SPLINE_CURVE_WITH_KNOTS('',3,(#4347,#4348,#4349,#4350,#4351,#4352,
#4353,#4354,#4355,#4356,#4357,#4358,#4359,#4360,#4361,#4362,#4363,#4364,
#4365,#4366,#4367,#4368,#4369),.UNSPECIFIED.,.F.,.F.,(4,2,2,2,3,2,2,2,2,
2,4),(-0.319608002679732,-0.275047585572071,-0.137523792786035,-0.0687618963930174,
0.,0.0687618963930177,0.137523792786035,0.275047585572071,0.341359882347725,
0.407672179123378,0.437319674741783),.UNSPECIFIED.);
#1327=B_SPLINE_CURVE_WITH_KNOTS('',3,(#4371,#4372,#4373,#4374,#4375,#4376,
#4377,#4378,#4379,#4380,#4381,#4382,#4383,#4384,#4385,#4386,#4387,#4388,
#4389,#4390,#4391,#4392),.UNSPECIFIED.,.F.,.F.,(4,2,2,2,2,2,2,2,2,2,4),
(0.895520107288903,0.925167602907308,0.991479899682961,1.05779219645862,
1.19531598924465,1.26407788563767,1.33283978203069,1.4016016784237,1.47036357481672,
1.60788736760276,1.65244778469627),.UNSPECIFIED.);
#1328=B_SPLINE_CURVE_WITH_KNOTS('',3,(#4394,#4395,#4396,#4397,#4398,#4399,
#4400,#4401,#4402,#4403),.UNSPECIFIED.,.F.,.F.,(4,2,2,2,4),(0.666419891015343,
0.731641167652319,0.796862444289296,0.861015023598302,0.895520107288903),
 .UNSPECIFIED.);
#1329=B_SPLINE_CURVE_WITH_KNOTS('',3,(#4411,#4412,#4413,#4414,#4415,#4416,
#4417,#4418,#4419,#4420),.UNSPECIFIED.,.F.,.F.,(4,2,2,2,4),(0.437319674741783,
0.471824758432384,0.53597733774139,0.601198614378366,0.666419891015343),
 .UNSPECIFIED.);
#1330=B_SPLINE_CURVE_WITH_KNOTS('',3,(#4423,#4424,#4425,#4426,#4427,#4428,
#4429,#4430,#4431,#4432,#4433,#4434,#4435,#4436,#4437,#4438,#4439,#4440,
#4441,#4442,#4443,#4444,#4445,#4446,#4447,#4448,#4449,#4450),
 .UNSPECIFIED.,.F.,.F.,(4,2,2,2,2,2,2,2,2,2,2,2,2,4),(-1.65244778471042,
-1.60788736760276,-1.47036357481672,-1.40160167842371,-1.33283978203069,
-1.26407788563767,-1.19531598924465,-1.05779219645862,-0.991479899682963,
-0.925167602907309,-0.861015023598303,-0.796862444289297,-0.731641167652321,
-0.666419891015344),.UNSPECIFIED.);
#1331=B_SPLINE_CURVE_WITH_KNOTS('',3,(#4451,#4452,#4453,#4454,#4455,#4456,
#4457,#4458,#4459,#4460,#4461,#4462,#4463,#4464,#4465,#4466,#4467,#4468,
#4469,#4470,#4471,#4472,#4473,#4474,#4475,#4476,#4477,#4478,#4479),
 .UNSPECIFIED.,.F.,.F.,(4,2,2,2,2,2,2,2,2,3,2,2,2,4),(-0.666419891015344,
-0.601198614378367,-0.535977337741391,-0.471824758432385,-0.407672179123379,
-0.341359882347724,-0.27504758557207,-0.137523792786035,-0.0687618963930174,
0.,0.0687618963930174,0.137523792786035,0.27504758557207,0.319608002665583),
 .UNSPECIFIED.);
#1332=B_SPLINE_CURVE_WITH_KNOTS('',3,(#4624,#4625,#4626,#4627,#4628,#4629),
 .UNSPECIFIED.,.F.,.F.,(4,2,4),(-0.104134260887313,-0.0583130464288553,
0.),.UNSPECIFIED.);
#1333=B_SPLINE_CURVE_WITH_KNOTS('',3,(#4630,#4631,#4632,#4633),
 .UNSPECIFIED.,.F.,.F.,(4,4),(-0.115642845096889,0.),.UNSPECIFIED.);
#1334=B_SPLINE_CURVE_WITH_KNOTS('',3,(#4651,#4652,#4653,#4654,#4655,#4656),
 .UNSPECIFIED.,.F.,.F.,(4,2,4),(-0.0648531874563562,-0.0285957466955399,
0.),.UNSPECIFIED.);
#1335=B_SPLINE_CURVE_WITH_KNOTS('',3,(#4657,#4658,#4659,#4660),
 .UNSPECIFIED.,.F.,.F.,(4,4),(-0.076801228943379,-7.32795096097344E-17),
 .UNSPECIFIED.);
#1336=B_SPLINE_CURVE_WITH_KNOTS('',3,(#4797,#4798,#4799,#4800,#4801,#4802),
 .UNSPECIFIED.,.F.,.F.,(4,2,4),(-0.101595101781509,-0.0568700756992109,
0.),.UNSPECIFIED.);
#1337=B_SPLINE_CURVE_WITH_KNOTS('',3,(#4806,#4807,#4808,#4809,#4810,#4811),
 .UNSPECIFIED.,.F.,.F.,(4,2,4),(-0.0637547482577298,-0.0280853289480628,
0.),.UNSPECIFIED.);
#1338=B_SPLINE_CURVE_WITH_KNOTS('',3,(#4815,#4816,#4817,#4818,#4819,#4820),
 .UNSPECIFIED.,.F.,.F.,(4,2,4),(-0.0670361307943147,-0.0374948643526856,
0.),.UNSPECIFIED.);
#1339=B_SPLINE_CURVE_WITH_KNOTS('',3,(#4824,#4825,#4826,#4827,#4828,#4829),
 .UNSPECIFIED.,.F.,.F.,(4,2,4),(-0.0965005472822199,-0.0424283861825266,
0.),.UNSPECIFIED.);
#1340=B_SPLINE_CURVE_WITH_KNOTS('',3,(#4850,#4851,#4852,#4853),
 .UNSPECIFIED.,.F.,.F.,(4,4),(-0.115641046845084,0.),.UNSPECIFIED.);
#1341=B_SPLINE_CURVE_WITH_KNOTS('',3,(#4868,#4869,#4870,#4871),
 .UNSPECIFIED.,.F.,.F.,(4,4),(-0.0768008431766674,0.),.UNSPECIFIED.);
#1342=B_SPLINE_CURVE_WITH_KNOTS('',3,(#4892,#4893,#4894,#4895),
 .UNSPECIFIED.,.F.,.F.,(4,4),(0.,0.0768008431766674),.UNSPECIFIED.);
#1343=B_SPLINE_CURVE_WITH_KNOTS('',3,(#4910,#4911,#4912,#4913),
 .UNSPECIFIED.,.F.,.F.,(4,4),(0.,0.115641046845084),.UNSPECIFIED.);
#1344=B_SPLINE_CURVE_WITH_KNOTS('',3,(#4933,#4934,#4935,#4936,#4937,#4938),
 .UNSPECIFIED.,.F.,.F.,(4,2,4),(-0.068173077023348,-0.0380868331432669,
0.),.UNSPECIFIED.);
#1345=B_SPLINE_CURVE_WITH_KNOTS('',3,(#4939,#4940,#4941,#4942),
 .UNSPECIFIED.,.F.,.F.,(4,4),(7.32795096097344E-17,0.076801228943379),
 .UNSPECIFIED.);
#1346=B_SPLINE_CURVE_WITH_KNOTS('',3,(#4960,#4961,#4962,#4963,#4964,#4965),
 .UNSPECIFIED.,.F.,.F.,(4,2,4),(-0.0988712922580114,-0.0433666643250536,
0.),.UNSPECIFIED.);
#1347=B_SPLINE_CURVE_WITH_KNOTS('',3,(#4966,#4967,#4968,#4969),
 .UNSPECIFIED.,.F.,.F.,(4,4),(0.,0.115642845096889),.UNSPECIFIED.);
#1348=VERTEX_POINT('',#4234);
#1349=VERTEX_POINT('',#4235);
#1350=VERTEX_POINT('',#4250);
#1351=VERTEX_POINT('',#4252);
#1352=VERTEX_POINT('',#4267);
#1353=VERTEX_POINT('',#4269);
#1354=VERTEX_POINT('',#4274);
#1355=VERTEX_POINT('',#4276);
#1356=VERTEX_POINT('',#4278);
#1357=VERTEX_POINT('',#4280);
#1358=VERTEX_POINT('',#4291);
#1359=VERTEX_POINT('',#4300);
#1360=VERTEX_POINT('',#4302);
#1361=VERTEX_POINT('',#4311);
#1362=VERTEX_POINT('',#4338);
#1363=VERTEX_POINT('',#4342);
#1364=VERTEX_POINT('',#4346);
#1365=VERTEX_POINT('',#4370);
#1366=VERTEX_POINT('',#4393);
#1367=VERTEX_POINT('',#4404);
#1368=VERTEX_POINT('',#4406);
#1369=VERTEX_POINT('',#4408);
#1370=VERTEX_POINT('',#4422);
#1371=VERTEX_POINT('',#4480);
#1372=VERTEX_POINT('',#4482);
#1373=VERTEX_POINT('',#4484);
#1374=VERTEX_POINT('',#4488);
#1375=VERTEX_POINT('',#4489);
#1376=VERTEX_POINT('',#4491);
#1377=VERTEX_POINT('',#4493);
#1378=VERTEX_POINT('',#4497);
#1379=VERTEX_POINT('',#4499);
#1380=VERTEX_POINT('',#4501);
#1381=VERTEX_POINT('',#4503);
#1382=VERTEX_POINT('',#4505);
#1383=VERTEX_POINT('',#4507);
#1384=VERTEX_POINT('',#4509);
#1385=VERTEX_POINT('',#4511);
#1386=VERTEX_POINT('',#4513);
#1387=VERTEX_POINT('',#4515);
#1388=VERTEX_POINT('',#4517);
#1389=VERTEX_POINT('',#4519);
#1390=VERTEX_POINT('',#4522);
#1391=VERTEX_POINT('',#4523);
#1392=VERTEX_POINT('',#4525);
#1393=VERTEX_POINT('',#4527);
#1394=VERTEX_POINT('',#4529);
#1395=VERTEX_POINT('',#4531);
#1396=VERTEX_POINT('',#4533);
#1397=VERTEX_POINT('',#4535);
#1398=VERTEX_POINT('',#4537);
#1399=VERTEX_POINT('',#4539);
#1400=VERTEX_POINT('',#4541);
#1401=VERTEX_POINT('',#4543);
#1402=VERTEX_POINT('',#4547);
#1403=VERTEX_POINT('',#4549);
#1404=VERTEX_POINT('',#4551);
#1405=VERTEX_POINT('',#4553);
#1406=VERTEX_POINT('',#4555);
#1407=VERTEX_POINT('',#4557);
#1408=VERTEX_POINT('',#4559);
#1409=VERTEX_POINT('',#4561);
#1410=VERTEX_POINT('',#4563);
#1411=VERTEX_POINT('',#4565);
#1412=VERTEX_POINT('',#4567);
#1413=VERTEX_POINT('',#4569);
#1414=VERTEX_POINT('',#4572);
#1415=VERTEX_POINT('',#4573);
#1416=VERTEX_POINT('',#4575);
#1417=VERTEX_POINT('',#4577);
#1418=VERTEX_POINT('',#4579);
#1419=VERTEX_POINT('',#4581);
#1420=VERTEX_POINT('',#4583);
#1421=VERTEX_POINT('',#4585);
#1422=VERTEX_POINT('',#4587);
#1423=VERTEX_POINT('',#4589);
#1424=VERTEX_POINT('',#4591);
#1425=VERTEX_POINT('',#4593);
#1426=VERTEX_POINT('',#4597);
#1427=VERTEX_POINT('',#4598);
#1428=VERTEX_POINT('',#4600);
#1429=VERTEX_POINT('',#4604);
#1430=VERTEX_POINT('',#4605);
#1431=VERTEX_POINT('',#4607);
#1432=VERTEX_POINT('',#4610);
#1433=VERTEX_POINT('',#4621);
#1434=VERTEX_POINT('',#4622);
#1435=VERTEX_POINT('',#4635);
#1436=VERTEX_POINT('',#4636);
#1437=VERTEX_POINT('',#4648);
#1438=VERTEX_POINT('',#4649);
#1439=VERTEX_POINT('',#4662);
#1440=VERTEX_POINT('',#4663);
#1441=VERTEX_POINT('',#4668);
#1442=VERTEX_POINT('',#4669);
#1443=VERTEX_POINT('',#4671);
#1444=VERTEX_POINT('',#4673);
#1445=VERTEX_POINT('',#4675);
#1446=VERTEX_POINT('',#4677);
#1447=VERTEX_POINT('',#4681);
#1448=VERTEX_POINT('',#4683);
#1449=VERTEX_POINT('',#4685);
#1450=VERTEX_POINT('',#4687);
#1451=VERTEX_POINT('',#4691);
#1452=VERTEX_POINT('',#4692);
#1453=VERTEX_POINT('',#4694);
#1454=VERTEX_POINT('',#4698);
#1455=VERTEX_POINT('',#4700);
#1456=VERTEX_POINT('',#4702);
#1457=VERTEX_POINT('',#4706);
#1458=VERTEX_POINT('',#4708);
#1459=VERTEX_POINT('',#4710);
#1460=VERTEX_POINT('',#4712);
#1461=VERTEX_POINT('',#4714);
#1462=VERTEX_POINT('',#4718);
#1463=VERTEX_POINT('',#4719);
#1464=VERTEX_POINT('',#4721);
#1465=VERTEX_POINT('',#4723);
#1466=VERTEX_POINT('',#4726);
#1467=VERTEX_POINT('',#4728);
#1468=VERTEX_POINT('',#4732);
#1469=VERTEX_POINT('',#4733);
#1470=VERTEX_POINT('',#4735);
#1471=VERTEX_POINT('',#4737);
#1472=VERTEX_POINT('',#4741);
#1473=VERTEX_POINT('',#4742);
#1474=VERTEX_POINT('',#4744);
#1475=VERTEX_POINT('',#4746);
#1476=VERTEX_POINT('',#4750);
#1477=VERTEX_POINT('',#4752);
#1478=VERTEX_POINT('',#4754);
#1479=VERTEX_POINT('',#4758);
#1480=VERTEX_POINT('',#4759);
#1481=VERTEX_POINT('',#4761);
#1482=VERTEX_POINT('',#4763);
#1483=VERTEX_POINT('',#4765);
#1484=VERTEX_POINT('',#4769);
#1485=VERTEX_POINT('',#4771);
#1486=VERTEX_POINT('',#4773);
#1487=VERTEX_POINT('',#4775);
#1488=VERTEX_POINT('',#4784);
#1489=VERTEX_POINT('',#4786);
#1490=VERTEX_POINT('',#4788);
#1491=VERTEX_POINT('',#4794);
#1492=VERTEX_POINT('',#4796);
#1493=VERTEX_POINT('',#4803);
#1494=VERTEX_POINT('',#4805);
#1495=VERTEX_POINT('',#4812);
#1496=VERTEX_POINT('',#4814);
#1497=VERTEX_POINT('',#4821);
#1498=VERTEX_POINT('',#4823);
#1499=VERTEX_POINT('',#4831);
#1500=VERTEX_POINT('',#4833);
#1501=VERTEX_POINT('',#4837);
#1502=VERTEX_POINT('',#4848);
#1503=VERTEX_POINT('',#4855);
#1504=VERTEX_POINT('',#4866);
#1505=VERTEX_POINT('',#4873);
#1506=VERTEX_POINT('',#4875);
#1507=VERTEX_POINT('',#4879);
#1508=VERTEX_POINT('',#4890);
#1509=VERTEX_POINT('',#4897);
#1510=VERTEX_POINT('',#4908);
#1511=VERTEX_POINT('',#4930);
#1512=VERTEX_POINT('',#4931);
#1513=VERTEX_POINT('',#4944);
#1514=VERTEX_POINT('',#4945);
#1515=VERTEX_POINT('',#4957);
#1516=VERTEX_POINT('',#4958);
#1517=VERTEX_POINT('',#4976);
#1518=VERTEX_POINT('',#4977);
#1519=VERTEX_POINT('',#4979);
#1520=VERTEX_POINT('',#4981);
#1521=VERTEX_POINT('',#4985);
#1522=VERTEX_POINT('',#4987);
#1523=VERTEX_POINT('',#4989);
#1524=VERTEX_POINT('',#4993);
#1525=VERTEX_POINT('',#4995);
#1526=VERTEX_POINT('',#4999);
#1527=VERTEX_POINT('',#5001);
#1528=VERTEX_POINT('',#5004);
#1529=VERTEX_POINT('',#5010);
#1530=VERTEX_POINT('',#5012);
#1531=VERTEX_POINT('',#5016);
#1532=VERTEX_POINT('',#5018);
#1533=VERTEX_POINT('',#5022);
#1534=VERTEX_POINT('',#5024);
#1535=VERTEX_POINT('',#5028);
#1536=VERTEX_POINT('',#5032);
#1537=VERTEX_POINT('',#5033);
#1538=VERTEX_POINT('',#5035);
#1539=VERTEX_POINT('',#5037);
#1540=VERTEX_POINT('',#5041);
#1541=VERTEX_POINT('',#5043);
#1542=VERTEX_POINT('',#5047);
#1543=VERTEX_POINT('',#5048);
#1544=VERTEX_POINT('',#5050);
#1545=VERTEX_POINT('',#5053);
#1546=VERTEX_POINT('',#5055);
#1547=VERTEX_POINT('',#5057);
#1548=VERTEX_POINT('',#5061);
#1549=VERTEX_POINT('',#5063);
#1550=VERTEX_POINT('',#5067);
#1551=VERTEX_POINT('',#5071);
#1552=VERTEX_POINT('',#5075);
#1553=VERTEX_POINT('',#5078);
#1554=VERTEX_POINT('',#5081);
#1555=VERTEX_POINT('',#5083);
#1556=VERTEX_POINT('',#5086);
#1557=VERTEX_POINT('',#5088);
#1558=VERTEX_POINT('',#5090);
#1559=VERTEX_POINT('',#5092);
#1560=VERTEX_POINT('',#5094);
#1561=VERTEX_POINT('',#5098);
#1562=VERTEX_POINT('',#5100);
#1563=VERTEX_POINT('',#5103);
#1564=VERTEX_POINT('',#5105);
#1565=VERTEX_POINT('',#5110);
#1566=VERTEX_POINT('',#5112);
#1567=VERTEX_POINT('',#5117);
#1568=VERTEX_POINT('',#5119);
#1569=VERTEX_POINT('',#5122);
#1570=VERTEX_POINT('',#5124);
#1571=VERTEX_POINT('',#5126);
#1572=VERTEX_POINT('',#5128);
#1573=VERTEX_POINT('',#5132);
#1574=VERTEX_POINT('',#5134);
#1575=VERTEX_POINT('',#5140);
#1576=VERTEX_POINT('',#5142);
#1577=VERTEX_POINT('',#5152);
#1578=VERTEX_POINT('',#5166);
#1579=VERTEX_POINT('',#5171);
#1580=VERTEX_POINT('',#5175);
#1581=VERTEX_POINT('',#5177);
#1582=VERTEX_POINT('',#5179);
#1583=VERTEX_POINT('',#5181);
#1584=VERTEX_POINT('',#5186);
#1585=VERTEX_POINT('',#5187);
#1586=VERTEX_POINT('',#5189);
#1587=VERTEX_POINT('',#5191);
#1588=VERTEX_POINT('',#5193);
#1589=VERTEX_POINT('',#5195);
#1590=VERTEX_POINT('',#5199);
#1591=VERTEX_POINT('',#5201);
#1592=VERTEX_POINT('',#5203);
#1593=VERTEX_POINT('',#5207);
#1594=VERTEX_POINT('',#5209);
#1595=VERTEX_POINT('',#5213);
#1596=VERTEX_POINT('',#5215);
#1597=VERTEX_POINT('',#5217);
#1598=VERTEX_POINT('',#5221);
#1599=VERTEX_POINT('',#5225);
#1600=VERTEX_POINT('',#5235);
#1601=VERTEX_POINT('',#5237);
#1602=VERTEX_POINT('',#5241);
#1603=VERTEX_POINT('',#5245);
#1604=VERTEX_POINT('',#5247);
#1605=VERTEX_POINT('',#5251);
#1606=VERTEX_POINT('',#5255);
#1607=VERTEX_POINT('',#5259);
#1608=VERTEX_POINT('',#5263);
#1609=VERTEX_POINT('',#5265);
#1610=VERTEX_POINT('',#5271);
#1611=VERTEX_POINT('',#5275);
#1612=VERTEX_POINT('',#5279);
#1613=VERTEX_POINT('',#5281);
#1614=VERTEX_POINT('',#5288);
#1615=VERTEX_POINT('',#5289);
#1616=VERTEX_POINT('',#5291);
#1617=VERTEX_POINT('',#5293);
#1618=VERTEX_POINT('',#5295);
#1619=VERTEX_POINT('',#5297);
#1620=VERTEX_POINT('',#5301);
#1621=VERTEX_POINT('',#5303);
#1622=VERTEX_POINT('',#5305);
#1623=VERTEX_POINT('',#5309);
#1624=VERTEX_POINT('',#5311);
#1625=VERTEX_POINT('',#5315);
#1626=VERTEX_POINT('',#5317);
#1627=VERTEX_POINT('',#5319);
#1628=VERTEX_POINT('',#5323);
#1629=VERTEX_POINT('',#5327);
#1630=VERTEX_POINT('',#5337);
#1631=VERTEX_POINT('',#5339);
#1632=VERTEX_POINT('',#5343);
#1633=VERTEX_POINT('',#5347);
#1634=VERTEX_POINT('',#5349);
#1635=VERTEX_POINT('',#5353);
#1636=VERTEX_POINT('',#5357);
#1637=VERTEX_POINT('',#5361);
#1638=VERTEX_POINT('',#5365);
#1639=VERTEX_POINT('',#5367);
#1640=VERTEX_POINT('',#5373);
#1641=VERTEX_POINT('',#5377);
#1642=VERTEX_POINT('',#5381);
#1643=VERTEX_POINT('',#5383);
#1644=VERTEX_POINT('',#5393);
#1645=VERTEX_POINT('',#5394);
#1646=VERTEX_POINT('',#5400);
#1647=VERTEX_POINT('',#5401);
#1648=VERTEX_POINT('',#5404);
#1649=VERTEX_POINT('',#5406);
#1650=VERTEX_POINT('',#5411);
#1651=VERTEX_POINT('',#5418);
#1652=VERTEX_POINT('',#5420);
#1653=VERTEX_POINT('',#5428);
#1654=VERTEX_POINT('',#5430);
#1655=VERTEX_POINT('',#5450);
#1656=VERTEX_POINT('',#5454);
#1657=VERTEX_POINT('',#5458);
#1658=VERTEX_POINT('',#5462);
#1659=VERTEX_POINT('',#5466);
#1660=EDGE_CURVE('',#1348,#1349,#1318,.T.);
#1661=EDGE_CURVE('',#1350,#1348,#1288,.T.);
#1662=EDGE_CURVE('',#1351,#1350,#1319,.T.);
#1663=EDGE_CURVE('',#1352,#1351,#1289,.T.);
#1664=EDGE_CURVE('',#1352,#1353,#528,.T.);
#1665=EDGE_CURVE('',#1353,#1353,#1290,.T.);
#1666=EDGE_CURVE('',#1349,#1352,#1291,.T.);
#1667=EDGE_CURVE('',#1354,#1354,#1292,.T.);
#1668=EDGE_CURVE('',#1354,#1355,#529,.T.);
#1669=EDGE_CURVE('',#1355,#1356,#1293,.T.);
#1670=EDGE_CURVE('',#1357,#1356,#1320,.T.);
#1671=EDGE_CURVE('',#1358,#1357,#1321,.T.);
#1672=EDGE_CURVE('',#1358,#1359,#1294,.T.);
#1673=EDGE_CURVE('',#1360,#1359,#1322,.T.);
#1674=EDGE_CURVE('',#1361,#1360,#1323,.T.);
#1675=EDGE_CURVE('',#1361,#1355,#1295,.T.);
#1676=EDGE_CURVE('',#1349,#1351,#1324,.T.);
#1677=EDGE_CURVE('',#1356,#1361,#1325,.T.);
#1678=EDGE_CURVE('',#1362,#1362,#1296,.T.);
#1679=EDGE_CURVE('',#1362,#1353,#530,.T.);
#1680=EDGE_CURVE('',#1363,#1363,#1297,.T.);
#1681=EDGE_CURVE('',#1363,#1354,#531,.T.);
#1682=EDGE_CURVE('',#1350,#1364,#1326,.T.);
#1683=EDGE_CURVE('',#1365,#1348,#1327,.T.);
#1684=EDGE_CURVE('',#1366,#1365,#1328,.T.);
#1685=EDGE_CURVE('',#1366,#1367,#532,.T.);
#1686=EDGE_CURVE('',#1368,#1367,#1298,.T.);
#1687=EDGE_CURVE('',#1369,#1368,#159,.T.);
#1688=EDGE_CURVE('',#1367,#1369,#1299,.T.);
#1689=EDGE_CURVE('',#1364,#1366,#1329,.T.);
#1690=EDGE_CURVE('',#1359,#1370,#1330,.T.);
#1691=EDGE_CURVE('',#1370,#1358,#1331,.T.);
#1692=EDGE_CURVE('',#1370,#1371,#533,.T.);
#1693=EDGE_CURVE('',#1372,#1371,#1300,.T.);
#1694=EDGE_CURVE('',#1373,#1372,#160,.T.);
#1695=EDGE_CURVE('',#1371,#1373,#1301,.T.);
#1696=EDGE_CURVE('',#1374,#1375,#534,.T.);
#1697=EDGE_CURVE('',#1376,#1375,#535,.T.);
#1698=EDGE_CURVE('',#1377,#1376,#536,.T.);
#1699=EDGE_CURVE('',#1377,#1374,#537,.T.);
#1700=EDGE_CURVE('',#1378,#1369,#538,.T.);
#1701=EDGE_CURVE('',#1378,#1379,#539,.T.);
#1702=EDGE_CURVE('',#1379,#1380,#540,.T.);
#1703=EDGE_CURVE('',#1380,#1381,#541,.T.);
#1704=EDGE_CURVE('',#1381,#1382,#542,.T.);
#1705=EDGE_CURVE('',#1382,#1383,#543,.T.);
#1706=EDGE_CURVE('',#1383,#1384,#544,.T.);
#1707=EDGE_CURVE('',#1384,#1385,#545,.T.);
#1708=EDGE_CURVE('',#1386,#1385,#546,.T.);
#1709=EDGE_CURVE('',#1386,#1387,#547,.T.);
#1710=EDGE_CURVE('',#1387,#1388,#548,.T.);
#1711=EDGE_CURVE('',#1388,#1389,#549,.T.);
#1712=EDGE_CURVE('',#1368,#1389,#550,.T.);
#1713=EDGE_CURVE('',#1390,#1391,#551,.T.);
#1714=EDGE_CURVE('',#1391,#1392,#552,.T.);
#1715=EDGE_CURVE('',#1392,#1393,#553,.T.);
#1716=EDGE_CURVE('',#1393,#1394,#554,.T.);
#1717=EDGE_CURVE('',#1394,#1395,#555,.T.);
#1718=EDGE_CURVE('',#1395,#1396,#556,.T.);
#1719=EDGE_CURVE('',#1396,#1397,#557,.T.);
#1720=EDGE_CURVE('',#1397,#1398,#558,.T.);
#1721=EDGE_CURVE('',#1398,#1399,#559,.T.);
#1722=EDGE_CURVE('',#1399,#1400,#560,.T.);
#1723=EDGE_CURVE('',#1400,#1401,#561,.T.);
#1724=EDGE_CURVE('',#1401,#1390,#562,.T.);
#1725=EDGE_CURVE('',#1402,#1373,#563,.T.);
#1726=EDGE_CURVE('',#1402,#1403,#564,.T.);
#1727=EDGE_CURVE('',#1403,#1404,#565,.T.);
#1728=EDGE_CURVE('',#1404,#1405,#566,.T.);
#1729=EDGE_CURVE('',#1406,#1405,#567,.T.);
#1730=EDGE_CURVE('',#1406,#1407,#568,.T.);
#1731=EDGE_CURVE('',#1407,#1408,#569,.T.);
#1732=EDGE_CURVE('',#1408,#1409,#570,.T.);
#1733=EDGE_CURVE('',#1409,#1410,#571,.T.);
#1734=EDGE_CURVE('',#1410,#1411,#572,.T.);
#1735=EDGE_CURVE('',#1412,#1411,#573,.T.);
#1736=EDGE_CURVE('',#1412,#1413,#574,.T.);
#1737=EDGE_CURVE('',#1372,#1413,#575,.T.);
#1738=EDGE_CURVE('',#1414,#1415,#576,.T.);
#1739=EDGE_CURVE('',#1415,#1416,#577,.T.);
#1740=EDGE_CURVE('',#1416,#1417,#578,.T.);
#1741=EDGE_CURVE('',#1417,#1418,#579,.T.);
#1742=EDGE_CURVE('',#1418,#1419,#580,.T.);
#1743=EDGE_CURVE('',#1419,#1420,#581,.T.);
#1744=EDGE_CURVE('',#1420,#1421,#582,.T.);
#1745=EDGE_CURVE('',#1421,#1422,#583,.T.);
#1746=EDGE_CURVE('',#1422,#1423,#584,.T.);
#1747=EDGE_CURVE('',#1423,#1424,#585,.T.);
#1748=EDGE_CURVE('',#1424,#1425,#586,.T.);
#1749=EDGE_CURVE('',#1425,#1414,#587,.T.);
#1750=EDGE_CURVE('',#1426,#1427,#588,.T.);
#1751=EDGE_CURVE('',#1427,#1428,#161,.T.);
#1752=EDGE_CURVE('',#1428,#1426,#162,.T.);
#1753=EDGE_CURVE('',#1429,#1430,#589,.T.);
#1754=EDGE_CURVE('',#1430,#1431,#163,.T.);
#1755=EDGE_CURVE('',#1431,#1427,#164,.T.);
#1756=EDGE_CURVE('',#1426,#1432,#165,.T.);
#1757=EDGE_CURVE('',#1429,#1432,#1302,.T.);
#1758=EDGE_CURVE('',#1433,#1434,#590,.T.);
#1759=EDGE_CURVE('',#1434,#1430,#1332,.T.);
#1760=EDGE_CURVE('',#1433,#1429,#1333,.T.);
#1761=EDGE_CURVE('',#1435,#1436,#591,.T.);
#1762=EDGE_CURVE('',#1435,#1434,#166,.T.);
#1763=EDGE_CURVE('',#1436,#1433,#1303,.T.);
#1764=EDGE_CURVE('',#1437,#1438,#592,.T.);
#1765=EDGE_CURVE('',#1438,#1435,#1334,.T.);
#1766=EDGE_CURVE('',#1437,#1436,#1335,.T.);
#1767=EDGE_CURVE('',#1439,#1440,#593,.T.);
#1768=EDGE_CURVE('',#1440,#1438,#167,.T.);
#1769=EDGE_CURVE('',#1439,#1437,#1304,.T.);
#1770=EDGE_CURVE('',#1441,#1442,#168,.T.);
#1771=EDGE_CURVE('',#1443,#1442,#594,.T.);
#1772=EDGE_CURVE('',#1443,#1444,#595,.T.);
#1773=EDGE_CURVE('',#1445,#1444,#596,.T.);
#1774=EDGE_CURVE('',#1445,#1446,#597,.T.);
#1775=EDGE_CURVE('',#1446,#1441,#598,.T.);
#1776=EDGE_CURVE('',#1442,#1447,#169,.T.);
#1777=EDGE_CURVE('',#1447,#1448,#599,.T.);
#1778=EDGE_CURVE('',#1449,#1448,#600,.T.);
#1779=EDGE_CURVE('',#1450,#1449,#601,.T.);
#1780=EDGE_CURVE('',#1450,#1443,#602,.T.);
#1781=EDGE_CURVE('',#1451,#1452,#170,.T.);
#1782=EDGE_CURVE('',#1452,#1453,#603,.T.);
#1783=EDGE_CURVE('',#1451,#1453,#604,.T.);
#1784=EDGE_CURVE('',#1447,#1454,#171,.T.);
#1785=EDGE_CURVE('',#1454,#1455,#605,.T.);
#1786=EDGE_CURVE('',#1456,#1455,#606,.T.);
#1787=EDGE_CURVE('',#1448,#1456,#607,.T.);
#1788=EDGE_CURVE('',#1456,#1457,#608,.T.);
#1789=EDGE_CURVE('',#1457,#1458,#609,.T.);
#1790=EDGE_CURVE('',#1458,#1459,#610,.F.);
#1791=EDGE_CURVE('',#1460,#1459,#611,.T.);
#1792=EDGE_CURVE('',#1461,#1460,#612,.T.);
#1793=EDGE_CURVE('',#1449,#1461,#613,.T.);
#1794=EDGE_CURVE('',#1462,#1463,#614,.F.);
#1795=EDGE_CURVE('',#1463,#1464,#615,.T.);
#1796=EDGE_CURVE('',#1464,#1465,#616,.T.);
#1797=EDGE_CURVE('',#1465,#1446,#617,.T.);
#1798=EDGE_CURVE('',#1466,#1445,#618,.T.);
#1799=EDGE_CURVE('',#1467,#1466,#619,.T.);
#1800=EDGE_CURVE('',#1462,#1467,#620,.T.);
#1801=EDGE_CURVE('',#1468,#1469,#621,.T.);
#1802=EDGE_CURVE('',#1470,#1468,#622,.T.);
#1803=EDGE_CURVE('',#1470,#1471,#623,.F.);
#1804=EDGE_CURVE('',#1469,#1471,#624,.T.);
#1805=EDGE_CURVE('',#1472,#1473,#625,.T.);
#1806=EDGE_CURVE('',#1474,#1472,#626,.T.);
#1807=EDGE_CURVE('',#1474,#1475,#627,.F.);
#1808=EDGE_CURVE('',#1473,#1475,#628,.T.);
#1809=EDGE_CURVE('',#1376,#1476,#629,.T.);
#1810=EDGE_CURVE('',#1477,#1375,#630,.T.);
#1811=EDGE_CURVE('',#1478,#1477,#631,.T.);
#1812=EDGE_CURVE('',#1476,#1478,#172,.T.);
#1813=EDGE_CURVE('',#1479,#1480,#173,.T.);
#1814=EDGE_CURVE('',#1481,#1479,#632,.T.);
#1815=EDGE_CURVE('',#1482,#1481,#633,.T.);
#1816=EDGE_CURVE('',#1483,#1482,#634,.T.);
#1817=EDGE_CURVE('',#1480,#1483,#635,.T.);
#1818=EDGE_CURVE('',#1484,#1468,#636,.T.);
#1819=EDGE_CURVE('',#1485,#1484,#174,.T.);
#1820=EDGE_CURVE('',#1486,#1485,#175,.T.);
#1821=EDGE_CURVE('',#1486,#1487,#637,.T.);
#1822=EDGE_CURVE('',#1482,#1487,#638,.T.);
#1823=EDGE_CURVE('',#1481,#1470,#639,.T.);
#1824=EDGE_CURVE('',#1477,#1472,#640,.T.);
#1825=EDGE_CURVE('',#1374,#1428,#641,.T.);
#1826=EDGE_CURVE('',#1431,#1474,#642,.T.);
#1827=EDGE_CURVE('',#1488,#1486,#176,.T.);
#1828=EDGE_CURVE('',#1489,#1488,#177,.T.);
#1829=EDGE_CURVE('',#1490,#1489,#643,.T.);
#1830=EDGE_CURVE('',#1490,#1487,#644,.T.);
#1831=EDGE_CURVE('',#1432,#1377,#645,.T.);
#1832=EDGE_CURVE('',#1491,#1479,#178,.T.);
#1833=EDGE_CURVE('',#1492,#1491,#1336,.T.);
#1834=EDGE_CURVE('',#1493,#1492,#179,.T.);
#1835=EDGE_CURVE('',#1494,#1493,#1337,.T.);
#1836=EDGE_CURVE('',#1495,#1494,#180,.T.);
#1837=EDGE_CURVE('',#1496,#1495,#1338,.T.);
#1838=EDGE_CURVE('',#1497,#1496,#181,.T.);
#1839=EDGE_CURVE('',#1498,#1497,#1339,.T.);
#1840=EDGE_CURVE('',#1478,#1498,#182,.T.);
#1841=EDGE_CURVE('',#1499,#1473,#646,.T.);
#1842=EDGE_CURVE('',#1500,#1499,#647,.T.);
#1843=EDGE_CURVE('',#1471,#1500,#648,.T.);
#1844=EDGE_CURVE('',#1501,#1498,#649,.T.);
#1845=EDGE_CURVE('',#1476,#1501,#1305,.T.);
#1846=EDGE_CURVE('',#1502,#1497,#650,.T.);
#1847=EDGE_CURVE('',#1501,#1502,#1340,.T.);
#1848=EDGE_CURVE('',#1503,#1496,#651,.T.);
#1849=EDGE_CURVE('',#1502,#1503,#1306,.T.);
#1850=EDGE_CURVE('',#1504,#1495,#652,.T.);
#1851=EDGE_CURVE('',#1503,#1504,#1341,.T.);
#1852=EDGE_CURVE('',#1504,#1505,#1307,.T.);
#1853=EDGE_CURVE('',#1506,#1494,#653,.T.);
#1854=EDGE_CURVE('',#1454,#1506,#1308,.T.);
#1855=EDGE_CURVE('',#1505,#1441,#183,.T.);
#1856=EDGE_CURVE('',#1507,#1451,#184,.T.);
#1857=EDGE_CURVE('',#1452,#1507,#1309,.T.);
#1858=EDGE_CURVE('',#1508,#1493,#654,.T.);
#1859=EDGE_CURVE('',#1506,#1508,#1342,.T.);
#1860=EDGE_CURVE('',#1509,#1492,#655,.T.);
#1861=EDGE_CURVE('',#1508,#1509,#1310,.T.);
#1862=EDGE_CURVE('',#1510,#1491,#656,.T.);
#1863=EDGE_CURVE('',#1509,#1510,#1343,.T.);
#1864=EDGE_CURVE('',#1510,#1480,#1311,.T.);
#1865=EDGE_CURVE('',#1483,#1490,#657,.T.);
#1866=EDGE_CURVE('',#1450,#1444,#658,.T.);
#1867=EDGE_CURVE('',#1453,#1507,#659,.T.);
#1868=EDGE_CURVE('',#1511,#1512,#660,.T.);
#1869=EDGE_CURVE('',#1512,#1440,#1344,.T.);
#1870=EDGE_CURVE('',#1511,#1439,#1345,.T.);
#1871=EDGE_CURVE('',#1513,#1514,#661,.T.);
#1872=EDGE_CURVE('',#1514,#1512,#185,.T.);
#1873=EDGE_CURVE('',#1513,#1511,#1312,.T.);
#1874=EDGE_CURVE('',#1515,#1516,#662,.T.);
#1875=EDGE_CURVE('',#1516,#1514,#1346,.T.);
#1876=EDGE_CURVE('',#1515,#1513,#1347,.T.);
#1877=EDGE_CURVE('',#1488,#1485,#663,.T.);
#1878=EDGE_CURVE('',#1484,#1516,#186,.T.);
#1879=EDGE_CURVE('',#1489,#1515,#1313,.T.);
#1880=EDGE_CURVE('',#1517,#1518,#664,.T.);
#1881=EDGE_CURVE('',#1519,#1517,#665,.T.);
#1882=EDGE_CURVE('',#1519,#1520,#666,.T.);
#1883=EDGE_CURVE('',#1518,#1520,#667,.T.);
#1884=EDGE_CURVE('',#1520,#1521,#668,.T.);
#1885=EDGE_CURVE('',#1522,#1519,#669,.T.);
#1886=EDGE_CURVE('',#1522,#1523,#670,.T.);
#1887=EDGE_CURVE('',#1521,#1523,#671,.T.);
#1888=EDGE_CURVE('',#1523,#1524,#672,.T.);
#1889=EDGE_CURVE('',#1525,#1522,#673,.T.);
#1890=EDGE_CURVE('',#1524,#1525,#674,.T.);
#1891=EDGE_CURVE('',#1526,#1505,#675,.T.);
#1892=EDGE_CURVE('',#1527,#1526,#676,.T.);
#1893=EDGE_CURVE('',#1525,#1527,#677,.T.);
#1894=EDGE_CURVE('',#1528,#1517,#678,.T.);
#1895=EDGE_CURVE('',#1455,#1528,#679,.T.);
#1896=EDGE_CURVE('',#1457,#1528,#680,.T.);
#1897=EDGE_CURVE('',#1529,#1518,#681,.T.);
#1898=EDGE_CURVE('',#1529,#1530,#682,.T.);
#1899=EDGE_CURVE('',#1458,#1530,#683,.T.);
#1900=EDGE_CURVE('',#1531,#1521,#684,.T.);
#1901=EDGE_CURVE('',#1532,#1531,#685,.T.);
#1902=EDGE_CURVE('',#1532,#1529,#686,.T.);
#1903=EDGE_CURVE('',#1524,#1533,#687,.T.);
#1904=EDGE_CURVE('',#1534,#1533,#688,.T.);
#1905=EDGE_CURVE('',#1531,#1534,#689,.T.);
#1906=EDGE_CURVE('',#1535,#1469,#690,.T.);
#1907=EDGE_CURVE('',#1475,#1535,#691,.T.);
#1908=EDGE_CURVE('',#1536,#1537,#692,.T.);
#1909=EDGE_CURVE('',#1536,#1538,#693,.T.);
#1910=EDGE_CURVE('',#1539,#1538,#694,.T.);
#1911=EDGE_CURVE('',#1537,#1539,#695,.T.);
#1912=EDGE_CURVE('',#1536,#1540,#696,.T.);
#1913=EDGE_CURVE('',#1540,#1541,#697,.T.);
#1914=EDGE_CURVE('',#1538,#1541,#698,.T.);
#1915=EDGE_CURVE('',#1542,#1543,#699,.T.);
#1916=EDGE_CURVE('',#1543,#1544,#700,.T.);
#1917=EDGE_CURVE('',#1544,#1461,#701,.T.);
#1918=EDGE_CURVE('',#1460,#1545,#702,.T.);
#1919=EDGE_CURVE('',#1545,#1546,#703,.T.);
#1920=EDGE_CURVE('',#1546,#1547,#704,.T.);
#1921=EDGE_CURVE('',#1547,#1542,#705,.T.);
#1922=EDGE_CURVE('',#1548,#1547,#706,.T.);
#1923=EDGE_CURVE('',#1549,#1548,#707,.T.);
#1924=EDGE_CURVE('',#1549,#1542,#708,.T.);
#1925=EDGE_CURVE('',#1550,#1546,#709,.T.);
#1926=EDGE_CURVE('',#1548,#1550,#710,.T.);
#1927=EDGE_CURVE('',#1551,#1545,#711,.T.);
#1928=EDGE_CURVE('',#1550,#1551,#712,.T.);
#1929=EDGE_CURVE('',#1459,#1552,#713,.T.);
#1930=EDGE_CURVE('',#1552,#1532,#714,.T.);
#1931=EDGE_CURVE('',#1534,#1553,#715,.T.);
#1932=EDGE_CURVE('',#1553,#1462,#716,.T.);
#1933=EDGE_CURVE('',#1554,#1467,#717,.T.);
#1934=EDGE_CURVE('',#1554,#1555,#718,.T.);
#1935=EDGE_CURVE('',#1413,#1555,#719,.T.);
#1936=EDGE_CURVE('',#1556,#1412,#720,.T.);
#1937=EDGE_CURVE('',#1557,#1556,#721,.T.);
#1938=EDGE_CURVE('',#1558,#1557,#722,.T.);
#1939=EDGE_CURVE('',#1558,#1559,#723,.F.);
#1940=EDGE_CURVE('',#1559,#1560,#724,.F.);
#1941=EDGE_CURVE('',#1560,#1379,#725,.F.);
#1942=EDGE_CURVE('',#1551,#1378,#726,.T.);
#1943=EDGE_CURVE('',#1561,#1561,#1314,.T.);
#1944=EDGE_CURVE('',#1562,#1562,#1315,.T.);
#1945=EDGE_CURVE('',#1389,#1563,#727,.T.);
#1946=EDGE_CURVE('',#1563,#1564,#728,.T.);
#1947=EDGE_CURVE('',#1564,#1549,#729,.T.);
#1948=EDGE_CURVE('',#1537,#1403,#730,.T.);
#1949=EDGE_CURVE('',#1565,#1402,#731,.T.);
#1950=EDGE_CURVE('',#1566,#1565,#732,.T.);
#1951=EDGE_CURVE('',#1466,#1566,#733,.T.);
#1952=EDGE_CURVE('',#1563,#1544,#734,.T.);
#1953=EDGE_CURVE('',#1540,#1388,#735,.T.);
#1954=EDGE_CURVE('',#1567,#1567,#1316,.T.);
#1955=EDGE_CURVE('',#1568,#1568,#1317,.T.);
#1956=EDGE_CURVE('',#1566,#1569,#736,.T.);
#1957=EDGE_CURVE('',#1569,#1570,#737,.T.);
#1958=EDGE_CURVE('',#1570,#1571,#738,.T.);
#1959=EDGE_CURVE('',#1571,#1572,#739,.T.);
#1960=EDGE_CURVE('',#1572,#1554,#740,.T.);
#1961=EDGE_CURVE('',#1569,#1573,#741,.T.);
#1962=EDGE_CURVE('',#1574,#1573,#742,.T.);
#1963=EDGE_CURVE('',#1570,#1574,#743,.T.);
#1964=EDGE_CURVE('',#1573,#1565,#744,.T.);
#1965=EDGE_CURVE('',#1555,#1575,#745,.T.);
#1966=EDGE_CURVE('',#1575,#1576,#746,.T.);
#1967=EDGE_CURVE('',#1576,#1574,#747,.T.);
#1968=EDGE_CURVE('',#1571,#1576,#748,.T.);
#1969=EDGE_CURVE('',#1572,#1575,#749,.T.);
#1970=EDGE_CURVE('',#1464,#1527,#750,.F.);
#1971=EDGE_CURVE('',#1577,#1463,#751,.T.);
#1972=EDGE_CURVE('',#1577,#1533,#752,.T.);
#1973=EDGE_CURVE('',#1553,#1577,#753,.F.);
#1974=EDGE_CURVE('',#1552,#1530,#754,.T.);
#1975=EDGE_CURVE('',#1465,#1526,#755,.T.);
#1976=EDGE_CURVE('',#1578,#1499,#756,.T.);
#1977=EDGE_CURVE('',#1578,#1404,#757,.T.);
#1978=EDGE_CURVE('',#1404,#1539,#758,.T.);
#1979=EDGE_CURVE('',#1541,#1387,#759,.T.);
#1980=EDGE_CURVE('',#1387,#1579,#760,.T.);
#1981=EDGE_CURVE('',#1500,#1579,#761,.T.);
#1982=EDGE_CURVE('',#1535,#1580,#762,.T.);
#1983=EDGE_CURVE('',#1580,#1581,#763,.T.);
#1984=EDGE_CURVE('',#1581,#1582,#764,.T.);
#1985=EDGE_CURVE('',#1582,#1583,#765,.T.);
#1986=EDGE_CURVE('',#1583,#1406,#766,.T.);
#1987=EDGE_CURVE('',#1405,#1578,#767,.T.);
#1988=EDGE_CURVE('',#1584,#1585,#768,.T.);
#1989=EDGE_CURVE('',#1586,#1584,#769,.T.);
#1990=EDGE_CURVE('',#1586,#1587,#770,.T.);
#1991=EDGE_CURVE('',#1588,#1587,#771,.T.);
#1992=EDGE_CURVE('',#1589,#1588,#772,.T.);
#1993=EDGE_CURVE('',#1589,#1585,#773,.T.);
#1994=EDGE_CURVE('',#1585,#1590,#774,.T.);
#1995=EDGE_CURVE('',#1591,#1589,#775,.T.);
#1996=EDGE_CURVE('',#1591,#1592,#776,.T.);
#1997=EDGE_CURVE('',#1592,#1590,#777,.T.);
#1998=EDGE_CURVE('',#1590,#1593,#778,.T.);
#1999=EDGE_CURVE('',#1594,#1592,#779,.T.);
#2000=EDGE_CURVE('',#1593,#1594,#780,.T.);
#2001=EDGE_CURVE('',#1595,#1584,#781,.T.);
#2002=EDGE_CURVE('',#1596,#1595,#782,.T.);
#2003=EDGE_CURVE('',#1596,#1597,#783,.T.);
#2004=EDGE_CURVE('',#1597,#1586,#784,.T.);
#2005=EDGE_CURVE('',#1598,#1593,#785,.T.);
#2006=EDGE_CURVE('',#1595,#1598,#786,.T.);
#2007=EDGE_CURVE('',#1599,#1594,#787,.T.);
#2008=EDGE_CURVE('',#1598,#1599,#788,.T.);
#2009=EDGE_CURVE('',#1599,#1591,#789,.T.);
#2010=EDGE_CURVE('',#1587,#1597,#790,.T.);
#2011=EDGE_CURVE('',#1588,#1596,#791,.T.);
#2012=EDGE_CURVE('',#1391,#1600,#792,.T.);
#2013=EDGE_CURVE('',#1390,#1601,#793,.T.);
#2014=EDGE_CURVE('',#1601,#1600,#794,.T.);
#2015=EDGE_CURVE('',#1392,#1602,#795,.T.);
#2016=EDGE_CURVE('',#1600,#1602,#796,.T.);
#2017=EDGE_CURVE('',#1393,#1603,#797,.T.);
#2018=EDGE_CURVE('',#1602,#1604,#798,.T.);
#2019=EDGE_CURVE('',#1603,#1604,#799,.T.);
#2020=EDGE_CURVE('',#1394,#1605,#800,.T.);
#2021=EDGE_CURVE('',#1604,#1605,#801,.T.);
#2022=EDGE_CURVE('',#1395,#1606,#802,.T.);
#2023=EDGE_CURVE('',#1605,#1606,#803,.T.);
#2024=EDGE_CURVE('',#1396,#1607,#804,.T.);
#2025=EDGE_CURVE('',#1606,#1607,#805,.T.);
#2026=EDGE_CURVE('',#1397,#1608,#806,.T.);
#2027=EDGE_CURVE('',#1607,#1609,#807,.T.);
#2028=EDGE_CURVE('',#1608,#1609,#808,.T.);
#2029=EDGE_CURVE('',#1398,#1608,#809,.T.);
#2030=EDGE_CURVE('',#1399,#1610,#810,.T.);
#2031=EDGE_CURVE('',#1609,#1610,#811,.T.);
#2032=EDGE_CURVE('',#1400,#1611,#812,.T.);
#2033=EDGE_CURVE('',#1610,#1611,#813,.T.);
#2034=EDGE_CURVE('',#1401,#1612,#814,.T.);
#2035=EDGE_CURVE('',#1611,#1613,#815,.T.);
#2036=EDGE_CURVE('',#1612,#1613,#816,.T.);
#2037=EDGE_CURVE('',#1613,#1601,#817,.T.);
#2038=EDGE_CURVE('',#1614,#1615,#818,.T.);
#2039=EDGE_CURVE('',#1616,#1615,#819,.T.);
#2040=EDGE_CURVE('',#1617,#1616,#820,.T.);
#2041=EDGE_CURVE('',#1617,#1618,#821,.T.);
#2042=EDGE_CURVE('',#1619,#1618,#822,.T.);
#2043=EDGE_CURVE('',#1619,#1614,#823,.T.);
#2044=EDGE_CURVE('',#1615,#1620,#824,.T.);
#2045=EDGE_CURVE('',#1621,#1620,#825,.T.);
#2046=EDGE_CURVE('',#1622,#1621,#826,.T.);
#2047=EDGE_CURVE('',#1616,#1622,#827,.T.);
#2048=EDGE_CURVE('',#1620,#1623,#828,.T.);
#2049=EDGE_CURVE('',#1623,#1624,#829,.T.);
#2050=EDGE_CURVE('',#1624,#1621,#830,.T.);
#2051=EDGE_CURVE('',#1625,#1619,#831,.T.);
#2052=EDGE_CURVE('',#1626,#1625,#832,.T.);
#2053=EDGE_CURVE('',#1627,#1626,#833,.T.);
#2054=EDGE_CURVE('',#1627,#1614,#834,.T.);
#2055=EDGE_CURVE('',#1628,#1627,#835,.T.);
#2056=EDGE_CURVE('',#1628,#1623,#836,.T.);
#2057=EDGE_CURVE('',#1629,#1628,#837,.T.);
#2058=EDGE_CURVE('',#1629,#1624,#838,.T.);
#2059=EDGE_CURVE('',#1622,#1629,#839,.T.);
#2060=EDGE_CURVE('',#1618,#1625,#840,.T.);
#2061=EDGE_CURVE('',#1626,#1617,#841,.T.);
#2062=EDGE_CURVE('',#1414,#1630,#842,.T.);
#2063=EDGE_CURVE('',#1631,#1630,#843,.T.);
#2064=EDGE_CURVE('',#1415,#1631,#844,.T.);
#2065=EDGE_CURVE('',#1425,#1632,#845,.T.);
#2066=EDGE_CURVE('',#1630,#1632,#846,.T.);
#2067=EDGE_CURVE('',#1424,#1633,#847,.T.);
#2068=EDGE_CURVE('',#1633,#1634,#848,.T.);
#2069=EDGE_CURVE('',#1632,#1634,#849,.T.);
#2070=EDGE_CURVE('',#1423,#1635,#850,.T.);
#2071=EDGE_CURVE('',#1634,#1635,#851,.T.);
#2072=EDGE_CURVE('',#1422,#1636,#852,.T.);
#2073=EDGE_CURVE('',#1635,#1636,#853,.T.);
#2074=EDGE_CURVE('',#1421,#1637,#854,.T.);
#2075=EDGE_CURVE('',#1636,#1637,#855,.T.);
#2076=EDGE_CURVE('',#1420,#1638,#856,.T.);
#2077=EDGE_CURVE('',#1638,#1639,#857,.T.);
#2078=EDGE_CURVE('',#1637,#1639,#858,.T.);
#2079=EDGE_CURVE('',#1419,#1638,#859,.T.);
#2080=EDGE_CURVE('',#1418,#1640,#860,.T.);
#2081=EDGE_CURVE('',#1639,#1640,#861,.T.);
#2082=EDGE_CURVE('',#1417,#1641,#862,.T.);
#2083=EDGE_CURVE('',#1640,#1641,#863,.T.);
#2084=EDGE_CURVE('',#1416,#1642,#864,.T.);
#2085=EDGE_CURVE('',#1642,#1643,#865,.T.);
#2086=EDGE_CURVE('',#1641,#1643,#866,.T.);
#2087=EDGE_CURVE('',#1643,#1631,#867,.T.);
#2088=EDGE_CURVE('',#1564,#1543,#868,.T.);
#2089=EDGE_CURVE('',#1644,#1645,#869,.T.);
#2090=EDGE_CURVE('',#1409,#1644,#870,.T.);
#2091=EDGE_CURVE('',#1582,#1408,#871,.T.);
#2092=EDGE_CURVE('',#1645,#1581,#872,.T.);
#2093=EDGE_CURVE('',#1646,#1647,#873,.T.);
#2094=EDGE_CURVE('',#1383,#1646,#874,.T.);
#2095=EDGE_CURVE('',#1648,#1382,#875,.T.);
#2096=EDGE_CURVE('',#1649,#1648,#876,.T.);
#2097=EDGE_CURVE('',#1647,#1649,#877,.T.);
#2098=EDGE_CURVE('',#1579,#1386,#878,.T.);
#2099=EDGE_CURVE('',#1385,#1650,#879,.T.);
#2100=EDGE_CURVE('',#1650,#1646,#880,.T.);
#2101=EDGE_CURVE('',#1647,#1580,#881,.T.);
#2102=EDGE_CURVE('',#1649,#1645,#882,.T.);
#2103=EDGE_CURVE('',#1648,#1651,#883,.T.);
#2104=EDGE_CURVE('',#1652,#1651,#884,.T.);
#2105=EDGE_CURVE('',#1652,#1644,#885,.T.);
#2106=EDGE_CURVE('',#1651,#1381,#886,.T.);
#2107=EDGE_CURVE('',#1410,#1652,#887,.T.);
#2108=EDGE_CURVE('',#1380,#1653,#888,.T.);
#2109=EDGE_CURVE('',#1653,#1654,#889,.T.);
#2110=EDGE_CURVE('',#1654,#1411,#890,.T.);
#2111=EDGE_CURVE('',#1650,#1384,#891,.T.);
#2112=EDGE_CURVE('',#1583,#1407,#892,.T.);
#2113=EDGE_CURVE('',#1561,#1364,#893,.T.);
#2114=EDGE_CURVE('',#1365,#1567,#894,.T.);
#2115=EDGE_CURVE('',#1562,#1357,#895,.T.);
#2116=EDGE_CURVE('',#1360,#1568,#896,.T.);
#2117=EDGE_CURVE('',#1654,#1655,#897,.F.);
#2118=EDGE_CURVE('',#1556,#1655,#898,.T.);
#2119=EDGE_CURVE('',#1560,#1656,#899,.T.);
#2120=EDGE_CURVE('',#1656,#1653,#900,.F.);
#2121=EDGE_CURVE('',#1559,#1657,#901,.F.);
#2122=EDGE_CURVE('',#1657,#1656,#902,.F.);
#2123=EDGE_CURVE('',#1558,#1658,#903,.F.);
#2124=EDGE_CURVE('',#1658,#1657,#904,.F.);
#2125=EDGE_CURVE('',#1557,#1659,#905,.F.);
#2126=EDGE_CURVE('',#1659,#1658,#906,.F.);
#2127=EDGE_CURVE('',#1655,#1659,#907,.F.);
#2128=ORIENTED_EDGE('',*,*,#1660,.F.);
#2129=ORIENTED_EDGE('',*,*,#1661,.F.);
#2130=ORIENTED_EDGE('',*,*,#1662,.F.);
#2131=ORIENTED_EDGE('',*,*,#1663,.F.);
#2132=ORIENTED_EDGE('',*,*,#1664,.T.);
#2133=ORIENTED_EDGE('',*,*,#1665,.F.);
#2134=ORIENTED_EDGE('',*,*,#1664,.F.);
#2135=ORIENTED_EDGE('',*,*,#1666,.F.);
#2136=ORIENTED_EDGE('',*,*,#1667,.F.);
#2137=ORIENTED_EDGE('',*,*,#1668,.T.);
#2138=ORIENTED_EDGE('',*,*,#1669,.T.);
#2139=ORIENTED_EDGE('',*,*,#1670,.F.);
#2140=ORIENTED_EDGE('',*,*,#1671,.F.);
#2141=ORIENTED_EDGE('',*,*,#1672,.T.);
#2142=ORIENTED_EDGE('',*,*,#1673,.F.);
#2143=ORIENTED_EDGE('',*,*,#1674,.F.);
#2144=ORIENTED_EDGE('',*,*,#1675,.T.);
#2145=ORIENTED_EDGE('',*,*,#1668,.F.);
#2146=ORIENTED_EDGE('',*,*,#1676,.F.);
#2147=ORIENTED_EDGE('',*,*,#1666,.T.);
#2148=ORIENTED_EDGE('',*,*,#1663,.T.);
#2149=ORIENTED_EDGE('',*,*,#1677,.F.);
#2150=ORIENTED_EDGE('',*,*,#1669,.F.);
#2151=ORIENTED_EDGE('',*,*,#1675,.F.);
#2152=ORIENTED_EDGE('',*,*,#1678,.F.);
#2153=ORIENTED_EDGE('',*,*,#1679,.T.);
#2154=ORIENTED_EDGE('',*,*,#1665,.T.);
#2155=ORIENTED_EDGE('',*,*,#1679,.F.);
#2156=ORIENTED_EDGE('',*,*,#1680,.F.);
#2157=ORIENTED_EDGE('',*,*,#1681,.T.);
#2158=ORIENTED_EDGE('',*,*,#1667,.T.);
#2159=ORIENTED_EDGE('',*,*,#1681,.F.);
#2160=ORIENTED_EDGE('',*,*,#1682,.F.);
#2161=ORIENTED_EDGE('',*,*,#1661,.T.);
#2162=ORIENTED_EDGE('',*,*,#1683,.F.);
#2163=ORIENTED_EDGE('',*,*,#1684,.F.);
#2164=ORIENTED_EDGE('',*,*,#1685,.T.);
#2165=ORIENTED_EDGE('',*,*,#1686,.F.);
#2166=ORIENTED_EDGE('',*,*,#1687,.F.);
#2167=ORIENTED_EDGE('',*,*,#1688,.F.);
#2168=ORIENTED_EDGE('',*,*,#1685,.F.);
#2169=ORIENTED_EDGE('',*,*,#1689,.F.);
#2170=ORIENTED_EDGE('',*,*,#1690,.F.);
#2171=ORIENTED_EDGE('',*,*,#1672,.F.);
#2172=ORIENTED_EDGE('',*,*,#1691,.F.);
#2173=ORIENTED_EDGE('',*,*,#1692,.T.);
#2174=ORIENTED_EDGE('',*,*,#1693,.F.);
#2175=ORIENTED_EDGE('',*,*,#1694,.F.);
#2176=ORIENTED_EDGE('',*,*,#1695,.F.);
#2177=ORIENTED_EDGE('',*,*,#1692,.F.);
#2178=ORIENTED_EDGE('',*,*,#1696,.T.);
#2179=ORIENTED_EDGE('',*,*,#1697,.F.);
#2180=ORIENTED_EDGE('',*,*,#1698,.F.);
#2181=ORIENTED_EDGE('',*,*,#1699,.T.);
#2182=ORIENTED_EDGE('',*,*,#1686,.T.);
#2183=ORIENTED_EDGE('',*,*,#1688,.T.);
#2184=ORIENTED_EDGE('',*,*,#1700,.F.);
#2185=ORIENTED_EDGE('',*,*,#1701,.T.);
#2186=ORIENTED_EDGE('',*,*,#1702,.T.);
#2187=ORIENTED_EDGE('',*,*,#1703,.T.);
#2188=ORIENTED_EDGE('',*,*,#1704,.T.);
#2189=ORIENTED_EDGE('',*,*,#1705,.T.);
#2190=ORIENTED_EDGE('',*,*,#1706,.T.);
#2191=ORIENTED_EDGE('',*,*,#1707,.T.);
#2192=ORIENTED_EDGE('',*,*,#1708,.F.);
#2193=ORIENTED_EDGE('',*,*,#1709,.T.);
#2194=ORIENTED_EDGE('',*,*,#1710,.T.);
#2195=ORIENTED_EDGE('',*,*,#1711,.T.);
#2196=ORIENTED_EDGE('',*,*,#1712,.F.);
#2197=ORIENTED_EDGE('',*,*,#1713,.T.);
#2198=ORIENTED_EDGE('',*,*,#1714,.T.);
#2199=ORIENTED_EDGE('',*,*,#1715,.T.);
#2200=ORIENTED_EDGE('',*,*,#1716,.T.);
#2201=ORIENTED_EDGE('',*,*,#1717,.T.);
#2202=ORIENTED_EDGE('',*,*,#1718,.T.);
#2203=ORIENTED_EDGE('',*,*,#1719,.T.);
#2204=ORIENTED_EDGE('',*,*,#1720,.T.);
#2205=ORIENTED_EDGE('',*,*,#1721,.T.);
#2206=ORIENTED_EDGE('',*,*,#1722,.T.);
#2207=ORIENTED_EDGE('',*,*,#1723,.T.);
#2208=ORIENTED_EDGE('',*,*,#1724,.T.);
#2209=ORIENTED_EDGE('',*,*,#1693,.T.);
#2210=ORIENTED_EDGE('',*,*,#1695,.T.);
#2211=ORIENTED_EDGE('',*,*,#1725,.F.);
#2212=ORIENTED_EDGE('',*,*,#1726,.T.);
#2213=ORIENTED_EDGE('',*,*,#1727,.T.);
#2214=ORIENTED_EDGE('',*,*,#1728,.T.);
#2215=ORIENTED_EDGE('',*,*,#1729,.F.);
#2216=ORIENTED_EDGE('',*,*,#1730,.T.);
#2217=ORIENTED_EDGE('',*,*,#1731,.T.);
#2218=ORIENTED_EDGE('',*,*,#1732,.T.);
#2219=ORIENTED_EDGE('',*,*,#1733,.T.);
#2220=ORIENTED_EDGE('',*,*,#1734,.T.);
#2221=ORIENTED_EDGE('',*,*,#1735,.F.);
#2222=ORIENTED_EDGE('',*,*,#1736,.T.);
#2223=ORIENTED_EDGE('',*,*,#1737,.F.);
#2224=ORIENTED_EDGE('',*,*,#1738,.T.);
#2225=ORIENTED_EDGE('',*,*,#1739,.T.);
#2226=ORIENTED_EDGE('',*,*,#1740,.T.);
#2227=ORIENTED_EDGE('',*,*,#1741,.T.);
#2228=ORIENTED_EDGE('',*,*,#1742,.T.);
#2229=ORIENTED_EDGE('',*,*,#1743,.T.);
#2230=ORIENTED_EDGE('',*,*,#1744,.T.);
#2231=ORIENTED_EDGE('',*,*,#1745,.T.);
#2232=ORIENTED_EDGE('',*,*,#1746,.T.);
#2233=ORIENTED_EDGE('',*,*,#1747,.T.);
#2234=ORIENTED_EDGE('',*,*,#1748,.T.);
#2235=ORIENTED_EDGE('',*,*,#1749,.T.);
#2236=ORIENTED_EDGE('',*,*,#1750,.T.);
#2237=ORIENTED_EDGE('',*,*,#1751,.T.);
#2238=ORIENTED_EDGE('',*,*,#1752,.T.);
#2239=ORIENTED_EDGE('',*,*,#1753,.T.);
#2240=ORIENTED_EDGE('',*,*,#1754,.T.);
#2241=ORIENTED_EDGE('',*,*,#1755,.T.);
#2242=ORIENTED_EDGE('',*,*,#1750,.F.);
#2243=ORIENTED_EDGE('',*,*,#1756,.T.);
#2244=ORIENTED_EDGE('',*,*,#1757,.F.);
#2245=ORIENTED_EDGE('',*,*,#1758,.T.);
#2246=ORIENTED_EDGE('',*,*,#1759,.T.);
#2247=ORIENTED_EDGE('',*,*,#1753,.F.);
#2248=ORIENTED_EDGE('',*,*,#1760,.F.);
#2249=ORIENTED_EDGE('',*,*,#1761,.F.);
#2250=ORIENTED_EDGE('',*,*,#1762,.T.);
#2251=ORIENTED_EDGE('',*,*,#1758,.F.);
#2252=ORIENTED_EDGE('',*,*,#1763,.F.);
#2253=ORIENTED_EDGE('',*,*,#1764,.T.);
#2254=ORIENTED_EDGE('',*,*,#1765,.T.);
#2255=ORIENTED_EDGE('',*,*,#1761,.T.);
#2256=ORIENTED_EDGE('',*,*,#1766,.F.);
#2257=ORIENTED_EDGE('',*,*,#1767,.T.);
#2258=ORIENTED_EDGE('',*,*,#1768,.T.);
#2259=ORIENTED_EDGE('',*,*,#1764,.F.);
#2260=ORIENTED_EDGE('',*,*,#1769,.F.);
#2261=ORIENTED_EDGE('',*,*,#1770,.T.);
#2262=ORIENTED_EDGE('',*,*,#1771,.F.);
#2263=ORIENTED_EDGE('',*,*,#1772,.T.);
#2264=ORIENTED_EDGE('',*,*,#1773,.F.);
#2265=ORIENTED_EDGE('',*,*,#1774,.T.);
#2266=ORIENTED_EDGE('',*,*,#1775,.T.);
#2267=ORIENTED_EDGE('',*,*,#1776,.T.);
#2268=ORIENTED_EDGE('',*,*,#1777,.T.);
#2269=ORIENTED_EDGE('',*,*,#1778,.F.);
#2270=ORIENTED_EDGE('',*,*,#1779,.F.);
#2271=ORIENTED_EDGE('',*,*,#1780,.T.);
#2272=ORIENTED_EDGE('',*,*,#1771,.T.);
#2273=ORIENTED_EDGE('',*,*,#1781,.T.);
#2274=ORIENTED_EDGE('',*,*,#1782,.T.);
#2275=ORIENTED_EDGE('',*,*,#1783,.F.);
#2276=ORIENTED_EDGE('',*,*,#1784,.T.);
#2277=ORIENTED_EDGE('',*,*,#1785,.T.);
#2278=ORIENTED_EDGE('',*,*,#1786,.F.);
#2279=ORIENTED_EDGE('',*,*,#1787,.F.);
#2280=ORIENTED_EDGE('',*,*,#1777,.F.);
#2281=ORIENTED_EDGE('',*,*,#1788,.T.);
#2282=ORIENTED_EDGE('',*,*,#1789,.T.);
#2283=ORIENTED_EDGE('',*,*,#1790,.T.);
#2284=ORIENTED_EDGE('',*,*,#1791,.F.);
#2285=ORIENTED_EDGE('',*,*,#1792,.F.);
#2286=ORIENTED_EDGE('',*,*,#1793,.F.);
#2287=ORIENTED_EDGE('',*,*,#1778,.T.);
#2288=ORIENTED_EDGE('',*,*,#1787,.T.);
#2289=ORIENTED_EDGE('',*,*,#1678,.T.);
#2290=ORIENTED_EDGE('',*,*,#1794,.T.);
#2291=ORIENTED_EDGE('',*,*,#1795,.T.);
#2292=ORIENTED_EDGE('',*,*,#1796,.T.);
#2293=ORIENTED_EDGE('',*,*,#1797,.T.);
#2294=ORIENTED_EDGE('',*,*,#1774,.F.);
#2295=ORIENTED_EDGE('',*,*,#1798,.F.);
#2296=ORIENTED_EDGE('',*,*,#1799,.F.);
#2297=ORIENTED_EDGE('',*,*,#1800,.F.);
#2298=ORIENTED_EDGE('',*,*,#1680,.T.);
#2299=ORIENTED_EDGE('',*,*,#1801,.F.);
#2300=ORIENTED_EDGE('',*,*,#1802,.F.);
#2301=ORIENTED_EDGE('',*,*,#1803,.T.);
#2302=ORIENTED_EDGE('',*,*,#1804,.F.);
#2303=ORIENTED_EDGE('',*,*,#1805,.F.);
#2304=ORIENTED_EDGE('',*,*,#1806,.F.);
#2305=ORIENTED_EDGE('',*,*,#1807,.T.);
#2306=ORIENTED_EDGE('',*,*,#1808,.F.);
#2307=ORIENTED_EDGE('',*,*,#1809,.F.);
#2308=ORIENTED_EDGE('',*,*,#1697,.T.);
#2309=ORIENTED_EDGE('',*,*,#1810,.F.);
#2310=ORIENTED_EDGE('',*,*,#1811,.F.);
#2311=ORIENTED_EDGE('',*,*,#1812,.F.);
#2312=ORIENTED_EDGE('',*,*,#1813,.F.);
#2313=ORIENTED_EDGE('',*,*,#1814,.F.);
#2314=ORIENTED_EDGE('',*,*,#1815,.F.);
#2315=ORIENTED_EDGE('',*,*,#1816,.F.);
#2316=ORIENTED_EDGE('',*,*,#1817,.F.);
#2317=ORIENTED_EDGE('',*,*,#1802,.T.);
#2318=ORIENTED_EDGE('',*,*,#1818,.F.);
#2319=ORIENTED_EDGE('',*,*,#1819,.F.);
#2320=ORIENTED_EDGE('',*,*,#1820,.F.);
#2321=ORIENTED_EDGE('',*,*,#1821,.T.);
#2322=ORIENTED_EDGE('',*,*,#1822,.F.);
#2323=ORIENTED_EDGE('',*,*,#1815,.T.);
#2324=ORIENTED_EDGE('',*,*,#1823,.T.);
#2325=ORIENTED_EDGE('',*,*,#1806,.T.);
#2326=ORIENTED_EDGE('',*,*,#1824,.F.);
#2327=ORIENTED_EDGE('',*,*,#1810,.T.);
#2328=ORIENTED_EDGE('',*,*,#1696,.F.);
#2329=ORIENTED_EDGE('',*,*,#1825,.T.);
#2330=ORIENTED_EDGE('',*,*,#1751,.F.);
#2331=ORIENTED_EDGE('',*,*,#1755,.F.);
#2332=ORIENTED_EDGE('',*,*,#1826,.T.);
#2333=ORIENTED_EDGE('',*,*,#1827,.F.);
#2334=ORIENTED_EDGE('',*,*,#1828,.F.);
#2335=ORIENTED_EDGE('',*,*,#1829,.F.);
#2336=ORIENTED_EDGE('',*,*,#1830,.T.);
#2337=ORIENTED_EDGE('',*,*,#1821,.F.);
#2338=ORIENTED_EDGE('',*,*,#1831,.F.);
#2339=ORIENTED_EDGE('',*,*,#1756,.F.);
#2340=ORIENTED_EDGE('',*,*,#1752,.F.);
#2341=ORIENTED_EDGE('',*,*,#1825,.F.);
#2342=ORIENTED_EDGE('',*,*,#1699,.F.);
#2343=ORIENTED_EDGE('',*,*,#1823,.F.);
#2344=ORIENTED_EDGE('',*,*,#1814,.T.);
#2345=ORIENTED_EDGE('',*,*,#1832,.F.);
#2346=ORIENTED_EDGE('',*,*,#1833,.F.);
#2347=ORIENTED_EDGE('',*,*,#1834,.F.);
#2348=ORIENTED_EDGE('',*,*,#1835,.F.);
#2349=ORIENTED_EDGE('',*,*,#1836,.F.);
#2350=ORIENTED_EDGE('',*,*,#1837,.F.);
#2351=ORIENTED_EDGE('',*,*,#1838,.F.);
#2352=ORIENTED_EDGE('',*,*,#1839,.F.);
#2353=ORIENTED_EDGE('',*,*,#1840,.F.);
#2354=ORIENTED_EDGE('',*,*,#1811,.T.);
#2355=ORIENTED_EDGE('',*,*,#1824,.T.);
#2356=ORIENTED_EDGE('',*,*,#1805,.T.);
#2357=ORIENTED_EDGE('',*,*,#1841,.F.);
#2358=ORIENTED_EDGE('',*,*,#1842,.F.);
#2359=ORIENTED_EDGE('',*,*,#1843,.F.);
#2360=ORIENTED_EDGE('',*,*,#1803,.F.);
#2361=ORIENTED_EDGE('',*,*,#1812,.T.);
#2362=ORIENTED_EDGE('',*,*,#1840,.T.);
#2363=ORIENTED_EDGE('',*,*,#1844,.F.);
#2364=ORIENTED_EDGE('',*,*,#1845,.F.);
#2365=ORIENTED_EDGE('',*,*,#1839,.T.);
#2366=ORIENTED_EDGE('',*,*,#1846,.F.);
#2367=ORIENTED_EDGE('',*,*,#1847,.F.);
#2368=ORIENTED_EDGE('',*,*,#1844,.T.);
#2369=ORIENTED_EDGE('',*,*,#1838,.T.);
#2370=ORIENTED_EDGE('',*,*,#1848,.F.);
#2371=ORIENTED_EDGE('',*,*,#1849,.F.);
#2372=ORIENTED_EDGE('',*,*,#1846,.T.);
#2373=ORIENTED_EDGE('',*,*,#1837,.T.);
#2374=ORIENTED_EDGE('',*,*,#1850,.F.);
#2375=ORIENTED_EDGE('',*,*,#1851,.F.);
#2376=ORIENTED_EDGE('',*,*,#1848,.T.);
#2377=ORIENTED_EDGE('',*,*,#1852,.F.);
#2378=ORIENTED_EDGE('',*,*,#1850,.T.);
#2379=ORIENTED_EDGE('',*,*,#1836,.T.);
#2380=ORIENTED_EDGE('',*,*,#1853,.F.);
#2381=ORIENTED_EDGE('',*,*,#1854,.F.);
#2382=ORIENTED_EDGE('',*,*,#1784,.F.);
#2383=ORIENTED_EDGE('',*,*,#1776,.F.);
#2384=ORIENTED_EDGE('',*,*,#1770,.F.);
#2385=ORIENTED_EDGE('',*,*,#1855,.F.);
#2386=ORIENTED_EDGE('',*,*,#1781,.F.);
#2387=ORIENTED_EDGE('',*,*,#1856,.F.);
#2388=ORIENTED_EDGE('',*,*,#1857,.F.);
#2389=ORIENTED_EDGE('',*,*,#1835,.T.);
#2390=ORIENTED_EDGE('',*,*,#1858,.F.);
#2391=ORIENTED_EDGE('',*,*,#1859,.F.);
#2392=ORIENTED_EDGE('',*,*,#1853,.T.);
#2393=ORIENTED_EDGE('',*,*,#1834,.T.);
#2394=ORIENTED_EDGE('',*,*,#1860,.F.);
#2395=ORIENTED_EDGE('',*,*,#1861,.F.);
#2396=ORIENTED_EDGE('',*,*,#1858,.T.);
#2397=ORIENTED_EDGE('',*,*,#1833,.T.);
#2398=ORIENTED_EDGE('',*,*,#1862,.F.);
#2399=ORIENTED_EDGE('',*,*,#1863,.F.);
#2400=ORIENTED_EDGE('',*,*,#1860,.T.);
#2401=ORIENTED_EDGE('',*,*,#1832,.T.);
#2402=ORIENTED_EDGE('',*,*,#1813,.T.);
#2403=ORIENTED_EDGE('',*,*,#1864,.F.);
#2404=ORIENTED_EDGE('',*,*,#1862,.T.);
#2405=ORIENTED_EDGE('',*,*,#1822,.T.);
#2406=ORIENTED_EDGE('',*,*,#1830,.F.);
#2407=ORIENTED_EDGE('',*,*,#1865,.F.);
#2408=ORIENTED_EDGE('',*,*,#1816,.T.);
#2409=ORIENTED_EDGE('',*,*,#1866,.T.);
#2410=ORIENTED_EDGE('',*,*,#1772,.F.);
#2411=ORIENTED_EDGE('',*,*,#1780,.F.);
#2412=ORIENTED_EDGE('',*,*,#1867,.F.);
#2413=ORIENTED_EDGE('',*,*,#1782,.F.);
#2414=ORIENTED_EDGE('',*,*,#1857,.T.);
#2415=ORIENTED_EDGE('',*,*,#1868,.T.);
#2416=ORIENTED_EDGE('',*,*,#1869,.T.);
#2417=ORIENTED_EDGE('',*,*,#1767,.F.);
#2418=ORIENTED_EDGE('',*,*,#1870,.F.);
#2419=ORIENTED_EDGE('',*,*,#1871,.T.);
#2420=ORIENTED_EDGE('',*,*,#1872,.T.);
#2421=ORIENTED_EDGE('',*,*,#1868,.F.);
#2422=ORIENTED_EDGE('',*,*,#1873,.F.);
#2423=ORIENTED_EDGE('',*,*,#1874,.T.);
#2424=ORIENTED_EDGE('',*,*,#1875,.T.);
#2425=ORIENTED_EDGE('',*,*,#1871,.F.);
#2426=ORIENTED_EDGE('',*,*,#1876,.F.);
#2427=ORIENTED_EDGE('',*,*,#1877,.T.);
#2428=ORIENTED_EDGE('',*,*,#1819,.T.);
#2429=ORIENTED_EDGE('',*,*,#1878,.T.);
#2430=ORIENTED_EDGE('',*,*,#1874,.F.);
#2431=ORIENTED_EDGE('',*,*,#1879,.F.);
#2432=ORIENTED_EDGE('',*,*,#1828,.T.);
#2433=ORIENTED_EDGE('',*,*,#1827,.T.);
#2434=ORIENTED_EDGE('',*,*,#1820,.T.);
#2435=ORIENTED_EDGE('',*,*,#1877,.F.);
#2436=ORIENTED_EDGE('',*,*,#1880,.F.);
#2437=ORIENTED_EDGE('',*,*,#1881,.F.);
#2438=ORIENTED_EDGE('',*,*,#1882,.T.);
#2439=ORIENTED_EDGE('',*,*,#1883,.F.);
#2440=ORIENTED_EDGE('',*,*,#1884,.F.);
#2441=ORIENTED_EDGE('',*,*,#1882,.F.);
#2442=ORIENTED_EDGE('',*,*,#1885,.F.);
#2443=ORIENTED_EDGE('',*,*,#1886,.T.);
#2444=ORIENTED_EDGE('',*,*,#1887,.F.);
#2445=ORIENTED_EDGE('',*,*,#1888,.F.);
#2446=ORIENTED_EDGE('',*,*,#1886,.F.);
#2447=ORIENTED_EDGE('',*,*,#1889,.F.);
#2448=ORIENTED_EDGE('',*,*,#1890,.F.);
#2449=ORIENTED_EDGE('',*,*,#1698,.T.);
#2450=ORIENTED_EDGE('',*,*,#1809,.T.);
#2451=ORIENTED_EDGE('',*,*,#1845,.T.);
#2452=ORIENTED_EDGE('',*,*,#1847,.T.);
#2453=ORIENTED_EDGE('',*,*,#1849,.T.);
#2454=ORIENTED_EDGE('',*,*,#1851,.T.);
#2455=ORIENTED_EDGE('',*,*,#1852,.T.);
#2456=ORIENTED_EDGE('',*,*,#1891,.F.);
#2457=ORIENTED_EDGE('',*,*,#1892,.F.);
#2458=ORIENTED_EDGE('',*,*,#1893,.F.);
#2459=ORIENTED_EDGE('',*,*,#1889,.T.);
#2460=ORIENTED_EDGE('',*,*,#1885,.T.);
#2461=ORIENTED_EDGE('',*,*,#1881,.T.);
#2462=ORIENTED_EDGE('',*,*,#1894,.F.);
#2463=ORIENTED_EDGE('',*,*,#1895,.F.);
#2464=ORIENTED_EDGE('',*,*,#1785,.F.);
#2465=ORIENTED_EDGE('',*,*,#1854,.T.);
#2466=ORIENTED_EDGE('',*,*,#1859,.T.);
#2467=ORIENTED_EDGE('',*,*,#1861,.T.);
#2468=ORIENTED_EDGE('',*,*,#1863,.T.);
#2469=ORIENTED_EDGE('',*,*,#1864,.T.);
#2470=ORIENTED_EDGE('',*,*,#1817,.T.);
#2471=ORIENTED_EDGE('',*,*,#1865,.T.);
#2472=ORIENTED_EDGE('',*,*,#1829,.T.);
#2473=ORIENTED_EDGE('',*,*,#1879,.T.);
#2474=ORIENTED_EDGE('',*,*,#1876,.T.);
#2475=ORIENTED_EDGE('',*,*,#1873,.T.);
#2476=ORIENTED_EDGE('',*,*,#1870,.T.);
#2477=ORIENTED_EDGE('',*,*,#1769,.T.);
#2478=ORIENTED_EDGE('',*,*,#1766,.T.);
#2479=ORIENTED_EDGE('',*,*,#1763,.T.);
#2480=ORIENTED_EDGE('',*,*,#1760,.T.);
#2481=ORIENTED_EDGE('',*,*,#1757,.T.);
#2482=ORIENTED_EDGE('',*,*,#1831,.T.);
#2483=ORIENTED_EDGE('',*,*,#1895,.T.);
#2484=ORIENTED_EDGE('',*,*,#1896,.F.);
#2485=ORIENTED_EDGE('',*,*,#1788,.F.);
#2486=ORIENTED_EDGE('',*,*,#1786,.T.);
#2487=ORIENTED_EDGE('',*,*,#1894,.T.);
#2488=ORIENTED_EDGE('',*,*,#1880,.T.);
#2489=ORIENTED_EDGE('',*,*,#1897,.F.);
#2490=ORIENTED_EDGE('',*,*,#1898,.T.);
#2491=ORIENTED_EDGE('',*,*,#1899,.F.);
#2492=ORIENTED_EDGE('',*,*,#1789,.F.);
#2493=ORIENTED_EDGE('',*,*,#1896,.T.);
#2494=ORIENTED_EDGE('',*,*,#1883,.T.);
#2495=ORIENTED_EDGE('',*,*,#1884,.T.);
#2496=ORIENTED_EDGE('',*,*,#1900,.F.);
#2497=ORIENTED_EDGE('',*,*,#1901,.F.);
#2498=ORIENTED_EDGE('',*,*,#1902,.T.);
#2499=ORIENTED_EDGE('',*,*,#1897,.T.);
#2500=ORIENTED_EDGE('',*,*,#1887,.T.);
#2501=ORIENTED_EDGE('',*,*,#1888,.T.);
#2502=ORIENTED_EDGE('',*,*,#1903,.T.);
#2503=ORIENTED_EDGE('',*,*,#1904,.F.);
#2504=ORIENTED_EDGE('',*,*,#1905,.F.);
#2505=ORIENTED_EDGE('',*,*,#1900,.T.);
#2506=ORIENTED_EDGE('',*,*,#1906,.F.);
#2507=ORIENTED_EDGE('',*,*,#1907,.F.);
#2508=ORIENTED_EDGE('',*,*,#1807,.F.);
#2509=ORIENTED_EDGE('',*,*,#1826,.F.);
#2510=ORIENTED_EDGE('',*,*,#1754,.F.);
#2511=ORIENTED_EDGE('',*,*,#1759,.F.);
#2512=ORIENTED_EDGE('',*,*,#1762,.F.);
#2513=ORIENTED_EDGE('',*,*,#1765,.F.);
#2514=ORIENTED_EDGE('',*,*,#1768,.F.);
#2515=ORIENTED_EDGE('',*,*,#1869,.F.);
#2516=ORIENTED_EDGE('',*,*,#1872,.F.);
#2517=ORIENTED_EDGE('',*,*,#1875,.F.);
#2518=ORIENTED_EDGE('',*,*,#1878,.F.);
#2519=ORIENTED_EDGE('',*,*,#1818,.T.);
#2520=ORIENTED_EDGE('',*,*,#1801,.T.);
#2521=ORIENTED_EDGE('',*,*,#1908,.F.);
#2522=ORIENTED_EDGE('',*,*,#1909,.T.);
#2523=ORIENTED_EDGE('',*,*,#1910,.F.);
#2524=ORIENTED_EDGE('',*,*,#1911,.F.);
#2525=ORIENTED_EDGE('',*,*,#1909,.F.);
#2526=ORIENTED_EDGE('',*,*,#1912,.T.);
#2527=ORIENTED_EDGE('',*,*,#1913,.T.);
#2528=ORIENTED_EDGE('',*,*,#1914,.F.);
#2529=ORIENTED_EDGE('',*,*,#1915,.T.);
#2530=ORIENTED_EDGE('',*,*,#1916,.T.);
#2531=ORIENTED_EDGE('',*,*,#1917,.T.);
#2532=ORIENTED_EDGE('',*,*,#1792,.T.);
#2533=ORIENTED_EDGE('',*,*,#1918,.T.);
#2534=ORIENTED_EDGE('',*,*,#1919,.T.);
#2535=ORIENTED_EDGE('',*,*,#1920,.T.);
#2536=ORIENTED_EDGE('',*,*,#1921,.T.);
#2537=ORIENTED_EDGE('',*,*,#1921,.F.);
#2538=ORIENTED_EDGE('',*,*,#1922,.F.);
#2539=ORIENTED_EDGE('',*,*,#1923,.F.);
#2540=ORIENTED_EDGE('',*,*,#1924,.T.);
#2541=ORIENTED_EDGE('',*,*,#1920,.F.);
#2542=ORIENTED_EDGE('',*,*,#1925,.F.);
#2543=ORIENTED_EDGE('',*,*,#1926,.F.);
#2544=ORIENTED_EDGE('',*,*,#1922,.T.);
#2545=ORIENTED_EDGE('',*,*,#1919,.F.);
#2546=ORIENTED_EDGE('',*,*,#1927,.F.);
#2547=ORIENTED_EDGE('',*,*,#1928,.F.);
#2548=ORIENTED_EDGE('',*,*,#1925,.T.);
#2549=ORIENTED_EDGE('',*,*,#1918,.F.);
#2550=ORIENTED_EDGE('',*,*,#1791,.T.);
#2551=ORIENTED_EDGE('',*,*,#1929,.T.);
#2552=ORIENTED_EDGE('',*,*,#1930,.T.);
#2553=ORIENTED_EDGE('',*,*,#1901,.T.);
#2554=ORIENTED_EDGE('',*,*,#1905,.T.);
#2555=ORIENTED_EDGE('',*,*,#1931,.T.);
#2556=ORIENTED_EDGE('',*,*,#1932,.T.);
#2557=ORIENTED_EDGE('',*,*,#1800,.T.);
#2558=ORIENTED_EDGE('',*,*,#1933,.F.);
#2559=ORIENTED_EDGE('',*,*,#1934,.T.);
#2560=ORIENTED_EDGE('',*,*,#1935,.F.);
#2561=ORIENTED_EDGE('',*,*,#1736,.F.);
#2562=ORIENTED_EDGE('',*,*,#1936,.F.);
#2563=ORIENTED_EDGE('',*,*,#1937,.F.);
#2564=ORIENTED_EDGE('',*,*,#1938,.F.);
#2565=ORIENTED_EDGE('',*,*,#1939,.T.);
#2566=ORIENTED_EDGE('',*,*,#1940,.T.);
#2567=ORIENTED_EDGE('',*,*,#1941,.T.);
#2568=ORIENTED_EDGE('',*,*,#1701,.F.);
#2569=ORIENTED_EDGE('',*,*,#1942,.F.);
#2570=ORIENTED_EDGE('',*,*,#1927,.T.);
#2571=ORIENTED_EDGE('',*,*,#1943,.T.);
#2572=ORIENTED_EDGE('',*,*,#1944,.T.);
#2573=ORIENTED_EDGE('',*,*,#1687,.T.);
#2574=ORIENTED_EDGE('',*,*,#1712,.T.);
#2575=ORIENTED_EDGE('',*,*,#1945,.T.);
#2576=ORIENTED_EDGE('',*,*,#1946,.T.);
#2577=ORIENTED_EDGE('',*,*,#1947,.T.);
#2578=ORIENTED_EDGE('',*,*,#1923,.T.);
#2579=ORIENTED_EDGE('',*,*,#1926,.T.);
#2580=ORIENTED_EDGE('',*,*,#1928,.T.);
#2581=ORIENTED_EDGE('',*,*,#1942,.T.);
#2582=ORIENTED_EDGE('',*,*,#1700,.T.);
#2583=ORIENTED_EDGE('',*,*,#1908,.T.);
#2584=ORIENTED_EDGE('',*,*,#1948,.T.);
#2585=ORIENTED_EDGE('',*,*,#1726,.F.);
#2586=ORIENTED_EDGE('',*,*,#1949,.F.);
#2587=ORIENTED_EDGE('',*,*,#1950,.F.);
#2588=ORIENTED_EDGE('',*,*,#1951,.F.);
#2589=ORIENTED_EDGE('',*,*,#1798,.T.);
#2590=ORIENTED_EDGE('',*,*,#1773,.T.);
#2591=ORIENTED_EDGE('',*,*,#1866,.F.);
#2592=ORIENTED_EDGE('',*,*,#1779,.T.);
#2593=ORIENTED_EDGE('',*,*,#1793,.T.);
#2594=ORIENTED_EDGE('',*,*,#1917,.F.);
#2595=ORIENTED_EDGE('',*,*,#1952,.F.);
#2596=ORIENTED_EDGE('',*,*,#1945,.F.);
#2597=ORIENTED_EDGE('',*,*,#1711,.F.);
#2598=ORIENTED_EDGE('',*,*,#1953,.F.);
#2599=ORIENTED_EDGE('',*,*,#1912,.F.);
#2600=ORIENTED_EDGE('',*,*,#1954,.F.);
#2601=ORIENTED_EDGE('',*,*,#1955,.F.);
#2602=ORIENTED_EDGE('',*,*,#1951,.T.);
#2603=ORIENTED_EDGE('',*,*,#1956,.T.);
#2604=ORIENTED_EDGE('',*,*,#1957,.T.);
#2605=ORIENTED_EDGE('',*,*,#1958,.T.);
#2606=ORIENTED_EDGE('',*,*,#1959,.T.);
#2607=ORIENTED_EDGE('',*,*,#1960,.T.);
#2608=ORIENTED_EDGE('',*,*,#1933,.T.);
#2609=ORIENTED_EDGE('',*,*,#1799,.T.);
#2610=ORIENTED_EDGE('',*,*,#1957,.F.);
#2611=ORIENTED_EDGE('',*,*,#1961,.T.);
#2612=ORIENTED_EDGE('',*,*,#1962,.F.);
#2613=ORIENTED_EDGE('',*,*,#1963,.F.);
#2614=ORIENTED_EDGE('',*,*,#1956,.F.);
#2615=ORIENTED_EDGE('',*,*,#1950,.T.);
#2616=ORIENTED_EDGE('',*,*,#1964,.F.);
#2617=ORIENTED_EDGE('',*,*,#1961,.F.);
#2618=ORIENTED_EDGE('',*,*,#1694,.T.);
#2619=ORIENTED_EDGE('',*,*,#1737,.T.);
#2620=ORIENTED_EDGE('',*,*,#1935,.T.);
#2621=ORIENTED_EDGE('',*,*,#1965,.T.);
#2622=ORIENTED_EDGE('',*,*,#1966,.T.);
#2623=ORIENTED_EDGE('',*,*,#1967,.T.);
#2624=ORIENTED_EDGE('',*,*,#1962,.T.);
#2625=ORIENTED_EDGE('',*,*,#1964,.T.);
#2626=ORIENTED_EDGE('',*,*,#1949,.T.);
#2627=ORIENTED_EDGE('',*,*,#1725,.T.);
#2628=ORIENTED_EDGE('',*,*,#1958,.F.);
#2629=ORIENTED_EDGE('',*,*,#1963,.T.);
#2630=ORIENTED_EDGE('',*,*,#1967,.F.);
#2631=ORIENTED_EDGE('',*,*,#1968,.F.);
#2632=ORIENTED_EDGE('',*,*,#1959,.F.);
#2633=ORIENTED_EDGE('',*,*,#1968,.T.);
#2634=ORIENTED_EDGE('',*,*,#1966,.F.);
#2635=ORIENTED_EDGE('',*,*,#1969,.F.);
#2636=ORIENTED_EDGE('',*,*,#1960,.F.);
#2637=ORIENTED_EDGE('',*,*,#1969,.T.);
#2638=ORIENTED_EDGE('',*,*,#1965,.F.);
#2639=ORIENTED_EDGE('',*,*,#1934,.F.);
#2640=ORIENTED_EDGE('',*,*,#1893,.T.);
#2641=ORIENTED_EDGE('',*,*,#1970,.F.);
#2642=ORIENTED_EDGE('',*,*,#1795,.F.);
#2643=ORIENTED_EDGE('',*,*,#1971,.F.);
#2644=ORIENTED_EDGE('',*,*,#1972,.T.);
#2645=ORIENTED_EDGE('',*,*,#1903,.F.);
#2646=ORIENTED_EDGE('',*,*,#1890,.T.);
#2647=ORIENTED_EDGE('',*,*,#1972,.F.);
#2648=ORIENTED_EDGE('',*,*,#1973,.F.);
#2649=ORIENTED_EDGE('',*,*,#1931,.F.);
#2650=ORIENTED_EDGE('',*,*,#1904,.T.);
#2651=ORIENTED_EDGE('',*,*,#1899,.T.);
#2652=ORIENTED_EDGE('',*,*,#1974,.F.);
#2653=ORIENTED_EDGE('',*,*,#1929,.F.);
#2654=ORIENTED_EDGE('',*,*,#1790,.F.);
#2655=ORIENTED_EDGE('',*,*,#1898,.F.);
#2656=ORIENTED_EDGE('',*,*,#1902,.F.);
#2657=ORIENTED_EDGE('',*,*,#1930,.F.);
#2658=ORIENTED_EDGE('',*,*,#1974,.T.);
#2659=ORIENTED_EDGE('',*,*,#1971,.T.);
#2660=ORIENTED_EDGE('',*,*,#1794,.F.);
#2661=ORIENTED_EDGE('',*,*,#1932,.F.);
#2662=ORIENTED_EDGE('',*,*,#1973,.T.);
#2663=ORIENTED_EDGE('',*,*,#1892,.T.);
#2664=ORIENTED_EDGE('',*,*,#1975,.F.);
#2665=ORIENTED_EDGE('',*,*,#1796,.F.);
#2666=ORIENTED_EDGE('',*,*,#1970,.T.);
#2667=ORIENTED_EDGE('',*,*,#1856,.T.);
#2668=ORIENTED_EDGE('',*,*,#1783,.T.);
#2669=ORIENTED_EDGE('',*,*,#1867,.T.);
#2670=ORIENTED_EDGE('',*,*,#1855,.T.);
#2671=ORIENTED_EDGE('',*,*,#1775,.F.);
#2672=ORIENTED_EDGE('',*,*,#1797,.F.);
#2673=ORIENTED_EDGE('',*,*,#1975,.T.);
#2674=ORIENTED_EDGE('',*,*,#1891,.T.);
#2675=ORIENTED_EDGE('',*,*,#1842,.T.);
#2676=ORIENTED_EDGE('',*,*,#1976,.F.);
#2677=ORIENTED_EDGE('',*,*,#1977,.T.);
#2678=ORIENTED_EDGE('',*,*,#1978,.T.);
#2679=ORIENTED_EDGE('',*,*,#1910,.T.);
#2680=ORIENTED_EDGE('',*,*,#1914,.T.);
#2681=ORIENTED_EDGE('',*,*,#1979,.T.);
#2682=ORIENTED_EDGE('',*,*,#1980,.T.);
#2683=ORIENTED_EDGE('',*,*,#1981,.F.);
#2684=ORIENTED_EDGE('',*,*,#1841,.T.);
#2685=ORIENTED_EDGE('',*,*,#1808,.T.);
#2686=ORIENTED_EDGE('',*,*,#1907,.T.);
#2687=ORIENTED_EDGE('',*,*,#1982,.T.);
#2688=ORIENTED_EDGE('',*,*,#1983,.T.);
#2689=ORIENTED_EDGE('',*,*,#1984,.T.);
#2690=ORIENTED_EDGE('',*,*,#1985,.T.);
#2691=ORIENTED_EDGE('',*,*,#1986,.T.);
#2692=ORIENTED_EDGE('',*,*,#1729,.T.);
#2693=ORIENTED_EDGE('',*,*,#1987,.T.);
#2694=ORIENTED_EDGE('',*,*,#1976,.T.);
#2695=ORIENTED_EDGE('',*,*,#1988,.F.);
#2696=ORIENTED_EDGE('',*,*,#1989,.F.);
#2697=ORIENTED_EDGE('',*,*,#1990,.T.);
#2698=ORIENTED_EDGE('',*,*,#1991,.F.);
#2699=ORIENTED_EDGE('',*,*,#1992,.F.);
#2700=ORIENTED_EDGE('',*,*,#1993,.T.);
#2701=ORIENTED_EDGE('',*,*,#1994,.F.);
#2702=ORIENTED_EDGE('',*,*,#1993,.F.);
#2703=ORIENTED_EDGE('',*,*,#1995,.F.);
#2704=ORIENTED_EDGE('',*,*,#1996,.T.);
#2705=ORIENTED_EDGE('',*,*,#1997,.T.);
#2706=ORIENTED_EDGE('',*,*,#1998,.F.);
#2707=ORIENTED_EDGE('',*,*,#1997,.F.);
#2708=ORIENTED_EDGE('',*,*,#1999,.F.);
#2709=ORIENTED_EDGE('',*,*,#2000,.F.);
#2710=ORIENTED_EDGE('',*,*,#1989,.T.);
#2711=ORIENTED_EDGE('',*,*,#2001,.F.);
#2712=ORIENTED_EDGE('',*,*,#2002,.F.);
#2713=ORIENTED_EDGE('',*,*,#2003,.T.);
#2714=ORIENTED_EDGE('',*,*,#2004,.T.);
#2715=ORIENTED_EDGE('',*,*,#1988,.T.);
#2716=ORIENTED_EDGE('',*,*,#1994,.T.);
#2717=ORIENTED_EDGE('',*,*,#1998,.T.);
#2718=ORIENTED_EDGE('',*,*,#2005,.F.);
#2719=ORIENTED_EDGE('',*,*,#2006,.F.);
#2720=ORIENTED_EDGE('',*,*,#2001,.T.);
#2721=ORIENTED_EDGE('',*,*,#2000,.T.);
#2722=ORIENTED_EDGE('',*,*,#2007,.F.);
#2723=ORIENTED_EDGE('',*,*,#2008,.F.);
#2724=ORIENTED_EDGE('',*,*,#2005,.T.);
#2725=ORIENTED_EDGE('',*,*,#1999,.T.);
#2726=ORIENTED_EDGE('',*,*,#1996,.F.);
#2727=ORIENTED_EDGE('',*,*,#2009,.F.);
#2728=ORIENTED_EDGE('',*,*,#2007,.T.);
#2729=ORIENTED_EDGE('',*,*,#2010,.T.);
#2730=ORIENTED_EDGE('',*,*,#2003,.F.);
#2731=ORIENTED_EDGE('',*,*,#2011,.F.);
#2732=ORIENTED_EDGE('',*,*,#1991,.T.);
#2733=ORIENTED_EDGE('',*,*,#1990,.F.);
#2734=ORIENTED_EDGE('',*,*,#2004,.F.);
#2735=ORIENTED_EDGE('',*,*,#2010,.F.);
#2736=ORIENTED_EDGE('',*,*,#2012,.F.);
#2737=ORIENTED_EDGE('',*,*,#1713,.F.);
#2738=ORIENTED_EDGE('',*,*,#2013,.T.);
#2739=ORIENTED_EDGE('',*,*,#2014,.T.);
#2740=ORIENTED_EDGE('',*,*,#2015,.F.);
#2741=ORIENTED_EDGE('',*,*,#1714,.F.);
#2742=ORIENTED_EDGE('',*,*,#2012,.T.);
#2743=ORIENTED_EDGE('',*,*,#2016,.T.);
#2744=ORIENTED_EDGE('',*,*,#2017,.F.);
#2745=ORIENTED_EDGE('',*,*,#1715,.F.);
#2746=ORIENTED_EDGE('',*,*,#2015,.T.);
#2747=ORIENTED_EDGE('',*,*,#2018,.T.);
#2748=ORIENTED_EDGE('',*,*,#2019,.F.);
#2749=ORIENTED_EDGE('',*,*,#2020,.F.);
#2750=ORIENTED_EDGE('',*,*,#1716,.F.);
#2751=ORIENTED_EDGE('',*,*,#2017,.T.);
#2752=ORIENTED_EDGE('',*,*,#2019,.T.);
#2753=ORIENTED_EDGE('',*,*,#2021,.T.);
#2754=ORIENTED_EDGE('',*,*,#2022,.F.);
#2755=ORIENTED_EDGE('',*,*,#1717,.F.);
#2756=ORIENTED_EDGE('',*,*,#2020,.T.);
#2757=ORIENTED_EDGE('',*,*,#2023,.T.);
#2758=ORIENTED_EDGE('',*,*,#2024,.F.);
#2759=ORIENTED_EDGE('',*,*,#1718,.F.);
#2760=ORIENTED_EDGE('',*,*,#2022,.T.);
#2761=ORIENTED_EDGE('',*,*,#2025,.T.);
#2762=ORIENTED_EDGE('',*,*,#2026,.F.);
#2763=ORIENTED_EDGE('',*,*,#1719,.F.);
#2764=ORIENTED_EDGE('',*,*,#2024,.T.);
#2765=ORIENTED_EDGE('',*,*,#2027,.T.);
#2766=ORIENTED_EDGE('',*,*,#2028,.F.);
#2767=ORIENTED_EDGE('',*,*,#2026,.T.);
#2768=ORIENTED_EDGE('',*,*,#2029,.F.);
#2769=ORIENTED_EDGE('',*,*,#1720,.F.);
#2770=ORIENTED_EDGE('',*,*,#2030,.F.);
#2771=ORIENTED_EDGE('',*,*,#1721,.F.);
#2772=ORIENTED_EDGE('',*,*,#2029,.T.);
#2773=ORIENTED_EDGE('',*,*,#2028,.T.);
#2774=ORIENTED_EDGE('',*,*,#2031,.T.);
#2775=ORIENTED_EDGE('',*,*,#2032,.F.);
#2776=ORIENTED_EDGE('',*,*,#1722,.F.);
#2777=ORIENTED_EDGE('',*,*,#2030,.T.);
#2778=ORIENTED_EDGE('',*,*,#2033,.T.);
#2779=ORIENTED_EDGE('',*,*,#2034,.F.);
#2780=ORIENTED_EDGE('',*,*,#1723,.F.);
#2781=ORIENTED_EDGE('',*,*,#2032,.T.);
#2782=ORIENTED_EDGE('',*,*,#2035,.T.);
#2783=ORIENTED_EDGE('',*,*,#2036,.F.);
#2784=ORIENTED_EDGE('',*,*,#2013,.F.);
#2785=ORIENTED_EDGE('',*,*,#1724,.F.);
#2786=ORIENTED_EDGE('',*,*,#2034,.T.);
#2787=ORIENTED_EDGE('',*,*,#2036,.T.);
#2788=ORIENTED_EDGE('',*,*,#2037,.T.);
#2789=ORIENTED_EDGE('',*,*,#2016,.F.);
#2790=ORIENTED_EDGE('',*,*,#2014,.F.);
#2791=ORIENTED_EDGE('',*,*,#2037,.F.);
#2792=ORIENTED_EDGE('',*,*,#2035,.F.);
#2793=ORIENTED_EDGE('',*,*,#2033,.F.);
#2794=ORIENTED_EDGE('',*,*,#2031,.F.);
#2795=ORIENTED_EDGE('',*,*,#2027,.F.);
#2796=ORIENTED_EDGE('',*,*,#2025,.F.);
#2797=ORIENTED_EDGE('',*,*,#2023,.F.);
#2798=ORIENTED_EDGE('',*,*,#2021,.F.);
#2799=ORIENTED_EDGE('',*,*,#2018,.F.);
#2800=ORIENTED_EDGE('',*,*,#2002,.T.);
#2801=ORIENTED_EDGE('',*,*,#2006,.T.);
#2802=ORIENTED_EDGE('',*,*,#2008,.T.);
#2803=ORIENTED_EDGE('',*,*,#2009,.T.);
#2804=ORIENTED_EDGE('',*,*,#1995,.T.);
#2805=ORIENTED_EDGE('',*,*,#1992,.T.);
#2806=ORIENTED_EDGE('',*,*,#2011,.T.);
#2807=ORIENTED_EDGE('',*,*,#2038,.T.);
#2808=ORIENTED_EDGE('',*,*,#2039,.F.);
#2809=ORIENTED_EDGE('',*,*,#2040,.F.);
#2810=ORIENTED_EDGE('',*,*,#2041,.T.);
#2811=ORIENTED_EDGE('',*,*,#2042,.F.);
#2812=ORIENTED_EDGE('',*,*,#2043,.T.);
#2813=ORIENTED_EDGE('',*,*,#2044,.T.);
#2814=ORIENTED_EDGE('',*,*,#2045,.F.);
#2815=ORIENTED_EDGE('',*,*,#2046,.F.);
#2816=ORIENTED_EDGE('',*,*,#2047,.F.);
#2817=ORIENTED_EDGE('',*,*,#2039,.T.);
#2818=ORIENTED_EDGE('',*,*,#2048,.T.);
#2819=ORIENTED_EDGE('',*,*,#2049,.T.);
#2820=ORIENTED_EDGE('',*,*,#2050,.T.);
#2821=ORIENTED_EDGE('',*,*,#2045,.T.);
#2822=ORIENTED_EDGE('',*,*,#2043,.F.);
#2823=ORIENTED_EDGE('',*,*,#2051,.F.);
#2824=ORIENTED_EDGE('',*,*,#2052,.F.);
#2825=ORIENTED_EDGE('',*,*,#2053,.F.);
#2826=ORIENTED_EDGE('',*,*,#2054,.T.);
#2827=ORIENTED_EDGE('',*,*,#2038,.F.);
#2828=ORIENTED_EDGE('',*,*,#2054,.F.);
#2829=ORIENTED_EDGE('',*,*,#2055,.F.);
#2830=ORIENTED_EDGE('',*,*,#2056,.T.);
#2831=ORIENTED_EDGE('',*,*,#2048,.F.);
#2832=ORIENTED_EDGE('',*,*,#2044,.F.);
#2833=ORIENTED_EDGE('',*,*,#2049,.F.);
#2834=ORIENTED_EDGE('',*,*,#2056,.F.);
#2835=ORIENTED_EDGE('',*,*,#2057,.F.);
#2836=ORIENTED_EDGE('',*,*,#2058,.T.);
#2837=ORIENTED_EDGE('',*,*,#2050,.F.);
#2838=ORIENTED_EDGE('',*,*,#2058,.F.);
#2839=ORIENTED_EDGE('',*,*,#2059,.F.);
#2840=ORIENTED_EDGE('',*,*,#2046,.T.);
#2841=ORIENTED_EDGE('',*,*,#2060,.F.);
#2842=ORIENTED_EDGE('',*,*,#2041,.F.);
#2843=ORIENTED_EDGE('',*,*,#2061,.F.);
#2844=ORIENTED_EDGE('',*,*,#2052,.T.);
#2845=ORIENTED_EDGE('',*,*,#2042,.T.);
#2846=ORIENTED_EDGE('',*,*,#2060,.T.);
#2847=ORIENTED_EDGE('',*,*,#2051,.T.);
#2848=ORIENTED_EDGE('',*,*,#2062,.T.);
#2849=ORIENTED_EDGE('',*,*,#2063,.F.);
#2850=ORIENTED_EDGE('',*,*,#2064,.F.);
#2851=ORIENTED_EDGE('',*,*,#1738,.F.);
#2852=ORIENTED_EDGE('',*,*,#2065,.T.);
#2853=ORIENTED_EDGE('',*,*,#2066,.F.);
#2854=ORIENTED_EDGE('',*,*,#2062,.F.);
#2855=ORIENTED_EDGE('',*,*,#1749,.F.);
#2856=ORIENTED_EDGE('',*,*,#2067,.T.);
#2857=ORIENTED_EDGE('',*,*,#2068,.T.);
#2858=ORIENTED_EDGE('',*,*,#2069,.F.);
#2859=ORIENTED_EDGE('',*,*,#2065,.F.);
#2860=ORIENTED_EDGE('',*,*,#1748,.F.);
#2861=ORIENTED_EDGE('',*,*,#2070,.T.);
#2862=ORIENTED_EDGE('',*,*,#2071,.F.);
#2863=ORIENTED_EDGE('',*,*,#2068,.F.);
#2864=ORIENTED_EDGE('',*,*,#2067,.F.);
#2865=ORIENTED_EDGE('',*,*,#1747,.F.);
#2866=ORIENTED_EDGE('',*,*,#2072,.T.);
#2867=ORIENTED_EDGE('',*,*,#2073,.F.);
#2868=ORIENTED_EDGE('',*,*,#2070,.F.);
#2869=ORIENTED_EDGE('',*,*,#1746,.F.);
#2870=ORIENTED_EDGE('',*,*,#2074,.T.);
#2871=ORIENTED_EDGE('',*,*,#2075,.F.);
#2872=ORIENTED_EDGE('',*,*,#2072,.F.);
#2873=ORIENTED_EDGE('',*,*,#1745,.F.);
#2874=ORIENTED_EDGE('',*,*,#2076,.T.);
#2875=ORIENTED_EDGE('',*,*,#2077,.T.);
#2876=ORIENTED_EDGE('',*,*,#2078,.F.);
#2877=ORIENTED_EDGE('',*,*,#2074,.F.);
#2878=ORIENTED_EDGE('',*,*,#1744,.F.);
#2879=ORIENTED_EDGE('',*,*,#2076,.F.);
#2880=ORIENTED_EDGE('',*,*,#1743,.F.);
#2881=ORIENTED_EDGE('',*,*,#2079,.T.);
#2882=ORIENTED_EDGE('',*,*,#2080,.T.);
#2883=ORIENTED_EDGE('',*,*,#2081,.F.);
#2884=ORIENTED_EDGE('',*,*,#2077,.F.);
#2885=ORIENTED_EDGE('',*,*,#2079,.F.);
#2886=ORIENTED_EDGE('',*,*,#1742,.F.);
#2887=ORIENTED_EDGE('',*,*,#2082,.T.);
#2888=ORIENTED_EDGE('',*,*,#2083,.F.);
#2889=ORIENTED_EDGE('',*,*,#2080,.F.);
#2890=ORIENTED_EDGE('',*,*,#1741,.F.);
#2891=ORIENTED_EDGE('',*,*,#2084,.T.);
#2892=ORIENTED_EDGE('',*,*,#2085,.T.);
#2893=ORIENTED_EDGE('',*,*,#2086,.F.);
#2894=ORIENTED_EDGE('',*,*,#2082,.F.);
#2895=ORIENTED_EDGE('',*,*,#1740,.F.);
#2896=ORIENTED_EDGE('',*,*,#2064,.T.);
#2897=ORIENTED_EDGE('',*,*,#2087,.F.);
#2898=ORIENTED_EDGE('',*,*,#2085,.F.);
#2899=ORIENTED_EDGE('',*,*,#2084,.F.);
#2900=ORIENTED_EDGE('',*,*,#1739,.F.);
#2901=ORIENTED_EDGE('',*,*,#2066,.T.);
#2902=ORIENTED_EDGE('',*,*,#2069,.T.);
#2903=ORIENTED_EDGE('',*,*,#2071,.T.);
#2904=ORIENTED_EDGE('',*,*,#2073,.T.);
#2905=ORIENTED_EDGE('',*,*,#2075,.T.);
#2906=ORIENTED_EDGE('',*,*,#2078,.T.);
#2907=ORIENTED_EDGE('',*,*,#2081,.T.);
#2908=ORIENTED_EDGE('',*,*,#2083,.T.);
#2909=ORIENTED_EDGE('',*,*,#2086,.T.);
#2910=ORIENTED_EDGE('',*,*,#2087,.T.);
#2911=ORIENTED_EDGE('',*,*,#2063,.T.);
#2912=ORIENTED_EDGE('',*,*,#2053,.T.);
#2913=ORIENTED_EDGE('',*,*,#2061,.T.);
#2914=ORIENTED_EDGE('',*,*,#2040,.T.);
#2915=ORIENTED_EDGE('',*,*,#2047,.T.);
#2916=ORIENTED_EDGE('',*,*,#2059,.T.);
#2917=ORIENTED_EDGE('',*,*,#2057,.T.);
#2918=ORIENTED_EDGE('',*,*,#2055,.T.);
#2919=ORIENTED_EDGE('',*,*,#1915,.F.);
#2920=ORIENTED_EDGE('',*,*,#1924,.F.);
#2921=ORIENTED_EDGE('',*,*,#1947,.F.);
#2922=ORIENTED_EDGE('',*,*,#2088,.T.);
#2923=ORIENTED_EDGE('',*,*,#1916,.F.);
#2924=ORIENTED_EDGE('',*,*,#2088,.F.);
#2925=ORIENTED_EDGE('',*,*,#1946,.F.);
#2926=ORIENTED_EDGE('',*,*,#1952,.T.);
#2927=ORIENTED_EDGE('',*,*,#2089,.F.);
#2928=ORIENTED_EDGE('',*,*,#2090,.F.);
#2929=ORIENTED_EDGE('',*,*,#1732,.F.);
#2930=ORIENTED_EDGE('',*,*,#2091,.F.);
#2931=ORIENTED_EDGE('',*,*,#1984,.F.);
#2932=ORIENTED_EDGE('',*,*,#2092,.F.);
#2933=ORIENTED_EDGE('',*,*,#2093,.F.);
#2934=ORIENTED_EDGE('',*,*,#2094,.F.);
#2935=ORIENTED_EDGE('',*,*,#1705,.F.);
#2936=ORIENTED_EDGE('',*,*,#2095,.F.);
#2937=ORIENTED_EDGE('',*,*,#2096,.F.);
#2938=ORIENTED_EDGE('',*,*,#2097,.F.);
#2939=ORIENTED_EDGE('',*,*,#1843,.T.);
#2940=ORIENTED_EDGE('',*,*,#1981,.T.);
#2941=ORIENTED_EDGE('',*,*,#2098,.T.);
#2942=ORIENTED_EDGE('',*,*,#1708,.T.);
#2943=ORIENTED_EDGE('',*,*,#2099,.T.);
#2944=ORIENTED_EDGE('',*,*,#2100,.T.);
#2945=ORIENTED_EDGE('',*,*,#2093,.T.);
#2946=ORIENTED_EDGE('',*,*,#2101,.T.);
#2947=ORIENTED_EDGE('',*,*,#1982,.F.);
#2948=ORIENTED_EDGE('',*,*,#1906,.T.);
#2949=ORIENTED_EDGE('',*,*,#1804,.T.);
#2950=ORIENTED_EDGE('',*,*,#2092,.T.);
#2951=ORIENTED_EDGE('',*,*,#1983,.F.);
#2952=ORIENTED_EDGE('',*,*,#2101,.F.);
#2953=ORIENTED_EDGE('',*,*,#2097,.T.);
#2954=ORIENTED_EDGE('',*,*,#2102,.T.);
#2955=ORIENTED_EDGE('',*,*,#2089,.T.);
#2956=ORIENTED_EDGE('',*,*,#2102,.F.);
#2957=ORIENTED_EDGE('',*,*,#2096,.T.);
#2958=ORIENTED_EDGE('',*,*,#2103,.T.);
#2959=ORIENTED_EDGE('',*,*,#2104,.F.);
#2960=ORIENTED_EDGE('',*,*,#2105,.T.);
#2961=ORIENTED_EDGE('',*,*,#2095,.T.);
#2962=ORIENTED_EDGE('',*,*,#1704,.F.);
#2963=ORIENTED_EDGE('',*,*,#2106,.F.);
#2964=ORIENTED_EDGE('',*,*,#2103,.F.);
#2965=ORIENTED_EDGE('',*,*,#2090,.T.);
#2966=ORIENTED_EDGE('',*,*,#2105,.F.);
#2967=ORIENTED_EDGE('',*,*,#2107,.F.);
#2968=ORIENTED_EDGE('',*,*,#1733,.F.);
#2969=ORIENTED_EDGE('',*,*,#2106,.T.);
#2970=ORIENTED_EDGE('',*,*,#1703,.F.);
#2971=ORIENTED_EDGE('',*,*,#2108,.T.);
#2972=ORIENTED_EDGE('',*,*,#2109,.T.);
#2973=ORIENTED_EDGE('',*,*,#2110,.T.);
#2974=ORIENTED_EDGE('',*,*,#1734,.F.);
#2975=ORIENTED_EDGE('',*,*,#2107,.T.);
#2976=ORIENTED_EDGE('',*,*,#2104,.T.);
#2977=ORIENTED_EDGE('',*,*,#2094,.T.);
#2978=ORIENTED_EDGE('',*,*,#2100,.F.);
#2979=ORIENTED_EDGE('',*,*,#2111,.T.);
#2980=ORIENTED_EDGE('',*,*,#1706,.F.);
#2981=ORIENTED_EDGE('',*,*,#1707,.F.);
#2982=ORIENTED_EDGE('',*,*,#2111,.F.);
#2983=ORIENTED_EDGE('',*,*,#2099,.F.);
#2984=ORIENTED_EDGE('',*,*,#1980,.F.);
#2985=ORIENTED_EDGE('',*,*,#1709,.F.);
#2986=ORIENTED_EDGE('',*,*,#2098,.F.);
#2987=ORIENTED_EDGE('',*,*,#1977,.F.);
#2988=ORIENTED_EDGE('',*,*,#1987,.F.);
#2989=ORIENTED_EDGE('',*,*,#1728,.F.);
#2990=ORIENTED_EDGE('',*,*,#2091,.T.);
#2991=ORIENTED_EDGE('',*,*,#1731,.F.);
#2992=ORIENTED_EDGE('',*,*,#2112,.F.);
#2993=ORIENTED_EDGE('',*,*,#1985,.F.);
#2994=ORIENTED_EDGE('',*,*,#1730,.F.);
#2995=ORIENTED_EDGE('',*,*,#1986,.F.);
#2996=ORIENTED_EDGE('',*,*,#2112,.T.);
#2997=ORIENTED_EDGE('',*,*,#1943,.F.);
#2998=ORIENTED_EDGE('',*,*,#2113,.T.);
#2999=ORIENTED_EDGE('',*,*,#1689,.T.);
#3000=ORIENTED_EDGE('',*,*,#1684,.T.);
#3001=ORIENTED_EDGE('',*,*,#2114,.T.);
#3002=ORIENTED_EDGE('',*,*,#1954,.T.);
#3003=ORIENTED_EDGE('',*,*,#2114,.F.);
#3004=ORIENTED_EDGE('',*,*,#1683,.T.);
#3005=ORIENTED_EDGE('',*,*,#1660,.T.);
#3006=ORIENTED_EDGE('',*,*,#1676,.T.);
#3007=ORIENTED_EDGE('',*,*,#1662,.T.);
#3008=ORIENTED_EDGE('',*,*,#1682,.T.);
#3009=ORIENTED_EDGE('',*,*,#2113,.F.);
#3010=ORIENTED_EDGE('',*,*,#1944,.F.);
#3011=ORIENTED_EDGE('',*,*,#2115,.T.);
#3012=ORIENTED_EDGE('',*,*,#1670,.T.);
#3013=ORIENTED_EDGE('',*,*,#1677,.T.);
#3014=ORIENTED_EDGE('',*,*,#1674,.T.);
#3015=ORIENTED_EDGE('',*,*,#2116,.T.);
#3016=ORIENTED_EDGE('',*,*,#1955,.T.);
#3017=ORIENTED_EDGE('',*,*,#2116,.F.);
#3018=ORIENTED_EDGE('',*,*,#1673,.T.);
#3019=ORIENTED_EDGE('',*,*,#1690,.T.);
#3020=ORIENTED_EDGE('',*,*,#1691,.T.);
#3021=ORIENTED_EDGE('',*,*,#1671,.T.);
#3022=ORIENTED_EDGE('',*,*,#2115,.F.);
#3023=ORIENTED_EDGE('',*,*,#1953,.T.);
#3024=ORIENTED_EDGE('',*,*,#1710,.F.);
#3025=ORIENTED_EDGE('',*,*,#1979,.F.);
#3026=ORIENTED_EDGE('',*,*,#1913,.F.);
#3027=ORIENTED_EDGE('',*,*,#1948,.F.);
#3028=ORIENTED_EDGE('',*,*,#1911,.T.);
#3029=ORIENTED_EDGE('',*,*,#1978,.F.);
#3030=ORIENTED_EDGE('',*,*,#1727,.F.);
#3031=ORIENTED_EDGE('',*,*,#2117,.T.);
#3032=ORIENTED_EDGE('',*,*,#2118,.F.);
#3033=ORIENTED_EDGE('',*,*,#1936,.T.);
#3034=ORIENTED_EDGE('',*,*,#1735,.T.);
#3035=ORIENTED_EDGE('',*,*,#2110,.F.);
#3036=ORIENTED_EDGE('',*,*,#2108,.F.);
#3037=ORIENTED_EDGE('',*,*,#1702,.F.);
#3038=ORIENTED_EDGE('',*,*,#1941,.F.);
#3039=ORIENTED_EDGE('',*,*,#2119,.T.);
#3040=ORIENTED_EDGE('',*,*,#2120,.T.);
#3041=ORIENTED_EDGE('',*,*,#1940,.F.);
#3042=ORIENTED_EDGE('',*,*,#2121,.T.);
#3043=ORIENTED_EDGE('',*,*,#2122,.T.);
#3044=ORIENTED_EDGE('',*,*,#2119,.F.);
#3045=ORIENTED_EDGE('',*,*,#1939,.F.);
#3046=ORIENTED_EDGE('',*,*,#2123,.T.);
#3047=ORIENTED_EDGE('',*,*,#2124,.T.);
#3048=ORIENTED_EDGE('',*,*,#2121,.F.);
#3049=ORIENTED_EDGE('',*,*,#1938,.T.);
#3050=ORIENTED_EDGE('',*,*,#2125,.T.);
#3051=ORIENTED_EDGE('',*,*,#2126,.T.);
#3052=ORIENTED_EDGE('',*,*,#2123,.F.);
#3053=ORIENTED_EDGE('',*,*,#1937,.T.);
#3054=ORIENTED_EDGE('',*,*,#2118,.T.);
#3055=ORIENTED_EDGE('',*,*,#2127,.T.);
#3056=ORIENTED_EDGE('',*,*,#2125,.F.);
#3057=ORIENTED_EDGE('',*,*,#2109,.F.);
#3058=ORIENTED_EDGE('',*,*,#2120,.F.);
#3059=ORIENTED_EDGE('',*,*,#2122,.F.);
#3060=ORIENTED_EDGE('',*,*,#2124,.F.);
#3061=ORIENTED_EDGE('',*,*,#2126,.F.);
#3062=ORIENTED_EDGE('',*,*,#2127,.F.);
#3063=ORIENTED_EDGE('',*,*,#2117,.F.);
#3064=CONICAL_SURFACE('',#3235,1.625,0.785398163397448);
#3065=CONICAL_SURFACE('',#3240,1.625,0.785398163397448);
#3066=ADVANCED_FACE('',(#207),#3064,.F.);
#3067=ADVANCED_FACE('',(#208),#3065,.F.);
#3068=ADVANCED_FACE('',(#209),#187,.F.);
#3069=ADVANCED_FACE('',(#210),#188,.F.);
#3070=ADVANCED_FACE('',(#211),#189,.F.);
#3071=ADVANCED_FACE('',(#212),#190,.F.);
#3072=ADVANCED_FACE('',(#213),#191,.F.);
#3073=ADVANCED_FACE('',(#214),#192,.F.);
#3074=ADVANCED_FACE('',(#215),#34,.T.);
#3075=ADVANCED_FACE('',(#216,#23),#35,.T.);
#3076=ADVANCED_FACE('',(#217,#24),#36,.T.);
#3077=ADVANCED_FACE('',(#218),#193,.F.);
#3078=ADVANCED_FACE('',(#219),#194,.F.);
#3079=ADVANCED_FACE('',(#220),#15,.T.);
#3080=ADVANCED_FACE('',(#221),#195,.F.);
#3081=ADVANCED_FACE('',(#222),#16,.T.);
#3082=ADVANCED_FACE('',(#223),#196,.F.);
#3083=ADVANCED_FACE('',(#224),#37,.F.);
#3084=ADVANCED_FACE('',(#225),#38,.F.);
#3085=ADVANCED_FACE('',(#226),#39,.F.);
#3086=ADVANCED_FACE('',(#227),#40,.F.);
#3087=ADVANCED_FACE('',(#228,#25),#41,.F.);
#3088=ADVANCED_FACE('',(#229,#26),#42,.F.);
#3089=ADVANCED_FACE('',(#230),#43,.F.);
#3090=ADVANCED_FACE('',(#231),#44,.F.);
#3091=ADVANCED_FACE('',(#232),#45,.F.);
#3092=ADVANCED_FACE('',(#233),#46,.F.);
#3093=ADVANCED_FACE('',(#234),#47,.F.);
#3094=ADVANCED_FACE('',(#235),#48,.F.);
#3095=ADVANCED_FACE('',(#236),#49,.F.);
#3096=ADVANCED_FACE('',(#237),#50,.F.);
#3097=ADVANCED_FACE('',(#238),#51,.F.);
#3098=ADVANCED_FACE('',(#239),#197,.F.);
#3099=ADVANCED_FACE('',(#240),#17,.T.);
#3100=ADVANCED_FACE('',(#241),#198,.F.);
#3101=ADVANCED_FACE('',(#242),#18,.T.);
#3102=ADVANCED_FACE('',(#243,#27),#199,.F.);
#3103=ADVANCED_FACE('',(#244),#19,.T.);
#3104=ADVANCED_FACE('',(#245),#200,.F.);
#3105=ADVANCED_FACE('',(#246),#20,.T.);
#3106=ADVANCED_FACE('',(#247),#201,.F.);
#3107=ADVANCED_FACE('',(#248),#52,.T.);
#3108=ADVANCED_FACE('',(#249),#53,.F.);
#3109=ADVANCED_FACE('',(#250),#54,.F.);
#3110=ADVANCED_FACE('',(#251),#21,.T.);
#3111=ADVANCED_FACE('',(#252),#202,.F.);
#3112=ADVANCED_FACE('',(#253),#22,.T.);
#3113=ADVANCED_FACE('',(#254),#203,.F.);
#3114=ADVANCED_FACE('',(#255),#204,.F.);
#3115=ADVANCED_FACE('',(#256),#55,.T.);
#3116=ADVANCED_FACE('',(#257),#56,.T.);
#3117=ADVANCED_FACE('',(#258),#57,.T.);
#3118=ADVANCED_FACE('',(#259),#58,.F.);
#3119=ADVANCED_FACE('',(#260),#59,.F.);
#3120=ADVANCED_FACE('',(#261),#60,.T.);
#3121=ADVANCED_FACE('',(#262),#61,.F.);
#3122=ADVANCED_FACE('',(#263),#62,.F.);
#3123=ADVANCED_FACE('',(#264),#63,.F.);
#3124=ADVANCED_FACE('',(#265),#64,.F.);
#3125=ADVANCED_FACE('',(#266),#65,.F.);
#3126=ADVANCED_FACE('',(#267),#66,.T.);
#3127=ADVANCED_FACE('',(#268),#67,.T.);
#3128=ADVANCED_FACE('',(#269),#68,.T.);
#3129=ADVANCED_FACE('',(#270),#69,.T.);
#3130=ADVANCED_FACE('',(#271,#28,#29),#70,.T.);
#3131=ADVANCED_FACE('',(#272),#71,.T.);
#3132=ADVANCED_FACE('',(#273,#30,#31),#72,.T.);
#3133=ADVANCED_FACE('',(#274),#73,.T.);
#3134=ADVANCED_FACE('',(#275),#74,.T.);
#3135=ADVANCED_FACE('',(#276),#75,.T.);
#3136=ADVANCED_FACE('',(#277),#76,.T.);
#3137=ADVANCED_FACE('',(#278),#77,.T.);
#3138=ADVANCED_FACE('',(#279),#78,.T.);
#3139=ADVANCED_FACE('',(#280),#79,.T.);
#3140=ADVANCED_FACE('',(#281),#80,.T.);
#3141=ADVANCED_FACE('',(#282),#81,.F.);
#3142=ADVANCED_FACE('',(#283),#82,.F.);
#3143=ADVANCED_FACE('',(#284),#83,.F.);
#3144=ADVANCED_FACE('',(#285),#84,.F.);
#3145=ADVANCED_FACE('',(#286),#85,.F.);
#3146=ADVANCED_FACE('',(#287),#86,.F.);
#3147=ADVANCED_FACE('',(#288),#87,.F.);
#3148=ADVANCED_FACE('',(#289),#88,.T.);
#3149=ADVANCED_FACE('',(#290),#89,.T.);
#3150=ADVANCED_FACE('',(#291),#90,.T.);
#3151=ADVANCED_FACE('',(#292),#91,.T.);
#3152=ADVANCED_FACE('',(#293),#92,.F.);
#3153=ADVANCED_FACE('',(#294),#93,.T.);
#3154=ADVANCED_FACE('',(#295),#94,.T.);
#3155=ADVANCED_FACE('',(#296),#95,.T.);
#3156=ADVANCED_FACE('',(#297),#96,.T.);
#3157=ADVANCED_FACE('',(#298),#97,.T.);
#3158=ADVANCED_FACE('',(#299),#98,.F.);
#3159=ADVANCED_FACE('',(#300),#99,.T.);
#3160=ADVANCED_FACE('',(#301),#100,.T.);
#3161=ADVANCED_FACE('',(#302),#101,.T.);
#3162=ADVANCED_FACE('',(#303),#102,.T.);
#3163=ADVANCED_FACE('',(#304),#103,.T.);
#3164=ADVANCED_FACE('',(#305),#104,.T.);
#3165=ADVANCED_FACE('',(#306),#105,.T.);
#3166=ADVANCED_FACE('',(#307),#106,.T.);
#3167=ADVANCED_FACE('',(#308),#107,.T.);
#3168=ADVANCED_FACE('',(#309),#108,.T.);
#3169=ADVANCED_FACE('',(#310),#109,.T.);
#3170=ADVANCED_FACE('',(#311),#110,.T.);
#3171=ADVANCED_FACE('',(#312,#32),#111,.F.);
#3172=ADVANCED_FACE('',(#313),#112,.F.);
#3173=ADVANCED_FACE('',(#314),#113,.F.);
#3174=ADVANCED_FACE('',(#315),#114,.T.);
#3175=ADVANCED_FACE('',(#316),#115,.F.);
#3176=ADVANCED_FACE('',(#317),#116,.F.);
#3177=ADVANCED_FACE('',(#318),#117,.F.);
#3178=ADVANCED_FACE('',(#319),#118,.F.);
#3179=ADVANCED_FACE('',(#320),#119,.F.);
#3180=ADVANCED_FACE('',(#321),#120,.T.);
#3181=ADVANCED_FACE('',(#322),#121,.F.);
#3182=ADVANCED_FACE('',(#323),#122,.F.);
#3183=ADVANCED_FACE('',(#324),#123,.F.);
#3184=ADVANCED_FACE('',(#325),#124,.F.);
#3185=ADVANCED_FACE('',(#326),#125,.F.);
#3186=ADVANCED_FACE('',(#327),#126,.F.);
#3187=ADVANCED_FACE('',(#328),#127,.F.);
#3188=ADVANCED_FACE('',(#329),#128,.F.);
#3189=ADVANCED_FACE('',(#330),#129,.F.);
#3190=ADVANCED_FACE('',(#331),#130,.F.);
#3191=ADVANCED_FACE('',(#332),#131,.F.);
#3192=ADVANCED_FACE('',(#333),#132,.F.);
#3193=ADVANCED_FACE('',(#334,#33),#133,.T.);
#3194=ADVANCED_FACE('',(#335),#134,.T.);
#3195=ADVANCED_FACE('',(#336),#135,.T.);
#3196=ADVANCED_FACE('',(#337),#136,.F.);
#3197=ADVANCED_FACE('',(#338),#137,.F.);
#3198=ADVANCED_FACE('',(#339),#138,.T.);
#3199=ADVANCED_FACE('',(#340),#139,.T.);
#3200=ADVANCED_FACE('',(#341),#140,.T.);
#3201=ADVANCED_FACE('',(#342),#141,.T.);
#3202=ADVANCED_FACE('',(#343),#142,.F.);
#3203=ADVANCED_FACE('',(#344),#143,.T.);
#3204=ADVANCED_FACE('',(#345),#144,.T.);
#3205=ADVANCED_FACE('',(#346),#145,.T.);
#3206=ADVANCED_FACE('',(#347),#146,.T.);
#3207=ADVANCED_FACE('',(#348),#147,.F.);
#3208=ADVANCED_FACE('',(#349),#148,.F.);
#3209=ADVANCED_FACE('',(#350),#149,.F.);
#3210=ADVANCED_FACE('',(#351),#205,.F.);
#3211=ADVANCED_FACE('',(#352),#206,.F.);
#3212=ADVANCED_FACE('',(#353),#150,.F.);
#3213=ADVANCED_FACE('',(#354),#151,.F.);
#3214=ADVANCED_FACE('',(#355),#152,.F.);
#3215=ADVANCED_FACE('',(#356),#153,.F.);
#3216=ADVANCED_FACE('',(#357),#154,.F.);
#3217=ADVANCED_FACE('',(#358),#155,.F.);
#3218=ADVANCED_FACE('',(#359),#156,.F.);
#3219=ADVANCED_FACE('',(#360),#157,.F.);
#3220=ADVANCED_FACE('',(#361),#158,.F.);
#3221=CLOSED_SHELL('',(#3066,#3067,#3068,#3069,#3070,#3071,#3072,#3073,
#3074,#3075,#3076,#3077,#3078,#3079,#3080,#3081,#3082,#3083,#3084,#3085,
#3086,#3087,#3088,#3089,#3090,#3091,#3092,#3093,#3094,#3095,#3096,#3097,
#3098,#3099,#3100,#3101,#3102,#3103,#3104,#3105,#3106,#3107,#3108,#3109,
#3110,#3111,#3112,#3113,#3114,#3115,#3116,#3117,#3118,#3119,#3120,#3121,
#3122,#3123,#3124,#3125,#3126,#3127,#3128,#3129,#3130,#3131,#3132,#3133,
#3134,#3135,#3136,#3137,#3138,#3139,#3140,#3141,#3142,#3143,#3144,#3145,
#3146,#3147,#3148,#3149,#3150,#3151,#3152,#3153,#3154,#3155,#3156,#3157,
#3158,#3159,#3160,#3161,#3162,#3163,#3164,#3165,#3166,#3167,#3168,#3169,
#3170,#3171,#3172,#3173,#3174,#3175,#3176,#3177,#3178,#3179,#3180,#3181,
#3182,#3183,#3184,#3185,#3186,#3187,#3188,#3189,#3190,#3191,#3192,#3193,
#3194,#3195,#3196,#3197,#3198,#3199,#3200,#3201,#3202,#3203,#3204,#3205,
#3206,#3207,#3208,#3209,#3210,#3211,#3212,#3213,#3214,#3215,#3216,#3217,
#3218,#3219,#3220));
#3222=DERIVED_UNIT_ELEMENT(#3224,1.);
#3223=DERIVED_UNIT_ELEMENT(#5477,-3.);
#3224=(
MASS_UNIT()
NAMED_UNIT(*)
SI_UNIT(.KILO.,.GRAM.)
);
#3225=DERIVED_UNIT((#3222,#3223));
#3226=MEASURE_REPRESENTATION_ITEM('density measure',
POSITIVE_RATIO_MEASURE(7850.),#3225);
#3227=PROPERTY_DEFINITION_REPRESENTATION(#3232,#3229);
#3228=PROPERTY_DEFINITION_REPRESENTATION(#3233,#3230);
#3229=REPRESENTATION('material name',(#3231),#5474);
#3230=REPRESENTATION('density',(#3226),#5474);
#3231=DESCRIPTIVE_REPRESENTATION_ITEM('Steel','Steel');
#3232=PROPERTY_DEFINITION('material property','material name',#5484);
#3233=PROPERTY_DEFINITION('material property','density of part',#5484);
#3234=AXIS2_PLACEMENT_3D('',#4232,#3440,#3441);
#3235=AXIS2_PLACEMENT_3D('',#4233,#3442,#3443);
#3236=AXIS2_PLACEMENT_3D('',#4251,#3444,#3445);
#3237=AXIS2_PLACEMENT_3D('',#4268,#3446,#3447);
#3238=AXIS2_PLACEMENT_3D('',#4271,#3449,#3450);
#3239=AXIS2_PLACEMENT_3D('',#4272,#3451,#3452);
#3240=AXIS2_PLACEMENT_3D('',#4273,#3453,#3454);
#3241=AXIS2_PLACEMENT_3D('',#4275,#3455,#3456);
#3242=AXIS2_PLACEMENT_3D('',#4279,#3458,#3459);
#3243=AXIS2_PLACEMENT_3D('',#4301,#3460,#3461);
#3244=AXIS2_PLACEMENT_3D('',#4322,#3462,#3463);
#3245=AXIS2_PLACEMENT_3D('',#4323,#3464,#3465);
#3246=AXIS2_PLACEMENT_3D('',#4330,#3466,#3467);
#3247=AXIS2_PLACEMENT_3D('',#4337,#3468,#3469);
#3248=AXIS2_PLACEMENT_3D('',#4339,#3470,#3471);
#3249=AXIS2_PLACEMENT_3D('',#4341,#3473,#3474);
#3250=AXIS2_PLACEMENT_3D('',#4343,#3475,#3476);
#3251=AXIS2_PLACEMENT_3D('',#4345,#3478,#3479);
#3252=AXIS2_PLACEMENT_3D('',#4407,#3481,#3482);
#3253=AXIS2_PLACEMENT_3D('',#4409,#3483,#3484);
#3254=AXIS2_PLACEMENT_3D('',#4410,#3485,#3486);
#3255=AXIS2_PLACEMENT_3D('',#4421,#3487,#3488);
#3256=AXIS2_PLACEMENT_3D('',#4483,#3490,#3491);
#3257=AXIS2_PLACEMENT_3D('',#4485,#3492,#3493);
#3258=AXIS2_PLACEMENT_3D('',#4486,#3494,#3495);
#3259=AXIS2_PLACEMENT_3D('',#4487,#3496,#3497);
#3260=AXIS2_PLACEMENT_3D('',#4496,#3502,#3503);
#3261=AXIS2_PLACEMENT_3D('',#4546,#3529,#3530);
#3262=AXIS2_PLACEMENT_3D('',#4596,#3556,#3557);
#3263=AXIS2_PLACEMENT_3D('',#4601,#3559,#3560);
#3264=AXIS2_PLACEMENT_3D('',#4602,#3561,#3562);
#3265=AXIS2_PLACEMENT_3D('',#4603,#3563,#3564);
#3266=AXIS2_PLACEMENT_3D('',#4608,#3566,#3567);
#3267=AXIS2_PLACEMENT_3D('',#4609,#3568,#3569);
#3268=AXIS2_PLACEMENT_3D('',#4611,#3570,#3571);
#3269=AXIS2_PLACEMENT_3D('',#4612,#3572,#3573);
#3270=AXIS2_PLACEMENT_3D('',#4634,#3575,#3576);
#3271=AXIS2_PLACEMENT_3D('',#4638,#3578,#3579);
#3272=AXIS2_PLACEMENT_3D('',#4639,#3580,#3581);
#3273=AXIS2_PLACEMENT_3D('',#4661,#3583,#3584);
#3274=AXIS2_PLACEMENT_3D('',#4665,#3586,#3587);
#3275=AXIS2_PLACEMENT_3D('',#4666,#3588,#3589);
#3276=AXIS2_PLACEMENT_3D('',#4667,#3590,#3591);
#3277=AXIS2_PLACEMENT_3D('',#4670,#3592,#3593);
#3278=AXIS2_PLACEMENT_3D('',#4680,#3599,#3600);
#3279=AXIS2_PLACEMENT_3D('',#4682,#3601,#3602);
#3280=AXIS2_PLACEMENT_3D('',#4690,#3607,#3608);
#3281=AXIS2_PLACEMENT_3D('',#4693,#3609,#3610);
#3282=AXIS2_PLACEMENT_3D('',#4697,#3613,#3614);
#3283=AXIS2_PLACEMENT_3D('',#4699,#3615,#3616);
#3284=AXIS2_PLACEMENT_3D('',#4705,#3620,#3621);
#3285=AXIS2_PLACEMENT_3D('',#4717,#3628,#3629);
#3286=AXIS2_PLACEMENT_3D('',#4731,#3637,#3638);
#3287=AXIS2_PLACEMENT_3D('',#4740,#3643,#3644);
#3288=AXIS2_PLACEMENT_3D('',#4749,#3649,#3650);
#3289=AXIS2_PLACEMENT_3D('',#4756,#3654,#3655);
#3290=AXIS2_PLACEMENT_3D('',#4757,#3656,#3657);
#3291=AXIS2_PLACEMENT_3D('',#4760,#3658,#3659);
#3292=AXIS2_PLACEMENT_3D('',#4768,#3664,#3665);
#3293=AXIS2_PLACEMENT_3D('',#4772,#3667,#3668);
#3294=AXIS2_PLACEMENT_3D('',#4774,#3669,#3670);
#3295=AXIS2_PLACEMENT_3D('',#4779,#3674,#3675);
#3296=AXIS2_PLACEMENT_3D('',#4783,#3679,#3680);
#3297=AXIS2_PLACEMENT_3D('',#4785,#3681,#3682);
#3298=AXIS2_PLACEMENT_3D('',#4787,#3683,#3684);
#3299=AXIS2_PLACEMENT_3D('',#4791,#3687,#3688);
#3300=AXIS2_PLACEMENT_3D('',#4793,#3690,#3691);
#3301=AXIS2_PLACEMENT_3D('',#4795,#3692,#3693);
#3302=AXIS2_PLACEMENT_3D('',#4804,#3694,#3695);
#3303=AXIS2_PLACEMENT_3D('',#4813,#3696,#3697);
#3304=AXIS2_PLACEMENT_3D('',#4822,#3698,#3699);
#3305=AXIS2_PLACEMENT_3D('',#4830,#3700,#3701);
#3306=AXIS2_PLACEMENT_3D('',#4836,#3705,#3706);
#3307=AXIS2_PLACEMENT_3D('',#4839,#3708,#3709);
#3308=AXIS2_PLACEMENT_3D('',#4854,#3711,#3712);
#3309=AXIS2_PLACEMENT_3D('',#4857,#3714,#3715);
#3310=AXIS2_PLACEMENT_3D('',#4872,#3717,#3718);
#3311=AXIS2_PLACEMENT_3D('',#4874,#3719,#3720);
#3312=AXIS2_PLACEMENT_3D('',#4877,#3722,#3723);
#3313=AXIS2_PLACEMENT_3D('',#4878,#3724,#3725);
#3314=AXIS2_PLACEMENT_3D('',#4880,#3726,#3727);
#3315=AXIS2_PLACEMENT_3D('',#4881,#3728,#3729);
#3316=AXIS2_PLACEMENT_3D('',#4896,#3731,#3732);
#3317=AXIS2_PLACEMENT_3D('',#4899,#3734,#3735);
#3318=AXIS2_PLACEMENT_3D('',#4914,#3737,#3738);
#3319=AXIS2_PLACEMENT_3D('',#4915,#3739,#3740);
#3320=AXIS2_PLACEMENT_3D('',#4916,#3741,#3742);
#3321=AXIS2_PLACEMENT_3D('',#4918,#3744,#3745);
#3322=AXIS2_PLACEMENT_3D('',#4920,#3747,#3748);
#3323=AXIS2_PLACEMENT_3D('',#4943,#3751,#3752);
#3324=AXIS2_PLACEMENT_3D('',#4947,#3754,#3755);
#3325=AXIS2_PLACEMENT_3D('',#4948,#3756,#3757);
#3326=AXIS2_PLACEMENT_3D('',#4970,#3759,#3760);
#3327=AXIS2_PLACEMENT_3D('',#4972,#3762,#3763);
#3328=AXIS2_PLACEMENT_3D('',#4973,#3764,#3765);
#3329=AXIS2_PLACEMENT_3D('',#4974,#3766,#3767);
#3330=AXIS2_PLACEMENT_3D('',#4975,#3768,#3769);
#3331=AXIS2_PLACEMENT_3D('',#4984,#3774,#3775);
#3332=AXIS2_PLACEMENT_3D('',#4992,#3780,#3781);
#3333=AXIS2_PLACEMENT_3D('',#4998,#3785,#3786);
#3334=AXIS2_PLACEMENT_3D('',#5007,#3792,#3793);
#3335=AXIS2_PLACEMENT_3D('',#5009,#3795,#3796);
#3336=AXIS2_PLACEMENT_3D('',#5015,#3800,#3801);
#3337=AXIS2_PLACEMENT_3D('',#5021,#3805,#3806);
#3338=AXIS2_PLACEMENT_3D('',#5027,#3810,#3811);
#3339=AXIS2_PLACEMENT_3D('',#5031,#3814,#3815);
#3340=AXIS2_PLACEMENT_3D('',#5040,#3820,#3821);
#3341=AXIS2_PLACEMENT_3D('',#5046,#3825,#3826);
#3342=AXIS2_PLACEMENT_3D('',#5060,#3834,#3835);
#3343=AXIS2_PLACEMENT_3D('',#5066,#3839,#3840);
#3344=AXIS2_PLACEMENT_3D('',#5070,#3843,#3844);
#3345=AXIS2_PLACEMENT_3D('',#5074,#3847,#3848);
#3346=AXIS2_PLACEMENT_3D('',#5099,#3863,#3864);
#3347=AXIS2_PLACEMENT_3D('',#5101,#3865,#3866);
#3348=AXIS2_PLACEMENT_3D('',#5102,#3867,#3868);
#3349=AXIS2_PLACEMENT_3D('',#5108,#3872,#3873);
#3350=AXIS2_PLACEMENT_3D('',#5118,#3880,#3881);
#3351=AXIS2_PLACEMENT_3D('',#5120,#3882,#3883);
#3352=AXIS2_PLACEMENT_3D('',#5121,#3884,#3885);
#3353=AXIS2_PLACEMENT_3D('',#5131,#3891,#3892);
#3354=AXIS2_PLACEMENT_3D('',#5137,#3896,#3897);
#3355=AXIS2_PLACEMENT_3D('',#5139,#3899,#3900);
#3356=AXIS2_PLACEMENT_3D('',#5145,#3904,#3905);
#3357=AXIS2_PLACEMENT_3D('',#5147,#3907,#3908);
#3358=AXIS2_PLACEMENT_3D('',#5149,#3910,#3911);
#3359=AXIS2_PLACEMENT_3D('',#5150,#3912,#3913);
#3360=AXIS2_PLACEMENT_3D('',#5155,#3917,#3918);
#3361=AXIS2_PLACEMENT_3D('',#5157,#3920,#3921);
#3362=AXIS2_PLACEMENT_3D('',#5159,#3923,#3924);
#3363=AXIS2_PLACEMENT_3D('',#5160,#3925,#3926);
#3364=AXIS2_PLACEMENT_3D('',#5161,#3927,#3928);
#3365=AXIS2_PLACEMENT_3D('',#5163,#3930,#3931);
#3366=AXIS2_PLACEMENT_3D('',#5164,#3932,#3933);
#3367=AXIS2_PLACEMENT_3D('',#5165,#3934,#3935);
#3368=AXIS2_PLACEMENT_3D('',#5174,#3942,#3943);
#3369=AXIS2_PLACEMENT_3D('',#5185,#3950,#3951);
#3370=AXIS2_PLACEMENT_3D('',#5198,#3958,#3959);
#3371=AXIS2_PLACEMENT_3D('',#5206,#3964,#3965);
#3372=AXIS2_PLACEMENT_3D('',#5212,#3969,#3970);
#3373=AXIS2_PLACEMENT_3D('',#5220,#3975,#3976);
#3374=AXIS2_PLACEMENT_3D('',#5224,#3979,#3980);
#3375=AXIS2_PLACEMENT_3D('',#5228,#3983,#3984);
#3376=AXIS2_PLACEMENT_3D('',#5230,#3986,#3987);
#3377=AXIS2_PLACEMENT_3D('',#5233,#3990,#3991);
#3378=AXIS2_PLACEMENT_3D('',#5234,#3992,#3993);
#3379=AXIS2_PLACEMENT_3D('',#5240,#3997,#3998);
#3380=AXIS2_PLACEMENT_3D('',#5244,#4001,#4002);
#3381=AXIS2_PLACEMENT_3D('',#5250,#4006,#4007);
#3382=AXIS2_PLACEMENT_3D('',#5254,#4010,#4011);
#3383=AXIS2_PLACEMENT_3D('',#5258,#4014,#4015);
#3384=AXIS2_PLACEMENT_3D('',#5262,#4018,#4019);
#3385=AXIS2_PLACEMENT_3D('',#5268,#4023,#4024);
#3386=AXIS2_PLACEMENT_3D('',#5270,#4026,#4027);
#3387=AXIS2_PLACEMENT_3D('',#5274,#4030,#4031);
#3388=AXIS2_PLACEMENT_3D('',#5278,#4034,#4035);
#3389=AXIS2_PLACEMENT_3D('',#5284,#4039,#4040);
#3390=AXIS2_PLACEMENT_3D('',#5286,#4042,#4043);
#3391=AXIS2_PLACEMENT_3D('',#5287,#4044,#4045);
#3392=AXIS2_PLACEMENT_3D('',#5300,#4052,#4053);
#3393=AXIS2_PLACEMENT_3D('',#5308,#4058,#4059);
#3394=AXIS2_PLACEMENT_3D('',#5314,#4063,#4064);
#3395=AXIS2_PLACEMENT_3D('',#5322,#4069,#4070);
#3396=AXIS2_PLACEMENT_3D('',#5326,#4073,#4074);
#3397=AXIS2_PLACEMENT_3D('',#5330,#4077,#4078);
#3398=AXIS2_PLACEMENT_3D('',#5332,#4080,#4081);
#3399=AXIS2_PLACEMENT_3D('',#5335,#4084,#4085);
#3400=AXIS2_PLACEMENT_3D('',#5336,#4086,#4087);
#3401=AXIS2_PLACEMENT_3D('',#5342,#4091,#4092);
#3402=AXIS2_PLACEMENT_3D('',#5346,#4095,#4096);
#3403=AXIS2_PLACEMENT_3D('',#5352,#4100,#4101);
#3404=AXIS2_PLACEMENT_3D('',#5356,#4104,#4105);
#3405=AXIS2_PLACEMENT_3D('',#5360,#4108,#4109);
#3406=AXIS2_PLACEMENT_3D('',#5364,#4112,#4113);
#3407=AXIS2_PLACEMENT_3D('',#5370,#4117,#4118);
#3408=AXIS2_PLACEMENT_3D('',#5372,#4120,#4121);
#3409=AXIS2_PLACEMENT_3D('',#5376,#4124,#4125);
#3410=AXIS2_PLACEMENT_3D('',#5380,#4128,#4129);
#3411=AXIS2_PLACEMENT_3D('',#5386,#4133,#4134);
#3412=AXIS2_PLACEMENT_3D('',#5388,#4136,#4137);
#3413=AXIS2_PLACEMENT_3D('',#5389,#4138,#4139);
#3414=AXIS2_PLACEMENT_3D('',#5391,#4141,#4142);
#3415=AXIS2_PLACEMENT_3D('',#5392,#4143,#4144);
#3416=AXIS2_PLACEMENT_3D('',#5399,#4149,#4150);
#3417=AXIS2_PLACEMENT_3D('',#5409,#4156,#4157);
#3418=AXIS2_PLACEMENT_3D('',#5415,#4162,#4163);
#3419=AXIS2_PLACEMENT_3D('',#5417,#4165,#4166);
#3420=AXIS2_PLACEMENT_3D('',#5423,#4170,#4171);
#3421=AXIS2_PLACEMENT_3D('',#5425,#4173,#4174);
#3422=AXIS2_PLACEMENT_3D('',#5427,#4176,#4177);
#3423=AXIS2_PLACEMENT_3D('',#5433,#4181,#4182);
#3424=AXIS2_PLACEMENT_3D('',#5435,#4184,#4185);
#3425=AXIS2_PLACEMENT_3D('',#5436,#4186,#4187);
#3426=AXIS2_PLACEMENT_3D('',#5437,#4188,#4189);
#3427=AXIS2_PLACEMENT_3D('',#5438,#4190,#4191);
#3428=AXIS2_PLACEMENT_3D('',#5440,#4193,#4194);
#3429=AXIS2_PLACEMENT_3D('',#5441,#4195,#4196);
#3430=AXIS2_PLACEMENT_3D('',#5444,#4199,#4200);
#3431=AXIS2_PLACEMENT_3D('',#5447,#4203,#4204);
#3432=AXIS2_PLACEMENT_3D('',#5448,#4205,#4206);
#3433=AXIS2_PLACEMENT_3D('',#5449,#4207,#4208);
#3434=AXIS2_PLACEMENT_3D('',#5453,#4211,#4212);
#3435=AXIS2_PLACEMENT_3D('',#5457,#4215,#4216);
#3436=AXIS2_PLACEMENT_3D('',#5461,#4219,#4220);
#3437=AXIS2_PLACEMENT_3D('',#5465,#4223,#4224);
#3438=AXIS2_PLACEMENT_3D('',#5469,#4227,#4228);
#3439=AXIS2_PLACEMENT_3D('',#5471,#4230,#4231);
#3440=DIRECTION('axis',(0.,0.,1.));
#3441=DIRECTION('refdir',(1.,0.,0.));
#3442=DIRECTION('center_axis',(-1.,0.,0.));
#3443=DIRECTION('ref_axis',(0.,1.,0.));
#3444=DIRECTION('center_axis',(1.,0.,0.));
#3445=DIRECTION('ref_axis',(0.,1.,0.));
#3446=DIRECTION('center_axis',(1.,0.,0.));
#3447=DIRECTION('ref_axis',(0.,1.,0.));
#3448=DIRECTION('',(0.707106781186548,0.707106781186548,8.65956056235493E-17));
#3449=DIRECTION('center_axis',(-1.,0.,0.));
#3450=DIRECTION('ref_axis',(0.,1.,0.));
#3451=DIRECTION('center_axis',(1.,0.,0.));
#3452=DIRECTION('ref_axis',(0.,1.,0.));
#3453=DIRECTION('center_axis',(1.,0.,0.));
#3454=DIRECTION('ref_axis',(0.,1.,0.));
#3455=DIRECTION('center_axis',(1.,0.,0.));
#3456=DIRECTION('ref_axis',(0.,1.,0.));
#3457=DIRECTION('',(0.707106781186548,-0.707106781186548,-8.65956056235493E-17));
#3458=DIRECTION('center_axis',(1.,0.,0.));
#3459=DIRECTION('ref_axis',(0.,1.,0.));
#3460=DIRECTION('center_axis',(1.,0.,0.));
#3461=DIRECTION('ref_axis',(0.,1.,0.));
#3462=DIRECTION('center_axis',(1.,0.,0.));
#3463=DIRECTION('ref_axis',(0.,1.,0.));
#3464=DIRECTION('center_axis',(1.,0.,0.));
#3465=DIRECTION('ref_axis',(0.,-1.,-1.22464679914735E-16));
#3466=DIRECTION('center_axis',(1.,0.,0.));
#3467=DIRECTION('ref_axis',(0.,-1.,1.22464679914735E-16));
#3468=DIRECTION('center_axis',(1.,0.,0.));
#3469=DIRECTION('ref_axis',(0.,1.,0.));
#3470=DIRECTION('center_axis',(-1.,-2.65074714387338E-14,0.));
#3471=DIRECTION('ref_axis',(0.,1.,0.));
#3472=DIRECTION('',(-1.,0.,0.));
#3473=DIRECTION('center_axis',(1.,0.,0.));
#3474=DIRECTION('ref_axis',(0.,1.,0.));
#3475=DIRECTION('center_axis',(1.,2.77157304929461E-14,0.));
#3476=DIRECTION('ref_axis',(0.,1.,0.));
#3477=DIRECTION('',(1.,0.,0.));
#3478=DIRECTION('center_axis',(1.,0.,0.));
#3479=DIRECTION('ref_axis',(0.,1.,0.));
#3480=DIRECTION('',(-1.,0.,0.));
#3481=DIRECTION('center_axis',(1.,0.,0.));
#3482=DIRECTION('ref_axis',(0.,1.,0.));
#3483=DIRECTION('center_axis',(0.707106781186548,-0.707106781186548,0.));
#3484=DIRECTION('ref_axis',(0.707106781186548,0.707106781186548,0.));
#3485=DIRECTION('center_axis',(1.,0.,0.));
#3486=DIRECTION('ref_axis',(0.,1.,0.));
#3487=DIRECTION('center_axis',(1.,0.,0.));
#3488=DIRECTION('ref_axis',(0.,1.,0.));
#3489=DIRECTION('',(1.,0.,0.));
#3490=DIRECTION('center_axis',(-1.,0.,0.));
#3491=DIRECTION('ref_axis',(0.,1.,0.));
#3492=DIRECTION('center_axis',(-0.707106781186548,-0.707106781186548,0.));
#3493=DIRECTION('ref_axis',(-0.707106781186548,0.707106781186548,0.));
#3494=DIRECTION('center_axis',(-1.,0.,0.));
#3495=DIRECTION('ref_axis',(0.,1.,0.));
#3496=DIRECTION('center_axis',(-1.,0.,0.));
#3497=DIRECTION('ref_axis',(0.,0.342020143325669,0.939692620785908));
#3498=DIRECTION('',(0.,0.4226182617407,0.90630778703665));
#3499=DIRECTION('',(0.,-0.90630778703665,0.4226182617407));
#3500=DIRECTION('',(-6.1787614012903E-17,0.342020143325669,0.939692620785908));
#3501=DIRECTION('',(0.,-0.90630778703665,0.4226182617407));
#3502=DIRECTION('center_axis',(-1.,0.,0.));
#3503=DIRECTION('ref_axis',(0.,0.,1.));
#3504=DIRECTION('',(0.,0.,1.));
#3505=DIRECTION('',(0.,-1.,1.30295746482634E-15));
#3506=DIRECTION('',(0.,0.,-1.));
#3507=DIRECTION('',(0.,-0.422618261740763,-0.90630778703662));
#3508=DIRECTION('',(0.,-0.991067926179791,-0.133358035744712));
#3509=DIRECTION('',(0.,-0.6819983600625,0.73135370161917));
#3510=DIRECTION('',(0.,0.42261826174073,0.906307787036636));
#3511=DIRECTION('',(0.,-0.495998442203116,0.868323410563186));
#3512=DIRECTION('',(0.,-0.422618261740759,-0.906307787036622));
#3513=DIRECTION('',(0.,0.868647084570975,0.495431370087063));
#3514=DIRECTION('',(0.,0.,-1.));
#3515=DIRECTION('',(0.,1.,0.));
#3516=DIRECTION('',(0.,0.,1.));
#3517=DIRECTION('',(0.,0.707106781186544,0.707106781186551));
#3518=DIRECTION('',(0.,0.,1.));
#3519=DIRECTION('',(0.,-1.,0.));
#3520=DIRECTION('',(0.,-0.999746128932739,-0.0225317039747156));
#3521=DIRECTION('',(0.,-0.42261826174073,-0.906307787036636));
#3522=DIRECTION('',(0.,0.495998442203123,-0.868323410563182));
#3523=DIRECTION('',(0.,-0.422618261740732,-0.906307787036635));
#3524=DIRECTION('',(0.,0.681998360062497,-0.731353701619171));
#3525=DIRECTION('',(0.,0.99106792617979,0.133358035744721));
#3526=DIRECTION('',(0.,0.422618261740738,0.906307787036632));
#3527=DIRECTION('',(0.,0.0882522286099648,0.996098159894583));
#3528=DIRECTION('',(0.,0.,1.));
#3529=DIRECTION('center_axis',(1.,0.,0.));
#3530=DIRECTION('ref_axis',(0.,0.,-1.));
#3531=DIRECTION('',(0.,0.,-1.));
#3532=DIRECTION('',(0.,-1.,0.));
#3533=DIRECTION('',(0.,0.,1.));
#3534=DIRECTION('',(0.,-0.868647084570975,-0.495431370087063));
#3535=DIRECTION('',(0.,0.422618261740759,0.906307787036622));
#3536=DIRECTION('',(0.,0.495998442203116,-0.868323410563186));
#3537=DIRECTION('',(0.,-0.42261826174073,-0.906307787036636));
#3538=DIRECTION('',(0.,0.6819983600625,-0.731353701619169));
#3539=DIRECTION('',(0.,0.991067926179791,0.133358035744712));
#3540=DIRECTION('',(0.,0.422618261740763,0.90630778703662));
#3541=DIRECTION('',(0.,0.,-1.));
#3542=DIRECTION('',(0.,1.,-1.30295746482634E-15));
#3543=DIRECTION('',(0.,0.,-1.));
#3544=DIRECTION('',(0.,-0.707106781186544,-0.707106781186551));
#3545=DIRECTION('',(0.,0.,-1.));
#3546=DIRECTION('',(0.,-0.0882522286099648,-0.996098159894583));
#3547=DIRECTION('',(0.,-0.422618261740738,-0.906307787036632));
#3548=DIRECTION('',(0.,-0.99106792617979,-0.133358035744721));
#3549=DIRECTION('',(0.,-0.681998360062497,0.731353701619171));
#3550=DIRECTION('',(0.,0.422618261740732,0.906307787036635));
#3551=DIRECTION('',(0.,-0.495998442203123,0.868323410563182));
#3552=DIRECTION('',(0.,0.42261826174073,0.906307787036636));
#3553=DIRECTION('',(0.,0.999746128932739,0.0225317039747156));
#3554=DIRECTION('',(0.,1.,0.));
#3555=DIRECTION('',(0.,0.,-1.));
#3556=DIRECTION('center_axis',(0.,0.939692620785908,-0.342020143325669));
#3557=DIRECTION('ref_axis',(0.845070422535209,-0.182862783545983,-0.502411368651206));
#3558=DIRECTION('',(0.,-0.939692620785908,0.342020143325669));
#3559=DIRECTION('center_axis',(-0.422618261740699,-0.82139380484327,0.383022221559489));
#3560=DIRECTION('ref_axis',(0.887490338047828,-0.460741781580599,-0.00882669687296736));
#3561=DIRECTION('center_axis',(-0.630688505460674,0.32796702234117,0.703327549109551));
#3562=DIRECTION('ref_axis',(0.0427551553473804,0.919616105001446,-0.390484591390224));
#3563=DIRECTION('center_axis',(0.,0.939692620785908,-0.342020143325669));
#3564=DIRECTION('ref_axis',(0.544448409541192,-0.286884557234011,-0.788208842990683));
#3565=DIRECTION('',(0.,-0.939692620785908,0.342020143325669));
#3566=DIRECTION('center_axis',(0.,-0.642787609686539,0.766044443118978));
#3567=DIRECTION('ref_axis',(2.47591762195311E-16,-0.766044443118978,-0.642787609686539));
#3568=DIRECTION('center_axis',(-0.422618261740699,-0.82139380484327,0.383022221559489));
#3569=DIRECTION('ref_axis',(0.887490338047828,-0.460741781580599,-0.00882669687296699));
#3570=DIRECTION('center_axis',(-0.630688505460674,0.32796702234117,0.703327549109551));
#3571=DIRECTION('ref_axis',(0.0427551553473804,0.919616105001446,-0.390484591390224));
#3572=DIRECTION('center_axis',(-4.65624389478311E-17,-0.939692620785908,
0.342020143325669));
#3573=DIRECTION('ref_axis',(0.544448409541192,-0.286884557234011,-0.788208842990683));
#3574=DIRECTION('',(0.,-0.939692620785908,0.342020143325669));
#3575=DIRECTION('center_axis',(0.,0.939692620785908,-0.342020143325669));
#3576=DIRECTION('ref_axis',(0.444436028642074,-0.306385267012267,-0.841786602769778));
#3577=DIRECTION('',(0.,0.939692620785909,-0.342020143325669));
#3578=DIRECTION('center_axis',(0.,-0.642787609686539,0.766044443118978));
#3579=DIRECTION('ref_axis',(1.23795881097656E-16,-0.766044443118978,-0.642787609686539));
#3580=DIRECTION('center_axis',(2.89103844287476E-16,-0.939692620785909,
0.342020143325668));
#3581=DIRECTION('ref_axis',(0.444436028642074,-0.306385267012266,-0.841786602769778));
#3582=DIRECTION('',(0.,-0.939692620785908,0.342020143325669));
#3583=DIRECTION('center_axis',(0.,0.939692620785908,-0.342020143325669));
#3584=DIRECTION('ref_axis',(-0.392458380993137,-0.314579786587917,-0.864300860267156));
#3585=DIRECTION('',(0.,-0.939692620785908,0.342020143325669));
#3586=DIRECTION('center_axis',(0.,-0.642787609686539,0.766044443118978));
#3587=DIRECTION('ref_axis',(0.,-0.766044443118978,-0.642787609686539));
#3588=DIRECTION('center_axis',(5.60564646826915E-17,-0.939692620785908,
0.342020143325669));
#3589=DIRECTION('ref_axis',(-0.392458380993137,-0.314579786587917,-0.864300860267156));
#3590=DIRECTION('center_axis',(0.0871557427476564,-0.996194698091746,0.));
#3591=DIRECTION('ref_axis',(-0.996194698091746,-0.0871557427476564,0.));
#3592=DIRECTION('center_axis',(0.0871557427476564,-0.996194698091746,0.));
#3593=DIRECTION('ref_axis',(-0.231988771324783,-0.020296387556226,0.972506692332441));
#3594=DIRECTION('',(0.,0.,-1.));
#3595=DIRECTION('',(0.968806010760318,0.0847595430973004,0.232874930743124));
#3596=DIRECTION('',(-0.996194698091746,-0.0871557427476564,0.));
#3597=DIRECTION('',(0.,0.,-1.));
#3598=DIRECTION('',(-0.980374553798715,-0.0857716594666718,0.177507624332884));
#3599=DIRECTION('center_axis',(-0.0871557427476572,-0.996194698091746,0.));
#3600=DIRECTION('ref_axis',(-0.996194698091746,0.0871557427476572,0.));
#3601=DIRECTION('center_axis',(-0.0871557427476572,-0.996194698091746,0.));
#3602=DIRECTION('ref_axis',(0.231988771324784,-0.0202963875562263,0.972506692332441));
#3603=DIRECTION('',(-0.980374553798715,0.0857716594666726,-0.177507624332884));
#3604=DIRECTION('',(0.,0.,-1.));
#3605=DIRECTION('',(-0.996194698091746,0.0871557427476572,0.));
#3606=DIRECTION('',(0.968806010760318,-0.0847595430973012,-0.232874930743126));
#3607=DIRECTION('center_axis',(0.103511199448583,0.542346418809946,0.833754036627555));
#3608=DIRECTION('ref_axis',(-0.994521895368273,0.0441756374486017,0.0947349602264486));
#3609=DIRECTION('center_axis',(0.103511199448583,0.542346418809946,0.833754036627555));
#3610=DIRECTION('ref_axis',(0.023844547512203,-0.83936910023093,0.543038627660553));
#3611=DIRECTION('',(-0.994342430525146,0.0363300919561996,0.0998161072963683));
#3612=DIRECTION('',(2.69588952106264E-15,-0.838256911210632,0.545275481575698));
#3613=DIRECTION('center_axis',(-0.103511199448583,0.542346418809945,0.833754036627556));
#3614=DIRECTION('ref_axis',(-0.994521895368273,-0.0441756374486023,-0.094734960226448));
#3615=DIRECTION('center_axis',(-0.103511199448583,0.542346418809945,0.833754036627556));
#3616=DIRECTION('ref_axis',(-0.0238445475122029,-0.83936910023093,0.543038627660553));
#3617=DIRECTION('',(-0.994342430525146,-0.0363300919561995,-0.0998161072963681));
#3618=DIRECTION('',(-0.13809307943504,-0.837974739198386,0.527947571144659));
#3619=DIRECTION('',(-2.2220071132237E-14,0.838256911210631,-0.5452754815757));
#3620=DIRECTION('center_axis',(-1.,-2.65074714387338E-14,0.));
#3621=DIRECTION('ref_axis',(-2.65074714387338E-14,1.,0.));
#3622=DIRECTION('',(1.12025415025769E-14,-0.422618261740625,-0.906307787036685));
#3623=DIRECTION('',(-2.65074714387338E-14,1.,0.));
#3624=DIRECTION('',(0.,0.,1.));
#3625=DIRECTION('',(2.65074714387338E-14,-1.,1.30295746482634E-15));
#3626=DIRECTION('',(0.,0.,-1.));
#3627=DIRECTION('',(-2.65074714387338E-14,1.,0.));
#3628=DIRECTION('center_axis',(1.,2.77157304929461E-14,0.));
#3629=DIRECTION('ref_axis',(2.77157304929461E-14,-1.,0.));
#3630=DIRECTION('',(0.,0.,-1.));
#3631=DIRECTION('',(2.77157304929461E-14,-1.,0.));
#3632=DIRECTION('',(-1.17131738438047E-14,0.422618261740777,0.906307787036614));
#3633=DIRECTION('',(2.32329026349634E-14,-0.838256911210634,0.545275481575697));
#3634=DIRECTION('',(2.77157304929461E-14,-1.,0.));
#3635=DIRECTION('',(0.,0.,1.));
#3636=DIRECTION('',(0.,1.,-1.30295746482634E-15));
#3637=DIRECTION('center_axis',(-0.121869343405148,0.89955230622579,-0.419468129304076));
#3638=DIRECTION('ref_axis',(-2.77555756156289E-16,-0.4226182617407,-0.90630778703665));
#3639=DIRECTION('',(-0.960292099389683,-0.213723769047256,-0.17933553578137));
#3640=DIRECTION('',(-1.79637858893621E-16,-0.4226182617407,-0.90630778703665));
#3641=DIRECTION('',(0.960292099389683,-4.64622617076564E-17,-0.278996566017856));
#3642=DIRECTION('',(2.31051303800034E-13,0.422618261740725,0.906307787036638));
#3643=DIRECTION('center_axis',(0.121869343405147,0.89955230622579,-0.419468129304076));
#3644=DIRECTION('ref_axis',(-8.32667268468867E-17,0.422618261740699,0.90630778703665));
#3645=DIRECTION('',(0.960292099389683,4.64622617076564E-17,0.278996566017856));
#3646=DIRECTION('',(1.79637858893621E-16,0.4226182617407,0.90630778703665));
#3647=DIRECTION('',(-0.960292099389683,0.213723769047256,0.17933553578137));
#3648=DIRECTION('',(2.31448982464062E-13,-0.422618261740725,-0.906307787036638));
#3649=DIRECTION('center_axis',(0.630688505460674,0.32796702234117,0.703327549109551));
#3650=DIRECTION('ref_axis',(0.776036087485486,-0.26654047987763,-0.571597903693515));
#3651=DIRECTION('',(-0.774857409960699,0.216203264727051,0.594013587849943));
#3652=DIRECTION('',(0.729726329591982,-0.55903041689042,-0.39368067883951));
#3653=DIRECTION('',(0.744506838581454,-1.66533453693773E-16,-0.667614834545675));
#3654=DIRECTION('center_axis',(-0.630688505460674,-0.32796702234117,-0.703327549109551));
#3655=DIRECTION('ref_axis',(0.0427551553473804,-0.919616105001446,0.390484591390224));
#3656=DIRECTION('center_axis',(-0.630688505460673,0.32796702234117,0.703327549109552));
#3657=DIRECTION('ref_axis',(0.776036087485487,0.266540479877629,0.571597903693514));
#3658=DIRECTION('center_axis',(0.630688505460673,-0.32796702234117,-0.703327549109552));
#3659=DIRECTION('ref_axis',(-0.0427551553473804,-0.919616105001446,0.390484591390224));
#3660=DIRECTION('',(0.744506838581455,1.66533453693773E-16,0.667614834545674));
#3661=DIRECTION('',(0.729726329591983,0.55903041689042,0.393680678839508));
#3662=DIRECTION('',(0.,-0.90630778703665,0.4226182617407));
#3663=DIRECTION('',(-0.7748574099607,-0.216203264727051,-0.594013587849942));
#3664=DIRECTION('center_axis',(-0.422618261740699,0.82139380484327,-0.383022221559489));
#3665=DIRECTION('ref_axis',(0.,-0.4226182617407,-0.90630778703665));
#3666=DIRECTION('',(-0.671542934237818,-0.567612615103671,-0.476283535985062));
#3667=DIRECTION('center_axis',(0.422618261740699,-0.82139380484327,0.383022221559489));
#3668=DIRECTION('ref_axis',(-0.887490338047828,-0.460741781580599,-0.00882669687296697));
#3669=DIRECTION('center_axis',(0.422618261740699,-0.82139380484327,0.383022221559489));
#3670=DIRECTION('ref_axis',(-0.887490338047828,-0.460741781580599,-0.00882669687296714));
#3671=DIRECTION('',(-0.729726329591981,-0.0577609290267479,0.681295206924415));
#3672=DIRECTION('',(0.,-0.4226182617407,-0.90630778703665));
#3673=DIRECTION('',(-0.671542934237818,1.66533453693773E-16,0.740965645273289));
#3674=DIRECTION('center_axis',(0.422618261740699,0.82139380484327,-0.383022221559489));
#3675=DIRECTION('ref_axis',(0.,0.4226182617407,0.90630778703665));
#3676=DIRECTION('',(0.671542934237818,1.66533453693773E-16,0.740965645273289));
#3677=DIRECTION('',(-0.729726329591982,0.0577609290267487,-0.681295206924414));
#3678=DIRECTION('',(0.671542934237818,-0.567612615103671,-0.476283535985061));
#3679=DIRECTION('center_axis',(-0.630688505460675,-0.327967022341169,-0.70332754910955));
#3680=DIRECTION('ref_axis',(-0.776036087485485,0.26654047987763,0.571597903693517));
#3681=DIRECTION('center_axis',(0.630688505460675,0.327967022341169,0.70332754910955));
#3682=DIRECTION('ref_axis',(-0.0427551553473804,0.919616105001446,-0.390484591390224));
#3683=DIRECTION('center_axis',(0.630688505460675,0.327967022341169,0.70332754910955));
#3684=DIRECTION('ref_axis',(-0.0427551553473804,0.919616105001446,-0.390484591390224));
#3685=DIRECTION('',(0.774857409960698,-0.216203264727052,-0.594013587849944));
#3686=DIRECTION('',(0.,-0.90630778703665,0.4226182617407));
#3687=DIRECTION('center_axis',(0.630688505460674,-0.32796702234117,-0.703327549109551));
#3688=DIRECTION('ref_axis',(-0.776036087485486,-0.26654047987763,-0.571597903693516));
#3689=DIRECTION('',(0.774857409960699,0.216203264727051,0.594013587849943));
#3690=DIRECTION('center_axis',(0.,1.,-1.66533453693773E-16));
#3691=DIRECTION('ref_axis',(-1.,0.,0.));
#3692=DIRECTION('center_axis',(0.,-1.,1.66533453693773E-16));
#3693=DIRECTION('ref_axis',(8.95509342203313E-17,2.11174461516553E-16,1.));
#3694=DIRECTION('center_axis',(0.,-1.,1.66533453693773E-16));
#3695=DIRECTION('ref_axis',(4.47754671101655E-16,2.00241012332764E-16,1.));
#3696=DIRECTION('center_axis',(0.,-1.,1.66533453693773E-16));
#3697=DIRECTION('ref_axis',(2.68652802660993E-16,1.58694377141896E-16,1.));
#3698=DIRECTION('center_axis',(0.,-1.,1.66533453693773E-16));
#3699=DIRECTION('ref_axis',(8.50733875093141E-16,1.60656958063769E-16,1.));
#3700=DIRECTION('center_axis',(0.,-1.,1.66533453693773E-16));
#3701=DIRECTION('ref_axis',(-1.25371307908464E-15,2.11202261308451E-16,
1.));
#3702=DIRECTION('',(0.933629043028976,-5.96591565255435E-17,-0.358241273463568));
#3703=DIRECTION('',(1.,0.,0.));
#3704=DIRECTION('',(0.933629043028976,5.96591565255435E-17,0.358241273463568));
#3705=DIRECTION('center_axis',(0.,0.939692620785908,-0.342020143325669));
#3706=DIRECTION('ref_axis',(0.845070422535206,0.182862783545984,0.502411368651211));
#3707=DIRECTION('',(0.,-0.939692620785908,0.342020143325669));
#3708=DIRECTION('center_axis',(6.71795367782286E-16,-0.939692620785908,
0.342020143325669));
#3709=DIRECTION('ref_axis',(0.845070422535206,0.182862783545985,0.50241136865121));
#3710=DIRECTION('',(0.,-0.939692620785908,0.342020143325669));
#3711=DIRECTION('center_axis',(0.,0.939692620785908,-0.342020143325669));
#3712=DIRECTION('ref_axis',(0.470145238812343,0.301863237882061,0.829362429844421));
#3713=DIRECTION('',(0.,-0.939692620785908,0.342020143325669));
#3714=DIRECTION('center_axis',(4.89935349605197E-17,-0.939692620785908,
0.342020143325669));
#3715=DIRECTION('ref_axis',(0.470145238812343,0.301863237882061,0.829362429844421));
#3716=DIRECTION('',(0.,-0.939692620785908,0.342020143325669));
#3717=DIRECTION('center_axis',(0.,0.939692620785908,-0.342020143325669));
#3718=DIRECTION('ref_axis',(0.392458380993128,0.314579786587918,0.86430086026716));
#3719=DIRECTION('center_axis',(2.55287392400041E-17,-0.939692620785908,
0.342020143325669));
#3720=DIRECTION('ref_axis',(0.392458380993128,0.314579786587918,0.86430086026716));
#3721=DIRECTION('',(0.,-0.939692620785908,0.342020143325669));
#3722=DIRECTION('center_axis',(2.55287392400041E-17,-0.939692620785908,
0.342020143325669));
#3723=DIRECTION('ref_axis',(0.392458380993128,0.314579786587918,0.86430086026716));
#3724=DIRECTION('center_axis',(0.103511199448583,0.542346418809946,0.833754036627555));
#3725=DIRECTION('ref_axis',(0.023844547512203,-0.83936910023093,0.543038627660553));
#3726=DIRECTION('center_axis',(-0.103511199448583,0.542346418809945,0.833754036627556));
#3727=DIRECTION('ref_axis',(-0.0238445475122029,-0.83936910023093,0.543038627660553));
#3728=DIRECTION('center_axis',(2.55287392400041E-17,-0.939692620785908,
0.342020143325669));
#3729=DIRECTION('ref_axis',(0.392458380993128,0.314579786587918,0.86430086026716));
#3730=DIRECTION('',(0.,-0.939692620785908,0.342020143325669));
#3731=DIRECTION('center_axis',(0.,0.939692620785908,-0.342020143325669));
#3732=DIRECTION('ref_axis',(-0.444436028642057,0.306385267012269,0.841786602769786));
#3733=DIRECTION('',(0.,-0.939692620785908,0.342020143325669));
#3734=DIRECTION('center_axis',(-4.68317816374784E-17,-0.939692620785908,
0.342020143325669));
#3735=DIRECTION('ref_axis',(-0.444436028642057,0.30638526701227,0.841786602769786));
#3736=DIRECTION('',(0.,-0.939692620785908,0.342020143325669));
#3737=DIRECTION('center_axis',(0.,0.939692620785908,-0.342020143325669));
#3738=DIRECTION('ref_axis',(-0.544448409541174,0.286884557234015,0.788208842990694));
#3739=DIRECTION('center_axis',(-3.25792140177832E-17,-0.939692620785908,
0.342020143325669));
#3740=DIRECTION('ref_axis',(-0.544448409541174,0.286884557234015,0.788208842990694));
#3741=DIRECTION('center_axis',(1.,0.,0.));
#3742=DIRECTION('ref_axis',(0.,-0.342020143325669,-0.939692620785908));
#3743=DIRECTION('',(2.47150456051612E-16,-0.342020143325669,-0.939692620785908));
#3744=DIRECTION('center_axis',(0.,-0.939692620785908,0.342020143325669));
#3745=DIRECTION('ref_axis',(1.,0.,0.));
#3746=DIRECTION('',(1.,0.,0.));
#3747=DIRECTION('center_axis',(0.,-0.939692620785908,0.342020143325669));
#3748=DIRECTION('ref_axis',(1.,0.,0.));
#3749=DIRECTION('',(-0.994342430525146,-0.0363300919561995,-0.0998161072963681));
#3750=DIRECTION('',(0.,-0.939692620785908,0.342020143325669));
#3751=DIRECTION('center_axis',(0.,0.939692620785908,-0.342020143325669));
#3752=DIRECTION('ref_axis',(-0.470145238812352,-0.301863237882059,-0.829362429844417));
#3753=DIRECTION('',(0.,-0.939692620785908,0.342020143325669));
#3754=DIRECTION('center_axis',(0.,-0.642787609686539,0.766044443118978));
#3755=DIRECTION('ref_axis',(1.23795881097656E-16,-0.766044443118978,-0.642787609686539));
#3756=DIRECTION('center_axis',(5.18055447089154E-17,-0.939692620785908,
0.342020143325669));
#3757=DIRECTION('ref_axis',(-0.470145238812352,-0.30186323788206,-0.829362429844417));
#3758=DIRECTION('',(0.,-0.939692620785908,0.342020143325669));
#3759=DIRECTION('center_axis',(0.,0.939692620785908,-0.342020143325669));
#3760=DIRECTION('ref_axis',(-0.845070422535218,-0.182862783545978,-0.502411368651192));
#3761=DIRECTION('',(0.,-0.939692620785908,0.342020143325669));
#3762=DIRECTION('center_axis',(0.,-0.642787609686539,0.766044443118978));
#3763=DIRECTION('ref_axis',(4.12652936992185E-16,-0.766044443118978,-0.642787609686539));
#3764=DIRECTION('center_axis',(-6.04904934055505E-16,-0.939692620785909,
0.342020143325668));
#3765=DIRECTION('ref_axis',(-0.845070422535218,-0.182862783545977,-0.502411368651193));
#3766=DIRECTION('center_axis',(0.,0.939692620785908,-0.342020143325669));
#3767=DIRECTION('ref_axis',(-1.,7.5943727601151E-16,2.08653676733375E-15));
#3768=DIRECTION('center_axis',(-0.315346098848071,-0.32456915790288,-0.891746432389565));
#3769=DIRECTION('ref_axis',(-0.948976732033669,0.107854717925208,0.296328402081156));
#3770=DIRECTION('',(0.251327566569352,-0.934702577596027,0.251327566569351));
#3771=DIRECTION('',(-0.948976732033669,0.107854717925208,0.296328402081156));
#3772=DIRECTION('',(0.,-0.939692620785908,0.342020143325669));
#3773=DIRECTION('',(0.93766185723312,-0.251245737419081,-0.240137087762133));
#3774=DIRECTION('center_axis',(0.,-0.342020143325669,-0.939692620785908));
#3775=DIRECTION('ref_axis',(-1.,0.,0.));
#3776=DIRECTION('',(0.961668281829896,-0.257678239502946,0.0937872091971898));
#3777=DIRECTION('',(-1.,0.,0.));
#3778=DIRECTION('',(0.,-0.939692620785908,0.342020143325669));
#3779=DIRECTION('',(0.961668281829896,0.257678239502946,-0.0937872091971899));
#3780=DIRECTION('center_axis',(0.315346098848071,-0.32456915790288,-0.891746432389566));
#3781=DIRECTION('ref_axis',(-0.94897673203367,-0.107854717925208,-0.296328402081156));
#3782=DIRECTION('',(0.93766185723312,0.251245737419081,0.240137087762133));
#3783=DIRECTION('',(-0.948976732033669,-0.107854717925208,-0.296328402081156));
#3784=DIRECTION('',(0.251327566569352,0.934702577596027,-0.251327566569351));
#3785=DIRECTION('center_axis',(0.,-0.939692620785908,0.342020143325669));
#3786=DIRECTION('ref_axis',(1.,0.,0.));
#3787=DIRECTION('',(-0.994342430525146,0.0363300919561996,0.0998161072963683));
#3788=DIRECTION('',(0.0122480220438294,0.341994488451072,0.939622134597256));
#3789=DIRECTION('',(-0.684791078771736,0.249243569363954,0.684791078771736));
#3790=DIRECTION('',(-0.684791078771736,-0.249243569363954,-0.684791078771736));
#3791=DIRECTION('',(0.0122480220438286,-0.341994488451072,-0.939622134597256));
#3792=DIRECTION('center_axis',(-0.99026806874157,0.126133665146145,-0.0588170940088053));
#3793=DIRECTION('ref_axis',(-2.84738024253496E-16,-0.422618261740699,-0.90630778703665));
#3794=DIRECTION('',(-0.118530812456967,-0.985850340060084,-0.118530812456967));
#3795=DIRECTION('center_axis',(0.707106781186547,1.76993003667127E-16,-0.707106781186548));
#3796=DIRECTION('ref_axis',(-0.707106781186548,0.,-0.707106781186547));
#3797=DIRECTION('',(0.694746590606866,-0.186156787897386,0.694746590606865));
#3798=DIRECTION('',(-2.50305906231203E-16,1.,0.));
#3799=DIRECTION('',(-0.598064822315336,-0.533513764225303,-0.598064822315335));
#3800=DIRECTION('center_axis',(-0.258819045102521,-0.965925826289068,0.));
#3801=DIRECTION('ref_axis',(0.965925826289068,-0.258819045102521,0.));
#3802=DIRECTION('',(0.,0.,1.));
#3803=DIRECTION('',(0.965925826289068,-0.258819045102521,3.37230206855555E-16));
#3804=DIRECTION('',(0.,0.,1.));
#3805=DIRECTION('center_axis',(0.258819045102521,-0.965925826289068,0.));
#3806=DIRECTION('ref_axis',(0.965925826289068,0.258819045102521,0.));
#3807=DIRECTION('',(0.694746590606866,0.186156787897386,-0.694746590606865));
#3808=DIRECTION('',(0.,0.,1.));
#3809=DIRECTION('',(0.965925826289069,0.25881904510252,-3.37230206855554E-16));
#3810=DIRECTION('center_axis',(0.,0.642787609686539,-0.766044443118978));
#3811=DIRECTION('ref_axis',(1.,0.,0.));
#3812=DIRECTION('',(-0.933629043028942,0.2744287368327,0.230273051860765));
#3813=DIRECTION('',(-0.933629043028942,-0.2744287368327,-0.230273051860765));
#3814=DIRECTION('center_axis',(0.0871557427476561,-0.996194698091746,0.));
#3815=DIRECTION('ref_axis',(0.996194698091746,0.0871557427476561,0.));
#3816=DIRECTION('',(0.996194698091746,0.0871557427476561,0.));
#3817=DIRECTION('',(0.,0.,1.));
#3818=DIRECTION('',(-0.996194698091746,-0.0871557427476561,0.));
#3819=DIRECTION('',(0.,0.,1.));
#3820=DIRECTION('center_axis',(-0.0871557427476567,-0.996194698091746,0.));
#3821=DIRECTION('ref_axis',(0.996194698091746,-0.0871557427476567,0.));
#3822=DIRECTION('',(-0.996194698091746,0.0871557427476567,0.));
#3823=DIRECTION('',(0.,0.,1.));
#3824=DIRECTION('',(-0.996194698091746,0.0871557427476567,0.));
#3825=DIRECTION('center_axis',(0.707106781186539,0.707106781186556,0.));
#3826=DIRECTION('ref_axis',(0.,0.,-1.));
#3827=DIRECTION('',(-0.577350269189633,0.57735026918962,0.577350269189625));
#3828=DIRECTION('',(0.,0.,1.));
#3829=DIRECTION('',(0.707106781186556,-0.707106781186539,0.));
#3830=DIRECTION('',(-0.707106781186556,0.707106781186539,-9.21330058976328E-16));
#3831=DIRECTION('',(0.,0.,1.));
#3832=DIRECTION('',(0.577350269189635,-0.577350269189622,0.57735026918962));
#3833=DIRECTION('',(0.,0.,1.));
#3834=DIRECTION('center_axis',(0.,1.,0.));
#3835=DIRECTION('ref_axis',(0.,0.,1.));
#3836=DIRECTION('',(1.,0.,0.));
#3837=DIRECTION('',(0.,0.,-1.));
#3838=DIRECTION('',(1.,0.,0.));
#3839=DIRECTION('center_axis',(0.,0.707106781186546,0.707106781186549));
#3840=DIRECTION('ref_axis',(0.,-0.707106781186549,0.707106781186546));
#3841=DIRECTION('',(1.,0.,0.));
#3842=DIRECTION('',(0.577350269189627,0.577350269189627,-0.577350269189624));
#3843=DIRECTION('center_axis',(0.,1.,0.));
#3844=DIRECTION('ref_axis',(0.,0.,1.));
#3845=DIRECTION('',(1.,0.,0.));
#3846=DIRECTION('',(0.,0.,-1.));
#3847=DIRECTION('center_axis',(0.,-1.30295746482634E-15,-1.));
#3848=DIRECTION('ref_axis',(0.,1.,-1.30295746482634E-15));
#3849=DIRECTION('',(-0.746230599808507,-0.665687533238708,8.67362540675208E-16));
#3850=DIRECTION('',(2.50305906231203E-16,-1.,1.30295746482634E-15));
#3851=DIRECTION('',(2.50305906231203E-16,1.,-1.30295746482634E-15));
#3852=DIRECTION('',(-0.746230599808507,0.665687533238708,-8.67362540675208E-16));
#3853=DIRECTION('',(-0.707106781186538,-0.707106781186557,9.21330058976351E-16));
#3854=DIRECTION('',(1.,0.,0.));
#3855=DIRECTION('',(-0.707106781186548,0.707106781186548,-9.21330058976339E-16));
#3856=DIRECTION('',(0.707106781186545,0.70710678118655,-9.21330058976341E-16));
#3857=DIRECTION('',(-3.29597922457265E-15,1.,-1.30295746482634E-15));
#3858=DIRECTION('',(0.965925826289068,0.258819045102521,-3.37230206855555E-16));
#3859=DIRECTION('',(0.965925826289068,-0.258819045102521,3.37230206855555E-16));
#3860=DIRECTION('',(-3.29597922457265E-15,-1.,1.30295746482634E-15));
#3861=DIRECTION('',(0.707106781186545,-0.70710678118655,9.21330058976341E-16));
#3862=DIRECTION('',(-0.707106781186548,-0.707106781186548,9.21330058976339E-16));
#3863=DIRECTION('center_axis',(0.,1.30295746482634E-15,1.));
#3864=DIRECTION('ref_axis',(1.,0.,0.));
#3865=DIRECTION('center_axis',(0.,1.30295746482634E-15,1.));
#3866=DIRECTION('ref_axis',(1.,0.,0.));
#3867=DIRECTION('center_axis',(-0.707106781186548,0.707106781186548,0.));
#3868=DIRECTION('ref_axis',(0.,0.,1.));
#3869=DIRECTION('',(0.707106781186548,0.707106781186548,0.));
#3870=DIRECTION('',(0.,0.,-1.));
#3871=DIRECTION('',(-0.577350269189624,-0.577350269189624,-0.577350269189629));
#3872=DIRECTION('center_axis',(0.,0.,1.));
#3873=DIRECTION('ref_axis',(1.,0.,0.));
#3874=DIRECTION('',(0.707106781186549,0.707106781186546,0.));
#3875=DIRECTION('',(0.707106781186548,-0.707106781186548,0.));
#3876=DIRECTION('',(1.,0.,0.));
#3877=DIRECTION('',(0.707106781186538,0.707106781186557,0.));
#3878=DIRECTION('',(1.,0.,0.));
#3879=DIRECTION('',(-0.707106781186578,0.707106781186517,0.));
#3880=DIRECTION('center_axis',(0.,0.,1.));
#3881=DIRECTION('ref_axis',(1.,0.,0.));
#3882=DIRECTION('center_axis',(0.,0.,1.));
#3883=DIRECTION('ref_axis',(1.,0.,0.));
#3884=DIRECTION('center_axis',(-0.707106781186557,0.707106781186538,0.));
#3885=DIRECTION('ref_axis',(0.,0.,1.));
#3886=DIRECTION('',(0.,0.,-1.));
#3887=DIRECTION('',(-0.577350269189614,-0.577350269189629,-0.577350269189635));
#3888=DIRECTION('',(0.,0.,-1.));
#3889=DIRECTION('',(0.577350269189616,0.577350269189632,-0.57735026918963));
#3890=DIRECTION('',(0.,0.,-1.));
#3891=DIRECTION('center_axis',(0.,0.707106781186551,-0.707106781186544));
#3892=DIRECTION('ref_axis',(0.,0.707106781186544,0.707106781186551));
#3893=DIRECTION('',(1.,0.,0.));
#3894=DIRECTION('',(-0.577350269189624,0.577350269189624,0.577350269189629));
#3895=DIRECTION('',(1.,0.,0.));
#3896=DIRECTION('center_axis',(0.,1.,0.));
#3897=DIRECTION('ref_axis',(0.,0.,1.));
#3898=DIRECTION('',(0.,0.,1.));
#3899=DIRECTION('center_axis',(0.707106781186548,0.707106781186548,0.));
#3900=DIRECTION('ref_axis',(0.,0.,-1.));
#3901=DIRECTION('',(0.,0.,1.));
#3902=DIRECTION('',(0.577350269189627,-0.577350269189627,0.577350269189624));
#3903=DIRECTION('',(0.,0.,1.));
#3904=DIRECTION('center_axis',(0.,1.,0.));
#3905=DIRECTION('ref_axis',(0.,0.,1.));
#3906=DIRECTION('',(1.,0.,0.));
#3907=DIRECTION('center_axis',(0.,0.707106781186546,0.707106781186549));
#3908=DIRECTION('ref_axis',(0.,-0.707106781186549,0.707106781186546));
#3909=DIRECTION('',(1.,0.,0.));
#3910=DIRECTION('center_axis',(0.,1.,0.));
#3911=DIRECTION('ref_axis',(0.,0.,1.));
#3912=DIRECTION('center_axis',(-0.707106781186547,1.76993003667127E-16,
-0.707106781186548));
#3913=DIRECTION('ref_axis',(-0.707106781186548,0.,0.707106781186547));
#3914=DIRECTION('',(-0.118530812456968,0.985850340060084,0.118530812456968));
#3915=DIRECTION('',(-0.598064822315336,0.533513764225303,0.598064822315335));
#3916=DIRECTION('',(-2.50305906231203E-16,-1.,0.));
#3917=DIRECTION('center_axis',(1.,-2.50305906231203E-16,0.));
#3918=DIRECTION('ref_axis',(2.50305906231203E-16,1.,0.));
#3919=DIRECTION('',(0.,0.,-1.));
#3920=DIRECTION('center_axis',(-0.665687533238708,0.746230599808507,0.));
#3921=DIRECTION('ref_axis',(-0.746230599808507,-0.665687533238708,-4.35226423335616E-46));
#3922=DIRECTION('',(0.,0.,1.));
#3923=DIRECTION('center_axis',(-1.,-2.50305906231203E-16,0.));
#3924=DIRECTION('ref_axis',(2.50305906231203E-16,-1.,0.));
#3925=DIRECTION('center_axis',(0.665687533238708,0.746230599808507,0.));
#3926=DIRECTION('ref_axis',(-0.746230599808507,0.665687533238708,4.35226423335616E-46));
#3927=DIRECTION('center_axis',(0.99026806874157,0.126133665146146,-0.0588170940088063));
#3928=DIRECTION('ref_axis',(3.98274427907781E-16,0.422618261740699,0.90630778703665));
#3929=DIRECTION('',(0.138093079435041,-0.837974739198385,0.527947571144659));
#3930=DIRECTION('center_axis',(-0.103511199448583,0.542346418809945,0.833754036627556));
#3931=DIRECTION('ref_axis',(-0.994521895368273,-0.0441756374486023,-0.094734960226448));
#3932=DIRECTION('center_axis',(0.103511199448583,0.542346418809946,0.833754036627555));
#3933=DIRECTION('ref_axis',(-0.994521895368273,0.0441756374486017,0.0947349602264486));
#3934=DIRECTION('center_axis',(0.,0.,1.));
#3935=DIRECTION('ref_axis',(0.,-1.,0.));
#3936=DIRECTION('',(-0.98436709149258,-0.17612901290372,0.));
#3937=DIRECTION('',(0.518924781827117,0.854819905480493,0.));
#3938=DIRECTION('',(-0.707106781186549,-0.707106781186546,0.));
#3939=DIRECTION('',(-0.707106781186578,0.707106781186517,0.));
#3940=DIRECTION('',(0.518924781827117,-0.854819905480493,0.));
#3941=DIRECTION('',(-0.98436709149258,0.17612901290372,0.));
#3942=DIRECTION('center_axis',(0.160071158553662,-0.894621381109141,0.417168801160466));
#3943=DIRECTION('ref_axis',(0.,-0.422618261740759,-0.906307787036622));
#3944=DIRECTION('',(0.,-0.422618261740759,-0.906307787036622));
#3945=DIRECTION('',(0.985047602213243,0.117496306398277,-0.125999362524987));
#3946=DIRECTION('',(0.936222667044145,0.27153143092023,0.223064564050769));
#3947=DIRECTION('',(3.86336827779486E-14,0.422618261740765,0.906307787036619));
#3948=DIRECTION('',(0.852095860885951,0.338576147821107,0.399122582658072));
#3949=DIRECTION('',(-0.6419815545411,0.226677801039546,0.732445805602619));
#3950=DIRECTION('center_axis',(-0.707106781186547,-0.707106781186548,0.));
#3951=DIRECTION('ref_axis',(0.,0.,-1.));
#3952=DIRECTION('',(0.211541378239862,-0.211541378239861,-0.954201493702855));
#3953=DIRECTION('',(-0.248538473614179,0.248538473614179,-0.936192957817494));
#3954=DIRECTION('',(0.,0.,1.));
#3955=DIRECTION('',(0.211541378239861,-0.211541378239861,-0.954201493702855));
#3956=DIRECTION('',(0.,0.,1.));
#3957=DIRECTION('',(0.706761482935476,-0.706761482935475,0.0312475995509212));
#3958=DIRECTION('center_axis',(-0.707106781186547,-0.704347763588902,0.0624037493049306));
#3959=DIRECTION('ref_axis',(0.,-0.0882522286099634,-0.996098159894583));
#3960=DIRECTION('',(0.170569393631579,-0.255550005932461,-0.951630325506746));
#3961=DIRECTION('',(0.,0.0882522286099634,0.996098159894583));
#3962=DIRECTION('',(0.701708354524068,-0.688086081101935,0.184778056556796));
#3963=DIRECTION('',(0.,0.0882522286099634,0.996098159894583));
#3964=DIRECTION('center_axis',(1.,0.,0.));
#3965=DIRECTION('ref_axis',(0.,1.,0.));
#3966=DIRECTION('',(0.,-0.422618261740731,-0.906307787036635));
#3967=DIRECTION('',(0.,0.422618261740739,0.906307787036632));
#3968=DIRECTION('',(0.,0.99106792617979,0.133358035744721));
#3969=DIRECTION('center_axis',(-0.707106781186547,0.613997371872256,0.350723861939792));
#3970=DIRECTION('ref_axis',(0.,-0.495998442203123,0.868323410563182));
#3971=DIRECTION('',(0.664023331817194,0.747073458314603,0.0308911424886124));
#3972=DIRECTION('',(0.,0.495998442203122,-0.868323410563182));
#3973=DIRECTION('',(0.664023331817193,0.747073458314604,0.0308911424886103));
#3974=DIRECTION('',(0.,0.495998442203122,-0.868323410563182));
#3975=DIRECTION('center_axis',(-0.707106781186546,0.640856382055779,-0.298836238730143));
#3976=DIRECTION('ref_axis',(0.,0.422618261740731,0.906307787036635));
#3977=DIRECTION('',(0.432537568646342,0.726341011022118,0.534172245082874));
#3978=DIRECTION('',(0.,-0.422618261740731,-0.906307787036635));
#3979=DIRECTION('center_axis',(-0.707106781186547,-0.0942983714008103,0.700790851218218));
#3980=DIRECTION('ref_axis',(0.,-0.99106792617979,-0.133358035744721));
#3981=DIRECTION('',(0.6595312394972,-0.445339382266905,0.605550475789937));
#3982=DIRECTION('',(0.,0.99106792617979,0.133358035744721));
#3983=DIRECTION('center_axis',(-0.707106781186547,-0.640856382055776,0.298836238730148));
#3984=DIRECTION('ref_axis',(0.,-0.422618261740739,-0.906307787036632));
#3985=DIRECTION('',(0.,0.422618261740739,0.906307787036632));
#3986=DIRECTION('center_axis',(-0.707106781186547,0.640856382055779,-0.298836238730142));
#3987=DIRECTION('ref_axis',(0.,0.42261826174073,0.906307787036636));
#3988=DIRECTION('',(0.,-0.422618261740731,-0.906307787036635));
#3989=DIRECTION('',(0.,-0.42261826174073,-0.906307787036636));
#3990=DIRECTION('center_axis',(1.,0.,0.));
#3991=DIRECTION('ref_axis',(0.,1.,0.));
#3992=DIRECTION('center_axis',(-0.866025403784439,-0.353553390593274,0.353553390593271));
#3993=DIRECTION('ref_axis',(0.,-0.707106781186544,-0.707106781186551));
#3994=DIRECTION('',(0.470635470535499,-0.815164546811569,0.337652210855073));
#3995=DIRECTION('',(0.470635470535499,-0.815164546811569,0.337652210855073));
#3996=DIRECTION('',(0.,0.707106781186544,0.707106781186551));
#3997=DIRECTION('center_axis',(-0.866025403784438,-0.5,0.));
#3998=DIRECTION('ref_axis',(0.,0.,-1.));
#3999=DIRECTION('',(0.377964473009228,-0.654653670707977,-0.654653670707977));
#4000=DIRECTION('',(0.,0.,1.));
#4001=DIRECTION('center_axis',(-0.866025403784438,0.,-0.5));
#4002=DIRECTION('ref_axis',(0.,1.,0.));
#4003=DIRECTION('',(0.499976198265618,0.00975728811907661,-0.86598417797118));
#4004=DIRECTION('',(0.,-1.,0.));
#4005=DIRECTION('',(0.499976198266846,0.00975728858412113,-0.865984177965231));
#4006=DIRECTION('center_axis',(-0.866025403784439,0.0112658519873578,-0.499873064466369));
#4007=DIRECTION('ref_axis',(0.,0.999746128932739,0.0225317039747156));
#4008=DIRECTION('',(0.440302206592412,0.490915119076344,-0.751755487330895));
#4009=DIRECTION('',(0.,-0.999746128932739,-0.0225317039747156));
#4010=DIRECTION('center_axis',(-0.866025403784439,0.453153893518318,-0.211309130870365));
#4011=DIRECTION('ref_axis',(0.,0.42261826174073,0.906307787036636));
#4012=DIRECTION('',(0.4562526400405,0.889090532386893,0.0367634829153212));
#4013=DIRECTION('',(0.,-0.42261826174073,-0.906307787036636));
#4014=DIRECTION('center_axis',(-0.866025403784439,0.43416170528159,0.247999221101561));
#4015=DIRECTION('ref_axis',(0.,-0.495998442203123,0.868323410563182));
#4016=DIRECTION('',(0.4562526400405,0.889090532386893,0.0367634829153216));
#4017=DIRECTION('',(0.,0.495998442203123,-0.868323410563182));
#4018=DIRECTION('center_axis',(-0.866025403784438,0.453153893518318,-0.211309130870366));
#4019=DIRECTION('ref_axis',(0.,0.422618261740732,0.906307787036635));
#4020=DIRECTION('',(0.431737510230418,0.890894183655089,0.14110377666658));
#4021=DIRECTION('',(0.,-0.422618261740732,-0.906307787036635));
#4022=DIRECTION('',(0.266926167974377,0.77636958041848,0.570964705959439));
#4023=DIRECTION('center_axis',(-0.866025403784439,0.365676850809586,0.340999180031249));
#4024=DIRECTION('ref_axis',(0.,-0.681998360062497,0.731353701619171));
#4025=DIRECTION('',(0.456369939147924,0.299478433786008,0.837877763363606));
#4026=DIRECTION('center_axis',(-0.866025403784439,-0.0666790178723607,0.495533963089895));
#4027=DIRECTION('ref_axis',(0.,-0.99106792617979,-0.133358035744721));
#4028=DIRECTION('',(0.451899424789092,-0.528516009219227,0.718649941121733));
#4029=DIRECTION('',(0.,0.99106792617979,0.133358035744721));
#4030=DIRECTION('center_axis',(-0.866025403784439,-0.453153893518316,0.211309130870369));
#4031=DIRECTION('ref_axis',(0.,-0.422618261740738,-0.906307787036632));
#4032=DIRECTION('',(0.494306600277149,-0.839543420479876,0.225450282881607));
#4033=DIRECTION('',(0.,0.422618261740738,0.906307787036632));
#4034=DIRECTION('center_axis',(-0.866025403784437,-0.498049079947294,0.0441261143049826));
#4035=DIRECTION('ref_axis',(0.,-0.0882522286099648,-0.996098159894583));
#4036=DIRECTION('',(0.499633889956071,-0.865391282587192,0.0382609988037347));
#4037=DIRECTION('',(0.,0.0882522286099648,0.996098159894583));
#4038=DIRECTION('',(0.499633889956234,-0.86539128259479,0.0382609986297522));
#4039=DIRECTION('center_axis',(-0.866025403784438,-0.5,0.));
#4040=DIRECTION('ref_axis',(0.,0.,-1.));
#4041=DIRECTION('',(0.,0.,1.));
#4042=DIRECTION('center_axis',(1.,0.,0.));
#4043=DIRECTION('ref_axis',(0.,0.,-1.));
#4044=DIRECTION('center_axis',(-0.707106781186547,0.707106781186548,0.));
#4045=DIRECTION('ref_axis',(0.,0.,-1.));
#4046=DIRECTION('',(-0.211541378239862,-0.211541378239861,-0.954201493702855));
#4047=DIRECTION('',(-0.706761482935476,-0.706761482935475,0.0312475995509212));
#4048=DIRECTION('',(0.,0.,-1.));
#4049=DIRECTION('',(-0.211541378239861,-0.211541378239861,-0.954201493702855));
#4050=DIRECTION('',(0.,0.,1.));
#4051=DIRECTION('',(0.248538473614179,0.248538473614179,-0.936192957817494));
#4052=DIRECTION('center_axis',(-0.707106781186547,0.704347763588902,-0.0624037493049306));
#4053=DIRECTION('ref_axis',(0.,-0.0882522286099634,-0.996098159894583));
#4054=DIRECTION('',(-0.170569393631579,-0.255550005932461,-0.951630325506746));
#4055=DIRECTION('',(0.,0.0882522286099634,0.996098159894583));
#4056=DIRECTION('',(-0.701708354524068,-0.688086081101935,0.184778056556796));
#4057=DIRECTION('',(0.,-0.0882522286099634,-0.996098159894583));
#4058=DIRECTION('center_axis',(1.,0.,0.));
#4059=DIRECTION('ref_axis',(0.,1.,0.));
#4060=DIRECTION('',(0.,-0.422618261740731,-0.906307787036635));
#4061=DIRECTION('',(0.,0.99106792617979,0.133358035744721));
#4062=DIRECTION('',(0.,0.422618261740739,0.906307787036632));
#4063=DIRECTION('center_axis',(-0.707106781186547,-0.613997371872256,-0.350723861939792));
#4064=DIRECTION('ref_axis',(0.,-0.495998442203123,0.868323410563182));
#4065=DIRECTION('',(0.,0.495998442203122,-0.868323410563182));
#4066=DIRECTION('',(-0.664023331817193,0.747073458314604,0.0308911424886103));
#4067=DIRECTION('',(0.,-0.495998442203122,0.868323410563182));
#4068=DIRECTION('',(-0.664023331817194,0.747073458314603,0.0308911424886124));
#4069=DIRECTION('center_axis',(-0.707106781186546,-0.640856382055779,0.298836238730143));
#4070=DIRECTION('ref_axis',(0.,0.422618261740731,0.906307787036635));
#4071=DIRECTION('',(0.,0.422618261740731,0.906307787036635));
#4072=DIRECTION('',(-0.432537568646342,0.726341011022118,0.534172245082874));
#4073=DIRECTION('center_axis',(-0.707106781186547,0.0942983714008103,-0.700790851218218));
#4074=DIRECTION('ref_axis',(0.,-0.99106792617979,-0.133358035744721));
#4075=DIRECTION('',(0.,-0.99106792617979,-0.133358035744721));
#4076=DIRECTION('',(-0.6595312394972,-0.445339382266905,0.605550475789937));
#4077=DIRECTION('center_axis',(-0.707106781186547,0.640856382055776,-0.298836238730148));
#4078=DIRECTION('ref_axis',(0.,-0.422618261740739,-0.906307787036632));
#4079=DIRECTION('',(0.,-0.422618261740739,-0.906307787036632));
#4080=DIRECTION('center_axis',(-0.707106781186547,-0.640856382055779,0.298836238730142));
#4081=DIRECTION('ref_axis',(0.,0.42261826174073,0.906307787036636));
#4082=DIRECTION('',(0.,-0.422618261740731,-0.906307787036635));
#4083=DIRECTION('',(0.,0.42261826174073,0.906307787036636));
#4084=DIRECTION('center_axis',(1.,0.,0.));
#4085=DIRECTION('ref_axis',(0.,1.,0.));
#4086=DIRECTION('center_axis',(-0.866025403784439,0.353553390593274,-0.353553390593271));
#4087=DIRECTION('ref_axis',(0.,-0.707106781186544,-0.707106781186551));
#4088=DIRECTION('',(-0.470635470535499,-0.815164546811569,0.337652210855073));
#4089=DIRECTION('',(0.,0.707106781186544,0.707106781186551));
#4090=DIRECTION('',(-0.470635470535499,-0.815164546811569,0.337652210855073));
#4091=DIRECTION('center_axis',(-0.866025403784438,0.5,0.));
#4092=DIRECTION('ref_axis',(0.,0.,-1.));
#4093=DIRECTION('',(-0.377964473009228,-0.654653670707977,-0.654653670707977));
#4094=DIRECTION('',(0.,0.,1.));
#4095=DIRECTION('center_axis',(-0.866025403784438,0.,0.5));
#4096=DIRECTION('ref_axis',(0.,1.,0.));
#4097=DIRECTION('',(-0.499976198265618,0.00975728811907661,-0.86598417797118));
#4098=DIRECTION('',(-0.499976198266846,0.00975728858412113,-0.865984177965231));
#4099=DIRECTION('',(0.,-1.,0.));
#4100=DIRECTION('center_axis',(-0.866025403784439,-0.0112658519873578,0.499873064466369));
#4101=DIRECTION('ref_axis',(0.,0.999746128932739,0.0225317039747156));
#4102=DIRECTION('',(-0.440302206592412,0.490915119076344,-0.751755487330895));
#4103=DIRECTION('',(0.,-0.999746128932739,-0.0225317039747156));
#4104=DIRECTION('center_axis',(-0.866025403784439,-0.453153893518318,0.211309130870365));
#4105=DIRECTION('ref_axis',(0.,0.42261826174073,0.906307787036636));
#4106=DIRECTION('',(-0.4562526400405,0.889090532386893,0.0367634829153212));
#4107=DIRECTION('',(0.,-0.42261826174073,-0.906307787036636));
#4108=DIRECTION('center_axis',(-0.866025403784439,-0.43416170528159,-0.247999221101561));
#4109=DIRECTION('ref_axis',(0.,-0.495998442203123,0.868323410563182));
#4110=DIRECTION('',(-0.4562526400405,0.889090532386893,0.0367634829153216));
#4111=DIRECTION('',(0.,0.495998442203123,-0.868323410563182));
#4112=DIRECTION('center_axis',(-0.866025403784438,-0.453153893518318,0.211309130870366));
#4113=DIRECTION('ref_axis',(0.,0.422618261740732,0.906307787036635));
#4114=DIRECTION('',(-0.431737510230418,0.890894183655089,0.14110377666658));
#4115=DIRECTION('',(-0.266926167974377,0.77636958041848,0.570964705959439));
#4116=DIRECTION('',(0.,-0.422618261740732,-0.906307787036635));
#4117=DIRECTION('center_axis',(-0.866025403784439,-0.365676850809586,-0.340999180031249));
#4118=DIRECTION('ref_axis',(0.,-0.681998360062497,0.731353701619171));
#4119=DIRECTION('',(-0.456369939147924,0.299478433786008,0.837877763363606));
#4120=DIRECTION('center_axis',(-0.866025403784439,0.0666790178723607,-0.495533963089895));
#4121=DIRECTION('ref_axis',(0.,-0.99106792617979,-0.133358035744721));
#4122=DIRECTION('',(-0.451899424789092,-0.528516009219227,0.718649941121733));
#4123=DIRECTION('',(0.,0.99106792617979,0.133358035744721));
#4124=DIRECTION('center_axis',(-0.866025403784439,0.453153893518316,-0.211309130870369));
#4125=DIRECTION('ref_axis',(0.,-0.422618261740738,-0.906307787036632));
#4126=DIRECTION('',(-0.494306600277149,-0.839543420479876,0.225450282881607));
#4127=DIRECTION('',(0.,0.422618261740738,0.906307787036632));
#4128=DIRECTION('center_axis',(-0.866025403784437,0.498049079947294,-0.0441261143049826));
#4129=DIRECTION('ref_axis',(0.,-0.0882522286099648,-0.996098159894583));
#4130=DIRECTION('',(-0.499633889956071,-0.865391282587192,0.0382609988037347));
#4131=DIRECTION('',(-0.499633889956234,-0.86539128259479,0.0382609986297522));
#4132=DIRECTION('',(0.,0.0882522286099648,0.996098159894583));
#4133=DIRECTION('center_axis',(-0.866025403784438,0.5,0.));
#4134=DIRECTION('ref_axis',(0.,0.,-1.));
#4135=DIRECTION('',(0.,0.,1.));
#4136=DIRECTION('center_axis',(1.,0.,0.));
#4137=DIRECTION('ref_axis',(0.,0.,-1.));
#4138=DIRECTION('center_axis',(0.,0.707106781186551,-0.707106781186544));
#4139=DIRECTION('ref_axis',(0.,0.707106781186544,0.707106781186551));
#4140=DIRECTION('',(1.,0.,0.));
#4141=DIRECTION('center_axis',(0.,1.,0.));
#4142=DIRECTION('ref_axis',(0.,0.,1.));
#4143=DIRECTION('center_axis',(-0.350800434887293,0.684876350533445,0.638657529011344));
#4144=DIRECTION('ref_axis',(0.936450241541368,0.256559196584437,0.239245321302346));
#4145=DIRECTION('',(-0.890038034364076,-0.455886276811807,5.36432945206898E-16));
#4146=DIRECTION('',(-0.699885331491081,0.261369072768855,-0.664715526043711));
#4147=DIRECTION('',(0.707106781186545,0.640856382055781,-0.298836238730141));
#4148=DIRECTION('',(2.38944510961424E-14,-0.681998360062493,0.731353701619176));
#4149=DIRECTION('center_axis',(0.350800434887292,0.684876350533445,0.638657529011345));
#4150=DIRECTION('ref_axis',(0.936450241541368,-0.256559196584436,-0.239245321302345));
#4151=DIRECTION('',(0.936222667044146,-0.271531430920229,-0.223064564050768));
#4152=DIRECTION('',(0.707106781186545,-0.640856382055781,0.298836238730142));
#4153=DIRECTION('',(-0.699885331491081,-0.261369072768856,0.664715526043711));
#4154=DIRECTION('',(-0.890038034364077,0.455886276811806,-5.36432945206897E-16));
#4155=DIRECTION('',(2.37362096981548E-14,0.681998360062493,-0.731353701619176));
#4156=DIRECTION('center_axis',(-0.160071158553662,-0.894621381109141,0.417168801160466));
#4157=DIRECTION('ref_axis',(0.,-0.422618261740759,-0.906307787036622));
#4158=DIRECTION('',(-0.6419815545411,-0.226677801039546,-0.732445805602619));
#4159=DIRECTION('',(0.852095860885951,-0.338576147821107,-0.399122582658072));
#4160=DIRECTION('',(3.86336827779486E-14,-0.422618261740765,-0.906307787036619));
#4161=DIRECTION('',(0.985047602213243,-0.117496306398277,0.125999362524987));
#4162=DIRECTION('center_axis',(0.,-0.731353701619176,-0.681998360062493));
#4163=DIRECTION('ref_axis',(0.,0.681998360062493,-0.731353701619176));
#4164=DIRECTION('',(1.,0.,0.));
#4165=DIRECTION('center_axis',(0.,-1.1766814938111E-15,-1.));
#4166=DIRECTION('ref_axis',(0.,1.,-1.1766814938111E-15));
#4167=DIRECTION('',(0.133358035744714,0.991067926179791,-1.16617128784551E-15));
#4168=DIRECTION('',(-1.,0.,0.));
#4169=DIRECTION('',(0.133358035744714,-0.991067926179791,1.16617128784551E-15));
#4170=DIRECTION('center_axis',(-0.703927566165011,0.094720447560213,-0.703927566165012));
#4171=DIRECTION('ref_axis',(-0.0669774707868517,-0.995503910998843,-0.0669774707868511));
#4172=DIRECTION('',(-0.647400737516884,0.322098414629841,0.690742279258725));
#4173=DIRECTION('center_axis',(-0.703927566165011,-0.094720447560213,0.703927566165012));
#4174=DIRECTION('ref_axis',(0.0669774707868517,-0.995503910998843,-0.0669774707868511));
#4175=DIRECTION('',(-0.647400737516884,-0.322098414629841,-0.690742279258725));
#4176=DIRECTION('center_axis',(0.,0.90630778703662,-0.422618261740763));
#4177=DIRECTION('ref_axis',(0.,0.422618261740763,0.90630778703662));
#4178=DIRECTION('',(0.389281620635073,-0.389281620635075,-0.834817129478942));
#4179=DIRECTION('',(1.,0.,0.));
#4180=DIRECTION('',(0.389281620635073,0.389281620635075,0.834817129478942));
#4181=DIRECTION('center_axis',(-0.70710678118655,-0.640856382055777,0.298836238730141));
#4182=DIRECTION('ref_axis',(-1.64035451888367E-14,0.422618261740745,0.906307787036629));
#4183=DIRECTION('',(-0.707106781186545,0.640856382055771,-0.298836238730164));
#4184=DIRECTION('center_axis',(-0.49999999999999,-0.751990132248469,-0.429547251185409));
#4185=DIRECTION('ref_axis',(-0.500000000000013,-0.154317654788164,0.852165512926138));
#4186=DIRECTION('center_axis',(-0.632280199348978,-0.3838303979554,0.672975463978157));
#4187=DIRECTION('ref_axis',(0.316578188622052,0.664813750748123,0.676609878220082));
#4188=DIRECTION('center_axis',(-0.632280199348978,0.3838303979554,-0.672975463978157));
#4189=DIRECTION('ref_axis',(-0.316578188622052,0.664813750748123,0.676609878220082));
#4190=DIRECTION('center_axis',(-0.70710678118655,0.640856382055777,-0.298836238730141));
#4191=DIRECTION('ref_axis',(1.64035451888367E-14,0.422618261740745,0.906307787036629));
#4192=DIRECTION('',(0.707106781186545,0.640856382055771,-0.298836238730164));
#4193=DIRECTION('center_axis',(-0.49999999999999,0.751990132248469,0.429547251185409));
#4194=DIRECTION('ref_axis',(0.500000000000013,-0.154317654788164,0.852165512926138));
#4195=DIRECTION('center_axis',(0.,0.,1.));
#4196=DIRECTION('ref_axis',(1.,0.,0.));
#4197=DIRECTION('',(0.,0.,1.));
#4198=DIRECTION('',(0.,0.,1.));
#4199=DIRECTION('center_axis',(0.,0.,1.));
#4200=DIRECTION('ref_axis',(1.,0.,0.));
#4201=DIRECTION('',(0.,0.,1.));
#4202=DIRECTION('',(0.,0.,1.));
#4203=DIRECTION('center_axis',(-0.707106781186517,-0.707106781186578,0.));
#4204=DIRECTION('ref_axis',(0.707106781186578,-0.707106781186517,0.));
#4205=DIRECTION('center_axis',(0.707106781186546,-0.707106781186549,0.));
#4206=DIRECTION('ref_axis',(0.707106781186549,0.707106781186546,0.));
#4207=DIRECTION('center_axis',(0.70710678118655,-0.707106781186545,0.));
#4208=DIRECTION('ref_axis',(-0.707106781186545,-0.70710678118655,0.));
#4209=DIRECTION('',(0.707106781186545,0.70710678118655,0.));
#4210=DIRECTION('',(0.,0.,-1.));
#4211=DIRECTION('center_axis',(-0.70710678118655,-0.707106781186545,0.));
#4212=DIRECTION('ref_axis',(-0.707106781186545,0.70710678118655,0.));
#4213=DIRECTION('',(0.,0.,-1.));
#4214=DIRECTION('',(0.707106781186545,-0.70710678118655,0.));
#4215=DIRECTION('center_axis',(-1.,3.29597922457265E-15,0.));
#4216=DIRECTION('ref_axis',(3.29597922457265E-15,1.,0.));
#4217=DIRECTION('',(0.,0.,1.));
#4218=DIRECTION('',(-3.29597922457265E-15,-1.,0.));
#4219=DIRECTION('center_axis',(-0.258819045102521,-0.965925826289068,0.));
#4220=DIRECTION('ref_axis',(-0.965925826289068,0.258819045102521,0.));
#4221=DIRECTION('',(0.,0.,1.));
#4222=DIRECTION('',(0.965925826289068,-0.258819045102521,0.));
#4223=DIRECTION('center_axis',(0.258819045102521,-0.965925826289068,0.));
#4224=DIRECTION('ref_axis',(-0.965925826289068,-0.258819045102521,0.));
#4225=DIRECTION('',(0.,0.,1.));
#4226=DIRECTION('',(0.965925826289068,0.258819045102521,0.));
#4227=DIRECTION('center_axis',(1.,3.29597922457265E-15,0.));
#4228=DIRECTION('ref_axis',(3.29597922457265E-15,-1.,0.));
#4229=DIRECTION('',(-3.29597922457265E-15,1.,0.));
#4230=DIRECTION('center_axis',(0.,0.,-1.));
#4231=DIRECTION('ref_axis',(-1.,0.,0.));
#4232=CARTESIAN_POINT('',(0.,0.,0.));
#4233=CARTESIAN_POINT('Origin',(-11.375,-57.6098843924512,5.32626972463787));
#4234=CARTESIAN_POINT('',(-12.,-57.554356076261,7.57558442162917));
#4235=CARTESIAN_POINT('',(-12.,-59.845643923739,5.57901330666498));
#4236=CARTESIAN_POINT('Ctrl Pts',(-12.,-57.554356076261,7.57558442162917));
#4237=CARTESIAN_POINT('Ctrl Pts',(-11.9614027893406,-57.6385820950518,7.53905471989796));
#4238=CARTESIAN_POINT('Ctrl Pts',(-11.9275219453821,-57.7243494148168,7.50233061951239));
#4239=CARTESIAN_POINT('Ctrl Pts',(-11.8548729800546,-57.9350660788868,7.41031756957453));
#4240=CARTESIAN_POINT('Ctrl Pts',(-11.8139574097211,-58.0951326354388,7.3377359009839));
#4241=CARTESIAN_POINT('Ctrl Pts',(-11.7638412412408,-58.3827893965026,7.1937310771326));
#4242=CARTESIAN_POINT('Ctrl Pts',(-11.7493755122623,-58.5656935762657,7.09109901741938));
#4243=CARTESIAN_POINT('Ctrl Pts',(-11.7513425067644,-59.007988931861,6.80129564262227));
#4244=CARTESIAN_POINT('Ctrl Pts',(-11.8055927651504,-59.294009234638,6.55511668980183));
#4245=CARTESIAN_POINT('Ctrl Pts',(-11.9043386757488,-59.6152004198917,6.13255715576344));
#4246=CARTESIAN_POINT('Ctrl Pts',(-11.9391990366208,-59.7048201572851,5.98353000126319));
#4247=CARTESIAN_POINT('Ctrl Pts',(-11.9801173788927,-59.8017949374045,5.74608606225585));
#4248=CARTESIAN_POINT('Ctrl Pts',(-11.991847854151,-59.8278544830584,5.66380510721578));
#4249=CARTESIAN_POINT('Ctrl Pts',(-12.,-59.845643923739,5.57901330666498));
#4250=CARTESIAN_POINT('',(-12.,-57.554356076261,3.07695502764656));
#4251=CARTESIAN_POINT('Origin',(-12.,-57.6098843924512,5.32626972463787));
#4252=CARTESIAN_POINT('',(-12.,-59.845643923739,5.07352614261076));
#4253=CARTESIAN_POINT('Ctrl Pts',(-12.,-59.845643923739,5.07352614261075));
#4254=CARTESIAN_POINT('Ctrl Pts',(-11.991847854151,-59.8278544830584,4.98873434205996));
#4255=CARTESIAN_POINT('Ctrl Pts',(-11.9801173788927,-59.8017949374046,4.90645338701988));
#4256=CARTESIAN_POINT('Ctrl Pts',(-11.9391990366208,-59.7048201572851,4.66900944801254));
#4257=CARTESIAN_POINT('Ctrl Pts',(-11.9043386757488,-59.6152004198917,4.5199822935123));
#4258=CARTESIAN_POINT('Ctrl Pts',(-11.8055927651504,-59.294009234638,4.09742275947391));
#4259=CARTESIAN_POINT('Ctrl Pts',(-11.7513425067644,-59.007988931861,3.85124380665347));
#4260=CARTESIAN_POINT('Ctrl Pts',(-11.7493755122623,-58.5656935762657,3.56144043185636));
#4261=CARTESIAN_POINT('Ctrl Pts',(-11.7638412412408,-58.3827893965026,3.45880837214314));
#4262=CARTESIAN_POINT('Ctrl Pts',(-11.8139574097211,-58.0951326354388,3.31480354829183));
#4263=CARTESIAN_POINT('Ctrl Pts',(-11.8548729800546,-57.9350660788868,3.24222187970121));
#4264=CARTESIAN_POINT('Ctrl Pts',(-11.9275219453821,-57.7243494148168,3.15020882976334));
#4265=CARTESIAN_POINT('Ctrl Pts',(-11.9614027893406,-57.6385820950518,3.11348472937778));
#4266=CARTESIAN_POINT('Ctrl Pts',(-12.,-57.554356076261,3.07695502764657));
#4267=CARTESIAN_POINT('',(-12.,-59.8598843924512,5.32626972463787));
#4268=CARTESIAN_POINT('Origin',(-12.,-57.6098843924512,5.32626972463787));
#4269=CARTESIAN_POINT('',(-10.75,-58.6098843924512,5.32626972463787));
#4270=CARTESIAN_POINT('',(-11.375,-59.2348843924512,5.32626972463787));
#4271=CARTESIAN_POINT('Origin',(-10.75,-57.6098843924512,5.32626972463787));
#4272=CARTESIAN_POINT('Origin',(-12.,-57.6098843924512,5.32626972463787));
#4273=CARTESIAN_POINT('Origin',(11.375,-57.6098843924512,5.32626972463787));
#4274=CARTESIAN_POINT('',(10.75,-58.6098843924512,5.32626972463787));
#4275=CARTESIAN_POINT('Origin',(10.75,-57.6098843924512,5.32626972463787));
#4276=CARTESIAN_POINT('',(12.,-59.8598843924512,5.32626972463787));
#4277=CARTESIAN_POINT('',(11.375,-59.2348843924512,5.32626972463787));
#4278=CARTESIAN_POINT('',(12.,-59.845643923739,5.0735261426108));
#4279=CARTESIAN_POINT('Origin',(12.,-57.6098843924512,5.32626972463787));
#4280=CARTESIAN_POINT('',(11.75,-58.6999999999967,3.6494727893494));
#4281=CARTESIAN_POINT('Ctrl Pts',(11.75,-58.6999999999934,3.6494727893494));
#4282=CARTESIAN_POINT('Ctrl Pts',(11.75,-58.7041023445199,3.6521397967262));
#4283=CARTESIAN_POINT('Ctrl Pts',(11.7500091808952,-58.7081793295398,3.65480078854333));
#4284=CARTESIAN_POINT('Ctrl Pts',(11.7513425067644,-59.007988931861,3.85124380665347));
#4285=CARTESIAN_POINT('Ctrl Pts',(11.8055927651504,-59.294009234638,4.0974227594739));
#4286=CARTESIAN_POINT('Ctrl Pts',(11.9043386757488,-59.6152004198917,4.51998229351229));
#4287=CARTESIAN_POINT('Ctrl Pts',(11.9391990366208,-59.7048201572851,4.66900944801253));
#4288=CARTESIAN_POINT('Ctrl Pts',(11.9801173788927,-59.8017949374045,4.90645338701989));
#4289=CARTESIAN_POINT('Ctrl Pts',(11.991847854151,-59.8278544830584,4.98873434205999));
#4290=CARTESIAN_POINT('Ctrl Pts',(12.,-59.845643923739,5.0735261426108));
#4291=CARTESIAN_POINT('',(12.,-57.554356076261,3.07695502764656));
#4292=CARTESIAN_POINT('Ctrl Pts',(12.,-57.554356076261,3.07695502764656));
#4293=CARTESIAN_POINT('Ctrl Pts',(11.9614027893406,-57.6385820950518,3.11348472937778));
#4294=CARTESIAN_POINT('Ctrl Pts',(11.9275219453821,-57.7243494148168,3.15020882976335));
#4295=CARTESIAN_POINT('Ctrl Pts',(11.8548729800546,-57.9350660788868,3.24222187970121));
#4296=CARTESIAN_POINT('Ctrl Pts',(11.8139574097211,-58.0951326354388,3.31480354829183));
#4297=CARTESIAN_POINT('Ctrl Pts',(11.7645866715991,-58.3785107756707,3.45666643730056));
#4298=CARTESIAN_POINT('Ctrl Pts',(11.75,-58.5556892532181,3.55565379786319));
#4299=CARTESIAN_POINT('Ctrl Pts',(11.75,-58.6999999999934,3.6494727893494));
#4300=CARTESIAN_POINT('',(12.,-57.554356076261,7.57558442162917));
#4301=CARTESIAN_POINT('Origin',(12.,-57.6098843924512,5.32626972463787));
#4302=CARTESIAN_POINT('',(11.75,-58.6999999999967,7.00306665992633));
#4303=CARTESIAN_POINT('Ctrl Pts',(11.75,-58.6999999999935,7.00306665992633));
#4304=CARTESIAN_POINT('Ctrl Pts',(11.75,-58.5556892532181,7.09688565141253));
#4305=CARTESIAN_POINT('Ctrl Pts',(11.7645866715991,-58.3785107756707,7.19587301197517));
#4306=CARTESIAN_POINT('Ctrl Pts',(11.8139574097211,-58.0951326354387,7.3377359009839));
#4307=CARTESIAN_POINT('Ctrl Pts',(11.8548729800546,-57.9350660788868,7.41031756957453));
#4308=CARTESIAN_POINT('Ctrl Pts',(11.9275219453821,-57.7243494148168,7.50233061951239));
#4309=CARTESIAN_POINT('Ctrl Pts',(11.9614027893406,-57.6385820950518,7.53905471989796));
#4310=CARTESIAN_POINT('Ctrl Pts',(12.,-57.554356076261,7.57558442162917));
#4311=CARTESIAN_POINT('',(12.,-59.845643923739,5.57901330666493));
#4312=CARTESIAN_POINT('Ctrl Pts',(12.,-59.845643923739,5.57901330666493));
#4313=CARTESIAN_POINT('Ctrl Pts',(11.991847854151,-59.8278544830584,5.66380510721574));
#4314=CARTESIAN_POINT('Ctrl Pts',(11.9801173788927,-59.8017949374046,5.74608606225584));
#4315=CARTESIAN_POINT('Ctrl Pts',(11.9391990366208,-59.7048201572851,5.9835300012632));
#4316=CARTESIAN_POINT('Ctrl Pts',(11.9043386757488,-59.6152004198917,6.13255715576345));
#4317=CARTESIAN_POINT('Ctrl Pts',(11.8055927651504,-59.294009234638,6.55511668980183));
#4318=CARTESIAN_POINT('Ctrl Pts',(11.7513425067644,-59.007988931861,6.80129564262226));
#4319=CARTESIAN_POINT('Ctrl Pts',(11.7500091808952,-58.7081793295399,6.99773866073241));
#4320=CARTESIAN_POINT('Ctrl Pts',(11.75,-58.7041023445199,7.00039965254953));
#4321=CARTESIAN_POINT('Ctrl Pts',(11.75,-58.6999999999934,7.00306665992633));
#4322=CARTESIAN_POINT('Origin',(12.,-57.6098843924512,5.32626972463787));
#4323=CARTESIAN_POINT('Origin',(-12.,-57.6098843924512,5.32626972463787));
#4324=CARTESIAN_POINT('Ctrl Pts',(-12.,-59.845643923739,5.57901330666498));
#4325=CARTESIAN_POINT('Ctrl Pts',(-12.004431798905,-59.855314901809,5.49346422477104));
#4326=CARTESIAN_POINT('Ctrl Pts',(-12.0065750069136,-59.8598843924512,5.40867331391211));
#4327=CARTESIAN_POINT('Ctrl Pts',(-12.0065750069136,-59.8598843924512,5.24386613536363));
#4328=CARTESIAN_POINT('Ctrl Pts',(-12.004431798905,-59.855314901809,5.15907522450469));
#4329=CARTESIAN_POINT('Ctrl Pts',(-12.,-59.845643923739,5.07352614261075));
#4330=CARTESIAN_POINT('Origin',(12.,-57.6098843924512,5.32626972463787));
#4331=CARTESIAN_POINT('Ctrl Pts',(12.,-59.845643923739,5.0735261426108));
#4332=CARTESIAN_POINT('Ctrl Pts',(12.004431798905,-59.855314901809,5.15907522450473));
#4333=CARTESIAN_POINT('Ctrl Pts',(12.0065750069136,-59.8598843924512,5.24386613536364));
#4334=CARTESIAN_POINT('Ctrl Pts',(12.0065750069136,-59.8598843924512,5.40867331391209));
#4335=CARTESIAN_POINT('Ctrl Pts',(12.004431798905,-59.855314901809,5.49346422477101));
#4336=CARTESIAN_POINT('Ctrl Pts',(12.,-59.845643923739,5.57901330666493));
#4337=CARTESIAN_POINT('Origin',(-10.,-57.6098843924512,5.32626972463787));
#4338=CARTESIAN_POINT('',(-9.99999999999986,-58.6098843924512,5.32626972463787));
#4339=CARTESIAN_POINT('Origin',(-9.99999999999986,-57.6098843924512,5.32626972463787));
#4340=CARTESIAN_POINT('',(-10.,-58.6098843924512,5.32626972463787));
#4341=CARTESIAN_POINT('Origin',(10.,-57.6098843924512,5.32626972463787));
#4342=CARTESIAN_POINT('',(10.0000000000001,-58.6098843924512,5.32626972463787));
#4343=CARTESIAN_POINT('Origin',(10.0000000000001,-57.6098843924512,5.32626972463787));
#4344=CARTESIAN_POINT('',(10.,-58.6098843924512,5.32626972463787));
#4345=CARTESIAN_POINT('Origin',(-12.,-57.6098843924512,5.32626972463787));
#4346=CARTESIAN_POINT('',(-17.25,-58.6999999987452,3.35798418446587));
#4347=CARTESIAN_POINT('Ctrl Pts',(-12.,-57.554356076261,3.07695502764656));
#4348=CARTESIAN_POINT('Ctrl Pts',(-12.0657668544485,-57.410841034009,3.08049795058877));
#4349=CARTESIAN_POINT('Ctrl Pts',(-12.1434543537019,-57.2749991680224,3.0978982680941));
#4350=CARTESIAN_POINT('Ctrl Pts',(-12.4797962481114,-56.7802502325454,3.2002834544389));
#4351=CARTESIAN_POINT('Ctrl Pts',(-12.8209247896378,-56.4777796130608,3.36484330339231));
#4352=CARTESIAN_POINT('Ctrl Pts',(-13.4061281770882,-56.1672725209927,3.59480799880029));
#4353=CARTESIAN_POINT('Ctrl Pts',(-13.6135848552412,-56.0872580610623,3.66798534119729));
#4354=CARTESIAN_POINT('Ctrl Pts',(-14.0457988447975,-55.9786302100481,3.77471957889742));
#4355=CARTESIAN_POINT('Ctrl Pts',(-14.2707936786899,-55.95,3.80729513508843));
#4356=CARTESIAN_POINT('Ctrl Pts',(-14.5,-55.95,3.80729513508843));
#4357=CARTESIAN_POINT('Ctrl Pts',(-14.7292063213101,-55.95,3.80729513508843));
#4358=CARTESIAN_POINT('Ctrl Pts',(-14.9542011552025,-55.9786302100481,3.77471957889742));
#4359=CARTESIAN_POINT('Ctrl Pts',(-15.3864151447588,-56.0872580610623,3.66798534119729));
#4360=CARTESIAN_POINT('Ctrl Pts',(-15.5938718229118,-56.1672725209927,3.59480799880029));
#4361=CARTESIAN_POINT('Ctrl Pts',(-16.1790752103622,-56.4777796130608,3.36484330339231));
#4362=CARTESIAN_POINT('Ctrl Pts',(-16.5202037518886,-56.7802502325454,3.2002834544389));
#4363=CARTESIAN_POINT('Ctrl Pts',(-16.8967252336372,-57.3341021474441,3.08566727752958));
#4364=CARTESIAN_POINT('Ctrl Pts',(-17.0079055975681,-57.5474946279827,3.06621085289879));
#4365=CARTESIAN_POINT('Ctrl Pts',(-17.1672350978064,-57.9902704826765,3.09757839873782));
#4366=CARTESIAN_POINT('Ctrl Pts',(-17.2155405950377,-58.2195345557502,3.14928563940646));
#4367=CARTESIAN_POINT('Ctrl Pts',(-17.2454113283276,-58.5163877632746,3.26461193394508));
#4368=CARTESIAN_POINT('Ctrl Pts',(-17.2499999999171,-58.6091765039928,3.30768248507057));
#4369=CARTESIAN_POINT('Ctrl Pts',(-17.25,-58.6999999974903,3.35798418446587));
#4370=CARTESIAN_POINT('',(-17.25,-58.6999999987452,7.29455526480987));
#4371=CARTESIAN_POINT('Ctrl Pts',(-17.25,-58.6999999974903,7.29455526480986));
#4372=CARTESIAN_POINT('Ctrl Pts',(-17.2499999999171,-58.6091765039928,7.34485696420517));
#4373=CARTESIAN_POINT('Ctrl Pts',(-17.2454113283276,-58.5163877632746,7.38792751533066));
#4374=CARTESIAN_POINT('Ctrl Pts',(-17.2155405950377,-58.2195345557502,7.50325380986927));
#4375=CARTESIAN_POINT('Ctrl Pts',(-17.1672350978064,-57.9902704826765,7.55496105053791));
#4376=CARTESIAN_POINT('Ctrl Pts',(-17.0079055975681,-57.5474946279827,7.58632859637694));
#4377=CARTESIAN_POINT('Ctrl Pts',(-16.8967252336372,-57.3341021474441,7.56687217174615));
#4378=CARTESIAN_POINT('Ctrl Pts',(-16.5202037518886,-56.7802502325454,7.45225599483683));
#4379=CARTESIAN_POINT('Ctrl Pts',(-16.1790752103622,-56.4777796130608,7.28769614588343));
#4380=CARTESIAN_POINT('Ctrl Pts',(-15.5938718229118,-56.1672725209927,7.05773145047545));
#4381=CARTESIAN_POINT('Ctrl Pts',(-15.3864151447588,-56.0872580610623,6.98455410807845));
#4382=CARTESIAN_POINT('Ctrl Pts',(-14.9542011552025,-55.9786302100481,6.87781987037832));
#4383=CARTESIAN_POINT('Ctrl Pts',(-14.7292063213101,-55.95,6.84524431418731));
#4384=CARTESIAN_POINT('Ctrl Pts',(-14.2707936786899,-55.95,6.84524431418731));
#4385=CARTESIAN_POINT('Ctrl Pts',(-14.0457988447975,-55.9786302100481,6.87781987037832));
#4386=CARTESIAN_POINT('Ctrl Pts',(-13.6135848552412,-56.0872580610623,6.98455410807845));
#4387=CARTESIAN_POINT('Ctrl Pts',(-13.4061281770882,-56.1672725209927,7.05773145047545));
#4388=CARTESIAN_POINT('Ctrl Pts',(-12.8209247896378,-56.4777796130608,7.28769614588343));
#4389=CARTESIAN_POINT('Ctrl Pts',(-12.4797962481114,-56.7802502325454,7.45225599483683));
#4390=CARTESIAN_POINT('Ctrl Pts',(-12.143454353728,-57.274999167984,7.55464118117368));
#4391=CARTESIAN_POINT('Ctrl Pts',(-12.0657668544261,-57.4108410340577,7.57204149868817));
#4392=CARTESIAN_POINT('Ctrl Pts',(-12.,-57.554356076261,7.57558442162917));
#4393=CARTESIAN_POINT('',(-16.9934249930864,-59.8598843924512,5.32626972463787));
#4394=CARTESIAN_POINT('Ctrl Pts',(-16.9934249930864,-59.8598843924512,5.32626972463787));
#4395=CARTESIAN_POINT('Ctrl Pts',(-16.9934249930864,-59.8598843924512,5.54367398009446));
#4396=CARTESIAN_POINT('Ctrl Pts',(-17.0098699183544,-59.8263635169127,5.77741874707327));
#4397=CARTESIAN_POINT('Ctrl Pts',(-17.0676097276283,-59.687684837467,6.2201719945976));
#4398=CARTESIAN_POINT('Ctrl Pts',(-17.1076049868251,-59.582619466446,6.42937793144711));
#4399=CARTESIAN_POINT('Ctrl Pts',(-17.1772640921951,-59.3405887090641,6.77943791899129));
#4400=CARTESIAN_POINT('Ctrl Pts',(-17.2129892058265,-59.1845098121587,6.94963318025881));
#4401=CARTESIAN_POINT('Ctrl Pts',(-17.2437844228156,-58.9087257805252,7.16763548663438));
#4402=CARTESIAN_POINT('Ctrl Pts',(-17.2500000000965,-58.8057044483668,7.23601189339819));
#4403=CARTESIAN_POINT('Ctrl Pts',(-17.25,-58.6999999974903,7.29455526480986));
#4404=CARTESIAN_POINT('',(-18.5,-59.8598843924512,5.32626972463787));
#4405=CARTESIAN_POINT('',(-12.,-59.8598843924512,5.32626972463787));
#4406=CARTESIAN_POINT('',(-18.5,-55.45,5.95666595816536));
#4407=CARTESIAN_POINT('Origin',(-18.5,-57.6098843924512,5.32626972463787));
#4408=CARTESIAN_POINT('',(-18.5,-55.45,4.69587349111037));
#4409=CARTESIAN_POINT('Origin',(-20.6598843924512,-57.6098843924512,5.32626972463787));
#4410=CARTESIAN_POINT('Origin',(-18.5,-57.6098843924512,5.32626972463787));
#4411=CARTESIAN_POINT('Ctrl Pts',(-17.25,-58.6999999974904,3.35798418446587));
#4412=CARTESIAN_POINT('Ctrl Pts',(-17.2500000000965,-58.8057044483668,3.41652755587755));
#4413=CARTESIAN_POINT('Ctrl Pts',(-17.2437844228156,-58.9087257805252,3.48490396264135));
#4414=CARTESIAN_POINT('Ctrl Pts',(-17.2129892058265,-59.1845098121587,3.70290626901693));
#4415=CARTESIAN_POINT('Ctrl Pts',(-17.1772640921951,-59.3405887090641,3.87310153028444));
#4416=CARTESIAN_POINT('Ctrl Pts',(-17.1076049868251,-59.582619466446,4.22316151782862));
#4417=CARTESIAN_POINT('Ctrl Pts',(-17.0676097276283,-59.687684837467,4.43236745467813));
#4418=CARTESIAN_POINT('Ctrl Pts',(-17.0098699183544,-59.8263635169127,4.87512070220247));
#4419=CARTESIAN_POINT('Ctrl Pts',(-16.9934249930864,-59.8598843924512,5.10886546918128));
#4420=CARTESIAN_POINT('Ctrl Pts',(-16.9934249930864,-59.8598843924512,5.32626972463787));
#4421=CARTESIAN_POINT('Origin',(12.,-57.6098843924512,5.32626972463787));
#4422=CARTESIAN_POINT('',(16.9934249930864,-59.8598843924512,5.32626972463787));
#4423=CARTESIAN_POINT('Ctrl Pts',(12.,-57.554356076261,7.57558442162917));
#4424=CARTESIAN_POINT('Ctrl Pts',(12.0657668544485,-57.410841034009,7.57204149868696));
#4425=CARTESIAN_POINT('Ctrl Pts',(12.1434543537019,-57.2749991680224,7.55464118118164));
#4426=CARTESIAN_POINT('Ctrl Pts',(12.4797962481114,-56.7802502325454,7.45225599483683));
#4427=CARTESIAN_POINT('Ctrl Pts',(12.8209247896378,-56.4777796130608,7.28769614588343));
#4428=CARTESIAN_POINT('Ctrl Pts',(13.4061281770882,-56.1672725209927,7.05773145047545));
#4429=CARTESIAN_POINT('Ctrl Pts',(13.6135848552412,-56.0872580610623,6.98455410807844));
#4430=CARTESIAN_POINT('Ctrl Pts',(14.0457988447975,-55.9786302100481,6.87781987037831));
#4431=CARTESIAN_POINT('Ctrl Pts',(14.2707936786899,-55.95,6.8452443141873));
#4432=CARTESIAN_POINT('Ctrl Pts',(14.7292063213101,-55.95,6.8452443141873));
#4433=CARTESIAN_POINT('Ctrl Pts',(14.9542011552025,-55.9786302100481,6.87781987037831));
#4434=CARTESIAN_POINT('Ctrl Pts',(15.3864151447588,-56.0872580610623,6.98455410807844));
#4435=CARTESIAN_POINT('Ctrl Pts',(15.5938718229118,-56.1672725209927,7.05773145047545));
#4436=CARTESIAN_POINT('Ctrl Pts',(16.1790752103621,-56.4777796130608,7.28769614588342));
#4437=CARTESIAN_POINT('Ctrl Pts',(16.5202037518886,-56.7802502325454,7.45225599483683));
#4438=CARTESIAN_POINT('Ctrl Pts',(16.8967252336372,-57.3341021474441,7.56687217174615));
#4439=CARTESIAN_POINT('Ctrl Pts',(17.0079055975681,-57.5474946279827,7.58632859637694));
#4440=CARTESIAN_POINT('Ctrl Pts',(17.1672350978064,-57.9902704826765,7.55496105053791));
#4441=CARTESIAN_POINT('Ctrl Pts',(17.2155405950377,-58.2195345557502,7.50325380986928));
#4442=CARTESIAN_POINT('Ctrl Pts',(17.256152203504,-58.6231298113127,7.34645865274246));
#4443=CARTESIAN_POINT('Ctrl Pts',(17.2530386564249,-58.8258502529596,7.23314709745673));
#4444=CARTESIAN_POINT('Ctrl Pts',(17.2129892058265,-59.1845098121587,6.94963318025881));
#4445=CARTESIAN_POINT('Ctrl Pts',(17.1772640921951,-59.3405887090641,6.7794379189913));
#4446=CARTESIAN_POINT('Ctrl Pts',(17.1076049868251,-59.582619466446,6.42937793144712));
#4447=CARTESIAN_POINT('Ctrl Pts',(17.0676097276283,-59.687684837467,6.2201719945976));
#4448=CARTESIAN_POINT('Ctrl Pts',(17.0098699183544,-59.8263635169127,5.77741874707327));
#4449=CARTESIAN_POINT('Ctrl Pts',(16.9934249930864,-59.8598843924512,5.54367398009446));
#4450=CARTESIAN_POINT('Ctrl Pts',(16.9934249930864,-59.8598843924512,5.32626972463787));
#4451=CARTESIAN_POINT('Ctrl Pts',(16.9934249930864,-59.8598843924512,5.32626972463787));
#4452=CARTESIAN_POINT('Ctrl Pts',(16.9934249930864,-59.8598843924512,5.10886546918128));
#4453=CARTESIAN_POINT('Ctrl Pts',(17.0098699183544,-59.8263635169127,4.87512070220246));
#4454=CARTESIAN_POINT('Ctrl Pts',(17.0676097276283,-59.687684837467,4.43236745467813));
#4455=CARTESIAN_POINT('Ctrl Pts',(17.1076049868251,-59.582619466446,4.22316151782862));
#4456=CARTESIAN_POINT('Ctrl Pts',(17.1772640921951,-59.3405887090641,3.87310153028444));
#4457=CARTESIAN_POINT('Ctrl Pts',(17.2129892058265,-59.1845098121587,3.70290626901693));
#4458=CARTESIAN_POINT('Ctrl Pts',(17.2530386564249,-58.8258502529596,3.41939235181901));
#4459=CARTESIAN_POINT('Ctrl Pts',(17.256152203504,-58.6231298113127,3.30608079653328));
#4460=CARTESIAN_POINT('Ctrl Pts',(17.2155405950377,-58.2195345557502,3.14928563940646));
#4461=CARTESIAN_POINT('Ctrl Pts',(17.1672350978064,-57.9902704826765,3.09757839873782));
#4462=CARTESIAN_POINT('Ctrl Pts',(17.0079055975681,-57.5474946279827,3.06621085289879));
#4463=CARTESIAN_POINT('Ctrl Pts',(16.8967252336372,-57.3341021474441,3.08566727752958));
#4464=CARTESIAN_POINT('Ctrl Pts',(16.5202037518886,-56.7802502325454,3.20028345443891));
#4465=CARTESIAN_POINT('Ctrl Pts',(16.1790752103621,-56.4777796130608,3.36484330339232));
#4466=CARTESIAN_POINT('Ctrl Pts',(15.5938718229118,-56.1672725209927,3.59480799880029));
#4467=CARTESIAN_POINT('Ctrl Pts',(15.3864151447588,-56.0872580610623,3.6679853411973));
#4468=CARTESIAN_POINT('Ctrl Pts',(14.9542011552025,-55.9786302100481,3.77471957889743));
#4469=CARTESIAN_POINT('Ctrl Pts',(14.7292063213101,-55.95,3.80729513508844));
#4470=CARTESIAN_POINT('Ctrl Pts',(14.5,-55.95,3.80729513508844));
#4471=CARTESIAN_POINT('Ctrl Pts',(14.2707936786899,-55.95,3.80729513508844));
#4472=CARTESIAN_POINT('Ctrl Pts',(14.0457988447975,-55.9786302100481,3.77471957889743));
#4473=CARTESIAN_POINT('Ctrl Pts',(13.6135848552412,-56.0872580610623,3.6679853411973));
#4474=CARTESIAN_POINT('Ctrl Pts',(13.4061281770882,-56.1672725209927,3.59480799880029));
#4475=CARTESIAN_POINT('Ctrl Pts',(12.8209247896379,-56.4777796130608,3.36484330339232));
#4476=CARTESIAN_POINT('Ctrl Pts',(12.4797962481114,-56.7802502325454,3.20028345443891));
#4477=CARTESIAN_POINT('Ctrl Pts',(12.143454353728,-57.2749991679839,3.09789826810205));
#4478=CARTESIAN_POINT('Ctrl Pts',(12.0657668544262,-57.4108410340577,3.08049795058757));
#4479=CARTESIAN_POINT('Ctrl Pts',(12.,-57.554356076261,3.07695502764656));
#4480=CARTESIAN_POINT('',(18.5,-59.8598843924512,5.32626972463787));
#4481=CARTESIAN_POINT('',(12.,-59.8598843924512,5.32626972463787));
#4482=CARTESIAN_POINT('',(18.5,-55.45,4.69587349111037));
#4483=CARTESIAN_POINT('Origin',(18.5,-57.6098843924512,5.32626972463787));
#4484=CARTESIAN_POINT('',(18.5,-55.45,5.95666595816536));
#4485=CARTESIAN_POINT('Origin',(20.6598843924512,-57.6098843924512,5.32626972463787));
#4486=CARTESIAN_POINT('Origin',(18.5,-57.6098843924512,5.32626972463787));
#4487=CARTESIAN_POINT('Origin',(10.,-71.8562938231851,12.9654519080005));
#4488=CARTESIAN_POINT('',(10.,-72.3514754061077,13.013147768617));
#4489=CARTESIAN_POINT('',(10.,-66.9847782951721,24.522066863297));
#4490=CARTESIAN_POINT('',(10.,-69.9181685120495,18.2313912426483));
#4491=CARTESIAN_POINT('',(10.,-64.8241953450478,23.5145704875748));
#4492=CARTESIAN_POINT('',(10.,-55.2902929433628,19.0688387855668));
#4493=CARTESIAN_POINT('',(10.,-69.1839925057618,11.5361262351107));
#4494=CARTESIAN_POINT('',(10.,-66.1137492826567,19.9715501628254));
#4495=CARTESIAN_POINT('',(10.,-60.6569900542984,7.55991969088684));
#4496=CARTESIAN_POINT('Origin',(-18.5,-67.8317377771457,13.75));
#4497=CARTESIAN_POINT('',(-18.5,-55.45,-6.3934223731909E-15));
#4498=CARTESIAN_POINT('',(-18.5,-55.45,19.375));
#4499=CARTESIAN_POINT('',(-18.5,-60.6396969619669,3.68532023590525E-16));
#4500=CARTESIAN_POINT('',(-18.5,-60.3568542494923,0.));
#4501=CARTESIAN_POINT('',(-18.5,-60.6396969619669,-0.606558154317351));
#4502=CARTESIAN_POINT('',(-18.5,-60.6396969619669,6.875));
#4503=CARTESIAN_POINT('',(-18.5,-61.7651504801059,-3.02010101267767));
#4504=CARTESIAN_POINT('',(-18.5,-62.6883925402678,-5.00000000000001));
#4505=CARTESIAN_POINT('',(-18.5,-72.7527388069532,-4.49859018393763));
#4506=CARTESIAN_POINT('',(-18.5,-63.7016922927272,-3.28068195314273));
#4507=CARTESIAN_POINT('',(-18.5,-75.0809769236773,-2.00186047807592));
#4508=CARTESIAN_POINT('',(-18.5,-79.2904122752751,2.51220627984935));
#4509=CARTESIAN_POINT('',(-18.5,-71.5902413437383,5.48404613077149));
#4510=CARTESIAN_POINT('',(-18.5,-72.3589596656303,3.83552436955171));
#4511=CARTESIAN_POINT('',(-18.5,-74.1675248508505,9.99598692426181));
#4512=CARTESIAN_POINT('',(-18.5,-73.3374851730233,8.54287170730201));
#4513=CARTESIAN_POINT('',(-18.5,-64.8755002232649,29.922798043661));
#4514=CARTESIAN_POINT('',(-18.5,-67.9314926052246,23.3692012315249));
#4515=CARTESIAN_POINT('',(-18.5,-60.3568542494872,32.5));
#4516=CARTESIAN_POINT('',(-18.5,-69.4708338059785,27.3018574415115));
#4517=CARTESIAN_POINT('',(-18.5,-60.3568542494872,30.));
#4518=CARTESIAN_POINT('',(-18.5,-60.3568542494872,21.875));
#4519=CARTESIAN_POINT('',(-18.5,-55.45,30.));
#4520=CARTESIAN_POINT('',(-18.5,-59.7868351313977,30.));
#4521=CARTESIAN_POINT('',(-18.5,-55.45,19.375));
#4522=CARTESIAN_POINT('',(-18.5,-61.35,24.8284271247462));
#4523=CARTESIAN_POINT('',(-18.5,-60.55,25.6284271247462));
#4524=CARTESIAN_POINT('',(-18.5,-65.740041225473,20.4383858992732));
#4525=CARTESIAN_POINT('',(-18.5,-60.55,28.));
#4526=CARTESIAN_POINT('',(-18.5,-60.55,19.6892135623731));
#4527=CARTESIAN_POINT('',(-18.5,-61.4274654355884,28.));
#4528=CARTESIAN_POINT('',(-18.5,-64.1908688885729,28.));
#4529=CARTESIAN_POINT('',(-18.5,-63.5880664021107,27.9513056165192));
#4530=CARTESIAN_POINT('',(-18.5,-64.7884735880592,27.9242515289067));
#4531=CARTESIAN_POINT('',(-18.5,-71.9173826569903,10.0890292648188));
#4532=CARTESIAN_POINT('',(-18.5,-66.6867472141484,21.3061631706548));
#4533=CARTESIAN_POINT('',(-18.5,-69.3400991498785,5.57708847132928));
#4534=CARTESIAN_POINT('',(-18.5,-72.2031851679007,10.5893715842804));
#4535=CARTESIAN_POINT('',(-18.5,-72.6982421157694,-1.62447235908365));
#4536=CARTESIAN_POINT('',(-18.5,-67.6401944418655,9.22254588186964));
#4537=CARTESIAN_POINT('',(-18.5,-71.9950028584125,-2.37860413433422));
#4538=CARTESIAN_POINT('',(-18.5,-75.400738805928,1.27360053038769));
#4539=CARTESIAN_POINT('',(-18.5,-63.1156229235534,-1.18379534730352));
#4540=CARTESIAN_POINT('',(-18.5,-68.8845572536547,-1.96006277588242));
#4541=CARTESIAN_POINT('',(-18.5,-61.6309947711074,2.00000000000001));
#4542=CARTESIAN_POINT('',(-18.5,-60.676798853395,4.04627974905604));
#4543=CARTESIAN_POINT('',(-18.5,-61.35,5.17157287525376));
#4544=CARTESIAN_POINT('',(-18.5,-61.1386830678573,7.55669572798287));
#4545=CARTESIAN_POINT('',(-18.5,-61.35,9.46078643762688));
#4546=CARTESIAN_POINT('Origin',(18.5,-67.8317377771457,13.75));
#4547=CARTESIAN_POINT('',(18.5,-55.45,30.));
#4548=CARTESIAN_POINT('',(18.5,-55.45,19.375));
#4549=CARTESIAN_POINT('',(18.5,-60.3568542494924,30.));
#4550=CARTESIAN_POINT('',(18.5,-59.7868351313977,30.));
#4551=CARTESIAN_POINT('',(18.5,-60.3568542494924,32.5));
#4552=CARTESIAN_POINT('',(18.5,-60.3568542494924,21.875));
#4553=CARTESIAN_POINT('',(18.5,-64.8755002232649,29.922798043661));
#4554=CARTESIAN_POINT('',(18.5,-69.4708338059785,27.3018574415115));
#4555=CARTESIAN_POINT('',(18.5,-74.1675248508505,9.99598692426181));
#4556=CARTESIAN_POINT('',(18.5,-67.9314926052246,23.3692012315249));
#4557=CARTESIAN_POINT('',(18.5,-71.5902413437383,5.48404613077149));
#4558=CARTESIAN_POINT('',(18.5,-73.3374851730233,8.54287170730201));
#4559=CARTESIAN_POINT('',(18.5,-75.0809769236773,-2.0018604780759));
#4560=CARTESIAN_POINT('',(18.5,-72.3589596656303,3.83552436955171));
#4561=CARTESIAN_POINT('',(18.5,-72.7527388069531,-4.49859018393763));
#4562=CARTESIAN_POINT('',(18.5,-79.2904122752751,2.51220627984937));
#4563=CARTESIAN_POINT('',(18.5,-61.7651504801059,-3.02010101267767));
#4564=CARTESIAN_POINT('',(18.5,-63.7016922927272,-3.28068195314273));
#4565=CARTESIAN_POINT('',(18.5,-60.6396969619669,-0.606558154317362));
#4566=CARTESIAN_POINT('',(18.5,-62.6883925402678,-5.00000000000001));
#4567=CARTESIAN_POINT('',(18.5,-60.6396969619669,3.68532023590526E-16));
#4568=CARTESIAN_POINT('',(18.5,-60.6396969619669,6.875));
#4569=CARTESIAN_POINT('',(18.5,-55.45,-6.3934223731909E-15));
#4570=CARTESIAN_POINT('',(18.5,-60.3568542494923,0.));
#4571=CARTESIAN_POINT('',(18.5,-55.45,19.375));
#4572=CARTESIAN_POINT('',(18.5,-60.55,25.6284271247462));
#4573=CARTESIAN_POINT('',(18.5,-61.35,24.8284271247462));
#4574=CARTESIAN_POINT('',(18.5,-65.740041225473,20.4383858992732));
#4575=CARTESIAN_POINT('',(18.5,-61.35,5.17157287525376));
#4576=CARTESIAN_POINT('',(18.5,-61.35,9.46078643762688));
#4577=CARTESIAN_POINT('',(18.5,-61.6309947711074,2.00000000000001));
#4578=CARTESIAN_POINT('',(18.5,-61.1386830678573,7.55669572798287));
#4579=CARTESIAN_POINT('',(18.5,-63.1156229235534,-1.18379534730352));
#4580=CARTESIAN_POINT('',(18.5,-60.676798853395,4.04627974905604));
#4581=CARTESIAN_POINT('',(18.5,-71.9950028584125,-2.37860413433422));
#4582=CARTESIAN_POINT('',(18.5,-68.8845572536547,-1.96006277588242));
#4583=CARTESIAN_POINT('',(18.5,-72.6982421157694,-1.62447235908365));
#4584=CARTESIAN_POINT('',(18.5,-75.400738805928,1.27360053038769));
#4585=CARTESIAN_POINT('',(18.5,-69.3400991498785,5.57708847132928));
#4586=CARTESIAN_POINT('',(18.5,-67.6401944418655,9.22254588186964));
#4587=CARTESIAN_POINT('',(18.5,-71.9173826569903,10.0890292648188));
#4588=CARTESIAN_POINT('',(18.5,-72.2031851679007,10.5893715842804));
#4589=CARTESIAN_POINT('',(18.5,-63.5880664021107,27.9513056165192));
#4590=CARTESIAN_POINT('',(18.5,-66.6867472141484,21.3061631706548));
#4591=CARTESIAN_POINT('',(18.5,-61.4274654355884,28.));
#4592=CARTESIAN_POINT('',(18.5,-64.7884735880592,27.9242515289067));
#4593=CARTESIAN_POINT('',(18.5,-60.55,28.));
#4594=CARTESIAN_POINT('',(18.5,-64.1908688885729,28.));
#4595=CARTESIAN_POINT('',(18.5,-60.55,19.6892135623731));
#4596=CARTESIAN_POINT('Origin',(9.00000000000001,-71.8562938231851,12.9654519080005));
#4597=CARTESIAN_POINT('',(9.84507042253523,-69.4443874330991,11.5186217953558));
#4598=CARTESIAN_POINT('',(9.84507042253523,-72.4573111748005,12.615236355449));
#4599=CARTESIAN_POINT('',(9.84507042253523,-72.0391566067311,12.4630405393493));
#4600=CARTESIAN_POINT('',(9.99125233034608,-72.3507829910124,13.0049806720421));
#4601=CARTESIAN_POINT('Origin',(9.00000000000001,-71.8587806997861,12.9663570570596));
#4602=CARTESIAN_POINT('Origin',(9.00000000000001,-82.4089533700003,16.8063058753863));
#4603=CARTESIAN_POINT('Origin',(-3.52495810318487E-14,-69.9088051784205,
18.3161329841357));
#4604=CARTESIAN_POINT('',(6.34282397115479,-70.4319324078389,8.10743953331731));
#4605=CARTESIAN_POINT('',(6.34282397115479,-74.9386123450237,9.74773688581725));
#4606=CARTESIAN_POINT('',(6.34282397115479,-73.2510102701967,9.13349996329431));
#4607=CARTESIAN_POINT('',(9.25175906482573,-72.5575051317059,11.7457230703058));
#4608=CARTESIAN_POINT('Origin',(-3.52495810318487E-14,-66.2948116067952,
17.0007468972347));
#4609=CARTESIAN_POINT('Origin',(-3.52495810318487E-14,-65.484431140883,
16.7057925292119));
#4610=CARTESIAN_POINT('',(9.81748588896636,-69.2349181937103,11.396209057402));
#4611=CARTESIAN_POINT('Origin',(-3.52495810318487E-14,-220.481580597996,
73.1201413277107));
#4612=CARTESIAN_POINT('Origin',(-3.52495810318487E-14,-67.0897273160627,
17.2900725541587));
#4613=CARTESIAN_POINT('Ctrl Pts',(5.47719203216387,-78.4321526368575,10.4763288784214));
#4614=CARTESIAN_POINT('Ctrl Pts',(5.47719203216387,-70.6064340373887,7.62800024647131));
#4615=CARTESIAN_POINT('Ctrl Pts',(5.67592915264697,-78.3959446667122,10.5758094588));
#4616=CARTESIAN_POINT('Ctrl Pts',(5.67592915264697,-70.5702260672433,7.72748082684999));
#4617=CARTESIAN_POINT('Ctrl Pts',(6.01384098502723,-78.3306852230238,10.7551083067399));
#4618=CARTESIAN_POINT('Ctrl Pts',(6.01384098502723,-70.504966623555,7.90677967478983));
#4619=CARTESIAN_POINT('Ctrl Pts',(6.34282397115479,-78.2576510073078,10.9557681652674));
#4620=CARTESIAN_POINT('Ctrl Pts',(6.34282397115479,-70.4319324078389,8.1074395333173));
#4621=CARTESIAN_POINT('',(5.47719203216387,-70.6064340373887,7.62800024647131));
#4622=CARTESIAN_POINT('',(5.47719203216387,-75.3899183758941,9.36904616176583));
#4623=CARTESIAN_POINT('',(5.47719203216387,-73.4255118997464,8.65406067644832));
#4624=CARTESIAN_POINT('Ctrl Pts',(5.47719203216387,-75.3899183758941,9.36904616176583));
#4625=CARTESIAN_POINT('Ctrl Pts',(5.60069565945339,-75.3317245984643,9.41787653894398));
#4626=CARTESIAN_POINT('Ctrl Pts',(5.7357749199014,-75.2645960694848,9.47420406285212));
#4627=CARTESIAN_POINT('Ctrl Pts',(6.02277272683262,-75.1167039305562,9.59830030208117));
#4628=CARTESIAN_POINT('Ctrl Pts',(6.18728506102608,-75.0279148483764,9.67280318819083));
#4629=CARTESIAN_POINT('Ctrl Pts',(6.34282397115479,-74.9386123450237,9.74773688581724));
#4630=CARTESIAN_POINT('Ctrl Pts',(5.47719203216387,-70.6064340373887,7.62800024647131));
#4631=CARTESIAN_POINT('Ctrl Pts',(5.67592915264697,-70.5702260672433,7.72748082684999));
#4632=CARTESIAN_POINT('Ctrl Pts',(6.01384098502723,-70.504966623555,7.90677967478983));
#4633=CARTESIAN_POINT('Ctrl Pts',(6.34282397115479,-70.4319324078389,8.1074395333173));
#4634=CARTESIAN_POINT('Origin',(-3.52495810318487E-14,-69.9088051784205,
18.3161329841357));
#4635=CARTESIAN_POINT('',(5.17767973368008,-75.526166625402,9.25472030585522));
#4636=CARTESIAN_POINT('',(5.17767973368008,-70.6591156767556,7.48325863189085));
#4637=CARTESIAN_POINT('',(5.17767973368008,-73.4781935391133,8.50931906186786));
#4638=CARTESIAN_POINT('Origin',(-3.52495810318487E-14,-66.2948116067952,
17.0007468972347));
#4639=CARTESIAN_POINT('Origin',(-3.52495810318487E-14,-67.0897273160627,
17.2900725541587));
#4640=CARTESIAN_POINT('Ctrl Pts',(4.57214013857,-78.4407202652102,10.0184931389808));
#4641=CARTESIAN_POINT('Ctrl Pts',(4.57214013857,-70.7545818298119,7.22096753204642));
#4642=CARTESIAN_POINT('Ctrl Pts',(4.81171788877931,-78.4057569467428,10.1145540669794));
#4643=CARTESIAN_POINT('Ctrl Pts',(4.81171788877931,-70.7196185113444,7.31702846004501));
#4644=CARTESIAN_POINT('Ctrl Pts',(5.04381682202157,-78.3679687081519,10.2183763992289));
#4645=CARTESIAN_POINT('Ctrl Pts',(5.04381682202157,-70.6818302727535,7.42085079229448));
#4646=CARTESIAN_POINT('Ctrl Pts',(5.17767973368008,-78.3452541121539,10.2807842388252));
#4647=CARTESIAN_POINT('Ctrl Pts',(5.17767973368008,-70.6591156767556,7.48325863189085));
#4648=CARTESIAN_POINT('',(4.57214013857,-70.7545818298119,7.22096753204642));
#4649=CARTESIAN_POINT('',(4.57214013857,-75.7730666155595,9.04754661517635));
#4650=CARTESIAN_POINT('',(4.57214013857,-73.5736596921697,8.24702796202343));
#4651=CARTESIAN_POINT('Ctrl Pts',(4.57214013857,-75.7730666155595,9.04754661517635));
#4652=CARTESIAN_POINT('Ctrl Pts',(4.68610179931441,-75.7300539275966,9.08363854578194));
#4653=CARTESIAN_POINT('Ctrl Pts',(4.80307321409659,-75.6836042712353,9.12261443530307));
#4654=CARTESIAN_POINT('Ctrl Pts',(5.00262544191624,-75.6015008867939,9.19150735490623));
#4655=CARTESIAN_POINT('Ctrl Pts',(5.09497123405649,-75.5624632753042,9.22426380030933));
#4656=CARTESIAN_POINT('Ctrl Pts',(5.17767973368008,-75.526166625402,9.25472030585521));
#4657=CARTESIAN_POINT('Ctrl Pts',(4.57214013857,-70.7545818298119,7.22096753204642));
#4658=CARTESIAN_POINT('Ctrl Pts',(4.81171788877931,-70.7196185113444,7.31702846004501));
#4659=CARTESIAN_POINT('Ctrl Pts',(5.04381682202157,-70.6818302727535,7.42085079229448));
#4660=CARTESIAN_POINT('Ctrl Pts',(5.17767973368008,-70.6591156767556,7.48325863189085));
#4661=CARTESIAN_POINT('Origin',(-3.52495810318487E-14,-69.9088051784205,
18.3161329841357));
#4662=CARTESIAN_POINT('',(-4.57214013857,-70.7545818298119,7.22096753204642));
#4663=CARTESIAN_POINT('',(-4.57214013857,-75.7730666155595,9.04754661517635));
#4664=CARTESIAN_POINT('',(-4.57214013857,-73.5736596921697,8.24702796202343));
#4665=CARTESIAN_POINT('Origin',(-3.52495810318487E-14,-66.2948116067952,
17.0007468972347));
#4666=CARTESIAN_POINT('Origin',(-3.52495810318487E-14,-67.0897273160627,
17.2900725541587));
#4667=CARTESIAN_POINT('Origin',(10.0000000000003,-61.7036305634793,30.));
#4668=CARTESIAN_POINT('',(3.73101316161575,-62.2520958436312,27.2740062038741));
#4669=CARTESIAN_POINT('',(-1.85268467234323E-13,-62.5785171987386,28.0457974002767));
#4670=CARTESIAN_POINT('Origin',(7.01585922071E-15,-62.5785171987386,15.6481263509323));
#4671=CARTESIAN_POINT('',(-1.85268467234323E-13,-62.5785171987386,29.6845204859219));
#4672=CARTESIAN_POINT('',(-1.85268467234323E-13,-62.5785171987386,30.));
#4673=CARTESIAN_POINT('',(1.31245750040684,-62.4636920460934,30.));
#4674=CARTESIAN_POINT('',(3.18105421901277,-62.3002110165137,30.4491604372796));
#4675=CARTESIAN_POINT('',(10.0000000000003,-61.7036305634793,30.));
#4676=CARTESIAN_POINT('',(5.47043829689046,-62.0999158632426,30.));
#4677=CARTESIAN_POINT('',(10.0000000000003,-61.7036305634793,26.1389370036955));
#4678=CARTESIAN_POINT('',(10.0000000000003,-61.7036305634793,30.));
#4679=CARTESIAN_POINT('',(4.95257865810041,-62.1452227109344,27.0528282995642));
#4680=CARTESIAN_POINT('Origin',(-1.84297022087776E-13,-62.5785171987386,
30.));
#4681=CARTESIAN_POINT('',(-3.73101316161569,-62.2520958436312,27.2740062038742));
#4682=CARTESIAN_POINT('Origin',(7.01585922071E-15,-62.5785171987386,15.6481263509323));
#4683=CARTESIAN_POINT('',(-9.99999999999986,-61.7036305634794,26.1389370036956));
#4684=CARTESIAN_POINT('',(-4.98000399597571,-62.1428233047769,27.0478626397009));
#4685=CARTESIAN_POINT('',(-9.99999999999986,-61.7036305634794,30.));
#4686=CARTESIAN_POINT('',(-9.99999999999986,-61.7036305634794,30.));
#4687=CARTESIAN_POINT('',(-1.3124575004072,-62.4636920460934,30.));
#4688=CARTESIAN_POINT('',(-0.470438296890392,-62.5373591808723,30.));
#4689=CARTESIAN_POINT('',(1.54779211414418,-62.7139314622211,29.3124728547318));
#4690=CARTESIAN_POINT('Origin',(-2.58407307446544E-15,-59.6534905854405,
26.0468545941481));
#4691=CARTESIAN_POINT('',(9.57547142103207E-15,-62.9144487277083,28.1680664775732));
#4692=CARTESIAN_POINT('',(0.571500255885307,-63.1099898718633,28.2243113174546));
#4693=CARTESIAN_POINT('Origin',(7.01585922071E-15,-19.6441790425431,0.0213052341575048));
#4694=CARTESIAN_POINT('',(1.01371906368257E-14,-63.0891090804861,28.2816808202639));
#4695=CARTESIAN_POINT('',(0.666576190142271,-63.1134636423958,28.2147672113562));
#4696=CARTESIAN_POINT('',(-1.11022302462516E-15,-59.591850694601,26.0067586274912));
#4697=CARTESIAN_POINT('Origin',(-9.99999999999999,-60.0976802775362,25.0942867254299));
#4698=CARTESIAN_POINT('',(-1.89940564021907,-63.1585072872335,28.0910108142748));
#4699=CARTESIAN_POINT('Origin',(7.01585922071E-15,-19.644179042543,0.0213052341574516));
#4700=CARTESIAN_POINT('',(-10.5565303465071,-63.4748109337445,27.2219736877946));
#4701=CARTESIAN_POINT('',(-5.66545545552625,-63.2961067015816,27.7129595304232));
#4702=CARTESIAN_POINT('',(-9.99999999999999,-60.0976802775362,25.0942867254299));
#4703=CARTESIAN_POINT('',(-9.83209780952582,-59.078818254551,24.4523750958728));
#4704=CARTESIAN_POINT('',(-9.99999999999985,-61.7830645742062,26.190607819496));
#4705=CARTESIAN_POINT('Origin',(-9.99999999999986,-61.7036305634794,30.));
#4706=CARTESIAN_POINT('',(-9.99999999999991,-67.8072784920758,8.56100000000001));
#4707=CARTESIAN_POINT('',(-9.99999999999981,-63.4341978651305,17.9391016684289));
#4708=CARTESIAN_POINT('',(-9.99999999999982,-62.9271197418535,8.56100000000001));
#4709=CARTESIAN_POINT('',(-9.9999999999998,-63.9760499766858,8.56100000000001));
#4710=CARTESIAN_POINT('',(-9.99999999999982,-62.9271197418535,2.47155048397692E-15));
#4711=CARTESIAN_POINT('',(-9.99999999999982,-62.9271197418535,15.));
#4712=CARTESIAN_POINT('',(-10.,-55.45,-7.27081849907146E-15));
#4713=CARTESIAN_POINT('',(-9.99999999999987,-61.030242406486,0.));
#4714=CARTESIAN_POINT('',(-10.,-55.45,30.));
#4715=CARTESIAN_POINT('',(-10.,-55.45,27.5));
#4716=CARTESIAN_POINT('',(-9.99999999999999,-56.7227815245647,30.));
#4717=CARTESIAN_POINT('Origin',(10.0000000000001,-52.95,30.));
#4718=CARTESIAN_POINT('',(10.0000000000003,-62.9271197418539,3.34894660985807E-15));
#4719=CARTESIAN_POINT('',(10.0000000000004,-62.9271197418539,8.56100000000001));
#4720=CARTESIAN_POINT('',(10.0000000000004,-62.9271197418539,15.));
#4721=CARTESIAN_POINT('',(10.0000000000003,-67.8072784920787,8.56100000000001));
#4722=CARTESIAN_POINT('',(10.0000000000003,-59.5992346949461,8.56100000000001));
#4723=CARTESIAN_POINT('',(10.,-60.0976802775362,25.0942867254299));
#4724=CARTESIAN_POINT('',(10.0000000000002,-58.519871689874,28.4779081609149));
#4725=CARTESIAN_POINT('',(10.0000000000002,-58.7692273223693,24.2301449388348));
#4726=CARTESIAN_POINT('',(10.0000000000002,-55.45,30.));
#4727=CARTESIAN_POINT('',(10.0000000000001,-52.3459662428247,30.));
#4728=CARTESIAN_POINT('',(10.0000000000003,-55.45,-6.3934223731909E-15));
#4729=CARTESIAN_POINT('',(10.0000000000002,-55.45,27.5));
#4730=CARTESIAN_POINT('',(10.0000000000003,-66.3034049821804,7.7481026671245E-15));
#4731=CARTESIAN_POINT('Origin',(-6.26362340993561,-71.6463776999295,14.1731912419199));
#4732=CARTESIAN_POINT('',(-10.9023829138667,-73.9526726954448,10.575038482142));
#4733=CARTESIAN_POINT('',(-15.0507037645469,-74.8759279924405,9.80033530295038));
#4734=CARTESIAN_POINT('',(0.509770404986562,-71.4127700743562,12.7062698347236));
#4735=CARTESIAN_POINT('',(-10.9023829138667,-66.1463080028007,27.3158415895386));
#4736=CARTESIAN_POINT('',(-10.9023829138667,-72.1625816578263,14.4139011006571));
#4737=CARTESIAN_POINT('',(-15.0507037645421,-66.1463080028007,28.5210657841501));
#4738=CARTESIAN_POINT('',(-4.42388728986356,-66.1463080028007,25.4336246753233));
#4739=CARTESIAN_POINT('',(-15.0507037645445,-70.5313204723674,19.1173761966444));
#4740=CARTESIAN_POINT('Origin',(6.2636234099356,-67.4201950825225,23.2362691122864));
#4741=CARTESIAN_POINT('',(10.9023829138668,-66.1463080028007,27.3158415895386));
#4742=CARTESIAN_POINT('',(15.0507037645421,-66.1463080028007,28.5210657841501));
#4743=CARTESIAN_POINT('',(-0.509770404986575,-66.1463080028007,24.0002341937755));
#4744=CARTESIAN_POINT('',(10.9023829138667,-73.9526726954448,10.575038482142));
#4745=CARTESIAN_POINT('',(10.9023829138668,-67.9363990404193,23.4769789710236));
#4746=CARTESIAN_POINT('',(15.0507037645469,-74.8759279924405,9.80033530295038));
#4747=CARTESIAN_POINT('',(4.42388728986355,-72.5108108875656,11.784904193342));
#4748=CARTESIAN_POINT('',(15.0507037645434,-68.4182291636638,23.6489151318276));
#4749=CARTESIAN_POINT('Origin',(6.8,-54.1912080562514,21.4258339322049));
#4750=CARTESIAN_POINT('',(8.8894019898868,-64.5143126330814,24.3659662413817));
#4751=CARTESIAN_POINT('',(7.24963791910709,-64.056780265284,25.6230260905748));
#4752=CARTESIAN_POINT('',(8.90550884095451,-66.1463080028007,25.1125348305386));
#4753=CARTESIAN_POINT('',(6.1947346588259,-64.0696319124938,26.5749727020043));
#4754=CARTESIAN_POINT('',(8.24895206320311,-66.1463080028007,25.7012830083035));
#4755=CARTESIAN_POINT('',(5.53637005057067,-66.1463080028007,28.1337119635643));
#4756=CARTESIAN_POINT('Origin',(-3.52495810318487E-14,91.6805555292473,
-40.49758448756));
#4757=CARTESIAN_POINT('Origin',(-9.99999999999999,-55.2902929433628,19.0688387855668));
#4758=CARTESIAN_POINT('',(-8.24895206320354,-66.1463080028007,25.7012830083031));
#4759=CARTESIAN_POINT('',(-8.889401989887,-64.5143126330815,24.3659662413816));
#4760=CARTESIAN_POINT('Origin',(-3.52495810318487E-14,91.6805555292462,
-40.4975844875596));
#4761=CARTESIAN_POINT('',(-8.90550884095451,-66.1463080028007,25.1125348305386));
#4762=CARTESIAN_POINT('',(-10.7042692179295,-66.1463080028007,23.4995488252662));
#4763=CARTESIAN_POINT('',(-9.99999999999999,-66.9847782951721,24.522066863297));
#4764=CARTESIAN_POINT('',(-9.77330267877616,-66.8111094924272,24.6443679941338));
#4765=CARTESIAN_POINT('',(-9.99999999999999,-64.8241953450477,23.5145704875749));
#4766=CARTESIAN_POINT('',(-9.99999999999999,-55.2902929433628,19.0688387855668));
#4767=CARTESIAN_POINT('',(-8.84478131027537,-64.5018624242013,24.4001729091474));
#4768=CARTESIAN_POINT('Origin',(-6.66666666666667,-70.3724906202077,13.5791679410209));
#4769=CARTESIAN_POINT('',(-9.25175906482579,-72.5575051317059,11.7457230703058));
#4770=CARTESIAN_POINT('',(-3.66020058316841,-67.8313156798269,15.7114668962514));
#4771=CARTESIAN_POINT('',(-9.84507042253524,-72.4573111748005,12.615236355449));
#4772=CARTESIAN_POINT('Origin',(-3.52495810318487E-14,-65.484431140883,
16.7057925292119));
#4773=CARTESIAN_POINT('',(-9.99125233034608,-72.3507829910124,13.0049806720421));
#4774=CARTESIAN_POINT('Origin',(-9.00000000000002,-71.8587806997861,12.9663570570596));
#4775=CARTESIAN_POINT('',(-10.,-72.3514754061077,13.013147768617));
#4776=CARTESIAN_POINT('',(-6.19473465882592,-72.0502725408878,9.46043364431358));
#4777=CARTESIAN_POINT('',(-10.,-69.633996531163,18.8408000222743));
#4778=CARTESIAN_POINT('',(-4.41181710404298,-66.1463080028007,20.1542945934062));
#4779=CARTESIAN_POINT('Origin',(6.66666666666667,-66.1463080028007,22.6422458113874));
#4780=CARTESIAN_POINT('',(3.66020058316841,-66.1463080028007,19.3249775207458));
#4781=CARTESIAN_POINT('',(9.77330267877617,-72.3335313531789,12.8014960957785));
#4782=CARTESIAN_POINT('',(4.41181710404298,-68.4666094149221,15.1783921574438));
#4783=CARTESIAN_POINT('Origin',(-6.80000000000001,-61.7560749414099,5.20292454424883));
#4784=CARTESIAN_POINT('',(-9.84507042253524,-69.4443874330991,11.5186217953558));
#4785=CARTESIAN_POINT('Origin',(-9.00000000000002,-82.4089533700001,16.8063058753863));
#4786=CARTESIAN_POINT('',(-9.81748588896657,-69.2349181937102,11.3962090574022));
#4787=CARTESIAN_POINT('Origin',(-3.52495810318487E-14,-220.481580597995,
73.1201413277105));
#4788=CARTESIAN_POINT('',(-10.,-69.1839925057618,11.5361262351107));
#4789=CARTESIAN_POINT('',(-6.70163487337757,-70.1043131989249,9.00756591198813));
#4790=CARTESIAN_POINT('',(-10.,-60.6569900542984,7.55991969088686));
#4791=CARTESIAN_POINT('Origin',(10.,-60.6569900542984,7.55991969088684));
#4792=CARTESIAN_POINT('',(8.29677826454581,-69.6592310400077,10.2304190934154));
#4793=CARTESIAN_POINT('Origin',(-6.66666666666667,-66.1463080028007,22.6422458113874));
#4794=CARTESIAN_POINT('',(-6.34282397115479,-66.1463080028007,27.3457921967606));
#4795=CARTESIAN_POINT('Origin',(-3.52495810318487E-14,-66.1463080028007,
16.9466960056994));
#4796=CARTESIAN_POINT('',(-5.47719203216387,-66.1463080028007,27.8887448825937));
#4797=CARTESIAN_POINT('Ctrl Pts',(-5.47719203216387,-66.1463080028007,27.8887448825937));
#4798=CARTESIAN_POINT('Ctrl Pts',(-5.60037560169101,-66.1463080028007,27.8189151355144));
#4799=CARTESIAN_POINT('Ctrl Pts',(-5.73524235622715,-66.1463080028007,27.7382948857067));
#4800=CARTESIAN_POINT('Ctrl Pts',(-6.02209328306164,-66.1463080028007,27.5604805733451));
#4801=CARTESIAN_POINT('Ctrl Pts',(-6.18684927825031,-66.1463080028007,27.4535303606187));
#4802=CARTESIAN_POINT('Ctrl Pts',(-6.34282397115479,-66.1463080028007,27.3457921967606));
#4803=CARTESIAN_POINT('',(-5.17767973368008,-66.1463080028007,28.0526610457961));
#4804=CARTESIAN_POINT('Origin',(-3.52495810318487E-14,-66.1463080028007,
16.9466960056994));
#4805=CARTESIAN_POINT('',(-4.57214013856999,-66.1463080028007,28.3496989837329));
#4806=CARTESIAN_POINT('Ctrl Pts',(-4.57214013856999,-66.1463080028007,28.3496989837329));
#4807=CARTESIAN_POINT('Ctrl Pts',(-4.68597147959059,-66.1463080028007,28.2980108900876));
#4808=CARTESIAN_POINT('Ctrl Pts',(-4.80291005051787,-66.1463080028007,28.2421496576626));
#4809=CARTESIAN_POINT('Ctrl Pts',(-5.00251741527706,-66.1463080028007,28.1433473530293));
#4810=CARTESIAN_POINT('Ctrl Pts',(-5.09489209832733,-66.1463080028007,28.0963702326087));
#4811=CARTESIAN_POINT('Ctrl Pts',(-5.17767973368008,-66.1463080028007,28.0526610457961));
#4812=CARTESIAN_POINT('',(4.57214013856999,-66.1463080028007,28.3496989837329));
#4813=CARTESIAN_POINT('Origin',(-3.52495810318487E-14,-66.1463080028007,
16.9466960056994));
#4814=CARTESIAN_POINT('',(5.17767973368008,-66.1463080028007,28.0526610457961));
#4815=CARTESIAN_POINT('Ctrl Pts',(5.17767973368008,-66.1463080028007,28.0526610457961));
#4816=CARTESIAN_POINT('Ctrl Pts',(5.09486417926072,-66.1463080028007,28.0963849729705));
#4817=CARTESIAN_POINT('Ctrl Pts',(5.00245520375251,-66.1463080028007,28.1433790442252));
#4818=CARTESIAN_POINT('Ctrl Pts',(4.80284501044449,-66.1463080028007,28.2421807111346));
#4819=CARTESIAN_POINT('Ctrl Pts',(4.68594047561329,-66.1463080028007,28.2980249682533));
#4820=CARTESIAN_POINT('Ctrl Pts',(4.57214013856999,-66.1463080028007,28.3496989837329));
#4821=CARTESIAN_POINT('',(5.47719203216387,-66.1463080028007,27.8887448825937));
#4822=CARTESIAN_POINT('Origin',(-3.52495810318487E-14,-66.1463080028007,
16.9466960056994));
#4823=CARTESIAN_POINT('',(6.34282397115479,-66.1463080028007,27.3457921967606));
#4824=CARTESIAN_POINT('Ctrl Pts',(6.34282397115478,-66.1463080028007,27.3457921967606));
#4825=CARTESIAN_POINT('Ctrl Pts',(6.18669674397149,-66.1463080028007,27.4536357223464));
#4826=CARTESIAN_POINT('Ctrl Pts',(6.02176428815503,-66.1463080028007,27.5606942648352));
#4827=CARTESIAN_POINT('Ctrl Pts',(5.7349161445697,-66.1463080028007,27.7384894200152));
#4828=CARTESIAN_POINT('Ctrl Pts',(5.60022646762137,-66.1463080028007,27.8189996759641));
#4829=CARTESIAN_POINT('Ctrl Pts',(5.47719203216387,-66.1463080028007,27.8887448825937));
#4830=CARTESIAN_POINT('Origin',(-3.52495810318487E-14,-66.1463080028007,
16.9466960056994));
#4831=CARTESIAN_POINT('',(4.68102048292837,-66.1463080028007,32.5));
#4832=CARTESIAN_POINT('',(4.79613046279259,-66.1463080028007,32.4558313378501));
#4833=CARTESIAN_POINT('',(-4.68102048292837,-66.1463080028007,32.5));
#4834=CARTESIAN_POINT('',(-3.33333333333333,-66.1463080028007,32.5));
#4835=CARTESIAN_POINT('',(-10.6072183960406,-66.1463080028007,30.2260682890682));
#4836=CARTESIAN_POINT('Origin',(-3.52495810318487E-14,-69.9088051784205,
18.3161329841357));
#4837=CARTESIAN_POINT('',(6.34282397115479,-63.7475222242864,26.4727055750004));
#4838=CARTESIAN_POINT('',(6.34282397115479,-66.5666000866442,27.4987660049774));
#4839=CARTESIAN_POINT('Origin',(-3.52495810318487E-14,-67.0897273160627,
17.2900725541587));
#4840=CARTESIAN_POINT('Ctrl Pts',(6.34282397115479,-71.5732408237553,29.3210342069504));
#4841=CARTESIAN_POINT('Ctrl Pts',(6.34282397115479,-63.7475222242864,26.4727055750004));
#4842=CARTESIAN_POINT('Ctrl Pts',(6.01384610072853,-71.5002077437248,29.5216909452074));
#4843=CARTESIAN_POINT('Ctrl Pts',(6.01384610072853,-63.6744891442559,26.6733623132573));
#4844=CARTESIAN_POINT('Ctrl Pts',(5.6759260622752,-71.4349466013152,29.7009944603455));
#4845=CARTESIAN_POINT('Ctrl Pts',(5.6759260622752,-63.6092280018464,26.8526658283955));
#4846=CARTESIAN_POINT('Ctrl Pts',(5.47719203216387,-71.3987391942055,29.8004734937964));
#4847=CARTESIAN_POINT('Ctrl Pts',(5.47719203216387,-63.5730205947367,26.9521448618464));
#4848=CARTESIAN_POINT('',(5.47719203216387,-63.5730205947367,26.9521448618464));
#4849=CARTESIAN_POINT('',(5.47719203216387,-66.3920984570944,27.9782052918234));
#4850=CARTESIAN_POINT('Ctrl Pts',(6.34282397115479,-63.7475222242864,26.4727055750004));
#4851=CARTESIAN_POINT('Ctrl Pts',(6.01384610072853,-63.6744891442559,26.6733623132573));
#4852=CARTESIAN_POINT('Ctrl Pts',(5.6759260622752,-63.6092280018464,26.8526658283955));
#4853=CARTESIAN_POINT('Ctrl Pts',(5.47719203216387,-63.5730205947367,26.9521448618464));
#4854=CARTESIAN_POINT('Origin',(-3.52495810318487E-14,-69.9088051784205,
18.3161329841357));
#4855=CARTESIAN_POINT('',(5.17767973368008,-63.5203389553697,27.0968864764268));
#4856=CARTESIAN_POINT('',(5.17767973368008,-66.3394168177275,28.1229469064038));
#4857=CARTESIAN_POINT('Origin',(-3.52495810318487E-14,-67.0897273160627,
17.2900725541587));
#4858=CARTESIAN_POINT('Ctrl Pts',(5.17767973368008,-71.2064773907681,29.8944120833612));
#4859=CARTESIAN_POINT('Ctrl Pts',(5.17767973368008,-63.5203389553697,27.0968864764268));
#4860=CARTESIAN_POINT('Ctrl Pts',(5.04381749440476,-71.1837629088638,29.9568196094878));
#4861=CARTESIAN_POINT('Ctrl Pts',(5.04381749440476,-63.4976244734655,27.1592940025534));
#4862=CARTESIAN_POINT('Ctrl Pts',(4.81171668539855,-71.1459743805612,30.0606427377137));
#4863=CARTESIAN_POINT('Ctrl Pts',(4.81171668539855,-63.4598359451628,27.2631171307794));
#4864=CARTESIAN_POINT('Ctrl Pts',(4.57214013856999,-71.1110112377118,30.1567031832056));
#4865=CARTESIAN_POINT('Ctrl Pts',(4.57214013856999,-63.4248728023134,27.3591775762712));
#4866=CARTESIAN_POINT('',(4.57214013856999,-63.4248728023134,27.3591775762712));
#4867=CARTESIAN_POINT('',(4.57214013856999,-66.2439506646711,28.3852380062482));
#4868=CARTESIAN_POINT('Ctrl Pts',(5.17767973368008,-63.5203389553697,27.0968864764268));
#4869=CARTESIAN_POINT('Ctrl Pts',(5.04381749440476,-63.4976244734655,27.1592940025534));
#4870=CARTESIAN_POINT('Ctrl Pts',(4.81171668539855,-63.4598359451628,27.2631171307794));
#4871=CARTESIAN_POINT('Ctrl Pts',(4.57214013856999,-63.4248728023134,27.3591775762712));
#4872=CARTESIAN_POINT('Origin',(-3.52495810318487E-14,-69.9088051784205,
18.3161329841357));
#4873=CARTESIAN_POINT('',(1.89940564021884,-63.1585072872335,28.0910108142748));
#4874=CARTESIAN_POINT('Origin',(-3.52495810318487E-14,-67.0897273160627,
17.2900725541587));
#4875=CARTESIAN_POINT('',(-4.57214013856999,-63.4248728023134,27.3591775762712));
#4876=CARTESIAN_POINT('',(-4.57214013856999,-66.2439506646712,28.3852380062483));
#4877=CARTESIAN_POINT('Origin',(-3.52495810318487E-14,-67.0897273160627,
17.2900725541587));
#4878=CARTESIAN_POINT('Origin',(7.01585922071E-15,-19.6441790425431,0.0213052341575048));
#4879=CARTESIAN_POINT('',(-0.571500255885209,-63.1099898718633,28.2243113174547));
#4880=CARTESIAN_POINT('Origin',(7.01585922071E-15,-19.644179042543,0.0213052341574516));
#4881=CARTESIAN_POINT('Origin',(-3.52495810318487E-14,-67.0897273160627,
17.2900725541587));
#4882=CARTESIAN_POINT('Ctrl Pts',(-4.57214013856999,-71.1110112377118,30.1567031832056));
#4883=CARTESIAN_POINT('Ctrl Pts',(-4.57214013856999,-63.4248728023134,27.3591775762712));
#4884=CARTESIAN_POINT('Ctrl Pts',(-4.81171668539855,-71.1459743805611,30.0606427377137));
#4885=CARTESIAN_POINT('Ctrl Pts',(-4.81171668539855,-63.4598359451628,27.2631171307794));
#4886=CARTESIAN_POINT('Ctrl Pts',(-5.04381749440477,-71.1837629088638,29.9568196094878));
#4887=CARTESIAN_POINT('Ctrl Pts',(-5.04381749440477,-63.4976244734655,27.1592940025534));
#4888=CARTESIAN_POINT('Ctrl Pts',(-5.17767973368008,-71.206477390768,29.8944120833612));
#4889=CARTESIAN_POINT('Ctrl Pts',(-5.17767973368008,-63.5203389553697,27.0968864764268));
#4890=CARTESIAN_POINT('',(-5.17767973368008,-63.5203389553697,27.0968864764268));
#4891=CARTESIAN_POINT('',(-5.17767973368008,-66.3394168177275,28.1229469064038));
#4892=CARTESIAN_POINT('Ctrl Pts',(-4.57214013856999,-63.4248728023134,27.3591775762712));
#4893=CARTESIAN_POINT('Ctrl Pts',(-4.81171668539855,-63.4598359451628,27.2631171307794));
#4894=CARTESIAN_POINT('Ctrl Pts',(-5.04381749440477,-63.4976244734655,27.1592940025534));
#4895=CARTESIAN_POINT('Ctrl Pts',(-5.17767973368008,-63.5203389553697,27.0968864764268));
#4896=CARTESIAN_POINT('Origin',(-3.52495810318487E-14,-69.9088051784205,
18.3161329841357));
#4897=CARTESIAN_POINT('',(-5.47719203216387,-63.5730205947367,26.9521448618464));
#4898=CARTESIAN_POINT('',(-5.47719203216387,-66.3920984570944,27.9782052918234));
#4899=CARTESIAN_POINT('Origin',(-3.52495810318487E-14,-67.0897273160627,
17.2900725541587));
#4900=CARTESIAN_POINT('Ctrl Pts',(-5.47719203216387,-71.3987391942055,29.8004734937964));
#4901=CARTESIAN_POINT('Ctrl Pts',(-5.47719203216387,-63.5730205947367,26.9521448618464));
#4902=CARTESIAN_POINT('Ctrl Pts',(-5.6759260622752,-71.4349466013152,29.7009944603455));
#4903=CARTESIAN_POINT('Ctrl Pts',(-5.6759260622752,-63.6092280018464,26.8526658283955));
#4904=CARTESIAN_POINT('Ctrl Pts',(-6.01384610072854,-71.5002077437248,29.5216909452074));
#4905=CARTESIAN_POINT('Ctrl Pts',(-6.01384610072854,-63.6744891442559,26.6733623132573));
#4906=CARTESIAN_POINT('Ctrl Pts',(-6.34282397115479,-71.5732408237553,29.3210342069504));
#4907=CARTESIAN_POINT('Ctrl Pts',(-6.34282397115479,-63.7475222242864,26.4727055750004));
#4908=CARTESIAN_POINT('',(-6.34282397115479,-63.7475222242864,26.4727055750004));
#4909=CARTESIAN_POINT('',(-6.34282397115479,-66.5666000866441,27.4987660049774));
#4910=CARTESIAN_POINT('Ctrl Pts',(-5.47719203216387,-63.5730205947367,26.9521448618464));
#4911=CARTESIAN_POINT('Ctrl Pts',(-5.6759260622752,-63.6092280018464,26.8526658283955));
#4912=CARTESIAN_POINT('Ctrl Pts',(-6.01384610072854,-63.6744891442559,26.6733623132573));
#4913=CARTESIAN_POINT('Ctrl Pts',(-6.34282397115479,-63.7475222242864,26.4727055750004));
#4914=CARTESIAN_POINT('Origin',(-3.52495810318487E-14,-69.9088051784205,
18.3161329841357));
#4915=CARTESIAN_POINT('Origin',(-3.52495810318487E-14,-67.0897273160627,
17.2900725541587));
#4916=CARTESIAN_POINT('Origin',(-10.,-67.9613165336557,23.6668140602711));
#4917=CARTESIAN_POINT('',(-9.99999999999998,-68.2770890841932,14.0278229074966));
#4918=CARTESIAN_POINT('Origin',(-3.33066907387547E-14,-67.0897273160627,
17.2900725541587));
#4919=CARTESIAN_POINT('',(-1.77635683940025E-14,-62.4636920460934,30.));
#4920=CARTESIAN_POINT('Origin',(-3.33066907387547E-14,-67.0897273160627,
17.2900725541587));
#4921=CARTESIAN_POINT('',(-5.66545545552625,-63.2961067015816,27.7129595304232));
#4922=CARTESIAN_POINT('Ctrl Pts',(-5.17767973368008,-78.3452541121539,10.2807842388252));
#4923=CARTESIAN_POINT('Ctrl Pts',(-5.17767973368008,-70.6591156767556,7.48325863189085));
#4924=CARTESIAN_POINT('Ctrl Pts',(-5.04381682202158,-78.3679687081519,10.2183763992289));
#4925=CARTESIAN_POINT('Ctrl Pts',(-5.04381682202158,-70.6818302727535,7.42085079229448));
#4926=CARTESIAN_POINT('Ctrl Pts',(-4.81171788877931,-78.4057569467428,10.1145540669794));
#4927=CARTESIAN_POINT('Ctrl Pts',(-4.81171788877931,-70.7196185113444,7.31702846004501));
#4928=CARTESIAN_POINT('Ctrl Pts',(-4.57214013857,-78.4407202652103,10.0184931389808));
#4929=CARTESIAN_POINT('Ctrl Pts',(-4.57214013857,-70.7545818298119,7.22096753204642));
#4930=CARTESIAN_POINT('',(-5.17767973368008,-70.6591156767556,7.48325863189085));
#4931=CARTESIAN_POINT('',(-5.17767973368008,-75.526166625402,9.25472030585522));
#4932=CARTESIAN_POINT('',(-5.17767973368008,-73.4781935391133,8.50931906186786));
#4933=CARTESIAN_POINT('Ctrl Pts',(-5.17767973368008,-75.526166625402,9.25472030585522));
#4934=CARTESIAN_POINT('Ctrl Pts',(-5.09490110523301,-75.5624940513594,9.22423797613273));
#4935=CARTESIAN_POINT('Ctrl Pts',(-5.00246905209912,-75.6015671090213,9.19145178785967));
#4936=CARTESIAN_POINT('Ctrl Pts',(-4.80290944274065,-75.6836692704875,9.12255989445448));
#4937=CARTESIAN_POINT('Ctrl Pts',(-4.68602366239461,-75.7300834189091,9.0836137996325));
#4938=CARTESIAN_POINT('Ctrl Pts',(-4.57214013857,-75.7730666155595,9.04754661517635));
#4939=CARTESIAN_POINT('Ctrl Pts',(-5.17767973368008,-70.6591156767556,7.48325863189085));
#4940=CARTESIAN_POINT('Ctrl Pts',(-5.04381682202158,-70.6818302727535,7.42085079229448));
#4941=CARTESIAN_POINT('Ctrl Pts',(-4.81171788877931,-70.7196185113444,7.31702846004501));
#4942=CARTESIAN_POINT('Ctrl Pts',(-4.57214013857,-70.7545818298119,7.22096753204642));
#4943=CARTESIAN_POINT('Origin',(-3.52495810318487E-14,-69.9088051784205,
18.3161329841357));
#4944=CARTESIAN_POINT('',(-5.47719203216387,-70.6064340373887,7.62800024647131));
#4945=CARTESIAN_POINT('',(-5.47719203216387,-75.3899183758941,9.36904616176584));
#4946=CARTESIAN_POINT('',(-5.47719203216387,-73.4255118997464,8.65406067644832));
#4947=CARTESIAN_POINT('Origin',(-3.52495810318487E-14,-66.2948116067952,
17.0007468972347));
#4948=CARTESIAN_POINT('Origin',(-3.52495810318487E-14,-67.0897273160627,
17.2900725541587));
#4949=CARTESIAN_POINT('Ctrl Pts',(-6.34282397115479,-78.2576510073078,10.9557681652674));
#4950=CARTESIAN_POINT('Ctrl Pts',(-6.34282397115479,-70.4319324078389,8.1074395333173));
#4951=CARTESIAN_POINT('Ctrl Pts',(-6.01384098502724,-78.3306852230238,10.7551083067399));
#4952=CARTESIAN_POINT('Ctrl Pts',(-6.01384098502724,-70.504966623555,7.90677967478983));
#4953=CARTESIAN_POINT('Ctrl Pts',(-5.67592915264698,-78.3959446667122,10.5758094588));
#4954=CARTESIAN_POINT('Ctrl Pts',(-5.67592915264698,-70.5702260672433,7.72748082684999));
#4955=CARTESIAN_POINT('Ctrl Pts',(-5.47719203216387,-78.4321526368575,10.4763288784214));
#4956=CARTESIAN_POINT('Ctrl Pts',(-5.47719203216387,-70.6064340373887,7.62800024647131));
#4957=CARTESIAN_POINT('',(-6.34282397115479,-70.4319324078389,8.1074395333173));
#4958=CARTESIAN_POINT('',(-6.34282397115479,-74.9386123450237,9.74773688581724));
#4959=CARTESIAN_POINT('',(-6.34282397115479,-73.2510102701967,9.13349996329431));
#4960=CARTESIAN_POINT('Ctrl Pts',(-6.34282397115479,-74.9386123450237,9.74773688581725));
#4961=CARTESIAN_POINT('Ctrl Pts',(-6.18690275515733,-75.028134348893,9.6726190053883));
#4962=CARTESIAN_POINT('Ctrl Pts',(-6.02194703362523,-75.1171497999775,9.59792617321424));
#4963=CARTESIAN_POINT('Ctrl Pts',(-5.73495390338851,-75.2650030809037,9.47386253972064));
#4964=CARTESIAN_POINT('Ctrl Pts',(-5.60031982836824,-75.3319016866276,9.41772794433144));
#4965=CARTESIAN_POINT('Ctrl Pts',(-5.47719203216386,-75.3899183758941,9.36904616176582));
#4966=CARTESIAN_POINT('Ctrl Pts',(-6.34282397115479,-70.4319324078389,8.1074395333173));
#4967=CARTESIAN_POINT('Ctrl Pts',(-6.01384098502724,-70.504966623555,7.90677967478983));
#4968=CARTESIAN_POINT('Ctrl Pts',(-5.67592915264698,-70.5702260672433,7.72748082684999));
#4969=CARTESIAN_POINT('Ctrl Pts',(-5.47719203216387,-70.6064340373887,7.62800024647131));
#4970=CARTESIAN_POINT('Origin',(-3.52495810318487E-14,-69.9088051784205,
18.3161329841357));
#4971=CARTESIAN_POINT('',(-9.84507042253524,-72.0391566067311,12.4630405393493));
#4972=CARTESIAN_POINT('Origin',(-3.52495810318487E-14,-66.2948116067952,
17.0007468972347));
#4973=CARTESIAN_POINT('Origin',(-3.52495810318487E-14,-67.0897273160627,
17.2900725541587));
#4974=CARTESIAN_POINT('Origin',(-9.00000000000002,-71.8562938231851,12.9654519080005));
#4975=CARTESIAN_POINT('Origin',(-2.11391084629408,-74.6970871849798,5.16043629313295));
#4976=CARTESIAN_POINT('',(-11.4967344618404,-70.8116166912369,7.06426553815961));
#4977=CARTESIAN_POINT('',(-11.1961674969337,-71.9294436000529,7.36483250306625));
#4978=CARTESIAN_POINT('',(-11.541865506659,-70.6437715777963,7.01913449334098));
#4979=CARTESIAN_POINT('',(-2.11391084629408,-71.8780093226221,4.13437586315595));
#4980=CARTESIAN_POINT('',(0.,-72.1182631142588,3.47428399569578));
#4981=CARTESIAN_POINT('',(-2.11391084629408,-74.3630269350439,5.03884830570476));
#4982=CARTESIAN_POINT('',(-2.11391084629408,-74.6970871849798,5.16043629313295));
#4983=CARTESIAN_POINT('',(-5.23662364152212,-73.5262985633683,5.83858133395908));
#4984=CARTESIAN_POINT('Origin',(2.11391084629408,-74.6970871849798,5.16043629313295));
#4985=CARTESIAN_POINT('',(4.44089209850063E-15,-74.9294476391798,5.24500858208233));
#4986=CARTESIAN_POINT('',(-4.24767404763644,-73.791286808405,4.8307519178726));
#4987=CARTESIAN_POINT('',(2.11391084629408,-71.8780093226221,4.13437586315595));
#4988=CARTESIAN_POINT('',(12.,-71.8780093226221,4.13437586315595));
#4989=CARTESIAN_POINT('',(2.11391084629408,-74.3630269350439,5.03884830570476));
#4990=CARTESIAN_POINT('',(2.11391084629408,-74.6970871849798,5.16043629313295));
#4991=CARTESIAN_POINT('',(1.24661144017265,-74.5954191105102,5.12343214025084));
#4992=CARTESIAN_POINT('Origin',(12.,-73.5734965625086,8.24747615708356));
#4993=CARTESIAN_POINT('',(11.1961674969337,-71.9294436000529,7.36483250306626));
#4994=CARTESIAN_POINT('',(5.35082585663938,-73.4956981720537,5.86782875097055));
#4995=CARTESIAN_POINT('',(11.4967344618404,-70.8116166912369,7.06426553815961));
#4996=CARTESIAN_POINT('',(15.0507037645469,-70.4076949261196,8.17403146704557));
#4997=CARTESIAN_POINT('',(11.3675913561806,-71.2919077925538,7.19340864381934));
#4998=CARTESIAN_POINT('Origin',(-3.33066907387547E-14,-67.0897273160627,
17.2900725541587));
#4999=CARTESIAN_POINT('',(10.5565303465071,-63.4748109337445,27.2219736877946));
#5000=CARTESIAN_POINT('',(0.666576190142271,-63.1134636423958,28.2147672113562));
#5001=CARTESIAN_POINT('',(10.3092524889156,-70.3794085993646,8.25174751108437));
#5002=CARTESIAN_POINT('',(10.48580481484,-65.4496393539061,21.7961771961033));
#5003=CARTESIAN_POINT('',(5.85282234976553,-68.7574006776272,12.7081776502344));
#5004=CARTESIAN_POINT('',(-10.3092524889156,-70.3794085993646,8.25174751108436));
#5005=CARTESIAN_POINT('',(-5.4743002917192,-68.6196299154851,13.0866997082808));
#5006=CARTESIAN_POINT('',(-10.3665014468851,-68.7808788102223,12.6436720110784));
#5007=CARTESIAN_POINT('Origin',(-10.,-68.3628799793038,7.36950876559562));
#5008=CARTESIAN_POINT('',(-9.86376158782983,-66.6741496272427,8.69723841217013));
#5009=CARTESIAN_POINT('Origin',(-11.35,-64.452016389323,7.21100000000001));
#5010=CARTESIAN_POINT('',(-12.7,-71.5264928953046,5.86100000000001));
#5011=CARTESIAN_POINT('',(-13.22195008217,-71.3866367922978,5.33904991783001));
#5012=CARTESIAN_POINT('',(-12.7,-65.3357000656915,5.86100000000001));
#5013=CARTESIAN_POINT('',(-12.7,-64.452016389323,5.86100000000001));
#5014=CARTESIAN_POINT('',(-11.8296212874535,-64.5592641244594,6.73137871254644));
#5015=CARTESIAN_POINT('Origin',(-9.99999999999985,-72.2499557148686,4.93583754506405E-15));
#5016=CARTESIAN_POINT('',(4.44089209850063E-15,-74.9294476391798,4.93583754506405E-15));
#5017=CARTESIAN_POINT('',(4.44089209850063E-15,-74.9294476391798,4.93583754506405E-15));
#5018=CARTESIAN_POINT('',(-12.7,-71.5264928953046,4.15843960767646E-15));
#5019=CARTESIAN_POINT('',(-6.82157417371086,-73.101612348225,1.66058777021497E-14));
#5020=CARTESIAN_POINT('',(-12.7,-71.5264928953046,4.15843960767646E-15));
#5021=CARTESIAN_POINT('Origin',(4.44089209850063E-15,-74.9294476391798,
4.93583754506405E-15));
#5022=CARTESIAN_POINT('',(12.7,-71.5264928953046,5.86100000000001));
#5023=CARTESIAN_POINT('',(10.34849090173,-72.1565778591805,8.21250909827002));
#5024=CARTESIAN_POINT('',(12.7,-71.5264928953046,4.15843960767646E-15));
#5025=CARTESIAN_POINT('',(12.7,-71.5264928953046,4.15843960767646E-15));
#5026=CARTESIAN_POINT('',(6.82157417371086,-73.101612348225,1.66058777021497E-14));
#5027=CARTESIAN_POINT('Origin',(6.66666666666667,-70.3724906202077,13.5791679410209));
#5028=CARTESIAN_POINT('',(0.,-79.2998966482868,6.08818483548996));
#5029=CARTESIAN_POINT('',(-6.28278826520899,-77.4531485631855,7.63779047257575));
#5030=CARTESIAN_POINT('',(12.0938761984566,-75.7450509701938,9.07105453286989));
#5031=CARTESIAN_POINT('Origin',(3.33077132433952E-15,-63.9838649712993,
30.));
#5032=CARTESIAN_POINT('',(3.33077132433952E-15,-63.9838649712993,30.));
#5033=CARTESIAN_POINT('',(16.2989638415474,-62.557890407945,30.));
#5034=CARTESIAN_POINT('',(3.33077132433952E-15,-63.9838649712993,30.));
#5035=CARTESIAN_POINT('',(3.33077132433952E-15,-63.9838649712993,32.5));
#5036=CARTESIAN_POINT('',(3.33077132433952E-15,-63.9838649712993,30.));
#5037=CARTESIAN_POINT('',(16.2989638415474,-62.557890407945,32.5));
#5038=CARTESIAN_POINT('',(0.479002636222265,-63.9419576708308,32.5));
#5039=CARTESIAN_POINT('',(16.2989638415474,-62.557890407945,30.));
#5040=CARTESIAN_POINT('Origin',(-16.2989638415415,-62.5578904079455,30.));
#5041=CARTESIAN_POINT('',(-16.2989638415415,-62.5578904079455,30.));
#5042=CARTESIAN_POINT('',(3.33077132433952E-15,-63.9838649712993,30.));
#5043=CARTESIAN_POINT('',(-16.2989638415415,-62.5578904079455,32.5));
#5044=CARTESIAN_POINT('',(-16.2989638415415,-62.5578904079455,30.));
#5045=CARTESIAN_POINT('',(-8.62848455699303,-63.2289703891539,32.5));
#5046=CARTESIAN_POINT('Origin',(-11.2500000000001,-54.2,27.5));
#5047=CARTESIAN_POINT('',(-11.5000000000001,-53.95,24.));
#5048=CARTESIAN_POINT('',(-12.5000000000001,-52.95,25.));
#5049=CARTESIAN_POINT('',(-10.0833333333333,-55.3666666666667,22.5833333333333));
#5050=CARTESIAN_POINT('',(-12.5000000000001,-52.95,30.));
#5051=CARTESIAN_POINT('',(-12.5000000000001,-52.95,27.5));
#5052=CARTESIAN_POINT('',(-9.05201687858757,-56.3979831214124,30.));
#5053=CARTESIAN_POINT('',(-12.5000000000001,-52.95,-9.65081603525676E-15));
#5054=CARTESIAN_POINT('',(-6.89828643762688,-58.5517135623731,-2.22044604925031E-15));
#5055=CARTESIAN_POINT('',(-12.5000000000001,-52.95,4.99999999999999));
#5056=CARTESIAN_POINT('',(-12.5000000000001,-52.95,13.75));
#5057=CARTESIAN_POINT('',(-11.5000000000001,-53.95,5.99999999999998));
#5058=CARTESIAN_POINT('',(-6.24999999999996,-59.2,11.2499999999999));
#5059=CARTESIAN_POINT('',(-11.5000000000001,-53.95,16.75));
#5060=CARTESIAN_POINT('Origin',(0.,-53.95,5.99999999999998));
#5061=CARTESIAN_POINT('',(-17.,-53.95,5.99999999999998));
#5062=CARTESIAN_POINT('',(0.,-53.95,5.99999999999998));
#5063=CARTESIAN_POINT('',(-17.,-53.95,24.));
#5064=CARTESIAN_POINT('',(-17.,-53.95,12.6875));
#5065=CARTESIAN_POINT('',(0.,-53.95,24.));
#5066=CARTESIAN_POINT('Origin',(0.,-52.95,4.99999999999999));
#5067=CARTESIAN_POINT('',(-16.,-52.95,4.99999999999999));
#5068=CARTESIAN_POINT('',(0.,-52.95,4.99999999999999));
#5069=CARTESIAN_POINT('',(-16.1458333333333,-53.0958333333333,5.14583333333331));
#5070=CARTESIAN_POINT('Origin',(0.,-52.95,-9.65081603525676E-15));
#5071=CARTESIAN_POINT('',(-16.,-52.95,-9.65081603525676E-15));
#5072=CARTESIAN_POINT('',(0.,-52.95,-9.65081603525676E-15));
#5073=CARTESIAN_POINT('',(-16.,-52.95,9.6875));
#5074=CARTESIAN_POINT('Origin',(0.,-60.3568542494923,0.));
#5075=CARTESIAN_POINT('',(-12.7,-65.3357000656915,6.48722432243607E-15));
#5076=CARTESIAN_POINT('',(-5.91161400052294,-59.2800063808926,-1.40308696887435E-15));
#5077=CARTESIAN_POINT('',(-12.7,-61.5062088191231,1.49756011623262E-15));
#5078=CARTESIAN_POINT('',(12.7,-65.3357000656915,6.48722432243606E-15));
#5079=CARTESIAN_POINT('',(12.7,-65.9416735723985,7.27678202648693E-15));
#5080=CARTESIAN_POINT('',(7.26161400052301,-60.4842965428116,1.66051887414924E-16));
#5081=CARTESIAN_POINT('',(12.5000000000001,-52.95,-9.65081603525676E-15));
#5082=CARTESIAN_POINT('',(6.89828643762708,-58.5517135623732,-2.22044604925031E-15));
#5083=CARTESIAN_POINT('',(16.,-52.95,-9.65081603525676E-15));
#5084=CARTESIAN_POINT('',(0.,-52.95,-9.65081603525676E-15));
#5085=CARTESIAN_POINT('',(14.4767135623731,-51.4267135623731,-1.22124532708767E-14));
#5086=CARTESIAN_POINT('',(14.6999999999999,-64.439696961967,5.31977038993071E-15));
#5087=CARTESIAN_POINT('',(14.0164213562373,-65.1232756057296,6.2104442866171E-15));
#5088=CARTESIAN_POINT('',(14.7,-73.2682021073445,1.68229370723581E-14));
#5089=CARTESIAN_POINT('',(14.6999999999999,-62.3568542494923,2.60591492965269E-15));
#5090=CARTESIAN_POINT('',(7.2280144832367E-16,-77.207055236082,2.19550951593012E-14));
#5091=CARTESIAN_POINT('',(9.38215702783395,-74.6931138372119,1.86795364475074E-14));
#5092=CARTESIAN_POINT('',(-14.7,-73.2682021073445,1.68229370723581E-14));
#5093=CARTESIAN_POINT('',(-2.13215702783396,-76.6357454823376,2.12107028509318E-14));
#5094=CARTESIAN_POINT('',(-14.6999999999999,-64.439696961967,5.31977038993071E-15));
#5095=CARTESIAN_POINT('',(-14.7,-66.7357954796205,8.31148909348401E-15));
#5096=CARTESIAN_POINT('',(-12.0164213562373,-67.1232756057297,8.81635921626982E-15));
#5097=CARTESIAN_POINT('',(-14.4767135623731,-51.4267135623731,-1.22124532708767E-14));
#5098=CARTESIAN_POINT('',(-17.25,-58.7,0.));
#5099=CARTESIAN_POINT('Origin',(-14.5,-58.7,0.));
#5100=CARTESIAN_POINT('',(11.75,-58.7,0.));
#5101=CARTESIAN_POINT('Origin',(14.5,-58.7,0.));
#5102=CARTESIAN_POINT('Origin',(-17.25,-54.2,19.375));
#5103=CARTESIAN_POINT('',(-16.,-52.95,30.));
#5104=CARTESIAN_POINT('',(-12.3229831214124,-49.2729831214124,30.));
#5105=CARTESIAN_POINT('',(-16.,-52.95,25.));
#5106=CARTESIAN_POINT('',(-16.,-52.95,19.375));
#5107=CARTESIAN_POINT('',(-15.0208333333333,-51.9708333333334,25.9791666666667));
#5108=CARTESIAN_POINT('Origin',(-2.22044604925031E-15,-51.7419324856496,
30.));
#5109=CARTESIAN_POINT('',(16.2989638415474,-62.557890407945,30.));
#5110=CARTESIAN_POINT('',(16.,-52.95,30.));
#5111=CARTESIAN_POINT('',(12.3229831214124,-49.2729831214124,30.));
#5112=CARTESIAN_POINT('',(12.5000000000001,-52.95,30.));
#5113=CARTESIAN_POINT('',(-1.11022302462516E-15,-52.95,30.));
#5114=CARTESIAN_POINT('',(9.05201687858776,-56.3979831214124,30.));
#5115=CARTESIAN_POINT('',(-1.11022302462516E-15,-52.95,30.));
#5116=CARTESIAN_POINT('',(-16.2989638415415,-62.5578904079455,30.));
#5117=CARTESIAN_POINT('',(-17.25,-58.7,30.));
#5118=CARTESIAN_POINT('Origin',(-14.5,-58.7,30.));
#5119=CARTESIAN_POINT('',(11.75,-58.7,30.));
#5120=CARTESIAN_POINT('Origin',(14.5,-58.7,30.));
#5121=CARTESIAN_POINT('Origin',(11.2500000000001,-54.2,27.5));
#5122=CARTESIAN_POINT('',(12.5000000000001,-52.95,25.));
#5123=CARTESIAN_POINT('',(12.5000000000001,-52.95,27.5));
#5124=CARTESIAN_POINT('',(11.5000000000001,-53.95,24.));
#5125=CARTESIAN_POINT('',(10.0833333333335,-55.3666666666666,22.5833333333333));
#5126=CARTESIAN_POINT('',(11.5000000000001,-53.95,5.99999999999998));
#5127=CARTESIAN_POINT('',(11.5000000000001,-53.95,16.75));
#5128=CARTESIAN_POINT('',(12.5000000000001,-52.95,4.99999999999999));
#5129=CARTESIAN_POINT('',(6.2500000000002,-59.2000000000001,11.25));
#5130=CARTESIAN_POINT('',(12.5000000000001,-52.95,13.75));
#5131=CARTESIAN_POINT('Origin',(0.,-53.95,24.));
#5132=CARTESIAN_POINT('',(16.,-52.95,25.));
#5133=CARTESIAN_POINT('',(0.,-52.95,25.));
#5134=CARTESIAN_POINT('',(17.,-53.95,24.));
#5135=CARTESIAN_POINT('',(15.0208333333333,-51.9708333333334,25.9791666666667));
#5136=CARTESIAN_POINT('',(0.,-53.95,24.));
#5137=CARTESIAN_POINT('Origin',(0.,-52.95,25.));
#5138=CARTESIAN_POINT('',(16.,-52.95,19.375));
#5139=CARTESIAN_POINT('Origin',(17.25,-54.2,19.375));
#5140=CARTESIAN_POINT('',(16.,-52.95,4.99999999999999));
#5141=CARTESIAN_POINT('',(16.,-52.95,9.6875));
#5142=CARTESIAN_POINT('',(17.,-53.95,5.99999999999998));
#5143=CARTESIAN_POINT('',(16.1458333333333,-53.0958333333333,5.14583333333331));
#5144=CARTESIAN_POINT('',(17.,-53.95,12.6875));
#5145=CARTESIAN_POINT('Origin',(0.,-53.95,5.99999999999998));
#5146=CARTESIAN_POINT('',(0.,-53.95,5.99999999999998));
#5147=CARTESIAN_POINT('Origin',(0.,-52.95,4.99999999999999));
#5148=CARTESIAN_POINT('',(0.,-52.95,4.99999999999999));
#5149=CARTESIAN_POINT('Origin',(0.,-52.95,-9.65081603525676E-15));
#5150=CARTESIAN_POINT('Origin',(11.35,-68.8874811425984,7.21100000000001));
#5151=CARTESIAN_POINT('',(9.51548974183421,-63.7774857919822,9.04551025816576));
#5152=CARTESIAN_POINT('',(12.7,-65.3357000656915,5.86100000000001));
#5153=CARTESIAN_POINT('',(13.4043759843204,-65.9640504865871,5.15662401567958));
#5154=CARTESIAN_POINT('',(12.7,-68.8874811425984,5.86100000000001));
#5155=CARTESIAN_POINT('Origin',(12.7,-71.5264928953046,4.15843960767646E-15));
#5156=CARTESIAN_POINT('',(12.7,-65.3357000656915,4.15843960767646E-15));
#5157=CARTESIAN_POINT('Origin',(-8.66862493352244,-61.7394442645328,4.15843960767646E-15));
#5158=CARTESIAN_POINT('',(-12.7,-65.3357000656915,4.15843960767646E-15));
#5159=CARTESIAN_POINT('Origin',(-12.7,-62.6555633887538,4.15843960767646E-15));
#5160=CARTESIAN_POINT('Origin',(11.3686249335226,-64.1480245883708,4.15843960767646E-15));
#5161=CARTESIAN_POINT('Origin',(10.,-60.0976802775362,25.0942867254299));
#5162=CARTESIAN_POINT('',(9.91367493359367,-59.5738435631688,24.7642549140996));
#5163=CARTESIAN_POINT('Origin',(-9.99999999999999,-60.0976802775362,25.0942867254299));
#5164=CARTESIAN_POINT('Origin',(-2.58407307446544E-15,-59.6534905854405,
26.0468545941481));
#5165=CARTESIAN_POINT('Origin',(0.,-52.95,32.5));
#5166=CARTESIAN_POINT('',(16.2411077985004,-64.0779060970795,32.5));
#5167=CARTESIAN_POINT('',(5.49809429718465,-66.00011213175,32.5));
#5168=CARTESIAN_POINT('',(16.6497190635618,-63.4048046087517,32.5));
#5169=CARTESIAN_POINT('',(14.6261954831468,-64.2306587663456,32.5));
#5170=CARTESIAN_POINT('',(-15.7267135623714,-63.1301406871156,32.5));
#5171=CARTESIAN_POINT('',(-16.2411077985004,-64.0779060970795,32.5));
#5172=CARTESIAN_POINT('',(-16.6497190635618,-63.4048046087517,32.5));
#5173=CARTESIAN_POINT('',(-5.49809429718465,-66.00011213175,32.5));
#5174=CARTESIAN_POINT('Origin',(9.25,-69.2909542857795,24.0031286241361));
#5175=CARTESIAN_POINT('',(0.,-82.7134755542914,-1.23225875214119));
#5176=CARTESIAN_POINT('',(0.,-70.6504159663345,24.6370560167472));
#5177=CARTESIAN_POINT('',(5.00000000000074,-82.1170764252833,-1.87181851677543));
#5178=CARTESIAN_POINT('',(3.69843227871791,-82.2723271963469,-1.70533244767962));
#5179=CARTESIAN_POINT('',(13.4362030508578,-79.6703355306572,0.138192586378586));
#5180=CARTESIAN_POINT('',(11.1856921830732,-80.3230482428589,-0.39801449692014));
#5181=CARTESIAN_POINT('',(13.4362030508581,-76.1795999507179,7.62409919522601));
#5182=CARTESIAN_POINT('',(13.4362030508582,-75.1150427750924,9.90704942563258));
#5183=CARTESIAN_POINT('',(16.9367756635999,-74.7886644412344,9.26377102807229));
#5184=CARTESIAN_POINT('',(18.3068897254886,-64.8073147558246,30.1431202781305));
#5185=CARTESIAN_POINT('Origin',(-18.,-64.0160254037844,5.28944417444229));
#5186=CARTESIAN_POINT('',(-16.9061045421145,-65.10992086167,5.7520043899701));
#5187=CARTESIAN_POINT('',(-16.8151706889578,-65.2008547148266,5.34182828526546));
#5188=CARTESIAN_POINT('',(-16.9001741956367,-65.1158512081478,5.72525432568298));
#5189=CARTESIAN_POINT('',(-16.4855010904,-65.5305243133844,7.33633048565576));
#5190=CARTESIAN_POINT('',(-16.4246647668418,-65.5913606369426,7.56548831730427));
#5191=CARTESIAN_POINT('',(-16.4855010904,-65.5305243133844,13.8937279342575));
#5192=CARTESIAN_POINT('',(-16.4855010904,-65.5305243133844,5.35640375923874));
#5193=CARTESIAN_POINT('',(-18.,-64.0160254037844,20.7251910445766));
#5194=CARTESIAN_POINT('',(-16.4421233286976,-65.5739020750868,13.6980634956769));
#5195=CARTESIAN_POINT('',(-18.,-64.0160254037844,5.28944417444229));
#5196=CARTESIAN_POINT('',(-18.,-64.0160254037844,5.23050852484802));
#5197=CARTESIAN_POINT('',(-17.9713171228456,-64.0447082809388,5.29071231239395));
#5198=CARTESIAN_POINT('Origin',(-18.,-64.2452645890183,2.70203381457024));
#5199=CARTESIAN_POINT('',(-16.4855010904,-65.6947713904594,3.50255583019156));
#5200=CARTESIAN_POINT('',(-16.6605428988571,-65.4325207355366,4.4791383788706));
#5201=CARTESIAN_POINT('',(-18.,-64.2452645890183,2.70203381457024));
#5202=CARTESIAN_POINT('',(-18.,-64.1254437939801,4.05444468661938));
#5203=CARTESIAN_POINT('',(-16.4855010904,-65.7303625115685,3.10084075960524));
#5204=CARTESIAN_POINT('',(-17.9313424079471,-64.3125893303428,2.72011314388935));
#5205=CARTESIAN_POINT('',(-16.4855010904,-65.7538541660332,2.8356917185698));
#5206=CARTESIAN_POINT('Origin',(-16.4855010904,-66.466969967648,10.7438033597411));
#5207=CARTESIAN_POINT('',(-16.4855010904,-66.1003540411509,2.6327810289451));
#5208=CARTESIAN_POINT('',(-16.4855010904,-64.9680288691709,5.06106019652314));
#5209=CARTESIAN_POINT('',(-16.4855010904,-65.9384643657476,2.65456489314736));
#5210=CARTESIAN_POINT('',(-16.4855010904,-66.2884219994535,1.90407832578012));
#5211=CARTESIAN_POINT('',(-16.4855010904,-68.8455549841545,2.26338696844443));
#5212=CARTESIAN_POINT('Origin',(-18.,-68.9179145315116,10.2130558865961));
#5213=CARTESIAN_POINT('',(-18.,-66.3406310243998,5.70111509310653));
#5214=CARTESIAN_POINT('',(-18.5929864799176,-67.0077829738253,5.67352866810121));
#5215=CARTESIAN_POINT('',(-18.,-68.9179145315116,10.2130558865961));
#5216=CARTESIAN_POINT('',(-18.,-66.9013556027943,6.68275180175304));
#5217=CARTESIAN_POINT('',(-16.4855010904,-67.2139955819888,10.2835121482567));
#5218=CARTESIAN_POINT('',(-16.6763348518395,-67.4286971313028,10.2746343383458));
#5219=CARTESIAN_POINT('',(-16.4855010904,-67.2139955819888,10.2835121482567));
#5220=CARTESIAN_POINT('Origin',(-18.,-66.3406310243998,5.70111509310653));
#5221=CARTESIAN_POINT('',(-18.,-68.6435843844328,0.762415674905605));
#5222=CARTESIAN_POINT('',(-17.0676986566551,-67.078012398578,1.9137827185289));
#5223=CARTESIAN_POINT('',(-18.,-65.9963654333959,6.43939503550764));
#5224=CARTESIAN_POINT('Origin',(-18.,-68.6435843844328,0.762415674905605));
#5225=CARTESIAN_POINT('',(-18.,-64.9158198442245,1.26402342919672));
#5226=CARTESIAN_POINT('',(-17.5527152974137,-65.2178426768337,1.67469914589392));
#5227=CARTESIAN_POINT('',(-18.,-64.7702758206886,1.2836078235459));
#5228=CARTESIAN_POINT('Origin',(-18.,-64.9158198442245,1.26402342919672));
#5229=CARTESIAN_POINT('',(-18.,-63.8490419518876,3.5517360019596));
#5230=CARTESIAN_POINT('Origin',(-18.,-64.0160254037844,20.7251910445766));
#5231=CARTESIAN_POINT('',(-16.4855010904,-65.5305243133844,13.8937279342575));
#5232=CARTESIAN_POINT('',(-18.,-66.756631769255,14.8479417274329));
#5233=CARTESIAN_POINT('Origin',(-16.4855010904,-66.466969967648,10.7438033597411));
#5234=CARTESIAN_POINT('Origin',(-18.5,-61.35,24.8284271247462));
#5235=CARTESIAN_POINT('',(-18.,-61.4160254037844,25.9871465923533));
#5236=CARTESIAN_POINT('',(-18.4101063028322,-60.7057004507748,25.6929203631247));
#5237=CARTESIAN_POINT('',(-18.,-62.2160254037844,25.1871465923533));
#5238=CARTESIAN_POINT('',(-20.0618462357707,-58.644802966035,23.7078978243864));
#5239=CARTESIAN_POINT('',(-18.,-61.9623724356958,25.440799560442));
#5240=CARTESIAN_POINT('Origin',(-18.5,-60.55,25.6284271247462));
#5241=CARTESIAN_POINT('',(-18.,-61.4160254037844,27.1339745962156));
#5242=CARTESIAN_POINT('',(-18.2065939490149,-61.0581941875544,27.4918058124456));
#5243=CARTESIAN_POINT('',(-18.,-61.4160254037844,25.6284271247462));
#5244=CARTESIAN_POINT('Origin',(-18.5,-60.55,28.));
#5245=CARTESIAN_POINT('',(-18.0002884190358,-61.4177133116096,27.1344741526394));
#5246=CARTESIAN_POINT('',(-18.4978596811241,-61.4274236661841,27.9962928589625));
#5247=CARTESIAN_POINT('',(-18.,-61.4177076829664,27.1339745962156));
#5248=CARTESIAN_POINT('',(-18.,-60.3568542494924,27.1339745962156));
#5249=CARTESIAN_POINT('',(-18.0002830833598,-61.4177132074815,27.1344649109775));
#5250=CARTESIAN_POINT('Origin',(-18.5,-61.4274654355884,28.));
#5251=CARTESIAN_POINT('',(-18.,-63.030591204705,27.0976243538832));
#5252=CARTESIAN_POINT('',(-18.2745508699707,-63.3367018055746,27.5663822205524));
#5253=CARTESIAN_POINT('',(-18.,-61.4079524075557,27.1341944550091));
#5254=CARTESIAN_POINT('Origin',(-18.5,-63.5880664021107,27.9513056165192));
#5255=CARTESIAN_POINT('',(-18.,-70.9430425059854,10.1293177800941));
#5256=CARTESIAN_POINT('',(-16.6608009602645,-68.3333717167823,10.2372264620322));
#5257=CARTESIAN_POINT('',(-18.,-62.8031808348893,27.5853074657485));
#5258=CARTESIAN_POINT('Origin',(-18.5,-71.9173826569903,10.0890292648188));
#5259=CARTESIAN_POINT('',(-18.,-68.3657589988736,5.61737698660457));
#5260=CARTESIAN_POINT('',(-18.9848970264861,-70.2850084338951,5.53801690881223));
#5261=CARTESIAN_POINT('',(-18.,-71.1653925247418,10.5185765160042));
#5262=CARTESIAN_POINT('Origin',(-18.5,-69.3400991498785,5.57708847132928));
#5263=CARTESIAN_POINT('',(-18.0002884190358,-71.6670828339444,-1.46115277334635));
#5264=CARTESIAN_POINT('',(-17.6348158457381,-70.9129269356937,-1.3417062134845));
#5265=CARTESIAN_POINT('',(-18.,-71.6662439511647,-1.46053583462059));
#5266=CARTESIAN_POINT('',(-18.,-68.5552135826571,5.21109032055859));
#5267=CARTESIAN_POINT('',(-17.1188730617403,-69.103437327358,0.424226483866886));
#5268=CARTESIAN_POINT('Origin',(-18.5,-72.6982421157694,-1.62447235908365));
#5269=CARTESIAN_POINT('',(-18.4038736008886,-71.9319229292105,-2.20211974003333));
#5270=CARTESIAN_POINT('Origin',(-18.5,-71.9950028584125,-2.37860413433422));
#5271=CARTESIAN_POINT('',(-18.,-63.7003946451217,-0.38865166963992));
#5272=CARTESIAN_POINT('',(-17.633653403637,-64.1288529048133,0.193944690223255));
#5273=CARTESIAN_POINT('',(-18.,-72.1104943051663,-1.52031413338656));
#5274=CARTESIAN_POINT('Origin',(-18.5,-63.1156229235534,-1.18379534730352));
#5275=CARTESIAN_POINT('',(-18.,-62.4802080124531,2.22804700843078));
#5276=CARTESIAN_POINT('',(-18.3693492699551,-61.8528954309987,2.05958901627209));
#5277=CARTESIAN_POINT('',(-18.,-63.9005084907748,-0.817797196532823));
#5278=CARTESIAN_POINT('Origin',(-18.5,-61.6309947711074,2.00000000000001));
#5279=CARTESIAN_POINT('',(-18.0002884190358,-62.2155258473606,5.2098398234849));
#5280=CARTESIAN_POINT('',(-18.4695665804441,-61.4027122289188,5.1739034077749));
#5281=CARTESIAN_POINT('',(-18.,-62.2160254037844,5.20986191005789));
#5282=CARTESIAN_POINT('',(-18.,-62.2126463111316,5.24800154717058));
#5283=CARTESIAN_POINT('',(-17.9716748070672,-62.2650860770786,5.2120309986441));
#5284=CARTESIAN_POINT('Origin',(-18.5,-61.35,5.17157287525376));
#5285=CARTESIAN_POINT('',(-18.,-62.2160254037844,5.17157287525376));
#5286=CARTESIAN_POINT('Origin',(-18.,-61.35,5.17157287525376));
#5287=CARTESIAN_POINT('Origin',(18.,-64.0160254037844,5.28944417444229));
#5288=CARTESIAN_POINT('',(16.9061045421145,-65.10992086167,5.7520043899701));
#5289=CARTESIAN_POINT('',(16.8151706889578,-65.2008547148266,5.34182828526546));
#5290=CARTESIAN_POINT('',(16.9001741956367,-65.1158512081478,5.72525432568298));
#5291=CARTESIAN_POINT('',(18.,-64.0160254037844,5.28944417444229));
#5292=CARTESIAN_POINT('',(17.9713171228456,-64.0447082809388,5.29071231239395));
#5293=CARTESIAN_POINT('',(18.,-64.0160254037844,20.7251910445766));
#5294=CARTESIAN_POINT('',(18.,-64.0160254037844,5.23050852484802));
#5295=CARTESIAN_POINT('',(16.4855010904,-65.5305243133844,13.8937279342575));
#5296=CARTESIAN_POINT('',(16.4421233286976,-65.5739020750868,13.6980634956769));
#5297=CARTESIAN_POINT('',(16.4855010904,-65.5305243133844,7.33633048565576));
#5298=CARTESIAN_POINT('',(16.4855010904,-65.5305243133844,5.35640375923874));
#5299=CARTESIAN_POINT('',(16.4246647668418,-65.5913606369426,7.56548831730427));
#5300=CARTESIAN_POINT('Origin',(18.,-64.2452645890183,2.70203381457024));
#5301=CARTESIAN_POINT('',(16.4855010904,-65.6947713904594,3.50255583019156));
#5302=CARTESIAN_POINT('',(16.6605428988571,-65.4325207355366,4.4791383788706));
#5303=CARTESIAN_POINT('',(16.4855010904,-65.7303625115685,3.10084075960524));
#5304=CARTESIAN_POINT('',(16.4855010904,-65.7538541660332,2.8356917185698));
#5305=CARTESIAN_POINT('',(18.,-64.2452645890183,2.70203381457024));
#5306=CARTESIAN_POINT('',(17.9313424079471,-64.3125893303428,2.72011314388935));
#5307=CARTESIAN_POINT('',(18.,-64.1254437939801,4.05444468661938));
#5308=CARTESIAN_POINT('Origin',(16.4855010904,-66.466969967648,10.7438033597411));
#5309=CARTESIAN_POINT('',(16.4855010904,-66.1003540411509,2.6327810289451));
#5310=CARTESIAN_POINT('',(16.4855010904,-64.9680288691709,5.06106019652314));
#5311=CARTESIAN_POINT('',(16.4855010904,-65.9384643657476,2.65456489314736));
#5312=CARTESIAN_POINT('',(16.4855010904,-68.8455549841545,2.26338696844443));
#5313=CARTESIAN_POINT('',(16.4855010904,-66.2884219994535,1.90407832578012));
#5314=CARTESIAN_POINT('Origin',(18.,-68.9179145315116,10.2130558865961));
#5315=CARTESIAN_POINT('',(16.4855010904,-67.2139955819888,10.2835121482567));
#5316=CARTESIAN_POINT('',(16.4855010904,-67.2139955819888,10.2835121482567));
#5317=CARTESIAN_POINT('',(18.,-68.9179145315116,10.2130558865961));
#5318=CARTESIAN_POINT('',(16.6763348518395,-67.4286971313028,10.2746343383458));
#5319=CARTESIAN_POINT('',(18.,-66.3406310243998,5.70111509310653));
#5320=CARTESIAN_POINT('',(18.,-66.9013556027943,6.68275180175304));
#5321=CARTESIAN_POINT('',(18.5929864799176,-67.0077829738253,5.67352866810121));
#5322=CARTESIAN_POINT('Origin',(18.,-66.3406310243998,5.70111509310653));
#5323=CARTESIAN_POINT('',(18.,-68.6435843844328,0.762415674905605));
#5324=CARTESIAN_POINT('',(18.,-65.9963654333959,6.43939503550764));
#5325=CARTESIAN_POINT('',(17.0676986566551,-67.078012398578,1.9137827185289));
#5326=CARTESIAN_POINT('Origin',(18.,-68.6435843844328,0.762415674905605));
#5327=CARTESIAN_POINT('',(18.,-64.9158198442245,1.26402342919672));
#5328=CARTESIAN_POINT('',(18.,-64.7702758206886,1.2836078235459));
#5329=CARTESIAN_POINT('',(17.5527152974137,-65.2178426768337,1.67469914589392));
#5330=CARTESIAN_POINT('Origin',(18.,-64.9158198442245,1.26402342919672));
#5331=CARTESIAN_POINT('',(18.,-63.8490419518876,3.5517360019596));
#5332=CARTESIAN_POINT('Origin',(18.,-64.0160254037844,20.7251910445766));
#5333=CARTESIAN_POINT('',(16.4855010904,-65.5305243133844,13.8937279342575));
#5334=CARTESIAN_POINT('',(18.,-66.756631769255,14.8479417274329));
#5335=CARTESIAN_POINT('Origin',(16.4855010904,-66.466969967648,10.7438033597411));
#5336=CARTESIAN_POINT('Origin',(18.5,-61.35,24.8284271247462));
#5337=CARTESIAN_POINT('',(18.,-61.4160254037844,25.9871465923533));
#5338=CARTESIAN_POINT('',(18.4101063028322,-60.7057004507748,25.6929203631247));
#5339=CARTESIAN_POINT('',(18.,-62.2160254037844,25.1871465923533));
#5340=CARTESIAN_POINT('',(18.,-61.9623724356958,25.440799560442));
#5341=CARTESIAN_POINT('',(20.0618462357707,-58.644802966035,23.7078978243864));
#5342=CARTESIAN_POINT('Origin',(18.5,-60.55,25.6284271247462));
#5343=CARTESIAN_POINT('',(18.,-61.4160254037844,27.1339745962156));
#5344=CARTESIAN_POINT('',(18.2065939490149,-61.0581941875544,27.4918058124456));
#5345=CARTESIAN_POINT('',(18.,-61.4160254037844,25.6284271247462));
#5346=CARTESIAN_POINT('Origin',(18.5,-60.55,28.));
#5347=CARTESIAN_POINT('',(18.0002884190358,-61.4177133116096,27.1344741526394));
#5348=CARTESIAN_POINT('',(18.4978596811241,-61.4274236661841,27.9962928589625));
#5349=CARTESIAN_POINT('',(18.,-61.4177076829664,27.1339745962156));
#5350=CARTESIAN_POINT('',(18.0002830833598,-61.4177132074815,27.1344649109775));
#5351=CARTESIAN_POINT('',(18.,-60.3568542494924,27.1339745962156));
#5352=CARTESIAN_POINT('Origin',(18.5,-61.4274654355884,28.));
#5353=CARTESIAN_POINT('',(18.,-63.030591204705,27.0976243538832));
#5354=CARTESIAN_POINT('',(18.2745508699707,-63.3367018055746,27.5663822205524));
#5355=CARTESIAN_POINT('',(18.,-61.4079524075557,27.1341944550091));
#5356=CARTESIAN_POINT('Origin',(18.5,-63.5880664021107,27.9513056165192));
#5357=CARTESIAN_POINT('',(18.,-70.9430425059854,10.1293177800941));
#5358=CARTESIAN_POINT('',(16.6608009602645,-68.3333717167823,10.2372264620322));
#5359=CARTESIAN_POINT('',(18.,-62.8031808348893,27.5853074657485));
#5360=CARTESIAN_POINT('Origin',(18.5,-71.9173826569903,10.0890292648188));
#5361=CARTESIAN_POINT('',(18.,-68.3657589988736,5.61737698660457));
#5362=CARTESIAN_POINT('',(18.9848970264861,-70.2850084338951,5.53801690881223));
#5363=CARTESIAN_POINT('',(18.,-71.1653925247418,10.5185765160042));
#5364=CARTESIAN_POINT('Origin',(18.5,-69.3400991498785,5.57708847132928));
#5365=CARTESIAN_POINT('',(18.0002884190358,-71.6670828339444,-1.46115277334635));
#5366=CARTESIAN_POINT('',(17.6348158457381,-70.9129269356937,-1.3417062134845));
#5367=CARTESIAN_POINT('',(18.,-71.6662439511647,-1.46053583462059));
#5368=CARTESIAN_POINT('',(17.1188730617403,-69.103437327358,0.424226483866886));
#5369=CARTESIAN_POINT('',(18.,-68.5552135826571,5.21109032055859));
#5370=CARTESIAN_POINT('Origin',(18.5,-72.6982421157694,-1.62447235908365));
#5371=CARTESIAN_POINT('',(18.4038736008886,-71.9319229292105,-2.20211974003333));
#5372=CARTESIAN_POINT('Origin',(18.5,-71.9950028584125,-2.37860413433422));
#5373=CARTESIAN_POINT('',(18.,-63.7003946451217,-0.38865166963992));
#5374=CARTESIAN_POINT('',(17.633653403637,-64.1288529048133,0.193944690223255));
#5375=CARTESIAN_POINT('',(18.,-72.1104943051663,-1.52031413338656));
#5376=CARTESIAN_POINT('Origin',(18.5,-63.1156229235534,-1.18379534730352));
#5377=CARTESIAN_POINT('',(18.,-62.4802080124531,2.22804700843078));
#5378=CARTESIAN_POINT('',(18.3693492699551,-61.8528954309987,2.05958901627209));
#5379=CARTESIAN_POINT('',(18.,-63.9005084907748,-0.817797196532823));
#5380=CARTESIAN_POINT('Origin',(18.5,-61.6309947711074,2.00000000000001));
#5381=CARTESIAN_POINT('',(18.0002884190358,-62.2155258473606,5.2098398234849));
#5382=CARTESIAN_POINT('',(18.4695665804441,-61.4027122289188,5.1739034077749));
#5383=CARTESIAN_POINT('',(18.,-62.2160254037844,5.20986191005789));
#5384=CARTESIAN_POINT('',(17.9716748070672,-62.2650860770786,5.2120309986441));
#5385=CARTESIAN_POINT('',(18.,-62.2126463111316,5.24800154717058));
#5386=CARTESIAN_POINT('Origin',(18.5,-61.35,5.17157287525376));
#5387=CARTESIAN_POINT('',(18.,-62.2160254037844,5.17157287525376));
#5388=CARTESIAN_POINT('Origin',(18.,-61.35,5.17157287525376));
#5389=CARTESIAN_POINT('Origin',(0.,-53.95,24.));
#5390=CARTESIAN_POINT('',(0.,-52.95,25.));
#5391=CARTESIAN_POINT('Origin',(0.,-52.95,25.));
#5392=CARTESIAN_POINT('Origin',(5.,-82.7134755542916,-1.23225875214138));
#5393=CARTESIAN_POINT('',(17.9720608116131,-72.5555822586754,-4.99999999999999));
#5394=CARTESIAN_POINT('',(5.,-79.2000000000003,-4.99999999999999));
#5395=CARTESIAN_POINT('',(2.30677362912541,-80.5794971623959,-4.99999999999998));
#5396=CARTESIAN_POINT('',(15.7306345012526,-71.7185315447098,-7.1287928206829));
#5397=CARTESIAN_POINT('',(12.2536796564403,-80.7420656913708,0.637948567795037));
#5398=CARTESIAN_POINT('',(5.00000000000075,-82.7134755542914,-1.23225875214123));
#5399=CARTESIAN_POINT('Origin',(-18.5,-79.0148816512253,2.21673585996474));
#5400=CARTESIAN_POINT('',(-13.4362030508578,-79.6703355306573,0.138192586378572));
#5401=CARTESIAN_POINT('',(-5.,-82.1170764252836,-1.87181851677561));
#5402=CARTESIAN_POINT('',(-17.9324118353631,-78.3663060001318,1.2094600184772));
#5403=CARTESIAN_POINT('',(-16.1022937433688,-77.2540367750886,-0.988546027733562));
#5404=CARTESIAN_POINT('',(-17.9720608116131,-72.5555822586754,-4.99999999999999));
#5405=CARTESIAN_POINT('',(-19.5010407261038,-73.1265730260933,-3.54785256606865));
#5406=CARTESIAN_POINT('',(-5.,-79.2000000000003,-4.99999999999999));
#5407=CARTESIAN_POINT('',(-8.40426918811054,-77.4562996798879,-4.99999999999999));
#5408=CARTESIAN_POINT('',(-5.00000000000078,-82.7134755542915,-1.2322587521411));
#5409=CARTESIAN_POINT('Origin',(-9.25,-69.2909542857795,24.0031286241361));
#5410=CARTESIAN_POINT('',(-18.3068897254886,-64.8073147558246,30.1431202781305));
#5411=CARTESIAN_POINT('',(-13.4362030508581,-76.1795999507179,7.62409919522601));
#5412=CARTESIAN_POINT('',(-16.9367756635999,-74.7886644412344,9.26377102807229));
#5413=CARTESIAN_POINT('',(-13.4362030508582,-75.1150427750924,9.90704942563258));
#5414=CARTESIAN_POINT('',(-3.69843227871791,-82.2723271963469,-1.70533244767962));
#5415=CARTESIAN_POINT('Origin',(0.,-82.7134755542914,-1.23225875214119));
#5416=CARTESIAN_POINT('',(0.,-79.2,-4.99999999999999));
#5417=CARTESIAN_POINT('Origin',(0.,-79.2,-4.99999999999999));
#5418=CARTESIAN_POINT('',(-16.6443324042985,-62.6883925402678,-5.00000000000001));
#5419=CARTESIAN_POINT('',(-17.5341588274634,-69.3012555967857,-5.));
#5420=CARTESIAN_POINT('',(16.6443324042985,-62.6883925402678,-5.00000000000001));
#5421=CARTESIAN_POINT('',(0.,-62.6883925402678,-5.00000000000001));
#5422=CARTESIAN_POINT('',(17.5341588274634,-69.3012555967857,-5.));
#5423=CARTESIAN_POINT('Origin',(-17.5100505063388,-61.7651504801059,-4.01005050633884));
#5424=CARTESIAN_POINT('',(-13.655311761605,-64.1755067100788,-8.18912662874697));
#5425=CARTESIAN_POINT('Origin',(17.5100505063388,-61.7651504801059,-4.01005050633884));
#5426=CARTESIAN_POINT('',(13.655311761605,-64.1755067100788,-8.18912662874697));
#5427=CARTESIAN_POINT('Origin',(0.,-62.6883925402678,-5.00000000000001));
#5428=CARTESIAN_POINT('',(-17.3839197380094,-61.7557772239576,-3.));
#5429=CARTESIAN_POINT('',(-15.7429650106258,-63.3967319513412,-6.51903876911635));
#5430=CARTESIAN_POINT('',(17.3839197380094,-61.7557772239576,-3.));
#5431=CARTESIAN_POINT('',(0.,-61.7557772239576,-3.));
#5432=CARTESIAN_POINT('',(16.3491257312829,-62.7905712306841,-5.2191229087264));
#5433=CARTESIAN_POINT('Origin',(-16.3786796564403,-78.8875831695022,-5.14568236059762));
#5434=CARTESIAN_POINT('',(-16.3786796564405,-73.5128104899055,6.3805548469619));
#5435=CARTESIAN_POINT('Origin',(-16.3786796564405,-73.5128104899055,6.3805548469619));
#5436=CARTESIAN_POINT('Origin',(-18.5,-64.8755002232648,29.922798043661));
#5437=CARTESIAN_POINT('Origin',(18.5,-64.8755002232648,29.922798043661));
#5438=CARTESIAN_POINT('Origin',(16.3786796564403,-78.8875831695022,-5.14568236059762));
#5439=CARTESIAN_POINT('',(16.3786796564405,-73.5128104899055,6.3805548469619));
#5440=CARTESIAN_POINT('Origin',(16.3786796564405,-73.5128104899055,6.3805548469619));
#5441=CARTESIAN_POINT('Origin',(-14.5,-58.7,0.));
#5442=CARTESIAN_POINT('',(-17.25,-58.7,0.));
#5443=CARTESIAN_POINT('',(-17.25,-58.7,0.));
#5444=CARTESIAN_POINT('Origin',(14.5,-58.7,0.));
#5445=CARTESIAN_POINT('',(11.75,-58.7,0.));
#5446=CARTESIAN_POINT('',(11.75,-58.7,0.));
#5447=CARTESIAN_POINT('Origin',(-18.5,-60.3568542494872,30.));
#5448=CARTESIAN_POINT('Origin',(16.2989638415474,-62.557890407945,30.));
#5449=CARTESIAN_POINT('Origin',(18.6414213562373,-60.4982756057296,0.));
#5450=CARTESIAN_POINT('',(14.6999999999999,-64.439696961967,-3.));
#5451=CARTESIAN_POINT('',(14.6592514421272,-64.4804455198397,-3.));
#5452=CARTESIAN_POINT('',(14.7,-64.439696961967,0.));
#5453=CARTESIAN_POINT('Origin',(-14.6414213562373,-64.4982756057297,0.));
#5454=CARTESIAN_POINT('',(-14.7,-64.439696961967,-3.));
#5455=CARTESIAN_POINT('',(-14.7,-64.439696961967,0.));
#5456=CARTESIAN_POINT('',(-12.6592514421272,-66.4804455198398,-3.));
#5457=CARTESIAN_POINT('Origin',(-14.7,-73.1147367097487,0.));
#5458=CARTESIAN_POINT('',(-14.7,-73.2682021073445,-3.));
#5459=CARTESIAN_POINT('',(-14.7,-73.2682021073445,0.));
#5460=CARTESIAN_POINT('',(-14.7,-65.4501353078407,-3.));
#5461=CARTESIAN_POINT('Origin',(-0.0517638090205042,-77.1931851652578,0.));
#5462=CARTESIAN_POINT('',(7.1701903673708E-16,-77.207055236082,-3.));
#5463=CARTESIAN_POINT('',(0.,-77.207055236082,0.));
#5464=CARTESIAN_POINT('',(-2.45357207077891,-76.5496225811452,-3.));
#5465=CARTESIAN_POINT('Origin',(14.5517638090205,-73.3079218750065,0.));
#5466=CARTESIAN_POINT('',(14.7,-73.2682021073445,-3.));
#5467=CARTESIAN_POINT('',(14.7,-73.2682021073445,0.));
#5468=CARTESIAN_POINT('',(9.7035720707789,-74.6069909360196,-3.));
#5469=CARTESIAN_POINT('Origin',(14.7,-64.3568542494924,0.));
#5470=CARTESIAN_POINT('',(14.6999999999999,-61.0711940777125,-3.));
#5471=CARTESIAN_POINT('Origin',(0.,-57.7855339059328,-3.));
#5472=UNCERTAINTY_MEASURE_WITH_UNIT(LENGTH_MEASURE(0.01),#5476,
'DISTANCE_ACCURACY_VALUE',
'Maximum model space distance between geometric entities at asserted c
onnectivities');
#5473=UNCERTAINTY_MEASURE_WITH_UNIT(LENGTH_MEASURE(0.01),#5476,
'DISTANCE_ACCURACY_VALUE',
'Maximum model space distance between geometric entities at asserted c
onnectivities');
#5474=(
GEOMETRIC_REPRESENTATION_CONTEXT(3)
GLOBAL_UNCERTAINTY_ASSIGNED_CONTEXT((#5472))
GLOBAL_UNIT_ASSIGNED_CONTEXT((#5476,#5478,#5479))
REPRESENTATION_CONTEXT('','3D')
);
#5475=(
GEOMETRIC_REPRESENTATION_CONTEXT(3)
GLOBAL_UNCERTAINTY_ASSIGNED_CONTEXT((#5473))
GLOBAL_UNIT_ASSIGNED_CONTEXT((#5476,#5478,#5479))
REPRESENTATION_CONTEXT('','3D')
);
#5476=(
LENGTH_UNIT()
NAMED_UNIT(*)
SI_UNIT(.MILLI.,.METRE.)
);
#5477=(
LENGTH_UNIT()
NAMED_UNIT(*)
SI_UNIT($,.METRE.)
);
#5478=(
NAMED_UNIT(*)
PLANE_ANGLE_UNIT()
SI_UNIT($,.RADIAN.)
);
#5479=(
NAMED_UNIT(*)
SI_UNIT($,.STERADIAN.)
SOLID_ANGLE_UNIT()
);
#5480=SHAPE_DEFINITION_REPRESENTATION(#5481,#5482);
#5481=PRODUCT_DEFINITION_SHAPE('',$,#5484);
#5482=SHAPE_REPRESENTATION('',(#3234),#5474);
#5483=PRODUCT_DEFINITION_CONTEXT('part definition',#5488,'design');
#5484=PRODUCT_DEFINITION('2026-08-31-21-31-07-791',
'The Shard TPU - Frontend O4 Pro',#5485,#5483);
#5485=PRODUCT_DEFINITION_FORMATION('',$,#5490);
#5486=PRODUCT_RELATED_PRODUCT_CATEGORY(
'The Shard TPU - Frontend O4 Pro','The Shard TPU - Frontend O4 Pro',(#5490));
#5487=APPLICATION_PROTOCOL_DEFINITION('international standard',
'automotive_design',2009,#5488);
#5488=APPLICATION_CONTEXT(
'Core Data for Automotive Mechanical Design Process');
#5489=PRODUCT_CONTEXT('part definition',#5488,'mechanical');
#5490=PRODUCT('2026-08-31-21-31-07-791',
'The Shard TPU - Frontend O4 Pro',$,(#5489));
#5491=PRESENTATION_STYLE_ASSIGNMENT((#5492));
#5492=SURFACE_STYLE_USAGE(.BOTH.,#5493);
#5493=SURFACE_SIDE_STYLE('',(#5494));
#5494=SURFACE_STYLE_FILL_AREA(#5495);
#5495=FILL_AREA_STYLE('Steel - Satin',(#5496));
#5496=FILL_AREA_STYLE_COLOUR('Steel - Satin',#5497);
#5497=COLOUR_RGB('Steel - Satin',0.627450980392157,0.627450980392157,0.627450980392157);
ENDSEC;
END-ISO-10303-21;
