ISO-10303-21;
HEADER;
/* Generated by software containing ST-Developer
 * from STEP Tools, Inc. (www.steptools.com) 
 */

FILE_DESCRIPTION(
/* description */ (''),
/* implementation_level */ '2;1');

FILE_NAME(
/* name */ 'The_Shard_TPU_-_Frontend_O4_Pro_Itsfpv_cameraAngle_25.step',

/* time_stamp */ '2026-09-28T21:34:50+02:00',
/* author */ (''),
/* organization */ (''),
/* preprocessor_version */ 'ST-DEVELOPER v20.2',
/* originating_system */ 'Autodesk Translation Framework v15.15.0.0',
/* authorisation */ '');

FILE_SCHEMA (('AUTOMOTIVE_DESIGN { 1 0 10303 214 3 1 1 }'));
ENDSEC;

DATA;
#10=MECHANICAL_DESIGN_GEOMETRIC_PRESENTATION_REPRESENTATION('',(#13),#3797);
#11=SHAPE_REPRESENTATION_RELATIONSHIP('SRR','None',#3804,#12);
#12=ADVANCED_BREP_SHAPE_REPRESENTATION('',(#14),#3796);
#13=STYLED_ITEM('',(#3813),#14);
#14=MANIFOLD_SOLID_BREP('Frontend',#2249);
#15=PLANE('',#2299);
#16=PLANE('',#2300);
#17=PLANE('',#2301);
#18=PLANE('',#2302);
#19=PLANE('',#2303);
#20=PLANE('',#2304);
#21=PLANE('',#2305);
#22=PLANE('',#2308);
#23=PLANE('',#2311);
#24=PLANE('',#2312);
#25=PLANE('',#2313);
#26=PLANE('',#2314);
#27=PLANE('',#2315);
#28=PLANE('',#2316);
#29=PLANE('',#2317);
#30=PLANE('',#2318);
#31=PLANE('',#2319);
#32=PLANE('',#2320);
#33=PLANE('',#2321);
#34=PLANE('',#2322);
#35=PLANE('',#2323);
#36=PLANE('',#2324);
#37=PLANE('',#2325);
#38=PLANE('',#2326);
#39=PLANE('',#2327);
#40=PLANE('',#2328);
#41=PLANE('',#2329);
#42=PLANE('',#2330);
#43=PLANE('',#2331);
#44=PLANE('',#2332);
#45=PLANE('',#2333);
#46=PLANE('',#2334);
#47=PLANE('',#2335);
#48=PLANE('',#2336);
#49=PLANE('',#2337);
#50=PLANE('',#2338);
#51=PLANE('',#2339);
#52=PLANE('',#2340);
#53=PLANE('',#2341);
#54=PLANE('',#2342);
#55=PLANE('',#2343);
#56=PLANE('',#2344);
#57=PLANE('',#2345);
#58=PLANE('',#2346);
#59=PLANE('',#2347);
#60=PLANE('',#2348);
#61=PLANE('',#2349);
#62=PLANE('',#2350);
#63=PLANE('',#2351);
#64=PLANE('',#2352);
#65=PLANE('',#2353);
#66=PLANE('',#2354);
#67=PLANE('',#2355);
#68=PLANE('',#2356);
#69=PLANE('',#2357);
#70=PLANE('',#2358);
#71=PLANE('',#2359);
#72=PLANE('',#2360);
#73=PLANE('',#2361);
#74=PLANE('',#2362);
#75=PLANE('',#2363);
#76=PLANE('',#2364);
#77=PLANE('',#2365);
#78=PLANE('',#2366);
#79=PLANE('',#2367);
#80=PLANE('',#2368);
#81=PLANE('',#2369);
#82=PLANE('',#2370);
#83=PLANE('',#2371);
#84=PLANE('',#2372);
#85=PLANE('',#2373);
#86=PLANE('',#2374);
#87=PLANE('',#2375);
#88=PLANE('',#2376);
#89=PLANE('',#2377);
#90=PLANE('',#2378);
#91=PLANE('',#2379);
#92=PLANE('',#2380);
#93=PLANE('',#2381);
#94=PLANE('',#2382);
#95=PLANE('',#2385);
#96=PLANE('',#2386);
#97=PLANE('',#2387);
#98=PLANE('',#2388);
#99=PLANE('',#2389);
#100=PLANE('',#2390);
#101=PLANE('',#2391);
#102=PLANE('',#2392);
#103=PLANE('',#2393);
#104=PLANE('',#2394);
#105=PLANE('',#2395);
#106=FACE_BOUND('',#249,.T.);
#107=FACE_BOUND('',#251,.T.);
#108=FACE_BOUND('',#253,.T.);
#109=FACE_BOUND('',#254,.T.);
#110=FACE_BOUND('',#256,.T.);
#111=FACE_BOUND('',#257,.T.);
#112=FACE_BOUND('',#259,.T.);
#113=FACE_BOUND('',#260,.T.);
#114=FACE_BOUND('',#262,.T.);
#115=FACE_BOUND('',#263,.T.);
#116=FACE_BOUND('',#267,.T.);
#117=FACE_BOUND('',#268,.T.);
#118=FACE_BOUND('',#270,.T.);
#119=FACE_BOUND('',#271,.T.);
#120=FACE_BOUND('',#345,.T.);
#121=FACE_BOUND('',#347,.T.);
#122=FACE_BOUND('',#348,.T.);
#123=ELLIPSE('',#2293,3.18198051533946,2.25);
#124=ELLIPSE('',#2297,3.18198051533946,2.25);
#125=CONICAL_SURFACE('',#2273,1.625,0.78539816339745);
#126=CONICAL_SURFACE('',#2277,1.625,0.78539816339745);
#127=CONICAL_SURFACE('',#2282,1.625,0.78539816339745);
#128=CONICAL_SURFACE('',#2286,1.625,0.78539816339745);
#129=FACE_OUTER_BOUND('',#236,.T.);
#130=FACE_OUTER_BOUND('',#237,.T.);
#131=FACE_OUTER_BOUND('',#238,.T.);
#132=FACE_OUTER_BOUND('',#239,.T.);
#133=FACE_OUTER_BOUND('',#240,.T.);
#134=FACE_OUTER_BOUND('',#241,.T.);
#135=FACE_OUTER_BOUND('',#242,.T.);
#136=FACE_OUTER_BOUND('',#243,.T.);
#137=FACE_OUTER_BOUND('',#244,.T.);
#138=FACE_OUTER_BOUND('',#245,.T.);
#139=FACE_OUTER_BOUND('',#246,.T.);
#140=FACE_OUTER_BOUND('',#247,.T.);
#141=FACE_OUTER_BOUND('',#248,.T.);
#142=FACE_OUTER_BOUND('',#250,.T.);
#143=FACE_OUTER_BOUND('',#252,.T.);
#144=FACE_OUTER_BOUND('',#255,.T.);
#145=FACE_OUTER_BOUND('',#258,.T.);
#146=FACE_OUTER_BOUND('',#261,.T.);
#147=FACE_OUTER_BOUND('',#264,.T.);
#148=FACE_OUTER_BOUND('',#265,.T.);
#149=FACE_OUTER_BOUND('',#266,.T.);
#150=FACE_OUTER_BOUND('',#269,.T.);
#151=FACE_OUTER_BOUND('',#272,.T.);
#152=FACE_OUTER_BOUND('',#273,.T.);
#153=FACE_OUTER_BOUND('',#274,.T.);
#154=FACE_OUTER_BOUND('',#275,.T.);
#155=FACE_OUTER_BOUND('',#276,.T.);
#156=FACE_OUTER_BOUND('',#277,.T.);
#157=FACE_OUTER_BOUND('',#278,.T.);
#158=FACE_OUTER_BOUND('',#279,.T.);
#159=FACE_OUTER_BOUND('',#280,.T.);
#160=FACE_OUTER_BOUND('',#281,.T.);
#161=FACE_OUTER_BOUND('',#282,.T.);
#162=FACE_OUTER_BOUND('',#283,.T.);
#163=FACE_OUTER_BOUND('',#284,.T.);
#164=FACE_OUTER_BOUND('',#285,.T.);
#165=FACE_OUTER_BOUND('',#286,.T.);
#166=FACE_OUTER_BOUND('',#287,.T.);
#167=FACE_OUTER_BOUND('',#288,.T.);
#168=FACE_OUTER_BOUND('',#289,.T.);
#169=FACE_OUTER_BOUND('',#290,.T.);
#170=FACE_OUTER_BOUND('',#291,.T.);
#171=FACE_OUTER_BOUND('',#292,.T.);
#172=FACE_OUTER_BOUND('',#293,.T.);
#173=FACE_OUTER_BOUND('',#294,.T.);
#174=FACE_OUTER_BOUND('',#295,.T.);
#175=FACE_OUTER_BOUND('',#296,.T.);
#176=FACE_OUTER_BOUND('',#297,.T.);
#177=FACE_OUTER_BOUND('',#298,.T.);
#178=FACE_OUTER_BOUND('',#299,.T.);
#179=FACE_OUTER_BOUND('',#300,.T.);
#180=FACE_OUTER_BOUND('',#301,.T.);
#181=FACE_OUTER_BOUND('',#302,.T.);
#182=FACE_OUTER_BOUND('',#303,.T.);
#183=FACE_OUTER_BOUND('',#304,.T.);
#184=FACE_OUTER_BOUND('',#305,.T.);
#185=FACE_OUTER_BOUND('',#306,.T.);
#186=FACE_OUTER_BOUND('',#307,.T.);
#187=FACE_OUTER_BOUND('',#308,.T.);
#188=FACE_OUTER_BOUND('',#309,.T.);
#189=FACE_OUTER_BOUND('',#310,.T.);
#190=FACE_OUTER_BOUND('',#311,.T.);
#191=FACE_OUTER_BOUND('',#312,.T.);
#192=FACE_OUTER_BOUND('',#313,.T.);
#193=FACE_OUTER_BOUND('',#314,.T.);
#194=FACE_OUTER_BOUND('',#315,.T.);
#195=FACE_OUTER_BOUND('',#316,.T.);
#196=FACE_OUTER_BOUND('',#317,.T.);
#197=FACE_OUTER_BOUND('',#318,.T.);
#198=FACE_OUTER_BOUND('',#319,.T.);
#199=FACE_OUTER_BOUND('',#320,.T.);
#200=FACE_OUTER_BOUND('',#321,.T.);
#201=FACE_OUTER_BOUND('',#322,.T.);
#202=FACE_OUTER_BOUND('',#323,.T.);
#203=FACE_OUTER_BOUND('',#324,.T.);
#204=FACE_OUTER_BOUND('',#325,.T.);
#205=FACE_OUTER_BOUND('',#326,.T.);
#206=FACE_OUTER_BOUND('',#327,.T.);
#207=FACE_OUTER_BOUND('',#328,.T.);
#208=FACE_OUTER_BOUND('',#329,.T.);
#209=FACE_OUTER_BOUND('',#330,.T.);
#210=FACE_OUTER_BOUND('',#331,.T.);
#211=FACE_OUTER_BOUND('',#332,.T.);
#212=FACE_OUTER_BOUND('',#333,.T.);
#213=FACE_OUTER_BOUND('',#334,.T.);
#214=FACE_OUTER_BOUND('',#335,.T.);
#215=FACE_OUTER_BOUND('',#336,.T.);
#216=FACE_OUTER_BOUND('',#337,.T.);
#217=FACE_OUTER_BOUND('',#338,.T.);
#218=FACE_OUTER_BOUND('',#339,.T.);
#219=FACE_OUTER_BOUND('',#340,.T.);
#220=FACE_OUTER_BOUND('',#341,.T.);
#221=FACE_OUTER_BOUND('',#342,.T.);
#222=FACE_OUTER_BOUND('',#343,.T.);
#223=FACE_OUTER_BOUND('',#344,.T.);
#224=FACE_OUTER_BOUND('',#346,.T.);
#225=FACE_OUTER_BOUND('',#349,.T.);
#226=FACE_OUTER_BOUND('',#350,.T.);
#227=FACE_OUTER_BOUND('',#351,.T.);
#228=FACE_OUTER_BOUND('',#352,.T.);
#229=FACE_OUTER_BOUND('',#353,.T.);
#230=FACE_OUTER_BOUND('',#354,.T.);
#231=FACE_OUTER_BOUND('',#355,.T.);
#232=FACE_OUTER_BOUND('',#356,.T.);
#233=FACE_OUTER_BOUND('',#357,.T.);
#234=FACE_OUTER_BOUND('',#358,.T.);
#235=FACE_OUTER_BOUND('',#359,.T.);
#236=EDGE_LOOP('',(#1490,#1491,#1492));
#237=EDGE_LOOP('',(#1493,#1494,#1495,#1496,#1497,#1498,#1499,#1500,#1501));
#238=EDGE_LOOP('',(#1502,#1503,#1504));
#239=EDGE_LOOP('',(#1505,#1506,#1507,#1508,#1509,#1510,#1511));
#240=EDGE_LOOP('',(#1512,#1513,#1514,#1515,#1516,#1517));
#241=EDGE_LOOP('',(#1518,#1519,#1520,#1521));
#242=EDGE_LOOP('',(#1522,#1523,#1524,#1525));
#243=EDGE_LOOP('',(#1526,#1527,#1528,#1529));
#244=EDGE_LOOP('',(#1530,#1531,#1532,#1533,#1534,#1535));
#245=EDGE_LOOP('',(#1536,#1537,#1538,#1539));
#246=EDGE_LOOP('',(#1540,#1541,#1542,#1543));
#247=EDGE_LOOP('',(#1544,#1545,#1546,#1547));
#248=EDGE_LOOP('',(#1548,#1549,#1550,#1551,#1552,#1553));
#249=EDGE_LOOP('',(#1554));
#250=EDGE_LOOP('',(#1555,#1556,#1557,#1558,#1559,#1560));
#251=EDGE_LOOP('',(#1561));
#252=EDGE_LOOP('',(#1562,#1563,#1564,#1565,#1566,#1567,#1568,#1569));
#253=EDGE_LOOP('',(#1570));
#254=EDGE_LOOP('',(#1571));
#255=EDGE_LOOP('',(#1572,#1573,#1574,#1575,#1576,#1577,#1578,#1579));
#256=EDGE_LOOP('',(#1580));
#257=EDGE_LOOP('',(#1581));
#258=EDGE_LOOP('',(#1582,#1583,#1584,#1585,#1586,#1587,#1588,#1589,#1590,
#1591,#1592,#1593,#1594,#1595,#1596));
#259=EDGE_LOOP('',(#1597,#1598,#1599,#1600,#1601,#1602,#1603,#1604,#1605,
#1606));
#260=EDGE_LOOP('',(#1607));
#261=EDGE_LOOP('',(#1608,#1609,#1610,#1611,#1612,#1613,#1614,#1615,#1616,
#1617,#1618,#1619,#1620,#1621,#1622));
#262=EDGE_LOOP('',(#1623,#1624,#1625,#1626,#1627,#1628,#1629,#1630,#1631,
#1632));
#263=EDGE_LOOP('',(#1633));
#264=EDGE_LOOP('',(#1634,#1635,#1636,#1637,#1638,#1639,#1640,#1641));
#265=EDGE_LOOP('',(#1642,#1643,#1644,#1645));
#266=EDGE_LOOP('',(#1646,#1647,#1648,#1649,#1650,#1651,#1652,#1653,#1654,
#1655,#1656,#1657,#1658,#1659,#1660,#1661,#1662,#1663,#1664,#1665,#1666,
#1667));
#267=EDGE_LOOP('',(#1668));
#268=EDGE_LOOP('',(#1669));
#269=EDGE_LOOP('',(#1670,#1671,#1672,#1673,#1674,#1675,#1676,#1677,#1678,
#1679,#1680,#1681,#1682,#1683,#1684,#1685));
#270=EDGE_LOOP('',(#1686));
#271=EDGE_LOOP('',(#1687));
#272=EDGE_LOOP('',(#1688,#1689,#1690,#1691,#1692,#1693,#1694,#1695,#1696,
#1697));
#273=EDGE_LOOP('',(#1698,#1699,#1700,#1701));
#274=EDGE_LOOP('',(#1702,#1703,#1704,#1705));
#275=EDGE_LOOP('',(#1706,#1707,#1708,#1709,#1710,#1711,#1712,#1713));
#276=EDGE_LOOP('',(#1714,#1715,#1716,#1717));
#277=EDGE_LOOP('',(#1718,#1719,#1720,#1721,#1722,#1723,#1724,#1725,#1726,
#1727));
#278=EDGE_LOOP('',(#1728,#1729,#1730,#1731));
#279=EDGE_LOOP('',(#1732,#1733,#1734,#1735));
#280=EDGE_LOOP('',(#1736,#1737,#1738,#1739));
#281=EDGE_LOOP('',(#1740,#1741,#1742,#1743));
#282=EDGE_LOOP('',(#1744,#1745,#1746,#1747,#1748));
#283=EDGE_LOOP('',(#1749,#1750,#1751,#1752,#1753,#1754,#1755));
#284=EDGE_LOOP('',(#1756,#1757,#1758,#1759));
#285=EDGE_LOOP('',(#1760,#1761,#1762,#1763,#1764));
#286=EDGE_LOOP('',(#1765,#1766,#1767,#1768));
#287=EDGE_LOOP('',(#1769,#1770,#1771,#1772));
#288=EDGE_LOOP('',(#1773,#1774,#1775,#1776));
#289=EDGE_LOOP('',(#1777,#1778,#1779));
#290=EDGE_LOOP('',(#1780,#1781,#1782));
#291=EDGE_LOOP('',(#1783,#1784,#1785,#1786,#1787));
#292=EDGE_LOOP('',(#1788,#1789,#1790,#1791,#1792));
#293=EDGE_LOOP('',(#1793,#1794,#1795,#1796,#1797,#1798,#1799,#1800,#1801));
#294=EDGE_LOOP('',(#1802,#1803,#1804,#1805,#1806,#1807,#1808,#1809,#1810));
#295=EDGE_LOOP('',(#1811,#1812,#1813,#1814,#1815));
#296=EDGE_LOOP('',(#1816,#1817,#1818,#1819,#1820));
#297=EDGE_LOOP('',(#1821,#1822,#1823,#1824,#1825,#1826,#1827));
#298=EDGE_LOOP('',(#1828,#1829,#1830,#1831,#1832,#1833,#1834,#1835,#1836));
#299=EDGE_LOOP('',(#1837,#1838,#1839,#1840));
#300=EDGE_LOOP('',(#1841,#1842,#1843,#1844,#1845,#1846,#1847,#1848));
#301=EDGE_LOOP('',(#1849,#1850,#1851,#1852));
#302=EDGE_LOOP('',(#1853,#1854,#1855,#1856,#1857,#1858,#1859,#1860,#1861));
#303=EDGE_LOOP('',(#1862,#1863,#1864,#1865,#1866,#1867,#1868,#1869,#1870,
#1871,#1872));
#304=EDGE_LOOP('',(#1873,#1874,#1875,#1876));
#305=EDGE_LOOP('',(#1877,#1878,#1879,#1880,#1881));
#306=EDGE_LOOP('',(#1882,#1883,#1884,#1885));
#307=EDGE_LOOP('',(#1886,#1887,#1888,#1889,#1890));
#308=EDGE_LOOP('',(#1891,#1892,#1893));
#309=EDGE_LOOP('',(#1894,#1895,#1896,#1897,#1898));
#310=EDGE_LOOP('',(#1899,#1900,#1901,#1902));
#311=EDGE_LOOP('',(#1903,#1904,#1905,#1906));
#312=EDGE_LOOP('',(#1907,#1908,#1909,#1910,#1911,#1912));
#313=EDGE_LOOP('',(#1913,#1914,#1915));
#314=EDGE_LOOP('',(#1916,#1917,#1918,#1919,#1920,#1921,#1922));
#315=EDGE_LOOP('',(#1923,#1924,#1925,#1926));
#316=EDGE_LOOP('',(#1927,#1928,#1929,#1930,#1931));
#317=EDGE_LOOP('',(#1932,#1933,#1934,#1935));
#318=EDGE_LOOP('',(#1936,#1937,#1938,#1939,#1940));
#319=EDGE_LOOP('',(#1941,#1942,#1943));
#320=EDGE_LOOP('',(#1944,#1945,#1946,#1947,#1948));
#321=EDGE_LOOP('',(#1949,#1950,#1951,#1952));
#322=EDGE_LOOP('',(#1953,#1954,#1955,#1956));
#323=EDGE_LOOP('',(#1957,#1958,#1959,#1960,#1961,#1962));
#324=EDGE_LOOP('',(#1963,#1964,#1965));
#325=EDGE_LOOP('',(#1966,#1967,#1968,#1969,#1970,#1971,#1972));
#326=EDGE_LOOP('',(#1973,#1974,#1975,#1976));
#327=EDGE_LOOP('',(#1977,#1978,#1979,#1980));
#328=EDGE_LOOP('',(#1981,#1982,#1983,#1984));
#329=EDGE_LOOP('',(#1985,#1986,#1987,#1988));
#330=EDGE_LOOP('',(#1989,#1990,#1991,#1992,#1993,#1994));
#331=EDGE_LOOP('',(#1995,#1996,#1997,#1998,#1999,#2000));
#332=EDGE_LOOP('',(#2001,#2002,#2003,#2004,#2005,#2006,#2007,#2008,#2009,
#2010,#2011));
#333=EDGE_LOOP('',(#2012,#2013,#2014,#2015,#2016));
#334=EDGE_LOOP('',(#2017,#2018,#2019,#2020,#2021,#2022));
#335=EDGE_LOOP('',(#2023,#2024,#2025,#2026));
#336=EDGE_LOOP('',(#2027,#2028,#2029,#2030));
#337=EDGE_LOOP('',(#2031,#2032,#2033,#2034,#2035,#2036,#2037,#2038));
#338=EDGE_LOOP('',(#2039,#2040,#2041,#2042));
#339=EDGE_LOOP('',(#2043,#2044,#2045));
#340=EDGE_LOOP('',(#2046,#2047,#2048));
#341=EDGE_LOOP('',(#2049,#2050,#2051));
#342=EDGE_LOOP('',(#2052,#2053,#2054,#2055));
#343=EDGE_LOOP('',(#2056,#2057,#2058));
#344=EDGE_LOOP('',(#2059,#2060,#2061,#2062,#2063,#2064,#2065,#2066,#2067,
#2068,#2069,#2070));
#345=EDGE_LOOP('',(#2071));
#346=EDGE_LOOP('',(#2072,#2073,#2074,#2075));
#347=EDGE_LOOP('',(#2076,#2077,#2078,#2079));
#348=EDGE_LOOP('',(#2080));
#349=EDGE_LOOP('',(#2081,#2082,#2083,#2084));
#350=EDGE_LOOP('',(#2085,#2086,#2087,#2088));
#351=EDGE_LOOP('',(#2089,#2090,#2091,#2092));
#352=EDGE_LOOP('',(#2093,#2094,#2095,#2096));
#353=EDGE_LOOP('',(#2097,#2098,#2099,#2100,#2101));
#354=EDGE_LOOP('',(#2102,#2103,#2104,#2105,#2106));
#355=EDGE_LOOP('',(#2107,#2108,#2109,#2110));
#356=EDGE_LOOP('',(#2111,#2112,#2113,#2114));
#357=EDGE_LOOP('',(#2115,#2116,#2117,#2118));
#358=EDGE_LOOP('',(#2119,#2120,#2121,#2122));
#359=EDGE_LOOP('',(#2123,#2124,#2125,#2126,#2127,#2128,#2129));
#360=B_SPLINE_CURVE_WITH_KNOTS('',3,(#2953,#2954,#2955,#2956),
 .UNSPECIFIED.,.F.,.F.,(4,4),(0.303340832450506,0.30730987395876),
 .UNSPECIFIED.);
#361=B_SPLINE_CURVE_WITH_KNOTS('',3,(#2964,#2965,#2966,#2967,#2968,#2969,
#2970,#2971,#2972,#2973,#2974,#2975,#2976,#2977,#2978,#2979,#2980,#2981,
#2982,#2983,#2984,#2985),.UNSPECIFIED.,.F.,.F.,(4,2,2,2,2,2,2,2,2,2,4),
(0.62514468630605,0.655347792960977,0.756893852200466,0.809234788935343,
0.86157572567022,0.984589596556598,1.10760346744298,1.23061733832935,1.35363120921573,
1.40597214595061,1.41491334140174),.UNSPECIFIED.);
#362=B_SPLINE_CURVE_WITH_KNOTS('',3,(#2987,#2988,#2989,#2990,#2991,#2992),
 .UNSPECIFIED.,.F.,.F.,(4,2,4),(0.482458781136927,0.553801733721488,0.62514468630605),
 .UNSPECIFIED.);
#363=B_SPLINE_CURVE_WITH_KNOTS('',3,(#2994,#2995,#2996,#2997,#2998,#2999,
#3000,#3001),.UNSPECIFIED.,.F.,.F.,(4,2,2,4),(0.30334093246803,0.35070961524251,
0.452255674481999,0.482458781136927),.UNSPECIFIED.);
#364=B_SPLINE_CURVE_WITH_KNOTS('',3,(#3005,#3006,#3007,#3008,#3009,#3010,
#3011,#3012,#3013,#3014,#3015,#3016,#3017,#3018,#3019,#3020,#3021,#3022,
#3023),.UNSPECIFIED.,.F.,.F.,(4,2,2,2,3,2,2,2,4),(-0.303340832450505,-0.298368678507633,
-0.246027741772757,-0.123013870886378,0.,0.123013870886378,0.246027741772757,
0.298368678507633,0.30334093246803),.UNSPECIFIED.);
#365=B_SPLINE_CURVE_WITH_KNOTS('',3,(#3026,#3027,#3028,#3029),
 .UNSPECIFIED.,.F.,.F.,(4,4),(-0.307309873958771,-0.303340832450505),
 .UNSPECIFIED.);
#366=B_SPLINE_CURVE_WITH_KNOTS('',3,(#3033,#3034,#3035,#3036,#3037,#3038,
#3039,#3040,#3041,#3042,#3043,#3044,#3045,#3046,#3047,#3048,#3049,#3050,
#3051),.UNSPECIFIED.,.F.,.F.,(4,2,2,2,3,2,2,2,4),(-0.303340932468033,-0.298368678507633,
-0.246027741772756,-0.123013870886378,0.,0.123013870886378,0.246027741772756,
0.298368678507634,0.303340832450506),.UNSPECIFIED.);
#367=B_SPLINE_CURVE_WITH_KNOTS('',3,(#3056,#3057,#3058,#3059,#3060,#3061,
#3062,#3063,#3064,#3065,#3066,#3067,#3068,#3069,#3070,#3071,#3072,#3073,
#3074,#3075,#3076,#3077,#3078,#3079,#3080,#3081,#3082,#3083),
 .UNSPECIFIED.,.F.,.F.,(4,2,2,2,2,2,2,2,2,2,2,2,2,4),(-1.41491334140174,
-1.40597214595061,-1.35363120921573,-1.23061733832936,-1.10760346744298,
-0.984589596556599,-0.861575725670221,-0.809234788935344,-0.756893852200466,
-0.655347792960977,-0.553801733721488,-0.452255674482,-0.350709615242511,
-0.303340932468033),.UNSPECIFIED.);
#368=B_SPLINE_CURVE_WITH_KNOTS('',3,(#3086,#3087,#3088,#3089,#3090,#3091,
#3092,#3093,#3094,#3095,#3096,#3097,#3098,#3099),.UNSPECIFIED.,.F.,.F.,
(4,2,2,2,2,2,4),(3.14713522333834,3.20416408740981,3.28734587984326,3.37052767227671,
3.45370946471016,3.53689125714361,3.59392012121508),.UNSPECIFIED.);
#369=B_SPLINE_CURVE_WITH_KNOTS('',3,(#3121,#3122,#3123,#3124,#3125,#3126,
#3127,#3128,#3129,#3130,#3131,#3132,#3133,#3134),.UNSPECIFIED.,.F.,.F.,
(4,2,2,2,2,2,4),(0.341787953632708,0.398816817704182,0.481998610137633,
0.565180402571084,0.648362195004535,0.731543987437986,0.788572851509459),
 .UNSPECIFIED.);
#370=B_SPLINE_CURVE_WITH_KNOTS('',3,(#3158,#3159,#3160,#3161,#3162,#3163,
#3164,#3165,#3166,#3167,#3168,#3169,#3170,#3171,#3172,#3173,#3174,#3175,
#3176,#3177,#3178,#3179,#3180,#3181,#3182,#3183,#3184,#3185,#3186,#3187,
#3188,#3189,#3190,#3191,#3192,#3193,#3194,#3195,#3196,#3197,#3198,#3199),
 .UNSPECIFIED.,.T.,.F.,(4,2,2,2,2,2,2,2,2,2,2,2,2,2,2,2,2,2,2,2,4),(0.,
0.0464268064461476,0.0928536128922951,0.130961623353864,0.160903395962542,
0.19084516857122,0.220786941179899,0.250728713788578,0.288836724250144,
0.335263530696293,0.381690337142442,0.428117143588591,0.47454395003474,
0.512651960496307,0.542593733104985,0.572535505713664,0.602477278322342,
0.63241905093102,0.670527061392589,0.716953867838737,0.763380674284884),
 .UNSPECIFIED.);
#371=B_SPLINE_CURVE_WITH_KNOTS('',3,(#3209,#3210,#3211,#3212,#3213,#3214,
#3215,#3216,#3217,#3218,#3219,#3220,#3221,#3222,#3223,#3224,#3225,#3226,
#3227,#3228,#3229,#3230,#3231,#3232,#3233,#3234,#3235,#3236,#3237,#3238,
#3239,#3240,#3241,#3242,#3243,#3244,#3245,#3246,#3247,#3248,#3249,#3250),
 .UNSPECIFIED.,.T.,.F.,(4,2,2,2,2,2,2,2,2,2,2,2,2,2,2,2,2,2,2,2,4),(0.,
0.0464268064461479,0.0928536128922958,0.130961623353863,0.160903395962542,
0.190845168571222,0.220786941179901,0.25072871378858,0.288836724250147,
0.335263530696295,0.381690337142443,0.428117143588591,0.474543950034739,
0.512651960496306,0.542593733104985,0.572535505713665,0.602477278322344,
0.632419050931023,0.670527061392591,0.716953867838739,0.763380674284886),
 .UNSPECIFIED.);
#372=CIRCLE('',#2264,2.25);
#373=CIRCLE('',#2266,2.25);
#374=CIRCLE('',#2267,2.25);
#375=CIRCLE('',#2269,2.25);
#376=CIRCLE('',#2271,2.25);
#377=CIRCLE('',#2272,2.25);
#378=CIRCLE('',#2274,1.);
#379=CIRCLE('',#2276,1.);
#380=CIRCLE('',#2278,2.25);
#381=CIRCLE('',#2279,1.);
#382=CIRCLE('',#2281,1.);
#383=CIRCLE('',#2283,1.);
#384=CIRCLE('',#2285,1.);
#385=CIRCLE('',#2287,1.);
#386=CIRCLE('',#2288,2.25);
#387=CIRCLE('',#2290,1.);
#388=CIRCLE('',#2292,2.25);
#389=CIRCLE('',#2294,2.25);
#390=CIRCLE('',#2296,2.25);
#391=CIRCLE('',#2298,2.25);
#392=CIRCLE('',#2306,2.75);
#393=CIRCLE('',#2307,2.75);
#394=CIRCLE('',#2309,2.75);
#395=CIRCLE('',#2310,2.75);
#396=LINE('',#2950,#678);
#397=LINE('',#2960,#679);
#398=LINE('',#3003,#680);
#399=LINE('',#3053,#681);
#400=LINE('',#3101,#682);
#401=LINE('',#3106,#683);
#402=LINE('',#3111,#684);
#403=LINE('',#3116,#685);
#404=LINE('',#3120,#686);
#405=LINE('',#3138,#687);
#406=LINE('',#3143,#688);
#407=LINE('',#3148,#689);
#408=LINE('',#3151,#690);
#409=LINE('',#3202,#691);
#410=LINE('',#3254,#692);
#411=LINE('',#3256,#693);
#412=LINE('',#3258,#694);
#413=LINE('',#3260,#695);
#414=LINE('',#3262,#696);
#415=LINE('',#3264,#697);
#416=LINE('',#3266,#698);
#417=LINE('',#3267,#699);
#418=LINE('',#3271,#700);
#419=LINE('',#3273,#701);
#420=LINE('',#3275,#702);
#421=LINE('',#3277,#703);
#422=LINE('',#3279,#704);
#423=LINE('',#3281,#705);
#424=LINE('',#3283,#706);
#425=LINE('',#3284,#707);
#426=LINE('',#3287,#708);
#427=LINE('',#3289,#709);
#428=LINE('',#3291,#710);
#429=LINE('',#3293,#711);
#430=LINE('',#3295,#712);
#431=LINE('',#3297,#713);
#432=LINE('',#3299,#714);
#433=LINE('',#3301,#715);
#434=LINE('',#3303,#716);
#435=LINE('',#3305,#717);
#436=LINE('',#3307,#718);
#437=LINE('',#3309,#719);
#438=LINE('',#3310,#720);
#439=LINE('',#3313,#721);
#440=LINE('',#3315,#722);
#441=LINE('',#3317,#723);
#442=LINE('',#3319,#724);
#443=LINE('',#3321,#725);
#444=LINE('',#3323,#726);
#445=LINE('',#3325,#727);
#446=LINE('',#3327,#728);
#447=LINE('',#3329,#729);
#448=LINE('',#3330,#730);
#449=LINE('',#3333,#731);
#450=LINE('',#3335,#732);
#451=LINE('',#3337,#733);
#452=LINE('',#3339,#734);
#453=LINE('',#3341,#735);
#454=LINE('',#3343,#736);
#455=LINE('',#3345,#737);
#456=LINE('',#3347,#738);
#457=LINE('',#3349,#739);
#458=LINE('',#3351,#740);
#459=LINE('',#3353,#741);
#460=LINE('',#3355,#742);
#461=LINE('',#3356,#743);
#462=LINE('',#3359,#744);
#463=LINE('',#3361,#745);
#464=LINE('',#3363,#746);
#465=LINE('',#3365,#747);
#466=LINE('',#3367,#748);
#467=LINE('',#3369,#749);
#468=LINE('',#3371,#750);
#469=LINE('',#3373,#751);
#470=LINE('',#3375,#752);
#471=LINE('',#3376,#753);
#472=LINE('',#3379,#754);
#473=LINE('',#3381,#755);
#474=LINE('',#3383,#756);
#475=LINE('',#3385,#757);
#476=LINE('',#3387,#758);
#477=LINE('',#3389,#759);
#478=LINE('',#3390,#760);
#479=LINE('',#3393,#761);
#480=LINE('',#3395,#762);
#481=LINE('',#3396,#763);
#482=LINE('',#3399,#764);
#483=LINE('',#3401,#765);
#484=LINE('',#3403,#766);
#485=LINE('',#3405,#767);
#486=LINE('',#3407,#768);
#487=LINE('',#3408,#769);
#488=LINE('',#3410,#770);
#489=LINE('',#3412,#771);
#490=LINE('',#3413,#772);
#491=LINE('',#3415,#773);
#492=LINE('',#3417,#774);
#493=LINE('',#3419,#775);
#494=LINE('',#3421,#776);
#495=LINE('',#3423,#777);
#496=LINE('',#3424,#778);
#497=LINE('',#3425,#779);
#498=LINE('',#3432,#780);
#499=LINE('',#3433,#781);
#500=LINE('',#3435,#782);
#501=LINE('',#3437,#783);
#502=LINE('',#3439,#784);
#503=LINE('',#3440,#785);
#504=LINE('',#3442,#786);
#505=LINE('',#3444,#787);
#506=LINE('',#3445,#788);
#507=LINE('',#3447,#789);
#508=LINE('',#3448,#790);
#509=LINE('',#3455,#791);
#510=LINE('',#3457,#792);
#511=LINE('',#3459,#793);
#512=LINE('',#3460,#794);
#513=LINE('',#3462,#795);
#514=LINE('',#3464,#796);
#515=LINE('',#3467,#797);
#516=LINE('',#3469,#798);
#517=LINE('',#3471,#799);
#518=LINE('',#3473,#800);
#519=LINE('',#3474,#801);
#520=LINE('',#3477,#802);
#521=LINE('',#3478,#803);
#522=LINE('',#3481,#804);
#523=LINE('',#3483,#805);
#524=LINE('',#3485,#806);
#525=LINE('',#3486,#807);
#526=LINE('',#3488,#808);
#527=LINE('',#3490,#809);
#528=LINE('',#3492,#810);
#529=LINE('',#3496,#811);
#530=LINE('',#3498,#812);
#531=LINE('',#3500,#813);
#532=LINE('',#3501,#814);
#533=LINE('',#3504,#815);
#534=LINE('',#3505,#816);
#535=LINE('',#3507,#817);
#536=LINE('',#3509,#818);
#537=LINE('',#3510,#819);
#538=LINE('',#3512,#820);
#539=LINE('',#3516,#821);
#540=LINE('',#3518,#822);
#541=LINE('',#3519,#823);
#542=LINE('',#3520,#824);
#543=LINE('',#3522,#825);
#544=LINE('',#3524,#826);
#545=LINE('',#3528,#827);
#546=LINE('',#3529,#828);
#547=LINE('',#3533,#829);
#548=LINE('',#3535,#830);
#549=LINE('',#3536,#831);
#550=LINE('',#3539,#832);
#551=LINE('',#3541,#833);
#552=LINE('',#3542,#834);
#553=LINE('',#3544,#835);
#554=LINE('',#3546,#836);
#555=LINE('',#3547,#837);
#556=LINE('',#3550,#838);
#557=LINE('',#3552,#839);
#558=LINE('',#3554,#840);
#559=LINE('',#3555,#841);
#560=LINE('',#3556,#842);
#561=LINE('',#3559,#843);
#562=LINE('',#3561,#844);
#563=LINE('',#3563,#845);
#564=LINE('',#3564,#846);
#565=LINE('',#3567,#847);
#566=LINE('',#3569,#848);
#567=LINE('',#3570,#849);
#568=LINE('',#3572,#850);
#569=LINE('',#3573,#851);
#570=LINE('',#3577,#852);
#571=LINE('',#3579,#853);
#572=LINE('',#3581,#854);
#573=LINE('',#3583,#855);
#574=LINE('',#3584,#856);
#575=LINE('',#3587,#857);
#576=LINE('',#3588,#858);
#577=LINE('',#3591,#859);
#578=LINE('',#3593,#860);
#579=LINE('',#3594,#861);
#580=LINE('',#3596,#862);
#581=LINE('',#3599,#863);
#582=LINE('',#3600,#864);
#583=LINE('',#3602,#865);
#584=LINE('',#3604,#866);
#585=LINE('',#3606,#867);
#586=LINE('',#3607,#868);
#587=LINE('',#3609,#869);
#588=LINE('',#3610,#870);
#589=LINE('',#3613,#871);
#590=LINE('',#3615,#872);
#591=LINE('',#3617,#873);
#592=LINE('',#3619,#874);
#593=LINE('',#3620,#875);
#594=LINE('',#3621,#876);
#595=LINE('',#3624,#877);
#596=LINE('',#3626,#878);
#597=LINE('',#3627,#879);
#598=LINE('',#3630,#880);
#599=LINE('',#3632,#881);
#600=LINE('',#3633,#882);
#601=LINE('',#3636,#883);
#602=LINE('',#3637,#884);
#603=LINE('',#3640,#885);
#604=LINE('',#3642,#886);
#605=LINE('',#3643,#887);
#606=LINE('',#3645,#888);
#607=LINE('',#3648,#889);
#608=LINE('',#3649,#890);
#609=LINE('',#3652,#891);
#610=LINE('',#3653,#892);
#611=LINE('',#3656,#893);
#612=LINE('',#3657,#894);
#613=LINE('',#3659,#895);
#614=LINE('',#3660,#896);
#615=LINE('',#3665,#897);
#616=LINE('',#3667,#898);
#617=LINE('',#3668,#899);
#618=LINE('',#3671,#900);
#619=LINE('',#3673,#901);
#620=LINE('',#3674,#902);
#621=LINE('',#3677,#903);
#622=LINE('',#3678,#904);
#623=LINE('',#3681,#905);
#624=LINE('',#3683,#906);
#625=LINE('',#3684,#907);
#626=LINE('',#3686,#908);
#627=LINE('',#3689,#909);
#628=LINE('',#3690,#910);
#629=LINE('',#3693,#911);
#630=LINE('',#3694,#912);
#631=LINE('',#3697,#913);
#632=LINE('',#3698,#914);
#633=LINE('',#3700,#915);
#634=LINE('',#3701,#916);
#635=LINE('',#3705,#917);
#636=LINE('',#3708,#918);
#637=LINE('',#3713,#919);
#638=LINE('',#3714,#920);
#639=LINE('',#3715,#921);
#640=LINE('',#3716,#922);
#641=LINE('',#3720,#923);
#642=LINE('',#3721,#924);
#643=LINE('',#3723,#925);
#644=LINE('',#3725,#926);
#645=LINE('',#3726,#927);
#646=LINE('',#3728,#928);
#647=LINE('',#3730,#929);
#648=LINE('',#3731,#930);
#649=LINE('',#3732,#931);
#650=LINE('',#3734,#932);
#651=LINE('',#3737,#933);
#652=LINE('',#3739,#934);
#653=LINE('',#3740,#935);
#654=LINE('',#3742,#936);
#655=LINE('',#3744,#937);
#656=LINE('',#3747,#938);
#657=LINE('',#3749,#939);
#658=LINE('',#3750,#940);
#659=LINE('',#3752,#941);
#660=LINE('',#3757,#942);
#661=LINE('',#3760,#943);
#662=LINE('',#3761,#944);
#663=LINE('',#3763,#945);
#664=LINE('',#3765,#946);
#665=LINE('',#3766,#947);
#666=LINE('',#3769,#948);
#667=LINE('',#3773,#949);
#668=LINE('',#3774,#950);
#669=LINE('',#3777,#951);
#670=LINE('',#3778,#952);
#671=LINE('',#3781,#953);
#672=LINE('',#3782,#954);
#673=LINE('',#3785,#955);
#674=LINE('',#3786,#956);
#675=LINE('',#3789,#957);
#676=LINE('',#3790,#958);
#677=LINE('',#3792,#959);
#678=VECTOR('',#2400,2.25);
#679=VECTOR('',#2405,2.25);
#680=VECTOR('',#2408,2.25);
#681=VECTOR('',#2417,2.25);
#682=VECTOR('',#2424,1.625);
#683=VECTOR('',#2431,1.);
#684=VECTOR('',#2436,1.625);
#685=VECTOR('',#2443,1.);
#686=VECTOR('',#2448,1.625);
#687=VECTOR('',#2453,1.);
#688=VECTOR('',#2458,1.625);
#689=VECTOR('',#2465,1.);
#690=VECTOR('',#2468,2.25);
#691=VECTOR('',#2477,2.25);
#692=VECTOR('',#2486,10.);
#693=VECTOR('',#2487,10.);
#694=VECTOR('',#2488,10.);
#695=VECTOR('',#2489,10.);
#696=VECTOR('',#2490,10.);
#697=VECTOR('',#2491,10.);
#698=VECTOR('',#2492,10.);
#699=VECTOR('',#2493,10.);
#700=VECTOR('',#2496,10.);
#701=VECTOR('',#2497,10.);
#702=VECTOR('',#2498,10.);
#703=VECTOR('',#2499,10.);
#704=VECTOR('',#2500,10.);
#705=VECTOR('',#2501,10.);
#706=VECTOR('',#2502,10.);
#707=VECTOR('',#2503,10.);
#708=VECTOR('',#2506,10.);
#709=VECTOR('',#2507,10.);
#710=VECTOR('',#2508,10.);
#711=VECTOR('',#2509,10.);
#712=VECTOR('',#2510,10.);
#713=VECTOR('',#2511,10.);
#714=VECTOR('',#2512,10.);
#715=VECTOR('',#2513,10.);
#716=VECTOR('',#2514,10.);
#717=VECTOR('',#2515,10.);
#718=VECTOR('',#2516,10.);
#719=VECTOR('',#2517,10.);
#720=VECTOR('',#2518,10.);
#721=VECTOR('',#2519,10.);
#722=VECTOR('',#2520,10.);
#723=VECTOR('',#2521,10.);
#724=VECTOR('',#2522,10.);
#725=VECTOR('',#2523,10.);
#726=VECTOR('',#2524,10.);
#727=VECTOR('',#2525,10.);
#728=VECTOR('',#2526,10.);
#729=VECTOR('',#2527,10.);
#730=VECTOR('',#2528,10.);
#731=VECTOR('',#2531,10.);
#732=VECTOR('',#2532,10.);
#733=VECTOR('',#2533,10.);
#734=VECTOR('',#2534,10.);
#735=VECTOR('',#2535,10.);
#736=VECTOR('',#2536,10.);
#737=VECTOR('',#2537,10.);
#738=VECTOR('',#2538,10.);
#739=VECTOR('',#2539,10.);
#740=VECTOR('',#2540,10.);
#741=VECTOR('',#2541,10.);
#742=VECTOR('',#2542,10.);
#743=VECTOR('',#2543,10.);
#744=VECTOR('',#2544,10.);
#745=VECTOR('',#2545,10.);
#746=VECTOR('',#2546,10.);
#747=VECTOR('',#2547,10.);
#748=VECTOR('',#2548,10.);
#749=VECTOR('',#2549,10.);
#750=VECTOR('',#2550,10.);
#751=VECTOR('',#2551,10.);
#752=VECTOR('',#2552,10.);
#753=VECTOR('',#2553,10.);
#754=VECTOR('',#2556,10.);
#755=VECTOR('',#2557,10.);
#756=VECTOR('',#2558,10.);
#757=VECTOR('',#2559,10.);
#758=VECTOR('',#2560,10.);
#759=VECTOR('',#2561,10.);
#760=VECTOR('',#2562,10.);
#761=VECTOR('',#2565,10.);
#762=VECTOR('',#2566,10.);
#763=VECTOR('',#2567,10.);
#764=VECTOR('',#2570,10.);
#765=VECTOR('',#2571,10.);
#766=VECTOR('',#2572,10.);
#767=VECTOR('',#2573,10.);
#768=VECTOR('',#2574,10.);
#769=VECTOR('',#2575,10.);
#770=VECTOR('',#2576,10.);
#771=VECTOR('',#2577,10.);
#772=VECTOR('',#2578,10.);
#773=VECTOR('',#2579,10.);
#774=VECTOR('',#2580,10.);
#775=VECTOR('',#2581,10.);
#776=VECTOR('',#2582,10.);
#777=VECTOR('',#2583,10.);
#778=VECTOR('',#2584,10.);
#779=VECTOR('',#2585,10.);
#780=VECTOR('',#2592,10.);
#781=VECTOR('',#2593,10.);
#782=VECTOR('',#2594,10.);
#783=VECTOR('',#2595,10.);
#784=VECTOR('',#2596,10.);
#785=VECTOR('',#2597,10.);
#786=VECTOR('',#2598,10.);
#787=VECTOR('',#2599,10.);
#788=VECTOR('',#2600,10.);
#789=VECTOR('',#2601,10.);
#790=VECTOR('',#2602,10.);
#791=VECTOR('',#2609,10.);
#792=VECTOR('',#2610,10.);
#793=VECTOR('',#2611,10.);
#794=VECTOR('',#2612,10.);
#795=VECTOR('',#2615,10.);
#796=VECTOR('',#2618,10.);
#797=VECTOR('',#2621,10.);
#798=VECTOR('',#2622,10.);
#799=VECTOR('',#2623,10.);
#800=VECTOR('',#2624,10.);
#801=VECTOR('',#2625,10.);
#802=VECTOR('',#2628,10.);
#803=VECTOR('',#2629,10.);
#804=VECTOR('',#2632,10.);
#805=VECTOR('',#2633,10.);
#806=VECTOR('',#2634,10.);
#807=VECTOR('',#2635,10.);
#808=VECTOR('',#2638,10.);
#809=VECTOR('',#2641,10.);
#810=VECTOR('',#2644,10.);
#811=VECTOR('',#2649,10.);
#812=VECTOR('',#2650,10.);
#813=VECTOR('',#2651,10.);
#814=VECTOR('',#2652,10.);
#815=VECTOR('',#2655,10.);
#816=VECTOR('',#2656,10.);
#817=VECTOR('',#2657,10.);
#818=VECTOR('',#2658,10.);
#819=VECTOR('',#2659,10.);
#820=VECTOR('',#2662,10.);
#821=VECTOR('',#2665,10.);
#822=VECTOR('',#2666,10.);
#823=VECTOR('',#2667,10.);
#824=VECTOR('',#2668,10.);
#825=VECTOR('',#2671,10.);
#826=VECTOR('',#2674,10.);
#827=VECTOR('',#2679,10.);
#828=VECTOR('',#2680,10.);
#829=VECTOR('',#2683,10.);
#830=VECTOR('',#2684,10.);
#831=VECTOR('',#2685,10.);
#832=VECTOR('',#2688,10.);
#833=VECTOR('',#2689,10.);
#834=VECTOR('',#2690,10.);
#835=VECTOR('',#2693,10.);
#836=VECTOR('',#2694,10.);
#837=VECTOR('',#2695,10.);
#838=VECTOR('',#2698,10.);
#839=VECTOR('',#2699,10.);
#840=VECTOR('',#2700,10.);
#841=VECTOR('',#2701,10.);
#842=VECTOR('',#2702,10.);
#843=VECTOR('',#2705,10.);
#844=VECTOR('',#2706,10.);
#845=VECTOR('',#2707,10.);
#846=VECTOR('',#2708,10.);
#847=VECTOR('',#2711,10.);
#848=VECTOR('',#2712,10.);
#849=VECTOR('',#2713,10.);
#850=VECTOR('',#2716,10.);
#851=VECTOR('',#2717,10.);
#852=VECTOR('',#2722,10.);
#853=VECTOR('',#2723,10.);
#854=VECTOR('',#2724,10.);
#855=VECTOR('',#2725,10.);
#856=VECTOR('',#2726,10.);
#857=VECTOR('',#2729,10.);
#858=VECTOR('',#2730,10.);
#859=VECTOR('',#2733,10.);
#860=VECTOR('',#2734,10.);
#861=VECTOR('',#2735,10.);
#862=VECTOR('',#2738,10.);
#863=VECTOR('',#2741,10.);
#864=VECTOR('',#2742,10.);
#865=VECTOR('',#2743,10.);
#866=VECTOR('',#2744,10.);
#867=VECTOR('',#2745,10.);
#868=VECTOR('',#2746,10.);
#869=VECTOR('',#2747,10.);
#870=VECTOR('',#2748,10.);
#871=VECTOR('',#2751,10.);
#872=VECTOR('',#2752,10.);
#873=VECTOR('',#2753,10.);
#874=VECTOR('',#2754,10.);
#875=VECTOR('',#2755,10.);
#876=VECTOR('',#2756,10.);
#877=VECTOR('',#2759,10.);
#878=VECTOR('',#2760,10.);
#879=VECTOR('',#2761,10.);
#880=VECTOR('',#2764,10.);
#881=VECTOR('',#2765,10.);
#882=VECTOR('',#2766,10.);
#883=VECTOR('',#2769,10.);
#884=VECTOR('',#2770,10.);
#885=VECTOR('',#2773,10.);
#886=VECTOR('',#2774,10.);
#887=VECTOR('',#2775,10.);
#888=VECTOR('',#2778,10.);
#889=VECTOR('',#2781,10.);
#890=VECTOR('',#2782,10.);
#891=VECTOR('',#2785,10.);
#892=VECTOR('',#2786,10.);
#893=VECTOR('',#2789,10.);
#894=VECTOR('',#2790,10.);
#895=VECTOR('',#2793,10.);
#896=VECTOR('',#2794,10.);
#897=VECTOR('',#2801,10.);
#898=VECTOR('',#2802,10.);
#899=VECTOR('',#2803,10.);
#900=VECTOR('',#2806,10.);
#901=VECTOR('',#2807,10.);
#902=VECTOR('',#2808,10.);
#903=VECTOR('',#2811,10.);
#904=VECTOR('',#2812,10.);
#905=VECTOR('',#2815,10.);
#906=VECTOR('',#2816,10.);
#907=VECTOR('',#2817,10.);
#908=VECTOR('',#2820,10.);
#909=VECTOR('',#2823,10.);
#910=VECTOR('',#2824,10.);
#911=VECTOR('',#2827,10.);
#912=VECTOR('',#2828,10.);
#913=VECTOR('',#2831,10.);
#914=VECTOR('',#2832,10.);
#915=VECTOR('',#2835,10.);
#916=VECTOR('',#2836,10.);
#917=VECTOR('',#2843,10.);
#918=VECTOR('',#2848,10.);
#919=VECTOR('',#2853,10.);
#920=VECTOR('',#2854,10.);
#921=VECTOR('',#2855,10.);
#922=VECTOR('',#2856,10.);
#923=VECTOR('',#2859,10.);
#924=VECTOR('',#2860,10.);
#925=VECTOR('',#2861,10.);
#926=VECTOR('',#2862,10.);
#927=VECTOR('',#2863,10.);
#928=VECTOR('',#2866,10.);
#929=VECTOR('',#2867,10.);
#930=VECTOR('',#2868,10.);
#931=VECTOR('',#2869,10.);
#932=VECTOR('',#2872,10.);
#933=VECTOR('',#2875,10.);
#934=VECTOR('',#2876,10.);
#935=VECTOR('',#2877,10.);
#936=VECTOR('',#2880,10.);
#937=VECTOR('',#2883,10.);
#938=VECTOR('',#2886,10.);
#939=VECTOR('',#2887,10.);
#940=VECTOR('',#2888,10.);
#941=VECTOR('',#2891,10.);
#942=VECTOR('',#2900,10.);
#943=VECTOR('',#2905,2.75);
#944=VECTOR('',#2906,2.75);
#945=VECTOR('',#2909,2.75);
#946=VECTOR('',#2912,10.);
#947=VECTOR('',#2913,10.);
#948=VECTOR('',#2918,10.);
#949=VECTOR('',#2923,10.);
#950=VECTOR('',#2924,10.);
#951=VECTOR('',#2927,10.);
#952=VECTOR('',#2928,10.);
#953=VECTOR('',#2931,10.);
#954=VECTOR('',#2932,10.);
#955=VECTOR('',#2935,10.);
#956=VECTOR('',#2936,10.);
#957=VECTOR('',#2939,10.);
#958=VECTOR('',#2940,10.);
#959=VECTOR('',#2943,10.);
#960=VERTEX_POINT('',#2948);
#961=VERTEX_POINT('',#2949);
#962=VERTEX_POINT('',#2951);
#963=VERTEX_POINT('',#2958);
#964=VERTEX_POINT('',#2959);
#965=VERTEX_POINT('',#2961);
#966=VERTEX_POINT('',#2963);
#967=VERTEX_POINT('',#2986);
#968=VERTEX_POINT('',#2993);
#969=VERTEX_POINT('',#3002);
#970=VERTEX_POINT('',#3025);
#971=VERTEX_POINT('',#3032);
#972=VERTEX_POINT('',#3052);
#973=VERTEX_POINT('',#3055);
#974=VERTEX_POINT('',#3100);
#975=VERTEX_POINT('',#3104);
#976=VERTEX_POINT('',#3108);
#977=VERTEX_POINT('',#3110);
#978=VERTEX_POINT('',#3114);
#979=VERTEX_POINT('',#3118);
#980=VERTEX_POINT('',#3136);
#981=VERTEX_POINT('',#3140);
#982=VERTEX_POINT('',#3142);
#983=VERTEX_POINT('',#3146);
#984=VERTEX_POINT('',#3150);
#985=VERTEX_POINT('',#3152);
#986=VERTEX_POINT('',#3154);
#987=VERTEX_POINT('',#3157);
#988=VERTEX_POINT('',#3201);
#989=VERTEX_POINT('',#3203);
#990=VERTEX_POINT('',#3205);
#991=VERTEX_POINT('',#3208);
#992=VERTEX_POINT('',#3252);
#993=VERTEX_POINT('',#3253);
#994=VERTEX_POINT('',#3255);
#995=VERTEX_POINT('',#3257);
#996=VERTEX_POINT('',#3259);
#997=VERTEX_POINT('',#3261);
#998=VERTEX_POINT('',#3263);
#999=VERTEX_POINT('',#3265);
#1000=VERTEX_POINT('',#3269);
#1001=VERTEX_POINT('',#3270);
#1002=VERTEX_POINT('',#3272);
#1003=VERTEX_POINT('',#3274);
#1004=VERTEX_POINT('',#3276);
#1005=VERTEX_POINT('',#3278);
#1006=VERTEX_POINT('',#3280);
#1007=VERTEX_POINT('',#3282);
#1008=VERTEX_POINT('',#3286);
#1009=VERTEX_POINT('',#3288);
#1010=VERTEX_POINT('',#3290);
#1011=VERTEX_POINT('',#3292);
#1012=VERTEX_POINT('',#3294);
#1013=VERTEX_POINT('',#3296);
#1014=VERTEX_POINT('',#3298);
#1015=VERTEX_POINT('',#3300);
#1016=VERTEX_POINT('',#3302);
#1017=VERTEX_POINT('',#3304);
#1018=VERTEX_POINT('',#3306);
#1019=VERTEX_POINT('',#3308);
#1020=VERTEX_POINT('',#3311);
#1021=VERTEX_POINT('',#3312);
#1022=VERTEX_POINT('',#3314);
#1023=VERTEX_POINT('',#3316);
#1024=VERTEX_POINT('',#3318);
#1025=VERTEX_POINT('',#3320);
#1026=VERTEX_POINT('',#3322);
#1027=VERTEX_POINT('',#3324);
#1028=VERTEX_POINT('',#3326);
#1029=VERTEX_POINT('',#3328);
#1030=VERTEX_POINT('',#3332);
#1031=VERTEX_POINT('',#3334);
#1032=VERTEX_POINT('',#3336);
#1033=VERTEX_POINT('',#3338);
#1034=VERTEX_POINT('',#3340);
#1035=VERTEX_POINT('',#3342);
#1036=VERTEX_POINT('',#3344);
#1037=VERTEX_POINT('',#3346);
#1038=VERTEX_POINT('',#3348);
#1039=VERTEX_POINT('',#3350);
#1040=VERTEX_POINT('',#3352);
#1041=VERTEX_POINT('',#3354);
#1042=VERTEX_POINT('',#3357);
#1043=VERTEX_POINT('',#3358);
#1044=VERTEX_POINT('',#3360);
#1045=VERTEX_POINT('',#3362);
#1046=VERTEX_POINT('',#3364);
#1047=VERTEX_POINT('',#3366);
#1048=VERTEX_POINT('',#3368);
#1049=VERTEX_POINT('',#3370);
#1050=VERTEX_POINT('',#3372);
#1051=VERTEX_POINT('',#3374);
#1052=VERTEX_POINT('',#3378);
#1053=VERTEX_POINT('',#3380);
#1054=VERTEX_POINT('',#3382);
#1055=VERTEX_POINT('',#3384);
#1056=VERTEX_POINT('',#3386);
#1057=VERTEX_POINT('',#3388);
#1058=VERTEX_POINT('',#3392);
#1059=VERTEX_POINT('',#3394);
#1060=VERTEX_POINT('',#3398);
#1061=VERTEX_POINT('',#3400);
#1062=VERTEX_POINT('',#3402);
#1063=VERTEX_POINT('',#3404);
#1064=VERTEX_POINT('',#3406);
#1065=VERTEX_POINT('',#3409);
#1066=VERTEX_POINT('',#3411);
#1067=VERTEX_POINT('',#3414);
#1068=VERTEX_POINT('',#3416);
#1069=VERTEX_POINT('',#3418);
#1070=VERTEX_POINT('',#3420);
#1071=VERTEX_POINT('',#3422);
#1072=VERTEX_POINT('',#3426);
#1073=VERTEX_POINT('',#3428);
#1074=VERTEX_POINT('',#3431);
#1075=VERTEX_POINT('',#3434);
#1076=VERTEX_POINT('',#3436);
#1077=VERTEX_POINT('',#3438);
#1078=VERTEX_POINT('',#3441);
#1079=VERTEX_POINT('',#3443);
#1080=VERTEX_POINT('',#3446);
#1081=VERTEX_POINT('',#3449);
#1082=VERTEX_POINT('',#3451);
#1083=VERTEX_POINT('',#3454);
#1084=VERTEX_POINT('',#3456);
#1085=VERTEX_POINT('',#3458);
#1086=VERTEX_POINT('',#3466);
#1087=VERTEX_POINT('',#3468);
#1088=VERTEX_POINT('',#3470);
#1089=VERTEX_POINT('',#3472);
#1090=VERTEX_POINT('',#3476);
#1091=VERTEX_POINT('',#3480);
#1092=VERTEX_POINT('',#3482);
#1093=VERTEX_POINT('',#3484);
#1094=VERTEX_POINT('',#3495);
#1095=VERTEX_POINT('',#3497);
#1096=VERTEX_POINT('',#3499);
#1097=VERTEX_POINT('',#3503);
#1098=VERTEX_POINT('',#3506);
#1099=VERTEX_POINT('',#3508);
#1100=VERTEX_POINT('',#3514);
#1101=VERTEX_POINT('',#3515);
#1102=VERTEX_POINT('',#3517);
#1103=VERTEX_POINT('',#3527);
#1104=VERTEX_POINT('',#3531);
#1105=VERTEX_POINT('',#3532);
#1106=VERTEX_POINT('',#3534);
#1107=VERTEX_POINT('',#3538);
#1108=VERTEX_POINT('',#3540);
#1109=VERTEX_POINT('',#3545);
#1110=VERTEX_POINT('',#3549);
#1111=VERTEX_POINT('',#3551);
#1112=VERTEX_POINT('',#3553);
#1113=VERTEX_POINT('',#3558);
#1114=VERTEX_POINT('',#3560);
#1115=VERTEX_POINT('',#3562);
#1116=VERTEX_POINT('',#3566);
#1117=VERTEX_POINT('',#3568);
#1118=VERTEX_POINT('',#3576);
#1119=VERTEX_POINT('',#3578);
#1120=VERTEX_POINT('',#3580);
#1121=VERTEX_POINT('',#3582);
#1122=VERTEX_POINT('',#3586);
#1123=VERTEX_POINT('',#3590);
#1124=VERTEX_POINT('',#3592);
#1125=VERTEX_POINT('',#3598);
#1126=VERTEX_POINT('',#3601);
#1127=VERTEX_POINT('',#3603);
#1128=VERTEX_POINT('',#3605);
#1129=VERTEX_POINT('',#3608);
#1130=VERTEX_POINT('',#3612);
#1131=VERTEX_POINT('',#3614);
#1132=VERTEX_POINT('',#3616);
#1133=VERTEX_POINT('',#3618);
#1134=VERTEX_POINT('',#3623);
#1135=VERTEX_POINT('',#3625);
#1136=VERTEX_POINT('',#3629);
#1137=VERTEX_POINT('',#3631);
#1138=VERTEX_POINT('',#3635);
#1139=VERTEX_POINT('',#3639);
#1140=VERTEX_POINT('',#3641);
#1141=VERTEX_POINT('',#3647);
#1142=VERTEX_POINT('',#3651);
#1143=VERTEX_POINT('',#3655);
#1144=VERTEX_POINT('',#3664);
#1145=VERTEX_POINT('',#3666);
#1146=VERTEX_POINT('',#3670);
#1147=VERTEX_POINT('',#3672);
#1148=VERTEX_POINT('',#3676);
#1149=VERTEX_POINT('',#3680);
#1150=VERTEX_POINT('',#3682);
#1151=VERTEX_POINT('',#3688);
#1152=VERTEX_POINT('',#3692);
#1153=VERTEX_POINT('',#3696);
#1154=VERTEX_POINT('',#3711);
#1155=VERTEX_POINT('',#3712);
#1156=VERTEX_POINT('',#3718);
#1157=VERTEX_POINT('',#3719);
#1158=VERTEX_POINT('',#3722);
#1159=VERTEX_POINT('',#3724);
#1160=VERTEX_POINT('',#3729);
#1161=VERTEX_POINT('',#3736);
#1162=VERTEX_POINT('',#3738);
#1163=VERTEX_POINT('',#3746);
#1164=VERTEX_POINT('',#3748);
#1165=VERTEX_POINT('',#3772);
#1166=VERTEX_POINT('',#3776);
#1167=VERTEX_POINT('',#3780);
#1168=VERTEX_POINT('',#3784);
#1169=VERTEX_POINT('',#3788);
#1170=EDGE_CURVE('',#960,#961,#396,.T.);
#1171=EDGE_CURVE('',#962,#960,#372,.T.);
#1172=EDGE_CURVE('',#961,#962,#360,.T.);
#1173=EDGE_CURVE('',#963,#964,#397,.T.);
#1174=EDGE_CURVE('',#963,#965,#373,.T.);
#1175=EDGE_CURVE('',#966,#965,#361,.T.);
#1176=EDGE_CURVE('',#967,#966,#362,.T.);
#1177=EDGE_CURVE('',#968,#967,#363,.T.);
#1178=EDGE_CURVE('',#968,#969,#398,.T.);
#1179=EDGE_CURVE('',#969,#969,#374,.T.);
#1180=EDGE_CURVE('',#964,#968,#364,.T.);
#1181=EDGE_CURVE('',#970,#964,#365,.T.);
#1182=EDGE_CURVE('',#970,#963,#375,.T.);
#1183=EDGE_CURVE('',#971,#961,#366,.T.);
#1184=EDGE_CURVE('',#971,#972,#399,.T.);
#1185=EDGE_CURVE('',#972,#972,#376,.T.);
#1186=EDGE_CURVE('',#973,#971,#367,.T.);
#1187=EDGE_CURVE('',#960,#973,#377,.T.);
#1188=EDGE_CURVE('',#965,#970,#368,.T.);
#1189=EDGE_CURVE('',#963,#974,#400,.T.);
#1190=EDGE_CURVE('',#974,#974,#378,.T.);
#1191=EDGE_CURVE('',#975,#975,#379,.T.);
#1192=EDGE_CURVE('',#975,#974,#401,.T.);
#1193=EDGE_CURVE('',#976,#976,#380,.T.);
#1194=EDGE_CURVE('',#976,#977,#402,.T.);
#1195=EDGE_CURVE('',#977,#977,#381,.T.);
#1196=EDGE_CURVE('',#978,#978,#382,.T.);
#1197=EDGE_CURVE('',#978,#977,#403,.T.);
#1198=EDGE_CURVE('',#979,#979,#383,.T.);
#1199=EDGE_CURVE('',#979,#960,#404,.T.);
#1200=EDGE_CURVE('',#962,#973,#369,.T.);
#1201=EDGE_CURVE('',#980,#980,#384,.T.);
#1202=EDGE_CURVE('',#980,#979,#405,.T.);
#1203=EDGE_CURVE('',#981,#981,#385,.T.);
#1204=EDGE_CURVE('',#981,#982,#406,.T.);
#1205=EDGE_CURVE('',#982,#982,#386,.T.);
#1206=EDGE_CURVE('',#983,#983,#387,.T.);
#1207=EDGE_CURVE('',#983,#981,#407,.T.);
#1208=EDGE_CURVE('',#976,#984,#408,.T.);
#1209=EDGE_CURVE('',#985,#984,#388,.T.);
#1210=EDGE_CURVE('',#986,#985,#123,.T.);
#1211=EDGE_CURVE('',#984,#986,#389,.T.);
#1212=EDGE_CURVE('',#987,#987,#370,.T.);
#1213=EDGE_CURVE('',#982,#988,#409,.T.);
#1214=EDGE_CURVE('',#989,#988,#390,.T.);
#1215=EDGE_CURVE('',#990,#989,#124,.T.);
#1216=EDGE_CURVE('',#988,#990,#391,.T.);
#1217=EDGE_CURVE('',#991,#991,#371,.T.);
#1218=EDGE_CURVE('',#992,#993,#410,.T.);
#1219=EDGE_CURVE('',#993,#994,#411,.T.);
#1220=EDGE_CURVE('',#994,#995,#412,.F.);
#1221=EDGE_CURVE('',#996,#995,#413,.T.);
#1222=EDGE_CURVE('',#997,#996,#414,.T.);
#1223=EDGE_CURVE('',#998,#997,#415,.T.);
#1224=EDGE_CURVE('',#998,#999,#416,.T.);
#1225=EDGE_CURVE('',#999,#992,#417,.T.);
#1226=EDGE_CURVE('',#1000,#1001,#418,.T.);
#1227=EDGE_CURVE('',#1001,#1002,#419,.T.);
#1228=EDGE_CURVE('',#1003,#1002,#420,.T.);
#1229=EDGE_CURVE('',#1004,#1003,#421,.T.);
#1230=EDGE_CURVE('',#1005,#1004,#422,.T.);
#1231=EDGE_CURVE('',#1006,#1005,#423,.T.);
#1232=EDGE_CURVE('',#1006,#1007,#424,.F.);
#1233=EDGE_CURVE('',#1007,#1000,#425,.T.);
#1234=EDGE_CURVE('',#1008,#986,#426,.T.);
#1235=EDGE_CURVE('',#1008,#1009,#427,.T.);
#1236=EDGE_CURVE('',#1009,#1010,#428,.T.);
#1237=EDGE_CURVE('',#1010,#1011,#429,.T.);
#1238=EDGE_CURVE('',#1011,#1012,#430,.T.);
#1239=EDGE_CURVE('',#1012,#1013,#431,.T.);
#1240=EDGE_CURVE('',#1013,#1014,#432,.T.);
#1241=EDGE_CURVE('',#1014,#1015,#433,.T.);
#1242=EDGE_CURVE('',#1016,#1015,#434,.T.);
#1243=EDGE_CURVE('',#1016,#1017,#435,.T.);
#1244=EDGE_CURVE('',#1017,#1018,#436,.T.);
#1245=EDGE_CURVE('',#1018,#1019,#437,.T.);
#1246=EDGE_CURVE('',#985,#1019,#438,.T.);
#1247=EDGE_CURVE('',#1020,#1021,#439,.T.);
#1248=EDGE_CURVE('',#1021,#1022,#440,.T.);
#1249=EDGE_CURVE('',#1022,#1023,#441,.T.);
#1250=EDGE_CURVE('',#1023,#1024,#442,.T.);
#1251=EDGE_CURVE('',#1024,#1025,#443,.T.);
#1252=EDGE_CURVE('',#1025,#1026,#444,.T.);
#1253=EDGE_CURVE('',#1026,#1027,#445,.T.);
#1254=EDGE_CURVE('',#1027,#1028,#446,.T.);
#1255=EDGE_CURVE('',#1028,#1029,#447,.T.);
#1256=EDGE_CURVE('',#1029,#1020,#448,.T.);
#1257=EDGE_CURVE('',#1030,#990,#449,.T.);
#1258=EDGE_CURVE('',#1030,#1031,#450,.T.);
#1259=EDGE_CURVE('',#1031,#1032,#451,.T.);
#1260=EDGE_CURVE('',#1032,#1033,#452,.T.);
#1261=EDGE_CURVE('',#1034,#1033,#453,.T.);
#1262=EDGE_CURVE('',#1034,#1035,#454,.T.);
#1263=EDGE_CURVE('',#1035,#1036,#455,.T.);
#1264=EDGE_CURVE('',#1036,#1037,#456,.T.);
#1265=EDGE_CURVE('',#1037,#1038,#457,.T.);
#1266=EDGE_CURVE('',#1038,#1039,#458,.T.);
#1267=EDGE_CURVE('',#1040,#1039,#459,.T.);
#1268=EDGE_CURVE('',#1040,#1041,#460,.T.);
#1269=EDGE_CURVE('',#989,#1041,#461,.T.);
#1270=EDGE_CURVE('',#1042,#1043,#462,.T.);
#1271=EDGE_CURVE('',#1043,#1044,#463,.T.);
#1272=EDGE_CURVE('',#1044,#1045,#464,.T.);
#1273=EDGE_CURVE('',#1045,#1046,#465,.T.);
#1274=EDGE_CURVE('',#1046,#1047,#466,.T.);
#1275=EDGE_CURVE('',#1047,#1048,#467,.T.);
#1276=EDGE_CURVE('',#1048,#1049,#468,.T.);
#1277=EDGE_CURVE('',#1049,#1050,#469,.T.);
#1278=EDGE_CURVE('',#1050,#1051,#470,.T.);
#1279=EDGE_CURVE('',#1051,#1042,#471,.T.);
#1280=EDGE_CURVE('',#996,#1052,#472,.T.);
#1281=EDGE_CURVE('',#1052,#1053,#473,.T.);
#1282=EDGE_CURVE('',#1053,#1054,#474,.T.);
#1283=EDGE_CURVE('',#1054,#1055,#475,.T.);
#1284=EDGE_CURVE('',#1055,#1056,#476,.T.);
#1285=EDGE_CURVE('',#1056,#1057,#477,.T.);
#1286=EDGE_CURVE('',#1057,#997,#478,.T.);
#1287=EDGE_CURVE('',#1058,#1052,#479,.F.);
#1288=EDGE_CURVE('',#1059,#1058,#480,.T.);
#1289=EDGE_CURVE('',#1059,#1053,#481,.T.);
#1290=EDGE_CURVE('',#995,#1060,#482,.T.);
#1291=EDGE_CURVE('',#1060,#1061,#483,.T.);
#1292=EDGE_CURVE('',#1061,#1062,#484,.T.);
#1293=EDGE_CURVE('',#1062,#1063,#485,.T.);
#1294=EDGE_CURVE('',#1063,#1064,#486,.T.);
#1295=EDGE_CURVE('',#1064,#1006,#487,.T.);
#1296=EDGE_CURVE('',#1065,#1005,#488,.T.);
#1297=EDGE_CURVE('',#1065,#1066,#489,.F.);
#1298=EDGE_CURVE('',#1041,#1066,#490,.T.);
#1299=EDGE_CURVE('',#1067,#1040,#491,.T.);
#1300=EDGE_CURVE('',#1068,#1067,#492,.T.);
#1301=EDGE_CURVE('',#1069,#1068,#493,.T.);
#1302=EDGE_CURVE('',#1069,#1070,#494,.F.);
#1303=EDGE_CURVE('',#1070,#1071,#495,.F.);
#1304=EDGE_CURVE('',#1071,#1009,#496,.F.);
#1305=EDGE_CURVE('',#1058,#1008,#497,.T.);
#1306=EDGE_CURVE('',#1072,#1072,#392,.T.);
#1307=EDGE_CURVE('',#1073,#1073,#393,.T.);
#1308=EDGE_CURVE('',#1074,#1057,#498,.T.);
#1309=EDGE_CURVE('',#1019,#1074,#499,.T.);
#1310=EDGE_CURVE('',#1075,#1018,#500,.T.);
#1311=EDGE_CURVE('',#1076,#1075,#501,.T.);
#1312=EDGE_CURVE('',#1076,#1077,#502,.T.);
#1313=EDGE_CURVE('',#1077,#1031,#503,.T.);
#1314=EDGE_CURVE('',#1078,#1030,#504,.T.);
#1315=EDGE_CURVE('',#1079,#1078,#505,.T.);
#1316=EDGE_CURVE('',#1004,#1079,#506,.T.);
#1317=EDGE_CURVE('',#1003,#1080,#507,.T.);
#1318=EDGE_CURVE('',#1080,#998,#508,.T.);
#1319=EDGE_CURVE('',#1081,#1081,#394,.T.);
#1320=EDGE_CURVE('',#1082,#1082,#395,.T.);
#1321=EDGE_CURVE('',#1074,#1083,#509,.T.);
#1322=EDGE_CURVE('',#1083,#1084,#510,.T.);
#1323=EDGE_CURVE('',#1084,#1085,#511,.T.);
#1324=EDGE_CURVE('',#1085,#1059,#512,.T.);
#1325=EDGE_CURVE('',#1085,#1054,#513,.T.);
#1326=EDGE_CURVE('',#1084,#1055,#514,.F.);
#1327=EDGE_CURVE('',#1079,#1086,#515,.T.);
#1328=EDGE_CURVE('',#1086,#1087,#516,.T.);
#1329=EDGE_CURVE('',#1087,#1088,#517,.T.);
#1330=EDGE_CURVE('',#1088,#1089,#518,.T.);
#1331=EDGE_CURVE('',#1089,#1065,#519,.T.);
#1332=EDGE_CURVE('',#1090,#1078,#520,.T.);
#1333=EDGE_CURVE('',#1090,#1086,#521,.T.);
#1334=EDGE_CURVE('',#1066,#1091,#522,.T.);
#1335=EDGE_CURVE('',#1091,#1092,#523,.T.);
#1336=EDGE_CURVE('',#1092,#1093,#524,.T.);
#1337=EDGE_CURVE('',#1093,#1090,#525,.T.);
#1338=EDGE_CURVE('',#1087,#1093,#526,.F.);
#1339=EDGE_CURVE('',#1088,#1092,#527,.T.);
#1340=EDGE_CURVE('',#1089,#1091,#528,.T.);
#1341=EDGE_CURVE('',#1094,#1007,#529,.T.);
#1342=EDGE_CURVE('',#1094,#1095,#530,.T.);
#1343=EDGE_CURVE('',#1096,#1095,#531,.T.);
#1344=EDGE_CURVE('',#1000,#1096,#532,.F.);
#1345=EDGE_CURVE('',#1097,#1096,#533,.T.);
#1346=EDGE_CURVE('',#1063,#1095,#534,.T.);
#1347=EDGE_CURVE('',#1062,#1098,#535,.T.);
#1348=EDGE_CURVE('',#1099,#1098,#536,.T.);
#1349=EDGE_CURVE('',#1099,#1097,#537,.T.);
#1350=EDGE_CURVE('',#1064,#1094,#538,.F.);
#1351=EDGE_CURVE('',#1100,#1101,#539,.T.);
#1352=EDGE_CURVE('',#1100,#1102,#540,.T.);
#1353=EDGE_CURVE('',#994,#1102,#541,.T.);
#1354=EDGE_CURVE('',#993,#1101,#542,.T.);
#1355=EDGE_CURVE('',#1060,#1102,#543,.T.);
#1356=EDGE_CURVE('',#1061,#1100,#544,.T.);
#1357=EDGE_CURVE('',#1103,#1097,#545,.T.);
#1358=EDGE_CURVE('',#1103,#1099,#546,.T.);
#1359=EDGE_CURVE('',#1104,#1105,#547,.T.);
#1360=EDGE_CURVE('',#1106,#1105,#548,.T.);
#1361=EDGE_CURVE('',#1104,#1106,#549,.T.);
#1362=EDGE_CURVE('',#1098,#1107,#550,.T.);
#1363=EDGE_CURVE('',#1108,#1107,#551,.T.);
#1364=EDGE_CURVE('',#1103,#1108,#552,.T.);
#1365=EDGE_CURVE('',#1106,#1098,#553,.T.);
#1366=EDGE_CURVE('',#1105,#1109,#554,.T.);
#1367=EDGE_CURVE('',#1107,#1109,#555,.T.);
#1368=EDGE_CURVE('',#992,#1110,#556,.T.);
#1369=EDGE_CURVE('',#1111,#1110,#557,.T.);
#1370=EDGE_CURVE('',#1112,#1111,#558,.T.);
#1371=EDGE_CURVE('',#1109,#1112,#559,.T.);
#1372=EDGE_CURVE('',#1101,#1104,#560,.T.);
#1373=EDGE_CURVE('',#1113,#1108,#561,.T.);
#1374=EDGE_CURVE('',#1114,#1113,#562,.T.);
#1375=EDGE_CURVE('',#1115,#1114,#563,.T.);
#1376=EDGE_CURVE('',#1001,#1115,#564,.T.);
#1377=EDGE_CURVE('',#1116,#999,#565,.T.);
#1378=EDGE_CURVE('',#1116,#1117,#566,.T.);
#1379=EDGE_CURVE('',#1110,#1117,#567,.T.);
#1380=EDGE_CURVE('',#1002,#1116,#568,.T.);
#1381=EDGE_CURVE('',#1117,#1115,#569,.T.);
#1382=EDGE_CURVE('',#1114,#1118,#570,.T.);
#1383=EDGE_CURVE('',#1119,#1118,#571,.T.);
#1384=EDGE_CURVE('',#1120,#1119,#572,.T.);
#1385=EDGE_CURVE('',#1121,#1120,#573,.T.);
#1386=EDGE_CURVE('',#1111,#1121,#574,.F.);
#1387=EDGE_CURVE('',#1113,#1122,#575,.F.);
#1388=EDGE_CURVE('',#1118,#1122,#576,.T.);
#1389=EDGE_CURVE('',#1112,#1123,#577,.T.);
#1390=EDGE_CURVE('',#1124,#1123,#578,.T.);
#1391=EDGE_CURVE('',#1122,#1124,#579,.T.);
#1392=EDGE_CURVE('',#1123,#1121,#580,.T.);
#1393=EDGE_CURVE('',#1125,#1119,#581,.T.);
#1394=EDGE_CURVE('',#1125,#1032,#582,.T.);
#1395=EDGE_CURVE('',#1032,#1126,#583,.T.);
#1396=EDGE_CURVE('',#1126,#1127,#584,.T.);
#1397=EDGE_CURVE('',#1127,#1128,#585,.T.);
#1398=EDGE_CURVE('',#1128,#1017,#586,.T.);
#1399=EDGE_CURVE('',#1017,#1129,#587,.T.);
#1400=EDGE_CURVE('',#1120,#1129,#588,.T.);
#1401=EDGE_CURVE('',#1124,#1130,#589,.T.);
#1402=EDGE_CURVE('',#1130,#1131,#590,.T.);
#1403=EDGE_CURVE('',#1131,#1132,#591,.T.);
#1404=EDGE_CURVE('',#1132,#1133,#592,.T.);
#1405=EDGE_CURVE('',#1133,#1034,#593,.T.);
#1406=EDGE_CURVE('',#1033,#1125,#594,.T.);
#1407=EDGE_CURVE('',#1025,#1134,#595,.T.);
#1408=EDGE_CURVE('',#1024,#1135,#596,.T.);
#1409=EDGE_CURVE('',#1135,#1134,#597,.T.);
#1410=EDGE_CURVE('',#1026,#1136,#598,.T.);
#1411=EDGE_CURVE('',#1134,#1137,#599,.T.);
#1412=EDGE_CURVE('',#1137,#1136,#600,.T.);
#1413=EDGE_CURVE('',#1027,#1138,#601,.T.);
#1414=EDGE_CURVE('',#1136,#1138,#602,.T.);
#1415=EDGE_CURVE('',#1028,#1139,#603,.T.);
#1416=EDGE_CURVE('',#1138,#1140,#604,.T.);
#1417=EDGE_CURVE('',#1139,#1140,#605,.T.);
#1418=EDGE_CURVE('',#1029,#1139,#606,.T.);
#1419=EDGE_CURVE('',#1020,#1141,#607,.T.);
#1420=EDGE_CURVE('',#1140,#1141,#608,.T.);
#1421=EDGE_CURVE('',#1021,#1142,#609,.T.);
#1422=EDGE_CURVE('',#1141,#1142,#610,.T.);
#1423=EDGE_CURVE('',#1022,#1143,#611,.T.);
#1424=EDGE_CURVE('',#1142,#1143,#612,.T.);
#1425=EDGE_CURVE('',#1023,#1135,#613,.T.);
#1426=EDGE_CURVE('',#1143,#1137,#614,.T.);
#1427=EDGE_CURVE('',#1050,#1144,#615,.T.);
#1428=EDGE_CURVE('',#1145,#1144,#616,.T.);
#1429=EDGE_CURVE('',#1051,#1145,#617,.T.);
#1430=EDGE_CURVE('',#1049,#1146,#618,.T.);
#1431=EDGE_CURVE('',#1147,#1146,#619,.T.);
#1432=EDGE_CURVE('',#1144,#1147,#620,.T.);
#1433=EDGE_CURVE('',#1048,#1148,#621,.T.);
#1434=EDGE_CURVE('',#1146,#1148,#622,.T.);
#1435=EDGE_CURVE('',#1047,#1149,#623,.T.);
#1436=EDGE_CURVE('',#1149,#1150,#624,.T.);
#1437=EDGE_CURVE('',#1148,#1150,#625,.T.);
#1438=EDGE_CURVE('',#1046,#1149,#626,.T.);
#1439=EDGE_CURVE('',#1045,#1151,#627,.T.);
#1440=EDGE_CURVE('',#1150,#1151,#628,.T.);
#1441=EDGE_CURVE('',#1044,#1152,#629,.T.);
#1442=EDGE_CURVE('',#1151,#1152,#630,.T.);
#1443=EDGE_CURVE('',#1043,#1153,#631,.T.);
#1444=EDGE_CURVE('',#1152,#1153,#632,.T.);
#1445=EDGE_CURVE('',#1042,#1145,#633,.T.);
#1446=EDGE_CURVE('',#1153,#1147,#634,.T.);
#1447=EDGE_CURVE('',#1080,#1116,#635,.T.);
#1448=EDGE_CURVE('',#1083,#1056,#636,.F.);
#1449=EDGE_CURVE('',#1154,#1155,#637,.T.);
#1450=EDGE_CURVE('',#1037,#1154,#638,.T.);
#1451=EDGE_CURVE('',#1132,#1036,#639,.T.);
#1452=EDGE_CURVE('',#1155,#1131,#640,.T.);
#1453=EDGE_CURVE('',#1156,#1157,#641,.T.);
#1454=EDGE_CURVE('',#1013,#1156,#642,.T.);
#1455=EDGE_CURVE('',#1158,#1012,#643,.T.);
#1456=EDGE_CURVE('',#1159,#1158,#644,.T.);
#1457=EDGE_CURVE('',#1157,#1159,#645,.T.);
#1458=EDGE_CURVE('',#1129,#1016,#646,.T.);
#1459=EDGE_CURVE('',#1015,#1160,#647,.T.);
#1460=EDGE_CURVE('',#1160,#1156,#648,.T.);
#1461=EDGE_CURVE('',#1157,#1130,#649,.T.);
#1462=EDGE_CURVE('',#1159,#1155,#650,.T.);
#1463=EDGE_CURVE('',#1158,#1161,#651,.T.);
#1464=EDGE_CURVE('',#1162,#1161,#652,.T.);
#1465=EDGE_CURVE('',#1162,#1154,#653,.T.);
#1466=EDGE_CURVE('',#1161,#1011,#654,.T.);
#1467=EDGE_CURVE('',#1038,#1162,#655,.T.);
#1468=EDGE_CURVE('',#1010,#1163,#656,.T.);
#1469=EDGE_CURVE('',#1163,#1164,#657,.T.);
#1470=EDGE_CURVE('',#1164,#1039,#658,.T.);
#1471=EDGE_CURVE('',#1160,#1014,#659,.T.);
#1472=EDGE_CURVE('',#1133,#1035,#660,.T.);
#1473=EDGE_CURVE('',#1073,#967,#661,.T.);
#1474=EDGE_CURVE('',#966,#1081,#662,.T.);
#1475=EDGE_CURVE('',#1072,#1082,#663,.T.);
#1476=EDGE_CURVE('',#1075,#1128,#664,.T.);
#1477=EDGE_CURVE('',#1076,#1127,#665,.T.);
#1478=EDGE_CURVE('',#1077,#1126,#666,.T.);
#1479=EDGE_CURVE('',#1164,#1165,#667,.F.);
#1480=EDGE_CURVE('',#1067,#1165,#668,.T.);
#1481=EDGE_CURVE('',#1071,#1166,#669,.T.);
#1482=EDGE_CURVE('',#1166,#1163,#670,.F.);
#1483=EDGE_CURVE('',#1070,#1167,#671,.F.);
#1484=EDGE_CURVE('',#1167,#1166,#672,.F.);
#1485=EDGE_CURVE('',#1069,#1168,#673,.F.);
#1486=EDGE_CURVE('',#1168,#1167,#674,.F.);
#1487=EDGE_CURVE('',#1068,#1169,#675,.F.);
#1488=EDGE_CURVE('',#1169,#1168,#676,.F.);
#1489=EDGE_CURVE('',#1165,#1169,#677,.F.);
#1490=ORIENTED_EDGE('',*,*,#1170,.F.);
#1491=ORIENTED_EDGE('',*,*,#1171,.F.);
#1492=ORIENTED_EDGE('',*,*,#1172,.F.);
#1493=ORIENTED_EDGE('',*,*,#1173,.F.);
#1494=ORIENTED_EDGE('',*,*,#1174,.T.);
#1495=ORIENTED_EDGE('',*,*,#1175,.F.);
#1496=ORIENTED_EDGE('',*,*,#1176,.F.);
#1497=ORIENTED_EDGE('',*,*,#1177,.F.);
#1498=ORIENTED_EDGE('',*,*,#1178,.T.);
#1499=ORIENTED_EDGE('',*,*,#1179,.F.);
#1500=ORIENTED_EDGE('',*,*,#1178,.F.);
#1501=ORIENTED_EDGE('',*,*,#1180,.F.);
#1502=ORIENTED_EDGE('',*,*,#1173,.T.);
#1503=ORIENTED_EDGE('',*,*,#1181,.F.);
#1504=ORIENTED_EDGE('',*,*,#1182,.T.);
#1505=ORIENTED_EDGE('',*,*,#1170,.T.);
#1506=ORIENTED_EDGE('',*,*,#1183,.F.);
#1507=ORIENTED_EDGE('',*,*,#1184,.T.);
#1508=ORIENTED_EDGE('',*,*,#1185,.F.);
#1509=ORIENTED_EDGE('',*,*,#1184,.F.);
#1510=ORIENTED_EDGE('',*,*,#1186,.F.);
#1511=ORIENTED_EDGE('',*,*,#1187,.F.);
#1512=ORIENTED_EDGE('',*,*,#1188,.F.);
#1513=ORIENTED_EDGE('',*,*,#1174,.F.);
#1514=ORIENTED_EDGE('',*,*,#1189,.T.);
#1515=ORIENTED_EDGE('',*,*,#1190,.F.);
#1516=ORIENTED_EDGE('',*,*,#1189,.F.);
#1517=ORIENTED_EDGE('',*,*,#1182,.F.);
#1518=ORIENTED_EDGE('',*,*,#1191,.F.);
#1519=ORIENTED_EDGE('',*,*,#1192,.T.);
#1520=ORIENTED_EDGE('',*,*,#1190,.T.);
#1521=ORIENTED_EDGE('',*,*,#1192,.F.);
#1522=ORIENTED_EDGE('',*,*,#1193,.F.);
#1523=ORIENTED_EDGE('',*,*,#1194,.T.);
#1524=ORIENTED_EDGE('',*,*,#1195,.F.);
#1525=ORIENTED_EDGE('',*,*,#1194,.F.);
#1526=ORIENTED_EDGE('',*,*,#1196,.F.);
#1527=ORIENTED_EDGE('',*,*,#1197,.T.);
#1528=ORIENTED_EDGE('',*,*,#1195,.T.);
#1529=ORIENTED_EDGE('',*,*,#1197,.F.);
#1530=ORIENTED_EDGE('',*,*,#1198,.F.);
#1531=ORIENTED_EDGE('',*,*,#1199,.T.);
#1532=ORIENTED_EDGE('',*,*,#1187,.T.);
#1533=ORIENTED_EDGE('',*,*,#1200,.F.);
#1534=ORIENTED_EDGE('',*,*,#1171,.T.);
#1535=ORIENTED_EDGE('',*,*,#1199,.F.);
#1536=ORIENTED_EDGE('',*,*,#1201,.F.);
#1537=ORIENTED_EDGE('',*,*,#1202,.T.);
#1538=ORIENTED_EDGE('',*,*,#1198,.T.);
#1539=ORIENTED_EDGE('',*,*,#1202,.F.);
#1540=ORIENTED_EDGE('',*,*,#1203,.F.);
#1541=ORIENTED_EDGE('',*,*,#1204,.T.);
#1542=ORIENTED_EDGE('',*,*,#1205,.T.);
#1543=ORIENTED_EDGE('',*,*,#1204,.F.);
#1544=ORIENTED_EDGE('',*,*,#1206,.F.);
#1545=ORIENTED_EDGE('',*,*,#1207,.T.);
#1546=ORIENTED_EDGE('',*,*,#1203,.T.);
#1547=ORIENTED_EDGE('',*,*,#1207,.F.);
#1548=ORIENTED_EDGE('',*,*,#1193,.T.);
#1549=ORIENTED_EDGE('',*,*,#1208,.T.);
#1550=ORIENTED_EDGE('',*,*,#1209,.F.);
#1551=ORIENTED_EDGE('',*,*,#1210,.F.);
#1552=ORIENTED_EDGE('',*,*,#1211,.F.);
#1553=ORIENTED_EDGE('',*,*,#1208,.F.);
#1554=ORIENTED_EDGE('',*,*,#1212,.F.);
#1555=ORIENTED_EDGE('',*,*,#1205,.F.);
#1556=ORIENTED_EDGE('',*,*,#1213,.T.);
#1557=ORIENTED_EDGE('',*,*,#1214,.F.);
#1558=ORIENTED_EDGE('',*,*,#1215,.F.);
#1559=ORIENTED_EDGE('',*,*,#1216,.F.);
#1560=ORIENTED_EDGE('',*,*,#1213,.F.);
#1561=ORIENTED_EDGE('',*,*,#1217,.F.);
#1562=ORIENTED_EDGE('',*,*,#1218,.T.);
#1563=ORIENTED_EDGE('',*,*,#1219,.T.);
#1564=ORIENTED_EDGE('',*,*,#1220,.T.);
#1565=ORIENTED_EDGE('',*,*,#1221,.F.);
#1566=ORIENTED_EDGE('',*,*,#1222,.F.);
#1567=ORIENTED_EDGE('',*,*,#1223,.F.);
#1568=ORIENTED_EDGE('',*,*,#1224,.T.);
#1569=ORIENTED_EDGE('',*,*,#1225,.T.);
#1570=ORIENTED_EDGE('',*,*,#1191,.T.);
#1571=ORIENTED_EDGE('',*,*,#1196,.T.);
#1572=ORIENTED_EDGE('',*,*,#1226,.T.);
#1573=ORIENTED_EDGE('',*,*,#1227,.T.);
#1574=ORIENTED_EDGE('',*,*,#1228,.F.);
#1575=ORIENTED_EDGE('',*,*,#1229,.F.);
#1576=ORIENTED_EDGE('',*,*,#1230,.F.);
#1577=ORIENTED_EDGE('',*,*,#1231,.F.);
#1578=ORIENTED_EDGE('',*,*,#1232,.T.);
#1579=ORIENTED_EDGE('',*,*,#1233,.T.);
#1580=ORIENTED_EDGE('',*,*,#1201,.T.);
#1581=ORIENTED_EDGE('',*,*,#1206,.T.);
#1582=ORIENTED_EDGE('',*,*,#1209,.T.);
#1583=ORIENTED_EDGE('',*,*,#1211,.T.);
#1584=ORIENTED_EDGE('',*,*,#1234,.F.);
#1585=ORIENTED_EDGE('',*,*,#1235,.T.);
#1586=ORIENTED_EDGE('',*,*,#1236,.T.);
#1587=ORIENTED_EDGE('',*,*,#1237,.T.);
#1588=ORIENTED_EDGE('',*,*,#1238,.T.);
#1589=ORIENTED_EDGE('',*,*,#1239,.T.);
#1590=ORIENTED_EDGE('',*,*,#1240,.T.);
#1591=ORIENTED_EDGE('',*,*,#1241,.T.);
#1592=ORIENTED_EDGE('',*,*,#1242,.F.);
#1593=ORIENTED_EDGE('',*,*,#1243,.T.);
#1594=ORIENTED_EDGE('',*,*,#1244,.T.);
#1595=ORIENTED_EDGE('',*,*,#1245,.T.);
#1596=ORIENTED_EDGE('',*,*,#1246,.F.);
#1597=ORIENTED_EDGE('',*,*,#1247,.T.);
#1598=ORIENTED_EDGE('',*,*,#1248,.T.);
#1599=ORIENTED_EDGE('',*,*,#1249,.T.);
#1600=ORIENTED_EDGE('',*,*,#1250,.T.);
#1601=ORIENTED_EDGE('',*,*,#1251,.T.);
#1602=ORIENTED_EDGE('',*,*,#1252,.T.);
#1603=ORIENTED_EDGE('',*,*,#1253,.T.);
#1604=ORIENTED_EDGE('',*,*,#1254,.T.);
#1605=ORIENTED_EDGE('',*,*,#1255,.T.);
#1606=ORIENTED_EDGE('',*,*,#1256,.T.);
#1607=ORIENTED_EDGE('',*,*,#1179,.T.);
#1608=ORIENTED_EDGE('',*,*,#1214,.T.);
#1609=ORIENTED_EDGE('',*,*,#1216,.T.);
#1610=ORIENTED_EDGE('',*,*,#1257,.F.);
#1611=ORIENTED_EDGE('',*,*,#1258,.T.);
#1612=ORIENTED_EDGE('',*,*,#1259,.T.);
#1613=ORIENTED_EDGE('',*,*,#1260,.T.);
#1614=ORIENTED_EDGE('',*,*,#1261,.F.);
#1615=ORIENTED_EDGE('',*,*,#1262,.T.);
#1616=ORIENTED_EDGE('',*,*,#1263,.T.);
#1617=ORIENTED_EDGE('',*,*,#1264,.T.);
#1618=ORIENTED_EDGE('',*,*,#1265,.T.);
#1619=ORIENTED_EDGE('',*,*,#1266,.T.);
#1620=ORIENTED_EDGE('',*,*,#1267,.F.);
#1621=ORIENTED_EDGE('',*,*,#1268,.T.);
#1622=ORIENTED_EDGE('',*,*,#1269,.F.);
#1623=ORIENTED_EDGE('',*,*,#1270,.T.);
#1624=ORIENTED_EDGE('',*,*,#1271,.T.);
#1625=ORIENTED_EDGE('',*,*,#1272,.T.);
#1626=ORIENTED_EDGE('',*,*,#1273,.T.);
#1627=ORIENTED_EDGE('',*,*,#1274,.T.);
#1628=ORIENTED_EDGE('',*,*,#1275,.T.);
#1629=ORIENTED_EDGE('',*,*,#1276,.T.);
#1630=ORIENTED_EDGE('',*,*,#1277,.T.);
#1631=ORIENTED_EDGE('',*,*,#1278,.T.);
#1632=ORIENTED_EDGE('',*,*,#1279,.T.);
#1633=ORIENTED_EDGE('',*,*,#1185,.T.);
#1634=ORIENTED_EDGE('',*,*,#1280,.T.);
#1635=ORIENTED_EDGE('',*,*,#1281,.T.);
#1636=ORIENTED_EDGE('',*,*,#1282,.T.);
#1637=ORIENTED_EDGE('',*,*,#1283,.T.);
#1638=ORIENTED_EDGE('',*,*,#1284,.T.);
#1639=ORIENTED_EDGE('',*,*,#1285,.T.);
#1640=ORIENTED_EDGE('',*,*,#1286,.T.);
#1641=ORIENTED_EDGE('',*,*,#1222,.T.);
#1642=ORIENTED_EDGE('',*,*,#1281,.F.);
#1643=ORIENTED_EDGE('',*,*,#1287,.F.);
#1644=ORIENTED_EDGE('',*,*,#1288,.F.);
#1645=ORIENTED_EDGE('',*,*,#1289,.T.);
#1646=ORIENTED_EDGE('',*,*,#1280,.F.);
#1647=ORIENTED_EDGE('',*,*,#1221,.T.);
#1648=ORIENTED_EDGE('',*,*,#1290,.T.);
#1649=ORIENTED_EDGE('',*,*,#1291,.T.);
#1650=ORIENTED_EDGE('',*,*,#1292,.T.);
#1651=ORIENTED_EDGE('',*,*,#1293,.T.);
#1652=ORIENTED_EDGE('',*,*,#1294,.T.);
#1653=ORIENTED_EDGE('',*,*,#1295,.T.);
#1654=ORIENTED_EDGE('',*,*,#1231,.T.);
#1655=ORIENTED_EDGE('',*,*,#1296,.F.);
#1656=ORIENTED_EDGE('',*,*,#1297,.T.);
#1657=ORIENTED_EDGE('',*,*,#1298,.F.);
#1658=ORIENTED_EDGE('',*,*,#1268,.F.);
#1659=ORIENTED_EDGE('',*,*,#1299,.F.);
#1660=ORIENTED_EDGE('',*,*,#1300,.F.);
#1661=ORIENTED_EDGE('',*,*,#1301,.F.);
#1662=ORIENTED_EDGE('',*,*,#1302,.T.);
#1663=ORIENTED_EDGE('',*,*,#1303,.T.);
#1664=ORIENTED_EDGE('',*,*,#1304,.T.);
#1665=ORIENTED_EDGE('',*,*,#1235,.F.);
#1666=ORIENTED_EDGE('',*,*,#1305,.F.);
#1667=ORIENTED_EDGE('',*,*,#1287,.T.);
#1668=ORIENTED_EDGE('',*,*,#1306,.T.);
#1669=ORIENTED_EDGE('',*,*,#1307,.T.);
#1670=ORIENTED_EDGE('',*,*,#1286,.F.);
#1671=ORIENTED_EDGE('',*,*,#1308,.F.);
#1672=ORIENTED_EDGE('',*,*,#1309,.F.);
#1673=ORIENTED_EDGE('',*,*,#1245,.F.);
#1674=ORIENTED_EDGE('',*,*,#1310,.F.);
#1675=ORIENTED_EDGE('',*,*,#1311,.F.);
#1676=ORIENTED_EDGE('',*,*,#1312,.T.);
#1677=ORIENTED_EDGE('',*,*,#1313,.T.);
#1678=ORIENTED_EDGE('',*,*,#1258,.F.);
#1679=ORIENTED_EDGE('',*,*,#1314,.F.);
#1680=ORIENTED_EDGE('',*,*,#1315,.F.);
#1681=ORIENTED_EDGE('',*,*,#1316,.F.);
#1682=ORIENTED_EDGE('',*,*,#1229,.T.);
#1683=ORIENTED_EDGE('',*,*,#1317,.T.);
#1684=ORIENTED_EDGE('',*,*,#1318,.T.);
#1685=ORIENTED_EDGE('',*,*,#1223,.T.);
#1686=ORIENTED_EDGE('',*,*,#1319,.F.);
#1687=ORIENTED_EDGE('',*,*,#1320,.F.);
#1688=ORIENTED_EDGE('',*,*,#1210,.T.);
#1689=ORIENTED_EDGE('',*,*,#1246,.T.);
#1690=ORIENTED_EDGE('',*,*,#1309,.T.);
#1691=ORIENTED_EDGE('',*,*,#1321,.T.);
#1692=ORIENTED_EDGE('',*,*,#1322,.T.);
#1693=ORIENTED_EDGE('',*,*,#1323,.T.);
#1694=ORIENTED_EDGE('',*,*,#1324,.T.);
#1695=ORIENTED_EDGE('',*,*,#1288,.T.);
#1696=ORIENTED_EDGE('',*,*,#1305,.T.);
#1697=ORIENTED_EDGE('',*,*,#1234,.T.);
#1698=ORIENTED_EDGE('',*,*,#1282,.F.);
#1699=ORIENTED_EDGE('',*,*,#1289,.F.);
#1700=ORIENTED_EDGE('',*,*,#1324,.F.);
#1701=ORIENTED_EDGE('',*,*,#1325,.T.);
#1702=ORIENTED_EDGE('',*,*,#1283,.F.);
#1703=ORIENTED_EDGE('',*,*,#1325,.F.);
#1704=ORIENTED_EDGE('',*,*,#1323,.F.);
#1705=ORIENTED_EDGE('',*,*,#1326,.T.);
#1706=ORIENTED_EDGE('',*,*,#1316,.T.);
#1707=ORIENTED_EDGE('',*,*,#1327,.T.);
#1708=ORIENTED_EDGE('',*,*,#1328,.T.);
#1709=ORIENTED_EDGE('',*,*,#1329,.T.);
#1710=ORIENTED_EDGE('',*,*,#1330,.T.);
#1711=ORIENTED_EDGE('',*,*,#1331,.T.);
#1712=ORIENTED_EDGE('',*,*,#1296,.T.);
#1713=ORIENTED_EDGE('',*,*,#1230,.T.);
#1714=ORIENTED_EDGE('',*,*,#1327,.F.);
#1715=ORIENTED_EDGE('',*,*,#1315,.T.);
#1716=ORIENTED_EDGE('',*,*,#1332,.F.);
#1717=ORIENTED_EDGE('',*,*,#1333,.T.);
#1718=ORIENTED_EDGE('',*,*,#1215,.T.);
#1719=ORIENTED_EDGE('',*,*,#1269,.T.);
#1720=ORIENTED_EDGE('',*,*,#1298,.T.);
#1721=ORIENTED_EDGE('',*,*,#1334,.T.);
#1722=ORIENTED_EDGE('',*,*,#1335,.T.);
#1723=ORIENTED_EDGE('',*,*,#1336,.T.);
#1724=ORIENTED_EDGE('',*,*,#1337,.T.);
#1725=ORIENTED_EDGE('',*,*,#1332,.T.);
#1726=ORIENTED_EDGE('',*,*,#1314,.T.);
#1727=ORIENTED_EDGE('',*,*,#1257,.T.);
#1728=ORIENTED_EDGE('',*,*,#1328,.F.);
#1729=ORIENTED_EDGE('',*,*,#1333,.F.);
#1730=ORIENTED_EDGE('',*,*,#1337,.F.);
#1731=ORIENTED_EDGE('',*,*,#1338,.F.);
#1732=ORIENTED_EDGE('',*,*,#1329,.F.);
#1733=ORIENTED_EDGE('',*,*,#1338,.T.);
#1734=ORIENTED_EDGE('',*,*,#1336,.F.);
#1735=ORIENTED_EDGE('',*,*,#1339,.F.);
#1736=ORIENTED_EDGE('',*,*,#1330,.F.);
#1737=ORIENTED_EDGE('',*,*,#1339,.T.);
#1738=ORIENTED_EDGE('',*,*,#1335,.F.);
#1739=ORIENTED_EDGE('',*,*,#1340,.F.);
#1740=ORIENTED_EDGE('',*,*,#1331,.F.);
#1741=ORIENTED_EDGE('',*,*,#1340,.T.);
#1742=ORIENTED_EDGE('',*,*,#1334,.F.);
#1743=ORIENTED_EDGE('',*,*,#1297,.F.);
#1744=ORIENTED_EDGE('',*,*,#1341,.F.);
#1745=ORIENTED_EDGE('',*,*,#1342,.T.);
#1746=ORIENTED_EDGE('',*,*,#1343,.F.);
#1747=ORIENTED_EDGE('',*,*,#1344,.F.);
#1748=ORIENTED_EDGE('',*,*,#1233,.F.);
#1749=ORIENTED_EDGE('',*,*,#1345,.T.);
#1750=ORIENTED_EDGE('',*,*,#1343,.T.);
#1751=ORIENTED_EDGE('',*,*,#1346,.F.);
#1752=ORIENTED_EDGE('',*,*,#1293,.F.);
#1753=ORIENTED_EDGE('',*,*,#1347,.T.);
#1754=ORIENTED_EDGE('',*,*,#1348,.F.);
#1755=ORIENTED_EDGE('',*,*,#1349,.T.);
#1756=ORIENTED_EDGE('',*,*,#1342,.F.);
#1757=ORIENTED_EDGE('',*,*,#1350,.F.);
#1758=ORIENTED_EDGE('',*,*,#1294,.F.);
#1759=ORIENTED_EDGE('',*,*,#1346,.T.);
#1760=ORIENTED_EDGE('',*,*,#1351,.F.);
#1761=ORIENTED_EDGE('',*,*,#1352,.T.);
#1762=ORIENTED_EDGE('',*,*,#1353,.F.);
#1763=ORIENTED_EDGE('',*,*,#1219,.F.);
#1764=ORIENTED_EDGE('',*,*,#1354,.T.);
#1765=ORIENTED_EDGE('',*,*,#1353,.T.);
#1766=ORIENTED_EDGE('',*,*,#1355,.F.);
#1767=ORIENTED_EDGE('',*,*,#1290,.F.);
#1768=ORIENTED_EDGE('',*,*,#1220,.F.);
#1769=ORIENTED_EDGE('',*,*,#1352,.F.);
#1770=ORIENTED_EDGE('',*,*,#1356,.F.);
#1771=ORIENTED_EDGE('',*,*,#1291,.F.);
#1772=ORIENTED_EDGE('',*,*,#1355,.T.);
#1773=ORIENTED_EDGE('',*,*,#1341,.T.);
#1774=ORIENTED_EDGE('',*,*,#1232,.F.);
#1775=ORIENTED_EDGE('',*,*,#1295,.F.);
#1776=ORIENTED_EDGE('',*,*,#1350,.T.);
#1777=ORIENTED_EDGE('',*,*,#1357,.T.);
#1778=ORIENTED_EDGE('',*,*,#1349,.F.);
#1779=ORIENTED_EDGE('',*,*,#1358,.F.);
#1780=ORIENTED_EDGE('',*,*,#1359,.T.);
#1781=ORIENTED_EDGE('',*,*,#1360,.F.);
#1782=ORIENTED_EDGE('',*,*,#1361,.F.);
#1783=ORIENTED_EDGE('',*,*,#1358,.T.);
#1784=ORIENTED_EDGE('',*,*,#1348,.T.);
#1785=ORIENTED_EDGE('',*,*,#1362,.T.);
#1786=ORIENTED_EDGE('',*,*,#1363,.F.);
#1787=ORIENTED_EDGE('',*,*,#1364,.F.);
#1788=ORIENTED_EDGE('',*,*,#1365,.F.);
#1789=ORIENTED_EDGE('',*,*,#1360,.T.);
#1790=ORIENTED_EDGE('',*,*,#1366,.T.);
#1791=ORIENTED_EDGE('',*,*,#1367,.F.);
#1792=ORIENTED_EDGE('',*,*,#1362,.F.);
#1793=ORIENTED_EDGE('',*,*,#1218,.F.);
#1794=ORIENTED_EDGE('',*,*,#1368,.T.);
#1795=ORIENTED_EDGE('',*,*,#1369,.F.);
#1796=ORIENTED_EDGE('',*,*,#1370,.F.);
#1797=ORIENTED_EDGE('',*,*,#1371,.F.);
#1798=ORIENTED_EDGE('',*,*,#1366,.F.);
#1799=ORIENTED_EDGE('',*,*,#1359,.F.);
#1800=ORIENTED_EDGE('',*,*,#1372,.F.);
#1801=ORIENTED_EDGE('',*,*,#1354,.F.);
#1802=ORIENTED_EDGE('',*,*,#1364,.T.);
#1803=ORIENTED_EDGE('',*,*,#1373,.F.);
#1804=ORIENTED_EDGE('',*,*,#1374,.F.);
#1805=ORIENTED_EDGE('',*,*,#1375,.F.);
#1806=ORIENTED_EDGE('',*,*,#1376,.F.);
#1807=ORIENTED_EDGE('',*,*,#1226,.F.);
#1808=ORIENTED_EDGE('',*,*,#1344,.T.);
#1809=ORIENTED_EDGE('',*,*,#1345,.F.);
#1810=ORIENTED_EDGE('',*,*,#1357,.F.);
#1811=ORIENTED_EDGE('',*,*,#1225,.F.);
#1812=ORIENTED_EDGE('',*,*,#1377,.F.);
#1813=ORIENTED_EDGE('',*,*,#1378,.T.);
#1814=ORIENTED_EDGE('',*,*,#1379,.F.);
#1815=ORIENTED_EDGE('',*,*,#1368,.F.);
#1816=ORIENTED_EDGE('',*,*,#1380,.F.);
#1817=ORIENTED_EDGE('',*,*,#1227,.F.);
#1818=ORIENTED_EDGE('',*,*,#1376,.T.);
#1819=ORIENTED_EDGE('',*,*,#1381,.F.);
#1820=ORIENTED_EDGE('',*,*,#1378,.F.);
#1821=ORIENTED_EDGE('',*,*,#1372,.T.);
#1822=ORIENTED_EDGE('',*,*,#1361,.T.);
#1823=ORIENTED_EDGE('',*,*,#1365,.T.);
#1824=ORIENTED_EDGE('',*,*,#1347,.F.);
#1825=ORIENTED_EDGE('',*,*,#1292,.F.);
#1826=ORIENTED_EDGE('',*,*,#1356,.T.);
#1827=ORIENTED_EDGE('',*,*,#1351,.T.);
#1828=ORIENTED_EDGE('',*,*,#1369,.T.);
#1829=ORIENTED_EDGE('',*,*,#1379,.T.);
#1830=ORIENTED_EDGE('',*,*,#1381,.T.);
#1831=ORIENTED_EDGE('',*,*,#1375,.T.);
#1832=ORIENTED_EDGE('',*,*,#1382,.T.);
#1833=ORIENTED_EDGE('',*,*,#1383,.F.);
#1834=ORIENTED_EDGE('',*,*,#1384,.F.);
#1835=ORIENTED_EDGE('',*,*,#1385,.F.);
#1836=ORIENTED_EDGE('',*,*,#1386,.F.);
#1837=ORIENTED_EDGE('',*,*,#1374,.T.);
#1838=ORIENTED_EDGE('',*,*,#1387,.T.);
#1839=ORIENTED_EDGE('',*,*,#1388,.F.);
#1840=ORIENTED_EDGE('',*,*,#1382,.F.);
#1841=ORIENTED_EDGE('',*,*,#1371,.T.);
#1842=ORIENTED_EDGE('',*,*,#1389,.T.);
#1843=ORIENTED_EDGE('',*,*,#1390,.F.);
#1844=ORIENTED_EDGE('',*,*,#1391,.F.);
#1845=ORIENTED_EDGE('',*,*,#1387,.F.);
#1846=ORIENTED_EDGE('',*,*,#1373,.T.);
#1847=ORIENTED_EDGE('',*,*,#1363,.T.);
#1848=ORIENTED_EDGE('',*,*,#1367,.T.);
#1849=ORIENTED_EDGE('',*,*,#1370,.T.);
#1850=ORIENTED_EDGE('',*,*,#1386,.T.);
#1851=ORIENTED_EDGE('',*,*,#1392,.F.);
#1852=ORIENTED_EDGE('',*,*,#1389,.F.);
#1853=ORIENTED_EDGE('',*,*,#1384,.T.);
#1854=ORIENTED_EDGE('',*,*,#1393,.F.);
#1855=ORIENTED_EDGE('',*,*,#1394,.T.);
#1856=ORIENTED_EDGE('',*,*,#1395,.T.);
#1857=ORIENTED_EDGE('',*,*,#1396,.T.);
#1858=ORIENTED_EDGE('',*,*,#1397,.T.);
#1859=ORIENTED_EDGE('',*,*,#1398,.T.);
#1860=ORIENTED_EDGE('',*,*,#1399,.T.);
#1861=ORIENTED_EDGE('',*,*,#1400,.F.);
#1862=ORIENTED_EDGE('',*,*,#1383,.T.);
#1863=ORIENTED_EDGE('',*,*,#1388,.T.);
#1864=ORIENTED_EDGE('',*,*,#1391,.T.);
#1865=ORIENTED_EDGE('',*,*,#1401,.T.);
#1866=ORIENTED_EDGE('',*,*,#1402,.T.);
#1867=ORIENTED_EDGE('',*,*,#1403,.T.);
#1868=ORIENTED_EDGE('',*,*,#1404,.T.);
#1869=ORIENTED_EDGE('',*,*,#1405,.T.);
#1870=ORIENTED_EDGE('',*,*,#1261,.T.);
#1871=ORIENTED_EDGE('',*,*,#1406,.T.);
#1872=ORIENTED_EDGE('',*,*,#1393,.T.);
#1873=ORIENTED_EDGE('',*,*,#1407,.F.);
#1874=ORIENTED_EDGE('',*,*,#1251,.F.);
#1875=ORIENTED_EDGE('',*,*,#1408,.T.);
#1876=ORIENTED_EDGE('',*,*,#1409,.T.);
#1877=ORIENTED_EDGE('',*,*,#1410,.F.);
#1878=ORIENTED_EDGE('',*,*,#1252,.F.);
#1879=ORIENTED_EDGE('',*,*,#1407,.T.);
#1880=ORIENTED_EDGE('',*,*,#1411,.T.);
#1881=ORIENTED_EDGE('',*,*,#1412,.T.);
#1882=ORIENTED_EDGE('',*,*,#1413,.F.);
#1883=ORIENTED_EDGE('',*,*,#1253,.F.);
#1884=ORIENTED_EDGE('',*,*,#1410,.T.);
#1885=ORIENTED_EDGE('',*,*,#1414,.T.);
#1886=ORIENTED_EDGE('',*,*,#1415,.F.);
#1887=ORIENTED_EDGE('',*,*,#1254,.F.);
#1888=ORIENTED_EDGE('',*,*,#1413,.T.);
#1889=ORIENTED_EDGE('',*,*,#1416,.T.);
#1890=ORIENTED_EDGE('',*,*,#1417,.F.);
#1891=ORIENTED_EDGE('',*,*,#1418,.F.);
#1892=ORIENTED_EDGE('',*,*,#1255,.F.);
#1893=ORIENTED_EDGE('',*,*,#1415,.T.);
#1894=ORIENTED_EDGE('',*,*,#1419,.F.);
#1895=ORIENTED_EDGE('',*,*,#1256,.F.);
#1896=ORIENTED_EDGE('',*,*,#1418,.T.);
#1897=ORIENTED_EDGE('',*,*,#1417,.T.);
#1898=ORIENTED_EDGE('',*,*,#1420,.T.);
#1899=ORIENTED_EDGE('',*,*,#1421,.F.);
#1900=ORIENTED_EDGE('',*,*,#1247,.F.);
#1901=ORIENTED_EDGE('',*,*,#1419,.T.);
#1902=ORIENTED_EDGE('',*,*,#1422,.T.);
#1903=ORIENTED_EDGE('',*,*,#1423,.F.);
#1904=ORIENTED_EDGE('',*,*,#1248,.F.);
#1905=ORIENTED_EDGE('',*,*,#1421,.T.);
#1906=ORIENTED_EDGE('',*,*,#1424,.T.);
#1907=ORIENTED_EDGE('',*,*,#1425,.F.);
#1908=ORIENTED_EDGE('',*,*,#1249,.F.);
#1909=ORIENTED_EDGE('',*,*,#1423,.T.);
#1910=ORIENTED_EDGE('',*,*,#1426,.T.);
#1911=ORIENTED_EDGE('',*,*,#1411,.F.);
#1912=ORIENTED_EDGE('',*,*,#1409,.F.);
#1913=ORIENTED_EDGE('',*,*,#1425,.T.);
#1914=ORIENTED_EDGE('',*,*,#1408,.F.);
#1915=ORIENTED_EDGE('',*,*,#1250,.F.);
#1916=ORIENTED_EDGE('',*,*,#1416,.F.);
#1917=ORIENTED_EDGE('',*,*,#1414,.F.);
#1918=ORIENTED_EDGE('',*,*,#1412,.F.);
#1919=ORIENTED_EDGE('',*,*,#1426,.F.);
#1920=ORIENTED_EDGE('',*,*,#1424,.F.);
#1921=ORIENTED_EDGE('',*,*,#1422,.F.);
#1922=ORIENTED_EDGE('',*,*,#1420,.F.);
#1923=ORIENTED_EDGE('',*,*,#1427,.T.);
#1924=ORIENTED_EDGE('',*,*,#1428,.F.);
#1925=ORIENTED_EDGE('',*,*,#1429,.F.);
#1926=ORIENTED_EDGE('',*,*,#1278,.F.);
#1927=ORIENTED_EDGE('',*,*,#1430,.T.);
#1928=ORIENTED_EDGE('',*,*,#1431,.F.);
#1929=ORIENTED_EDGE('',*,*,#1432,.F.);
#1930=ORIENTED_EDGE('',*,*,#1427,.F.);
#1931=ORIENTED_EDGE('',*,*,#1277,.F.);
#1932=ORIENTED_EDGE('',*,*,#1433,.T.);
#1933=ORIENTED_EDGE('',*,*,#1434,.F.);
#1934=ORIENTED_EDGE('',*,*,#1430,.F.);
#1935=ORIENTED_EDGE('',*,*,#1276,.F.);
#1936=ORIENTED_EDGE('',*,*,#1435,.T.);
#1937=ORIENTED_EDGE('',*,*,#1436,.T.);
#1938=ORIENTED_EDGE('',*,*,#1437,.F.);
#1939=ORIENTED_EDGE('',*,*,#1433,.F.);
#1940=ORIENTED_EDGE('',*,*,#1275,.F.);
#1941=ORIENTED_EDGE('',*,*,#1438,.T.);
#1942=ORIENTED_EDGE('',*,*,#1435,.F.);
#1943=ORIENTED_EDGE('',*,*,#1274,.F.);
#1944=ORIENTED_EDGE('',*,*,#1439,.T.);
#1945=ORIENTED_EDGE('',*,*,#1440,.F.);
#1946=ORIENTED_EDGE('',*,*,#1436,.F.);
#1947=ORIENTED_EDGE('',*,*,#1438,.F.);
#1948=ORIENTED_EDGE('',*,*,#1273,.F.);
#1949=ORIENTED_EDGE('',*,*,#1441,.T.);
#1950=ORIENTED_EDGE('',*,*,#1442,.F.);
#1951=ORIENTED_EDGE('',*,*,#1439,.F.);
#1952=ORIENTED_EDGE('',*,*,#1272,.F.);
#1953=ORIENTED_EDGE('',*,*,#1443,.T.);
#1954=ORIENTED_EDGE('',*,*,#1444,.F.);
#1955=ORIENTED_EDGE('',*,*,#1441,.F.);
#1956=ORIENTED_EDGE('',*,*,#1271,.F.);
#1957=ORIENTED_EDGE('',*,*,#1445,.T.);
#1958=ORIENTED_EDGE('',*,*,#1428,.T.);
#1959=ORIENTED_EDGE('',*,*,#1432,.T.);
#1960=ORIENTED_EDGE('',*,*,#1446,.F.);
#1961=ORIENTED_EDGE('',*,*,#1443,.F.);
#1962=ORIENTED_EDGE('',*,*,#1270,.F.);
#1963=ORIENTED_EDGE('',*,*,#1445,.F.);
#1964=ORIENTED_EDGE('',*,*,#1279,.F.);
#1965=ORIENTED_EDGE('',*,*,#1429,.T.);
#1966=ORIENTED_EDGE('',*,*,#1437,.T.);
#1967=ORIENTED_EDGE('',*,*,#1440,.T.);
#1968=ORIENTED_EDGE('',*,*,#1442,.T.);
#1969=ORIENTED_EDGE('',*,*,#1444,.T.);
#1970=ORIENTED_EDGE('',*,*,#1446,.T.);
#1971=ORIENTED_EDGE('',*,*,#1431,.T.);
#1972=ORIENTED_EDGE('',*,*,#1434,.T.);
#1973=ORIENTED_EDGE('',*,*,#1377,.T.);
#1974=ORIENTED_EDGE('',*,*,#1224,.F.);
#1975=ORIENTED_EDGE('',*,*,#1318,.F.);
#1976=ORIENTED_EDGE('',*,*,#1447,.T.);
#1977=ORIENTED_EDGE('',*,*,#1380,.T.);
#1978=ORIENTED_EDGE('',*,*,#1447,.F.);
#1979=ORIENTED_EDGE('',*,*,#1317,.F.);
#1980=ORIENTED_EDGE('',*,*,#1228,.T.);
#1981=ORIENTED_EDGE('',*,*,#1284,.F.);
#1982=ORIENTED_EDGE('',*,*,#1326,.F.);
#1983=ORIENTED_EDGE('',*,*,#1322,.F.);
#1984=ORIENTED_EDGE('',*,*,#1448,.T.);
#1985=ORIENTED_EDGE('',*,*,#1285,.F.);
#1986=ORIENTED_EDGE('',*,*,#1448,.F.);
#1987=ORIENTED_EDGE('',*,*,#1321,.F.);
#1988=ORIENTED_EDGE('',*,*,#1308,.T.);
#1989=ORIENTED_EDGE('',*,*,#1449,.F.);
#1990=ORIENTED_EDGE('',*,*,#1450,.F.);
#1991=ORIENTED_EDGE('',*,*,#1264,.F.);
#1992=ORIENTED_EDGE('',*,*,#1451,.F.);
#1993=ORIENTED_EDGE('',*,*,#1403,.F.);
#1994=ORIENTED_EDGE('',*,*,#1452,.F.);
#1995=ORIENTED_EDGE('',*,*,#1453,.F.);
#1996=ORIENTED_EDGE('',*,*,#1454,.F.);
#1997=ORIENTED_EDGE('',*,*,#1239,.F.);
#1998=ORIENTED_EDGE('',*,*,#1455,.F.);
#1999=ORIENTED_EDGE('',*,*,#1456,.F.);
#2000=ORIENTED_EDGE('',*,*,#1457,.F.);
#2001=ORIENTED_EDGE('',*,*,#1385,.T.);
#2002=ORIENTED_EDGE('',*,*,#1400,.T.);
#2003=ORIENTED_EDGE('',*,*,#1458,.T.);
#2004=ORIENTED_EDGE('',*,*,#1242,.T.);
#2005=ORIENTED_EDGE('',*,*,#1459,.T.);
#2006=ORIENTED_EDGE('',*,*,#1460,.T.);
#2007=ORIENTED_EDGE('',*,*,#1453,.T.);
#2008=ORIENTED_EDGE('',*,*,#1461,.T.);
#2009=ORIENTED_EDGE('',*,*,#1401,.F.);
#2010=ORIENTED_EDGE('',*,*,#1390,.T.);
#2011=ORIENTED_EDGE('',*,*,#1392,.T.);
#2012=ORIENTED_EDGE('',*,*,#1452,.T.);
#2013=ORIENTED_EDGE('',*,*,#1402,.F.);
#2014=ORIENTED_EDGE('',*,*,#1461,.F.);
#2015=ORIENTED_EDGE('',*,*,#1457,.T.);
#2016=ORIENTED_EDGE('',*,*,#1462,.T.);
#2017=ORIENTED_EDGE('',*,*,#1449,.T.);
#2018=ORIENTED_EDGE('',*,*,#1462,.F.);
#2019=ORIENTED_EDGE('',*,*,#1456,.T.);
#2020=ORIENTED_EDGE('',*,*,#1463,.T.);
#2021=ORIENTED_EDGE('',*,*,#1464,.F.);
#2022=ORIENTED_EDGE('',*,*,#1465,.T.);
#2023=ORIENTED_EDGE('',*,*,#1455,.T.);
#2024=ORIENTED_EDGE('',*,*,#1238,.F.);
#2025=ORIENTED_EDGE('',*,*,#1466,.F.);
#2026=ORIENTED_EDGE('',*,*,#1463,.F.);
#2027=ORIENTED_EDGE('',*,*,#1450,.T.);
#2028=ORIENTED_EDGE('',*,*,#1465,.F.);
#2029=ORIENTED_EDGE('',*,*,#1467,.F.);
#2030=ORIENTED_EDGE('',*,*,#1265,.F.);
#2031=ORIENTED_EDGE('',*,*,#1466,.T.);
#2032=ORIENTED_EDGE('',*,*,#1237,.F.);
#2033=ORIENTED_EDGE('',*,*,#1468,.T.);
#2034=ORIENTED_EDGE('',*,*,#1469,.T.);
#2035=ORIENTED_EDGE('',*,*,#1470,.T.);
#2036=ORIENTED_EDGE('',*,*,#1266,.F.);
#2037=ORIENTED_EDGE('',*,*,#1467,.T.);
#2038=ORIENTED_EDGE('',*,*,#1464,.T.);
#2039=ORIENTED_EDGE('',*,*,#1454,.T.);
#2040=ORIENTED_EDGE('',*,*,#1460,.F.);
#2041=ORIENTED_EDGE('',*,*,#1471,.T.);
#2042=ORIENTED_EDGE('',*,*,#1240,.F.);
#2043=ORIENTED_EDGE('',*,*,#1241,.F.);
#2044=ORIENTED_EDGE('',*,*,#1471,.F.);
#2045=ORIENTED_EDGE('',*,*,#1459,.F.);
#2046=ORIENTED_EDGE('',*,*,#1399,.F.);
#2047=ORIENTED_EDGE('',*,*,#1243,.F.);
#2048=ORIENTED_EDGE('',*,*,#1458,.F.);
#2049=ORIENTED_EDGE('',*,*,#1394,.F.);
#2050=ORIENTED_EDGE('',*,*,#1406,.F.);
#2051=ORIENTED_EDGE('',*,*,#1260,.F.);
#2052=ORIENTED_EDGE('',*,*,#1451,.T.);
#2053=ORIENTED_EDGE('',*,*,#1263,.F.);
#2054=ORIENTED_EDGE('',*,*,#1472,.F.);
#2055=ORIENTED_EDGE('',*,*,#1404,.F.);
#2056=ORIENTED_EDGE('',*,*,#1262,.F.);
#2057=ORIENTED_EDGE('',*,*,#1405,.F.);
#2058=ORIENTED_EDGE('',*,*,#1472,.T.);
#2059=ORIENTED_EDGE('',*,*,#1307,.F.);
#2060=ORIENTED_EDGE('',*,*,#1473,.T.);
#2061=ORIENTED_EDGE('',*,*,#1176,.T.);
#2062=ORIENTED_EDGE('',*,*,#1474,.T.);
#2063=ORIENTED_EDGE('',*,*,#1319,.T.);
#2064=ORIENTED_EDGE('',*,*,#1474,.F.);
#2065=ORIENTED_EDGE('',*,*,#1175,.T.);
#2066=ORIENTED_EDGE('',*,*,#1188,.T.);
#2067=ORIENTED_EDGE('',*,*,#1181,.T.);
#2068=ORIENTED_EDGE('',*,*,#1180,.T.);
#2069=ORIENTED_EDGE('',*,*,#1177,.T.);
#2070=ORIENTED_EDGE('',*,*,#1473,.F.);
#2071=ORIENTED_EDGE('',*,*,#1212,.T.);
#2072=ORIENTED_EDGE('',*,*,#1306,.F.);
#2073=ORIENTED_EDGE('',*,*,#1475,.T.);
#2074=ORIENTED_EDGE('',*,*,#1320,.T.);
#2075=ORIENTED_EDGE('',*,*,#1475,.F.);
#2076=ORIENTED_EDGE('',*,*,#1200,.T.);
#2077=ORIENTED_EDGE('',*,*,#1186,.T.);
#2078=ORIENTED_EDGE('',*,*,#1183,.T.);
#2079=ORIENTED_EDGE('',*,*,#1172,.T.);
#2080=ORIENTED_EDGE('',*,*,#1217,.T.);
#2081=ORIENTED_EDGE('',*,*,#1311,.T.);
#2082=ORIENTED_EDGE('',*,*,#1476,.T.);
#2083=ORIENTED_EDGE('',*,*,#1397,.F.);
#2084=ORIENTED_EDGE('',*,*,#1477,.F.);
#2085=ORIENTED_EDGE('',*,*,#1310,.T.);
#2086=ORIENTED_EDGE('',*,*,#1244,.F.);
#2087=ORIENTED_EDGE('',*,*,#1398,.F.);
#2088=ORIENTED_EDGE('',*,*,#1476,.F.);
#2089=ORIENTED_EDGE('',*,*,#1313,.F.);
#2090=ORIENTED_EDGE('',*,*,#1478,.T.);
#2091=ORIENTED_EDGE('',*,*,#1395,.F.);
#2092=ORIENTED_EDGE('',*,*,#1259,.F.);
#2093=ORIENTED_EDGE('',*,*,#1312,.F.);
#2094=ORIENTED_EDGE('',*,*,#1477,.T.);
#2095=ORIENTED_EDGE('',*,*,#1396,.F.);
#2096=ORIENTED_EDGE('',*,*,#1478,.F.);
#2097=ORIENTED_EDGE('',*,*,#1479,.T.);
#2098=ORIENTED_EDGE('',*,*,#1480,.F.);
#2099=ORIENTED_EDGE('',*,*,#1299,.T.);
#2100=ORIENTED_EDGE('',*,*,#1267,.T.);
#2101=ORIENTED_EDGE('',*,*,#1470,.F.);
#2102=ORIENTED_EDGE('',*,*,#1468,.F.);
#2103=ORIENTED_EDGE('',*,*,#1236,.F.);
#2104=ORIENTED_EDGE('',*,*,#1304,.F.);
#2105=ORIENTED_EDGE('',*,*,#1481,.T.);
#2106=ORIENTED_EDGE('',*,*,#1482,.T.);
#2107=ORIENTED_EDGE('',*,*,#1303,.F.);
#2108=ORIENTED_EDGE('',*,*,#1483,.T.);
#2109=ORIENTED_EDGE('',*,*,#1484,.T.);
#2110=ORIENTED_EDGE('',*,*,#1481,.F.);
#2111=ORIENTED_EDGE('',*,*,#1302,.F.);
#2112=ORIENTED_EDGE('',*,*,#1485,.T.);
#2113=ORIENTED_EDGE('',*,*,#1486,.T.);
#2114=ORIENTED_EDGE('',*,*,#1483,.F.);
#2115=ORIENTED_EDGE('',*,*,#1301,.T.);
#2116=ORIENTED_EDGE('',*,*,#1487,.T.);
#2117=ORIENTED_EDGE('',*,*,#1488,.T.);
#2118=ORIENTED_EDGE('',*,*,#1485,.F.);
#2119=ORIENTED_EDGE('',*,*,#1300,.T.);
#2120=ORIENTED_EDGE('',*,*,#1480,.T.);
#2121=ORIENTED_EDGE('',*,*,#1489,.T.);
#2122=ORIENTED_EDGE('',*,*,#1487,.F.);
#2123=ORIENTED_EDGE('',*,*,#1469,.F.);
#2124=ORIENTED_EDGE('',*,*,#1482,.F.);
#2125=ORIENTED_EDGE('',*,*,#1484,.F.);
#2126=ORIENTED_EDGE('',*,*,#1486,.F.);
#2127=ORIENTED_EDGE('',*,*,#1488,.F.);
#2128=ORIENTED_EDGE('',*,*,#1489,.F.);
#2129=ORIENTED_EDGE('',*,*,#1479,.F.);
#2130=CYLINDRICAL_SURFACE('',#2263,2.25);
#2131=CYLINDRICAL_SURFACE('',#2265,2.25);
#2132=CYLINDRICAL_SURFACE('',#2268,2.25);
#2133=CYLINDRICAL_SURFACE('',#2270,2.25);
#2134=CYLINDRICAL_SURFACE('',#2275,1.);
#2135=CYLINDRICAL_SURFACE('',#2280,1.);
#2136=CYLINDRICAL_SURFACE('',#2284,1.);
#2137=CYLINDRICAL_SURFACE('',#2289,1.);
#2138=CYLINDRICAL_SURFACE('',#2291,2.25);
#2139=CYLINDRICAL_SURFACE('',#2295,2.25);
#2140=CYLINDRICAL_SURFACE('',#2383,2.75);
#2141=CYLINDRICAL_SURFACE('',#2384,2.75);
#2142=ADVANCED_FACE('',(#129),#2130,.F.);
#2143=ADVANCED_FACE('',(#130),#2131,.F.);
#2144=ADVANCED_FACE('',(#131),#2132,.F.);
#2145=ADVANCED_FACE('',(#132),#2133,.F.);
#2146=ADVANCED_FACE('',(#133),#125,.F.);
#2147=ADVANCED_FACE('',(#134),#2134,.F.);
#2148=ADVANCED_FACE('',(#135),#126,.F.);
#2149=ADVANCED_FACE('',(#136),#2135,.F.);
#2150=ADVANCED_FACE('',(#137),#127,.F.);
#2151=ADVANCED_FACE('',(#138),#2136,.F.);
#2152=ADVANCED_FACE('',(#139),#128,.F.);
#2153=ADVANCED_FACE('',(#140),#2137,.F.);
#2154=ADVANCED_FACE('',(#141,#106),#2138,.F.);
#2155=ADVANCED_FACE('',(#142,#107),#2139,.F.);
#2156=ADVANCED_FACE('',(#143,#108,#109),#15,.F.);
#2157=ADVANCED_FACE('',(#144,#110,#111),#16,.F.);
#2158=ADVANCED_FACE('',(#145,#112,#113),#17,.T.);
#2159=ADVANCED_FACE('',(#146,#114,#115),#18,.T.);
#2160=ADVANCED_FACE('',(#147),#19,.T.);
#2161=ADVANCED_FACE('',(#148),#20,.T.);
#2162=ADVANCED_FACE('',(#149,#116,#117),#21,.T.);
#2163=ADVANCED_FACE('',(#150,#118,#119),#22,.T.);
#2164=ADVANCED_FACE('',(#151),#23,.T.);
#2165=ADVANCED_FACE('',(#152),#24,.T.);
#2166=ADVANCED_FACE('',(#153),#25,.T.);
#2167=ADVANCED_FACE('',(#154),#26,.T.);
#2168=ADVANCED_FACE('',(#155),#27,.T.);
#2169=ADVANCED_FACE('',(#156),#28,.T.);
#2170=ADVANCED_FACE('',(#157),#29,.T.);
#2171=ADVANCED_FACE('',(#158),#30,.T.);
#2172=ADVANCED_FACE('',(#159),#31,.T.);
#2173=ADVANCED_FACE('',(#160),#32,.T.);
#2174=ADVANCED_FACE('',(#161),#33,.T.);
#2175=ADVANCED_FACE('',(#162),#34,.F.);
#2176=ADVANCED_FACE('',(#163),#35,.F.);
#2177=ADVANCED_FACE('',(#164),#36,.T.);
#2178=ADVANCED_FACE('',(#165),#37,.F.);
#2179=ADVANCED_FACE('',(#166),#38,.F.);
#2180=ADVANCED_FACE('',(#167),#39,.F.);
#2181=ADVANCED_FACE('',(#168),#40,.F.);
#2182=ADVANCED_FACE('',(#169),#41,.F.);
#2183=ADVANCED_FACE('',(#170),#42,.F.);
#2184=ADVANCED_FACE('',(#171),#43,.F.);
#2185=ADVANCED_FACE('',(#172),#44,.F.);
#2186=ADVANCED_FACE('',(#173),#45,.F.);
#2187=ADVANCED_FACE('',(#174),#46,.F.);
#2188=ADVANCED_FACE('',(#175),#47,.F.);
#2189=ADVANCED_FACE('',(#176),#48,.F.);
#2190=ADVANCED_FACE('',(#177),#49,.F.);
#2191=ADVANCED_FACE('',(#178),#50,.F.);
#2192=ADVANCED_FACE('',(#179),#51,.F.);
#2193=ADVANCED_FACE('',(#180),#52,.F.);
#2194=ADVANCED_FACE('',(#181),#53,.T.);
#2195=ADVANCED_FACE('',(#182),#54,.T.);
#2196=ADVANCED_FACE('',(#183),#55,.T.);
#2197=ADVANCED_FACE('',(#184),#56,.T.);
#2198=ADVANCED_FACE('',(#185),#57,.T.);
#2199=ADVANCED_FACE('',(#186),#58,.T.);
#2200=ADVANCED_FACE('',(#187),#59,.T.);
#2201=ADVANCED_FACE('',(#188),#60,.T.);
#2202=ADVANCED_FACE('',(#189),#61,.T.);
#2203=ADVANCED_FACE('',(#190),#62,.T.);
#2204=ADVANCED_FACE('',(#191),#63,.T.);
#2205=ADVANCED_FACE('',(#192),#64,.T.);
#2206=ADVANCED_FACE('',(#193),#65,.F.);
#2207=ADVANCED_FACE('',(#194),#66,.F.);
#2208=ADVANCED_FACE('',(#195),#67,.F.);
#2209=ADVANCED_FACE('',(#196),#68,.F.);
#2210=ADVANCED_FACE('',(#197),#69,.F.);
#2211=ADVANCED_FACE('',(#198),#70,.F.);
#2212=ADVANCED_FACE('',(#199),#71,.F.);
#2213=ADVANCED_FACE('',(#200),#72,.F.);
#2214=ADVANCED_FACE('',(#201),#73,.F.);
#2215=ADVANCED_FACE('',(#202),#74,.F.);
#2216=ADVANCED_FACE('',(#203),#75,.F.);
#2217=ADVANCED_FACE('',(#204),#76,.T.);
#2218=ADVANCED_FACE('',(#205),#77,.F.);
#2219=ADVANCED_FACE('',(#206),#78,.F.);
#2220=ADVANCED_FACE('',(#207),#79,.T.);
#2221=ADVANCED_FACE('',(#208),#80,.T.);
#2222=ADVANCED_FACE('',(#209),#81,.F.);
#2223=ADVANCED_FACE('',(#210),#82,.F.);
#2224=ADVANCED_FACE('',(#211),#83,.T.);
#2225=ADVANCED_FACE('',(#212),#84,.T.);
#2226=ADVANCED_FACE('',(#213),#85,.T.);
#2227=ADVANCED_FACE('',(#214),#86,.T.);
#2228=ADVANCED_FACE('',(#215),#87,.F.);
#2229=ADVANCED_FACE('',(#216),#88,.T.);
#2230=ADVANCED_FACE('',(#217),#89,.T.);
#2231=ADVANCED_FACE('',(#218),#90,.T.);
#2232=ADVANCED_FACE('',(#219),#91,.T.);
#2233=ADVANCED_FACE('',(#220),#92,.F.);
#2234=ADVANCED_FACE('',(#221),#93,.F.);
#2235=ADVANCED_FACE('',(#222),#94,.F.);
#2236=ADVANCED_FACE('',(#223,#120),#2140,.F.);
#2237=ADVANCED_FACE('',(#224,#121,#122),#2141,.F.);
#2238=ADVANCED_FACE('',(#225),#95,.F.);
#2239=ADVANCED_FACE('',(#226),#96,.F.);
#2240=ADVANCED_FACE('',(#227),#97,.F.);
#2241=ADVANCED_FACE('',(#228),#98,.F.);
#2242=ADVANCED_FACE('',(#229),#99,.F.);
#2243=ADVANCED_FACE('',(#230),#100,.F.);
#2244=ADVANCED_FACE('',(#231),#101,.F.);
#2245=ADVANCED_FACE('',(#232),#102,.F.);
#2246=ADVANCED_FACE('',(#233),#103,.F.);
#2247=ADVANCED_FACE('',(#234),#104,.F.);
#2248=ADVANCED_FACE('',(#235),#105,.F.);
#2249=CLOSED_SHELL('',(#2142,#2143,#2144,#2145,#2146,#2147,#2148,#2149,
#2150,#2151,#2152,#2153,#2154,#2155,#2156,#2157,#2158,#2159,#2160,#2161,
#2162,#2163,#2164,#2165,#2166,#2167,#2168,#2169,#2170,#2171,#2172,#2173,
#2174,#2175,#2176,#2177,#2178,#2179,#2180,#2181,#2182,#2183,#2184,#2185,
#2186,#2187,#2188,#2189,#2190,#2191,#2192,#2193,#2194,#2195,#2196,#2197,
#2198,#2199,#2200,#2201,#2202,#2203,#2204,#2205,#2206,#2207,#2208,#2209,
#2210,#2211,#2212,#2213,#2214,#2215,#2216,#2217,#2218,#2219,#2220,#2221,
#2222,#2223,#2224,#2225,#2226,#2227,#2228,#2229,#2230,#2231,#2232,#2233,
#2234,#2235,#2236,#2237,#2238,#2239,#2240,#2241,#2242,#2243,#2244,#2245,
#2246,#2247,#2248));
#2250=DERIVED_UNIT_ELEMENT(#2252,1.);
#2251=DERIVED_UNIT_ELEMENT(#3799,-3.);
#2252=(
MASS_UNIT()
NAMED_UNIT(*)
SI_UNIT(.KILO.,.GRAM.)
);
#2253=DERIVED_UNIT((#2250,#2251));
#2254=MEASURE_REPRESENTATION_ITEM('density measure',
POSITIVE_RATIO_MEASURE(7850.),#2253);
#2255=PROPERTY_DEFINITION_REPRESENTATION(#2260,#2257);
#2256=PROPERTY_DEFINITION_REPRESENTATION(#2261,#2258);
#2257=REPRESENTATION('material name',(#2259),#3796);
#2258=REPRESENTATION('density',(#2254),#3796);
#2259=DESCRIPTIVE_REPRESENTATION_ITEM('Steel','Steel');
#2260=PROPERTY_DEFINITION('material property','material name',#3806);
#2261=PROPERTY_DEFINITION('material property','density of part',#3806);
#2262=AXIS2_PLACEMENT_3D('',#2946,#2396,#2397);
#2263=AXIS2_PLACEMENT_3D('',#2947,#2398,#2399);
#2264=AXIS2_PLACEMENT_3D('',#2952,#2401,#2402);
#2265=AXIS2_PLACEMENT_3D('',#2957,#2403,#2404);
#2266=AXIS2_PLACEMENT_3D('',#2962,#2406,#2407);
#2267=AXIS2_PLACEMENT_3D('',#3004,#2409,#2410);
#2268=AXIS2_PLACEMENT_3D('',#3024,#2411,#2412);
#2269=AXIS2_PLACEMENT_3D('',#3030,#2413,#2414);
#2270=AXIS2_PLACEMENT_3D('',#3031,#2415,#2416);
#2271=AXIS2_PLACEMENT_3D('',#3054,#2418,#2419);
#2272=AXIS2_PLACEMENT_3D('',#3084,#2420,#2421);
#2273=AXIS2_PLACEMENT_3D('',#3085,#2422,#2423);
#2274=AXIS2_PLACEMENT_3D('',#3102,#2425,#2426);
#2275=AXIS2_PLACEMENT_3D('',#3103,#2427,#2428);
#2276=AXIS2_PLACEMENT_3D('',#3105,#2429,#2430);
#2277=AXIS2_PLACEMENT_3D('',#3107,#2432,#2433);
#2278=AXIS2_PLACEMENT_3D('',#3109,#2434,#2435);
#2279=AXIS2_PLACEMENT_3D('',#3112,#2437,#2438);
#2280=AXIS2_PLACEMENT_3D('',#3113,#2439,#2440);
#2281=AXIS2_PLACEMENT_3D('',#3115,#2441,#2442);
#2282=AXIS2_PLACEMENT_3D('',#3117,#2444,#2445);
#2283=AXIS2_PLACEMENT_3D('',#3119,#2446,#2447);
#2284=AXIS2_PLACEMENT_3D('',#3135,#2449,#2450);
#2285=AXIS2_PLACEMENT_3D('',#3137,#2451,#2452);
#2286=AXIS2_PLACEMENT_3D('',#3139,#2454,#2455);
#2287=AXIS2_PLACEMENT_3D('',#3141,#2456,#2457);
#2288=AXIS2_PLACEMENT_3D('',#3144,#2459,#2460);
#2289=AXIS2_PLACEMENT_3D('',#3145,#2461,#2462);
#2290=AXIS2_PLACEMENT_3D('',#3147,#2463,#2464);
#2291=AXIS2_PLACEMENT_3D('',#3149,#2466,#2467);
#2292=AXIS2_PLACEMENT_3D('',#3153,#2469,#2470);
#2293=AXIS2_PLACEMENT_3D('',#3155,#2471,#2472);
#2294=AXIS2_PLACEMENT_3D('',#3156,#2473,#2474);
#2295=AXIS2_PLACEMENT_3D('',#3200,#2475,#2476);
#2296=AXIS2_PLACEMENT_3D('',#3204,#2478,#2479);
#2297=AXIS2_PLACEMENT_3D('',#3206,#2480,#2481);
#2298=AXIS2_PLACEMENT_3D('',#3207,#2482,#2483);
#2299=AXIS2_PLACEMENT_3D('',#3251,#2484,#2485);
#2300=AXIS2_PLACEMENT_3D('',#3268,#2494,#2495);
#2301=AXIS2_PLACEMENT_3D('',#3285,#2504,#2505);
#2302=AXIS2_PLACEMENT_3D('',#3331,#2529,#2530);
#2303=AXIS2_PLACEMENT_3D('',#3377,#2554,#2555);
#2304=AXIS2_PLACEMENT_3D('',#3391,#2563,#2564);
#2305=AXIS2_PLACEMENT_3D('',#3397,#2568,#2569);
#2306=AXIS2_PLACEMENT_3D('',#3427,#2586,#2587);
#2307=AXIS2_PLACEMENT_3D('',#3429,#2588,#2589);
#2308=AXIS2_PLACEMENT_3D('',#3430,#2590,#2591);
#2309=AXIS2_PLACEMENT_3D('',#3450,#2603,#2604);
#2310=AXIS2_PLACEMENT_3D('',#3452,#2605,#2606);
#2311=AXIS2_PLACEMENT_3D('',#3453,#2607,#2608);
#2312=AXIS2_PLACEMENT_3D('',#3461,#2613,#2614);
#2313=AXIS2_PLACEMENT_3D('',#3463,#2616,#2617);
#2314=AXIS2_PLACEMENT_3D('',#3465,#2619,#2620);
#2315=AXIS2_PLACEMENT_3D('',#3475,#2626,#2627);
#2316=AXIS2_PLACEMENT_3D('',#3479,#2630,#2631);
#2317=AXIS2_PLACEMENT_3D('',#3487,#2636,#2637);
#2318=AXIS2_PLACEMENT_3D('',#3489,#2639,#2640);
#2319=AXIS2_PLACEMENT_3D('',#3491,#2642,#2643);
#2320=AXIS2_PLACEMENT_3D('',#3493,#2645,#2646);
#2321=AXIS2_PLACEMENT_3D('',#3494,#2647,#2648);
#2322=AXIS2_PLACEMENT_3D('',#3502,#2653,#2654);
#2323=AXIS2_PLACEMENT_3D('',#3511,#2660,#2661);
#2324=AXIS2_PLACEMENT_3D('',#3513,#2663,#2664);
#2325=AXIS2_PLACEMENT_3D('',#3521,#2669,#2670);
#2326=AXIS2_PLACEMENT_3D('',#3523,#2672,#2673);
#2327=AXIS2_PLACEMENT_3D('',#3525,#2675,#2676);
#2328=AXIS2_PLACEMENT_3D('',#3526,#2677,#2678);
#2329=AXIS2_PLACEMENT_3D('',#3530,#2681,#2682);
#2330=AXIS2_PLACEMENT_3D('',#3537,#2686,#2687);
#2331=AXIS2_PLACEMENT_3D('',#3543,#2691,#2692);
#2332=AXIS2_PLACEMENT_3D('',#3548,#2696,#2697);
#2333=AXIS2_PLACEMENT_3D('',#3557,#2703,#2704);
#2334=AXIS2_PLACEMENT_3D('',#3565,#2709,#2710);
#2335=AXIS2_PLACEMENT_3D('',#3571,#2714,#2715);
#2336=AXIS2_PLACEMENT_3D('',#3574,#2718,#2719);
#2337=AXIS2_PLACEMENT_3D('',#3575,#2720,#2721);
#2338=AXIS2_PLACEMENT_3D('',#3585,#2727,#2728);
#2339=AXIS2_PLACEMENT_3D('',#3589,#2731,#2732);
#2340=AXIS2_PLACEMENT_3D('',#3595,#2736,#2737);
#2341=AXIS2_PLACEMENT_3D('',#3597,#2739,#2740);
#2342=AXIS2_PLACEMENT_3D('',#3611,#2749,#2750);
#2343=AXIS2_PLACEMENT_3D('',#3622,#2757,#2758);
#2344=AXIS2_PLACEMENT_3D('',#3628,#2762,#2763);
#2345=AXIS2_PLACEMENT_3D('',#3634,#2767,#2768);
#2346=AXIS2_PLACEMENT_3D('',#3638,#2771,#2772);
#2347=AXIS2_PLACEMENT_3D('',#3644,#2776,#2777);
#2348=AXIS2_PLACEMENT_3D('',#3646,#2779,#2780);
#2349=AXIS2_PLACEMENT_3D('',#3650,#2783,#2784);
#2350=AXIS2_PLACEMENT_3D('',#3654,#2787,#2788);
#2351=AXIS2_PLACEMENT_3D('',#3658,#2791,#2792);
#2352=AXIS2_PLACEMENT_3D('',#3661,#2795,#2796);
#2353=AXIS2_PLACEMENT_3D('',#3662,#2797,#2798);
#2354=AXIS2_PLACEMENT_3D('',#3663,#2799,#2800);
#2355=AXIS2_PLACEMENT_3D('',#3669,#2804,#2805);
#2356=AXIS2_PLACEMENT_3D('',#3675,#2809,#2810);
#2357=AXIS2_PLACEMENT_3D('',#3679,#2813,#2814);
#2358=AXIS2_PLACEMENT_3D('',#3685,#2818,#2819);
#2359=AXIS2_PLACEMENT_3D('',#3687,#2821,#2822);
#2360=AXIS2_PLACEMENT_3D('',#3691,#2825,#2826);
#2361=AXIS2_PLACEMENT_3D('',#3695,#2829,#2830);
#2362=AXIS2_PLACEMENT_3D('',#3699,#2833,#2834);
#2363=AXIS2_PLACEMENT_3D('',#3702,#2837,#2838);
#2364=AXIS2_PLACEMENT_3D('',#3703,#2839,#2840);
#2365=AXIS2_PLACEMENT_3D('',#3704,#2841,#2842);
#2366=AXIS2_PLACEMENT_3D('',#3706,#2844,#2845);
#2367=AXIS2_PLACEMENT_3D('',#3707,#2846,#2847);
#2368=AXIS2_PLACEMENT_3D('',#3709,#2849,#2850);
#2369=AXIS2_PLACEMENT_3D('',#3710,#2851,#2852);
#2370=AXIS2_PLACEMENT_3D('',#3717,#2857,#2858);
#2371=AXIS2_PLACEMENT_3D('',#3727,#2864,#2865);
#2372=AXIS2_PLACEMENT_3D('',#3733,#2870,#2871);
#2373=AXIS2_PLACEMENT_3D('',#3735,#2873,#2874);
#2374=AXIS2_PLACEMENT_3D('',#3741,#2878,#2879);
#2375=AXIS2_PLACEMENT_3D('',#3743,#2881,#2882);
#2376=AXIS2_PLACEMENT_3D('',#3745,#2884,#2885);
#2377=AXIS2_PLACEMENT_3D('',#3751,#2889,#2890);
#2378=AXIS2_PLACEMENT_3D('',#3753,#2892,#2893);
#2379=AXIS2_PLACEMENT_3D('',#3754,#2894,#2895);
#2380=AXIS2_PLACEMENT_3D('',#3755,#2896,#2897);
#2381=AXIS2_PLACEMENT_3D('',#3756,#2898,#2899);
#2382=AXIS2_PLACEMENT_3D('',#3758,#2901,#2902);
#2383=AXIS2_PLACEMENT_3D('',#3759,#2903,#2904);
#2384=AXIS2_PLACEMENT_3D('',#3762,#2907,#2908);
#2385=AXIS2_PLACEMENT_3D('',#3764,#2910,#2911);
#2386=AXIS2_PLACEMENT_3D('',#3767,#2914,#2915);
#2387=AXIS2_PLACEMENT_3D('',#3768,#2916,#2917);
#2388=AXIS2_PLACEMENT_3D('',#3770,#2919,#2920);
#2389=AXIS2_PLACEMENT_3D('',#3771,#2921,#2922);
#2390=AXIS2_PLACEMENT_3D('',#3775,#2925,#2926);
#2391=AXIS2_PLACEMENT_3D('',#3779,#2929,#2930);
#2392=AXIS2_PLACEMENT_3D('',#3783,#2933,#2934);
#2393=AXIS2_PLACEMENT_3D('',#3787,#2937,#2938);
#2394=AXIS2_PLACEMENT_3D('',#3791,#2941,#2942);
#2395=AXIS2_PLACEMENT_3D('',#3793,#2944,#2945);
#2396=DIRECTION('axis',(0.,0.,1.));
#2397=DIRECTION('refdir',(1.,0.,0.));
#2398=DIRECTION('center_axis',(1.,0.,0.));
#2399=DIRECTION('ref_axis',(0.,0.4226182617407,0.90630778703665));
#2400=DIRECTION('',(1.,0.,0.));
#2401=DIRECTION('center_axis',(1.,0.,0.));
#2402=DIRECTION('ref_axis',(0.,0.4226182617407,0.90630778703665));
#2403=DIRECTION('center_axis',(1.,0.,0.));
#2404=DIRECTION('ref_axis',(0.,0.4226182617407,0.90630778703665));
#2405=DIRECTION('',(-1.,0.,0.));
#2406=DIRECTION('center_axis',(1.,0.,0.));
#2407=DIRECTION('ref_axis',(0.,0.4226182617407,0.90630778703665));
#2408=DIRECTION('',(-1.,0.,0.));
#2409=DIRECTION('center_axis',(1.,0.,0.));
#2410=DIRECTION('ref_axis',(0.,0.4226182617407,0.90630778703665));
#2411=DIRECTION('center_axis',(1.,0.,0.));
#2412=DIRECTION('ref_axis',(0.,0.4226182617407,0.90630778703665));
#2413=DIRECTION('center_axis',(1.,0.,0.));
#2414=DIRECTION('ref_axis',(0.,0.4226182617407,0.90630778703665));
#2415=DIRECTION('center_axis',(1.,0.,0.));
#2416=DIRECTION('ref_axis',(0.,0.4226182617407,0.90630778703665));
#2417=DIRECTION('',(1.,0.,0.));
#2418=DIRECTION('center_axis',(-1.,0.,0.));
#2419=DIRECTION('ref_axis',(0.,0.4226182617407,0.90630778703665));
#2420=DIRECTION('center_axis',(1.,0.,0.));
#2421=DIRECTION('ref_axis',(0.,0.4226182617407,0.90630778703665));
#2422=DIRECTION('center_axis',(-1.,0.,0.));
#2423=DIRECTION('ref_axis',(0.,0.4226182617407,0.90630778703665));
#2424=DIRECTION('',(0.707106781186547,0.29883623873012,0.640856382055789));
#2425=DIRECTION('center_axis',(-1.,0.,0.));
#2426=DIRECTION('ref_axis',(0.,0.4226182617407,0.90630778703665));
#2427=DIRECTION('center_axis',(1.,0.,0.));
#2428=DIRECTION('ref_axis',(0.,0.4226182617407,0.90630778703665));
#2429=DIRECTION('center_axis',(-1.,-2.65074714387338E-14,0.));
#2430=DIRECTION('ref_axis',(0.,0.4226182617407,0.90630778703665));
#2431=DIRECTION('',(-1.,0.,0.));
#2432=DIRECTION('center_axis',(-1.,0.,0.));
#2433=DIRECTION('ref_axis',(0.,0.4226182617407,0.90630778703665));
#2434=DIRECTION('center_axis',(1.,0.,0.));
#2435=DIRECTION('ref_axis',(0.,0.4226182617407,0.90630778703665));
#2436=DIRECTION('',(0.707106781186546,0.29883623873012,0.64085638205579));
#2437=DIRECTION('center_axis',(-1.,0.,0.));
#2438=DIRECTION('ref_axis',(0.,0.4226182617407,0.90630778703665));
#2439=DIRECTION('center_axis',(1.,0.,0.));
#2440=DIRECTION('ref_axis',(0.,0.4226182617407,0.90630778703665));
#2441=DIRECTION('center_axis',(-1.,-2.65074714387338E-14,0.));
#2442=DIRECTION('ref_axis',(0.,0.4226182617407,0.90630778703665));
#2443=DIRECTION('',(-1.,0.,0.));
#2444=DIRECTION('center_axis',(1.,0.,0.));
#2445=DIRECTION('ref_axis',(0.,0.4226182617407,0.90630778703665));
#2446=DIRECTION('center_axis',(1.,0.,0.));
#2447=DIRECTION('ref_axis',(0.,0.4226182617407,0.90630778703665));
#2448=DIRECTION('',(0.707106781186547,-0.29883623873012,-0.640856382055789));
#2449=DIRECTION('center_axis',(1.,0.,0.));
#2450=DIRECTION('ref_axis',(0.,0.4226182617407,0.90630778703665));
#2451=DIRECTION('center_axis',(1.,2.77157304929461E-14,0.));
#2452=DIRECTION('ref_axis',(0.,0.4226182617407,0.90630778703665));
#2453=DIRECTION('',(1.,0.,0.));
#2454=DIRECTION('center_axis',(1.,0.,0.));
#2455=DIRECTION('ref_axis',(0.,0.4226182617407,0.90630778703665));
#2456=DIRECTION('center_axis',(1.,0.,0.));
#2457=DIRECTION('ref_axis',(0.,0.4226182617407,0.90630778703665));
#2458=DIRECTION('',(0.707106781186546,-0.29883623873012,-0.64085638205579));
#2459=DIRECTION('center_axis',(1.,0.,0.));
#2460=DIRECTION('ref_axis',(0.,0.4226182617407,0.90630778703665));
#2461=DIRECTION('center_axis',(1.,0.,0.));
#2462=DIRECTION('ref_axis',(0.,0.4226182617407,0.90630778703665));
#2463=DIRECTION('center_axis',(1.,2.77157304929461E-14,0.));
#2464=DIRECTION('ref_axis',(0.,0.4226182617407,0.90630778703665));
#2465=DIRECTION('',(1.,0.,0.));
#2466=DIRECTION('center_axis',(1.,0.,0.));
#2467=DIRECTION('ref_axis',(0.,0.4226182617407,0.90630778703665));
#2468=DIRECTION('',(-1.,0.,0.));
#2469=DIRECTION('center_axis',(1.,0.,0.));
#2470=DIRECTION('ref_axis',(0.,0.4226182617407,0.90630778703665));
#2471=DIRECTION('center_axis',(0.707106781186548,-0.707106781186548,0.));
#2472=DIRECTION('ref_axis',(0.707106781186548,0.707106781186548,0.));
#2473=DIRECTION('center_axis',(1.,0.,0.));
#2474=DIRECTION('ref_axis',(0.,0.4226182617407,0.90630778703665));
#2475=DIRECTION('center_axis',(1.,0.,0.));
#2476=DIRECTION('ref_axis',(0.,0.4226182617407,0.90630778703665));
#2477=DIRECTION('',(1.,0.,0.));
#2478=DIRECTION('center_axis',(-1.,0.,0.));
#2479=DIRECTION('ref_axis',(0.,0.4226182617407,0.90630778703665));
#2480=DIRECTION('center_axis',(-0.707106781186548,-0.707106781186548,0.));
#2481=DIRECTION('ref_axis',(-0.707106781186548,0.707106781186548,0.));
#2482=DIRECTION('center_axis',(-1.,0.,0.));
#2483=DIRECTION('ref_axis',(0.,0.4226182617407,0.90630778703665));
#2484=DIRECTION('center_axis',(-1.,-2.65074714387338E-14,0.));
#2485=DIRECTION('ref_axis',(-2.65074714387338E-14,1.,0.));
#2486=DIRECTION('',(1.12025415025769E-14,-0.422618261740625,-0.906307787036685));
#2487=DIRECTION('',(-2.65074714387338E-14,1.,0.));
#2488=DIRECTION('',(0.,0.,1.));
#2489=DIRECTION('',(2.65074714387338E-14,-1.,1.30295746482634E-15));
#2490=DIRECTION('',(0.,0.,-1.));
#2491=DIRECTION('',(-2.65074714387338E-14,1.,0.));
#2492=DIRECTION('',(0.,0.,-1.));
#2493=DIRECTION('',(-2.2220071132237E-14,0.838256911210631,-0.5452754815757));
#2494=DIRECTION('center_axis',(1.,2.77157304929461E-14,0.));
#2495=DIRECTION('ref_axis',(2.77157304929461E-14,-1.,0.));
#2496=DIRECTION('',(-1.17131738438047E-14,0.422618261740777,0.906307787036614));
#2497=DIRECTION('',(2.32329026349634E-14,-0.838256911210634,0.545275481575697));
#2498=DIRECTION('',(0.,0.,-1.));
#2499=DIRECTION('',(2.77157304929461E-14,-1.,0.));
#2500=DIRECTION('',(0.,0.,1.));
#2501=DIRECTION('',(0.,1.,-1.30295746482634E-15));
#2502=DIRECTION('',(0.,0.,-1.));
#2503=DIRECTION('',(2.77157304929461E-14,-1.,0.));
#2504=DIRECTION('center_axis',(-1.,0.,0.));
#2505=DIRECTION('ref_axis',(0.,0.,1.));
#2506=DIRECTION('',(0.,0.,1.));
#2507=DIRECTION('',(0.,-1.,1.30295746482634E-15));
#2508=DIRECTION('',(0.,0.,-1.));
#2509=DIRECTION('',(0.,-0.422618261740763,-0.90630778703662));
#2510=DIRECTION('',(0.,-0.991067926179791,-0.133358035744712));
#2511=DIRECTION('',(0.,-0.6819983600625,0.73135370161917));
#2512=DIRECTION('',(0.,0.42261826174073,0.906307787036636));
#2513=DIRECTION('',(0.,-0.495998442203116,0.868323410563186));
#2514=DIRECTION('',(0.,-0.422618261740759,-0.906307787036622));
#2515=DIRECTION('',(0.,0.868647084570975,0.495431370087063));
#2516=DIRECTION('',(0.,0.,-1.));
#2517=DIRECTION('',(0.,1.,0.));
#2518=DIRECTION('',(0.,0.,1.));
#2519=DIRECTION('',(0.,0.422618261740738,0.906307787036632));
#2520=DIRECTION('',(0.,0.167833767925774,0.985815310463292));
#2521=DIRECTION('',(0.,0.,1.));
#2522=DIRECTION('',(0.,-1.,0.));
#2523=DIRECTION('',(0.,-0.999746128932739,-0.0225317039747156));
#2524=DIRECTION('',(0.,-0.42261826174073,-0.906307787036636));
#2525=DIRECTION('',(0.,0.495998442203123,-0.868323410563182));
#2526=DIRECTION('',(0.,-0.422618261740732,-0.906307787036635));
#2527=DIRECTION('',(0.,0.681998360062497,-0.731353701619171));
#2528=DIRECTION('',(0.,0.99106792617979,0.133358035744721));
#2529=DIRECTION('center_axis',(1.,0.,0.));
#2530=DIRECTION('ref_axis',(0.,0.,-1.));
#2531=DIRECTION('',(0.,0.,-1.));
#2532=DIRECTION('',(0.,-1.,0.));
#2533=DIRECTION('',(0.,0.,1.));
#2534=DIRECTION('',(0.,-0.868647084570975,-0.495431370087063));
#2535=DIRECTION('',(0.,0.422618261740759,0.906307787036622));
#2536=DIRECTION('',(0.,0.495998442203116,-0.868323410563186));
#2537=DIRECTION('',(0.,-0.42261826174073,-0.906307787036636));
#2538=DIRECTION('',(0.,0.6819983600625,-0.731353701619169));
#2539=DIRECTION('',(0.,0.991067926179791,0.133358035744712));
#2540=DIRECTION('',(0.,0.422618261740763,0.90630778703662));
#2541=DIRECTION('',(0.,0.,-1.));
#2542=DIRECTION('',(0.,1.,-1.30295746482634E-15));
#2543=DIRECTION('',(0.,0.,-1.));
#2544=DIRECTION('',(0.,0.,-1.));
#2545=DIRECTION('',(0.,-0.167833767925774,-0.985815310463292));
#2546=DIRECTION('',(0.,-0.422618261740738,-0.906307787036632));
#2547=DIRECTION('',(0.,-0.99106792617979,-0.133358035744721));
#2548=DIRECTION('',(0.,-0.681998360062497,0.731353701619171));
#2549=DIRECTION('',(0.,0.422618261740732,0.906307787036635));
#2550=DIRECTION('',(0.,-0.495998442203123,0.868323410563182));
#2551=DIRECTION('',(0.,0.42261826174073,0.906307787036636));
#2552=DIRECTION('',(0.,0.999746128932739,0.0225317039747156));
#2553=DIRECTION('',(0.,1.,0.));
#2554=DIRECTION('center_axis',(0.707106781186538,0.707106781186557,0.));
#2555=DIRECTION('ref_axis',(0.,0.,-1.));
#2556=DIRECTION('',(-0.707106781186557,0.707106781186538,-9.21330058976326E-16));
#2557=DIRECTION('',(0.,0.,1.));
#2558=DIRECTION('',(0.577350269189637,-0.577350269189621,0.577350269189619));
#2559=DIRECTION('',(0.,0.,1.));
#2560=DIRECTION('',(-0.577350269189634,0.577350269189619,0.577350269189624));
#2561=DIRECTION('',(0.,0.,1.));
#2562=DIRECTION('',(0.707106781186557,-0.707106781186538,0.));
#2563=DIRECTION('center_axis',(0.,1.,0.));
#2564=DIRECTION('ref_axis',(0.,0.,1.));
#2565=DIRECTION('',(-1.,0.,0.));
#2566=DIRECTION('',(0.,0.,-1.));
#2567=DIRECTION('',(1.,0.,0.));
#2568=DIRECTION('center_axis',(0.,-1.30295746482634E-15,-1.));
#2569=DIRECTION('ref_axis',(0.,1.,-1.30295746482634E-15));
#2570=DIRECTION('',(-0.746230599808507,-0.665687533238708,8.67362540675208E-16));
#2571=DIRECTION('',(2.50305906231203E-16,-1.,1.30295746482634E-15));
#2572=DIRECTION('',(0.965925826289068,-0.258819045102521,3.37230206855555E-16));
#2573=DIRECTION('',(0.965925826289069,0.25881904510252,-3.37230206855554E-16));
#2574=DIRECTION('',(2.50305906231203E-16,1.,-1.30295746482634E-15));
#2575=DIRECTION('',(-0.746230599808507,0.665687533238708,-8.67362540675208E-16));
#2576=DIRECTION('',(-0.707106781186539,-0.707106781186556,9.2133005897635E-16));
#2577=DIRECTION('',(-1.,0.,0.));
#2578=DIRECTION('',(-0.707106781186548,0.707106781186548,-9.21330058976339E-16));
#2579=DIRECTION('',(0.707106781186545,0.70710678118655,-9.21330058976341E-16));
#2580=DIRECTION('',(-3.29597922457265E-15,1.,-1.30295746482634E-15));
#2581=DIRECTION('',(0.965925826289068,0.258819045102521,-3.37230206855555E-16));
#2582=DIRECTION('',(0.965925826289068,-0.258819045102521,3.37230206855555E-16));
#2583=DIRECTION('',(-3.29597922457265E-15,-1.,1.30295746482634E-15));
#2584=DIRECTION('',(0.707106781186545,-0.70710678118655,9.21330058976341E-16));
#2585=DIRECTION('',(-0.707106781186548,-0.707106781186548,9.21330058976339E-16));
#2586=DIRECTION('center_axis',(0.,1.30295746482634E-15,1.));
#2587=DIRECTION('ref_axis',(1.,0.,0.));
#2588=DIRECTION('center_axis',(0.,1.30295746482634E-15,1.));
#2589=DIRECTION('ref_axis',(1.,0.,0.));
#2590=DIRECTION('center_axis',(0.,0.,1.));
#2591=DIRECTION('ref_axis',(1.,0.,0.));
#2592=DIRECTION('',(1.,0.,0.));
#2593=DIRECTION('',(0.707106781186548,0.707106781186548,0.));
#2594=DIRECTION('',(-0.707106781186578,0.707106781186517,0.));
#2595=DIRECTION('',(-0.996194698091746,0.0871557427476567,0.));
#2596=DIRECTION('',(0.996194698091746,0.0871557427476561,0.));
#2597=DIRECTION('',(0.707106781186549,0.707106781186546,0.));
#2598=DIRECTION('',(0.707106781186548,-0.707106781186548,0.));
#2599=DIRECTION('',(1.,0.,0.));
#2600=DIRECTION('',(0.707106781186539,0.707106781186556,0.));
#2601=DIRECTION('',(-0.996194698091746,-0.0871557427476564,0.));
#2602=DIRECTION('',(-0.996194698091746,0.0871557427476572,0.));
#2603=DIRECTION('center_axis',(0.,0.,1.));
#2604=DIRECTION('ref_axis',(1.,0.,0.));
#2605=DIRECTION('center_axis',(0.,0.,1.));
#2606=DIRECTION('ref_axis',(1.,0.,0.));
#2607=DIRECTION('center_axis',(-0.707106781186548,0.707106781186548,0.));
#2608=DIRECTION('ref_axis',(0.,0.,1.));
#2609=DIRECTION('',(0.,0.,-1.));
#2610=DIRECTION('',(-0.577350269189624,-0.577350269189624,-0.577350269189629));
#2611=DIRECTION('',(0.,0.,-1.));
#2612=DIRECTION('',(0.577350269189627,0.577350269189627,-0.577350269189624));
#2613=DIRECTION('center_axis',(0.,0.707106781186546,0.707106781186549));
#2614=DIRECTION('ref_axis',(0.,-0.707106781186549,0.707106781186546));
#2615=DIRECTION('',(1.,0.,0.));
#2616=DIRECTION('center_axis',(0.,1.,0.));
#2617=DIRECTION('ref_axis',(0.,0.,1.));
#2618=DIRECTION('',(-1.,0.,0.));
#2619=DIRECTION('center_axis',(-0.707106781186556,0.707106781186539,0.));
#2620=DIRECTION('ref_axis',(0.,0.,1.));
#2621=DIRECTION('',(0.,0.,-1.));
#2622=DIRECTION('',(-0.577350269189614,-0.577350269189629,-0.577350269189634));
#2623=DIRECTION('',(0.,0.,-1.));
#2624=DIRECTION('',(0.577350269189617,0.577350269189631,-0.577350269189629));
#2625=DIRECTION('',(0.,0.,-1.));
#2626=DIRECTION('center_axis',(0.,1.,0.));
#2627=DIRECTION('ref_axis',(0.,0.,1.));
#2628=DIRECTION('',(0.,0.,1.));
#2629=DIRECTION('',(-1.,0.,0.));
#2630=DIRECTION('center_axis',(0.707106781186548,0.707106781186548,0.));
#2631=DIRECTION('ref_axis',(0.,0.,-1.));
#2632=DIRECTION('',(0.,0.,1.));
#2633=DIRECTION('',(0.577350269189627,-0.577350269189627,0.577350269189624));
#2634=DIRECTION('',(0.,0.,1.));
#2635=DIRECTION('',(-0.577350269189624,0.577350269189624,0.577350269189629));
#2636=DIRECTION('center_axis',(0.,0.707106781186551,-0.707106781186544));
#2637=DIRECTION('ref_axis',(0.,0.707106781186544,0.707106781186551));
#2638=DIRECTION('',(-1.,0.,0.));
#2639=DIRECTION('center_axis',(0.,1.,0.));
#2640=DIRECTION('ref_axis',(0.,0.,1.));
#2641=DIRECTION('',(1.,0.,0.));
#2642=DIRECTION('center_axis',(0.,0.707106781186546,0.707106781186549));
#2643=DIRECTION('ref_axis',(0.,-0.707106781186549,0.707106781186546));
#2644=DIRECTION('',(1.,0.,0.));
#2645=DIRECTION('center_axis',(0.,1.,0.));
#2646=DIRECTION('ref_axis',(0.,0.,1.));
#2647=DIRECTION('center_axis',(-0.707106781186547,1.76993003667127E-16,
-0.707106781186548));
#2648=DIRECTION('ref_axis',(-0.707106781186548,0.,0.707106781186547));
#2649=DIRECTION('',(-0.598064822315336,0.533513764225303,0.598064822315335));
#2650=DIRECTION('',(-2.50305906231203E-16,-1.,0.));
#2651=DIRECTION('',(0.694746590606866,0.186156787897386,-0.694746590606865));
#2652=DIRECTION('',(-0.118530812456968,0.985850340060084,0.118530812456968));
#2653=DIRECTION('center_axis',(0.258819045102521,-0.965925826289068,0.));
#2654=DIRECTION('ref_axis',(0.965925826289068,0.258819045102521,0.));
#2655=DIRECTION('',(-0.0573336303447441,-0.0153624999500187,-0.998236869899513));
#2656=DIRECTION('',(0.,0.,1.));
#2657=DIRECTION('',(0.,0.,1.));
#2658=DIRECTION('',(-0.961351086262923,-0.257593247206932,-0.097210122592697));
#2659=DIRECTION('',(0.965925826289069,0.25881904510252,0.));
#2660=DIRECTION('center_axis',(1.,-2.50305906231203E-16,0.));
#2661=DIRECTION('ref_axis',(2.50305906231203E-16,1.,0.));
#2662=DIRECTION('',(0.,0.,-1.));
#2663=DIRECTION('center_axis',(0.707106781186547,1.76993003667127E-16,-0.707106781186548));
#2664=DIRECTION('ref_axis',(-0.707106781186548,0.,-0.707106781186547));
#2665=DIRECTION('',(0.694746590606866,-0.186156787897386,0.694746590606865));
#2666=DIRECTION('',(-2.50305906231203E-16,1.,0.));
#2667=DIRECTION('',(-0.598064822315336,-0.533513764225303,-0.598064822315335));
#2668=DIRECTION('',(-0.118530812456967,-0.985850340060084,-0.118530812456967));
#2669=DIRECTION('center_axis',(-0.665687533238708,0.746230599808507,0.));
#2670=DIRECTION('ref_axis',(-0.746230599808507,-0.665687533238708,-4.35226423335616E-46));
#2671=DIRECTION('',(0.,0.,1.));
#2672=DIRECTION('center_axis',(-1.,-2.50305906231203E-16,0.));
#2673=DIRECTION('ref_axis',(2.50305906231203E-16,-1.,0.));
#2674=DIRECTION('',(0.,0.,1.));
#2675=DIRECTION('center_axis',(0.665687533238708,0.746230599808507,0.));
#2676=DIRECTION('ref_axis',(-0.746230599808507,0.665687533238708,4.35226423335616E-46));
#2677=DIRECTION('center_axis',(0.,0.,1.));
#2678=DIRECTION('ref_axis',(1.,0.,0.));
#2679=DIRECTION('',(0.126352409449856,-0.991985417547161,0.));
#2680=DIRECTION('',(-0.857029830168045,-0.515266795167447,0.));
#2681=DIRECTION('center_axis',(0.,0.,1.));
#2682=DIRECTION('ref_axis',(1.,0.,0.));
#2683=DIRECTION('',(0.126352409449856,0.991985417547161,0.));
#2684=DIRECTION('',(-0.857029830168044,0.515266795167449,0.));
#2685=DIRECTION('',(0.965925826289069,-0.25881904510252,0.));
#2686=DIRECTION('center_axis',(0.171958245538718,-0.286013667777972,-0.942669901734132));
#2687=DIRECTION('ref_axis',(0.984807753012209,0.0733868910000359,0.157378695624257));
#2688=DIRECTION('',(8.19247357964186E-16,-0.956924013081786,0.290338480376696));
#2689=DIRECTION('',(-0.97896245624725,-0.156304060444324,-0.131154679470343));
#2690=DIRECTION('',(0.138233705503254,-0.94045004296733,0.310556209639394));
#2691=DIRECTION('center_axis',(-0.171958245538719,-0.286013667777972,-0.942669901734132));
#2692=DIRECTION('ref_axis',(0.984807753012209,-0.0733868910000356,-0.157378695624258));
#2693=DIRECTION('',(0.961351086262922,-0.257593247206933,-0.0972101225926977));
#2694=DIRECTION('',(-0.138233705503253,-0.94045004296733,0.310556209639395));
#2695=DIRECTION('',(-0.97896245624725,0.156304060444325,0.131154679470344));
#2696=DIRECTION('center_axis',(-0.99026806874157,0.126133665146145,-0.0588170940088053));
#2697=DIRECTION('ref_axis',(-2.84738024253496E-16,-0.422618261740699,-0.90630778703665));
#2698=DIRECTION('',(-0.13809307943504,-0.837974739198386,0.527947571144659));
#2699=DIRECTION('',(-0.0592906331641919,1.66240481872304E-16,0.998240762951999));
#2700=DIRECTION('',(3.7355092200961E-16,0.4226182617407,0.90630778703665));
#2701=DIRECTION('',(0.0592906331641926,0.764696789354228,0.641656793909583));
#2702=DIRECTION('',(-0.0573336303447432,0.0153624999500184,0.998236869899513));
#2703=DIRECTION('center_axis',(0.99026806874157,0.126133665146146,-0.0588170940088063));
#2704=DIRECTION('ref_axis',(3.98274427907781E-16,0.422618261740699,0.90630778703665));
#2705=DIRECTION('',(0.0592906331641923,-0.764696789354228,-0.641656793909583));
#2706=DIRECTION('',(-3.37632564124071E-16,-0.422618261740699,-0.90630778703665));
#2707=DIRECTION('',(-0.0592906331641929,-1.66240481872304E-16,-0.998240762951999));
#2708=DIRECTION('',(0.138093079435041,-0.837974739198385,0.527947571144659));
#2709=DIRECTION('center_axis',(-0.103511199448583,0.542346418809945,0.833754036627556));
#2710=DIRECTION('ref_axis',(-0.994521895368273,-0.0441756374486023,-0.094734960226448));
#2711=DIRECTION('',(-0.980374553798715,0.0857716594666726,-0.177507624332884));
#2712=DIRECTION('',(2.69588952106264E-15,-0.838256911210632,0.545275481575698));
#2713=DIRECTION('',(0.992381254955074,2.05177357719422E-17,0.12320488956934));
#2714=DIRECTION('center_axis',(0.103511199448583,0.542346418809946,0.833754036627555));
#2715=DIRECTION('ref_axis',(-0.994521895368273,0.0441756374486017,0.0947349602264486));
#2716=DIRECTION('',(-0.980374553798715,-0.0857716594666718,0.177507624332884));
#2717=DIRECTION('',(0.992381254955074,-2.05177357719422E-17,-0.12320488956934));
#2718=DIRECTION('center_axis',(-0.258819045102521,-0.965925826289068,0.));
#2719=DIRECTION('ref_axis',(0.965925826289068,-0.258819045102521,0.));
#2720=DIRECTION('center_axis',(0.,1.,-1.66533453693773E-16));
#2721=DIRECTION('ref_axis',(-1.,0.,0.));
#2722=DIRECTION('',(0.960292099389683,4.64622617076564E-17,0.278996566017856));
#2723=DIRECTION('',(0.933629043028976,-5.96591565255435E-17,-0.358241273463568));
#2724=DIRECTION('',(1.,0.,0.));
#2725=DIRECTION('',(0.933629043028976,5.96591565255435E-17,0.358241273463568));
#2726=DIRECTION('',(0.960292099389683,-4.64622617076564E-17,-0.278996566017856));
#2727=DIRECTION('center_axis',(0.121869343405147,0.89955230622579,-0.419468129304076));
#2728=DIRECTION('ref_axis',(-8.32667268468867E-17,0.422618261740699,0.90630778703665));
#2729=DIRECTION('',(-0.960292099389683,0.213723769047256,0.17933553578137));
#2730=DIRECTION('',(2.31448982464062E-13,-0.422618261740725,-0.906307787036638));
#2731=DIRECTION('center_axis',(0.,0.642787609686539,-0.766044443118978));
#2732=DIRECTION('ref_axis',(1.,0.,0.));
#2733=DIRECTION('',(-0.960292099389683,-0.213723769047256,-0.17933553578137));
#2734=DIRECTION('',(-0.933629043028942,0.2744287368327,0.230273051860765));
#2735=DIRECTION('',(-0.933629043028942,-0.2744287368327,-0.230273051860765));
#2736=DIRECTION('center_axis',(-0.121869343405148,0.89955230622579,-0.419468129304076));
#2737=DIRECTION('ref_axis',(-2.77555756156289E-16,-0.4226182617407,-0.90630778703665));
#2738=DIRECTION('',(2.31051303800034E-13,0.422618261740725,0.906307787036638));
#2739=DIRECTION('center_axis',(0.,0.,1.));
#2740=DIRECTION('ref_axis',(0.,-1.,0.));
#2741=DIRECTION('',(-0.98436709149258,-0.17612901290372,0.));
#2742=DIRECTION('',(0.518924781827117,0.854819905480493,0.));
#2743=DIRECTION('',(-0.707106781186549,-0.707106781186546,0.));
#2744=DIRECTION('',(-0.996194698091746,-0.0871557427476561,0.));
#2745=DIRECTION('',(-0.996194698091746,0.0871557427476567,0.));
#2746=DIRECTION('',(-0.707106781186578,0.707106781186517,0.));
#2747=DIRECTION('',(0.518924781827117,-0.854819905480493,0.));
#2748=DIRECTION('',(-0.98436709149258,0.17612901290372,0.));
#2749=DIRECTION('center_axis',(0.160071158553662,-0.894621381109141,0.417168801160466));
#2750=DIRECTION('ref_axis',(0.,-0.422618261740759,-0.906307787036622));
#2751=DIRECTION('',(0.,-0.422618261740759,-0.906307787036622));
#2752=DIRECTION('',(0.985047602213243,0.117496306398277,-0.125999362524987));
#2753=DIRECTION('',(0.936222667044145,0.27153143092023,0.223064564050769));
#2754=DIRECTION('',(3.86336827779486E-14,0.422618261740765,0.906307787036619));
#2755=DIRECTION('',(0.852095860885951,0.338576147821107,0.399122582658072));
#2756=DIRECTION('',(-0.6419815545411,0.226677801039546,0.732445805602619));
#2757=DIRECTION('center_axis',(-0.707106781186546,0.0159323206722093,-0.706927267233342));
#2758=DIRECTION('ref_axis',(0.,0.999746128932739,0.0225317039747156));
#2759=DIRECTION('',(0.647379104433495,0.416728877078158,-0.638151500940069));
#2760=DIRECTION('',(0.70708434016204,0.00796691880378364,-0.70708434016204));
#2761=DIRECTION('',(0.572964569300169,-0.572964569300175,-0.586023211701838));
#2762=DIRECTION('center_axis',(-0.707106781186549,0.640856382055777,-0.298836238730141));
#2763=DIRECTION('ref_axis',(0.,0.42261826174073,0.906307787036636));
#2764=DIRECTION('',(0.664023331817193,0.747073458314604,0.0308911424886076));
#2765=DIRECTION('',(0.211541378239861,-0.211541378239859,-0.954201493702856));
#2766=DIRECTION('',(0.,-0.42261826174073,-0.906307787036636));
#2767=DIRECTION('center_axis',(-0.707106781186547,0.613997371872256,0.350723861939792));
#2768=DIRECTION('ref_axis',(0.,-0.495998442203123,0.868323410563182));
#2769=DIRECTION('',(0.664023331817191,0.747073458314606,0.0308911424886016));
#2770=DIRECTION('',(0.,0.495998442203123,-0.868323410563182));
#2771=DIRECTION('center_axis',(-0.707106781186551,0.640856382055774,-0.298836238730141));
#2772=DIRECTION('ref_axis',(0.,0.422618261740732,0.906307787036635));
#2773=DIRECTION('',(0.638230619643248,0.760367156448277,0.120430326515197));
#2774=DIRECTION('',(0.,-0.422618261740732,-0.906307787036635));
#2775=DIRECTION('',(0.432537568646339,0.726341011022123,0.534172245082871));
#2776=DIRECTION('center_axis',(-0.707106781186546,0.5171451618608,0.482245665158297));
#2777=DIRECTION('ref_axis',(0.,-0.681998360062497,0.731353701619171));
#2778=DIRECTION('',(0.664143851524343,0.251622835651109,0.703987850080743));
#2779=DIRECTION('center_axis',(-0.707106781186547,-0.0942983714008106,0.700790851218219));
#2780=DIRECTION('ref_axis',(0.,-0.99106792617979,-0.133358035744721));
#2781=DIRECTION('',(0.659531239497199,-0.445339382266908,0.605550475789935));
#2782=DIRECTION('',(0.,0.99106792617979,0.133358035744721));
#2783=DIRECTION('center_axis',(-0.707106781186548,-0.640856382055775,0.298836238730147));
#2784=DIRECTION('ref_axis',(0.,-0.422618261740738,-0.906307787036632));
#2785=DIRECTION('',(0.703923086390585,-0.67802969524307,0.211584547675257));
#2786=DIRECTION('',(0.,0.422618261740738,0.906307787036632));
#2787=DIRECTION('center_axis',(-0.707106781186549,-0.697076691026114,0.118676395412404));
#2788=DIRECTION('ref_axis',(0.,-0.167833767925774,-0.985815310463292));
#2789=DIRECTION('',(0.705847436605184,-0.705847436605188,0.0596556156264898));
#2790=DIRECTION('',(0.,0.167833767925774,0.985815310463292));
#2791=DIRECTION('center_axis',(-0.707106781186549,-0.707106781186546,0.));
#2792=DIRECTION('ref_axis',(0.,0.,-1.));
#2793=DIRECTION('',(0.577350269189625,-0.577350269189628,-0.577350269189625));
#2794=DIRECTION('',(0.,0.,1.));
#2795=DIRECTION('center_axis',(-0.707106781186548,0.,-0.707106781186548));
#2796=DIRECTION('ref_axis',(0.,1.,0.));
#2797=DIRECTION('center_axis',(1.,0.,0.));
#2798=DIRECTION('ref_axis',(0.,0.,-1.));
#2799=DIRECTION('center_axis',(-0.707106781186546,-0.0159323206722093,0.706927267233342));
#2800=DIRECTION('ref_axis',(0.,0.999746128932739,0.0225317039747156));
#2801=DIRECTION('',(-0.647379104433495,0.416728877078158,-0.638151500940069));
#2802=DIRECTION('',(-0.572964569300169,-0.572964569300175,-0.586023211701838));
#2803=DIRECTION('',(-0.70708434016204,0.00796691880378364,-0.70708434016204));
#2804=DIRECTION('center_axis',(-0.707106781186549,-0.640856382055777,0.298836238730141));
#2805=DIRECTION('ref_axis',(0.,0.42261826174073,0.906307787036636));
#2806=DIRECTION('',(-0.664023331817193,0.747073458314604,0.0308911424886076));
#2807=DIRECTION('',(0.,-0.42261826174073,-0.906307787036636));
#2808=DIRECTION('',(-0.211541378239861,-0.211541378239859,-0.954201493702856));
#2809=DIRECTION('center_axis',(-0.707106781186547,-0.613997371872256,-0.350723861939792));
#2810=DIRECTION('ref_axis',(0.,-0.495998442203123,0.868323410563182));
#2811=DIRECTION('',(-0.664023331817191,0.747073458314606,0.0308911424886016));
#2812=DIRECTION('',(0.,0.495998442203123,-0.868323410563182));
#2813=DIRECTION('center_axis',(-0.707106781186551,-0.640856382055774,0.298836238730141));
#2814=DIRECTION('ref_axis',(0.,0.422618261740732,0.906307787036635));
#2815=DIRECTION('',(-0.638230619643248,0.760367156448277,0.120430326515197));
#2816=DIRECTION('',(-0.432537568646339,0.726341011022123,0.534172245082871));
#2817=DIRECTION('',(0.,-0.422618261740732,-0.906307787036635));
#2818=DIRECTION('center_axis',(-0.707106781186546,-0.5171451618608,-0.482245665158297));
#2819=DIRECTION('ref_axis',(0.,-0.681998360062497,0.731353701619171));
#2820=DIRECTION('',(-0.664143851524343,0.251622835651109,0.703987850080743));
#2821=DIRECTION('center_axis',(-0.707106781186547,0.0942983714008106,-0.700790851218219));
#2822=DIRECTION('ref_axis',(0.,-0.99106792617979,-0.133358035744721));
#2823=DIRECTION('',(-0.659531239497199,-0.445339382266908,0.605550475789935));
#2824=DIRECTION('',(0.,0.99106792617979,0.133358035744721));
#2825=DIRECTION('center_axis',(-0.707106781186548,0.640856382055775,-0.298836238730147));
#2826=DIRECTION('ref_axis',(0.,-0.422618261740738,-0.906307787036632));
#2827=DIRECTION('',(-0.703923086390585,-0.67802969524307,0.211584547675257));
#2828=DIRECTION('',(0.,0.422618261740738,0.906307787036632));
#2829=DIRECTION('center_axis',(-0.707106781186549,0.697076691026114,-0.118676395412404));
#2830=DIRECTION('ref_axis',(0.,-0.167833767925774,-0.985815310463292));
#2831=DIRECTION('',(-0.705847436605184,-0.705847436605188,0.0596556156264898));
#2832=DIRECTION('',(0.,0.167833767925774,0.985815310463292));
#2833=DIRECTION('center_axis',(-0.707106781186549,0.707106781186546,0.));
#2834=DIRECTION('ref_axis',(0.,0.,-1.));
#2835=DIRECTION('',(-0.577350269189625,-0.577350269189628,-0.577350269189625));
#2836=DIRECTION('',(0.,0.,1.));
#2837=DIRECTION('center_axis',(-0.707106781186548,0.,0.707106781186548));
#2838=DIRECTION('ref_axis',(0.,1.,0.));
#2839=DIRECTION('center_axis',(1.,0.,0.));
#2840=DIRECTION('ref_axis',(0.,0.,-1.));
#2841=DIRECTION('center_axis',(-0.0871557427476572,-0.996194698091746,0.));
#2842=DIRECTION('ref_axis',(-0.996194698091746,0.0871557427476572,0.));
#2843=DIRECTION('',(0.,0.,-1.));
#2844=DIRECTION('center_axis',(0.0871557427476564,-0.996194698091746,0.));
#2845=DIRECTION('ref_axis',(-0.996194698091746,-0.0871557427476564,0.));
#2846=DIRECTION('center_axis',(0.,0.707106781186551,-0.707106781186544));
#2847=DIRECTION('ref_axis',(0.,0.707106781186544,0.707106781186551));
#2848=DIRECTION('',(-1.,0.,0.));
#2849=DIRECTION('center_axis',(0.,1.,0.));
#2850=DIRECTION('ref_axis',(0.,0.,1.));
#2851=DIRECTION('center_axis',(-0.350800434887293,0.684876350533445,0.638657529011344));
#2852=DIRECTION('ref_axis',(0.936450241541368,0.256559196584437,0.239245321302346));
#2853=DIRECTION('',(-0.890038034364076,-0.455886276811807,5.36432945206898E-16));
#2854=DIRECTION('',(-0.699885331491081,0.261369072768855,-0.664715526043711));
#2855=DIRECTION('',(0.707106781186545,0.640856382055781,-0.298836238730141));
#2856=DIRECTION('',(2.38944510961424E-14,-0.681998360062493,0.731353701619176));
#2857=DIRECTION('center_axis',(0.350800434887292,0.684876350533445,0.638657529011345));
#2858=DIRECTION('ref_axis',(0.936450241541368,-0.256559196584436,-0.239245321302345));
#2859=DIRECTION('',(0.936222667044146,-0.271531430920229,-0.223064564050768));
#2860=DIRECTION('',(0.707106781186545,-0.640856382055781,0.298836238730142));
#2861=DIRECTION('',(-0.699885331491081,-0.261369072768856,0.664715526043711));
#2862=DIRECTION('',(-0.890038034364077,0.455886276811806,-5.36432945206897E-16));
#2863=DIRECTION('',(2.37362096981548E-14,0.681998360062493,-0.731353701619176));
#2864=DIRECTION('center_axis',(-0.160071158553662,-0.894621381109141,0.417168801160466));
#2865=DIRECTION('ref_axis',(0.,-0.422618261740759,-0.906307787036622));
#2866=DIRECTION('',(-0.6419815545411,-0.226677801039546,-0.732445805602619));
#2867=DIRECTION('',(0.852095860885951,-0.338576147821107,-0.399122582658072));
#2868=DIRECTION('',(3.86336827779486E-14,-0.422618261740765,-0.906307787036619));
#2869=DIRECTION('',(0.985047602213243,-0.117496306398277,0.125999362524987));
#2870=DIRECTION('center_axis',(0.,-0.731353701619176,-0.681998360062493));
#2871=DIRECTION('ref_axis',(0.,0.681998360062493,-0.731353701619176));
#2872=DIRECTION('',(1.,0.,0.));
#2873=DIRECTION('center_axis',(0.,-1.1766814938111E-15,-1.));
#2874=DIRECTION('ref_axis',(0.,1.,-1.1766814938111E-15));
#2875=DIRECTION('',(0.133358035744714,0.991067926179791,-1.16617128784551E-15));
#2876=DIRECTION('',(-1.,0.,0.));
#2877=DIRECTION('',(0.133358035744714,-0.991067926179791,1.16617128784551E-15));
#2878=DIRECTION('center_axis',(-0.703927566165011,0.094720447560213,-0.703927566165012));
#2879=DIRECTION('ref_axis',(-0.0669774707868517,-0.995503910998843,-0.0669774707868511));
#2880=DIRECTION('',(-0.647400737516884,0.322098414629841,0.690742279258725));
#2881=DIRECTION('center_axis',(-0.703927566165011,-0.094720447560213,0.703927566165012));
#2882=DIRECTION('ref_axis',(0.0669774707868517,-0.995503910998843,-0.0669774707868511));
#2883=DIRECTION('',(-0.647400737516884,-0.322098414629841,-0.690742279258725));
#2884=DIRECTION('center_axis',(0.,0.90630778703662,-0.422618261740763));
#2885=DIRECTION('ref_axis',(0.,0.422618261740763,0.90630778703662));
#2886=DIRECTION('',(0.389281620635073,-0.389281620635075,-0.834817129478942));
#2887=DIRECTION('',(1.,0.,0.));
#2888=DIRECTION('',(0.389281620635073,0.389281620635075,0.834817129478942));
#2889=DIRECTION('center_axis',(-0.70710678118655,-0.640856382055777,0.298836238730141));
#2890=DIRECTION('ref_axis',(-1.64035451888367E-14,0.422618261740745,0.906307787036629));
#2891=DIRECTION('',(-0.707106781186545,0.640856382055771,-0.298836238730164));
#2892=DIRECTION('center_axis',(-0.49999999999999,-0.751990132248469,-0.429547251185409));
#2893=DIRECTION('ref_axis',(-0.500000000000013,-0.154317654788164,0.852165512926138));
#2894=DIRECTION('center_axis',(-0.632280199348978,-0.3838303979554,0.672975463978157));
#2895=DIRECTION('ref_axis',(0.316578188622052,0.664813750748123,0.676609878220082));
#2896=DIRECTION('center_axis',(-0.632280199348978,0.3838303979554,-0.672975463978157));
#2897=DIRECTION('ref_axis',(-0.316578188622052,0.664813750748123,0.676609878220082));
#2898=DIRECTION('center_axis',(-0.70710678118655,0.640856382055777,-0.298836238730141));
#2899=DIRECTION('ref_axis',(1.64035451888367E-14,0.422618261740745,0.906307787036629));
#2900=DIRECTION('',(0.707106781186545,0.640856382055771,-0.298836238730164));
#2901=DIRECTION('center_axis',(-0.49999999999999,0.751990132248469,0.429547251185409));
#2902=DIRECTION('ref_axis',(0.500000000000013,-0.154317654788164,0.852165512926138));
#2903=DIRECTION('center_axis',(0.,0.,1.));
#2904=DIRECTION('ref_axis',(1.,0.,0.));
#2905=DIRECTION('',(0.,0.,1.));
#2906=DIRECTION('',(0.,0.,1.));
#2907=DIRECTION('center_axis',(0.,0.,1.));
#2908=DIRECTION('ref_axis',(1.,0.,0.));
#2909=DIRECTION('',(0.,0.,1.));
#2910=DIRECTION('center_axis',(-0.0871557427476567,-0.996194698091746,0.));
#2911=DIRECTION('ref_axis',(0.996194698091746,-0.0871557427476567,0.));
#2912=DIRECTION('',(0.,0.,1.));
#2913=DIRECTION('',(0.,0.,1.));
#2914=DIRECTION('center_axis',(-0.707106781186517,-0.707106781186578,0.));
#2915=DIRECTION('ref_axis',(0.707106781186578,-0.707106781186517,0.));
#2916=DIRECTION('center_axis',(0.707106781186546,-0.707106781186549,0.));
#2917=DIRECTION('ref_axis',(0.707106781186549,0.707106781186546,0.));
#2918=DIRECTION('',(0.,0.,1.));
#2919=DIRECTION('center_axis',(0.0871557427476561,-0.996194698091746,0.));
#2920=DIRECTION('ref_axis',(0.996194698091746,0.0871557427476561,0.));
#2921=DIRECTION('center_axis',(0.70710678118655,-0.707106781186545,0.));
#2922=DIRECTION('ref_axis',(-0.707106781186545,-0.70710678118655,0.));
#2923=DIRECTION('',(0.707106781186545,0.70710678118655,0.));
#2924=DIRECTION('',(0.,0.,-1.));
#2925=DIRECTION('center_axis',(-0.70710678118655,-0.707106781186545,0.));
#2926=DIRECTION('ref_axis',(-0.707106781186545,0.70710678118655,0.));
#2927=DIRECTION('',(0.,0.,-1.));
#2928=DIRECTION('',(0.707106781186545,-0.70710678118655,0.));
#2929=DIRECTION('center_axis',(-1.,3.29597922457265E-15,0.));
#2930=DIRECTION('ref_axis',(3.29597922457265E-15,1.,0.));
#2931=DIRECTION('',(0.,0.,1.));
#2932=DIRECTION('',(-3.29597922457265E-15,-1.,0.));
#2933=DIRECTION('center_axis',(-0.258819045102521,-0.965925826289068,0.));
#2934=DIRECTION('ref_axis',(-0.965925826289068,0.258819045102521,0.));
#2935=DIRECTION('',(0.,0.,1.));
#2936=DIRECTION('',(0.965925826289068,-0.258819045102521,0.));
#2937=DIRECTION('center_axis',(0.258819045102521,-0.965925826289068,0.));
#2938=DIRECTION('ref_axis',(-0.965925826289068,-0.258819045102521,0.));
#2939=DIRECTION('',(0.,0.,1.));
#2940=DIRECTION('',(0.965925826289068,0.258819045102521,0.));
#2941=DIRECTION('center_axis',(1.,3.29597922457265E-15,0.));
#2942=DIRECTION('ref_axis',(3.29597922457265E-15,-1.,0.));
#2943=DIRECTION('',(-3.29597922457265E-15,1.,0.));
#2944=DIRECTION('center_axis',(0.,0.,-1.));
#2945=DIRECTION('ref_axis',(-1.,0.,0.));
#2946=CARTESIAN_POINT('',(0.,0.,0.));
#2947=CARTESIAN_POINT('Origin',(12.,-56.5678883122946,9.34873200498183));
#2948=CARTESIAN_POINT('',(12.,-57.5187794012112,7.30953948414937));
#2949=CARTESIAN_POINT('',(12.0166116476128,-57.5187793613743,7.30953946557312));
#2950=CARTESIAN_POINT('',(12.,-57.5187794012112,7.30953948414937));
#2951=CARTESIAN_POINT('',(12.,-57.554356076261,7.32651012035713));
#2952=CARTESIAN_POINT('Origin',(12.,-56.5678883122946,9.34873200498183));
#2953=CARTESIAN_POINT('Ctrl Pts',(12.0166116316339,-57.5187793551314,7.30953946266199));
#2954=CARTESIAN_POINT('Ctrl Pts',(12.0109635110758,-57.5306539163812,7.31507666118334));
#2955=CARTESIAN_POINT('Ctrl Pts',(12.0054258131666,-57.5425159812408,7.32073435848423));
#2956=CARTESIAN_POINT('Ctrl Pts',(12.,-57.554356076261,7.32651012035713));
#2957=CARTESIAN_POINT('Origin',(-12.,-56.5678883122946,9.34873200498183));
#2958=CARTESIAN_POINT('',(-12.,-57.5187794012112,7.30953948414937));
#2959=CARTESIAN_POINT('',(-12.0166116476128,-57.5187793613743,7.30953946557312));
#2960=CARTESIAN_POINT('',(-12.,-57.5187794012112,7.30953948414937));
#2961=CARTESIAN_POINT('',(-12.,-57.5543560762611,11.3709538896065));
#2962=CARTESIAN_POINT('Origin',(-12.,-56.5678883122946,9.34873200498183));
#2963=CARTESIAN_POINT('',(-17.25,-58.6999999999996,10.0674807449138));
#2964=CARTESIAN_POINT('Ctrl Pts',(-17.25,-58.6999999999991,10.0674807449138));
#2965=CARTESIAN_POINT('Ctrl Pts',(-17.25,-58.6665448680968,10.1667227661929));
#2966=CARTESIAN_POINT('Ctrl Pts',(-17.2494076441261,-58.6260513854344,10.2638507401134));
#2967=CARTESIAN_POINT('Ctrl Pts',(-17.2403888006874,-58.4211441553888,10.6723742572133));
#2968=CARTESIAN_POINT('Ctrl Pts',(-17.2154131619077,-58.1859692484463,10.9465064655836));
#2969=CARTESIAN_POINT('Ctrl Pts',(-17.0979864392491,-57.7873420636742,11.2472253716698));
#2970=CARTESIAN_POINT('Ctrl Pts',(-17.0397360065101,-57.6309217673458,11.3391617205311));
#2971=CARTESIAN_POINT('Ctrl Pts',(-16.8835552144931,-57.3173026407222,11.4771653646225));
#2972=CARTESIAN_POINT('Ctrl Pts',(-16.7852121597388,-57.1605369494464,11.523748801963));
#2973=CARTESIAN_POINT('Ctrl Pts',(-16.4336883722402,-56.7032336210394,11.6184254971153));
#2974=CARTESIAN_POINT('Ctrl Pts',(-16.0997725760886,-56.4232273784573,11.6021346507813));
#2975=CARTESIAN_POINT('Ctrl Pts',(-15.338179707562,-56.0466216438683,11.5457833167704));
#2976=CARTESIAN_POINT('Ctrl Pts',(-14.9100462362879,-55.95,11.5122277950239));
#2977=CARTESIAN_POINT('Ctrl Pts',(-14.0899537637121,-55.95,11.5122277950239));
#2978=CARTESIAN_POINT('Ctrl Pts',(-13.661820292438,-56.0466216438683,11.5457833167704));
#2979=CARTESIAN_POINT('Ctrl Pts',(-12.9002274239114,-56.4232273784573,11.6021346507813));
#2980=CARTESIAN_POINT('Ctrl Pts',(-12.5663116277598,-56.7032336210394,11.6184254971153));
#2981=CARTESIAN_POINT('Ctrl Pts',(-12.2147878402612,-57.1605369494464,11.523748801963));
#2982=CARTESIAN_POINT('Ctrl Pts',(-12.1164447855069,-57.3173026407222,11.4771653646225));
#2983=CARTESIAN_POINT('Ctrl Pts',(-12.025014515642,-57.5008993622631,11.3963762339064));
#2984=CARTESIAN_POINT('Ctrl Pts',(-12.0122229147523,-57.5276834895633,11.3839651457693));
#2985=CARTESIAN_POINT('Ctrl Pts',(-12.,-57.5543560762611,11.3709538896065));
#2986=CARTESIAN_POINT('',(-17.25,-58.6999999999996,8.6299832650499));
#2987=CARTESIAN_POINT('Ctrl Pts',(-17.25,-58.6999999999991,8.62998326504991));
#2988=CARTESIAN_POINT('Ctrl Pts',(-17.25,-58.7790245823471,8.86440348212897));
#2989=CARTESIAN_POINT('Ctrl Pts',(-17.247471991818,-58.8178883122946,9.11092216303329));
#2990=CARTESIAN_POINT('Ctrl Pts',(-17.247471991818,-58.8178883122946,9.58654184693037));
#2991=CARTESIAN_POINT('Ctrl Pts',(-17.25,-58.7790245823471,9.83306052783471));
#2992=CARTESIAN_POINT('Ctrl Pts',(-17.25,-58.6999999999991,10.0674807449138));
#2993=CARTESIAN_POINT('',(-16.9833883902873,-57.5187794012148,7.30953948415104));
#2994=CARTESIAN_POINT('Ctrl Pts',(-16.9833883902873,-57.5187794012183,7.30953948415271));
#2995=CARTESIAN_POINT('Ctrl Pts',(-17.0507937423174,-57.6604918542922,7.375621086277));
#2996=CARTESIAN_POINT('Ctrl Pts',(-17.1017806226569,-57.8002221357405,7.45995518882036));
#2997=CARTESIAN_POINT('Ctrl Pts',(-17.2154131619077,-58.1859692484463,7.75095754438006));
#2998=CARTESIAN_POINT('Ctrl Pts',(-17.2403888006874,-58.4211441553888,8.02508975275033));
#2999=CARTESIAN_POINT('Ctrl Pts',(-17.2494076441261,-58.6260513854344,8.43361326985028));
#3000=CARTESIAN_POINT('Ctrl Pts',(-17.25,-58.6665448680968,8.53074124377082));
#3001=CARTESIAN_POINT('Ctrl Pts',(-17.25,-58.6999999999992,8.6299832650499));
#3002=CARTESIAN_POINT('',(-18.5,-57.5187794012112,7.30953948414937));
#3003=CARTESIAN_POINT('',(-12.,-57.5187794012112,7.30953948414937));
#3004=CARTESIAN_POINT('Origin',(-18.5,-56.5678883122946,9.34873200498183));
#3005=CARTESIAN_POINT('Ctrl Pts',(-12.0166116316339,-57.5187793551314,7.309539462662));
#3006=CARTESIAN_POINT('Ctrl Pts',(-12.0236872252865,-57.5039036864301,7.30260282483568));
#3007=CARTESIAN_POINT('Ctrl Pts',(-12.0309361525574,-57.4890084083654,7.29585533061538));
#3008=CARTESIAN_POINT('Ctrl Pts',(-12.1164447855069,-57.3173026407223,7.22029864534119));
#3009=CARTESIAN_POINT('Ctrl Pts',(-12.2147878402612,-57.1605369494464,7.17371520800064));
#3010=CARTESIAN_POINT('Ctrl Pts',(-12.5663116277597,-56.7032336210395,7.07903851284836));
#3011=CARTESIAN_POINT('Ctrl Pts',(-12.9002274239113,-56.4232273784573,7.09532935918237));
#3012=CARTESIAN_POINT('Ctrl Pts',(-13.661820292438,-56.0466216438683,7.15168069319324));
#3013=CARTESIAN_POINT('Ctrl Pts',(-14.0899537637121,-55.95,7.18523621493977));
#3014=CARTESIAN_POINT('Ctrl Pts',(-14.5,-55.95,7.18523621493977));
#3015=CARTESIAN_POINT('Ctrl Pts',(-14.9100462362879,-55.95,7.18523621493977));
#3016=CARTESIAN_POINT('Ctrl Pts',(-15.338179707562,-56.0466216438683,7.15168069319324));
#3017=CARTESIAN_POINT('Ctrl Pts',(-16.0997725760887,-56.4232273784573,7.09532935918237));
#3018=CARTESIAN_POINT('Ctrl Pts',(-16.4336883722402,-56.7032336210395,7.07903851284836));
#3019=CARTESIAN_POINT('Ctrl Pts',(-16.7852121597388,-57.1605369494464,7.17371520800064));
#3020=CARTESIAN_POINT('Ctrl Pts',(-16.8835552144931,-57.3173026407223,7.22029864534119));
#3021=CARTESIAN_POINT('Ctrl Pts',(-16.9690639966644,-57.4890087080105,7.29585546246995));
#3022=CARTESIAN_POINT('Ctrl Pts',(-16.9763129026665,-57.5039039547258,7.30260294953475));
#3023=CARTESIAN_POINT('Ctrl Pts',(-16.9833883902873,-57.5187794012183,7.3095394841527));
#3024=CARTESIAN_POINT('Origin',(-12.,-56.5678883122946,9.34873200498183));
#3025=CARTESIAN_POINT('',(-12.,-57.5543560762612,7.32651012035719));
#3026=CARTESIAN_POINT('Ctrl Pts',(-12.,-57.5543560762611,7.32651012035718));
#3027=CARTESIAN_POINT('Ctrl Pts',(-12.0054258131665,-57.5425159812409,7.32073435848427));
#3028=CARTESIAN_POINT('Ctrl Pts',(-12.0109635110758,-57.5306539163812,7.31507666118336));
#3029=CARTESIAN_POINT('Ctrl Pts',(-12.0166116316339,-57.5187793551314,7.309539462662));
#3030=CARTESIAN_POINT('Origin',(-12.,-56.5678883122946,9.34873200498183));
#3031=CARTESIAN_POINT('Origin',(12.,-56.5678883122946,9.34873200498183));
#3032=CARTESIAN_POINT('',(16.9833883902873,-57.5187794012148,7.30953948415104));
#3033=CARTESIAN_POINT('Ctrl Pts',(16.9833883902873,-57.5187794012183,7.30953948415271));
#3034=CARTESIAN_POINT('Ctrl Pts',(16.9763129026665,-57.5039039547258,7.30260294953475));
#3035=CARTESIAN_POINT('Ctrl Pts',(16.9690639966644,-57.4890087080105,7.29585546246995));
#3036=CARTESIAN_POINT('Ctrl Pts',(16.8835552144931,-57.3173026407222,7.22029864534118));
#3037=CARTESIAN_POINT('Ctrl Pts',(16.7852121597388,-57.1605369494464,7.17371520800063));
#3038=CARTESIAN_POINT('Ctrl Pts',(16.4336883722402,-56.7032336210394,7.07903851284836));
#3039=CARTESIAN_POINT('Ctrl Pts',(16.0997725760887,-56.4232273784573,7.09532935918237));
#3040=CARTESIAN_POINT('Ctrl Pts',(15.338179707562,-56.0466216438683,7.15168069319324));
#3041=CARTESIAN_POINT('Ctrl Pts',(14.9100462362879,-55.95,7.18523621493977));
#3042=CARTESIAN_POINT('Ctrl Pts',(14.5,-55.95,7.18523621493977));
#3043=CARTESIAN_POINT('Ctrl Pts',(14.0899537637121,-55.95,7.18523621493977));
#3044=CARTESIAN_POINT('Ctrl Pts',(13.661820292438,-56.0466216438683,7.15168069319324));
#3045=CARTESIAN_POINT('Ctrl Pts',(12.9002274239113,-56.4232273784573,7.09532935918237));
#3046=CARTESIAN_POINT('Ctrl Pts',(12.5663116277598,-56.7032336210394,7.07903851284836));
#3047=CARTESIAN_POINT('Ctrl Pts',(12.2147878402612,-57.1605369494464,7.17371520800063));
#3048=CARTESIAN_POINT('Ctrl Pts',(12.1164447855069,-57.3173026407222,7.22029864534118));
#3049=CARTESIAN_POINT('Ctrl Pts',(12.0309361525574,-57.4890084083654,7.29585533061538));
#3050=CARTESIAN_POINT('Ctrl Pts',(12.0236872252865,-57.5039036864301,7.30260282483568));
#3051=CARTESIAN_POINT('Ctrl Pts',(12.0166116316339,-57.5187793551314,7.30953946266199));
#3052=CARTESIAN_POINT('',(18.5,-57.5187794012112,7.30953948414937));
#3053=CARTESIAN_POINT('',(12.,-57.5187794012112,7.30953948414937));
#3054=CARTESIAN_POINT('Origin',(18.5,-56.5678883122946,9.34873200498183));
#3055=CARTESIAN_POINT('',(12.,-57.554356076261,11.3709538896065));
#3056=CARTESIAN_POINT('Ctrl Pts',(12.,-57.554356076261,11.3709538896065));
#3057=CARTESIAN_POINT('Ctrl Pts',(12.0122229147523,-57.5276834895633,11.3839651457693));
#3058=CARTESIAN_POINT('Ctrl Pts',(12.025014515642,-57.5008993622631,11.3963762339064));
#3059=CARTESIAN_POINT('Ctrl Pts',(12.1164447855069,-57.3173026407222,11.4771653646225));
#3060=CARTESIAN_POINT('Ctrl Pts',(12.2147878402612,-57.1605369494464,11.523748801963));
#3061=CARTESIAN_POINT('Ctrl Pts',(12.5663116277598,-56.7032336210394,11.6184254971153));
#3062=CARTESIAN_POINT('Ctrl Pts',(12.9002274239113,-56.4232273784573,11.6021346507813));
#3063=CARTESIAN_POINT('Ctrl Pts',(13.661820292438,-56.0466216438683,11.5457833167704));
#3064=CARTESIAN_POINT('Ctrl Pts',(14.0899537637121,-55.95,11.5122277950239));
#3065=CARTESIAN_POINT('Ctrl Pts',(14.9100462362879,-55.95,11.5122277950239));
#3066=CARTESIAN_POINT('Ctrl Pts',(15.338179707562,-56.0466216438683,11.5457833167704));
#3067=CARTESIAN_POINT('Ctrl Pts',(16.0997725760887,-56.4232273784573,11.6021346507813));
#3068=CARTESIAN_POINT('Ctrl Pts',(16.4336883722402,-56.7032336210394,11.6184254971153));
#3069=CARTESIAN_POINT('Ctrl Pts',(16.7852121597388,-57.1605369494464,11.523748801963));
#3070=CARTESIAN_POINT('Ctrl Pts',(16.8835552144931,-57.3173026407222,11.4771653646225));
#3071=CARTESIAN_POINT('Ctrl Pts',(17.0397360065101,-57.6309217673458,11.3391617205311));
#3072=CARTESIAN_POINT('Ctrl Pts',(17.0979864392491,-57.7873420636742,11.2472253716698));
#3073=CARTESIAN_POINT('Ctrl Pts',(17.2154131619077,-58.1859692484463,10.9465064655836));
#3074=CARTESIAN_POINT('Ctrl Pts',(17.2403888006874,-58.4211441553888,10.6723742572133));
#3075=CARTESIAN_POINT('Ctrl Pts',(17.2542914011916,-58.7370098624626,10.0426328393223));
#3076=CARTESIAN_POINT('Ctrl Pts',(17.247471991818,-58.8178883122946,9.68721886911346));
#3077=CARTESIAN_POINT('Ctrl Pts',(17.247471991818,-58.8178883122946,9.0102451408502));
#3078=CARTESIAN_POINT('Ctrl Pts',(17.2542914011916,-58.7370098624626,8.65483117064138));
#3079=CARTESIAN_POINT('Ctrl Pts',(17.2403888006874,-58.4211441553888,8.02508975275033));
#3080=CARTESIAN_POINT('Ctrl Pts',(17.2154131619077,-58.1859692484463,7.75095754438006));
#3081=CARTESIAN_POINT('Ctrl Pts',(17.1017806226569,-57.8002221357405,7.45995518882036));
#3082=CARTESIAN_POINT('Ctrl Pts',(17.0507937423174,-57.6604918542922,7.375621086277));
#3083=CARTESIAN_POINT('Ctrl Pts',(16.9833883902873,-57.5187794012183,7.30953948415271));
#3084=CARTESIAN_POINT('Origin',(12.,-56.5678883122946,9.34873200498183));
#3085=CARTESIAN_POINT('Origin',(-11.375,-56.5678883122946,9.34873200498183));
#3086=CARTESIAN_POINT('Ctrl Pts',(-12.,-57.5543560762611,11.3709538896065));
#3087=CARTESIAN_POINT('Ctrl Pts',(-11.9359370870427,-57.6941528133403,11.2314803081293));
#3088=CARTESIAN_POINT('Ctrl Pts',(-11.8870200795856,-57.8341880857578,11.0799982020025));
#3089=CARTESIAN_POINT('Ctrl Pts',(-11.8055959795275,-58.1219327509369,10.7208230772652));
#3090=CARTESIAN_POINT('Ctrl Pts',(-11.7789301216714,-58.286353868735,10.4671288370717));
#3091=CARTESIAN_POINT('Ctrl Pts',(-11.754130135891,-58.5115083951482,9.91992204891023));
#3092=CARTESIAN_POINT('Ctrl Pts',(-11.7530310888197,-58.5709194011143,9.62600464642667));
#3093=CARTESIAN_POINT('Ctrl Pts',(-11.7530310888197,-58.5709194011143,9.07145936353699));
#3094=CARTESIAN_POINT('Ctrl Pts',(-11.754130135891,-58.5115083951482,8.77754196105344));
#3095=CARTESIAN_POINT('Ctrl Pts',(-11.7789301216714,-58.286353868735,8.23033517289195));
#3096=CARTESIAN_POINT('Ctrl Pts',(-11.8055959795275,-58.1219327509369,7.97664093269849));
#3097=CARTESIAN_POINT('Ctrl Pts',(-11.8870200795856,-57.8341880857578,7.61746580796124));
#3098=CARTESIAN_POINT('Ctrl Pts',(-11.9359370870427,-57.6941528133403,7.46598370183444));
#3099=CARTESIAN_POINT('Ctrl Pts',(-12.,-57.5543560762611,7.32651012035721));
#3100=CARTESIAN_POINT('',(-10.75,-56.9905065740353,8.44242421794518));
#3101=CARTESIAN_POINT('',(-11.375,-57.2546429876232,7.87598185104728));
#3102=CARTESIAN_POINT('Origin',(-10.75,-56.5678883122946,9.34873200498183));
#3103=CARTESIAN_POINT('Origin',(-9.99999999999999,-56.5678883122946,9.34873200498183));
#3104=CARTESIAN_POINT('',(-9.99999999999999,-56.9905065740353,8.44242421794518));
#3105=CARTESIAN_POINT('Origin',(-9.99999999999986,-56.5678883122946,9.34873200498183));
#3106=CARTESIAN_POINT('',(-9.99999999999999,-56.9905065740353,8.44242421794518));
#3107=CARTESIAN_POINT('Origin',(-11.375,-54.0321787418504,14.7865787272017));
#3108=CARTESIAN_POINT('',(-12.,-54.983069830767,12.7473862063693));
#3109=CARTESIAN_POINT('Origin',(-12.,-54.0321787418504,14.7865787272017));
#3110=CARTESIAN_POINT('',(-10.75,-54.4547970035911,13.8802709401651));
#3111=CARTESIAN_POINT('',(-11.375,-54.718933417179,13.3138285732672));
#3112=CARTESIAN_POINT('Origin',(-10.75,-54.0321787418504,14.7865787272017));
#3113=CARTESIAN_POINT('Origin',(-9.99999999999999,-54.0321787418504,14.7865787272017));
#3114=CARTESIAN_POINT('',(-9.99999999999999,-54.4547970035911,13.8802709401651));
#3115=CARTESIAN_POINT('Origin',(-9.99999999999986,-54.0321787418504,14.7865787272017));
#3116=CARTESIAN_POINT('',(-9.99999999999999,-54.4547970035911,13.8802709401651));
#3117=CARTESIAN_POINT('Origin',(11.375,-56.5678883122946,9.34873200498183));
#3118=CARTESIAN_POINT('',(10.75,-56.9905065740353,8.44242421794518));
#3119=CARTESIAN_POINT('Origin',(10.75,-56.5678883122946,9.34873200498183));
#3120=CARTESIAN_POINT('',(11.375,-57.2546429876232,7.87598185104728));
#3121=CARTESIAN_POINT('Ctrl Pts',(12.,-57.554356076261,7.32651012035712));
#3122=CARTESIAN_POINT('Ctrl Pts',(11.9359370870427,-57.6941528133402,7.46598370183438));
#3123=CARTESIAN_POINT('Ctrl Pts',(11.8870200795856,-57.8341880857578,7.61746580796122));
#3124=CARTESIAN_POINT('Ctrl Pts',(11.8055959795275,-58.1219327509369,7.97664093269849));
#3125=CARTESIAN_POINT('Ctrl Pts',(11.7789301216714,-58.286353868735,8.23033517289196));
#3126=CARTESIAN_POINT('Ctrl Pts',(11.754130135891,-58.5115083951482,8.77754196105344));
#3127=CARTESIAN_POINT('Ctrl Pts',(11.7530310888197,-58.5709194011143,9.071459363537));
#3128=CARTESIAN_POINT('Ctrl Pts',(11.7530310888197,-58.5709194011143,9.62600464642667));
#3129=CARTESIAN_POINT('Ctrl Pts',(11.754130135891,-58.5115083951482,9.91992204891022));
#3130=CARTESIAN_POINT('Ctrl Pts',(11.7789301216714,-58.286353868735,10.4671288370717));
#3131=CARTESIAN_POINT('Ctrl Pts',(11.8055959795275,-58.1219327509369,10.7208230772652));
#3132=CARTESIAN_POINT('Ctrl Pts',(11.8870200795856,-57.8341880857578,11.0799982020024));
#3133=CARTESIAN_POINT('Ctrl Pts',(11.9359370870427,-57.6941528133402,11.2314803081293));
#3134=CARTESIAN_POINT('Ctrl Pts',(12.,-57.554356076261,11.3709538896065));
#3135=CARTESIAN_POINT('Origin',(10.,-56.5678883122946,9.34873200498183));
#3136=CARTESIAN_POINT('',(10.,-56.9905065740353,8.44242421794518));
#3137=CARTESIAN_POINT('Origin',(10.0000000000001,-56.5678883122946,9.34873200498183));
#3138=CARTESIAN_POINT('',(10.,-56.9905065740353,8.44242421794518));
#3139=CARTESIAN_POINT('Origin',(11.375,-54.0321787418504,14.7865787272017));
#3140=CARTESIAN_POINT('',(10.75,-54.4547970035911,13.8802709401651));
#3141=CARTESIAN_POINT('Origin',(10.75,-54.0321787418504,14.7865787272017));
#3142=CARTESIAN_POINT('',(12.,-54.983069830767,12.7473862063693));
#3143=CARTESIAN_POINT('',(11.375,-54.718933417179,13.3138285732672));
#3144=CARTESIAN_POINT('Origin',(12.,-54.0321787418504,14.7865787272017));
#3145=CARTESIAN_POINT('Origin',(10.,-54.0321787418504,14.7865787272017));
#3146=CARTESIAN_POINT('',(10.,-54.4547970035911,13.8802709401651));
#3147=CARTESIAN_POINT('Origin',(10.0000000000001,-54.0321787418504,14.7865787272017));
#3148=CARTESIAN_POINT('',(10.,-54.4547970035911,13.8802709401651));
#3149=CARTESIAN_POINT('Origin',(-12.,-54.0321787418504,14.7865787272017));
#3150=CARTESIAN_POINT('',(-18.5,-54.983069830767,12.7473862063693));
#3151=CARTESIAN_POINT('',(-12.,-54.983069830767,12.7473862063693));
#3152=CARTESIAN_POINT('',(-18.5,-52.45,16.3863319671849));
#3153=CARTESIAN_POINT('Origin',(-18.5,-54.0321787418504,14.7865787272017));
#3154=CARTESIAN_POINT('',(-18.5,-52.45,13.1868254872186));
#3155=CARTESIAN_POINT('Origin',(-20.0821787418504,-54.0321787418504,14.7865787272017));
#3156=CARTESIAN_POINT('Origin',(-18.5,-54.0321787418504,14.7865787272017));
#3157=CARTESIAN_POINT('',(-14.5,-55.95,13.6099472548241));
#3158=CARTESIAN_POINT('Ctrl Pts',(-14.5,-55.95,13.6099472548241));
#3159=CARTESIAN_POINT('Ctrl Pts',(-14.6547560214872,-55.95,13.6099472548241));
#3160=CARTESIAN_POINT('Ctrl Pts',(-14.821276622911,-55.9642682018082,13.6321809205933));
#3161=CARTESIAN_POINT('Ctrl Pts',(-15.1323803097444,-56.0190410690823,13.729231320216));
#3162=CARTESIAN_POINT('Ctrl Pts',(-15.2768681848402,-56.0591256068671,13.8045891367629));
#3163=CARTESIAN_POINT('Ctrl Pts',(-15.4894621852457,-56.1321733677642,13.974498873433));
#3164=CARTESIAN_POINT('Ctrl Pts',(-15.5865055700148,-56.1727751658054,14.0848147963535));
#3165=CARTESIAN_POINT('Ctrl Pts',(-15.6995864153099,-56.2248247504602,14.274437042491));
#3166=CARTESIAN_POINT('Ctrl Pts',(-15.7419495188795,-56.2462209228836,14.37263388782));
#3167=CARTESIAN_POINT('Ctrl Pts',(-15.7972100256519,-56.2749811916289,14.5788034231049));
#3168=CARTESIAN_POINT('Ctrl Pts',(-15.810206229431,-56.2821787418504,14.6867728185061));
#3169=CARTESIAN_POINT('Ctrl Pts',(-15.810206229431,-56.2821787418504,14.8863846358973));
#3170=CARTESIAN_POINT('Ctrl Pts',(-15.7972100256519,-56.2749811916289,14.9943540312986));
#3171=CARTESIAN_POINT('Ctrl Pts',(-15.7419495188795,-56.2462209228836,15.2005235665835));
#3172=CARTESIAN_POINT('Ctrl Pts',(-15.6995864153099,-56.2248247504602,15.2987204119125));
#3173=CARTESIAN_POINT('Ctrl Pts',(-15.5865055700148,-56.1727751658054,15.48834265805));
#3174=CARTESIAN_POINT('Ctrl Pts',(-15.4894621852457,-56.1321733677642,15.5986585809705));
#3175=CARTESIAN_POINT('Ctrl Pts',(-15.2768681848402,-56.0591256068671,15.7685683176406));
#3176=CARTESIAN_POINT('Ctrl Pts',(-15.1323803097444,-56.0190410690823,15.8439261341875));
#3177=CARTESIAN_POINT('Ctrl Pts',(-14.821276622911,-55.9642682018082,15.9409765338101));
#3178=CARTESIAN_POINT('Ctrl Pts',(-14.6547560214872,-55.95,15.9632101995793));
#3179=CARTESIAN_POINT('Ctrl Pts',(-14.3452439785128,-55.95,15.9632101995793));
#3180=CARTESIAN_POINT('Ctrl Pts',(-14.178723377089,-55.9642682018082,15.9409765338101));
#3181=CARTESIAN_POINT('Ctrl Pts',(-13.8676196902556,-56.0190410690823,15.8439261341875));
#3182=CARTESIAN_POINT('Ctrl Pts',(-13.7231318151598,-56.0591256068671,15.7685683176406));
#3183=CARTESIAN_POINT('Ctrl Pts',(-13.5105378147543,-56.1321733677642,15.5986585809705));
#3184=CARTESIAN_POINT('Ctrl Pts',(-13.4134944299852,-56.1727751658054,15.48834265805));
#3185=CARTESIAN_POINT('Ctrl Pts',(-13.3004135846901,-56.2248247504601,15.2987204119125));
#3186=CARTESIAN_POINT('Ctrl Pts',(-13.2580504811205,-56.2462209228836,15.2005235665835));
#3187=CARTESIAN_POINT('Ctrl Pts',(-13.2027899743481,-56.2749811916289,14.9943540312986));
#3188=CARTESIAN_POINT('Ctrl Pts',(-13.189793770569,-56.2821787418504,14.8863846358973));
#3189=CARTESIAN_POINT('Ctrl Pts',(-13.189793770569,-56.2821787418504,14.6867728185061));
#3190=CARTESIAN_POINT('Ctrl Pts',(-13.2027899743481,-56.2749811916289,14.5788034231049));
#3191=CARTESIAN_POINT('Ctrl Pts',(-13.2580504811205,-56.2462209228836,14.37263388782));
#3192=CARTESIAN_POINT('Ctrl Pts',(-13.3004135846901,-56.2248247504602,14.274437042491));
#3193=CARTESIAN_POINT('Ctrl Pts',(-13.4134944299852,-56.1727751658054,14.0848147963535));
#3194=CARTESIAN_POINT('Ctrl Pts',(-13.5105378147543,-56.1321733677642,13.974498873433));
#3195=CARTESIAN_POINT('Ctrl Pts',(-13.7231318151598,-56.0591256068671,13.8045891367629));
#3196=CARTESIAN_POINT('Ctrl Pts',(-13.8676196902556,-56.0190410690823,13.729231320216));
#3197=CARTESIAN_POINT('Ctrl Pts',(-14.178723377089,-55.9642682018082,13.6321809205933));
#3198=CARTESIAN_POINT('Ctrl Pts',(-14.3452439785128,-55.95,13.6099472548241));
#3199=CARTESIAN_POINT('Ctrl Pts',(-14.5,-55.95,13.6099472548241));
#3200=CARTESIAN_POINT('Origin',(12.,-54.0321787418504,14.7865787272017));
#3201=CARTESIAN_POINT('',(18.5,-54.983069830767,12.7473862063693));
#3202=CARTESIAN_POINT('',(12.,-54.983069830767,12.7473862063693));
#3203=CARTESIAN_POINT('',(18.5,-52.45,13.1868254872186));
#3204=CARTESIAN_POINT('Origin',(18.5,-54.0321787418504,14.7865787272017));
#3205=CARTESIAN_POINT('',(18.5,-52.45,16.3863319671849));
#3206=CARTESIAN_POINT('Origin',(20.0821787418504,-54.0321787418504,14.7865787272017));
#3207=CARTESIAN_POINT('Origin',(18.5,-54.0321787418504,14.7865787272017));
#3208=CARTESIAN_POINT('',(14.5,-55.95,13.6099472548241));
#3209=CARTESIAN_POINT('Ctrl Pts',(14.5,-55.95,13.6099472548241));
#3210=CARTESIAN_POINT('Ctrl Pts',(14.3452439785128,-55.95,13.6099472548241));
#3211=CARTESIAN_POINT('Ctrl Pts',(14.178723377089,-55.9642682018082,13.6321809205933));
#3212=CARTESIAN_POINT('Ctrl Pts',(13.8676196902556,-56.0190410690823,13.729231320216));
#3213=CARTESIAN_POINT('Ctrl Pts',(13.7231318151598,-56.0591256068671,13.8045891367629));
#3214=CARTESIAN_POINT('Ctrl Pts',(13.5105378147543,-56.1321733677642,13.974498873433));
#3215=CARTESIAN_POINT('Ctrl Pts',(13.4134944299852,-56.1727751658054,14.0848147963535));
#3216=CARTESIAN_POINT('Ctrl Pts',(13.3004135846901,-56.2248247504601,14.274437042491));
#3217=CARTESIAN_POINT('Ctrl Pts',(13.2580504811204,-56.2462209228836,14.37263388782));
#3218=CARTESIAN_POINT('Ctrl Pts',(13.2027899743481,-56.2749811916289,14.5788034231049));
#3219=CARTESIAN_POINT('Ctrl Pts',(13.189793770569,-56.2821787418504,14.6867728185061));
#3220=CARTESIAN_POINT('Ctrl Pts',(13.189793770569,-56.2821787418504,14.8863846358973));
#3221=CARTESIAN_POINT('Ctrl Pts',(13.2027899743481,-56.2749811916289,14.9943540312986));
#3222=CARTESIAN_POINT('Ctrl Pts',(13.2580504811204,-56.2462209228836,15.2005235665835));
#3223=CARTESIAN_POINT('Ctrl Pts',(13.3004135846901,-56.2248247504601,15.2987204119125));
#3224=CARTESIAN_POINT('Ctrl Pts',(13.4134944299852,-56.1727751658054,15.48834265805));
#3225=CARTESIAN_POINT('Ctrl Pts',(13.5105378147543,-56.1321733677642,15.5986585809705));
#3226=CARTESIAN_POINT('Ctrl Pts',(13.7231318151598,-56.0591256068671,15.7685683176406));
#3227=CARTESIAN_POINT('Ctrl Pts',(13.8676196902556,-56.0190410690823,15.8439261341875));
#3228=CARTESIAN_POINT('Ctrl Pts',(14.178723377089,-55.9642682018082,15.9409765338101));
#3229=CARTESIAN_POINT('Ctrl Pts',(14.3452439785128,-55.95,15.9632101995794));
#3230=CARTESIAN_POINT('Ctrl Pts',(14.6547560214872,-55.95,15.9632101995794));
#3231=CARTESIAN_POINT('Ctrl Pts',(14.821276622911,-55.9642682018082,15.9409765338101));
#3232=CARTESIAN_POINT('Ctrl Pts',(15.1323803097444,-56.0190410690823,15.8439261341875));
#3233=CARTESIAN_POINT('Ctrl Pts',(15.2768681848402,-56.0591256068671,15.7685683176406));
#3234=CARTESIAN_POINT('Ctrl Pts',(15.4894621852457,-56.1321733677642,15.5986585809705));
#3235=CARTESIAN_POINT('Ctrl Pts',(15.5865055700148,-56.1727751658054,15.48834265805));
#3236=CARTESIAN_POINT('Ctrl Pts',(15.6995864153099,-56.2248247504601,15.2987204119125));
#3237=CARTESIAN_POINT('Ctrl Pts',(15.7419495188796,-56.2462209228836,15.2005235665835));
#3238=CARTESIAN_POINT('Ctrl Pts',(15.7972100256519,-56.2749811916289,14.9943540312986));
#3239=CARTESIAN_POINT('Ctrl Pts',(15.810206229431,-56.2821787418504,14.8863846358973));
#3240=CARTESIAN_POINT('Ctrl Pts',(15.810206229431,-56.2821787418504,14.6867728185061));
#3241=CARTESIAN_POINT('Ctrl Pts',(15.7972100256519,-56.2749811916289,14.5788034231049));
#3242=CARTESIAN_POINT('Ctrl Pts',(15.7419495188796,-56.2462209228836,14.37263388782));
#3243=CARTESIAN_POINT('Ctrl Pts',(15.6995864153099,-56.2248247504601,14.274437042491));
#3244=CARTESIAN_POINT('Ctrl Pts',(15.5865055700148,-56.1727751658054,14.0848147963535));
#3245=CARTESIAN_POINT('Ctrl Pts',(15.4894621852457,-56.1321733677642,13.974498873433));
#3246=CARTESIAN_POINT('Ctrl Pts',(15.2768681848402,-56.0591256068671,13.8045891367629));
#3247=CARTESIAN_POINT('Ctrl Pts',(15.1323803097444,-56.0190410690823,13.729231320216));
#3248=CARTESIAN_POINT('Ctrl Pts',(14.821276622911,-55.9642682018082,13.6321809205933));
#3249=CARTESIAN_POINT('Ctrl Pts',(14.6547560214872,-55.95,13.6099472548241));
#3250=CARTESIAN_POINT('Ctrl Pts',(14.5,-55.95,13.6099472548241));
#3251=CARTESIAN_POINT('Origin',(-9.99999999999986,-61.7036305634794,30.));
#3252=CARTESIAN_POINT('',(-9.99999999999999,-60.0976802775362,25.0942867254299));
#3253=CARTESIAN_POINT('',(-9.99999999999991,-67.8072784920758,8.56100000000001));
#3254=CARTESIAN_POINT('',(-9.99999999999981,-63.4341978651305,17.9391016684289));
#3255=CARTESIAN_POINT('',(-9.99999999999982,-62.9271197418535,8.56100000000001));
#3256=CARTESIAN_POINT('',(-9.9999999999998,-63.9760499766858,8.56100000000001));
#3257=CARTESIAN_POINT('',(-9.99999999999982,-62.9271197418535,2.47155048397692E-15));
#3258=CARTESIAN_POINT('',(-9.99999999999982,-62.9271197418535,15.));
#3259=CARTESIAN_POINT('',(-10.0000000000001,-52.45,-1.11796908935505E-14));
#3260=CARTESIAN_POINT('',(-9.99999999999987,-61.030242406486,0.));
#3261=CARTESIAN_POINT('',(-10.0000000000001,-52.45,30.));
#3262=CARTESIAN_POINT('',(-10.0000000000001,-52.45,27.5));
#3263=CARTESIAN_POINT('',(-9.99999999999986,-61.7036305634794,30.));
#3264=CARTESIAN_POINT('',(-9.99999999999999,-56.7227815245647,30.));
#3265=CARTESIAN_POINT('',(-9.99999999999986,-61.7036305634794,26.1389370036956));
#3266=CARTESIAN_POINT('',(-9.99999999999986,-61.7036305634794,30.));
#3267=CARTESIAN_POINT('',(-9.99999999999985,-61.7830645742062,26.190607819496));
#3268=CARTESIAN_POINT('Origin',(10.0000000000001,-52.95,30.));
#3269=CARTESIAN_POINT('',(10.0000000000003,-67.8072784920787,8.56100000000001));
#3270=CARTESIAN_POINT('',(10.,-60.0976802775362,25.0942867254299));
#3271=CARTESIAN_POINT('',(10.0000000000002,-58.519871689874,28.4779081609149));
#3272=CARTESIAN_POINT('',(10.0000000000003,-61.7036305634793,26.1389370036955));
#3273=CARTESIAN_POINT('',(10.0000000000002,-58.7692273223693,24.2301449388348));
#3274=CARTESIAN_POINT('',(10.0000000000003,-61.7036305634793,30.));
#3275=CARTESIAN_POINT('',(10.0000000000003,-61.7036305634793,30.));
#3276=CARTESIAN_POINT('',(10.0000000000001,-52.45,30.));
#3277=CARTESIAN_POINT('',(10.0000000000001,-52.3459662428247,30.));
#3278=CARTESIAN_POINT('',(10.0000000000003,-52.45,-1.03022947676699E-14));
#3279=CARTESIAN_POINT('',(10.0000000000001,-52.45,27.5));
#3280=CARTESIAN_POINT('',(10.0000000000003,-62.9271197418539,3.34894660985807E-15));
#3281=CARTESIAN_POINT('',(10.0000000000003,-66.3034049821804,7.7481026671245E-15));
#3282=CARTESIAN_POINT('',(10.0000000000004,-62.9271197418539,8.56100000000001));
#3283=CARTESIAN_POINT('',(10.0000000000004,-62.9271197418539,15.));
#3284=CARTESIAN_POINT('',(10.0000000000003,-59.5992346949461,8.56100000000001));
#3285=CARTESIAN_POINT('Origin',(-18.5,-67.8317377771457,13.75));
#3286=CARTESIAN_POINT('',(-18.5,-52.45,-1.03022947676699E-14));
#3287=CARTESIAN_POINT('',(-18.5,-52.45,19.375));
#3288=CARTESIAN_POINT('',(-18.5,-60.6396969619669,3.68532023590525E-16));
#3289=CARTESIAN_POINT('',(-18.5,-60.3568542494923,0.));
#3290=CARTESIAN_POINT('',(-18.5,-60.6396969619669,-0.606558154317351));
#3291=CARTESIAN_POINT('',(-18.5,-60.6396969619669,6.875));
#3292=CARTESIAN_POINT('',(-18.5,-61.7651504801059,-3.02010101267767));
#3293=CARTESIAN_POINT('',(-18.5,-62.6883925402678,-5.00000000000001));
#3294=CARTESIAN_POINT('',(-18.5,-72.7527388069532,-4.49859018393763));
#3295=CARTESIAN_POINT('',(-18.5,-63.7016922927272,-3.28068195314273));
#3296=CARTESIAN_POINT('',(-18.5,-75.0809769236773,-2.00186047807592));
#3297=CARTESIAN_POINT('',(-18.5,-79.2904122752751,2.51220627984935));
#3298=CARTESIAN_POINT('',(-18.5,-71.5902413437383,5.48404613077149));
#3299=CARTESIAN_POINT('',(-18.5,-72.3589596656303,3.83552436955171));
#3300=CARTESIAN_POINT('',(-18.5,-74.1675248508505,9.99598692426181));
#3301=CARTESIAN_POINT('',(-18.5,-73.3374851730233,8.54287170730201));
#3302=CARTESIAN_POINT('',(-18.5,-64.8755002232649,29.922798043661));
#3303=CARTESIAN_POINT('',(-18.5,-67.9314926052246,23.3692012315249));
#3304=CARTESIAN_POINT('',(-18.5,-60.3568542494872,32.5));
#3305=CARTESIAN_POINT('',(-18.5,-69.4708338059785,27.3018574415115));
#3306=CARTESIAN_POINT('',(-18.5,-60.3568542494872,30.));
#3307=CARTESIAN_POINT('',(-18.5,-60.3568542494872,21.875));
#3308=CARTESIAN_POINT('',(-18.5,-52.45,30.));
#3309=CARTESIAN_POINT('',(-18.5,-59.7868351313977,30.));
#3310=CARTESIAN_POINT('',(-18.5,-52.45,19.375));
#3311=CARTESIAN_POINT('',(-18.5,-63.1156229235534,-1.18379534730352));
#3312=CARTESIAN_POINT('',(-18.5,-61.6309947711074,2.00000000000001));
#3313=CARTESIAN_POINT('',(-18.5,-60.6767988533949,4.04627974905604));
#3314=CARTESIAN_POINT('',(-18.5,-60.95,6.00000000000001));
#3315=CARTESIAN_POINT('',(-18.5,-60.7462896230535,7.19654590953929));
#3316=CARTESIAN_POINT('',(-18.5,-60.95,28.));
#3317=CARTESIAN_POINT('',(-18.5,-60.95,9.87500000000001));
#3318=CARTESIAN_POINT('',(-18.5,-61.4274654355884,28.));
#3319=CARTESIAN_POINT('',(-18.5,-64.3908688885729,28.));
#3320=CARTESIAN_POINT('',(-18.5,-63.5880664021107,27.9513056165192));
#3321=CARTESIAN_POINT('',(-18.5,-64.7884735880592,27.9242515289067));
#3322=CARTESIAN_POINT('',(-18.5,-71.9173826569903,10.0890292648188));
#3323=CARTESIAN_POINT('',(-18.5,-66.6867472141484,21.3061631706548));
#3324=CARTESIAN_POINT('',(-18.5,-69.3400991498785,5.57708847132928));
#3325=CARTESIAN_POINT('',(-18.5,-72.2031851679007,10.5893715842804));
#3326=CARTESIAN_POINT('',(-18.5,-72.6982421157694,-1.62447235908365));
#3327=CARTESIAN_POINT('',(-18.5,-67.6401944418655,9.22254588186964));
#3328=CARTESIAN_POINT('',(-18.5,-71.9950028584125,-2.37860413433422));
#3329=CARTESIAN_POINT('',(-18.5,-75.400738805928,1.27360053038769));
#3330=CARTESIAN_POINT('',(-18.5,-68.8845572536547,-1.96006277588241));
#3331=CARTESIAN_POINT('Origin',(18.5,-67.8317377771457,13.75));
#3332=CARTESIAN_POINT('',(18.5,-52.45,30.));
#3333=CARTESIAN_POINT('',(18.5,-52.45,19.375));
#3334=CARTESIAN_POINT('',(18.5,-60.3568542494924,30.));
#3335=CARTESIAN_POINT('',(18.5,-59.7868351313977,30.));
#3336=CARTESIAN_POINT('',(18.5,-60.3568542494924,32.5));
#3337=CARTESIAN_POINT('',(18.5,-60.3568542494924,21.875));
#3338=CARTESIAN_POINT('',(18.5,-64.8755002232649,29.922798043661));
#3339=CARTESIAN_POINT('',(18.5,-69.4708338059785,27.3018574415115));
#3340=CARTESIAN_POINT('',(18.5,-74.1675248508505,9.99598692426181));
#3341=CARTESIAN_POINT('',(18.5,-67.9314926052246,23.3692012315249));
#3342=CARTESIAN_POINT('',(18.5,-71.5902413437383,5.48404613077149));
#3343=CARTESIAN_POINT('',(18.5,-73.3374851730233,8.54287170730201));
#3344=CARTESIAN_POINT('',(18.5,-75.0809769236773,-2.0018604780759));
#3345=CARTESIAN_POINT('',(18.5,-72.3589596656303,3.83552436955171));
#3346=CARTESIAN_POINT('',(18.5,-72.7527388069531,-4.49859018393763));
#3347=CARTESIAN_POINT('',(18.5,-79.2904122752751,2.51220627984937));
#3348=CARTESIAN_POINT('',(18.5,-61.7651504801059,-3.02010101267767));
#3349=CARTESIAN_POINT('',(18.5,-63.7016922927272,-3.28068195314273));
#3350=CARTESIAN_POINT('',(18.5,-60.6396969619669,-0.606558154317362));
#3351=CARTESIAN_POINT('',(18.5,-62.6883925402678,-5.00000000000001));
#3352=CARTESIAN_POINT('',(18.5,-60.6396969619669,3.68532023590526E-16));
#3353=CARTESIAN_POINT('',(18.5,-60.6396969619669,6.875));
#3354=CARTESIAN_POINT('',(18.5,-52.45,-1.03022947676699E-14));
#3355=CARTESIAN_POINT('',(18.5,-60.3568542494923,0.));
#3356=CARTESIAN_POINT('',(18.5,-52.45,19.375));
#3357=CARTESIAN_POINT('',(18.5,-60.95,28.));
#3358=CARTESIAN_POINT('',(18.5,-60.95,6.00000000000001));
#3359=CARTESIAN_POINT('',(18.5,-60.95,9.87500000000001));
#3360=CARTESIAN_POINT('',(18.5,-61.6309947711074,2.00000000000001));
#3361=CARTESIAN_POINT('',(18.5,-60.7462896230535,7.19654590953929));
#3362=CARTESIAN_POINT('',(18.5,-63.1156229235534,-1.18379534730352));
#3363=CARTESIAN_POINT('',(18.5,-60.6767988533949,4.04627974905604));
#3364=CARTESIAN_POINT('',(18.5,-71.9950028584125,-2.37860413433422));
#3365=CARTESIAN_POINT('',(18.5,-68.8845572536547,-1.96006277588241));
#3366=CARTESIAN_POINT('',(18.5,-72.6982421157694,-1.62447235908365));
#3367=CARTESIAN_POINT('',(18.5,-75.400738805928,1.27360053038769));
#3368=CARTESIAN_POINT('',(18.5,-69.3400991498785,5.57708847132928));
#3369=CARTESIAN_POINT('',(18.5,-67.6401944418655,9.22254588186964));
#3370=CARTESIAN_POINT('',(18.5,-71.9173826569903,10.0890292648188));
#3371=CARTESIAN_POINT('',(18.5,-72.2031851679007,10.5893715842804));
#3372=CARTESIAN_POINT('',(18.5,-63.5880664021107,27.9513056165192));
#3373=CARTESIAN_POINT('',(18.5,-66.6867472141484,21.3061631706548));
#3374=CARTESIAN_POINT('',(18.5,-61.4274654355884,28.));
#3375=CARTESIAN_POINT('',(18.5,-64.7884735880592,27.9242515289067));
#3376=CARTESIAN_POINT('',(18.5,-64.3908688885729,28.));
#3377=CARTESIAN_POINT('Origin',(-11.2500000000001,-51.2,27.5));
#3378=CARTESIAN_POINT('',(-12.5000000000002,-49.95,-1.33226762955019E-14));
#3379=CARTESIAN_POINT('',(-6.14828643762693,-56.3017135623731,-4.44089209850063E-15));
#3380=CARTESIAN_POINT('',(-12.5000000000002,-49.95,2.));
#3381=CARTESIAN_POINT('',(-12.5000000000002,-49.95,27.5));
#3382=CARTESIAN_POINT('',(-11.5000000000001,-50.95,3.));
#3383=CARTESIAN_POINT('',(-4.75,-57.7,9.74999999999993));
#3384=CARTESIAN_POINT('',(-11.5000000000002,-50.95,27.));
#3385=CARTESIAN_POINT('',(-11.5000000000001,-50.95,16.75));
#3386=CARTESIAN_POINT('',(-12.5000000000002,-49.95,28.));
#3387=CARTESIAN_POINT('',(-8.58333333333338,-53.8666666666667,24.0833333333333));
#3388=CARTESIAN_POINT('',(-12.5000000000002,-49.95,30.));
#3389=CARTESIAN_POINT('',(-12.5000000000002,-49.95,26.25));
#3390=CARTESIAN_POINT('',(-8.30201687858762,-54.1479831214124,30.));
#3391=CARTESIAN_POINT('Origin',(0.,-49.95,25.));
#3392=CARTESIAN_POINT('',(-16.,-49.95,-1.33226762955019E-14));
#3393=CARTESIAN_POINT('',(0.,-49.95,-1.33226762955019E-14));
#3394=CARTESIAN_POINT('',(-16.,-49.95,2.));
#3395=CARTESIAN_POINT('',(-16.,-49.95,22.1875));
#3396=CARTESIAN_POINT('',(0.,-49.95,2.));
#3397=CARTESIAN_POINT('Origin',(0.,-60.3568542494923,0.));
#3398=CARTESIAN_POINT('',(-12.7,-65.3357000656915,6.48722432243607E-15));
#3399=CARTESIAN_POINT('',(-5.91161400052294,-59.2800063808926,-1.40308696887435E-15));
#3400=CARTESIAN_POINT('',(-12.7,-71.5264928953046,4.15843960767646E-15));
#3401=CARTESIAN_POINT('',(-12.7,-61.5062088191231,1.49756011623262E-15));
#3402=CARTESIAN_POINT('',(4.44089209850063E-15,-74.9294476391798,4.93583754506405E-15));
#3403=CARTESIAN_POINT('',(-6.82157417371086,-73.101612348225,1.66058777021497E-14));
#3404=CARTESIAN_POINT('',(12.7,-71.5264928953046,4.15843960767646E-15));
#3405=CARTESIAN_POINT('',(6.82157417371086,-73.101612348225,1.66058777021497E-14));
#3406=CARTESIAN_POINT('',(12.7,-65.3357000656915,6.48722432243606E-15));
#3407=CARTESIAN_POINT('',(12.7,-65.9416735723985,7.27678202648693E-15));
#3408=CARTESIAN_POINT('',(7.26161400052301,-60.4842965428116,1.66051887414924E-16));
#3409=CARTESIAN_POINT('',(12.5,-49.95,-1.33226762955019E-14));
#3410=CARTESIAN_POINT('',(6.148286437627,-56.3017135623732,-4.44089209850063E-15));
#3411=CARTESIAN_POINT('',(16.,-49.95,-1.33226762955019E-14));
#3412=CARTESIAN_POINT('',(0.,-49.95,-1.33226762955019E-14));
#3413=CARTESIAN_POINT('',(15.2267135623731,-49.1767135623731,-1.55431223447522E-14));
#3414=CARTESIAN_POINT('',(14.6999999999999,-64.439696961967,5.31977038993071E-15));
#3415=CARTESIAN_POINT('',(14.0164213562373,-65.1232756057296,6.2104442866171E-15));
#3416=CARTESIAN_POINT('',(14.7,-73.2682021073445,1.68229370723581E-14));
#3417=CARTESIAN_POINT('',(14.6999999999999,-62.3568542494923,2.60591492965269E-15));
#3418=CARTESIAN_POINT('',(7.2280144832367E-16,-77.207055236082,2.19550951593012E-14));
#3419=CARTESIAN_POINT('',(9.38215702783395,-74.6931138372119,1.86795364475074E-14));
#3420=CARTESIAN_POINT('',(-14.7,-73.2682021073445,1.68229370723581E-14));
#3421=CARTESIAN_POINT('',(-2.13215702783396,-76.6357454823376,2.12107028509318E-14));
#3422=CARTESIAN_POINT('',(-14.6999999999999,-64.439696961967,5.31977038993071E-15));
#3423=CARTESIAN_POINT('',(-14.7,-66.7357954796205,8.31148909348401E-15));
#3424=CARTESIAN_POINT('',(-12.0164213562373,-67.1232756057297,8.81635921626982E-15));
#3425=CARTESIAN_POINT('',(-15.2267135623731,-49.1767135623731,-1.55431223447522E-14));
#3426=CARTESIAN_POINT('',(11.75,-58.7,0.));
#3427=CARTESIAN_POINT('Origin',(14.5,-58.7,0.));
#3428=CARTESIAN_POINT('',(-17.25,-58.7,0.));
#3429=CARTESIAN_POINT('Origin',(-14.5,-58.7,0.));
#3430=CARTESIAN_POINT('Origin',(-2.22044604925031E-15,-51.7419324856496,
30.));
#3431=CARTESIAN_POINT('',(-16.,-49.95,30.));
#3432=CARTESIAN_POINT('',(-1.11022302462516E-15,-49.95,30.));
#3433=CARTESIAN_POINT('',(-13.0729831214124,-47.0229831214124,30.));
#3434=CARTESIAN_POINT('',(-16.2989638415415,-62.5578904079455,30.));
#3435=CARTESIAN_POINT('',(-16.2989638415415,-62.5578904079455,30.));
#3436=CARTESIAN_POINT('',(3.33077132433952E-15,-63.9838649712993,30.));
#3437=CARTESIAN_POINT('',(3.33077132433952E-15,-63.9838649712993,30.));
#3438=CARTESIAN_POINT('',(16.2989638415474,-62.557890407945,30.));
#3439=CARTESIAN_POINT('',(3.33077132433952E-15,-63.9838649712993,30.));
#3440=CARTESIAN_POINT('',(16.2989638415474,-62.557890407945,30.));
#3441=CARTESIAN_POINT('',(16.,-49.95,30.));
#3442=CARTESIAN_POINT('',(13.0729831214124,-47.0229831214124,30.));
#3443=CARTESIAN_POINT('',(12.5,-49.95,30.));
#3444=CARTESIAN_POINT('',(-1.11022302462516E-15,-49.95,30.));
#3445=CARTESIAN_POINT('',(8.30201687858769,-54.1479831214124,30.));
#3446=CARTESIAN_POINT('',(-1.85268467234323E-13,-62.5785171987386,30.));
#3447=CARTESIAN_POINT('',(5.47043829689046,-62.0999158632426,30.));
#3448=CARTESIAN_POINT('',(-0.470438296890392,-62.5373591808723,30.));
#3449=CARTESIAN_POINT('',(-17.25,-58.7,30.));
#3450=CARTESIAN_POINT('Origin',(-14.5,-58.7,30.));
#3451=CARTESIAN_POINT('',(11.75,-58.7,30.));
#3452=CARTESIAN_POINT('Origin',(14.5,-58.7,30.));
#3453=CARTESIAN_POINT('Origin',(-17.25,-51.2,19.375));
#3454=CARTESIAN_POINT('',(-16.,-49.95,28.));
#3455=CARTESIAN_POINT('',(-16.,-49.95,19.375));
#3456=CARTESIAN_POINT('',(-17.,-50.95,27.));
#3457=CARTESIAN_POINT('',(-16.5208333333334,-50.4708333333334,27.4791666666667));
#3458=CARTESIAN_POINT('',(-17.,-50.95,3.));
#3459=CARTESIAN_POINT('',(-17.,-50.95,12.6875));
#3460=CARTESIAN_POINT('',(-17.6458333333333,-51.5958333333333,3.64583333333332));
#3461=CARTESIAN_POINT('Origin',(0.,-52.95,4.99999999999999));
#3462=CARTESIAN_POINT('',(0.,-50.95,3.));
#3463=CARTESIAN_POINT('Origin',(0.,-50.95,5.99999999999998));
#3464=CARTESIAN_POINT('',(0.,-50.95,27.));
#3465=CARTESIAN_POINT('Origin',(11.25,-51.2,27.5));
#3466=CARTESIAN_POINT('',(12.5,-49.95,28.));
#3467=CARTESIAN_POINT('',(12.5,-49.95,27.5));
#3468=CARTESIAN_POINT('',(11.5,-50.95,27.));
#3469=CARTESIAN_POINT('',(8.58333333333344,-53.8666666666667,24.0833333333333));
#3470=CARTESIAN_POINT('',(11.5,-50.95,3.));
#3471=CARTESIAN_POINT('',(11.5,-50.95,16.75));
#3472=CARTESIAN_POINT('',(12.5,-49.95,2.));
#3473=CARTESIAN_POINT('',(4.75000000000013,-57.7000000000001,9.75000000000004));
#3474=CARTESIAN_POINT('',(12.5,-49.95,26.25));
#3475=CARTESIAN_POINT('Origin',(0.,-49.95,25.));
#3476=CARTESIAN_POINT('',(16.,-49.95,28.));
#3477=CARTESIAN_POINT('',(16.,-49.95,19.375));
#3478=CARTESIAN_POINT('',(0.,-49.95,28.));
#3479=CARTESIAN_POINT('Origin',(17.25,-51.2,19.375));
#3480=CARTESIAN_POINT('',(16.,-49.95,2.));
#3481=CARTESIAN_POINT('',(16.,-49.95,22.1875));
#3482=CARTESIAN_POINT('',(17.,-50.95,3.));
#3483=CARTESIAN_POINT('',(17.6458333333333,-51.5958333333333,3.64583333333332));
#3484=CARTESIAN_POINT('',(17.,-50.95,27.));
#3485=CARTESIAN_POINT('',(17.,-50.95,12.6875));
#3486=CARTESIAN_POINT('',(16.5208333333334,-50.4708333333334,27.4791666666667));
#3487=CARTESIAN_POINT('Origin',(0.,-53.95,24.));
#3488=CARTESIAN_POINT('',(0.,-50.95,27.));
#3489=CARTESIAN_POINT('Origin',(0.,-50.95,5.99999999999998));
#3490=CARTESIAN_POINT('',(0.,-50.95,3.));
#3491=CARTESIAN_POINT('Origin',(0.,-52.95,4.99999999999999));
#3492=CARTESIAN_POINT('',(0.,-49.95,2.));
#3493=CARTESIAN_POINT('Origin',(0.,-49.95,25.));
#3494=CARTESIAN_POINT('Origin',(11.35,-68.8874811425984,7.21100000000001));
#3495=CARTESIAN_POINT('',(12.7,-65.3357000656915,5.86100000000001));
#3496=CARTESIAN_POINT('',(13.4043759843204,-65.9640504865871,5.15662401567958));
#3497=CARTESIAN_POINT('',(12.7,-71.5264928953046,5.86100000000001));
#3498=CARTESIAN_POINT('',(12.7,-68.8874811425984,5.86100000000001));
#3499=CARTESIAN_POINT('',(10.51748100242,-72.1112970981717,8.04351899758));
#3500=CARTESIAN_POINT('',(10.34849090173,-72.1565778591805,8.21250909827002));
#3501=CARTESIAN_POINT('',(9.51548974183421,-63.7774857919822,9.04551025816576));
#3502=CARTESIAN_POINT('Origin',(4.44089209850063E-15,-74.9294476391798,
4.93583754506405E-15));
#3503=CARTESIAN_POINT('',(10.5472024697368,-72.1033332550063,8.56100000000001));
#3504=CARTESIAN_POINT('',(10.7611477473516,-72.046006790645,12.2860050794237));
#3505=CARTESIAN_POINT('',(12.7,-71.5264928953046,4.15843960767646E-15));
#3506=CARTESIAN_POINT('',(-6.01635700066232E-15,-74.9294476391798,7.53769663860874));
#3507=CARTESIAN_POINT('',(4.44089209850063E-15,-74.9294476391798,4.93583754506405E-15));
#3508=CARTESIAN_POINT('',(10.1198699457653,-72.217836659704,8.56100000000001));
#3509=CARTESIAN_POINT('',(10.0267256406514,-72.2427946010389,8.55158141250547));
#3510=CARTESIAN_POINT('',(9.99999999999986,-72.2499557148686,8.56100000000001));
#3511=CARTESIAN_POINT('Origin',(12.7,-71.5264928953046,4.15843960767646E-15));
#3512=CARTESIAN_POINT('',(12.7,-65.3357000656915,4.15843960767646E-15));
#3513=CARTESIAN_POINT('Origin',(-11.35,-64.452016389323,7.21100000000001));
#3514=CARTESIAN_POINT('',(-12.7,-71.5264928953046,5.86100000000001));
#3515=CARTESIAN_POINT('',(-10.51748100242,-72.1112970981717,8.04351899757999));
#3516=CARTESIAN_POINT('',(-13.22195008217,-71.3866367922978,5.33904991783001));
#3517=CARTESIAN_POINT('',(-12.7,-65.3357000656915,5.86100000000001));
#3518=CARTESIAN_POINT('',(-12.7,-64.452016389323,5.86100000000001));
#3519=CARTESIAN_POINT('',(-11.8296212874535,-64.5592641244594,6.73137871254644));
#3520=CARTESIAN_POINT('',(-9.86376158782983,-66.6741496272427,8.69723841217013));
#3521=CARTESIAN_POINT('Origin',(-8.66862493352244,-61.7394442645328,4.15843960767646E-15));
#3522=CARTESIAN_POINT('',(-12.7,-65.3357000656915,4.15843960767646E-15));
#3523=CARTESIAN_POINT('Origin',(-12.7,-62.6555633887538,4.15843960767646E-15));
#3524=CARTESIAN_POINT('',(-12.7,-71.5264928953046,4.15843960767646E-15));
#3525=CARTESIAN_POINT('Origin',(11.3686249335226,-64.1480245883708,4.15843960767646E-15));
#3526=CARTESIAN_POINT('Origin',(11.3499999999999,-66.2484693898922,8.56100000000001));
#3527=CARTESIAN_POINT('',(10.5303524556718,-71.9710447746301,8.56100000000001));
#3528=CARTESIAN_POINT('',(9.42992641159705,-63.3316639067533,8.56100000000001));
#3529=CARTESIAN_POINT('',(12.6968189272425,-70.6685134083355,8.56100000000001));
#3530=CARTESIAN_POINT('Origin',(-11.3499999999999,-66.2484693898922,8.56100000000001));
#3531=CARTESIAN_POINT('',(-10.5472024697368,-72.1033332550063,8.56100000000001));
#3532=CARTESIAN_POINT('',(-10.5303524556717,-71.97104477463,8.56100000000001));
#3533=CARTESIAN_POINT('',(-9.94790543402957,-67.3982870846224,8.56100000000001));
#3534=CARTESIAN_POINT('',(-10.1198699457652,-72.217836659704,8.56100000000001));
#3535=CARTESIAN_POINT('',(-8.85978068904545,-72.9754324050092,8.56100000000001));
#3536=CARTESIAN_POINT('',(-9.99999999999985,-72.2499557148686,8.56100000000001));
#3537=CARTESIAN_POINT('Origin',(10.,-68.3628799793038,7.36950876559561));
#3538=CARTESIAN_POINT('',(-4.3545247035138E-15,-76.8705551879524,8.12664435886018));
#3539=CARTESIAN_POINT('',(-1.11022302462516E-14,-68.9888801306212,5.73528043896147));
#3540=CARTESIAN_POINT('',(10.9925389371891,-75.1154536929866,9.59934937596471));
#3541=CARTESIAN_POINT('',(9.43588680752335,-75.3639934066532,9.39079979389415));
#3542=CARTESIAN_POINT('',(9.84321066204616,-67.2961897746342,7.01726542284829));
#3543=CARTESIAN_POINT('Origin',(-8.55942333083584E-15,-69.1080700001538,
5.77144360878823));
#3544=CARTESIAN_POINT('',(-5.23880553351744,-73.5257139271701,8.06743539423048));
#3545=CARTESIAN_POINT('',(-10.9925389371891,-75.1154536929866,9.59934937596472));
#3546=CARTESIAN_POINT('',(-9.91859333273474,-67.8090432471645,7.1866203308739));
#3547=CARTESIAN_POINT('',(1.90467237045255,-77.1746608494291,7.87146941047622));
#3548=CARTESIAN_POINT('Origin',(-10.,-68.3628799793038,7.36950876559562));
#3549=CARTESIAN_POINT('',(-10.9967766209003,-66.1463080028007,28.9050917138553));
#3550=CARTESIAN_POINT('',(-9.83209780952582,-59.078818254551,24.4523750958728));
#3551=CARTESIAN_POINT('',(-10.9023829138667,-66.1463080028007,27.3158415895386));
#3552=CARTESIAN_POINT('',(-10.1647701593829,-66.1463080028007,14.8970988724553));
#3553=CARTESIAN_POINT('',(-10.9023829138667,-73.9526726954448,10.575038482142));
#3554=CARTESIAN_POINT('',(-10.9023829138667,-73.1723359289164,12.2484760782901));
#3555=CARTESIAN_POINT('',(-10.66586654933,-70.9022194461079,13.1346726785841));
#3556=CARTESIAN_POINT('',(-10.2679064967632,-72.1781703854138,3.69817278741501));
#3557=CARTESIAN_POINT('Origin',(10.,-60.0976802775362,25.0942867254299));
#3558=CARTESIAN_POINT('',(10.9023829138667,-73.9526726954448,10.575038482142));
#3559=CARTESIAN_POINT('',(10.1647701593829,-64.4393638464988,18.5576524285681));
#3560=CARTESIAN_POINT('',(10.9023829138668,-66.1463080028007,27.3158415895387));
#3561=CARTESIAN_POINT('',(10.9023829138668,-66.9266447693291,25.6424039933905));
#3562=CARTESIAN_POINT('',(10.9967766209003,-66.1463080028007,28.9050917138553));
#3563=CARTESIAN_POINT('',(10.66586654933,-66.1463080028007,23.3337576820869));
#3564=CARTESIAN_POINT('',(9.91367493359367,-59.5738435631688,24.7642549140996));
#3565=CARTESIAN_POINT('Origin',(-9.99999999999999,-60.0976802775362,25.0942867254299));
#3566=CARTESIAN_POINT('',(8.4950934645463E-15,-62.5785171987386,27.9495472816255));
#3567=CARTESIAN_POINT('',(-4.98000399597571,-62.1428233047769,27.0478626397009));
#3568=CARTESIAN_POINT('',(1.99693440354406E-14,-66.1463080028007,30.270349917224));
#3569=CARTESIAN_POINT('',(-1.11022302462516E-15,-59.591850694601,26.0067586274912));
#3570=CARTESIAN_POINT('',(-8.98959654649111,-66.1463080028007,29.1542846507216));
#3571=CARTESIAN_POINT('Origin',(-2.58407307446544E-15,-59.6534905854405,
26.0468545941481));
#3572=CARTESIAN_POINT('',(4.95257865810041,-62.1452227109344,27.0528282995642));
#3573=CARTESIAN_POINT('',(-2.55821003504305,-66.1463080028007,30.5879536439056));
#3574=CARTESIAN_POINT('Origin',(-9.99999999999985,-72.2499557148686,4.93583754506405E-15));
#3575=CARTESIAN_POINT('Origin',(-6.66666666666667,-66.1463080028007,22.6422458113874));
#3576=CARTESIAN_POINT('',(15.0507037645421,-66.1463080028007,28.5210657841501));
#3577=CARTESIAN_POINT('',(-0.509770404986575,-66.1463080028007,24.0002341937755));
#3578=CARTESIAN_POINT('',(4.68102048292837,-66.1463080028007,32.5));
#3579=CARTESIAN_POINT('',(4.79613046279259,-66.1463080028007,32.4558313378501));
#3580=CARTESIAN_POINT('',(-4.68102048292837,-66.1463080028007,32.5));
#3581=CARTESIAN_POINT('',(-3.33333333333333,-66.1463080028007,32.5));
#3582=CARTESIAN_POINT('',(-15.0507037645421,-66.1463080028007,28.5210657841501));
#3583=CARTESIAN_POINT('',(-10.6072183960406,-66.1463080028007,30.2260682890682));
#3584=CARTESIAN_POINT('',(-4.42388728986356,-66.1463080028007,25.4336246753233));
#3585=CARTESIAN_POINT('Origin',(6.2636234099356,-67.4201950825225,23.2362691122864));
#3586=CARTESIAN_POINT('',(15.0507037645469,-74.8759279924405,9.80033530295038));
#3587=CARTESIAN_POINT('',(4.42388728986355,-72.5108108875656,11.784904193342));
#3588=CARTESIAN_POINT('',(15.0507037645434,-68.4182291636638,23.6489151318276));
#3589=CARTESIAN_POINT('Origin',(6.66666666666667,-70.3724906202077,13.5791679410209));
#3590=CARTESIAN_POINT('',(-15.0507037645469,-74.8759279924405,9.80033530295038));
#3591=CARTESIAN_POINT('',(0.509770404986562,-71.4127700743562,12.7062698347236));
#3592=CARTESIAN_POINT('',(0.,-79.2998966482868,6.08818483548996));
#3593=CARTESIAN_POINT('',(-6.28278826520899,-77.4531485631855,7.63779047257575));
#3594=CARTESIAN_POINT('',(12.0938761984566,-75.7450509701938,9.07105453286989));
#3595=CARTESIAN_POINT('Origin',(-6.26362340993561,-71.6463776999295,14.1731912419199));
#3596=CARTESIAN_POINT('',(-15.0507037645445,-70.5313204723674,19.1173761966444));
#3597=CARTESIAN_POINT('Origin',(0.,-52.95,32.5));
#3598=CARTESIAN_POINT('',(16.2411077985004,-64.0779060970795,32.5));
#3599=CARTESIAN_POINT('',(5.49809429718465,-66.00011213175,32.5));
#3600=CARTESIAN_POINT('',(16.6497190635618,-63.4048046087517,32.5));
#3601=CARTESIAN_POINT('',(16.2989638415474,-62.557890407945,32.5));
#3602=CARTESIAN_POINT('',(14.6261954831468,-64.2306587663456,32.5));
#3603=CARTESIAN_POINT('',(3.33077132433952E-15,-63.9838649712993,32.5));
#3604=CARTESIAN_POINT('',(0.479002636222265,-63.9419576708308,32.5));
#3605=CARTESIAN_POINT('',(-16.2989638415415,-62.5578904079455,32.5));
#3606=CARTESIAN_POINT('',(-8.62848455699303,-63.2289703891539,32.5));
#3607=CARTESIAN_POINT('',(-15.7267135623714,-63.1301406871156,32.5));
#3608=CARTESIAN_POINT('',(-16.2411077985004,-64.0779060970795,32.5));
#3609=CARTESIAN_POINT('',(-16.6497190635618,-63.4048046087517,32.5));
#3610=CARTESIAN_POINT('',(-5.49809429718465,-66.00011213175,32.5));
#3611=CARTESIAN_POINT('Origin',(9.25,-69.2909542857795,24.0031286241361));
#3612=CARTESIAN_POINT('',(0.,-82.7134755542914,-1.23225875214119));
#3613=CARTESIAN_POINT('',(0.,-70.6504159663345,24.6370560167472));
#3614=CARTESIAN_POINT('',(5.00000000000074,-82.1170764252833,-1.87181851677543));
#3615=CARTESIAN_POINT('',(3.69843227871791,-82.2723271963469,-1.70533244767962));
#3616=CARTESIAN_POINT('',(13.4362030508578,-79.6703355306572,0.138192586378586));
#3617=CARTESIAN_POINT('',(11.1856921830732,-80.3230482428589,-0.39801449692014));
#3618=CARTESIAN_POINT('',(13.4362030508581,-76.1795999507179,7.62409919522601));
#3619=CARTESIAN_POINT('',(13.4362030508582,-75.1150427750924,9.90704942563258));
#3620=CARTESIAN_POINT('',(16.9367756635999,-74.7886644412344,9.26377102807229));
#3621=CARTESIAN_POINT('',(18.3068897254886,-64.8073147558246,30.1431202781305));
#3622=CARTESIAN_POINT('Origin',(-18.5,-61.4274654355884,28.));
#3623=CARTESIAN_POINT('',(-16.8950603749741,-62.5549396250259,26.369242458141));
#3624=CARTESIAN_POINT('',(-18.2186132991903,-63.4069330243877,27.6739297416474));
#3625=CARTESIAN_POINT('',(-18.027854362551,-61.4221456374491,27.527854362551));
#3626=CARTESIAN_POINT('',(-18.4986551509139,-61.4274502827942,27.9986551509139));
#3627=CARTESIAN_POINT('',(-14.4203440460323,-65.0296559539677,23.8381239757035));
#3628=CARTESIAN_POINT('Origin',(-18.5,-63.5880664021107,27.9513056165192));
#3629=CARTESIAN_POINT('',(-16.,-69.1047049146656,10.205332190516));
#3630=CARTESIAN_POINT('',(-16.250821092173,-69.3868964759698,10.1936636997775));
#3631=CARTESIAN_POINT('',(-16.,-63.45,22.3318860134547));
#3632=CARTESIAN_POINT('',(-14.8529530535647,-64.5970469464353,17.1578915980699));
#3633=CARTESIAN_POINT('',(-16.,-61.3222969345191,26.8947599621674));
#3634=CARTESIAN_POINT('Origin',(-18.5,-71.9173826569903,10.0890292648188));
#3635=CARTESIAN_POINT('',(-16.,-66.5274214075538,5.69339139702645));
#3636=CARTESIAN_POINT('',(-19.0929864799176,-70.007251099304,5.54950204632399));
#3637=CARTESIAN_POINT('',(-16.,-69.7465741305823,11.3290253703266));
#3638=CARTESIAN_POINT('Origin',(-18.5,-69.3400991498785,5.57708847132928));
#3639=CARTESIAN_POINT('',(-17.6344741526394,-71.6670828339444,-1.46115277334636));
#3640=CARTESIAN_POINT('',(-17.4083997258707,-71.3977451310247,-1.41849387201114));
#3641=CARTESIAN_POINT('',(-16.,-68.9223834261381,0.55737877381543));
#3642=CARTESIAN_POINT('',(-16.,-67.0743296822869,4.52054281697745));
#3643=CARTESIAN_POINT('',(-16.2982314339284,-69.4231901466179,0.189070987015869));
#3644=CARTESIAN_POINT('Origin',(-18.5,-72.6982421157694,-1.62447235908365));
#3645=CARTESIAN_POINT('',(-18.3824636230291,-71.9504720893665,-2.25401639458465));
#3646=CARTESIAN_POINT('Origin',(-18.5,-71.9950028584125,-2.37860413433422));
#3647=CARTESIAN_POINT('',(-16.,-64.8037134778629,1.11158673441403));
#3648=CARTESIAN_POINT('',(-17.4345864604709,-63.8350287365585,-0.20558288800176));
#3649=CARTESIAN_POINT('',(-16.,-72.3283979477743,0.099065681115255));
#3650=CARTESIAN_POINT('Origin',(-18.5,-63.1156229235534,-1.18379534730352));
#3651=CARTESIAN_POINT('',(-16.,-64.039033761275,2.75144767861));
#3652=CARTESIAN_POINT('',(-18.3828038188433,-61.7438799605971,2.03522671930886));
#3653=CARTESIAN_POINT('',(-16.,-65.381392391145,-0.127249692951679));
#3654=CARTESIAN_POINT('Origin',(-18.5,-61.6309947711074,2.00000000000001));
#3655=CARTESIAN_POINT('',(-16.,-63.45,6.2112907568009));
#3656=CARTESIAN_POINT('',(-18.4145727137281,-61.0354272862718,6.00721999838718));
#3657=CARTESIAN_POINT('',(-16.,-63.4145382761582,6.41958441981444));
#3658=CARTESIAN_POINT('Origin',(-18.5,-60.95,6.00000000000001));
#3659=CARTESIAN_POINT('',(-14.8333333333333,-64.6166666666667,24.3333333333333));
#3660=CARTESIAN_POINT('',(-16.,-63.45,6.00000000000001));
#3661=CARTESIAN_POINT('Origin',(-18.5,-60.95,28.));
#3662=CARTESIAN_POINT('Origin',(-16.,-60.95,28.));
#3663=CARTESIAN_POINT('Origin',(18.5,-61.4274654355884,28.));
#3664=CARTESIAN_POINT('',(16.8950603749741,-62.5549396250259,26.369242458141));
#3665=CARTESIAN_POINT('',(18.2186132991903,-63.4069330243877,27.6739297416474));
#3666=CARTESIAN_POINT('',(18.027854362551,-61.4221456374491,27.527854362551));
#3667=CARTESIAN_POINT('',(14.4203440460323,-65.0296559539677,23.8381239757035));
#3668=CARTESIAN_POINT('',(18.4986551509139,-61.4274502827942,27.9986551509139));
#3669=CARTESIAN_POINT('Origin',(18.5,-63.5880664021107,27.9513056165192));
#3670=CARTESIAN_POINT('',(16.,-69.1047049146656,10.205332190516));
#3671=CARTESIAN_POINT('',(16.250821092173,-69.3868964759698,10.1936636997775));
#3672=CARTESIAN_POINT('',(16.,-63.45,22.3318860134547));
#3673=CARTESIAN_POINT('',(16.,-61.3222969345191,26.8947599621674));
#3674=CARTESIAN_POINT('',(14.8529530535647,-64.5970469464353,17.1578915980699));
#3675=CARTESIAN_POINT('Origin',(18.5,-71.9173826569903,10.0890292648188));
#3676=CARTESIAN_POINT('',(16.,-66.5274214075538,5.69339139702645));
#3677=CARTESIAN_POINT('',(19.0929864799176,-70.007251099304,5.54950204632399));
#3678=CARTESIAN_POINT('',(16.,-69.7465741305823,11.3290253703266));
#3679=CARTESIAN_POINT('Origin',(18.5,-69.3400991498785,5.57708847132928));
#3680=CARTESIAN_POINT('',(17.6344741526394,-71.6670828339444,-1.46115277334636));
#3681=CARTESIAN_POINT('',(17.4083997258707,-71.3977451310247,-1.41849387201114));
#3682=CARTESIAN_POINT('',(16.,-68.9223834261381,0.55737877381543));
#3683=CARTESIAN_POINT('',(16.2982314339284,-69.4231901466179,0.189070987015869));
#3684=CARTESIAN_POINT('',(16.,-67.0743296822869,4.52054281697745));
#3685=CARTESIAN_POINT('Origin',(18.5,-72.6982421157694,-1.62447235908365));
#3686=CARTESIAN_POINT('',(18.3824636230291,-71.9504720893665,-2.25401639458465));
#3687=CARTESIAN_POINT('Origin',(18.5,-71.9950028584125,-2.37860413433422));
#3688=CARTESIAN_POINT('',(16.,-64.8037134778629,1.11158673441403));
#3689=CARTESIAN_POINT('',(17.4345864604709,-63.8350287365585,-0.20558288800176));
#3690=CARTESIAN_POINT('',(16.,-72.3283979477743,0.099065681115255));
#3691=CARTESIAN_POINT('Origin',(18.5,-63.1156229235534,-1.18379534730352));
#3692=CARTESIAN_POINT('',(16.,-64.039033761275,2.75144767861));
#3693=CARTESIAN_POINT('',(18.3828038188433,-61.7438799605971,2.03522671930886));
#3694=CARTESIAN_POINT('',(16.,-65.381392391145,-0.127249692951679));
#3695=CARTESIAN_POINT('Origin',(18.5,-61.6309947711074,2.00000000000001));
#3696=CARTESIAN_POINT('',(16.,-63.45,6.2112907568009));
#3697=CARTESIAN_POINT('',(18.4145727137281,-61.0354272862718,6.00721999838718));
#3698=CARTESIAN_POINT('',(16.,-63.4145382761582,6.41958441981444));
#3699=CARTESIAN_POINT('Origin',(18.5,-60.95,6.00000000000001));
#3700=CARTESIAN_POINT('',(14.8333333333333,-64.6166666666667,24.3333333333333));
#3701=CARTESIAN_POINT('',(16.,-63.45,6.00000000000001));
#3702=CARTESIAN_POINT('Origin',(18.5,-60.95,28.));
#3703=CARTESIAN_POINT('Origin',(16.,-60.95,28.));
#3704=CARTESIAN_POINT('Origin',(-1.84297022087776E-13,-62.5785171987386,
30.));
#3705=CARTESIAN_POINT('',(-1.85268467234323E-13,-62.5785171987386,30.));
#3706=CARTESIAN_POINT('Origin',(10.0000000000003,-61.7036305634793,30.));
#3707=CARTESIAN_POINT('Origin',(0.,-53.95,24.));
#3708=CARTESIAN_POINT('',(0.,-49.95,28.));
#3709=CARTESIAN_POINT('Origin',(0.,-49.95,25.));
#3710=CARTESIAN_POINT('Origin',(5.,-82.7134755542916,-1.23225875214138));
#3711=CARTESIAN_POINT('',(17.9720608116131,-72.5555822586754,-4.99999999999999));
#3712=CARTESIAN_POINT('',(5.,-79.2000000000003,-4.99999999999999));
#3713=CARTESIAN_POINT('',(2.30677362912541,-80.5794971623959,-4.99999999999998));
#3714=CARTESIAN_POINT('',(15.7306345012526,-71.7185315447098,-7.1287928206829));
#3715=CARTESIAN_POINT('',(12.2536796564403,-80.7420656913708,0.637948567795037));
#3716=CARTESIAN_POINT('',(5.00000000000075,-82.7134755542914,-1.23225875214123));
#3717=CARTESIAN_POINT('Origin',(-18.5,-79.0148816512253,2.21673585996474));
#3718=CARTESIAN_POINT('',(-13.4362030508578,-79.6703355306573,0.138192586378572));
#3719=CARTESIAN_POINT('',(-5.,-82.1170764252836,-1.87181851677561));
#3720=CARTESIAN_POINT('',(-17.9324118353631,-78.3663060001318,1.2094600184772));
#3721=CARTESIAN_POINT('',(-16.1022937433688,-77.2540367750886,-0.988546027733562));
#3722=CARTESIAN_POINT('',(-17.9720608116131,-72.5555822586754,-4.99999999999999));
#3723=CARTESIAN_POINT('',(-19.5010407261038,-73.1265730260933,-3.54785256606865));
#3724=CARTESIAN_POINT('',(-5.,-79.2000000000003,-4.99999999999999));
#3725=CARTESIAN_POINT('',(-8.40426918811054,-77.4562996798879,-4.99999999999999));
#3726=CARTESIAN_POINT('',(-5.00000000000078,-82.7134755542915,-1.2322587521411));
#3727=CARTESIAN_POINT('Origin',(-9.25,-69.2909542857795,24.0031286241361));
#3728=CARTESIAN_POINT('',(-18.3068897254886,-64.8073147558246,30.1431202781305));
#3729=CARTESIAN_POINT('',(-13.4362030508581,-76.1795999507179,7.62409919522601));
#3730=CARTESIAN_POINT('',(-16.9367756635999,-74.7886644412344,9.26377102807229));
#3731=CARTESIAN_POINT('',(-13.4362030508582,-75.1150427750924,9.90704942563258));
#3732=CARTESIAN_POINT('',(-3.69843227871791,-82.2723271963469,-1.70533244767962));
#3733=CARTESIAN_POINT('Origin',(0.,-82.7134755542914,-1.23225875214119));
#3734=CARTESIAN_POINT('',(0.,-79.2,-4.99999999999999));
#3735=CARTESIAN_POINT('Origin',(0.,-79.2,-4.99999999999999));
#3736=CARTESIAN_POINT('',(-16.6443324042985,-62.6883925402678,-5.00000000000001));
#3737=CARTESIAN_POINT('',(-17.5341588274634,-69.3012555967857,-5.));
#3738=CARTESIAN_POINT('',(16.6443324042985,-62.6883925402678,-5.00000000000001));
#3739=CARTESIAN_POINT('',(0.,-62.6883925402678,-5.00000000000001));
#3740=CARTESIAN_POINT('',(17.5341588274634,-69.3012555967857,-5.));
#3741=CARTESIAN_POINT('Origin',(-17.5100505063388,-61.7651504801059,-4.01005050633884));
#3742=CARTESIAN_POINT('',(-13.655311761605,-64.1755067100788,-8.18912662874697));
#3743=CARTESIAN_POINT('Origin',(17.5100505063388,-61.7651504801059,-4.01005050633884));
#3744=CARTESIAN_POINT('',(13.655311761605,-64.1755067100788,-8.18912662874697));
#3745=CARTESIAN_POINT('Origin',(0.,-62.6883925402678,-5.00000000000001));
#3746=CARTESIAN_POINT('',(-17.3839197380094,-61.7557772239576,-3.));
#3747=CARTESIAN_POINT('',(-15.7429650106258,-63.3967319513412,-6.51903876911635));
#3748=CARTESIAN_POINT('',(17.3839197380094,-61.7557772239576,-3.));
#3749=CARTESIAN_POINT('',(0.,-61.7557772239576,-3.));
#3750=CARTESIAN_POINT('',(16.3491257312829,-62.7905712306841,-5.2191229087264));
#3751=CARTESIAN_POINT('Origin',(-16.3786796564403,-78.8875831695022,-5.14568236059762));
#3752=CARTESIAN_POINT('',(-16.3786796564405,-73.5128104899055,6.3805548469619));
#3753=CARTESIAN_POINT('Origin',(-16.3786796564405,-73.5128104899055,6.3805548469619));
#3754=CARTESIAN_POINT('Origin',(-18.5,-64.8755002232648,29.922798043661));
#3755=CARTESIAN_POINT('Origin',(18.5,-64.8755002232648,29.922798043661));
#3756=CARTESIAN_POINT('Origin',(16.3786796564403,-78.8875831695022,-5.14568236059762));
#3757=CARTESIAN_POINT('',(16.3786796564405,-73.5128104899055,6.3805548469619));
#3758=CARTESIAN_POINT('Origin',(16.3786796564405,-73.5128104899055,6.3805548469619));
#3759=CARTESIAN_POINT('Origin',(-14.5,-58.7,0.));
#3760=CARTESIAN_POINT('',(-17.25,-58.7,0.));
#3761=CARTESIAN_POINT('',(-17.25,-58.7,0.));
#3762=CARTESIAN_POINT('Origin',(14.5,-58.7,0.));
#3763=CARTESIAN_POINT('',(11.75,-58.7,0.));
#3764=CARTESIAN_POINT('Origin',(-16.2989638415415,-62.5578904079455,30.));
#3765=CARTESIAN_POINT('',(-16.2989638415415,-62.5578904079455,30.));
#3766=CARTESIAN_POINT('',(3.33077132433952E-15,-63.9838649712993,30.));
#3767=CARTESIAN_POINT('Origin',(-18.5,-60.3568542494872,30.));
#3768=CARTESIAN_POINT('Origin',(16.2989638415474,-62.557890407945,30.));
#3769=CARTESIAN_POINT('',(16.2989638415474,-62.557890407945,30.));
#3770=CARTESIAN_POINT('Origin',(3.33077132433952E-15,-63.9838649712993,
30.));
#3771=CARTESIAN_POINT('Origin',(18.6414213562373,-60.4982756057296,0.));
#3772=CARTESIAN_POINT('',(14.6999999999999,-64.439696961967,-3.));
#3773=CARTESIAN_POINT('',(14.6592514421272,-64.4804455198397,-3.));
#3774=CARTESIAN_POINT('',(14.7,-64.439696961967,0.));
#3775=CARTESIAN_POINT('Origin',(-14.6414213562373,-64.4982756057297,0.));
#3776=CARTESIAN_POINT('',(-14.7,-64.439696961967,-3.));
#3777=CARTESIAN_POINT('',(-14.7,-64.439696961967,0.));
#3778=CARTESIAN_POINT('',(-12.6592514421272,-66.4804455198398,-3.));
#3779=CARTESIAN_POINT('Origin',(-14.7,-73.1147367097487,0.));
#3780=CARTESIAN_POINT('',(-14.7,-73.2682021073445,-3.));
#3781=CARTESIAN_POINT('',(-14.7,-73.2682021073445,0.));
#3782=CARTESIAN_POINT('',(-14.7,-65.4501353078407,-3.));
#3783=CARTESIAN_POINT('Origin',(-0.0517638090205042,-77.1931851652578,0.));
#3784=CARTESIAN_POINT('',(7.1701903673708E-16,-77.207055236082,-3.));
#3785=CARTESIAN_POINT('',(0.,-77.207055236082,0.));
#3786=CARTESIAN_POINT('',(-2.45357207077891,-76.5496225811452,-3.));
#3787=CARTESIAN_POINT('Origin',(14.5517638090205,-73.3079218750065,0.));
#3788=CARTESIAN_POINT('',(14.7,-73.2682021073445,-3.));
#3789=CARTESIAN_POINT('',(14.7,-73.2682021073445,0.));
#3790=CARTESIAN_POINT('',(9.7035720707789,-74.6069909360196,-3.));
#3791=CARTESIAN_POINT('Origin',(14.7,-64.3568542494924,0.));
#3792=CARTESIAN_POINT('',(14.6999999999999,-61.0711940777125,-3.));
#3793=CARTESIAN_POINT('Origin',(0.,-57.7855339059328,-3.));
#3794=UNCERTAINTY_MEASURE_WITH_UNIT(LENGTH_MEASURE(0.01),#3798,
'DISTANCE_ACCURACY_VALUE',
'Maximum model space distance between geometric entities at asserted c
onnectivities');
#3795=UNCERTAINTY_MEASURE_WITH_UNIT(LENGTH_MEASURE(0.01),#3798,
'DISTANCE_ACCURACY_VALUE',
'Maximum model space distance between geometric entities at asserted c
onnectivities');
#3796=(
GEOMETRIC_REPRESENTATION_CONTEXT(3)
GLOBAL_UNCERTAINTY_ASSIGNED_CONTEXT((#3794))
GLOBAL_UNIT_ASSIGNED_CONTEXT((#3798,#3800,#3801))
REPRESENTATION_CONTEXT('','3D')
);
#3797=(
GEOMETRIC_REPRESENTATION_CONTEXT(3)
GLOBAL_UNCERTAINTY_ASSIGNED_CONTEXT((#3795))
GLOBAL_UNIT_ASSIGNED_CONTEXT((#3798,#3800,#3801))
REPRESENTATION_CONTEXT('','3D')
);
#3798=(
LENGTH_UNIT()
NAMED_UNIT(*)
SI_UNIT(.MILLI.,.METRE.)
);
#3799=(
LENGTH_UNIT()
NAMED_UNIT(*)
SI_UNIT($,.METRE.)
);
#3800=(
NAMED_UNIT(*)
PLANE_ANGLE_UNIT()
SI_UNIT($,.RADIAN.)
);
#3801=(
NAMED_UNIT(*)
SI_UNIT($,.STERADIAN.)
SOLID_ANGLE_UNIT()
);
#3802=SHAPE_DEFINITION_REPRESENTATION(#3803,#3804);
#3803=PRODUCT_DEFINITION_SHAPE('',$,#3806);
#3804=SHAPE_REPRESENTATION('',(#2262),#3796);
#3805=PRODUCT_DEFINITION_CONTEXT('part definition',#3810,'design');
#3806=PRODUCT_DEFINITION('2026-09-22-20-59-28-446',
'The Shard TPU - Frontend O4 Pro Itsfpv',#3807,#3805);
#3807=PRODUCT_DEFINITION_FORMATION('',$,#3812);
#3808=PRODUCT_RELATED_PRODUCT_CATEGORY(
'The Shard TPU - Frontend O4 Pro Itsfpv',
'The Shard TPU - Frontend O4 Pro Itsfpv',(#3812));
#3809=APPLICATION_PROTOCOL_DEFINITION('international standard',
'automotive_design',2009,#3810);
#3810=APPLICATION_CONTEXT(
'Core Data for Automotive Mechanical Design Process');
#3811=PRODUCT_CONTEXT('part definition',#3810,'mechanical');
#3812=PRODUCT('2026-09-22-20-59-28-446',
'The Shard TPU - Frontend O4 Pro Itsfpv',$,(#3811));
#3813=PRESENTATION_STYLE_ASSIGNMENT((#3814));
#3814=SURFACE_STYLE_USAGE(.BOTH.,#3815);
#3815=SURFACE_SIDE_STYLE('',(#3816));
#3816=SURFACE_STYLE_FILL_AREA(#3817);
#3817=FILL_AREA_STYLE('Steel - Satin',(#3818));
#3818=FILL_AREA_STYLE_COLOUR('Steel - Satin',#3819);
#3819=COLOUR_RGB('Steel - Satin',0.627450980392157,0.627450980392157,0.627450980392157);
ENDSEC;
END-ISO-10303-21;
