ISO-10303-21;
HEADER;
/* Generated by software containing ST-Developer
 * from STEP Tools, Inc. (www.steptools.com) 
 */

FILE_DESCRIPTION(
/* description */ (''),
/* implementation_level */ '2;1');

FILE_NAME(
/* name */ 'The_Shard_TPU_-_Frontend_O3_cameraAngle_25.step',
/* time_stamp */ '2026-09-22T21:15:03+02:00',
/* author */ (''),
/* organization */ (''),
/* preprocessor_version */ 'ST-DEVELOPER v20.1',
/* originating_system */ 'Autodesk Translation Framework v15.8.0.0',
/* authorisation */ '');

FILE_SCHEMA (('AUTOMOTIVE_DESIGN { 1 0 10303 214 3 1 1 }'));
ENDSEC;

DATA;
#10=MECHANICAL_DESIGN_GEOMETRIC_PRESENTATION_REPRESENTATION('',(#13),#4148);
#11=SHAPE_REPRESENTATION_RELATIONSHIP('SRR','None',#4155,#12);
#12=ADVANCED_BREP_SHAPE_REPRESENTATION('',(#14),#4147);
#13=STYLED_ITEM('',(#4164),#14);
#14=MANIFOLD_SOLID_BREP('Frontend',#2374);
#15=FACE_BOUND('',#247,.T.);
#16=FACE_BOUND('',#249,.T.);
#17=FACE_BOUND('',#251,.T.);
#18=FACE_BOUND('',#252,.T.);
#19=FACE_BOUND('',#254,.T.);
#20=FACE_BOUND('',#255,.T.);
#21=FACE_BOUND('',#261,.T.);
#22=FACE_BOUND('',#262,.T.);
#23=FACE_BOUND('',#265,.T.);
#24=FACE_BOUND('',#266,.T.);
#25=PLANE('',#2432);
#26=PLANE('',#2433);
#27=PLANE('',#2434);
#28=PLANE('',#2435);
#29=PLANE('',#2436);
#30=PLANE('',#2437);
#31=PLANE('',#2438);
#32=PLANE('',#2439);
#33=PLANE('',#2440);
#34=PLANE('',#2441);
#35=PLANE('',#2444);
#36=PLANE('',#2445);
#37=PLANE('',#2448);
#38=PLANE('',#2449);
#39=PLANE('',#2450);
#40=PLANE('',#2451);
#41=PLANE('',#2452);
#42=PLANE('',#2453);
#43=PLANE('',#2454);
#44=PLANE('',#2455);
#45=PLANE('',#2456);
#46=PLANE('',#2457);
#47=PLANE('',#2458);
#48=PLANE('',#2459);
#49=PLANE('',#2460);
#50=PLANE('',#2461);
#51=PLANE('',#2462);
#52=PLANE('',#2463);
#53=PLANE('',#2464);
#54=PLANE('',#2465);
#55=PLANE('',#2466);
#56=PLANE('',#2467);
#57=PLANE('',#2468);
#58=PLANE('',#2469);
#59=PLANE('',#2470);
#60=PLANE('',#2471);
#61=PLANE('',#2472);
#62=PLANE('',#2473);
#63=PLANE('',#2474);
#64=PLANE('',#2475);
#65=PLANE('',#2476);
#66=PLANE('',#2477);
#67=PLANE('',#2478);
#68=PLANE('',#2479);
#69=PLANE('',#2480);
#70=PLANE('',#2481);
#71=PLANE('',#2482);
#72=PLANE('',#2483);
#73=PLANE('',#2484);
#74=PLANE('',#2485);
#75=PLANE('',#2486);
#76=PLANE('',#2487);
#77=PLANE('',#2488);
#78=PLANE('',#2489);
#79=PLANE('',#2490);
#80=PLANE('',#2491);
#81=PLANE('',#2492);
#82=PLANE('',#2493);
#83=PLANE('',#2494);
#84=PLANE('',#2495);
#85=PLANE('',#2496);
#86=PLANE('',#2497);
#87=PLANE('',#2498);
#88=PLANE('',#2499);
#89=PLANE('',#2500);
#90=PLANE('',#2501);
#91=PLANE('',#2502);
#92=PLANE('',#2503);
#93=PLANE('',#2504);
#94=PLANE('',#2505);
#95=PLANE('',#2506);
#96=PLANE('',#2507);
#97=PLANE('',#2508);
#98=PLANE('',#2509);
#99=PLANE('',#2510);
#100=PLANE('',#2511);
#101=PLANE('',#2512);
#102=PLANE('',#2513);
#103=PLANE('',#2514);
#104=PLANE('',#2515);
#105=PLANE('',#2518);
#106=PLANE('',#2519);
#107=PLANE('',#2520);
#108=PLANE('',#2521);
#109=PLANE('',#2522);
#110=PLANE('',#2523);
#111=PLANE('',#2524);
#112=PLANE('',#2525);
#113=PLANE('',#2526);
#114=PLANE('',#2527);
#115=PLANE('',#2528);
#116=CONICAL_SURFACE('',#2395,1.625,0.78539816339745);
#117=CONICAL_SURFACE('',#2399,1.625,0.78539816339745);
#118=CONICAL_SURFACE('',#2418,1.625,0.78539816339745);
#119=CONICAL_SURFACE('',#2424,1.625,0.78539816339745);
#120=FACE_OUTER_BOUND('',#229,.T.);
#121=FACE_OUTER_BOUND('',#230,.T.);
#122=FACE_OUTER_BOUND('',#231,.T.);
#123=FACE_OUTER_BOUND('',#232,.T.);
#124=FACE_OUTER_BOUND('',#233,.T.);
#125=FACE_OUTER_BOUND('',#234,.T.);
#126=FACE_OUTER_BOUND('',#235,.T.);
#127=FACE_OUTER_BOUND('',#236,.T.);
#128=FACE_OUTER_BOUND('',#237,.T.);
#129=FACE_OUTER_BOUND('',#238,.T.);
#130=FACE_OUTER_BOUND('',#239,.T.);
#131=FACE_OUTER_BOUND('',#240,.T.);
#132=FACE_OUTER_BOUND('',#241,.T.);
#133=FACE_OUTER_BOUND('',#242,.T.);
#134=FACE_OUTER_BOUND('',#243,.T.);
#135=FACE_OUTER_BOUND('',#244,.T.);
#136=FACE_OUTER_BOUND('',#245,.T.);
#137=FACE_OUTER_BOUND('',#246,.T.);
#138=FACE_OUTER_BOUND('',#248,.T.);
#139=FACE_OUTER_BOUND('',#250,.T.);
#140=FACE_OUTER_BOUND('',#253,.T.);
#141=FACE_OUTER_BOUND('',#256,.T.);
#142=FACE_OUTER_BOUND('',#257,.T.);
#143=FACE_OUTER_BOUND('',#258,.T.);
#144=FACE_OUTER_BOUND('',#259,.T.);
#145=FACE_OUTER_BOUND('',#260,.T.);
#146=FACE_OUTER_BOUND('',#263,.T.);
#147=FACE_OUTER_BOUND('',#264,.T.);
#148=FACE_OUTER_BOUND('',#267,.T.);
#149=FACE_OUTER_BOUND('',#268,.T.);
#150=FACE_OUTER_BOUND('',#269,.T.);
#151=FACE_OUTER_BOUND('',#270,.T.);
#152=FACE_OUTER_BOUND('',#271,.T.);
#153=FACE_OUTER_BOUND('',#272,.T.);
#154=FACE_OUTER_BOUND('',#273,.T.);
#155=FACE_OUTER_BOUND('',#274,.T.);
#156=FACE_OUTER_BOUND('',#275,.T.);
#157=FACE_OUTER_BOUND('',#276,.T.);
#158=FACE_OUTER_BOUND('',#277,.T.);
#159=FACE_OUTER_BOUND('',#278,.T.);
#160=FACE_OUTER_BOUND('',#279,.T.);
#161=FACE_OUTER_BOUND('',#280,.T.);
#162=FACE_OUTER_BOUND('',#281,.T.);
#163=FACE_OUTER_BOUND('',#282,.T.);
#164=FACE_OUTER_BOUND('',#283,.T.);
#165=FACE_OUTER_BOUND('',#284,.T.);
#166=FACE_OUTER_BOUND('',#285,.T.);
#167=FACE_OUTER_BOUND('',#286,.T.);
#168=FACE_OUTER_BOUND('',#287,.T.);
#169=FACE_OUTER_BOUND('',#288,.T.);
#170=FACE_OUTER_BOUND('',#289,.T.);
#171=FACE_OUTER_BOUND('',#290,.T.);
#172=FACE_OUTER_BOUND('',#291,.T.);
#173=FACE_OUTER_BOUND('',#292,.T.);
#174=FACE_OUTER_BOUND('',#293,.T.);
#175=FACE_OUTER_BOUND('',#294,.T.);
#176=FACE_OUTER_BOUND('',#295,.T.);
#177=FACE_OUTER_BOUND('',#296,.T.);
#178=FACE_OUTER_BOUND('',#297,.T.);
#179=FACE_OUTER_BOUND('',#298,.T.);
#180=FACE_OUTER_BOUND('',#299,.T.);
#181=FACE_OUTER_BOUND('',#300,.T.);
#182=FACE_OUTER_BOUND('',#301,.T.);
#183=FACE_OUTER_BOUND('',#302,.T.);
#184=FACE_OUTER_BOUND('',#303,.T.);
#185=FACE_OUTER_BOUND('',#304,.T.);
#186=FACE_OUTER_BOUND('',#305,.T.);
#187=FACE_OUTER_BOUND('',#306,.T.);
#188=FACE_OUTER_BOUND('',#307,.T.);
#189=FACE_OUTER_BOUND('',#308,.T.);
#190=FACE_OUTER_BOUND('',#309,.T.);
#191=FACE_OUTER_BOUND('',#310,.T.);
#192=FACE_OUTER_BOUND('',#311,.T.);
#193=FACE_OUTER_BOUND('',#312,.T.);
#194=FACE_OUTER_BOUND('',#313,.T.);
#195=FACE_OUTER_BOUND('',#314,.T.);
#196=FACE_OUTER_BOUND('',#315,.T.);
#197=FACE_OUTER_BOUND('',#316,.T.);
#198=FACE_OUTER_BOUND('',#317,.T.);
#199=FACE_OUTER_BOUND('',#318,.T.);
#200=FACE_OUTER_BOUND('',#319,.T.);
#201=FACE_OUTER_BOUND('',#320,.T.);
#202=FACE_OUTER_BOUND('',#321,.T.);
#203=FACE_OUTER_BOUND('',#322,.T.);
#204=FACE_OUTER_BOUND('',#323,.T.);
#205=FACE_OUTER_BOUND('',#324,.T.);
#206=FACE_OUTER_BOUND('',#325,.T.);
#207=FACE_OUTER_BOUND('',#326,.T.);
#208=FACE_OUTER_BOUND('',#327,.T.);
#209=FACE_OUTER_BOUND('',#328,.T.);
#210=FACE_OUTER_BOUND('',#329,.T.);
#211=FACE_OUTER_BOUND('',#330,.T.);
#212=FACE_OUTER_BOUND('',#331,.T.);
#213=FACE_OUTER_BOUND('',#332,.T.);
#214=FACE_OUTER_BOUND('',#333,.T.);
#215=FACE_OUTER_BOUND('',#334,.T.);
#216=FACE_OUTER_BOUND('',#335,.T.);
#217=FACE_OUTER_BOUND('',#336,.T.);
#218=FACE_OUTER_BOUND('',#337,.T.);
#219=FACE_OUTER_BOUND('',#338,.T.);
#220=FACE_OUTER_BOUND('',#339,.T.);
#221=FACE_OUTER_BOUND('',#340,.T.);
#222=FACE_OUTER_BOUND('',#341,.T.);
#223=FACE_OUTER_BOUND('',#342,.T.);
#224=FACE_OUTER_BOUND('',#343,.T.);
#225=FACE_OUTER_BOUND('',#344,.T.);
#226=FACE_OUTER_BOUND('',#345,.T.);
#227=FACE_OUTER_BOUND('',#346,.T.);
#228=FACE_OUTER_BOUND('',#347,.T.);
#229=EDGE_LOOP('',(#1557,#1558,#1559,#1560,#1561,#1562,#1563,#1564,#1565));
#230=EDGE_LOOP('',(#1566,#1567,#1568));
#231=EDGE_LOOP('',(#1569,#1570,#1571,#1572,#1573,#1574,#1575,#1576));
#232=EDGE_LOOP('',(#1577,#1578,#1579,#1580,#1581,#1582,#1583,#1584,#1585,
#1586));
#233=EDGE_LOOP('',(#1587,#1588,#1589,#1590,#1591,#1592,#1593,#1594,#1595,
#1596,#1597));
#234=EDGE_LOOP('',(#1598,#1599,#1600,#1601,#1602,#1603,#1604,#1605,#1606,
#1607));
#235=EDGE_LOOP('',(#1608,#1609,#1610));
#236=EDGE_LOOP('',(#1611,#1612,#1613,#1614,#1615,#1616,#1617,#1618));
#237=EDGE_LOOP('',(#1619,#1620,#1621,#1622,#1623,#1624));
#238=EDGE_LOOP('',(#1625,#1626,#1627,#1628));
#239=EDGE_LOOP('',(#1629,#1630,#1631,#1632));
#240=EDGE_LOOP('',(#1633,#1634,#1635,#1636,#1637,#1638,#1639,#1640));
#241=EDGE_LOOP('',(#1641,#1642,#1643,#1644));
#242=EDGE_LOOP('',(#1645,#1646,#1647,#1648));
#243=EDGE_LOOP('',(#1649,#1650));
#244=EDGE_LOOP('',(#1651,#1652));
#245=EDGE_LOOP('',(#1653,#1654,#1655,#1656,#1657,#1658,#1659,#1660,#1661));
#246=EDGE_LOOP('',(#1662,#1663,#1664,#1665,#1666,#1667,#1668,#1669,#1670,
#1671,#1672,#1673,#1674,#1675,#1676));
#247=EDGE_LOOP('',(#1677,#1678,#1679,#1680,#1681,#1682,#1683,#1684,#1685,
#1686,#1687,#1688));
#248=EDGE_LOOP('',(#1689,#1690,#1691,#1692,#1693,#1694,#1695,#1696,#1697,
#1698,#1699,#1700,#1701,#1702,#1703));
#249=EDGE_LOOP('',(#1704,#1705,#1706,#1707,#1708,#1709,#1710,#1711,#1712,
#1713,#1714,#1715));
#250=EDGE_LOOP('',(#1716,#1717,#1718,#1719,#1720,#1721,#1722,#1723));
#251=EDGE_LOOP('',(#1724));
#252=EDGE_LOOP('',(#1725));
#253=EDGE_LOOP('',(#1726,#1727,#1728,#1729,#1730,#1731,#1732,#1733));
#254=EDGE_LOOP('',(#1734));
#255=EDGE_LOOP('',(#1735));
#256=EDGE_LOOP('',(#1736,#1737,#1738,#1739,#1740,#1741,#1742,#1743));
#257=EDGE_LOOP('',(#1744,#1745,#1746,#1747));
#258=EDGE_LOOP('',(#1748,#1749,#1750,#1751));
#259=EDGE_LOOP('',(#1752,#1753,#1754,#1755));
#260=EDGE_LOOP('',(#1756,#1757,#1758,#1759,#1760,#1761,#1762,#1763,#1764,
#1765,#1766,#1767,#1768,#1769,#1770,#1771,#1772,#1773,#1774,#1775,#1776,
#1777));
#261=EDGE_LOOP('',(#1778));
#262=EDGE_LOOP('',(#1779));
#263=EDGE_LOOP('',(#1780,#1781,#1782,#1783,#1784,#1785,#1786,#1787,#1788,
#1789));
#264=EDGE_LOOP('',(#1790,#1791,#1792,#1793,#1794,#1795,#1796,#1797,#1798,
#1799,#1800,#1801,#1802,#1803,#1804,#1805));
#265=EDGE_LOOP('',(#1806));
#266=EDGE_LOOP('',(#1807));
#267=EDGE_LOOP('',(#1808,#1809,#1810,#1811,#1812,#1813,#1814,#1815));
#268=EDGE_LOOP('',(#1816,#1817,#1818,#1819));
#269=EDGE_LOOP('',(#1820,#1821,#1822,#1823));
#270=EDGE_LOOP('',(#1824,#1825,#1826,#1827,#1828,#1829,#1830,#1831,#1832,
#1833));
#271=EDGE_LOOP('',(#1834,#1835,#1836,#1837));
#272=EDGE_LOOP('',(#1838,#1839,#1840,#1841));
#273=EDGE_LOOP('',(#1842,#1843,#1844,#1845));
#274=EDGE_LOOP('',(#1846,#1847,#1848,#1849,#1850));
#275=EDGE_LOOP('',(#1851,#1852,#1853,#1854,#1855,#1856,#1857));
#276=EDGE_LOOP('',(#1858,#1859,#1860,#1861));
#277=EDGE_LOOP('',(#1862,#1863,#1864,#1865,#1866));
#278=EDGE_LOOP('',(#1867,#1868,#1869,#1870));
#279=EDGE_LOOP('',(#1871,#1872,#1873,#1874));
#280=EDGE_LOOP('',(#1875,#1876,#1877,#1878));
#281=EDGE_LOOP('',(#1879,#1880,#1881));
#282=EDGE_LOOP('',(#1882,#1883,#1884));
#283=EDGE_LOOP('',(#1885,#1886,#1887,#1888,#1889));
#284=EDGE_LOOP('',(#1890,#1891,#1892,#1893,#1894));
#285=EDGE_LOOP('',(#1895,#1896,#1897,#1898,#1899,#1900,#1901,#1902,#1903));
#286=EDGE_LOOP('',(#1904,#1905,#1906,#1907,#1908,#1909,#1910,#1911,#1912));
#287=EDGE_LOOP('',(#1913,#1914,#1915,#1916,#1917));
#288=EDGE_LOOP('',(#1918,#1919,#1920,#1921,#1922));
#289=EDGE_LOOP('',(#1923,#1924,#1925,#1926,#1927,#1928,#1929));
#290=EDGE_LOOP('',(#1930,#1931,#1932,#1933,#1934,#1935,#1936,#1937,#1938));
#291=EDGE_LOOP('',(#1939,#1940,#1941,#1942));
#292=EDGE_LOOP('',(#1943,#1944,#1945,#1946,#1947,#1948,#1949,#1950));
#293=EDGE_LOOP('',(#1951,#1952,#1953,#1954));
#294=EDGE_LOOP('',(#1955,#1956,#1957,#1958,#1959,#1960,#1961,#1962,#1963));
#295=EDGE_LOOP('',(#1964,#1965,#1966,#1967,#1968,#1969,#1970,#1971,#1972,
#1973,#1974));
#296=EDGE_LOOP('',(#1975,#1976,#1977,#1978));
#297=EDGE_LOOP('',(#1979,#1980,#1981,#1982,#1983));
#298=EDGE_LOOP('',(#1984,#1985,#1986,#1987));
#299=EDGE_LOOP('',(#1988,#1989,#1990,#1991,#1992));
#300=EDGE_LOOP('',(#1993,#1994,#1995));
#301=EDGE_LOOP('',(#1996,#1997,#1998,#1999,#2000));
#302=EDGE_LOOP('',(#2001,#2002,#2003,#2004));
#303=EDGE_LOOP('',(#2005,#2006,#2007,#2008));
#304=EDGE_LOOP('',(#2009,#2010,#2011));
#305=EDGE_LOOP('',(#2012,#2013,#2014,#2015,#2016,#2017,#2018));
#306=EDGE_LOOP('',(#2019,#2020,#2021,#2022));
#307=EDGE_LOOP('',(#2023,#2024,#2025,#2026,#2027));
#308=EDGE_LOOP('',(#2028,#2029,#2030,#2031));
#309=EDGE_LOOP('',(#2032,#2033,#2034,#2035,#2036));
#310=EDGE_LOOP('',(#2037,#2038,#2039));
#311=EDGE_LOOP('',(#2040,#2041,#2042,#2043,#2044));
#312=EDGE_LOOP('',(#2045,#2046,#2047,#2048));
#313=EDGE_LOOP('',(#2049,#2050,#2051,#2052));
#314=EDGE_LOOP('',(#2053,#2054,#2055,#2056,#2057,#2058,#2059,#2060,#2061));
#315=EDGE_LOOP('',(#2062,#2063,#2064));
#316=EDGE_LOOP('',(#2065,#2066,#2067,#2068,#2069,#2070,#2071));
#317=EDGE_LOOP('',(#2072,#2073,#2074,#2075));
#318=EDGE_LOOP('',(#2076,#2077,#2078,#2079));
#319=EDGE_LOOP('',(#2080,#2081,#2082,#2083));
#320=EDGE_LOOP('',(#2084,#2085,#2086,#2087));
#321=EDGE_LOOP('',(#2088,#2089,#2090,#2091,#2092,#2093));
#322=EDGE_LOOP('',(#2094,#2095,#2096,#2097,#2098,#2099));
#323=EDGE_LOOP('',(#2100,#2101,#2102,#2103,#2104,#2105,#2106,#2107,#2108,
#2109,#2110));
#324=EDGE_LOOP('',(#2111,#2112,#2113,#2114,#2115));
#325=EDGE_LOOP('',(#2116,#2117,#2118,#2119,#2120,#2121));
#326=EDGE_LOOP('',(#2122,#2123,#2124,#2125));
#327=EDGE_LOOP('',(#2126,#2127,#2128,#2129));
#328=EDGE_LOOP('',(#2130,#2131,#2132,#2133,#2134,#2135,#2136,#2137));
#329=EDGE_LOOP('',(#2138,#2139,#2140,#2141));
#330=EDGE_LOOP('',(#2142,#2143,#2144));
#331=EDGE_LOOP('',(#2145,#2146,#2147));
#332=EDGE_LOOP('',(#2148,#2149,#2150));
#333=EDGE_LOOP('',(#2151,#2152,#2153,#2154));
#334=EDGE_LOOP('',(#2155,#2156,#2157));
#335=EDGE_LOOP('',(#2158,#2159,#2160,#2161,#2162,#2163,#2164,#2165,#2166,
#2167,#2168,#2169,#2170,#2171,#2172,#2173,#2174,#2175,#2176,#2177,#2178,
#2179));
#336=EDGE_LOOP('',(#2180,#2181,#2182,#2183,#2184,#2185,#2186,#2187,#2188,
#2189,#2190,#2191,#2192,#2193,#2194,#2195,#2196,#2197,#2198,#2199,#2200,
#2201));
#337=EDGE_LOOP('',(#2202,#2203,#2204,#2205));
#338=EDGE_LOOP('',(#2206,#2207,#2208,#2209));
#339=EDGE_LOOP('',(#2210,#2211,#2212,#2213));
#340=EDGE_LOOP('',(#2214,#2215,#2216,#2217));
#341=EDGE_LOOP('',(#2218,#2219,#2220,#2221,#2222));
#342=EDGE_LOOP('',(#2223,#2224,#2225,#2226,#2227));
#343=EDGE_LOOP('',(#2228,#2229,#2230,#2231));
#344=EDGE_LOOP('',(#2232,#2233,#2234,#2235));
#345=EDGE_LOOP('',(#2236,#2237,#2238,#2239));
#346=EDGE_LOOP('',(#2240,#2241,#2242,#2243));
#347=EDGE_LOOP('',(#2244,#2245,#2246,#2247,#2248,#2249,#2250));
#348=ELLIPSE('',#2390,3.18198051533946,2.25);
#349=ELLIPSE('',#2392,3.18198051533946,2.25);
#350=ELLIPSE('',#2404,3.18198051533946,2.25);
#351=ELLIPSE('',#2406,3.18198051533946,2.25);
#352=ELLIPSE('',#2410,3.18198051533946,2.25);
#353=ELLIPSE('',#2416,3.18198051533946,2.25);
#354=B_SPLINE_CURVE_WITH_KNOTS('',3,(#3108,#3109,#3110,#3111,#3112,#3113,
#3114,#3115,#3116,#3117,#3118,#3119,#3120,#3121,#3122,#3123,#3124,#3125,
#3126,#3127,#3128,#3129,#3130,#3131,#3132,#3133,#3134,#3135,#3136,#3137,
#3138,#3139,#3140,#3141,#3142,#3143,#3144,#3145,#3146,#3147,#3148,#3149,
#3150,#3151,#3152),.UNSPECIFIED.,.F.,.F.,(4,2,2,2,2,2,2,2,2,2,2,2,2,2,2,
2,2,3,2,2,2,4),(-1.10308063981268,-1.10058921386633,-0.967855805991835,
-0.907987658438908,-0.84811951088598,-0.790800734471634,-0.733481958057288,
-0.675071634463849,-0.616661310870411,-0.558250987276972,-0.499840663683534,
-0.442521887269187,-0.38520311085484,-0.325334963301913,-0.265466815748985,
-0.132733407874492,-0.0663667039372462,0.,0.0663667039372463,0.132733407874493,
0.265466815748985,0.310734184547035),.UNSPECIFIED.);
#355=B_SPLINE_CURVE_WITH_KNOTS('',3,(#3160,#3161,#3162,#3163,#3164,#3165,
#3166,#3167,#3168,#3169),.UNSPECIFIED.,.F.,.F.,(4,2,2,2,4),(-1.36356460366897,
-1.29968932567807,-1.23332262174082,-1.16695591780357,-1.10308063981268),
 .UNSPECIFIED.);
#356=B_SPLINE_CURVE_WITH_KNOTS('',3,(#3176,#3177,#3178,#3179,#3180,#3181,
#3182,#3183),.UNSPECIFIED.,.F.,.F.,(4,2,2,4),(1.36356460366897,1.36605602961531,
1.4987894374898,1.54405680628786),.UNSPECIFIED.);
#357=B_SPLINE_CURVE_WITH_KNOTS('',3,(#3187,#3188,#3189,#3190,#3191,#3192,
#3193,#3194),.UNSPECIFIED.,.F.,.F.,(4,2,2,4),(3.8679776725868,3.92057431280078,
4.02984893328255,4.05627731557069),.UNSPECIFIED.);
#358=B_SPLINE_CURVE_WITH_KNOTS('',3,(#3198,#3199,#3200,#3201,#3202,#3203,
#3204,#3205,#3206,#3207,#3208,#3209),.UNSPECIFIED.,.F.,.F.,(4,2,2,2,2,4),
(3.4652426630367,3.49482530667247,3.53999424644836,3.59275045135546,3.70202507183723,
3.75462171205121),.UNSPECIFIED.);
#359=B_SPLINE_CURVE_WITH_KNOTS('',3,(#3212,#3213,#3214,#3215,#3216,#3217,
#3218,#3219),.UNSPECIFIED.,.F.,.F.,(4,2,2,4),(4.05627731557069,4.08260513818965,
4.12777407796554,4.15735672160131),.UNSPECIFIED.);
#360=B_SPLINE_CURVE_WITH_KNOTS('',3,(#3229,#3230,#3231,#3232,#3233,#3234,
#3235,#3236),.UNSPECIFIED.,.F.,.F.,(4,2,2,4),(0.22735140008321,0.25693404371898,
0.302102983494867,0.328430806113826),.UNSPECIFIED.);
#361=B_SPLINE_CURVE_WITH_KNOTS('',3,(#3240,#3241,#3242,#3243,#3244,#3245,
#3246,#3247),.UNSPECIFIED.,.F.,.F.,(4,2,2,4),(0.797541192207076,0.844713875236154,
0.889882815012043,0.919465458647813),.UNSPECIFIED.);
#362=B_SPLINE_CURVE_WITH_KNOTS('',3,(#3249,#3250,#3251,#3252,#3253,#3254,
#3255,#3256),.UNSPECIFIED.,.F.,.F.,(4,2,2,4),(0.630086409633291,0.682683049847283,
0.791957670329056,0.797541192207076),.UNSPECIFIED.);
#363=B_SPLINE_CURVE_WITH_KNOTS('',3,(#3260,#3261,#3262,#3263,#3264,#3265,
#3266,#3267),.UNSPECIFIED.,.F.,.F.,(4,2,2,4),(0.349276420774304,0.354859188401966,
0.464133808883739,0.516730449097731),.UNSPECIFIED.);
#364=B_SPLINE_CURVE_WITH_KNOTS('',3,(#3268,#3269,#3270,#3271),
 .UNSPECIFIED.,.F.,.F.,(4,4),(0.328430806113826,0.349276420774304),
 .UNSPECIFIED.);
#365=B_SPLINE_CURVE_WITH_KNOTS('',3,(#3274,#3275,#3276,#3277,#3278,#3279,
#3280,#3281,#3282,#3283),.UNSPECIFIED.,.F.,.F.,(4,2,2,2,4),(1.10308063981267,
1.16695591780357,1.23332262174082,1.29968932567807,1.36356460366897),
 .UNSPECIFIED.);
#366=B_SPLINE_CURVE_WITH_KNOTS('',3,(#3292,#3293,#3294,#3295,#3296,#3297,
#3298,#3299,#3300,#3301,#3302,#3303),.UNSPECIFIED.,.F.,.F.,(4,2,2,2,2,4),
(0.797207464600179,0.848119510885979,0.907987658438906,0.967855805991833,
1.10058921386633,1.10308063981267),.UNSPECIFIED.);
#367=B_SPLINE_CURVE_WITH_KNOTS('',3,(#3305,#3306,#3307,#3308,#3309,#3310,
#3311,#3312,#3313,#3314,#3315,#3316,#3317,#3318,#3319,#3320,#3321,#3322),
 .UNSPECIFIED.,.F.,.F.,(4,2,2,2,2,2,2,2,4),(0.43611515714064,0.442521887269186,
0.499840663683533,0.558250987276971,0.61666131087041,0.675071634463848,
0.733481958057287,0.790800734471633,0.797207464600179),.UNSPECIFIED.);
#368=B_SPLINE_CURVE_WITH_KNOTS('',3,(#3324,#3325,#3326,#3327,#3328,#3329,
#3330,#3331,#3332,#3333,#3334,#3335,#3336,#3337,#3338,#3339,#3340,#3341,
#3342,#3343,#3344,#3345,#3346),.UNSPECIFIED.,.F.,.F.,(4,2,2,2,3,2,2,2,2,
2,4),(-0.310734184555078,-0.265466815748985,-0.132733407874492,-0.0663667039372462,
0.,0.0663667039372464,0.132733407874493,0.265466815748985,0.325334963301913,
0.38520311085484,0.43611515714064),.UNSPECIFIED.);
#369=B_SPLINE_CURVE_WITH_KNOTS('',3,(#3350,#3351,#3352,#3353,#3354,#3355,
#3356,#3357,#3358,#3359,#3360,#3361,#3362,#3363,#3364,#3365,#3366,#3367,
#3368,#3369,#3370,#3371,#3372),.UNSPECIFIED.,.F.,.F.,(4,2,2,2,3,2,2,2,2,
2,4),(-0.321250001558172,-0.275996839195925,-0.137998419597963,-0.0689992097989811,
0.,0.0689992097989812,0.137998419597962,0.275996839195925,0.343246917305033,
0.410496995414142,0.428598395950662),.UNSPECIFIED.);
#370=B_SPLINE_CURVE_WITH_KNOTS('',3,(#3374,#3375,#3376,#3377,#3378,#3379,
#3380,#3381,#3382,#3383,#3384,#3385,#3386,#3387,#3388,#3389,#3390,#3391,
#3392,#3393,#3394,#3395),.UNSPECIFIED.,.F.,.F.,(4,2,2,2,2,2,2,2,2,2,4),
(0.907638061127142,0.935570076769496,1.0028201548786,1.07007023298771,1.20806865258568,
1.27706786238466,1.34606707218364,1.41506628198262,1.4840654917816,1.62206391137956,
1.66731707373024),.UNSPECIFIED.);
#371=B_SPLINE_CURVE_WITH_KNOTS('',3,(#3397,#3398,#3399,#3400,#3401,#3402,
#3403,#3404,#3405,#3406,#3407,#3408,#3409,#3410,#3411,#3412,#3413,#3414),
 .UNSPECIFIED.,.F.,.F.,(4,2,2,2,2,2,2,2,4),(0.438431181989769,0.475596799973038,
0.540696604531934,0.606865070311877,0.673033536091819,0.739202001871761,
0.805370467651703,0.8704702722106,0.907638061127142),.UNSPECIFIED.);
#372=B_SPLINE_CURVE_WITH_KNOTS('',3,(#3415,#3416,#3417,#3418),
 .UNSPECIFIED.,.F.,.F.,(4,4),(0.428598395950662,0.438431181989769),
 .UNSPECIFIED.);
#373=B_SPLINE_CURVE_WITH_KNOTS('',3,(#3428,#3429,#3430,#3431,#3432,#3433,
#3434,#3435),.UNSPECIFIED.,.F.,.F.,(4,2,2,4),(-1.5440568062959,-1.49878943748981,
-1.36605602961531,-1.36356460366897),.UNSPECIFIED.);
#374=B_SPLINE_CURVE_WITH_KNOTS('',3,(#3439,#3440,#3441,#3442,#3443,#3444,
#3445,#3446,#3447,#3448,#3449,#3450,#3451,#3452,#3453,#3454,#3455,#3456,
#3457,#3458,#3459,#3460,#3461,#3462,#3463,#3464,#3465,#3466,#3467,#3468,
#3469,#3470,#3471,#3472,#3473,#3474),.UNSPECIFIED.,.F.,.F.,(4,2,2,2,2,2,
2,2,2,2,2,2,2,2,2,2,2,4),(-1.66731707374181,-1.62206391137957,-1.4840654917816,
-1.41506628198262,-1.34606707218364,-1.27706786238466,-1.20806865258568,
-1.07007023298772,-1.00282015487861,-0.935570076769499,-0.870470272210602,
-0.805370467651705,-0.739202001871763,-0.67303353609182,-0.606865070311878,
-0.540696604531936,-0.475596799973039,-0.428598395950665),.UNSPECIFIED.);
#375=B_SPLINE_CURVE_WITH_KNOTS('',3,(#3475,#3476,#3477,#3478,#3479,#3480,
#3481,#3482,#3483,#3484,#3485,#3486,#3487,#3488,#3489,#3490,#3491,#3492,
#3493,#3494,#3495,#3496,#3497),.UNSPECIFIED.,.F.,.F.,(4,2,2,2,2,2,3,2,2,
2,4),(-0.428598395950665,-0.410496995414143,-0.343246917305034,-0.275996839195925,
-0.137998419597962,-0.0689992097989811,0.,0.0689992097989812,0.137998419597962,
0.275996839195925,0.321250001546605),.UNSPECIFIED.);
#376=B_SPLINE_CURVE_WITH_KNOTS('',3,(#3506,#3507,#3508,#3509,#3510,#3511,
#3512,#3513,#3514,#3515,#3516,#3517,#3518,#3519,#3520,#3521,#3522,#3523,
#3524,#3525,#3526,#3527),.UNSPECIFIED.,.F.,.F.,(4,2,2,2,2,2,2,2,2,2,4),
(3.29042676197074,3.29513581182421,3.34040788789114,3.39188164344089,3.48338557907351,
3.57488951470613,3.66639345033874,3.75789738597136,3.80937114152111,3.85464321758804,
3.85935226744151),.UNSPECIFIED.);
#377=B_SPLINE_CURVE_WITH_KNOTS('',3,(#3544,#3545,#3546,#3547,#3548,#3549,
#3550,#3551,#3552,#3553),.UNSPECIFIED.,.F.,.F.,(4,2,2,2,4),(0.698823755656325,
0.738680354622963,0.790154110172721,0.835426186239644,0.840135236093119),
 .UNSPECIFIED.);
#378=B_SPLINE_CURVE_WITH_KNOTS('',3,(#3555,#3556,#3557,#3558,#3559,#3560,
#3561,#3562,#3563,#3564),.UNSPECIFIED.,.F.,.F.,(4,2,2,2,4),(0.412521211059142,
0.464168547725118,0.555672483357733,0.647176418990348,0.698823755656325),
 .UNSPECIFIED.);
#379=B_SPLINE_CURVE_WITH_KNOTS('',3,(#3565,#3566,#3567,#3568,#3569,#3570,
#3571,#3572,#3573,#3574),.UNSPECIFIED.,.F.,.F.,(4,2,2,2,4),(0.271209730622348,
0.275918780475822,0.321190856542746,0.372664612092503,0.412521211059142),
 .UNSPECIFIED.);
#380=B_SPLINE_CURVE_WITH_KNOTS('',3,(#3584,#3585,#3586,#3587,#3588,#3589),
 .UNSPECIFIED.,.F.,.F.,(4,2,4),(1.96830649058057,2.01910060827546,2.06989472597035),
 .UNSPECIFIED.);
#381=B_SPLINE_CURVE_WITH_KNOTS('',3,(#3591,#3592,#3593,#3594,#3595,#3596),
 .UNSPECIFIED.,.F.,.F.,(4,2,4),(0.622239418396941,0.67303353609182,0.7238276537867),
 .UNSPECIFIED.);
#382=CIRCLE('',#2389,2.25);
#383=CIRCLE('',#2391,2.25);
#384=CIRCLE('',#2394,2.25);
#385=CIRCLE('',#2396,2.25);
#386=CIRCLE('',#2397,2.25);
#387=CIRCLE('',#2398,1.);
#388=CIRCLE('',#2400,1.);
#389=CIRCLE('',#2401,2.25);
#390=CIRCLE('',#2402,2.25);
#391=CIRCLE('',#2405,2.25);
#392=CIRCLE('',#2407,2.25);
#393=CIRCLE('',#2409,2.25);
#394=CIRCLE('',#2411,2.25);
#395=CIRCLE('',#2413,2.25);
#396=CIRCLE('',#2415,2.25);
#397=CIRCLE('',#2417,2.25);
#398=CIRCLE('',#2419,1.);
#399=CIRCLE('',#2421,1.);
#400=CIRCLE('',#2423,1.);
#401=CIRCLE('',#2425,1.);
#402=CIRCLE('',#2427,1.);
#403=CIRCLE('',#2429,1.);
#404=CIRCLE('',#2442,2.75);
#405=CIRCLE('',#2443,2.75);
#406=CIRCLE('',#2446,2.75);
#407=CIRCLE('',#2447,2.75);
#408=LINE('',#3104,#695);
#409=LINE('',#3154,#696);
#410=LINE('',#3173,#697);
#411=LINE('',#3221,#698);
#412=LINE('',#3227,#699);
#413=LINE('',#3285,#700);
#414=LINE('',#3420,#701);
#415=LINE('',#3499,#702);
#416=LINE('',#3529,#703);
#417=LINE('',#3534,#704);
#418=LINE('',#3538,#705);
#419=LINE('',#3542,#706);
#420=LINE('',#3578,#707);
#421=LINE('',#3582,#708);
#422=LINE('',#3599,#709);
#423=LINE('',#3601,#710);
#424=LINE('',#3603,#711);
#425=LINE('',#3605,#712);
#426=LINE('',#3607,#713);
#427=LINE('',#3609,#714);
#428=LINE('',#3610,#715);
#429=LINE('',#3613,#716);
#430=LINE('',#3615,#717);
#431=LINE('',#3617,#718);
#432=LINE('',#3619,#719);
#433=LINE('',#3621,#720);
#434=LINE('',#3623,#721);
#435=LINE('',#3625,#722);
#436=LINE('',#3627,#723);
#437=LINE('',#3629,#724);
#438=LINE('',#3631,#725);
#439=LINE('',#3633,#726);
#440=LINE('',#3635,#727);
#441=LINE('',#3636,#728);
#442=LINE('',#3638,#729);
#443=LINE('',#3640,#730);
#444=LINE('',#3642,#731);
#445=LINE('',#3644,#732);
#446=LINE('',#3646,#733);
#447=LINE('',#3648,#734);
#448=LINE('',#3650,#735);
#449=LINE('',#3652,#736);
#450=LINE('',#3653,#737);
#451=LINE('',#3656,#738);
#452=LINE('',#3658,#739);
#453=LINE('',#3660,#740);
#454=LINE('',#3662,#741);
#455=LINE('',#3664,#742);
#456=LINE('',#3666,#743);
#457=LINE('',#3668,#744);
#458=LINE('',#3670,#745);
#459=LINE('',#3672,#746);
#460=LINE('',#3674,#747);
#461=LINE('',#3676,#748);
#462=LINE('',#3678,#749);
#463=LINE('',#3679,#750);
#464=LINE('',#3681,#751);
#465=LINE('',#3683,#752);
#466=LINE('',#3685,#753);
#467=LINE('',#3687,#754);
#468=LINE('',#3689,#755);
#469=LINE('',#3691,#756);
#470=LINE('',#3693,#757);
#471=LINE('',#3695,#758);
#472=LINE('',#3697,#759);
#473=LINE('',#3699,#760);
#474=LINE('',#3700,#761);
#475=LINE('',#3704,#762);
#476=LINE('',#3706,#763);
#477=LINE('',#3708,#764);
#478=LINE('',#3710,#765);
#479=LINE('',#3712,#766);
#480=LINE('',#3714,#767);
#481=LINE('',#3716,#768);
#482=LINE('',#3717,#769);
#483=LINE('',#3721,#770);
#484=LINE('',#3723,#771);
#485=LINE('',#3725,#772);
#486=LINE('',#3727,#773);
#487=LINE('',#3729,#774);
#488=LINE('',#3731,#775);
#489=LINE('',#3733,#776);
#490=LINE('',#3734,#777);
#491=LINE('',#3738,#778);
#492=LINE('',#3740,#779);
#493=LINE('',#3741,#780);
#494=LINE('',#3743,#781);
#495=LINE('',#3745,#782);
#496=LINE('',#3747,#783);
#497=LINE('',#3748,#784);
#498=LINE('',#3751,#785);
#499=LINE('',#3753,#786);
#500=LINE('',#3754,#787);
#501=LINE('',#3757,#788);
#502=LINE('',#3758,#789);
#503=LINE('',#3761,#790);
#504=LINE('',#3762,#791);
#505=LINE('',#3765,#792);
#506=LINE('',#3767,#793);
#507=LINE('',#3769,#794);
#508=LINE('',#3771,#795);
#509=LINE('',#3773,#796);
#510=LINE('',#3774,#797);
#511=LINE('',#3776,#798);
#512=LINE('',#3778,#799);
#513=LINE('',#3779,#800);
#514=LINE('',#3781,#801);
#515=LINE('',#3783,#802);
#516=LINE('',#3785,#803);
#517=LINE('',#3787,#804);
#518=LINE('',#3789,#805);
#519=LINE('',#3790,#806);
#520=LINE('',#3791,#807);
#521=LINE('',#3798,#808);
#522=LINE('',#3800,#809);
#523=LINE('',#3801,#810);
#524=LINE('',#3803,#811);
#525=LINE('',#3805,#812);
#526=LINE('',#3807,#813);
#527=LINE('',#3809,#814);
#528=LINE('',#3810,#815);
#529=LINE('',#3812,#816);
#530=LINE('',#3814,#817);
#531=LINE('',#3815,#818);
#532=LINE('',#3817,#819);
#533=LINE('',#3818,#820);
#534=LINE('',#3825,#821);
#535=LINE('',#3827,#822);
#536=LINE('',#3829,#823);
#537=LINE('',#3831,#824);
#538=LINE('',#3832,#825);
#539=LINE('',#3835,#826);
#540=LINE('',#3837,#827);
#541=LINE('',#3838,#828);
#542=LINE('',#3840,#829);
#543=LINE('',#3843,#830);
#544=LINE('',#3845,#831);
#545=LINE('',#3846,#832);
#546=LINE('',#3848,#833);
#547=LINE('',#3850,#834);
#548=LINE('',#3854,#835);
#549=LINE('',#3856,#836);
#550=LINE('',#3858,#837);
#551=LINE('',#3859,#838);
#552=LINE('',#3862,#839);
#553=LINE('',#3863,#840);
#554=LINE('',#3865,#841);
#555=LINE('',#3867,#842);
#556=LINE('',#3868,#843);
#557=LINE('',#3870,#844);
#558=LINE('',#3874,#845);
#559=LINE('',#3876,#846);
#560=LINE('',#3877,#847);
#561=LINE('',#3878,#848);
#562=LINE('',#3880,#849);
#563=LINE('',#3882,#850);
#564=LINE('',#3886,#851);
#565=LINE('',#3887,#852);
#566=LINE('',#3891,#853);
#567=LINE('',#3893,#854);
#568=LINE('',#3894,#855);
#569=LINE('',#3897,#856);
#570=LINE('',#3899,#857);
#571=LINE('',#3900,#858);
#572=LINE('',#3902,#859);
#573=LINE('',#3904,#860);
#574=LINE('',#3905,#861);
#575=LINE('',#3908,#862);
#576=LINE('',#3910,#863);
#577=LINE('',#3912,#864);
#578=LINE('',#3913,#865);
#579=LINE('',#3914,#866);
#580=LINE('',#3917,#867);
#581=LINE('',#3919,#868);
#582=LINE('',#3921,#869);
#583=LINE('',#3922,#870);
#584=LINE('',#3925,#871);
#585=LINE('',#3927,#872);
#586=LINE('',#3928,#873);
#587=LINE('',#3930,#874);
#588=LINE('',#3931,#875);
#589=LINE('',#3935,#876);
#590=LINE('',#3937,#877);
#591=LINE('',#3939,#878);
#592=LINE('',#3941,#879);
#593=LINE('',#3942,#880);
#594=LINE('',#3945,#881);
#595=LINE('',#3946,#882);
#596=LINE('',#3949,#883);
#597=LINE('',#3951,#884);
#598=LINE('',#3952,#885);
#599=LINE('',#3954,#886);
#600=LINE('',#3957,#887);
#601=LINE('',#3958,#888);
#602=LINE('',#3960,#889);
#603=LINE('',#3962,#890);
#604=LINE('',#3964,#891);
#605=LINE('',#3965,#892);
#606=LINE('',#3967,#893);
#607=LINE('',#3968,#894);
#608=LINE('',#3971,#895);
#609=LINE('',#3973,#896);
#610=LINE('',#3975,#897);
#611=LINE('',#3977,#898);
#612=LINE('',#3978,#899);
#613=LINE('',#3979,#900);
#614=LINE('',#3981,#901);
#615=LINE('',#3982,#902);
#616=LINE('',#3985,#903);
#617=LINE('',#3986,#904);
#618=LINE('',#3989,#905);
#619=LINE('',#3990,#906);
#620=LINE('',#3993,#907);
#621=LINE('',#3995,#908);
#622=LINE('',#3996,#909);
#623=LINE('',#3998,#910);
#624=LINE('',#4001,#911);
#625=LINE('',#4002,#912);
#626=LINE('',#4005,#913);
#627=LINE('',#4006,#914);
#628=LINE('',#4008,#915);
#629=LINE('',#4013,#916);
#630=LINE('',#4015,#917);
#631=LINE('',#4016,#918);
#632=LINE('',#4019,#919);
#633=LINE('',#4021,#920);
#634=LINE('',#4022,#921);
#635=LINE('',#4025,#922);
#636=LINE('',#4026,#923);
#637=LINE('',#4029,#924);
#638=LINE('',#4031,#925);
#639=LINE('',#4032,#926);
#640=LINE('',#4034,#927);
#641=LINE('',#4037,#928);
#642=LINE('',#4038,#929);
#643=LINE('',#4041,#930);
#644=LINE('',#4042,#931);
#645=LINE('',#4045,#932);
#646=LINE('',#4046,#933);
#647=LINE('',#4048,#934);
#648=LINE('',#4049,#935);
#649=LINE('',#4053,#936);
#650=LINE('',#4056,#937);
#651=LINE('',#4061,#938);
#652=LINE('',#4062,#939);
#653=LINE('',#4063,#940);
#654=LINE('',#4064,#941);
#655=LINE('',#4068,#942);
#656=LINE('',#4069,#943);
#657=LINE('',#4071,#944);
#658=LINE('',#4073,#945);
#659=LINE('',#4074,#946);
#660=LINE('',#4076,#947);
#661=LINE('',#4078,#948);
#662=LINE('',#4079,#949);
#663=LINE('',#4080,#950);
#664=LINE('',#4082,#951);
#665=LINE('',#4085,#952);
#666=LINE('',#4087,#953);
#667=LINE('',#4088,#954);
#668=LINE('',#4090,#955);
#669=LINE('',#4092,#956);
#670=LINE('',#4095,#957);
#671=LINE('',#4097,#958);
#672=LINE('',#4098,#959);
#673=LINE('',#4100,#960);
#674=LINE('',#4105,#961);
#675=LINE('',#4108,#962);
#676=LINE('',#4109,#963);
#677=LINE('',#4110,#964);
#678=LINE('',#4112,#965);
#679=LINE('',#4113,#966);
#680=LINE('',#4114,#967);
#681=LINE('',#4116,#968);
#682=LINE('',#4117,#969);
#683=LINE('',#4120,#970);
#684=LINE('',#4124,#971);
#685=LINE('',#4125,#972);
#686=LINE('',#4128,#973);
#687=LINE('',#4129,#974);
#688=LINE('',#4132,#975);
#689=LINE('',#4133,#976);
#690=LINE('',#4136,#977);
#691=LINE('',#4137,#978);
#692=LINE('',#4140,#979);
#693=LINE('',#4141,#980);
#694=LINE('',#4143,#981);
#695=VECTOR('',#2533,2.25);
#696=VECTOR('',#2536,2.25);
#697=VECTOR('',#2545,2.25);
#698=VECTOR('',#2554,1.625);
#699=VECTOR('',#2561,1.625);
#700=VECTOR('',#2568,2.25);
#701=VECTOR('',#2579,2.25);
#702=VECTOR('',#2592,2.25);
#703=VECTOR('',#2601,1.625);
#704=VECTOR('',#2608,1.);
#705=VECTOR('',#2613,1.);
#706=VECTOR('',#2618,1.625);
#707=VECTOR('',#2623,1.);
#708=VECTOR('',#2628,1.);
#709=VECTOR('',#2635,10.);
#710=VECTOR('',#2636,10.);
#711=VECTOR('',#2637,10.);
#712=VECTOR('',#2638,10.);
#713=VECTOR('',#2639,10.);
#714=VECTOR('',#2640,10.);
#715=VECTOR('',#2641,10.);
#716=VECTOR('',#2644,10.);
#717=VECTOR('',#2645,10.);
#718=VECTOR('',#2646,10.);
#719=VECTOR('',#2647,10.);
#720=VECTOR('',#2648,10.);
#721=VECTOR('',#2649,10.);
#722=VECTOR('',#2650,10.);
#723=VECTOR('',#2651,10.);
#724=VECTOR('',#2652,10.);
#725=VECTOR('',#2653,10.);
#726=VECTOR('',#2654,10.);
#727=VECTOR('',#2655,10.);
#728=VECTOR('',#2656,10.);
#729=VECTOR('',#2657,10.);
#730=VECTOR('',#2658,10.);
#731=VECTOR('',#2659,10.);
#732=VECTOR('',#2660,10.);
#733=VECTOR('',#2661,10.);
#734=VECTOR('',#2662,10.);
#735=VECTOR('',#2663,10.);
#736=VECTOR('',#2664,10.);
#737=VECTOR('',#2665,10.);
#738=VECTOR('',#2668,10.);
#739=VECTOR('',#2669,10.);
#740=VECTOR('',#2670,10.);
#741=VECTOR('',#2671,10.);
#742=VECTOR('',#2672,10.);
#743=VECTOR('',#2673,10.);
#744=VECTOR('',#2674,10.);
#745=VECTOR('',#2675,10.);
#746=VECTOR('',#2676,10.);
#747=VECTOR('',#2677,10.);
#748=VECTOR('',#2678,10.);
#749=VECTOR('',#2679,10.);
#750=VECTOR('',#2680,10.);
#751=VECTOR('',#2681,10.);
#752=VECTOR('',#2682,10.);
#753=VECTOR('',#2683,10.);
#754=VECTOR('',#2684,10.);
#755=VECTOR('',#2685,10.);
#756=VECTOR('',#2686,10.);
#757=VECTOR('',#2687,10.);
#758=VECTOR('',#2688,10.);
#759=VECTOR('',#2689,10.);
#760=VECTOR('',#2690,10.);
#761=VECTOR('',#2691,10.);
#762=VECTOR('',#2694,10.);
#763=VECTOR('',#2695,10.);
#764=VECTOR('',#2696,10.);
#765=VECTOR('',#2697,10.);
#766=VECTOR('',#2698,10.);
#767=VECTOR('',#2699,10.);
#768=VECTOR('',#2700,10.);
#769=VECTOR('',#2701,10.);
#770=VECTOR('',#2704,10.);
#771=VECTOR('',#2705,10.);
#772=VECTOR('',#2706,10.);
#773=VECTOR('',#2707,10.);
#774=VECTOR('',#2708,10.);
#775=VECTOR('',#2709,10.);
#776=VECTOR('',#2710,10.);
#777=VECTOR('',#2711,10.);
#778=VECTOR('',#2714,10.);
#779=VECTOR('',#2715,10.);
#780=VECTOR('',#2716,10.);
#781=VECTOR('',#2717,10.);
#782=VECTOR('',#2718,10.);
#783=VECTOR('',#2719,10.);
#784=VECTOR('',#2720,10.);
#785=VECTOR('',#2723,10.);
#786=VECTOR('',#2724,10.);
#787=VECTOR('',#2725,10.);
#788=VECTOR('',#2728,10.);
#789=VECTOR('',#2729,10.);
#790=VECTOR('',#2732,10.);
#791=VECTOR('',#2733,10.);
#792=VECTOR('',#2736,10.);
#793=VECTOR('',#2737,10.);
#794=VECTOR('',#2738,10.);
#795=VECTOR('',#2739,10.);
#796=VECTOR('',#2740,10.);
#797=VECTOR('',#2741,10.);
#798=VECTOR('',#2742,10.);
#799=VECTOR('',#2743,10.);
#800=VECTOR('',#2744,10.);
#801=VECTOR('',#2745,10.);
#802=VECTOR('',#2746,10.);
#803=VECTOR('',#2747,10.);
#804=VECTOR('',#2748,10.);
#805=VECTOR('',#2749,10.);
#806=VECTOR('',#2750,10.);
#807=VECTOR('',#2751,10.);
#808=VECTOR('',#2758,10.);
#809=VECTOR('',#2759,10.);
#810=VECTOR('',#2760,10.);
#811=VECTOR('',#2763,10.);
#812=VECTOR('',#2764,10.);
#813=VECTOR('',#2765,10.);
#814=VECTOR('',#2766,10.);
#815=VECTOR('',#2767,10.);
#816=VECTOR('',#2768,10.);
#817=VECTOR('',#2769,10.);
#818=VECTOR('',#2770,10.);
#819=VECTOR('',#2771,10.);
#820=VECTOR('',#2772,10.);
#821=VECTOR('',#2779,10.);
#822=VECTOR('',#2780,10.);
#823=VECTOR('',#2781,10.);
#824=VECTOR('',#2782,10.);
#825=VECTOR('',#2783,10.);
#826=VECTOR('',#2786,10.);
#827=VECTOR('',#2787,10.);
#828=VECTOR('',#2788,10.);
#829=VECTOR('',#2791,10.);
#830=VECTOR('',#2794,10.);
#831=VECTOR('',#2795,10.);
#832=VECTOR('',#2796,10.);
#833=VECTOR('',#2799,10.);
#834=VECTOR('',#2802,10.);
#835=VECTOR('',#2807,10.);
#836=VECTOR('',#2808,10.);
#837=VECTOR('',#2809,10.);
#838=VECTOR('',#2810,10.);
#839=VECTOR('',#2813,10.);
#840=VECTOR('',#2814,10.);
#841=VECTOR('',#2815,10.);
#842=VECTOR('',#2816,10.);
#843=VECTOR('',#2817,10.);
#844=VECTOR('',#2820,10.);
#845=VECTOR('',#2823,10.);
#846=VECTOR('',#2824,10.);
#847=VECTOR('',#2825,10.);
#848=VECTOR('',#2826,10.);
#849=VECTOR('',#2829,10.);
#850=VECTOR('',#2832,10.);
#851=VECTOR('',#2837,10.);
#852=VECTOR('',#2838,10.);
#853=VECTOR('',#2841,10.);
#854=VECTOR('',#2842,10.);
#855=VECTOR('',#2843,10.);
#856=VECTOR('',#2846,10.);
#857=VECTOR('',#2847,10.);
#858=VECTOR('',#2848,10.);
#859=VECTOR('',#2851,10.);
#860=VECTOR('',#2852,10.);
#861=VECTOR('',#2853,10.);
#862=VECTOR('',#2856,10.);
#863=VECTOR('',#2857,10.);
#864=VECTOR('',#2858,10.);
#865=VECTOR('',#2859,10.);
#866=VECTOR('',#2860,10.);
#867=VECTOR('',#2863,10.);
#868=VECTOR('',#2864,10.);
#869=VECTOR('',#2865,10.);
#870=VECTOR('',#2866,10.);
#871=VECTOR('',#2869,10.);
#872=VECTOR('',#2870,10.);
#873=VECTOR('',#2871,10.);
#874=VECTOR('',#2874,10.);
#875=VECTOR('',#2875,10.);
#876=VECTOR('',#2880,10.);
#877=VECTOR('',#2881,10.);
#878=VECTOR('',#2882,10.);
#879=VECTOR('',#2883,10.);
#880=VECTOR('',#2884,10.);
#881=VECTOR('',#2887,10.);
#882=VECTOR('',#2888,10.);
#883=VECTOR('',#2891,10.);
#884=VECTOR('',#2892,10.);
#885=VECTOR('',#2893,10.);
#886=VECTOR('',#2896,10.);
#887=VECTOR('',#2899,10.);
#888=VECTOR('',#2900,10.);
#889=VECTOR('',#2901,10.);
#890=VECTOR('',#2902,10.);
#891=VECTOR('',#2903,10.);
#892=VECTOR('',#2904,10.);
#893=VECTOR('',#2905,10.);
#894=VECTOR('',#2906,10.);
#895=VECTOR('',#2909,10.);
#896=VECTOR('',#2910,10.);
#897=VECTOR('',#2911,10.);
#898=VECTOR('',#2912,10.);
#899=VECTOR('',#2913,10.);
#900=VECTOR('',#2914,10.);
#901=VECTOR('',#2917,10.);
#902=VECTOR('',#2918,10.);
#903=VECTOR('',#2921,10.);
#904=VECTOR('',#2922,10.);
#905=VECTOR('',#2925,10.);
#906=VECTOR('',#2926,10.);
#907=VECTOR('',#2929,10.);
#908=VECTOR('',#2930,10.);
#909=VECTOR('',#2931,10.);
#910=VECTOR('',#2934,10.);
#911=VECTOR('',#2937,10.);
#912=VECTOR('',#2938,10.);
#913=VECTOR('',#2941,10.);
#914=VECTOR('',#2942,10.);
#915=VECTOR('',#2945,10.);
#916=VECTOR('',#2952,10.);
#917=VECTOR('',#2953,10.);
#918=VECTOR('',#2954,10.);
#919=VECTOR('',#2957,10.);
#920=VECTOR('',#2958,10.);
#921=VECTOR('',#2959,10.);
#922=VECTOR('',#2962,10.);
#923=VECTOR('',#2963,10.);
#924=VECTOR('',#2966,10.);
#925=VECTOR('',#2967,10.);
#926=VECTOR('',#2968,10.);
#927=VECTOR('',#2971,10.);
#928=VECTOR('',#2974,10.);
#929=VECTOR('',#2975,10.);
#930=VECTOR('',#2978,10.);
#931=VECTOR('',#2979,10.);
#932=VECTOR('',#2982,10.);
#933=VECTOR('',#2983,10.);
#934=VECTOR('',#2986,10.);
#935=VECTOR('',#2987,10.);
#936=VECTOR('',#2994,10.);
#937=VECTOR('',#2999,10.);
#938=VECTOR('',#3004,10.);
#939=VECTOR('',#3005,10.);
#940=VECTOR('',#3006,10.);
#941=VECTOR('',#3007,10.);
#942=VECTOR('',#3010,10.);
#943=VECTOR('',#3011,10.);
#944=VECTOR('',#3012,10.);
#945=VECTOR('',#3013,10.);
#946=VECTOR('',#3014,10.);
#947=VECTOR('',#3017,10.);
#948=VECTOR('',#3018,10.);
#949=VECTOR('',#3019,10.);
#950=VECTOR('',#3020,10.);
#951=VECTOR('',#3023,10.);
#952=VECTOR('',#3026,10.);
#953=VECTOR('',#3027,10.);
#954=VECTOR('',#3028,10.);
#955=VECTOR('',#3031,10.);
#956=VECTOR('',#3034,10.);
#957=VECTOR('',#3037,10.);
#958=VECTOR('',#3038,10.);
#959=VECTOR('',#3039,10.);
#960=VECTOR('',#3042,10.);
#961=VECTOR('',#3051,10.);
#962=VECTOR('',#3056,2.75);
#963=VECTOR('',#3057,2.75);
#964=VECTOR('',#3058,2.75);
#965=VECTOR('',#3061,2.75);
#966=VECTOR('',#3062,2.75);
#967=VECTOR('',#3063,2.75);
#968=VECTOR('',#3066,10.);
#969=VECTOR('',#3067,10.);
#970=VECTOR('',#3072,10.);
#971=VECTOR('',#3077,10.);
#972=VECTOR('',#3078,10.);
#973=VECTOR('',#3081,10.);
#974=VECTOR('',#3082,10.);
#975=VECTOR('',#3085,10.);
#976=VECTOR('',#3086,10.);
#977=VECTOR('',#3089,10.);
#978=VECTOR('',#3090,10.);
#979=VECTOR('',#3093,10.);
#980=VECTOR('',#3094,10.);
#981=VECTOR('',#3097,10.);
#982=VERTEX_POINT('',#3102);
#983=VERTEX_POINT('',#3103);
#984=VERTEX_POINT('',#3105);
#985=VERTEX_POINT('',#3107);
#986=VERTEX_POINT('',#3153);
#987=VERTEX_POINT('',#3155);
#988=VERTEX_POINT('',#3157);
#989=VERTEX_POINT('',#3171);
#990=VERTEX_POINT('',#3172);
#991=VERTEX_POINT('',#3174);
#992=VERTEX_POINT('',#3185);
#993=VERTEX_POINT('',#3186);
#994=VERTEX_POINT('',#3195);
#995=VERTEX_POINT('',#3197);
#996=VERTEX_POINT('',#3210);
#997=VERTEX_POINT('',#3220);
#998=VERTEX_POINT('',#3224);
#999=VERTEX_POINT('',#3226);
#1000=VERTEX_POINT('',#3228);
#1001=VERTEX_POINT('',#3237);
#1002=VERTEX_POINT('',#3239);
#1003=VERTEX_POINT('',#3248);
#1004=VERTEX_POINT('',#3257);
#1005=VERTEX_POINT('',#3259);
#1006=VERTEX_POINT('',#3273);
#1007=VERTEX_POINT('',#3284);
#1008=VERTEX_POINT('',#3286);
#1009=VERTEX_POINT('',#3288);
#1010=VERTEX_POINT('',#3291);
#1011=VERTEX_POINT('',#3304);
#1012=VERTEX_POINT('',#3323);
#1013=VERTEX_POINT('',#3349);
#1014=VERTEX_POINT('',#3373);
#1015=VERTEX_POINT('',#3396);
#1016=VERTEX_POINT('',#3419);
#1017=VERTEX_POINT('',#3421);
#1018=VERTEX_POINT('',#3423);
#1019=VERTEX_POINT('',#3427);
#1020=VERTEX_POINT('',#3438);
#1021=VERTEX_POINT('',#3498);
#1022=VERTEX_POINT('',#3500);
#1023=VERTEX_POINT('',#3502);
#1024=VERTEX_POINT('',#3528);
#1025=VERTEX_POINT('',#3532);
#1026=VERTEX_POINT('',#3536);
#1027=VERTEX_POINT('',#3540);
#1028=VERTEX_POINT('',#3543);
#1029=VERTEX_POINT('',#3554);
#1030=VERTEX_POINT('',#3576);
#1031=VERTEX_POINT('',#3580);
#1032=VERTEX_POINT('',#3598);
#1033=VERTEX_POINT('',#3600);
#1034=VERTEX_POINT('',#3602);
#1035=VERTEX_POINT('',#3604);
#1036=VERTEX_POINT('',#3606);
#1037=VERTEX_POINT('',#3608);
#1038=VERTEX_POINT('',#3612);
#1039=VERTEX_POINT('',#3614);
#1040=VERTEX_POINT('',#3616);
#1041=VERTEX_POINT('',#3618);
#1042=VERTEX_POINT('',#3620);
#1043=VERTEX_POINT('',#3622);
#1044=VERTEX_POINT('',#3624);
#1045=VERTEX_POINT('',#3626);
#1046=VERTEX_POINT('',#3628);
#1047=VERTEX_POINT('',#3630);
#1048=VERTEX_POINT('',#3632);
#1049=VERTEX_POINT('',#3634);
#1050=VERTEX_POINT('',#3637);
#1051=VERTEX_POINT('',#3639);
#1052=VERTEX_POINT('',#3641);
#1053=VERTEX_POINT('',#3643);
#1054=VERTEX_POINT('',#3645);
#1055=VERTEX_POINT('',#3647);
#1056=VERTEX_POINT('',#3649);
#1057=VERTEX_POINT('',#3651);
#1058=VERTEX_POINT('',#3655);
#1059=VERTEX_POINT('',#3657);
#1060=VERTEX_POINT('',#3659);
#1061=VERTEX_POINT('',#3661);
#1062=VERTEX_POINT('',#3663);
#1063=VERTEX_POINT('',#3665);
#1064=VERTEX_POINT('',#3667);
#1065=VERTEX_POINT('',#3669);
#1066=VERTEX_POINT('',#3671);
#1067=VERTEX_POINT('',#3673);
#1068=VERTEX_POINT('',#3675);
#1069=VERTEX_POINT('',#3677);
#1070=VERTEX_POINT('',#3680);
#1071=VERTEX_POINT('',#3682);
#1072=VERTEX_POINT('',#3684);
#1073=VERTEX_POINT('',#3686);
#1074=VERTEX_POINT('',#3688);
#1075=VERTEX_POINT('',#3690);
#1076=VERTEX_POINT('',#3692);
#1077=VERTEX_POINT('',#3694);
#1078=VERTEX_POINT('',#3696);
#1079=VERTEX_POINT('',#3698);
#1080=VERTEX_POINT('',#3702);
#1081=VERTEX_POINT('',#3703);
#1082=VERTEX_POINT('',#3705);
#1083=VERTEX_POINT('',#3707);
#1084=VERTEX_POINT('',#3709);
#1085=VERTEX_POINT('',#3711);
#1086=VERTEX_POINT('',#3713);
#1087=VERTEX_POINT('',#3715);
#1088=VERTEX_POINT('',#3719);
#1089=VERTEX_POINT('',#3720);
#1090=VERTEX_POINT('',#3722);
#1091=VERTEX_POINT('',#3724);
#1092=VERTEX_POINT('',#3726);
#1093=VERTEX_POINT('',#3728);
#1094=VERTEX_POINT('',#3730);
#1095=VERTEX_POINT('',#3732);
#1096=VERTEX_POINT('',#3736);
#1097=VERTEX_POINT('',#3737);
#1098=VERTEX_POINT('',#3739);
#1099=VERTEX_POINT('',#3742);
#1100=VERTEX_POINT('',#3744);
#1101=VERTEX_POINT('',#3746);
#1102=VERTEX_POINT('',#3750);
#1103=VERTEX_POINT('',#3752);
#1104=VERTEX_POINT('',#3756);
#1105=VERTEX_POINT('',#3760);
#1106=VERTEX_POINT('',#3764);
#1107=VERTEX_POINT('',#3766);
#1108=VERTEX_POINT('',#3768);
#1109=VERTEX_POINT('',#3770);
#1110=VERTEX_POINT('',#3772);
#1111=VERTEX_POINT('',#3775);
#1112=VERTEX_POINT('',#3777);
#1113=VERTEX_POINT('',#3780);
#1114=VERTEX_POINT('',#3782);
#1115=VERTEX_POINT('',#3784);
#1116=VERTEX_POINT('',#3786);
#1117=VERTEX_POINT('',#3788);
#1118=VERTEX_POINT('',#3792);
#1119=VERTEX_POINT('',#3794);
#1120=VERTEX_POINT('',#3797);
#1121=VERTEX_POINT('',#3799);
#1122=VERTEX_POINT('',#3804);
#1123=VERTEX_POINT('',#3806);
#1124=VERTEX_POINT('',#3808);
#1125=VERTEX_POINT('',#3811);
#1126=VERTEX_POINT('',#3813);
#1127=VERTEX_POINT('',#3816);
#1128=VERTEX_POINT('',#3819);
#1129=VERTEX_POINT('',#3821);
#1130=VERTEX_POINT('',#3824);
#1131=VERTEX_POINT('',#3826);
#1132=VERTEX_POINT('',#3828);
#1133=VERTEX_POINT('',#3830);
#1134=VERTEX_POINT('',#3834);
#1135=VERTEX_POINT('',#3836);
#1136=VERTEX_POINT('',#3842);
#1137=VERTEX_POINT('',#3844);
#1138=VERTEX_POINT('',#3853);
#1139=VERTEX_POINT('',#3855);
#1140=VERTEX_POINT('',#3857);
#1141=VERTEX_POINT('',#3861);
#1142=VERTEX_POINT('',#3864);
#1143=VERTEX_POINT('',#3866);
#1144=VERTEX_POINT('',#3872);
#1145=VERTEX_POINT('',#3873);
#1146=VERTEX_POINT('',#3875);
#1147=VERTEX_POINT('',#3885);
#1148=VERTEX_POINT('',#3889);
#1149=VERTEX_POINT('',#3890);
#1150=VERTEX_POINT('',#3892);
#1151=VERTEX_POINT('',#3896);
#1152=VERTEX_POINT('',#3898);
#1153=VERTEX_POINT('',#3903);
#1154=VERTEX_POINT('',#3907);
#1155=VERTEX_POINT('',#3909);
#1156=VERTEX_POINT('',#3911);
#1157=VERTEX_POINT('',#3916);
#1158=VERTEX_POINT('',#3918);
#1159=VERTEX_POINT('',#3920);
#1160=VERTEX_POINT('',#3924);
#1161=VERTEX_POINT('',#3926);
#1162=VERTEX_POINT('',#3934);
#1163=VERTEX_POINT('',#3936);
#1164=VERTEX_POINT('',#3938);
#1165=VERTEX_POINT('',#3940);
#1166=VERTEX_POINT('',#3944);
#1167=VERTEX_POINT('',#3948);
#1168=VERTEX_POINT('',#3950);
#1169=VERTEX_POINT('',#3956);
#1170=VERTEX_POINT('',#3959);
#1171=VERTEX_POINT('',#3961);
#1172=VERTEX_POINT('',#3963);
#1173=VERTEX_POINT('',#3966);
#1174=VERTEX_POINT('',#3970);
#1175=VERTEX_POINT('',#3972);
#1176=VERTEX_POINT('',#3974);
#1177=VERTEX_POINT('',#3976);
#1178=VERTEX_POINT('',#3984);
#1179=VERTEX_POINT('',#3988);
#1180=VERTEX_POINT('',#3992);
#1181=VERTEX_POINT('',#3994);
#1182=VERTEX_POINT('',#4000);
#1183=VERTEX_POINT('',#4004);
#1184=VERTEX_POINT('',#4012);
#1185=VERTEX_POINT('',#4014);
#1186=VERTEX_POINT('',#4018);
#1187=VERTEX_POINT('',#4020);
#1188=VERTEX_POINT('',#4024);
#1189=VERTEX_POINT('',#4028);
#1190=VERTEX_POINT('',#4030);
#1191=VERTEX_POINT('',#4036);
#1192=VERTEX_POINT('',#4040);
#1193=VERTEX_POINT('',#4044);
#1194=VERTEX_POINT('',#4059);
#1195=VERTEX_POINT('',#4060);
#1196=VERTEX_POINT('',#4066);
#1197=VERTEX_POINT('',#4067);
#1198=VERTEX_POINT('',#4070);
#1199=VERTEX_POINT('',#4072);
#1200=VERTEX_POINT('',#4077);
#1201=VERTEX_POINT('',#4084);
#1202=VERTEX_POINT('',#4086);
#1203=VERTEX_POINT('',#4094);
#1204=VERTEX_POINT('',#4096);
#1205=VERTEX_POINT('',#4123);
#1206=VERTEX_POINT('',#4127);
#1207=VERTEX_POINT('',#4131);
#1208=VERTEX_POINT('',#4135);
#1209=VERTEX_POINT('',#4139);
#1210=EDGE_CURVE('',#982,#983,#408,.T.);
#1211=EDGE_CURVE('',#984,#982,#382,.T.);
#1212=EDGE_CURVE('',#985,#984,#354,.T.);
#1213=EDGE_CURVE('',#985,#986,#409,.T.);
#1214=EDGE_CURVE('',#987,#986,#348,.T.);
#1215=EDGE_CURVE('',#988,#987,#383,.T.);
#1216=EDGE_CURVE('',#986,#988,#349,.T.);
#1217=EDGE_CURVE('',#983,#985,#355,.T.);
#1218=EDGE_CURVE('',#989,#990,#410,.T.);
#1219=EDGE_CURVE('',#989,#991,#384,.T.);
#1220=EDGE_CURVE('',#990,#991,#356,.T.);
#1221=EDGE_CURVE('',#992,#993,#357,.T.);
#1222=EDGE_CURVE('',#994,#992,#385,.T.);
#1223=EDGE_CURVE('',#995,#994,#358,.T.);
#1224=EDGE_CURVE('',#996,#995,#386,.T.);
#1225=EDGE_CURVE('',#993,#996,#359,.T.);
#1226=EDGE_CURVE('',#993,#997,#411,.T.);
#1227=EDGE_CURVE('',#997,#997,#387,.T.);
#1228=EDGE_CURVE('',#998,#998,#388,.T.);
#1229=EDGE_CURVE('',#998,#999,#412,.T.);
#1230=EDGE_CURVE('',#1000,#999,#360,.T.);
#1231=EDGE_CURVE('',#1000,#1001,#389,.T.);
#1232=EDGE_CURVE('',#1002,#1001,#361,.T.);
#1233=EDGE_CURVE('',#1003,#1002,#362,.T.);
#1234=EDGE_CURVE('',#1003,#1004,#390,.T.);
#1235=EDGE_CURVE('',#1005,#1004,#363,.T.);
#1236=EDGE_CURVE('',#999,#1005,#364,.T.);
#1237=EDGE_CURVE('',#1006,#990,#365,.T.);
#1238=EDGE_CURVE('',#1006,#1007,#413,.T.);
#1239=EDGE_CURVE('',#1008,#1007,#350,.T.);
#1240=EDGE_CURVE('',#1009,#1008,#391,.T.);
#1241=EDGE_CURVE('',#1007,#1009,#351,.T.);
#1242=EDGE_CURVE('',#1010,#1006,#366,.T.);
#1243=EDGE_CURVE('',#1011,#1010,#367,.T.);
#1244=EDGE_CURVE('',#1012,#1011,#368,.T.);
#1245=EDGE_CURVE('',#1012,#989,#392,.T.);
#1246=EDGE_CURVE('',#996,#1013,#369,.T.);
#1247=EDGE_CURVE('',#1014,#995,#370,.T.);
#1248=EDGE_CURVE('',#1015,#1014,#371,.T.);
#1249=EDGE_CURVE('',#1013,#1015,#372,.T.);
#1250=EDGE_CURVE('',#1013,#1016,#414,.T.);
#1251=EDGE_CURVE('',#1017,#1016,#393,.T.);
#1252=EDGE_CURVE('',#1018,#1017,#352,.T.);
#1253=EDGE_CURVE('',#1016,#1018,#394,.T.);
#1254=EDGE_CURVE('',#1019,#983,#373,.T.);
#1255=EDGE_CURVE('',#982,#1019,#395,.T.);
#1256=EDGE_CURVE('',#1001,#1020,#374,.T.);
#1257=EDGE_CURVE('',#1020,#1000,#375,.T.);
#1258=EDGE_CURVE('',#1020,#1021,#415,.T.);
#1259=EDGE_CURVE('',#1022,#1021,#396,.T.);
#1260=EDGE_CURVE('',#1023,#1022,#353,.T.);
#1261=EDGE_CURVE('',#1021,#1023,#397,.T.);
#1262=EDGE_CURVE('',#991,#1012,#376,.T.);
#1263=EDGE_CURVE('',#989,#1024,#416,.T.);
#1264=EDGE_CURVE('',#1024,#1024,#398,.T.);
#1265=EDGE_CURVE('',#1025,#1025,#399,.T.);
#1266=EDGE_CURVE('',#1025,#1024,#417,.T.);
#1267=EDGE_CURVE('',#1026,#1026,#400,.T.);
#1268=EDGE_CURVE('',#1026,#997,#418,.T.);
#1269=EDGE_CURVE('',#1027,#1027,#401,.T.);
#1270=EDGE_CURVE('',#1027,#982,#419,.T.);
#1271=EDGE_CURVE('',#1028,#1019,#377,.T.);
#1272=EDGE_CURVE('',#1029,#1028,#378,.T.);
#1273=EDGE_CURVE('',#984,#1029,#379,.T.);
#1274=EDGE_CURVE('',#1030,#1030,#402,.T.);
#1275=EDGE_CURVE('',#1030,#1027,#420,.T.);
#1276=EDGE_CURVE('',#1031,#1031,#403,.T.);
#1277=EDGE_CURVE('',#1031,#998,#421,.T.);
#1278=EDGE_CURVE('',#994,#992,#380,.T.);
#1279=EDGE_CURVE('',#1004,#1003,#381,.T.);
#1280=EDGE_CURVE('',#1032,#1009,#422,.T.);
#1281=EDGE_CURVE('',#1032,#1033,#423,.T.);
#1282=EDGE_CURVE('',#1033,#1034,#424,.T.);
#1283=EDGE_CURVE('',#1035,#1034,#425,.T.);
#1284=EDGE_CURVE('',#1036,#1035,#426,.T.);
#1285=EDGE_CURVE('',#1037,#1036,#427,.T.);
#1286=EDGE_CURVE('',#1008,#1037,#428,.T.);
#1287=EDGE_CURVE('',#1038,#1018,#429,.T.);
#1288=EDGE_CURVE('',#1038,#1039,#430,.T.);
#1289=EDGE_CURVE('',#1039,#1040,#431,.T.);
#1290=EDGE_CURVE('',#1040,#1041,#432,.T.);
#1291=EDGE_CURVE('',#1041,#1042,#433,.T.);
#1292=EDGE_CURVE('',#1042,#1043,#434,.T.);
#1293=EDGE_CURVE('',#1043,#1044,#435,.T.);
#1294=EDGE_CURVE('',#1044,#1045,#436,.T.);
#1295=EDGE_CURVE('',#1046,#1045,#437,.T.);
#1296=EDGE_CURVE('',#1046,#1047,#438,.T.);
#1297=EDGE_CURVE('',#1047,#1048,#439,.T.);
#1298=EDGE_CURVE('',#1048,#1049,#440,.T.);
#1299=EDGE_CURVE('',#1017,#1049,#441,.T.);
#1300=EDGE_CURVE('',#1037,#1050,#442,.T.);
#1301=EDGE_CURVE('',#1050,#1051,#443,.T.);
#1302=EDGE_CURVE('',#1051,#1052,#444,.T.);
#1303=EDGE_CURVE('',#1052,#1053,#445,.T.);
#1304=EDGE_CURVE('',#1053,#1054,#446,.T.);
#1305=EDGE_CURVE('',#1054,#1055,#447,.T.);
#1306=EDGE_CURVE('',#1055,#1056,#448,.T.);
#1307=EDGE_CURVE('',#1056,#1057,#449,.T.);
#1308=EDGE_CURVE('',#1057,#1032,#450,.T.);
#1309=EDGE_CURVE('',#1058,#1023,#451,.T.);
#1310=EDGE_CURVE('',#1058,#1059,#452,.T.);
#1311=EDGE_CURVE('',#1059,#1060,#453,.T.);
#1312=EDGE_CURVE('',#1060,#1061,#454,.T.);
#1313=EDGE_CURVE('',#1062,#1061,#455,.T.);
#1314=EDGE_CURVE('',#1062,#1063,#456,.T.);
#1315=EDGE_CURVE('',#1063,#1064,#457,.T.);
#1316=EDGE_CURVE('',#1064,#1065,#458,.T.);
#1317=EDGE_CURVE('',#1065,#1066,#459,.T.);
#1318=EDGE_CURVE('',#1066,#1067,#460,.T.);
#1319=EDGE_CURVE('',#1068,#1067,#461,.T.);
#1320=EDGE_CURVE('',#1068,#1069,#462,.T.);
#1321=EDGE_CURVE('',#1022,#1069,#463,.T.);
#1322=EDGE_CURVE('',#987,#1070,#464,.T.);
#1323=EDGE_CURVE('',#1070,#1071,#465,.T.);
#1324=EDGE_CURVE('',#1071,#1072,#466,.T.);
#1325=EDGE_CURVE('',#1072,#1073,#467,.T.);
#1326=EDGE_CURVE('',#1073,#1074,#468,.T.);
#1327=EDGE_CURVE('',#1074,#1075,#469,.T.);
#1328=EDGE_CURVE('',#1075,#1076,#470,.T.);
#1329=EDGE_CURVE('',#1076,#1077,#471,.T.);
#1330=EDGE_CURVE('',#1077,#1078,#472,.T.);
#1331=EDGE_CURVE('',#1078,#1079,#473,.T.);
#1332=EDGE_CURVE('',#1079,#988,#474,.T.);
#1333=EDGE_CURVE('',#1080,#1081,#475,.T.);
#1334=EDGE_CURVE('',#1081,#1082,#476,.T.);
#1335=EDGE_CURVE('',#1082,#1083,#477,.F.);
#1336=EDGE_CURVE('',#1084,#1083,#478,.T.);
#1337=EDGE_CURVE('',#1085,#1084,#479,.T.);
#1338=EDGE_CURVE('',#1086,#1085,#480,.T.);
#1339=EDGE_CURVE('',#1086,#1087,#481,.T.);
#1340=EDGE_CURVE('',#1087,#1080,#482,.T.);
#1341=EDGE_CURVE('',#1088,#1089,#483,.T.);
#1342=EDGE_CURVE('',#1089,#1090,#484,.T.);
#1343=EDGE_CURVE('',#1091,#1090,#485,.T.);
#1344=EDGE_CURVE('',#1092,#1091,#486,.T.);
#1345=EDGE_CURVE('',#1093,#1092,#487,.T.);
#1346=EDGE_CURVE('',#1094,#1093,#488,.T.);
#1347=EDGE_CURVE('',#1094,#1095,#489,.F.);
#1348=EDGE_CURVE('',#1095,#1088,#490,.T.);
#1349=EDGE_CURVE('',#1096,#1097,#491,.T.);
#1350=EDGE_CURVE('',#1097,#1098,#492,.T.);
#1351=EDGE_CURVE('',#1098,#1085,#493,.T.);
#1352=EDGE_CURVE('',#1084,#1099,#494,.T.);
#1353=EDGE_CURVE('',#1099,#1100,#495,.T.);
#1354=EDGE_CURVE('',#1100,#1101,#496,.T.);
#1355=EDGE_CURVE('',#1101,#1096,#497,.T.);
#1356=EDGE_CURVE('',#1102,#1101,#498,.T.);
#1357=EDGE_CURVE('',#1103,#1102,#499,.T.);
#1358=EDGE_CURVE('',#1103,#1096,#500,.T.);
#1359=EDGE_CURVE('',#1104,#1100,#501,.T.);
#1360=EDGE_CURVE('',#1102,#1104,#502,.T.);
#1361=EDGE_CURVE('',#1105,#1099,#503,.T.);
#1362=EDGE_CURVE('',#1104,#1105,#504,.T.);
#1363=EDGE_CURVE('',#1083,#1106,#505,.T.);
#1364=EDGE_CURVE('',#1106,#1107,#506,.T.);
#1365=EDGE_CURVE('',#1107,#1108,#507,.T.);
#1366=EDGE_CURVE('',#1108,#1109,#508,.T.);
#1367=EDGE_CURVE('',#1109,#1110,#509,.T.);
#1368=EDGE_CURVE('',#1110,#1094,#510,.T.);
#1369=EDGE_CURVE('',#1111,#1093,#511,.T.);
#1370=EDGE_CURVE('',#1111,#1112,#512,.T.);
#1371=EDGE_CURVE('',#1069,#1112,#513,.T.);
#1372=EDGE_CURVE('',#1113,#1068,#514,.T.);
#1373=EDGE_CURVE('',#1114,#1113,#515,.T.);
#1374=EDGE_CURVE('',#1115,#1114,#516,.T.);
#1375=EDGE_CURVE('',#1115,#1116,#517,.F.);
#1376=EDGE_CURVE('',#1116,#1117,#518,.F.);
#1377=EDGE_CURVE('',#1117,#1039,#519,.F.);
#1378=EDGE_CURVE('',#1105,#1038,#520,.T.);
#1379=EDGE_CURVE('',#1118,#1118,#404,.T.);
#1380=EDGE_CURVE('',#1119,#1119,#405,.T.);
#1381=EDGE_CURVE('',#1049,#1120,#521,.T.);
#1382=EDGE_CURVE('',#1120,#1121,#522,.T.);
#1383=EDGE_CURVE('',#1121,#1103,#523,.T.);
#1384=EDGE_CURVE('',#1120,#1098,#524,.T.);
#1385=EDGE_CURVE('',#1122,#1048,#525,.T.);
#1386=EDGE_CURVE('',#1123,#1122,#526,.T.);
#1387=EDGE_CURVE('',#1123,#1124,#527,.T.);
#1388=EDGE_CURVE('',#1124,#1059,#528,.T.);
#1389=EDGE_CURVE('',#1125,#1058,#529,.T.);
#1390=EDGE_CURVE('',#1126,#1125,#530,.T.);
#1391=EDGE_CURVE('',#1092,#1126,#531,.T.);
#1392=EDGE_CURVE('',#1091,#1127,#532,.T.);
#1393=EDGE_CURVE('',#1127,#1086,#533,.T.);
#1394=EDGE_CURVE('',#1128,#1128,#406,.T.);
#1395=EDGE_CURVE('',#1129,#1129,#407,.T.);
#1396=EDGE_CURVE('',#1126,#1130,#534,.T.);
#1397=EDGE_CURVE('',#1130,#1131,#535,.T.);
#1398=EDGE_CURVE('',#1131,#1132,#536,.T.);
#1399=EDGE_CURVE('',#1132,#1133,#537,.T.);
#1400=EDGE_CURVE('',#1133,#1111,#538,.T.);
#1401=EDGE_CURVE('',#1130,#1134,#539,.T.);
#1402=EDGE_CURVE('',#1135,#1134,#540,.T.);
#1403=EDGE_CURVE('',#1131,#1135,#541,.T.);
#1404=EDGE_CURVE('',#1134,#1125,#542,.T.);
#1405=EDGE_CURVE('',#1112,#1136,#543,.T.);
#1406=EDGE_CURVE('',#1136,#1137,#544,.T.);
#1407=EDGE_CURVE('',#1137,#1135,#545,.T.);
#1408=EDGE_CURVE('',#1132,#1137,#546,.T.);
#1409=EDGE_CURVE('',#1133,#1136,#547,.T.);
#1410=EDGE_CURVE('',#1138,#1095,#548,.T.);
#1411=EDGE_CURVE('',#1138,#1139,#549,.T.);
#1412=EDGE_CURVE('',#1140,#1139,#550,.T.);
#1413=EDGE_CURVE('',#1088,#1140,#551,.F.);
#1414=EDGE_CURVE('',#1141,#1140,#552,.T.);
#1415=EDGE_CURVE('',#1109,#1139,#553,.T.);
#1416=EDGE_CURVE('',#1108,#1142,#554,.T.);
#1417=EDGE_CURVE('',#1143,#1142,#555,.T.);
#1418=EDGE_CURVE('',#1143,#1141,#556,.T.);
#1419=EDGE_CURVE('',#1110,#1138,#557,.F.);
#1420=EDGE_CURVE('',#1144,#1145,#558,.T.);
#1421=EDGE_CURVE('',#1144,#1146,#559,.T.);
#1422=EDGE_CURVE('',#1082,#1146,#560,.T.);
#1423=EDGE_CURVE('',#1081,#1145,#561,.T.);
#1424=EDGE_CURVE('',#1106,#1146,#562,.T.);
#1425=EDGE_CURVE('',#1107,#1144,#563,.T.);
#1426=EDGE_CURVE('',#1147,#1141,#564,.T.);
#1427=EDGE_CURVE('',#1147,#1143,#565,.T.);
#1428=EDGE_CURVE('',#1148,#1149,#566,.T.);
#1429=EDGE_CURVE('',#1150,#1149,#567,.T.);
#1430=EDGE_CURVE('',#1148,#1150,#568,.T.);
#1431=EDGE_CURVE('',#1142,#1151,#569,.T.);
#1432=EDGE_CURVE('',#1152,#1151,#570,.T.);
#1433=EDGE_CURVE('',#1147,#1152,#571,.T.);
#1434=EDGE_CURVE('',#1150,#1142,#572,.T.);
#1435=EDGE_CURVE('',#1149,#1153,#573,.T.);
#1436=EDGE_CURVE('',#1151,#1153,#574,.T.);
#1437=EDGE_CURVE('',#1080,#1154,#575,.T.);
#1438=EDGE_CURVE('',#1155,#1154,#576,.T.);
#1439=EDGE_CURVE('',#1156,#1155,#577,.T.);
#1440=EDGE_CURVE('',#1153,#1156,#578,.T.);
#1441=EDGE_CURVE('',#1145,#1148,#579,.T.);
#1442=EDGE_CURVE('',#1157,#1152,#580,.T.);
#1443=EDGE_CURVE('',#1158,#1157,#581,.T.);
#1444=EDGE_CURVE('',#1159,#1158,#582,.T.);
#1445=EDGE_CURVE('',#1089,#1159,#583,.T.);
#1446=EDGE_CURVE('',#1160,#1087,#584,.T.);
#1447=EDGE_CURVE('',#1160,#1161,#585,.T.);
#1448=EDGE_CURVE('',#1154,#1161,#586,.T.);
#1449=EDGE_CURVE('',#1090,#1160,#587,.T.);
#1450=EDGE_CURVE('',#1161,#1159,#588,.T.);
#1451=EDGE_CURVE('',#1158,#1162,#589,.T.);
#1452=EDGE_CURVE('',#1163,#1162,#590,.T.);
#1453=EDGE_CURVE('',#1164,#1163,#591,.T.);
#1454=EDGE_CURVE('',#1165,#1164,#592,.T.);
#1455=EDGE_CURVE('',#1155,#1165,#593,.F.);
#1456=EDGE_CURVE('',#1157,#1166,#594,.F.);
#1457=EDGE_CURVE('',#1162,#1166,#595,.T.);
#1458=EDGE_CURVE('',#1156,#1167,#596,.T.);
#1459=EDGE_CURVE('',#1168,#1167,#597,.T.);
#1460=EDGE_CURVE('',#1166,#1168,#598,.T.);
#1461=EDGE_CURVE('',#1167,#1165,#599,.T.);
#1462=EDGE_CURVE('',#1169,#1163,#600,.T.);
#1463=EDGE_CURVE('',#1169,#1060,#601,.T.);
#1464=EDGE_CURVE('',#1060,#1170,#602,.T.);
#1465=EDGE_CURVE('',#1170,#1171,#603,.T.);
#1466=EDGE_CURVE('',#1171,#1172,#604,.T.);
#1467=EDGE_CURVE('',#1172,#1047,#605,.T.);
#1468=EDGE_CURVE('',#1047,#1173,#606,.T.);
#1469=EDGE_CURVE('',#1164,#1173,#607,.T.);
#1470=EDGE_CURVE('',#1168,#1174,#608,.T.);
#1471=EDGE_CURVE('',#1174,#1175,#609,.T.);
#1472=EDGE_CURVE('',#1175,#1176,#610,.T.);
#1473=EDGE_CURVE('',#1176,#1177,#611,.T.);
#1474=EDGE_CURVE('',#1177,#1062,#612,.T.);
#1475=EDGE_CURVE('',#1061,#1169,#613,.T.);
#1476=EDGE_CURVE('',#1051,#1035,#614,.T.);
#1477=EDGE_CURVE('',#1050,#1036,#615,.T.);
#1478=EDGE_CURVE('',#1052,#1178,#616,.T.);
#1479=EDGE_CURVE('',#1034,#1178,#617,.T.);
#1480=EDGE_CURVE('',#1053,#1179,#618,.T.);
#1481=EDGE_CURVE('',#1178,#1179,#619,.T.);
#1482=EDGE_CURVE('',#1054,#1180,#620,.T.);
#1483=EDGE_CURVE('',#1179,#1181,#621,.T.);
#1484=EDGE_CURVE('',#1180,#1181,#622,.T.);
#1485=EDGE_CURVE('',#1055,#1180,#623,.T.);
#1486=EDGE_CURVE('',#1056,#1182,#624,.T.);
#1487=EDGE_CURVE('',#1181,#1182,#625,.T.);
#1488=EDGE_CURVE('',#1057,#1183,#626,.T.);
#1489=EDGE_CURVE('',#1182,#1183,#627,.T.);
#1490=EDGE_CURVE('',#1183,#1033,#628,.T.);
#1491=EDGE_CURVE('',#1077,#1184,#629,.T.);
#1492=EDGE_CURVE('',#1185,#1184,#630,.T.);
#1493=EDGE_CURVE('',#1078,#1185,#631,.T.);
#1494=EDGE_CURVE('',#1076,#1186,#632,.T.);
#1495=EDGE_CURVE('',#1187,#1186,#633,.T.);
#1496=EDGE_CURVE('',#1184,#1187,#634,.T.);
#1497=EDGE_CURVE('',#1075,#1188,#635,.T.);
#1498=EDGE_CURVE('',#1186,#1188,#636,.T.);
#1499=EDGE_CURVE('',#1074,#1189,#637,.T.);
#1500=EDGE_CURVE('',#1189,#1190,#638,.T.);
#1501=EDGE_CURVE('',#1188,#1190,#639,.T.);
#1502=EDGE_CURVE('',#1073,#1189,#640,.T.);
#1503=EDGE_CURVE('',#1072,#1191,#641,.T.);
#1504=EDGE_CURVE('',#1190,#1191,#642,.T.);
#1505=EDGE_CURVE('',#1071,#1192,#643,.T.);
#1506=EDGE_CURVE('',#1191,#1192,#644,.T.);
#1507=EDGE_CURVE('',#1070,#1193,#645,.T.);
#1508=EDGE_CURVE('',#1192,#1193,#646,.T.);
#1509=EDGE_CURVE('',#1079,#1185,#647,.T.);
#1510=EDGE_CURVE('',#1193,#1187,#648,.T.);
#1511=EDGE_CURVE('',#1127,#1160,#649,.T.);
#1512=EDGE_CURVE('',#1121,#1097,#650,.T.);
#1513=EDGE_CURVE('',#1194,#1195,#651,.T.);
#1514=EDGE_CURVE('',#1065,#1194,#652,.T.);
#1515=EDGE_CURVE('',#1176,#1064,#653,.T.);
#1516=EDGE_CURVE('',#1195,#1175,#654,.T.);
#1517=EDGE_CURVE('',#1196,#1197,#655,.T.);
#1518=EDGE_CURVE('',#1043,#1196,#656,.T.);
#1519=EDGE_CURVE('',#1198,#1042,#657,.T.);
#1520=EDGE_CURVE('',#1199,#1198,#658,.T.);
#1521=EDGE_CURVE('',#1197,#1199,#659,.T.);
#1522=EDGE_CURVE('',#1173,#1046,#660,.T.);
#1523=EDGE_CURVE('',#1045,#1200,#661,.T.);
#1524=EDGE_CURVE('',#1200,#1196,#662,.T.);
#1525=EDGE_CURVE('',#1197,#1174,#663,.T.);
#1526=EDGE_CURVE('',#1199,#1195,#664,.T.);
#1527=EDGE_CURVE('',#1198,#1201,#665,.T.);
#1528=EDGE_CURVE('',#1202,#1201,#666,.T.);
#1529=EDGE_CURVE('',#1202,#1194,#667,.T.);
#1530=EDGE_CURVE('',#1201,#1041,#668,.T.);
#1531=EDGE_CURVE('',#1066,#1202,#669,.T.);
#1532=EDGE_CURVE('',#1040,#1203,#670,.T.);
#1533=EDGE_CURVE('',#1203,#1204,#671,.T.);
#1534=EDGE_CURVE('',#1204,#1067,#672,.T.);
#1535=EDGE_CURVE('',#1200,#1044,#673,.T.);
#1536=EDGE_CURVE('',#1177,#1063,#674,.T.);
#1537=EDGE_CURVE('',#1118,#1010,#675,.T.);
#1538=EDGE_CURVE('',#1011,#1015,#676,.T.);
#1539=EDGE_CURVE('',#1014,#1128,#677,.T.);
#1540=EDGE_CURVE('',#1119,#1028,#678,.T.);
#1541=EDGE_CURVE('',#1029,#1005,#679,.T.);
#1542=EDGE_CURVE('',#1002,#1129,#680,.T.);
#1543=EDGE_CURVE('',#1122,#1172,#681,.T.);
#1544=EDGE_CURVE('',#1123,#1171,#682,.T.);
#1545=EDGE_CURVE('',#1124,#1170,#683,.T.);
#1546=EDGE_CURVE('',#1204,#1205,#684,.F.);
#1547=EDGE_CURVE('',#1113,#1205,#685,.T.);
#1548=EDGE_CURVE('',#1117,#1206,#686,.T.);
#1549=EDGE_CURVE('',#1206,#1203,#687,.F.);
#1550=EDGE_CURVE('',#1116,#1207,#688,.F.);
#1551=EDGE_CURVE('',#1207,#1206,#689,.F.);
#1552=EDGE_CURVE('',#1115,#1208,#690,.F.);
#1553=EDGE_CURVE('',#1208,#1207,#691,.F.);
#1554=EDGE_CURVE('',#1114,#1209,#692,.F.);
#1555=EDGE_CURVE('',#1209,#1208,#693,.F.);
#1556=EDGE_CURVE('',#1205,#1209,#694,.F.);
#1557=ORIENTED_EDGE('',*,*,#1210,.F.);
#1558=ORIENTED_EDGE('',*,*,#1211,.F.);
#1559=ORIENTED_EDGE('',*,*,#1212,.F.);
#1560=ORIENTED_EDGE('',*,*,#1213,.T.);
#1561=ORIENTED_EDGE('',*,*,#1214,.F.);
#1562=ORIENTED_EDGE('',*,*,#1215,.F.);
#1563=ORIENTED_EDGE('',*,*,#1216,.F.);
#1564=ORIENTED_EDGE('',*,*,#1213,.F.);
#1565=ORIENTED_EDGE('',*,*,#1217,.F.);
#1566=ORIENTED_EDGE('',*,*,#1218,.F.);
#1567=ORIENTED_EDGE('',*,*,#1219,.T.);
#1568=ORIENTED_EDGE('',*,*,#1220,.F.);
#1569=ORIENTED_EDGE('',*,*,#1221,.F.);
#1570=ORIENTED_EDGE('',*,*,#1222,.F.);
#1571=ORIENTED_EDGE('',*,*,#1223,.F.);
#1572=ORIENTED_EDGE('',*,*,#1224,.F.);
#1573=ORIENTED_EDGE('',*,*,#1225,.F.);
#1574=ORIENTED_EDGE('',*,*,#1226,.T.);
#1575=ORIENTED_EDGE('',*,*,#1227,.F.);
#1576=ORIENTED_EDGE('',*,*,#1226,.F.);
#1577=ORIENTED_EDGE('',*,*,#1228,.F.);
#1578=ORIENTED_EDGE('',*,*,#1229,.T.);
#1579=ORIENTED_EDGE('',*,*,#1230,.F.);
#1580=ORIENTED_EDGE('',*,*,#1231,.T.);
#1581=ORIENTED_EDGE('',*,*,#1232,.F.);
#1582=ORIENTED_EDGE('',*,*,#1233,.F.);
#1583=ORIENTED_EDGE('',*,*,#1234,.T.);
#1584=ORIENTED_EDGE('',*,*,#1235,.F.);
#1585=ORIENTED_EDGE('',*,*,#1236,.F.);
#1586=ORIENTED_EDGE('',*,*,#1229,.F.);
#1587=ORIENTED_EDGE('',*,*,#1218,.T.);
#1588=ORIENTED_EDGE('',*,*,#1237,.F.);
#1589=ORIENTED_EDGE('',*,*,#1238,.T.);
#1590=ORIENTED_EDGE('',*,*,#1239,.F.);
#1591=ORIENTED_EDGE('',*,*,#1240,.F.);
#1592=ORIENTED_EDGE('',*,*,#1241,.F.);
#1593=ORIENTED_EDGE('',*,*,#1238,.F.);
#1594=ORIENTED_EDGE('',*,*,#1242,.F.);
#1595=ORIENTED_EDGE('',*,*,#1243,.F.);
#1596=ORIENTED_EDGE('',*,*,#1244,.F.);
#1597=ORIENTED_EDGE('',*,*,#1245,.T.);
#1598=ORIENTED_EDGE('',*,*,#1246,.F.);
#1599=ORIENTED_EDGE('',*,*,#1224,.T.);
#1600=ORIENTED_EDGE('',*,*,#1247,.F.);
#1601=ORIENTED_EDGE('',*,*,#1248,.F.);
#1602=ORIENTED_EDGE('',*,*,#1249,.F.);
#1603=ORIENTED_EDGE('',*,*,#1250,.T.);
#1604=ORIENTED_EDGE('',*,*,#1251,.F.);
#1605=ORIENTED_EDGE('',*,*,#1252,.F.);
#1606=ORIENTED_EDGE('',*,*,#1253,.F.);
#1607=ORIENTED_EDGE('',*,*,#1250,.F.);
#1608=ORIENTED_EDGE('',*,*,#1210,.T.);
#1609=ORIENTED_EDGE('',*,*,#1254,.F.);
#1610=ORIENTED_EDGE('',*,*,#1255,.F.);
#1611=ORIENTED_EDGE('',*,*,#1256,.F.);
#1612=ORIENTED_EDGE('',*,*,#1231,.F.);
#1613=ORIENTED_EDGE('',*,*,#1257,.F.);
#1614=ORIENTED_EDGE('',*,*,#1258,.T.);
#1615=ORIENTED_EDGE('',*,*,#1259,.F.);
#1616=ORIENTED_EDGE('',*,*,#1260,.F.);
#1617=ORIENTED_EDGE('',*,*,#1261,.F.);
#1618=ORIENTED_EDGE('',*,*,#1258,.F.);
#1619=ORIENTED_EDGE('',*,*,#1262,.F.);
#1620=ORIENTED_EDGE('',*,*,#1219,.F.);
#1621=ORIENTED_EDGE('',*,*,#1263,.T.);
#1622=ORIENTED_EDGE('',*,*,#1264,.F.);
#1623=ORIENTED_EDGE('',*,*,#1263,.F.);
#1624=ORIENTED_EDGE('',*,*,#1245,.F.);
#1625=ORIENTED_EDGE('',*,*,#1265,.F.);
#1626=ORIENTED_EDGE('',*,*,#1266,.T.);
#1627=ORIENTED_EDGE('',*,*,#1264,.T.);
#1628=ORIENTED_EDGE('',*,*,#1266,.F.);
#1629=ORIENTED_EDGE('',*,*,#1267,.F.);
#1630=ORIENTED_EDGE('',*,*,#1268,.T.);
#1631=ORIENTED_EDGE('',*,*,#1227,.T.);
#1632=ORIENTED_EDGE('',*,*,#1268,.F.);
#1633=ORIENTED_EDGE('',*,*,#1269,.F.);
#1634=ORIENTED_EDGE('',*,*,#1270,.T.);
#1635=ORIENTED_EDGE('',*,*,#1255,.T.);
#1636=ORIENTED_EDGE('',*,*,#1271,.F.);
#1637=ORIENTED_EDGE('',*,*,#1272,.F.);
#1638=ORIENTED_EDGE('',*,*,#1273,.F.);
#1639=ORIENTED_EDGE('',*,*,#1211,.T.);
#1640=ORIENTED_EDGE('',*,*,#1270,.F.);
#1641=ORIENTED_EDGE('',*,*,#1274,.F.);
#1642=ORIENTED_EDGE('',*,*,#1275,.T.);
#1643=ORIENTED_EDGE('',*,*,#1269,.T.);
#1644=ORIENTED_EDGE('',*,*,#1275,.F.);
#1645=ORIENTED_EDGE('',*,*,#1276,.F.);
#1646=ORIENTED_EDGE('',*,*,#1277,.T.);
#1647=ORIENTED_EDGE('',*,*,#1228,.T.);
#1648=ORIENTED_EDGE('',*,*,#1277,.F.);
#1649=ORIENTED_EDGE('',*,*,#1278,.F.);
#1650=ORIENTED_EDGE('',*,*,#1222,.T.);
#1651=ORIENTED_EDGE('',*,*,#1279,.F.);
#1652=ORIENTED_EDGE('',*,*,#1234,.F.);
#1653=ORIENTED_EDGE('',*,*,#1239,.T.);
#1654=ORIENTED_EDGE('',*,*,#1241,.T.);
#1655=ORIENTED_EDGE('',*,*,#1280,.F.);
#1656=ORIENTED_EDGE('',*,*,#1281,.T.);
#1657=ORIENTED_EDGE('',*,*,#1282,.T.);
#1658=ORIENTED_EDGE('',*,*,#1283,.F.);
#1659=ORIENTED_EDGE('',*,*,#1284,.F.);
#1660=ORIENTED_EDGE('',*,*,#1285,.F.);
#1661=ORIENTED_EDGE('',*,*,#1286,.F.);
#1662=ORIENTED_EDGE('',*,*,#1251,.T.);
#1663=ORIENTED_EDGE('',*,*,#1253,.T.);
#1664=ORIENTED_EDGE('',*,*,#1287,.F.);
#1665=ORIENTED_EDGE('',*,*,#1288,.T.);
#1666=ORIENTED_EDGE('',*,*,#1289,.T.);
#1667=ORIENTED_EDGE('',*,*,#1290,.T.);
#1668=ORIENTED_EDGE('',*,*,#1291,.T.);
#1669=ORIENTED_EDGE('',*,*,#1292,.T.);
#1670=ORIENTED_EDGE('',*,*,#1293,.T.);
#1671=ORIENTED_EDGE('',*,*,#1294,.T.);
#1672=ORIENTED_EDGE('',*,*,#1295,.F.);
#1673=ORIENTED_EDGE('',*,*,#1296,.T.);
#1674=ORIENTED_EDGE('',*,*,#1297,.T.);
#1675=ORIENTED_EDGE('',*,*,#1298,.T.);
#1676=ORIENTED_EDGE('',*,*,#1299,.F.);
#1677=ORIENTED_EDGE('',*,*,#1240,.T.);
#1678=ORIENTED_EDGE('',*,*,#1286,.T.);
#1679=ORIENTED_EDGE('',*,*,#1300,.T.);
#1680=ORIENTED_EDGE('',*,*,#1301,.T.);
#1681=ORIENTED_EDGE('',*,*,#1302,.T.);
#1682=ORIENTED_EDGE('',*,*,#1303,.T.);
#1683=ORIENTED_EDGE('',*,*,#1304,.T.);
#1684=ORIENTED_EDGE('',*,*,#1305,.T.);
#1685=ORIENTED_EDGE('',*,*,#1306,.T.);
#1686=ORIENTED_EDGE('',*,*,#1307,.T.);
#1687=ORIENTED_EDGE('',*,*,#1308,.T.);
#1688=ORIENTED_EDGE('',*,*,#1280,.T.);
#1689=ORIENTED_EDGE('',*,*,#1259,.T.);
#1690=ORIENTED_EDGE('',*,*,#1261,.T.);
#1691=ORIENTED_EDGE('',*,*,#1309,.F.);
#1692=ORIENTED_EDGE('',*,*,#1310,.T.);
#1693=ORIENTED_EDGE('',*,*,#1311,.T.);
#1694=ORIENTED_EDGE('',*,*,#1312,.T.);
#1695=ORIENTED_EDGE('',*,*,#1313,.F.);
#1696=ORIENTED_EDGE('',*,*,#1314,.T.);
#1697=ORIENTED_EDGE('',*,*,#1315,.T.);
#1698=ORIENTED_EDGE('',*,*,#1316,.T.);
#1699=ORIENTED_EDGE('',*,*,#1317,.T.);
#1700=ORIENTED_EDGE('',*,*,#1318,.T.);
#1701=ORIENTED_EDGE('',*,*,#1319,.F.);
#1702=ORIENTED_EDGE('',*,*,#1320,.T.);
#1703=ORIENTED_EDGE('',*,*,#1321,.F.);
#1704=ORIENTED_EDGE('',*,*,#1215,.T.);
#1705=ORIENTED_EDGE('',*,*,#1322,.T.);
#1706=ORIENTED_EDGE('',*,*,#1323,.T.);
#1707=ORIENTED_EDGE('',*,*,#1324,.T.);
#1708=ORIENTED_EDGE('',*,*,#1325,.T.);
#1709=ORIENTED_EDGE('',*,*,#1326,.T.);
#1710=ORIENTED_EDGE('',*,*,#1327,.T.);
#1711=ORIENTED_EDGE('',*,*,#1328,.T.);
#1712=ORIENTED_EDGE('',*,*,#1329,.T.);
#1713=ORIENTED_EDGE('',*,*,#1330,.T.);
#1714=ORIENTED_EDGE('',*,*,#1331,.T.);
#1715=ORIENTED_EDGE('',*,*,#1332,.T.);
#1716=ORIENTED_EDGE('',*,*,#1333,.T.);
#1717=ORIENTED_EDGE('',*,*,#1334,.T.);
#1718=ORIENTED_EDGE('',*,*,#1335,.T.);
#1719=ORIENTED_EDGE('',*,*,#1336,.F.);
#1720=ORIENTED_EDGE('',*,*,#1337,.F.);
#1721=ORIENTED_EDGE('',*,*,#1338,.F.);
#1722=ORIENTED_EDGE('',*,*,#1339,.T.);
#1723=ORIENTED_EDGE('',*,*,#1340,.T.);
#1724=ORIENTED_EDGE('',*,*,#1265,.T.);
#1725=ORIENTED_EDGE('',*,*,#1267,.T.);
#1726=ORIENTED_EDGE('',*,*,#1341,.T.);
#1727=ORIENTED_EDGE('',*,*,#1342,.T.);
#1728=ORIENTED_EDGE('',*,*,#1343,.F.);
#1729=ORIENTED_EDGE('',*,*,#1344,.F.);
#1730=ORIENTED_EDGE('',*,*,#1345,.F.);
#1731=ORIENTED_EDGE('',*,*,#1346,.F.);
#1732=ORIENTED_EDGE('',*,*,#1347,.T.);
#1733=ORIENTED_EDGE('',*,*,#1348,.T.);
#1734=ORIENTED_EDGE('',*,*,#1274,.T.);
#1735=ORIENTED_EDGE('',*,*,#1276,.T.);
#1736=ORIENTED_EDGE('',*,*,#1349,.T.);
#1737=ORIENTED_EDGE('',*,*,#1350,.T.);
#1738=ORIENTED_EDGE('',*,*,#1351,.T.);
#1739=ORIENTED_EDGE('',*,*,#1337,.T.);
#1740=ORIENTED_EDGE('',*,*,#1352,.T.);
#1741=ORIENTED_EDGE('',*,*,#1353,.T.);
#1742=ORIENTED_EDGE('',*,*,#1354,.T.);
#1743=ORIENTED_EDGE('',*,*,#1355,.T.);
#1744=ORIENTED_EDGE('',*,*,#1355,.F.);
#1745=ORIENTED_EDGE('',*,*,#1356,.F.);
#1746=ORIENTED_EDGE('',*,*,#1357,.F.);
#1747=ORIENTED_EDGE('',*,*,#1358,.T.);
#1748=ORIENTED_EDGE('',*,*,#1354,.F.);
#1749=ORIENTED_EDGE('',*,*,#1359,.F.);
#1750=ORIENTED_EDGE('',*,*,#1360,.F.);
#1751=ORIENTED_EDGE('',*,*,#1356,.T.);
#1752=ORIENTED_EDGE('',*,*,#1353,.F.);
#1753=ORIENTED_EDGE('',*,*,#1361,.F.);
#1754=ORIENTED_EDGE('',*,*,#1362,.F.);
#1755=ORIENTED_EDGE('',*,*,#1359,.T.);
#1756=ORIENTED_EDGE('',*,*,#1352,.F.);
#1757=ORIENTED_EDGE('',*,*,#1336,.T.);
#1758=ORIENTED_EDGE('',*,*,#1363,.T.);
#1759=ORIENTED_EDGE('',*,*,#1364,.T.);
#1760=ORIENTED_EDGE('',*,*,#1365,.T.);
#1761=ORIENTED_EDGE('',*,*,#1366,.T.);
#1762=ORIENTED_EDGE('',*,*,#1367,.T.);
#1763=ORIENTED_EDGE('',*,*,#1368,.T.);
#1764=ORIENTED_EDGE('',*,*,#1346,.T.);
#1765=ORIENTED_EDGE('',*,*,#1369,.F.);
#1766=ORIENTED_EDGE('',*,*,#1370,.T.);
#1767=ORIENTED_EDGE('',*,*,#1371,.F.);
#1768=ORIENTED_EDGE('',*,*,#1320,.F.);
#1769=ORIENTED_EDGE('',*,*,#1372,.F.);
#1770=ORIENTED_EDGE('',*,*,#1373,.F.);
#1771=ORIENTED_EDGE('',*,*,#1374,.F.);
#1772=ORIENTED_EDGE('',*,*,#1375,.T.);
#1773=ORIENTED_EDGE('',*,*,#1376,.T.);
#1774=ORIENTED_EDGE('',*,*,#1377,.T.);
#1775=ORIENTED_EDGE('',*,*,#1288,.F.);
#1776=ORIENTED_EDGE('',*,*,#1378,.F.);
#1777=ORIENTED_EDGE('',*,*,#1361,.T.);
#1778=ORIENTED_EDGE('',*,*,#1379,.T.);
#1779=ORIENTED_EDGE('',*,*,#1380,.T.);
#1780=ORIENTED_EDGE('',*,*,#1252,.T.);
#1781=ORIENTED_EDGE('',*,*,#1299,.T.);
#1782=ORIENTED_EDGE('',*,*,#1381,.T.);
#1783=ORIENTED_EDGE('',*,*,#1382,.T.);
#1784=ORIENTED_EDGE('',*,*,#1383,.T.);
#1785=ORIENTED_EDGE('',*,*,#1357,.T.);
#1786=ORIENTED_EDGE('',*,*,#1360,.T.);
#1787=ORIENTED_EDGE('',*,*,#1362,.T.);
#1788=ORIENTED_EDGE('',*,*,#1378,.T.);
#1789=ORIENTED_EDGE('',*,*,#1287,.T.);
#1790=ORIENTED_EDGE('',*,*,#1351,.F.);
#1791=ORIENTED_EDGE('',*,*,#1384,.F.);
#1792=ORIENTED_EDGE('',*,*,#1381,.F.);
#1793=ORIENTED_EDGE('',*,*,#1298,.F.);
#1794=ORIENTED_EDGE('',*,*,#1385,.F.);
#1795=ORIENTED_EDGE('',*,*,#1386,.F.);
#1796=ORIENTED_EDGE('',*,*,#1387,.T.);
#1797=ORIENTED_EDGE('',*,*,#1388,.T.);
#1798=ORIENTED_EDGE('',*,*,#1310,.F.);
#1799=ORIENTED_EDGE('',*,*,#1389,.F.);
#1800=ORIENTED_EDGE('',*,*,#1390,.F.);
#1801=ORIENTED_EDGE('',*,*,#1391,.F.);
#1802=ORIENTED_EDGE('',*,*,#1344,.T.);
#1803=ORIENTED_EDGE('',*,*,#1392,.T.);
#1804=ORIENTED_EDGE('',*,*,#1393,.T.);
#1805=ORIENTED_EDGE('',*,*,#1338,.T.);
#1806=ORIENTED_EDGE('',*,*,#1394,.F.);
#1807=ORIENTED_EDGE('',*,*,#1395,.F.);
#1808=ORIENTED_EDGE('',*,*,#1391,.T.);
#1809=ORIENTED_EDGE('',*,*,#1396,.T.);
#1810=ORIENTED_EDGE('',*,*,#1397,.T.);
#1811=ORIENTED_EDGE('',*,*,#1398,.T.);
#1812=ORIENTED_EDGE('',*,*,#1399,.T.);
#1813=ORIENTED_EDGE('',*,*,#1400,.T.);
#1814=ORIENTED_EDGE('',*,*,#1369,.T.);
#1815=ORIENTED_EDGE('',*,*,#1345,.T.);
#1816=ORIENTED_EDGE('',*,*,#1397,.F.);
#1817=ORIENTED_EDGE('',*,*,#1401,.T.);
#1818=ORIENTED_EDGE('',*,*,#1402,.F.);
#1819=ORIENTED_EDGE('',*,*,#1403,.F.);
#1820=ORIENTED_EDGE('',*,*,#1396,.F.);
#1821=ORIENTED_EDGE('',*,*,#1390,.T.);
#1822=ORIENTED_EDGE('',*,*,#1404,.F.);
#1823=ORIENTED_EDGE('',*,*,#1401,.F.);
#1824=ORIENTED_EDGE('',*,*,#1260,.T.);
#1825=ORIENTED_EDGE('',*,*,#1321,.T.);
#1826=ORIENTED_EDGE('',*,*,#1371,.T.);
#1827=ORIENTED_EDGE('',*,*,#1405,.T.);
#1828=ORIENTED_EDGE('',*,*,#1406,.T.);
#1829=ORIENTED_EDGE('',*,*,#1407,.T.);
#1830=ORIENTED_EDGE('',*,*,#1402,.T.);
#1831=ORIENTED_EDGE('',*,*,#1404,.T.);
#1832=ORIENTED_EDGE('',*,*,#1389,.T.);
#1833=ORIENTED_EDGE('',*,*,#1309,.T.);
#1834=ORIENTED_EDGE('',*,*,#1398,.F.);
#1835=ORIENTED_EDGE('',*,*,#1403,.T.);
#1836=ORIENTED_EDGE('',*,*,#1407,.F.);
#1837=ORIENTED_EDGE('',*,*,#1408,.F.);
#1838=ORIENTED_EDGE('',*,*,#1399,.F.);
#1839=ORIENTED_EDGE('',*,*,#1408,.T.);
#1840=ORIENTED_EDGE('',*,*,#1406,.F.);
#1841=ORIENTED_EDGE('',*,*,#1409,.F.);
#1842=ORIENTED_EDGE('',*,*,#1400,.F.);
#1843=ORIENTED_EDGE('',*,*,#1409,.T.);
#1844=ORIENTED_EDGE('',*,*,#1405,.F.);
#1845=ORIENTED_EDGE('',*,*,#1370,.F.);
#1846=ORIENTED_EDGE('',*,*,#1410,.F.);
#1847=ORIENTED_EDGE('',*,*,#1411,.T.);
#1848=ORIENTED_EDGE('',*,*,#1412,.F.);
#1849=ORIENTED_EDGE('',*,*,#1413,.F.);
#1850=ORIENTED_EDGE('',*,*,#1348,.F.);
#1851=ORIENTED_EDGE('',*,*,#1414,.T.);
#1852=ORIENTED_EDGE('',*,*,#1412,.T.);
#1853=ORIENTED_EDGE('',*,*,#1415,.F.);
#1854=ORIENTED_EDGE('',*,*,#1366,.F.);
#1855=ORIENTED_EDGE('',*,*,#1416,.T.);
#1856=ORIENTED_EDGE('',*,*,#1417,.F.);
#1857=ORIENTED_EDGE('',*,*,#1418,.T.);
#1858=ORIENTED_EDGE('',*,*,#1411,.F.);
#1859=ORIENTED_EDGE('',*,*,#1419,.F.);
#1860=ORIENTED_EDGE('',*,*,#1367,.F.);
#1861=ORIENTED_EDGE('',*,*,#1415,.T.);
#1862=ORIENTED_EDGE('',*,*,#1420,.F.);
#1863=ORIENTED_EDGE('',*,*,#1421,.T.);
#1864=ORIENTED_EDGE('',*,*,#1422,.F.);
#1865=ORIENTED_EDGE('',*,*,#1334,.F.);
#1866=ORIENTED_EDGE('',*,*,#1423,.T.);
#1867=ORIENTED_EDGE('',*,*,#1422,.T.);
#1868=ORIENTED_EDGE('',*,*,#1424,.F.);
#1869=ORIENTED_EDGE('',*,*,#1363,.F.);
#1870=ORIENTED_EDGE('',*,*,#1335,.F.);
#1871=ORIENTED_EDGE('',*,*,#1421,.F.);
#1872=ORIENTED_EDGE('',*,*,#1425,.F.);
#1873=ORIENTED_EDGE('',*,*,#1364,.F.);
#1874=ORIENTED_EDGE('',*,*,#1424,.T.);
#1875=ORIENTED_EDGE('',*,*,#1410,.T.);
#1876=ORIENTED_EDGE('',*,*,#1347,.F.);
#1877=ORIENTED_EDGE('',*,*,#1368,.F.);
#1878=ORIENTED_EDGE('',*,*,#1419,.T.);
#1879=ORIENTED_EDGE('',*,*,#1426,.T.);
#1880=ORIENTED_EDGE('',*,*,#1418,.F.);
#1881=ORIENTED_EDGE('',*,*,#1427,.F.);
#1882=ORIENTED_EDGE('',*,*,#1428,.T.);
#1883=ORIENTED_EDGE('',*,*,#1429,.F.);
#1884=ORIENTED_EDGE('',*,*,#1430,.F.);
#1885=ORIENTED_EDGE('',*,*,#1427,.T.);
#1886=ORIENTED_EDGE('',*,*,#1417,.T.);
#1887=ORIENTED_EDGE('',*,*,#1431,.T.);
#1888=ORIENTED_EDGE('',*,*,#1432,.F.);
#1889=ORIENTED_EDGE('',*,*,#1433,.F.);
#1890=ORIENTED_EDGE('',*,*,#1434,.F.);
#1891=ORIENTED_EDGE('',*,*,#1429,.T.);
#1892=ORIENTED_EDGE('',*,*,#1435,.T.);
#1893=ORIENTED_EDGE('',*,*,#1436,.F.);
#1894=ORIENTED_EDGE('',*,*,#1431,.F.);
#1895=ORIENTED_EDGE('',*,*,#1333,.F.);
#1896=ORIENTED_EDGE('',*,*,#1437,.T.);
#1897=ORIENTED_EDGE('',*,*,#1438,.F.);
#1898=ORIENTED_EDGE('',*,*,#1439,.F.);
#1899=ORIENTED_EDGE('',*,*,#1440,.F.);
#1900=ORIENTED_EDGE('',*,*,#1435,.F.);
#1901=ORIENTED_EDGE('',*,*,#1428,.F.);
#1902=ORIENTED_EDGE('',*,*,#1441,.F.);
#1903=ORIENTED_EDGE('',*,*,#1423,.F.);
#1904=ORIENTED_EDGE('',*,*,#1433,.T.);
#1905=ORIENTED_EDGE('',*,*,#1442,.F.);
#1906=ORIENTED_EDGE('',*,*,#1443,.F.);
#1907=ORIENTED_EDGE('',*,*,#1444,.F.);
#1908=ORIENTED_EDGE('',*,*,#1445,.F.);
#1909=ORIENTED_EDGE('',*,*,#1341,.F.);
#1910=ORIENTED_EDGE('',*,*,#1413,.T.);
#1911=ORIENTED_EDGE('',*,*,#1414,.F.);
#1912=ORIENTED_EDGE('',*,*,#1426,.F.);
#1913=ORIENTED_EDGE('',*,*,#1340,.F.);
#1914=ORIENTED_EDGE('',*,*,#1446,.F.);
#1915=ORIENTED_EDGE('',*,*,#1447,.T.);
#1916=ORIENTED_EDGE('',*,*,#1448,.F.);
#1917=ORIENTED_EDGE('',*,*,#1437,.F.);
#1918=ORIENTED_EDGE('',*,*,#1449,.F.);
#1919=ORIENTED_EDGE('',*,*,#1342,.F.);
#1920=ORIENTED_EDGE('',*,*,#1445,.T.);
#1921=ORIENTED_EDGE('',*,*,#1450,.F.);
#1922=ORIENTED_EDGE('',*,*,#1447,.F.);
#1923=ORIENTED_EDGE('',*,*,#1441,.T.);
#1924=ORIENTED_EDGE('',*,*,#1430,.T.);
#1925=ORIENTED_EDGE('',*,*,#1434,.T.);
#1926=ORIENTED_EDGE('',*,*,#1416,.F.);
#1927=ORIENTED_EDGE('',*,*,#1365,.F.);
#1928=ORIENTED_EDGE('',*,*,#1425,.T.);
#1929=ORIENTED_EDGE('',*,*,#1420,.T.);
#1930=ORIENTED_EDGE('',*,*,#1438,.T.);
#1931=ORIENTED_EDGE('',*,*,#1448,.T.);
#1932=ORIENTED_EDGE('',*,*,#1450,.T.);
#1933=ORIENTED_EDGE('',*,*,#1444,.T.);
#1934=ORIENTED_EDGE('',*,*,#1451,.T.);
#1935=ORIENTED_EDGE('',*,*,#1452,.F.);
#1936=ORIENTED_EDGE('',*,*,#1453,.F.);
#1937=ORIENTED_EDGE('',*,*,#1454,.F.);
#1938=ORIENTED_EDGE('',*,*,#1455,.F.);
#1939=ORIENTED_EDGE('',*,*,#1443,.T.);
#1940=ORIENTED_EDGE('',*,*,#1456,.T.);
#1941=ORIENTED_EDGE('',*,*,#1457,.F.);
#1942=ORIENTED_EDGE('',*,*,#1451,.F.);
#1943=ORIENTED_EDGE('',*,*,#1440,.T.);
#1944=ORIENTED_EDGE('',*,*,#1458,.T.);
#1945=ORIENTED_EDGE('',*,*,#1459,.F.);
#1946=ORIENTED_EDGE('',*,*,#1460,.F.);
#1947=ORIENTED_EDGE('',*,*,#1456,.F.);
#1948=ORIENTED_EDGE('',*,*,#1442,.T.);
#1949=ORIENTED_EDGE('',*,*,#1432,.T.);
#1950=ORIENTED_EDGE('',*,*,#1436,.T.);
#1951=ORIENTED_EDGE('',*,*,#1439,.T.);
#1952=ORIENTED_EDGE('',*,*,#1455,.T.);
#1953=ORIENTED_EDGE('',*,*,#1461,.F.);
#1954=ORIENTED_EDGE('',*,*,#1458,.F.);
#1955=ORIENTED_EDGE('',*,*,#1453,.T.);
#1956=ORIENTED_EDGE('',*,*,#1462,.F.);
#1957=ORIENTED_EDGE('',*,*,#1463,.T.);
#1958=ORIENTED_EDGE('',*,*,#1464,.T.);
#1959=ORIENTED_EDGE('',*,*,#1465,.T.);
#1960=ORIENTED_EDGE('',*,*,#1466,.T.);
#1961=ORIENTED_EDGE('',*,*,#1467,.T.);
#1962=ORIENTED_EDGE('',*,*,#1468,.T.);
#1963=ORIENTED_EDGE('',*,*,#1469,.F.);
#1964=ORIENTED_EDGE('',*,*,#1452,.T.);
#1965=ORIENTED_EDGE('',*,*,#1457,.T.);
#1966=ORIENTED_EDGE('',*,*,#1460,.T.);
#1967=ORIENTED_EDGE('',*,*,#1470,.T.);
#1968=ORIENTED_EDGE('',*,*,#1471,.T.);
#1969=ORIENTED_EDGE('',*,*,#1472,.T.);
#1970=ORIENTED_EDGE('',*,*,#1473,.T.);
#1971=ORIENTED_EDGE('',*,*,#1474,.T.);
#1972=ORIENTED_EDGE('',*,*,#1313,.T.);
#1973=ORIENTED_EDGE('',*,*,#1475,.T.);
#1974=ORIENTED_EDGE('',*,*,#1462,.T.);
#1975=ORIENTED_EDGE('',*,*,#1476,.F.);
#1976=ORIENTED_EDGE('',*,*,#1301,.F.);
#1977=ORIENTED_EDGE('',*,*,#1477,.T.);
#1978=ORIENTED_EDGE('',*,*,#1284,.T.);
#1979=ORIENTED_EDGE('',*,*,#1478,.F.);
#1980=ORIENTED_EDGE('',*,*,#1302,.F.);
#1981=ORIENTED_EDGE('',*,*,#1476,.T.);
#1982=ORIENTED_EDGE('',*,*,#1283,.T.);
#1983=ORIENTED_EDGE('',*,*,#1479,.T.);
#1984=ORIENTED_EDGE('',*,*,#1480,.F.);
#1985=ORIENTED_EDGE('',*,*,#1303,.F.);
#1986=ORIENTED_EDGE('',*,*,#1478,.T.);
#1987=ORIENTED_EDGE('',*,*,#1481,.T.);
#1988=ORIENTED_EDGE('',*,*,#1482,.F.);
#1989=ORIENTED_EDGE('',*,*,#1304,.F.);
#1990=ORIENTED_EDGE('',*,*,#1480,.T.);
#1991=ORIENTED_EDGE('',*,*,#1483,.T.);
#1992=ORIENTED_EDGE('',*,*,#1484,.F.);
#1993=ORIENTED_EDGE('',*,*,#1485,.F.);
#1994=ORIENTED_EDGE('',*,*,#1305,.F.);
#1995=ORIENTED_EDGE('',*,*,#1482,.T.);
#1996=ORIENTED_EDGE('',*,*,#1486,.F.);
#1997=ORIENTED_EDGE('',*,*,#1306,.F.);
#1998=ORIENTED_EDGE('',*,*,#1485,.T.);
#1999=ORIENTED_EDGE('',*,*,#1484,.T.);
#2000=ORIENTED_EDGE('',*,*,#1487,.T.);
#2001=ORIENTED_EDGE('',*,*,#1488,.F.);
#2002=ORIENTED_EDGE('',*,*,#1307,.F.);
#2003=ORIENTED_EDGE('',*,*,#1486,.T.);
#2004=ORIENTED_EDGE('',*,*,#1489,.T.);
#2005=ORIENTED_EDGE('',*,*,#1281,.F.);
#2006=ORIENTED_EDGE('',*,*,#1308,.F.);
#2007=ORIENTED_EDGE('',*,*,#1488,.T.);
#2008=ORIENTED_EDGE('',*,*,#1490,.T.);
#2009=ORIENTED_EDGE('',*,*,#1285,.T.);
#2010=ORIENTED_EDGE('',*,*,#1477,.F.);
#2011=ORIENTED_EDGE('',*,*,#1300,.F.);
#2012=ORIENTED_EDGE('',*,*,#1483,.F.);
#2013=ORIENTED_EDGE('',*,*,#1481,.F.);
#2014=ORIENTED_EDGE('',*,*,#1479,.F.);
#2015=ORIENTED_EDGE('',*,*,#1282,.F.);
#2016=ORIENTED_EDGE('',*,*,#1490,.F.);
#2017=ORIENTED_EDGE('',*,*,#1489,.F.);
#2018=ORIENTED_EDGE('',*,*,#1487,.F.);
#2019=ORIENTED_EDGE('',*,*,#1491,.T.);
#2020=ORIENTED_EDGE('',*,*,#1492,.F.);
#2021=ORIENTED_EDGE('',*,*,#1493,.F.);
#2022=ORIENTED_EDGE('',*,*,#1330,.F.);
#2023=ORIENTED_EDGE('',*,*,#1494,.T.);
#2024=ORIENTED_EDGE('',*,*,#1495,.F.);
#2025=ORIENTED_EDGE('',*,*,#1496,.F.);
#2026=ORIENTED_EDGE('',*,*,#1491,.F.);
#2027=ORIENTED_EDGE('',*,*,#1329,.F.);
#2028=ORIENTED_EDGE('',*,*,#1497,.T.);
#2029=ORIENTED_EDGE('',*,*,#1498,.F.);
#2030=ORIENTED_EDGE('',*,*,#1494,.F.);
#2031=ORIENTED_EDGE('',*,*,#1328,.F.);
#2032=ORIENTED_EDGE('',*,*,#1499,.T.);
#2033=ORIENTED_EDGE('',*,*,#1500,.T.);
#2034=ORIENTED_EDGE('',*,*,#1501,.F.);
#2035=ORIENTED_EDGE('',*,*,#1497,.F.);
#2036=ORIENTED_EDGE('',*,*,#1327,.F.);
#2037=ORIENTED_EDGE('',*,*,#1502,.T.);
#2038=ORIENTED_EDGE('',*,*,#1499,.F.);
#2039=ORIENTED_EDGE('',*,*,#1326,.F.);
#2040=ORIENTED_EDGE('',*,*,#1503,.T.);
#2041=ORIENTED_EDGE('',*,*,#1504,.F.);
#2042=ORIENTED_EDGE('',*,*,#1500,.F.);
#2043=ORIENTED_EDGE('',*,*,#1502,.F.);
#2044=ORIENTED_EDGE('',*,*,#1325,.F.);
#2045=ORIENTED_EDGE('',*,*,#1505,.T.);
#2046=ORIENTED_EDGE('',*,*,#1506,.F.);
#2047=ORIENTED_EDGE('',*,*,#1503,.F.);
#2048=ORIENTED_EDGE('',*,*,#1324,.F.);
#2049=ORIENTED_EDGE('',*,*,#1507,.T.);
#2050=ORIENTED_EDGE('',*,*,#1508,.F.);
#2051=ORIENTED_EDGE('',*,*,#1505,.F.);
#2052=ORIENTED_EDGE('',*,*,#1323,.F.);
#2053=ORIENTED_EDGE('',*,*,#1214,.T.);
#2054=ORIENTED_EDGE('',*,*,#1216,.T.);
#2055=ORIENTED_EDGE('',*,*,#1332,.F.);
#2056=ORIENTED_EDGE('',*,*,#1509,.T.);
#2057=ORIENTED_EDGE('',*,*,#1492,.T.);
#2058=ORIENTED_EDGE('',*,*,#1496,.T.);
#2059=ORIENTED_EDGE('',*,*,#1510,.F.);
#2060=ORIENTED_EDGE('',*,*,#1507,.F.);
#2061=ORIENTED_EDGE('',*,*,#1322,.F.);
#2062=ORIENTED_EDGE('',*,*,#1509,.F.);
#2063=ORIENTED_EDGE('',*,*,#1331,.F.);
#2064=ORIENTED_EDGE('',*,*,#1493,.T.);
#2065=ORIENTED_EDGE('',*,*,#1501,.T.);
#2066=ORIENTED_EDGE('',*,*,#1504,.T.);
#2067=ORIENTED_EDGE('',*,*,#1506,.T.);
#2068=ORIENTED_EDGE('',*,*,#1508,.T.);
#2069=ORIENTED_EDGE('',*,*,#1510,.T.);
#2070=ORIENTED_EDGE('',*,*,#1495,.T.);
#2071=ORIENTED_EDGE('',*,*,#1498,.T.);
#2072=ORIENTED_EDGE('',*,*,#1446,.T.);
#2073=ORIENTED_EDGE('',*,*,#1339,.F.);
#2074=ORIENTED_EDGE('',*,*,#1393,.F.);
#2075=ORIENTED_EDGE('',*,*,#1511,.T.);
#2076=ORIENTED_EDGE('',*,*,#1449,.T.);
#2077=ORIENTED_EDGE('',*,*,#1511,.F.);
#2078=ORIENTED_EDGE('',*,*,#1392,.F.);
#2079=ORIENTED_EDGE('',*,*,#1343,.T.);
#2080=ORIENTED_EDGE('',*,*,#1349,.F.);
#2081=ORIENTED_EDGE('',*,*,#1358,.F.);
#2082=ORIENTED_EDGE('',*,*,#1383,.F.);
#2083=ORIENTED_EDGE('',*,*,#1512,.T.);
#2084=ORIENTED_EDGE('',*,*,#1350,.F.);
#2085=ORIENTED_EDGE('',*,*,#1512,.F.);
#2086=ORIENTED_EDGE('',*,*,#1382,.F.);
#2087=ORIENTED_EDGE('',*,*,#1384,.T.);
#2088=ORIENTED_EDGE('',*,*,#1513,.F.);
#2089=ORIENTED_EDGE('',*,*,#1514,.F.);
#2090=ORIENTED_EDGE('',*,*,#1316,.F.);
#2091=ORIENTED_EDGE('',*,*,#1515,.F.);
#2092=ORIENTED_EDGE('',*,*,#1472,.F.);
#2093=ORIENTED_EDGE('',*,*,#1516,.F.);
#2094=ORIENTED_EDGE('',*,*,#1517,.F.);
#2095=ORIENTED_EDGE('',*,*,#1518,.F.);
#2096=ORIENTED_EDGE('',*,*,#1292,.F.);
#2097=ORIENTED_EDGE('',*,*,#1519,.F.);
#2098=ORIENTED_EDGE('',*,*,#1520,.F.);
#2099=ORIENTED_EDGE('',*,*,#1521,.F.);
#2100=ORIENTED_EDGE('',*,*,#1454,.T.);
#2101=ORIENTED_EDGE('',*,*,#1469,.T.);
#2102=ORIENTED_EDGE('',*,*,#1522,.T.);
#2103=ORIENTED_EDGE('',*,*,#1295,.T.);
#2104=ORIENTED_EDGE('',*,*,#1523,.T.);
#2105=ORIENTED_EDGE('',*,*,#1524,.T.);
#2106=ORIENTED_EDGE('',*,*,#1517,.T.);
#2107=ORIENTED_EDGE('',*,*,#1525,.T.);
#2108=ORIENTED_EDGE('',*,*,#1470,.F.);
#2109=ORIENTED_EDGE('',*,*,#1459,.T.);
#2110=ORIENTED_EDGE('',*,*,#1461,.T.);
#2111=ORIENTED_EDGE('',*,*,#1516,.T.);
#2112=ORIENTED_EDGE('',*,*,#1471,.F.);
#2113=ORIENTED_EDGE('',*,*,#1525,.F.);
#2114=ORIENTED_EDGE('',*,*,#1521,.T.);
#2115=ORIENTED_EDGE('',*,*,#1526,.T.);
#2116=ORIENTED_EDGE('',*,*,#1513,.T.);
#2117=ORIENTED_EDGE('',*,*,#1526,.F.);
#2118=ORIENTED_EDGE('',*,*,#1520,.T.);
#2119=ORIENTED_EDGE('',*,*,#1527,.T.);
#2120=ORIENTED_EDGE('',*,*,#1528,.F.);
#2121=ORIENTED_EDGE('',*,*,#1529,.T.);
#2122=ORIENTED_EDGE('',*,*,#1519,.T.);
#2123=ORIENTED_EDGE('',*,*,#1291,.F.);
#2124=ORIENTED_EDGE('',*,*,#1530,.F.);
#2125=ORIENTED_EDGE('',*,*,#1527,.F.);
#2126=ORIENTED_EDGE('',*,*,#1514,.T.);
#2127=ORIENTED_EDGE('',*,*,#1529,.F.);
#2128=ORIENTED_EDGE('',*,*,#1531,.F.);
#2129=ORIENTED_EDGE('',*,*,#1317,.F.);
#2130=ORIENTED_EDGE('',*,*,#1530,.T.);
#2131=ORIENTED_EDGE('',*,*,#1290,.F.);
#2132=ORIENTED_EDGE('',*,*,#1532,.T.);
#2133=ORIENTED_EDGE('',*,*,#1533,.T.);
#2134=ORIENTED_EDGE('',*,*,#1534,.T.);
#2135=ORIENTED_EDGE('',*,*,#1318,.F.);
#2136=ORIENTED_EDGE('',*,*,#1531,.T.);
#2137=ORIENTED_EDGE('',*,*,#1528,.T.);
#2138=ORIENTED_EDGE('',*,*,#1518,.T.);
#2139=ORIENTED_EDGE('',*,*,#1524,.F.);
#2140=ORIENTED_EDGE('',*,*,#1535,.T.);
#2141=ORIENTED_EDGE('',*,*,#1293,.F.);
#2142=ORIENTED_EDGE('',*,*,#1294,.F.);
#2143=ORIENTED_EDGE('',*,*,#1535,.F.);
#2144=ORIENTED_EDGE('',*,*,#1523,.F.);
#2145=ORIENTED_EDGE('',*,*,#1468,.F.);
#2146=ORIENTED_EDGE('',*,*,#1296,.F.);
#2147=ORIENTED_EDGE('',*,*,#1522,.F.);
#2148=ORIENTED_EDGE('',*,*,#1463,.F.);
#2149=ORIENTED_EDGE('',*,*,#1475,.F.);
#2150=ORIENTED_EDGE('',*,*,#1312,.F.);
#2151=ORIENTED_EDGE('',*,*,#1515,.T.);
#2152=ORIENTED_EDGE('',*,*,#1315,.F.);
#2153=ORIENTED_EDGE('',*,*,#1536,.F.);
#2154=ORIENTED_EDGE('',*,*,#1473,.F.);
#2155=ORIENTED_EDGE('',*,*,#1314,.F.);
#2156=ORIENTED_EDGE('',*,*,#1474,.F.);
#2157=ORIENTED_EDGE('',*,*,#1536,.T.);
#2158=ORIENTED_EDGE('',*,*,#1379,.F.);
#2159=ORIENTED_EDGE('',*,*,#1537,.T.);
#2160=ORIENTED_EDGE('',*,*,#1242,.T.);
#2161=ORIENTED_EDGE('',*,*,#1237,.T.);
#2162=ORIENTED_EDGE('',*,*,#1220,.T.);
#2163=ORIENTED_EDGE('',*,*,#1262,.T.);
#2164=ORIENTED_EDGE('',*,*,#1244,.T.);
#2165=ORIENTED_EDGE('',*,*,#1538,.T.);
#2166=ORIENTED_EDGE('',*,*,#1248,.T.);
#2167=ORIENTED_EDGE('',*,*,#1539,.T.);
#2168=ORIENTED_EDGE('',*,*,#1394,.T.);
#2169=ORIENTED_EDGE('',*,*,#1539,.F.);
#2170=ORIENTED_EDGE('',*,*,#1247,.T.);
#2171=ORIENTED_EDGE('',*,*,#1223,.T.);
#2172=ORIENTED_EDGE('',*,*,#1278,.T.);
#2173=ORIENTED_EDGE('',*,*,#1221,.T.);
#2174=ORIENTED_EDGE('',*,*,#1225,.T.);
#2175=ORIENTED_EDGE('',*,*,#1246,.T.);
#2176=ORIENTED_EDGE('',*,*,#1249,.T.);
#2177=ORIENTED_EDGE('',*,*,#1538,.F.);
#2178=ORIENTED_EDGE('',*,*,#1243,.T.);
#2179=ORIENTED_EDGE('',*,*,#1537,.F.);
#2180=ORIENTED_EDGE('',*,*,#1380,.F.);
#2181=ORIENTED_EDGE('',*,*,#1540,.T.);
#2182=ORIENTED_EDGE('',*,*,#1271,.T.);
#2183=ORIENTED_EDGE('',*,*,#1254,.T.);
#2184=ORIENTED_EDGE('',*,*,#1217,.T.);
#2185=ORIENTED_EDGE('',*,*,#1212,.T.);
#2186=ORIENTED_EDGE('',*,*,#1273,.T.);
#2187=ORIENTED_EDGE('',*,*,#1541,.T.);
#2188=ORIENTED_EDGE('',*,*,#1235,.T.);
#2189=ORIENTED_EDGE('',*,*,#1279,.T.);
#2190=ORIENTED_EDGE('',*,*,#1233,.T.);
#2191=ORIENTED_EDGE('',*,*,#1542,.T.);
#2192=ORIENTED_EDGE('',*,*,#1395,.T.);
#2193=ORIENTED_EDGE('',*,*,#1542,.F.);
#2194=ORIENTED_EDGE('',*,*,#1232,.T.);
#2195=ORIENTED_EDGE('',*,*,#1256,.T.);
#2196=ORIENTED_EDGE('',*,*,#1257,.T.);
#2197=ORIENTED_EDGE('',*,*,#1230,.T.);
#2198=ORIENTED_EDGE('',*,*,#1236,.T.);
#2199=ORIENTED_EDGE('',*,*,#1541,.F.);
#2200=ORIENTED_EDGE('',*,*,#1272,.T.);
#2201=ORIENTED_EDGE('',*,*,#1540,.F.);
#2202=ORIENTED_EDGE('',*,*,#1386,.T.);
#2203=ORIENTED_EDGE('',*,*,#1543,.T.);
#2204=ORIENTED_EDGE('',*,*,#1466,.F.);
#2205=ORIENTED_EDGE('',*,*,#1544,.F.);
#2206=ORIENTED_EDGE('',*,*,#1385,.T.);
#2207=ORIENTED_EDGE('',*,*,#1297,.F.);
#2208=ORIENTED_EDGE('',*,*,#1467,.F.);
#2209=ORIENTED_EDGE('',*,*,#1543,.F.);
#2210=ORIENTED_EDGE('',*,*,#1388,.F.);
#2211=ORIENTED_EDGE('',*,*,#1545,.T.);
#2212=ORIENTED_EDGE('',*,*,#1464,.F.);
#2213=ORIENTED_EDGE('',*,*,#1311,.F.);
#2214=ORIENTED_EDGE('',*,*,#1387,.F.);
#2215=ORIENTED_EDGE('',*,*,#1544,.T.);
#2216=ORIENTED_EDGE('',*,*,#1465,.F.);
#2217=ORIENTED_EDGE('',*,*,#1545,.F.);
#2218=ORIENTED_EDGE('',*,*,#1546,.T.);
#2219=ORIENTED_EDGE('',*,*,#1547,.F.);
#2220=ORIENTED_EDGE('',*,*,#1372,.T.);
#2221=ORIENTED_EDGE('',*,*,#1319,.T.);
#2222=ORIENTED_EDGE('',*,*,#1534,.F.);
#2223=ORIENTED_EDGE('',*,*,#1532,.F.);
#2224=ORIENTED_EDGE('',*,*,#1289,.F.);
#2225=ORIENTED_EDGE('',*,*,#1377,.F.);
#2226=ORIENTED_EDGE('',*,*,#1548,.T.);
#2227=ORIENTED_EDGE('',*,*,#1549,.T.);
#2228=ORIENTED_EDGE('',*,*,#1376,.F.);
#2229=ORIENTED_EDGE('',*,*,#1550,.T.);
#2230=ORIENTED_EDGE('',*,*,#1551,.T.);
#2231=ORIENTED_EDGE('',*,*,#1548,.F.);
#2232=ORIENTED_EDGE('',*,*,#1375,.F.);
#2233=ORIENTED_EDGE('',*,*,#1552,.T.);
#2234=ORIENTED_EDGE('',*,*,#1553,.T.);
#2235=ORIENTED_EDGE('',*,*,#1550,.F.);
#2236=ORIENTED_EDGE('',*,*,#1374,.T.);
#2237=ORIENTED_EDGE('',*,*,#1554,.T.);
#2238=ORIENTED_EDGE('',*,*,#1555,.T.);
#2239=ORIENTED_EDGE('',*,*,#1552,.F.);
#2240=ORIENTED_EDGE('',*,*,#1373,.T.);
#2241=ORIENTED_EDGE('',*,*,#1547,.T.);
#2242=ORIENTED_EDGE('',*,*,#1556,.T.);
#2243=ORIENTED_EDGE('',*,*,#1554,.F.);
#2244=ORIENTED_EDGE('',*,*,#1533,.F.);
#2245=ORIENTED_EDGE('',*,*,#1549,.F.);
#2246=ORIENTED_EDGE('',*,*,#1551,.F.);
#2247=ORIENTED_EDGE('',*,*,#1553,.F.);
#2248=ORIENTED_EDGE('',*,*,#1555,.F.);
#2249=ORIENTED_EDGE('',*,*,#1556,.F.);
#2250=ORIENTED_EDGE('',*,*,#1546,.F.);
#2251=CYLINDRICAL_SURFACE('',#2388,2.25);
#2252=CYLINDRICAL_SURFACE('',#2393,2.25);
#2253=CYLINDRICAL_SURFACE('',#2403,2.25);
#2254=CYLINDRICAL_SURFACE('',#2408,2.25);
#2255=CYLINDRICAL_SURFACE('',#2412,2.25);
#2256=CYLINDRICAL_SURFACE('',#2414,2.25);
#2257=CYLINDRICAL_SURFACE('',#2420,1.);
#2258=CYLINDRICAL_SURFACE('',#2422,1.);
#2259=CYLINDRICAL_SURFACE('',#2426,1.);
#2260=CYLINDRICAL_SURFACE('',#2428,1.);
#2261=CYLINDRICAL_SURFACE('',#2430,2.25);
#2262=CYLINDRICAL_SURFACE('',#2431,2.25);
#2263=CYLINDRICAL_SURFACE('',#2516,2.75);
#2264=CYLINDRICAL_SURFACE('',#2517,2.75);
#2265=ADVANCED_FACE('',(#120),#2251,.F.);
#2266=ADVANCED_FACE('',(#121),#2252,.F.);
#2267=ADVANCED_FACE('',(#122),#116,.F.);
#2268=ADVANCED_FACE('',(#123),#117,.F.);
#2269=ADVANCED_FACE('',(#124),#2253,.F.);
#2270=ADVANCED_FACE('',(#125),#2254,.F.);
#2271=ADVANCED_FACE('',(#126),#2255,.F.);
#2272=ADVANCED_FACE('',(#127),#2256,.F.);
#2273=ADVANCED_FACE('',(#128),#118,.F.);
#2274=ADVANCED_FACE('',(#129),#2257,.F.);
#2275=ADVANCED_FACE('',(#130),#2258,.F.);
#2276=ADVANCED_FACE('',(#131),#119,.F.);
#2277=ADVANCED_FACE('',(#132),#2259,.F.);
#2278=ADVANCED_FACE('',(#133),#2260,.F.);
#2279=ADVANCED_FACE('',(#134),#2261,.F.);
#2280=ADVANCED_FACE('',(#135),#2262,.F.);
#2281=ADVANCED_FACE('',(#136),#25,.T.);
#2282=ADVANCED_FACE('',(#137,#15),#26,.T.);
#2283=ADVANCED_FACE('',(#138,#16),#27,.T.);
#2284=ADVANCED_FACE('',(#139,#17,#18),#28,.F.);
#2285=ADVANCED_FACE('',(#140,#19,#20),#29,.F.);
#2286=ADVANCED_FACE('',(#141),#30,.T.);
#2287=ADVANCED_FACE('',(#142),#31,.T.);
#2288=ADVANCED_FACE('',(#143),#32,.T.);
#2289=ADVANCED_FACE('',(#144),#33,.T.);
#2290=ADVANCED_FACE('',(#145,#21,#22),#34,.T.);
#2291=ADVANCED_FACE('',(#146),#35,.T.);
#2292=ADVANCED_FACE('',(#147,#23,#24),#36,.T.);
#2293=ADVANCED_FACE('',(#148),#37,.T.);
#2294=ADVANCED_FACE('',(#149),#38,.T.);
#2295=ADVANCED_FACE('',(#150),#39,.T.);
#2296=ADVANCED_FACE('',(#151),#40,.T.);
#2297=ADVANCED_FACE('',(#152),#41,.T.);
#2298=ADVANCED_FACE('',(#153),#42,.T.);
#2299=ADVANCED_FACE('',(#154),#43,.T.);
#2300=ADVANCED_FACE('',(#155),#44,.T.);
#2301=ADVANCED_FACE('',(#156),#45,.F.);
#2302=ADVANCED_FACE('',(#157),#46,.F.);
#2303=ADVANCED_FACE('',(#158),#47,.T.);
#2304=ADVANCED_FACE('',(#159),#48,.F.);
#2305=ADVANCED_FACE('',(#160),#49,.F.);
#2306=ADVANCED_FACE('',(#161),#50,.F.);
#2307=ADVANCED_FACE('',(#162),#51,.F.);
#2308=ADVANCED_FACE('',(#163),#52,.F.);
#2309=ADVANCED_FACE('',(#164),#53,.F.);
#2310=ADVANCED_FACE('',(#165),#54,.F.);
#2311=ADVANCED_FACE('',(#166),#55,.F.);
#2312=ADVANCED_FACE('',(#167),#56,.F.);
#2313=ADVANCED_FACE('',(#168),#57,.F.);
#2314=ADVANCED_FACE('',(#169),#58,.F.);
#2315=ADVANCED_FACE('',(#170),#59,.F.);
#2316=ADVANCED_FACE('',(#171),#60,.F.);
#2317=ADVANCED_FACE('',(#172),#61,.F.);
#2318=ADVANCED_FACE('',(#173),#62,.F.);
#2319=ADVANCED_FACE('',(#174),#63,.F.);
#2320=ADVANCED_FACE('',(#175),#64,.T.);
#2321=ADVANCED_FACE('',(#176),#65,.T.);
#2322=ADVANCED_FACE('',(#177),#66,.T.);
#2323=ADVANCED_FACE('',(#178),#67,.T.);
#2324=ADVANCED_FACE('',(#179),#68,.T.);
#2325=ADVANCED_FACE('',(#180),#69,.T.);
#2326=ADVANCED_FACE('',(#181),#70,.T.);
#2327=ADVANCED_FACE('',(#182),#71,.T.);
#2328=ADVANCED_FACE('',(#183),#72,.T.);
#2329=ADVANCED_FACE('',(#184),#73,.T.);
#2330=ADVANCED_FACE('',(#185),#74,.T.);
#2331=ADVANCED_FACE('',(#186),#75,.F.);
#2332=ADVANCED_FACE('',(#187),#76,.F.);
#2333=ADVANCED_FACE('',(#188),#77,.F.);
#2334=ADVANCED_FACE('',(#189),#78,.F.);
#2335=ADVANCED_FACE('',(#190),#79,.F.);
#2336=ADVANCED_FACE('',(#191),#80,.F.);
#2337=ADVANCED_FACE('',(#192),#81,.F.);
#2338=ADVANCED_FACE('',(#193),#82,.F.);
#2339=ADVANCED_FACE('',(#194),#83,.F.);
#2340=ADVANCED_FACE('',(#195),#84,.F.);
#2341=ADVANCED_FACE('',(#196),#85,.F.);
#2342=ADVANCED_FACE('',(#197),#86,.T.);
#2343=ADVANCED_FACE('',(#198),#87,.F.);
#2344=ADVANCED_FACE('',(#199),#88,.F.);
#2345=ADVANCED_FACE('',(#200),#89,.T.);
#2346=ADVANCED_FACE('',(#201),#90,.T.);
#2347=ADVANCED_FACE('',(#202),#91,.F.);
#2348=ADVANCED_FACE('',(#203),#92,.F.);
#2349=ADVANCED_FACE('',(#204),#93,.T.);
#2350=ADVANCED_FACE('',(#205),#94,.T.);
#2351=ADVANCED_FACE('',(#206),#95,.T.);
#2352=ADVANCED_FACE('',(#207),#96,.T.);
#2353=ADVANCED_FACE('',(#208),#97,.F.);
#2354=ADVANCED_FACE('',(#209),#98,.T.);
#2355=ADVANCED_FACE('',(#210),#99,.T.);
#2356=ADVANCED_FACE('',(#211),#100,.T.);
#2357=ADVANCED_FACE('',(#212),#101,.T.);
#2358=ADVANCED_FACE('',(#213),#102,.F.);
#2359=ADVANCED_FACE('',(#214),#103,.F.);
#2360=ADVANCED_FACE('',(#215),#104,.F.);
#2361=ADVANCED_FACE('',(#216),#2263,.F.);
#2362=ADVANCED_FACE('',(#217),#2264,.F.);
#2363=ADVANCED_FACE('',(#218),#105,.F.);
#2364=ADVANCED_FACE('',(#219),#106,.F.);
#2365=ADVANCED_FACE('',(#220),#107,.F.);
#2366=ADVANCED_FACE('',(#221),#108,.F.);
#2367=ADVANCED_FACE('',(#222),#109,.F.);
#2368=ADVANCED_FACE('',(#223),#110,.F.);
#2369=ADVANCED_FACE('',(#224),#111,.F.);
#2370=ADVANCED_FACE('',(#225),#112,.F.);
#2371=ADVANCED_FACE('',(#226),#113,.F.);
#2372=ADVANCED_FACE('',(#227),#114,.F.);
#2373=ADVANCED_FACE('',(#228),#115,.F.);
#2374=CLOSED_SHELL('',(#2265,#2266,#2267,#2268,#2269,#2270,#2271,#2272,
#2273,#2274,#2275,#2276,#2277,#2278,#2279,#2280,#2281,#2282,#2283,#2284,
#2285,#2286,#2287,#2288,#2289,#2290,#2291,#2292,#2293,#2294,#2295,#2296,
#2297,#2298,#2299,#2300,#2301,#2302,#2303,#2304,#2305,#2306,#2307,#2308,
#2309,#2310,#2311,#2312,#2313,#2314,#2315,#2316,#2317,#2318,#2319,#2320,
#2321,#2322,#2323,#2324,#2325,#2326,#2327,#2328,#2329,#2330,#2331,#2332,
#2333,#2334,#2335,#2336,#2337,#2338,#2339,#2340,#2341,#2342,#2343,#2344,
#2345,#2346,#2347,#2348,#2349,#2350,#2351,#2352,#2353,#2354,#2355,#2356,
#2357,#2358,#2359,#2360,#2361,#2362,#2363,#2364,#2365,#2366,#2367,#2368,
#2369,#2370,#2371,#2372,#2373));
#2375=DERIVED_UNIT_ELEMENT(#2377,1.);
#2376=DERIVED_UNIT_ELEMENT(#4150,-3.);
#2377=(
MASS_UNIT()
NAMED_UNIT(*)
SI_UNIT(.KILO.,.GRAM.)
);
#2378=DERIVED_UNIT((#2375,#2376));
#2379=MEASURE_REPRESENTATION_ITEM('density measure',
POSITIVE_RATIO_MEASURE(7850.),#2378);
#2380=PROPERTY_DEFINITION_REPRESENTATION(#2385,#2382);
#2381=PROPERTY_DEFINITION_REPRESENTATION(#2386,#2383);
#2382=REPRESENTATION('material name',(#2384),#4147);
#2383=REPRESENTATION('density',(#2379),#4147);
#2384=DESCRIPTIVE_REPRESENTATION_ITEM('Steel','Steel');
#2385=PROPERTY_DEFINITION('material property','material name',#4157);
#2386=PROPERTY_DEFINITION('material property','density of part',#4157);
#2387=AXIS2_PLACEMENT_3D('',#3100,#2529,#2530);
#2388=AXIS2_PLACEMENT_3D('',#3101,#2531,#2532);
#2389=AXIS2_PLACEMENT_3D('',#3106,#2534,#2535);
#2390=AXIS2_PLACEMENT_3D('',#3156,#2537,#2538);
#2391=AXIS2_PLACEMENT_3D('',#3158,#2539,#2540);
#2392=AXIS2_PLACEMENT_3D('',#3159,#2541,#2542);
#2393=AXIS2_PLACEMENT_3D('',#3170,#2543,#2544);
#2394=AXIS2_PLACEMENT_3D('',#3175,#2546,#2547);
#2395=AXIS2_PLACEMENT_3D('',#3184,#2548,#2549);
#2396=AXIS2_PLACEMENT_3D('',#3196,#2550,#2551);
#2397=AXIS2_PLACEMENT_3D('',#3211,#2552,#2553);
#2398=AXIS2_PLACEMENT_3D('',#3222,#2555,#2556);
#2399=AXIS2_PLACEMENT_3D('',#3223,#2557,#2558);
#2400=AXIS2_PLACEMENT_3D('',#3225,#2559,#2560);
#2401=AXIS2_PLACEMENT_3D('',#3238,#2562,#2563);
#2402=AXIS2_PLACEMENT_3D('',#3258,#2564,#2565);
#2403=AXIS2_PLACEMENT_3D('',#3272,#2566,#2567);
#2404=AXIS2_PLACEMENT_3D('',#3287,#2569,#2570);
#2405=AXIS2_PLACEMENT_3D('',#3289,#2571,#2572);
#2406=AXIS2_PLACEMENT_3D('',#3290,#2573,#2574);
#2407=AXIS2_PLACEMENT_3D('',#3347,#2575,#2576);
#2408=AXIS2_PLACEMENT_3D('',#3348,#2577,#2578);
#2409=AXIS2_PLACEMENT_3D('',#3422,#2580,#2581);
#2410=AXIS2_PLACEMENT_3D('',#3424,#2582,#2583);
#2411=AXIS2_PLACEMENT_3D('',#3425,#2584,#2585);
#2412=AXIS2_PLACEMENT_3D('',#3426,#2586,#2587);
#2413=AXIS2_PLACEMENT_3D('',#3436,#2588,#2589);
#2414=AXIS2_PLACEMENT_3D('',#3437,#2590,#2591);
#2415=AXIS2_PLACEMENT_3D('',#3501,#2593,#2594);
#2416=AXIS2_PLACEMENT_3D('',#3503,#2595,#2596);
#2417=AXIS2_PLACEMENT_3D('',#3504,#2597,#2598);
#2418=AXIS2_PLACEMENT_3D('',#3505,#2599,#2600);
#2419=AXIS2_PLACEMENT_3D('',#3530,#2602,#2603);
#2420=AXIS2_PLACEMENT_3D('',#3531,#2604,#2605);
#2421=AXIS2_PLACEMENT_3D('',#3533,#2606,#2607);
#2422=AXIS2_PLACEMENT_3D('',#3535,#2609,#2610);
#2423=AXIS2_PLACEMENT_3D('',#3537,#2611,#2612);
#2424=AXIS2_PLACEMENT_3D('',#3539,#2614,#2615);
#2425=AXIS2_PLACEMENT_3D('',#3541,#2616,#2617);
#2426=AXIS2_PLACEMENT_3D('',#3575,#2619,#2620);
#2427=AXIS2_PLACEMENT_3D('',#3577,#2621,#2622);
#2428=AXIS2_PLACEMENT_3D('',#3579,#2624,#2625);
#2429=AXIS2_PLACEMENT_3D('',#3581,#2626,#2627);
#2430=AXIS2_PLACEMENT_3D('',#3583,#2629,#2630);
#2431=AXIS2_PLACEMENT_3D('',#3590,#2631,#2632);
#2432=AXIS2_PLACEMENT_3D('',#3597,#2633,#2634);
#2433=AXIS2_PLACEMENT_3D('',#3611,#2642,#2643);
#2434=AXIS2_PLACEMENT_3D('',#3654,#2666,#2667);
#2435=AXIS2_PLACEMENT_3D('',#3701,#2692,#2693);
#2436=AXIS2_PLACEMENT_3D('',#3718,#2702,#2703);
#2437=AXIS2_PLACEMENT_3D('',#3735,#2712,#2713);
#2438=AXIS2_PLACEMENT_3D('',#3749,#2721,#2722);
#2439=AXIS2_PLACEMENT_3D('',#3755,#2726,#2727);
#2440=AXIS2_PLACEMENT_3D('',#3759,#2730,#2731);
#2441=AXIS2_PLACEMENT_3D('',#3763,#2734,#2735);
#2442=AXIS2_PLACEMENT_3D('',#3793,#2752,#2753);
#2443=AXIS2_PLACEMENT_3D('',#3795,#2754,#2755);
#2444=AXIS2_PLACEMENT_3D('',#3796,#2756,#2757);
#2445=AXIS2_PLACEMENT_3D('',#3802,#2761,#2762);
#2446=AXIS2_PLACEMENT_3D('',#3820,#2773,#2774);
#2447=AXIS2_PLACEMENT_3D('',#3822,#2775,#2776);
#2448=AXIS2_PLACEMENT_3D('',#3823,#2777,#2778);
#2449=AXIS2_PLACEMENT_3D('',#3833,#2784,#2785);
#2450=AXIS2_PLACEMENT_3D('',#3839,#2789,#2790);
#2451=AXIS2_PLACEMENT_3D('',#3841,#2792,#2793);
#2452=AXIS2_PLACEMENT_3D('',#3847,#2797,#2798);
#2453=AXIS2_PLACEMENT_3D('',#3849,#2800,#2801);
#2454=AXIS2_PLACEMENT_3D('',#3851,#2803,#2804);
#2455=AXIS2_PLACEMENT_3D('',#3852,#2805,#2806);
#2456=AXIS2_PLACEMENT_3D('',#3860,#2811,#2812);
#2457=AXIS2_PLACEMENT_3D('',#3869,#2818,#2819);
#2458=AXIS2_PLACEMENT_3D('',#3871,#2821,#2822);
#2459=AXIS2_PLACEMENT_3D('',#3879,#2827,#2828);
#2460=AXIS2_PLACEMENT_3D('',#3881,#2830,#2831);
#2461=AXIS2_PLACEMENT_3D('',#3883,#2833,#2834);
#2462=AXIS2_PLACEMENT_3D('',#3884,#2835,#2836);
#2463=AXIS2_PLACEMENT_3D('',#3888,#2839,#2840);
#2464=AXIS2_PLACEMENT_3D('',#3895,#2844,#2845);
#2465=AXIS2_PLACEMENT_3D('',#3901,#2849,#2850);
#2466=AXIS2_PLACEMENT_3D('',#3906,#2854,#2855);
#2467=AXIS2_PLACEMENT_3D('',#3915,#2861,#2862);
#2468=AXIS2_PLACEMENT_3D('',#3923,#2867,#2868);
#2469=AXIS2_PLACEMENT_3D('',#3929,#2872,#2873);
#2470=AXIS2_PLACEMENT_3D('',#3932,#2876,#2877);
#2471=AXIS2_PLACEMENT_3D('',#3933,#2878,#2879);
#2472=AXIS2_PLACEMENT_3D('',#3943,#2885,#2886);
#2473=AXIS2_PLACEMENT_3D('',#3947,#2889,#2890);
#2474=AXIS2_PLACEMENT_3D('',#3953,#2894,#2895);
#2475=AXIS2_PLACEMENT_3D('',#3955,#2897,#2898);
#2476=AXIS2_PLACEMENT_3D('',#3969,#2907,#2908);
#2477=AXIS2_PLACEMENT_3D('',#3980,#2915,#2916);
#2478=AXIS2_PLACEMENT_3D('',#3983,#2919,#2920);
#2479=AXIS2_PLACEMENT_3D('',#3987,#2923,#2924);
#2480=AXIS2_PLACEMENT_3D('',#3991,#2927,#2928);
#2481=AXIS2_PLACEMENT_3D('',#3997,#2932,#2933);
#2482=AXIS2_PLACEMENT_3D('',#3999,#2935,#2936);
#2483=AXIS2_PLACEMENT_3D('',#4003,#2939,#2940);
#2484=AXIS2_PLACEMENT_3D('',#4007,#2943,#2944);
#2485=AXIS2_PLACEMENT_3D('',#4009,#2946,#2947);
#2486=AXIS2_PLACEMENT_3D('',#4010,#2948,#2949);
#2487=AXIS2_PLACEMENT_3D('',#4011,#2950,#2951);
#2488=AXIS2_PLACEMENT_3D('',#4017,#2955,#2956);
#2489=AXIS2_PLACEMENT_3D('',#4023,#2960,#2961);
#2490=AXIS2_PLACEMENT_3D('',#4027,#2964,#2965);
#2491=AXIS2_PLACEMENT_3D('',#4033,#2969,#2970);
#2492=AXIS2_PLACEMENT_3D('',#4035,#2972,#2973);
#2493=AXIS2_PLACEMENT_3D('',#4039,#2976,#2977);
#2494=AXIS2_PLACEMENT_3D('',#4043,#2980,#2981);
#2495=AXIS2_PLACEMENT_3D('',#4047,#2984,#2985);
#2496=AXIS2_PLACEMENT_3D('',#4050,#2988,#2989);
#2497=AXIS2_PLACEMENT_3D('',#4051,#2990,#2991);
#2498=AXIS2_PLACEMENT_3D('',#4052,#2992,#2993);
#2499=AXIS2_PLACEMENT_3D('',#4054,#2995,#2996);
#2500=AXIS2_PLACEMENT_3D('',#4055,#2997,#2998);
#2501=AXIS2_PLACEMENT_3D('',#4057,#3000,#3001);
#2502=AXIS2_PLACEMENT_3D('',#4058,#3002,#3003);
#2503=AXIS2_PLACEMENT_3D('',#4065,#3008,#3009);
#2504=AXIS2_PLACEMENT_3D('',#4075,#3015,#3016);
#2505=AXIS2_PLACEMENT_3D('',#4081,#3021,#3022);
#2506=AXIS2_PLACEMENT_3D('',#4083,#3024,#3025);
#2507=AXIS2_PLACEMENT_3D('',#4089,#3029,#3030);
#2508=AXIS2_PLACEMENT_3D('',#4091,#3032,#3033);
#2509=AXIS2_PLACEMENT_3D('',#4093,#3035,#3036);
#2510=AXIS2_PLACEMENT_3D('',#4099,#3040,#3041);
#2511=AXIS2_PLACEMENT_3D('',#4101,#3043,#3044);
#2512=AXIS2_PLACEMENT_3D('',#4102,#3045,#3046);
#2513=AXIS2_PLACEMENT_3D('',#4103,#3047,#3048);
#2514=AXIS2_PLACEMENT_3D('',#4104,#3049,#3050);
#2515=AXIS2_PLACEMENT_3D('',#4106,#3052,#3053);
#2516=AXIS2_PLACEMENT_3D('',#4107,#3054,#3055);
#2517=AXIS2_PLACEMENT_3D('',#4111,#3059,#3060);
#2518=AXIS2_PLACEMENT_3D('',#4115,#3064,#3065);
#2519=AXIS2_PLACEMENT_3D('',#4118,#3068,#3069);
#2520=AXIS2_PLACEMENT_3D('',#4119,#3070,#3071);
#2521=AXIS2_PLACEMENT_3D('',#4121,#3073,#3074);
#2522=AXIS2_PLACEMENT_3D('',#4122,#3075,#3076);
#2523=AXIS2_PLACEMENT_3D('',#4126,#3079,#3080);
#2524=AXIS2_PLACEMENT_3D('',#4130,#3083,#3084);
#2525=AXIS2_PLACEMENT_3D('',#4134,#3087,#3088);
#2526=AXIS2_PLACEMENT_3D('',#4138,#3091,#3092);
#2527=AXIS2_PLACEMENT_3D('',#4142,#3095,#3096);
#2528=AXIS2_PLACEMENT_3D('',#4144,#3098,#3099);
#2529=DIRECTION('axis',(0.,0.,1.));
#2530=DIRECTION('refdir',(1.,0.,0.));
#2531=DIRECTION('center_axis',(1.,0.,0.));
#2532=DIRECTION('ref_axis',(0.,0.4226182617407,0.90630778703665));
#2533=DIRECTION('',(1.,0.,0.));
#2534=DIRECTION('center_axis',(1.,0.,0.));
#2535=DIRECTION('ref_axis',(0.,0.4226182617407,0.90630778703665));
#2536=DIRECTION('',(1.,0.,0.));
#2537=DIRECTION('center_axis',(-0.707106781186549,0.707106781186546,0.));
#2538=DIRECTION('ref_axis',(0.707106781186546,0.707106781186549,0.));
#2539=DIRECTION('center_axis',(-1.,0.,0.));
#2540=DIRECTION('ref_axis',(0.,0.4226182617407,0.90630778703665));
#2541=DIRECTION('center_axis',(-0.707106781186549,0.707106781186546,0.));
#2542=DIRECTION('ref_axis',(0.707106781186546,0.707106781186549,0.));
#2543=DIRECTION('center_axis',(1.,0.,0.));
#2544=DIRECTION('ref_axis',(0.,0.4226182617407,0.90630778703665));
#2545=DIRECTION('',(-1.,0.,0.));
#2546=DIRECTION('center_axis',(1.,0.,0.));
#2547=DIRECTION('ref_axis',(0.,0.4226182617407,0.90630778703665));
#2548=DIRECTION('center_axis',(-1.,0.,0.));
#2549=DIRECTION('ref_axis',(0.,0.4226182617407,0.90630778703665));
#2550=DIRECTION('center_axis',(1.,0.,0.));
#2551=DIRECTION('ref_axis',(0.,0.4226182617407,0.90630778703665));
#2552=DIRECTION('center_axis',(1.,0.,0.));
#2553=DIRECTION('ref_axis',(0.,0.4226182617407,0.90630778703665));
#2554=DIRECTION('',(0.707106781186546,0.29883623873012,0.64085638205579));
#2555=DIRECTION('center_axis',(-1.,0.,0.));
#2556=DIRECTION('ref_axis',(0.,0.4226182617407,0.90630778703665));
#2557=DIRECTION('center_axis',(1.,0.,0.));
#2558=DIRECTION('ref_axis',(0.,0.4226182617407,0.90630778703665));
#2559=DIRECTION('center_axis',(1.,0.,0.));
#2560=DIRECTION('ref_axis',(0.,0.4226182617407,0.90630778703665));
#2561=DIRECTION('',(0.707106781186546,-0.29883623873012,-0.64085638205579));
#2562=DIRECTION('center_axis',(1.,0.,0.));
#2563=DIRECTION('ref_axis',(0.,0.4226182617407,0.90630778703665));
#2564=DIRECTION('center_axis',(1.,0.,0.));
#2565=DIRECTION('ref_axis',(0.,0.4226182617407,0.90630778703665));
#2566=DIRECTION('center_axis',(1.,0.,0.));
#2567=DIRECTION('ref_axis',(0.,0.4226182617407,0.90630778703665));
#2568=DIRECTION('',(-1.,0.,0.));
#2569=DIRECTION('center_axis',(0.707106781186549,0.707106781186546,0.));
#2570=DIRECTION('ref_axis',(-0.707106781186546,0.707106781186549,0.));
#2571=DIRECTION('center_axis',(1.,0.,0.));
#2572=DIRECTION('ref_axis',(0.,0.4226182617407,0.90630778703665));
#2573=DIRECTION('center_axis',(0.707106781186549,0.707106781186546,0.));
#2574=DIRECTION('ref_axis',(-0.707106781186546,0.707106781186549,0.));
#2575=DIRECTION('center_axis',(1.,0.,0.));
#2576=DIRECTION('ref_axis',(0.,0.4226182617407,0.90630778703665));
#2577=DIRECTION('center_axis',(1.,0.,0.));
#2578=DIRECTION('ref_axis',(0.,0.4226182617407,0.90630778703665));
#2579=DIRECTION('',(-1.,0.,0.));
#2580=DIRECTION('center_axis',(1.,0.,0.));
#2581=DIRECTION('ref_axis',(0.,0.4226182617407,0.90630778703665));
#2582=DIRECTION('center_axis',(0.707106781186548,-0.707106781186548,0.));
#2583=DIRECTION('ref_axis',(0.707106781186548,0.707106781186548,0.));
#2584=DIRECTION('center_axis',(1.,0.,0.));
#2585=DIRECTION('ref_axis',(0.,0.4226182617407,0.90630778703665));
#2586=DIRECTION('center_axis',(1.,0.,0.));
#2587=DIRECTION('ref_axis',(0.,0.4226182617407,0.90630778703665));
#2588=DIRECTION('center_axis',(1.,0.,0.));
#2589=DIRECTION('ref_axis',(0.,0.4226182617407,0.90630778703665));
#2590=DIRECTION('center_axis',(1.,0.,0.));
#2591=DIRECTION('ref_axis',(0.,0.4226182617407,0.90630778703665));
#2592=DIRECTION('',(1.,0.,0.));
#2593=DIRECTION('center_axis',(-1.,0.,0.));
#2594=DIRECTION('ref_axis',(0.,0.4226182617407,0.90630778703665));
#2595=DIRECTION('center_axis',(-0.707106781186548,-0.707106781186548,0.));
#2596=DIRECTION('ref_axis',(-0.707106781186548,0.707106781186548,0.));
#2597=DIRECTION('center_axis',(-1.,0.,0.));
#2598=DIRECTION('ref_axis',(0.,0.4226182617407,0.90630778703665));
#2599=DIRECTION('center_axis',(-1.,0.,0.));
#2600=DIRECTION('ref_axis',(0.,0.4226182617407,0.90630778703665));
#2601=DIRECTION('',(0.707106781186547,0.29883623873012,0.640856382055789));
#2602=DIRECTION('center_axis',(-1.,0.,0.));
#2603=DIRECTION('ref_axis',(0.,0.4226182617407,0.90630778703665));
#2604=DIRECTION('center_axis',(1.,0.,0.));
#2605=DIRECTION('ref_axis',(0.,0.4226182617407,0.90630778703665));
#2606=DIRECTION('center_axis',(-1.,-2.65074714387338E-14,0.));
#2607=DIRECTION('ref_axis',(0.,0.4226182617407,0.90630778703665));
#2608=DIRECTION('',(-1.,0.,0.));
#2609=DIRECTION('center_axis',(1.,0.,0.));
#2610=DIRECTION('ref_axis',(0.,0.4226182617407,0.90630778703665));
#2611=DIRECTION('center_axis',(-1.,-2.65074714387338E-14,0.));
#2612=DIRECTION('ref_axis',(0.,0.4226182617407,0.90630778703665));
#2613=DIRECTION('',(-1.,0.,0.));
#2614=DIRECTION('center_axis',(1.,0.,0.));
#2615=DIRECTION('ref_axis',(0.,0.4226182617407,0.90630778703665));
#2616=DIRECTION('center_axis',(1.,0.,0.));
#2617=DIRECTION('ref_axis',(0.,0.4226182617407,0.90630778703665));
#2618=DIRECTION('',(0.707106781186547,-0.29883623873012,-0.640856382055789));
#2619=DIRECTION('center_axis',(1.,0.,0.));
#2620=DIRECTION('ref_axis',(0.,0.4226182617407,0.90630778703665));
#2621=DIRECTION('center_axis',(1.,2.77157304929461E-14,0.));
#2622=DIRECTION('ref_axis',(0.,0.4226182617407,0.90630778703665));
#2623=DIRECTION('',(1.,0.,0.));
#2624=DIRECTION('center_axis',(1.,0.,0.));
#2625=DIRECTION('ref_axis',(0.,0.4226182617407,0.90630778703665));
#2626=DIRECTION('center_axis',(1.,2.77157304929461E-14,0.));
#2627=DIRECTION('ref_axis',(0.,0.4226182617407,0.90630778703665));
#2628=DIRECTION('',(1.,0.,0.));
#2629=DIRECTION('center_axis',(1.,0.,0.));
#2630=DIRECTION('ref_axis',(0.,0.4226182617407,0.90630778703665));
#2631=DIRECTION('center_axis',(1.,0.,0.));
#2632=DIRECTION('ref_axis',(0.,0.4226182617407,0.90630778703665));
#2633=DIRECTION('center_axis',(-0.707106781186549,-0.707106781186546,0.));
#2634=DIRECTION('ref_axis',(0.,0.,-1.));
#2635=DIRECTION('',(0.,0.,1.));
#2636=DIRECTION('',(0.705847436605184,-0.705847436605188,0.0596556156264898));
#2637=DIRECTION('',(0.,0.,1.));
#2638=DIRECTION('',(0.211541378239861,-0.211541378239859,-0.954201493702856));
#2639=DIRECTION('',(0.572964569300169,-0.572964569300175,-0.586023211701838));
#2640=DIRECTION('',(0.577350269189625,-0.577350269189628,-0.577350269189625));
#2641=DIRECTION('',(0.,0.,1.));
#2642=DIRECTION('center_axis',(-1.,0.,0.));
#2643=DIRECTION('ref_axis',(0.,0.,1.));
#2644=DIRECTION('',(0.,0.,1.));
#2645=DIRECTION('',(0.,-1.,1.30295746482634E-15));
#2646=DIRECTION('',(0.,0.,-1.));
#2647=DIRECTION('',(0.,-0.422618261740763,-0.90630778703662));
#2648=DIRECTION('',(0.,-0.991067926179791,-0.133358035744712));
#2649=DIRECTION('',(0.,-0.6819983600625,0.73135370161917));
#2650=DIRECTION('',(0.,0.42261826174073,0.906307787036636));
#2651=DIRECTION('',(0.,-0.495998442203116,0.868323410563186));
#2652=DIRECTION('',(0.,-0.422618261740759,-0.906307787036622));
#2653=DIRECTION('',(0.,0.868647084570975,0.495431370087063));
#2654=DIRECTION('',(0.,0.,-1.));
#2655=DIRECTION('',(0.,1.,0.));
#2656=DIRECTION('',(0.,0.,1.));
#2657=DIRECTION('',(0.,-1.,0.));
#2658=DIRECTION('',(0.,-0.999746128932739,-0.0225317039747156));
#2659=DIRECTION('',(0.,-0.42261826174073,-0.906307787036636));
#2660=DIRECTION('',(0.,0.495998442203123,-0.868323410563182));
#2661=DIRECTION('',(0.,-0.422618261740732,-0.906307787036635));
#2662=DIRECTION('',(0.,0.681998360062497,-0.731353701619171));
#2663=DIRECTION('',(0.,0.99106792617979,0.133358035744721));
#2664=DIRECTION('',(0.,0.422618261740738,0.906307787036632));
#2665=DIRECTION('',(0.,0.167833767925774,0.985815310463292));
#2666=DIRECTION('center_axis',(1.,0.,0.));
#2667=DIRECTION('ref_axis',(0.,0.,-1.));
#2668=DIRECTION('',(0.,0.,-1.));
#2669=DIRECTION('',(0.,-1.,0.));
#2670=DIRECTION('',(0.,0.,1.));
#2671=DIRECTION('',(0.,-0.868647084570975,-0.495431370087063));
#2672=DIRECTION('',(0.,0.422618261740759,0.906307787036622));
#2673=DIRECTION('',(0.,0.495998442203116,-0.868323410563186));
#2674=DIRECTION('',(0.,-0.42261826174073,-0.906307787036636));
#2675=DIRECTION('',(0.,0.6819983600625,-0.731353701619169));
#2676=DIRECTION('',(0.,0.991067926179791,0.133358035744712));
#2677=DIRECTION('',(0.,0.422618261740763,0.90630778703662));
#2678=DIRECTION('',(0.,0.,-1.));
#2679=DIRECTION('',(0.,1.,-1.30295746482634E-15));
#2680=DIRECTION('',(0.,0.,-1.));
#2681=DIRECTION('',(0.,0.,-1.));
#2682=DIRECTION('',(0.,-0.167833767925774,-0.985815310463292));
#2683=DIRECTION('',(0.,-0.422618261740738,-0.906307787036632));
#2684=DIRECTION('',(0.,-0.99106792617979,-0.133358035744721));
#2685=DIRECTION('',(0.,-0.681998360062497,0.731353701619171));
#2686=DIRECTION('',(0.,0.422618261740732,0.906307787036635));
#2687=DIRECTION('',(0.,-0.495998442203123,0.868323410563182));
#2688=DIRECTION('',(0.,0.42261826174073,0.906307787036636));
#2689=DIRECTION('',(0.,0.999746128932739,0.0225317039747156));
#2690=DIRECTION('',(0.,1.,0.));
#2691=DIRECTION('',(0.,0.,-1.));
#2692=DIRECTION('center_axis',(-1.,-2.65074714387338E-14,0.));
#2693=DIRECTION('ref_axis',(-2.65074714387338E-14,1.,0.));
#2694=DIRECTION('',(1.12025415025769E-14,-0.422618261740625,-0.906307787036685));
#2695=DIRECTION('',(-2.65074714387338E-14,1.,0.));
#2696=DIRECTION('',(0.,0.,1.));
#2697=DIRECTION('',(2.65074714387338E-14,-1.,1.30295746482634E-15));
#2698=DIRECTION('',(0.,0.,-1.));
#2699=DIRECTION('',(-2.65074714387338E-14,1.,0.));
#2700=DIRECTION('',(0.,0.,-1.));
#2701=DIRECTION('',(-2.2220071132237E-14,0.838256911210631,-0.5452754815757));
#2702=DIRECTION('center_axis',(1.,2.77157304929461E-14,0.));
#2703=DIRECTION('ref_axis',(2.77157304929461E-14,-1.,0.));
#2704=DIRECTION('',(-1.17131738438047E-14,0.422618261740777,0.906307787036614));
#2705=DIRECTION('',(2.32329026349634E-14,-0.838256911210634,0.545275481575697));
#2706=DIRECTION('',(0.,0.,-1.));
#2707=DIRECTION('',(2.77157304929461E-14,-1.,0.));
#2708=DIRECTION('',(0.,0.,1.));
#2709=DIRECTION('',(0.,1.,-1.30295746482634E-15));
#2710=DIRECTION('',(0.,0.,-1.));
#2711=DIRECTION('',(2.77157304929461E-14,-1.,0.));
#2712=DIRECTION('center_axis',(0.707106781186539,0.707106781186556,0.));
#2713=DIRECTION('ref_axis',(0.,0.,-1.));
#2714=DIRECTION('',(-0.577350269189633,0.57735026918962,0.577350269189625));
#2715=DIRECTION('',(0.,0.,1.));
#2716=DIRECTION('',(0.707106781186556,-0.707106781186539,0.));
#2717=DIRECTION('',(-0.707106781186556,0.707106781186539,-9.21330058976328E-16));
#2718=DIRECTION('',(0.,0.,1.));
#2719=DIRECTION('',(0.577350269189635,-0.577350269189622,0.57735026918962));
#2720=DIRECTION('',(0.,0.,1.));
#2721=DIRECTION('center_axis',(0.,1.,0.));
#2722=DIRECTION('ref_axis',(0.,0.,1.));
#2723=DIRECTION('',(1.,0.,0.));
#2724=DIRECTION('',(0.,0.,-1.));
#2725=DIRECTION('',(1.,0.,0.));
#2726=DIRECTION('center_axis',(0.,0.707106781186546,0.707106781186549));
#2727=DIRECTION('ref_axis',(0.,-0.707106781186549,0.707106781186546));
#2728=DIRECTION('',(1.,0.,0.));
#2729=DIRECTION('',(0.577350269189627,0.577350269189627,-0.577350269189624));
#2730=DIRECTION('center_axis',(0.,1.,0.));
#2731=DIRECTION('ref_axis',(0.,0.,1.));
#2732=DIRECTION('',(1.,0.,0.));
#2733=DIRECTION('',(0.,0.,-1.));
#2734=DIRECTION('center_axis',(0.,-1.30295746482634E-15,-1.));
#2735=DIRECTION('ref_axis',(0.,1.,-1.30295746482634E-15));
#2736=DIRECTION('',(-0.746230599808507,-0.665687533238708,8.67362540675208E-16));
#2737=DIRECTION('',(2.50305906231203E-16,-1.,1.30295746482634E-15));
#2738=DIRECTION('',(0.965925826289068,-0.258819045102521,3.37230206855555E-16));
#2739=DIRECTION('',(0.965925826289069,0.25881904510252,-3.37230206855554E-16));
#2740=DIRECTION('',(2.50305906231203E-16,1.,-1.30295746482634E-15));
#2741=DIRECTION('',(-0.746230599808507,0.665687533238708,-8.67362540675208E-16));
#2742=DIRECTION('',(-0.707106781186538,-0.707106781186557,9.21330058976351E-16));
#2743=DIRECTION('',(1.,0.,0.));
#2744=DIRECTION('',(-0.707106781186548,0.707106781186548,-9.21330058976339E-16));
#2745=DIRECTION('',(0.707106781186545,0.70710678118655,-9.21330058976341E-16));
#2746=DIRECTION('',(-3.29597922457265E-15,1.,-1.30295746482634E-15));
#2747=DIRECTION('',(0.965925826289068,0.258819045102521,-3.37230206855555E-16));
#2748=DIRECTION('',(0.965925826289068,-0.258819045102521,3.37230206855555E-16));
#2749=DIRECTION('',(-3.29597922457265E-15,-1.,1.30295746482634E-15));
#2750=DIRECTION('',(0.707106781186545,-0.70710678118655,9.21330058976341E-16));
#2751=DIRECTION('',(-0.707106781186548,-0.707106781186548,9.21330058976339E-16));
#2752=DIRECTION('center_axis',(0.,1.30295746482634E-15,1.));
#2753=DIRECTION('ref_axis',(1.,0.,0.));
#2754=DIRECTION('center_axis',(0.,1.30295746482634E-15,1.));
#2755=DIRECTION('ref_axis',(1.,0.,0.));
#2756=DIRECTION('center_axis',(-0.707106781186548,0.707106781186548,0.));
#2757=DIRECTION('ref_axis',(0.,0.,1.));
#2758=DIRECTION('',(0.707106781186548,0.707106781186548,0.));
#2759=DIRECTION('',(0.,0.,-1.));
#2760=DIRECTION('',(-0.577350269189624,-0.577350269189624,-0.577350269189629));
#2761=DIRECTION('center_axis',(0.,0.,1.));
#2762=DIRECTION('ref_axis',(1.,0.,0.));
#2763=DIRECTION('',(1.,0.,0.));
#2764=DIRECTION('',(-0.707106781186578,0.707106781186517,0.));
#2765=DIRECTION('',(-0.996194698091746,0.0871557427476567,0.));
#2766=DIRECTION('',(0.996194698091746,0.0871557427476561,0.));
#2767=DIRECTION('',(0.707106781186549,0.707106781186546,0.));
#2768=DIRECTION('',(0.707106781186548,-0.707106781186548,0.));
#2769=DIRECTION('',(1.,0.,0.));
#2770=DIRECTION('',(0.707106781186538,0.707106781186557,0.));
#2771=DIRECTION('',(-0.996194698091746,-0.0871557427476564,0.));
#2772=DIRECTION('',(-0.996194698091746,0.0871557427476572,0.));
#2773=DIRECTION('center_axis',(0.,0.,1.));
#2774=DIRECTION('ref_axis',(1.,0.,0.));
#2775=DIRECTION('center_axis',(0.,0.,1.));
#2776=DIRECTION('ref_axis',(1.,0.,0.));
#2777=DIRECTION('center_axis',(-0.707106781186557,0.707106781186538,0.));
#2778=DIRECTION('ref_axis',(0.,0.,1.));
#2779=DIRECTION('',(0.,0.,-1.));
#2780=DIRECTION('',(-0.577350269189614,-0.577350269189629,-0.577350269189635));
#2781=DIRECTION('',(0.,0.,-1.));
#2782=DIRECTION('',(0.577350269189616,0.577350269189632,-0.57735026918963));
#2783=DIRECTION('',(0.,0.,-1.));
#2784=DIRECTION('center_axis',(0.,0.707106781186551,-0.707106781186544));
#2785=DIRECTION('ref_axis',(0.,0.707106781186544,0.707106781186551));
#2786=DIRECTION('',(1.,0.,0.));
#2787=DIRECTION('',(-0.577350269189624,0.577350269189624,0.577350269189629));
#2788=DIRECTION('',(1.,0.,0.));
#2789=DIRECTION('center_axis',(0.,1.,0.));
#2790=DIRECTION('ref_axis',(0.,0.,1.));
#2791=DIRECTION('',(0.,0.,1.));
#2792=DIRECTION('center_axis',(0.707106781186548,0.707106781186548,0.));
#2793=DIRECTION('ref_axis',(0.,0.,-1.));
#2794=DIRECTION('',(0.,0.,1.));
#2795=DIRECTION('',(0.577350269189627,-0.577350269189627,0.577350269189624));
#2796=DIRECTION('',(0.,0.,1.));
#2797=DIRECTION('center_axis',(0.,1.,0.));
#2798=DIRECTION('ref_axis',(0.,0.,1.));
#2799=DIRECTION('',(1.,0.,0.));
#2800=DIRECTION('center_axis',(0.,0.707106781186546,0.707106781186549));
#2801=DIRECTION('ref_axis',(0.,-0.707106781186549,0.707106781186546));
#2802=DIRECTION('',(1.,0.,0.));
#2803=DIRECTION('center_axis',(0.,1.,0.));
#2804=DIRECTION('ref_axis',(0.,0.,1.));
#2805=DIRECTION('center_axis',(-0.707106781186547,1.76993003667127E-16,
-0.707106781186548));
#2806=DIRECTION('ref_axis',(-0.707106781186548,0.,0.707106781186547));
#2807=DIRECTION('',(-0.598064822315336,0.533513764225303,0.598064822315335));
#2808=DIRECTION('',(-2.50305906231203E-16,-1.,0.));
#2809=DIRECTION('',(0.694746590606866,0.186156787897386,-0.694746590606865));
#2810=DIRECTION('',(-0.118530812456968,0.985850340060084,0.118530812456968));
#2811=DIRECTION('center_axis',(0.258819045102521,-0.965925826289068,0.));
#2812=DIRECTION('ref_axis',(0.965925826289068,0.258819045102521,0.));
#2813=DIRECTION('',(-0.0573336303447441,-0.0153624999500187,-0.998236869899513));
#2814=DIRECTION('',(0.,0.,1.));
#2815=DIRECTION('',(0.,0.,1.));
#2816=DIRECTION('',(-0.961351086262923,-0.257593247206932,-0.097210122592697));
#2817=DIRECTION('',(0.965925826289069,0.25881904510252,0.));
#2818=DIRECTION('center_axis',(1.,-2.50305906231203E-16,0.));
#2819=DIRECTION('ref_axis',(2.50305906231203E-16,1.,0.));
#2820=DIRECTION('',(0.,0.,-1.));
#2821=DIRECTION('center_axis',(0.707106781186547,1.76993003667127E-16,-0.707106781186548));
#2822=DIRECTION('ref_axis',(-0.707106781186548,0.,-0.707106781186547));
#2823=DIRECTION('',(0.694746590606866,-0.186156787897386,0.694746590606865));
#2824=DIRECTION('',(-2.50305906231203E-16,1.,0.));
#2825=DIRECTION('',(-0.598064822315336,-0.533513764225303,-0.598064822315335));
#2826=DIRECTION('',(-0.118530812456967,-0.985850340060084,-0.118530812456967));
#2827=DIRECTION('center_axis',(-0.665687533238708,0.746230599808507,0.));
#2828=DIRECTION('ref_axis',(-0.746230599808507,-0.665687533238708,-4.35226423335616E-46));
#2829=DIRECTION('',(0.,0.,1.));
#2830=DIRECTION('center_axis',(-1.,-2.50305906231203E-16,0.));
#2831=DIRECTION('ref_axis',(2.50305906231203E-16,-1.,0.));
#2832=DIRECTION('',(0.,0.,1.));
#2833=DIRECTION('center_axis',(0.665687533238708,0.746230599808507,0.));
#2834=DIRECTION('ref_axis',(-0.746230599808507,0.665687533238708,4.35226423335616E-46));
#2835=DIRECTION('center_axis',(0.,0.,1.));
#2836=DIRECTION('ref_axis',(1.,0.,0.));
#2837=DIRECTION('',(0.126352409449856,-0.991985417547161,0.));
#2838=DIRECTION('',(-0.857029830168045,-0.515266795167447,0.));
#2839=DIRECTION('center_axis',(0.,0.,1.));
#2840=DIRECTION('ref_axis',(1.,0.,0.));
#2841=DIRECTION('',(0.126352409449856,0.991985417547161,0.));
#2842=DIRECTION('',(-0.857029830168044,0.515266795167449,0.));
#2843=DIRECTION('',(0.965925826289069,-0.25881904510252,0.));
#2844=DIRECTION('center_axis',(0.171958245538718,-0.286013667777972,-0.942669901734132));
#2845=DIRECTION('ref_axis',(0.984807753012209,0.0733868910000359,0.157378695624257));
#2846=DIRECTION('',(8.19247357964186E-16,-0.956924013081786,0.290338480376696));
#2847=DIRECTION('',(-0.97896245624725,-0.156304060444324,-0.131154679470343));
#2848=DIRECTION('',(0.138233705503254,-0.94045004296733,0.310556209639394));
#2849=DIRECTION('center_axis',(-0.171958245538719,-0.286013667777972,-0.942669901734132));
#2850=DIRECTION('ref_axis',(0.984807753012209,-0.0733868910000356,-0.157378695624258));
#2851=DIRECTION('',(0.961351086262922,-0.257593247206933,-0.0972101225926977));
#2852=DIRECTION('',(-0.138233705503253,-0.94045004296733,0.310556209639395));
#2853=DIRECTION('',(-0.97896245624725,0.156304060444325,0.131154679470344));
#2854=DIRECTION('center_axis',(-0.99026806874157,0.126133665146145,-0.0588170940088053));
#2855=DIRECTION('ref_axis',(-2.84738024253496E-16,-0.422618261740699,-0.90630778703665));
#2856=DIRECTION('',(-0.13809307943504,-0.837974739198386,0.527947571144659));
#2857=DIRECTION('',(-0.0592906331641919,1.66240481872304E-16,0.998240762951999));
#2858=DIRECTION('',(3.7355092200961E-16,0.4226182617407,0.90630778703665));
#2859=DIRECTION('',(0.0592906331641926,0.764696789354228,0.641656793909583));
#2860=DIRECTION('',(-0.0573336303447432,0.0153624999500184,0.998236869899513));
#2861=DIRECTION('center_axis',(0.99026806874157,0.126133665146146,-0.0588170940088063));
#2862=DIRECTION('ref_axis',(3.98274427907781E-16,0.422618261740699,0.90630778703665));
#2863=DIRECTION('',(0.0592906331641923,-0.764696789354228,-0.641656793909583));
#2864=DIRECTION('',(-3.37632564124071E-16,-0.422618261740699,-0.90630778703665));
#2865=DIRECTION('',(-0.0592906331641929,-1.66240481872304E-16,-0.998240762951999));
#2866=DIRECTION('',(0.138093079435041,-0.837974739198385,0.527947571144659));
#2867=DIRECTION('center_axis',(-0.103511199448583,0.542346418809945,0.833754036627556));
#2868=DIRECTION('ref_axis',(-0.994521895368273,-0.0441756374486023,-0.094734960226448));
#2869=DIRECTION('',(-0.980374553798715,0.0857716594666726,-0.177507624332884));
#2870=DIRECTION('',(2.69588952106264E-15,-0.838256911210632,0.545275481575698));
#2871=DIRECTION('',(0.992381254955074,2.05177357719422E-17,0.12320488956934));
#2872=DIRECTION('center_axis',(0.103511199448583,0.542346418809946,0.833754036627555));
#2873=DIRECTION('ref_axis',(-0.994521895368273,0.0441756374486017,0.0947349602264486));
#2874=DIRECTION('',(-0.980374553798715,-0.0857716594666718,0.177507624332884));
#2875=DIRECTION('',(0.992381254955074,-2.05177357719422E-17,-0.12320488956934));
#2876=DIRECTION('center_axis',(-0.258819045102521,-0.965925826289068,0.));
#2877=DIRECTION('ref_axis',(0.965925826289068,-0.258819045102521,0.));
#2878=DIRECTION('center_axis',(0.,1.,-1.66533453693773E-16));
#2879=DIRECTION('ref_axis',(-1.,0.,0.));
#2880=DIRECTION('',(0.960292099389683,4.64622617076564E-17,0.278996566017856));
#2881=DIRECTION('',(0.933629043028976,-5.96591565255435E-17,-0.358241273463568));
#2882=DIRECTION('',(1.,0.,0.));
#2883=DIRECTION('',(0.933629043028976,5.96591565255435E-17,0.358241273463568));
#2884=DIRECTION('',(0.960292099389683,-4.64622617076564E-17,-0.278996566017856));
#2885=DIRECTION('center_axis',(0.121869343405147,0.89955230622579,-0.419468129304076));
#2886=DIRECTION('ref_axis',(-8.32667268468867E-17,0.422618261740699,0.90630778703665));
#2887=DIRECTION('',(-0.960292099389683,0.213723769047256,0.17933553578137));
#2888=DIRECTION('',(2.31448982464062E-13,-0.422618261740725,-0.906307787036638));
#2889=DIRECTION('center_axis',(0.,0.642787609686539,-0.766044443118978));
#2890=DIRECTION('ref_axis',(1.,0.,0.));
#2891=DIRECTION('',(-0.960292099389683,-0.213723769047256,-0.17933553578137));
#2892=DIRECTION('',(-0.933629043028942,0.2744287368327,0.230273051860765));
#2893=DIRECTION('',(-0.933629043028942,-0.2744287368327,-0.230273051860765));
#2894=DIRECTION('center_axis',(-0.121869343405148,0.89955230622579,-0.419468129304076));
#2895=DIRECTION('ref_axis',(-2.77555756156289E-16,-0.4226182617407,-0.90630778703665));
#2896=DIRECTION('',(2.31051303800034E-13,0.422618261740725,0.906307787036638));
#2897=DIRECTION('center_axis',(0.,0.,1.));
#2898=DIRECTION('ref_axis',(0.,-1.,0.));
#2899=DIRECTION('',(-0.98436709149258,-0.17612901290372,0.));
#2900=DIRECTION('',(0.518924781827117,0.854819905480493,0.));
#2901=DIRECTION('',(-0.707106781186549,-0.707106781186546,0.));
#2902=DIRECTION('',(-0.996194698091746,-0.0871557427476561,0.));
#2903=DIRECTION('',(-0.996194698091746,0.0871557427476567,0.));
#2904=DIRECTION('',(-0.707106781186578,0.707106781186517,0.));
#2905=DIRECTION('',(0.518924781827117,-0.854819905480493,0.));
#2906=DIRECTION('',(-0.98436709149258,0.17612901290372,0.));
#2907=DIRECTION('center_axis',(0.160071158553662,-0.894621381109141,0.417168801160466));
#2908=DIRECTION('ref_axis',(0.,-0.422618261740759,-0.906307787036622));
#2909=DIRECTION('',(0.,-0.422618261740759,-0.906307787036622));
#2910=DIRECTION('',(0.985047602213243,0.117496306398277,-0.125999362524987));
#2911=DIRECTION('',(0.936222667044145,0.27153143092023,0.223064564050769));
#2912=DIRECTION('',(3.86336827779486E-14,0.422618261740765,0.906307787036619));
#2913=DIRECTION('',(0.852095860885951,0.338576147821107,0.399122582658072));
#2914=DIRECTION('',(-0.6419815545411,0.226677801039546,0.732445805602619));
#2915=DIRECTION('center_axis',(-0.707106781186546,0.0159323206722093,-0.706927267233342));
#2916=DIRECTION('ref_axis',(0.,0.999746128932739,0.0225317039747156));
#2917=DIRECTION('',(0.647379104433495,0.416728877078158,-0.638151500940069));
#2918=DIRECTION('',(0.70708434016204,0.00796691880378364,-0.70708434016204));
#2919=DIRECTION('center_axis',(-0.707106781186549,0.640856382055777,-0.298836238730141));
#2920=DIRECTION('ref_axis',(0.,0.42261826174073,0.906307787036636));
#2921=DIRECTION('',(0.664023331817193,0.747073458314604,0.0308911424886076));
#2922=DIRECTION('',(0.,-0.42261826174073,-0.906307787036636));
#2923=DIRECTION('center_axis',(-0.707106781186547,0.613997371872256,0.350723861939792));
#2924=DIRECTION('ref_axis',(0.,-0.495998442203123,0.868323410563182));
#2925=DIRECTION('',(0.664023331817191,0.747073458314606,0.0308911424886016));
#2926=DIRECTION('',(0.,0.495998442203123,-0.868323410563182));
#2927=DIRECTION('center_axis',(-0.707106781186551,0.640856382055774,-0.298836238730141));
#2928=DIRECTION('ref_axis',(0.,0.422618261740732,0.906307787036635));
#2929=DIRECTION('',(0.638230619643248,0.760367156448277,0.120430326515197));
#2930=DIRECTION('',(0.,-0.422618261740732,-0.906307787036635));
#2931=DIRECTION('',(0.432537568646339,0.726341011022123,0.534172245082871));
#2932=DIRECTION('center_axis',(-0.707106781186546,0.5171451618608,0.482245665158297));
#2933=DIRECTION('ref_axis',(0.,-0.681998360062497,0.731353701619171));
#2934=DIRECTION('',(0.664143851524343,0.251622835651109,0.703987850080743));
#2935=DIRECTION('center_axis',(-0.707106781186547,-0.0942983714008106,0.700790851218219));
#2936=DIRECTION('ref_axis',(0.,-0.99106792617979,-0.133358035744721));
#2937=DIRECTION('',(0.659531239497199,-0.445339382266908,0.605550475789935));
#2938=DIRECTION('',(0.,0.99106792617979,0.133358035744721));
#2939=DIRECTION('center_axis',(-0.707106781186548,-0.640856382055775,0.298836238730147));
#2940=DIRECTION('ref_axis',(0.,-0.422618261740738,-0.906307787036632));
#2941=DIRECTION('',(0.703923086390585,-0.67802969524307,0.211584547675257));
#2942=DIRECTION('',(0.,0.422618261740738,0.906307787036632));
#2943=DIRECTION('center_axis',(-0.707106781186549,-0.697076691026114,0.118676395412404));
#2944=DIRECTION('ref_axis',(0.,-0.167833767925774,-0.985815310463292));
#2945=DIRECTION('',(0.,0.167833767925774,0.985815310463292));
#2946=DIRECTION('center_axis',(-0.707106781186548,0.,-0.707106781186548));
#2947=DIRECTION('ref_axis',(0.,1.,0.));
#2948=DIRECTION('center_axis',(1.,0.,0.));
#2949=DIRECTION('ref_axis',(0.,0.,-1.));
#2950=DIRECTION('center_axis',(-0.707106781186546,-0.0159323206722093,0.706927267233342));
#2951=DIRECTION('ref_axis',(0.,0.999746128932739,0.0225317039747156));
#2952=DIRECTION('',(-0.647379104433495,0.416728877078158,-0.638151500940069));
#2953=DIRECTION('',(-0.572964569300169,-0.572964569300175,-0.586023211701838));
#2954=DIRECTION('',(-0.70708434016204,0.00796691880378364,-0.70708434016204));
#2955=DIRECTION('center_axis',(-0.707106781186549,-0.640856382055777,0.298836238730141));
#2956=DIRECTION('ref_axis',(0.,0.42261826174073,0.906307787036636));
#2957=DIRECTION('',(-0.664023331817193,0.747073458314604,0.0308911424886076));
#2958=DIRECTION('',(0.,-0.42261826174073,-0.906307787036636));
#2959=DIRECTION('',(-0.211541378239861,-0.211541378239859,-0.954201493702856));
#2960=DIRECTION('center_axis',(-0.707106781186547,-0.613997371872256,-0.350723861939792));
#2961=DIRECTION('ref_axis',(0.,-0.495998442203123,0.868323410563182));
#2962=DIRECTION('',(-0.664023331817191,0.747073458314606,0.0308911424886016));
#2963=DIRECTION('',(0.,0.495998442203123,-0.868323410563182));
#2964=DIRECTION('center_axis',(-0.707106781186551,-0.640856382055774,0.298836238730141));
#2965=DIRECTION('ref_axis',(0.,0.422618261740732,0.906307787036635));
#2966=DIRECTION('',(-0.638230619643248,0.760367156448277,0.120430326515197));
#2967=DIRECTION('',(-0.432537568646339,0.726341011022123,0.534172245082871));
#2968=DIRECTION('',(0.,-0.422618261740732,-0.906307787036635));
#2969=DIRECTION('center_axis',(-0.707106781186546,-0.5171451618608,-0.482245665158297));
#2970=DIRECTION('ref_axis',(0.,-0.681998360062497,0.731353701619171));
#2971=DIRECTION('',(-0.664143851524343,0.251622835651109,0.703987850080743));
#2972=DIRECTION('center_axis',(-0.707106781186547,0.0942983714008106,-0.700790851218219));
#2973=DIRECTION('ref_axis',(0.,-0.99106792617979,-0.133358035744721));
#2974=DIRECTION('',(-0.659531239497199,-0.445339382266908,0.605550475789935));
#2975=DIRECTION('',(0.,0.99106792617979,0.133358035744721));
#2976=DIRECTION('center_axis',(-0.707106781186548,0.640856382055775,-0.298836238730147));
#2977=DIRECTION('ref_axis',(0.,-0.422618261740738,-0.906307787036632));
#2978=DIRECTION('',(-0.703923086390585,-0.67802969524307,0.211584547675257));
#2979=DIRECTION('',(0.,0.422618261740738,0.906307787036632));
#2980=DIRECTION('center_axis',(-0.707106781186549,0.697076691026114,-0.118676395412404));
#2981=DIRECTION('ref_axis',(0.,-0.167833767925774,-0.985815310463292));
#2982=DIRECTION('',(-0.705847436605184,-0.705847436605188,0.0596556156264898));
#2983=DIRECTION('',(0.,0.167833767925774,0.985815310463292));
#2984=DIRECTION('center_axis',(-0.707106781186549,0.707106781186546,0.));
#2985=DIRECTION('ref_axis',(0.,0.,-1.));
#2986=DIRECTION('',(-0.577350269189625,-0.577350269189628,-0.577350269189625));
#2987=DIRECTION('',(0.,0.,1.));
#2988=DIRECTION('center_axis',(-0.707106781186548,0.,0.707106781186548));
#2989=DIRECTION('ref_axis',(0.,1.,0.));
#2990=DIRECTION('center_axis',(1.,0.,0.));
#2991=DIRECTION('ref_axis',(0.,0.,-1.));
#2992=DIRECTION('center_axis',(-0.0871557427476572,-0.996194698091746,0.));
#2993=DIRECTION('ref_axis',(-0.996194698091746,0.0871557427476572,0.));
#2994=DIRECTION('',(0.,0.,-1.));
#2995=DIRECTION('center_axis',(0.0871557427476564,-0.996194698091746,0.));
#2996=DIRECTION('ref_axis',(-0.996194698091746,-0.0871557427476564,0.));
#2997=DIRECTION('center_axis',(0.,0.707106781186551,-0.707106781186544));
#2998=DIRECTION('ref_axis',(0.,0.707106781186544,0.707106781186551));
#2999=DIRECTION('',(1.,0.,0.));
#3000=DIRECTION('center_axis',(0.,1.,0.));
#3001=DIRECTION('ref_axis',(0.,0.,1.));
#3002=DIRECTION('center_axis',(-0.350800434887293,0.684876350533445,0.638657529011344));
#3003=DIRECTION('ref_axis',(0.936450241541368,0.256559196584437,0.239245321302346));
#3004=DIRECTION('',(-0.890038034364076,-0.455886276811807,5.36432945206898E-16));
#3005=DIRECTION('',(-0.699885331491081,0.261369072768855,-0.664715526043711));
#3006=DIRECTION('',(0.707106781186545,0.640856382055781,-0.298836238730141));
#3007=DIRECTION('',(2.38944510961424E-14,-0.681998360062493,0.731353701619176));
#3008=DIRECTION('center_axis',(0.350800434887292,0.684876350533445,0.638657529011345));
#3009=DIRECTION('ref_axis',(0.936450241541368,-0.256559196584436,-0.239245321302345));
#3010=DIRECTION('',(0.936222667044146,-0.271531430920229,-0.223064564050768));
#3011=DIRECTION('',(0.707106781186545,-0.640856382055781,0.298836238730142));
#3012=DIRECTION('',(-0.699885331491081,-0.261369072768856,0.664715526043711));
#3013=DIRECTION('',(-0.890038034364077,0.455886276811806,-5.36432945206897E-16));
#3014=DIRECTION('',(2.37362096981548E-14,0.681998360062493,-0.731353701619176));
#3015=DIRECTION('center_axis',(-0.160071158553662,-0.894621381109141,0.417168801160466));
#3016=DIRECTION('ref_axis',(0.,-0.422618261740759,-0.906307787036622));
#3017=DIRECTION('',(-0.6419815545411,-0.226677801039546,-0.732445805602619));
#3018=DIRECTION('',(0.852095860885951,-0.338576147821107,-0.399122582658072));
#3019=DIRECTION('',(3.86336827779486E-14,-0.422618261740765,-0.906307787036619));
#3020=DIRECTION('',(0.985047602213243,-0.117496306398277,0.125999362524987));
#3021=DIRECTION('center_axis',(0.,-0.731353701619176,-0.681998360062493));
#3022=DIRECTION('ref_axis',(0.,0.681998360062493,-0.731353701619176));
#3023=DIRECTION('',(1.,0.,0.));
#3024=DIRECTION('center_axis',(0.,-1.1766814938111E-15,-1.));
#3025=DIRECTION('ref_axis',(0.,1.,-1.1766814938111E-15));
#3026=DIRECTION('',(0.133358035744714,0.991067926179791,-1.16617128784551E-15));
#3027=DIRECTION('',(-1.,0.,0.));
#3028=DIRECTION('',(0.133358035744714,-0.991067926179791,1.16617128784551E-15));
#3029=DIRECTION('center_axis',(-0.703927566165011,0.094720447560213,-0.703927566165012));
#3030=DIRECTION('ref_axis',(-0.0669774707868517,-0.995503910998843,-0.0669774707868511));
#3031=DIRECTION('',(-0.647400737516884,0.322098414629841,0.690742279258725));
#3032=DIRECTION('center_axis',(-0.703927566165011,-0.094720447560213,0.703927566165012));
#3033=DIRECTION('ref_axis',(0.0669774707868517,-0.995503910998843,-0.0669774707868511));
#3034=DIRECTION('',(-0.647400737516884,-0.322098414629841,-0.690742279258725));
#3035=DIRECTION('center_axis',(0.,0.90630778703662,-0.422618261740763));
#3036=DIRECTION('ref_axis',(0.,0.422618261740763,0.90630778703662));
#3037=DIRECTION('',(0.389281620635073,-0.389281620635075,-0.834817129478942));
#3038=DIRECTION('',(1.,0.,0.));
#3039=DIRECTION('',(0.389281620635073,0.389281620635075,0.834817129478942));
#3040=DIRECTION('center_axis',(-0.70710678118655,-0.640856382055777,0.298836238730141));
#3041=DIRECTION('ref_axis',(-1.64035451888367E-14,0.422618261740745,0.906307787036629));
#3042=DIRECTION('',(-0.707106781186545,0.640856382055771,-0.298836238730164));
#3043=DIRECTION('center_axis',(-0.49999999999999,-0.751990132248469,-0.429547251185409));
#3044=DIRECTION('ref_axis',(-0.500000000000013,-0.154317654788164,0.852165512926138));
#3045=DIRECTION('center_axis',(-0.632280199348978,-0.3838303979554,0.672975463978157));
#3046=DIRECTION('ref_axis',(0.316578188622052,0.664813750748123,0.676609878220082));
#3047=DIRECTION('center_axis',(-0.632280199348978,0.3838303979554,-0.672975463978157));
#3048=DIRECTION('ref_axis',(-0.316578188622052,0.664813750748123,0.676609878220082));
#3049=DIRECTION('center_axis',(-0.70710678118655,0.640856382055777,-0.298836238730141));
#3050=DIRECTION('ref_axis',(1.64035451888367E-14,0.422618261740745,0.906307787036629));
#3051=DIRECTION('',(0.707106781186545,0.640856382055771,-0.298836238730164));
#3052=DIRECTION('center_axis',(-0.49999999999999,0.751990132248469,0.429547251185409));
#3053=DIRECTION('ref_axis',(0.500000000000013,-0.154317654788164,0.852165512926138));
#3054=DIRECTION('center_axis',(0.,0.,1.));
#3055=DIRECTION('ref_axis',(1.,0.,0.));
#3056=DIRECTION('',(0.,0.,1.));
#3057=DIRECTION('',(0.,0.,1.));
#3058=DIRECTION('',(0.,0.,1.));
#3059=DIRECTION('center_axis',(0.,0.,1.));
#3060=DIRECTION('ref_axis',(1.,0.,0.));
#3061=DIRECTION('',(0.,0.,1.));
#3062=DIRECTION('',(0.,0.,1.));
#3063=DIRECTION('',(0.,0.,1.));
#3064=DIRECTION('center_axis',(-0.0871557427476567,-0.996194698091746,0.));
#3065=DIRECTION('ref_axis',(0.996194698091746,-0.0871557427476567,0.));
#3066=DIRECTION('',(0.,0.,1.));
#3067=DIRECTION('',(0.,0.,1.));
#3068=DIRECTION('center_axis',(-0.707106781186517,-0.707106781186578,0.));
#3069=DIRECTION('ref_axis',(0.707106781186578,-0.707106781186517,0.));
#3070=DIRECTION('center_axis',(0.707106781186546,-0.707106781186549,0.));
#3071=DIRECTION('ref_axis',(0.707106781186549,0.707106781186546,0.));
#3072=DIRECTION('',(0.,0.,1.));
#3073=DIRECTION('center_axis',(0.0871557427476561,-0.996194698091746,0.));
#3074=DIRECTION('ref_axis',(0.996194698091746,0.0871557427476561,0.));
#3075=DIRECTION('center_axis',(0.70710678118655,-0.707106781186545,0.));
#3076=DIRECTION('ref_axis',(-0.707106781186545,-0.70710678118655,0.));
#3077=DIRECTION('',(0.707106781186545,0.70710678118655,0.));
#3078=DIRECTION('',(0.,0.,-1.));
#3079=DIRECTION('center_axis',(-0.70710678118655,-0.707106781186545,0.));
#3080=DIRECTION('ref_axis',(-0.707106781186545,0.70710678118655,0.));
#3081=DIRECTION('',(0.,0.,-1.));
#3082=DIRECTION('',(0.707106781186545,-0.70710678118655,0.));
#3083=DIRECTION('center_axis',(-1.,3.29597922457265E-15,0.));
#3084=DIRECTION('ref_axis',(3.29597922457265E-15,1.,0.));
#3085=DIRECTION('',(0.,0.,1.));
#3086=DIRECTION('',(-3.29597922457265E-15,-1.,0.));
#3087=DIRECTION('center_axis',(-0.258819045102521,-0.965925826289068,0.));
#3088=DIRECTION('ref_axis',(-0.965925826289068,0.258819045102521,0.));
#3089=DIRECTION('',(0.,0.,1.));
#3090=DIRECTION('',(0.965925826289068,-0.258819045102521,0.));
#3091=DIRECTION('center_axis',(0.258819045102521,-0.965925826289068,0.));
#3092=DIRECTION('ref_axis',(-0.965925826289068,-0.258819045102521,0.));
#3093=DIRECTION('',(0.,0.,1.));
#3094=DIRECTION('',(0.965925826289068,0.258819045102521,0.));
#3095=DIRECTION('center_axis',(1.,3.29597922457265E-15,0.));
#3096=DIRECTION('ref_axis',(3.29597922457265E-15,-1.,0.));
#3097=DIRECTION('',(-3.29597922457265E-15,1.,0.));
#3098=DIRECTION('center_axis',(0.,0.,-1.));
#3099=DIRECTION('ref_axis',(-1.,0.,0.));
#3100=CARTESIAN_POINT('',(0.,0.,0.));
#3101=CARTESIAN_POINT('Origin',(12.,-60.1931194604412,11.0392050519446));
#3102=CARTESIAN_POINT('',(12.,-61.1440105493578,9.00001253111217));
#3103=CARTESIAN_POINT('',(13.2393206455924,-61.1440105493576,9.00001253111208));
#3104=CARTESIAN_POINT('',(12.,-61.1440105493578,9.00001253111217));
#3105=CARTESIAN_POINT('',(12.,-59.845643923739,13.2622121934971));
#3106=CARTESIAN_POINT('Origin',(12.,-60.1931194604412,11.0392050519446));
#3107=CARTESIAN_POINT('',(15.7606793544076,-61.1440105493576,9.00001253111208));
#3108=CARTESIAN_POINT('Ctrl Pts',(15.7606793544076,-61.1440105493574,9.000012531112));
#3109=CARTESIAN_POINT('Ctrl Pts',(15.7680993638568,-61.1401831302309,8.99822777626234));
#3110=CARTESIAN_POINT('Ctrl Pts',(15.7755014562482,-61.1363221604206,8.99644048566229));
#3111=CARTESIAN_POINT('Ctrl Pts',(16.176269537509,-60.9249538957203,8.89933425492661));
#3112=CARTESIAN_POINT('Ctrl Pts',(16.5179094367423,-60.6199472967326,8.80011921602957));
#3113=CARTESIAN_POINT('Ctrl Pts',(16.8808724389538,-60.0905934825309,8.78552278934691));
#3114=CARTESIAN_POINT('Ctrl Pts',(16.983764822889,-59.898883929512,8.79959019564761));
#3115=CARTESIAN_POINT('Ctrl Pts',(17.1367415292529,-59.5087053456324,8.88652610307595));
#3116=CARTESIAN_POINT('Ctrl Pts',(17.18718277731,-59.3105385812994,8.96012100158119));
#3117=CARTESIAN_POINT('Ctrl Pts',(17.2420216625847,-58.9691180227681,9.14181054288027));
#3118=CARTESIAN_POINT('Ctrl Pts',(17.252304857071,-58.7989097468031,9.26124911305802));
#3119=CARTESIAN_POINT('Ctrl Pts',(17.2467511573584,-58.4991934908974,9.54402518517663));
#3120=CARTESIAN_POINT('Ctrl Pts',(17.2319256163538,-58.3696707611437,9.70736601210604));
#3121=CARTESIAN_POINT('Ctrl Pts',(17.2003532029197,-58.1698930303624,10.0358559625368));
#3122=CARTESIAN_POINT('Ctrl Pts',(17.1806268521912,-58.0834291943134,10.2293990973901));
#3123=CARTESIAN_POINT('Ctrl Pts',(17.1519916733397,-57.9700272077408,10.633693910208));
#3124=CARTESIAN_POINT('Ctrl Pts',(17.1437911885845,-57.9431194604412,10.8445039732998));
#3125=CARTESIAN_POINT('Ctrl Pts',(17.1437911885845,-57.9431194604412,11.2339061305894));
#3126=CARTESIAN_POINT('Ctrl Pts',(17.1519916733397,-57.9700272077408,11.4447161936813));
#3127=CARTESIAN_POINT('Ctrl Pts',(17.1806268521912,-58.0834291943134,11.8490110064991));
#3128=CARTESIAN_POINT('Ctrl Pts',(17.2003532029197,-58.1698930303624,12.0425541413525));
#3129=CARTESIAN_POINT('Ctrl Pts',(17.2319256163538,-58.3696707611436,12.3710440917832));
#3130=CARTESIAN_POINT('Ctrl Pts',(17.2467511573584,-58.4991934908974,12.5343849187126));
#3131=CARTESIAN_POINT('Ctrl Pts',(17.252304857071,-58.7989097468031,12.8171609908312));
#3132=CARTESIAN_POINT('Ctrl Pts',(17.2420216625847,-58.9691180227681,12.936599561009));
#3133=CARTESIAN_POINT('Ctrl Pts',(17.18718277731,-59.3105385812994,13.1182891023081));
#3134=CARTESIAN_POINT('Ctrl Pts',(17.1367415292529,-59.5087053456324,13.1918840008133));
#3135=CARTESIAN_POINT('Ctrl Pts',(16.983764822889,-59.898883929512,13.2788199082417));
#3136=CARTESIAN_POINT('Ctrl Pts',(16.8808724389538,-60.0905934825309,13.2928873145424));
#3137=CARTESIAN_POINT('Ctrl Pts',(16.5179094367423,-60.6199472967326,13.2782908878597));
#3138=CARTESIAN_POINT('Ctrl Pts',(16.176269537509,-60.9249538957204,13.1790758489626));
#3139=CARTESIAN_POINT('Ctrl Pts',(15.5861932361742,-61.2361648171628,13.0361001776248));
#3140=CARTESIAN_POINT('Ctrl Pts',(15.3764537152801,-61.316092336804,12.9899401422601));
#3141=CARTESIAN_POINT('Ctrl Pts',(14.9440158875389,-61.4230424271846,12.9243376798246));
#3142=CARTESIAN_POINT('Ctrl Pts',(14.7212223464575,-61.45,12.9054181451573));
#3143=CARTESIAN_POINT('Ctrl Pts',(14.5,-61.45,12.9054181451573));
#3144=CARTESIAN_POINT('Ctrl Pts',(14.2787776535425,-61.45,12.9054181451573));
#3145=CARTESIAN_POINT('Ctrl Pts',(14.0559841124611,-61.4230424271846,12.9243376798246));
#3146=CARTESIAN_POINT('Ctrl Pts',(13.6235462847199,-61.316092336804,12.9899401422601));
#3147=CARTESIAN_POINT('Ctrl Pts',(13.4138067638258,-61.2361648171628,13.0361001776248));
#3148=CARTESIAN_POINT('Ctrl Pts',(12.823730462491,-60.9249538957203,13.1790758489626));
#3149=CARTESIAN_POINT('Ctrl Pts',(12.4820905632577,-60.6199472967326,13.2782908878597));
#3150=CARTESIAN_POINT('Ctrl Pts',(12.1466431357763,-60.1307228465283,13.2917807855939));
#3151=CARTESIAN_POINT('Ctrl Pts',(12.0665759212545,-59.9909244945056,13.2849208224331));
#3152=CARTESIAN_POINT('Ctrl Pts',(12.,-59.845643923739,13.2622121934971));
#3153=CARTESIAN_POINT('',(18.3059894506422,-61.1440105493578,9.00001253111217));
#3154=CARTESIAN_POINT('',(12.,-61.1440105493578,9.00001253111217));
#3155=CARTESIAN_POINT('',(18.5,-60.95,8.92032991432156));
#3156=CARTESIAN_POINT('Origin',(19.2568805395588,-60.1931194604412,11.0392050519446));
#3157=CARTESIAN_POINT('',(18.5,-60.95,13.1580801895677));
#3158=CARTESIAN_POINT('Origin',(18.5,-60.1931194604412,11.0392050519446));
#3159=CARTESIAN_POINT('Origin',(19.2568805395588,-60.1931194604412,11.0392050519446));
#3160=CARTESIAN_POINT('Ctrl Pts',(13.2393206455923,-61.1440105493574,9.000012531112));
#3161=CARTESIAN_POINT('Ctrl Pts',(13.429555144415,-61.242138073899,9.04577014728149));
#3162=CARTESIAN_POINT('Ctrl Pts',(13.6316632075163,-61.3180998060192,9.08970132967485));
#3163=CARTESIAN_POINT('Ctrl Pts',(14.0559841124611,-61.4230424271846,9.15407242406468));
#3164=CARTESIAN_POINT('Ctrl Pts',(14.2787776535425,-61.45,9.17299195873197));
#3165=CARTESIAN_POINT('Ctrl Pts',(14.7212223464575,-61.45,9.17299195873197));
#3166=CARTESIAN_POINT('Ctrl Pts',(14.9440158875389,-61.4230424271846,9.15407242406468));
#3167=CARTESIAN_POINT('Ctrl Pts',(15.3683367924837,-61.3180998060192,9.08970132967485));
#3168=CARTESIAN_POINT('Ctrl Pts',(15.570444855585,-61.242138073899,9.04577014728149));
#3169=CARTESIAN_POINT('Ctrl Pts',(15.7606793544076,-61.1440105493574,9.000012531112));
#3170=CARTESIAN_POINT('Origin',(-12.,-60.1931194604412,11.0392050519446));
#3171=CARTESIAN_POINT('',(-12.,-61.1440105493578,9.00001253111217));
#3172=CARTESIAN_POINT('',(-13.2393206455923,-61.1440105493576,9.00001253111208));
#3173=CARTESIAN_POINT('',(-12.,-61.1440105493578,9.00001253111217));
#3174=CARTESIAN_POINT('',(-12.,-59.8456439237389,8.81619791039211));
#3175=CARTESIAN_POINT('Origin',(-12.,-60.1931194604412,11.0392050519446));
#3176=CARTESIAN_POINT('Ctrl Pts',(-13.2393206455924,-61.1440105493574,9.000012531112));
#3177=CARTESIAN_POINT('Ctrl Pts',(-13.2319006361432,-61.1401831302309,8.99822777626234));
#3178=CARTESIAN_POINT('Ctrl Pts',(-13.2244985437518,-61.1363221604206,8.99644048566229));
#3179=CARTESIAN_POINT('Ctrl Pts',(-12.823730462491,-60.9249538957204,8.89933425492662));
#3180=CARTESIAN_POINT('Ctrl Pts',(-12.4820905632577,-60.6199472967326,8.80011921602957));
#3181=CARTESIAN_POINT('Ctrl Pts',(-12.1466431357763,-60.1307228465283,8.7866293182954));
#3182=CARTESIAN_POINT('Ctrl Pts',(-12.0665759212544,-59.9909244945056,8.79348928145614));
#3183=CARTESIAN_POINT('Ctrl Pts',(-12.,-59.8456439237389,8.81619791039212));
#3184=CARTESIAN_POINT('Origin',(-11.375,-57.657409889997,16.4770517741645));
#3185=CARTESIAN_POINT('',(-12.,-59.845643923739,15.9534757877275));
#3186=CARTESIAN_POINT('',(-11.7568829325736,-58.5055552664785,14.6581981447022));
#3187=CARTESIAN_POINT('Ctrl Pts',(-12.,-59.8456439237389,15.9534757877275));
#3188=CARTESIAN_POINT('Ctrl Pts',(-11.9686978871618,-59.7773371135042,15.8025110088727));
#3189=CARTESIAN_POINT('Ctrl Pts',(-11.9301997008528,-59.6857100292195,15.659712360647));
#3190=CARTESIAN_POINT('Ctrl Pts',(-11.8182630282995,-59.3533188735185,15.2417980642137));
#3191=CARTESIAN_POINT('Ctrl Pts',(-11.755845520794,-59.0565594990542,14.9943464745053));
#3192=CARTESIAN_POINT('Ctrl Pts',(-11.7491142639161,-58.6738166881851,14.7533545027033));
#3193=CARTESIAN_POINT('Ctrl Pts',(-11.750875430929,-58.5903057248503,14.7043464771358));
#3194=CARTESIAN_POINT('Ctrl Pts',(-11.7568829325736,-58.5055552664787,14.6581981447023));
#3195=CARTESIAN_POINT('',(-12.,-59.8456439237389,17.0006277606015));
#3196=CARTESIAN_POINT('Origin',(-12.,-57.657409889997,16.4770517741645));
#3197=CARTESIAN_POINT('',(-12.,-57.554356076261,18.7246905154827));
#3198=CARTESIAN_POINT('Ctrl Pts',(-12.,-57.554356076261,18.7246905154827));
#3199=CARTESIAN_POINT('Ctrl Pts',(-11.9577905146299,-57.6464647247152,18.6866598511192));
#3200=CARTESIAN_POINT('Ctrl Pts',(-11.9209317868472,-57.7411857340718,18.6482169400663));
#3201=CARTESIAN_POINT('Ctrl Pts',(-11.8474360166585,-57.9610624413139,18.5568973725845));
#3202=CARTESIAN_POINT('Ctrl Pts',(-11.8078012553085,-58.1228570226098,18.4869307442276));
#3203=CARTESIAN_POINT('Ctrl Pts',(-11.760284605967,-58.4141067251758,18.3474175408564));
#3204=CARTESIAN_POINT('Ctrl Pts',(-11.7478083286496,-58.5995605212061,18.2475040455645));
#3205=CARTESIAN_POINT('Ctrl Pts',(-11.755845520794,-59.0565594990542,17.9597570738237));
#3206=CARTESIAN_POINT('Ctrl Pts',(-11.8182630282995,-59.3533188735185,17.7123054841154));
#3207=CARTESIAN_POINT('Ctrl Pts',(-11.9301997008528,-59.6857100292195,17.2943911876821));
#3208=CARTESIAN_POINT('Ctrl Pts',(-11.9686978871618,-59.7773371135042,17.1515925394563));
#3209=CARTESIAN_POINT('Ctrl Pts',(-12.,-59.8456439237389,17.0006277606015));
#3210=CARTESIAN_POINT('',(-12.,-57.5543560762611,14.2294130328463));
#3211=CARTESIAN_POINT('Origin',(-12.,-57.657409889997,16.4770517741645));
#3212=CARTESIAN_POINT('Ctrl Pts',(-11.7568829325736,-58.5055552664787,14.6581981447023));
#3213=CARTESIAN_POINT('Ctrl Pts',(-11.7628675757484,-58.4211272825577,14.6122254061053));
#3214=CARTESIAN_POINT('Ctrl Pts',(-11.7731085663289,-58.3355032316028,14.5690336937092));
#3215=CARTESIAN_POINT('Ctrl Pts',(-11.8078012553085,-58.1228570226098,14.4671728041015));
#3216=CARTESIAN_POINT('Ctrl Pts',(-11.8474360166585,-57.9610624413139,14.3972061757445));
#3217=CARTESIAN_POINT('Ctrl Pts',(-11.9209317868472,-57.7411857340718,14.3058866082628));
#3218=CARTESIAN_POINT('Ctrl Pts',(-11.9577905146299,-57.6464647247152,14.2674436972098));
#3219=CARTESIAN_POINT('Ctrl Pts',(-12.,-57.5543560762611,14.2294130328463));
#3220=CARTESIAN_POINT('',(-10.75,-58.0800281517377,15.5707439871279));
#3221=CARTESIAN_POINT('',(-11.375,-58.3441645653256,15.00430162023));
#3222=CARTESIAN_POINT('Origin',(-10.75,-57.657409889997,16.4770517741645));
#3223=CARTESIAN_POINT('Origin',(11.375,-57.657409889997,16.4770517741645));
#3224=CARTESIAN_POINT('',(10.75,-58.0800281517377,15.5707439871279));
#3225=CARTESIAN_POINT('Origin',(10.75,-57.657409889997,16.4770517741645));
#3226=CARTESIAN_POINT('',(11.7568829325736,-58.5055552664785,14.6581981447022));
#3227=CARTESIAN_POINT('',(11.375,-58.3441645653256,15.00430162023));
#3228=CARTESIAN_POINT('',(12.,-57.554356076261,14.2294130328463));
#3229=CARTESIAN_POINT('Ctrl Pts',(12.,-57.554356076261,14.2294130328463));
#3230=CARTESIAN_POINT('Ctrl Pts',(11.9577905146299,-57.6464647247152,14.2674436972098));
#3231=CARTESIAN_POINT('Ctrl Pts',(11.9209317868472,-57.7411857340718,14.3058866082628));
#3232=CARTESIAN_POINT('Ctrl Pts',(11.8474360166585,-57.9610624413139,14.3972061757445));
#3233=CARTESIAN_POINT('Ctrl Pts',(11.8078012553085,-58.1228570226098,14.4671728041015));
#3234=CARTESIAN_POINT('Ctrl Pts',(11.7731085663289,-58.3355032316028,14.5690336937092));
#3235=CARTESIAN_POINT('Ctrl Pts',(11.7628675757484,-58.4211272825577,14.6122254061054));
#3236=CARTESIAN_POINT('Ctrl Pts',(11.7568829325736,-58.5055552664787,14.6581981447023));
#3237=CARTESIAN_POINT('',(12.,-57.554356076261,18.7246905154827));
#3238=CARTESIAN_POINT('Origin',(12.,-57.657409889997,16.4770517741645));
#3239=CARTESIAN_POINT('',(11.75,-58.6999999996368,18.1838047920434));
#3240=CARTESIAN_POINT('Ctrl Pts',(11.75,-58.6999999992736,18.1838047920434));
#3241=CARTESIAN_POINT('Ctrl Pts',(11.7500000000367,-58.5608759794173,18.2687903322001));
#3242=CARTESIAN_POINT('Ctrl Pts',(11.7629939228848,-58.3975001723694,18.3553723416976));
#3243=CARTESIAN_POINT('Ctrl Pts',(11.8078012553085,-58.1228570226098,18.4869307442276));
#3244=CARTESIAN_POINT('Ctrl Pts',(11.8474360166585,-57.9610624413139,18.5568973725845));
#3245=CARTESIAN_POINT('Ctrl Pts',(11.9209317868472,-57.7411857340717,18.6482169400663));
#3246=CARTESIAN_POINT('Ctrl Pts',(11.9577905146299,-57.6464647247152,18.6866598511192));
#3247=CARTESIAN_POINT('Ctrl Pts',(12.,-57.554356076261,18.7246905154827));
#3248=CARTESIAN_POINT('',(12.,-59.845643923739,17.0006277606014));
#3249=CARTESIAN_POINT('Ctrl Pts',(12.,-59.845643923739,17.0006277606015));
#3250=CARTESIAN_POINT('Ctrl Pts',(11.9686978871618,-59.7773371135042,17.1515925394563));
#3251=CARTESIAN_POINT('Ctrl Pts',(11.9301997008528,-59.6857100292195,17.2943911876821));
#3252=CARTESIAN_POINT('Ctrl Pts',(11.8182630282995,-59.3533188735185,17.7123054841154));
#3253=CARTESIAN_POINT('Ctrl Pts',(11.755845520794,-59.0565594990542,17.9597570738237));
#3254=CARTESIAN_POINT('Ctrl Pts',(11.7501482285826,-58.7326084636263,18.1637311174323));
#3255=CARTESIAN_POINT('Ctrl Pts',(11.7499999999956,-58.7164671993297,18.1737456096457));
#3256=CARTESIAN_POINT('Ctrl Pts',(11.75,-58.6999999992736,18.1838047920434));
#3257=CARTESIAN_POINT('',(12.,-59.845643923739,15.9534757877276));
#3258=CARTESIAN_POINT('Origin',(12.,-57.657409889997,16.4770517741645));
#3259=CARTESIAN_POINT('',(11.75,-58.6999999999827,14.7702987567082));
#3260=CARTESIAN_POINT('Ctrl Pts',(11.75,-58.6999999999654,14.7702987567082));
#3261=CARTESIAN_POINT('Ctrl Pts',(11.7499999999998,-58.7164691206235,14.7803591123325));
#3262=CARTESIAN_POINT('Ctrl Pts',(11.7501482659956,-58.7326105909477,14.7903737703534));
#3263=CARTESIAN_POINT('Ctrl Pts',(11.755845520794,-59.0565594990542,14.9943464745053));
#3264=CARTESIAN_POINT('Ctrl Pts',(11.8182630282995,-59.3533188735185,15.2417980642137));
#3265=CARTESIAN_POINT('Ctrl Pts',(11.9301997008528,-59.6857100292195,15.659712360647));
#3266=CARTESIAN_POINT('Ctrl Pts',(11.9686978871618,-59.7773371135042,15.8025110088728));
#3267=CARTESIAN_POINT('Ctrl Pts',(12.,-59.845643923739,15.9534757877276));
#3268=CARTESIAN_POINT('Ctrl Pts',(11.7568829325736,-58.5055552664787,14.6581981447023));
#3269=CARTESIAN_POINT('Ctrl Pts',(11.7521444637945,-58.5724029220882,14.6945980402632));
#3270=CARTESIAN_POINT('Ctrl Pts',(11.7500000000008,-58.638505600425,14.732734181093));
#3271=CARTESIAN_POINT('Ctrl Pts',(11.75,-58.6999999999654,14.7702987567082));
#3272=CARTESIAN_POINT('Origin',(-12.,-60.1931194604412,11.0392050519446));
#3273=CARTESIAN_POINT('',(-15.7606793544077,-61.1440105493576,9.00001253111208));
#3274=CARTESIAN_POINT('Ctrl Pts',(-15.7606793544076,-61.1440105493574,9.000012531112));
#3275=CARTESIAN_POINT('Ctrl Pts',(-15.570444855585,-61.242138073899,9.04577014728149));
#3276=CARTESIAN_POINT('Ctrl Pts',(-15.3683367924837,-61.3180998060192,9.08970132967485));
#3277=CARTESIAN_POINT('Ctrl Pts',(-14.9440158875389,-61.4230424271846,9.15407242406468));
#3278=CARTESIAN_POINT('Ctrl Pts',(-14.7212223464575,-61.45,9.17299195873196));
#3279=CARTESIAN_POINT('Ctrl Pts',(-14.2787776535425,-61.45,9.17299195873196));
#3280=CARTESIAN_POINT('Ctrl Pts',(-14.0559841124611,-61.4230424271846,9.15407242406468));
#3281=CARTESIAN_POINT('Ctrl Pts',(-13.6316632075163,-61.3180998060192,9.08970132967485));
#3282=CARTESIAN_POINT('Ctrl Pts',(-13.429555144415,-61.242138073899,9.04577014728149));
#3283=CARTESIAN_POINT('Ctrl Pts',(-13.2393206455924,-61.1440105493574,9.000012531112));
#3284=CARTESIAN_POINT('',(-18.3059894506422,-61.1440105493578,9.00001253111217));
#3285=CARTESIAN_POINT('',(-12.,-61.1440105493578,9.00001253111217));
#3286=CARTESIAN_POINT('',(-18.5,-60.95,13.1580801895677));
#3287=CARTESIAN_POINT('Origin',(-19.2568805395588,-60.1931194604412,11.0392050519446));
#3288=CARTESIAN_POINT('',(-18.5,-60.95,8.92032991432156));
#3289=CARTESIAN_POINT('Origin',(-18.5,-60.1931194604412,11.0392050519446));
#3290=CARTESIAN_POINT('Origin',(-19.2568805395588,-60.1931194604412,11.0392050519446));
#3291=CARTESIAN_POINT('',(-17.25,-58.7000000001254,9.35602524051613));
#3292=CARTESIAN_POINT('Ctrl Pts',(-17.25,-58.7000000002507,9.35602524051612));
#3293=CARTESIAN_POINT('Ctrl Pts',(-17.2499999999875,-58.8367386153988,9.23472679940437));
#3294=CARTESIAN_POINT('Ctrl Pts',(-17.2390235641057,-58.987783837219,9.13187738806337));
#3295=CARTESIAN_POINT('Ctrl Pts',(-17.18718277731,-59.3105385812994,8.96012100158119));
#3296=CARTESIAN_POINT('Ctrl Pts',(-17.1367415292529,-59.5087053456324,8.88652610307595));
#3297=CARTESIAN_POINT('Ctrl Pts',(-16.983764822889,-59.898883929512,8.79959019564761));
#3298=CARTESIAN_POINT('Ctrl Pts',(-16.8808724389538,-60.0905934825309,8.78552278934691));
#3299=CARTESIAN_POINT('Ctrl Pts',(-16.5179094367423,-60.6199472967326,8.80011921602957));
#3300=CARTESIAN_POINT('Ctrl Pts',(-16.176269537509,-60.9249538957204,8.89933425492662));
#3301=CARTESIAN_POINT('Ctrl Pts',(-15.7755014562482,-61.1363221604207,8.99644048566229));
#3302=CARTESIAN_POINT('Ctrl Pts',(-15.7680993638568,-61.1401831302309,8.99822777626234));
#3303=CARTESIAN_POINT('Ctrl Pts',(-15.7606793544076,-61.1440105493574,9.000012531112));
#3304=CARTESIAN_POINT('',(-17.25,-58.7000000001254,12.7223848633731));
#3305=CARTESIAN_POINT('Ctrl Pts',(-17.25,-58.7000000002507,12.7223848633731));
#3306=CARTESIAN_POINT('Ctrl Pts',(-17.2500000000016,-58.6827929251218,12.7071207670755));
#3307=CARTESIAN_POINT('Ctrl Pts',(-17.2498383859204,-58.6658018121276,12.6915764147741));
#3308=CARTESIAN_POINT('Ctrl Pts',(-17.2467511573584,-58.4991934908974,12.5343849187126));
#3309=CARTESIAN_POINT('Ctrl Pts',(-17.2319256163538,-58.3696707611436,12.3710440917832));
#3310=CARTESIAN_POINT('Ctrl Pts',(-17.2003532029197,-58.1698930303624,12.0425541413525));
#3311=CARTESIAN_POINT('Ctrl Pts',(-17.1806268521912,-58.0834291943134,11.8490110064991));
#3312=CARTESIAN_POINT('Ctrl Pts',(-17.1519916733397,-57.9700272077408,11.4447161936813));
#3313=CARTESIAN_POINT('Ctrl Pts',(-17.1437911885845,-57.9431194604412,11.2339061305894));
#3314=CARTESIAN_POINT('Ctrl Pts',(-17.1437911885845,-57.9431194604412,10.8445039732998));
#3315=CARTESIAN_POINT('Ctrl Pts',(-17.1519916733397,-57.9700272077408,10.633693910208));
#3316=CARTESIAN_POINT('Ctrl Pts',(-17.1806268521912,-58.0834291943134,10.2293990973901));
#3317=CARTESIAN_POINT('Ctrl Pts',(-17.2003532029197,-58.1698930303624,10.0358559625368));
#3318=CARTESIAN_POINT('Ctrl Pts',(-17.2319256163538,-58.3696707611437,9.70736601210604));
#3319=CARTESIAN_POINT('Ctrl Pts',(-17.2467511573584,-58.4991934908974,9.54402518517663));
#3320=CARTESIAN_POINT('Ctrl Pts',(-17.2498383859204,-58.6658018121276,9.38683368911516));
#3321=CARTESIAN_POINT('Ctrl Pts',(-17.2500000000016,-58.6827929251219,9.37128933681377));
#3322=CARTESIAN_POINT('Ctrl Pts',(-17.25,-58.7000000002507,9.35602524051613));
#3323=CARTESIAN_POINT('',(-12.,-59.8456439237389,13.2622121934971));
#3324=CARTESIAN_POINT('Ctrl Pts',(-12.,-59.845643923739,13.2622121934971));
#3325=CARTESIAN_POINT('Ctrl Pts',(-12.0665759212793,-59.9909244945599,13.2849208224416));
#3326=CARTESIAN_POINT('Ctrl Pts',(-12.1466431357611,-60.1307228465062,13.2917807855945));
#3327=CARTESIAN_POINT('Ctrl Pts',(-12.4820905632577,-60.6199472967326,13.2782908878597));
#3328=CARTESIAN_POINT('Ctrl Pts',(-12.823730462491,-60.9249538957203,13.1790758489626));
#3329=CARTESIAN_POINT('Ctrl Pts',(-13.4138067638258,-61.2361648171628,13.0361001776248));
#3330=CARTESIAN_POINT('Ctrl Pts',(-13.6235462847199,-61.316092336804,12.9899401422601));
#3331=CARTESIAN_POINT('Ctrl Pts',(-14.0559841124611,-61.4230424271846,12.9243376798246));
#3332=CARTESIAN_POINT('Ctrl Pts',(-14.2787776535425,-61.45,12.9054181451573));
#3333=CARTESIAN_POINT('Ctrl Pts',(-14.5,-61.45,12.9054181451573));
#3334=CARTESIAN_POINT('Ctrl Pts',(-14.7212223464575,-61.45,12.9054181451573));
#3335=CARTESIAN_POINT('Ctrl Pts',(-14.9440158875389,-61.4230424271846,12.9243376798246));
#3336=CARTESIAN_POINT('Ctrl Pts',(-15.3764537152801,-61.316092336804,12.9899401422601));
#3337=CARTESIAN_POINT('Ctrl Pts',(-15.5861932361742,-61.2361648171628,13.0361001776248));
#3338=CARTESIAN_POINT('Ctrl Pts',(-16.176269537509,-60.9249538957204,13.1790758489626));
#3339=CARTESIAN_POINT('Ctrl Pts',(-16.5179094367423,-60.6199472967326,13.2782908878597));
#3340=CARTESIAN_POINT('Ctrl Pts',(-16.8808724389538,-60.0905934825309,13.2928873145424));
#3341=CARTESIAN_POINT('Ctrl Pts',(-16.983764822889,-59.898883929512,13.2788199082417));
#3342=CARTESIAN_POINT('Ctrl Pts',(-17.1367415292529,-59.5087053456324,13.1918840008133));
#3343=CARTESIAN_POINT('Ctrl Pts',(-17.18718277731,-59.3105385812994,13.1182891023081));
#3344=CARTESIAN_POINT('Ctrl Pts',(-17.2390235641057,-58.987783837219,12.9465327158259));
#3345=CARTESIAN_POINT('Ctrl Pts',(-17.2499999999875,-58.8367386153988,12.8436833044849));
#3346=CARTESIAN_POINT('Ctrl Pts',(-17.25,-58.7000000002507,12.7223848633731));
#3347=CARTESIAN_POINT('Origin',(-12.,-60.1931194604412,11.0392050519446));
#3348=CARTESIAN_POINT('Origin',(-12.,-57.657409889997,16.4770517741645));
#3349=CARTESIAN_POINT('',(-17.2484707183327,-58.6083009789151,14.4378592533328));
#3350=CARTESIAN_POINT('Ctrl Pts',(-12.,-57.5543560762611,14.2294130328463));
#3351=CARTESIAN_POINT('Ctrl Pts',(-12.066719935938,-57.4087612396903,14.2360885287314));
#3352=CARTESIAN_POINT('Ctrl Pts',(-12.1456243440467,-57.2712370437221,14.2568846954246));
#3353=CARTESIAN_POINT('Ctrl Pts',(-12.4840052263878,-56.775845879028,14.3718184835004));
#3354=CARTESIAN_POINT('Ctrl Pts',(-12.8247881900967,-56.4752100098926,14.5448862497827));
#3355=CARTESIAN_POINT('Ctrl Pts',(-13.4080111334792,-56.1665358345937,14.7868195546094));
#3356=CARTESIAN_POINT('Ctrl Pts',(-13.6145228673652,-56.0869996353849,14.8638466670277));
#3357=CARTESIAN_POINT('Ctrl Pts',(-14.0453893112724,-55.9787558416263,14.9768052348032));
#3358=CARTESIAN_POINT('Ctrl Pts',(-14.2700026340034,-55.95,15.0117014858237));
#3359=CARTESIAN_POINT('Ctrl Pts',(-14.5,-55.95,15.0117014858237));
#3360=CARTESIAN_POINT('Ctrl Pts',(-14.7299973659966,-55.95,15.0117014858237));
#3361=CARTESIAN_POINT('Ctrl Pts',(-14.9546106887276,-55.9787558416263,14.9768052348032));
#3362=CARTESIAN_POINT('Ctrl Pts',(-15.3854771326348,-56.0869996353849,14.8638466670277));
#3363=CARTESIAN_POINT('Ctrl Pts',(-15.5919888665208,-56.1665358345937,14.7868195546094));
#3364=CARTESIAN_POINT('Ctrl Pts',(-16.1752118099033,-56.4752100098926,14.5448862497827));
#3365=CARTESIAN_POINT('Ctrl Pts',(-16.5159947736122,-56.775845879028,14.3718184835004));
#3366=CARTESIAN_POINT('Ctrl Pts',(-16.894993781481,-57.3307021659053,14.2430884224226));
#3367=CARTESIAN_POINT('Ctrl Pts',(-17.0078099387668,-57.5465844041913,14.2185507845766));
#3368=CARTESIAN_POINT('Ctrl Pts',(-17.1690397979607,-57.9959369813035,14.2413173472603));
#3369=CARTESIAN_POINT('Ctrl Pts',(-17.21757223272,-58.2293184615781,14.2895253222515));
#3370=CARTESIAN_POINT('Ctrl Pts',(-17.2429371046811,-58.4950579911345,14.387923392475));
#3371=CARTESIAN_POINT('Ctrl Pts',(-17.2465862900997,-58.5518195055261,14.4115215097476));
#3372=CARTESIAN_POINT('Ctrl Pts',(-17.2484707183327,-58.6083009789166,14.4378592533335));
#3373=CARTESIAN_POINT('',(-17.25,-58.6999999990249,18.4709188375844));
#3374=CARTESIAN_POINT('Ctrl Pts',(-17.25,-58.6999999980498,18.4709188375844));
#3375=CARTESIAN_POINT('Ctrl Pts',(-17.2499999999387,-58.613594790049,18.5160999917338));
#3376=CARTESIAN_POINT('Ctrl Pts',(-17.2458585806463,-58.5256653464484,18.5548468600416));
#3377=CARTESIAN_POINT('Ctrl Pts',(-17.21757223272,-58.2293184615781,18.6645782260776));
#3378=CARTESIAN_POINT('Ctrl Pts',(-17.1690397979607,-57.9959369813035,18.7127862010688));
#3379=CARTESIAN_POINT('Ctrl Pts',(-17.0078099387668,-57.5465844041913,18.7355527637524));
#3380=CARTESIAN_POINT('Ctrl Pts',(-16.894993781481,-57.3307021659053,18.7110151259065));
#3381=CARTESIAN_POINT('Ctrl Pts',(-16.5159947736122,-56.775845879028,18.5822850648287));
#3382=CARTESIAN_POINT('Ctrl Pts',(-16.1752118099033,-56.4752100098926,18.4092172985464));
#3383=CARTESIAN_POINT('Ctrl Pts',(-15.5919888665208,-56.1665358345937,18.1672839937197));
#3384=CARTESIAN_POINT('Ctrl Pts',(-15.3854771326348,-56.0869996353849,18.0902568813014));
#3385=CARTESIAN_POINT('Ctrl Pts',(-14.9546106887276,-55.9787558416263,17.9772983135259));
#3386=CARTESIAN_POINT('Ctrl Pts',(-14.7299973659966,-55.95,17.9424020625053));
#3387=CARTESIAN_POINT('Ctrl Pts',(-14.2700026340034,-55.95,17.9424020625053));
#3388=CARTESIAN_POINT('Ctrl Pts',(-14.0453893112724,-55.9787558416263,17.9772983135259));
#3389=CARTESIAN_POINT('Ctrl Pts',(-13.6145228673652,-56.0869996353849,18.0902568813014));
#3390=CARTESIAN_POINT('Ctrl Pts',(-13.4080111334792,-56.1665358345936,18.1672839937197));
#3391=CARTESIAN_POINT('Ctrl Pts',(-12.8247881900967,-56.4752100098926,18.4092172985464));
#3392=CARTESIAN_POINT('Ctrl Pts',(-12.4840052263878,-56.775845879028,18.5822850648287));
#3393=CARTESIAN_POINT('Ctrl Pts',(-12.145624344068,-57.2712370436908,18.6972188528972));
#3394=CARTESIAN_POINT('Ctrl Pts',(-12.0667199359196,-57.4087612397304,18.7180150195995));
#3395=CARTESIAN_POINT('Ctrl Pts',(-12.,-57.554356076261,18.7246905154827));
#3396=CARTESIAN_POINT('',(-17.25,-58.6999999999848,14.4831847117486));
#3397=CARTESIAN_POINT('Ctrl Pts',(-17.25,-58.6999999999696,14.4831847117486));
#3398=CARTESIAN_POINT('Ctrl Pts',(-17.2500000000013,-58.8149690027017,14.5433018316215));
#3399=CARTESIAN_POINT('Ctrl Pts',(-17.242625608615,-58.9272137956001,14.6149072673888));
#3400=CARTESIAN_POINT('Ctrl Pts',(-17.207603543223,-59.2152718474968,14.8371707468465));
#3401=CARTESIAN_POINT('Ctrl Pts',(-17.1689593046617,-59.375029156565,15.0080443712761));
#3402=CARTESIAN_POINT('Ctrl Pts',(-17.0937812619871,-59.622959008817,15.3606611497469));
#3403=CARTESIAN_POINT('Ctrl Pts',(-17.050747262938,-59.7306387718246,15.5718365684065));
#3404=CARTESIAN_POINT('Ctrl Pts',(-16.9885334088943,-59.8729152462391,16.0196376703845));
#3405=CARTESIAN_POINT('Ctrl Pts',(-16.9707612910877,-59.907409889997,16.2564902215647));
#3406=CARTESIAN_POINT('Ctrl Pts',(-16.9707612910877,-59.907409889997,16.6976133267643));
#3407=CARTESIAN_POINT('Ctrl Pts',(-16.9885334088943,-59.8729152462391,16.9344658779445));
#3408=CARTESIAN_POINT('Ctrl Pts',(-17.050747262938,-59.7306387718246,17.3822669799226));
#3409=CARTESIAN_POINT('Ctrl Pts',(-17.0937812619871,-59.622959008817,17.5934423985821));
#3410=CARTESIAN_POINT('Ctrl Pts',(-17.1689593046617,-59.375029156565,17.946059177053));
#3411=CARTESIAN_POINT('Ctrl Pts',(-17.207603543223,-59.2152718474968,18.1169328014825));
#3412=CARTESIAN_POINT('Ctrl Pts',(-17.2426263520781,-58.927207680583,18.3392009992426));
#3413=CARTESIAN_POINT('Ctrl Pts',(-17.2500000000815,-58.8149752498679,18.4107984502147));
#3414=CARTESIAN_POINT('Ctrl Pts',(-17.25,-58.6999999980498,18.4709188375844));
#3415=CARTESIAN_POINT('Ctrl Pts',(-17.2484707183327,-58.6083009789166,14.4378592533335));
#3416=CARTESIAN_POINT('Ctrl Pts',(-17.2494943507077,-58.6389820437272,14.452166068815));
#3417=CARTESIAN_POINT('Ctrl Pts',(-17.2499999999997,-58.669583026801,14.4672797218931));
#3418=CARTESIAN_POINT('Ctrl Pts',(-17.25,-58.6999999999696,14.4831847117486));
#3419=CARTESIAN_POINT('',(-18.5,-58.6083009789136,14.4378592533321));
#3420=CARTESIAN_POINT('',(-12.,-58.6083009789136,14.4378592533321));
#3421=CARTESIAN_POINT('',(-18.5,-55.45,16.9127599076018));
#3422=CARTESIAN_POINT('Origin',(-18.5,-57.657409889997,16.4770517741645));
#3423=CARTESIAN_POINT('',(-18.5,-55.45,16.0413436407273));
#3424=CARTESIAN_POINT('Origin',(-20.707409889997,-57.657409889997,16.4770517741645));
#3425=CARTESIAN_POINT('Origin',(-18.5,-57.657409889997,16.4770517741645));
#3426=CARTESIAN_POINT('Origin',(12.,-60.1931194604412,11.0392050519446));
#3427=CARTESIAN_POINT('',(12.,-59.845643923739,8.81619791039211));
#3428=CARTESIAN_POINT('Ctrl Pts',(12.,-59.845643923739,8.81619791039211));
#3429=CARTESIAN_POINT('Ctrl Pts',(12.0665759212793,-59.9909244945599,8.79348928144764));
#3430=CARTESIAN_POINT('Ctrl Pts',(12.1466431357611,-60.1307228465062,8.78662931829479));
#3431=CARTESIAN_POINT('Ctrl Pts',(12.4820905632577,-60.6199472967326,8.80011921602957));
#3432=CARTESIAN_POINT('Ctrl Pts',(12.823730462491,-60.9249538957203,8.89933425492661));
#3433=CARTESIAN_POINT('Ctrl Pts',(13.2244985437518,-61.1363221604206,8.99644048566229));
#3434=CARTESIAN_POINT('Ctrl Pts',(13.2319006361432,-61.1401831302309,8.99822777626234));
#3435=CARTESIAN_POINT('Ctrl Pts',(13.2393206455923,-61.1440105493574,9.000012531112));
#3436=CARTESIAN_POINT('Origin',(12.,-60.1931194604412,11.0392050519446));
#3437=CARTESIAN_POINT('Origin',(12.,-57.657409889997,16.4770517741645));
#3438=CARTESIAN_POINT('',(17.2484707183327,-58.6083009789151,14.4378592533328));
#3439=CARTESIAN_POINT('Ctrl Pts',(12.,-57.554356076261,18.7246905154827));
#3440=CARTESIAN_POINT('Ctrl Pts',(12.066719935938,-57.4087612396903,18.7180150195976));
#3441=CARTESIAN_POINT('Ctrl Pts',(12.1456243440467,-57.2712370437221,18.6972188529045));
#3442=CARTESIAN_POINT('Ctrl Pts',(12.4840052263878,-56.775845879028,18.5822850648287));
#3443=CARTESIAN_POINT('Ctrl Pts',(12.8247881900967,-56.4752100098926,18.4092172985464));
#3444=CARTESIAN_POINT('Ctrl Pts',(13.4080111334792,-56.1665358345937,18.1672839937197));
#3445=CARTESIAN_POINT('Ctrl Pts',(13.6145228673652,-56.0869996353849,18.0902568813014));
#3446=CARTESIAN_POINT('Ctrl Pts',(14.0453893112725,-55.9787558416263,17.9772983135259));
#3447=CARTESIAN_POINT('Ctrl Pts',(14.2700026340034,-55.95,17.9424020625053));
#3448=CARTESIAN_POINT('Ctrl Pts',(14.7299973659966,-55.95,17.9424020625053));
#3449=CARTESIAN_POINT('Ctrl Pts',(14.9546106887276,-55.9787558416263,17.9772983135259));
#3450=CARTESIAN_POINT('Ctrl Pts',(15.3854771326348,-56.0869996353849,18.0902568813014));
#3451=CARTESIAN_POINT('Ctrl Pts',(15.5919888665208,-56.1665358345937,18.1672839937197));
#3452=CARTESIAN_POINT('Ctrl Pts',(16.1752118099033,-56.4752100098926,18.4092172985464));
#3453=CARTESIAN_POINT('Ctrl Pts',(16.5159947736122,-56.7758458790279,18.5822850648287));
#3454=CARTESIAN_POINT('Ctrl Pts',(16.894993781481,-57.3307021659052,18.7110151259065));
#3455=CARTESIAN_POINT('Ctrl Pts',(17.0078099387668,-57.5465844041913,18.7355527637524));
#3456=CARTESIAN_POINT('Ctrl Pts',(17.1690397979607,-57.9959369813035,18.7127862010688));
#3457=CARTESIAN_POINT('Ctrl Pts',(17.21757223272,-58.2293184615781,18.6645782260776));
#3458=CARTESIAN_POINT('Ctrl Pts',(17.2569041562111,-58.6413862560104,18.5119977054412));
#3459=CARTESIAN_POINT('Ctrl Pts',(17.2521920181072,-58.8485296503019,18.3999083901731));
#3460=CARTESIAN_POINT('Ctrl Pts',(17.207603543223,-59.2152718474968,18.1169328014825));
#3461=CARTESIAN_POINT('Ctrl Pts',(17.1689593046617,-59.375029156565,17.946059177053));
#3462=CARTESIAN_POINT('Ctrl Pts',(17.0937812619871,-59.622959008817,17.5934423985822));
#3463=CARTESIAN_POINT('Ctrl Pts',(17.050747262938,-59.7306387718246,17.3822669799226));
#3464=CARTESIAN_POINT('Ctrl Pts',(16.9885334088943,-59.8729152462391,16.9344658779445));
#3465=CARTESIAN_POINT('Ctrl Pts',(16.9707612910877,-59.907409889997,16.6976133267643));
#3466=CARTESIAN_POINT('Ctrl Pts',(16.9707612910877,-59.907409889997,16.2564902215647));
#3467=CARTESIAN_POINT('Ctrl Pts',(16.9885334088943,-59.8729152462391,16.0196376703845));
#3468=CARTESIAN_POINT('Ctrl Pts',(17.050747262938,-59.7306387718246,15.5718365684065));
#3469=CARTESIAN_POINT('Ctrl Pts',(17.0937812619871,-59.622959008817,15.3606611497469));
#3470=CARTESIAN_POINT('Ctrl Pts',(17.1689593046617,-59.375029156565,15.0080443712761));
#3471=CARTESIAN_POINT('Ctrl Pts',(17.207603543223,-59.2152718474968,14.8371707468465));
#3472=CARTESIAN_POINT('Ctrl Pts',(17.2459929684429,-58.8995171106333,14.5935367084698));
#3473=CARTESIAN_POINT('Ctrl Pts',(17.253363440267,-58.7549492507358,14.506242465538));
#3474=CARTESIAN_POINT('Ctrl Pts',(17.2484707183327,-58.6083009789166,14.4378592533335));
#3475=CARTESIAN_POINT('Ctrl Pts',(17.2484707183327,-58.6083009789166,14.4378592533335));
#3476=CARTESIAN_POINT('Ctrl Pts',(17.2465862900997,-58.5518195055261,14.4115215097476));
#3477=CARTESIAN_POINT('Ctrl Pts',(17.2429371046811,-58.4950579911345,14.387923392475));
#3478=CARTESIAN_POINT('Ctrl Pts',(17.21757223272,-58.2293184615781,14.2895253222515));
#3479=CARTESIAN_POINT('Ctrl Pts',(17.1690397979607,-57.9959369813035,14.2413173472603));
#3480=CARTESIAN_POINT('Ctrl Pts',(17.0078099387668,-57.5465844041913,14.2185507845766));
#3481=CARTESIAN_POINT('Ctrl Pts',(16.894993781481,-57.3307021659052,14.2430884224226));
#3482=CARTESIAN_POINT('Ctrl Pts',(16.5159947736122,-56.7758458790279,14.3718184835004));
#3483=CARTESIAN_POINT('Ctrl Pts',(16.1752118099033,-56.4752100098926,14.5448862497827));
#3484=CARTESIAN_POINT('Ctrl Pts',(15.5919888665208,-56.1665358345936,14.7868195546094));
#3485=CARTESIAN_POINT('Ctrl Pts',(15.3854771326348,-56.0869996353849,14.8638466670277));
#3486=CARTESIAN_POINT('Ctrl Pts',(14.9546106887275,-55.9787558416263,14.9768052348032));
#3487=CARTESIAN_POINT('Ctrl Pts',(14.7299973659966,-55.95,15.0117014858238));
#3488=CARTESIAN_POINT('Ctrl Pts',(14.5,-55.95,15.0117014858238));
#3489=CARTESIAN_POINT('Ctrl Pts',(14.2700026340034,-55.95,15.0117014858238));
#3490=CARTESIAN_POINT('Ctrl Pts',(14.0453893112725,-55.9787558416263,14.9768052348032));
#3491=CARTESIAN_POINT('Ctrl Pts',(13.6145228673652,-56.0869996353849,14.8638466670277));
#3492=CARTESIAN_POINT('Ctrl Pts',(13.4080111334792,-56.1665358345936,14.7868195546094));
#3493=CARTESIAN_POINT('Ctrl Pts',(12.8247881900967,-56.4752100098926,14.5448862497827));
#3494=CARTESIAN_POINT('Ctrl Pts',(12.4840052263878,-56.7758458790279,14.3718184835004));
#3495=CARTESIAN_POINT('Ctrl Pts',(12.145624344068,-57.2712370436908,14.2568846954319));
#3496=CARTESIAN_POINT('Ctrl Pts',(12.0667199359196,-57.4087612397304,14.2360885287296));
#3497=CARTESIAN_POINT('Ctrl Pts',(12.,-57.554356076261,14.2294130328463));
#3498=CARTESIAN_POINT('',(18.5,-58.6083009789136,14.4378592533321));
#3499=CARTESIAN_POINT('',(12.,-58.6083009789136,14.4378592533321));
#3500=CARTESIAN_POINT('',(18.5,-55.45,16.0413436407273));
#3501=CARTESIAN_POINT('Origin',(18.5,-57.657409889997,16.4770517741645));
#3502=CARTESIAN_POINT('',(18.5,-55.45,16.9127599076018));
#3503=CARTESIAN_POINT('Origin',(20.707409889997,-57.657409889997,16.4770517741645));
#3504=CARTESIAN_POINT('Origin',(18.5,-57.657409889997,16.4770517741645));
#3505=CARTESIAN_POINT('Origin',(-11.375,-60.1931194604412,11.0392050519446));
#3506=CARTESIAN_POINT('Ctrl Pts',(-12.,-59.8456439237389,8.81619791039211));
#3507=CARTESIAN_POINT('Ctrl Pts',(-11.9941394683404,-59.8328551951948,8.82412859411288));
#3508=CARTESIAN_POINT('Ctrl Pts',(-11.9884587420371,-59.8201993512663,8.83198640853253));
#3509=CARTESIAN_POINT('Ctrl Pts',(-11.9301392072071,-59.6876810540035,8.91441542820479));
#3510=CARTESIAN_POINT('Ctrl Pts',(-11.8787902975302,-59.5411620902042,9.00762731942419));
#3511=CARTESIAN_POINT('Ctrl Pts',(-11.8084880815467,-59.2819631181535,9.18615120993922));
#3512=CARTESIAN_POINT('Ctrl Pts',(-11.7790925953176,-59.119408809961,9.30905264379478));
#3513=CARTESIAN_POINT('Ctrl Pts',(-11.7410951339958,-58.7620287778901,9.62206371354489));
#3514=CARTESIAN_POINT('Ctrl Pts',(-11.7501153849493,-58.5397447633469,9.8694347444512));
#3515=CARTESIAN_POINT('Ctrl Pts',(-11.786658223807,-58.2253084682231,10.4250035626094));
#3516=CARTESIAN_POINT('Ctrl Pts',(-11.8088122118698,-58.1343072485714,10.7341919331692));
#3517=CARTESIAN_POINT('Ctrl Pts',(-11.8088122118698,-58.1343072485714,11.34421817072));
#3518=CARTESIAN_POINT('Ctrl Pts',(-11.786658223807,-58.2253084682231,11.6534065412798));
#3519=CARTESIAN_POINT('Ctrl Pts',(-11.7501153849493,-58.5397447633469,12.2089753594381));
#3520=CARTESIAN_POINT('Ctrl Pts',(-11.7410951339958,-58.7620287778901,12.4563463903444));
#3521=CARTESIAN_POINT('Ctrl Pts',(-11.7790925953176,-59.119408809961,12.7693574600945));
#3522=CARTESIAN_POINT('Ctrl Pts',(-11.8084880815467,-59.2819631181535,12.89225889395));
#3523=CARTESIAN_POINT('Ctrl Pts',(-11.8787902975302,-59.5411620902041,13.0707827844651));
#3524=CARTESIAN_POINT('Ctrl Pts',(-11.9301392072071,-59.6876810540035,13.1639946756845));
#3525=CARTESIAN_POINT('Ctrl Pts',(-11.9884587420371,-59.8201993512663,13.2464236953567));
#3526=CARTESIAN_POINT('Ctrl Pts',(-11.9941394683404,-59.8328551951948,13.2542815097764));
#3527=CARTESIAN_POINT('Ctrl Pts',(-12.,-59.8456439237389,13.2622121934971));
#3528=CARTESIAN_POINT('',(-10.75,-60.6157377221819,10.132897264908));
#3529=CARTESIAN_POINT('',(-11.375,-60.8798741357698,9.56645489801008));
#3530=CARTESIAN_POINT('Origin',(-10.75,-60.1931194604412,11.0392050519446));
#3531=CARTESIAN_POINT('Origin',(-9.99999999999999,-60.1931194604412,11.0392050519446));
#3532=CARTESIAN_POINT('',(-9.99999999999999,-60.6157377221819,10.132897264908));
#3533=CARTESIAN_POINT('Origin',(-9.99999999999986,-60.1931194604412,11.0392050519446));
#3534=CARTESIAN_POINT('',(-9.99999999999999,-60.6157377221819,10.132897264908));
#3535=CARTESIAN_POINT('Origin',(-9.99999999999999,-57.657409889997,16.4770517741645));
#3536=CARTESIAN_POINT('',(-9.99999999999999,-58.0800281517377,15.5707439871279));
#3537=CARTESIAN_POINT('Origin',(-9.99999999999986,-57.657409889997,16.4770517741645));
#3538=CARTESIAN_POINT('',(-9.99999999999999,-58.0800281517377,15.5707439871279));
#3539=CARTESIAN_POINT('Origin',(11.375,-60.1931194604412,11.0392050519446));
#3540=CARTESIAN_POINT('',(10.75,-60.6157377221819,10.132897264908));
#3541=CARTESIAN_POINT('Origin',(10.75,-60.1931194604412,11.0392050519446));
#3542=CARTESIAN_POINT('',(11.375,-60.8798741357698,9.56645489801008));
#3543=CARTESIAN_POINT('',(11.75,-58.7000000180331,9.70856821773544));
#3544=CARTESIAN_POINT('Ctrl Pts',(11.75,-58.7000000280891,9.70856822668668));
#3545=CARTESIAN_POINT('Ctrl Pts',(11.7500000009438,-58.7923968661357,9.60488891040442));
#3546=CARTESIAN_POINT('Ctrl Pts',(11.7548208254733,-58.8911239302976,9.50899580787462));
#3547=CARTESIAN_POINT('Ctrl Pts',(11.7790925953176,-59.119408809961,9.30905264379479));
#3548=CARTESIAN_POINT('Ctrl Pts',(11.8084880815467,-59.2819631181535,9.18615120993923));
#3549=CARTESIAN_POINT('Ctrl Pts',(11.8787902975302,-59.5411620902042,9.0076273194242));
#3550=CARTESIAN_POINT('Ctrl Pts',(11.9301392072071,-59.6876810540035,8.9144154282048));
#3551=CARTESIAN_POINT('Ctrl Pts',(11.9884587420371,-59.8201993512663,8.83198640853253));
#3552=CARTESIAN_POINT('Ctrl Pts',(11.9941394683404,-59.8328551951948,8.82412859411288));
#3553=CARTESIAN_POINT('Ctrl Pts',(12.,-59.845643923739,8.81619791039211));
#3554=CARTESIAN_POINT('',(11.75,-58.7000000180331,12.3698418861538));
#3555=CARTESIAN_POINT('Ctrl Pts',(11.75,-58.7000000280891,12.3698418772026));
#3556=CARTESIAN_POINT('Ctrl Pts',(11.749999998777,-58.5802695261098,12.2354912127666));
#3557=CARTESIAN_POINT('Ctrl Pts',(11.7580739129808,-58.4712648601129,12.0879801069901));
#3558=CARTESIAN_POINT('Ctrl Pts',(11.786658223807,-58.2253084682231,11.6534065412798));
#3559=CARTESIAN_POINT('Ctrl Pts',(11.8088122118698,-58.1343072485714,11.34421817072));
#3560=CARTESIAN_POINT('Ctrl Pts',(11.8088122118698,-58.1343072485714,10.7341919331692));
#3561=CARTESIAN_POINT('Ctrl Pts',(11.786658223807,-58.2253084682231,10.4250035626094));
#3562=CARTESIAN_POINT('Ctrl Pts',(11.7580739129808,-58.4712648601129,9.99042999689918));
#3563=CARTESIAN_POINT('Ctrl Pts',(11.749999998777,-58.5802695261098,9.8429188911227));
#3564=CARTESIAN_POINT('Ctrl Pts',(11.75,-58.7000000280891,9.70856822668668));
#3565=CARTESIAN_POINT('Ctrl Pts',(12.,-59.845643923739,13.2622121934971));
#3566=CARTESIAN_POINT('Ctrl Pts',(11.9941394683404,-59.8328551951948,13.2542815097764));
#3567=CARTESIAN_POINT('Ctrl Pts',(11.9884587420371,-59.8201993512663,13.2464236953567));
#3568=CARTESIAN_POINT('Ctrl Pts',(11.9301392072071,-59.6876810540035,13.1639946756845));
#3569=CARTESIAN_POINT('Ctrl Pts',(11.8787902975302,-59.5411620902041,13.0707827844651));
#3570=CARTESIAN_POINT('Ctrl Pts',(11.8084880815467,-59.2819631181535,12.89225889395));
#3571=CARTESIAN_POINT('Ctrl Pts',(11.7790925953176,-59.119408809961,12.7693574600945));
#3572=CARTESIAN_POINT('Ctrl Pts',(11.7548208254733,-58.8911239302976,12.5694142960146));
#3573=CARTESIAN_POINT('Ctrl Pts',(11.7500000009438,-58.7923968661357,12.4735211934848));
#3574=CARTESIAN_POINT('Ctrl Pts',(11.75,-58.7000000280891,12.3698418772026));
#3575=CARTESIAN_POINT('Origin',(10.,-60.1931194604412,11.0392050519446));
#3576=CARTESIAN_POINT('',(10.,-60.6157377221819,10.132897264908));
#3577=CARTESIAN_POINT('Origin',(10.0000000000001,-60.1931194604412,11.0392050519446));
#3578=CARTESIAN_POINT('',(10.,-60.6157377221819,10.132897264908));
#3579=CARTESIAN_POINT('Origin',(10.,-57.657409889997,16.4770517741645));
#3580=CARTESIAN_POINT('',(10.,-58.0800281517377,15.5707439871279));
#3581=CARTESIAN_POINT('Origin',(10.0000000000001,-57.657409889997,16.4770517741645));
#3582=CARTESIAN_POINT('',(10.,-58.0800281517377,15.5707439871279));
#3583=CARTESIAN_POINT('Origin',(-12.,-57.657409889997,16.4770517741645));
#3584=CARTESIAN_POINT('Ctrl Pts',(-12.,-59.8456439237389,17.0006277606015));
#3585=CARTESIAN_POINT('Ctrl Pts',(-12.0192086459833,-59.8875606257466,16.8254410517162));
#3586=CARTESIAN_POINT('Ctrl Pts',(-12.0292387089123,-59.907409889997,16.6463654998142));
#3587=CARTESIAN_POINT('Ctrl Pts',(-12.0292387089123,-59.907409889997,16.3077380485149));
#3588=CARTESIAN_POINT('Ctrl Pts',(-12.0192086459833,-59.8875606257466,16.1286624966129));
#3589=CARTESIAN_POINT('Ctrl Pts',(-12.,-59.8456439237389,15.9534757877275));
#3590=CARTESIAN_POINT('Origin',(12.,-57.657409889997,16.4770517741645));
#3591=CARTESIAN_POINT('Ctrl Pts',(12.,-59.845643923739,15.9534757877276));
#3592=CARTESIAN_POINT('Ctrl Pts',(12.0192086459833,-59.8875606257466,16.1286624966129));
#3593=CARTESIAN_POINT('Ctrl Pts',(12.0292387089123,-59.907409889997,16.3077380485149));
#3594=CARTESIAN_POINT('Ctrl Pts',(12.0292387089123,-59.907409889997,16.6463654998141));
#3595=CARTESIAN_POINT('Ctrl Pts',(12.0192086459833,-59.8875606257466,16.8254410517161));
#3596=CARTESIAN_POINT('Ctrl Pts',(12.,-59.845643923739,17.0006277606014));
#3597=CARTESIAN_POINT('Origin',(-18.5,-60.95,6.00000000000001));
#3598=CARTESIAN_POINT('',(-18.5,-60.95,6.00000000000001));
#3599=CARTESIAN_POINT('',(-18.5,-60.95,9.87500000000001));
#3600=CARTESIAN_POINT('',(-16.,-63.45,6.2112907568009));
#3601=CARTESIAN_POINT('',(-18.4145727137281,-61.0354272862718,6.00721999838718));
#3602=CARTESIAN_POINT('',(-16.,-63.45,22.3318860134547));
#3603=CARTESIAN_POINT('',(-16.,-63.45,6.00000000000001));
#3604=CARTESIAN_POINT('',(-16.8950603749741,-62.5549396250259,26.369242458141));
#3605=CARTESIAN_POINT('',(-14.8529530535647,-64.5970469464353,17.1578915980699));
#3606=CARTESIAN_POINT('',(-18.027854362551,-61.4221456374491,27.527854362551));
#3607=CARTESIAN_POINT('',(-14.4203440460323,-65.0296559539677,23.8381239757035));
#3608=CARTESIAN_POINT('',(-18.5,-60.95,28.));
#3609=CARTESIAN_POINT('',(-14.8333333333333,-64.6166666666667,24.3333333333333));
#3610=CARTESIAN_POINT('',(-18.5,-60.95,9.87500000000001));
#3611=CARTESIAN_POINT('Origin',(-18.5,-67.8317377771457,13.75));
#3612=CARTESIAN_POINT('',(-18.5,-55.45,-6.3934223731909E-15));
#3613=CARTESIAN_POINT('',(-18.5,-55.45,19.375));
#3614=CARTESIAN_POINT('',(-18.5,-60.6396969619669,3.68532023590525E-16));
#3615=CARTESIAN_POINT('',(-18.5,-60.3568542494923,0.));
#3616=CARTESIAN_POINT('',(-18.5,-60.6396969619669,-0.606558154317351));
#3617=CARTESIAN_POINT('',(-18.5,-60.6396969619669,6.875));
#3618=CARTESIAN_POINT('',(-18.5,-61.7651504801059,-3.02010101267767));
#3619=CARTESIAN_POINT('',(-18.5,-62.6883925402678,-5.00000000000001));
#3620=CARTESIAN_POINT('',(-18.5,-72.7527388069532,-4.49859018393763));
#3621=CARTESIAN_POINT('',(-18.5,-63.7016922927272,-3.28068195314273));
#3622=CARTESIAN_POINT('',(-18.5,-75.0809769236773,-2.00186047807592));
#3623=CARTESIAN_POINT('',(-18.5,-79.2904122752751,2.51220627984935));
#3624=CARTESIAN_POINT('',(-18.5,-71.5902413437383,5.48404613077149));
#3625=CARTESIAN_POINT('',(-18.5,-72.3589596656303,3.83552436955171));
#3626=CARTESIAN_POINT('',(-18.5,-74.1675248508505,9.99598692426181));
#3627=CARTESIAN_POINT('',(-18.5,-73.3374851730233,8.54287170730201));
#3628=CARTESIAN_POINT('',(-18.5,-64.8755002232649,29.922798043661));
#3629=CARTESIAN_POINT('',(-18.5,-67.9314926052246,23.3692012315249));
#3630=CARTESIAN_POINT('',(-18.5,-60.3568542494872,32.5));
#3631=CARTESIAN_POINT('',(-18.5,-69.4708338059785,27.3018574415115));
#3632=CARTESIAN_POINT('',(-18.5,-60.3568542494872,30.));
#3633=CARTESIAN_POINT('',(-18.5,-60.3568542494872,21.875));
#3634=CARTESIAN_POINT('',(-18.5,-55.45,30.));
#3635=CARTESIAN_POINT('',(-18.5,-59.7868351313977,30.));
#3636=CARTESIAN_POINT('',(-18.5,-55.45,19.375));
#3637=CARTESIAN_POINT('',(-18.5,-61.4274654355884,28.));
#3638=CARTESIAN_POINT('',(-18.5,-64.3908688885729,28.));
#3639=CARTESIAN_POINT('',(-18.5,-63.5880664021107,27.9513056165192));
#3640=CARTESIAN_POINT('',(-18.5,-64.7884735880592,27.9242515289067));
#3641=CARTESIAN_POINT('',(-18.5,-71.9173826569903,10.0890292648188));
#3642=CARTESIAN_POINT('',(-18.5,-66.6867472141484,21.3061631706548));
#3643=CARTESIAN_POINT('',(-18.5,-69.3400991498785,5.57708847132928));
#3644=CARTESIAN_POINT('',(-18.5,-72.2031851679007,10.5893715842804));
#3645=CARTESIAN_POINT('',(-18.5,-72.6982421157694,-1.62447235908365));
#3646=CARTESIAN_POINT('',(-18.5,-67.6401944418655,9.22254588186964));
#3647=CARTESIAN_POINT('',(-18.5,-71.9950028584125,-2.37860413433422));
#3648=CARTESIAN_POINT('',(-18.5,-75.400738805928,1.27360053038769));
#3649=CARTESIAN_POINT('',(-18.5,-63.1156229235534,-1.18379534730352));
#3650=CARTESIAN_POINT('',(-18.5,-68.8845572536547,-1.96006277588241));
#3651=CARTESIAN_POINT('',(-18.5,-61.6309947711074,2.00000000000001));
#3652=CARTESIAN_POINT('',(-18.5,-60.6767988533949,4.04627974905604));
#3653=CARTESIAN_POINT('',(-18.5,-60.7462896230535,7.19654590953929));
#3654=CARTESIAN_POINT('Origin',(18.5,-67.8317377771457,13.75));
#3655=CARTESIAN_POINT('',(18.5,-55.45,30.));
#3656=CARTESIAN_POINT('',(18.5,-55.45,19.375));
#3657=CARTESIAN_POINT('',(18.5,-60.3568542494924,30.));
#3658=CARTESIAN_POINT('',(18.5,-59.7868351313977,30.));
#3659=CARTESIAN_POINT('',(18.5,-60.3568542494924,32.5));
#3660=CARTESIAN_POINT('',(18.5,-60.3568542494924,21.875));
#3661=CARTESIAN_POINT('',(18.5,-64.8755002232649,29.922798043661));
#3662=CARTESIAN_POINT('',(18.5,-69.4708338059785,27.3018574415115));
#3663=CARTESIAN_POINT('',(18.5,-74.1675248508505,9.99598692426181));
#3664=CARTESIAN_POINT('',(18.5,-67.9314926052246,23.3692012315249));
#3665=CARTESIAN_POINT('',(18.5,-71.5902413437383,5.48404613077149));
#3666=CARTESIAN_POINT('',(18.5,-73.3374851730233,8.54287170730201));
#3667=CARTESIAN_POINT('',(18.5,-75.0809769236773,-2.0018604780759));
#3668=CARTESIAN_POINT('',(18.5,-72.3589596656303,3.83552436955171));
#3669=CARTESIAN_POINT('',(18.5,-72.7527388069531,-4.49859018393763));
#3670=CARTESIAN_POINT('',(18.5,-79.2904122752751,2.51220627984937));
#3671=CARTESIAN_POINT('',(18.5,-61.7651504801059,-3.02010101267767));
#3672=CARTESIAN_POINT('',(18.5,-63.7016922927272,-3.28068195314273));
#3673=CARTESIAN_POINT('',(18.5,-60.6396969619669,-0.606558154317362));
#3674=CARTESIAN_POINT('',(18.5,-62.6883925402678,-5.00000000000001));
#3675=CARTESIAN_POINT('',(18.5,-60.6396969619669,3.68532023590526E-16));
#3676=CARTESIAN_POINT('',(18.5,-60.6396969619669,6.875));
#3677=CARTESIAN_POINT('',(18.5,-55.45,-6.3934223731909E-15));
#3678=CARTESIAN_POINT('',(18.5,-60.3568542494923,0.));
#3679=CARTESIAN_POINT('',(18.5,-55.45,19.375));
#3680=CARTESIAN_POINT('',(18.5,-60.95,6.00000000000001));
#3681=CARTESIAN_POINT('',(18.5,-60.95,9.87500000000001));
#3682=CARTESIAN_POINT('',(18.5,-61.6309947711074,2.00000000000001));
#3683=CARTESIAN_POINT('',(18.5,-60.7462896230535,7.19654590953929));
#3684=CARTESIAN_POINT('',(18.5,-63.1156229235534,-1.18379534730352));
#3685=CARTESIAN_POINT('',(18.5,-60.6767988533949,4.04627974905604));
#3686=CARTESIAN_POINT('',(18.5,-71.9950028584125,-2.37860413433422));
#3687=CARTESIAN_POINT('',(18.5,-68.8845572536547,-1.96006277588241));
#3688=CARTESIAN_POINT('',(18.5,-72.6982421157694,-1.62447235908365));
#3689=CARTESIAN_POINT('',(18.5,-75.400738805928,1.27360053038769));
#3690=CARTESIAN_POINT('',(18.5,-69.3400991498785,5.57708847132928));
#3691=CARTESIAN_POINT('',(18.5,-67.6401944418655,9.22254588186964));
#3692=CARTESIAN_POINT('',(18.5,-71.9173826569903,10.0890292648188));
#3693=CARTESIAN_POINT('',(18.5,-72.2031851679007,10.5893715842804));
#3694=CARTESIAN_POINT('',(18.5,-63.5880664021107,27.9513056165192));
#3695=CARTESIAN_POINT('',(18.5,-66.6867472141484,21.3061631706548));
#3696=CARTESIAN_POINT('',(18.5,-61.4274654355884,28.));
#3697=CARTESIAN_POINT('',(18.5,-64.7884735880592,27.9242515289067));
#3698=CARTESIAN_POINT('',(18.5,-60.95,28.));
#3699=CARTESIAN_POINT('',(18.5,-64.3908688885729,28.));
#3700=CARTESIAN_POINT('',(18.5,-60.95,9.87500000000001));
#3701=CARTESIAN_POINT('Origin',(-9.99999999999986,-61.7036305634794,30.));
#3702=CARTESIAN_POINT('',(-9.99999999999999,-60.0976802775362,25.0942867254299));
#3703=CARTESIAN_POINT('',(-9.99999999999991,-67.8072784920758,8.56100000000001));
#3704=CARTESIAN_POINT('',(-9.99999999999981,-63.4341978651305,17.9391016684289));
#3705=CARTESIAN_POINT('',(-9.99999999999982,-62.9271197418535,8.56100000000001));
#3706=CARTESIAN_POINT('',(-9.9999999999998,-63.9760499766858,8.56100000000001));
#3707=CARTESIAN_POINT('',(-9.99999999999982,-62.9271197418535,2.47155048397692E-15));
#3708=CARTESIAN_POINT('',(-9.99999999999982,-62.9271197418535,15.));
#3709=CARTESIAN_POINT('',(-10.,-55.45,-7.27081849907146E-15));
#3710=CARTESIAN_POINT('',(-9.99999999999987,-61.030242406486,0.));
#3711=CARTESIAN_POINT('',(-10.,-55.45,30.));
#3712=CARTESIAN_POINT('',(-10.,-55.45,27.5));
#3713=CARTESIAN_POINT('',(-9.99999999999986,-61.7036305634794,30.));
#3714=CARTESIAN_POINT('',(-9.99999999999999,-56.7227815245647,30.));
#3715=CARTESIAN_POINT('',(-9.99999999999986,-61.7036305634794,26.1389370036956));
#3716=CARTESIAN_POINT('',(-9.99999999999986,-61.7036305634794,30.));
#3717=CARTESIAN_POINT('',(-9.99999999999985,-61.7830645742062,26.190607819496));
#3718=CARTESIAN_POINT('Origin',(10.0000000000001,-52.95,30.));
#3719=CARTESIAN_POINT('',(10.0000000000003,-67.8072784920787,8.56100000000001));
#3720=CARTESIAN_POINT('',(10.,-60.0976802775362,25.0942867254299));
#3721=CARTESIAN_POINT('',(10.0000000000002,-58.519871689874,28.4779081609149));
#3722=CARTESIAN_POINT('',(10.0000000000003,-61.7036305634793,26.1389370036955));
#3723=CARTESIAN_POINT('',(10.0000000000002,-58.7692273223693,24.2301449388348));
#3724=CARTESIAN_POINT('',(10.0000000000003,-61.7036305634793,30.));
#3725=CARTESIAN_POINT('',(10.0000000000003,-61.7036305634793,30.));
#3726=CARTESIAN_POINT('',(10.0000000000002,-55.45,30.));
#3727=CARTESIAN_POINT('',(10.0000000000001,-52.3459662428247,30.));
#3728=CARTESIAN_POINT('',(10.0000000000003,-55.45,-6.3934223731909E-15));
#3729=CARTESIAN_POINT('',(10.0000000000002,-55.45,27.5));
#3730=CARTESIAN_POINT('',(10.0000000000003,-62.9271197418539,3.34894660985807E-15));
#3731=CARTESIAN_POINT('',(10.0000000000003,-66.3034049821804,7.7481026671245E-15));
#3732=CARTESIAN_POINT('',(10.0000000000004,-62.9271197418539,8.56100000000001));
#3733=CARTESIAN_POINT('',(10.0000000000004,-62.9271197418539,15.));
#3734=CARTESIAN_POINT('',(10.0000000000003,-59.5992346949461,8.56100000000001));
#3735=CARTESIAN_POINT('Origin',(-11.2500000000001,-54.2,27.5));
#3736=CARTESIAN_POINT('',(-11.5000000000001,-53.95,24.));
#3737=CARTESIAN_POINT('',(-12.5000000000001,-52.95,25.));
#3738=CARTESIAN_POINT('',(-10.0833333333333,-55.3666666666667,22.5833333333333));
#3739=CARTESIAN_POINT('',(-12.5000000000001,-52.95,30.));
#3740=CARTESIAN_POINT('',(-12.5000000000001,-52.95,27.5));
#3741=CARTESIAN_POINT('',(-9.05201687858757,-56.3979831214124,30.));
#3742=CARTESIAN_POINT('',(-12.5000000000001,-52.95,-9.65081603525676E-15));
#3743=CARTESIAN_POINT('',(-6.89828643762688,-58.5517135623731,-2.22044604925031E-15));
#3744=CARTESIAN_POINT('',(-12.5000000000001,-52.95,4.99999999999999));
#3745=CARTESIAN_POINT('',(-12.5000000000001,-52.95,13.75));
#3746=CARTESIAN_POINT('',(-11.5000000000001,-53.95,5.99999999999998));
#3747=CARTESIAN_POINT('',(-6.24999999999996,-59.2,11.2499999999999));
#3748=CARTESIAN_POINT('',(-11.5000000000001,-53.95,16.75));
#3749=CARTESIAN_POINT('Origin',(0.,-53.95,5.99999999999998));
#3750=CARTESIAN_POINT('',(-17.,-53.95,5.99999999999998));
#3751=CARTESIAN_POINT('',(0.,-53.95,5.99999999999998));
#3752=CARTESIAN_POINT('',(-17.,-53.95,24.));
#3753=CARTESIAN_POINT('',(-17.,-53.95,12.6875));
#3754=CARTESIAN_POINT('',(0.,-53.95,24.));
#3755=CARTESIAN_POINT('Origin',(0.,-52.95,4.99999999999999));
#3756=CARTESIAN_POINT('',(-16.,-52.95,4.99999999999999));
#3757=CARTESIAN_POINT('',(0.,-52.95,4.99999999999999));
#3758=CARTESIAN_POINT('',(-16.1458333333333,-53.0958333333333,5.14583333333331));
#3759=CARTESIAN_POINT('Origin',(0.,-52.95,-9.65081603525676E-15));
#3760=CARTESIAN_POINT('',(-16.,-52.95,-9.65081603525676E-15));
#3761=CARTESIAN_POINT('',(0.,-52.95,-9.65081603525676E-15));
#3762=CARTESIAN_POINT('',(-16.,-52.95,9.6875));
#3763=CARTESIAN_POINT('Origin',(0.,-60.3568542494923,0.));
#3764=CARTESIAN_POINT('',(-12.7,-65.3357000656915,6.48722432243607E-15));
#3765=CARTESIAN_POINT('',(-5.91161400052294,-59.2800063808926,-1.40308696887435E-15));
#3766=CARTESIAN_POINT('',(-12.7,-71.5264928953046,4.15843960767646E-15));
#3767=CARTESIAN_POINT('',(-12.7,-61.5062088191231,1.49756011623262E-15));
#3768=CARTESIAN_POINT('',(4.44089209850063E-15,-74.9294476391798,4.93583754506405E-15));
#3769=CARTESIAN_POINT('',(-6.82157417371086,-73.101612348225,1.66058777021497E-14));
#3770=CARTESIAN_POINT('',(12.7,-71.5264928953046,4.15843960767646E-15));
#3771=CARTESIAN_POINT('',(6.82157417371086,-73.101612348225,1.66058777021497E-14));
#3772=CARTESIAN_POINT('',(12.7,-65.3357000656915,6.48722432243606E-15));
#3773=CARTESIAN_POINT('',(12.7,-65.9416735723985,7.27678202648693E-15));
#3774=CARTESIAN_POINT('',(7.26161400052301,-60.4842965428116,1.66051887414924E-16));
#3775=CARTESIAN_POINT('',(12.5000000000001,-52.95,-9.65081603525676E-15));
#3776=CARTESIAN_POINT('',(6.89828643762708,-58.5517135623732,-2.22044604925031E-15));
#3777=CARTESIAN_POINT('',(16.,-52.95,-9.65081603525676E-15));
#3778=CARTESIAN_POINT('',(0.,-52.95,-9.65081603525676E-15));
#3779=CARTESIAN_POINT('',(14.4767135623731,-51.4267135623731,-1.22124532708767E-14));
#3780=CARTESIAN_POINT('',(14.6999999999999,-64.439696961967,5.31977038993071E-15));
#3781=CARTESIAN_POINT('',(14.0164213562373,-65.1232756057296,6.2104442866171E-15));
#3782=CARTESIAN_POINT('',(14.7,-73.2682021073445,1.68229370723581E-14));
#3783=CARTESIAN_POINT('',(14.6999999999999,-62.3568542494923,2.60591492965269E-15));
#3784=CARTESIAN_POINT('',(7.2280144832367E-16,-77.207055236082,2.19550951593012E-14));
#3785=CARTESIAN_POINT('',(9.38215702783395,-74.6931138372119,1.86795364475074E-14));
#3786=CARTESIAN_POINT('',(-14.7,-73.2682021073445,1.68229370723581E-14));
#3787=CARTESIAN_POINT('',(-2.13215702783396,-76.6357454823376,2.12107028509318E-14));
#3788=CARTESIAN_POINT('',(-14.6999999999999,-64.439696961967,5.31977038993071E-15));
#3789=CARTESIAN_POINT('',(-14.7,-66.7357954796205,8.31148909348401E-15));
#3790=CARTESIAN_POINT('',(-12.0164213562373,-67.1232756057297,8.81635921626982E-15));
#3791=CARTESIAN_POINT('',(-14.4767135623731,-51.4267135623731,-1.22124532708767E-14));
#3792=CARTESIAN_POINT('',(-17.25,-58.7,0.));
#3793=CARTESIAN_POINT('Origin',(-14.5,-58.7,0.));
#3794=CARTESIAN_POINT('',(11.75,-58.7,0.));
#3795=CARTESIAN_POINT('Origin',(14.5,-58.7,0.));
#3796=CARTESIAN_POINT('Origin',(-17.25,-54.2,19.375));
#3797=CARTESIAN_POINT('',(-16.,-52.95,30.));
#3798=CARTESIAN_POINT('',(-12.3229831214124,-49.2729831214124,30.));
#3799=CARTESIAN_POINT('',(-16.,-52.95,25.));
#3800=CARTESIAN_POINT('',(-16.,-52.95,19.375));
#3801=CARTESIAN_POINT('',(-15.0208333333333,-51.9708333333334,25.9791666666667));
#3802=CARTESIAN_POINT('Origin',(-2.22044604925031E-15,-51.7419324856496,
30.));
#3803=CARTESIAN_POINT('',(-1.11022302462516E-15,-52.95,30.));
#3804=CARTESIAN_POINT('',(-16.2989638415415,-62.5578904079455,30.));
#3805=CARTESIAN_POINT('',(-16.2989638415415,-62.5578904079455,30.));
#3806=CARTESIAN_POINT('',(3.33077132433952E-15,-63.9838649712993,30.));
#3807=CARTESIAN_POINT('',(3.33077132433952E-15,-63.9838649712993,30.));
#3808=CARTESIAN_POINT('',(16.2989638415474,-62.557890407945,30.));
#3809=CARTESIAN_POINT('',(3.33077132433952E-15,-63.9838649712993,30.));
#3810=CARTESIAN_POINT('',(16.2989638415474,-62.557890407945,30.));
#3811=CARTESIAN_POINT('',(16.,-52.95,30.));
#3812=CARTESIAN_POINT('',(12.3229831214124,-49.2729831214124,30.));
#3813=CARTESIAN_POINT('',(12.5000000000001,-52.95,30.));
#3814=CARTESIAN_POINT('',(-1.11022302462516E-15,-52.95,30.));
#3815=CARTESIAN_POINT('',(9.05201687858776,-56.3979831214124,30.));
#3816=CARTESIAN_POINT('',(-1.85268467234323E-13,-62.5785171987386,30.));
#3817=CARTESIAN_POINT('',(5.47043829689046,-62.0999158632426,30.));
#3818=CARTESIAN_POINT('',(-0.470438296890392,-62.5373591808723,30.));
#3819=CARTESIAN_POINT('',(-17.25,-58.7,30.));
#3820=CARTESIAN_POINT('Origin',(-14.5,-58.7,30.));
#3821=CARTESIAN_POINT('',(11.75,-58.7,30.));
#3822=CARTESIAN_POINT('Origin',(14.5,-58.7,30.));
#3823=CARTESIAN_POINT('Origin',(11.2500000000001,-54.2,27.5));
#3824=CARTESIAN_POINT('',(12.5000000000001,-52.95,25.));
#3825=CARTESIAN_POINT('',(12.5000000000001,-52.95,27.5));
#3826=CARTESIAN_POINT('',(11.5000000000001,-53.95,24.));
#3827=CARTESIAN_POINT('',(10.0833333333335,-55.3666666666666,22.5833333333333));
#3828=CARTESIAN_POINT('',(11.5000000000001,-53.95,5.99999999999998));
#3829=CARTESIAN_POINT('',(11.5000000000001,-53.95,16.75));
#3830=CARTESIAN_POINT('',(12.5000000000001,-52.95,4.99999999999999));
#3831=CARTESIAN_POINT('',(6.2500000000002,-59.2000000000001,11.25));
#3832=CARTESIAN_POINT('',(12.5000000000001,-52.95,13.75));
#3833=CARTESIAN_POINT('Origin',(0.,-53.95,24.));
#3834=CARTESIAN_POINT('',(16.,-52.95,25.));
#3835=CARTESIAN_POINT('',(0.,-52.95,25.));
#3836=CARTESIAN_POINT('',(17.,-53.95,24.));
#3837=CARTESIAN_POINT('',(15.0208333333333,-51.9708333333334,25.9791666666667));
#3838=CARTESIAN_POINT('',(0.,-53.95,24.));
#3839=CARTESIAN_POINT('Origin',(0.,-52.95,25.));
#3840=CARTESIAN_POINT('',(16.,-52.95,19.375));
#3841=CARTESIAN_POINT('Origin',(17.25,-54.2,19.375));
#3842=CARTESIAN_POINT('',(16.,-52.95,4.99999999999999));
#3843=CARTESIAN_POINT('',(16.,-52.95,9.6875));
#3844=CARTESIAN_POINT('',(17.,-53.95,5.99999999999998));
#3845=CARTESIAN_POINT('',(16.1458333333333,-53.0958333333333,5.14583333333331));
#3846=CARTESIAN_POINT('',(17.,-53.95,12.6875));
#3847=CARTESIAN_POINT('Origin',(0.,-53.95,5.99999999999998));
#3848=CARTESIAN_POINT('',(0.,-53.95,5.99999999999998));
#3849=CARTESIAN_POINT('Origin',(0.,-52.95,4.99999999999999));
#3850=CARTESIAN_POINT('',(0.,-52.95,4.99999999999999));
#3851=CARTESIAN_POINT('Origin',(0.,-52.95,-9.65081603525676E-15));
#3852=CARTESIAN_POINT('Origin',(11.35,-68.8874811425984,7.21100000000001));
#3853=CARTESIAN_POINT('',(12.7,-65.3357000656915,5.86100000000001));
#3854=CARTESIAN_POINT('',(13.4043759843204,-65.9640504865871,5.15662401567958));
#3855=CARTESIAN_POINT('',(12.7,-71.5264928953046,5.86100000000001));
#3856=CARTESIAN_POINT('',(12.7,-68.8874811425984,5.86100000000001));
#3857=CARTESIAN_POINT('',(10.51748100242,-72.1112970981717,8.04351899758));
#3858=CARTESIAN_POINT('',(10.34849090173,-72.1565778591805,8.21250909827002));
#3859=CARTESIAN_POINT('',(9.51548974183421,-63.7774857919822,9.04551025816576));
#3860=CARTESIAN_POINT('Origin',(4.44089209850063E-15,-74.9294476391798,
4.93583754506405E-15));
#3861=CARTESIAN_POINT('',(10.5472024697368,-72.1033332550063,8.56100000000001));
#3862=CARTESIAN_POINT('',(10.7611477473516,-72.046006790645,12.2860050794237));
#3863=CARTESIAN_POINT('',(12.7,-71.5264928953046,4.15843960767646E-15));
#3864=CARTESIAN_POINT('',(-6.01635700066232E-15,-74.9294476391798,7.53769663860874));
#3865=CARTESIAN_POINT('',(4.44089209850063E-15,-74.9294476391798,4.93583754506405E-15));
#3866=CARTESIAN_POINT('',(10.1198699457653,-72.217836659704,8.56100000000001));
#3867=CARTESIAN_POINT('',(10.0267256406514,-72.2427946010389,8.55158141250547));
#3868=CARTESIAN_POINT('',(9.99999999999986,-72.2499557148686,8.56100000000001));
#3869=CARTESIAN_POINT('Origin',(12.7,-71.5264928953046,4.15843960767646E-15));
#3870=CARTESIAN_POINT('',(12.7,-65.3357000656915,4.15843960767646E-15));
#3871=CARTESIAN_POINT('Origin',(-11.35,-64.452016389323,7.21100000000001));
#3872=CARTESIAN_POINT('',(-12.7,-71.5264928953046,5.86100000000001));
#3873=CARTESIAN_POINT('',(-10.51748100242,-72.1112970981717,8.04351899757999));
#3874=CARTESIAN_POINT('',(-13.22195008217,-71.3866367922978,5.33904991783001));
#3875=CARTESIAN_POINT('',(-12.7,-65.3357000656915,5.86100000000001));
#3876=CARTESIAN_POINT('',(-12.7,-64.452016389323,5.86100000000001));
#3877=CARTESIAN_POINT('',(-11.8296212874535,-64.5592641244594,6.73137871254644));
#3878=CARTESIAN_POINT('',(-9.86376158782983,-66.6741496272427,8.69723841217013));
#3879=CARTESIAN_POINT('Origin',(-8.66862493352244,-61.7394442645328,4.15843960767646E-15));
#3880=CARTESIAN_POINT('',(-12.7,-65.3357000656915,4.15843960767646E-15));
#3881=CARTESIAN_POINT('Origin',(-12.7,-62.6555633887538,4.15843960767646E-15));
#3882=CARTESIAN_POINT('',(-12.7,-71.5264928953046,4.15843960767646E-15));
#3883=CARTESIAN_POINT('Origin',(11.3686249335226,-64.1480245883708,4.15843960767646E-15));
#3884=CARTESIAN_POINT('Origin',(11.3499999999999,-66.2484693898922,8.56100000000001));
#3885=CARTESIAN_POINT('',(10.5303524556718,-71.9710447746301,8.56100000000001));
#3886=CARTESIAN_POINT('',(9.42992641159705,-63.3316639067533,8.56100000000001));
#3887=CARTESIAN_POINT('',(12.6968189272425,-70.6685134083355,8.56100000000001));
#3888=CARTESIAN_POINT('Origin',(-11.3499999999999,-66.2484693898922,8.56100000000001));
#3889=CARTESIAN_POINT('',(-10.5472024697368,-72.1033332550063,8.56100000000001));
#3890=CARTESIAN_POINT('',(-10.5303524556717,-71.97104477463,8.56100000000001));
#3891=CARTESIAN_POINT('',(-9.94790543402957,-67.3982870846224,8.56100000000001));
#3892=CARTESIAN_POINT('',(-10.1198699457652,-72.217836659704,8.56100000000001));
#3893=CARTESIAN_POINT('',(-8.85978068904545,-72.9754324050092,8.56100000000001));
#3894=CARTESIAN_POINT('',(-9.99999999999985,-72.2499557148686,8.56100000000001));
#3895=CARTESIAN_POINT('Origin',(10.,-68.3628799793038,7.36950876559561));
#3896=CARTESIAN_POINT('',(-4.3545247035138E-15,-76.8705551879524,8.12664435886018));
#3897=CARTESIAN_POINT('',(-1.11022302462516E-14,-68.9888801306212,5.73528043896147));
#3898=CARTESIAN_POINT('',(10.9925389371891,-75.1154536929866,9.59934937596471));
#3899=CARTESIAN_POINT('',(9.43588680752335,-75.3639934066532,9.39079979389415));
#3900=CARTESIAN_POINT('',(9.84321066204616,-67.2961897746342,7.01726542284829));
#3901=CARTESIAN_POINT('Origin',(-8.55942333083584E-15,-69.1080700001538,
5.77144360878823));
#3902=CARTESIAN_POINT('',(-5.23880553351744,-73.5257139271701,8.06743539423048));
#3903=CARTESIAN_POINT('',(-10.9925389371891,-75.1154536929866,9.59934937596472));
#3904=CARTESIAN_POINT('',(-9.91859333273474,-67.8090432471645,7.1866203308739));
#3905=CARTESIAN_POINT('',(1.90467237045255,-77.1746608494291,7.87146941047622));
#3906=CARTESIAN_POINT('Origin',(-10.,-68.3628799793038,7.36950876559562));
#3907=CARTESIAN_POINT('',(-10.9967766209003,-66.1463080028007,28.9050917138553));
#3908=CARTESIAN_POINT('',(-9.83209780952582,-59.078818254551,24.4523750958728));
#3909=CARTESIAN_POINT('',(-10.9023829138667,-66.1463080028007,27.3158415895386));
#3910=CARTESIAN_POINT('',(-10.1647701593829,-66.1463080028007,14.8970988724553));
#3911=CARTESIAN_POINT('',(-10.9023829138667,-73.9526726954448,10.575038482142));
#3912=CARTESIAN_POINT('',(-10.9023829138667,-73.1723359289164,12.2484760782901));
#3913=CARTESIAN_POINT('',(-10.66586654933,-70.9022194461079,13.1346726785841));
#3914=CARTESIAN_POINT('',(-10.2679064967632,-72.1781703854138,3.69817278741501));
#3915=CARTESIAN_POINT('Origin',(10.,-60.0976802775362,25.0942867254299));
#3916=CARTESIAN_POINT('',(10.9023829138667,-73.9526726954448,10.575038482142));
#3917=CARTESIAN_POINT('',(10.1647701593829,-64.4393638464988,18.5576524285681));
#3918=CARTESIAN_POINT('',(10.9023829138668,-66.1463080028007,27.3158415895387));
#3919=CARTESIAN_POINT('',(10.9023829138668,-66.9266447693291,25.6424039933905));
#3920=CARTESIAN_POINT('',(10.9967766209003,-66.1463080028007,28.9050917138553));
#3921=CARTESIAN_POINT('',(10.66586654933,-66.1463080028007,23.3337576820869));
#3922=CARTESIAN_POINT('',(9.91367493359367,-59.5738435631688,24.7642549140996));
#3923=CARTESIAN_POINT('Origin',(-9.99999999999999,-60.0976802775362,25.0942867254299));
#3924=CARTESIAN_POINT('',(8.4950934645463E-15,-62.5785171987386,27.9495472816255));
#3925=CARTESIAN_POINT('',(-4.98000399597571,-62.1428233047769,27.0478626397009));
#3926=CARTESIAN_POINT('',(1.99693440354406E-14,-66.1463080028007,30.270349917224));
#3927=CARTESIAN_POINT('',(-1.11022302462516E-15,-59.591850694601,26.0067586274912));
#3928=CARTESIAN_POINT('',(-8.98959654649111,-66.1463080028007,29.1542846507216));
#3929=CARTESIAN_POINT('Origin',(-2.58407307446544E-15,-59.6534905854405,
26.0468545941481));
#3930=CARTESIAN_POINT('',(4.95257865810041,-62.1452227109344,27.0528282995642));
#3931=CARTESIAN_POINT('',(-2.55821003504305,-66.1463080028007,30.5879536439056));
#3932=CARTESIAN_POINT('Origin',(-9.99999999999985,-72.2499557148686,4.93583754506405E-15));
#3933=CARTESIAN_POINT('Origin',(-6.66666666666667,-66.1463080028007,22.6422458113874));
#3934=CARTESIAN_POINT('',(15.0507037645421,-66.1463080028007,28.5210657841501));
#3935=CARTESIAN_POINT('',(-0.509770404986575,-66.1463080028007,24.0002341937755));
#3936=CARTESIAN_POINT('',(4.68102048292837,-66.1463080028007,32.5));
#3937=CARTESIAN_POINT('',(4.79613046279259,-66.1463080028007,32.4558313378501));
#3938=CARTESIAN_POINT('',(-4.68102048292837,-66.1463080028007,32.5));
#3939=CARTESIAN_POINT('',(-3.33333333333333,-66.1463080028007,32.5));
#3940=CARTESIAN_POINT('',(-15.0507037645421,-66.1463080028007,28.5210657841501));
#3941=CARTESIAN_POINT('',(-10.6072183960406,-66.1463080028007,30.2260682890682));
#3942=CARTESIAN_POINT('',(-4.42388728986356,-66.1463080028007,25.4336246753233));
#3943=CARTESIAN_POINT('Origin',(6.2636234099356,-67.4201950825225,23.2362691122864));
#3944=CARTESIAN_POINT('',(15.0507037645469,-74.8759279924405,9.80033530295038));
#3945=CARTESIAN_POINT('',(4.42388728986355,-72.5108108875656,11.784904193342));
#3946=CARTESIAN_POINT('',(15.0507037645434,-68.4182291636638,23.6489151318276));
#3947=CARTESIAN_POINT('Origin',(6.66666666666667,-70.3724906202077,13.5791679410209));
#3948=CARTESIAN_POINT('',(-15.0507037645469,-74.8759279924405,9.80033530295038));
#3949=CARTESIAN_POINT('',(0.509770404986562,-71.4127700743562,12.7062698347236));
#3950=CARTESIAN_POINT('',(0.,-79.2998966482868,6.08818483548996));
#3951=CARTESIAN_POINT('',(-6.28278826520899,-77.4531485631855,7.63779047257575));
#3952=CARTESIAN_POINT('',(12.0938761984566,-75.7450509701938,9.07105453286989));
#3953=CARTESIAN_POINT('Origin',(-6.26362340993561,-71.6463776999295,14.1731912419199));
#3954=CARTESIAN_POINT('',(-15.0507037645445,-70.5313204723674,19.1173761966444));
#3955=CARTESIAN_POINT('Origin',(0.,-52.95,32.5));
#3956=CARTESIAN_POINT('',(16.2411077985004,-64.0779060970795,32.5));
#3957=CARTESIAN_POINT('',(5.49809429718465,-66.00011213175,32.5));
#3958=CARTESIAN_POINT('',(16.6497190635618,-63.4048046087517,32.5));
#3959=CARTESIAN_POINT('',(16.2989638415474,-62.557890407945,32.5));
#3960=CARTESIAN_POINT('',(14.6261954831468,-64.2306587663456,32.5));
#3961=CARTESIAN_POINT('',(3.33077132433952E-15,-63.9838649712993,32.5));
#3962=CARTESIAN_POINT('',(0.479002636222265,-63.9419576708308,32.5));
#3963=CARTESIAN_POINT('',(-16.2989638415415,-62.5578904079455,32.5));
#3964=CARTESIAN_POINT('',(-8.62848455699303,-63.2289703891539,32.5));
#3965=CARTESIAN_POINT('',(-15.7267135623714,-63.1301406871156,32.5));
#3966=CARTESIAN_POINT('',(-16.2411077985004,-64.0779060970795,32.5));
#3967=CARTESIAN_POINT('',(-16.6497190635618,-63.4048046087517,32.5));
#3968=CARTESIAN_POINT('',(-5.49809429718465,-66.00011213175,32.5));
#3969=CARTESIAN_POINT('Origin',(9.25,-69.2909542857795,24.0031286241361));
#3970=CARTESIAN_POINT('',(0.,-82.7134755542914,-1.23225875214119));
#3971=CARTESIAN_POINT('',(0.,-70.6504159663345,24.6370560167472));
#3972=CARTESIAN_POINT('',(5.00000000000074,-82.1170764252833,-1.87181851677543));
#3973=CARTESIAN_POINT('',(3.69843227871791,-82.2723271963469,-1.70533244767962));
#3974=CARTESIAN_POINT('',(13.4362030508578,-79.6703355306572,0.138192586378586));
#3975=CARTESIAN_POINT('',(11.1856921830732,-80.3230482428589,-0.39801449692014));
#3976=CARTESIAN_POINT('',(13.4362030508581,-76.1795999507179,7.62409919522601));
#3977=CARTESIAN_POINT('',(13.4362030508582,-75.1150427750924,9.90704942563258));
#3978=CARTESIAN_POINT('',(16.9367756635999,-74.7886644412344,9.26377102807229));
#3979=CARTESIAN_POINT('',(18.3068897254886,-64.8073147558246,30.1431202781305));
#3980=CARTESIAN_POINT('Origin',(-18.5,-61.4274654355884,28.));
#3981=CARTESIAN_POINT('',(-18.2186132991903,-63.4069330243877,27.6739297416474));
#3982=CARTESIAN_POINT('',(-18.4986551509139,-61.4274502827942,27.9986551509139));
#3983=CARTESIAN_POINT('Origin',(-18.5,-63.5880664021107,27.9513056165192));
#3984=CARTESIAN_POINT('',(-16.,-69.1047049146656,10.205332190516));
#3985=CARTESIAN_POINT('',(-16.250821092173,-69.3868964759698,10.1936636997775));
#3986=CARTESIAN_POINT('',(-16.,-61.3222969345191,26.8947599621674));
#3987=CARTESIAN_POINT('Origin',(-18.5,-71.9173826569903,10.0890292648188));
#3988=CARTESIAN_POINT('',(-16.,-66.5274214075538,5.69339139702645));
#3989=CARTESIAN_POINT('',(-19.0929864799176,-70.007251099304,5.54950204632399));
#3990=CARTESIAN_POINT('',(-16.,-69.7465741305823,11.3290253703266));
#3991=CARTESIAN_POINT('Origin',(-18.5,-69.3400991498785,5.57708847132928));
#3992=CARTESIAN_POINT('',(-17.6344741526394,-71.6670828339444,-1.46115277334636));
#3993=CARTESIAN_POINT('',(-17.4083997258707,-71.3977451310247,-1.41849387201114));
#3994=CARTESIAN_POINT('',(-16.,-68.9223834261381,0.55737877381543));
#3995=CARTESIAN_POINT('',(-16.,-67.0743296822869,4.52054281697745));
#3996=CARTESIAN_POINT('',(-16.2982314339284,-69.4231901466179,0.189070987015869));
#3997=CARTESIAN_POINT('Origin',(-18.5,-72.6982421157694,-1.62447235908365));
#3998=CARTESIAN_POINT('',(-18.3824636230291,-71.9504720893665,-2.25401639458465));
#3999=CARTESIAN_POINT('Origin',(-18.5,-71.9950028584125,-2.37860413433422));
#4000=CARTESIAN_POINT('',(-16.,-64.8037134778629,1.11158673441403));
#4001=CARTESIAN_POINT('',(-17.4345864604709,-63.8350287365585,-0.20558288800176));
#4002=CARTESIAN_POINT('',(-16.,-72.3283979477743,0.099065681115255));
#4003=CARTESIAN_POINT('Origin',(-18.5,-63.1156229235534,-1.18379534730352));
#4004=CARTESIAN_POINT('',(-16.,-64.039033761275,2.75144767861));
#4005=CARTESIAN_POINT('',(-18.3828038188433,-61.7438799605971,2.03522671930886));
#4006=CARTESIAN_POINT('',(-16.,-65.381392391145,-0.127249692951679));
#4007=CARTESIAN_POINT('Origin',(-18.5,-61.6309947711074,2.00000000000001));
#4008=CARTESIAN_POINT('',(-16.,-63.4145382761582,6.41958441981444));
#4009=CARTESIAN_POINT('Origin',(-18.5,-60.95,28.));
#4010=CARTESIAN_POINT('Origin',(-16.,-60.95,28.));
#4011=CARTESIAN_POINT('Origin',(18.5,-61.4274654355884,28.));
#4012=CARTESIAN_POINT('',(16.8950603749741,-62.5549396250259,26.369242458141));
#4013=CARTESIAN_POINT('',(18.2186132991903,-63.4069330243877,27.6739297416474));
#4014=CARTESIAN_POINT('',(18.027854362551,-61.4221456374491,27.527854362551));
#4015=CARTESIAN_POINT('',(14.4203440460323,-65.0296559539677,23.8381239757035));
#4016=CARTESIAN_POINT('',(18.4986551509139,-61.4274502827942,27.9986551509139));
#4017=CARTESIAN_POINT('Origin',(18.5,-63.5880664021107,27.9513056165192));
#4018=CARTESIAN_POINT('',(16.,-69.1047049146656,10.205332190516));
#4019=CARTESIAN_POINT('',(16.250821092173,-69.3868964759698,10.1936636997775));
#4020=CARTESIAN_POINT('',(16.,-63.45,22.3318860134547));
#4021=CARTESIAN_POINT('',(16.,-61.3222969345191,26.8947599621674));
#4022=CARTESIAN_POINT('',(14.8529530535647,-64.5970469464353,17.1578915980699));
#4023=CARTESIAN_POINT('Origin',(18.5,-71.9173826569903,10.0890292648188));
#4024=CARTESIAN_POINT('',(16.,-66.5274214075538,5.69339139702645));
#4025=CARTESIAN_POINT('',(19.0929864799176,-70.007251099304,5.54950204632399));
#4026=CARTESIAN_POINT('',(16.,-69.7465741305823,11.3290253703266));
#4027=CARTESIAN_POINT('Origin',(18.5,-69.3400991498785,5.57708847132928));
#4028=CARTESIAN_POINT('',(17.6344741526394,-71.6670828339444,-1.46115277334636));
#4029=CARTESIAN_POINT('',(17.4083997258707,-71.3977451310247,-1.41849387201114));
#4030=CARTESIAN_POINT('',(16.,-68.9223834261381,0.55737877381543));
#4031=CARTESIAN_POINT('',(16.2982314339284,-69.4231901466179,0.189070987015869));
#4032=CARTESIAN_POINT('',(16.,-67.0743296822869,4.52054281697745));
#4033=CARTESIAN_POINT('Origin',(18.5,-72.6982421157694,-1.62447235908365));
#4034=CARTESIAN_POINT('',(18.3824636230291,-71.9504720893665,-2.25401639458465));
#4035=CARTESIAN_POINT('Origin',(18.5,-71.9950028584125,-2.37860413433422));
#4036=CARTESIAN_POINT('',(16.,-64.8037134778629,1.11158673441403));
#4037=CARTESIAN_POINT('',(17.4345864604709,-63.8350287365585,-0.20558288800176));
#4038=CARTESIAN_POINT('',(16.,-72.3283979477743,0.099065681115255));
#4039=CARTESIAN_POINT('Origin',(18.5,-63.1156229235534,-1.18379534730352));
#4040=CARTESIAN_POINT('',(16.,-64.039033761275,2.75144767861));
#4041=CARTESIAN_POINT('',(18.3828038188433,-61.7438799605971,2.03522671930886));
#4042=CARTESIAN_POINT('',(16.,-65.381392391145,-0.127249692951679));
#4043=CARTESIAN_POINT('Origin',(18.5,-61.6309947711074,2.00000000000001));
#4044=CARTESIAN_POINT('',(16.,-63.45,6.2112907568009));
#4045=CARTESIAN_POINT('',(18.4145727137281,-61.0354272862718,6.00721999838718));
#4046=CARTESIAN_POINT('',(16.,-63.4145382761582,6.41958441981444));
#4047=CARTESIAN_POINT('Origin',(18.5,-60.95,6.00000000000001));
#4048=CARTESIAN_POINT('',(14.8333333333333,-64.6166666666667,24.3333333333333));
#4049=CARTESIAN_POINT('',(16.,-63.45,6.00000000000001));
#4050=CARTESIAN_POINT('Origin',(18.5,-60.95,28.));
#4051=CARTESIAN_POINT('Origin',(16.,-60.95,28.));
#4052=CARTESIAN_POINT('Origin',(-1.84297022087776E-13,-62.5785171987386,
30.));
#4053=CARTESIAN_POINT('',(-1.85268467234323E-13,-62.5785171987386,30.));
#4054=CARTESIAN_POINT('Origin',(10.0000000000003,-61.7036305634793,30.));
#4055=CARTESIAN_POINT('Origin',(0.,-53.95,24.));
#4056=CARTESIAN_POINT('',(0.,-52.95,25.));
#4057=CARTESIAN_POINT('Origin',(0.,-52.95,25.));
#4058=CARTESIAN_POINT('Origin',(5.,-82.7134755542916,-1.23225875214138));
#4059=CARTESIAN_POINT('',(17.9720608116131,-72.5555822586754,-4.99999999999999));
#4060=CARTESIAN_POINT('',(5.,-79.2000000000003,-4.99999999999999));
#4061=CARTESIAN_POINT('',(2.30677362912541,-80.5794971623959,-4.99999999999998));
#4062=CARTESIAN_POINT('',(15.7306345012526,-71.7185315447098,-7.1287928206829));
#4063=CARTESIAN_POINT('',(12.2536796564403,-80.7420656913708,0.637948567795037));
#4064=CARTESIAN_POINT('',(5.00000000000075,-82.7134755542914,-1.23225875214123));
#4065=CARTESIAN_POINT('Origin',(-18.5,-79.0148816512253,2.21673585996474));
#4066=CARTESIAN_POINT('',(-13.4362030508578,-79.6703355306573,0.138192586378572));
#4067=CARTESIAN_POINT('',(-5.,-82.1170764252836,-1.87181851677561));
#4068=CARTESIAN_POINT('',(-17.9324118353631,-78.3663060001318,1.2094600184772));
#4069=CARTESIAN_POINT('',(-16.1022937433688,-77.2540367750886,-0.988546027733562));
#4070=CARTESIAN_POINT('',(-17.9720608116131,-72.5555822586754,-4.99999999999999));
#4071=CARTESIAN_POINT('',(-19.5010407261038,-73.1265730260933,-3.54785256606865));
#4072=CARTESIAN_POINT('',(-5.,-79.2000000000003,-4.99999999999999));
#4073=CARTESIAN_POINT('',(-8.40426918811054,-77.4562996798879,-4.99999999999999));
#4074=CARTESIAN_POINT('',(-5.00000000000078,-82.7134755542915,-1.2322587521411));
#4075=CARTESIAN_POINT('Origin',(-9.25,-69.2909542857795,24.0031286241361));
#4076=CARTESIAN_POINT('',(-18.3068897254886,-64.8073147558246,30.1431202781305));
#4077=CARTESIAN_POINT('',(-13.4362030508581,-76.1795999507179,7.62409919522601));
#4078=CARTESIAN_POINT('',(-16.9367756635999,-74.7886644412344,9.26377102807229));
#4079=CARTESIAN_POINT('',(-13.4362030508582,-75.1150427750924,9.90704942563258));
#4080=CARTESIAN_POINT('',(-3.69843227871791,-82.2723271963469,-1.70533244767962));
#4081=CARTESIAN_POINT('Origin',(0.,-82.7134755542914,-1.23225875214119));
#4082=CARTESIAN_POINT('',(0.,-79.2,-4.99999999999999));
#4083=CARTESIAN_POINT('Origin',(0.,-79.2,-4.99999999999999));
#4084=CARTESIAN_POINT('',(-16.6443324042985,-62.6883925402678,-5.00000000000001));
#4085=CARTESIAN_POINT('',(-17.5341588274634,-69.3012555967857,-5.));
#4086=CARTESIAN_POINT('',(16.6443324042985,-62.6883925402678,-5.00000000000001));
#4087=CARTESIAN_POINT('',(0.,-62.6883925402678,-5.00000000000001));
#4088=CARTESIAN_POINT('',(17.5341588274634,-69.3012555967857,-5.));
#4089=CARTESIAN_POINT('Origin',(-17.5100505063388,-61.7651504801059,-4.01005050633884));
#4090=CARTESIAN_POINT('',(-13.655311761605,-64.1755067100788,-8.18912662874697));
#4091=CARTESIAN_POINT('Origin',(17.5100505063388,-61.7651504801059,-4.01005050633884));
#4092=CARTESIAN_POINT('',(13.655311761605,-64.1755067100788,-8.18912662874697));
#4093=CARTESIAN_POINT('Origin',(0.,-62.6883925402678,-5.00000000000001));
#4094=CARTESIAN_POINT('',(-17.3839197380094,-61.7557772239576,-3.));
#4095=CARTESIAN_POINT('',(-15.7429650106258,-63.3967319513412,-6.51903876911635));
#4096=CARTESIAN_POINT('',(17.3839197380094,-61.7557772239576,-3.));
#4097=CARTESIAN_POINT('',(0.,-61.7557772239576,-3.));
#4098=CARTESIAN_POINT('',(16.3491257312829,-62.7905712306841,-5.2191229087264));
#4099=CARTESIAN_POINT('Origin',(-16.3786796564403,-78.8875831695022,-5.14568236059762));
#4100=CARTESIAN_POINT('',(-16.3786796564405,-73.5128104899055,6.3805548469619));
#4101=CARTESIAN_POINT('Origin',(-16.3786796564405,-73.5128104899055,6.3805548469619));
#4102=CARTESIAN_POINT('Origin',(-18.5,-64.8755002232648,29.922798043661));
#4103=CARTESIAN_POINT('Origin',(18.5,-64.8755002232648,29.922798043661));
#4104=CARTESIAN_POINT('Origin',(16.3786796564403,-78.8875831695022,-5.14568236059762));
#4105=CARTESIAN_POINT('',(16.3786796564405,-73.5128104899055,6.3805548469619));
#4106=CARTESIAN_POINT('Origin',(16.3786796564405,-73.5128104899055,6.3805548469619));
#4107=CARTESIAN_POINT('Origin',(-14.5,-58.7,0.));
#4108=CARTESIAN_POINT('',(-17.25,-58.7,0.));
#4109=CARTESIAN_POINT('',(-17.25,-58.7,0.));
#4110=CARTESIAN_POINT('',(-17.25,-58.7,0.));
#4111=CARTESIAN_POINT('Origin',(14.5,-58.7,0.));
#4112=CARTESIAN_POINT('',(11.75,-58.7,0.));
#4113=CARTESIAN_POINT('',(11.75,-58.7,0.));
#4114=CARTESIAN_POINT('',(11.75,-58.7,0.));
#4115=CARTESIAN_POINT('Origin',(-16.2989638415415,-62.5578904079455,30.));
#4116=CARTESIAN_POINT('',(-16.2989638415415,-62.5578904079455,30.));
#4117=CARTESIAN_POINT('',(3.33077132433952E-15,-63.9838649712993,30.));
#4118=CARTESIAN_POINT('Origin',(-18.5,-60.3568542494872,30.));
#4119=CARTESIAN_POINT('Origin',(16.2989638415474,-62.557890407945,30.));
#4120=CARTESIAN_POINT('',(16.2989638415474,-62.557890407945,30.));
#4121=CARTESIAN_POINT('Origin',(3.33077132433952E-15,-63.9838649712993,
30.));
#4122=CARTESIAN_POINT('Origin',(18.6414213562373,-60.4982756057296,0.));
#4123=CARTESIAN_POINT('',(14.6999999999999,-64.439696961967,-3.));
#4124=CARTESIAN_POINT('',(14.6592514421272,-64.4804455198397,-3.));
#4125=CARTESIAN_POINT('',(14.7,-64.439696961967,0.));
#4126=CARTESIAN_POINT('Origin',(-14.6414213562373,-64.4982756057297,0.));
#4127=CARTESIAN_POINT('',(-14.7,-64.439696961967,-3.));
#4128=CARTESIAN_POINT('',(-14.7,-64.439696961967,0.));
#4129=CARTESIAN_POINT('',(-12.6592514421272,-66.4804455198398,-3.));
#4130=CARTESIAN_POINT('Origin',(-14.7,-73.1147367097487,0.));
#4131=CARTESIAN_POINT('',(-14.7,-73.2682021073445,-3.));
#4132=CARTESIAN_POINT('',(-14.7,-73.2682021073445,0.));
#4133=CARTESIAN_POINT('',(-14.7,-65.4501353078407,-3.));
#4134=CARTESIAN_POINT('Origin',(-0.0517638090205042,-77.1931851652578,0.));
#4135=CARTESIAN_POINT('',(7.1701903673708E-16,-77.207055236082,-3.));
#4136=CARTESIAN_POINT('',(0.,-77.207055236082,0.));
#4137=CARTESIAN_POINT('',(-2.45357207077891,-76.5496225811452,-3.));
#4138=CARTESIAN_POINT('Origin',(14.5517638090205,-73.3079218750065,0.));
#4139=CARTESIAN_POINT('',(14.7,-73.2682021073445,-3.));
#4140=CARTESIAN_POINT('',(14.7,-73.2682021073445,0.));
#4141=CARTESIAN_POINT('',(9.7035720707789,-74.6069909360196,-3.));
#4142=CARTESIAN_POINT('Origin',(14.7,-64.3568542494924,0.));
#4143=CARTESIAN_POINT('',(14.6999999999999,-61.0711940777125,-3.));
#4144=CARTESIAN_POINT('Origin',(0.,-57.7855339059328,-3.));
#4145=UNCERTAINTY_MEASURE_WITH_UNIT(LENGTH_MEASURE(0.01),#4149,
'DISTANCE_ACCURACY_VALUE',
'Maximum model space distance between geometric entities at asserted c
onnectivities');
#4146=UNCERTAINTY_MEASURE_WITH_UNIT(LENGTH_MEASURE(0.01),#4149,
'DISTANCE_ACCURACY_VALUE',
'Maximum model space distance between geometric entities at asserted c
onnectivities');
#4147=(
GEOMETRIC_REPRESENTATION_CONTEXT(3)
GLOBAL_UNCERTAINTY_ASSIGNED_CONTEXT((#4145))
GLOBAL_UNIT_ASSIGNED_CONTEXT((#4149,#4151,#4152))
REPRESENTATION_CONTEXT('','3D')
);
#4148=(
GEOMETRIC_REPRESENTATION_CONTEXT(3)
GLOBAL_UNCERTAINTY_ASSIGNED_CONTEXT((#4146))
GLOBAL_UNIT_ASSIGNED_CONTEXT((#4149,#4151,#4152))
REPRESENTATION_CONTEXT('','3D')
);
#4149=(
LENGTH_UNIT()
NAMED_UNIT(*)
SI_UNIT(.MILLI.,.METRE.)
);
#4150=(
LENGTH_UNIT()
NAMED_UNIT(*)
SI_UNIT($,.METRE.)
);
#4151=(
NAMED_UNIT(*)
PLANE_ANGLE_UNIT()
SI_UNIT($,.RADIAN.)
);
#4152=(
NAMED_UNIT(*)
SI_UNIT($,.STERADIAN.)
SOLID_ANGLE_UNIT()
);
#4153=SHAPE_DEFINITION_REPRESENTATION(#4154,#4155);
#4154=PRODUCT_DEFINITION_SHAPE('',$,#4157);
#4155=SHAPE_REPRESENTATION('',(#2387),#4147);
#4156=PRODUCT_DEFINITION_CONTEXT('part definition',#4161,'design');
#4157=PRODUCT_DEFINITION('2026-09-22-20-59-28-446',
'The Shard TPU - Frontend O3',#4158,#4156);
#4158=PRODUCT_DEFINITION_FORMATION('',$,#4163);
#4159=PRODUCT_RELATED_PRODUCT_CATEGORY('The Shard TPU - Frontend O3',
'The Shard TPU - Frontend O3',(#4163));
#4160=APPLICATION_PROTOCOL_DEFINITION('international standard',
'automotive_design',2009,#4161);
#4161=APPLICATION_CONTEXT(
'Core Data for Automotive Mechanical Design Process');
#4162=PRODUCT_CONTEXT('part definition',#4161,'mechanical');
#4163=PRODUCT('2026-09-22-20-59-28-446','The Shard TPU - Frontend O3',$,
(#4162));
#4164=PRESENTATION_STYLE_ASSIGNMENT((#4165));
#4165=SURFACE_STYLE_USAGE(.BOTH.,#4166);
#4166=SURFACE_SIDE_STYLE('',(#4167));
#4167=SURFACE_STYLE_FILL_AREA(#4168);
#4168=FILL_AREA_STYLE('Steel - Satin',(#4169));
#4169=FILL_AREA_STYLE_COLOUR('Steel - Satin',#4170);
#4170=COLOUR_RGB('Steel - Satin',0.627450980392157,0.627450980392157,0.627450980392157);
ENDSEC;
END-ISO-10303-21;
