ISO-10303-21;
HEADER;
/* Generated by software containing ST-Developer
 * from STEP Tools, Inc. (www.steptools.com) 
 */

FILE_DESCRIPTION(
/* description */ (''),
/* implementation_level */ '2;1');

FILE_NAME(
/* name */ 'The_Shard_TPU_-_Frontend_O3_cameraAngle_30.step',
/* time_stamp */ '2026-09-22T21:15:04+02:00',
/* author */ (''),
/* organization */ (''),
/* preprocessor_version */ 'ST-DEVELOPER v20.1',
/* originating_system */ 'Autodesk Translation Framework v15.8.0.0',
/* authorisation */ '');

FILE_SCHEMA (('AUTOMOTIVE_DESIGN { 1 0 10303 214 3 1 1 }'));
ENDSEC;

DATA;
#10=MECHANICAL_DESIGN_GEOMETRIC_PRESENTATION_REPRESENTATION('',(#13),#3971);
#11=SHAPE_REPRESENTATION_RELATIONSHIP('SRR','None',#3978,#12);
#12=ADVANCED_BREP_SHAPE_REPRESENTATION('',(#14),#3970);
#13=STYLED_ITEM('',(#3987),#14);
#14=MANIFOLD_SOLID_BREP('Frontend',#2297);
#15=FACE_BOUND('',#258,.T.);
#16=FACE_BOUND('',#259,.T.);
#17=FACE_BOUND('',#261,.T.);
#18=FACE_BOUND('',#262,.T.);
#19=FACE_BOUND('',#268,.T.);
#20=FACE_BOUND('',#269,.T.);
#21=FACE_BOUND('',#272,.T.);
#22=FACE_BOUND('',#273,.T.);
#23=FACE_BOUND('',#275,.T.);
#24=FACE_BOUND('',#276,.T.);
#25=FACE_BOUND('',#297,.T.);
#26=FACE_BOUND('',#298,.T.);
#27=FACE_BOUND('',#350,.T.);
#28=PLANE('',#2349);
#29=PLANE('',#2350);
#30=PLANE('',#2351);
#31=PLANE('',#2352);
#32=PLANE('',#2353);
#33=PLANE('',#2354);
#34=PLANE('',#2355);
#35=PLANE('',#2356);
#36=PLANE('',#2359);
#37=PLANE('',#2360);
#38=PLANE('',#2363);
#39=PLANE('',#2364);
#40=PLANE('',#2365);
#41=PLANE('',#2366);
#42=PLANE('',#2367);
#43=PLANE('',#2368);
#44=PLANE('',#2369);
#45=PLANE('',#2370);
#46=PLANE('',#2371);
#47=PLANE('',#2372);
#48=PLANE('',#2373);
#49=PLANE('',#2374);
#50=PLANE('',#2375);
#51=PLANE('',#2376);
#52=PLANE('',#2377);
#53=PLANE('',#2378);
#54=PLANE('',#2379);
#55=PLANE('',#2380);
#56=PLANE('',#2381);
#57=PLANE('',#2382);
#58=PLANE('',#2383);
#59=PLANE('',#2384);
#60=PLANE('',#2385);
#61=PLANE('',#2386);
#62=PLANE('',#2387);
#63=PLANE('',#2388);
#64=PLANE('',#2389);
#65=PLANE('',#2390);
#66=PLANE('',#2391);
#67=PLANE('',#2392);
#68=PLANE('',#2393);
#69=PLANE('',#2394);
#70=PLANE('',#2395);
#71=PLANE('',#2396);
#72=PLANE('',#2397);
#73=PLANE('',#2398);
#74=PLANE('',#2399);
#75=PLANE('',#2400);
#76=PLANE('',#2401);
#77=PLANE('',#2402);
#78=PLANE('',#2403);
#79=PLANE('',#2404);
#80=PLANE('',#2405);
#81=PLANE('',#2406);
#82=PLANE('',#2407);
#83=PLANE('',#2408);
#84=PLANE('',#2409);
#85=PLANE('',#2410);
#86=PLANE('',#2411);
#87=PLANE('',#2412);
#88=PLANE('',#2413);
#89=PLANE('',#2414);
#90=PLANE('',#2415);
#91=PLANE('',#2416);
#92=PLANE('',#2417);
#93=PLANE('',#2418);
#94=PLANE('',#2419);
#95=PLANE('',#2420);
#96=PLANE('',#2421);
#97=PLANE('',#2422);
#98=PLANE('',#2423);
#99=PLANE('',#2424);
#100=PLANE('',#2425);
#101=PLANE('',#2426);
#102=PLANE('',#2427);
#103=PLANE('',#2428);
#104=PLANE('',#2429);
#105=PLANE('',#2430);
#106=PLANE('',#2431);
#107=PLANE('',#2432);
#108=PLANE('',#2435);
#109=PLANE('',#2436);
#110=PLANE('',#2437);
#111=PLANE('',#2438);
#112=PLANE('',#2439);
#113=PLANE('',#2440);
#114=PLANE('',#2441);
#115=PLANE('',#2442);
#116=PLANE('',#2443);
#117=PLANE('',#2444);
#118=PLANE('',#2445);
#119=ELLIPSE('',#2321,3.18198051533946,2.25);
#120=ELLIPSE('',#2323,3.18198051533946,2.25);
#121=ELLIPSE('',#2329,3.18198051533946,2.25);
#122=ELLIPSE('',#2331,3.18198051533946,2.25);
#123=CYLINDRICAL_SURFACE('',#2319,2.25);
#124=CYLINDRICAL_SURFACE('',#2325,2.25);
#125=CYLINDRICAL_SURFACE('',#2327,2.25);
#126=CYLINDRICAL_SURFACE('',#2333,2.25);
#127=CYLINDRICAL_SURFACE('',#2337,1.);
#128=CYLINDRICAL_SURFACE('',#2339,1.);
#129=CYLINDRICAL_SURFACE('',#2343,1.);
#130=CYLINDRICAL_SURFACE('',#2345,1.);
#131=CYLINDRICAL_SURFACE('',#2347,2.25);
#132=CYLINDRICAL_SURFACE('',#2348,2.25);
#133=CYLINDRICAL_SURFACE('',#2433,2.75);
#134=CYLINDRICAL_SURFACE('',#2434,2.75);
#135=FACE_OUTER_BOUND('',#242,.T.);
#136=FACE_OUTER_BOUND('',#243,.T.);
#137=FACE_OUTER_BOUND('',#244,.T.);
#138=FACE_OUTER_BOUND('',#245,.T.);
#139=FACE_OUTER_BOUND('',#246,.T.);
#140=FACE_OUTER_BOUND('',#247,.T.);
#141=FACE_OUTER_BOUND('',#248,.T.);
#142=FACE_OUTER_BOUND('',#249,.T.);
#143=FACE_OUTER_BOUND('',#250,.T.);
#144=FACE_OUTER_BOUND('',#251,.T.);
#145=FACE_OUTER_BOUND('',#252,.T.);
#146=FACE_OUTER_BOUND('',#253,.T.);
#147=FACE_OUTER_BOUND('',#254,.T.);
#148=FACE_OUTER_BOUND('',#255,.T.);
#149=FACE_OUTER_BOUND('',#256,.T.);
#150=FACE_OUTER_BOUND('',#257,.T.);
#151=FACE_OUTER_BOUND('',#260,.T.);
#152=FACE_OUTER_BOUND('',#263,.T.);
#153=FACE_OUTER_BOUND('',#264,.T.);
#154=FACE_OUTER_BOUND('',#265,.T.);
#155=FACE_OUTER_BOUND('',#266,.T.);
#156=FACE_OUTER_BOUND('',#267,.T.);
#157=FACE_OUTER_BOUND('',#270,.T.);
#158=FACE_OUTER_BOUND('',#271,.T.);
#159=FACE_OUTER_BOUND('',#274,.T.);
#160=FACE_OUTER_BOUND('',#277,.T.);
#161=FACE_OUTER_BOUND('',#278,.T.);
#162=FACE_OUTER_BOUND('',#279,.T.);
#163=FACE_OUTER_BOUND('',#280,.T.);
#164=FACE_OUTER_BOUND('',#281,.T.);
#165=FACE_OUTER_BOUND('',#282,.T.);
#166=FACE_OUTER_BOUND('',#283,.T.);
#167=FACE_OUTER_BOUND('',#284,.T.);
#168=FACE_OUTER_BOUND('',#285,.T.);
#169=FACE_OUTER_BOUND('',#286,.T.);
#170=FACE_OUTER_BOUND('',#287,.T.);
#171=FACE_OUTER_BOUND('',#288,.T.);
#172=FACE_OUTER_BOUND('',#289,.T.);
#173=FACE_OUTER_BOUND('',#290,.T.);
#174=FACE_OUTER_BOUND('',#291,.T.);
#175=FACE_OUTER_BOUND('',#292,.T.);
#176=FACE_OUTER_BOUND('',#293,.T.);
#177=FACE_OUTER_BOUND('',#294,.T.);
#178=FACE_OUTER_BOUND('',#295,.T.);
#179=FACE_OUTER_BOUND('',#296,.T.);
#180=FACE_OUTER_BOUND('',#299,.T.);
#181=FACE_OUTER_BOUND('',#300,.T.);
#182=FACE_OUTER_BOUND('',#301,.T.);
#183=FACE_OUTER_BOUND('',#302,.T.);
#184=FACE_OUTER_BOUND('',#303,.T.);
#185=FACE_OUTER_BOUND('',#304,.T.);
#186=FACE_OUTER_BOUND('',#305,.T.);
#187=FACE_OUTER_BOUND('',#306,.T.);
#188=FACE_OUTER_BOUND('',#307,.T.);
#189=FACE_OUTER_BOUND('',#308,.T.);
#190=FACE_OUTER_BOUND('',#309,.T.);
#191=FACE_OUTER_BOUND('',#310,.T.);
#192=FACE_OUTER_BOUND('',#311,.T.);
#193=FACE_OUTER_BOUND('',#312,.T.);
#194=FACE_OUTER_BOUND('',#313,.T.);
#195=FACE_OUTER_BOUND('',#314,.T.);
#196=FACE_OUTER_BOUND('',#315,.T.);
#197=FACE_OUTER_BOUND('',#316,.T.);
#198=FACE_OUTER_BOUND('',#317,.T.);
#199=FACE_OUTER_BOUND('',#318,.T.);
#200=FACE_OUTER_BOUND('',#319,.T.);
#201=FACE_OUTER_BOUND('',#320,.T.);
#202=FACE_OUTER_BOUND('',#321,.T.);
#203=FACE_OUTER_BOUND('',#322,.T.);
#204=FACE_OUTER_BOUND('',#323,.T.);
#205=FACE_OUTER_BOUND('',#324,.T.);
#206=FACE_OUTER_BOUND('',#325,.T.);
#207=FACE_OUTER_BOUND('',#326,.T.);
#208=FACE_OUTER_BOUND('',#327,.T.);
#209=FACE_OUTER_BOUND('',#328,.T.);
#210=FACE_OUTER_BOUND('',#329,.T.);
#211=FACE_OUTER_BOUND('',#330,.T.);
#212=FACE_OUTER_BOUND('',#331,.T.);
#213=FACE_OUTER_BOUND('',#332,.T.);
#214=FACE_OUTER_BOUND('',#333,.T.);
#215=FACE_OUTER_BOUND('',#334,.T.);
#216=FACE_OUTER_BOUND('',#335,.T.);
#217=FACE_OUTER_BOUND('',#336,.T.);
#218=FACE_OUTER_BOUND('',#337,.T.);
#219=FACE_OUTER_BOUND('',#338,.T.);
#220=FACE_OUTER_BOUND('',#339,.T.);
#221=FACE_OUTER_BOUND('',#340,.T.);
#222=FACE_OUTER_BOUND('',#341,.T.);
#223=FACE_OUTER_BOUND('',#342,.T.);
#224=FACE_OUTER_BOUND('',#343,.T.);
#225=FACE_OUTER_BOUND('',#344,.T.);
#226=FACE_OUTER_BOUND('',#345,.T.);
#227=FACE_OUTER_BOUND('',#346,.T.);
#228=FACE_OUTER_BOUND('',#347,.T.);
#229=FACE_OUTER_BOUND('',#348,.T.);
#230=FACE_OUTER_BOUND('',#349,.T.);
#231=FACE_OUTER_BOUND('',#351,.T.);
#232=FACE_OUTER_BOUND('',#352,.T.);
#233=FACE_OUTER_BOUND('',#353,.T.);
#234=FACE_OUTER_BOUND('',#354,.T.);
#235=FACE_OUTER_BOUND('',#355,.T.);
#236=FACE_OUTER_BOUND('',#356,.T.);
#237=FACE_OUTER_BOUND('',#357,.T.);
#238=FACE_OUTER_BOUND('',#358,.T.);
#239=FACE_OUTER_BOUND('',#359,.T.);
#240=FACE_OUTER_BOUND('',#360,.T.);
#241=FACE_OUTER_BOUND('',#361,.T.);
#242=EDGE_LOOP('',(#1522,#1523,#1524,#1525,#1526,#1527,#1528,#1529));
#243=EDGE_LOOP('',(#1530,#1531,#1532,#1533,#1534,#1535,#1536,#1537,#1538,
#1539));
#244=EDGE_LOOP('',(#1540,#1541,#1542,#1543,#1544,#1545,#1546,#1547,#1548,
#1549));
#245=EDGE_LOOP('',(#1550,#1551,#1552,#1553,#1554,#1555,#1556,#1557));
#246=EDGE_LOOP('',(#1558,#1559,#1560,#1561,#1562,#1563,#1564,#1565));
#247=EDGE_LOOP('',(#1566,#1567,#1568,#1569,#1570,#1571));
#248=EDGE_LOOP('',(#1572,#1573,#1574,#1575,#1576,#1577));
#249=EDGE_LOOP('',(#1578,#1579,#1580,#1581));
#250=EDGE_LOOP('',(#1582,#1583,#1584,#1585));
#251=EDGE_LOOP('',(#1586,#1587,#1588,#1589,#1590,#1591));
#252=EDGE_LOOP('',(#1592,#1593,#1594,#1595));
#253=EDGE_LOOP('',(#1596,#1597,#1598,#1599));
#254=EDGE_LOOP('',(#1600,#1601));
#255=EDGE_LOOP('',(#1602,#1603));
#256=EDGE_LOOP('',(#1604,#1605,#1606,#1607,#1608,#1609,#1610,#1611,#1612));
#257=EDGE_LOOP('',(#1613,#1614,#1615,#1616,#1617,#1618,#1619,#1620));
#258=EDGE_LOOP('',(#1621));
#259=EDGE_LOOP('',(#1622));
#260=EDGE_LOOP('',(#1623,#1624,#1625,#1626,#1627,#1628,#1629,#1630,#1631,
#1632,#1633,#1634));
#261=EDGE_LOOP('',(#1635,#1636,#1637,#1638,#1639,#1640,#1641,#1642,#1643,
#1644,#1645,#1646));
#262=EDGE_LOOP('',(#1647));
#263=EDGE_LOOP('',(#1648,#1649,#1650,#1651,#1652,#1653,#1654,#1655));
#264=EDGE_LOOP('',(#1656,#1657,#1658,#1659));
#265=EDGE_LOOP('',(#1660,#1661,#1662,#1663));
#266=EDGE_LOOP('',(#1664,#1665,#1666,#1667));
#267=EDGE_LOOP('',(#1668,#1669,#1670,#1671,#1672,#1673,#1674,#1675,#1676,
#1677,#1678,#1679,#1680,#1681,#1682,#1683,#1684,#1685,#1686,#1687,#1688,
#1689));
#268=EDGE_LOOP('',(#1690));
#269=EDGE_LOOP('',(#1691));
#270=EDGE_LOOP('',(#1692,#1693,#1694,#1695,#1696,#1697,#1698,#1699));
#271=EDGE_LOOP('',(#1700,#1701,#1702,#1703,#1704,#1705,#1706,#1707,#1708,
#1709,#1710,#1711,#1712,#1713,#1714,#1715));
#272=EDGE_LOOP('',(#1716));
#273=EDGE_LOOP('',(#1717));
#274=EDGE_LOOP('',(#1718,#1719,#1720,#1721,#1722,#1723,#1724,#1725,#1726,
#1727,#1728,#1729));
#275=EDGE_LOOP('',(#1730,#1731,#1732,#1733,#1734,#1735,#1736,#1737,#1738,
#1739,#1740,#1741));
#276=EDGE_LOOP('',(#1742));
#277=EDGE_LOOP('',(#1743,#1744,#1745,#1746,#1747,#1748,#1749,#1750));
#278=EDGE_LOOP('',(#1751,#1752,#1753,#1754));
#279=EDGE_LOOP('',(#1755,#1756,#1757,#1758));
#280=EDGE_LOOP('',(#1759,#1760,#1761,#1762,#1763,#1764,#1765,#1766));
#281=EDGE_LOOP('',(#1767,#1768,#1769,#1770));
#282=EDGE_LOOP('',(#1771,#1772,#1773,#1774));
#283=EDGE_LOOP('',(#1775,#1776,#1777,#1778));
#284=EDGE_LOOP('',(#1779,#1780,#1781,#1782,#1783));
#285=EDGE_LOOP('',(#1784,#1785,#1786,#1787,#1788,#1789,#1790));
#286=EDGE_LOOP('',(#1791,#1792,#1793,#1794));
#287=EDGE_LOOP('',(#1795,#1796,#1797,#1798,#1799));
#288=EDGE_LOOP('',(#1800,#1801,#1802,#1803));
#289=EDGE_LOOP('',(#1804,#1805,#1806,#1807));
#290=EDGE_LOOP('',(#1808,#1809,#1810,#1811));
#291=EDGE_LOOP('',(#1812,#1813,#1814));
#292=EDGE_LOOP('',(#1815,#1816,#1817));
#293=EDGE_LOOP('',(#1818,#1819,#1820,#1821,#1822));
#294=EDGE_LOOP('',(#1823,#1824,#1825,#1826,#1827));
#295=EDGE_LOOP('',(#1828,#1829,#1830,#1831,#1832,#1833,#1834,#1835,#1836));
#296=EDGE_LOOP('',(#1837,#1838,#1839,#1840,#1841,#1842,#1843,#1844));
#297=EDGE_LOOP('',(#1845));
#298=EDGE_LOOP('',(#1846));
#299=EDGE_LOOP('',(#1847,#1848,#1849,#1850,#1851,#1852,#1853,#1854,#1855));
#300=EDGE_LOOP('',(#1856,#1857,#1858,#1859,#1860));
#301=EDGE_LOOP('',(#1861,#1862,#1863,#1864,#1865));
#302=EDGE_LOOP('',(#1866,#1867,#1868,#1869,#1870,#1871,#1872));
#303=EDGE_LOOP('',(#1873,#1874,#1875,#1876,#1877,#1878,#1879,#1880,#1881));
#304=EDGE_LOOP('',(#1882,#1883,#1884,#1885));
#305=EDGE_LOOP('',(#1886,#1887,#1888,#1889,#1890,#1891,#1892,#1893));
#306=EDGE_LOOP('',(#1894,#1895,#1896,#1897));
#307=EDGE_LOOP('',(#1898,#1899,#1900,#1901,#1902,#1903,#1904,#1905,#1906));
#308=EDGE_LOOP('',(#1907,#1908,#1909,#1910,#1911,#1912,#1913,#1914,#1915,
#1916,#1917));
#309=EDGE_LOOP('',(#1918,#1919,#1920,#1921));
#310=EDGE_LOOP('',(#1922,#1923,#1924,#1925,#1926));
#311=EDGE_LOOP('',(#1927,#1928,#1929,#1930));
#312=EDGE_LOOP('',(#1931,#1932,#1933,#1934,#1935));
#313=EDGE_LOOP('',(#1936,#1937,#1938));
#314=EDGE_LOOP('',(#1939,#1940,#1941,#1942,#1943));
#315=EDGE_LOOP('',(#1944,#1945,#1946,#1947));
#316=EDGE_LOOP('',(#1948,#1949,#1950,#1951));
#317=EDGE_LOOP('',(#1952,#1953,#1954));
#318=EDGE_LOOP('',(#1955,#1956,#1957,#1958,#1959,#1960,#1961));
#319=EDGE_LOOP('',(#1962,#1963,#1964,#1965));
#320=EDGE_LOOP('',(#1966,#1967,#1968,#1969,#1970));
#321=EDGE_LOOP('',(#1971,#1972,#1973,#1974));
#322=EDGE_LOOP('',(#1975,#1976,#1977,#1978,#1979));
#323=EDGE_LOOP('',(#1980,#1981,#1982));
#324=EDGE_LOOP('',(#1983,#1984,#1985,#1986,#1987));
#325=EDGE_LOOP('',(#1988,#1989,#1990,#1991));
#326=EDGE_LOOP('',(#1992,#1993,#1994,#1995));
#327=EDGE_LOOP('',(#1996,#1997,#1998,#1999,#2000,#2001,#2002,#2003,#2004));
#328=EDGE_LOOP('',(#2005,#2006,#2007));
#329=EDGE_LOOP('',(#2008,#2009,#2010,#2011,#2012,#2013,#2014));
#330=EDGE_LOOP('',(#2015,#2016,#2017,#2018));
#331=EDGE_LOOP('',(#2019,#2020,#2021,#2022));
#332=EDGE_LOOP('',(#2023,#2024,#2025,#2026));
#333=EDGE_LOOP('',(#2027,#2028,#2029,#2030));
#334=EDGE_LOOP('',(#2031,#2032,#2033,#2034,#2035,#2036));
#335=EDGE_LOOP('',(#2037,#2038,#2039,#2040,#2041,#2042));
#336=EDGE_LOOP('',(#2043,#2044,#2045,#2046,#2047,#2048,#2049,#2050,#2051,
#2052,#2053));
#337=EDGE_LOOP('',(#2054,#2055,#2056,#2057,#2058));
#338=EDGE_LOOP('',(#2059,#2060,#2061,#2062,#2063,#2064));
#339=EDGE_LOOP('',(#2065,#2066,#2067,#2068));
#340=EDGE_LOOP('',(#2069,#2070,#2071,#2072));
#341=EDGE_LOOP('',(#2073,#2074,#2075,#2076,#2077,#2078,#2079,#2080));
#342=EDGE_LOOP('',(#2081,#2082,#2083,#2084));
#343=EDGE_LOOP('',(#2085,#2086,#2087));
#344=EDGE_LOOP('',(#2088,#2089,#2090));
#345=EDGE_LOOP('',(#2091,#2092,#2093));
#346=EDGE_LOOP('',(#2094,#2095,#2096,#2097));
#347=EDGE_LOOP('',(#2098,#2099,#2100));
#348=EDGE_LOOP('',(#2101,#2102,#2103,#2104,#2105,#2106,#2107,#2108,#2109,
#2110,#2111,#2112,#2113,#2114,#2115,#2116,#2117,#2118,#2119,#2120));
#349=EDGE_LOOP('',(#2121,#2122,#2123,#2124,#2125,#2126,#2127,#2128,#2129,
#2130,#2131,#2132,#2133,#2134));
#350=EDGE_LOOP('',(#2135,#2136));
#351=EDGE_LOOP('',(#2137,#2138,#2139,#2140));
#352=EDGE_LOOP('',(#2141,#2142,#2143,#2144));
#353=EDGE_LOOP('',(#2145,#2146,#2147,#2148));
#354=EDGE_LOOP('',(#2149,#2150,#2151,#2152));
#355=EDGE_LOOP('',(#2153,#2154,#2155,#2156,#2157));
#356=EDGE_LOOP('',(#2158,#2159,#2160,#2161,#2162));
#357=EDGE_LOOP('',(#2163,#2164,#2165,#2166));
#358=EDGE_LOOP('',(#2167,#2168,#2169,#2170));
#359=EDGE_LOOP('',(#2171,#2172,#2173,#2174));
#360=EDGE_LOOP('',(#2175,#2176,#2177,#2178));
#361=EDGE_LOOP('',(#2179,#2180,#2181,#2182,#2183,#2184,#2185));
#362=LINE('',#3038,#644);
#363=LINE('',#3044,#645);
#364=LINE('',#3118,#646);
#365=LINE('',#3223,#647);
#366=LINE('',#3278,#648);
#367=LINE('',#3347,#649);
#368=LINE('',#3365,#650);
#369=LINE('',#3370,#651);
#370=LINE('',#3374,#652);
#371=LINE('',#3378,#653);
#372=LINE('',#3396,#654);
#373=LINE('',#3400,#655);
#374=LINE('',#3425,#656);
#375=LINE('',#3427,#657);
#376=LINE('',#3429,#658);
#377=LINE('',#3431,#659);
#378=LINE('',#3433,#660);
#379=LINE('',#3435,#661);
#380=LINE('',#3436,#662);
#381=LINE('',#3440,#663);
#382=LINE('',#3442,#664);
#383=LINE('',#3444,#665);
#384=LINE('',#3446,#666);
#385=LINE('',#3448,#667);
#386=LINE('',#3450,#668);
#387=LINE('',#3452,#669);
#388=LINE('',#3453,#670);
#389=LINE('',#3457,#671);
#390=LINE('',#3459,#672);
#391=LINE('',#3461,#673);
#392=LINE('',#3463,#674);
#393=LINE('',#3465,#675);
#394=LINE('',#3467,#676);
#395=LINE('',#3469,#677);
#396=LINE('',#3471,#678);
#397=LINE('',#3473,#679);
#398=LINE('',#3475,#680);
#399=LINE('',#3477,#681);
#400=LINE('',#3478,#682);
#401=LINE('',#3480,#683);
#402=LINE('',#3482,#684);
#403=LINE('',#3484,#685);
#404=LINE('',#3486,#686);
#405=LINE('',#3488,#687);
#406=LINE('',#3490,#688);
#407=LINE('',#3492,#689);
#408=LINE('',#3494,#690);
#409=LINE('',#3496,#691);
#410=LINE('',#3498,#692);
#411=LINE('',#3499,#693);
#412=LINE('',#3503,#694);
#413=LINE('',#3505,#695);
#414=LINE('',#3507,#696);
#415=LINE('',#3509,#697);
#416=LINE('',#3511,#698);
#417=LINE('',#3513,#699);
#418=LINE('',#3515,#700);
#419=LINE('',#3516,#701);
#420=LINE('',#3519,#702);
#421=LINE('',#3521,#703);
#422=LINE('',#3522,#704);
#423=LINE('',#3525,#705);
#424=LINE('',#3526,#706);
#425=LINE('',#3529,#707);
#426=LINE('',#3530,#708);
#427=LINE('',#3533,#709);
#428=LINE('',#3535,#710);
#429=LINE('',#3537,#711);
#430=LINE('',#3539,#712);
#431=LINE('',#3541,#713);
#432=LINE('',#3543,#714);
#433=LINE('',#3544,#715);
#434=LINE('',#3546,#716);
#435=LINE('',#3548,#717);
#436=LINE('',#3549,#718);
#437=LINE('',#3551,#719);
#438=LINE('',#3553,#720);
#439=LINE('',#3555,#721);
#440=LINE('',#3557,#722);
#441=LINE('',#3559,#723);
#442=LINE('',#3561,#724);
#443=LINE('',#3563,#725);
#444=LINE('',#3564,#726);
#445=LINE('',#3571,#727);
#446=LINE('',#3573,#728);
#447=LINE('',#3575,#729);
#448=LINE('',#3576,#730);
#449=LINE('',#3578,#731);
#450=LINE('',#3580,#732);
#451=LINE('',#3582,#733);
#452=LINE('',#3584,#734);
#453=LINE('',#3586,#735);
#454=LINE('',#3587,#736);
#455=LINE('',#3589,#737);
#456=LINE('',#3591,#738);
#457=LINE('',#3592,#739);
#458=LINE('',#3594,#740);
#459=LINE('',#3596,#741);
#460=LINE('',#3597,#742);
#461=LINE('',#3604,#743);
#462=LINE('',#3606,#744);
#463=LINE('',#3608,#745);
#464=LINE('',#3610,#746);
#465=LINE('',#3612,#747);
#466=LINE('',#3614,#748);
#467=LINE('',#3616,#749);
#468=LINE('',#3618,#750);
#469=LINE('',#3619,#751);
#470=LINE('',#3621,#752);
#471=LINE('',#3623,#753);
#472=LINE('',#3625,#754);
#473=LINE('',#3627,#755);
#474=LINE('',#3629,#756);
#475=LINE('',#3631,#757);
#476=LINE('',#3633,#758);
#477=LINE('',#3635,#759);
#478=LINE('',#3636,#760);
#479=LINE('',#3639,#761);
#480=LINE('',#3641,#762);
#481=LINE('',#3643,#763);
#482=LINE('',#3645,#764);
#483=LINE('',#3646,#765);
#484=LINE('',#3649,#766);
#485=LINE('',#3651,#767);
#486=LINE('',#3652,#768);
#487=LINE('',#3654,#769);
#488=LINE('',#3657,#770);
#489=LINE('',#3659,#771);
#490=LINE('',#3660,#772);
#491=LINE('',#3662,#773);
#492=LINE('',#3664,#774);
#493=LINE('',#3668,#775);
#494=LINE('',#3670,#776);
#495=LINE('',#3672,#777);
#496=LINE('',#3673,#778);
#497=LINE('',#3676,#779);
#498=LINE('',#3677,#780);
#499=LINE('',#3679,#781);
#500=LINE('',#3681,#782);
#501=LINE('',#3682,#783);
#502=LINE('',#3684,#784);
#503=LINE('',#3688,#785);
#504=LINE('',#3690,#786);
#505=LINE('',#3692,#787);
#506=LINE('',#3694,#788);
#507=LINE('',#3695,#789);
#508=LINE('',#3697,#790);
#509=LINE('',#3698,#791);
#510=LINE('',#3700,#792);
#511=LINE('',#3704,#793);
#512=LINE('',#3705,#794);
#513=LINE('',#3709,#795);
#514=LINE('',#3711,#796);
#515=LINE('',#3712,#797);
#516=LINE('',#3715,#798);
#517=LINE('',#3717,#799);
#518=LINE('',#3718,#800);
#519=LINE('',#3720,#801);
#520=LINE('',#3722,#802);
#521=LINE('',#3723,#803);
#522=LINE('',#3726,#804);
#523=LINE('',#3728,#805);
#524=LINE('',#3730,#806);
#525=LINE('',#3732,#807);
#526=LINE('',#3733,#808);
#527=LINE('',#3734,#809);
#528=LINE('',#3737,#810);
#529=LINE('',#3738,#811);
#530=LINE('',#3741,#812);
#531=LINE('',#3743,#813);
#532=LINE('',#3745,#814);
#533=LINE('',#3746,#815);
#534=LINE('',#3749,#816);
#535=LINE('',#3751,#817);
#536=LINE('',#3752,#818);
#537=LINE('',#3754,#819);
#538=LINE('',#3755,#820);
#539=LINE('',#3759,#821);
#540=LINE('',#3761,#822);
#541=LINE('',#3763,#823);
#542=LINE('',#3765,#824);
#543=LINE('',#3766,#825);
#544=LINE('',#3769,#826);
#545=LINE('',#3770,#827);
#546=LINE('',#3773,#828);
#547=LINE('',#3775,#829);
#548=LINE('',#3776,#830);
#549=LINE('',#3778,#831);
#550=LINE('',#3781,#832);
#551=LINE('',#3782,#833);
#552=LINE('',#3784,#834);
#553=LINE('',#3786,#835);
#554=LINE('',#3788,#836);
#555=LINE('',#3789,#837);
#556=LINE('',#3791,#838);
#557=LINE('',#3792,#839);
#558=LINE('',#3795,#840);
#559=LINE('',#3797,#841);
#560=LINE('',#3799,#842);
#561=LINE('',#3801,#843);
#562=LINE('',#3802,#844);
#563=LINE('',#3803,#845);
#564=LINE('',#3805,#846);
#565=LINE('',#3806,#847);
#566=LINE('',#3809,#848);
#567=LINE('',#3810,#849);
#568=LINE('',#3813,#850);
#569=LINE('',#3814,#851);
#570=LINE('',#3817,#852);
#571=LINE('',#3819,#853);
#572=LINE('',#3820,#854);
#573=LINE('',#3822,#855);
#574=LINE('',#3825,#856);
#575=LINE('',#3826,#857);
#576=LINE('',#3829,#858);
#577=LINE('',#3830,#859);
#578=LINE('',#3832,#860);
#579=LINE('',#3837,#861);
#580=LINE('',#3839,#862);
#581=LINE('',#3840,#863);
#582=LINE('',#3843,#864);
#583=LINE('',#3845,#865);
#584=LINE('',#3846,#866);
#585=LINE('',#3849,#867);
#586=LINE('',#3850,#868);
#587=LINE('',#3853,#869);
#588=LINE('',#3855,#870);
#589=LINE('',#3856,#871);
#590=LINE('',#3858,#872);
#591=LINE('',#3861,#873);
#592=LINE('',#3862,#874);
#593=LINE('',#3865,#875);
#594=LINE('',#3866,#876);
#595=LINE('',#3869,#877);
#596=LINE('',#3870,#878);
#597=LINE('',#3872,#879);
#598=LINE('',#3873,#880);
#599=LINE('',#3877,#881);
#600=LINE('',#3880,#882);
#601=LINE('',#3885,#883);
#602=LINE('',#3886,#884);
#603=LINE('',#3887,#885);
#604=LINE('',#3888,#886);
#605=LINE('',#3892,#887);
#606=LINE('',#3893,#888);
#607=LINE('',#3895,#889);
#608=LINE('',#3897,#890);
#609=LINE('',#3898,#891);
#610=LINE('',#3900,#892);
#611=LINE('',#3902,#893);
#612=LINE('',#3903,#894);
#613=LINE('',#3904,#895);
#614=LINE('',#3906,#896);
#615=LINE('',#3909,#897);
#616=LINE('',#3911,#898);
#617=LINE('',#3912,#899);
#618=LINE('',#3914,#900);
#619=LINE('',#3916,#901);
#620=LINE('',#3919,#902);
#621=LINE('',#3921,#903);
#622=LINE('',#3922,#904);
#623=LINE('',#3924,#905);
#624=LINE('',#3929,#906);
#625=LINE('',#3932,#907);
#626=LINE('',#3933,#908);
#627=LINE('',#3934,#909);
#628=LINE('',#3936,#910);
#629=LINE('',#3937,#911);
#630=LINE('',#3939,#912);
#631=LINE('',#3940,#913);
#632=LINE('',#3943,#914);
#633=LINE('',#3947,#915);
#634=LINE('',#3948,#916);
#635=LINE('',#3951,#917);
#636=LINE('',#3952,#918);
#637=LINE('',#3955,#919);
#638=LINE('',#3956,#920);
#639=LINE('',#3959,#921);
#640=LINE('',#3960,#922);
#641=LINE('',#3963,#923);
#642=LINE('',#3964,#924);
#643=LINE('',#3966,#925);
#644=VECTOR('',#2454,1.625);
#645=VECTOR('',#2461,1.625);
#646=VECTOR('',#2470,2.25);
#647=VECTOR('',#2481,2.25);
#648=VECTOR('',#2488,2.25);
#649=VECTOR('',#2499,2.25);
#650=VECTOR('',#2504,1.625);
#651=VECTOR('',#2511,1.);
#652=VECTOR('',#2516,1.);
#653=VECTOR('',#2521,1.625);
#654=VECTOR('',#2526,1.);
#655=VECTOR('',#2531,1.);
#656=VECTOR('',#2538,10.);
#657=VECTOR('',#2539,10.);
#658=VECTOR('',#2540,10.);
#659=VECTOR('',#2541,10.);
#660=VECTOR('',#2542,10.);
#661=VECTOR('',#2543,10.);
#662=VECTOR('',#2544,10.);
#663=VECTOR('',#2547,10.);
#664=VECTOR('',#2548,10.);
#665=VECTOR('',#2549,10.);
#666=VECTOR('',#2550,10.);
#667=VECTOR('',#2551,10.);
#668=VECTOR('',#2552,10.);
#669=VECTOR('',#2553,10.);
#670=VECTOR('',#2554,10.);
#671=VECTOR('',#2557,10.);
#672=VECTOR('',#2558,10.);
#673=VECTOR('',#2559,10.);
#674=VECTOR('',#2560,10.);
#675=VECTOR('',#2561,10.);
#676=VECTOR('',#2562,10.);
#677=VECTOR('',#2563,10.);
#678=VECTOR('',#2564,10.);
#679=VECTOR('',#2565,10.);
#680=VECTOR('',#2566,10.);
#681=VECTOR('',#2567,10.);
#682=VECTOR('',#2568,10.);
#683=VECTOR('',#2569,10.);
#684=VECTOR('',#2570,10.);
#685=VECTOR('',#2571,10.);
#686=VECTOR('',#2572,10.);
#687=VECTOR('',#2573,10.);
#688=VECTOR('',#2574,10.);
#689=VECTOR('',#2575,10.);
#690=VECTOR('',#2576,10.);
#691=VECTOR('',#2577,10.);
#692=VECTOR('',#2578,10.);
#693=VECTOR('',#2579,10.);
#694=VECTOR('',#2582,10.);
#695=VECTOR('',#2583,10.);
#696=VECTOR('',#2584,10.);
#697=VECTOR('',#2585,10.);
#698=VECTOR('',#2586,10.);
#699=VECTOR('',#2587,10.);
#700=VECTOR('',#2588,10.);
#701=VECTOR('',#2589,10.);
#702=VECTOR('',#2592,10.);
#703=VECTOR('',#2593,10.);
#704=VECTOR('',#2594,10.);
#705=VECTOR('',#2597,10.);
#706=VECTOR('',#2598,10.);
#707=VECTOR('',#2601,10.);
#708=VECTOR('',#2602,10.);
#709=VECTOR('',#2605,10.);
#710=VECTOR('',#2606,10.);
#711=VECTOR('',#2607,10.);
#712=VECTOR('',#2608,10.);
#713=VECTOR('',#2609,10.);
#714=VECTOR('',#2610,10.);
#715=VECTOR('',#2611,10.);
#716=VECTOR('',#2612,10.);
#717=VECTOR('',#2613,10.);
#718=VECTOR('',#2614,10.);
#719=VECTOR('',#2615,10.);
#720=VECTOR('',#2616,10.);
#721=VECTOR('',#2617,10.);
#722=VECTOR('',#2618,10.);
#723=VECTOR('',#2619,10.);
#724=VECTOR('',#2620,10.);
#725=VECTOR('',#2621,10.);
#726=VECTOR('',#2622,10.);
#727=VECTOR('',#2629,10.);
#728=VECTOR('',#2630,10.);
#729=VECTOR('',#2631,10.);
#730=VECTOR('',#2632,10.);
#731=VECTOR('',#2635,10.);
#732=VECTOR('',#2636,10.);
#733=VECTOR('',#2637,10.);
#734=VECTOR('',#2638,10.);
#735=VECTOR('',#2639,10.);
#736=VECTOR('',#2640,10.);
#737=VECTOR('',#2641,10.);
#738=VECTOR('',#2642,10.);
#739=VECTOR('',#2643,10.);
#740=VECTOR('',#2644,10.);
#741=VECTOR('',#2645,10.);
#742=VECTOR('',#2646,10.);
#743=VECTOR('',#2653,10.);
#744=VECTOR('',#2654,10.);
#745=VECTOR('',#2655,10.);
#746=VECTOR('',#2656,10.);
#747=VECTOR('',#2657,10.);
#748=VECTOR('',#2658,10.);
#749=VECTOR('',#2659,10.);
#750=VECTOR('',#2660,10.);
#751=VECTOR('',#2661,10.);
#752=VECTOR('',#2662,10.);
#753=VECTOR('',#2663,10.);
#754=VECTOR('',#2664,10.);
#755=VECTOR('',#2665,10.);
#756=VECTOR('',#2666,10.);
#757=VECTOR('',#2667,10.);
#758=VECTOR('',#2668,10.);
#759=VECTOR('',#2669,10.);
#760=VECTOR('',#2670,10.);
#761=VECTOR('',#2673,10.);
#762=VECTOR('',#2674,10.);
#763=VECTOR('',#2675,10.);
#764=VECTOR('',#2676,10.);
#765=VECTOR('',#2677,10.);
#766=VECTOR('',#2680,10.);
#767=VECTOR('',#2681,10.);
#768=VECTOR('',#2682,10.);
#769=VECTOR('',#2685,10.);
#770=VECTOR('',#2688,10.);
#771=VECTOR('',#2689,10.);
#772=VECTOR('',#2690,10.);
#773=VECTOR('',#2693,10.);
#774=VECTOR('',#2696,10.);
#775=VECTOR('',#2701,10.);
#776=VECTOR('',#2702,10.);
#777=VECTOR('',#2703,10.);
#778=VECTOR('',#2704,10.);
#779=VECTOR('',#2707,10.);
#780=VECTOR('',#2708,10.);
#781=VECTOR('',#2709,10.);
#782=VECTOR('',#2710,10.);
#783=VECTOR('',#2711,10.);
#784=VECTOR('',#2714,10.);
#785=VECTOR('',#2717,10.);
#786=VECTOR('',#2718,10.);
#787=VECTOR('',#2719,10.);
#788=VECTOR('',#2720,10.);
#789=VECTOR('',#2721,10.);
#790=VECTOR('',#2724,10.);
#791=VECTOR('',#2725,10.);
#792=VECTOR('',#2728,10.);
#793=VECTOR('',#2733,10.);
#794=VECTOR('',#2734,10.);
#795=VECTOR('',#2737,10.);
#796=VECTOR('',#2738,10.);
#797=VECTOR('',#2739,10.);
#798=VECTOR('',#2742,10.);
#799=VECTOR('',#2743,10.);
#800=VECTOR('',#2744,10.);
#801=VECTOR('',#2747,10.);
#802=VECTOR('',#2748,10.);
#803=VECTOR('',#2749,10.);
#804=VECTOR('',#2752,10.);
#805=VECTOR('',#2753,10.);
#806=VECTOR('',#2754,10.);
#807=VECTOR('',#2755,10.);
#808=VECTOR('',#2756,10.);
#809=VECTOR('',#2757,10.);
#810=VECTOR('',#2760,10.);
#811=VECTOR('',#2761,10.);
#812=VECTOR('',#2764,10.);
#813=VECTOR('',#2765,10.);
#814=VECTOR('',#2766,10.);
#815=VECTOR('',#2767,10.);
#816=VECTOR('',#2770,10.);
#817=VECTOR('',#2771,10.);
#818=VECTOR('',#2772,10.);
#819=VECTOR('',#2775,10.);
#820=VECTOR('',#2776,10.);
#821=VECTOR('',#2781,10.);
#822=VECTOR('',#2782,10.);
#823=VECTOR('',#2783,10.);
#824=VECTOR('',#2784,10.);
#825=VECTOR('',#2785,10.);
#826=VECTOR('',#2788,10.);
#827=VECTOR('',#2789,10.);
#828=VECTOR('',#2792,10.);
#829=VECTOR('',#2793,10.);
#830=VECTOR('',#2794,10.);
#831=VECTOR('',#2797,10.);
#832=VECTOR('',#2800,10.);
#833=VECTOR('',#2801,10.);
#834=VECTOR('',#2802,10.);
#835=VECTOR('',#2803,10.);
#836=VECTOR('',#2804,10.);
#837=VECTOR('',#2805,10.);
#838=VECTOR('',#2806,10.);
#839=VECTOR('',#2807,10.);
#840=VECTOR('',#2810,10.);
#841=VECTOR('',#2811,10.);
#842=VECTOR('',#2812,10.);
#843=VECTOR('',#2813,10.);
#844=VECTOR('',#2814,10.);
#845=VECTOR('',#2815,10.);
#846=VECTOR('',#2818,10.);
#847=VECTOR('',#2819,10.);
#848=VECTOR('',#2822,10.);
#849=VECTOR('',#2823,10.);
#850=VECTOR('',#2826,10.);
#851=VECTOR('',#2827,10.);
#852=VECTOR('',#2830,10.);
#853=VECTOR('',#2831,10.);
#854=VECTOR('',#2832,10.);
#855=VECTOR('',#2835,10.);
#856=VECTOR('',#2838,10.);
#857=VECTOR('',#2839,10.);
#858=VECTOR('',#2842,10.);
#859=VECTOR('',#2843,10.);
#860=VECTOR('',#2846,10.);
#861=VECTOR('',#2853,10.);
#862=VECTOR('',#2854,10.);
#863=VECTOR('',#2855,10.);
#864=VECTOR('',#2858,10.);
#865=VECTOR('',#2859,10.);
#866=VECTOR('',#2860,10.);
#867=VECTOR('',#2863,10.);
#868=VECTOR('',#2864,10.);
#869=VECTOR('',#2867,10.);
#870=VECTOR('',#2868,10.);
#871=VECTOR('',#2869,10.);
#872=VECTOR('',#2872,10.);
#873=VECTOR('',#2875,10.);
#874=VECTOR('',#2876,10.);
#875=VECTOR('',#2879,10.);
#876=VECTOR('',#2880,10.);
#877=VECTOR('',#2883,10.);
#878=VECTOR('',#2884,10.);
#879=VECTOR('',#2887,10.);
#880=VECTOR('',#2888,10.);
#881=VECTOR('',#2895,10.);
#882=VECTOR('',#2900,10.);
#883=VECTOR('',#2905,10.);
#884=VECTOR('',#2906,10.);
#885=VECTOR('',#2907,10.);
#886=VECTOR('',#2908,10.);
#887=VECTOR('',#2911,10.);
#888=VECTOR('',#2912,10.);
#889=VECTOR('',#2913,10.);
#890=VECTOR('',#2914,10.);
#891=VECTOR('',#2915,10.);
#892=VECTOR('',#2918,10.);
#893=VECTOR('',#2919,10.);
#894=VECTOR('',#2920,10.);
#895=VECTOR('',#2921,10.);
#896=VECTOR('',#2924,10.);
#897=VECTOR('',#2927,10.);
#898=VECTOR('',#2928,10.);
#899=VECTOR('',#2929,10.);
#900=VECTOR('',#2932,10.);
#901=VECTOR('',#2935,10.);
#902=VECTOR('',#2938,10.);
#903=VECTOR('',#2939,10.);
#904=VECTOR('',#2940,10.);
#905=VECTOR('',#2943,10.);
#906=VECTOR('',#2952,10.);
#907=VECTOR('',#2957,2.75);
#908=VECTOR('',#2958,2.75);
#909=VECTOR('',#2959,2.75);
#910=VECTOR('',#2962,2.75);
#911=VECTOR('',#2963,2.75);
#912=VECTOR('',#2966,10.);
#913=VECTOR('',#2967,10.);
#914=VECTOR('',#2972,10.);
#915=VECTOR('',#2977,10.);
#916=VECTOR('',#2978,10.);
#917=VECTOR('',#2981,10.);
#918=VECTOR('',#2982,10.);
#919=VECTOR('',#2985,10.);
#920=VECTOR('',#2986,10.);
#921=VECTOR('',#2989,10.);
#922=VECTOR('',#2990,10.);
#923=VECTOR('',#2993,10.);
#924=VECTOR('',#2994,10.);
#925=VECTOR('',#2997,10.);
#926=CIRCLE('',#2312,2.25);
#927=CIRCLE('',#2313,2.25);
#928=CIRCLE('',#2314,1.);
#929=CIRCLE('',#2316,1.);
#930=CIRCLE('',#2317,2.25);
#931=CIRCLE('',#2318,2.25);
#932=CIRCLE('',#2320,2.25);
#933=CIRCLE('',#2322,2.25);
#934=CIRCLE('',#2324,2.25);
#935=CIRCLE('',#2326,2.25);
#936=CIRCLE('',#2328,2.25);
#937=CIRCLE('',#2330,2.25);
#938=CIRCLE('',#2332,2.25);
#939=CIRCLE('',#2334,2.25);
#940=CIRCLE('',#2336,1.);
#941=CIRCLE('',#2338,1.);
#942=CIRCLE('',#2340,1.);
#943=CIRCLE('',#2342,1.);
#944=CIRCLE('',#2344,1.);
#945=CIRCLE('',#2346,1.);
#946=CIRCLE('',#2357,2.75);
#947=CIRCLE('',#2358,2.75);
#948=CIRCLE('',#2361,2.75);
#949=CIRCLE('',#2362,2.75);
#950=B_SPLINE_CURVE_WITH_KNOTS('',3,(#3004,#3005,#3006,#3007,#3008,#3009,
#3010,#3011),.UNSPECIFIED.,.F.,.F.,(4,2,2,4),(3.92529776372719,3.93039976063663,
4.05008115461822,4.05689532883429),.UNSPECIFIED.);
#951=B_SPLINE_CURVE_WITH_KNOTS('',3,(#3015,#3016,#3017,#3018,#3019,#3020,
#3021,#3022,#3023,#3024,#3025,#3026),.UNSPECIFIED.,.F.,.F.,(4,2,2,2,2,4),
(3.46211129401736,3.49760410219469,3.54300558259007,3.59635831373933,3.71603970772092,
3.72114170463036),.UNSPECIFIED.);
#952=B_SPLINE_CURVE_WITH_KNOTS('',3,(#3029,#3030,#3031,#3032,#3033,#3034,
#3035,#3036),.UNSPECIFIED.,.F.,.F.,(4,2,2,4),(4.05689532883429,4.10343388576748,
4.14883536616286,4.18432817434019),.UNSPECIFIED.);
#953=B_SPLINE_CURVE_WITH_KNOTS('',3,(#3046,#3047,#3048,#3049),
 .UNSPECIFIED.,.F.,.F.,(4,4),(0.334996198634098,0.343640226180455),
 .UNSPECIFIED.);
#954=B_SPLINE_CURVE_WITH_KNOTS('',3,(#3051,#3052,#3053,#3054,#3055,#3056,
#3057,#3058),.UNSPECIFIED.,.F.,.F.,(4,2,2,4),(0.21620738067455,0.251700188851885,
0.297101669247264,0.334996198634098),.UNSPECIFIED.);
#955=B_SPLINE_CURVE_WITH_KNOTS('',3,(#3062,#3063,#3064,#3065,#3066,#3067,
#3068,#3069),.UNSPECIFIED.,.F.,.F.,(4,2,2,4),(0.819634052734733,0.857529972424664,
0.902931452820043,0.938424260997379),.UNSPECIFIED.);
#956=B_SPLINE_CURVE_WITH_KNOTS('',3,(#3071,#3072,#3073,#3074,#3075,#3076,
#3077,#3078),.UNSPECIFIED.,.F.,.F.,(4,2,2,4),(0.67939385038437,0.684495847293819,
0.804177241275404,0.819634052734733),.UNSPECIFIED.);
#957=B_SPLINE_CURVE_WITH_KNOTS('',3,(#3081,#3082,#3083,#3084,#3085,#3086,
#3087,#3088),.UNSPECIFIED.,.F.,.F.,(4,2,2,4),(0.343640226180455,0.350454400396524,
0.470135794378106,0.475237791287559),.UNSPECIFIED.);
#958=B_SPLINE_CURVE_WITH_KNOTS('',3,(#3092,#3093,#3094,#3095,#3096,#3097,
#3098,#3099,#3100,#3101,#3102,#3103,#3104,#3105,#3106,#3107,#3108,#3109,
#3110,#3111,#3112,#3113,#3114),.UNSPECIFIED.,.F.,.F.,(4,2,2,2,3,2,2,2,2,
2,4),(-0.307201502082153,-0.30065388759006,-0.247767195856274,-0.123883597928137,
0.,0.123883597928137,0.247767195856274,0.30065388759006,0.353540579323846,
0.456458259854466,0.473816927109918),.UNSPECIFIED.);
#959=B_SPLINE_CURVE_WITH_KNOTS('',3,(#3127,#3128,#3129,#3130,#3131,#3132,
#3133,#3134,#3135,#3136,#3137,#3138,#3139,#3140,#3141,#3142,#3143,#3144,
#3145,#3146,#3147,#3148),.UNSPECIFIED.,.F.,.F.,(4,2,2,2,2,2,2,2,2,2,4),
(0.644934953660252,0.662293620915705,0.765211301446325,0.818097993180111,
0.870984684913898,0.994868282842034,1.11875188077017,1.24263547869831,1.36651907662644,
1.41940576836023,1.42595338285232),.UNSPECIFIED.);
#960=B_SPLINE_CURVE_WITH_KNOTS('',3,(#3149,#3150,#3151,#3152,#3153,#3154),
 .UNSPECIFIED.,.F.,.F.,(4,2,4),(0.473816927109918,0.559375940385086,0.644934953660252),
 .UNSPECIFIED.);
#961=B_SPLINE_CURVE_WITH_KNOTS('',3,(#3157,#3158,#3159,#3160,#3161,#3162,
#3163,#3164,#3165,#3166,#3167,#3168,#3169,#3170,#3171,#3172,#3173,#3174,
#3175,#3176,#3177,#3178,#3179),.UNSPECIFIED.,.F.,.F.,(4,2,2,2,3,2,2,2,2,
2,4),(-0.326474511710166,-0.278219312704813,-0.139109656352407,-0.0695548281762033,
0.,0.0695548281762032,0.139109656352406,0.278219312704813,0.348193020898024,
0.418166729091235,0.442581244356726),.UNSPECIFIED.);
#962=B_SPLINE_CURVE_WITH_KNOTS('',3,(#3181,#3182,#3183,#3184,#3185,#3186,
#3187,#3188,#3189,#3190,#3191,#3192,#3193,#3194,#3195,#3196,#3197,#3198,
#3199,#3200,#3201,#3202),.UNSPECIFIED.,.F.,.F.,(4,2,2,2,2,2,2,2,2,2,4),
(0.940219812023218,0.964638165340327,1.03461187353354,1.10458558172675,
1.24369523807916,1.31325006625536,1.38280489443156,1.45235972260777,1.52191455078397,
1.66102420713638,1.70927940614346),.UNSPECIFIED.);
#963=B_SPLINE_CURVE_WITH_KNOTS('',3,(#3204,#3205,#3206,#3207,#3208,#3209,
#3210,#3211,#3212,#3213,#3214,#3215,#3216,#3217,#3218,#3219,#3220,#3221),
 .UNSPECIFIED.,.F.,.F.,(4,2,2,2,2,2,2,2,4),(0.46456020181068,0.485925971291743,
0.553685213492251,0.622543830354016,0.691402447215781,0.760261064077546,
0.829119680939312,0.896878923139819,0.940219812023218),.UNSPECIFIED.);
#964=B_SPLINE_CURVE_WITH_KNOTS('',3,(#3225,#3226,#3227,#3228),
 .UNSPECIFIED.,.F.,.F.,(4,4),(0.442581244356726,0.46456020181068),
 .UNSPECIFIED.);
#965=B_SPLINE_CURVE_WITH_KNOTS('',3,(#3232,#3233,#3234,#3235,#3236,#3237,
#3238,#3239,#3240,#3241,#3242,#3243,#3244,#3245,#3246,#3247,#3248,#3249,
#3250,#3251,#3252,#3253,#3254,#3255,#3256,#3257,#3258,#3259,#3260,#3261,
#3262,#3263,#3264,#3265,#3266,#3267,#3268,#3269,#3270,#3271,#3272,#3273,
#3274),.UNSPECIFIED.,.F.,.F.,(4,2,2,2,2,2,2,2,2,2,2,2,2,2,2,2,3,2,2,2,4),
(-1.42595338285232,-1.41940576836023,-1.36651907662644,-1.24263547869831,
-1.11875188077017,-0.994868282842036,-0.8709846849139,-0.818097993180113,
-0.765211301446326,-0.662293620915706,-0.559375940385086,-0.456458259854466,
-0.353540579323847,-0.30065388759006,-0.247767195856273,-0.123883597928137,
0.,0.123883597928137,0.247767195856273,0.30065388759006,0.307201502082148),
 .UNSPECIFIED.);
#966=B_SPLINE_CURVE_WITH_KNOTS('',3,(#3287,#3288,#3289,#3290,#3291,#3292,
#3293,#3294,#3295,#3296,#3297,#3298,#3299,#3300,#3301,#3302,#3303,#3304,
#3305,#3306,#3307,#3308,#3309,#3310,#3311,#3312,#3313,#3314,#3315,#3316,
#3317,#3318,#3319,#3320,#3321,#3322),.UNSPECIFIED.,.F.,.F.,(4,2,2,2,2,2,
2,2,2,2,2,2,2,2,2,2,2,4),(-1.70927940614173,-1.66102420713638,-1.52191455078397,
-1.45235972260777,-1.38280489443156,-1.31325006625536,-1.24369523807916,
-1.10458558172675,-1.03461187353354,-0.964638165340329,-0.896878923139821,
-0.829119680939313,-0.760261064077548,-0.691402447215782,-0.622543830354017,
-0.553685213492252,-0.485925971291744,-0.464560201810683),.UNSPECIFIED.);
#967=B_SPLINE_CURVE_WITH_KNOTS('',3,(#3323,#3324,#3325,#3326,#3327,#3328,
#3329,#3330,#3331,#3332,#3333,#3334,#3335,#3336,#3337,#3338,#3339,#3340,
#3341,#3342,#3343,#3344,#3345),.UNSPECIFIED.,.F.,.F.,(4,2,2,2,2,2,3,2,2,
2,4),(-0.464560201810683,-0.418166729091236,-0.348193020898025,-0.278219312704814,
-0.139109656352407,-0.0695548281762037,0.,0.0695548281762035,0.139109656352407,
0.278219312704814,0.326474511711897),.UNSPECIFIED.);
#968=B_SPLINE_CURVE_WITH_KNOTS('',3,(#3350,#3351,#3352,#3353,#3354,#3355,
#3356,#3357,#3358,#3359,#3360,#3361,#3362,#3363),.UNSPECIFIED.,.F.,.F.,
(4,2,2,2,2,2,4),(3.16042984293775,3.22138148678181,3.30494010777707,3.38849872877232,
3.47205734976757,3.55561597076282,3.61656761460689),.UNSPECIFIED.);
#969=B_SPLINE_CURVE_WITH_KNOTS('',3,(#3379,#3380,#3381,#3382,#3383,#3384,
#3385,#3386,#3387,#3388,#3389,#3390,#3391,#3392),.UNSPECIFIED.,.F.,.F.,
(4,2,2,2,2,2,4),(0.33588007008646,0.39683171393053,0.480390334925781,0.563948955921033,
0.647507576916284,0.731066197911535,0.792017841755606),.UNSPECIFIED.);
#970=B_SPLINE_CURVE_WITH_KNOTS('',3,(#3402,#3403,#3404,#3405,#3406,#3407,
#3408,#3409,#3410,#3411),.UNSPECIFIED.,.F.,.F.,(4,2,2,2,4),(1.98635790935539,
2.00534872478558,2.07420734164734,2.14306595850911,2.1620567739393),
 .UNSPECIFIED.);
#971=B_SPLINE_CURVE_WITH_KNOTS('',3,(#3413,#3414,#3415,#3416,#3417,#3418,
#3419,#3420,#3421,#3422),.UNSPECIFIED.,.F.,.F.,(4,2,2,2,4),(0.603553014923833,
0.622543830354017,0.691402447215782,0.760261064077548,0.779251879507731),
 .UNSPECIFIED.);
#972=VERTEX_POINT('',#3002);
#973=VERTEX_POINT('',#3003);
#974=VERTEX_POINT('',#3012);
#975=VERTEX_POINT('',#3014);
#976=VERTEX_POINT('',#3027);
#977=VERTEX_POINT('',#3037);
#978=VERTEX_POINT('',#3041);
#979=VERTEX_POINT('',#3043);
#980=VERTEX_POINT('',#3045);
#981=VERTEX_POINT('',#3050);
#982=VERTEX_POINT('',#3059);
#983=VERTEX_POINT('',#3061);
#984=VERTEX_POINT('',#3070);
#985=VERTEX_POINT('',#3079);
#986=VERTEX_POINT('',#3090);
#987=VERTEX_POINT('',#3091);
#988=VERTEX_POINT('',#3115);
#989=VERTEX_POINT('',#3117);
#990=VERTEX_POINT('',#3119);
#991=VERTEX_POINT('',#3121);
#992=VERTEX_POINT('',#3124);
#993=VERTEX_POINT('',#3126);
#994=VERTEX_POINT('',#3156);
#995=VERTEX_POINT('',#3180);
#996=VERTEX_POINT('',#3203);
#997=VERTEX_POINT('',#3222);
#998=VERTEX_POINT('',#3230);
#999=VERTEX_POINT('',#3231);
#1000=VERTEX_POINT('',#3275);
#1001=VERTEX_POINT('',#3277);
#1002=VERTEX_POINT('',#3279);
#1003=VERTEX_POINT('',#3281);
#1004=VERTEX_POINT('',#3286);
#1005=VERTEX_POINT('',#3346);
#1006=VERTEX_POINT('',#3364);
#1007=VERTEX_POINT('',#3368);
#1008=VERTEX_POINT('',#3372);
#1009=VERTEX_POINT('',#3376);
#1010=VERTEX_POINT('',#3394);
#1011=VERTEX_POINT('',#3398);
#1012=VERTEX_POINT('',#3424);
#1013=VERTEX_POINT('',#3426);
#1014=VERTEX_POINT('',#3428);
#1015=VERTEX_POINT('',#3430);
#1016=VERTEX_POINT('',#3432);
#1017=VERTEX_POINT('',#3434);
#1018=VERTEX_POINT('',#3438);
#1019=VERTEX_POINT('',#3439);
#1020=VERTEX_POINT('',#3441);
#1021=VERTEX_POINT('',#3443);
#1022=VERTEX_POINT('',#3445);
#1023=VERTEX_POINT('',#3447);
#1024=VERTEX_POINT('',#3449);
#1025=VERTEX_POINT('',#3451);
#1026=VERTEX_POINT('',#3455);
#1027=VERTEX_POINT('',#3456);
#1028=VERTEX_POINT('',#3458);
#1029=VERTEX_POINT('',#3460);
#1030=VERTEX_POINT('',#3462);
#1031=VERTEX_POINT('',#3464);
#1032=VERTEX_POINT('',#3466);
#1033=VERTEX_POINT('',#3468);
#1034=VERTEX_POINT('',#3470);
#1035=VERTEX_POINT('',#3472);
#1036=VERTEX_POINT('',#3474);
#1037=VERTEX_POINT('',#3476);
#1038=VERTEX_POINT('',#3479);
#1039=VERTEX_POINT('',#3481);
#1040=VERTEX_POINT('',#3483);
#1041=VERTEX_POINT('',#3485);
#1042=VERTEX_POINT('',#3487);
#1043=VERTEX_POINT('',#3489);
#1044=VERTEX_POINT('',#3491);
#1045=VERTEX_POINT('',#3493);
#1046=VERTEX_POINT('',#3495);
#1047=VERTEX_POINT('',#3497);
#1048=VERTEX_POINT('',#3501);
#1049=VERTEX_POINT('',#3502);
#1050=VERTEX_POINT('',#3504);
#1051=VERTEX_POINT('',#3506);
#1052=VERTEX_POINT('',#3508);
#1053=VERTEX_POINT('',#3510);
#1054=VERTEX_POINT('',#3512);
#1055=VERTEX_POINT('',#3514);
#1056=VERTEX_POINT('',#3518);
#1057=VERTEX_POINT('',#3520);
#1058=VERTEX_POINT('',#3524);
#1059=VERTEX_POINT('',#3528);
#1060=VERTEX_POINT('',#3532);
#1061=VERTEX_POINT('',#3534);
#1062=VERTEX_POINT('',#3536);
#1063=VERTEX_POINT('',#3538);
#1064=VERTEX_POINT('',#3540);
#1065=VERTEX_POINT('',#3542);
#1066=VERTEX_POINT('',#3545);
#1067=VERTEX_POINT('',#3547);
#1068=VERTEX_POINT('',#3550);
#1069=VERTEX_POINT('',#3552);
#1070=VERTEX_POINT('',#3554);
#1071=VERTEX_POINT('',#3556);
#1072=VERTEX_POINT('',#3558);
#1073=VERTEX_POINT('',#3560);
#1074=VERTEX_POINT('',#3562);
#1075=VERTEX_POINT('',#3565);
#1076=VERTEX_POINT('',#3567);
#1077=VERTEX_POINT('',#3570);
#1078=VERTEX_POINT('',#3572);
#1079=VERTEX_POINT('',#3574);
#1080=VERTEX_POINT('',#3579);
#1081=VERTEX_POINT('',#3581);
#1082=VERTEX_POINT('',#3583);
#1083=VERTEX_POINT('',#3585);
#1084=VERTEX_POINT('',#3588);
#1085=VERTEX_POINT('',#3590);
#1086=VERTEX_POINT('',#3593);
#1087=VERTEX_POINT('',#3595);
#1088=VERTEX_POINT('',#3598);
#1089=VERTEX_POINT('',#3600);
#1090=VERTEX_POINT('',#3603);
#1091=VERTEX_POINT('',#3605);
#1092=VERTEX_POINT('',#3607);
#1093=VERTEX_POINT('',#3609);
#1094=VERTEX_POINT('',#3611);
#1095=VERTEX_POINT('',#3613);
#1096=VERTEX_POINT('',#3615);
#1097=VERTEX_POINT('',#3617);
#1098=VERTEX_POINT('',#3620);
#1099=VERTEX_POINT('',#3622);
#1100=VERTEX_POINT('',#3624);
#1101=VERTEX_POINT('',#3626);
#1102=VERTEX_POINT('',#3628);
#1103=VERTEX_POINT('',#3630);
#1104=VERTEX_POINT('',#3632);
#1105=VERTEX_POINT('',#3634);
#1106=VERTEX_POINT('',#3638);
#1107=VERTEX_POINT('',#3640);
#1108=VERTEX_POINT('',#3642);
#1109=VERTEX_POINT('',#3644);
#1110=VERTEX_POINT('',#3648);
#1111=VERTEX_POINT('',#3650);
#1112=VERTEX_POINT('',#3656);
#1113=VERTEX_POINT('',#3658);
#1114=VERTEX_POINT('',#3667);
#1115=VERTEX_POINT('',#3669);
#1116=VERTEX_POINT('',#3671);
#1117=VERTEX_POINT('',#3675);
#1118=VERTEX_POINT('',#3678);
#1119=VERTEX_POINT('',#3680);
#1120=VERTEX_POINT('',#3686);
#1121=VERTEX_POINT('',#3687);
#1122=VERTEX_POINT('',#3689);
#1123=VERTEX_POINT('',#3691);
#1124=VERTEX_POINT('',#3693);
#1125=VERTEX_POINT('',#3703);
#1126=VERTEX_POINT('',#3707);
#1127=VERTEX_POINT('',#3708);
#1128=VERTEX_POINT('',#3710);
#1129=VERTEX_POINT('',#3714);
#1130=VERTEX_POINT('',#3716);
#1131=VERTEX_POINT('',#3721);
#1132=VERTEX_POINT('',#3725);
#1133=VERTEX_POINT('',#3727);
#1134=VERTEX_POINT('',#3729);
#1135=VERTEX_POINT('',#3731);
#1136=VERTEX_POINT('',#3736);
#1137=VERTEX_POINT('',#3740);
#1138=VERTEX_POINT('',#3742);
#1139=VERTEX_POINT('',#3744);
#1140=VERTEX_POINT('',#3748);
#1141=VERTEX_POINT('',#3750);
#1142=VERTEX_POINT('',#3758);
#1143=VERTEX_POINT('',#3760);
#1144=VERTEX_POINT('',#3762);
#1145=VERTEX_POINT('',#3764);
#1146=VERTEX_POINT('',#3768);
#1147=VERTEX_POINT('',#3772);
#1148=VERTEX_POINT('',#3774);
#1149=VERTEX_POINT('',#3780);
#1150=VERTEX_POINT('',#3783);
#1151=VERTEX_POINT('',#3785);
#1152=VERTEX_POINT('',#3787);
#1153=VERTEX_POINT('',#3790);
#1154=VERTEX_POINT('',#3794);
#1155=VERTEX_POINT('',#3796);
#1156=VERTEX_POINT('',#3798);
#1157=VERTEX_POINT('',#3800);
#1158=VERTEX_POINT('',#3808);
#1159=VERTEX_POINT('',#3812);
#1160=VERTEX_POINT('',#3816);
#1161=VERTEX_POINT('',#3818);
#1162=VERTEX_POINT('',#3824);
#1163=VERTEX_POINT('',#3828);
#1164=VERTEX_POINT('',#3836);
#1165=VERTEX_POINT('',#3838);
#1166=VERTEX_POINT('',#3842);
#1167=VERTEX_POINT('',#3844);
#1168=VERTEX_POINT('',#3848);
#1169=VERTEX_POINT('',#3852);
#1170=VERTEX_POINT('',#3854);
#1171=VERTEX_POINT('',#3860);
#1172=VERTEX_POINT('',#3864);
#1173=VERTEX_POINT('',#3868);
#1174=VERTEX_POINT('',#3883);
#1175=VERTEX_POINT('',#3884);
#1176=VERTEX_POINT('',#3890);
#1177=VERTEX_POINT('',#3891);
#1178=VERTEX_POINT('',#3894);
#1179=VERTEX_POINT('',#3896);
#1180=VERTEX_POINT('',#3901);
#1181=VERTEX_POINT('',#3908);
#1182=VERTEX_POINT('',#3910);
#1183=VERTEX_POINT('',#3918);
#1184=VERTEX_POINT('',#3920);
#1185=VERTEX_POINT('',#3946);
#1186=VERTEX_POINT('',#3950);
#1187=VERTEX_POINT('',#3954);
#1188=VERTEX_POINT('',#3958);
#1189=VERTEX_POINT('',#3962);
#1190=EDGE_CURVE('',#972,#973,#950,.T.);
#1191=EDGE_CURVE('',#974,#972,#926,.T.);
#1192=EDGE_CURVE('',#975,#974,#951,.T.);
#1193=EDGE_CURVE('',#976,#975,#927,.T.);
#1194=EDGE_CURVE('',#973,#976,#952,.T.);
#1195=EDGE_CURVE('',#973,#977,#362,.T.);
#1196=EDGE_CURVE('',#977,#977,#928,.T.);
#1197=EDGE_CURVE('',#978,#978,#929,.T.);
#1198=EDGE_CURVE('',#978,#979,#363,.T.);
#1199=EDGE_CURVE('',#980,#979,#953,.T.);
#1200=EDGE_CURVE('',#981,#980,#954,.T.);
#1201=EDGE_CURVE('',#981,#982,#930,.T.);
#1202=EDGE_CURVE('',#983,#982,#955,.T.);
#1203=EDGE_CURVE('',#984,#983,#956,.T.);
#1204=EDGE_CURVE('',#984,#985,#931,.T.);
#1205=EDGE_CURVE('',#979,#985,#957,.T.);
#1206=EDGE_CURVE('',#986,#987,#958,.T.);
#1207=EDGE_CURVE('',#986,#988,#932,.T.);
#1208=EDGE_CURVE('',#988,#989,#364,.T.);
#1209=EDGE_CURVE('',#990,#989,#119,.T.);
#1210=EDGE_CURVE('',#991,#990,#933,.T.);
#1211=EDGE_CURVE('',#989,#991,#120,.T.);
#1212=EDGE_CURVE('',#988,#992,#934,.T.);
#1213=EDGE_CURVE('',#993,#992,#959,.T.);
#1214=EDGE_CURVE('',#987,#993,#960,.T.);
#1215=EDGE_CURVE('',#976,#994,#961,.T.);
#1216=EDGE_CURVE('',#995,#975,#962,.T.);
#1217=EDGE_CURVE('',#996,#995,#963,.T.);
#1218=EDGE_CURVE('',#996,#997,#365,.T.);
#1219=EDGE_CURVE('',#997,#997,#935,.T.);
#1220=EDGE_CURVE('',#994,#996,#964,.T.);
#1221=EDGE_CURVE('',#998,#999,#965,.T.);
#1222=EDGE_CURVE('',#1000,#998,#936,.T.);
#1223=EDGE_CURVE('',#1000,#1001,#366,.T.);
#1224=EDGE_CURVE('',#1002,#1001,#121,.T.);
#1225=EDGE_CURVE('',#1003,#1002,#937,.T.);
#1226=EDGE_CURVE('',#1001,#1003,#122,.T.);
#1227=EDGE_CURVE('',#999,#1000,#938,.T.);
#1228=EDGE_CURVE('',#982,#1004,#966,.T.);
#1229=EDGE_CURVE('',#1004,#981,#967,.T.);
#1230=EDGE_CURVE('',#1004,#1005,#367,.T.);
#1231=EDGE_CURVE('',#1005,#1005,#939,.T.);
#1232=EDGE_CURVE('',#992,#986,#968,.T.);
#1233=EDGE_CURVE('',#988,#1006,#368,.T.);
#1234=EDGE_CURVE('',#1006,#1006,#940,.T.);
#1235=EDGE_CURVE('',#1007,#1007,#941,.T.);
#1236=EDGE_CURVE('',#1007,#1006,#369,.T.);
#1237=EDGE_CURVE('',#1008,#1008,#942,.T.);
#1238=EDGE_CURVE('',#1008,#977,#370,.T.);
#1239=EDGE_CURVE('',#1009,#1009,#943,.T.);
#1240=EDGE_CURVE('',#1009,#1000,#371,.T.);
#1241=EDGE_CURVE('',#999,#998,#969,.T.);
#1242=EDGE_CURVE('',#1010,#1010,#944,.T.);
#1243=EDGE_CURVE('',#1010,#1009,#372,.T.);
#1244=EDGE_CURVE('',#1011,#1011,#945,.T.);
#1245=EDGE_CURVE('',#1011,#978,#373,.T.);
#1246=EDGE_CURVE('',#974,#972,#970,.T.);
#1247=EDGE_CURVE('',#985,#984,#971,.T.);
#1248=EDGE_CURVE('',#1012,#991,#374,.T.);
#1249=EDGE_CURVE('',#1012,#1013,#375,.T.);
#1250=EDGE_CURVE('',#1013,#1014,#376,.T.);
#1251=EDGE_CURVE('',#1015,#1014,#377,.T.);
#1252=EDGE_CURVE('',#1016,#1015,#378,.T.);
#1253=EDGE_CURVE('',#1017,#1016,#379,.T.);
#1254=EDGE_CURVE('',#990,#1017,#380,.T.);
#1255=EDGE_CURVE('',#1018,#1019,#381,.T.);
#1256=EDGE_CURVE('',#1019,#1020,#382,.T.);
#1257=EDGE_CURVE('',#1020,#1021,#383,.T.);
#1258=EDGE_CURVE('',#1022,#1021,#384,.T.);
#1259=EDGE_CURVE('',#1023,#1022,#385,.T.);
#1260=EDGE_CURVE('',#1024,#1023,#386,.T.);
#1261=EDGE_CURVE('',#1025,#1024,#387,.T.);
#1262=EDGE_CURVE('',#1025,#1018,#388,.F.);
#1263=EDGE_CURVE('',#1026,#1027,#389,.T.);
#1264=EDGE_CURVE('',#1026,#1028,#390,.T.);
#1265=EDGE_CURVE('',#1028,#1029,#391,.T.);
#1266=EDGE_CURVE('',#1029,#1030,#392,.T.);
#1267=EDGE_CURVE('',#1031,#1030,#393,.T.);
#1268=EDGE_CURVE('',#1031,#1032,#394,.T.);
#1269=EDGE_CURVE('',#1032,#1033,#395,.T.);
#1270=EDGE_CURVE('',#1033,#1034,#396,.T.);
#1271=EDGE_CURVE('',#1034,#1035,#397,.T.);
#1272=EDGE_CURVE('',#1035,#1036,#398,.T.);
#1273=EDGE_CURVE('',#1037,#1036,#399,.T.);
#1274=EDGE_CURVE('',#1037,#1027,#400,.T.);
#1275=EDGE_CURVE('',#1002,#1038,#401,.T.);
#1276=EDGE_CURVE('',#1038,#1039,#402,.T.);
#1277=EDGE_CURVE('',#1039,#1040,#403,.T.);
#1278=EDGE_CURVE('',#1040,#1041,#404,.T.);
#1279=EDGE_CURVE('',#1041,#1042,#405,.T.);
#1280=EDGE_CURVE('',#1042,#1043,#406,.T.);
#1281=EDGE_CURVE('',#1043,#1044,#407,.T.);
#1282=EDGE_CURVE('',#1044,#1045,#408,.T.);
#1283=EDGE_CURVE('',#1045,#1046,#409,.T.);
#1284=EDGE_CURVE('',#1046,#1047,#410,.T.);
#1285=EDGE_CURVE('',#1047,#1003,#411,.T.);
#1286=EDGE_CURVE('',#1048,#1049,#412,.T.);
#1287=EDGE_CURVE('',#1049,#1050,#413,.T.);
#1288=EDGE_CURVE('',#1050,#1051,#414,.T.);
#1289=EDGE_CURVE('',#1051,#1052,#415,.T.);
#1290=EDGE_CURVE('',#1052,#1053,#416,.T.);
#1291=EDGE_CURVE('',#1053,#1054,#417,.T.);
#1292=EDGE_CURVE('',#1054,#1055,#418,.T.);
#1293=EDGE_CURVE('',#1055,#1048,#419,.T.);
#1294=EDGE_CURVE('',#1056,#1055,#420,.T.);
#1295=EDGE_CURVE('',#1057,#1056,#421,.T.);
#1296=EDGE_CURVE('',#1057,#1048,#422,.T.);
#1297=EDGE_CURVE('',#1058,#1054,#423,.T.);
#1298=EDGE_CURVE('',#1056,#1058,#424,.T.);
#1299=EDGE_CURVE('',#1059,#1053,#425,.T.);
#1300=EDGE_CURVE('',#1058,#1059,#426,.T.);
#1301=EDGE_CURVE('',#1052,#1060,#427,.T.);
#1302=EDGE_CURVE('',#1060,#1061,#428,.T.);
#1303=EDGE_CURVE('',#1061,#1062,#429,.T.);
#1304=EDGE_CURVE('',#1062,#1063,#430,.T.);
#1305=EDGE_CURVE('',#1063,#1064,#431,.T.);
#1306=EDGE_CURVE('',#1064,#1065,#432,.T.);
#1307=EDGE_CURVE('',#1065,#1025,#433,.T.);
#1308=EDGE_CURVE('',#1066,#1024,#434,.T.);
#1309=EDGE_CURVE('',#1066,#1067,#435,.T.);
#1310=EDGE_CURVE('',#1027,#1067,#436,.T.);
#1311=EDGE_CURVE('',#1068,#1037,#437,.T.);
#1312=EDGE_CURVE('',#1069,#1068,#438,.T.);
#1313=EDGE_CURVE('',#1070,#1069,#439,.T.);
#1314=EDGE_CURVE('',#1070,#1071,#440,.F.);
#1315=EDGE_CURVE('',#1071,#1072,#441,.F.);
#1316=EDGE_CURVE('',#1072,#1073,#442,.F.);
#1317=EDGE_CURVE('',#1074,#1073,#443,.T.);
#1318=EDGE_CURVE('',#1059,#1074,#444,.T.);
#1319=EDGE_CURVE('',#1075,#1075,#946,.T.);
#1320=EDGE_CURVE('',#1076,#1076,#947,.T.);
#1321=EDGE_CURVE('',#1074,#1077,#445,.T.);
#1322=EDGE_CURVE('',#1077,#1078,#446,.T.);
#1323=EDGE_CURVE('',#1078,#1079,#447,.T.);
#1324=EDGE_CURVE('',#1079,#1057,#448,.T.);
#1325=EDGE_CURVE('',#1078,#1050,#449,.T.);
#1326=EDGE_CURVE('',#1080,#1077,#450,.T.);
#1327=EDGE_CURVE('',#1081,#1080,#451,.T.);
#1328=EDGE_CURVE('',#1082,#1081,#452,.T.);
#1329=EDGE_CURVE('',#1082,#1083,#453,.T.);
#1330=EDGE_CURVE('',#1083,#1028,#454,.T.);
#1331=EDGE_CURVE('',#1084,#1026,#455,.T.);
#1332=EDGE_CURVE('',#1085,#1084,#456,.T.);
#1333=EDGE_CURVE('',#1023,#1085,#457,.T.);
#1334=EDGE_CURVE('',#1022,#1086,#458,.T.);
#1335=EDGE_CURVE('',#1086,#1087,#459,.T.);
#1336=EDGE_CURVE('',#1087,#1051,#460,.T.);
#1337=EDGE_CURVE('',#1088,#1088,#948,.T.);
#1338=EDGE_CURVE('',#1089,#1089,#949,.T.);
#1339=EDGE_CURVE('',#1073,#1090,#461,.T.);
#1340=EDGE_CURVE('',#1090,#1091,#462,.T.);
#1341=EDGE_CURVE('',#1091,#1092,#463,.T.);
#1342=EDGE_CURVE('',#1092,#1093,#464,.T.);
#1343=EDGE_CURVE('',#1093,#1094,#465,.T.);
#1344=EDGE_CURVE('',#1094,#1095,#466,.T.);
#1345=EDGE_CURVE('',#1096,#1095,#467,.T.);
#1346=EDGE_CURVE('',#1096,#1097,#468,.T.);
#1347=EDGE_CURVE('',#1097,#1080,#469,.T.);
#1348=EDGE_CURVE('',#1017,#1098,#470,.T.);
#1349=EDGE_CURVE('',#1098,#1099,#471,.T.);
#1350=EDGE_CURVE('',#1099,#1100,#472,.T.);
#1351=EDGE_CURVE('',#1100,#1101,#473,.T.);
#1352=EDGE_CURVE('',#1101,#1102,#474,.T.);
#1353=EDGE_CURVE('',#1102,#1103,#475,.T.);
#1354=EDGE_CURVE('',#1103,#1104,#476,.T.);
#1355=EDGE_CURVE('',#1104,#1105,#477,.T.);
#1356=EDGE_CURVE('',#1105,#1012,#478,.T.);
#1357=EDGE_CURVE('',#1085,#1106,#479,.T.);
#1358=EDGE_CURVE('',#1106,#1107,#480,.T.);
#1359=EDGE_CURVE('',#1107,#1108,#481,.T.);
#1360=EDGE_CURVE('',#1108,#1109,#482,.T.);
#1361=EDGE_CURVE('',#1109,#1066,#483,.T.);
#1362=EDGE_CURVE('',#1106,#1110,#484,.T.);
#1363=EDGE_CURVE('',#1111,#1110,#485,.T.);
#1364=EDGE_CURVE('',#1107,#1111,#486,.T.);
#1365=EDGE_CURVE('',#1110,#1084,#487,.T.);
#1366=EDGE_CURVE('',#1067,#1112,#488,.T.);
#1367=EDGE_CURVE('',#1112,#1113,#489,.T.);
#1368=EDGE_CURVE('',#1113,#1111,#490,.T.);
#1369=EDGE_CURVE('',#1108,#1113,#491,.T.);
#1370=EDGE_CURVE('',#1109,#1112,#492,.T.);
#1371=EDGE_CURVE('',#1114,#1018,#493,.T.);
#1372=EDGE_CURVE('',#1114,#1115,#494,.T.);
#1373=EDGE_CURVE('',#1116,#1115,#495,.T.);
#1374=EDGE_CURVE('',#1019,#1116,#496,.F.);
#1375=EDGE_CURVE('',#1117,#1116,#497,.T.);
#1376=EDGE_CURVE('',#1064,#1115,#498,.T.);
#1377=EDGE_CURVE('',#1063,#1118,#499,.T.);
#1378=EDGE_CURVE('',#1119,#1118,#500,.T.);
#1379=EDGE_CURVE('',#1119,#1117,#501,.T.);
#1380=EDGE_CURVE('',#1065,#1114,#502,.F.);
#1381=EDGE_CURVE('',#1120,#1121,#503,.T.);
#1382=EDGE_CURVE('',#1120,#1122,#504,.T.);
#1383=EDGE_CURVE('',#1123,#1122,#505,.T.);
#1384=EDGE_CURVE('',#1124,#1123,#506,.T.);
#1385=EDGE_CURVE('',#1124,#1121,#507,.T.);
#1386=EDGE_CURVE('',#1061,#1122,#508,.T.);
#1387=EDGE_CURVE('',#1123,#1060,#509,.F.);
#1388=EDGE_CURVE('',#1062,#1120,#510,.T.);
#1389=EDGE_CURVE('',#1125,#1117,#511,.T.);
#1390=EDGE_CURVE('',#1125,#1119,#512,.T.);
#1391=EDGE_CURVE('',#1126,#1127,#513,.T.);
#1392=EDGE_CURVE('',#1128,#1127,#514,.T.);
#1393=EDGE_CURVE('',#1126,#1128,#515,.T.);
#1394=EDGE_CURVE('',#1118,#1129,#516,.T.);
#1395=EDGE_CURVE('',#1130,#1129,#517,.T.);
#1396=EDGE_CURVE('',#1125,#1130,#518,.T.);
#1397=EDGE_CURVE('',#1128,#1118,#519,.T.);
#1398=EDGE_CURVE('',#1127,#1131,#520,.T.);
#1399=EDGE_CURVE('',#1129,#1131,#521,.T.);
#1400=EDGE_CURVE('',#1132,#1124,#522,.T.);
#1401=EDGE_CURVE('',#1132,#1133,#523,.T.);
#1402=EDGE_CURVE('',#1134,#1133,#524,.T.);
#1403=EDGE_CURVE('',#1135,#1134,#525,.T.);
#1404=EDGE_CURVE('',#1131,#1135,#526,.T.);
#1405=EDGE_CURVE('',#1121,#1126,#527,.T.);
#1406=EDGE_CURVE('',#1087,#1136,#528,.T.);
#1407=EDGE_CURVE('',#1136,#1132,#529,.T.);
#1408=EDGE_CURVE('',#1137,#1130,#530,.T.);
#1409=EDGE_CURVE('',#1138,#1137,#531,.T.);
#1410=EDGE_CURVE('',#1139,#1138,#532,.T.);
#1411=EDGE_CURVE('',#1020,#1139,#533,.T.);
#1412=EDGE_CURVE('',#1140,#1136,#534,.T.);
#1413=EDGE_CURVE('',#1140,#1141,#535,.T.);
#1414=EDGE_CURVE('',#1133,#1141,#536,.T.);
#1415=EDGE_CURVE('',#1021,#1140,#537,.T.);
#1416=EDGE_CURVE('',#1141,#1139,#538,.T.);
#1417=EDGE_CURVE('',#1138,#1142,#539,.T.);
#1418=EDGE_CURVE('',#1143,#1142,#540,.T.);
#1419=EDGE_CURVE('',#1144,#1143,#541,.T.);
#1420=EDGE_CURVE('',#1145,#1144,#542,.T.);
#1421=EDGE_CURVE('',#1134,#1145,#543,.F.);
#1422=EDGE_CURVE('',#1137,#1146,#544,.F.);
#1423=EDGE_CURVE('',#1142,#1146,#545,.T.);
#1424=EDGE_CURVE('',#1135,#1147,#546,.T.);
#1425=EDGE_CURVE('',#1148,#1147,#547,.T.);
#1426=EDGE_CURVE('',#1146,#1148,#548,.T.);
#1427=EDGE_CURVE('',#1147,#1145,#549,.T.);
#1428=EDGE_CURVE('',#1149,#1143,#550,.T.);
#1429=EDGE_CURVE('',#1149,#1029,#551,.T.);
#1430=EDGE_CURVE('',#1029,#1150,#552,.T.);
#1431=EDGE_CURVE('',#1150,#1151,#553,.T.);
#1432=EDGE_CURVE('',#1151,#1152,#554,.T.);
#1433=EDGE_CURVE('',#1152,#1097,#555,.T.);
#1434=EDGE_CURVE('',#1097,#1153,#556,.T.);
#1435=EDGE_CURVE('',#1144,#1153,#557,.T.);
#1436=EDGE_CURVE('',#1148,#1154,#558,.T.);
#1437=EDGE_CURVE('',#1154,#1155,#559,.T.);
#1438=EDGE_CURVE('',#1155,#1156,#560,.T.);
#1439=EDGE_CURVE('',#1156,#1157,#561,.T.);
#1440=EDGE_CURVE('',#1157,#1031,#562,.T.);
#1441=EDGE_CURVE('',#1030,#1149,#563,.T.);
#1442=EDGE_CURVE('',#1099,#1015,#564,.T.);
#1443=EDGE_CURVE('',#1098,#1016,#565,.T.);
#1444=EDGE_CURVE('',#1100,#1158,#566,.T.);
#1445=EDGE_CURVE('',#1014,#1158,#567,.T.);
#1446=EDGE_CURVE('',#1101,#1159,#568,.T.);
#1447=EDGE_CURVE('',#1158,#1159,#569,.T.);
#1448=EDGE_CURVE('',#1102,#1160,#570,.T.);
#1449=EDGE_CURVE('',#1159,#1161,#571,.T.);
#1450=EDGE_CURVE('',#1160,#1161,#572,.T.);
#1451=EDGE_CURVE('',#1103,#1160,#573,.T.);
#1452=EDGE_CURVE('',#1104,#1162,#574,.T.);
#1453=EDGE_CURVE('',#1161,#1162,#575,.T.);
#1454=EDGE_CURVE('',#1105,#1163,#576,.T.);
#1455=EDGE_CURVE('',#1162,#1163,#577,.T.);
#1456=EDGE_CURVE('',#1163,#1013,#578,.T.);
#1457=EDGE_CURVE('',#1045,#1164,#579,.T.);
#1458=EDGE_CURVE('',#1165,#1164,#580,.T.);
#1459=EDGE_CURVE('',#1046,#1165,#581,.T.);
#1460=EDGE_CURVE('',#1044,#1166,#582,.T.);
#1461=EDGE_CURVE('',#1167,#1166,#583,.T.);
#1462=EDGE_CURVE('',#1164,#1167,#584,.T.);
#1463=EDGE_CURVE('',#1043,#1168,#585,.T.);
#1464=EDGE_CURVE('',#1166,#1168,#586,.T.);
#1465=EDGE_CURVE('',#1042,#1169,#587,.T.);
#1466=EDGE_CURVE('',#1169,#1170,#588,.T.);
#1467=EDGE_CURVE('',#1168,#1170,#589,.T.);
#1468=EDGE_CURVE('',#1041,#1169,#590,.T.);
#1469=EDGE_CURVE('',#1040,#1171,#591,.T.);
#1470=EDGE_CURVE('',#1170,#1171,#592,.T.);
#1471=EDGE_CURVE('',#1039,#1172,#593,.T.);
#1472=EDGE_CURVE('',#1171,#1172,#594,.T.);
#1473=EDGE_CURVE('',#1038,#1173,#595,.T.);
#1474=EDGE_CURVE('',#1172,#1173,#596,.T.);
#1475=EDGE_CURVE('',#1047,#1165,#597,.T.);
#1476=EDGE_CURVE('',#1173,#1167,#598,.T.);
#1477=EDGE_CURVE('',#1086,#1140,#599,.T.);
#1478=EDGE_CURVE('',#1079,#1049,#600,.T.);
#1479=EDGE_CURVE('',#1174,#1175,#601,.T.);
#1480=EDGE_CURVE('',#1034,#1174,#602,.T.);
#1481=EDGE_CURVE('',#1156,#1033,#603,.T.);
#1482=EDGE_CURVE('',#1175,#1155,#604,.T.);
#1483=EDGE_CURVE('',#1176,#1177,#605,.T.);
#1484=EDGE_CURVE('',#1093,#1176,#606,.T.);
#1485=EDGE_CURVE('',#1178,#1092,#607,.T.);
#1486=EDGE_CURVE('',#1179,#1178,#608,.T.);
#1487=EDGE_CURVE('',#1177,#1179,#609,.T.);
#1488=EDGE_CURVE('',#1153,#1096,#610,.T.);
#1489=EDGE_CURVE('',#1095,#1180,#611,.T.);
#1490=EDGE_CURVE('',#1180,#1176,#612,.T.);
#1491=EDGE_CURVE('',#1177,#1154,#613,.T.);
#1492=EDGE_CURVE('',#1179,#1175,#614,.T.);
#1493=EDGE_CURVE('',#1178,#1181,#615,.T.);
#1494=EDGE_CURVE('',#1182,#1181,#616,.T.);
#1495=EDGE_CURVE('',#1182,#1174,#617,.T.);
#1496=EDGE_CURVE('',#1181,#1091,#618,.T.);
#1497=EDGE_CURVE('',#1035,#1182,#619,.T.);
#1498=EDGE_CURVE('',#1090,#1183,#620,.T.);
#1499=EDGE_CURVE('',#1183,#1184,#621,.T.);
#1500=EDGE_CURVE('',#1184,#1036,#622,.T.);
#1501=EDGE_CURVE('',#1180,#1094,#623,.T.);
#1502=EDGE_CURVE('',#1157,#1032,#624,.T.);
#1503=EDGE_CURVE('',#1075,#993,#625,.T.);
#1504=EDGE_CURVE('',#987,#994,#626,.T.);
#1505=EDGE_CURVE('',#995,#1088,#627,.T.);
#1506=EDGE_CURVE('',#1076,#980,#628,.T.);
#1507=EDGE_CURVE('',#983,#1089,#629,.T.);
#1508=EDGE_CURVE('',#1081,#1152,#630,.T.);
#1509=EDGE_CURVE('',#1082,#1151,#631,.T.);
#1510=EDGE_CURVE('',#1083,#1150,#632,.T.);
#1511=EDGE_CURVE('',#1184,#1185,#633,.F.);
#1512=EDGE_CURVE('',#1068,#1185,#634,.T.);
#1513=EDGE_CURVE('',#1072,#1186,#635,.T.);
#1514=EDGE_CURVE('',#1186,#1183,#636,.F.);
#1515=EDGE_CURVE('',#1071,#1187,#637,.F.);
#1516=EDGE_CURVE('',#1187,#1186,#638,.F.);
#1517=EDGE_CURVE('',#1070,#1188,#639,.F.);
#1518=EDGE_CURVE('',#1188,#1187,#640,.F.);
#1519=EDGE_CURVE('',#1069,#1189,#641,.F.);
#1520=EDGE_CURVE('',#1189,#1188,#642,.F.);
#1521=EDGE_CURVE('',#1185,#1189,#643,.F.);
#1522=ORIENTED_EDGE('',*,*,#1190,.F.);
#1523=ORIENTED_EDGE('',*,*,#1191,.F.);
#1524=ORIENTED_EDGE('',*,*,#1192,.F.);
#1525=ORIENTED_EDGE('',*,*,#1193,.F.);
#1526=ORIENTED_EDGE('',*,*,#1194,.F.);
#1527=ORIENTED_EDGE('',*,*,#1195,.T.);
#1528=ORIENTED_EDGE('',*,*,#1196,.F.);
#1529=ORIENTED_EDGE('',*,*,#1195,.F.);
#1530=ORIENTED_EDGE('',*,*,#1197,.F.);
#1531=ORIENTED_EDGE('',*,*,#1198,.T.);
#1532=ORIENTED_EDGE('',*,*,#1199,.F.);
#1533=ORIENTED_EDGE('',*,*,#1200,.F.);
#1534=ORIENTED_EDGE('',*,*,#1201,.T.);
#1535=ORIENTED_EDGE('',*,*,#1202,.F.);
#1536=ORIENTED_EDGE('',*,*,#1203,.F.);
#1537=ORIENTED_EDGE('',*,*,#1204,.T.);
#1538=ORIENTED_EDGE('',*,*,#1205,.F.);
#1539=ORIENTED_EDGE('',*,*,#1198,.F.);
#1540=ORIENTED_EDGE('',*,*,#1206,.F.);
#1541=ORIENTED_EDGE('',*,*,#1207,.T.);
#1542=ORIENTED_EDGE('',*,*,#1208,.T.);
#1543=ORIENTED_EDGE('',*,*,#1209,.F.);
#1544=ORIENTED_EDGE('',*,*,#1210,.F.);
#1545=ORIENTED_EDGE('',*,*,#1211,.F.);
#1546=ORIENTED_EDGE('',*,*,#1208,.F.);
#1547=ORIENTED_EDGE('',*,*,#1212,.T.);
#1548=ORIENTED_EDGE('',*,*,#1213,.F.);
#1549=ORIENTED_EDGE('',*,*,#1214,.F.);
#1550=ORIENTED_EDGE('',*,*,#1215,.F.);
#1551=ORIENTED_EDGE('',*,*,#1193,.T.);
#1552=ORIENTED_EDGE('',*,*,#1216,.F.);
#1553=ORIENTED_EDGE('',*,*,#1217,.F.);
#1554=ORIENTED_EDGE('',*,*,#1218,.T.);
#1555=ORIENTED_EDGE('',*,*,#1219,.F.);
#1556=ORIENTED_EDGE('',*,*,#1218,.F.);
#1557=ORIENTED_EDGE('',*,*,#1220,.F.);
#1558=ORIENTED_EDGE('',*,*,#1221,.F.);
#1559=ORIENTED_EDGE('',*,*,#1222,.F.);
#1560=ORIENTED_EDGE('',*,*,#1223,.T.);
#1561=ORIENTED_EDGE('',*,*,#1224,.F.);
#1562=ORIENTED_EDGE('',*,*,#1225,.F.);
#1563=ORIENTED_EDGE('',*,*,#1226,.F.);
#1564=ORIENTED_EDGE('',*,*,#1223,.F.);
#1565=ORIENTED_EDGE('',*,*,#1227,.F.);
#1566=ORIENTED_EDGE('',*,*,#1228,.F.);
#1567=ORIENTED_EDGE('',*,*,#1201,.F.);
#1568=ORIENTED_EDGE('',*,*,#1229,.F.);
#1569=ORIENTED_EDGE('',*,*,#1230,.T.);
#1570=ORIENTED_EDGE('',*,*,#1231,.F.);
#1571=ORIENTED_EDGE('',*,*,#1230,.F.);
#1572=ORIENTED_EDGE('',*,*,#1232,.F.);
#1573=ORIENTED_EDGE('',*,*,#1212,.F.);
#1574=ORIENTED_EDGE('',*,*,#1233,.T.);
#1575=ORIENTED_EDGE('',*,*,#1234,.F.);
#1576=ORIENTED_EDGE('',*,*,#1233,.F.);
#1577=ORIENTED_EDGE('',*,*,#1207,.F.);
#1578=ORIENTED_EDGE('',*,*,#1235,.F.);
#1579=ORIENTED_EDGE('',*,*,#1236,.T.);
#1580=ORIENTED_EDGE('',*,*,#1234,.T.);
#1581=ORIENTED_EDGE('',*,*,#1236,.F.);
#1582=ORIENTED_EDGE('',*,*,#1237,.F.);
#1583=ORIENTED_EDGE('',*,*,#1238,.T.);
#1584=ORIENTED_EDGE('',*,*,#1196,.T.);
#1585=ORIENTED_EDGE('',*,*,#1238,.F.);
#1586=ORIENTED_EDGE('',*,*,#1239,.F.);
#1587=ORIENTED_EDGE('',*,*,#1240,.T.);
#1588=ORIENTED_EDGE('',*,*,#1222,.T.);
#1589=ORIENTED_EDGE('',*,*,#1241,.F.);
#1590=ORIENTED_EDGE('',*,*,#1227,.T.);
#1591=ORIENTED_EDGE('',*,*,#1240,.F.);
#1592=ORIENTED_EDGE('',*,*,#1242,.F.);
#1593=ORIENTED_EDGE('',*,*,#1243,.T.);
#1594=ORIENTED_EDGE('',*,*,#1239,.T.);
#1595=ORIENTED_EDGE('',*,*,#1243,.F.);
#1596=ORIENTED_EDGE('',*,*,#1244,.F.);
#1597=ORIENTED_EDGE('',*,*,#1245,.T.);
#1598=ORIENTED_EDGE('',*,*,#1197,.T.);
#1599=ORIENTED_EDGE('',*,*,#1245,.F.);
#1600=ORIENTED_EDGE('',*,*,#1246,.F.);
#1601=ORIENTED_EDGE('',*,*,#1191,.T.);
#1602=ORIENTED_EDGE('',*,*,#1247,.F.);
#1603=ORIENTED_EDGE('',*,*,#1204,.F.);
#1604=ORIENTED_EDGE('',*,*,#1209,.T.);
#1605=ORIENTED_EDGE('',*,*,#1211,.T.);
#1606=ORIENTED_EDGE('',*,*,#1248,.F.);
#1607=ORIENTED_EDGE('',*,*,#1249,.T.);
#1608=ORIENTED_EDGE('',*,*,#1250,.T.);
#1609=ORIENTED_EDGE('',*,*,#1251,.F.);
#1610=ORIENTED_EDGE('',*,*,#1252,.F.);
#1611=ORIENTED_EDGE('',*,*,#1253,.F.);
#1612=ORIENTED_EDGE('',*,*,#1254,.F.);
#1613=ORIENTED_EDGE('',*,*,#1255,.T.);
#1614=ORIENTED_EDGE('',*,*,#1256,.T.);
#1615=ORIENTED_EDGE('',*,*,#1257,.T.);
#1616=ORIENTED_EDGE('',*,*,#1258,.F.);
#1617=ORIENTED_EDGE('',*,*,#1259,.F.);
#1618=ORIENTED_EDGE('',*,*,#1260,.F.);
#1619=ORIENTED_EDGE('',*,*,#1261,.F.);
#1620=ORIENTED_EDGE('',*,*,#1262,.T.);
#1621=ORIENTED_EDGE('',*,*,#1244,.T.);
#1622=ORIENTED_EDGE('',*,*,#1242,.T.);
#1623=ORIENTED_EDGE('',*,*,#1263,.F.);
#1624=ORIENTED_EDGE('',*,*,#1264,.T.);
#1625=ORIENTED_EDGE('',*,*,#1265,.T.);
#1626=ORIENTED_EDGE('',*,*,#1266,.T.);
#1627=ORIENTED_EDGE('',*,*,#1267,.F.);
#1628=ORIENTED_EDGE('',*,*,#1268,.T.);
#1629=ORIENTED_EDGE('',*,*,#1269,.T.);
#1630=ORIENTED_EDGE('',*,*,#1270,.T.);
#1631=ORIENTED_EDGE('',*,*,#1271,.T.);
#1632=ORIENTED_EDGE('',*,*,#1272,.T.);
#1633=ORIENTED_EDGE('',*,*,#1273,.F.);
#1634=ORIENTED_EDGE('',*,*,#1274,.T.);
#1635=ORIENTED_EDGE('',*,*,#1225,.T.);
#1636=ORIENTED_EDGE('',*,*,#1275,.T.);
#1637=ORIENTED_EDGE('',*,*,#1276,.T.);
#1638=ORIENTED_EDGE('',*,*,#1277,.T.);
#1639=ORIENTED_EDGE('',*,*,#1278,.T.);
#1640=ORIENTED_EDGE('',*,*,#1279,.T.);
#1641=ORIENTED_EDGE('',*,*,#1280,.T.);
#1642=ORIENTED_EDGE('',*,*,#1281,.T.);
#1643=ORIENTED_EDGE('',*,*,#1282,.T.);
#1644=ORIENTED_EDGE('',*,*,#1283,.T.);
#1645=ORIENTED_EDGE('',*,*,#1284,.T.);
#1646=ORIENTED_EDGE('',*,*,#1285,.T.);
#1647=ORIENTED_EDGE('',*,*,#1231,.T.);
#1648=ORIENTED_EDGE('',*,*,#1286,.T.);
#1649=ORIENTED_EDGE('',*,*,#1287,.T.);
#1650=ORIENTED_EDGE('',*,*,#1288,.T.);
#1651=ORIENTED_EDGE('',*,*,#1289,.T.);
#1652=ORIENTED_EDGE('',*,*,#1290,.T.);
#1653=ORIENTED_EDGE('',*,*,#1291,.T.);
#1654=ORIENTED_EDGE('',*,*,#1292,.T.);
#1655=ORIENTED_EDGE('',*,*,#1293,.T.);
#1656=ORIENTED_EDGE('',*,*,#1293,.F.);
#1657=ORIENTED_EDGE('',*,*,#1294,.F.);
#1658=ORIENTED_EDGE('',*,*,#1295,.F.);
#1659=ORIENTED_EDGE('',*,*,#1296,.T.);
#1660=ORIENTED_EDGE('',*,*,#1292,.F.);
#1661=ORIENTED_EDGE('',*,*,#1297,.F.);
#1662=ORIENTED_EDGE('',*,*,#1298,.F.);
#1663=ORIENTED_EDGE('',*,*,#1294,.T.);
#1664=ORIENTED_EDGE('',*,*,#1291,.F.);
#1665=ORIENTED_EDGE('',*,*,#1299,.F.);
#1666=ORIENTED_EDGE('',*,*,#1300,.F.);
#1667=ORIENTED_EDGE('',*,*,#1297,.T.);
#1668=ORIENTED_EDGE('',*,*,#1290,.F.);
#1669=ORIENTED_EDGE('',*,*,#1301,.T.);
#1670=ORIENTED_EDGE('',*,*,#1302,.T.);
#1671=ORIENTED_EDGE('',*,*,#1303,.T.);
#1672=ORIENTED_EDGE('',*,*,#1304,.T.);
#1673=ORIENTED_EDGE('',*,*,#1305,.T.);
#1674=ORIENTED_EDGE('',*,*,#1306,.T.);
#1675=ORIENTED_EDGE('',*,*,#1307,.T.);
#1676=ORIENTED_EDGE('',*,*,#1261,.T.);
#1677=ORIENTED_EDGE('',*,*,#1308,.F.);
#1678=ORIENTED_EDGE('',*,*,#1309,.T.);
#1679=ORIENTED_EDGE('',*,*,#1310,.F.);
#1680=ORIENTED_EDGE('',*,*,#1274,.F.);
#1681=ORIENTED_EDGE('',*,*,#1311,.F.);
#1682=ORIENTED_EDGE('',*,*,#1312,.F.);
#1683=ORIENTED_EDGE('',*,*,#1313,.F.);
#1684=ORIENTED_EDGE('',*,*,#1314,.T.);
#1685=ORIENTED_EDGE('',*,*,#1315,.T.);
#1686=ORIENTED_EDGE('',*,*,#1316,.T.);
#1687=ORIENTED_EDGE('',*,*,#1317,.F.);
#1688=ORIENTED_EDGE('',*,*,#1318,.F.);
#1689=ORIENTED_EDGE('',*,*,#1299,.T.);
#1690=ORIENTED_EDGE('',*,*,#1319,.T.);
#1691=ORIENTED_EDGE('',*,*,#1320,.T.);
#1692=ORIENTED_EDGE('',*,*,#1318,.T.);
#1693=ORIENTED_EDGE('',*,*,#1321,.T.);
#1694=ORIENTED_EDGE('',*,*,#1322,.T.);
#1695=ORIENTED_EDGE('',*,*,#1323,.T.);
#1696=ORIENTED_EDGE('',*,*,#1324,.T.);
#1697=ORIENTED_EDGE('',*,*,#1295,.T.);
#1698=ORIENTED_EDGE('',*,*,#1298,.T.);
#1699=ORIENTED_EDGE('',*,*,#1300,.T.);
#1700=ORIENTED_EDGE('',*,*,#1288,.F.);
#1701=ORIENTED_EDGE('',*,*,#1325,.F.);
#1702=ORIENTED_EDGE('',*,*,#1322,.F.);
#1703=ORIENTED_EDGE('',*,*,#1326,.F.);
#1704=ORIENTED_EDGE('',*,*,#1327,.F.);
#1705=ORIENTED_EDGE('',*,*,#1328,.F.);
#1706=ORIENTED_EDGE('',*,*,#1329,.T.);
#1707=ORIENTED_EDGE('',*,*,#1330,.T.);
#1708=ORIENTED_EDGE('',*,*,#1264,.F.);
#1709=ORIENTED_EDGE('',*,*,#1331,.F.);
#1710=ORIENTED_EDGE('',*,*,#1332,.F.);
#1711=ORIENTED_EDGE('',*,*,#1333,.F.);
#1712=ORIENTED_EDGE('',*,*,#1259,.T.);
#1713=ORIENTED_EDGE('',*,*,#1334,.T.);
#1714=ORIENTED_EDGE('',*,*,#1335,.T.);
#1715=ORIENTED_EDGE('',*,*,#1336,.T.);
#1716=ORIENTED_EDGE('',*,*,#1337,.F.);
#1717=ORIENTED_EDGE('',*,*,#1338,.F.);
#1718=ORIENTED_EDGE('',*,*,#1321,.F.);
#1719=ORIENTED_EDGE('',*,*,#1317,.T.);
#1720=ORIENTED_EDGE('',*,*,#1339,.T.);
#1721=ORIENTED_EDGE('',*,*,#1340,.T.);
#1722=ORIENTED_EDGE('',*,*,#1341,.T.);
#1723=ORIENTED_EDGE('',*,*,#1342,.T.);
#1724=ORIENTED_EDGE('',*,*,#1343,.T.);
#1725=ORIENTED_EDGE('',*,*,#1344,.T.);
#1726=ORIENTED_EDGE('',*,*,#1345,.F.);
#1727=ORIENTED_EDGE('',*,*,#1346,.T.);
#1728=ORIENTED_EDGE('',*,*,#1347,.T.);
#1729=ORIENTED_EDGE('',*,*,#1326,.T.);
#1730=ORIENTED_EDGE('',*,*,#1210,.T.);
#1731=ORIENTED_EDGE('',*,*,#1254,.T.);
#1732=ORIENTED_EDGE('',*,*,#1348,.T.);
#1733=ORIENTED_EDGE('',*,*,#1349,.T.);
#1734=ORIENTED_EDGE('',*,*,#1350,.T.);
#1735=ORIENTED_EDGE('',*,*,#1351,.T.);
#1736=ORIENTED_EDGE('',*,*,#1352,.T.);
#1737=ORIENTED_EDGE('',*,*,#1353,.T.);
#1738=ORIENTED_EDGE('',*,*,#1354,.T.);
#1739=ORIENTED_EDGE('',*,*,#1355,.T.);
#1740=ORIENTED_EDGE('',*,*,#1356,.T.);
#1741=ORIENTED_EDGE('',*,*,#1248,.T.);
#1742=ORIENTED_EDGE('',*,*,#1219,.T.);
#1743=ORIENTED_EDGE('',*,*,#1333,.T.);
#1744=ORIENTED_EDGE('',*,*,#1357,.T.);
#1745=ORIENTED_EDGE('',*,*,#1358,.T.);
#1746=ORIENTED_EDGE('',*,*,#1359,.T.);
#1747=ORIENTED_EDGE('',*,*,#1360,.T.);
#1748=ORIENTED_EDGE('',*,*,#1361,.T.);
#1749=ORIENTED_EDGE('',*,*,#1308,.T.);
#1750=ORIENTED_EDGE('',*,*,#1260,.T.);
#1751=ORIENTED_EDGE('',*,*,#1358,.F.);
#1752=ORIENTED_EDGE('',*,*,#1362,.T.);
#1753=ORIENTED_EDGE('',*,*,#1363,.F.);
#1754=ORIENTED_EDGE('',*,*,#1364,.F.);
#1755=ORIENTED_EDGE('',*,*,#1357,.F.);
#1756=ORIENTED_EDGE('',*,*,#1332,.T.);
#1757=ORIENTED_EDGE('',*,*,#1365,.F.);
#1758=ORIENTED_EDGE('',*,*,#1362,.F.);
#1759=ORIENTED_EDGE('',*,*,#1331,.T.);
#1760=ORIENTED_EDGE('',*,*,#1263,.T.);
#1761=ORIENTED_EDGE('',*,*,#1310,.T.);
#1762=ORIENTED_EDGE('',*,*,#1366,.T.);
#1763=ORIENTED_EDGE('',*,*,#1367,.T.);
#1764=ORIENTED_EDGE('',*,*,#1368,.T.);
#1765=ORIENTED_EDGE('',*,*,#1363,.T.);
#1766=ORIENTED_EDGE('',*,*,#1365,.T.);
#1767=ORIENTED_EDGE('',*,*,#1359,.F.);
#1768=ORIENTED_EDGE('',*,*,#1364,.T.);
#1769=ORIENTED_EDGE('',*,*,#1368,.F.);
#1770=ORIENTED_EDGE('',*,*,#1369,.F.);
#1771=ORIENTED_EDGE('',*,*,#1360,.F.);
#1772=ORIENTED_EDGE('',*,*,#1369,.T.);
#1773=ORIENTED_EDGE('',*,*,#1367,.F.);
#1774=ORIENTED_EDGE('',*,*,#1370,.F.);
#1775=ORIENTED_EDGE('',*,*,#1361,.F.);
#1776=ORIENTED_EDGE('',*,*,#1370,.T.);
#1777=ORIENTED_EDGE('',*,*,#1366,.F.);
#1778=ORIENTED_EDGE('',*,*,#1309,.F.);
#1779=ORIENTED_EDGE('',*,*,#1371,.F.);
#1780=ORIENTED_EDGE('',*,*,#1372,.T.);
#1781=ORIENTED_EDGE('',*,*,#1373,.F.);
#1782=ORIENTED_EDGE('',*,*,#1374,.F.);
#1783=ORIENTED_EDGE('',*,*,#1255,.F.);
#1784=ORIENTED_EDGE('',*,*,#1375,.T.);
#1785=ORIENTED_EDGE('',*,*,#1373,.T.);
#1786=ORIENTED_EDGE('',*,*,#1376,.F.);
#1787=ORIENTED_EDGE('',*,*,#1305,.F.);
#1788=ORIENTED_EDGE('',*,*,#1377,.T.);
#1789=ORIENTED_EDGE('',*,*,#1378,.F.);
#1790=ORIENTED_EDGE('',*,*,#1379,.T.);
#1791=ORIENTED_EDGE('',*,*,#1372,.F.);
#1792=ORIENTED_EDGE('',*,*,#1380,.F.);
#1793=ORIENTED_EDGE('',*,*,#1306,.F.);
#1794=ORIENTED_EDGE('',*,*,#1376,.T.);
#1795=ORIENTED_EDGE('',*,*,#1381,.F.);
#1796=ORIENTED_EDGE('',*,*,#1382,.T.);
#1797=ORIENTED_EDGE('',*,*,#1383,.F.);
#1798=ORIENTED_EDGE('',*,*,#1384,.F.);
#1799=ORIENTED_EDGE('',*,*,#1385,.T.);
#1800=ORIENTED_EDGE('',*,*,#1383,.T.);
#1801=ORIENTED_EDGE('',*,*,#1386,.F.);
#1802=ORIENTED_EDGE('',*,*,#1302,.F.);
#1803=ORIENTED_EDGE('',*,*,#1387,.F.);
#1804=ORIENTED_EDGE('',*,*,#1382,.F.);
#1805=ORIENTED_EDGE('',*,*,#1388,.F.);
#1806=ORIENTED_EDGE('',*,*,#1303,.F.);
#1807=ORIENTED_EDGE('',*,*,#1386,.T.);
#1808=ORIENTED_EDGE('',*,*,#1371,.T.);
#1809=ORIENTED_EDGE('',*,*,#1262,.F.);
#1810=ORIENTED_EDGE('',*,*,#1307,.F.);
#1811=ORIENTED_EDGE('',*,*,#1380,.T.);
#1812=ORIENTED_EDGE('',*,*,#1389,.T.);
#1813=ORIENTED_EDGE('',*,*,#1379,.F.);
#1814=ORIENTED_EDGE('',*,*,#1390,.F.);
#1815=ORIENTED_EDGE('',*,*,#1391,.T.);
#1816=ORIENTED_EDGE('',*,*,#1392,.F.);
#1817=ORIENTED_EDGE('',*,*,#1393,.F.);
#1818=ORIENTED_EDGE('',*,*,#1390,.T.);
#1819=ORIENTED_EDGE('',*,*,#1378,.T.);
#1820=ORIENTED_EDGE('',*,*,#1394,.T.);
#1821=ORIENTED_EDGE('',*,*,#1395,.F.);
#1822=ORIENTED_EDGE('',*,*,#1396,.F.);
#1823=ORIENTED_EDGE('',*,*,#1397,.F.);
#1824=ORIENTED_EDGE('',*,*,#1392,.T.);
#1825=ORIENTED_EDGE('',*,*,#1398,.T.);
#1826=ORIENTED_EDGE('',*,*,#1399,.F.);
#1827=ORIENTED_EDGE('',*,*,#1394,.F.);
#1828=ORIENTED_EDGE('',*,*,#1400,.F.);
#1829=ORIENTED_EDGE('',*,*,#1401,.T.);
#1830=ORIENTED_EDGE('',*,*,#1402,.F.);
#1831=ORIENTED_EDGE('',*,*,#1403,.F.);
#1832=ORIENTED_EDGE('',*,*,#1404,.F.);
#1833=ORIENTED_EDGE('',*,*,#1398,.F.);
#1834=ORIENTED_EDGE('',*,*,#1391,.F.);
#1835=ORIENTED_EDGE('',*,*,#1405,.F.);
#1836=ORIENTED_EDGE('',*,*,#1385,.F.);
#1837=ORIENTED_EDGE('',*,*,#1289,.F.);
#1838=ORIENTED_EDGE('',*,*,#1336,.F.);
#1839=ORIENTED_EDGE('',*,*,#1406,.T.);
#1840=ORIENTED_EDGE('',*,*,#1407,.T.);
#1841=ORIENTED_EDGE('',*,*,#1400,.T.);
#1842=ORIENTED_EDGE('',*,*,#1384,.T.);
#1843=ORIENTED_EDGE('',*,*,#1387,.T.);
#1844=ORIENTED_EDGE('',*,*,#1301,.F.);
#1845=ORIENTED_EDGE('',*,*,#1235,.T.);
#1846=ORIENTED_EDGE('',*,*,#1237,.T.);
#1847=ORIENTED_EDGE('',*,*,#1396,.T.);
#1848=ORIENTED_EDGE('',*,*,#1408,.F.);
#1849=ORIENTED_EDGE('',*,*,#1409,.F.);
#1850=ORIENTED_EDGE('',*,*,#1410,.F.);
#1851=ORIENTED_EDGE('',*,*,#1411,.F.);
#1852=ORIENTED_EDGE('',*,*,#1256,.F.);
#1853=ORIENTED_EDGE('',*,*,#1374,.T.);
#1854=ORIENTED_EDGE('',*,*,#1375,.F.);
#1855=ORIENTED_EDGE('',*,*,#1389,.F.);
#1856=ORIENTED_EDGE('',*,*,#1407,.F.);
#1857=ORIENTED_EDGE('',*,*,#1412,.F.);
#1858=ORIENTED_EDGE('',*,*,#1413,.T.);
#1859=ORIENTED_EDGE('',*,*,#1414,.F.);
#1860=ORIENTED_EDGE('',*,*,#1401,.F.);
#1861=ORIENTED_EDGE('',*,*,#1415,.F.);
#1862=ORIENTED_EDGE('',*,*,#1257,.F.);
#1863=ORIENTED_EDGE('',*,*,#1411,.T.);
#1864=ORIENTED_EDGE('',*,*,#1416,.F.);
#1865=ORIENTED_EDGE('',*,*,#1413,.F.);
#1866=ORIENTED_EDGE('',*,*,#1405,.T.);
#1867=ORIENTED_EDGE('',*,*,#1393,.T.);
#1868=ORIENTED_EDGE('',*,*,#1397,.T.);
#1869=ORIENTED_EDGE('',*,*,#1377,.F.);
#1870=ORIENTED_EDGE('',*,*,#1304,.F.);
#1871=ORIENTED_EDGE('',*,*,#1388,.T.);
#1872=ORIENTED_EDGE('',*,*,#1381,.T.);
#1873=ORIENTED_EDGE('',*,*,#1402,.T.);
#1874=ORIENTED_EDGE('',*,*,#1414,.T.);
#1875=ORIENTED_EDGE('',*,*,#1416,.T.);
#1876=ORIENTED_EDGE('',*,*,#1410,.T.);
#1877=ORIENTED_EDGE('',*,*,#1417,.T.);
#1878=ORIENTED_EDGE('',*,*,#1418,.F.);
#1879=ORIENTED_EDGE('',*,*,#1419,.F.);
#1880=ORIENTED_EDGE('',*,*,#1420,.F.);
#1881=ORIENTED_EDGE('',*,*,#1421,.F.);
#1882=ORIENTED_EDGE('',*,*,#1409,.T.);
#1883=ORIENTED_EDGE('',*,*,#1422,.T.);
#1884=ORIENTED_EDGE('',*,*,#1423,.F.);
#1885=ORIENTED_EDGE('',*,*,#1417,.F.);
#1886=ORIENTED_EDGE('',*,*,#1404,.T.);
#1887=ORIENTED_EDGE('',*,*,#1424,.T.);
#1888=ORIENTED_EDGE('',*,*,#1425,.F.);
#1889=ORIENTED_EDGE('',*,*,#1426,.F.);
#1890=ORIENTED_EDGE('',*,*,#1422,.F.);
#1891=ORIENTED_EDGE('',*,*,#1408,.T.);
#1892=ORIENTED_EDGE('',*,*,#1395,.T.);
#1893=ORIENTED_EDGE('',*,*,#1399,.T.);
#1894=ORIENTED_EDGE('',*,*,#1403,.T.);
#1895=ORIENTED_EDGE('',*,*,#1421,.T.);
#1896=ORIENTED_EDGE('',*,*,#1427,.F.);
#1897=ORIENTED_EDGE('',*,*,#1424,.F.);
#1898=ORIENTED_EDGE('',*,*,#1419,.T.);
#1899=ORIENTED_EDGE('',*,*,#1428,.F.);
#1900=ORIENTED_EDGE('',*,*,#1429,.T.);
#1901=ORIENTED_EDGE('',*,*,#1430,.T.);
#1902=ORIENTED_EDGE('',*,*,#1431,.T.);
#1903=ORIENTED_EDGE('',*,*,#1432,.T.);
#1904=ORIENTED_EDGE('',*,*,#1433,.T.);
#1905=ORIENTED_EDGE('',*,*,#1434,.T.);
#1906=ORIENTED_EDGE('',*,*,#1435,.F.);
#1907=ORIENTED_EDGE('',*,*,#1418,.T.);
#1908=ORIENTED_EDGE('',*,*,#1423,.T.);
#1909=ORIENTED_EDGE('',*,*,#1426,.T.);
#1910=ORIENTED_EDGE('',*,*,#1436,.T.);
#1911=ORIENTED_EDGE('',*,*,#1437,.T.);
#1912=ORIENTED_EDGE('',*,*,#1438,.T.);
#1913=ORIENTED_EDGE('',*,*,#1439,.T.);
#1914=ORIENTED_EDGE('',*,*,#1440,.T.);
#1915=ORIENTED_EDGE('',*,*,#1267,.T.);
#1916=ORIENTED_EDGE('',*,*,#1441,.T.);
#1917=ORIENTED_EDGE('',*,*,#1428,.T.);
#1918=ORIENTED_EDGE('',*,*,#1442,.F.);
#1919=ORIENTED_EDGE('',*,*,#1349,.F.);
#1920=ORIENTED_EDGE('',*,*,#1443,.T.);
#1921=ORIENTED_EDGE('',*,*,#1252,.T.);
#1922=ORIENTED_EDGE('',*,*,#1444,.F.);
#1923=ORIENTED_EDGE('',*,*,#1350,.F.);
#1924=ORIENTED_EDGE('',*,*,#1442,.T.);
#1925=ORIENTED_EDGE('',*,*,#1251,.T.);
#1926=ORIENTED_EDGE('',*,*,#1445,.T.);
#1927=ORIENTED_EDGE('',*,*,#1446,.F.);
#1928=ORIENTED_EDGE('',*,*,#1351,.F.);
#1929=ORIENTED_EDGE('',*,*,#1444,.T.);
#1930=ORIENTED_EDGE('',*,*,#1447,.T.);
#1931=ORIENTED_EDGE('',*,*,#1448,.F.);
#1932=ORIENTED_EDGE('',*,*,#1352,.F.);
#1933=ORIENTED_EDGE('',*,*,#1446,.T.);
#1934=ORIENTED_EDGE('',*,*,#1449,.T.);
#1935=ORIENTED_EDGE('',*,*,#1450,.F.);
#1936=ORIENTED_EDGE('',*,*,#1451,.F.);
#1937=ORIENTED_EDGE('',*,*,#1353,.F.);
#1938=ORIENTED_EDGE('',*,*,#1448,.T.);
#1939=ORIENTED_EDGE('',*,*,#1452,.F.);
#1940=ORIENTED_EDGE('',*,*,#1354,.F.);
#1941=ORIENTED_EDGE('',*,*,#1451,.T.);
#1942=ORIENTED_EDGE('',*,*,#1450,.T.);
#1943=ORIENTED_EDGE('',*,*,#1453,.T.);
#1944=ORIENTED_EDGE('',*,*,#1454,.F.);
#1945=ORIENTED_EDGE('',*,*,#1355,.F.);
#1946=ORIENTED_EDGE('',*,*,#1452,.T.);
#1947=ORIENTED_EDGE('',*,*,#1455,.T.);
#1948=ORIENTED_EDGE('',*,*,#1249,.F.);
#1949=ORIENTED_EDGE('',*,*,#1356,.F.);
#1950=ORIENTED_EDGE('',*,*,#1454,.T.);
#1951=ORIENTED_EDGE('',*,*,#1456,.T.);
#1952=ORIENTED_EDGE('',*,*,#1253,.T.);
#1953=ORIENTED_EDGE('',*,*,#1443,.F.);
#1954=ORIENTED_EDGE('',*,*,#1348,.F.);
#1955=ORIENTED_EDGE('',*,*,#1449,.F.);
#1956=ORIENTED_EDGE('',*,*,#1447,.F.);
#1957=ORIENTED_EDGE('',*,*,#1445,.F.);
#1958=ORIENTED_EDGE('',*,*,#1250,.F.);
#1959=ORIENTED_EDGE('',*,*,#1456,.F.);
#1960=ORIENTED_EDGE('',*,*,#1455,.F.);
#1961=ORIENTED_EDGE('',*,*,#1453,.F.);
#1962=ORIENTED_EDGE('',*,*,#1457,.T.);
#1963=ORIENTED_EDGE('',*,*,#1458,.F.);
#1964=ORIENTED_EDGE('',*,*,#1459,.F.);
#1965=ORIENTED_EDGE('',*,*,#1283,.F.);
#1966=ORIENTED_EDGE('',*,*,#1460,.T.);
#1967=ORIENTED_EDGE('',*,*,#1461,.F.);
#1968=ORIENTED_EDGE('',*,*,#1462,.F.);
#1969=ORIENTED_EDGE('',*,*,#1457,.F.);
#1970=ORIENTED_EDGE('',*,*,#1282,.F.);
#1971=ORIENTED_EDGE('',*,*,#1463,.T.);
#1972=ORIENTED_EDGE('',*,*,#1464,.F.);
#1973=ORIENTED_EDGE('',*,*,#1460,.F.);
#1974=ORIENTED_EDGE('',*,*,#1281,.F.);
#1975=ORIENTED_EDGE('',*,*,#1465,.T.);
#1976=ORIENTED_EDGE('',*,*,#1466,.T.);
#1977=ORIENTED_EDGE('',*,*,#1467,.F.);
#1978=ORIENTED_EDGE('',*,*,#1463,.F.);
#1979=ORIENTED_EDGE('',*,*,#1280,.F.);
#1980=ORIENTED_EDGE('',*,*,#1468,.T.);
#1981=ORIENTED_EDGE('',*,*,#1465,.F.);
#1982=ORIENTED_EDGE('',*,*,#1279,.F.);
#1983=ORIENTED_EDGE('',*,*,#1469,.T.);
#1984=ORIENTED_EDGE('',*,*,#1470,.F.);
#1985=ORIENTED_EDGE('',*,*,#1466,.F.);
#1986=ORIENTED_EDGE('',*,*,#1468,.F.);
#1987=ORIENTED_EDGE('',*,*,#1278,.F.);
#1988=ORIENTED_EDGE('',*,*,#1471,.T.);
#1989=ORIENTED_EDGE('',*,*,#1472,.F.);
#1990=ORIENTED_EDGE('',*,*,#1469,.F.);
#1991=ORIENTED_EDGE('',*,*,#1277,.F.);
#1992=ORIENTED_EDGE('',*,*,#1473,.T.);
#1993=ORIENTED_EDGE('',*,*,#1474,.F.);
#1994=ORIENTED_EDGE('',*,*,#1471,.F.);
#1995=ORIENTED_EDGE('',*,*,#1276,.F.);
#1996=ORIENTED_EDGE('',*,*,#1224,.T.);
#1997=ORIENTED_EDGE('',*,*,#1226,.T.);
#1998=ORIENTED_EDGE('',*,*,#1285,.F.);
#1999=ORIENTED_EDGE('',*,*,#1475,.T.);
#2000=ORIENTED_EDGE('',*,*,#1458,.T.);
#2001=ORIENTED_EDGE('',*,*,#1462,.T.);
#2002=ORIENTED_EDGE('',*,*,#1476,.F.);
#2003=ORIENTED_EDGE('',*,*,#1473,.F.);
#2004=ORIENTED_EDGE('',*,*,#1275,.F.);
#2005=ORIENTED_EDGE('',*,*,#1475,.F.);
#2006=ORIENTED_EDGE('',*,*,#1284,.F.);
#2007=ORIENTED_EDGE('',*,*,#1459,.T.);
#2008=ORIENTED_EDGE('',*,*,#1467,.T.);
#2009=ORIENTED_EDGE('',*,*,#1470,.T.);
#2010=ORIENTED_EDGE('',*,*,#1472,.T.);
#2011=ORIENTED_EDGE('',*,*,#1474,.T.);
#2012=ORIENTED_EDGE('',*,*,#1476,.T.);
#2013=ORIENTED_EDGE('',*,*,#1461,.T.);
#2014=ORIENTED_EDGE('',*,*,#1464,.T.);
#2015=ORIENTED_EDGE('',*,*,#1412,.T.);
#2016=ORIENTED_EDGE('',*,*,#1406,.F.);
#2017=ORIENTED_EDGE('',*,*,#1335,.F.);
#2018=ORIENTED_EDGE('',*,*,#1477,.T.);
#2019=ORIENTED_EDGE('',*,*,#1415,.T.);
#2020=ORIENTED_EDGE('',*,*,#1477,.F.);
#2021=ORIENTED_EDGE('',*,*,#1334,.F.);
#2022=ORIENTED_EDGE('',*,*,#1258,.T.);
#2023=ORIENTED_EDGE('',*,*,#1286,.F.);
#2024=ORIENTED_EDGE('',*,*,#1296,.F.);
#2025=ORIENTED_EDGE('',*,*,#1324,.F.);
#2026=ORIENTED_EDGE('',*,*,#1478,.T.);
#2027=ORIENTED_EDGE('',*,*,#1287,.F.);
#2028=ORIENTED_EDGE('',*,*,#1478,.F.);
#2029=ORIENTED_EDGE('',*,*,#1323,.F.);
#2030=ORIENTED_EDGE('',*,*,#1325,.T.);
#2031=ORIENTED_EDGE('',*,*,#1479,.F.);
#2032=ORIENTED_EDGE('',*,*,#1480,.F.);
#2033=ORIENTED_EDGE('',*,*,#1270,.F.);
#2034=ORIENTED_EDGE('',*,*,#1481,.F.);
#2035=ORIENTED_EDGE('',*,*,#1438,.F.);
#2036=ORIENTED_EDGE('',*,*,#1482,.F.);
#2037=ORIENTED_EDGE('',*,*,#1483,.F.);
#2038=ORIENTED_EDGE('',*,*,#1484,.F.);
#2039=ORIENTED_EDGE('',*,*,#1342,.F.);
#2040=ORIENTED_EDGE('',*,*,#1485,.F.);
#2041=ORIENTED_EDGE('',*,*,#1486,.F.);
#2042=ORIENTED_EDGE('',*,*,#1487,.F.);
#2043=ORIENTED_EDGE('',*,*,#1420,.T.);
#2044=ORIENTED_EDGE('',*,*,#1435,.T.);
#2045=ORIENTED_EDGE('',*,*,#1488,.T.);
#2046=ORIENTED_EDGE('',*,*,#1345,.T.);
#2047=ORIENTED_EDGE('',*,*,#1489,.T.);
#2048=ORIENTED_EDGE('',*,*,#1490,.T.);
#2049=ORIENTED_EDGE('',*,*,#1483,.T.);
#2050=ORIENTED_EDGE('',*,*,#1491,.T.);
#2051=ORIENTED_EDGE('',*,*,#1436,.F.);
#2052=ORIENTED_EDGE('',*,*,#1425,.T.);
#2053=ORIENTED_EDGE('',*,*,#1427,.T.);
#2054=ORIENTED_EDGE('',*,*,#1482,.T.);
#2055=ORIENTED_EDGE('',*,*,#1437,.F.);
#2056=ORIENTED_EDGE('',*,*,#1491,.F.);
#2057=ORIENTED_EDGE('',*,*,#1487,.T.);
#2058=ORIENTED_EDGE('',*,*,#1492,.T.);
#2059=ORIENTED_EDGE('',*,*,#1479,.T.);
#2060=ORIENTED_EDGE('',*,*,#1492,.F.);
#2061=ORIENTED_EDGE('',*,*,#1486,.T.);
#2062=ORIENTED_EDGE('',*,*,#1493,.T.);
#2063=ORIENTED_EDGE('',*,*,#1494,.F.);
#2064=ORIENTED_EDGE('',*,*,#1495,.T.);
#2065=ORIENTED_EDGE('',*,*,#1485,.T.);
#2066=ORIENTED_EDGE('',*,*,#1341,.F.);
#2067=ORIENTED_EDGE('',*,*,#1496,.F.);
#2068=ORIENTED_EDGE('',*,*,#1493,.F.);
#2069=ORIENTED_EDGE('',*,*,#1480,.T.);
#2070=ORIENTED_EDGE('',*,*,#1495,.F.);
#2071=ORIENTED_EDGE('',*,*,#1497,.F.);
#2072=ORIENTED_EDGE('',*,*,#1271,.F.);
#2073=ORIENTED_EDGE('',*,*,#1496,.T.);
#2074=ORIENTED_EDGE('',*,*,#1340,.F.);
#2075=ORIENTED_EDGE('',*,*,#1498,.T.);
#2076=ORIENTED_EDGE('',*,*,#1499,.T.);
#2077=ORIENTED_EDGE('',*,*,#1500,.T.);
#2078=ORIENTED_EDGE('',*,*,#1272,.F.);
#2079=ORIENTED_EDGE('',*,*,#1497,.T.);
#2080=ORIENTED_EDGE('',*,*,#1494,.T.);
#2081=ORIENTED_EDGE('',*,*,#1484,.T.);
#2082=ORIENTED_EDGE('',*,*,#1490,.F.);
#2083=ORIENTED_EDGE('',*,*,#1501,.T.);
#2084=ORIENTED_EDGE('',*,*,#1343,.F.);
#2085=ORIENTED_EDGE('',*,*,#1344,.F.);
#2086=ORIENTED_EDGE('',*,*,#1501,.F.);
#2087=ORIENTED_EDGE('',*,*,#1489,.F.);
#2088=ORIENTED_EDGE('',*,*,#1434,.F.);
#2089=ORIENTED_EDGE('',*,*,#1346,.F.);
#2090=ORIENTED_EDGE('',*,*,#1488,.F.);
#2091=ORIENTED_EDGE('',*,*,#1429,.F.);
#2092=ORIENTED_EDGE('',*,*,#1441,.F.);
#2093=ORIENTED_EDGE('',*,*,#1266,.F.);
#2094=ORIENTED_EDGE('',*,*,#1481,.T.);
#2095=ORIENTED_EDGE('',*,*,#1269,.F.);
#2096=ORIENTED_EDGE('',*,*,#1502,.F.);
#2097=ORIENTED_EDGE('',*,*,#1439,.F.);
#2098=ORIENTED_EDGE('',*,*,#1268,.F.);
#2099=ORIENTED_EDGE('',*,*,#1440,.F.);
#2100=ORIENTED_EDGE('',*,*,#1502,.T.);
#2101=ORIENTED_EDGE('',*,*,#1319,.F.);
#2102=ORIENTED_EDGE('',*,*,#1503,.T.);
#2103=ORIENTED_EDGE('',*,*,#1213,.T.);
#2104=ORIENTED_EDGE('',*,*,#1232,.T.);
#2105=ORIENTED_EDGE('',*,*,#1206,.T.);
#2106=ORIENTED_EDGE('',*,*,#1504,.T.);
#2107=ORIENTED_EDGE('',*,*,#1220,.T.);
#2108=ORIENTED_EDGE('',*,*,#1217,.T.);
#2109=ORIENTED_EDGE('',*,*,#1505,.T.);
#2110=ORIENTED_EDGE('',*,*,#1337,.T.);
#2111=ORIENTED_EDGE('',*,*,#1505,.F.);
#2112=ORIENTED_EDGE('',*,*,#1216,.T.);
#2113=ORIENTED_EDGE('',*,*,#1192,.T.);
#2114=ORIENTED_EDGE('',*,*,#1246,.T.);
#2115=ORIENTED_EDGE('',*,*,#1190,.T.);
#2116=ORIENTED_EDGE('',*,*,#1194,.T.);
#2117=ORIENTED_EDGE('',*,*,#1215,.T.);
#2118=ORIENTED_EDGE('',*,*,#1504,.F.);
#2119=ORIENTED_EDGE('',*,*,#1214,.T.);
#2120=ORIENTED_EDGE('',*,*,#1503,.F.);
#2121=ORIENTED_EDGE('',*,*,#1320,.F.);
#2122=ORIENTED_EDGE('',*,*,#1506,.T.);
#2123=ORIENTED_EDGE('',*,*,#1199,.T.);
#2124=ORIENTED_EDGE('',*,*,#1205,.T.);
#2125=ORIENTED_EDGE('',*,*,#1247,.T.);
#2126=ORIENTED_EDGE('',*,*,#1203,.T.);
#2127=ORIENTED_EDGE('',*,*,#1507,.T.);
#2128=ORIENTED_EDGE('',*,*,#1338,.T.);
#2129=ORIENTED_EDGE('',*,*,#1507,.F.);
#2130=ORIENTED_EDGE('',*,*,#1202,.T.);
#2131=ORIENTED_EDGE('',*,*,#1228,.T.);
#2132=ORIENTED_EDGE('',*,*,#1229,.T.);
#2133=ORIENTED_EDGE('',*,*,#1200,.T.);
#2134=ORIENTED_EDGE('',*,*,#1506,.F.);
#2135=ORIENTED_EDGE('',*,*,#1241,.T.);
#2136=ORIENTED_EDGE('',*,*,#1221,.T.);
#2137=ORIENTED_EDGE('',*,*,#1328,.T.);
#2138=ORIENTED_EDGE('',*,*,#1508,.T.);
#2139=ORIENTED_EDGE('',*,*,#1432,.F.);
#2140=ORIENTED_EDGE('',*,*,#1509,.F.);
#2141=ORIENTED_EDGE('',*,*,#1327,.T.);
#2142=ORIENTED_EDGE('',*,*,#1347,.F.);
#2143=ORIENTED_EDGE('',*,*,#1433,.F.);
#2144=ORIENTED_EDGE('',*,*,#1508,.F.);
#2145=ORIENTED_EDGE('',*,*,#1330,.F.);
#2146=ORIENTED_EDGE('',*,*,#1510,.T.);
#2147=ORIENTED_EDGE('',*,*,#1430,.F.);
#2148=ORIENTED_EDGE('',*,*,#1265,.F.);
#2149=ORIENTED_EDGE('',*,*,#1329,.F.);
#2150=ORIENTED_EDGE('',*,*,#1509,.T.);
#2151=ORIENTED_EDGE('',*,*,#1431,.F.);
#2152=ORIENTED_EDGE('',*,*,#1510,.F.);
#2153=ORIENTED_EDGE('',*,*,#1511,.T.);
#2154=ORIENTED_EDGE('',*,*,#1512,.F.);
#2155=ORIENTED_EDGE('',*,*,#1311,.T.);
#2156=ORIENTED_EDGE('',*,*,#1273,.T.);
#2157=ORIENTED_EDGE('',*,*,#1500,.F.);
#2158=ORIENTED_EDGE('',*,*,#1498,.F.);
#2159=ORIENTED_EDGE('',*,*,#1339,.F.);
#2160=ORIENTED_EDGE('',*,*,#1316,.F.);
#2161=ORIENTED_EDGE('',*,*,#1513,.T.);
#2162=ORIENTED_EDGE('',*,*,#1514,.T.);
#2163=ORIENTED_EDGE('',*,*,#1315,.F.);
#2164=ORIENTED_EDGE('',*,*,#1515,.T.);
#2165=ORIENTED_EDGE('',*,*,#1516,.T.);
#2166=ORIENTED_EDGE('',*,*,#1513,.F.);
#2167=ORIENTED_EDGE('',*,*,#1314,.F.);
#2168=ORIENTED_EDGE('',*,*,#1517,.T.);
#2169=ORIENTED_EDGE('',*,*,#1518,.T.);
#2170=ORIENTED_EDGE('',*,*,#1515,.F.);
#2171=ORIENTED_EDGE('',*,*,#1313,.T.);
#2172=ORIENTED_EDGE('',*,*,#1519,.T.);
#2173=ORIENTED_EDGE('',*,*,#1520,.T.);
#2174=ORIENTED_EDGE('',*,*,#1517,.F.);
#2175=ORIENTED_EDGE('',*,*,#1312,.T.);
#2176=ORIENTED_EDGE('',*,*,#1512,.T.);
#2177=ORIENTED_EDGE('',*,*,#1521,.T.);
#2178=ORIENTED_EDGE('',*,*,#1519,.F.);
#2179=ORIENTED_EDGE('',*,*,#1499,.F.);
#2180=ORIENTED_EDGE('',*,*,#1514,.F.);
#2181=ORIENTED_EDGE('',*,*,#1516,.F.);
#2182=ORIENTED_EDGE('',*,*,#1518,.F.);
#2183=ORIENTED_EDGE('',*,*,#1520,.F.);
#2184=ORIENTED_EDGE('',*,*,#1521,.F.);
#2185=ORIENTED_EDGE('',*,*,#1511,.F.);
#2186=CONICAL_SURFACE('',#2311,1.625,0.78539816339745);
#2187=CONICAL_SURFACE('',#2315,1.625,0.78539816339745);
#2188=CONICAL_SURFACE('',#2335,1.625,0.78539816339745);
#2189=CONICAL_SURFACE('',#2341,1.625,0.78539816339745);
#2190=ADVANCED_FACE('',(#135),#2186,.F.);
#2191=ADVANCED_FACE('',(#136),#2187,.F.);
#2192=ADVANCED_FACE('',(#137),#123,.F.);
#2193=ADVANCED_FACE('',(#138),#124,.F.);
#2194=ADVANCED_FACE('',(#139),#125,.F.);
#2195=ADVANCED_FACE('',(#140),#126,.F.);
#2196=ADVANCED_FACE('',(#141),#2188,.F.);
#2197=ADVANCED_FACE('',(#142),#127,.F.);
#2198=ADVANCED_FACE('',(#143),#128,.F.);
#2199=ADVANCED_FACE('',(#144),#2189,.F.);
#2200=ADVANCED_FACE('',(#145),#129,.F.);
#2201=ADVANCED_FACE('',(#146),#130,.F.);
#2202=ADVANCED_FACE('',(#147),#131,.F.);
#2203=ADVANCED_FACE('',(#148),#132,.F.);
#2204=ADVANCED_FACE('',(#149),#28,.T.);
#2205=ADVANCED_FACE('',(#150,#15,#16),#29,.F.);
#2206=ADVANCED_FACE('',(#151,#17,#18),#30,.T.);
#2207=ADVANCED_FACE('',(#152),#31,.T.);
#2208=ADVANCED_FACE('',(#153),#32,.T.);
#2209=ADVANCED_FACE('',(#154),#33,.T.);
#2210=ADVANCED_FACE('',(#155),#34,.T.);
#2211=ADVANCED_FACE('',(#156,#19,#20),#35,.T.);
#2212=ADVANCED_FACE('',(#157),#36,.T.);
#2213=ADVANCED_FACE('',(#158,#21,#22),#37,.T.);
#2214=ADVANCED_FACE('',(#159,#23,#24),#38,.T.);
#2215=ADVANCED_FACE('',(#160),#39,.T.);
#2216=ADVANCED_FACE('',(#161),#40,.T.);
#2217=ADVANCED_FACE('',(#162),#41,.T.);
#2218=ADVANCED_FACE('',(#163),#42,.T.);
#2219=ADVANCED_FACE('',(#164),#43,.T.);
#2220=ADVANCED_FACE('',(#165),#44,.T.);
#2221=ADVANCED_FACE('',(#166),#45,.T.);
#2222=ADVANCED_FACE('',(#167),#46,.T.);
#2223=ADVANCED_FACE('',(#168),#47,.F.);
#2224=ADVANCED_FACE('',(#169),#48,.F.);
#2225=ADVANCED_FACE('',(#170),#49,.T.);
#2226=ADVANCED_FACE('',(#171),#50,.F.);
#2227=ADVANCED_FACE('',(#172),#51,.F.);
#2228=ADVANCED_FACE('',(#173),#52,.F.);
#2229=ADVANCED_FACE('',(#174),#53,.F.);
#2230=ADVANCED_FACE('',(#175),#54,.F.);
#2231=ADVANCED_FACE('',(#176),#55,.F.);
#2232=ADVANCED_FACE('',(#177),#56,.F.);
#2233=ADVANCED_FACE('',(#178),#57,.F.);
#2234=ADVANCED_FACE('',(#179,#25,#26),#58,.F.);
#2235=ADVANCED_FACE('',(#180),#59,.F.);
#2236=ADVANCED_FACE('',(#181),#60,.F.);
#2237=ADVANCED_FACE('',(#182),#61,.F.);
#2238=ADVANCED_FACE('',(#183),#62,.F.);
#2239=ADVANCED_FACE('',(#184),#63,.F.);
#2240=ADVANCED_FACE('',(#185),#64,.F.);
#2241=ADVANCED_FACE('',(#186),#65,.F.);
#2242=ADVANCED_FACE('',(#187),#66,.F.);
#2243=ADVANCED_FACE('',(#188),#67,.T.);
#2244=ADVANCED_FACE('',(#189),#68,.T.);
#2245=ADVANCED_FACE('',(#190),#69,.T.);
#2246=ADVANCED_FACE('',(#191),#70,.T.);
#2247=ADVANCED_FACE('',(#192),#71,.T.);
#2248=ADVANCED_FACE('',(#193),#72,.T.);
#2249=ADVANCED_FACE('',(#194),#73,.T.);
#2250=ADVANCED_FACE('',(#195),#74,.T.);
#2251=ADVANCED_FACE('',(#196),#75,.T.);
#2252=ADVANCED_FACE('',(#197),#76,.T.);
#2253=ADVANCED_FACE('',(#198),#77,.T.);
#2254=ADVANCED_FACE('',(#199),#78,.F.);
#2255=ADVANCED_FACE('',(#200),#79,.F.);
#2256=ADVANCED_FACE('',(#201),#80,.F.);
#2257=ADVANCED_FACE('',(#202),#81,.F.);
#2258=ADVANCED_FACE('',(#203),#82,.F.);
#2259=ADVANCED_FACE('',(#204),#83,.F.);
#2260=ADVANCED_FACE('',(#205),#84,.F.);
#2261=ADVANCED_FACE('',(#206),#85,.F.);
#2262=ADVANCED_FACE('',(#207),#86,.F.);
#2263=ADVANCED_FACE('',(#208),#87,.F.);
#2264=ADVANCED_FACE('',(#209),#88,.F.);
#2265=ADVANCED_FACE('',(#210),#89,.T.);
#2266=ADVANCED_FACE('',(#211),#90,.F.);
#2267=ADVANCED_FACE('',(#212),#91,.F.);
#2268=ADVANCED_FACE('',(#213),#92,.T.);
#2269=ADVANCED_FACE('',(#214),#93,.T.);
#2270=ADVANCED_FACE('',(#215),#94,.F.);
#2271=ADVANCED_FACE('',(#216),#95,.F.);
#2272=ADVANCED_FACE('',(#217),#96,.T.);
#2273=ADVANCED_FACE('',(#218),#97,.T.);
#2274=ADVANCED_FACE('',(#219),#98,.T.);
#2275=ADVANCED_FACE('',(#220),#99,.T.);
#2276=ADVANCED_FACE('',(#221),#100,.F.);
#2277=ADVANCED_FACE('',(#222),#101,.T.);
#2278=ADVANCED_FACE('',(#223),#102,.T.);
#2279=ADVANCED_FACE('',(#224),#103,.T.);
#2280=ADVANCED_FACE('',(#225),#104,.T.);
#2281=ADVANCED_FACE('',(#226),#105,.F.);
#2282=ADVANCED_FACE('',(#227),#106,.F.);
#2283=ADVANCED_FACE('',(#228),#107,.F.);
#2284=ADVANCED_FACE('',(#229),#133,.F.);
#2285=ADVANCED_FACE('',(#230,#27),#134,.F.);
#2286=ADVANCED_FACE('',(#231),#108,.F.);
#2287=ADVANCED_FACE('',(#232),#109,.F.);
#2288=ADVANCED_FACE('',(#233),#110,.F.);
#2289=ADVANCED_FACE('',(#234),#111,.F.);
#2290=ADVANCED_FACE('',(#235),#112,.F.);
#2291=ADVANCED_FACE('',(#236),#113,.F.);
#2292=ADVANCED_FACE('',(#237),#114,.F.);
#2293=ADVANCED_FACE('',(#238),#115,.F.);
#2294=ADVANCED_FACE('',(#239),#116,.F.);
#2295=ADVANCED_FACE('',(#240),#117,.F.);
#2296=ADVANCED_FACE('',(#241),#118,.F.);
#2297=CLOSED_SHELL('',(#2190,#2191,#2192,#2193,#2194,#2195,#2196,#2197,
#2198,#2199,#2200,#2201,#2202,#2203,#2204,#2205,#2206,#2207,#2208,#2209,
#2210,#2211,#2212,#2213,#2214,#2215,#2216,#2217,#2218,#2219,#2220,#2221,
#2222,#2223,#2224,#2225,#2226,#2227,#2228,#2229,#2230,#2231,#2232,#2233,
#2234,#2235,#2236,#2237,#2238,#2239,#2240,#2241,#2242,#2243,#2244,#2245,
#2246,#2247,#2248,#2249,#2250,#2251,#2252,#2253,#2254,#2255,#2256,#2257,
#2258,#2259,#2260,#2261,#2262,#2263,#2264,#2265,#2266,#2267,#2268,#2269,
#2270,#2271,#2272,#2273,#2274,#2275,#2276,#2277,#2278,#2279,#2280,#2281,
#2282,#2283,#2284,#2285,#2286,#2287,#2288,#2289,#2290,#2291,#2292,#2293,
#2294,#2295,#2296));
#2298=DERIVED_UNIT_ELEMENT(#2300,1.);
#2299=DERIVED_UNIT_ELEMENT(#3973,-3.);
#2300=(
MASS_UNIT()
NAMED_UNIT(*)
SI_UNIT(.KILO.,.GRAM.)
);
#2301=DERIVED_UNIT((#2298,#2299));
#2302=MEASURE_REPRESENTATION_ITEM('density measure',
POSITIVE_RATIO_MEASURE(7850.),#2301);
#2303=PROPERTY_DEFINITION_REPRESENTATION(#2308,#2305);
#2304=PROPERTY_DEFINITION_REPRESENTATION(#2309,#2306);
#2305=REPRESENTATION('material name',(#2307),#3970);
#2306=REPRESENTATION('density',(#2302),#3970);
#2307=DESCRIPTIVE_REPRESENTATION_ITEM('Steel','Steel');
#2308=PROPERTY_DEFINITION('material property','material name',#3980);
#2309=PROPERTY_DEFINITION('material property','density of part',#3980);
#2310=AXIS2_PLACEMENT_3D('',#3000,#2446,#2447);
#2311=AXIS2_PLACEMENT_3D('',#3001,#2448,#2449);
#2312=AXIS2_PLACEMENT_3D('',#3013,#2450,#2451);
#2313=AXIS2_PLACEMENT_3D('',#3028,#2452,#2453);
#2314=AXIS2_PLACEMENT_3D('',#3039,#2455,#2456);
#2315=AXIS2_PLACEMENT_3D('',#3040,#2457,#2458);
#2316=AXIS2_PLACEMENT_3D('',#3042,#2459,#2460);
#2317=AXIS2_PLACEMENT_3D('',#3060,#2462,#2463);
#2318=AXIS2_PLACEMENT_3D('',#3080,#2464,#2465);
#2319=AXIS2_PLACEMENT_3D('',#3089,#2466,#2467);
#2320=AXIS2_PLACEMENT_3D('',#3116,#2468,#2469);
#2321=AXIS2_PLACEMENT_3D('',#3120,#2471,#2472);
#2322=AXIS2_PLACEMENT_3D('',#3122,#2473,#2474);
#2323=AXIS2_PLACEMENT_3D('',#3123,#2475,#2476);
#2324=AXIS2_PLACEMENT_3D('',#3125,#2477,#2478);
#2325=AXIS2_PLACEMENT_3D('',#3155,#2479,#2480);
#2326=AXIS2_PLACEMENT_3D('',#3224,#2482,#2483);
#2327=AXIS2_PLACEMENT_3D('',#3229,#2484,#2485);
#2328=AXIS2_PLACEMENT_3D('',#3276,#2486,#2487);
#2329=AXIS2_PLACEMENT_3D('',#3280,#2489,#2490);
#2330=AXIS2_PLACEMENT_3D('',#3282,#2491,#2492);
#2331=AXIS2_PLACEMENT_3D('',#3283,#2493,#2494);
#2332=AXIS2_PLACEMENT_3D('',#3284,#2495,#2496);
#2333=AXIS2_PLACEMENT_3D('',#3285,#2497,#2498);
#2334=AXIS2_PLACEMENT_3D('',#3348,#2500,#2501);
#2335=AXIS2_PLACEMENT_3D('',#3349,#2502,#2503);
#2336=AXIS2_PLACEMENT_3D('',#3366,#2505,#2506);
#2337=AXIS2_PLACEMENT_3D('',#3367,#2507,#2508);
#2338=AXIS2_PLACEMENT_3D('',#3369,#2509,#2510);
#2339=AXIS2_PLACEMENT_3D('',#3371,#2512,#2513);
#2340=AXIS2_PLACEMENT_3D('',#3373,#2514,#2515);
#2341=AXIS2_PLACEMENT_3D('',#3375,#2517,#2518);
#2342=AXIS2_PLACEMENT_3D('',#3377,#2519,#2520);
#2343=AXIS2_PLACEMENT_3D('',#3393,#2522,#2523);
#2344=AXIS2_PLACEMENT_3D('',#3395,#2524,#2525);
#2345=AXIS2_PLACEMENT_3D('',#3397,#2527,#2528);
#2346=AXIS2_PLACEMENT_3D('',#3399,#2529,#2530);
#2347=AXIS2_PLACEMENT_3D('',#3401,#2532,#2533);
#2348=AXIS2_PLACEMENT_3D('',#3412,#2534,#2535);
#2349=AXIS2_PLACEMENT_3D('',#3423,#2536,#2537);
#2350=AXIS2_PLACEMENT_3D('',#3437,#2545,#2546);
#2351=AXIS2_PLACEMENT_3D('',#3454,#2555,#2556);
#2352=AXIS2_PLACEMENT_3D('',#3500,#2580,#2581);
#2353=AXIS2_PLACEMENT_3D('',#3517,#2590,#2591);
#2354=AXIS2_PLACEMENT_3D('',#3523,#2595,#2596);
#2355=AXIS2_PLACEMENT_3D('',#3527,#2599,#2600);
#2356=AXIS2_PLACEMENT_3D('',#3531,#2603,#2604);
#2357=AXIS2_PLACEMENT_3D('',#3566,#2623,#2624);
#2358=AXIS2_PLACEMENT_3D('',#3568,#2625,#2626);
#2359=AXIS2_PLACEMENT_3D('',#3569,#2627,#2628);
#2360=AXIS2_PLACEMENT_3D('',#3577,#2633,#2634);
#2361=AXIS2_PLACEMENT_3D('',#3599,#2647,#2648);
#2362=AXIS2_PLACEMENT_3D('',#3601,#2649,#2650);
#2363=AXIS2_PLACEMENT_3D('',#3602,#2651,#2652);
#2364=AXIS2_PLACEMENT_3D('',#3637,#2671,#2672);
#2365=AXIS2_PLACEMENT_3D('',#3647,#2678,#2679);
#2366=AXIS2_PLACEMENT_3D('',#3653,#2683,#2684);
#2367=AXIS2_PLACEMENT_3D('',#3655,#2686,#2687);
#2368=AXIS2_PLACEMENT_3D('',#3661,#2691,#2692);
#2369=AXIS2_PLACEMENT_3D('',#3663,#2694,#2695);
#2370=AXIS2_PLACEMENT_3D('',#3665,#2697,#2698);
#2371=AXIS2_PLACEMENT_3D('',#3666,#2699,#2700);
#2372=AXIS2_PLACEMENT_3D('',#3674,#2705,#2706);
#2373=AXIS2_PLACEMENT_3D('',#3683,#2712,#2713);
#2374=AXIS2_PLACEMENT_3D('',#3685,#2715,#2716);
#2375=AXIS2_PLACEMENT_3D('',#3696,#2722,#2723);
#2376=AXIS2_PLACEMENT_3D('',#3699,#2726,#2727);
#2377=AXIS2_PLACEMENT_3D('',#3701,#2729,#2730);
#2378=AXIS2_PLACEMENT_3D('',#3702,#2731,#2732);
#2379=AXIS2_PLACEMENT_3D('',#3706,#2735,#2736);
#2380=AXIS2_PLACEMENT_3D('',#3713,#2740,#2741);
#2381=AXIS2_PLACEMENT_3D('',#3719,#2745,#2746);
#2382=AXIS2_PLACEMENT_3D('',#3724,#2750,#2751);
#2383=AXIS2_PLACEMENT_3D('',#3735,#2758,#2759);
#2384=AXIS2_PLACEMENT_3D('',#3739,#2762,#2763);
#2385=AXIS2_PLACEMENT_3D('',#3747,#2768,#2769);
#2386=AXIS2_PLACEMENT_3D('',#3753,#2773,#2774);
#2387=AXIS2_PLACEMENT_3D('',#3756,#2777,#2778);
#2388=AXIS2_PLACEMENT_3D('',#3757,#2779,#2780);
#2389=AXIS2_PLACEMENT_3D('',#3767,#2786,#2787);
#2390=AXIS2_PLACEMENT_3D('',#3771,#2790,#2791);
#2391=AXIS2_PLACEMENT_3D('',#3777,#2795,#2796);
#2392=AXIS2_PLACEMENT_3D('',#3779,#2798,#2799);
#2393=AXIS2_PLACEMENT_3D('',#3793,#2808,#2809);
#2394=AXIS2_PLACEMENT_3D('',#3804,#2816,#2817);
#2395=AXIS2_PLACEMENT_3D('',#3807,#2820,#2821);
#2396=AXIS2_PLACEMENT_3D('',#3811,#2824,#2825);
#2397=AXIS2_PLACEMENT_3D('',#3815,#2828,#2829);
#2398=AXIS2_PLACEMENT_3D('',#3821,#2833,#2834);
#2399=AXIS2_PLACEMENT_3D('',#3823,#2836,#2837);
#2400=AXIS2_PLACEMENT_3D('',#3827,#2840,#2841);
#2401=AXIS2_PLACEMENT_3D('',#3831,#2844,#2845);
#2402=AXIS2_PLACEMENT_3D('',#3833,#2847,#2848);
#2403=AXIS2_PLACEMENT_3D('',#3834,#2849,#2850);
#2404=AXIS2_PLACEMENT_3D('',#3835,#2851,#2852);
#2405=AXIS2_PLACEMENT_3D('',#3841,#2856,#2857);
#2406=AXIS2_PLACEMENT_3D('',#3847,#2861,#2862);
#2407=AXIS2_PLACEMENT_3D('',#3851,#2865,#2866);
#2408=AXIS2_PLACEMENT_3D('',#3857,#2870,#2871);
#2409=AXIS2_PLACEMENT_3D('',#3859,#2873,#2874);
#2410=AXIS2_PLACEMENT_3D('',#3863,#2877,#2878);
#2411=AXIS2_PLACEMENT_3D('',#3867,#2881,#2882);
#2412=AXIS2_PLACEMENT_3D('',#3871,#2885,#2886);
#2413=AXIS2_PLACEMENT_3D('',#3874,#2889,#2890);
#2414=AXIS2_PLACEMENT_3D('',#3875,#2891,#2892);
#2415=AXIS2_PLACEMENT_3D('',#3876,#2893,#2894);
#2416=AXIS2_PLACEMENT_3D('',#3878,#2896,#2897);
#2417=AXIS2_PLACEMENT_3D('',#3879,#2898,#2899);
#2418=AXIS2_PLACEMENT_3D('',#3881,#2901,#2902);
#2419=AXIS2_PLACEMENT_3D('',#3882,#2903,#2904);
#2420=AXIS2_PLACEMENT_3D('',#3889,#2909,#2910);
#2421=AXIS2_PLACEMENT_3D('',#3899,#2916,#2917);
#2422=AXIS2_PLACEMENT_3D('',#3905,#2922,#2923);
#2423=AXIS2_PLACEMENT_3D('',#3907,#2925,#2926);
#2424=AXIS2_PLACEMENT_3D('',#3913,#2930,#2931);
#2425=AXIS2_PLACEMENT_3D('',#3915,#2933,#2934);
#2426=AXIS2_PLACEMENT_3D('',#3917,#2936,#2937);
#2427=AXIS2_PLACEMENT_3D('',#3923,#2941,#2942);
#2428=AXIS2_PLACEMENT_3D('',#3925,#2944,#2945);
#2429=AXIS2_PLACEMENT_3D('',#3926,#2946,#2947);
#2430=AXIS2_PLACEMENT_3D('',#3927,#2948,#2949);
#2431=AXIS2_PLACEMENT_3D('',#3928,#2950,#2951);
#2432=AXIS2_PLACEMENT_3D('',#3930,#2953,#2954);
#2433=AXIS2_PLACEMENT_3D('',#3931,#2955,#2956);
#2434=AXIS2_PLACEMENT_3D('',#3935,#2960,#2961);
#2435=AXIS2_PLACEMENT_3D('',#3938,#2964,#2965);
#2436=AXIS2_PLACEMENT_3D('',#3941,#2968,#2969);
#2437=AXIS2_PLACEMENT_3D('',#3942,#2970,#2971);
#2438=AXIS2_PLACEMENT_3D('',#3944,#2973,#2974);
#2439=AXIS2_PLACEMENT_3D('',#3945,#2975,#2976);
#2440=AXIS2_PLACEMENT_3D('',#3949,#2979,#2980);
#2441=AXIS2_PLACEMENT_3D('',#3953,#2983,#2984);
#2442=AXIS2_PLACEMENT_3D('',#3957,#2987,#2988);
#2443=AXIS2_PLACEMENT_3D('',#3961,#2991,#2992);
#2444=AXIS2_PLACEMENT_3D('',#3965,#2995,#2996);
#2445=AXIS2_PLACEMENT_3D('',#3967,#2998,#2999);
#2446=DIRECTION('axis',(0.,0.,1.));
#2447=DIRECTION('refdir',(1.,0.,0.));
#2448=DIRECTION('center_axis',(-1.,0.,0.));
#2449=DIRECTION('ref_axis',(0.,0.5,0.866025403784438));
#2450=DIRECTION('center_axis',(1.,0.,0.));
#2451=DIRECTION('ref_axis',(0.,0.5,0.866025403784439));
#2452=DIRECTION('center_axis',(1.,0.,0.));
#2453=DIRECTION('ref_axis',(0.,0.5,0.866025403784439));
#2454=DIRECTION('',(0.707106781186546,0.353553390593274,0.612372435695796));
#2455=DIRECTION('center_axis',(-1.,0.,0.));
#2456=DIRECTION('ref_axis',(0.,0.5,0.866025403784439));
#2457=DIRECTION('center_axis',(1.,0.,0.));
#2458=DIRECTION('ref_axis',(0.,0.5,0.866025403784438));
#2459=DIRECTION('center_axis',(1.,0.,0.));
#2460=DIRECTION('ref_axis',(0.,0.5,0.866025403784439));
#2461=DIRECTION('',(0.707106781186546,-0.353553390593274,-0.612372435695796));
#2462=DIRECTION('center_axis',(1.,0.,0.));
#2463=DIRECTION('ref_axis',(0.,0.5,0.866025403784439));
#2464=DIRECTION('center_axis',(1.,0.,0.));
#2465=DIRECTION('ref_axis',(0.,0.5,0.866025403784439));
#2466=DIRECTION('center_axis',(1.,0.,0.));
#2467=DIRECTION('ref_axis',(0.,0.5,0.866025403784438));
#2468=DIRECTION('center_axis',(1.,0.,0.));
#2469=DIRECTION('ref_axis',(0.,0.5,0.866025403784438));
#2470=DIRECTION('',(-1.,0.,0.));
#2471=DIRECTION('center_axis',(0.707106781186549,0.707106781186546,0.));
#2472=DIRECTION('ref_axis',(-0.707106781186546,0.707106781186549,0.));
#2473=DIRECTION('center_axis',(1.,0.,0.));
#2474=DIRECTION('ref_axis',(0.,0.5,0.866025403784438));
#2475=DIRECTION('center_axis',(0.707106781186549,0.707106781186546,0.));
#2476=DIRECTION('ref_axis',(-0.707106781186546,0.707106781186549,0.));
#2477=DIRECTION('center_axis',(1.,0.,0.));
#2478=DIRECTION('ref_axis',(0.,0.5,0.866025403784438));
#2479=DIRECTION('center_axis',(1.,0.,0.));
#2480=DIRECTION('ref_axis',(0.,0.5,0.866025403784439));
#2481=DIRECTION('',(-1.,0.,0.));
#2482=DIRECTION('center_axis',(1.,0.,0.));
#2483=DIRECTION('ref_axis',(0.,0.5,0.866025403784439));
#2484=DIRECTION('center_axis',(1.,0.,0.));
#2485=DIRECTION('ref_axis',(0.,0.5,0.866025403784438));
#2486=DIRECTION('center_axis',(1.,0.,0.));
#2487=DIRECTION('ref_axis',(0.,0.5,0.866025403784438));
#2488=DIRECTION('',(1.,0.,0.));
#2489=DIRECTION('center_axis',(-0.707106781186549,0.707106781186546,0.));
#2490=DIRECTION('ref_axis',(0.707106781186546,0.707106781186549,0.));
#2491=DIRECTION('center_axis',(-1.,0.,0.));
#2492=DIRECTION('ref_axis',(0.,0.5,0.866025403784438));
#2493=DIRECTION('center_axis',(-0.707106781186549,0.707106781186546,0.));
#2494=DIRECTION('ref_axis',(0.707106781186546,0.707106781186549,0.));
#2495=DIRECTION('center_axis',(1.,0.,0.));
#2496=DIRECTION('ref_axis',(0.,0.5,0.866025403784438));
#2497=DIRECTION('center_axis',(1.,0.,0.));
#2498=DIRECTION('ref_axis',(0.,0.5,0.866025403784439));
#2499=DIRECTION('',(1.,0.,0.));
#2500=DIRECTION('center_axis',(-1.,0.,0.));
#2501=DIRECTION('ref_axis',(0.,0.5,0.866025403784439));
#2502=DIRECTION('center_axis',(-1.,0.,0.));
#2503=DIRECTION('ref_axis',(0.,0.5,0.866025403784439));
#2504=DIRECTION('',(0.707106781186547,0.353553390593274,0.612372435695795));
#2505=DIRECTION('center_axis',(-1.,0.,0.));
#2506=DIRECTION('ref_axis',(0.,0.5,0.866025403784439));
#2507=DIRECTION('center_axis',(1.,0.,0.));
#2508=DIRECTION('ref_axis',(0.,0.5,0.866025403784439));
#2509=DIRECTION('center_axis',(-1.,-2.65074714387338E-14,0.));
#2510=DIRECTION('ref_axis',(0.,0.5,0.866025403784439));
#2511=DIRECTION('',(-1.,0.,0.));
#2512=DIRECTION('center_axis',(1.,0.,0.));
#2513=DIRECTION('ref_axis',(0.,0.5,0.866025403784439));
#2514=DIRECTION('center_axis',(-1.,-2.65074714387338E-14,0.));
#2515=DIRECTION('ref_axis',(0.,0.5,0.866025403784439));
#2516=DIRECTION('',(-1.,0.,0.));
#2517=DIRECTION('center_axis',(1.,0.,0.));
#2518=DIRECTION('ref_axis',(0.,0.5,0.866025403784439));
#2519=DIRECTION('center_axis',(1.,0.,0.));
#2520=DIRECTION('ref_axis',(0.,0.5,0.866025403784439));
#2521=DIRECTION('',(0.707106781186547,-0.353553390593274,-0.612372435695795));
#2522=DIRECTION('center_axis',(1.,0.,0.));
#2523=DIRECTION('ref_axis',(0.,0.5,0.866025403784439));
#2524=DIRECTION('center_axis',(1.,2.77157304929461E-14,0.));
#2525=DIRECTION('ref_axis',(0.,0.5,0.866025403784439));
#2526=DIRECTION('',(1.,0.,0.));
#2527=DIRECTION('center_axis',(1.,0.,0.));
#2528=DIRECTION('ref_axis',(0.,0.5,0.866025403784439));
#2529=DIRECTION('center_axis',(1.,2.77157304929461E-14,0.));
#2530=DIRECTION('ref_axis',(0.,0.5,0.866025403784439));
#2531=DIRECTION('',(1.,0.,0.));
#2532=DIRECTION('center_axis',(1.,0.,0.));
#2533=DIRECTION('ref_axis',(0.,0.5,0.866025403784439));
#2534=DIRECTION('center_axis',(1.,0.,0.));
#2535=DIRECTION('ref_axis',(0.,0.5,0.866025403784439));
#2536=DIRECTION('center_axis',(-0.707106781186549,-0.707106781186546,0.));
#2537=DIRECTION('ref_axis',(0.,0.,-1.));
#2538=DIRECTION('',(0.,0.,1.));
#2539=DIRECTION('',(0.705847436605184,-0.705847436605188,0.0596556156264898));
#2540=DIRECTION('',(0.,0.,1.));
#2541=DIRECTION('',(0.211541378239861,-0.211541378239859,-0.954201493702856));
#2542=DIRECTION('',(0.572964569300169,-0.572964569300175,-0.586023211701838));
#2543=DIRECTION('',(0.577350269189625,-0.577350269189628,-0.577350269189625));
#2544=DIRECTION('',(0.,0.,1.));
#2545=DIRECTION('center_axis',(1.,2.77157304929461E-14,0.));
#2546=DIRECTION('ref_axis',(2.77157304929461E-14,-1.,0.));
#2547=DIRECTION('',(2.77157304929461E-14,-1.,0.));
#2548=DIRECTION('',(-1.17131738438047E-14,0.422618261740777,0.906307787036614));
#2549=DIRECTION('',(2.32329026349634E-14,-0.838256911210634,0.545275481575697));
#2550=DIRECTION('',(0.,0.,-1.));
#2551=DIRECTION('',(2.77157304929461E-14,-1.,0.));
#2552=DIRECTION('',(0.,0.,1.));
#2553=DIRECTION('',(0.,1.,-1.30295746482634E-15));
#2554=DIRECTION('',(0.,0.,-1.));
#2555=DIRECTION('center_axis',(1.,0.,0.));
#2556=DIRECTION('ref_axis',(0.,0.,-1.));
#2557=DIRECTION('',(0.,0.,-1.));
#2558=DIRECTION('',(0.,-1.,0.));
#2559=DIRECTION('',(0.,0.,1.));
#2560=DIRECTION('',(0.,-0.868647084570975,-0.495431370087063));
#2561=DIRECTION('',(0.,0.422618261740759,0.906307787036622));
#2562=DIRECTION('',(0.,0.495998442203116,-0.868323410563186));
#2563=DIRECTION('',(0.,-0.42261826174073,-0.906307787036636));
#2564=DIRECTION('',(0.,0.6819983600625,-0.731353701619169));
#2565=DIRECTION('',(0.,0.991067926179791,0.133358035744712));
#2566=DIRECTION('',(0.,0.422618261740763,0.90630778703662));
#2567=DIRECTION('',(0.,0.,-1.));
#2568=DIRECTION('',(0.,1.,-1.30295746482634E-15));
#2569=DIRECTION('',(0.,0.,-1.));
#2570=DIRECTION('',(0.,-0.167833767925774,-0.985815310463292));
#2571=DIRECTION('',(0.,-0.422618261740738,-0.906307787036632));
#2572=DIRECTION('',(0.,-0.99106792617979,-0.133358035744721));
#2573=DIRECTION('',(0.,-0.681998360062497,0.731353701619171));
#2574=DIRECTION('',(0.,0.422618261740732,0.906307787036635));
#2575=DIRECTION('',(0.,-0.495998442203123,0.868323410563182));
#2576=DIRECTION('',(0.,0.42261826174073,0.906307787036636));
#2577=DIRECTION('',(0.,0.999746128932739,0.0225317039747156));
#2578=DIRECTION('',(0.,1.,0.));
#2579=DIRECTION('',(0.,0.,-1.));
#2580=DIRECTION('center_axis',(0.707106781186539,0.707106781186556,0.));
#2581=DIRECTION('ref_axis',(0.,0.,-1.));
#2582=DIRECTION('',(-0.577350269189633,0.57735026918962,0.577350269189625));
#2583=DIRECTION('',(0.,0.,1.));
#2584=DIRECTION('',(0.707106781186556,-0.707106781186539,0.));
#2585=DIRECTION('',(0.,0.,-1.));
#2586=DIRECTION('',(-0.707106781186556,0.707106781186539,-9.21330058976328E-16));
#2587=DIRECTION('',(0.,0.,1.));
#2588=DIRECTION('',(0.577350269189635,-0.577350269189622,0.57735026918962));
#2589=DIRECTION('',(0.,0.,1.));
#2590=DIRECTION('center_axis',(0.,1.,0.));
#2591=DIRECTION('ref_axis',(0.,0.,1.));
#2592=DIRECTION('',(1.,0.,0.));
#2593=DIRECTION('',(0.,0.,-1.));
#2594=DIRECTION('',(1.,0.,0.));
#2595=DIRECTION('center_axis',(0.,0.707106781186546,0.707106781186549));
#2596=DIRECTION('ref_axis',(0.,-0.707106781186549,0.707106781186546));
#2597=DIRECTION('',(1.,0.,0.));
#2598=DIRECTION('',(0.577350269189627,0.577350269189627,-0.577350269189624));
#2599=DIRECTION('center_axis',(0.,1.,0.));
#2600=DIRECTION('ref_axis',(0.,0.,1.));
#2601=DIRECTION('',(1.,0.,0.));
#2602=DIRECTION('',(0.,0.,-1.));
#2603=DIRECTION('center_axis',(0.,-1.30295746482634E-15,-1.));
#2604=DIRECTION('ref_axis',(0.,1.,-1.30295746482634E-15));
#2605=DIRECTION('',(2.65074714387338E-14,-1.,1.30295746482634E-15));
#2606=DIRECTION('',(-0.746230599808507,-0.665687533238708,8.67362540675208E-16));
#2607=DIRECTION('',(2.50305906231203E-16,-1.,1.30295746482634E-15));
#2608=DIRECTION('',(0.965925826289068,-0.258819045102521,3.37230206855555E-16));
#2609=DIRECTION('',(0.965925826289069,0.25881904510252,-3.37230206855554E-16));
#2610=DIRECTION('',(2.50305906231203E-16,1.,-1.30295746482634E-15));
#2611=DIRECTION('',(-0.746230599808507,0.665687533238708,-8.67362540675208E-16));
#2612=DIRECTION('',(-0.707106781186538,-0.707106781186557,9.21330058976351E-16));
#2613=DIRECTION('',(1.,0.,0.));
#2614=DIRECTION('',(-0.707106781186548,0.707106781186548,-9.21330058976339E-16));
#2615=DIRECTION('',(0.707106781186545,0.70710678118655,-9.21330058976341E-16));
#2616=DIRECTION('',(-3.29597922457265E-15,1.,-1.30295746482634E-15));
#2617=DIRECTION('',(0.965925826289068,0.258819045102521,-3.37230206855555E-16));
#2618=DIRECTION('',(0.965925826289068,-0.258819045102521,3.37230206855555E-16));
#2619=DIRECTION('',(-3.29597922457265E-15,-1.,1.30295746482634E-15));
#2620=DIRECTION('',(0.707106781186545,-0.70710678118655,9.21330058976341E-16));
#2621=DIRECTION('',(0.,-1.,1.30295746482634E-15));
#2622=DIRECTION('',(-0.707106781186548,-0.707106781186548,9.21330058976339E-16));
#2623=DIRECTION('center_axis',(0.,1.30295746482634E-15,1.));
#2624=DIRECTION('ref_axis',(1.,0.,0.));
#2625=DIRECTION('center_axis',(0.,1.30295746482634E-15,1.));
#2626=DIRECTION('ref_axis',(1.,0.,0.));
#2627=DIRECTION('center_axis',(-0.707106781186548,0.707106781186548,0.));
#2628=DIRECTION('ref_axis',(0.,0.,1.));
#2629=DIRECTION('',(0.,0.,1.));
#2630=DIRECTION('',(0.707106781186548,0.707106781186548,0.));
#2631=DIRECTION('',(0.,0.,-1.));
#2632=DIRECTION('',(-0.577350269189624,-0.577350269189624,-0.577350269189629));
#2633=DIRECTION('center_axis',(0.,0.,1.));
#2634=DIRECTION('ref_axis',(1.,0.,0.));
#2635=DIRECTION('',(1.,0.,0.));
#2636=DIRECTION('',(0.,1.,0.));
#2637=DIRECTION('',(-0.707106781186578,0.707106781186517,0.));
#2638=DIRECTION('',(-0.996194698091746,0.0871557427476567,0.));
#2639=DIRECTION('',(0.996194698091746,0.0871557427476561,0.));
#2640=DIRECTION('',(0.707106781186549,0.707106781186546,0.));
#2641=DIRECTION('',(0.707106781186548,-0.707106781186548,0.));
#2642=DIRECTION('',(1.,0.,0.));
#2643=DIRECTION('',(0.707106781186538,0.707106781186557,0.));
#2644=DIRECTION('',(-0.996194698091746,-0.0871557427476564,0.));
#2645=DIRECTION('',(-0.996194698091746,0.0871557427476572,0.));
#2646=DIRECTION('',(-2.65074714387338E-14,1.,0.));
#2647=DIRECTION('center_axis',(0.,0.,1.));
#2648=DIRECTION('ref_axis',(1.,0.,0.));
#2649=DIRECTION('center_axis',(0.,0.,1.));
#2650=DIRECTION('ref_axis',(1.,0.,0.));
#2651=DIRECTION('center_axis',(-1.,0.,0.));
#2652=DIRECTION('ref_axis',(0.,0.,1.));
#2653=DIRECTION('',(0.,0.,-1.));
#2654=DIRECTION('',(0.,-0.422618261740763,-0.90630778703662));
#2655=DIRECTION('',(0.,-0.991067926179791,-0.133358035744712));
#2656=DIRECTION('',(0.,-0.6819983600625,0.73135370161917));
#2657=DIRECTION('',(0.,0.42261826174073,0.906307787036636));
#2658=DIRECTION('',(0.,-0.495998442203116,0.868323410563186));
#2659=DIRECTION('',(0.,-0.422618261740759,-0.906307787036622));
#2660=DIRECTION('',(0.,0.868647084570975,0.495431370087063));
#2661=DIRECTION('',(0.,0.,-1.));
#2662=DIRECTION('',(0.,-1.,0.));
#2663=DIRECTION('',(0.,-0.999746128932739,-0.0225317039747156));
#2664=DIRECTION('',(0.,-0.42261826174073,-0.906307787036636));
#2665=DIRECTION('',(0.,0.495998442203123,-0.868323410563182));
#2666=DIRECTION('',(0.,-0.422618261740732,-0.906307787036635));
#2667=DIRECTION('',(0.,0.681998360062497,-0.731353701619171));
#2668=DIRECTION('',(0.,0.99106792617979,0.133358035744721));
#2669=DIRECTION('',(0.,0.422618261740738,0.906307787036632));
#2670=DIRECTION('',(0.,0.167833767925774,0.985815310463292));
#2671=DIRECTION('center_axis',(-0.707106781186557,0.707106781186538,0.));
#2672=DIRECTION('ref_axis',(0.,0.,1.));
#2673=DIRECTION('',(0.,0.,-1.));
#2674=DIRECTION('',(-0.577350269189614,-0.577350269189629,-0.577350269189635));
#2675=DIRECTION('',(0.,0.,-1.));
#2676=DIRECTION('',(0.577350269189616,0.577350269189632,-0.57735026918963));
#2677=DIRECTION('',(0.,0.,-1.));
#2678=DIRECTION('center_axis',(0.,0.707106781186551,-0.707106781186544));
#2679=DIRECTION('ref_axis',(0.,0.707106781186544,0.707106781186551));
#2680=DIRECTION('',(1.,0.,0.));
#2681=DIRECTION('',(-0.577350269189624,0.577350269189624,0.577350269189629));
#2682=DIRECTION('',(1.,0.,0.));
#2683=DIRECTION('center_axis',(0.,1.,0.));
#2684=DIRECTION('ref_axis',(0.,0.,1.));
#2685=DIRECTION('',(0.,0.,1.));
#2686=DIRECTION('center_axis',(0.707106781186548,0.707106781186548,0.));
#2687=DIRECTION('ref_axis',(0.,0.,-1.));
#2688=DIRECTION('',(0.,0.,1.));
#2689=DIRECTION('',(0.577350269189627,-0.577350269189627,0.577350269189624));
#2690=DIRECTION('',(0.,0.,1.));
#2691=DIRECTION('center_axis',(0.,1.,0.));
#2692=DIRECTION('ref_axis',(0.,0.,1.));
#2693=DIRECTION('',(1.,0.,0.));
#2694=DIRECTION('center_axis',(0.,0.707106781186546,0.707106781186549));
#2695=DIRECTION('ref_axis',(0.,-0.707106781186549,0.707106781186546));
#2696=DIRECTION('',(1.,0.,0.));
#2697=DIRECTION('center_axis',(0.,1.,0.));
#2698=DIRECTION('ref_axis',(0.,0.,1.));
#2699=DIRECTION('center_axis',(-0.707106781186547,1.76993003667127E-16,
-0.707106781186548));
#2700=DIRECTION('ref_axis',(-0.707106781186548,0.,0.707106781186547));
#2701=DIRECTION('',(-0.598064822315336,0.533513764225303,0.598064822315335));
#2702=DIRECTION('',(-2.50305906231203E-16,-1.,0.));
#2703=DIRECTION('',(0.694746590606866,0.186156787897386,-0.694746590606865));
#2704=DIRECTION('',(-0.118530812456968,0.985850340060084,0.118530812456968));
#2705=DIRECTION('center_axis',(0.258819045102521,-0.965925826289068,0.));
#2706=DIRECTION('ref_axis',(0.965925826289068,0.258819045102521,0.));
#2707=DIRECTION('',(-0.0573336303447441,-0.0153624999500187,-0.998236869899513));
#2708=DIRECTION('',(0.,0.,1.));
#2709=DIRECTION('',(0.,0.,1.));
#2710=DIRECTION('',(-0.961351086262923,-0.257593247206932,-0.097210122592697));
#2711=DIRECTION('',(0.965925826289069,0.25881904510252,0.));
#2712=DIRECTION('center_axis',(1.,-2.50305906231203E-16,0.));
#2713=DIRECTION('ref_axis',(2.50305906231203E-16,1.,0.));
#2714=DIRECTION('',(0.,0.,-1.));
#2715=DIRECTION('center_axis',(0.707106781186547,1.76993003667127E-16,-0.707106781186548));
#2716=DIRECTION('ref_axis',(-0.707106781186548,0.,-0.707106781186547));
#2717=DIRECTION('',(0.694746590606866,-0.186156787897386,0.694746590606865));
#2718=DIRECTION('',(-2.50305906231203E-16,1.,0.));
#2719=DIRECTION('',(-0.598064822315336,-0.533513764225303,-0.598064822315335));
#2720=DIRECTION('',(-2.65074714387338E-14,1.,0.));
#2721=DIRECTION('',(-0.118530812456967,-0.985850340060084,-0.118530812456967));
#2722=DIRECTION('center_axis',(-0.665687533238708,0.746230599808507,0.));
#2723=DIRECTION('ref_axis',(-0.746230599808507,-0.665687533238708,-4.35226423335616E-46));
#2724=DIRECTION('',(0.,0.,1.));
#2725=DIRECTION('',(0.,0.,1.));
#2726=DIRECTION('center_axis',(-1.,-2.50305906231203E-16,0.));
#2727=DIRECTION('ref_axis',(2.50305906231203E-16,-1.,0.));
#2728=DIRECTION('',(0.,0.,1.));
#2729=DIRECTION('center_axis',(0.665687533238708,0.746230599808507,0.));
#2730=DIRECTION('ref_axis',(-0.746230599808507,0.665687533238708,4.35226423335616E-46));
#2731=DIRECTION('center_axis',(0.,0.,1.));
#2732=DIRECTION('ref_axis',(1.,0.,0.));
#2733=DIRECTION('',(0.126352409449856,-0.991985417547161,0.));
#2734=DIRECTION('',(-0.857029830168045,-0.515266795167447,0.));
#2735=DIRECTION('center_axis',(0.,0.,1.));
#2736=DIRECTION('ref_axis',(1.,0.,0.));
#2737=DIRECTION('',(0.126352409449856,0.991985417547161,0.));
#2738=DIRECTION('',(-0.857029830168044,0.515266795167449,0.));
#2739=DIRECTION('',(0.965925826289069,-0.25881904510252,0.));
#2740=DIRECTION('center_axis',(0.171958245538718,-0.286013667777972,-0.942669901734132));
#2741=DIRECTION('ref_axis',(0.984807753012209,0.0733868910000359,0.157378695624257));
#2742=DIRECTION('',(8.19247357964186E-16,-0.956924013081786,0.290338480376696));
#2743=DIRECTION('',(-0.97896245624725,-0.156304060444324,-0.131154679470343));
#2744=DIRECTION('',(0.138233705503254,-0.94045004296733,0.310556209639394));
#2745=DIRECTION('center_axis',(-0.171958245538719,-0.286013667777972,-0.942669901734132));
#2746=DIRECTION('ref_axis',(0.984807753012209,-0.0733868910000356,-0.157378695624258));
#2747=DIRECTION('',(0.961351086262922,-0.257593247206933,-0.0972101225926977));
#2748=DIRECTION('',(-0.138233705503253,-0.94045004296733,0.310556209639395));
#2749=DIRECTION('',(-0.97896245624725,0.156304060444325,0.131154679470344));
#2750=DIRECTION('center_axis',(-0.99026806874157,0.126133665146145,-0.0588170940088053));
#2751=DIRECTION('ref_axis',(-2.84738024253496E-16,-0.422618261740699,-0.90630778703665));
#2752=DIRECTION('',(1.12025415025769E-14,-0.422618261740625,-0.906307787036685));
#2753=DIRECTION('',(-0.13809307943504,-0.837974739198386,0.527947571144659));
#2754=DIRECTION('',(-0.0592906331641919,1.66240481872304E-16,0.998240762951999));
#2755=DIRECTION('',(3.7355092200961E-16,0.4226182617407,0.90630778703665));
#2756=DIRECTION('',(0.0592906331641926,0.764696789354228,0.641656793909583));
#2757=DIRECTION('',(-0.0573336303447432,0.0153624999500184,0.998236869899513));
#2758=DIRECTION('center_axis',(-1.,-2.65074714387338E-14,0.));
#2759=DIRECTION('ref_axis',(-2.65074714387338E-14,1.,0.));
#2760=DIRECTION('',(0.,0.,-1.));
#2761=DIRECTION('',(-2.2220071132237E-14,0.838256911210631,-0.5452754815757));
#2762=DIRECTION('center_axis',(0.99026806874157,0.126133665146146,-0.0588170940088063));
#2763=DIRECTION('ref_axis',(3.98274427907781E-16,0.422618261740699,0.90630778703665));
#2764=DIRECTION('',(0.0592906331641923,-0.764696789354228,-0.641656793909583));
#2765=DIRECTION('',(-3.37632564124071E-16,-0.422618261740699,-0.90630778703665));
#2766=DIRECTION('',(-0.0592906331641929,-1.66240481872304E-16,-0.998240762951999));
#2767=DIRECTION('',(0.138093079435041,-0.837974739198385,0.527947571144659));
#2768=DIRECTION('center_axis',(-0.103511199448583,0.542346418809945,0.833754036627556));
#2769=DIRECTION('ref_axis',(-0.994521895368273,-0.0441756374486023,-0.094734960226448));
#2770=DIRECTION('',(-0.980374553798715,0.0857716594666726,-0.177507624332884));
#2771=DIRECTION('',(2.69588952106264E-15,-0.838256911210632,0.545275481575698));
#2772=DIRECTION('',(0.992381254955074,2.05177357719422E-17,0.12320488956934));
#2773=DIRECTION('center_axis',(0.103511199448583,0.542346418809946,0.833754036627555));
#2774=DIRECTION('ref_axis',(-0.994521895368273,0.0441756374486017,0.0947349602264486));
#2775=DIRECTION('',(-0.980374553798715,-0.0857716594666718,0.177507624332884));
#2776=DIRECTION('',(0.992381254955074,-2.05177357719422E-17,-0.12320488956934));
#2777=DIRECTION('center_axis',(-0.258819045102521,-0.965925826289068,0.));
#2778=DIRECTION('ref_axis',(0.965925826289068,-0.258819045102521,0.));
#2779=DIRECTION('center_axis',(0.,1.,-1.66533453693773E-16));
#2780=DIRECTION('ref_axis',(-1.,0.,0.));
#2781=DIRECTION('',(0.960292099389683,4.64622617076564E-17,0.278996566017856));
#2782=DIRECTION('',(0.933629043028976,-5.96591565255435E-17,-0.358241273463568));
#2783=DIRECTION('',(1.,0.,0.));
#2784=DIRECTION('',(0.933629043028976,5.96591565255435E-17,0.358241273463568));
#2785=DIRECTION('',(0.960292099389683,-4.64622617076564E-17,-0.278996566017856));
#2786=DIRECTION('center_axis',(0.121869343405147,0.89955230622579,-0.419468129304076));
#2787=DIRECTION('ref_axis',(-8.32667268468867E-17,0.422618261740699,0.90630778703665));
#2788=DIRECTION('',(-0.960292099389683,0.213723769047256,0.17933553578137));
#2789=DIRECTION('',(2.31448982464062E-13,-0.422618261740725,-0.906307787036638));
#2790=DIRECTION('center_axis',(0.,0.642787609686539,-0.766044443118978));
#2791=DIRECTION('ref_axis',(1.,0.,0.));
#2792=DIRECTION('',(-0.960292099389683,-0.213723769047256,-0.17933553578137));
#2793=DIRECTION('',(-0.933629043028942,0.2744287368327,0.230273051860765));
#2794=DIRECTION('',(-0.933629043028942,-0.2744287368327,-0.230273051860765));
#2795=DIRECTION('center_axis',(-0.121869343405148,0.89955230622579,-0.419468129304076));
#2796=DIRECTION('ref_axis',(-2.77555756156289E-16,-0.4226182617407,-0.90630778703665));
#2797=DIRECTION('',(2.31051303800034E-13,0.422618261740725,0.906307787036638));
#2798=DIRECTION('center_axis',(0.,0.,1.));
#2799=DIRECTION('ref_axis',(0.,-1.,0.));
#2800=DIRECTION('',(-0.98436709149258,-0.17612901290372,0.));
#2801=DIRECTION('',(0.518924781827117,0.854819905480493,0.));
#2802=DIRECTION('',(-0.707106781186549,-0.707106781186546,0.));
#2803=DIRECTION('',(-0.996194698091746,-0.0871557427476561,0.));
#2804=DIRECTION('',(-0.996194698091746,0.0871557427476567,0.));
#2805=DIRECTION('',(-0.707106781186578,0.707106781186517,0.));
#2806=DIRECTION('',(0.518924781827117,-0.854819905480493,0.));
#2807=DIRECTION('',(-0.98436709149258,0.17612901290372,0.));
#2808=DIRECTION('center_axis',(0.160071158553662,-0.894621381109141,0.417168801160466));
#2809=DIRECTION('ref_axis',(0.,-0.422618261740759,-0.906307787036622));
#2810=DIRECTION('',(0.,-0.422618261740759,-0.906307787036622));
#2811=DIRECTION('',(0.985047602213243,0.117496306398277,-0.125999362524987));
#2812=DIRECTION('',(0.936222667044145,0.27153143092023,0.223064564050769));
#2813=DIRECTION('',(3.86336827779486E-14,0.422618261740765,0.906307787036619));
#2814=DIRECTION('',(0.852095860885951,0.338576147821107,0.399122582658072));
#2815=DIRECTION('',(-0.6419815545411,0.226677801039546,0.732445805602619));
#2816=DIRECTION('center_axis',(-0.707106781186546,0.0159323206722093,-0.706927267233342));
#2817=DIRECTION('ref_axis',(0.,0.999746128932739,0.0225317039747156));
#2818=DIRECTION('',(0.647379104433495,0.416728877078158,-0.638151500940069));
#2819=DIRECTION('',(0.70708434016204,0.00796691880378364,-0.70708434016204));
#2820=DIRECTION('center_axis',(-0.707106781186549,0.640856382055777,-0.298836238730141));
#2821=DIRECTION('ref_axis',(0.,0.42261826174073,0.906307787036636));
#2822=DIRECTION('',(0.664023331817193,0.747073458314604,0.0308911424886076));
#2823=DIRECTION('',(0.,-0.42261826174073,-0.906307787036636));
#2824=DIRECTION('center_axis',(-0.707106781186547,0.613997371872256,0.350723861939792));
#2825=DIRECTION('ref_axis',(0.,-0.495998442203123,0.868323410563182));
#2826=DIRECTION('',(0.664023331817191,0.747073458314606,0.0308911424886016));
#2827=DIRECTION('',(0.,0.495998442203123,-0.868323410563182));
#2828=DIRECTION('center_axis',(-0.707106781186551,0.640856382055774,-0.298836238730141));
#2829=DIRECTION('ref_axis',(0.,0.422618261740732,0.906307787036635));
#2830=DIRECTION('',(0.638230619643248,0.760367156448277,0.120430326515197));
#2831=DIRECTION('',(0.,-0.422618261740732,-0.906307787036635));
#2832=DIRECTION('',(0.432537568646339,0.726341011022123,0.534172245082871));
#2833=DIRECTION('center_axis',(-0.707106781186546,0.5171451618608,0.482245665158297));
#2834=DIRECTION('ref_axis',(0.,-0.681998360062497,0.731353701619171));
#2835=DIRECTION('',(0.664143851524343,0.251622835651109,0.703987850080743));
#2836=DIRECTION('center_axis',(-0.707106781186547,-0.0942983714008106,0.700790851218219));
#2837=DIRECTION('ref_axis',(0.,-0.99106792617979,-0.133358035744721));
#2838=DIRECTION('',(0.659531239497199,-0.445339382266908,0.605550475789935));
#2839=DIRECTION('',(0.,0.99106792617979,0.133358035744721));
#2840=DIRECTION('center_axis',(-0.707106781186548,-0.640856382055775,0.298836238730147));
#2841=DIRECTION('ref_axis',(0.,-0.422618261740738,-0.906307787036632));
#2842=DIRECTION('',(0.703923086390585,-0.67802969524307,0.211584547675257));
#2843=DIRECTION('',(0.,0.422618261740738,0.906307787036632));
#2844=DIRECTION('center_axis',(-0.707106781186549,-0.697076691026114,0.118676395412404));
#2845=DIRECTION('ref_axis',(0.,-0.167833767925774,-0.985815310463292));
#2846=DIRECTION('',(0.,0.167833767925774,0.985815310463292));
#2847=DIRECTION('center_axis',(-0.707106781186548,0.,-0.707106781186548));
#2848=DIRECTION('ref_axis',(0.,1.,0.));
#2849=DIRECTION('center_axis',(1.,0.,0.));
#2850=DIRECTION('ref_axis',(0.,0.,-1.));
#2851=DIRECTION('center_axis',(-0.707106781186546,-0.0159323206722093,0.706927267233342));
#2852=DIRECTION('ref_axis',(0.,0.999746128932739,0.0225317039747156));
#2853=DIRECTION('',(-0.647379104433495,0.416728877078158,-0.638151500940069));
#2854=DIRECTION('',(-0.572964569300169,-0.572964569300175,-0.586023211701838));
#2855=DIRECTION('',(-0.70708434016204,0.00796691880378364,-0.70708434016204));
#2856=DIRECTION('center_axis',(-0.707106781186549,-0.640856382055777,0.298836238730141));
#2857=DIRECTION('ref_axis',(0.,0.42261826174073,0.906307787036636));
#2858=DIRECTION('',(-0.664023331817193,0.747073458314604,0.0308911424886076));
#2859=DIRECTION('',(0.,-0.42261826174073,-0.906307787036636));
#2860=DIRECTION('',(-0.211541378239861,-0.211541378239859,-0.954201493702856));
#2861=DIRECTION('center_axis',(-0.707106781186547,-0.613997371872256,-0.350723861939792));
#2862=DIRECTION('ref_axis',(0.,-0.495998442203123,0.868323410563182));
#2863=DIRECTION('',(-0.664023331817191,0.747073458314606,0.0308911424886016));
#2864=DIRECTION('',(0.,0.495998442203123,-0.868323410563182));
#2865=DIRECTION('center_axis',(-0.707106781186551,-0.640856382055774,0.298836238730141));
#2866=DIRECTION('ref_axis',(0.,0.422618261740732,0.906307787036635));
#2867=DIRECTION('',(-0.638230619643248,0.760367156448277,0.120430326515197));
#2868=DIRECTION('',(-0.432537568646339,0.726341011022123,0.534172245082871));
#2869=DIRECTION('',(0.,-0.422618261740732,-0.906307787036635));
#2870=DIRECTION('center_axis',(-0.707106781186546,-0.5171451618608,-0.482245665158297));
#2871=DIRECTION('ref_axis',(0.,-0.681998360062497,0.731353701619171));
#2872=DIRECTION('',(-0.664143851524343,0.251622835651109,0.703987850080743));
#2873=DIRECTION('center_axis',(-0.707106781186547,0.0942983714008106,-0.700790851218219));
#2874=DIRECTION('ref_axis',(0.,-0.99106792617979,-0.133358035744721));
#2875=DIRECTION('',(-0.659531239497199,-0.445339382266908,0.605550475789935));
#2876=DIRECTION('',(0.,0.99106792617979,0.133358035744721));
#2877=DIRECTION('center_axis',(-0.707106781186548,0.640856382055775,-0.298836238730147));
#2878=DIRECTION('ref_axis',(0.,-0.422618261740738,-0.906307787036632));
#2879=DIRECTION('',(-0.703923086390585,-0.67802969524307,0.211584547675257));
#2880=DIRECTION('',(0.,0.422618261740738,0.906307787036632));
#2881=DIRECTION('center_axis',(-0.707106781186549,0.697076691026114,-0.118676395412404));
#2882=DIRECTION('ref_axis',(0.,-0.167833767925774,-0.985815310463292));
#2883=DIRECTION('',(-0.705847436605184,-0.705847436605188,0.0596556156264898));
#2884=DIRECTION('',(0.,0.167833767925774,0.985815310463292));
#2885=DIRECTION('center_axis',(-0.707106781186549,0.707106781186546,0.));
#2886=DIRECTION('ref_axis',(0.,0.,-1.));
#2887=DIRECTION('',(-0.577350269189625,-0.577350269189628,-0.577350269189625));
#2888=DIRECTION('',(0.,0.,1.));
#2889=DIRECTION('center_axis',(-0.707106781186548,0.,0.707106781186548));
#2890=DIRECTION('ref_axis',(0.,1.,0.));
#2891=DIRECTION('center_axis',(1.,0.,0.));
#2892=DIRECTION('ref_axis',(0.,0.,-1.));
#2893=DIRECTION('center_axis',(-0.0871557427476572,-0.996194698091746,0.));
#2894=DIRECTION('ref_axis',(-0.996194698091746,0.0871557427476572,0.));
#2895=DIRECTION('',(0.,0.,-1.));
#2896=DIRECTION('center_axis',(0.0871557427476564,-0.996194698091746,0.));
#2897=DIRECTION('ref_axis',(-0.996194698091746,-0.0871557427476564,0.));
#2898=DIRECTION('center_axis',(0.,0.707106781186551,-0.707106781186544));
#2899=DIRECTION('ref_axis',(0.,0.707106781186544,0.707106781186551));
#2900=DIRECTION('',(1.,0.,0.));
#2901=DIRECTION('center_axis',(0.,1.,0.));
#2902=DIRECTION('ref_axis',(0.,0.,1.));
#2903=DIRECTION('center_axis',(-0.350800434887293,0.684876350533445,0.638657529011344));
#2904=DIRECTION('ref_axis',(0.936450241541368,0.256559196584437,0.239245321302346));
#2905=DIRECTION('',(-0.890038034364076,-0.455886276811807,5.36432945206898E-16));
#2906=DIRECTION('',(-0.699885331491081,0.261369072768855,-0.664715526043711));
#2907=DIRECTION('',(0.707106781186545,0.640856382055781,-0.298836238730141));
#2908=DIRECTION('',(2.38944510961424E-14,-0.681998360062493,0.731353701619176));
#2909=DIRECTION('center_axis',(0.350800434887292,0.684876350533445,0.638657529011345));
#2910=DIRECTION('ref_axis',(0.936450241541368,-0.256559196584436,-0.239245321302345));
#2911=DIRECTION('',(0.936222667044146,-0.271531430920229,-0.223064564050768));
#2912=DIRECTION('',(0.707106781186545,-0.640856382055781,0.298836238730142));
#2913=DIRECTION('',(-0.699885331491081,-0.261369072768856,0.664715526043711));
#2914=DIRECTION('',(-0.890038034364077,0.455886276811806,-5.36432945206897E-16));
#2915=DIRECTION('',(2.37362096981548E-14,0.681998360062493,-0.731353701619176));
#2916=DIRECTION('center_axis',(-0.160071158553662,-0.894621381109141,0.417168801160466));
#2917=DIRECTION('ref_axis',(0.,-0.422618261740759,-0.906307787036622));
#2918=DIRECTION('',(-0.6419815545411,-0.226677801039546,-0.732445805602619));
#2919=DIRECTION('',(0.852095860885951,-0.338576147821107,-0.399122582658072));
#2920=DIRECTION('',(3.86336827779486E-14,-0.422618261740765,-0.906307787036619));
#2921=DIRECTION('',(0.985047602213243,-0.117496306398277,0.125999362524987));
#2922=DIRECTION('center_axis',(0.,-0.731353701619176,-0.681998360062493));
#2923=DIRECTION('ref_axis',(0.,0.681998360062493,-0.731353701619176));
#2924=DIRECTION('',(1.,0.,0.));
#2925=DIRECTION('center_axis',(0.,-1.1766814938111E-15,-1.));
#2926=DIRECTION('ref_axis',(0.,1.,-1.1766814938111E-15));
#2927=DIRECTION('',(0.133358035744714,0.991067926179791,-1.16617128784551E-15));
#2928=DIRECTION('',(-1.,0.,0.));
#2929=DIRECTION('',(0.133358035744714,-0.991067926179791,1.16617128784551E-15));
#2930=DIRECTION('center_axis',(-0.703927566165011,0.094720447560213,-0.703927566165012));
#2931=DIRECTION('ref_axis',(-0.0669774707868517,-0.995503910998843,-0.0669774707868511));
#2932=DIRECTION('',(-0.647400737516884,0.322098414629841,0.690742279258725));
#2933=DIRECTION('center_axis',(-0.703927566165011,-0.094720447560213,0.703927566165012));
#2934=DIRECTION('ref_axis',(0.0669774707868517,-0.995503910998843,-0.0669774707868511));
#2935=DIRECTION('',(-0.647400737516884,-0.322098414629841,-0.690742279258725));
#2936=DIRECTION('center_axis',(0.,0.90630778703662,-0.422618261740763));
#2937=DIRECTION('ref_axis',(0.,0.422618261740763,0.90630778703662));
#2938=DIRECTION('',(0.389281620635073,-0.389281620635075,-0.834817129478942));
#2939=DIRECTION('',(1.,0.,0.));
#2940=DIRECTION('',(0.389281620635073,0.389281620635075,0.834817129478942));
#2941=DIRECTION('center_axis',(-0.70710678118655,-0.640856382055777,0.298836238730141));
#2942=DIRECTION('ref_axis',(-1.64035451888367E-14,0.422618261740745,0.906307787036629));
#2943=DIRECTION('',(-0.707106781186545,0.640856382055771,-0.298836238730164));
#2944=DIRECTION('center_axis',(-0.49999999999999,-0.751990132248469,-0.429547251185409));
#2945=DIRECTION('ref_axis',(-0.500000000000013,-0.154317654788164,0.852165512926138));
#2946=DIRECTION('center_axis',(-0.632280199348978,-0.3838303979554,0.672975463978157));
#2947=DIRECTION('ref_axis',(0.316578188622052,0.664813750748123,0.676609878220082));
#2948=DIRECTION('center_axis',(-0.632280199348978,0.3838303979554,-0.672975463978157));
#2949=DIRECTION('ref_axis',(-0.316578188622052,0.664813750748123,0.676609878220082));
#2950=DIRECTION('center_axis',(-0.70710678118655,0.640856382055777,-0.298836238730141));
#2951=DIRECTION('ref_axis',(1.64035451888367E-14,0.422618261740745,0.906307787036629));
#2952=DIRECTION('',(0.707106781186545,0.640856382055771,-0.298836238730164));
#2953=DIRECTION('center_axis',(-0.49999999999999,0.751990132248469,0.429547251185409));
#2954=DIRECTION('ref_axis',(0.500000000000013,-0.154317654788164,0.852165512926138));
#2955=DIRECTION('center_axis',(0.,0.,1.));
#2956=DIRECTION('ref_axis',(1.,0.,0.));
#2957=DIRECTION('',(0.,0.,1.));
#2958=DIRECTION('',(0.,0.,1.));
#2959=DIRECTION('',(0.,0.,1.));
#2960=DIRECTION('center_axis',(0.,0.,1.));
#2961=DIRECTION('ref_axis',(1.,0.,0.));
#2962=DIRECTION('',(0.,0.,1.));
#2963=DIRECTION('',(0.,0.,1.));
#2964=DIRECTION('center_axis',(-0.0871557427476567,-0.996194698091746,0.));
#2965=DIRECTION('ref_axis',(0.996194698091746,-0.0871557427476567,0.));
#2966=DIRECTION('',(0.,0.,1.));
#2967=DIRECTION('',(0.,0.,1.));
#2968=DIRECTION('center_axis',(-0.707106781186517,-0.707106781186578,0.));
#2969=DIRECTION('ref_axis',(0.707106781186578,-0.707106781186517,0.));
#2970=DIRECTION('center_axis',(0.707106781186546,-0.707106781186549,0.));
#2971=DIRECTION('ref_axis',(0.707106781186549,0.707106781186546,0.));
#2972=DIRECTION('',(0.,0.,1.));
#2973=DIRECTION('center_axis',(0.0871557427476561,-0.996194698091746,0.));
#2974=DIRECTION('ref_axis',(0.996194698091746,0.0871557427476561,0.));
#2975=DIRECTION('center_axis',(0.70710678118655,-0.707106781186545,0.));
#2976=DIRECTION('ref_axis',(-0.707106781186545,-0.70710678118655,0.));
#2977=DIRECTION('',(0.707106781186545,0.70710678118655,0.));
#2978=DIRECTION('',(0.,0.,-1.));
#2979=DIRECTION('center_axis',(-0.70710678118655,-0.707106781186545,0.));
#2980=DIRECTION('ref_axis',(-0.707106781186545,0.70710678118655,0.));
#2981=DIRECTION('',(0.,0.,-1.));
#2982=DIRECTION('',(0.707106781186545,-0.70710678118655,0.));
#2983=DIRECTION('center_axis',(-1.,3.29597922457265E-15,0.));
#2984=DIRECTION('ref_axis',(3.29597922457265E-15,1.,0.));
#2985=DIRECTION('',(0.,0.,1.));
#2986=DIRECTION('',(-3.29597922457265E-15,-1.,0.));
#2987=DIRECTION('center_axis',(-0.258819045102521,-0.965925826289068,0.));
#2988=DIRECTION('ref_axis',(-0.965925826289068,0.258819045102521,0.));
#2989=DIRECTION('',(0.,0.,1.));
#2990=DIRECTION('',(0.965925826289068,-0.258819045102521,0.));
#2991=DIRECTION('center_axis',(0.258819045102521,-0.965925826289068,0.));
#2992=DIRECTION('ref_axis',(-0.965925826289068,-0.258819045102521,0.));
#2993=DIRECTION('',(0.,0.,1.));
#2994=DIRECTION('',(0.965925826289068,0.258819045102521,0.));
#2995=DIRECTION('center_axis',(1.,3.29597922457265E-15,0.));
#2996=DIRECTION('ref_axis',(3.29597922457265E-15,-1.,0.));
#2997=DIRECTION('',(-3.29597922457265E-15,1.,0.));
#2998=DIRECTION('center_axis',(0.,0.,-1.));
#2999=DIRECTION('ref_axis',(-1.,0.,0.));
#3000=CARTESIAN_POINT('',(0.,0.,0.));
#3001=CARTESIAN_POINT('Origin',(-11.375,-57.780598721939,15.6736142715547));
#3002=CARTESIAN_POINT('',(-12.,-59.8456439237389,14.7802563844105));
#3003=CARTESIAN_POINT('',(-11.7511990164033,-58.7811982301405,13.940525085321));
#3004=CARTESIAN_POINT('Ctrl Pts',(-12.,-59.8456439237389,14.7802563844105));
#3005=CARTESIAN_POINT('Ctrl Pts',(-11.9950423242619,-59.8348253883386,14.767735093258));
#3006=CARTESIAN_POINT('Ctrl Pts',(-11.9901554607979,-59.823975718657,14.7553823003956));
#3007=CARTESIAN_POINT('Ctrl Pts',(-11.8725910646084,-59.5583849599438,14.4576406303117));
#3008=CARTESIAN_POINT('Ctrl Pts',(-11.7716438720262,-59.1893169926599,14.1699312684885));
#3009=CARTESIAN_POINT('Ctrl Pts',(-11.7526525656894,-58.82236773188,13.9631031030856));
#3010=CARTESIAN_POINT('Ctrl Pts',(-11.7518139137715,-58.8020143302897,13.9518332440234));
#3011=CARTESIAN_POINT('Ctrl Pts',(-11.7511990164033,-58.7811982301405,13.9405250853209));
#3012=CARTESIAN_POINT('',(-12.,-59.8456439237389,16.566972158699));
#3013=CARTESIAN_POINT('Origin',(-12.,-57.780598721939,15.6736142715547));
#3014=CARTESIAN_POINT('',(-12.,-57.5543560762611,17.9122107660746));
#3015=CARTESIAN_POINT('Ctrl Pts',(-12.,-57.5543560762611,17.9122107660746));
#3016=CARTESIAN_POINT('Ctrl Pts',(-11.9488391453334,-57.6659982139412,17.8720723531798));
#3017=CARTESIAN_POINT('Ctrl Pts',(-11.9045376799111,-57.7842553391612,17.830892982949));
#3018=CARTESIAN_POINT('Ctrl Pts',(-11.8295513029283,-58.02792968582,17.743088087619));
#3019=CARTESIAN_POINT('Ctrl Pts',(-11.7932857587082,-58.1943607801165,17.6801102192272));
#3020=CARTESIAN_POINT('Ctrl Pts',(-11.7527402753158,-58.495170896156,17.5527160493959));
#3021=CARTESIAN_POINT('Ctrl Pts',(-11.7456655383668,-58.6873646696564,17.4602188912659));
#3022=CARTESIAN_POINT('Ctrl Pts',(-11.7716438720262,-59.1893169926599,17.1772972746209));
#3023=CARTESIAN_POINT('Ctrl Pts',(-11.8725910646084,-59.5583849599439,16.8895879127978));
#3024=CARTESIAN_POINT('Ctrl Pts',(-11.9901554607979,-59.8239757186571,16.5918462427139));
#3025=CARTESIAN_POINT('Ctrl Pts',(-11.9950423242619,-59.8348253883386,16.5794934498515));
#3026=CARTESIAN_POINT('Ctrl Pts',(-12.,-59.845643923739,16.566972158699));
#3027=CARTESIAN_POINT('',(-12.,-57.5543560762611,13.4350177770349));
#3028=CARTESIAN_POINT('Origin',(-12.,-57.780598721939,15.6736142715547));
#3029=CARTESIAN_POINT('Ctrl Pts',(-11.7511990164033,-58.7811982301405,13.9405250853209));
#3030=CARTESIAN_POINT('Ctrl Pts',(-11.7469994706813,-58.6390311485243,13.8632941001861));
#3031=CARTESIAN_POINT('Ctrl Pts',(-11.75553796853,-58.4744145911379,13.7857221236244));
#3032=CARTESIAN_POINT('Ctrl Pts',(-11.7932857587082,-58.1943607801165,13.6671183238822));
#3033=CARTESIAN_POINT('Ctrl Pts',(-11.8295513029283,-58.02792968582,13.6041404554905));
#3034=CARTESIAN_POINT('Ctrl Pts',(-11.9045376799111,-57.7842553391612,13.5163355601605));
#3035=CARTESIAN_POINT('Ctrl Pts',(-11.9488391453334,-57.6659982139413,13.4751561899297));
#3036=CARTESIAN_POINT('Ctrl Pts',(-12.,-57.5543560762611,13.4350177770349));
#3037=CARTESIAN_POINT('',(-10.75,-58.280598721939,14.8075888677703));
#3038=CARTESIAN_POINT('',(-11.375,-58.593098721939,14.266322990405));
#3039=CARTESIAN_POINT('Origin',(-10.75,-57.780598721939,15.6736142715547));
#3040=CARTESIAN_POINT('Origin',(11.375,-57.780598721939,15.6736142715547));
#3041=CARTESIAN_POINT('',(10.75,-58.280598721939,14.8075888677703));
#3042=CARTESIAN_POINT('Origin',(10.75,-57.780598721939,15.6736142715547));
#3043=CARTESIAN_POINT('',(11.7511990164033,-58.7811982301405,13.940525085321));
#3044=CARTESIAN_POINT('',(11.375,-58.593098721939,14.266322990405));
#3045=CARTESIAN_POINT('',(11.75,-58.6999999996982,13.8974663917289));
#3046=CARTESIAN_POINT('Ctrl Pts',(11.75,-58.6999999993964,13.8974663917289));
#3047=CARTESIAN_POINT('Ctrl Pts',(11.7499999999939,-58.7276376408946,13.9117726796231));
#3048=CARTESIAN_POINT('Ctrl Pts',(11.750418996753,-58.7547922508696,13.9261802751908));
#3049=CARTESIAN_POINT('Ctrl Pts',(11.7511990164033,-58.7811982301405,13.9405250853209));
#3050=CARTESIAN_POINT('',(12.,-57.554356076261,13.4350177770349));
#3051=CARTESIAN_POINT('Ctrl Pts',(12.,-57.554356076261,13.4350177770349));
#3052=CARTESIAN_POINT('Ctrl Pts',(11.9488391453334,-57.6659982139412,13.4751561899297));
#3053=CARTESIAN_POINT('Ctrl Pts',(11.9045376799111,-57.7842553391612,13.5163355601605));
#3054=CARTESIAN_POINT('Ctrl Pts',(11.8295513029283,-58.02792968582,13.6041404554905));
#3055=CARTESIAN_POINT('Ctrl Pts',(11.7932857587082,-58.1943607801165,13.6671183238822));
#3056=CARTESIAN_POINT('Ctrl Pts',(11.7590869440101,-58.448084464163,13.7745712198194));
#3057=CARTESIAN_POINT('Ctrl Pts',(11.7500000000266,-58.5788394162862,13.8347490942519));
#3058=CARTESIAN_POINT('Ctrl Pts',(11.75,-58.6999999993964,13.8974663917289));
#3059=CARTESIAN_POINT('',(12.,-57.554356076261,17.9122107660746));
#3060=CARTESIAN_POINT('Origin',(12.,-57.780598721939,15.6736142715547));
#3061=CARTESIAN_POINT('',(11.75,-58.699999996786,17.4497621543955));
#3062=CARTESIAN_POINT('Ctrl Pts',(11.75,-58.699999993572,17.4497621543955));
#3063=CARTESIAN_POINT('Ctrl Pts',(11.7500000002832,-58.5788302942937,17.5124841705308));
#3064=CARTESIAN_POINT('Ctrl Pts',(11.7590863731938,-58.4480886990937,17.5726555297816));
#3065=CARTESIAN_POINT('Ctrl Pts',(11.7932857587082,-58.1943607801165,17.6801102192272));
#3066=CARTESIAN_POINT('Ctrl Pts',(11.8295513029283,-58.02792968582,17.743088087619));
#3067=CARTESIAN_POINT('Ctrl Pts',(11.9045376799111,-57.7842553391612,17.830892982949));
#3068=CARTESIAN_POINT('Ctrl Pts',(11.9488391453334,-57.6659982139412,17.8720723531798));
#3069=CARTESIAN_POINT('Ctrl Pts',(12.,-57.554356076261,17.9122107660746));
#3070=CARTESIAN_POINT('',(12.,-59.845643923739,16.5669721586989));
#3071=CARTESIAN_POINT('Ctrl Pts',(12.,-59.845643923739,16.5669721586989));
#3072=CARTESIAN_POINT('Ctrl Pts',(11.9950423242619,-59.8348253883386,16.5794934498515));
#3073=CARTESIAN_POINT('Ctrl Pts',(11.9901554607979,-59.8239757186571,16.5918462427139));
#3074=CARTESIAN_POINT('Ctrl Pts',(11.8725910646084,-59.5583849599438,16.8895879127978));
#3075=CARTESIAN_POINT('Ctrl Pts',(11.7716438720262,-59.1893169926599,17.1772972746209));
#3076=CARTESIAN_POINT('Ctrl Pts',(11.7513550105752,-58.7972964239063,17.3982566924521));
#3077=CARTESIAN_POINT('Ctrl Pts',(11.7499999998845,-58.7494221269217,17.4241793901906));
#3078=CARTESIAN_POINT('Ctrl Pts',(11.75,-58.699999993572,17.4497621543954));
#3079=CARTESIAN_POINT('',(12.,-59.845643923739,14.7802563844105));
#3080=CARTESIAN_POINT('Origin',(12.,-57.780598721939,15.6736142715547));
#3081=CARTESIAN_POINT('Ctrl Pts',(11.7511990164033,-58.7811982301405,13.9405250853209));
#3082=CARTESIAN_POINT('Ctrl Pts',(11.7518139137715,-58.8020143302897,13.9518332440235));
#3083=CARTESIAN_POINT('Ctrl Pts',(11.7526525656894,-58.82236773188,13.9631031030857));
#3084=CARTESIAN_POINT('Ctrl Pts',(11.7716438720262,-59.1893169926599,14.1699312684885));
#3085=CARTESIAN_POINT('Ctrl Pts',(11.8725910646084,-59.5583849599438,14.4576406303117));
#3086=CARTESIAN_POINT('Ctrl Pts',(11.9901554607979,-59.823975718657,14.7553823003956));
#3087=CARTESIAN_POINT('Ctrl Pts',(11.9950423242619,-59.8348253883386,14.767735093258));
#3088=CARTESIAN_POINT('Ctrl Pts',(12.,-59.845643923739,14.7802563844105));
#3089=CARTESIAN_POINT('Origin',(-12.,-60.780598721939,10.4774618488481));
#3090=CARTESIAN_POINT('',(-12.,-59.8456439237389,12.5240100465026));
#3091=CARTESIAN_POINT('',(-17.25,-58.7,11.3339716025964));
#3092=CARTESIAN_POINT('Ctrl Pts',(-12.,-59.8456439237389,12.5240100465026));
#3093=CARTESIAN_POINT('Ctrl Pts',(-12.0090473095831,-59.8653867718344,12.5330294629904));
#3094=CARTESIAN_POINT('Ctrl Pts',(-12.0183968575858,-59.8851709668237,12.5417221032078));
#3095=CARTESIAN_POINT('Ctrl Pts',(-12.1059333567883,-60.0647517980043,12.6175917599179));
#3096=CARTESIAN_POINT('Ctrl Pts',(-12.2045068983744,-60.2243366280009,12.6621893534815));
#3097=CARTESIAN_POINT('Ctrl Pts',(-12.5569081461947,-60.6883782226679,12.7498010988247));
#3098=CARTESIAN_POINT('Ctrl Pts',(-12.8918395859386,-60.9713001673228,12.7276744922817));
#3099=CARTESIAN_POINT('Ctrl Pts',(-13.6566329174365,-61.3521145961639,12.6622266301342));
#3100=CARTESIAN_POINT('Ctrl Pts',(-14.0870546735729,-61.45,12.6255777509656));
#3101=CARTESIAN_POINT('Ctrl Pts',(-14.5,-61.45,12.6255777509656));
#3102=CARTESIAN_POINT('Ctrl Pts',(-14.9129453264271,-61.45,12.6255777509656));
#3103=CARTESIAN_POINT('Ctrl Pts',(-15.3433670825635,-61.3521145961639,12.6622266301342));
#3104=CARTESIAN_POINT('Ctrl Pts',(-16.1081604140614,-60.9713001673228,12.7276744922817));
#3105=CARTESIAN_POINT('Ctrl Pts',(-16.4430918538053,-60.6883782226679,12.7498010988247));
#3106=CARTESIAN_POINT('Ctrl Pts',(-16.7954931016256,-60.2243366280009,12.6621893534815));
#3107=CARTESIAN_POINT('Ctrl Pts',(-16.8940666432117,-60.0647517980042,12.6175917599179));
#3108=CARTESIAN_POINT('Ctrl Pts',(-17.0498526241629,-59.7451573865258,12.4825688951392));
#3109=CARTESIAN_POINT('Ctrl Pts',(-17.107480487515,-59.5855755328433,12.3916116950399));
#3110=CARTESIAN_POINT('Ctrl Pts',(-17.2226291156619,-59.1776761623335,12.0914764820972));
#3111=CARTESIAN_POINT('Ctrl Pts',(-17.2445359158557,-58.9370578192278,11.8157424996708));
#3112=CARTESIAN_POINT('Ctrl Pts',(-17.2497154219779,-58.7480589211315,11.4443635159595));
#3113=CARTESIAN_POINT('Ctrl Pts',(-17.25,-58.7229081672095,11.389619192375));
#3114=CARTESIAN_POINT('Ctrl Pts',(-17.25,-58.7,11.3339716025964));
#3115=CARTESIAN_POINT('',(-12.,-61.905598721939,8.5289046903331));
#3116=CARTESIAN_POINT('Origin',(-12.,-60.780598721939,10.4774618488481));
#3117=CARTESIAN_POINT('',(-17.544401278061,-61.905598721939,8.5289046903331));
#3118=CARTESIAN_POINT('',(-12.,-61.905598721939,8.5289046903331));
#3119=CARTESIAN_POINT('',(-18.5,-60.95,12.7210757209284));
#3120=CARTESIAN_POINT('Origin',(-18.669401278061,-60.780598721939,10.4774618488481));
#3121=CARTESIAN_POINT('',(-18.5,-60.95,8.23384797676776));
#3122=CARTESIAN_POINT('Origin',(-18.5,-60.780598721939,10.4774618488481));
#3123=CARTESIAN_POINT('Origin',(-18.669401278061,-60.780598721939,10.4774618488481));
#3124=CARTESIAN_POINT('',(-12.,-59.8456439237389,8.43091365119362));
#3125=CARTESIAN_POINT('Origin',(-12.,-60.780598721939,10.4774618488481));
#3126=CARTESIAN_POINT('',(-17.25,-58.7,9.62095209509978));
#3127=CARTESIAN_POINT('Ctrl Pts',(-17.25,-58.7,9.62095209509978));
#3128=CARTESIAN_POINT('Ctrl Pts',(-17.25,-58.7229081672095,9.56530450532116));
#3129=CARTESIAN_POINT('Ctrl Pts',(-17.2497154219779,-58.7480589211315,9.51056018173665));
#3130=CARTESIAN_POINT('Ctrl Pts',(-17.2445359158557,-58.9370578192278,9.13918119802541));
#3131=CARTESIAN_POINT('Ctrl Pts',(-17.2226291156619,-59.1776761623335,8.86344721559894));
#3132=CARTESIAN_POINT('Ctrl Pts',(-17.107480487515,-59.5855755328433,8.56331200265632));
#3133=CARTESIAN_POINT('Ctrl Pts',(-17.0498526241629,-59.7451573865259,8.47235480255699));
#3134=CARTESIAN_POINT('Ctrl Pts',(-16.8940666432117,-60.0647517980043,8.33733193777827));
#3135=CARTESIAN_POINT('Ctrl Pts',(-16.7954931016256,-60.2243366280009,8.29273434421471));
#3136=CARTESIAN_POINT('Ctrl Pts',(-16.4430918538053,-60.6883782226679,8.20512259887151));
#3137=CARTESIAN_POINT('Ctrl Pts',(-16.1081604140614,-60.9713001673228,8.22724920541448));
#3138=CARTESIAN_POINT('Ctrl Pts',(-15.3433670825635,-61.3521145961639,8.29269706756202));
#3139=CARTESIAN_POINT('Ctrl Pts',(-14.9129453264271,-61.45,8.32934594673055));
#3140=CARTESIAN_POINT('Ctrl Pts',(-14.0870546735729,-61.45,8.32934594673055));
#3141=CARTESIAN_POINT('Ctrl Pts',(-13.6566329174365,-61.3521145961639,8.29269706756202));
#3142=CARTESIAN_POINT('Ctrl Pts',(-12.8918395859386,-60.9713001673228,8.22724920541448));
#3143=CARTESIAN_POINT('Ctrl Pts',(-12.5569081461947,-60.6883782226679,8.20512259887151));
#3144=CARTESIAN_POINT('Ctrl Pts',(-12.2045068983744,-60.2243366280009,8.29273434421471));
#3145=CARTESIAN_POINT('Ctrl Pts',(-12.1059333567883,-60.0647517980043,8.33733193777827));
#3146=CARTESIAN_POINT('Ctrl Pts',(-12.0183968575858,-59.8851709668237,8.4132015944884));
#3147=CARTESIAN_POINT('Ctrl Pts',(-12.0090473095831,-59.8653867718344,8.42189423470582));
#3148=CARTESIAN_POINT('Ctrl Pts',(-12.,-59.8456439237389,8.43091365119362));
#3149=CARTESIAN_POINT('Ctrl Pts',(-17.25,-58.7,11.3339716025964));
#3150=CARTESIAN_POINT('Ctrl Pts',(-17.25,-58.5870880953278,11.0596905876698));
#3151=CARTESIAN_POINT('Ctrl Pts',(-17.2447774421602,-58.530598721939,10.7626585597653));
#3152=CARTESIAN_POINT('Ctrl Pts',(-17.2447774421602,-58.530598721939,10.1922651379309));
#3153=CARTESIAN_POINT('Ctrl Pts',(-17.25,-58.5870880953278,9.89523311002644));
#3154=CARTESIAN_POINT('Ctrl Pts',(-17.25,-58.7,9.62095209509978));
#3155=CARTESIAN_POINT('Origin',(-12.,-57.780598721939,15.6736142715547));
#3156=CARTESIAN_POINT('',(-17.25,-58.6999999999682,13.620031721469));
#3157=CARTESIAN_POINT('Ctrl Pts',(-12.,-57.5543560762611,13.4350177770349));
#3158=CARTESIAN_POINT('Ctrl Pts',(-12.0708557745387,-57.3997360999524,13.450644368339));
#3159=CARTESIAN_POINT('Ctrl Pts',(-12.155281975878,-57.2546079634772,13.4818724647955));
#3160=CARTESIAN_POINT('Ctrl Pts',(-12.5020156615262,-56.7575767121019,13.6328618241928));
#3161=CARTESIAN_POINT('Ctrl Pts',(-12.8416055929747,-56.4639282001764,13.8289334067504));
#3162=CARTESIAN_POINT('Ctrl Pts',(-13.417600082314,-56.1627080833516,14.1040837894049));
#3163=CARTESIAN_POINT('Ctrl Pts',(-13.6205963858813,-56.0852078703912,14.1919318563969));
#3164=CARTESIAN_POINT('Ctrl Pts',(-14.0457037093235,-55.9789468762641,14.3232137423788));
#3165=CARTESIAN_POINT('Ctrl Pts',(-14.268150572746,-55.95,14.3654062149997));
#3166=CARTESIAN_POINT('Ctrl Pts',(-14.5,-55.95,14.3654062149997));
#3167=CARTESIAN_POINT('Ctrl Pts',(-14.731849427254,-55.95,14.3654062149997));
#3168=CARTESIAN_POINT('Ctrl Pts',(-14.9542962906765,-55.9789468762641,14.3232137423788));
#3169=CARTESIAN_POINT('Ctrl Pts',(-15.3794036141187,-56.0852078703912,14.1919318563969));
#3170=CARTESIAN_POINT('Ctrl Pts',(-15.582399917686,-56.1627080833516,14.1040837894049));
#3171=CARTESIAN_POINT('Ctrl Pts',(-16.1583944070253,-56.4639282001764,13.8289334067504));
#3172=CARTESIAN_POINT('Ctrl Pts',(-16.4979843384738,-56.7575767121019,13.6328618241928));
#3173=CARTESIAN_POINT('Ctrl Pts',(-16.8849098665201,-57.3122216380324,13.4643704429618));
#3174=CARTESIAN_POINT('Ctrl Pts',(-17.003097870325,-57.5344166785543,13.4249692530439));
#3175=CARTESIAN_POINT('Ctrl Pts',(-17.1713257312029,-58.0013568352183,13.4223311102189));
#3176=CARTESIAN_POINT('Ctrl Pts',(-17.2213684276694,-58.2461058531688,13.4600529364638));
#3177=CARTESIAN_POINT('Ctrl Pts',(-17.2467078461468,-58.5447397936679,13.555792643684));
#3178=CARTESIAN_POINT('Ctrl Pts',(-17.2499999999982,-58.6227713640418,13.5854559959709));
#3179=CARTESIAN_POINT('Ctrl Pts',(-17.25,-58.6999999999364,13.620031721469));
#3180=CARTESIAN_POINT('',(-17.25,-58.6999999995565,17.7271968220091));
#3181=CARTESIAN_POINT('Ctrl Pts',(-17.25,-58.6999999991131,17.7271968220091));
#3182=CARTESIAN_POINT('Ctrl Pts',(-17.2499999999751,-58.622774202266,17.7617712764114));
#3183=CARTESIAN_POINT('Ctrl Pts',(-17.2467088765084,-58.5447519368404,17.7914320064193));
#3184=CARTESIAN_POINT('Ctrl Pts',(-17.2213684276694,-58.2461058531688,17.8871756066457));
#3185=CARTESIAN_POINT('Ctrl Pts',(-17.1713257312029,-58.0013568352183,17.9248974328905));
#3186=CARTESIAN_POINT('Ctrl Pts',(-17.003097870325,-57.5344166785544,17.9222592900656));
#3187=CARTESIAN_POINT('Ctrl Pts',(-16.8849098665201,-57.3122216380324,17.8828581001476));
#3188=CARTESIAN_POINT('Ctrl Pts',(-16.4979843384738,-56.7575767121019,17.7143667189166));
#3189=CARTESIAN_POINT('Ctrl Pts',(-16.1583944070253,-56.4639282001764,17.518295136359));
#3190=CARTESIAN_POINT('Ctrl Pts',(-15.582399917686,-56.1627080833516,17.2431447537045));
#3191=CARTESIAN_POINT('Ctrl Pts',(-15.3794036141187,-56.0852078703912,17.1552966867126));
#3192=CARTESIAN_POINT('Ctrl Pts',(-14.9542962906765,-55.9789468762641,17.0240148007306));
#3193=CARTESIAN_POINT('Ctrl Pts',(-14.731849427254,-55.95,16.9818223281097));
#3194=CARTESIAN_POINT('Ctrl Pts',(-14.268150572746,-55.95,16.9818223281097));
#3195=CARTESIAN_POINT('Ctrl Pts',(-14.0457037093235,-55.9789468762641,17.0240148007306));
#3196=CARTESIAN_POINT('Ctrl Pts',(-13.6205963858813,-56.0852078703912,17.1552966867126));
#3197=CARTESIAN_POINT('Ctrl Pts',(-13.417600082314,-56.1627080833516,17.2431447537045));
#3198=CARTESIAN_POINT('Ctrl Pts',(-12.8416055929747,-56.4639282001764,17.518295136359));
#3199=CARTESIAN_POINT('Ctrl Pts',(-12.5020156615262,-56.7575767121019,17.7143667189166));
#3200=CARTESIAN_POINT('Ctrl Pts',(-12.1552819758748,-57.2546079634819,17.8653560783153));
#3201=CARTESIAN_POINT('Ctrl Pts',(-12.0708557745418,-57.3997360999455,17.8965841747698));
#3202=CARTESIAN_POINT('Ctrl Pts',(-12.,-57.5543560762611,17.9122107660746));
#3203=CARTESIAN_POINT('',(-17.2423036238781,-58.9055987219416,13.7250571130413));
#3204=CARTESIAN_POINT('Ctrl Pts',(-17.2423036238781,-58.9055987219443,13.7250571130428));
#3205=CARTESIAN_POINT('Ctrl Pts',(-17.2374061362308,-58.9709220760783,13.7627715691364));
#3206=CARTESIAN_POINT('Ctrl Pts',(-17.2302642589378,-59.0346730119467,13.8039821479025));
#3207=CARTESIAN_POINT('Ctrl Pts',(-17.1929918315927,-59.2907679937596,13.9885371508439));
#3208=CARTESIAN_POINT('Ctrl Pts',(-17.1462796135223,-59.4608958719932,14.1609711710414));
#3209=CARTESIAN_POINT('Ctrl Pts',(-17.0555058709452,-59.7255623120046,14.5202683507607));
#3210=CARTESIAN_POINT('Ctrl Pts',(-17.0037105976795,-59.8406885669203,14.7367828602529));
#3211=CARTESIAN_POINT('Ctrl Pts',(-16.9284130789647,-59.9932703559725,15.1985287789798));
#3212=CARTESIAN_POINT('Ctrl Pts',(-16.9066588958916,-60.030598721939,15.4440855486822));
#3213=CARTESIAN_POINT('Ctrl Pts',(-16.9066588958916,-60.030598721939,15.9031429944273));
#3214=CARTESIAN_POINT('Ctrl Pts',(-16.9284130789647,-59.9932703559725,16.1486997641297));
#3215=CARTESIAN_POINT('Ctrl Pts',(-17.0037105976795,-59.8406885669203,16.6104456828566));
#3216=CARTESIAN_POINT('Ctrl Pts',(-17.0555058709452,-59.7255623120046,16.8269601923488));
#3217=CARTESIAN_POINT('Ctrl Pts',(-17.1462796135223,-59.4608958719932,17.186257372068));
#3218=CARTESIAN_POINT('Ctrl Pts',(-17.1929918315927,-59.2907679937596,17.3586913922655));
#3219=CARTESIAN_POINT('Ctrl Pts',(-17.2394543395434,-58.971528921444,17.5887512220723));
#3220=CARTESIAN_POINT('Ctrl Pts',(-17.2500000000442,-58.8370704492214,17.6658295558797));
#3221=CARTESIAN_POINT('Ctrl Pts',(-17.25,-58.6999999991131,17.7271968220091));
#3222=CARTESIAN_POINT('',(-18.5,-58.905598721939,13.7250571130397));
#3223=CARTESIAN_POINT('',(-12.,-58.905598721939,13.7250571130397));
#3224=CARTESIAN_POINT('Origin',(-18.5,-57.780598721939,15.6736142715547));
#3225=CARTESIAN_POINT('Ctrl Pts',(-17.25,-58.6999999999364,13.620031721469));
#3226=CARTESIAN_POINT('Ctrl Pts',(-17.2500000000016,-58.7695244153956,13.6511582210696));
#3227=CARTESIAN_POINT('Ctrl Pts',(-17.2473416672178,-58.8384006169318,13.6862602690248));
#3228=CARTESIAN_POINT('Ctrl Pts',(-17.2423036238781,-58.9055987219443,13.7250571130428));
#3229=CARTESIAN_POINT('Origin',(12.,-60.780598721939,10.4774618488481));
#3230=CARTESIAN_POINT('',(12.,-59.845643923739,8.43091365119361));
#3231=CARTESIAN_POINT('',(12.,-59.845643923739,12.5240100465026));
#3232=CARTESIAN_POINT('Ctrl Pts',(12.,-59.845643923739,8.43091365119361));
#3233=CARTESIAN_POINT('Ctrl Pts',(12.0090473095831,-59.8653867718344,8.42189423470582));
#3234=CARTESIAN_POINT('Ctrl Pts',(12.0183968575858,-59.8851709668237,8.4132015944884));
#3235=CARTESIAN_POINT('Ctrl Pts',(12.1059333567883,-60.0647517980043,8.33733193777827));
#3236=CARTESIAN_POINT('Ctrl Pts',(12.2045068983744,-60.2243366280009,8.29273434421471));
#3237=CARTESIAN_POINT('Ctrl Pts',(12.5569081461947,-60.6883782226679,8.20512259887151));
#3238=CARTESIAN_POINT('Ctrl Pts',(12.8918395859386,-60.9713001673229,8.22724920541448));
#3239=CARTESIAN_POINT('Ctrl Pts',(13.6566329174365,-61.352114596164,8.29269706756202));
#3240=CARTESIAN_POINT('Ctrl Pts',(14.0870546735729,-61.45,8.32934594673055));
#3241=CARTESIAN_POINT('Ctrl Pts',(14.9129453264271,-61.45,8.32934594673055));
#3242=CARTESIAN_POINT('Ctrl Pts',(15.3433670825635,-61.352114596164,8.29269706756202));
#3243=CARTESIAN_POINT('Ctrl Pts',(16.1081604140614,-60.9713001673229,8.22724920541448));
#3244=CARTESIAN_POINT('Ctrl Pts',(16.4430918538053,-60.6883782226679,8.20512259887151));
#3245=CARTESIAN_POINT('Ctrl Pts',(16.7954931016256,-60.2243366280009,8.29273434421471));
#3246=CARTESIAN_POINT('Ctrl Pts',(16.8940666432117,-60.0647517980043,8.33733193777827));
#3247=CARTESIAN_POINT('Ctrl Pts',(17.0498526241629,-59.7451573865259,8.47235480255699));
#3248=CARTESIAN_POINT('Ctrl Pts',(17.107480487515,-59.5855755328433,8.56331200265631));
#3249=CARTESIAN_POINT('Ctrl Pts',(17.2226291156619,-59.1776761623335,8.86344721559894));
#3250=CARTESIAN_POINT('Ctrl Pts',(17.2445359158557,-58.9370578192278,9.13918119802541));
#3251=CARTESIAN_POINT('Ctrl Pts',(17.2533998823164,-58.6136138741304,9.77474195963685));
#3252=CARTESIAN_POINT('Ctrl Pts',(17.2447774421602,-58.530598721939,10.134402913746));
#3253=CARTESIAN_POINT('Ctrl Pts',(17.2447774421602,-58.530598721939,10.8205207839502));
#3254=CARTESIAN_POINT('Ctrl Pts',(17.2533998823164,-58.6136138741304,11.1801817380593));
#3255=CARTESIAN_POINT('Ctrl Pts',(17.2445359158557,-58.9370578192278,11.8157424996708));
#3256=CARTESIAN_POINT('Ctrl Pts',(17.2226291156619,-59.1776761623335,12.0914764820972));
#3257=CARTESIAN_POINT('Ctrl Pts',(17.107480487515,-59.5855755328433,12.3916116950399));
#3258=CARTESIAN_POINT('Ctrl Pts',(17.0498526241629,-59.7451573865259,12.4825688951392));
#3259=CARTESIAN_POINT('Ctrl Pts',(16.8940666432117,-60.0647517980043,12.6175917599179));
#3260=CARTESIAN_POINT('Ctrl Pts',(16.7954931016256,-60.2243366280009,12.6621893534815));
#3261=CARTESIAN_POINT('Ctrl Pts',(16.4430918538053,-60.6883782226679,12.7498010988247));
#3262=CARTESIAN_POINT('Ctrl Pts',(16.1081604140614,-60.9713001673229,12.7276744922817));
#3263=CARTESIAN_POINT('Ctrl Pts',(15.3433670825635,-61.352114596164,12.6622266301342));
#3264=CARTESIAN_POINT('Ctrl Pts',(14.9129453264271,-61.45,12.6255777509656));
#3265=CARTESIAN_POINT('Ctrl Pts',(14.5,-61.45,12.6255777509656));
#3266=CARTESIAN_POINT('Ctrl Pts',(14.0870546735729,-61.45,12.6255777509656));
#3267=CARTESIAN_POINT('Ctrl Pts',(13.6566329174365,-61.352114596164,12.6622266301342));
#3268=CARTESIAN_POINT('Ctrl Pts',(12.8918395859386,-60.9713001673229,12.7276744922817));
#3269=CARTESIAN_POINT('Ctrl Pts',(12.5569081461947,-60.6883782226679,12.7498010988247));
#3270=CARTESIAN_POINT('Ctrl Pts',(12.2045068983744,-60.2243366280009,12.6621893534815));
#3271=CARTESIAN_POINT('Ctrl Pts',(12.1059333567883,-60.0647517980043,12.6175917599179));
#3272=CARTESIAN_POINT('Ctrl Pts',(12.0183968575858,-59.8851709668237,12.5417221032078));
#3273=CARTESIAN_POINT('Ctrl Pts',(12.0090473095832,-59.8653867718344,12.5330294629904));
#3274=CARTESIAN_POINT('Ctrl Pts',(12.,-59.845643923739,12.5240100465026));
#3275=CARTESIAN_POINT('',(12.,-61.905598721939,8.5289046903331));
#3276=CARTESIAN_POINT('Origin',(12.,-60.780598721939,10.4774618488481));
#3277=CARTESIAN_POINT('',(17.544401278061,-61.905598721939,8.5289046903331));
#3278=CARTESIAN_POINT('',(12.,-61.905598721939,8.5289046903331));
#3279=CARTESIAN_POINT('',(18.5,-60.95,8.23384797676776));
#3280=CARTESIAN_POINT('Origin',(18.669401278061,-60.780598721939,10.4774618488481));
#3281=CARTESIAN_POINT('',(18.5,-60.95,12.7210757209284));
#3282=CARTESIAN_POINT('Origin',(18.5,-60.780598721939,10.4774618488481));
#3283=CARTESIAN_POINT('Origin',(18.669401278061,-60.780598721939,10.4774618488481));
#3284=CARTESIAN_POINT('Origin',(12.,-60.780598721939,10.4774618488481));
#3285=CARTESIAN_POINT('Origin',(12.,-57.780598721939,15.6736142715547));
#3286=CARTESIAN_POINT('',(17.2423036238781,-58.9055987219416,13.7250571130413));
#3287=CARTESIAN_POINT('Ctrl Pts',(12.,-57.554356076261,17.9122107660746));
#3288=CARTESIAN_POINT('Ctrl Pts',(12.0708557745387,-57.3997360999524,17.8965841747705));
#3289=CARTESIAN_POINT('Ctrl Pts',(12.155281975878,-57.2546079634772,17.8653560783139));
#3290=CARTESIAN_POINT('Ctrl Pts',(12.5020156615262,-56.7575767121019,17.7143667189166));
#3291=CARTESIAN_POINT('Ctrl Pts',(12.8416055929747,-56.4639282001764,17.518295136359));
#3292=CARTESIAN_POINT('Ctrl Pts',(13.417600082314,-56.1627080833516,17.2431447537045));
#3293=CARTESIAN_POINT('Ctrl Pts',(13.6205963858813,-56.0852078703912,17.1552966867126));
#3294=CARTESIAN_POINT('Ctrl Pts',(14.0457037093235,-55.9789468762641,17.0240148007306));
#3295=CARTESIAN_POINT('Ctrl Pts',(14.268150572746,-55.95,16.9818223281097));
#3296=CARTESIAN_POINT('Ctrl Pts',(14.731849427254,-55.95,16.9818223281097));
#3297=CARTESIAN_POINT('Ctrl Pts',(14.9542962906765,-55.9789468762641,17.0240148007306));
#3298=CARTESIAN_POINT('Ctrl Pts',(15.3794036141187,-56.0852078703912,17.1552966867126));
#3299=CARTESIAN_POINT('Ctrl Pts',(15.582399917686,-56.1627080833516,17.2431447537045));
#3300=CARTESIAN_POINT('Ctrl Pts',(16.1583944070253,-56.4639282001764,17.518295136359));
#3301=CARTESIAN_POINT('Ctrl Pts',(16.4979843384738,-56.7575767121019,17.7143667189166));
#3302=CARTESIAN_POINT('Ctrl Pts',(16.8849098665201,-57.3122216380324,17.8828581001476));
#3303=CARTESIAN_POINT('Ctrl Pts',(17.003097870325,-57.5344166785543,17.9222592900656));
#3304=CARTESIAN_POINT('Ctrl Pts',(17.1713257312029,-58.0013568352183,17.9248974328905));
#3305=CARTESIAN_POINT('Ctrl Pts',(17.2213684276694,-58.2461058531688,17.8871756066457));
#3306=CARTESIAN_POINT('Ctrl Pts',(17.2583441513377,-58.6818777345057,17.7474705474542));
#3307=CARTESIAN_POINT('Ctrl Pts',(17.2496661900972,-58.9013643556206,17.6393153587073));
#3308=CARTESIAN_POINT('Ctrl Pts',(17.1929918315927,-59.2907679937596,17.3586913922655));
#3309=CARTESIAN_POINT('Ctrl Pts',(17.1462796135223,-59.4608958719932,17.186257372068));
#3310=CARTESIAN_POINT('Ctrl Pts',(17.0555058709452,-59.7255623120046,16.8269601923488));
#3311=CARTESIAN_POINT('Ctrl Pts',(17.0037105976795,-59.8406885669203,16.6104456828566));
#3312=CARTESIAN_POINT('Ctrl Pts',(16.9284130789647,-59.9932703559725,16.1486997641297));
#3313=CARTESIAN_POINT('Ctrl Pts',(16.9066588958916,-60.030598721939,15.9031429944273));
#3314=CARTESIAN_POINT('Ctrl Pts',(16.9066588958916,-60.030598721939,15.4440855486822));
#3315=CARTESIAN_POINT('Ctrl Pts',(16.9284130789647,-59.9932703559725,15.1985287789798));
#3316=CARTESIAN_POINT('Ctrl Pts',(17.0037105976795,-59.8406885669203,14.7367828602528));
#3317=CARTESIAN_POINT('Ctrl Pts',(17.0555058709452,-59.7255623120046,14.5202683507607));
#3318=CARTESIAN_POINT('Ctrl Pts',(17.1462796135223,-59.4608958719932,14.1609711710414));
#3319=CARTESIAN_POINT('Ctrl Pts',(17.1929918315927,-59.2907679937596,13.9885371508439));
#3320=CARTESIAN_POINT('Ctrl Pts',(17.2302642589378,-59.0346730119467,13.8039821479025));
#3321=CARTESIAN_POINT('Ctrl Pts',(17.2374061362308,-58.9709220760783,13.7627715691364));
#3322=CARTESIAN_POINT('Ctrl Pts',(17.2423036238781,-58.9055987219443,13.7250571130428));
#3323=CARTESIAN_POINT('Ctrl Pts',(17.2423036238781,-58.9055987219443,13.7250571130428));
#3324=CARTESIAN_POINT('Ctrl Pts',(17.252937992079,-58.7637560773045,13.6431642239774));
#3325=CARTESIAN_POINT('Ctrl Pts',(17.252608306821,-58.6142787936832,13.5780863035765));
#3326=CARTESIAN_POINT('Ctrl Pts',(17.2213684276694,-58.2461058531688,13.4600529364638));
#3327=CARTESIAN_POINT('Ctrl Pts',(17.1713257312029,-58.0013568352183,13.4223311102189));
#3328=CARTESIAN_POINT('Ctrl Pts',(17.003097870325,-57.5344166785543,13.4249692530439));
#3329=CARTESIAN_POINT('Ctrl Pts',(16.8849098665201,-57.3122216380324,13.4643704429618));
#3330=CARTESIAN_POINT('Ctrl Pts',(16.4979843384738,-56.7575767121019,13.6328618241928));
#3331=CARTESIAN_POINT('Ctrl Pts',(16.1583944070253,-56.4639282001764,13.8289334067504));
#3332=CARTESIAN_POINT('Ctrl Pts',(15.582399917686,-56.1627080833516,14.1040837894049));
#3333=CARTESIAN_POINT('Ctrl Pts',(15.3794036141187,-56.0852078703912,14.1919318563969));
#3334=CARTESIAN_POINT('Ctrl Pts',(14.9542962906765,-55.9789468762641,14.3232137423788));
#3335=CARTESIAN_POINT('Ctrl Pts',(14.731849427254,-55.95,14.3654062149997));
#3336=CARTESIAN_POINT('Ctrl Pts',(14.5,-55.95,14.3654062149997));
#3337=CARTESIAN_POINT('Ctrl Pts',(14.268150572746,-55.95,14.3654062149997));
#3338=CARTESIAN_POINT('Ctrl Pts',(14.0457037093235,-55.9789468762641,14.3232137423788));
#3339=CARTESIAN_POINT('Ctrl Pts',(13.6205963858813,-56.0852078703912,14.1919318563969));
#3340=CARTESIAN_POINT('Ctrl Pts',(13.417600082314,-56.1627080833516,14.1040837894049));
#3341=CARTESIAN_POINT('Ctrl Pts',(12.8416055929747,-56.4639282001764,13.8289334067504));
#3342=CARTESIAN_POINT('Ctrl Pts',(12.5020156615262,-56.7575767121019,13.6328618241928));
#3343=CARTESIAN_POINT('Ctrl Pts',(12.1552819758748,-57.2546079634818,13.4818724647941));
#3344=CARTESIAN_POINT('Ctrl Pts',(12.0708557745418,-57.3997360999455,13.4506443683397));
#3345=CARTESIAN_POINT('Ctrl Pts',(12.,-57.554356076261,13.4350177770349));
#3346=CARTESIAN_POINT('',(18.5,-58.905598721939,13.7250571130397));
#3347=CARTESIAN_POINT('',(12.,-58.905598721939,13.7250571130397));
#3348=CARTESIAN_POINT('Origin',(18.5,-57.780598721939,15.6736142715547));
#3349=CARTESIAN_POINT('Origin',(-11.375,-60.780598721939,10.4774618488481));
#3350=CARTESIAN_POINT('Ctrl Pts',(-12.,-59.8456439237389,8.43091365119362));
#3351=CARTESIAN_POINT('Ctrl Pts',(-11.9306010295493,-59.6942029545759,8.57639673564696));
#3352=CARTESIAN_POINT('Ctrl Pts',(-11.8782243948316,-59.5403152887805,8.73677717251812));
#3353=CARTESIAN_POINT('Ctrl Pts',(-11.7972683287697,-59.238817510084,9.10362992948877));
#3354=CARTESIAN_POINT('Ctrl Pts',(-11.772663252813,-59.0708264990003,9.35678540922432));
#3355=CARTESIAN_POINT('Ctrl Pts',(-11.7511545249465,-58.8404740677689,9.90421907697123));
#3356=CARTESIAN_POINT('Ctrl Pts',(-11.7511479531734,-58.7794507687655,10.1989331121973));
#3357=CARTESIAN_POINT('Ctrl Pts',(-11.7511479531734,-58.7794507687655,10.7559905854989));
#3358=CARTESIAN_POINT('Ctrl Pts',(-11.7511545249465,-58.8404740677689,11.050704620725));
#3359=CARTESIAN_POINT('Ctrl Pts',(-11.772663252813,-59.0708264990003,11.5981382884719));
#3360=CARTESIAN_POINT('Ctrl Pts',(-11.7972683287697,-59.238817510084,11.8512937682074));
#3361=CARTESIAN_POINT('Ctrl Pts',(-11.8782243948316,-59.5403152887805,12.2181465251781));
#3362=CARTESIAN_POINT('Ctrl Pts',(-11.9306010295493,-59.6942029545759,12.3785269620492));
#3363=CARTESIAN_POINT('Ctrl Pts',(-12.,-59.8456439237389,12.5240100465026));
#3364=CARTESIAN_POINT('',(-10.75,-61.280598721939,9.61143644506365));
#3365=CARTESIAN_POINT('',(-11.375,-61.593098721939,9.07017056769838));
#3366=CARTESIAN_POINT('Origin',(-10.75,-60.780598721939,10.4774618488481));
#3367=CARTESIAN_POINT('Origin',(-9.99999999999999,-60.780598721939,10.4774618488481));
#3368=CARTESIAN_POINT('',(-9.99999999999999,-61.280598721939,9.61143644506365));
#3369=CARTESIAN_POINT('Origin',(-9.99999999999986,-60.780598721939,10.4774618488481));
#3370=CARTESIAN_POINT('',(-9.99999999999999,-61.280598721939,9.61143644506365));
#3371=CARTESIAN_POINT('Origin',(-9.99999999999999,-57.780598721939,15.6736142715547));
#3372=CARTESIAN_POINT('',(-9.99999999999999,-58.280598721939,14.8075888677703));
#3373=CARTESIAN_POINT('Origin',(-9.99999999999986,-57.780598721939,15.6736142715547));
#3374=CARTESIAN_POINT('',(-9.99999999999999,-58.280598721939,14.8075888677703));
#3375=CARTESIAN_POINT('Origin',(11.375,-60.780598721939,10.4774618488481));
#3376=CARTESIAN_POINT('',(10.75,-61.280598721939,9.61143644506365));
#3377=CARTESIAN_POINT('Origin',(10.75,-60.780598721939,10.4774618488481));
#3378=CARTESIAN_POINT('',(11.375,-61.593098721939,9.07017056769838));
#3379=CARTESIAN_POINT('Ctrl Pts',(12.,-59.845643923739,12.5240100465026));
#3380=CARTESIAN_POINT('Ctrl Pts',(11.9306010295493,-59.6942029545759,12.3785269620492));
#3381=CARTESIAN_POINT('Ctrl Pts',(11.8782243948316,-59.5403152887805,12.2181465251781));
#3382=CARTESIAN_POINT('Ctrl Pts',(11.7972683287697,-59.238817510084,11.8512937682074));
#3383=CARTESIAN_POINT('Ctrl Pts',(11.772663252813,-59.0708264990003,11.5981382884719));
#3384=CARTESIAN_POINT('Ctrl Pts',(11.7511545249465,-58.8404740677689,11.050704620725));
#3385=CARTESIAN_POINT('Ctrl Pts',(11.7511479531734,-58.7794507687655,10.7559905854989));
#3386=CARTESIAN_POINT('Ctrl Pts',(11.7511479531734,-58.7794507687655,10.1989331121973));
#3387=CARTESIAN_POINT('Ctrl Pts',(11.7511545249465,-58.8404740677689,9.90421907697123));
#3388=CARTESIAN_POINT('Ctrl Pts',(11.772663252813,-59.0708264990003,9.35678540922433));
#3389=CARTESIAN_POINT('Ctrl Pts',(11.7972683287697,-59.238817510084,9.10362992948878));
#3390=CARTESIAN_POINT('Ctrl Pts',(11.8782243948316,-59.5403152887805,8.73677717251812));
#3391=CARTESIAN_POINT('Ctrl Pts',(11.9306010295493,-59.6942029545759,8.57639673564695));
#3392=CARTESIAN_POINT('Ctrl Pts',(12.,-59.845643923739,8.4309136511936));
#3393=CARTESIAN_POINT('Origin',(10.,-60.780598721939,10.4774618488481));
#3394=CARTESIAN_POINT('',(10.,-61.280598721939,9.61143644506365));
#3395=CARTESIAN_POINT('Origin',(10.0000000000001,-60.780598721939,10.4774618488481));
#3396=CARTESIAN_POINT('',(10.,-61.280598721939,9.61143644506365));
#3397=CARTESIAN_POINT('Origin',(10.,-57.780598721939,15.6736142715547));
#3398=CARTESIAN_POINT('',(10.,-58.280598721939,14.8075888677703));
#3399=CARTESIAN_POINT('Origin',(10.0000000000001,-57.780598721939,15.6736142715547));
#3400=CARTESIAN_POINT('',(10.,-58.280598721939,14.8075888677703));
#3401=CARTESIAN_POINT('Origin',(-12.,-57.780598721939,15.6736142715547));
#3402=CARTESIAN_POINT('Ctrl Pts',(-12.,-59.8456439237389,16.566972158699));
#3403=CARTESIAN_POINT('Ctrl Pts',(-12.0121102475727,-59.8720706504945,16.5058853467157));
#3404=CARTESIAN_POINT('Ctrl Pts',(-12.023554847683,-59.8959388660499,16.443246174383));
#3405=CARTESIAN_POINT('Ctrl Pts',(-12.0715869210353,-59.9932703559725,16.1486997641297));
#3406=CARTESIAN_POINT('Ctrl Pts',(-12.0933411041084,-60.030598721939,15.9031429944273));
#3407=CARTESIAN_POINT('Ctrl Pts',(-12.0933411041084,-60.030598721939,15.4440855486822));
#3408=CARTESIAN_POINT('Ctrl Pts',(-12.0715869210353,-59.9932703559725,15.1985287789798));
#3409=CARTESIAN_POINT('Ctrl Pts',(-12.023554847683,-59.8959388660499,14.9039823687264));
#3410=CARTESIAN_POINT('Ctrl Pts',(-12.0121102475727,-59.8720706504945,14.8413431963937));
#3411=CARTESIAN_POINT('Ctrl Pts',(-12.,-59.8456439237389,14.7802563844105));
#3412=CARTESIAN_POINT('Origin',(12.,-57.780598721939,15.6736142715547));
#3413=CARTESIAN_POINT('Ctrl Pts',(12.,-59.845643923739,14.7802563844105));
#3414=CARTESIAN_POINT('Ctrl Pts',(12.0121102475727,-59.8720706504945,14.8413431963938));
#3415=CARTESIAN_POINT('Ctrl Pts',(12.023554847683,-59.8959388660499,14.9039823687264));
#3416=CARTESIAN_POINT('Ctrl Pts',(12.0715869210353,-59.9932703559725,15.1985287789798));
#3417=CARTESIAN_POINT('Ctrl Pts',(12.0933411041084,-60.030598721939,15.4440855486822));
#3418=CARTESIAN_POINT('Ctrl Pts',(12.0933411041084,-60.030598721939,15.9031429944273));
#3419=CARTESIAN_POINT('Ctrl Pts',(12.0715869210353,-59.9932703559725,16.1486997641297));
#3420=CARTESIAN_POINT('Ctrl Pts',(12.023554847683,-59.8959388660499,16.443246174383));
#3421=CARTESIAN_POINT('Ctrl Pts',(12.0121102475727,-59.8720706504945,16.5058853467157));
#3422=CARTESIAN_POINT('Ctrl Pts',(12.,-59.845643923739,16.5669721586989));
#3423=CARTESIAN_POINT('Origin',(-18.5,-60.95,6.00000000000001));
#3424=CARTESIAN_POINT('',(-18.5,-60.95,6.00000000000001));
#3425=CARTESIAN_POINT('',(-18.5,-60.95,9.87500000000001));
#3426=CARTESIAN_POINT('',(-16.,-63.45,6.2112907568009));
#3427=CARTESIAN_POINT('',(-18.4145727137281,-61.0354272862718,6.00721999838718));
#3428=CARTESIAN_POINT('',(-16.,-63.45,22.3318860134547));
#3429=CARTESIAN_POINT('',(-16.,-63.45,6.00000000000001));
#3430=CARTESIAN_POINT('',(-16.8950603749741,-62.5549396250259,26.369242458141));
#3431=CARTESIAN_POINT('',(-14.8529530535647,-64.5970469464353,17.1578915980699));
#3432=CARTESIAN_POINT('',(-18.027854362551,-61.4221456374491,27.527854362551));
#3433=CARTESIAN_POINT('',(-14.4203440460323,-65.0296559539677,23.8381239757035));
#3434=CARTESIAN_POINT('',(-18.5,-60.95,28.));
#3435=CARTESIAN_POINT('',(-14.8333333333333,-64.6166666666667,24.3333333333333));
#3436=CARTESIAN_POINT('',(-18.5,-60.95,9.87500000000001));
#3437=CARTESIAN_POINT('Origin',(10.0000000000001,-52.95,30.));
#3438=CARTESIAN_POINT('',(10.0000000000004,-62.9271197418539,8.56100000000001));
#3439=CARTESIAN_POINT('',(10.0000000000003,-67.8072784920787,8.56100000000001));
#3440=CARTESIAN_POINT('',(10.0000000000003,-59.5992346949461,8.56100000000001));
#3441=CARTESIAN_POINT('',(10.,-60.0976802775362,25.0942867254299));
#3442=CARTESIAN_POINT('',(10.0000000000002,-58.519871689874,28.4779081609149));
#3443=CARTESIAN_POINT('',(10.0000000000003,-61.7036305634793,26.1389370036955));
#3444=CARTESIAN_POINT('',(10.0000000000002,-58.7692273223693,24.2301449388348));
#3445=CARTESIAN_POINT('',(10.0000000000003,-61.7036305634793,30.));
#3446=CARTESIAN_POINT('',(10.0000000000003,-61.7036305634793,30.));
#3447=CARTESIAN_POINT('',(10.0000000000002,-55.45,30.));
#3448=CARTESIAN_POINT('',(10.0000000000001,-52.3459662428247,30.));
#3449=CARTESIAN_POINT('',(10.0000000000003,-55.45,-6.3934223731909E-15));
#3450=CARTESIAN_POINT('',(10.0000000000002,-55.45,27.5));
#3451=CARTESIAN_POINT('',(10.0000000000003,-62.9271197418539,3.34894660985807E-15));
#3452=CARTESIAN_POINT('',(10.0000000000003,-66.3034049821804,7.7481026671245E-15));
#3453=CARTESIAN_POINT('',(10.0000000000004,-62.9271197418539,15.));
#3454=CARTESIAN_POINT('Origin',(18.5,-67.8317377771457,13.75));
#3455=CARTESIAN_POINT('',(18.5,-55.45,30.));
#3456=CARTESIAN_POINT('',(18.5,-55.45,-6.3934223731909E-15));
#3457=CARTESIAN_POINT('',(18.5,-55.45,19.375));
#3458=CARTESIAN_POINT('',(18.5,-60.3568542494924,30.));
#3459=CARTESIAN_POINT('',(18.5,-59.7868351313977,30.));
#3460=CARTESIAN_POINT('',(18.5,-60.3568542494924,32.5));
#3461=CARTESIAN_POINT('',(18.5,-60.3568542494924,21.875));
#3462=CARTESIAN_POINT('',(18.5,-64.8755002232649,29.922798043661));
#3463=CARTESIAN_POINT('',(18.5,-69.4708338059785,27.3018574415115));
#3464=CARTESIAN_POINT('',(18.5,-74.1675248508505,9.99598692426181));
#3465=CARTESIAN_POINT('',(18.5,-67.9314926052246,23.3692012315249));
#3466=CARTESIAN_POINT('',(18.5,-71.5902413437383,5.48404613077149));
#3467=CARTESIAN_POINT('',(18.5,-73.3374851730233,8.54287170730201));
#3468=CARTESIAN_POINT('',(18.5,-75.0809769236773,-2.0018604780759));
#3469=CARTESIAN_POINT('',(18.5,-72.3589596656303,3.83552436955171));
#3470=CARTESIAN_POINT('',(18.5,-72.7527388069531,-4.49859018393763));
#3471=CARTESIAN_POINT('',(18.5,-79.2904122752751,2.51220627984937));
#3472=CARTESIAN_POINT('',(18.5,-61.7651504801059,-3.02010101267767));
#3473=CARTESIAN_POINT('',(18.5,-63.7016922927272,-3.28068195314273));
#3474=CARTESIAN_POINT('',(18.5,-60.6396969619669,-0.606558154317362));
#3475=CARTESIAN_POINT('',(18.5,-62.6883925402678,-5.00000000000001));
#3476=CARTESIAN_POINT('',(18.5,-60.6396969619669,3.68532023590526E-16));
#3477=CARTESIAN_POINT('',(18.5,-60.6396969619669,6.875));
#3478=CARTESIAN_POINT('',(18.5,-60.3568542494923,0.));
#3479=CARTESIAN_POINT('',(18.5,-60.95,6.00000000000001));
#3480=CARTESIAN_POINT('',(18.5,-60.95,9.87500000000001));
#3481=CARTESIAN_POINT('',(18.5,-61.6309947711074,2.00000000000001));
#3482=CARTESIAN_POINT('',(18.5,-60.7462896230535,7.19654590953929));
#3483=CARTESIAN_POINT('',(18.5,-63.1156229235534,-1.18379534730352));
#3484=CARTESIAN_POINT('',(18.5,-60.6767988533949,4.04627974905604));
#3485=CARTESIAN_POINT('',(18.5,-71.9950028584125,-2.37860413433422));
#3486=CARTESIAN_POINT('',(18.5,-68.8845572536547,-1.96006277588241));
#3487=CARTESIAN_POINT('',(18.5,-72.6982421157694,-1.62447235908365));
#3488=CARTESIAN_POINT('',(18.5,-75.400738805928,1.27360053038769));
#3489=CARTESIAN_POINT('',(18.5,-69.3400991498785,5.57708847132928));
#3490=CARTESIAN_POINT('',(18.5,-67.6401944418655,9.22254588186964));
#3491=CARTESIAN_POINT('',(18.5,-71.9173826569903,10.0890292648188));
#3492=CARTESIAN_POINT('',(18.5,-72.2031851679007,10.5893715842804));
#3493=CARTESIAN_POINT('',(18.5,-63.5880664021107,27.9513056165192));
#3494=CARTESIAN_POINT('',(18.5,-66.6867472141484,21.3061631706548));
#3495=CARTESIAN_POINT('',(18.5,-61.4274654355884,28.));
#3496=CARTESIAN_POINT('',(18.5,-64.7884735880592,27.9242515289067));
#3497=CARTESIAN_POINT('',(18.5,-60.95,28.));
#3498=CARTESIAN_POINT('',(18.5,-64.3908688885729,28.));
#3499=CARTESIAN_POINT('',(18.5,-60.95,9.87500000000001));
#3500=CARTESIAN_POINT('Origin',(-11.2500000000001,-54.2,27.5));
#3501=CARTESIAN_POINT('',(-11.5000000000001,-53.95,24.));
#3502=CARTESIAN_POINT('',(-12.5000000000001,-52.95,25.));
#3503=CARTESIAN_POINT('',(-10.0833333333333,-55.3666666666667,22.5833333333333));
#3504=CARTESIAN_POINT('',(-12.5000000000001,-52.95,30.));
#3505=CARTESIAN_POINT('',(-12.5000000000001,-52.95,27.5));
#3506=CARTESIAN_POINT('',(-10.,-55.45,30.));
#3507=CARTESIAN_POINT('',(-9.05201687858757,-56.3979831214124,30.));
#3508=CARTESIAN_POINT('',(-10.,-55.45,-7.27081849907146E-15));
#3509=CARTESIAN_POINT('',(-10.,-55.45,27.5));
#3510=CARTESIAN_POINT('',(-12.5000000000001,-52.95,-9.65081603525676E-15));
#3511=CARTESIAN_POINT('',(-6.89828643762688,-58.5517135623731,-2.22044604925031E-15));
#3512=CARTESIAN_POINT('',(-12.5000000000001,-52.95,4.99999999999999));
#3513=CARTESIAN_POINT('',(-12.5000000000001,-52.95,13.75));
#3514=CARTESIAN_POINT('',(-11.5000000000001,-53.95,5.99999999999998));
#3515=CARTESIAN_POINT('',(-6.24999999999996,-59.2,11.2499999999999));
#3516=CARTESIAN_POINT('',(-11.5000000000001,-53.95,16.75));
#3517=CARTESIAN_POINT('Origin',(0.,-53.95,5.99999999999998));
#3518=CARTESIAN_POINT('',(-17.,-53.95,5.99999999999998));
#3519=CARTESIAN_POINT('',(0.,-53.95,5.99999999999998));
#3520=CARTESIAN_POINT('',(-17.,-53.95,24.));
#3521=CARTESIAN_POINT('',(-17.,-53.95,12.6875));
#3522=CARTESIAN_POINT('',(0.,-53.95,24.));
#3523=CARTESIAN_POINT('Origin',(0.,-52.95,4.99999999999999));
#3524=CARTESIAN_POINT('',(-16.,-52.95,4.99999999999999));
#3525=CARTESIAN_POINT('',(0.,-52.95,4.99999999999999));
#3526=CARTESIAN_POINT('',(-16.1458333333333,-53.0958333333333,5.14583333333331));
#3527=CARTESIAN_POINT('Origin',(0.,-52.95,-9.65081603525676E-15));
#3528=CARTESIAN_POINT('',(-16.,-52.95,-9.65081603525676E-15));
#3529=CARTESIAN_POINT('',(0.,-52.95,-9.65081603525676E-15));
#3530=CARTESIAN_POINT('',(-16.,-52.95,9.6875));
#3531=CARTESIAN_POINT('Origin',(0.,-60.3568542494923,0.));
#3532=CARTESIAN_POINT('',(-9.99999999999982,-62.9271197418535,2.47155048397692E-15));
#3533=CARTESIAN_POINT('',(-9.99999999999987,-61.030242406486,0.));
#3534=CARTESIAN_POINT('',(-12.7,-65.3357000656915,6.48722432243607E-15));
#3535=CARTESIAN_POINT('',(-5.91161400052294,-59.2800063808926,-1.40308696887435E-15));
#3536=CARTESIAN_POINT('',(-12.7,-71.5264928953046,4.15843960767646E-15));
#3537=CARTESIAN_POINT('',(-12.7,-61.5062088191231,1.49756011623262E-15));
#3538=CARTESIAN_POINT('',(4.44089209850063E-15,-74.9294476391798,4.93583754506405E-15));
#3539=CARTESIAN_POINT('',(-6.82157417371086,-73.101612348225,1.66058777021497E-14));
#3540=CARTESIAN_POINT('',(12.7,-71.5264928953046,4.15843960767646E-15));
#3541=CARTESIAN_POINT('',(6.82157417371086,-73.101612348225,1.66058777021497E-14));
#3542=CARTESIAN_POINT('',(12.7,-65.3357000656915,6.48722432243606E-15));
#3543=CARTESIAN_POINT('',(12.7,-65.9416735723985,7.27678202648693E-15));
#3544=CARTESIAN_POINT('',(7.26161400052301,-60.4842965428116,1.66051887414924E-16));
#3545=CARTESIAN_POINT('',(12.5000000000001,-52.95,-9.65081603525676E-15));
#3546=CARTESIAN_POINT('',(6.89828643762708,-58.5517135623732,-2.22044604925031E-15));
#3547=CARTESIAN_POINT('',(16.,-52.95,-9.65081603525676E-15));
#3548=CARTESIAN_POINT('',(0.,-52.95,-9.65081603525676E-15));
#3549=CARTESIAN_POINT('',(14.4767135623731,-51.4267135623731,-1.22124532708767E-14));
#3550=CARTESIAN_POINT('',(14.6999999999999,-64.439696961967,5.31977038993071E-15));
#3551=CARTESIAN_POINT('',(14.0164213562373,-65.1232756057296,6.2104442866171E-15));
#3552=CARTESIAN_POINT('',(14.7,-73.2682021073445,1.68229370723581E-14));
#3553=CARTESIAN_POINT('',(14.6999999999999,-62.3568542494923,2.60591492965269E-15));
#3554=CARTESIAN_POINT('',(7.2280144832367E-16,-77.207055236082,2.19550951593012E-14));
#3555=CARTESIAN_POINT('',(9.38215702783395,-74.6931138372119,1.86795364475074E-14));
#3556=CARTESIAN_POINT('',(-14.7,-73.2682021073445,1.68229370723581E-14));
#3557=CARTESIAN_POINT('',(-2.13215702783396,-76.6357454823376,2.12107028509318E-14));
#3558=CARTESIAN_POINT('',(-14.6999999999999,-64.439696961967,5.31977038993071E-15));
#3559=CARTESIAN_POINT('',(-14.7,-66.7357954796205,8.31148909348401E-15));
#3560=CARTESIAN_POINT('',(-18.5,-60.6396969619669,3.68532023590525E-16));
#3561=CARTESIAN_POINT('',(-12.0164213562373,-67.1232756057297,8.81635921626982E-15));
#3562=CARTESIAN_POINT('',(-18.5,-55.45,-6.3934223731909E-15));
#3563=CARTESIAN_POINT('',(-18.5,-60.3568542494923,0.));
#3564=CARTESIAN_POINT('',(-14.4767135623731,-51.4267135623731,-1.22124532708767E-14));
#3565=CARTESIAN_POINT('',(-17.25,-58.7,0.));
#3566=CARTESIAN_POINT('Origin',(-14.5,-58.7,0.));
#3567=CARTESIAN_POINT('',(11.75,-58.7,0.));
#3568=CARTESIAN_POINT('Origin',(14.5,-58.7,0.));
#3569=CARTESIAN_POINT('Origin',(-17.25,-54.2,19.375));
#3570=CARTESIAN_POINT('',(-18.5,-55.45,30.));
#3571=CARTESIAN_POINT('',(-18.5,-55.45,19.375));
#3572=CARTESIAN_POINT('',(-16.,-52.95,30.));
#3573=CARTESIAN_POINT('',(-12.3229831214124,-49.2729831214124,30.));
#3574=CARTESIAN_POINT('',(-16.,-52.95,25.));
#3575=CARTESIAN_POINT('',(-16.,-52.95,19.375));
#3576=CARTESIAN_POINT('',(-15.0208333333333,-51.9708333333334,25.9791666666667));
#3577=CARTESIAN_POINT('Origin',(-2.22044604925031E-15,-51.7419324856496,
30.));
#3578=CARTESIAN_POINT('',(-1.11022302462516E-15,-52.95,30.));
#3579=CARTESIAN_POINT('',(-18.5,-60.3568542494872,30.));
#3580=CARTESIAN_POINT('',(-18.5,-59.7868351313977,30.));
#3581=CARTESIAN_POINT('',(-16.2989638415415,-62.5578904079455,30.));
#3582=CARTESIAN_POINT('',(-16.2989638415415,-62.5578904079455,30.));
#3583=CARTESIAN_POINT('',(3.33077132433952E-15,-63.9838649712993,30.));
#3584=CARTESIAN_POINT('',(3.33077132433952E-15,-63.9838649712993,30.));
#3585=CARTESIAN_POINT('',(16.2989638415474,-62.557890407945,30.));
#3586=CARTESIAN_POINT('',(3.33077132433952E-15,-63.9838649712993,30.));
#3587=CARTESIAN_POINT('',(16.2989638415474,-62.557890407945,30.));
#3588=CARTESIAN_POINT('',(16.,-52.95,30.));
#3589=CARTESIAN_POINT('',(12.3229831214124,-49.2729831214124,30.));
#3590=CARTESIAN_POINT('',(12.5000000000001,-52.95,30.));
#3591=CARTESIAN_POINT('',(-1.11022302462516E-15,-52.95,30.));
#3592=CARTESIAN_POINT('',(9.05201687858776,-56.3979831214124,30.));
#3593=CARTESIAN_POINT('',(-1.85268467234323E-13,-62.5785171987386,30.));
#3594=CARTESIAN_POINT('',(5.47043829689046,-62.0999158632426,30.));
#3595=CARTESIAN_POINT('',(-9.99999999999986,-61.7036305634794,30.));
#3596=CARTESIAN_POINT('',(-0.470438296890392,-62.5373591808723,30.));
#3597=CARTESIAN_POINT('',(-9.99999999999999,-56.7227815245647,30.));
#3598=CARTESIAN_POINT('',(-17.25,-58.7,30.));
#3599=CARTESIAN_POINT('Origin',(-14.5,-58.7,30.));
#3600=CARTESIAN_POINT('',(11.75,-58.7,30.));
#3601=CARTESIAN_POINT('Origin',(14.5,-58.7,30.));
#3602=CARTESIAN_POINT('Origin',(-18.5,-67.8317377771457,13.75));
#3603=CARTESIAN_POINT('',(-18.5,-60.6396969619669,-0.606558154317351));
#3604=CARTESIAN_POINT('',(-18.5,-60.6396969619669,6.875));
#3605=CARTESIAN_POINT('',(-18.5,-61.7651504801059,-3.02010101267767));
#3606=CARTESIAN_POINT('',(-18.5,-62.6883925402678,-5.00000000000001));
#3607=CARTESIAN_POINT('',(-18.5,-72.7527388069532,-4.49859018393763));
#3608=CARTESIAN_POINT('',(-18.5,-63.7016922927272,-3.28068195314273));
#3609=CARTESIAN_POINT('',(-18.5,-75.0809769236773,-2.00186047807592));
#3610=CARTESIAN_POINT('',(-18.5,-79.2904122752751,2.51220627984935));
#3611=CARTESIAN_POINT('',(-18.5,-71.5902413437383,5.48404613077149));
#3612=CARTESIAN_POINT('',(-18.5,-72.3589596656303,3.83552436955171));
#3613=CARTESIAN_POINT('',(-18.5,-74.1675248508505,9.99598692426181));
#3614=CARTESIAN_POINT('',(-18.5,-73.3374851730233,8.54287170730201));
#3615=CARTESIAN_POINT('',(-18.5,-64.8755002232649,29.922798043661));
#3616=CARTESIAN_POINT('',(-18.5,-67.9314926052246,23.3692012315249));
#3617=CARTESIAN_POINT('',(-18.5,-60.3568542494872,32.5));
#3618=CARTESIAN_POINT('',(-18.5,-69.4708338059785,27.3018574415115));
#3619=CARTESIAN_POINT('',(-18.5,-60.3568542494872,21.875));
#3620=CARTESIAN_POINT('',(-18.5,-61.4274654355884,28.));
#3621=CARTESIAN_POINT('',(-18.5,-64.3908688885729,28.));
#3622=CARTESIAN_POINT('',(-18.5,-63.5880664021107,27.9513056165192));
#3623=CARTESIAN_POINT('',(-18.5,-64.7884735880592,27.9242515289067));
#3624=CARTESIAN_POINT('',(-18.5,-71.9173826569903,10.0890292648188));
#3625=CARTESIAN_POINT('',(-18.5,-66.6867472141484,21.3061631706548));
#3626=CARTESIAN_POINT('',(-18.5,-69.3400991498785,5.57708847132928));
#3627=CARTESIAN_POINT('',(-18.5,-72.2031851679007,10.5893715842804));
#3628=CARTESIAN_POINT('',(-18.5,-72.6982421157694,-1.62447235908365));
#3629=CARTESIAN_POINT('',(-18.5,-67.6401944418655,9.22254588186964));
#3630=CARTESIAN_POINT('',(-18.5,-71.9950028584125,-2.37860413433422));
#3631=CARTESIAN_POINT('',(-18.5,-75.400738805928,1.27360053038769));
#3632=CARTESIAN_POINT('',(-18.5,-63.1156229235534,-1.18379534730352));
#3633=CARTESIAN_POINT('',(-18.5,-68.8845572536547,-1.96006277588241));
#3634=CARTESIAN_POINT('',(-18.5,-61.6309947711074,2.00000000000001));
#3635=CARTESIAN_POINT('',(-18.5,-60.6767988533949,4.04627974905604));
#3636=CARTESIAN_POINT('',(-18.5,-60.7462896230535,7.19654590953929));
#3637=CARTESIAN_POINT('Origin',(11.2500000000001,-54.2,27.5));
#3638=CARTESIAN_POINT('',(12.5000000000001,-52.95,25.));
#3639=CARTESIAN_POINT('',(12.5000000000001,-52.95,27.5));
#3640=CARTESIAN_POINT('',(11.5000000000001,-53.95,24.));
#3641=CARTESIAN_POINT('',(10.0833333333335,-55.3666666666666,22.5833333333333));
#3642=CARTESIAN_POINT('',(11.5000000000001,-53.95,5.99999999999998));
#3643=CARTESIAN_POINT('',(11.5000000000001,-53.95,16.75));
#3644=CARTESIAN_POINT('',(12.5000000000001,-52.95,4.99999999999999));
#3645=CARTESIAN_POINT('',(6.2500000000002,-59.2000000000001,11.25));
#3646=CARTESIAN_POINT('',(12.5000000000001,-52.95,13.75));
#3647=CARTESIAN_POINT('Origin',(0.,-53.95,24.));
#3648=CARTESIAN_POINT('',(16.,-52.95,25.));
#3649=CARTESIAN_POINT('',(0.,-52.95,25.));
#3650=CARTESIAN_POINT('',(17.,-53.95,24.));
#3651=CARTESIAN_POINT('',(15.0208333333333,-51.9708333333334,25.9791666666667));
#3652=CARTESIAN_POINT('',(0.,-53.95,24.));
#3653=CARTESIAN_POINT('Origin',(0.,-52.95,25.));
#3654=CARTESIAN_POINT('',(16.,-52.95,19.375));
#3655=CARTESIAN_POINT('Origin',(17.25,-54.2,19.375));
#3656=CARTESIAN_POINT('',(16.,-52.95,4.99999999999999));
#3657=CARTESIAN_POINT('',(16.,-52.95,9.6875));
#3658=CARTESIAN_POINT('',(17.,-53.95,5.99999999999998));
#3659=CARTESIAN_POINT('',(16.1458333333333,-53.0958333333333,5.14583333333331));
#3660=CARTESIAN_POINT('',(17.,-53.95,12.6875));
#3661=CARTESIAN_POINT('Origin',(0.,-53.95,5.99999999999998));
#3662=CARTESIAN_POINT('',(0.,-53.95,5.99999999999998));
#3663=CARTESIAN_POINT('Origin',(0.,-52.95,4.99999999999999));
#3664=CARTESIAN_POINT('',(0.,-52.95,4.99999999999999));
#3665=CARTESIAN_POINT('Origin',(0.,-52.95,-9.65081603525676E-15));
#3666=CARTESIAN_POINT('Origin',(11.35,-68.8874811425984,7.21100000000001));
#3667=CARTESIAN_POINT('',(12.7,-65.3357000656915,5.86100000000001));
#3668=CARTESIAN_POINT('',(13.4043759843204,-65.9640504865871,5.15662401567958));
#3669=CARTESIAN_POINT('',(12.7,-71.5264928953046,5.86100000000001));
#3670=CARTESIAN_POINT('',(12.7,-68.8874811425984,5.86100000000001));
#3671=CARTESIAN_POINT('',(10.51748100242,-72.1112970981717,8.04351899758));
#3672=CARTESIAN_POINT('',(10.34849090173,-72.1565778591805,8.21250909827002));
#3673=CARTESIAN_POINT('',(9.51548974183421,-63.7774857919822,9.04551025816576));
#3674=CARTESIAN_POINT('Origin',(4.44089209850063E-15,-74.9294476391798,
4.93583754506405E-15));
#3675=CARTESIAN_POINT('',(10.5472024697368,-72.1033332550063,8.56100000000001));
#3676=CARTESIAN_POINT('',(10.7611477473516,-72.046006790645,12.2860050794237));
#3677=CARTESIAN_POINT('',(12.7,-71.5264928953046,4.15843960767646E-15));
#3678=CARTESIAN_POINT('',(-6.01635700066232E-15,-74.9294476391798,7.53769663860874));
#3679=CARTESIAN_POINT('',(4.44089209850063E-15,-74.9294476391798,4.93583754506405E-15));
#3680=CARTESIAN_POINT('',(10.1198699457653,-72.217836659704,8.56100000000001));
#3681=CARTESIAN_POINT('',(10.0267256406514,-72.2427946010389,8.55158141250547));
#3682=CARTESIAN_POINT('',(9.99999999999986,-72.2499557148686,8.56100000000001));
#3683=CARTESIAN_POINT('Origin',(12.7,-71.5264928953046,4.15843960767646E-15));
#3684=CARTESIAN_POINT('',(12.7,-65.3357000656915,4.15843960767646E-15));
#3685=CARTESIAN_POINT('Origin',(-11.35,-64.452016389323,7.21100000000001));
#3686=CARTESIAN_POINT('',(-12.7,-71.5264928953046,5.86100000000001));
#3687=CARTESIAN_POINT('',(-10.51748100242,-72.1112970981717,8.04351899757999));
#3688=CARTESIAN_POINT('',(-13.22195008217,-71.3866367922978,5.33904991783001));
#3689=CARTESIAN_POINT('',(-12.7,-65.3357000656915,5.86100000000001));
#3690=CARTESIAN_POINT('',(-12.7,-64.452016389323,5.86100000000001));
#3691=CARTESIAN_POINT('',(-9.99999999999982,-62.9271197418535,8.56100000000001));
#3692=CARTESIAN_POINT('',(-11.8296212874535,-64.5592641244594,6.73137871254644));
#3693=CARTESIAN_POINT('',(-9.99999999999991,-67.8072784920758,8.56100000000001));
#3694=CARTESIAN_POINT('',(-9.9999999999998,-63.9760499766858,8.56100000000001));
#3695=CARTESIAN_POINT('',(-9.86376158782983,-66.6741496272427,8.69723841217013));
#3696=CARTESIAN_POINT('Origin',(-8.66862493352244,-61.7394442645328,4.15843960767646E-15));
#3697=CARTESIAN_POINT('',(-12.7,-65.3357000656915,4.15843960767646E-15));
#3698=CARTESIAN_POINT('',(-9.99999999999982,-62.9271197418535,15.));
#3699=CARTESIAN_POINT('Origin',(-12.7,-62.6555633887538,4.15843960767646E-15));
#3700=CARTESIAN_POINT('',(-12.7,-71.5264928953046,4.15843960767646E-15));
#3701=CARTESIAN_POINT('Origin',(11.3686249335226,-64.1480245883708,4.15843960767646E-15));
#3702=CARTESIAN_POINT('Origin',(11.3499999999999,-66.2484693898922,8.56100000000001));
#3703=CARTESIAN_POINT('',(10.5303524556718,-71.9710447746301,8.56100000000001));
#3704=CARTESIAN_POINT('',(9.42992641159705,-63.3316639067533,8.56100000000001));
#3705=CARTESIAN_POINT('',(12.6968189272425,-70.6685134083355,8.56100000000001));
#3706=CARTESIAN_POINT('Origin',(-11.3499999999999,-66.2484693898922,8.56100000000001));
#3707=CARTESIAN_POINT('',(-10.5472024697368,-72.1033332550063,8.56100000000001));
#3708=CARTESIAN_POINT('',(-10.5303524556717,-71.97104477463,8.56100000000001));
#3709=CARTESIAN_POINT('',(-9.94790543402957,-67.3982870846224,8.56100000000001));
#3710=CARTESIAN_POINT('',(-10.1198699457652,-72.217836659704,8.56100000000001));
#3711=CARTESIAN_POINT('',(-8.85978068904545,-72.9754324050092,8.56100000000001));
#3712=CARTESIAN_POINT('',(-9.99999999999985,-72.2499557148686,8.56100000000001));
#3713=CARTESIAN_POINT('Origin',(10.,-68.3628799793038,7.36950876559561));
#3714=CARTESIAN_POINT('',(-4.3545247035138E-15,-76.8705551879524,8.12664435886018));
#3715=CARTESIAN_POINT('',(-1.11022302462516E-14,-68.9888801306212,5.73528043896147));
#3716=CARTESIAN_POINT('',(10.9925389371891,-75.1154536929866,9.59934937596471));
#3717=CARTESIAN_POINT('',(9.43588680752335,-75.3639934066532,9.39079979389415));
#3718=CARTESIAN_POINT('',(9.84321066204616,-67.2961897746342,7.01726542284829));
#3719=CARTESIAN_POINT('Origin',(-8.55942333083584E-15,-69.1080700001538,
5.77144360878823));
#3720=CARTESIAN_POINT('',(-5.23880553351744,-73.5257139271701,8.06743539423048));
#3721=CARTESIAN_POINT('',(-10.9925389371891,-75.1154536929866,9.59934937596472));
#3722=CARTESIAN_POINT('',(-9.91859333273474,-67.8090432471645,7.1866203308739));
#3723=CARTESIAN_POINT('',(1.90467237045255,-77.1746608494291,7.87146941047622));
#3724=CARTESIAN_POINT('Origin',(-10.,-68.3628799793038,7.36950876559562));
#3725=CARTESIAN_POINT('',(-9.99999999999999,-60.0976802775362,25.0942867254299));
#3726=CARTESIAN_POINT('',(-9.99999999999981,-63.4341978651305,17.9391016684289));
#3727=CARTESIAN_POINT('',(-10.9967766209003,-66.1463080028007,28.9050917138553));
#3728=CARTESIAN_POINT('',(-9.83209780952582,-59.078818254551,24.4523750958728));
#3729=CARTESIAN_POINT('',(-10.9023829138667,-66.1463080028007,27.3158415895386));
#3730=CARTESIAN_POINT('',(-10.1647701593829,-66.1463080028007,14.8970988724553));
#3731=CARTESIAN_POINT('',(-10.9023829138667,-73.9526726954448,10.575038482142));
#3732=CARTESIAN_POINT('',(-10.9023829138667,-73.1723359289164,12.2484760782901));
#3733=CARTESIAN_POINT('',(-10.66586654933,-70.9022194461079,13.1346726785841));
#3734=CARTESIAN_POINT('',(-10.2679064967632,-72.1781703854138,3.69817278741501));
#3735=CARTESIAN_POINT('Origin',(-9.99999999999986,-61.7036305634794,30.));
#3736=CARTESIAN_POINT('',(-9.99999999999986,-61.7036305634794,26.1389370036956));
#3737=CARTESIAN_POINT('',(-9.99999999999986,-61.7036305634794,30.));
#3738=CARTESIAN_POINT('',(-9.99999999999985,-61.7830645742062,26.190607819496));
#3739=CARTESIAN_POINT('Origin',(10.,-60.0976802775362,25.0942867254299));
#3740=CARTESIAN_POINT('',(10.9023829138667,-73.9526726954448,10.575038482142));
#3741=CARTESIAN_POINT('',(10.1647701593829,-64.4393638464988,18.5576524285681));
#3742=CARTESIAN_POINT('',(10.9023829138668,-66.1463080028007,27.3158415895387));
#3743=CARTESIAN_POINT('',(10.9023829138668,-66.9266447693291,25.6424039933905));
#3744=CARTESIAN_POINT('',(10.9967766209003,-66.1463080028007,28.9050917138553));
#3745=CARTESIAN_POINT('',(10.66586654933,-66.1463080028007,23.3337576820869));
#3746=CARTESIAN_POINT('',(9.91367493359367,-59.5738435631688,24.7642549140996));
#3747=CARTESIAN_POINT('Origin',(-9.99999999999999,-60.0976802775362,25.0942867254299));
#3748=CARTESIAN_POINT('',(8.4950934645463E-15,-62.5785171987386,27.9495472816255));
#3749=CARTESIAN_POINT('',(-4.98000399597571,-62.1428233047769,27.0478626397009));
#3750=CARTESIAN_POINT('',(1.99693440354406E-14,-66.1463080028007,30.270349917224));
#3751=CARTESIAN_POINT('',(-1.11022302462516E-15,-59.591850694601,26.0067586274912));
#3752=CARTESIAN_POINT('',(-8.98959654649111,-66.1463080028007,29.1542846507216));
#3753=CARTESIAN_POINT('Origin',(-2.58407307446544E-15,-59.6534905854405,
26.0468545941481));
#3754=CARTESIAN_POINT('',(4.95257865810041,-62.1452227109344,27.0528282995642));
#3755=CARTESIAN_POINT('',(-2.55821003504305,-66.1463080028007,30.5879536439056));
#3756=CARTESIAN_POINT('Origin',(-9.99999999999985,-72.2499557148686,4.93583754506405E-15));
#3757=CARTESIAN_POINT('Origin',(-6.66666666666667,-66.1463080028007,22.6422458113874));
#3758=CARTESIAN_POINT('',(15.0507037645421,-66.1463080028007,28.5210657841501));
#3759=CARTESIAN_POINT('',(-0.509770404986575,-66.1463080028007,24.0002341937755));
#3760=CARTESIAN_POINT('',(4.68102048292837,-66.1463080028007,32.5));
#3761=CARTESIAN_POINT('',(4.79613046279259,-66.1463080028007,32.4558313378501));
#3762=CARTESIAN_POINT('',(-4.68102048292837,-66.1463080028007,32.5));
#3763=CARTESIAN_POINT('',(-3.33333333333333,-66.1463080028007,32.5));
#3764=CARTESIAN_POINT('',(-15.0507037645421,-66.1463080028007,28.5210657841501));
#3765=CARTESIAN_POINT('',(-10.6072183960406,-66.1463080028007,30.2260682890682));
#3766=CARTESIAN_POINT('',(-4.42388728986356,-66.1463080028007,25.4336246753233));
#3767=CARTESIAN_POINT('Origin',(6.2636234099356,-67.4201950825225,23.2362691122864));
#3768=CARTESIAN_POINT('',(15.0507037645469,-74.8759279924405,9.80033530295038));
#3769=CARTESIAN_POINT('',(4.42388728986355,-72.5108108875656,11.784904193342));
#3770=CARTESIAN_POINT('',(15.0507037645434,-68.4182291636638,23.6489151318276));
#3771=CARTESIAN_POINT('Origin',(6.66666666666667,-70.3724906202077,13.5791679410209));
#3772=CARTESIAN_POINT('',(-15.0507037645469,-74.8759279924405,9.80033530295038));
#3773=CARTESIAN_POINT('',(0.509770404986562,-71.4127700743562,12.7062698347236));
#3774=CARTESIAN_POINT('',(0.,-79.2998966482868,6.08818483548996));
#3775=CARTESIAN_POINT('',(-6.28278826520899,-77.4531485631855,7.63779047257575));
#3776=CARTESIAN_POINT('',(12.0938761984566,-75.7450509701938,9.07105453286989));
#3777=CARTESIAN_POINT('Origin',(-6.26362340993561,-71.6463776999295,14.1731912419199));
#3778=CARTESIAN_POINT('',(-15.0507037645445,-70.5313204723674,19.1173761966444));
#3779=CARTESIAN_POINT('Origin',(0.,-52.95,32.5));
#3780=CARTESIAN_POINT('',(16.2411077985004,-64.0779060970795,32.5));
#3781=CARTESIAN_POINT('',(5.49809429718465,-66.00011213175,32.5));
#3782=CARTESIAN_POINT('',(16.6497190635618,-63.4048046087517,32.5));
#3783=CARTESIAN_POINT('',(16.2989638415474,-62.557890407945,32.5));
#3784=CARTESIAN_POINT('',(14.6261954831468,-64.2306587663456,32.5));
#3785=CARTESIAN_POINT('',(3.33077132433952E-15,-63.9838649712993,32.5));
#3786=CARTESIAN_POINT('',(0.479002636222265,-63.9419576708308,32.5));
#3787=CARTESIAN_POINT('',(-16.2989638415415,-62.5578904079455,32.5));
#3788=CARTESIAN_POINT('',(-8.62848455699303,-63.2289703891539,32.5));
#3789=CARTESIAN_POINT('',(-15.7267135623714,-63.1301406871156,32.5));
#3790=CARTESIAN_POINT('',(-16.2411077985004,-64.0779060970795,32.5));
#3791=CARTESIAN_POINT('',(-16.6497190635618,-63.4048046087517,32.5));
#3792=CARTESIAN_POINT('',(-5.49809429718465,-66.00011213175,32.5));
#3793=CARTESIAN_POINT('Origin',(9.25,-69.2909542857795,24.0031286241361));
#3794=CARTESIAN_POINT('',(0.,-82.7134755542914,-1.23225875214119));
#3795=CARTESIAN_POINT('',(0.,-70.6504159663345,24.6370560167472));
#3796=CARTESIAN_POINT('',(5.00000000000074,-82.1170764252833,-1.87181851677543));
#3797=CARTESIAN_POINT('',(3.69843227871791,-82.2723271963469,-1.70533244767962));
#3798=CARTESIAN_POINT('',(13.4362030508578,-79.6703355306572,0.138192586378586));
#3799=CARTESIAN_POINT('',(11.1856921830732,-80.3230482428589,-0.39801449692014));
#3800=CARTESIAN_POINT('',(13.4362030508581,-76.1795999507179,7.62409919522601));
#3801=CARTESIAN_POINT('',(13.4362030508582,-75.1150427750924,9.90704942563258));
#3802=CARTESIAN_POINT('',(16.9367756635999,-74.7886644412344,9.26377102807229));
#3803=CARTESIAN_POINT('',(18.3068897254886,-64.8073147558246,30.1431202781305));
#3804=CARTESIAN_POINT('Origin',(-18.5,-61.4274654355884,28.));
#3805=CARTESIAN_POINT('',(-18.2186132991903,-63.4069330243877,27.6739297416474));
#3806=CARTESIAN_POINT('',(-18.4986551509139,-61.4274502827942,27.9986551509139));
#3807=CARTESIAN_POINT('Origin',(-18.5,-63.5880664021107,27.9513056165192));
#3808=CARTESIAN_POINT('',(-16.,-69.1047049146656,10.205332190516));
#3809=CARTESIAN_POINT('',(-16.250821092173,-69.3868964759698,10.1936636997775));
#3810=CARTESIAN_POINT('',(-16.,-61.3222969345191,26.8947599621674));
#3811=CARTESIAN_POINT('Origin',(-18.5,-71.9173826569903,10.0890292648188));
#3812=CARTESIAN_POINT('',(-16.,-66.5274214075538,5.69339139702645));
#3813=CARTESIAN_POINT('',(-19.0929864799176,-70.007251099304,5.54950204632399));
#3814=CARTESIAN_POINT('',(-16.,-69.7465741305823,11.3290253703266));
#3815=CARTESIAN_POINT('Origin',(-18.5,-69.3400991498785,5.57708847132928));
#3816=CARTESIAN_POINT('',(-17.6344741526394,-71.6670828339444,-1.46115277334636));
#3817=CARTESIAN_POINT('',(-17.4083997258707,-71.3977451310247,-1.41849387201114));
#3818=CARTESIAN_POINT('',(-16.,-68.9223834261381,0.55737877381543));
#3819=CARTESIAN_POINT('',(-16.,-67.0743296822869,4.52054281697745));
#3820=CARTESIAN_POINT('',(-16.2982314339284,-69.4231901466179,0.189070987015869));
#3821=CARTESIAN_POINT('Origin',(-18.5,-72.6982421157694,-1.62447235908365));
#3822=CARTESIAN_POINT('',(-18.3824636230291,-71.9504720893665,-2.25401639458465));
#3823=CARTESIAN_POINT('Origin',(-18.5,-71.9950028584125,-2.37860413433422));
#3824=CARTESIAN_POINT('',(-16.,-64.8037134778629,1.11158673441403));
#3825=CARTESIAN_POINT('',(-17.4345864604709,-63.8350287365585,-0.20558288800176));
#3826=CARTESIAN_POINT('',(-16.,-72.3283979477743,0.099065681115255));
#3827=CARTESIAN_POINT('Origin',(-18.5,-63.1156229235534,-1.18379534730352));
#3828=CARTESIAN_POINT('',(-16.,-64.039033761275,2.75144767861));
#3829=CARTESIAN_POINT('',(-18.3828038188433,-61.7438799605971,2.03522671930886));
#3830=CARTESIAN_POINT('',(-16.,-65.381392391145,-0.127249692951679));
#3831=CARTESIAN_POINT('Origin',(-18.5,-61.6309947711074,2.00000000000001));
#3832=CARTESIAN_POINT('',(-16.,-63.4145382761582,6.41958441981444));
#3833=CARTESIAN_POINT('Origin',(-18.5,-60.95,28.));
#3834=CARTESIAN_POINT('Origin',(-16.,-60.95,28.));
#3835=CARTESIAN_POINT('Origin',(18.5,-61.4274654355884,28.));
#3836=CARTESIAN_POINT('',(16.8950603749741,-62.5549396250259,26.369242458141));
#3837=CARTESIAN_POINT('',(18.2186132991903,-63.4069330243877,27.6739297416474));
#3838=CARTESIAN_POINT('',(18.027854362551,-61.4221456374491,27.527854362551));
#3839=CARTESIAN_POINT('',(14.4203440460323,-65.0296559539677,23.8381239757035));
#3840=CARTESIAN_POINT('',(18.4986551509139,-61.4274502827942,27.9986551509139));
#3841=CARTESIAN_POINT('Origin',(18.5,-63.5880664021107,27.9513056165192));
#3842=CARTESIAN_POINT('',(16.,-69.1047049146656,10.205332190516));
#3843=CARTESIAN_POINT('',(16.250821092173,-69.3868964759698,10.1936636997775));
#3844=CARTESIAN_POINT('',(16.,-63.45,22.3318860134547));
#3845=CARTESIAN_POINT('',(16.,-61.3222969345191,26.8947599621674));
#3846=CARTESIAN_POINT('',(14.8529530535647,-64.5970469464353,17.1578915980699));
#3847=CARTESIAN_POINT('Origin',(18.5,-71.9173826569903,10.0890292648188));
#3848=CARTESIAN_POINT('',(16.,-66.5274214075538,5.69339139702645));
#3849=CARTESIAN_POINT('',(19.0929864799176,-70.007251099304,5.54950204632399));
#3850=CARTESIAN_POINT('',(16.,-69.7465741305823,11.3290253703266));
#3851=CARTESIAN_POINT('Origin',(18.5,-69.3400991498785,5.57708847132928));
#3852=CARTESIAN_POINT('',(17.6344741526394,-71.6670828339444,-1.46115277334636));
#3853=CARTESIAN_POINT('',(17.4083997258707,-71.3977451310247,-1.41849387201114));
#3854=CARTESIAN_POINT('',(16.,-68.9223834261381,0.55737877381543));
#3855=CARTESIAN_POINT('',(16.2982314339284,-69.4231901466179,0.189070987015869));
#3856=CARTESIAN_POINT('',(16.,-67.0743296822869,4.52054281697745));
#3857=CARTESIAN_POINT('Origin',(18.5,-72.6982421157694,-1.62447235908365));
#3858=CARTESIAN_POINT('',(18.3824636230291,-71.9504720893665,-2.25401639458465));
#3859=CARTESIAN_POINT('Origin',(18.5,-71.9950028584125,-2.37860413433422));
#3860=CARTESIAN_POINT('',(16.,-64.8037134778629,1.11158673441403));
#3861=CARTESIAN_POINT('',(17.4345864604709,-63.8350287365585,-0.20558288800176));
#3862=CARTESIAN_POINT('',(16.,-72.3283979477743,0.099065681115255));
#3863=CARTESIAN_POINT('Origin',(18.5,-63.1156229235534,-1.18379534730352));
#3864=CARTESIAN_POINT('',(16.,-64.039033761275,2.75144767861));
#3865=CARTESIAN_POINT('',(18.3828038188433,-61.7438799605971,2.03522671930886));
#3866=CARTESIAN_POINT('',(16.,-65.381392391145,-0.127249692951679));
#3867=CARTESIAN_POINT('Origin',(18.5,-61.6309947711074,2.00000000000001));
#3868=CARTESIAN_POINT('',(16.,-63.45,6.2112907568009));
#3869=CARTESIAN_POINT('',(18.4145727137281,-61.0354272862718,6.00721999838718));
#3870=CARTESIAN_POINT('',(16.,-63.4145382761582,6.41958441981444));
#3871=CARTESIAN_POINT('Origin',(18.5,-60.95,6.00000000000001));
#3872=CARTESIAN_POINT('',(14.8333333333333,-64.6166666666667,24.3333333333333));
#3873=CARTESIAN_POINT('',(16.,-63.45,6.00000000000001));
#3874=CARTESIAN_POINT('Origin',(18.5,-60.95,28.));
#3875=CARTESIAN_POINT('Origin',(16.,-60.95,28.));
#3876=CARTESIAN_POINT('Origin',(-1.84297022087776E-13,-62.5785171987386,
30.));
#3877=CARTESIAN_POINT('',(-1.85268467234323E-13,-62.5785171987386,30.));
#3878=CARTESIAN_POINT('Origin',(10.0000000000003,-61.7036305634793,30.));
#3879=CARTESIAN_POINT('Origin',(0.,-53.95,24.));
#3880=CARTESIAN_POINT('',(0.,-52.95,25.));
#3881=CARTESIAN_POINT('Origin',(0.,-52.95,25.));
#3882=CARTESIAN_POINT('Origin',(5.,-82.7134755542916,-1.23225875214138));
#3883=CARTESIAN_POINT('',(17.9720608116131,-72.5555822586754,-4.99999999999999));
#3884=CARTESIAN_POINT('',(5.,-79.2000000000003,-4.99999999999999));
#3885=CARTESIAN_POINT('',(2.30677362912541,-80.5794971623959,-4.99999999999998));
#3886=CARTESIAN_POINT('',(15.7306345012526,-71.7185315447098,-7.1287928206829));
#3887=CARTESIAN_POINT('',(12.2536796564403,-80.7420656913708,0.637948567795037));
#3888=CARTESIAN_POINT('',(5.00000000000075,-82.7134755542914,-1.23225875214123));
#3889=CARTESIAN_POINT('Origin',(-18.5,-79.0148816512253,2.21673585996474));
#3890=CARTESIAN_POINT('',(-13.4362030508578,-79.6703355306573,0.138192586378572));
#3891=CARTESIAN_POINT('',(-5.,-82.1170764252836,-1.87181851677561));
#3892=CARTESIAN_POINT('',(-17.9324118353631,-78.3663060001318,1.2094600184772));
#3893=CARTESIAN_POINT('',(-16.1022937433688,-77.2540367750886,-0.988546027733562));
#3894=CARTESIAN_POINT('',(-17.9720608116131,-72.5555822586754,-4.99999999999999));
#3895=CARTESIAN_POINT('',(-19.5010407261038,-73.1265730260933,-3.54785256606865));
#3896=CARTESIAN_POINT('',(-5.,-79.2000000000003,-4.99999999999999));
#3897=CARTESIAN_POINT('',(-8.40426918811054,-77.4562996798879,-4.99999999999999));
#3898=CARTESIAN_POINT('',(-5.00000000000078,-82.7134755542915,-1.2322587521411));
#3899=CARTESIAN_POINT('Origin',(-9.25,-69.2909542857795,24.0031286241361));
#3900=CARTESIAN_POINT('',(-18.3068897254886,-64.8073147558246,30.1431202781305));
#3901=CARTESIAN_POINT('',(-13.4362030508581,-76.1795999507179,7.62409919522601));
#3902=CARTESIAN_POINT('',(-16.9367756635999,-74.7886644412344,9.26377102807229));
#3903=CARTESIAN_POINT('',(-13.4362030508582,-75.1150427750924,9.90704942563258));
#3904=CARTESIAN_POINT('',(-3.69843227871791,-82.2723271963469,-1.70533244767962));
#3905=CARTESIAN_POINT('Origin',(0.,-82.7134755542914,-1.23225875214119));
#3906=CARTESIAN_POINT('',(0.,-79.2,-4.99999999999999));
#3907=CARTESIAN_POINT('Origin',(0.,-79.2,-4.99999999999999));
#3908=CARTESIAN_POINT('',(-16.6443324042985,-62.6883925402678,-5.00000000000001));
#3909=CARTESIAN_POINT('',(-17.5341588274634,-69.3012555967857,-5.));
#3910=CARTESIAN_POINT('',(16.6443324042985,-62.6883925402678,-5.00000000000001));
#3911=CARTESIAN_POINT('',(0.,-62.6883925402678,-5.00000000000001));
#3912=CARTESIAN_POINT('',(17.5341588274634,-69.3012555967857,-5.));
#3913=CARTESIAN_POINT('Origin',(-17.5100505063388,-61.7651504801059,-4.01005050633884));
#3914=CARTESIAN_POINT('',(-13.655311761605,-64.1755067100788,-8.18912662874697));
#3915=CARTESIAN_POINT('Origin',(17.5100505063388,-61.7651504801059,-4.01005050633884));
#3916=CARTESIAN_POINT('',(13.655311761605,-64.1755067100788,-8.18912662874697));
#3917=CARTESIAN_POINT('Origin',(0.,-62.6883925402678,-5.00000000000001));
#3918=CARTESIAN_POINT('',(-17.3839197380094,-61.7557772239576,-3.));
#3919=CARTESIAN_POINT('',(-15.7429650106258,-63.3967319513412,-6.51903876911635));
#3920=CARTESIAN_POINT('',(17.3839197380094,-61.7557772239576,-3.));
#3921=CARTESIAN_POINT('',(0.,-61.7557772239576,-3.));
#3922=CARTESIAN_POINT('',(16.3491257312829,-62.7905712306841,-5.2191229087264));
#3923=CARTESIAN_POINT('Origin',(-16.3786796564403,-78.8875831695022,-5.14568236059762));
#3924=CARTESIAN_POINT('',(-16.3786796564405,-73.5128104899055,6.3805548469619));
#3925=CARTESIAN_POINT('Origin',(-16.3786796564405,-73.5128104899055,6.3805548469619));
#3926=CARTESIAN_POINT('Origin',(-18.5,-64.8755002232648,29.922798043661));
#3927=CARTESIAN_POINT('Origin',(18.5,-64.8755002232648,29.922798043661));
#3928=CARTESIAN_POINT('Origin',(16.3786796564403,-78.8875831695022,-5.14568236059762));
#3929=CARTESIAN_POINT('',(16.3786796564405,-73.5128104899055,6.3805548469619));
#3930=CARTESIAN_POINT('Origin',(16.3786796564405,-73.5128104899055,6.3805548469619));
#3931=CARTESIAN_POINT('Origin',(-14.5,-58.7,0.));
#3932=CARTESIAN_POINT('',(-17.25,-58.7,0.));
#3933=CARTESIAN_POINT('',(-17.25,-58.7,0.));
#3934=CARTESIAN_POINT('',(-17.25,-58.7,0.));
#3935=CARTESIAN_POINT('Origin',(14.5,-58.7,0.));
#3936=CARTESIAN_POINT('',(11.75,-58.7,0.));
#3937=CARTESIAN_POINT('',(11.75,-58.7,0.));
#3938=CARTESIAN_POINT('Origin',(-16.2989638415415,-62.5578904079455,30.));
#3939=CARTESIAN_POINT('',(-16.2989638415415,-62.5578904079455,30.));
#3940=CARTESIAN_POINT('',(3.33077132433952E-15,-63.9838649712993,30.));
#3941=CARTESIAN_POINT('Origin',(-18.5,-60.3568542494872,30.));
#3942=CARTESIAN_POINT('Origin',(16.2989638415474,-62.557890407945,30.));
#3943=CARTESIAN_POINT('',(16.2989638415474,-62.557890407945,30.));
#3944=CARTESIAN_POINT('Origin',(3.33077132433952E-15,-63.9838649712993,
30.));
#3945=CARTESIAN_POINT('Origin',(18.6414213562373,-60.4982756057296,0.));
#3946=CARTESIAN_POINT('',(14.6999999999999,-64.439696961967,-3.));
#3947=CARTESIAN_POINT('',(14.6592514421272,-64.4804455198397,-3.));
#3948=CARTESIAN_POINT('',(14.7,-64.439696961967,0.));
#3949=CARTESIAN_POINT('Origin',(-14.6414213562373,-64.4982756057297,0.));
#3950=CARTESIAN_POINT('',(-14.7,-64.439696961967,-3.));
#3951=CARTESIAN_POINT('',(-14.7,-64.439696961967,0.));
#3952=CARTESIAN_POINT('',(-12.6592514421272,-66.4804455198398,-3.));
#3953=CARTESIAN_POINT('Origin',(-14.7,-73.1147367097487,0.));
#3954=CARTESIAN_POINT('',(-14.7,-73.2682021073445,-3.));
#3955=CARTESIAN_POINT('',(-14.7,-73.2682021073445,0.));
#3956=CARTESIAN_POINT('',(-14.7,-65.4501353078407,-3.));
#3957=CARTESIAN_POINT('Origin',(-0.0517638090205042,-77.1931851652578,0.));
#3958=CARTESIAN_POINT('',(7.1701903673708E-16,-77.207055236082,-3.));
#3959=CARTESIAN_POINT('',(0.,-77.207055236082,0.));
#3960=CARTESIAN_POINT('',(-2.45357207077891,-76.5496225811452,-3.));
#3961=CARTESIAN_POINT('Origin',(14.5517638090205,-73.3079218750065,0.));
#3962=CARTESIAN_POINT('',(14.7,-73.2682021073445,-3.));
#3963=CARTESIAN_POINT('',(14.7,-73.2682021073445,0.));
#3964=CARTESIAN_POINT('',(9.7035720707789,-74.6069909360196,-3.));
#3965=CARTESIAN_POINT('Origin',(14.7,-64.3568542494924,0.));
#3966=CARTESIAN_POINT('',(14.6999999999999,-61.0711940777125,-3.));
#3967=CARTESIAN_POINT('Origin',(0.,-57.7855339059328,-3.));
#3968=UNCERTAINTY_MEASURE_WITH_UNIT(LENGTH_MEASURE(0.01),#3972,
'DISTANCE_ACCURACY_VALUE',
'Maximum model space distance between geometric entities at asserted c
onnectivities');
#3969=UNCERTAINTY_MEASURE_WITH_UNIT(LENGTH_MEASURE(0.01),#3972,
'DISTANCE_ACCURACY_VALUE',
'Maximum model space distance between geometric entities at asserted c
onnectivities');
#3970=(
GEOMETRIC_REPRESENTATION_CONTEXT(3)
GLOBAL_UNCERTAINTY_ASSIGNED_CONTEXT((#3968))
GLOBAL_UNIT_ASSIGNED_CONTEXT((#3972,#3974,#3975))
REPRESENTATION_CONTEXT('','3D')
);
#3971=(
GEOMETRIC_REPRESENTATION_CONTEXT(3)
GLOBAL_UNCERTAINTY_ASSIGNED_CONTEXT((#3969))
GLOBAL_UNIT_ASSIGNED_CONTEXT((#3972,#3974,#3975))
REPRESENTATION_CONTEXT('','3D')
);
#3972=(
LENGTH_UNIT()
NAMED_UNIT(*)
SI_UNIT(.MILLI.,.METRE.)
);
#3973=(
LENGTH_UNIT()
NAMED_UNIT(*)
SI_UNIT($,.METRE.)
);
#3974=(
NAMED_UNIT(*)
PLANE_ANGLE_UNIT()
SI_UNIT($,.RADIAN.)
);
#3975=(
NAMED_UNIT(*)
SI_UNIT($,.STERADIAN.)
SOLID_ANGLE_UNIT()
);
#3976=SHAPE_DEFINITION_REPRESENTATION(#3977,#3978);
#3977=PRODUCT_DEFINITION_SHAPE('',$,#3980);
#3978=SHAPE_REPRESENTATION('',(#2310),#3970);
#3979=PRODUCT_DEFINITION_CONTEXT('part definition',#3984,'design');
#3980=PRODUCT_DEFINITION('2026-09-22-20-59-28-446',
'The Shard TPU - Frontend O3',#3981,#3979);
#3981=PRODUCT_DEFINITION_FORMATION('',$,#3986);
#3982=PRODUCT_RELATED_PRODUCT_CATEGORY('The Shard TPU - Frontend O3',
'The Shard TPU - Frontend O3',(#3986));
#3983=APPLICATION_PROTOCOL_DEFINITION('international standard',
'automotive_design',2009,#3984);
#3984=APPLICATION_CONTEXT(
'Core Data for Automotive Mechanical Design Process');
#3985=PRODUCT_CONTEXT('part definition',#3984,'mechanical');
#3986=PRODUCT('2026-09-22-20-59-28-446','The Shard TPU - Frontend O3',$,
(#3985));
#3987=PRESENTATION_STYLE_ASSIGNMENT((#3988));
#3988=SURFACE_STYLE_USAGE(.BOTH.,#3989);
#3989=SURFACE_SIDE_STYLE('',(#3990));
#3990=SURFACE_STYLE_FILL_AREA(#3991);
#3991=FILL_AREA_STYLE('Steel - Satin',(#3992));
#3992=FILL_AREA_STYLE_COLOUR('Steel - Satin',#3993);
#3993=COLOUR_RGB('Steel - Satin',0.627450980392157,0.627450980392157,0.627450980392157);
ENDSEC;
END-ISO-10303-21;
