ISO-10303-21;
HEADER;
/* Generated by software containing ST-Developer
 * from STEP Tools, Inc. (www.steptools.com) 
 */

FILE_DESCRIPTION(
/* description */ (''),
/* implementation_level */ '2;1');

FILE_NAME(
/* name */ 'The_Shard_TPU_-_Frontend_O3_cameraAngle_20.step',
/* time_stamp */ '2026-09-22T21:15:01+02:00',
/* author */ (''),
/* organization */ (''),
/* preprocessor_version */ 'ST-DEVELOPER v20.1',
/* originating_system */ 'Autodesk Translation Framework v15.8.0.0',
/* authorisation */ '');

FILE_SCHEMA (('AUTOMOTIVE_DESIGN { 1 0 10303 214 3 1 1 }'));
ENDSEC;

DATA;
#10=MECHANICAL_DESIGN_GEOMETRIC_PRESENTATION_REPRESENTATION('',(#13),#4236);
#11=SHAPE_REPRESENTATION_RELATIONSHIP('SRR','None',#4243,#12);
#12=ADVANCED_BREP_SHAPE_REPRESENTATION('',(#14),#4235);
#13=STYLED_ITEM('',(#4252),#14);
#14=MANIFOLD_SOLID_BREP('Frontend',#2410);
#15=FACE_BOUND('',#251,.T.);
#16=FACE_BOUND('',#253,.T.);
#17=FACE_BOUND('',#255,.T.);
#18=FACE_BOUND('',#256,.T.);
#19=FACE_BOUND('',#258,.T.);
#20=FACE_BOUND('',#259,.T.);
#21=FACE_BOUND('',#265,.T.);
#22=FACE_BOUND('',#266,.T.);
#23=FACE_BOUND('',#269,.T.);
#24=FACE_BOUND('',#270,.T.);
#25=PLANE('',#2472);
#26=PLANE('',#2473);
#27=PLANE('',#2474);
#28=PLANE('',#2475);
#29=PLANE('',#2476);
#30=PLANE('',#2477);
#31=PLANE('',#2478);
#32=PLANE('',#2479);
#33=PLANE('',#2480);
#34=PLANE('',#2481);
#35=PLANE('',#2484);
#36=PLANE('',#2485);
#37=PLANE('',#2488);
#38=PLANE('',#2489);
#39=PLANE('',#2490);
#40=PLANE('',#2491);
#41=PLANE('',#2492);
#42=PLANE('',#2493);
#43=PLANE('',#2494);
#44=PLANE('',#2495);
#45=PLANE('',#2496);
#46=PLANE('',#2497);
#47=PLANE('',#2498);
#48=PLANE('',#2499);
#49=PLANE('',#2500);
#50=PLANE('',#2501);
#51=PLANE('',#2502);
#52=PLANE('',#2503);
#53=PLANE('',#2504);
#54=PLANE('',#2505);
#55=PLANE('',#2506);
#56=PLANE('',#2507);
#57=PLANE('',#2508);
#58=PLANE('',#2509);
#59=PLANE('',#2510);
#60=PLANE('',#2511);
#61=PLANE('',#2512);
#62=PLANE('',#2513);
#63=PLANE('',#2514);
#64=PLANE('',#2515);
#65=PLANE('',#2516);
#66=PLANE('',#2517);
#67=PLANE('',#2518);
#68=PLANE('',#2519);
#69=PLANE('',#2520);
#70=PLANE('',#2521);
#71=PLANE('',#2522);
#72=PLANE('',#2523);
#73=PLANE('',#2524);
#74=PLANE('',#2525);
#75=PLANE('',#2526);
#76=PLANE('',#2527);
#77=PLANE('',#2528);
#78=PLANE('',#2529);
#79=PLANE('',#2530);
#80=PLANE('',#2531);
#81=PLANE('',#2532);
#82=PLANE('',#2533);
#83=PLANE('',#2534);
#84=PLANE('',#2535);
#85=PLANE('',#2536);
#86=PLANE('',#2537);
#87=PLANE('',#2538);
#88=PLANE('',#2539);
#89=PLANE('',#2540);
#90=PLANE('',#2541);
#91=PLANE('',#2542);
#92=PLANE('',#2543);
#93=PLANE('',#2544);
#94=PLANE('',#2545);
#95=PLANE('',#2546);
#96=PLANE('',#2547);
#97=PLANE('',#2548);
#98=PLANE('',#2549);
#99=PLANE('',#2550);
#100=PLANE('',#2551);
#101=PLANE('',#2552);
#102=PLANE('',#2553);
#103=PLANE('',#2554);
#104=PLANE('',#2555);
#105=PLANE('',#2558);
#106=PLANE('',#2559);
#107=PLANE('',#2560);
#108=PLANE('',#2561);
#109=PLANE('',#2562);
#110=PLANE('',#2563);
#111=PLANE('',#2564);
#112=PLANE('',#2565);
#113=PLANE('',#2566);
#114=PLANE('',#2567);
#115=PLANE('',#2568);
#116=CONICAL_SURFACE('',#2431,1.625,0.78539816339745);
#117=CONICAL_SURFACE('',#2435,1.625,0.78539816339745);
#118=CONICAL_SURFACE('',#2439,1.625,0.78539816339745);
#119=CONICAL_SURFACE('',#2443,1.625,0.78539816339745);
#120=FACE_OUTER_BOUND('',#231,.T.);
#121=FACE_OUTER_BOUND('',#232,.T.);
#122=FACE_OUTER_BOUND('',#233,.T.);
#123=FACE_OUTER_BOUND('',#234,.T.);
#124=FACE_OUTER_BOUND('',#235,.T.);
#125=FACE_OUTER_BOUND('',#236,.T.);
#126=FACE_OUTER_BOUND('',#237,.T.);
#127=FACE_OUTER_BOUND('',#238,.T.);
#128=FACE_OUTER_BOUND('',#239,.T.);
#129=FACE_OUTER_BOUND('',#240,.T.);
#130=FACE_OUTER_BOUND('',#241,.T.);
#131=FACE_OUTER_BOUND('',#242,.T.);
#132=FACE_OUTER_BOUND('',#243,.T.);
#133=FACE_OUTER_BOUND('',#244,.T.);
#134=FACE_OUTER_BOUND('',#245,.T.);
#135=FACE_OUTER_BOUND('',#246,.T.);
#136=FACE_OUTER_BOUND('',#247,.T.);
#137=FACE_OUTER_BOUND('',#248,.T.);
#138=FACE_OUTER_BOUND('',#249,.T.);
#139=FACE_OUTER_BOUND('',#250,.T.);
#140=FACE_OUTER_BOUND('',#252,.T.);
#141=FACE_OUTER_BOUND('',#254,.T.);
#142=FACE_OUTER_BOUND('',#257,.T.);
#143=FACE_OUTER_BOUND('',#260,.T.);
#144=FACE_OUTER_BOUND('',#261,.T.);
#145=FACE_OUTER_BOUND('',#262,.T.);
#146=FACE_OUTER_BOUND('',#263,.T.);
#147=FACE_OUTER_BOUND('',#264,.T.);
#148=FACE_OUTER_BOUND('',#267,.T.);
#149=FACE_OUTER_BOUND('',#268,.T.);
#150=FACE_OUTER_BOUND('',#271,.T.);
#151=FACE_OUTER_BOUND('',#272,.T.);
#152=FACE_OUTER_BOUND('',#273,.T.);
#153=FACE_OUTER_BOUND('',#274,.T.);
#154=FACE_OUTER_BOUND('',#275,.T.);
#155=FACE_OUTER_BOUND('',#276,.T.);
#156=FACE_OUTER_BOUND('',#277,.T.);
#157=FACE_OUTER_BOUND('',#278,.T.);
#158=FACE_OUTER_BOUND('',#279,.T.);
#159=FACE_OUTER_BOUND('',#280,.T.);
#160=FACE_OUTER_BOUND('',#281,.T.);
#161=FACE_OUTER_BOUND('',#282,.T.);
#162=FACE_OUTER_BOUND('',#283,.T.);
#163=FACE_OUTER_BOUND('',#284,.T.);
#164=FACE_OUTER_BOUND('',#285,.T.);
#165=FACE_OUTER_BOUND('',#286,.T.);
#166=FACE_OUTER_BOUND('',#287,.T.);
#167=FACE_OUTER_BOUND('',#288,.T.);
#168=FACE_OUTER_BOUND('',#289,.T.);
#169=FACE_OUTER_BOUND('',#290,.T.);
#170=FACE_OUTER_BOUND('',#291,.T.);
#171=FACE_OUTER_BOUND('',#292,.T.);
#172=FACE_OUTER_BOUND('',#293,.T.);
#173=FACE_OUTER_BOUND('',#294,.T.);
#174=FACE_OUTER_BOUND('',#295,.T.);
#175=FACE_OUTER_BOUND('',#296,.T.);
#176=FACE_OUTER_BOUND('',#297,.T.);
#177=FACE_OUTER_BOUND('',#298,.T.);
#178=FACE_OUTER_BOUND('',#299,.T.);
#179=FACE_OUTER_BOUND('',#300,.T.);
#180=FACE_OUTER_BOUND('',#301,.T.);
#181=FACE_OUTER_BOUND('',#302,.T.);
#182=FACE_OUTER_BOUND('',#303,.T.);
#183=FACE_OUTER_BOUND('',#304,.T.);
#184=FACE_OUTER_BOUND('',#305,.T.);
#185=FACE_OUTER_BOUND('',#306,.T.);
#186=FACE_OUTER_BOUND('',#307,.T.);
#187=FACE_OUTER_BOUND('',#308,.T.);
#188=FACE_OUTER_BOUND('',#309,.T.);
#189=FACE_OUTER_BOUND('',#310,.T.);
#190=FACE_OUTER_BOUND('',#311,.T.);
#191=FACE_OUTER_BOUND('',#312,.T.);
#192=FACE_OUTER_BOUND('',#313,.T.);
#193=FACE_OUTER_BOUND('',#314,.T.);
#194=FACE_OUTER_BOUND('',#315,.T.);
#195=FACE_OUTER_BOUND('',#316,.T.);
#196=FACE_OUTER_BOUND('',#317,.T.);
#197=FACE_OUTER_BOUND('',#318,.T.);
#198=FACE_OUTER_BOUND('',#319,.T.);
#199=FACE_OUTER_BOUND('',#320,.T.);
#200=FACE_OUTER_BOUND('',#321,.T.);
#201=FACE_OUTER_BOUND('',#322,.T.);
#202=FACE_OUTER_BOUND('',#323,.T.);
#203=FACE_OUTER_BOUND('',#324,.T.);
#204=FACE_OUTER_BOUND('',#325,.T.);
#205=FACE_OUTER_BOUND('',#326,.T.);
#206=FACE_OUTER_BOUND('',#327,.T.);
#207=FACE_OUTER_BOUND('',#328,.T.);
#208=FACE_OUTER_BOUND('',#329,.T.);
#209=FACE_OUTER_BOUND('',#330,.T.);
#210=FACE_OUTER_BOUND('',#331,.T.);
#211=FACE_OUTER_BOUND('',#332,.T.);
#212=FACE_OUTER_BOUND('',#333,.T.);
#213=FACE_OUTER_BOUND('',#334,.T.);
#214=FACE_OUTER_BOUND('',#335,.T.);
#215=FACE_OUTER_BOUND('',#336,.T.);
#216=FACE_OUTER_BOUND('',#337,.T.);
#217=FACE_OUTER_BOUND('',#338,.T.);
#218=FACE_OUTER_BOUND('',#339,.T.);
#219=FACE_OUTER_BOUND('',#340,.T.);
#220=FACE_OUTER_BOUND('',#341,.T.);
#221=FACE_OUTER_BOUND('',#342,.T.);
#222=FACE_OUTER_BOUND('',#343,.T.);
#223=FACE_OUTER_BOUND('',#344,.T.);
#224=FACE_OUTER_BOUND('',#345,.T.);
#225=FACE_OUTER_BOUND('',#346,.T.);
#226=FACE_OUTER_BOUND('',#347,.T.);
#227=FACE_OUTER_BOUND('',#348,.T.);
#228=FACE_OUTER_BOUND('',#349,.T.);
#229=FACE_OUTER_BOUND('',#350,.T.);
#230=FACE_OUTER_BOUND('',#351,.T.);
#231=EDGE_LOOP('',(#1577,#1578,#1579,#1580,#1581,#1582,#1583,#1584,#1585));
#232=EDGE_LOOP('',(#1586,#1587,#1588));
#233=EDGE_LOOP('',(#1589,#1590,#1591,#1592,#1593,#1594,#1595,#1596));
#234=EDGE_LOOP('',(#1597,#1598,#1599,#1600,#1601,#1602,#1603,#1604));
#235=EDGE_LOOP('',(#1605,#1606,#1607,#1608,#1609,#1610,#1611,#1612,#1613,
#1614));
#236=EDGE_LOOP('',(#1615,#1616,#1617,#1618,#1619,#1620,#1621,#1622,#1623,
#1624));
#237=EDGE_LOOP('',(#1625,#1626,#1627,#1628,#1629,#1630,#1631,#1632,#1633,
#1634,#1635));
#238=EDGE_LOOP('',(#1636,#1637));
#239=EDGE_LOOP('',(#1638,#1639,#1640));
#240=EDGE_LOOP('',(#1641,#1642));
#241=EDGE_LOOP('',(#1643,#1644,#1645,#1646));
#242=EDGE_LOOP('',(#1647,#1648,#1649,#1650));
#243=EDGE_LOOP('',(#1651,#1652,#1653,#1654));
#244=EDGE_LOOP('',(#1655,#1656,#1657,#1658));
#245=EDGE_LOOP('',(#1659,#1660));
#246=EDGE_LOOP('',(#1661,#1662,#1663,#1664,#1665,#1666,#1667,#1668,#1669,
#1670));
#247=EDGE_LOOP('',(#1671,#1672));
#248=EDGE_LOOP('',(#1673,#1674,#1675,#1676,#1677,#1678,#1679,#1680));
#249=EDGE_LOOP('',(#1681,#1682,#1683,#1684,#1685,#1686,#1687,#1688));
#250=EDGE_LOOP('',(#1689,#1690,#1691,#1692,#1693,#1694,#1695,#1696,#1697,
#1698,#1699,#1700,#1701,#1702,#1703));
#251=EDGE_LOOP('',(#1704,#1705,#1706,#1707,#1708,#1709,#1710,#1711,#1712,
#1713,#1714,#1715,#1716));
#252=EDGE_LOOP('',(#1717,#1718,#1719,#1720,#1721,#1722,#1723,#1724,#1725,
#1726,#1727,#1728,#1729,#1730,#1731));
#253=EDGE_LOOP('',(#1732,#1733,#1734,#1735,#1736,#1737,#1738,#1739,#1740,
#1741,#1742,#1743,#1744));
#254=EDGE_LOOP('',(#1745,#1746,#1747,#1748,#1749,#1750,#1751,#1752));
#255=EDGE_LOOP('',(#1753));
#256=EDGE_LOOP('',(#1754));
#257=EDGE_LOOP('',(#1755,#1756,#1757,#1758,#1759,#1760,#1761,#1762));
#258=EDGE_LOOP('',(#1763));
#259=EDGE_LOOP('',(#1764));
#260=EDGE_LOOP('',(#1765,#1766,#1767,#1768,#1769,#1770,#1771,#1772));
#261=EDGE_LOOP('',(#1773,#1774,#1775,#1776));
#262=EDGE_LOOP('',(#1777,#1778,#1779,#1780));
#263=EDGE_LOOP('',(#1781,#1782,#1783,#1784));
#264=EDGE_LOOP('',(#1785,#1786,#1787,#1788,#1789,#1790,#1791,#1792,#1793,
#1794,#1795,#1796,#1797,#1798,#1799,#1800,#1801,#1802,#1803,#1804,#1805,
#1806));
#265=EDGE_LOOP('',(#1807));
#266=EDGE_LOOP('',(#1808));
#267=EDGE_LOOP('',(#1809,#1810,#1811,#1812,#1813,#1814,#1815,#1816,#1817,
#1818));
#268=EDGE_LOOP('',(#1819,#1820,#1821,#1822,#1823,#1824,#1825,#1826,#1827,
#1828,#1829,#1830,#1831,#1832,#1833,#1834));
#269=EDGE_LOOP('',(#1835));
#270=EDGE_LOOP('',(#1836));
#271=EDGE_LOOP('',(#1837,#1838,#1839,#1840,#1841,#1842,#1843,#1844));
#272=EDGE_LOOP('',(#1845,#1846,#1847,#1848));
#273=EDGE_LOOP('',(#1849,#1850,#1851,#1852));
#274=EDGE_LOOP('',(#1853,#1854,#1855,#1856,#1857,#1858,#1859,#1860,#1861,
#1862));
#275=EDGE_LOOP('',(#1863,#1864,#1865,#1866));
#276=EDGE_LOOP('',(#1867,#1868,#1869,#1870));
#277=EDGE_LOOP('',(#1871,#1872,#1873,#1874));
#278=EDGE_LOOP('',(#1875,#1876,#1877,#1878,#1879));
#279=EDGE_LOOP('',(#1880,#1881,#1882,#1883,#1884,#1885,#1886));
#280=EDGE_LOOP('',(#1887,#1888,#1889,#1890));
#281=EDGE_LOOP('',(#1891,#1892,#1893,#1894,#1895));
#282=EDGE_LOOP('',(#1896,#1897,#1898,#1899));
#283=EDGE_LOOP('',(#1900,#1901,#1902,#1903));
#284=EDGE_LOOP('',(#1904,#1905,#1906,#1907));
#285=EDGE_LOOP('',(#1908,#1909,#1910));
#286=EDGE_LOOP('',(#1911,#1912,#1913));
#287=EDGE_LOOP('',(#1914,#1915,#1916,#1917,#1918));
#288=EDGE_LOOP('',(#1919,#1920,#1921,#1922,#1923));
#289=EDGE_LOOP('',(#1924,#1925,#1926,#1927,#1928,#1929,#1930,#1931,#1932));
#290=EDGE_LOOP('',(#1933,#1934,#1935,#1936,#1937,#1938,#1939,#1940,#1941));
#291=EDGE_LOOP('',(#1942,#1943,#1944,#1945,#1946));
#292=EDGE_LOOP('',(#1947,#1948,#1949,#1950,#1951));
#293=EDGE_LOOP('',(#1952,#1953,#1954,#1955,#1956,#1957,#1958));
#294=EDGE_LOOP('',(#1959,#1960,#1961,#1962,#1963,#1964,#1965,#1966,#1967));
#295=EDGE_LOOP('',(#1968,#1969,#1970,#1971));
#296=EDGE_LOOP('',(#1972,#1973,#1974,#1975,#1976,#1977,#1978,#1979));
#297=EDGE_LOOP('',(#1980,#1981,#1982,#1983));
#298=EDGE_LOOP('',(#1984,#1985,#1986,#1987,#1988,#1989,#1990,#1991,#1992));
#299=EDGE_LOOP('',(#1993,#1994,#1995,#1996,#1997,#1998,#1999,#2000,#2001,
#2002,#2003));
#300=EDGE_LOOP('',(#2004,#2005,#2006,#2007));
#301=EDGE_LOOP('',(#2008,#2009,#2010,#2011,#2012));
#302=EDGE_LOOP('',(#2013,#2014,#2015,#2016));
#303=EDGE_LOOP('',(#2017,#2018,#2019,#2020,#2021));
#304=EDGE_LOOP('',(#2022,#2023,#2024));
#305=EDGE_LOOP('',(#2025,#2026,#2027,#2028,#2029));
#306=EDGE_LOOP('',(#2030,#2031,#2032,#2033));
#307=EDGE_LOOP('',(#2034,#2035,#2036,#2037));
#308=EDGE_LOOP('',(#2038,#2039,#2040));
#309=EDGE_LOOP('',(#2041,#2042,#2043,#2044,#2045,#2046,#2047));
#310=EDGE_LOOP('',(#2048,#2049,#2050,#2051));
#311=EDGE_LOOP('',(#2052,#2053,#2054,#2055,#2056));
#312=EDGE_LOOP('',(#2057,#2058,#2059,#2060));
#313=EDGE_LOOP('',(#2061,#2062,#2063,#2064,#2065));
#314=EDGE_LOOP('',(#2066,#2067,#2068));
#315=EDGE_LOOP('',(#2069,#2070,#2071,#2072,#2073));
#316=EDGE_LOOP('',(#2074,#2075,#2076,#2077));
#317=EDGE_LOOP('',(#2078,#2079,#2080,#2081));
#318=EDGE_LOOP('',(#2082,#2083,#2084,#2085,#2086,#2087,#2088,#2089));
#319=EDGE_LOOP('',(#2090,#2091,#2092));
#320=EDGE_LOOP('',(#2093,#2094,#2095,#2096,#2097,#2098,#2099));
#321=EDGE_LOOP('',(#2100,#2101,#2102,#2103));
#322=EDGE_LOOP('',(#2104,#2105,#2106,#2107));
#323=EDGE_LOOP('',(#2108,#2109,#2110,#2111));
#324=EDGE_LOOP('',(#2112,#2113,#2114,#2115));
#325=EDGE_LOOP('',(#2116,#2117,#2118,#2119,#2120,#2121));
#326=EDGE_LOOP('',(#2122,#2123,#2124,#2125,#2126,#2127));
#327=EDGE_LOOP('',(#2128,#2129,#2130,#2131,#2132,#2133,#2134,#2135,#2136,
#2137,#2138));
#328=EDGE_LOOP('',(#2139,#2140,#2141,#2142,#2143));
#329=EDGE_LOOP('',(#2144,#2145,#2146,#2147,#2148,#2149));
#330=EDGE_LOOP('',(#2150,#2151,#2152,#2153));
#331=EDGE_LOOP('',(#2154,#2155,#2156,#2157));
#332=EDGE_LOOP('',(#2158,#2159,#2160,#2161,#2162,#2163,#2164,#2165));
#333=EDGE_LOOP('',(#2166,#2167,#2168,#2169));
#334=EDGE_LOOP('',(#2170,#2171,#2172));
#335=EDGE_LOOP('',(#2173,#2174,#2175));
#336=EDGE_LOOP('',(#2176,#2177,#2178));
#337=EDGE_LOOP('',(#2179,#2180,#2181,#2182));
#338=EDGE_LOOP('',(#2183,#2184,#2185));
#339=EDGE_LOOP('',(#2186,#2187,#2188,#2189,#2190,#2191,#2192,#2193,#2194,
#2195,#2196,#2197,#2198,#2199,#2200,#2201,#2202,#2203,#2204,#2205,#2206,
#2207,#2208,#2209));
#340=EDGE_LOOP('',(#2210,#2211,#2212,#2213,#2214,#2215,#2216,#2217,#2218,
#2219,#2220,#2221,#2222,#2223,#2224,#2225,#2226,#2227,#2228,#2229,#2230,
#2231,#2232,#2233));
#341=EDGE_LOOP('',(#2234,#2235,#2236,#2237));
#342=EDGE_LOOP('',(#2238,#2239,#2240,#2241));
#343=EDGE_LOOP('',(#2242,#2243,#2244,#2245));
#344=EDGE_LOOP('',(#2246,#2247,#2248,#2249));
#345=EDGE_LOOP('',(#2250,#2251,#2252,#2253,#2254));
#346=EDGE_LOOP('',(#2255,#2256,#2257,#2258,#2259));
#347=EDGE_LOOP('',(#2260,#2261,#2262,#2263));
#348=EDGE_LOOP('',(#2264,#2265,#2266,#2267));
#349=EDGE_LOOP('',(#2268,#2269,#2270,#2271));
#350=EDGE_LOOP('',(#2272,#2273,#2274,#2275));
#351=EDGE_LOOP('',(#2276,#2277,#2278,#2279,#2280,#2281,#2282));
#352=ELLIPSE('',#2427,3.18198051533946,2.25);
#353=ELLIPSE('',#2449,3.18198051533946,2.25);
#354=ELLIPSE('',#2465,3.18198051533946,2.25);
#355=ELLIPSE('',#2470,3.18198051533946,2.25);
#356=B_SPLINE_CURVE_WITH_KNOTS('',3,(#3156,#3157,#3158,#3159,#3160,#3161,
#3162,#3163,#3164,#3165,#3166,#3167,#3168,#3169,#3170,#3171,#3172,#3173,
#3174,#3175,#3176,#3177,#3178,#3179,#3180,#3181,#3182,#3183,#3184,#3185,
#3186,#3187,#3188,#3189,#3190,#3191,#3192,#3193,#3194,#3195,#3196,#3197,
#3198),.UNSPECIFIED.,.F.,.F.,(4,2,2,2,2,2,2,2,2,2,2,2,2,2,2,2,3,2,2,2,4),
(-1.11439357771862,-1.09362491657564,-1.02453075272415,-0.955436588872648,
-0.888520306842639,-0.82160402481263,-0.753604215091296,-0.685604405369962,
-0.617604595648628,-0.549604785927294,-0.482688503897284,-0.415772221867275,
-0.346678058015777,-0.277583894164279,-0.138791947082139,-0.0693959735410696,
0.,0.0693959735410696,0.138791947082139,0.277583894164279,0.324715098068508),
 .UNSPECIFIED.);
#357=B_SPLINE_CURVE_WITH_KNOTS('',3,(#3206,#3207,#3208,#3209,#3210,#3211,
#3212,#3213,#3214,#3215,#3216,#3217,#3218,#3219),.UNSPECIFIED.,.F.,.F.,
(4,2,2,2,2,2,4),(-1.62802404376122,-1.51000075782206,-1.44060478428099,
-1.37120881073992,-1.30181283719885,-1.23241686365778,-1.11439357771862),
 .UNSPECIFIED.);
#358=B_SPLINE_CURVE_WITH_KNOTS('',3,(#3226,#3227,#3228,#3229,#3230,#3231),
 .UNSPECIFIED.,.F.,.F.,(4,2,4),(1.62802404376122,1.6487927049042,1.69592390880843),
 .UNSPECIFIED.);
#359=B_SPLINE_CURVE_WITH_KNOTS('',3,(#3235,#3236,#3237,#3238,#3239,#3240,
#3241,#3242,#3243,#3244,#3245,#3246),.UNSPECIFIED.,.F.,.F.,(4,2,2,2,2,4),
(3.98091509440428,4.00222595463322,4.11958196078343,4.17274058757408,4.21805729458691,
4.25178154520069),.UNSPECIFIED.);
#360=B_SPLINE_CURVE_WITH_KNOTS('',3,(#3249,#3250,#3251,#3252,#3253,#3254,
#3255,#3256,#3257,#3258,#3259,#3260),.UNSPECIFIED.,.F.,.F.,(4,2,2,2,2,4),
(3.51795835176532,3.5516826023791,3.59699930939193,3.65015793618258,3.76751394233279,
3.78882480256173),.UNSPECIFIED.);
#361=B_SPLINE_CURVE_WITH_KNOTS('',3,(#3268,#3269,#3270,#3271,#3272,#3273,
#3274,#3275,#3276,#3277,#3278,#3279,#3280,#3281),.UNSPECIFIED.,.F.,.F.,
(4,2,2,2,2,2,4),(3.43864498877358,3.46561278411291,3.51072121070113,3.56325802172911,
3.6690238775702,3.72190680549074,3.754134148541),.UNSPECIFIED.);
#362=B_SPLINE_CURVE_WITH_KNOTS('',3,(#3285,#3286,#3287,#3288,#3289,#3290,
#3291,#3292),.UNSPECIFIED.,.F.,.F.,(4,2,2,4),(4.03068250283312,4.03885825612143,
4.08396668270966,4.11093447804898),.UNSPECIFIED.);
#363=B_SPLINE_CURVE_WITH_KNOTS('',3,(#3297,#3298,#3299,#3300,#3301,#3302,
#3303,#3304,#3305,#3306),.UNSPECIFIED.,.F.,.F.,(4,2,2,2,4),(3.79544531828157,
3.82767266133182,3.88055558925237,3.98632144509345,4.03068250283312),
 .UNSPECIFIED.);
#364=B_SPLINE_CURVE_WITH_KNOTS('',3,(#3315,#3316,#3317,#3318,#3319,#3320,
#3321,#3322),.UNSPECIFIED.,.F.,.F.,(4,2,2,4),(0.833747807960756,0.87434540035041,
0.919662107363241,0.953386357977016),.UNSPECIFIED.);
#365=B_SPLINE_CURVE_WITH_KNOTS('',3,(#3324,#3325,#3326,#3327,#3328,#3329,
#3330,#3331),.UNSPECIFIED.,.F.,.F.,(4,2,2,4),(0.6825199071806,0.703830767409547,
0.82118677355976,0.833747807960756),.UNSPECIFIED.);
#366=B_SPLINE_CURVE_WITH_KNOTS('',3,(#3335,#3336,#3337,#3338,#3339,#3340,
#3341,#3342),.UNSPECIFIED.,.F.,.F.,(4,2,2,4),(0.339201714557913,0.351762748958909,
0.469118755109122,0.490429615338069),.UNSPECIFIED.);
#367=B_SPLINE_CURVE_WITH_KNOTS('',3,(#3343,#3344,#3345,#3346,#3347,#3348,
#3349,#3350),.UNSPECIFIED.,.F.,.F.,(4,2,2,4),(0.219563164541652,0.253287415155428,
0.298604122168259,0.339201714557913),.UNSPECIFIED.);
#368=B_SPLINE_CURVE_WITH_KNOTS('',3,(#3357,#3358,#3359,#3360,#3361,#3362,
#3363,#3364),.UNSPECIFIED.,.F.,.F.,(4,2,2,4),(0.232210413853577,0.259178209192907,
0.304286635781132,0.31246238906944),.UNSPECIFIED.);
#369=B_SPLINE_CURVE_WITH_KNOTS('',3,(#3368,#3369,#3370,#3371,#3372,#3373,
#3374,#3375),.UNSPECIFIED.,.F.,.F.,(4,2,2,4),(0.780876362766335,0.832423681201425,
0.877532107789648,0.904499903128978),.UNSPECIFIED.);
#370=B_SPLINE_CURVE_WITH_KNOTS('',3,(#3377,#3378,#3379,#3380,#3381,#3382,
#3383,#3384,#3385,#3386),.UNSPECIFIED.,.F.,.F.,(4,2,2,2,4),(0.589010743361534,
0.621238086411819,0.674121014332361,0.779886870173444,0.780876362766335),
 .UNSPECIFIED.);
#371=B_SPLINE_CURVE_WITH_KNOTS('',3,(#3390,#3391,#3392,#3393,#3394,#3395,
#3396,#3397,#3398,#3399),.UNSPECIFIED.,.F.,.F.,(4,2,2,2,4),(0.355833976398922,
0.356823446809112,0.462589302650195,0.515472230570737,0.547699573621022),
 .UNSPECIFIED.);
#372=B_SPLINE_CURVE_WITH_KNOTS('',3,(#3400,#3401,#3402,#3403),
 .UNSPECIFIED.,.F.,.F.,(4,4),(0.31246238906944,0.355833976398922),
 .UNSPECIFIED.);
#373=B_SPLINE_CURVE_WITH_KNOTS('',3,(#3406,#3407,#3408,#3409,#3410,#3411,
#3412,#3413,#3414,#3415,#3416,#3417,#3418,#3419),.UNSPECIFIED.,.F.,.F.,
(4,2,2,2,2,2,4),(1.11439357771863,1.23241686365778,1.30181283719885,1.37120881073992,
1.44060478428099,1.51000075782206,1.62802404376122),.UNSPECIFIED.);
#374=B_SPLINE_CURVE_WITH_KNOTS('',3,(#3428,#3429,#3430,#3431,#3432,#3433,
#3434,#3435,#3436,#3437),.UNSPECIFIED.,.F.,.F.,(4,2,2,2,4),(0.930106023748116,
0.955436588872647,1.02453075272414,1.09362491657564,1.11439357771863),
 .UNSPECIFIED.);
#375=B_SPLINE_CURVE_WITH_KNOTS('',3,(#3439,#3440,#3441,#3442,#3443,#3444,
#3445,#3446,#3447,#3448,#3449,#3450,#3451,#3452,#3453,#3454,#3455,#3456),
 .UNSPECIFIED.,.F.,.F.,(4,2,2,2,2,2,2,2,4),(0.441102786991806,0.482688503897284,
0.549604785927294,0.617604595648627,0.685604405369961,0.753604215091295,
0.821604024812629,0.888520306842638,0.930106023748116),.UNSPECIFIED.);
#376=B_SPLINE_CURVE_WITH_KNOTS('',3,(#3457,#3458,#3459,#3460,#3461,#3462,
#3463,#3464,#3465,#3466,#3467,#3468,#3469,#3470,#3471,#3472,#3473,#3474,
#3475,#3476,#3477,#3478,#3479),.UNSPECIFIED.,.F.,.F.,(4,2,2,2,3,2,2,2,2,
2,4),(-0.324715098071955,-0.277583894164279,-0.13879194708214,-0.0693959735410696,
0.,0.0693959735410697,0.138791947082139,0.277583894164279,0.346678058015777,
0.415772221867275,0.441102786991806),.UNSPECIFIED.);
#377=B_SPLINE_CURVE_WITH_KNOTS('',3,(#3481,#3482,#3483,#3484,#3485,#3486),
 .UNSPECIFIED.,.F.,.F.,(4,2,4),(1.97733448366165,1.99714050870026,2.01694653373887),
 .UNSPECIFIED.);
#378=B_SPLINE_CURVE_WITH_KNOTS('',3,(#3488,#3489,#3490,#3491,#3492,#3493),
 .UNSPECIFIED.,.F.,.F.,(4,2,4),(-1.69592390881188,-1.6487927049042,-1.62802404376122),
 .UNSPECIFIED.);
#379=B_SPLINE_CURVE_WITH_KNOTS('',3,(#3495,#3496,#3497,#3498,#3499,#3500),
 .UNSPECIFIED.,.F.,.F.,(4,2,4),(0.645907477861499,0.665713502900087,0.685519527938675),
 .UNSPECIFIED.);
#380=B_SPLINE_CURVE_WITH_KNOTS('',3,(#3518,#3519,#3520,#3521,#3522,#3523,
#3524,#3525,#3526,#3527),.UNSPECIFIED.,.F.,.F.,(4,2,2,2,4),(1.97848985525001,
1.98881340638855,2.05681321610988,2.12481302583122,2.13513657696975),
 .UNSPECIFIED.);
#381=B_SPLINE_CURVE_WITH_KNOTS('',3,(#3530,#3531,#3532,#3533,#3534,#3535,
#3536,#3537,#3538,#3539,#3540,#3541,#3542,#3543,#3544,#3545,#3546,#3547,
#3548,#3549,#3550),.UNSPECIFIED.,.F.,.F.,(4,2,2,2,3,2,2,2,2,4),(-0.319439672165481,
-0.274941573193613,-0.137470786596806,-0.0687353932984029,0.,0.0687353932984032,
0.137470786596806,0.274941573193613,0.341154964558989,0.402151497734699),
 .UNSPECIFIED.);
#382=B_SPLINE_CURVE_WITH_KNOTS('',3,(#3552,#3553,#3554,#3555,#3556,#3557,
#3558,#3559,#3560,#3561,#3562,#3563,#3564,#3565,#3566,#3567,#3568,#3569,
#3570,#3571,#3572,#3573),.UNSPECIFIED.,.F.,.F.,(4,2,2,2,2,2,2,2,2,2,4),
(0.894213607167257,0.924058649875805,0.990272041241182,1.05648543260656,
1.19395621920337,1.26269161250177,1.33142700580017,1.40016239909858,1.46889779239698,
1.60636857899379,1.6508666779513),.UNSPECIFIED.);
#383=B_SPLINE_CURVE_WITH_KNOTS('',3,(#3575,#3576,#3577,#3578,#3579,#3580,
#3581,#3582,#3583,#3584,#3585,#3586,#3587,#3588,#3589,#3590,#3591,#3592),
 .UNSPECIFIED.,.F.,.F.,(4,2,2,2,2,2,2,2,4),(0.437213398632915,0.471420177108139,
0.535471998291911,0.600592750595999,0.665713502900086,0.730834255204173,
0.79595500750826,0.860006828692033,0.894213607167257),.UNSPECIFIED.);
#384=B_SPLINE_CURVE_WITH_KNOTS('',3,(#3593,#3594,#3595,#3596,#3597,#3598),
 .UNSPECIFIED.,.F.,.F.,(4,2,4),(0.402151497734699,0.407368355924366,0.437213398632915),
 .UNSPECIFIED.);
#385=B_SPLINE_CURVE_WITH_KNOTS('',3,(#3607,#3608,#3609,#3610,#3611,#3612,
#3613,#3614,#3615,#3616),.UNSPECIFIED.,.F.,.F.,(4,2,2,2,4),(0.607281044510095,
0.617604595648628,0.685604405369962,0.753604215091296,0.763927766229829),
 .UNSPECIFIED.);
#386=B_SPLINE_CURVE_WITH_KNOTS('',3,(#3619,#3620,#3621,#3622,#3623,#3624,
#3625,#3626,#3627,#3628,#3629,#3630,#3631,#3632,#3633,#3634,#3635,#3636,
#3637,#3638,#3639,#3640,#3641,#3642,#3643,#3644,#3645,#3646,#3647,#3648,
#3649,#3650,#3651,#3652,#3653,#3654,#3655,#3656),.UNSPECIFIED.,.F.,.F.,
(4,2,2,2,2,2,2,2,2,2,2,2,2,2,2,2,2,2,4),(-1.65086667796565,-1.60636857899379,
-1.46889779239698,-1.40016239909858,-1.33142700580017,-1.26269161250177,
-1.19395621920337,-1.05648543260656,-0.990272041241185,-0.924058649875808,
-0.860006828692035,-0.795955007508262,-0.730834255204175,-0.665713502900087,
-0.600592750596,-0.535471998291912,-0.471420177108139,-0.407368355924366,
-0.4021514977347),.UNSPECIFIED.);
#387=B_SPLINE_CURVE_WITH_KNOTS('',3,(#3657,#3658,#3659,#3660,#3661,#3662,
#3663,#3664,#3665,#3666,#3667,#3668,#3669,#3670,#3671,#3672,#3673,#3674,
#3675,#3676,#3677),.UNSPECIFIED.,.F.,.F.,(4,2,2,2,2,3,2,2,2,4),(-0.4021514977347,
-0.341154964558989,-0.274941573193613,-0.137470786596806,-0.0687353932984034,
0.,0.0687353932984031,0.137470786596806,0.274941573193613,0.319439672151122),
 .UNSPECIFIED.);
#388=CIRCLE('',#2425,2.25);
#389=CIRCLE('',#2426,2.25);
#390=CIRCLE('',#2428,2.25);
#391=CIRCLE('',#2430,2.25);
#392=CIRCLE('',#2432,2.25);
#393=CIRCLE('',#2433,1.);
#394=CIRCLE('',#2434,2.25);
#395=CIRCLE('',#2436,2.25);
#396=CIRCLE('',#2437,1.);
#397=CIRCLE('',#2438,2.25);
#398=CIRCLE('',#2440,1.);
#399=CIRCLE('',#2441,2.25);
#400=CIRCLE('',#2442,2.25);
#401=CIRCLE('',#2444,1.);
#402=CIRCLE('',#2445,2.25);
#403=CIRCLE('',#2446,2.25);
#404=CIRCLE('',#2448,2.25);
#405=CIRCLE('',#2450,2.25);
#406=CIRCLE('',#2455,1.);
#407=CIRCLE('',#2457,1.);
#408=CIRCLE('',#2459,1.);
#409=CIRCLE('',#2461,1.);
#410=CIRCLE('',#2464,2.25);
#411=CIRCLE('',#2466,2.25);
#412=CIRCLE('',#2469,2.25);
#413=CIRCLE('',#2471,2.25);
#414=CIRCLE('',#2482,2.75);
#415=CIRCLE('',#2483,2.75);
#416=CIRCLE('',#2486,2.75);
#417=CIRCLE('',#2487,2.75);
#418=LINE('',#3152,#705);
#419=LINE('',#3200,#706);
#420=LINE('',#3223,#707);
#421=LINE('',#3262,#708);
#422=LINE('',#3294,#709);
#423=LINE('',#3311,#710);
#424=LINE('',#3355,#711);
#425=LINE('',#3421,#712);
#426=LINE('',#3504,#713);
#427=LINE('',#3508,#714);
#428=LINE('',#3512,#715);
#429=LINE('',#3516,#716);
#430=LINE('',#3600,#717);
#431=LINE('',#3679,#718);
#432=LINE('',#3687,#719);
#433=LINE('',#3689,#720);
#434=LINE('',#3691,#721);
#435=LINE('',#3693,#722);
#436=LINE('',#3695,#723);
#437=LINE('',#3697,#724);
#438=LINE('',#3698,#725);
#439=LINE('',#3701,#726);
#440=LINE('',#3703,#727);
#441=LINE('',#3705,#728);
#442=LINE('',#3707,#729);
#443=LINE('',#3709,#730);
#444=LINE('',#3711,#731);
#445=LINE('',#3713,#732);
#446=LINE('',#3715,#733);
#447=LINE('',#3717,#734);
#448=LINE('',#3719,#735);
#449=LINE('',#3721,#736);
#450=LINE('',#3723,#737);
#451=LINE('',#3724,#738);
#452=LINE('',#3726,#739);
#453=LINE('',#3728,#740);
#454=LINE('',#3730,#741);
#455=LINE('',#3732,#742);
#456=LINE('',#3734,#743);
#457=LINE('',#3736,#744);
#458=LINE('',#3738,#745);
#459=LINE('',#3740,#746);
#460=LINE('',#3741,#747);
#461=LINE('',#3744,#748);
#462=LINE('',#3746,#749);
#463=LINE('',#3748,#750);
#464=LINE('',#3750,#751);
#465=LINE('',#3752,#752);
#466=LINE('',#3754,#753);
#467=LINE('',#3756,#754);
#468=LINE('',#3758,#755);
#469=LINE('',#3760,#756);
#470=LINE('',#3762,#757);
#471=LINE('',#3764,#758);
#472=LINE('',#3766,#759);
#473=LINE('',#3767,#760);
#474=LINE('',#3769,#761);
#475=LINE('',#3771,#762);
#476=LINE('',#3773,#763);
#477=LINE('',#3775,#764);
#478=LINE('',#3777,#765);
#479=LINE('',#3779,#766);
#480=LINE('',#3781,#767);
#481=LINE('',#3783,#768);
#482=LINE('',#3785,#769);
#483=LINE('',#3787,#770);
#484=LINE('',#3788,#771);
#485=LINE('',#3792,#772);
#486=LINE('',#3794,#773);
#487=LINE('',#3796,#774);
#488=LINE('',#3798,#775);
#489=LINE('',#3800,#776);
#490=LINE('',#3802,#777);
#491=LINE('',#3804,#778);
#492=LINE('',#3805,#779);
#493=LINE('',#3809,#780);
#494=LINE('',#3811,#781);
#495=LINE('',#3813,#782);
#496=LINE('',#3815,#783);
#497=LINE('',#3817,#784);
#498=LINE('',#3819,#785);
#499=LINE('',#3821,#786);
#500=LINE('',#3822,#787);
#501=LINE('',#3826,#788);
#502=LINE('',#3828,#789);
#503=LINE('',#3829,#790);
#504=LINE('',#3831,#791);
#505=LINE('',#3833,#792);
#506=LINE('',#3835,#793);
#507=LINE('',#3836,#794);
#508=LINE('',#3839,#795);
#509=LINE('',#3841,#796);
#510=LINE('',#3842,#797);
#511=LINE('',#3845,#798);
#512=LINE('',#3846,#799);
#513=LINE('',#3849,#800);
#514=LINE('',#3850,#801);
#515=LINE('',#3853,#802);
#516=LINE('',#3855,#803);
#517=LINE('',#3857,#804);
#518=LINE('',#3859,#805);
#519=LINE('',#3861,#806);
#520=LINE('',#3862,#807);
#521=LINE('',#3864,#808);
#522=LINE('',#3866,#809);
#523=LINE('',#3867,#810);
#524=LINE('',#3869,#811);
#525=LINE('',#3871,#812);
#526=LINE('',#3873,#813);
#527=LINE('',#3875,#814);
#528=LINE('',#3877,#815);
#529=LINE('',#3878,#816);
#530=LINE('',#3879,#817);
#531=LINE('',#3886,#818);
#532=LINE('',#3888,#819);
#533=LINE('',#3889,#820);
#534=LINE('',#3891,#821);
#535=LINE('',#3893,#822);
#536=LINE('',#3895,#823);
#537=LINE('',#3897,#824);
#538=LINE('',#3898,#825);
#539=LINE('',#3900,#826);
#540=LINE('',#3902,#827);
#541=LINE('',#3903,#828);
#542=LINE('',#3905,#829);
#543=LINE('',#3906,#830);
#544=LINE('',#3913,#831);
#545=LINE('',#3915,#832);
#546=LINE('',#3917,#833);
#547=LINE('',#3919,#834);
#548=LINE('',#3920,#835);
#549=LINE('',#3923,#836);
#550=LINE('',#3925,#837);
#551=LINE('',#3926,#838);
#552=LINE('',#3928,#839);
#553=LINE('',#3931,#840);
#554=LINE('',#3933,#841);
#555=LINE('',#3934,#842);
#556=LINE('',#3936,#843);
#557=LINE('',#3938,#844);
#558=LINE('',#3942,#845);
#559=LINE('',#3944,#846);
#560=LINE('',#3946,#847);
#561=LINE('',#3947,#848);
#562=LINE('',#3950,#849);
#563=LINE('',#3951,#850);
#564=LINE('',#3953,#851);
#565=LINE('',#3955,#852);
#566=LINE('',#3956,#853);
#567=LINE('',#3958,#854);
#568=LINE('',#3962,#855);
#569=LINE('',#3964,#856);
#570=LINE('',#3965,#857);
#571=LINE('',#3966,#858);
#572=LINE('',#3968,#859);
#573=LINE('',#3970,#860);
#574=LINE('',#3974,#861);
#575=LINE('',#3975,#862);
#576=LINE('',#3979,#863);
#577=LINE('',#3981,#864);
#578=LINE('',#3982,#865);
#579=LINE('',#3985,#866);
#580=LINE('',#3987,#867);
#581=LINE('',#3988,#868);
#582=LINE('',#3990,#869);
#583=LINE('',#3992,#870);
#584=LINE('',#3993,#871);
#585=LINE('',#3996,#872);
#586=LINE('',#3998,#873);
#587=LINE('',#4000,#874);
#588=LINE('',#4001,#875);
#589=LINE('',#4002,#876);
#590=LINE('',#4005,#877);
#591=LINE('',#4007,#878);
#592=LINE('',#4009,#879);
#593=LINE('',#4010,#880);
#594=LINE('',#4013,#881);
#595=LINE('',#4015,#882);
#596=LINE('',#4016,#883);
#597=LINE('',#4018,#884);
#598=LINE('',#4019,#885);
#599=LINE('',#4023,#886);
#600=LINE('',#4025,#887);
#601=LINE('',#4027,#888);
#602=LINE('',#4029,#889);
#603=LINE('',#4030,#890);
#604=LINE('',#4033,#891);
#605=LINE('',#4034,#892);
#606=LINE('',#4037,#893);
#607=LINE('',#4039,#894);
#608=LINE('',#4040,#895);
#609=LINE('',#4042,#896);
#610=LINE('',#4045,#897);
#611=LINE('',#4046,#898);
#612=LINE('',#4048,#899);
#613=LINE('',#4050,#900);
#614=LINE('',#4052,#901);
#615=LINE('',#4053,#902);
#616=LINE('',#4055,#903);
#617=LINE('',#4056,#904);
#618=LINE('',#4059,#905);
#619=LINE('',#4061,#906);
#620=LINE('',#4063,#907);
#621=LINE('',#4065,#908);
#622=LINE('',#4066,#909);
#623=LINE('',#4067,#910);
#624=LINE('',#4069,#911);
#625=LINE('',#4070,#912);
#626=LINE('',#4073,#913);
#627=LINE('',#4074,#914);
#628=LINE('',#4077,#915);
#629=LINE('',#4078,#916);
#630=LINE('',#4081,#917);
#631=LINE('',#4083,#918);
#632=LINE('',#4084,#919);
#633=LINE('',#4086,#920);
#634=LINE('',#4089,#921);
#635=LINE('',#4090,#922);
#636=LINE('',#4093,#923);
#637=LINE('',#4094,#924);
#638=LINE('',#4096,#925);
#639=LINE('',#4101,#926);
#640=LINE('',#4103,#927);
#641=LINE('',#4104,#928);
#642=LINE('',#4107,#929);
#643=LINE('',#4109,#930);
#644=LINE('',#4110,#931);
#645=LINE('',#4113,#932);
#646=LINE('',#4114,#933);
#647=LINE('',#4117,#934);
#648=LINE('',#4119,#935);
#649=LINE('',#4120,#936);
#650=LINE('',#4122,#937);
#651=LINE('',#4125,#938);
#652=LINE('',#4126,#939);
#653=LINE('',#4129,#940);
#654=LINE('',#4130,#941);
#655=LINE('',#4133,#942);
#656=LINE('',#4134,#943);
#657=LINE('',#4136,#944);
#658=LINE('',#4137,#945);
#659=LINE('',#4141,#946);
#660=LINE('',#4144,#947);
#661=LINE('',#4149,#948);
#662=LINE('',#4150,#949);
#663=LINE('',#4151,#950);
#664=LINE('',#4152,#951);
#665=LINE('',#4156,#952);
#666=LINE('',#4157,#953);
#667=LINE('',#4159,#954);
#668=LINE('',#4161,#955);
#669=LINE('',#4162,#956);
#670=LINE('',#4164,#957);
#671=LINE('',#4166,#958);
#672=LINE('',#4167,#959);
#673=LINE('',#4168,#960);
#674=LINE('',#4170,#961);
#675=LINE('',#4173,#962);
#676=LINE('',#4175,#963);
#677=LINE('',#4176,#964);
#678=LINE('',#4178,#965);
#679=LINE('',#4180,#966);
#680=LINE('',#4183,#967);
#681=LINE('',#4185,#968);
#682=LINE('',#4186,#969);
#683=LINE('',#4188,#970);
#684=LINE('',#4193,#971);
#685=LINE('',#4196,#972);
#686=LINE('',#4197,#973);
#687=LINE('',#4198,#974);
#688=LINE('',#4200,#975);
#689=LINE('',#4201,#976);
#690=LINE('',#4202,#977);
#691=LINE('',#4204,#978);
#692=LINE('',#4205,#979);
#693=LINE('',#4208,#980);
#694=LINE('',#4212,#981);
#695=LINE('',#4213,#982);
#696=LINE('',#4216,#983);
#697=LINE('',#4217,#984);
#698=LINE('',#4220,#985);
#699=LINE('',#4221,#986);
#700=LINE('',#4224,#987);
#701=LINE('',#4225,#988);
#702=LINE('',#4228,#989);
#703=LINE('',#4229,#990);
#704=LINE('',#4231,#991);
#705=VECTOR('',#2573,2.25);
#706=VECTOR('',#2576,2.25);
#707=VECTOR('',#2585,2.25);
#708=VECTOR('',#2592,1.625);
#709=VECTOR('',#2601,1.625);
#710=VECTOR('',#2610,1.625);
#711=VECTOR('',#2619,1.625);
#712=VECTOR('',#2626,2.25);
#713=VECTOR('',#2643,1.);
#714=VECTOR('',#2648,1.);
#715=VECTOR('',#2653,1.);
#716=VECTOR('',#2658,1.);
#717=VECTOR('',#2663,2.25);
#718=VECTOR('',#2674,2.25);
#719=VECTOR('',#2683,10.);
#720=VECTOR('',#2684,10.);
#721=VECTOR('',#2685,10.);
#722=VECTOR('',#2686,10.);
#723=VECTOR('',#2687,10.);
#724=VECTOR('',#2688,10.);
#725=VECTOR('',#2689,10.);
#726=VECTOR('',#2692,10.);
#727=VECTOR('',#2693,10.);
#728=VECTOR('',#2694,10.);
#729=VECTOR('',#2695,10.);
#730=VECTOR('',#2696,10.);
#731=VECTOR('',#2697,10.);
#732=VECTOR('',#2698,10.);
#733=VECTOR('',#2699,10.);
#734=VECTOR('',#2700,10.);
#735=VECTOR('',#2701,10.);
#736=VECTOR('',#2702,10.);
#737=VECTOR('',#2703,10.);
#738=VECTOR('',#2704,10.);
#739=VECTOR('',#2705,10.);
#740=VECTOR('',#2706,10.);
#741=VECTOR('',#2707,10.);
#742=VECTOR('',#2708,10.);
#743=VECTOR('',#2709,10.);
#744=VECTOR('',#2710,10.);
#745=VECTOR('',#2711,10.);
#746=VECTOR('',#2712,10.);
#747=VECTOR('',#2713,10.);
#748=VECTOR('',#2716,10.);
#749=VECTOR('',#2717,10.);
#750=VECTOR('',#2718,10.);
#751=VECTOR('',#2719,10.);
#752=VECTOR('',#2720,10.);
#753=VECTOR('',#2721,10.);
#754=VECTOR('',#2722,10.);
#755=VECTOR('',#2723,10.);
#756=VECTOR('',#2724,10.);
#757=VECTOR('',#2725,10.);
#758=VECTOR('',#2726,10.);
#759=VECTOR('',#2727,10.);
#760=VECTOR('',#2728,10.);
#761=VECTOR('',#2729,10.);
#762=VECTOR('',#2730,10.);
#763=VECTOR('',#2731,10.);
#764=VECTOR('',#2732,10.);
#765=VECTOR('',#2733,10.);
#766=VECTOR('',#2734,10.);
#767=VECTOR('',#2735,10.);
#768=VECTOR('',#2736,10.);
#769=VECTOR('',#2737,10.);
#770=VECTOR('',#2738,10.);
#771=VECTOR('',#2739,10.);
#772=VECTOR('',#2742,10.);
#773=VECTOR('',#2743,10.);
#774=VECTOR('',#2744,10.);
#775=VECTOR('',#2745,10.);
#776=VECTOR('',#2746,10.);
#777=VECTOR('',#2747,10.);
#778=VECTOR('',#2748,10.);
#779=VECTOR('',#2749,10.);
#780=VECTOR('',#2752,10.);
#781=VECTOR('',#2753,10.);
#782=VECTOR('',#2754,10.);
#783=VECTOR('',#2755,10.);
#784=VECTOR('',#2756,10.);
#785=VECTOR('',#2757,10.);
#786=VECTOR('',#2758,10.);
#787=VECTOR('',#2759,10.);
#788=VECTOR('',#2762,10.);
#789=VECTOR('',#2763,10.);
#790=VECTOR('',#2764,10.);
#791=VECTOR('',#2765,10.);
#792=VECTOR('',#2766,10.);
#793=VECTOR('',#2767,10.);
#794=VECTOR('',#2768,10.);
#795=VECTOR('',#2771,10.);
#796=VECTOR('',#2772,10.);
#797=VECTOR('',#2773,10.);
#798=VECTOR('',#2776,10.);
#799=VECTOR('',#2777,10.);
#800=VECTOR('',#2780,10.);
#801=VECTOR('',#2781,10.);
#802=VECTOR('',#2784,10.);
#803=VECTOR('',#2785,10.);
#804=VECTOR('',#2786,10.);
#805=VECTOR('',#2787,10.);
#806=VECTOR('',#2788,10.);
#807=VECTOR('',#2789,10.);
#808=VECTOR('',#2790,10.);
#809=VECTOR('',#2791,10.);
#810=VECTOR('',#2792,10.);
#811=VECTOR('',#2793,10.);
#812=VECTOR('',#2794,10.);
#813=VECTOR('',#2795,10.);
#814=VECTOR('',#2796,10.);
#815=VECTOR('',#2797,10.);
#816=VECTOR('',#2798,10.);
#817=VECTOR('',#2799,10.);
#818=VECTOR('',#2806,10.);
#819=VECTOR('',#2807,10.);
#820=VECTOR('',#2808,10.);
#821=VECTOR('',#2811,10.);
#822=VECTOR('',#2812,10.);
#823=VECTOR('',#2813,10.);
#824=VECTOR('',#2814,10.);
#825=VECTOR('',#2815,10.);
#826=VECTOR('',#2816,10.);
#827=VECTOR('',#2817,10.);
#828=VECTOR('',#2818,10.);
#829=VECTOR('',#2819,10.);
#830=VECTOR('',#2820,10.);
#831=VECTOR('',#2827,10.);
#832=VECTOR('',#2828,10.);
#833=VECTOR('',#2829,10.);
#834=VECTOR('',#2830,10.);
#835=VECTOR('',#2831,10.);
#836=VECTOR('',#2834,10.);
#837=VECTOR('',#2835,10.);
#838=VECTOR('',#2836,10.);
#839=VECTOR('',#2839,10.);
#840=VECTOR('',#2842,10.);
#841=VECTOR('',#2843,10.);
#842=VECTOR('',#2844,10.);
#843=VECTOR('',#2847,10.);
#844=VECTOR('',#2850,10.);
#845=VECTOR('',#2855,10.);
#846=VECTOR('',#2856,10.);
#847=VECTOR('',#2857,10.);
#848=VECTOR('',#2858,10.);
#849=VECTOR('',#2861,10.);
#850=VECTOR('',#2862,10.);
#851=VECTOR('',#2863,10.);
#852=VECTOR('',#2864,10.);
#853=VECTOR('',#2865,10.);
#854=VECTOR('',#2868,10.);
#855=VECTOR('',#2871,10.);
#856=VECTOR('',#2872,10.);
#857=VECTOR('',#2873,10.);
#858=VECTOR('',#2874,10.);
#859=VECTOR('',#2877,10.);
#860=VECTOR('',#2880,10.);
#861=VECTOR('',#2885,10.);
#862=VECTOR('',#2886,10.);
#863=VECTOR('',#2889,10.);
#864=VECTOR('',#2890,10.);
#865=VECTOR('',#2891,10.);
#866=VECTOR('',#2894,10.);
#867=VECTOR('',#2895,10.);
#868=VECTOR('',#2896,10.);
#869=VECTOR('',#2899,10.);
#870=VECTOR('',#2900,10.);
#871=VECTOR('',#2901,10.);
#872=VECTOR('',#2904,10.);
#873=VECTOR('',#2905,10.);
#874=VECTOR('',#2906,10.);
#875=VECTOR('',#2907,10.);
#876=VECTOR('',#2908,10.);
#877=VECTOR('',#2911,10.);
#878=VECTOR('',#2912,10.);
#879=VECTOR('',#2913,10.);
#880=VECTOR('',#2914,10.);
#881=VECTOR('',#2917,10.);
#882=VECTOR('',#2918,10.);
#883=VECTOR('',#2919,10.);
#884=VECTOR('',#2922,10.);
#885=VECTOR('',#2923,10.);
#886=VECTOR('',#2928,10.);
#887=VECTOR('',#2929,10.);
#888=VECTOR('',#2930,10.);
#889=VECTOR('',#2931,10.);
#890=VECTOR('',#2932,10.);
#891=VECTOR('',#2935,10.);
#892=VECTOR('',#2936,10.);
#893=VECTOR('',#2939,10.);
#894=VECTOR('',#2940,10.);
#895=VECTOR('',#2941,10.);
#896=VECTOR('',#2944,10.);
#897=VECTOR('',#2947,10.);
#898=VECTOR('',#2948,10.);
#899=VECTOR('',#2949,10.);
#900=VECTOR('',#2950,10.);
#901=VECTOR('',#2951,10.);
#902=VECTOR('',#2952,10.);
#903=VECTOR('',#2953,10.);
#904=VECTOR('',#2954,10.);
#905=VECTOR('',#2957,10.);
#906=VECTOR('',#2958,10.);
#907=VECTOR('',#2959,10.);
#908=VECTOR('',#2960,10.);
#909=VECTOR('',#2961,10.);
#910=VECTOR('',#2962,10.);
#911=VECTOR('',#2965,10.);
#912=VECTOR('',#2966,10.);
#913=VECTOR('',#2969,10.);
#914=VECTOR('',#2970,10.);
#915=VECTOR('',#2973,10.);
#916=VECTOR('',#2974,10.);
#917=VECTOR('',#2977,10.);
#918=VECTOR('',#2978,10.);
#919=VECTOR('',#2979,10.);
#920=VECTOR('',#2982,10.);
#921=VECTOR('',#2985,10.);
#922=VECTOR('',#2986,10.);
#923=VECTOR('',#2989,10.);
#924=VECTOR('',#2990,10.);
#925=VECTOR('',#2993,10.);
#926=VECTOR('',#3000,10.);
#927=VECTOR('',#3001,10.);
#928=VECTOR('',#3002,10.);
#929=VECTOR('',#3005,10.);
#930=VECTOR('',#3006,10.);
#931=VECTOR('',#3007,10.);
#932=VECTOR('',#3010,10.);
#933=VECTOR('',#3011,10.);
#934=VECTOR('',#3014,10.);
#935=VECTOR('',#3015,10.);
#936=VECTOR('',#3016,10.);
#937=VECTOR('',#3019,10.);
#938=VECTOR('',#3022,10.);
#939=VECTOR('',#3023,10.);
#940=VECTOR('',#3026,10.);
#941=VECTOR('',#3027,10.);
#942=VECTOR('',#3030,10.);
#943=VECTOR('',#3031,10.);
#944=VECTOR('',#3034,10.);
#945=VECTOR('',#3035,10.);
#946=VECTOR('',#3042,10.);
#947=VECTOR('',#3047,10.);
#948=VECTOR('',#3052,10.);
#949=VECTOR('',#3053,10.);
#950=VECTOR('',#3054,10.);
#951=VECTOR('',#3055,10.);
#952=VECTOR('',#3058,10.);
#953=VECTOR('',#3059,10.);
#954=VECTOR('',#3060,10.);
#955=VECTOR('',#3061,10.);
#956=VECTOR('',#3062,10.);
#957=VECTOR('',#3065,10.);
#958=VECTOR('',#3066,10.);
#959=VECTOR('',#3067,10.);
#960=VECTOR('',#3068,10.);
#961=VECTOR('',#3071,10.);
#962=VECTOR('',#3074,10.);
#963=VECTOR('',#3075,10.);
#964=VECTOR('',#3076,10.);
#965=VECTOR('',#3079,10.);
#966=VECTOR('',#3082,10.);
#967=VECTOR('',#3085,10.);
#968=VECTOR('',#3086,10.);
#969=VECTOR('',#3087,10.);
#970=VECTOR('',#3090,10.);
#971=VECTOR('',#3099,10.);
#972=VECTOR('',#3104,2.75);
#973=VECTOR('',#3105,2.75);
#974=VECTOR('',#3106,2.75);
#975=VECTOR('',#3109,2.75);
#976=VECTOR('',#3110,2.75);
#977=VECTOR('',#3111,2.75);
#978=VECTOR('',#3114,10.);
#979=VECTOR('',#3115,10.);
#980=VECTOR('',#3120,10.);
#981=VECTOR('',#3125,10.);
#982=VECTOR('',#3126,10.);
#983=VECTOR('',#3129,10.);
#984=VECTOR('',#3130,10.);
#985=VECTOR('',#3133,10.);
#986=VECTOR('',#3134,10.);
#987=VECTOR('',#3137,10.);
#988=VECTOR('',#3138,10.);
#989=VECTOR('',#3141,10.);
#990=VECTOR('',#3142,10.);
#991=VECTOR('',#3145,10.);
#992=VERTEX_POINT('',#3150);
#993=VERTEX_POINT('',#3151);
#994=VERTEX_POINT('',#3153);
#995=VERTEX_POINT('',#3155);
#996=VERTEX_POINT('',#3199);
#997=VERTEX_POINT('',#3201);
#998=VERTEX_POINT('',#3203);
#999=VERTEX_POINT('',#3221);
#1000=VERTEX_POINT('',#3222);
#1001=VERTEX_POINT('',#3224);
#1002=VERTEX_POINT('',#3233);
#1003=VERTEX_POINT('',#3234);
#1004=VERTEX_POINT('',#3247);
#1005=VERTEX_POINT('',#3261);
#1006=VERTEX_POINT('',#3266);
#1007=VERTEX_POINT('',#3267);
#1008=VERTEX_POINT('',#3282);
#1009=VERTEX_POINT('',#3284);
#1010=VERTEX_POINT('',#3293);
#1011=VERTEX_POINT('',#3296);
#1012=VERTEX_POINT('',#3309);
#1013=VERTEX_POINT('',#3312);
#1014=VERTEX_POINT('',#3314);
#1015=VERTEX_POINT('',#3323);
#1016=VERTEX_POINT('',#3332);
#1017=VERTEX_POINT('',#3334);
#1018=VERTEX_POINT('',#3352);
#1019=VERTEX_POINT('',#3354);
#1020=VERTEX_POINT('',#3356);
#1021=VERTEX_POINT('',#3365);
#1022=VERTEX_POINT('',#3367);
#1023=VERTEX_POINT('',#3376);
#1024=VERTEX_POINT('',#3387);
#1025=VERTEX_POINT('',#3389);
#1026=VERTEX_POINT('',#3405);
#1027=VERTEX_POINT('',#3420);
#1028=VERTEX_POINT('',#3422);
#1029=VERTEX_POINT('',#3424);
#1030=VERTEX_POINT('',#3427);
#1031=VERTEX_POINT('',#3438);
#1032=VERTEX_POINT('',#3502);
#1033=VERTEX_POINT('',#3506);
#1034=VERTEX_POINT('',#3510);
#1035=VERTEX_POINT('',#3514);
#1036=VERTEX_POINT('',#3529);
#1037=VERTEX_POINT('',#3551);
#1038=VERTEX_POINT('',#3574);
#1039=VERTEX_POINT('',#3599);
#1040=VERTEX_POINT('',#3601);
#1041=VERTEX_POINT('',#3603);
#1042=VERTEX_POINT('',#3618);
#1043=VERTEX_POINT('',#3678);
#1044=VERTEX_POINT('',#3680);
#1045=VERTEX_POINT('',#3682);
#1046=VERTEX_POINT('',#3686);
#1047=VERTEX_POINT('',#3688);
#1048=VERTEX_POINT('',#3690);
#1049=VERTEX_POINT('',#3692);
#1050=VERTEX_POINT('',#3694);
#1051=VERTEX_POINT('',#3696);
#1052=VERTEX_POINT('',#3700);
#1053=VERTEX_POINT('',#3702);
#1054=VERTEX_POINT('',#3704);
#1055=VERTEX_POINT('',#3706);
#1056=VERTEX_POINT('',#3708);
#1057=VERTEX_POINT('',#3710);
#1058=VERTEX_POINT('',#3712);
#1059=VERTEX_POINT('',#3714);
#1060=VERTEX_POINT('',#3716);
#1061=VERTEX_POINT('',#3718);
#1062=VERTEX_POINT('',#3720);
#1063=VERTEX_POINT('',#3722);
#1064=VERTEX_POINT('',#3725);
#1065=VERTEX_POINT('',#3727);
#1066=VERTEX_POINT('',#3729);
#1067=VERTEX_POINT('',#3731);
#1068=VERTEX_POINT('',#3733);
#1069=VERTEX_POINT('',#3735);
#1070=VERTEX_POINT('',#3737);
#1071=VERTEX_POINT('',#3739);
#1072=VERTEX_POINT('',#3743);
#1073=VERTEX_POINT('',#3745);
#1074=VERTEX_POINT('',#3747);
#1075=VERTEX_POINT('',#3749);
#1076=VERTEX_POINT('',#3751);
#1077=VERTEX_POINT('',#3753);
#1078=VERTEX_POINT('',#3755);
#1079=VERTEX_POINT('',#3757);
#1080=VERTEX_POINT('',#3759);
#1081=VERTEX_POINT('',#3761);
#1082=VERTEX_POINT('',#3763);
#1083=VERTEX_POINT('',#3765);
#1084=VERTEX_POINT('',#3768);
#1085=VERTEX_POINT('',#3770);
#1086=VERTEX_POINT('',#3772);
#1087=VERTEX_POINT('',#3774);
#1088=VERTEX_POINT('',#3776);
#1089=VERTEX_POINT('',#3778);
#1090=VERTEX_POINT('',#3780);
#1091=VERTEX_POINT('',#3782);
#1092=VERTEX_POINT('',#3784);
#1093=VERTEX_POINT('',#3786);
#1094=VERTEX_POINT('',#3790);
#1095=VERTEX_POINT('',#3791);
#1096=VERTEX_POINT('',#3793);
#1097=VERTEX_POINT('',#3795);
#1098=VERTEX_POINT('',#3797);
#1099=VERTEX_POINT('',#3799);
#1100=VERTEX_POINT('',#3801);
#1101=VERTEX_POINT('',#3803);
#1102=VERTEX_POINT('',#3807);
#1103=VERTEX_POINT('',#3808);
#1104=VERTEX_POINT('',#3810);
#1105=VERTEX_POINT('',#3812);
#1106=VERTEX_POINT('',#3814);
#1107=VERTEX_POINT('',#3816);
#1108=VERTEX_POINT('',#3818);
#1109=VERTEX_POINT('',#3820);
#1110=VERTEX_POINT('',#3824);
#1111=VERTEX_POINT('',#3825);
#1112=VERTEX_POINT('',#3827);
#1113=VERTEX_POINT('',#3830);
#1114=VERTEX_POINT('',#3832);
#1115=VERTEX_POINT('',#3834);
#1116=VERTEX_POINT('',#3838);
#1117=VERTEX_POINT('',#3840);
#1118=VERTEX_POINT('',#3844);
#1119=VERTEX_POINT('',#3848);
#1120=VERTEX_POINT('',#3852);
#1121=VERTEX_POINT('',#3854);
#1122=VERTEX_POINT('',#3856);
#1123=VERTEX_POINT('',#3858);
#1124=VERTEX_POINT('',#3860);
#1125=VERTEX_POINT('',#3863);
#1126=VERTEX_POINT('',#3865);
#1127=VERTEX_POINT('',#3868);
#1128=VERTEX_POINT('',#3870);
#1129=VERTEX_POINT('',#3872);
#1130=VERTEX_POINT('',#3874);
#1131=VERTEX_POINT('',#3876);
#1132=VERTEX_POINT('',#3880);
#1133=VERTEX_POINT('',#3882);
#1134=VERTEX_POINT('',#3885);
#1135=VERTEX_POINT('',#3887);
#1136=VERTEX_POINT('',#3892);
#1137=VERTEX_POINT('',#3894);
#1138=VERTEX_POINT('',#3896);
#1139=VERTEX_POINT('',#3899);
#1140=VERTEX_POINT('',#3901);
#1141=VERTEX_POINT('',#3904);
#1142=VERTEX_POINT('',#3907);
#1143=VERTEX_POINT('',#3909);
#1144=VERTEX_POINT('',#3912);
#1145=VERTEX_POINT('',#3914);
#1146=VERTEX_POINT('',#3916);
#1147=VERTEX_POINT('',#3918);
#1148=VERTEX_POINT('',#3922);
#1149=VERTEX_POINT('',#3924);
#1150=VERTEX_POINT('',#3930);
#1151=VERTEX_POINT('',#3932);
#1152=VERTEX_POINT('',#3941);
#1153=VERTEX_POINT('',#3943);
#1154=VERTEX_POINT('',#3945);
#1155=VERTEX_POINT('',#3949);
#1156=VERTEX_POINT('',#3952);
#1157=VERTEX_POINT('',#3954);
#1158=VERTEX_POINT('',#3960);
#1159=VERTEX_POINT('',#3961);
#1160=VERTEX_POINT('',#3963);
#1161=VERTEX_POINT('',#3973);
#1162=VERTEX_POINT('',#3977);
#1163=VERTEX_POINT('',#3978);
#1164=VERTEX_POINT('',#3980);
#1165=VERTEX_POINT('',#3984);
#1166=VERTEX_POINT('',#3986);
#1167=VERTEX_POINT('',#3991);
#1168=VERTEX_POINT('',#3995);
#1169=VERTEX_POINT('',#3997);
#1170=VERTEX_POINT('',#3999);
#1171=VERTEX_POINT('',#4004);
#1172=VERTEX_POINT('',#4006);
#1173=VERTEX_POINT('',#4008);
#1174=VERTEX_POINT('',#4012);
#1175=VERTEX_POINT('',#4014);
#1176=VERTEX_POINT('',#4022);
#1177=VERTEX_POINT('',#4024);
#1178=VERTEX_POINT('',#4026);
#1179=VERTEX_POINT('',#4028);
#1180=VERTEX_POINT('',#4032);
#1181=VERTEX_POINT('',#4036);
#1182=VERTEX_POINT('',#4038);
#1183=VERTEX_POINT('',#4044);
#1184=VERTEX_POINT('',#4047);
#1185=VERTEX_POINT('',#4049);
#1186=VERTEX_POINT('',#4051);
#1187=VERTEX_POINT('',#4054);
#1188=VERTEX_POINT('',#4058);
#1189=VERTEX_POINT('',#4060);
#1190=VERTEX_POINT('',#4062);
#1191=VERTEX_POINT('',#4064);
#1192=VERTEX_POINT('',#4072);
#1193=VERTEX_POINT('',#4076);
#1194=VERTEX_POINT('',#4080);
#1195=VERTEX_POINT('',#4082);
#1196=VERTEX_POINT('',#4088);
#1197=VERTEX_POINT('',#4092);
#1198=VERTEX_POINT('',#4100);
#1199=VERTEX_POINT('',#4102);
#1200=VERTEX_POINT('',#4106);
#1201=VERTEX_POINT('',#4108);
#1202=VERTEX_POINT('',#4112);
#1203=VERTEX_POINT('',#4116);
#1204=VERTEX_POINT('',#4118);
#1205=VERTEX_POINT('',#4124);
#1206=VERTEX_POINT('',#4128);
#1207=VERTEX_POINT('',#4132);
#1208=VERTEX_POINT('',#4147);
#1209=VERTEX_POINT('',#4148);
#1210=VERTEX_POINT('',#4154);
#1211=VERTEX_POINT('',#4155);
#1212=VERTEX_POINT('',#4158);
#1213=VERTEX_POINT('',#4160);
#1214=VERTEX_POINT('',#4165);
#1215=VERTEX_POINT('',#4172);
#1216=VERTEX_POINT('',#4174);
#1217=VERTEX_POINT('',#4182);
#1218=VERTEX_POINT('',#4184);
#1219=VERTEX_POINT('',#4211);
#1220=VERTEX_POINT('',#4215);
#1221=VERTEX_POINT('',#4219);
#1222=VERTEX_POINT('',#4223);
#1223=VERTEX_POINT('',#4227);
#1224=EDGE_CURVE('',#992,#993,#418,.T.);
#1225=EDGE_CURVE('',#994,#992,#388,.T.);
#1226=EDGE_CURVE('',#995,#994,#356,.T.);
#1227=EDGE_CURVE('',#995,#996,#419,.T.);
#1228=EDGE_CURVE('',#997,#996,#389,.T.);
#1229=EDGE_CURVE('',#998,#997,#352,.T.);
#1230=EDGE_CURVE('',#996,#998,#390,.T.);
#1231=EDGE_CURVE('',#993,#995,#357,.T.);
#1232=EDGE_CURVE('',#999,#1000,#420,.T.);
#1233=EDGE_CURVE('',#999,#1001,#391,.T.);
#1234=EDGE_CURVE('',#1000,#1001,#358,.T.);
#1235=EDGE_CURVE('',#1002,#1003,#359,.T.);
#1236=EDGE_CURVE('',#1004,#1002,#392,.T.);
#1237=EDGE_CURVE('',#1001,#1004,#360,.T.);
#1238=EDGE_CURVE('',#999,#1005,#421,.T.);
#1239=EDGE_CURVE('',#1005,#1005,#393,.T.);
#1240=EDGE_CURVE('',#1003,#999,#394,.T.);
#1241=EDGE_CURVE('',#1006,#1007,#361,.T.);
#1242=EDGE_CURVE('',#1008,#1006,#395,.T.);
#1243=EDGE_CURVE('',#1009,#1008,#362,.T.);
#1244=EDGE_CURVE('',#1009,#1010,#422,.T.);
#1245=EDGE_CURVE('',#1010,#1010,#396,.T.);
#1246=EDGE_CURVE('',#1011,#1009,#363,.T.);
#1247=EDGE_CURVE('',#1007,#1011,#397,.T.);
#1248=EDGE_CURVE('',#1012,#1012,#398,.T.);
#1249=EDGE_CURVE('',#1012,#992,#423,.T.);
#1250=EDGE_CURVE('',#992,#1013,#399,.T.);
#1251=EDGE_CURVE('',#1014,#1013,#364,.T.);
#1252=EDGE_CURVE('',#1015,#1014,#365,.T.);
#1253=EDGE_CURVE('',#1015,#1016,#400,.T.);
#1254=EDGE_CURVE('',#1017,#1016,#366,.T.);
#1255=EDGE_CURVE('',#994,#1017,#367,.T.);
#1256=EDGE_CURVE('',#1018,#1018,#401,.T.);
#1257=EDGE_CURVE('',#1018,#1019,#424,.T.);
#1258=EDGE_CURVE('',#1020,#1019,#368,.T.);
#1259=EDGE_CURVE('',#1020,#1021,#402,.T.);
#1260=EDGE_CURVE('',#1022,#1021,#369,.T.);
#1261=EDGE_CURVE('',#1023,#1022,#370,.T.);
#1262=EDGE_CURVE('',#1023,#1024,#403,.T.);
#1263=EDGE_CURVE('',#1025,#1024,#371,.T.);
#1264=EDGE_CURVE('',#1019,#1025,#372,.T.);
#1265=EDGE_CURVE('',#1026,#1000,#373,.T.);
#1266=EDGE_CURVE('',#1026,#1027,#425,.T.);
#1267=EDGE_CURVE('',#1028,#1027,#404,.T.);
#1268=EDGE_CURVE('',#1029,#1028,#353,.T.);
#1269=EDGE_CURVE('',#1027,#1029,#405,.T.);
#1270=EDGE_CURVE('',#1030,#1026,#374,.T.);
#1271=EDGE_CURVE('',#1031,#1030,#375,.T.);
#1272=EDGE_CURVE('',#1003,#1031,#376,.T.);
#1273=EDGE_CURVE('',#1007,#1011,#377,.T.);
#1274=EDGE_CURVE('',#1013,#993,#378,.T.);
#1275=EDGE_CURVE('',#1024,#1023,#379,.T.);
#1276=EDGE_CURVE('',#1032,#1032,#406,.T.);
#1277=EDGE_CURVE('',#1032,#1005,#426,.T.);
#1278=EDGE_CURVE('',#1033,#1033,#407,.T.);
#1279=EDGE_CURVE('',#1033,#1010,#427,.T.);
#1280=EDGE_CURVE('',#1034,#1034,#408,.T.);
#1281=EDGE_CURVE('',#1034,#1012,#428,.T.);
#1282=EDGE_CURVE('',#1035,#1035,#409,.T.);
#1283=EDGE_CURVE('',#1035,#1018,#429,.T.);
#1284=EDGE_CURVE('',#1004,#1002,#380,.T.);
#1285=EDGE_CURVE('',#1008,#1036,#381,.T.);
#1286=EDGE_CURVE('',#1037,#1006,#382,.T.);
#1287=EDGE_CURVE('',#1038,#1037,#383,.T.);
#1288=EDGE_CURVE('',#1036,#1038,#384,.T.);
#1289=EDGE_CURVE('',#1036,#1039,#430,.T.);
#1290=EDGE_CURVE('',#1040,#1039,#410,.T.);
#1291=EDGE_CURVE('',#1041,#1040,#354,.T.);
#1292=EDGE_CURVE('',#1039,#1041,#411,.T.);
#1293=EDGE_CURVE('',#1016,#1015,#385,.T.);
#1294=EDGE_CURVE('',#1021,#1042,#386,.T.);
#1295=EDGE_CURVE('',#1042,#1020,#387,.T.);
#1296=EDGE_CURVE('',#1042,#1043,#431,.T.);
#1297=EDGE_CURVE('',#1044,#1043,#412,.T.);
#1298=EDGE_CURVE('',#1045,#1044,#355,.T.);
#1299=EDGE_CURVE('',#1043,#1045,#413,.T.);
#1300=EDGE_CURVE('',#1046,#1028,#432,.T.);
#1301=EDGE_CURVE('',#1046,#1047,#433,.T.);
#1302=EDGE_CURVE('',#1047,#1048,#434,.T.);
#1303=EDGE_CURVE('',#1049,#1048,#435,.T.);
#1304=EDGE_CURVE('',#1050,#1049,#436,.T.);
#1305=EDGE_CURVE('',#1051,#1050,#437,.T.);
#1306=EDGE_CURVE('',#1029,#1051,#438,.T.);
#1307=EDGE_CURVE('',#1052,#1041,#439,.T.);
#1308=EDGE_CURVE('',#1052,#1053,#440,.T.);
#1309=EDGE_CURVE('',#1053,#1054,#441,.T.);
#1310=EDGE_CURVE('',#1054,#1055,#442,.T.);
#1311=EDGE_CURVE('',#1055,#1056,#443,.T.);
#1312=EDGE_CURVE('',#1056,#1057,#444,.T.);
#1313=EDGE_CURVE('',#1057,#1058,#445,.T.);
#1314=EDGE_CURVE('',#1058,#1059,#446,.T.);
#1315=EDGE_CURVE('',#1060,#1059,#447,.T.);
#1316=EDGE_CURVE('',#1060,#1061,#448,.T.);
#1317=EDGE_CURVE('',#1061,#1062,#449,.T.);
#1318=EDGE_CURVE('',#1062,#1063,#450,.T.);
#1319=EDGE_CURVE('',#1040,#1063,#451,.T.);
#1320=EDGE_CURVE('',#1051,#1064,#452,.T.);
#1321=EDGE_CURVE('',#1064,#1065,#453,.T.);
#1322=EDGE_CURVE('',#1065,#1066,#454,.T.);
#1323=EDGE_CURVE('',#1066,#1067,#455,.T.);
#1324=EDGE_CURVE('',#1067,#1068,#456,.T.);
#1325=EDGE_CURVE('',#1068,#1069,#457,.T.);
#1326=EDGE_CURVE('',#1069,#1070,#458,.T.);
#1327=EDGE_CURVE('',#1070,#1071,#459,.T.);
#1328=EDGE_CURVE('',#1071,#1046,#460,.T.);
#1329=EDGE_CURVE('',#1072,#1045,#461,.T.);
#1330=EDGE_CURVE('',#1072,#1073,#462,.T.);
#1331=EDGE_CURVE('',#1073,#1074,#463,.T.);
#1332=EDGE_CURVE('',#1074,#1075,#464,.T.);
#1333=EDGE_CURVE('',#1076,#1075,#465,.T.);
#1334=EDGE_CURVE('',#1076,#1077,#466,.T.);
#1335=EDGE_CURVE('',#1077,#1078,#467,.T.);
#1336=EDGE_CURVE('',#1078,#1079,#468,.T.);
#1337=EDGE_CURVE('',#1079,#1080,#469,.T.);
#1338=EDGE_CURVE('',#1080,#1081,#470,.T.);
#1339=EDGE_CURVE('',#1082,#1081,#471,.T.);
#1340=EDGE_CURVE('',#1082,#1083,#472,.T.);
#1341=EDGE_CURVE('',#1044,#1083,#473,.T.);
#1342=EDGE_CURVE('',#998,#1084,#474,.T.);
#1343=EDGE_CURVE('',#1084,#1085,#475,.T.);
#1344=EDGE_CURVE('',#1085,#1086,#476,.T.);
#1345=EDGE_CURVE('',#1086,#1087,#477,.T.);
#1346=EDGE_CURVE('',#1087,#1088,#478,.T.);
#1347=EDGE_CURVE('',#1088,#1089,#479,.T.);
#1348=EDGE_CURVE('',#1089,#1090,#480,.T.);
#1349=EDGE_CURVE('',#1090,#1091,#481,.T.);
#1350=EDGE_CURVE('',#1091,#1092,#482,.T.);
#1351=EDGE_CURVE('',#1092,#1093,#483,.T.);
#1352=EDGE_CURVE('',#1093,#997,#484,.T.);
#1353=EDGE_CURVE('',#1094,#1095,#485,.T.);
#1354=EDGE_CURVE('',#1095,#1096,#486,.T.);
#1355=EDGE_CURVE('',#1096,#1097,#487,.F.);
#1356=EDGE_CURVE('',#1098,#1097,#488,.T.);
#1357=EDGE_CURVE('',#1099,#1098,#489,.T.);
#1358=EDGE_CURVE('',#1100,#1099,#490,.T.);
#1359=EDGE_CURVE('',#1100,#1101,#491,.T.);
#1360=EDGE_CURVE('',#1101,#1094,#492,.T.);
#1361=EDGE_CURVE('',#1102,#1103,#493,.T.);
#1362=EDGE_CURVE('',#1103,#1104,#494,.T.);
#1363=EDGE_CURVE('',#1105,#1104,#495,.T.);
#1364=EDGE_CURVE('',#1106,#1105,#496,.T.);
#1365=EDGE_CURVE('',#1107,#1106,#497,.T.);
#1366=EDGE_CURVE('',#1108,#1107,#498,.T.);
#1367=EDGE_CURVE('',#1108,#1109,#499,.F.);
#1368=EDGE_CURVE('',#1109,#1102,#500,.T.);
#1369=EDGE_CURVE('',#1110,#1111,#501,.T.);
#1370=EDGE_CURVE('',#1111,#1112,#502,.T.);
#1371=EDGE_CURVE('',#1112,#1099,#503,.T.);
#1372=EDGE_CURVE('',#1098,#1113,#504,.T.);
#1373=EDGE_CURVE('',#1113,#1114,#505,.T.);
#1374=EDGE_CURVE('',#1114,#1115,#506,.T.);
#1375=EDGE_CURVE('',#1115,#1110,#507,.T.);
#1376=EDGE_CURVE('',#1116,#1115,#508,.T.);
#1377=EDGE_CURVE('',#1117,#1116,#509,.T.);
#1378=EDGE_CURVE('',#1117,#1110,#510,.T.);
#1379=EDGE_CURVE('',#1118,#1114,#511,.T.);
#1380=EDGE_CURVE('',#1116,#1118,#512,.T.);
#1381=EDGE_CURVE('',#1119,#1113,#513,.T.);
#1382=EDGE_CURVE('',#1118,#1119,#514,.T.);
#1383=EDGE_CURVE('',#1097,#1120,#515,.T.);
#1384=EDGE_CURVE('',#1120,#1121,#516,.T.);
#1385=EDGE_CURVE('',#1121,#1122,#517,.T.);
#1386=EDGE_CURVE('',#1122,#1123,#518,.T.);
#1387=EDGE_CURVE('',#1123,#1124,#519,.T.);
#1388=EDGE_CURVE('',#1124,#1108,#520,.T.);
#1389=EDGE_CURVE('',#1125,#1107,#521,.T.);
#1390=EDGE_CURVE('',#1125,#1126,#522,.T.);
#1391=EDGE_CURVE('',#1083,#1126,#523,.T.);
#1392=EDGE_CURVE('',#1127,#1082,#524,.T.);
#1393=EDGE_CURVE('',#1128,#1127,#525,.T.);
#1394=EDGE_CURVE('',#1129,#1128,#526,.T.);
#1395=EDGE_CURVE('',#1129,#1130,#527,.F.);
#1396=EDGE_CURVE('',#1130,#1131,#528,.F.);
#1397=EDGE_CURVE('',#1131,#1053,#529,.F.);
#1398=EDGE_CURVE('',#1119,#1052,#530,.T.);
#1399=EDGE_CURVE('',#1132,#1132,#414,.T.);
#1400=EDGE_CURVE('',#1133,#1133,#415,.T.);
#1401=EDGE_CURVE('',#1063,#1134,#531,.T.);
#1402=EDGE_CURVE('',#1134,#1135,#532,.T.);
#1403=EDGE_CURVE('',#1135,#1117,#533,.T.);
#1404=EDGE_CURVE('',#1134,#1112,#534,.T.);
#1405=EDGE_CURVE('',#1136,#1062,#535,.T.);
#1406=EDGE_CURVE('',#1137,#1136,#536,.T.);
#1407=EDGE_CURVE('',#1137,#1138,#537,.T.);
#1408=EDGE_CURVE('',#1138,#1073,#538,.T.);
#1409=EDGE_CURVE('',#1139,#1072,#539,.T.);
#1410=EDGE_CURVE('',#1140,#1139,#540,.T.);
#1411=EDGE_CURVE('',#1106,#1140,#541,.T.);
#1412=EDGE_CURVE('',#1105,#1141,#542,.T.);
#1413=EDGE_CURVE('',#1141,#1100,#543,.T.);
#1414=EDGE_CURVE('',#1142,#1142,#416,.T.);
#1415=EDGE_CURVE('',#1143,#1143,#417,.T.);
#1416=EDGE_CURVE('',#1140,#1144,#544,.T.);
#1417=EDGE_CURVE('',#1144,#1145,#545,.T.);
#1418=EDGE_CURVE('',#1145,#1146,#546,.T.);
#1419=EDGE_CURVE('',#1146,#1147,#547,.T.);
#1420=EDGE_CURVE('',#1147,#1125,#548,.T.);
#1421=EDGE_CURVE('',#1144,#1148,#549,.T.);
#1422=EDGE_CURVE('',#1149,#1148,#550,.T.);
#1423=EDGE_CURVE('',#1145,#1149,#551,.T.);
#1424=EDGE_CURVE('',#1148,#1139,#552,.T.);
#1425=EDGE_CURVE('',#1126,#1150,#553,.T.);
#1426=EDGE_CURVE('',#1150,#1151,#554,.T.);
#1427=EDGE_CURVE('',#1151,#1149,#555,.T.);
#1428=EDGE_CURVE('',#1146,#1151,#556,.T.);
#1429=EDGE_CURVE('',#1147,#1150,#557,.T.);
#1430=EDGE_CURVE('',#1152,#1109,#558,.T.);
#1431=EDGE_CURVE('',#1152,#1153,#559,.T.);
#1432=EDGE_CURVE('',#1154,#1153,#560,.T.);
#1433=EDGE_CURVE('',#1102,#1154,#561,.F.);
#1434=EDGE_CURVE('',#1155,#1154,#562,.T.);
#1435=EDGE_CURVE('',#1123,#1153,#563,.T.);
#1436=EDGE_CURVE('',#1122,#1156,#564,.T.);
#1437=EDGE_CURVE('',#1157,#1156,#565,.T.);
#1438=EDGE_CURVE('',#1157,#1155,#566,.T.);
#1439=EDGE_CURVE('',#1124,#1152,#567,.F.);
#1440=EDGE_CURVE('',#1158,#1159,#568,.T.);
#1441=EDGE_CURVE('',#1158,#1160,#569,.T.);
#1442=EDGE_CURVE('',#1096,#1160,#570,.T.);
#1443=EDGE_CURVE('',#1095,#1159,#571,.T.);
#1444=EDGE_CURVE('',#1120,#1160,#572,.T.);
#1445=EDGE_CURVE('',#1121,#1158,#573,.T.);
#1446=EDGE_CURVE('',#1161,#1155,#574,.T.);
#1447=EDGE_CURVE('',#1161,#1157,#575,.T.);
#1448=EDGE_CURVE('',#1162,#1163,#576,.T.);
#1449=EDGE_CURVE('',#1164,#1163,#577,.T.);
#1450=EDGE_CURVE('',#1162,#1164,#578,.T.);
#1451=EDGE_CURVE('',#1156,#1165,#579,.T.);
#1452=EDGE_CURVE('',#1166,#1165,#580,.T.);
#1453=EDGE_CURVE('',#1161,#1166,#581,.T.);
#1454=EDGE_CURVE('',#1164,#1156,#582,.T.);
#1455=EDGE_CURVE('',#1163,#1167,#583,.T.);
#1456=EDGE_CURVE('',#1165,#1167,#584,.T.);
#1457=EDGE_CURVE('',#1094,#1168,#585,.T.);
#1458=EDGE_CURVE('',#1169,#1168,#586,.T.);
#1459=EDGE_CURVE('',#1170,#1169,#587,.T.);
#1460=EDGE_CURVE('',#1167,#1170,#588,.T.);
#1461=EDGE_CURVE('',#1159,#1162,#589,.T.);
#1462=EDGE_CURVE('',#1171,#1166,#590,.T.);
#1463=EDGE_CURVE('',#1172,#1171,#591,.T.);
#1464=EDGE_CURVE('',#1173,#1172,#592,.T.);
#1465=EDGE_CURVE('',#1103,#1173,#593,.T.);
#1466=EDGE_CURVE('',#1174,#1101,#594,.T.);
#1467=EDGE_CURVE('',#1174,#1175,#595,.T.);
#1468=EDGE_CURVE('',#1168,#1175,#596,.T.);
#1469=EDGE_CURVE('',#1104,#1174,#597,.T.);
#1470=EDGE_CURVE('',#1175,#1173,#598,.T.);
#1471=EDGE_CURVE('',#1172,#1176,#599,.T.);
#1472=EDGE_CURVE('',#1177,#1176,#600,.T.);
#1473=EDGE_CURVE('',#1178,#1177,#601,.T.);
#1474=EDGE_CURVE('',#1179,#1178,#602,.T.);
#1475=EDGE_CURVE('',#1169,#1179,#603,.F.);
#1476=EDGE_CURVE('',#1171,#1180,#604,.F.);
#1477=EDGE_CURVE('',#1176,#1180,#605,.T.);
#1478=EDGE_CURVE('',#1170,#1181,#606,.T.);
#1479=EDGE_CURVE('',#1182,#1181,#607,.T.);
#1480=EDGE_CURVE('',#1180,#1182,#608,.T.);
#1481=EDGE_CURVE('',#1181,#1179,#609,.T.);
#1482=EDGE_CURVE('',#1183,#1177,#610,.T.);
#1483=EDGE_CURVE('',#1183,#1074,#611,.T.);
#1484=EDGE_CURVE('',#1074,#1184,#612,.T.);
#1485=EDGE_CURVE('',#1184,#1185,#613,.T.);
#1486=EDGE_CURVE('',#1185,#1186,#614,.T.);
#1487=EDGE_CURVE('',#1186,#1061,#615,.T.);
#1488=EDGE_CURVE('',#1061,#1187,#616,.T.);
#1489=EDGE_CURVE('',#1178,#1187,#617,.T.);
#1490=EDGE_CURVE('',#1182,#1188,#618,.T.);
#1491=EDGE_CURVE('',#1188,#1189,#619,.T.);
#1492=EDGE_CURVE('',#1189,#1190,#620,.T.);
#1493=EDGE_CURVE('',#1190,#1191,#621,.T.);
#1494=EDGE_CURVE('',#1191,#1076,#622,.T.);
#1495=EDGE_CURVE('',#1075,#1183,#623,.T.);
#1496=EDGE_CURVE('',#1065,#1049,#624,.T.);
#1497=EDGE_CURVE('',#1064,#1050,#625,.T.);
#1498=EDGE_CURVE('',#1066,#1192,#626,.T.);
#1499=EDGE_CURVE('',#1048,#1192,#627,.T.);
#1500=EDGE_CURVE('',#1067,#1193,#628,.T.);
#1501=EDGE_CURVE('',#1192,#1193,#629,.T.);
#1502=EDGE_CURVE('',#1068,#1194,#630,.T.);
#1503=EDGE_CURVE('',#1193,#1195,#631,.T.);
#1504=EDGE_CURVE('',#1194,#1195,#632,.T.);
#1505=EDGE_CURVE('',#1069,#1194,#633,.T.);
#1506=EDGE_CURVE('',#1070,#1196,#634,.T.);
#1507=EDGE_CURVE('',#1195,#1196,#635,.T.);
#1508=EDGE_CURVE('',#1071,#1197,#636,.T.);
#1509=EDGE_CURVE('',#1196,#1197,#637,.T.);
#1510=EDGE_CURVE('',#1197,#1047,#638,.T.);
#1511=EDGE_CURVE('',#1091,#1198,#639,.T.);
#1512=EDGE_CURVE('',#1199,#1198,#640,.T.);
#1513=EDGE_CURVE('',#1092,#1199,#641,.T.);
#1514=EDGE_CURVE('',#1090,#1200,#642,.T.);
#1515=EDGE_CURVE('',#1201,#1200,#643,.T.);
#1516=EDGE_CURVE('',#1198,#1201,#644,.T.);
#1517=EDGE_CURVE('',#1089,#1202,#645,.T.);
#1518=EDGE_CURVE('',#1200,#1202,#646,.T.);
#1519=EDGE_CURVE('',#1088,#1203,#647,.T.);
#1520=EDGE_CURVE('',#1203,#1204,#648,.T.);
#1521=EDGE_CURVE('',#1202,#1204,#649,.T.);
#1522=EDGE_CURVE('',#1087,#1203,#650,.T.);
#1523=EDGE_CURVE('',#1086,#1205,#651,.T.);
#1524=EDGE_CURVE('',#1204,#1205,#652,.T.);
#1525=EDGE_CURVE('',#1085,#1206,#653,.T.);
#1526=EDGE_CURVE('',#1205,#1206,#654,.T.);
#1527=EDGE_CURVE('',#1084,#1207,#655,.T.);
#1528=EDGE_CURVE('',#1206,#1207,#656,.T.);
#1529=EDGE_CURVE('',#1093,#1199,#657,.T.);
#1530=EDGE_CURVE('',#1207,#1201,#658,.T.);
#1531=EDGE_CURVE('',#1141,#1174,#659,.T.);
#1532=EDGE_CURVE('',#1135,#1111,#660,.T.);
#1533=EDGE_CURVE('',#1208,#1209,#661,.T.);
#1534=EDGE_CURVE('',#1079,#1208,#662,.T.);
#1535=EDGE_CURVE('',#1190,#1078,#663,.T.);
#1536=EDGE_CURVE('',#1209,#1189,#664,.T.);
#1537=EDGE_CURVE('',#1210,#1211,#665,.T.);
#1538=EDGE_CURVE('',#1057,#1210,#666,.T.);
#1539=EDGE_CURVE('',#1212,#1056,#667,.T.);
#1540=EDGE_CURVE('',#1213,#1212,#668,.T.);
#1541=EDGE_CURVE('',#1211,#1213,#669,.T.);
#1542=EDGE_CURVE('',#1187,#1060,#670,.T.);
#1543=EDGE_CURVE('',#1059,#1214,#671,.T.);
#1544=EDGE_CURVE('',#1214,#1210,#672,.T.);
#1545=EDGE_CURVE('',#1211,#1188,#673,.T.);
#1546=EDGE_CURVE('',#1213,#1209,#674,.T.);
#1547=EDGE_CURVE('',#1212,#1215,#675,.T.);
#1548=EDGE_CURVE('',#1216,#1215,#676,.T.);
#1549=EDGE_CURVE('',#1216,#1208,#677,.T.);
#1550=EDGE_CURVE('',#1215,#1055,#678,.T.);
#1551=EDGE_CURVE('',#1080,#1216,#679,.T.);
#1552=EDGE_CURVE('',#1054,#1217,#680,.T.);
#1553=EDGE_CURVE('',#1217,#1218,#681,.T.);
#1554=EDGE_CURVE('',#1218,#1081,#682,.T.);
#1555=EDGE_CURVE('',#1214,#1058,#683,.T.);
#1556=EDGE_CURVE('',#1191,#1077,#684,.T.);
#1557=EDGE_CURVE('',#1132,#1030,#685,.T.);
#1558=EDGE_CURVE('',#1031,#1038,#686,.T.);
#1559=EDGE_CURVE('',#1037,#1142,#687,.T.);
#1560=EDGE_CURVE('',#1133,#1014,#688,.T.);
#1561=EDGE_CURVE('',#1017,#1025,#689,.T.);
#1562=EDGE_CURVE('',#1022,#1143,#690,.T.);
#1563=EDGE_CURVE('',#1136,#1186,#691,.T.);
#1564=EDGE_CURVE('',#1137,#1185,#692,.T.);
#1565=EDGE_CURVE('',#1138,#1184,#693,.T.);
#1566=EDGE_CURVE('',#1218,#1219,#694,.F.);
#1567=EDGE_CURVE('',#1127,#1219,#695,.T.);
#1568=EDGE_CURVE('',#1131,#1220,#696,.T.);
#1569=EDGE_CURVE('',#1220,#1217,#697,.F.);
#1570=EDGE_CURVE('',#1130,#1221,#698,.F.);
#1571=EDGE_CURVE('',#1221,#1220,#699,.F.);
#1572=EDGE_CURVE('',#1129,#1222,#700,.F.);
#1573=EDGE_CURVE('',#1222,#1221,#701,.F.);
#1574=EDGE_CURVE('',#1128,#1223,#702,.F.);
#1575=EDGE_CURVE('',#1223,#1222,#703,.F.);
#1576=EDGE_CURVE('',#1219,#1223,#704,.F.);
#1577=ORIENTED_EDGE('',*,*,#1224,.F.);
#1578=ORIENTED_EDGE('',*,*,#1225,.F.);
#1579=ORIENTED_EDGE('',*,*,#1226,.F.);
#1580=ORIENTED_EDGE('',*,*,#1227,.T.);
#1581=ORIENTED_EDGE('',*,*,#1228,.F.);
#1582=ORIENTED_EDGE('',*,*,#1229,.F.);
#1583=ORIENTED_EDGE('',*,*,#1230,.F.);
#1584=ORIENTED_EDGE('',*,*,#1227,.F.);
#1585=ORIENTED_EDGE('',*,*,#1231,.F.);
#1586=ORIENTED_EDGE('',*,*,#1232,.F.);
#1587=ORIENTED_EDGE('',*,*,#1233,.T.);
#1588=ORIENTED_EDGE('',*,*,#1234,.F.);
#1589=ORIENTED_EDGE('',*,*,#1235,.F.);
#1590=ORIENTED_EDGE('',*,*,#1236,.F.);
#1591=ORIENTED_EDGE('',*,*,#1237,.F.);
#1592=ORIENTED_EDGE('',*,*,#1233,.F.);
#1593=ORIENTED_EDGE('',*,*,#1238,.T.);
#1594=ORIENTED_EDGE('',*,*,#1239,.F.);
#1595=ORIENTED_EDGE('',*,*,#1238,.F.);
#1596=ORIENTED_EDGE('',*,*,#1240,.F.);
#1597=ORIENTED_EDGE('',*,*,#1241,.F.);
#1598=ORIENTED_EDGE('',*,*,#1242,.F.);
#1599=ORIENTED_EDGE('',*,*,#1243,.F.);
#1600=ORIENTED_EDGE('',*,*,#1244,.T.);
#1601=ORIENTED_EDGE('',*,*,#1245,.F.);
#1602=ORIENTED_EDGE('',*,*,#1244,.F.);
#1603=ORIENTED_EDGE('',*,*,#1246,.F.);
#1604=ORIENTED_EDGE('',*,*,#1247,.F.);
#1605=ORIENTED_EDGE('',*,*,#1248,.F.);
#1606=ORIENTED_EDGE('',*,*,#1249,.T.);
#1607=ORIENTED_EDGE('',*,*,#1250,.T.);
#1608=ORIENTED_EDGE('',*,*,#1251,.F.);
#1609=ORIENTED_EDGE('',*,*,#1252,.F.);
#1610=ORIENTED_EDGE('',*,*,#1253,.T.);
#1611=ORIENTED_EDGE('',*,*,#1254,.F.);
#1612=ORIENTED_EDGE('',*,*,#1255,.F.);
#1613=ORIENTED_EDGE('',*,*,#1225,.T.);
#1614=ORIENTED_EDGE('',*,*,#1249,.F.);
#1615=ORIENTED_EDGE('',*,*,#1256,.F.);
#1616=ORIENTED_EDGE('',*,*,#1257,.T.);
#1617=ORIENTED_EDGE('',*,*,#1258,.F.);
#1618=ORIENTED_EDGE('',*,*,#1259,.T.);
#1619=ORIENTED_EDGE('',*,*,#1260,.F.);
#1620=ORIENTED_EDGE('',*,*,#1261,.F.);
#1621=ORIENTED_EDGE('',*,*,#1262,.T.);
#1622=ORIENTED_EDGE('',*,*,#1263,.F.);
#1623=ORIENTED_EDGE('',*,*,#1264,.F.);
#1624=ORIENTED_EDGE('',*,*,#1257,.F.);
#1625=ORIENTED_EDGE('',*,*,#1232,.T.);
#1626=ORIENTED_EDGE('',*,*,#1265,.F.);
#1627=ORIENTED_EDGE('',*,*,#1266,.T.);
#1628=ORIENTED_EDGE('',*,*,#1267,.F.);
#1629=ORIENTED_EDGE('',*,*,#1268,.F.);
#1630=ORIENTED_EDGE('',*,*,#1269,.F.);
#1631=ORIENTED_EDGE('',*,*,#1266,.F.);
#1632=ORIENTED_EDGE('',*,*,#1270,.F.);
#1633=ORIENTED_EDGE('',*,*,#1271,.F.);
#1634=ORIENTED_EDGE('',*,*,#1272,.F.);
#1635=ORIENTED_EDGE('',*,*,#1240,.T.);
#1636=ORIENTED_EDGE('',*,*,#1273,.F.);
#1637=ORIENTED_EDGE('',*,*,#1247,.T.);
#1638=ORIENTED_EDGE('',*,*,#1224,.T.);
#1639=ORIENTED_EDGE('',*,*,#1274,.F.);
#1640=ORIENTED_EDGE('',*,*,#1250,.F.);
#1641=ORIENTED_EDGE('',*,*,#1275,.F.);
#1642=ORIENTED_EDGE('',*,*,#1262,.F.);
#1643=ORIENTED_EDGE('',*,*,#1276,.F.);
#1644=ORIENTED_EDGE('',*,*,#1277,.T.);
#1645=ORIENTED_EDGE('',*,*,#1239,.T.);
#1646=ORIENTED_EDGE('',*,*,#1277,.F.);
#1647=ORIENTED_EDGE('',*,*,#1278,.F.);
#1648=ORIENTED_EDGE('',*,*,#1279,.T.);
#1649=ORIENTED_EDGE('',*,*,#1245,.T.);
#1650=ORIENTED_EDGE('',*,*,#1279,.F.);
#1651=ORIENTED_EDGE('',*,*,#1280,.F.);
#1652=ORIENTED_EDGE('',*,*,#1281,.T.);
#1653=ORIENTED_EDGE('',*,*,#1248,.T.);
#1654=ORIENTED_EDGE('',*,*,#1281,.F.);
#1655=ORIENTED_EDGE('',*,*,#1282,.F.);
#1656=ORIENTED_EDGE('',*,*,#1283,.T.);
#1657=ORIENTED_EDGE('',*,*,#1256,.T.);
#1658=ORIENTED_EDGE('',*,*,#1283,.F.);
#1659=ORIENTED_EDGE('',*,*,#1284,.F.);
#1660=ORIENTED_EDGE('',*,*,#1236,.T.);
#1661=ORIENTED_EDGE('',*,*,#1285,.F.);
#1662=ORIENTED_EDGE('',*,*,#1242,.T.);
#1663=ORIENTED_EDGE('',*,*,#1286,.F.);
#1664=ORIENTED_EDGE('',*,*,#1287,.F.);
#1665=ORIENTED_EDGE('',*,*,#1288,.F.);
#1666=ORIENTED_EDGE('',*,*,#1289,.T.);
#1667=ORIENTED_EDGE('',*,*,#1290,.F.);
#1668=ORIENTED_EDGE('',*,*,#1291,.F.);
#1669=ORIENTED_EDGE('',*,*,#1292,.F.);
#1670=ORIENTED_EDGE('',*,*,#1289,.F.);
#1671=ORIENTED_EDGE('',*,*,#1293,.F.);
#1672=ORIENTED_EDGE('',*,*,#1253,.F.);
#1673=ORIENTED_EDGE('',*,*,#1294,.F.);
#1674=ORIENTED_EDGE('',*,*,#1259,.F.);
#1675=ORIENTED_EDGE('',*,*,#1295,.F.);
#1676=ORIENTED_EDGE('',*,*,#1296,.T.);
#1677=ORIENTED_EDGE('',*,*,#1297,.F.);
#1678=ORIENTED_EDGE('',*,*,#1298,.F.);
#1679=ORIENTED_EDGE('',*,*,#1299,.F.);
#1680=ORIENTED_EDGE('',*,*,#1296,.F.);
#1681=ORIENTED_EDGE('',*,*,#1268,.T.);
#1682=ORIENTED_EDGE('',*,*,#1300,.F.);
#1683=ORIENTED_EDGE('',*,*,#1301,.T.);
#1684=ORIENTED_EDGE('',*,*,#1302,.T.);
#1685=ORIENTED_EDGE('',*,*,#1303,.F.);
#1686=ORIENTED_EDGE('',*,*,#1304,.F.);
#1687=ORIENTED_EDGE('',*,*,#1305,.F.);
#1688=ORIENTED_EDGE('',*,*,#1306,.F.);
#1689=ORIENTED_EDGE('',*,*,#1290,.T.);
#1690=ORIENTED_EDGE('',*,*,#1292,.T.);
#1691=ORIENTED_EDGE('',*,*,#1307,.F.);
#1692=ORIENTED_EDGE('',*,*,#1308,.T.);
#1693=ORIENTED_EDGE('',*,*,#1309,.T.);
#1694=ORIENTED_EDGE('',*,*,#1310,.T.);
#1695=ORIENTED_EDGE('',*,*,#1311,.T.);
#1696=ORIENTED_EDGE('',*,*,#1312,.T.);
#1697=ORIENTED_EDGE('',*,*,#1313,.T.);
#1698=ORIENTED_EDGE('',*,*,#1314,.T.);
#1699=ORIENTED_EDGE('',*,*,#1315,.F.);
#1700=ORIENTED_EDGE('',*,*,#1316,.T.);
#1701=ORIENTED_EDGE('',*,*,#1317,.T.);
#1702=ORIENTED_EDGE('',*,*,#1318,.T.);
#1703=ORIENTED_EDGE('',*,*,#1319,.F.);
#1704=ORIENTED_EDGE('',*,*,#1267,.T.);
#1705=ORIENTED_EDGE('',*,*,#1269,.T.);
#1706=ORIENTED_EDGE('',*,*,#1306,.T.);
#1707=ORIENTED_EDGE('',*,*,#1320,.T.);
#1708=ORIENTED_EDGE('',*,*,#1321,.T.);
#1709=ORIENTED_EDGE('',*,*,#1322,.T.);
#1710=ORIENTED_EDGE('',*,*,#1323,.T.);
#1711=ORIENTED_EDGE('',*,*,#1324,.T.);
#1712=ORIENTED_EDGE('',*,*,#1325,.T.);
#1713=ORIENTED_EDGE('',*,*,#1326,.T.);
#1714=ORIENTED_EDGE('',*,*,#1327,.T.);
#1715=ORIENTED_EDGE('',*,*,#1328,.T.);
#1716=ORIENTED_EDGE('',*,*,#1300,.T.);
#1717=ORIENTED_EDGE('',*,*,#1297,.T.);
#1718=ORIENTED_EDGE('',*,*,#1299,.T.);
#1719=ORIENTED_EDGE('',*,*,#1329,.F.);
#1720=ORIENTED_EDGE('',*,*,#1330,.T.);
#1721=ORIENTED_EDGE('',*,*,#1331,.T.);
#1722=ORIENTED_EDGE('',*,*,#1332,.T.);
#1723=ORIENTED_EDGE('',*,*,#1333,.F.);
#1724=ORIENTED_EDGE('',*,*,#1334,.T.);
#1725=ORIENTED_EDGE('',*,*,#1335,.T.);
#1726=ORIENTED_EDGE('',*,*,#1336,.T.);
#1727=ORIENTED_EDGE('',*,*,#1337,.T.);
#1728=ORIENTED_EDGE('',*,*,#1338,.T.);
#1729=ORIENTED_EDGE('',*,*,#1339,.F.);
#1730=ORIENTED_EDGE('',*,*,#1340,.T.);
#1731=ORIENTED_EDGE('',*,*,#1341,.F.);
#1732=ORIENTED_EDGE('',*,*,#1228,.T.);
#1733=ORIENTED_EDGE('',*,*,#1230,.T.);
#1734=ORIENTED_EDGE('',*,*,#1342,.T.);
#1735=ORIENTED_EDGE('',*,*,#1343,.T.);
#1736=ORIENTED_EDGE('',*,*,#1344,.T.);
#1737=ORIENTED_EDGE('',*,*,#1345,.T.);
#1738=ORIENTED_EDGE('',*,*,#1346,.T.);
#1739=ORIENTED_EDGE('',*,*,#1347,.T.);
#1740=ORIENTED_EDGE('',*,*,#1348,.T.);
#1741=ORIENTED_EDGE('',*,*,#1349,.T.);
#1742=ORIENTED_EDGE('',*,*,#1350,.T.);
#1743=ORIENTED_EDGE('',*,*,#1351,.T.);
#1744=ORIENTED_EDGE('',*,*,#1352,.T.);
#1745=ORIENTED_EDGE('',*,*,#1353,.T.);
#1746=ORIENTED_EDGE('',*,*,#1354,.T.);
#1747=ORIENTED_EDGE('',*,*,#1355,.T.);
#1748=ORIENTED_EDGE('',*,*,#1356,.F.);
#1749=ORIENTED_EDGE('',*,*,#1357,.F.);
#1750=ORIENTED_EDGE('',*,*,#1358,.F.);
#1751=ORIENTED_EDGE('',*,*,#1359,.T.);
#1752=ORIENTED_EDGE('',*,*,#1360,.T.);
#1753=ORIENTED_EDGE('',*,*,#1276,.T.);
#1754=ORIENTED_EDGE('',*,*,#1278,.T.);
#1755=ORIENTED_EDGE('',*,*,#1361,.T.);
#1756=ORIENTED_EDGE('',*,*,#1362,.T.);
#1757=ORIENTED_EDGE('',*,*,#1363,.F.);
#1758=ORIENTED_EDGE('',*,*,#1364,.F.);
#1759=ORIENTED_EDGE('',*,*,#1365,.F.);
#1760=ORIENTED_EDGE('',*,*,#1366,.F.);
#1761=ORIENTED_EDGE('',*,*,#1367,.T.);
#1762=ORIENTED_EDGE('',*,*,#1368,.T.);
#1763=ORIENTED_EDGE('',*,*,#1280,.T.);
#1764=ORIENTED_EDGE('',*,*,#1282,.T.);
#1765=ORIENTED_EDGE('',*,*,#1369,.T.);
#1766=ORIENTED_EDGE('',*,*,#1370,.T.);
#1767=ORIENTED_EDGE('',*,*,#1371,.T.);
#1768=ORIENTED_EDGE('',*,*,#1357,.T.);
#1769=ORIENTED_EDGE('',*,*,#1372,.T.);
#1770=ORIENTED_EDGE('',*,*,#1373,.T.);
#1771=ORIENTED_EDGE('',*,*,#1374,.T.);
#1772=ORIENTED_EDGE('',*,*,#1375,.T.);
#1773=ORIENTED_EDGE('',*,*,#1375,.F.);
#1774=ORIENTED_EDGE('',*,*,#1376,.F.);
#1775=ORIENTED_EDGE('',*,*,#1377,.F.);
#1776=ORIENTED_EDGE('',*,*,#1378,.T.);
#1777=ORIENTED_EDGE('',*,*,#1374,.F.);
#1778=ORIENTED_EDGE('',*,*,#1379,.F.);
#1779=ORIENTED_EDGE('',*,*,#1380,.F.);
#1780=ORIENTED_EDGE('',*,*,#1376,.T.);
#1781=ORIENTED_EDGE('',*,*,#1373,.F.);
#1782=ORIENTED_EDGE('',*,*,#1381,.F.);
#1783=ORIENTED_EDGE('',*,*,#1382,.F.);
#1784=ORIENTED_EDGE('',*,*,#1379,.T.);
#1785=ORIENTED_EDGE('',*,*,#1372,.F.);
#1786=ORIENTED_EDGE('',*,*,#1356,.T.);
#1787=ORIENTED_EDGE('',*,*,#1383,.T.);
#1788=ORIENTED_EDGE('',*,*,#1384,.T.);
#1789=ORIENTED_EDGE('',*,*,#1385,.T.);
#1790=ORIENTED_EDGE('',*,*,#1386,.T.);
#1791=ORIENTED_EDGE('',*,*,#1387,.T.);
#1792=ORIENTED_EDGE('',*,*,#1388,.T.);
#1793=ORIENTED_EDGE('',*,*,#1366,.T.);
#1794=ORIENTED_EDGE('',*,*,#1389,.F.);
#1795=ORIENTED_EDGE('',*,*,#1390,.T.);
#1796=ORIENTED_EDGE('',*,*,#1391,.F.);
#1797=ORIENTED_EDGE('',*,*,#1340,.F.);
#1798=ORIENTED_EDGE('',*,*,#1392,.F.);
#1799=ORIENTED_EDGE('',*,*,#1393,.F.);
#1800=ORIENTED_EDGE('',*,*,#1394,.F.);
#1801=ORIENTED_EDGE('',*,*,#1395,.T.);
#1802=ORIENTED_EDGE('',*,*,#1396,.T.);
#1803=ORIENTED_EDGE('',*,*,#1397,.T.);
#1804=ORIENTED_EDGE('',*,*,#1308,.F.);
#1805=ORIENTED_EDGE('',*,*,#1398,.F.);
#1806=ORIENTED_EDGE('',*,*,#1381,.T.);
#1807=ORIENTED_EDGE('',*,*,#1399,.T.);
#1808=ORIENTED_EDGE('',*,*,#1400,.T.);
#1809=ORIENTED_EDGE('',*,*,#1291,.T.);
#1810=ORIENTED_EDGE('',*,*,#1319,.T.);
#1811=ORIENTED_EDGE('',*,*,#1401,.T.);
#1812=ORIENTED_EDGE('',*,*,#1402,.T.);
#1813=ORIENTED_EDGE('',*,*,#1403,.T.);
#1814=ORIENTED_EDGE('',*,*,#1377,.T.);
#1815=ORIENTED_EDGE('',*,*,#1380,.T.);
#1816=ORIENTED_EDGE('',*,*,#1382,.T.);
#1817=ORIENTED_EDGE('',*,*,#1398,.T.);
#1818=ORIENTED_EDGE('',*,*,#1307,.T.);
#1819=ORIENTED_EDGE('',*,*,#1371,.F.);
#1820=ORIENTED_EDGE('',*,*,#1404,.F.);
#1821=ORIENTED_EDGE('',*,*,#1401,.F.);
#1822=ORIENTED_EDGE('',*,*,#1318,.F.);
#1823=ORIENTED_EDGE('',*,*,#1405,.F.);
#1824=ORIENTED_EDGE('',*,*,#1406,.F.);
#1825=ORIENTED_EDGE('',*,*,#1407,.T.);
#1826=ORIENTED_EDGE('',*,*,#1408,.T.);
#1827=ORIENTED_EDGE('',*,*,#1330,.F.);
#1828=ORIENTED_EDGE('',*,*,#1409,.F.);
#1829=ORIENTED_EDGE('',*,*,#1410,.F.);
#1830=ORIENTED_EDGE('',*,*,#1411,.F.);
#1831=ORIENTED_EDGE('',*,*,#1364,.T.);
#1832=ORIENTED_EDGE('',*,*,#1412,.T.);
#1833=ORIENTED_EDGE('',*,*,#1413,.T.);
#1834=ORIENTED_EDGE('',*,*,#1358,.T.);
#1835=ORIENTED_EDGE('',*,*,#1414,.F.);
#1836=ORIENTED_EDGE('',*,*,#1415,.F.);
#1837=ORIENTED_EDGE('',*,*,#1411,.T.);
#1838=ORIENTED_EDGE('',*,*,#1416,.T.);
#1839=ORIENTED_EDGE('',*,*,#1417,.T.);
#1840=ORIENTED_EDGE('',*,*,#1418,.T.);
#1841=ORIENTED_EDGE('',*,*,#1419,.T.);
#1842=ORIENTED_EDGE('',*,*,#1420,.T.);
#1843=ORIENTED_EDGE('',*,*,#1389,.T.);
#1844=ORIENTED_EDGE('',*,*,#1365,.T.);
#1845=ORIENTED_EDGE('',*,*,#1417,.F.);
#1846=ORIENTED_EDGE('',*,*,#1421,.T.);
#1847=ORIENTED_EDGE('',*,*,#1422,.F.);
#1848=ORIENTED_EDGE('',*,*,#1423,.F.);
#1849=ORIENTED_EDGE('',*,*,#1416,.F.);
#1850=ORIENTED_EDGE('',*,*,#1410,.T.);
#1851=ORIENTED_EDGE('',*,*,#1424,.F.);
#1852=ORIENTED_EDGE('',*,*,#1421,.F.);
#1853=ORIENTED_EDGE('',*,*,#1298,.T.);
#1854=ORIENTED_EDGE('',*,*,#1341,.T.);
#1855=ORIENTED_EDGE('',*,*,#1391,.T.);
#1856=ORIENTED_EDGE('',*,*,#1425,.T.);
#1857=ORIENTED_EDGE('',*,*,#1426,.T.);
#1858=ORIENTED_EDGE('',*,*,#1427,.T.);
#1859=ORIENTED_EDGE('',*,*,#1422,.T.);
#1860=ORIENTED_EDGE('',*,*,#1424,.T.);
#1861=ORIENTED_EDGE('',*,*,#1409,.T.);
#1862=ORIENTED_EDGE('',*,*,#1329,.T.);
#1863=ORIENTED_EDGE('',*,*,#1418,.F.);
#1864=ORIENTED_EDGE('',*,*,#1423,.T.);
#1865=ORIENTED_EDGE('',*,*,#1427,.F.);
#1866=ORIENTED_EDGE('',*,*,#1428,.F.);
#1867=ORIENTED_EDGE('',*,*,#1419,.F.);
#1868=ORIENTED_EDGE('',*,*,#1428,.T.);
#1869=ORIENTED_EDGE('',*,*,#1426,.F.);
#1870=ORIENTED_EDGE('',*,*,#1429,.F.);
#1871=ORIENTED_EDGE('',*,*,#1420,.F.);
#1872=ORIENTED_EDGE('',*,*,#1429,.T.);
#1873=ORIENTED_EDGE('',*,*,#1425,.F.);
#1874=ORIENTED_EDGE('',*,*,#1390,.F.);
#1875=ORIENTED_EDGE('',*,*,#1430,.F.);
#1876=ORIENTED_EDGE('',*,*,#1431,.T.);
#1877=ORIENTED_EDGE('',*,*,#1432,.F.);
#1878=ORIENTED_EDGE('',*,*,#1433,.F.);
#1879=ORIENTED_EDGE('',*,*,#1368,.F.);
#1880=ORIENTED_EDGE('',*,*,#1434,.T.);
#1881=ORIENTED_EDGE('',*,*,#1432,.T.);
#1882=ORIENTED_EDGE('',*,*,#1435,.F.);
#1883=ORIENTED_EDGE('',*,*,#1386,.F.);
#1884=ORIENTED_EDGE('',*,*,#1436,.T.);
#1885=ORIENTED_EDGE('',*,*,#1437,.F.);
#1886=ORIENTED_EDGE('',*,*,#1438,.T.);
#1887=ORIENTED_EDGE('',*,*,#1431,.F.);
#1888=ORIENTED_EDGE('',*,*,#1439,.F.);
#1889=ORIENTED_EDGE('',*,*,#1387,.F.);
#1890=ORIENTED_EDGE('',*,*,#1435,.T.);
#1891=ORIENTED_EDGE('',*,*,#1440,.F.);
#1892=ORIENTED_EDGE('',*,*,#1441,.T.);
#1893=ORIENTED_EDGE('',*,*,#1442,.F.);
#1894=ORIENTED_EDGE('',*,*,#1354,.F.);
#1895=ORIENTED_EDGE('',*,*,#1443,.T.);
#1896=ORIENTED_EDGE('',*,*,#1442,.T.);
#1897=ORIENTED_EDGE('',*,*,#1444,.F.);
#1898=ORIENTED_EDGE('',*,*,#1383,.F.);
#1899=ORIENTED_EDGE('',*,*,#1355,.F.);
#1900=ORIENTED_EDGE('',*,*,#1441,.F.);
#1901=ORIENTED_EDGE('',*,*,#1445,.F.);
#1902=ORIENTED_EDGE('',*,*,#1384,.F.);
#1903=ORIENTED_EDGE('',*,*,#1444,.T.);
#1904=ORIENTED_EDGE('',*,*,#1430,.T.);
#1905=ORIENTED_EDGE('',*,*,#1367,.F.);
#1906=ORIENTED_EDGE('',*,*,#1388,.F.);
#1907=ORIENTED_EDGE('',*,*,#1439,.T.);
#1908=ORIENTED_EDGE('',*,*,#1446,.T.);
#1909=ORIENTED_EDGE('',*,*,#1438,.F.);
#1910=ORIENTED_EDGE('',*,*,#1447,.F.);
#1911=ORIENTED_EDGE('',*,*,#1448,.T.);
#1912=ORIENTED_EDGE('',*,*,#1449,.F.);
#1913=ORIENTED_EDGE('',*,*,#1450,.F.);
#1914=ORIENTED_EDGE('',*,*,#1447,.T.);
#1915=ORIENTED_EDGE('',*,*,#1437,.T.);
#1916=ORIENTED_EDGE('',*,*,#1451,.T.);
#1917=ORIENTED_EDGE('',*,*,#1452,.F.);
#1918=ORIENTED_EDGE('',*,*,#1453,.F.);
#1919=ORIENTED_EDGE('',*,*,#1454,.F.);
#1920=ORIENTED_EDGE('',*,*,#1449,.T.);
#1921=ORIENTED_EDGE('',*,*,#1455,.T.);
#1922=ORIENTED_EDGE('',*,*,#1456,.F.);
#1923=ORIENTED_EDGE('',*,*,#1451,.F.);
#1924=ORIENTED_EDGE('',*,*,#1353,.F.);
#1925=ORIENTED_EDGE('',*,*,#1457,.T.);
#1926=ORIENTED_EDGE('',*,*,#1458,.F.);
#1927=ORIENTED_EDGE('',*,*,#1459,.F.);
#1928=ORIENTED_EDGE('',*,*,#1460,.F.);
#1929=ORIENTED_EDGE('',*,*,#1455,.F.);
#1930=ORIENTED_EDGE('',*,*,#1448,.F.);
#1931=ORIENTED_EDGE('',*,*,#1461,.F.);
#1932=ORIENTED_EDGE('',*,*,#1443,.F.);
#1933=ORIENTED_EDGE('',*,*,#1453,.T.);
#1934=ORIENTED_EDGE('',*,*,#1462,.F.);
#1935=ORIENTED_EDGE('',*,*,#1463,.F.);
#1936=ORIENTED_EDGE('',*,*,#1464,.F.);
#1937=ORIENTED_EDGE('',*,*,#1465,.F.);
#1938=ORIENTED_EDGE('',*,*,#1361,.F.);
#1939=ORIENTED_EDGE('',*,*,#1433,.T.);
#1940=ORIENTED_EDGE('',*,*,#1434,.F.);
#1941=ORIENTED_EDGE('',*,*,#1446,.F.);
#1942=ORIENTED_EDGE('',*,*,#1360,.F.);
#1943=ORIENTED_EDGE('',*,*,#1466,.F.);
#1944=ORIENTED_EDGE('',*,*,#1467,.T.);
#1945=ORIENTED_EDGE('',*,*,#1468,.F.);
#1946=ORIENTED_EDGE('',*,*,#1457,.F.);
#1947=ORIENTED_EDGE('',*,*,#1469,.F.);
#1948=ORIENTED_EDGE('',*,*,#1362,.F.);
#1949=ORIENTED_EDGE('',*,*,#1465,.T.);
#1950=ORIENTED_EDGE('',*,*,#1470,.F.);
#1951=ORIENTED_EDGE('',*,*,#1467,.F.);
#1952=ORIENTED_EDGE('',*,*,#1461,.T.);
#1953=ORIENTED_EDGE('',*,*,#1450,.T.);
#1954=ORIENTED_EDGE('',*,*,#1454,.T.);
#1955=ORIENTED_EDGE('',*,*,#1436,.F.);
#1956=ORIENTED_EDGE('',*,*,#1385,.F.);
#1957=ORIENTED_EDGE('',*,*,#1445,.T.);
#1958=ORIENTED_EDGE('',*,*,#1440,.T.);
#1959=ORIENTED_EDGE('',*,*,#1458,.T.);
#1960=ORIENTED_EDGE('',*,*,#1468,.T.);
#1961=ORIENTED_EDGE('',*,*,#1470,.T.);
#1962=ORIENTED_EDGE('',*,*,#1464,.T.);
#1963=ORIENTED_EDGE('',*,*,#1471,.T.);
#1964=ORIENTED_EDGE('',*,*,#1472,.F.);
#1965=ORIENTED_EDGE('',*,*,#1473,.F.);
#1966=ORIENTED_EDGE('',*,*,#1474,.F.);
#1967=ORIENTED_EDGE('',*,*,#1475,.F.);
#1968=ORIENTED_EDGE('',*,*,#1463,.T.);
#1969=ORIENTED_EDGE('',*,*,#1476,.T.);
#1970=ORIENTED_EDGE('',*,*,#1477,.F.);
#1971=ORIENTED_EDGE('',*,*,#1471,.F.);
#1972=ORIENTED_EDGE('',*,*,#1460,.T.);
#1973=ORIENTED_EDGE('',*,*,#1478,.T.);
#1974=ORIENTED_EDGE('',*,*,#1479,.F.);
#1975=ORIENTED_EDGE('',*,*,#1480,.F.);
#1976=ORIENTED_EDGE('',*,*,#1476,.F.);
#1977=ORIENTED_EDGE('',*,*,#1462,.T.);
#1978=ORIENTED_EDGE('',*,*,#1452,.T.);
#1979=ORIENTED_EDGE('',*,*,#1456,.T.);
#1980=ORIENTED_EDGE('',*,*,#1459,.T.);
#1981=ORIENTED_EDGE('',*,*,#1475,.T.);
#1982=ORIENTED_EDGE('',*,*,#1481,.F.);
#1983=ORIENTED_EDGE('',*,*,#1478,.F.);
#1984=ORIENTED_EDGE('',*,*,#1473,.T.);
#1985=ORIENTED_EDGE('',*,*,#1482,.F.);
#1986=ORIENTED_EDGE('',*,*,#1483,.T.);
#1987=ORIENTED_EDGE('',*,*,#1484,.T.);
#1988=ORIENTED_EDGE('',*,*,#1485,.T.);
#1989=ORIENTED_EDGE('',*,*,#1486,.T.);
#1990=ORIENTED_EDGE('',*,*,#1487,.T.);
#1991=ORIENTED_EDGE('',*,*,#1488,.T.);
#1992=ORIENTED_EDGE('',*,*,#1489,.F.);
#1993=ORIENTED_EDGE('',*,*,#1472,.T.);
#1994=ORIENTED_EDGE('',*,*,#1477,.T.);
#1995=ORIENTED_EDGE('',*,*,#1480,.T.);
#1996=ORIENTED_EDGE('',*,*,#1490,.T.);
#1997=ORIENTED_EDGE('',*,*,#1491,.T.);
#1998=ORIENTED_EDGE('',*,*,#1492,.T.);
#1999=ORIENTED_EDGE('',*,*,#1493,.T.);
#2000=ORIENTED_EDGE('',*,*,#1494,.T.);
#2001=ORIENTED_EDGE('',*,*,#1333,.T.);
#2002=ORIENTED_EDGE('',*,*,#1495,.T.);
#2003=ORIENTED_EDGE('',*,*,#1482,.T.);
#2004=ORIENTED_EDGE('',*,*,#1496,.F.);
#2005=ORIENTED_EDGE('',*,*,#1321,.F.);
#2006=ORIENTED_EDGE('',*,*,#1497,.T.);
#2007=ORIENTED_EDGE('',*,*,#1304,.T.);
#2008=ORIENTED_EDGE('',*,*,#1498,.F.);
#2009=ORIENTED_EDGE('',*,*,#1322,.F.);
#2010=ORIENTED_EDGE('',*,*,#1496,.T.);
#2011=ORIENTED_EDGE('',*,*,#1303,.T.);
#2012=ORIENTED_EDGE('',*,*,#1499,.T.);
#2013=ORIENTED_EDGE('',*,*,#1500,.F.);
#2014=ORIENTED_EDGE('',*,*,#1323,.F.);
#2015=ORIENTED_EDGE('',*,*,#1498,.T.);
#2016=ORIENTED_EDGE('',*,*,#1501,.T.);
#2017=ORIENTED_EDGE('',*,*,#1502,.F.);
#2018=ORIENTED_EDGE('',*,*,#1324,.F.);
#2019=ORIENTED_EDGE('',*,*,#1500,.T.);
#2020=ORIENTED_EDGE('',*,*,#1503,.T.);
#2021=ORIENTED_EDGE('',*,*,#1504,.F.);
#2022=ORIENTED_EDGE('',*,*,#1505,.F.);
#2023=ORIENTED_EDGE('',*,*,#1325,.F.);
#2024=ORIENTED_EDGE('',*,*,#1502,.T.);
#2025=ORIENTED_EDGE('',*,*,#1506,.F.);
#2026=ORIENTED_EDGE('',*,*,#1326,.F.);
#2027=ORIENTED_EDGE('',*,*,#1505,.T.);
#2028=ORIENTED_EDGE('',*,*,#1504,.T.);
#2029=ORIENTED_EDGE('',*,*,#1507,.T.);
#2030=ORIENTED_EDGE('',*,*,#1508,.F.);
#2031=ORIENTED_EDGE('',*,*,#1327,.F.);
#2032=ORIENTED_EDGE('',*,*,#1506,.T.);
#2033=ORIENTED_EDGE('',*,*,#1509,.T.);
#2034=ORIENTED_EDGE('',*,*,#1301,.F.);
#2035=ORIENTED_EDGE('',*,*,#1328,.F.);
#2036=ORIENTED_EDGE('',*,*,#1508,.T.);
#2037=ORIENTED_EDGE('',*,*,#1510,.T.);
#2038=ORIENTED_EDGE('',*,*,#1305,.T.);
#2039=ORIENTED_EDGE('',*,*,#1497,.F.);
#2040=ORIENTED_EDGE('',*,*,#1320,.F.);
#2041=ORIENTED_EDGE('',*,*,#1503,.F.);
#2042=ORIENTED_EDGE('',*,*,#1501,.F.);
#2043=ORIENTED_EDGE('',*,*,#1499,.F.);
#2044=ORIENTED_EDGE('',*,*,#1302,.F.);
#2045=ORIENTED_EDGE('',*,*,#1510,.F.);
#2046=ORIENTED_EDGE('',*,*,#1509,.F.);
#2047=ORIENTED_EDGE('',*,*,#1507,.F.);
#2048=ORIENTED_EDGE('',*,*,#1511,.T.);
#2049=ORIENTED_EDGE('',*,*,#1512,.F.);
#2050=ORIENTED_EDGE('',*,*,#1513,.F.);
#2051=ORIENTED_EDGE('',*,*,#1350,.F.);
#2052=ORIENTED_EDGE('',*,*,#1514,.T.);
#2053=ORIENTED_EDGE('',*,*,#1515,.F.);
#2054=ORIENTED_EDGE('',*,*,#1516,.F.);
#2055=ORIENTED_EDGE('',*,*,#1511,.F.);
#2056=ORIENTED_EDGE('',*,*,#1349,.F.);
#2057=ORIENTED_EDGE('',*,*,#1517,.T.);
#2058=ORIENTED_EDGE('',*,*,#1518,.F.);
#2059=ORIENTED_EDGE('',*,*,#1514,.F.);
#2060=ORIENTED_EDGE('',*,*,#1348,.F.);
#2061=ORIENTED_EDGE('',*,*,#1519,.T.);
#2062=ORIENTED_EDGE('',*,*,#1520,.T.);
#2063=ORIENTED_EDGE('',*,*,#1521,.F.);
#2064=ORIENTED_EDGE('',*,*,#1517,.F.);
#2065=ORIENTED_EDGE('',*,*,#1347,.F.);
#2066=ORIENTED_EDGE('',*,*,#1522,.T.);
#2067=ORIENTED_EDGE('',*,*,#1519,.F.);
#2068=ORIENTED_EDGE('',*,*,#1346,.F.);
#2069=ORIENTED_EDGE('',*,*,#1523,.T.);
#2070=ORIENTED_EDGE('',*,*,#1524,.F.);
#2071=ORIENTED_EDGE('',*,*,#1520,.F.);
#2072=ORIENTED_EDGE('',*,*,#1522,.F.);
#2073=ORIENTED_EDGE('',*,*,#1345,.F.);
#2074=ORIENTED_EDGE('',*,*,#1525,.T.);
#2075=ORIENTED_EDGE('',*,*,#1526,.F.);
#2076=ORIENTED_EDGE('',*,*,#1523,.F.);
#2077=ORIENTED_EDGE('',*,*,#1344,.F.);
#2078=ORIENTED_EDGE('',*,*,#1527,.T.);
#2079=ORIENTED_EDGE('',*,*,#1528,.F.);
#2080=ORIENTED_EDGE('',*,*,#1525,.F.);
#2081=ORIENTED_EDGE('',*,*,#1343,.F.);
#2082=ORIENTED_EDGE('',*,*,#1229,.T.);
#2083=ORIENTED_EDGE('',*,*,#1352,.F.);
#2084=ORIENTED_EDGE('',*,*,#1529,.T.);
#2085=ORIENTED_EDGE('',*,*,#1512,.T.);
#2086=ORIENTED_EDGE('',*,*,#1516,.T.);
#2087=ORIENTED_EDGE('',*,*,#1530,.F.);
#2088=ORIENTED_EDGE('',*,*,#1527,.F.);
#2089=ORIENTED_EDGE('',*,*,#1342,.F.);
#2090=ORIENTED_EDGE('',*,*,#1529,.F.);
#2091=ORIENTED_EDGE('',*,*,#1351,.F.);
#2092=ORIENTED_EDGE('',*,*,#1513,.T.);
#2093=ORIENTED_EDGE('',*,*,#1521,.T.);
#2094=ORIENTED_EDGE('',*,*,#1524,.T.);
#2095=ORIENTED_EDGE('',*,*,#1526,.T.);
#2096=ORIENTED_EDGE('',*,*,#1528,.T.);
#2097=ORIENTED_EDGE('',*,*,#1530,.T.);
#2098=ORIENTED_EDGE('',*,*,#1515,.T.);
#2099=ORIENTED_EDGE('',*,*,#1518,.T.);
#2100=ORIENTED_EDGE('',*,*,#1466,.T.);
#2101=ORIENTED_EDGE('',*,*,#1359,.F.);
#2102=ORIENTED_EDGE('',*,*,#1413,.F.);
#2103=ORIENTED_EDGE('',*,*,#1531,.T.);
#2104=ORIENTED_EDGE('',*,*,#1469,.T.);
#2105=ORIENTED_EDGE('',*,*,#1531,.F.);
#2106=ORIENTED_EDGE('',*,*,#1412,.F.);
#2107=ORIENTED_EDGE('',*,*,#1363,.T.);
#2108=ORIENTED_EDGE('',*,*,#1369,.F.);
#2109=ORIENTED_EDGE('',*,*,#1378,.F.);
#2110=ORIENTED_EDGE('',*,*,#1403,.F.);
#2111=ORIENTED_EDGE('',*,*,#1532,.T.);
#2112=ORIENTED_EDGE('',*,*,#1370,.F.);
#2113=ORIENTED_EDGE('',*,*,#1532,.F.);
#2114=ORIENTED_EDGE('',*,*,#1402,.F.);
#2115=ORIENTED_EDGE('',*,*,#1404,.T.);
#2116=ORIENTED_EDGE('',*,*,#1533,.F.);
#2117=ORIENTED_EDGE('',*,*,#1534,.F.);
#2118=ORIENTED_EDGE('',*,*,#1336,.F.);
#2119=ORIENTED_EDGE('',*,*,#1535,.F.);
#2120=ORIENTED_EDGE('',*,*,#1492,.F.);
#2121=ORIENTED_EDGE('',*,*,#1536,.F.);
#2122=ORIENTED_EDGE('',*,*,#1537,.F.);
#2123=ORIENTED_EDGE('',*,*,#1538,.F.);
#2124=ORIENTED_EDGE('',*,*,#1312,.F.);
#2125=ORIENTED_EDGE('',*,*,#1539,.F.);
#2126=ORIENTED_EDGE('',*,*,#1540,.F.);
#2127=ORIENTED_EDGE('',*,*,#1541,.F.);
#2128=ORIENTED_EDGE('',*,*,#1474,.T.);
#2129=ORIENTED_EDGE('',*,*,#1489,.T.);
#2130=ORIENTED_EDGE('',*,*,#1542,.T.);
#2131=ORIENTED_EDGE('',*,*,#1315,.T.);
#2132=ORIENTED_EDGE('',*,*,#1543,.T.);
#2133=ORIENTED_EDGE('',*,*,#1544,.T.);
#2134=ORIENTED_EDGE('',*,*,#1537,.T.);
#2135=ORIENTED_EDGE('',*,*,#1545,.T.);
#2136=ORIENTED_EDGE('',*,*,#1490,.F.);
#2137=ORIENTED_EDGE('',*,*,#1479,.T.);
#2138=ORIENTED_EDGE('',*,*,#1481,.T.);
#2139=ORIENTED_EDGE('',*,*,#1536,.T.);
#2140=ORIENTED_EDGE('',*,*,#1491,.F.);
#2141=ORIENTED_EDGE('',*,*,#1545,.F.);
#2142=ORIENTED_EDGE('',*,*,#1541,.T.);
#2143=ORIENTED_EDGE('',*,*,#1546,.T.);
#2144=ORIENTED_EDGE('',*,*,#1533,.T.);
#2145=ORIENTED_EDGE('',*,*,#1546,.F.);
#2146=ORIENTED_EDGE('',*,*,#1540,.T.);
#2147=ORIENTED_EDGE('',*,*,#1547,.T.);
#2148=ORIENTED_EDGE('',*,*,#1548,.F.);
#2149=ORIENTED_EDGE('',*,*,#1549,.T.);
#2150=ORIENTED_EDGE('',*,*,#1539,.T.);
#2151=ORIENTED_EDGE('',*,*,#1311,.F.);
#2152=ORIENTED_EDGE('',*,*,#1550,.F.);
#2153=ORIENTED_EDGE('',*,*,#1547,.F.);
#2154=ORIENTED_EDGE('',*,*,#1534,.T.);
#2155=ORIENTED_EDGE('',*,*,#1549,.F.);
#2156=ORIENTED_EDGE('',*,*,#1551,.F.);
#2157=ORIENTED_EDGE('',*,*,#1337,.F.);
#2158=ORIENTED_EDGE('',*,*,#1550,.T.);
#2159=ORIENTED_EDGE('',*,*,#1310,.F.);
#2160=ORIENTED_EDGE('',*,*,#1552,.T.);
#2161=ORIENTED_EDGE('',*,*,#1553,.T.);
#2162=ORIENTED_EDGE('',*,*,#1554,.T.);
#2163=ORIENTED_EDGE('',*,*,#1338,.F.);
#2164=ORIENTED_EDGE('',*,*,#1551,.T.);
#2165=ORIENTED_EDGE('',*,*,#1548,.T.);
#2166=ORIENTED_EDGE('',*,*,#1538,.T.);
#2167=ORIENTED_EDGE('',*,*,#1544,.F.);
#2168=ORIENTED_EDGE('',*,*,#1555,.T.);
#2169=ORIENTED_EDGE('',*,*,#1313,.F.);
#2170=ORIENTED_EDGE('',*,*,#1314,.F.);
#2171=ORIENTED_EDGE('',*,*,#1555,.F.);
#2172=ORIENTED_EDGE('',*,*,#1543,.F.);
#2173=ORIENTED_EDGE('',*,*,#1488,.F.);
#2174=ORIENTED_EDGE('',*,*,#1316,.F.);
#2175=ORIENTED_EDGE('',*,*,#1542,.F.);
#2176=ORIENTED_EDGE('',*,*,#1483,.F.);
#2177=ORIENTED_EDGE('',*,*,#1495,.F.);
#2178=ORIENTED_EDGE('',*,*,#1332,.F.);
#2179=ORIENTED_EDGE('',*,*,#1535,.T.);
#2180=ORIENTED_EDGE('',*,*,#1335,.F.);
#2181=ORIENTED_EDGE('',*,*,#1556,.F.);
#2182=ORIENTED_EDGE('',*,*,#1493,.F.);
#2183=ORIENTED_EDGE('',*,*,#1334,.F.);
#2184=ORIENTED_EDGE('',*,*,#1494,.F.);
#2185=ORIENTED_EDGE('',*,*,#1556,.T.);
#2186=ORIENTED_EDGE('',*,*,#1399,.F.);
#2187=ORIENTED_EDGE('',*,*,#1557,.T.);
#2188=ORIENTED_EDGE('',*,*,#1270,.T.);
#2189=ORIENTED_EDGE('',*,*,#1265,.T.);
#2190=ORIENTED_EDGE('',*,*,#1234,.T.);
#2191=ORIENTED_EDGE('',*,*,#1237,.T.);
#2192=ORIENTED_EDGE('',*,*,#1284,.T.);
#2193=ORIENTED_EDGE('',*,*,#1235,.T.);
#2194=ORIENTED_EDGE('',*,*,#1272,.T.);
#2195=ORIENTED_EDGE('',*,*,#1558,.T.);
#2196=ORIENTED_EDGE('',*,*,#1287,.T.);
#2197=ORIENTED_EDGE('',*,*,#1559,.T.);
#2198=ORIENTED_EDGE('',*,*,#1414,.T.);
#2199=ORIENTED_EDGE('',*,*,#1559,.F.);
#2200=ORIENTED_EDGE('',*,*,#1286,.T.);
#2201=ORIENTED_EDGE('',*,*,#1241,.T.);
#2202=ORIENTED_EDGE('',*,*,#1273,.T.);
#2203=ORIENTED_EDGE('',*,*,#1246,.T.);
#2204=ORIENTED_EDGE('',*,*,#1243,.T.);
#2205=ORIENTED_EDGE('',*,*,#1285,.T.);
#2206=ORIENTED_EDGE('',*,*,#1288,.T.);
#2207=ORIENTED_EDGE('',*,*,#1558,.F.);
#2208=ORIENTED_EDGE('',*,*,#1271,.T.);
#2209=ORIENTED_EDGE('',*,*,#1557,.F.);
#2210=ORIENTED_EDGE('',*,*,#1400,.F.);
#2211=ORIENTED_EDGE('',*,*,#1560,.T.);
#2212=ORIENTED_EDGE('',*,*,#1251,.T.);
#2213=ORIENTED_EDGE('',*,*,#1274,.T.);
#2214=ORIENTED_EDGE('',*,*,#1231,.T.);
#2215=ORIENTED_EDGE('',*,*,#1226,.T.);
#2216=ORIENTED_EDGE('',*,*,#1255,.T.);
#2217=ORIENTED_EDGE('',*,*,#1561,.T.);
#2218=ORIENTED_EDGE('',*,*,#1263,.T.);
#2219=ORIENTED_EDGE('',*,*,#1275,.T.);
#2220=ORIENTED_EDGE('',*,*,#1261,.T.);
#2221=ORIENTED_EDGE('',*,*,#1562,.T.);
#2222=ORIENTED_EDGE('',*,*,#1415,.T.);
#2223=ORIENTED_EDGE('',*,*,#1562,.F.);
#2224=ORIENTED_EDGE('',*,*,#1260,.T.);
#2225=ORIENTED_EDGE('',*,*,#1294,.T.);
#2226=ORIENTED_EDGE('',*,*,#1295,.T.);
#2227=ORIENTED_EDGE('',*,*,#1258,.T.);
#2228=ORIENTED_EDGE('',*,*,#1264,.T.);
#2229=ORIENTED_EDGE('',*,*,#1561,.F.);
#2230=ORIENTED_EDGE('',*,*,#1254,.T.);
#2231=ORIENTED_EDGE('',*,*,#1293,.T.);
#2232=ORIENTED_EDGE('',*,*,#1252,.T.);
#2233=ORIENTED_EDGE('',*,*,#1560,.F.);
#2234=ORIENTED_EDGE('',*,*,#1406,.T.);
#2235=ORIENTED_EDGE('',*,*,#1563,.T.);
#2236=ORIENTED_EDGE('',*,*,#1486,.F.);
#2237=ORIENTED_EDGE('',*,*,#1564,.F.);
#2238=ORIENTED_EDGE('',*,*,#1405,.T.);
#2239=ORIENTED_EDGE('',*,*,#1317,.F.);
#2240=ORIENTED_EDGE('',*,*,#1487,.F.);
#2241=ORIENTED_EDGE('',*,*,#1563,.F.);
#2242=ORIENTED_EDGE('',*,*,#1408,.F.);
#2243=ORIENTED_EDGE('',*,*,#1565,.T.);
#2244=ORIENTED_EDGE('',*,*,#1484,.F.);
#2245=ORIENTED_EDGE('',*,*,#1331,.F.);
#2246=ORIENTED_EDGE('',*,*,#1407,.F.);
#2247=ORIENTED_EDGE('',*,*,#1564,.T.);
#2248=ORIENTED_EDGE('',*,*,#1485,.F.);
#2249=ORIENTED_EDGE('',*,*,#1565,.F.);
#2250=ORIENTED_EDGE('',*,*,#1566,.T.);
#2251=ORIENTED_EDGE('',*,*,#1567,.F.);
#2252=ORIENTED_EDGE('',*,*,#1392,.T.);
#2253=ORIENTED_EDGE('',*,*,#1339,.T.);
#2254=ORIENTED_EDGE('',*,*,#1554,.F.);
#2255=ORIENTED_EDGE('',*,*,#1552,.F.);
#2256=ORIENTED_EDGE('',*,*,#1309,.F.);
#2257=ORIENTED_EDGE('',*,*,#1397,.F.);
#2258=ORIENTED_EDGE('',*,*,#1568,.T.);
#2259=ORIENTED_EDGE('',*,*,#1569,.T.);
#2260=ORIENTED_EDGE('',*,*,#1396,.F.);
#2261=ORIENTED_EDGE('',*,*,#1570,.T.);
#2262=ORIENTED_EDGE('',*,*,#1571,.T.);
#2263=ORIENTED_EDGE('',*,*,#1568,.F.);
#2264=ORIENTED_EDGE('',*,*,#1395,.F.);
#2265=ORIENTED_EDGE('',*,*,#1572,.T.);
#2266=ORIENTED_EDGE('',*,*,#1573,.T.);
#2267=ORIENTED_EDGE('',*,*,#1570,.F.);
#2268=ORIENTED_EDGE('',*,*,#1394,.T.);
#2269=ORIENTED_EDGE('',*,*,#1574,.T.);
#2270=ORIENTED_EDGE('',*,*,#1575,.T.);
#2271=ORIENTED_EDGE('',*,*,#1572,.F.);
#2272=ORIENTED_EDGE('',*,*,#1393,.T.);
#2273=ORIENTED_EDGE('',*,*,#1567,.T.);
#2274=ORIENTED_EDGE('',*,*,#1576,.T.);
#2275=ORIENTED_EDGE('',*,*,#1574,.F.);
#2276=ORIENTED_EDGE('',*,*,#1553,.F.);
#2277=ORIENTED_EDGE('',*,*,#1569,.F.);
#2278=ORIENTED_EDGE('',*,*,#1571,.F.);
#2279=ORIENTED_EDGE('',*,*,#1573,.F.);
#2280=ORIENTED_EDGE('',*,*,#1575,.F.);
#2281=ORIENTED_EDGE('',*,*,#1576,.F.);
#2282=ORIENTED_EDGE('',*,*,#1566,.F.);
#2283=CYLINDRICAL_SURFACE('',#2424,2.25);
#2284=CYLINDRICAL_SURFACE('',#2429,2.25);
#2285=CYLINDRICAL_SURFACE('',#2447,2.25);
#2286=CYLINDRICAL_SURFACE('',#2451,2.25);
#2287=CYLINDRICAL_SURFACE('',#2452,2.25);
#2288=CYLINDRICAL_SURFACE('',#2453,2.25);
#2289=CYLINDRICAL_SURFACE('',#2454,1.);
#2290=CYLINDRICAL_SURFACE('',#2456,1.);
#2291=CYLINDRICAL_SURFACE('',#2458,1.);
#2292=CYLINDRICAL_SURFACE('',#2460,1.);
#2293=CYLINDRICAL_SURFACE('',#2462,2.25);
#2294=CYLINDRICAL_SURFACE('',#2463,2.25);
#2295=CYLINDRICAL_SURFACE('',#2467,2.25);
#2296=CYLINDRICAL_SURFACE('',#2468,2.25);
#2297=CYLINDRICAL_SURFACE('',#2556,2.75);
#2298=CYLINDRICAL_SURFACE('',#2557,2.75);
#2299=ADVANCED_FACE('',(#120),#2283,.F.);
#2300=ADVANCED_FACE('',(#121),#2284,.F.);
#2301=ADVANCED_FACE('',(#122),#116,.F.);
#2302=ADVANCED_FACE('',(#123),#117,.F.);
#2303=ADVANCED_FACE('',(#124),#118,.F.);
#2304=ADVANCED_FACE('',(#125),#119,.F.);
#2305=ADVANCED_FACE('',(#126),#2285,.F.);
#2306=ADVANCED_FACE('',(#127),#2286,.F.);
#2307=ADVANCED_FACE('',(#128),#2287,.F.);
#2308=ADVANCED_FACE('',(#129),#2288,.F.);
#2309=ADVANCED_FACE('',(#130),#2289,.F.);
#2310=ADVANCED_FACE('',(#131),#2290,.F.);
#2311=ADVANCED_FACE('',(#132),#2291,.F.);
#2312=ADVANCED_FACE('',(#133),#2292,.F.);
#2313=ADVANCED_FACE('',(#134),#2293,.F.);
#2314=ADVANCED_FACE('',(#135),#2294,.F.);
#2315=ADVANCED_FACE('',(#136),#2295,.F.);
#2316=ADVANCED_FACE('',(#137),#2296,.F.);
#2317=ADVANCED_FACE('',(#138),#25,.T.);
#2318=ADVANCED_FACE('',(#139,#15),#26,.T.);
#2319=ADVANCED_FACE('',(#140,#16),#27,.T.);
#2320=ADVANCED_FACE('',(#141,#17,#18),#28,.F.);
#2321=ADVANCED_FACE('',(#142,#19,#20),#29,.F.);
#2322=ADVANCED_FACE('',(#143),#30,.T.);
#2323=ADVANCED_FACE('',(#144),#31,.T.);
#2324=ADVANCED_FACE('',(#145),#32,.T.);
#2325=ADVANCED_FACE('',(#146),#33,.T.);
#2326=ADVANCED_FACE('',(#147,#21,#22),#34,.T.);
#2327=ADVANCED_FACE('',(#148),#35,.T.);
#2328=ADVANCED_FACE('',(#149,#23,#24),#36,.T.);
#2329=ADVANCED_FACE('',(#150),#37,.T.);
#2330=ADVANCED_FACE('',(#151),#38,.T.);
#2331=ADVANCED_FACE('',(#152),#39,.T.);
#2332=ADVANCED_FACE('',(#153),#40,.T.);
#2333=ADVANCED_FACE('',(#154),#41,.T.);
#2334=ADVANCED_FACE('',(#155),#42,.T.);
#2335=ADVANCED_FACE('',(#156),#43,.T.);
#2336=ADVANCED_FACE('',(#157),#44,.T.);
#2337=ADVANCED_FACE('',(#158),#45,.F.);
#2338=ADVANCED_FACE('',(#159),#46,.F.);
#2339=ADVANCED_FACE('',(#160),#47,.T.);
#2340=ADVANCED_FACE('',(#161),#48,.F.);
#2341=ADVANCED_FACE('',(#162),#49,.F.);
#2342=ADVANCED_FACE('',(#163),#50,.F.);
#2343=ADVANCED_FACE('',(#164),#51,.F.);
#2344=ADVANCED_FACE('',(#165),#52,.F.);
#2345=ADVANCED_FACE('',(#166),#53,.F.);
#2346=ADVANCED_FACE('',(#167),#54,.F.);
#2347=ADVANCED_FACE('',(#168),#55,.F.);
#2348=ADVANCED_FACE('',(#169),#56,.F.);
#2349=ADVANCED_FACE('',(#170),#57,.F.);
#2350=ADVANCED_FACE('',(#171),#58,.F.);
#2351=ADVANCED_FACE('',(#172),#59,.F.);
#2352=ADVANCED_FACE('',(#173),#60,.F.);
#2353=ADVANCED_FACE('',(#174),#61,.F.);
#2354=ADVANCED_FACE('',(#175),#62,.F.);
#2355=ADVANCED_FACE('',(#176),#63,.F.);
#2356=ADVANCED_FACE('',(#177),#64,.T.);
#2357=ADVANCED_FACE('',(#178),#65,.T.);
#2358=ADVANCED_FACE('',(#179),#66,.T.);
#2359=ADVANCED_FACE('',(#180),#67,.T.);
#2360=ADVANCED_FACE('',(#181),#68,.T.);
#2361=ADVANCED_FACE('',(#182),#69,.T.);
#2362=ADVANCED_FACE('',(#183),#70,.T.);
#2363=ADVANCED_FACE('',(#184),#71,.T.);
#2364=ADVANCED_FACE('',(#185),#72,.T.);
#2365=ADVANCED_FACE('',(#186),#73,.T.);
#2366=ADVANCED_FACE('',(#187),#74,.T.);
#2367=ADVANCED_FACE('',(#188),#75,.F.);
#2368=ADVANCED_FACE('',(#189),#76,.F.);
#2369=ADVANCED_FACE('',(#190),#77,.F.);
#2370=ADVANCED_FACE('',(#191),#78,.F.);
#2371=ADVANCED_FACE('',(#192),#79,.F.);
#2372=ADVANCED_FACE('',(#193),#80,.F.);
#2373=ADVANCED_FACE('',(#194),#81,.F.);
#2374=ADVANCED_FACE('',(#195),#82,.F.);
#2375=ADVANCED_FACE('',(#196),#83,.F.);
#2376=ADVANCED_FACE('',(#197),#84,.F.);
#2377=ADVANCED_FACE('',(#198),#85,.F.);
#2378=ADVANCED_FACE('',(#199),#86,.T.);
#2379=ADVANCED_FACE('',(#200),#87,.F.);
#2380=ADVANCED_FACE('',(#201),#88,.F.);
#2381=ADVANCED_FACE('',(#202),#89,.T.);
#2382=ADVANCED_FACE('',(#203),#90,.T.);
#2383=ADVANCED_FACE('',(#204),#91,.F.);
#2384=ADVANCED_FACE('',(#205),#92,.F.);
#2385=ADVANCED_FACE('',(#206),#93,.T.);
#2386=ADVANCED_FACE('',(#207),#94,.T.);
#2387=ADVANCED_FACE('',(#208),#95,.T.);
#2388=ADVANCED_FACE('',(#209),#96,.T.);
#2389=ADVANCED_FACE('',(#210),#97,.F.);
#2390=ADVANCED_FACE('',(#211),#98,.T.);
#2391=ADVANCED_FACE('',(#212),#99,.T.);
#2392=ADVANCED_FACE('',(#213),#100,.T.);
#2393=ADVANCED_FACE('',(#214),#101,.T.);
#2394=ADVANCED_FACE('',(#215),#102,.F.);
#2395=ADVANCED_FACE('',(#216),#103,.F.);
#2396=ADVANCED_FACE('',(#217),#104,.F.);
#2397=ADVANCED_FACE('',(#218),#2297,.F.);
#2398=ADVANCED_FACE('',(#219),#2298,.F.);
#2399=ADVANCED_FACE('',(#220),#105,.F.);
#2400=ADVANCED_FACE('',(#221),#106,.F.);
#2401=ADVANCED_FACE('',(#222),#107,.F.);
#2402=ADVANCED_FACE('',(#223),#108,.F.);
#2403=ADVANCED_FACE('',(#224),#109,.F.);
#2404=ADVANCED_FACE('',(#225),#110,.F.);
#2405=ADVANCED_FACE('',(#226),#111,.F.);
#2406=ADVANCED_FACE('',(#227),#112,.F.);
#2407=ADVANCED_FACE('',(#228),#113,.F.);
#2408=ADVANCED_FACE('',(#229),#114,.F.);
#2409=ADVANCED_FACE('',(#230),#115,.F.);
#2410=CLOSED_SHELL('',(#2299,#2300,#2301,#2302,#2303,#2304,#2305,#2306,
#2307,#2308,#2309,#2310,#2311,#2312,#2313,#2314,#2315,#2316,#2317,#2318,
#2319,#2320,#2321,#2322,#2323,#2324,#2325,#2326,#2327,#2328,#2329,#2330,
#2331,#2332,#2333,#2334,#2335,#2336,#2337,#2338,#2339,#2340,#2341,#2342,
#2343,#2344,#2345,#2346,#2347,#2348,#2349,#2350,#2351,#2352,#2353,#2354,
#2355,#2356,#2357,#2358,#2359,#2360,#2361,#2362,#2363,#2364,#2365,#2366,
#2367,#2368,#2369,#2370,#2371,#2372,#2373,#2374,#2375,#2376,#2377,#2378,
#2379,#2380,#2381,#2382,#2383,#2384,#2385,#2386,#2387,#2388,#2389,#2390,
#2391,#2392,#2393,#2394,#2395,#2396,#2397,#2398,#2399,#2400,#2401,#2402,
#2403,#2404,#2405,#2406,#2407,#2408,#2409));
#2411=DERIVED_UNIT_ELEMENT(#2413,1.);
#2412=DERIVED_UNIT_ELEMENT(#4238,-3.);
#2413=(
MASS_UNIT()
NAMED_UNIT(*)
SI_UNIT(.KILO.,.GRAM.)
);
#2414=DERIVED_UNIT((#2411,#2412));
#2415=MEASURE_REPRESENTATION_ITEM('density measure',
POSITIVE_RATIO_MEASURE(7850.),#2414);
#2416=PROPERTY_DEFINITION_REPRESENTATION(#2421,#2418);
#2417=PROPERTY_DEFINITION_REPRESENTATION(#2422,#2419);
#2418=REPRESENTATION('material name',(#2420),#4235);
#2419=REPRESENTATION('density',(#2415),#4235);
#2420=DESCRIPTIVE_REPRESENTATION_ITEM('Steel','Steel');
#2421=PROPERTY_DEFINITION('material property','material name',#4245);
#2422=PROPERTY_DEFINITION('material property','density of part',#4245);
#2423=AXIS2_PLACEMENT_3D('',#3148,#2569,#2570);
#2424=AXIS2_PLACEMENT_3D('',#3149,#2571,#2572);
#2425=AXIS2_PLACEMENT_3D('',#3154,#2574,#2575);
#2426=AXIS2_PLACEMENT_3D('',#3202,#2577,#2578);
#2427=AXIS2_PLACEMENT_3D('',#3204,#2579,#2580);
#2428=AXIS2_PLACEMENT_3D('',#3205,#2581,#2582);
#2429=AXIS2_PLACEMENT_3D('',#3220,#2583,#2584);
#2430=AXIS2_PLACEMENT_3D('',#3225,#2586,#2587);
#2431=AXIS2_PLACEMENT_3D('',#3232,#2588,#2589);
#2432=AXIS2_PLACEMENT_3D('',#3248,#2590,#2591);
#2433=AXIS2_PLACEMENT_3D('',#3263,#2593,#2594);
#2434=AXIS2_PLACEMENT_3D('',#3264,#2595,#2596);
#2435=AXIS2_PLACEMENT_3D('',#3265,#2597,#2598);
#2436=AXIS2_PLACEMENT_3D('',#3283,#2599,#2600);
#2437=AXIS2_PLACEMENT_3D('',#3295,#2602,#2603);
#2438=AXIS2_PLACEMENT_3D('',#3307,#2604,#2605);
#2439=AXIS2_PLACEMENT_3D('',#3308,#2606,#2607);
#2440=AXIS2_PLACEMENT_3D('',#3310,#2608,#2609);
#2441=AXIS2_PLACEMENT_3D('',#3313,#2611,#2612);
#2442=AXIS2_PLACEMENT_3D('',#3333,#2613,#2614);
#2443=AXIS2_PLACEMENT_3D('',#3351,#2615,#2616);
#2444=AXIS2_PLACEMENT_3D('',#3353,#2617,#2618);
#2445=AXIS2_PLACEMENT_3D('',#3366,#2620,#2621);
#2446=AXIS2_PLACEMENT_3D('',#3388,#2622,#2623);
#2447=AXIS2_PLACEMENT_3D('',#3404,#2624,#2625);
#2448=AXIS2_PLACEMENT_3D('',#3423,#2627,#2628);
#2449=AXIS2_PLACEMENT_3D('',#3425,#2629,#2630);
#2450=AXIS2_PLACEMENT_3D('',#3426,#2631,#2632);
#2451=AXIS2_PLACEMENT_3D('',#3480,#2633,#2634);
#2452=AXIS2_PLACEMENT_3D('',#3487,#2635,#2636);
#2453=AXIS2_PLACEMENT_3D('',#3494,#2637,#2638);
#2454=AXIS2_PLACEMENT_3D('',#3501,#2639,#2640);
#2455=AXIS2_PLACEMENT_3D('',#3503,#2641,#2642);
#2456=AXIS2_PLACEMENT_3D('',#3505,#2644,#2645);
#2457=AXIS2_PLACEMENT_3D('',#3507,#2646,#2647);
#2458=AXIS2_PLACEMENT_3D('',#3509,#2649,#2650);
#2459=AXIS2_PLACEMENT_3D('',#3511,#2651,#2652);
#2460=AXIS2_PLACEMENT_3D('',#3513,#2654,#2655);
#2461=AXIS2_PLACEMENT_3D('',#3515,#2656,#2657);
#2462=AXIS2_PLACEMENT_3D('',#3517,#2659,#2660);
#2463=AXIS2_PLACEMENT_3D('',#3528,#2661,#2662);
#2464=AXIS2_PLACEMENT_3D('',#3602,#2664,#2665);
#2465=AXIS2_PLACEMENT_3D('',#3604,#2666,#2667);
#2466=AXIS2_PLACEMENT_3D('',#3605,#2668,#2669);
#2467=AXIS2_PLACEMENT_3D('',#3606,#2670,#2671);
#2468=AXIS2_PLACEMENT_3D('',#3617,#2672,#2673);
#2469=AXIS2_PLACEMENT_3D('',#3681,#2675,#2676);
#2470=AXIS2_PLACEMENT_3D('',#3683,#2677,#2678);
#2471=AXIS2_PLACEMENT_3D('',#3684,#2679,#2680);
#2472=AXIS2_PLACEMENT_3D('',#3685,#2681,#2682);
#2473=AXIS2_PLACEMENT_3D('',#3699,#2690,#2691);
#2474=AXIS2_PLACEMENT_3D('',#3742,#2714,#2715);
#2475=AXIS2_PLACEMENT_3D('',#3789,#2740,#2741);
#2476=AXIS2_PLACEMENT_3D('',#3806,#2750,#2751);
#2477=AXIS2_PLACEMENT_3D('',#3823,#2760,#2761);
#2478=AXIS2_PLACEMENT_3D('',#3837,#2769,#2770);
#2479=AXIS2_PLACEMENT_3D('',#3843,#2774,#2775);
#2480=AXIS2_PLACEMENT_3D('',#3847,#2778,#2779);
#2481=AXIS2_PLACEMENT_3D('',#3851,#2782,#2783);
#2482=AXIS2_PLACEMENT_3D('',#3881,#2800,#2801);
#2483=AXIS2_PLACEMENT_3D('',#3883,#2802,#2803);
#2484=AXIS2_PLACEMENT_3D('',#3884,#2804,#2805);
#2485=AXIS2_PLACEMENT_3D('',#3890,#2809,#2810);
#2486=AXIS2_PLACEMENT_3D('',#3908,#2821,#2822);
#2487=AXIS2_PLACEMENT_3D('',#3910,#2823,#2824);
#2488=AXIS2_PLACEMENT_3D('',#3911,#2825,#2826);
#2489=AXIS2_PLACEMENT_3D('',#3921,#2832,#2833);
#2490=AXIS2_PLACEMENT_3D('',#3927,#2837,#2838);
#2491=AXIS2_PLACEMENT_3D('',#3929,#2840,#2841);
#2492=AXIS2_PLACEMENT_3D('',#3935,#2845,#2846);
#2493=AXIS2_PLACEMENT_3D('',#3937,#2848,#2849);
#2494=AXIS2_PLACEMENT_3D('',#3939,#2851,#2852);
#2495=AXIS2_PLACEMENT_3D('',#3940,#2853,#2854);
#2496=AXIS2_PLACEMENT_3D('',#3948,#2859,#2860);
#2497=AXIS2_PLACEMENT_3D('',#3957,#2866,#2867);
#2498=AXIS2_PLACEMENT_3D('',#3959,#2869,#2870);
#2499=AXIS2_PLACEMENT_3D('',#3967,#2875,#2876);
#2500=AXIS2_PLACEMENT_3D('',#3969,#2878,#2879);
#2501=AXIS2_PLACEMENT_3D('',#3971,#2881,#2882);
#2502=AXIS2_PLACEMENT_3D('',#3972,#2883,#2884);
#2503=AXIS2_PLACEMENT_3D('',#3976,#2887,#2888);
#2504=AXIS2_PLACEMENT_3D('',#3983,#2892,#2893);
#2505=AXIS2_PLACEMENT_3D('',#3989,#2897,#2898);
#2506=AXIS2_PLACEMENT_3D('',#3994,#2902,#2903);
#2507=AXIS2_PLACEMENT_3D('',#4003,#2909,#2910);
#2508=AXIS2_PLACEMENT_3D('',#4011,#2915,#2916);
#2509=AXIS2_PLACEMENT_3D('',#4017,#2920,#2921);
#2510=AXIS2_PLACEMENT_3D('',#4020,#2924,#2925);
#2511=AXIS2_PLACEMENT_3D('',#4021,#2926,#2927);
#2512=AXIS2_PLACEMENT_3D('',#4031,#2933,#2934);
#2513=AXIS2_PLACEMENT_3D('',#4035,#2937,#2938);
#2514=AXIS2_PLACEMENT_3D('',#4041,#2942,#2943);
#2515=AXIS2_PLACEMENT_3D('',#4043,#2945,#2946);
#2516=AXIS2_PLACEMENT_3D('',#4057,#2955,#2956);
#2517=AXIS2_PLACEMENT_3D('',#4068,#2963,#2964);
#2518=AXIS2_PLACEMENT_3D('',#4071,#2967,#2968);
#2519=AXIS2_PLACEMENT_3D('',#4075,#2971,#2972);
#2520=AXIS2_PLACEMENT_3D('',#4079,#2975,#2976);
#2521=AXIS2_PLACEMENT_3D('',#4085,#2980,#2981);
#2522=AXIS2_PLACEMENT_3D('',#4087,#2983,#2984);
#2523=AXIS2_PLACEMENT_3D('',#4091,#2987,#2988);
#2524=AXIS2_PLACEMENT_3D('',#4095,#2991,#2992);
#2525=AXIS2_PLACEMENT_3D('',#4097,#2994,#2995);
#2526=AXIS2_PLACEMENT_3D('',#4098,#2996,#2997);
#2527=AXIS2_PLACEMENT_3D('',#4099,#2998,#2999);
#2528=AXIS2_PLACEMENT_3D('',#4105,#3003,#3004);
#2529=AXIS2_PLACEMENT_3D('',#4111,#3008,#3009);
#2530=AXIS2_PLACEMENT_3D('',#4115,#3012,#3013);
#2531=AXIS2_PLACEMENT_3D('',#4121,#3017,#3018);
#2532=AXIS2_PLACEMENT_3D('',#4123,#3020,#3021);
#2533=AXIS2_PLACEMENT_3D('',#4127,#3024,#3025);
#2534=AXIS2_PLACEMENT_3D('',#4131,#3028,#3029);
#2535=AXIS2_PLACEMENT_3D('',#4135,#3032,#3033);
#2536=AXIS2_PLACEMENT_3D('',#4138,#3036,#3037);
#2537=AXIS2_PLACEMENT_3D('',#4139,#3038,#3039);
#2538=AXIS2_PLACEMENT_3D('',#4140,#3040,#3041);
#2539=AXIS2_PLACEMENT_3D('',#4142,#3043,#3044);
#2540=AXIS2_PLACEMENT_3D('',#4143,#3045,#3046);
#2541=AXIS2_PLACEMENT_3D('',#4145,#3048,#3049);
#2542=AXIS2_PLACEMENT_3D('',#4146,#3050,#3051);
#2543=AXIS2_PLACEMENT_3D('',#4153,#3056,#3057);
#2544=AXIS2_PLACEMENT_3D('',#4163,#3063,#3064);
#2545=AXIS2_PLACEMENT_3D('',#4169,#3069,#3070);
#2546=AXIS2_PLACEMENT_3D('',#4171,#3072,#3073);
#2547=AXIS2_PLACEMENT_3D('',#4177,#3077,#3078);
#2548=AXIS2_PLACEMENT_3D('',#4179,#3080,#3081);
#2549=AXIS2_PLACEMENT_3D('',#4181,#3083,#3084);
#2550=AXIS2_PLACEMENT_3D('',#4187,#3088,#3089);
#2551=AXIS2_PLACEMENT_3D('',#4189,#3091,#3092);
#2552=AXIS2_PLACEMENT_3D('',#4190,#3093,#3094);
#2553=AXIS2_PLACEMENT_3D('',#4191,#3095,#3096);
#2554=AXIS2_PLACEMENT_3D('',#4192,#3097,#3098);
#2555=AXIS2_PLACEMENT_3D('',#4194,#3100,#3101);
#2556=AXIS2_PLACEMENT_3D('',#4195,#3102,#3103);
#2557=AXIS2_PLACEMENT_3D('',#4199,#3107,#3108);
#2558=AXIS2_PLACEMENT_3D('',#4203,#3112,#3113);
#2559=AXIS2_PLACEMENT_3D('',#4206,#3116,#3117);
#2560=AXIS2_PLACEMENT_3D('',#4207,#3118,#3119);
#2561=AXIS2_PLACEMENT_3D('',#4209,#3121,#3122);
#2562=AXIS2_PLACEMENT_3D('',#4210,#3123,#3124);
#2563=AXIS2_PLACEMENT_3D('',#4214,#3127,#3128);
#2564=AXIS2_PLACEMENT_3D('',#4218,#3131,#3132);
#2565=AXIS2_PLACEMENT_3D('',#4222,#3135,#3136);
#2566=AXIS2_PLACEMENT_3D('',#4226,#3139,#3140);
#2567=AXIS2_PLACEMENT_3D('',#4230,#3143,#3144);
#2568=AXIS2_PLACEMENT_3D('',#4232,#3146,#3147);
#2569=DIRECTION('axis',(0.,0.,1.));
#2570=DIRECTION('refdir',(1.,0.,0.));
#2571=DIRECTION('center_axis',(1.,0.,0.));
#2572=DIRECTION('ref_axis',(0.,0.342020143325669,0.939692620785908));
#2573=DIRECTION('',(1.,0.,0.));
#2574=DIRECTION('center_axis',(1.,0.,0.));
#2575=DIRECTION('ref_axis',(0.,0.342020143325669,0.939692620785908));
#2576=DIRECTION('',(1.,0.,0.));
#2577=DIRECTION('center_axis',(-1.,0.,0.));
#2578=DIRECTION('ref_axis',(0.,0.342020143325669,0.939692620785908));
#2579=DIRECTION('center_axis',(-0.707106781186549,0.707106781186546,0.));
#2580=DIRECTION('ref_axis',(0.707106781186546,0.707106781186549,-4.36136794078827E-17));
#2581=DIRECTION('center_axis',(-1.,0.,0.));
#2582=DIRECTION('ref_axis',(0.,0.342020143325669,0.939692620785908));
#2583=DIRECTION('center_axis',(1.,0.,0.));
#2584=DIRECTION('ref_axis',(0.,0.342020143325669,0.939692620785908));
#2585=DIRECTION('',(-1.,0.,0.));
#2586=DIRECTION('center_axis',(1.,0.,0.));
#2587=DIRECTION('ref_axis',(0.,0.342020143325669,0.939692620785908));
#2588=DIRECTION('center_axis',(-1.,0.,0.));
#2589=DIRECTION('ref_axis',(0.,0.342020143325669,0.939692620785908));
#2590=DIRECTION('center_axis',(1.,0.,0.));
#2591=DIRECTION('ref_axis',(0.,0.342020143325669,0.939692620785908));
#2592=DIRECTION('',(0.707106781186547,0.241844762647976,0.664463024388675));
#2593=DIRECTION('center_axis',(-1.,0.,0.));
#2594=DIRECTION('ref_axis',(0.,0.342020143325669,0.939692620785908));
#2595=DIRECTION('center_axis',(1.,0.,0.));
#2596=DIRECTION('ref_axis',(0.,0.342020143325669,0.939692620785908));
#2597=DIRECTION('center_axis',(-1.,0.,0.));
#2598=DIRECTION('ref_axis',(0.,0.342020143325669,0.939692620785908));
#2599=DIRECTION('center_axis',(1.,0.,0.));
#2600=DIRECTION('ref_axis',(0.,0.342020143325669,0.939692620785908));
#2601=DIRECTION('',(0.707106781186546,0.241844762647976,0.664463024388676));
#2602=DIRECTION('center_axis',(-1.,0.,0.));
#2603=DIRECTION('ref_axis',(0.,0.342020143325669,0.939692620785908));
#2604=DIRECTION('center_axis',(1.,0.,0.));
#2605=DIRECTION('ref_axis',(0.,0.342020143325669,0.939692620785908));
#2606=DIRECTION('center_axis',(1.,0.,0.));
#2607=DIRECTION('ref_axis',(0.,0.342020143325669,0.939692620785908));
#2608=DIRECTION('center_axis',(1.,0.,0.));
#2609=DIRECTION('ref_axis',(0.,0.342020143325669,0.939692620785908));
#2610=DIRECTION('',(0.707106781186547,-0.241844762647976,-0.664463024388675));
#2611=DIRECTION('center_axis',(1.,0.,0.));
#2612=DIRECTION('ref_axis',(0.,0.342020143325669,0.939692620785908));
#2613=DIRECTION('center_axis',(1.,0.,0.));
#2614=DIRECTION('ref_axis',(0.,0.342020143325669,0.939692620785908));
#2615=DIRECTION('center_axis',(1.,0.,0.));
#2616=DIRECTION('ref_axis',(0.,0.342020143325669,0.939692620785908));
#2617=DIRECTION('center_axis',(1.,0.,0.));
#2618=DIRECTION('ref_axis',(0.,0.342020143325669,0.939692620785908));
#2619=DIRECTION('',(0.707106781186546,-0.241844762647976,-0.664463024388676));
#2620=DIRECTION('center_axis',(1.,0.,0.));
#2621=DIRECTION('ref_axis',(0.,0.342020143325669,0.939692620785908));
#2622=DIRECTION('center_axis',(1.,0.,0.));
#2623=DIRECTION('ref_axis',(0.,0.342020143325669,0.939692620785908));
#2624=DIRECTION('center_axis',(1.,0.,0.));
#2625=DIRECTION('ref_axis',(0.,0.342020143325669,0.939692620785908));
#2626=DIRECTION('',(-1.,0.,0.));
#2627=DIRECTION('center_axis',(1.,0.,0.));
#2628=DIRECTION('ref_axis',(0.,0.342020143325669,0.939692620785908));
#2629=DIRECTION('center_axis',(0.707106781186549,0.707106781186546,0.));
#2630=DIRECTION('ref_axis',(-0.707106781186546,0.707106781186549,-4.36136794078827E-17));
#2631=DIRECTION('center_axis',(1.,0.,0.));
#2632=DIRECTION('ref_axis',(0.,0.342020143325669,0.939692620785908));
#2633=DIRECTION('center_axis',(1.,0.,0.));
#2634=DIRECTION('ref_axis',(0.,0.342020143325669,0.939692620785908));
#2635=DIRECTION('center_axis',(1.,0.,0.));
#2636=DIRECTION('ref_axis',(0.,0.342020143325669,0.939692620785908));
#2637=DIRECTION('center_axis',(1.,0.,0.));
#2638=DIRECTION('ref_axis',(0.,0.342020143325669,0.939692620785908));
#2639=DIRECTION('center_axis',(1.,0.,0.));
#2640=DIRECTION('ref_axis',(0.,0.342020143325669,0.939692620785908));
#2641=DIRECTION('center_axis',(-1.,-2.65074714387338E-14,0.));
#2642=DIRECTION('ref_axis',(0.,0.342020143325669,0.939692620785908));
#2643=DIRECTION('',(-1.,0.,0.));
#2644=DIRECTION('center_axis',(1.,0.,0.));
#2645=DIRECTION('ref_axis',(0.,0.342020143325669,0.939692620785908));
#2646=DIRECTION('center_axis',(-1.,-2.65074714387338E-14,0.));
#2647=DIRECTION('ref_axis',(0.,0.342020143325669,0.939692620785908));
#2648=DIRECTION('',(-1.,0.,0.));
#2649=DIRECTION('center_axis',(1.,0.,0.));
#2650=DIRECTION('ref_axis',(0.,0.342020143325669,0.939692620785908));
#2651=DIRECTION('center_axis',(1.,2.77157304929461E-14,0.));
#2652=DIRECTION('ref_axis',(0.,0.342020143325669,0.939692620785908));
#2653=DIRECTION('',(1.,0.,0.));
#2654=DIRECTION('center_axis',(1.,0.,0.));
#2655=DIRECTION('ref_axis',(0.,0.342020143325669,0.939692620785908));
#2656=DIRECTION('center_axis',(1.,2.77157304929461E-14,0.));
#2657=DIRECTION('ref_axis',(0.,0.342020143325669,0.939692620785908));
#2658=DIRECTION('',(1.,0.,0.));
#2659=DIRECTION('center_axis',(1.,0.,0.));
#2660=DIRECTION('ref_axis',(0.,0.342020143325669,0.939692620785908));
#2661=DIRECTION('center_axis',(1.,0.,0.));
#2662=DIRECTION('ref_axis',(0.,0.342020143325669,0.939692620785908));
#2663=DIRECTION('',(-1.,0.,0.));
#2664=DIRECTION('center_axis',(1.,0.,0.));
#2665=DIRECTION('ref_axis',(0.,0.342020143325669,0.939692620785908));
#2666=DIRECTION('center_axis',(0.707106781186548,-0.707106781186548,0.));
#2667=DIRECTION('ref_axis',(0.707106781186548,0.707106781186548,-8.72273588157653E-17));
#2668=DIRECTION('center_axis',(1.,0.,0.));
#2669=DIRECTION('ref_axis',(0.,0.342020143325669,0.939692620785908));
#2670=DIRECTION('center_axis',(1.,0.,0.));
#2671=DIRECTION('ref_axis',(0.,0.342020143325669,0.939692620785908));
#2672=DIRECTION('center_axis',(1.,0.,0.));
#2673=DIRECTION('ref_axis',(0.,0.342020143325669,0.939692620785908));
#2674=DIRECTION('',(1.,0.,0.));
#2675=DIRECTION('center_axis',(-1.,0.,0.));
#2676=DIRECTION('ref_axis',(0.,0.342020143325669,0.939692620785908));
#2677=DIRECTION('center_axis',(-0.707106781186548,-0.707106781186548,0.));
#2678=DIRECTION('ref_axis',(-0.707106781186548,0.707106781186548,-8.72273588157653E-17));
#2679=DIRECTION('center_axis',(-1.,0.,0.));
#2680=DIRECTION('ref_axis',(0.,0.342020143325669,0.939692620785908));
#2681=DIRECTION('center_axis',(-0.707106781186549,-0.707106781186546,0.));
#2682=DIRECTION('ref_axis',(0.,0.,-1.));
#2683=DIRECTION('',(0.,0.,1.));
#2684=DIRECTION('',(0.705847436605184,-0.705847436605188,0.0596556156264898));
#2685=DIRECTION('',(0.,0.,1.));
#2686=DIRECTION('',(0.211541378239861,-0.211541378239859,-0.954201493702856));
#2687=DIRECTION('',(0.572964569300169,-0.572964569300175,-0.586023211701838));
#2688=DIRECTION('',(0.577350269189625,-0.577350269189628,-0.577350269189625));
#2689=DIRECTION('',(0.,0.,1.));
#2690=DIRECTION('center_axis',(-1.,0.,0.));
#2691=DIRECTION('ref_axis',(0.,0.,1.));
#2692=DIRECTION('',(0.,0.,1.));
#2693=DIRECTION('',(0.,-1.,1.30295746482634E-15));
#2694=DIRECTION('',(0.,0.,-1.));
#2695=DIRECTION('',(0.,-0.422618261740763,-0.90630778703662));
#2696=DIRECTION('',(0.,-0.991067926179791,-0.133358035744712));
#2697=DIRECTION('',(0.,-0.6819983600625,0.73135370161917));
#2698=DIRECTION('',(0.,0.42261826174073,0.906307787036636));
#2699=DIRECTION('',(0.,-0.495998442203116,0.868323410563186));
#2700=DIRECTION('',(0.,-0.422618261740759,-0.906307787036622));
#2701=DIRECTION('',(0.,0.868647084570975,0.495431370087063));
#2702=DIRECTION('',(0.,0.,-1.));
#2703=DIRECTION('',(0.,1.,0.));
#2704=DIRECTION('',(0.,0.,1.));
#2705=DIRECTION('',(0.,-1.,0.));
#2706=DIRECTION('',(0.,-0.999746128932739,-0.0225317039747156));
#2707=DIRECTION('',(0.,-0.42261826174073,-0.906307787036636));
#2708=DIRECTION('',(0.,0.495998442203123,-0.868323410563182));
#2709=DIRECTION('',(0.,-0.422618261740732,-0.906307787036635));
#2710=DIRECTION('',(0.,0.681998360062497,-0.731353701619171));
#2711=DIRECTION('',(0.,0.99106792617979,0.133358035744721));
#2712=DIRECTION('',(0.,0.422618261740738,0.906307787036632));
#2713=DIRECTION('',(0.,0.167833767925774,0.985815310463292));
#2714=DIRECTION('center_axis',(1.,0.,0.));
#2715=DIRECTION('ref_axis',(0.,0.,-1.));
#2716=DIRECTION('',(0.,0.,-1.));
#2717=DIRECTION('',(0.,-1.,0.));
#2718=DIRECTION('',(0.,0.,1.));
#2719=DIRECTION('',(0.,-0.868647084570975,-0.495431370087063));
#2720=DIRECTION('',(0.,0.422618261740759,0.906307787036622));
#2721=DIRECTION('',(0.,0.495998442203116,-0.868323410563186));
#2722=DIRECTION('',(0.,-0.42261826174073,-0.906307787036636));
#2723=DIRECTION('',(0.,0.6819983600625,-0.731353701619169));
#2724=DIRECTION('',(0.,0.991067926179791,0.133358035744712));
#2725=DIRECTION('',(0.,0.422618261740763,0.90630778703662));
#2726=DIRECTION('',(0.,0.,-1.));
#2727=DIRECTION('',(0.,1.,-1.30295746482634E-15));
#2728=DIRECTION('',(0.,0.,-1.));
#2729=DIRECTION('',(0.,0.,-1.));
#2730=DIRECTION('',(0.,-0.167833767925774,-0.985815310463292));
#2731=DIRECTION('',(0.,-0.422618261740738,-0.906307787036632));
#2732=DIRECTION('',(0.,-0.99106792617979,-0.133358035744721));
#2733=DIRECTION('',(0.,-0.681998360062497,0.731353701619171));
#2734=DIRECTION('',(0.,0.422618261740732,0.906307787036635));
#2735=DIRECTION('',(0.,-0.495998442203123,0.868323410563182));
#2736=DIRECTION('',(0.,0.42261826174073,0.906307787036636));
#2737=DIRECTION('',(0.,0.999746128932739,0.0225317039747156));
#2738=DIRECTION('',(0.,1.,0.));
#2739=DIRECTION('',(0.,0.,-1.));
#2740=DIRECTION('center_axis',(-1.,-2.65074714387338E-14,0.));
#2741=DIRECTION('ref_axis',(-2.65074714387338E-14,1.,0.));
#2742=DIRECTION('',(1.12025415025769E-14,-0.422618261740625,-0.906307787036685));
#2743=DIRECTION('',(-2.65074714387338E-14,1.,0.));
#2744=DIRECTION('',(0.,0.,1.));
#2745=DIRECTION('',(2.65074714387338E-14,-1.,1.30295746482634E-15));
#2746=DIRECTION('',(0.,0.,-1.));
#2747=DIRECTION('',(-2.65074714387338E-14,1.,0.));
#2748=DIRECTION('',(0.,0.,-1.));
#2749=DIRECTION('',(-2.2220071132237E-14,0.838256911210631,-0.5452754815757));
#2750=DIRECTION('center_axis',(1.,2.77157304929461E-14,0.));
#2751=DIRECTION('ref_axis',(2.77157304929461E-14,-1.,0.));
#2752=DIRECTION('',(-1.17131738438047E-14,0.422618261740777,0.906307787036614));
#2753=DIRECTION('',(2.32329026349634E-14,-0.838256911210634,0.545275481575697));
#2754=DIRECTION('',(0.,0.,-1.));
#2755=DIRECTION('',(2.77157304929461E-14,-1.,0.));
#2756=DIRECTION('',(0.,0.,1.));
#2757=DIRECTION('',(0.,1.,-1.30295746482634E-15));
#2758=DIRECTION('',(0.,0.,-1.));
#2759=DIRECTION('',(2.77157304929461E-14,-1.,0.));
#2760=DIRECTION('center_axis',(0.707106781186539,0.707106781186556,0.));
#2761=DIRECTION('ref_axis',(0.,0.,-1.));
#2762=DIRECTION('',(-0.577350269189633,0.57735026918962,0.577350269189625));
#2763=DIRECTION('',(0.,0.,1.));
#2764=DIRECTION('',(0.707106781186556,-0.707106781186539,0.));
#2765=DIRECTION('',(-0.707106781186556,0.707106781186539,-9.21330058976328E-16));
#2766=DIRECTION('',(0.,0.,1.));
#2767=DIRECTION('',(0.577350269189635,-0.577350269189622,0.57735026918962));
#2768=DIRECTION('',(0.,0.,1.));
#2769=DIRECTION('center_axis',(0.,1.,0.));
#2770=DIRECTION('ref_axis',(0.,0.,1.));
#2771=DIRECTION('',(1.,0.,0.));
#2772=DIRECTION('',(0.,0.,-1.));
#2773=DIRECTION('',(1.,0.,0.));
#2774=DIRECTION('center_axis',(0.,0.707106781186546,0.707106781186549));
#2775=DIRECTION('ref_axis',(0.,-0.707106781186549,0.707106781186546));
#2776=DIRECTION('',(1.,0.,0.));
#2777=DIRECTION('',(0.577350269189627,0.577350269189627,-0.577350269189624));
#2778=DIRECTION('center_axis',(0.,1.,0.));
#2779=DIRECTION('ref_axis',(0.,0.,1.));
#2780=DIRECTION('',(1.,0.,0.));
#2781=DIRECTION('',(0.,0.,-1.));
#2782=DIRECTION('center_axis',(0.,-1.30295746482634E-15,-1.));
#2783=DIRECTION('ref_axis',(0.,1.,-1.30295746482634E-15));
#2784=DIRECTION('',(-0.746230599808507,-0.665687533238708,8.67362540675208E-16));
#2785=DIRECTION('',(2.50305906231203E-16,-1.,1.30295746482634E-15));
#2786=DIRECTION('',(0.965925826289068,-0.258819045102521,3.37230206855555E-16));
#2787=DIRECTION('',(0.965925826289069,0.25881904510252,-3.37230206855554E-16));
#2788=DIRECTION('',(2.50305906231203E-16,1.,-1.30295746482634E-15));
#2789=DIRECTION('',(-0.746230599808507,0.665687533238708,-8.67362540675208E-16));
#2790=DIRECTION('',(-0.707106781186538,-0.707106781186557,9.21330058976351E-16));
#2791=DIRECTION('',(1.,0.,0.));
#2792=DIRECTION('',(-0.707106781186548,0.707106781186548,-9.21330058976339E-16));
#2793=DIRECTION('',(0.707106781186545,0.70710678118655,-9.21330058976341E-16));
#2794=DIRECTION('',(-3.29597922457265E-15,1.,-1.30295746482634E-15));
#2795=DIRECTION('',(0.965925826289068,0.258819045102521,-3.37230206855555E-16));
#2796=DIRECTION('',(0.965925826289068,-0.258819045102521,3.37230206855555E-16));
#2797=DIRECTION('',(-3.29597922457265E-15,-1.,1.30295746482634E-15));
#2798=DIRECTION('',(0.707106781186545,-0.70710678118655,9.21330058976341E-16));
#2799=DIRECTION('',(-0.707106781186548,-0.707106781186548,9.21330058976339E-16));
#2800=DIRECTION('center_axis',(0.,1.30295746482634E-15,1.));
#2801=DIRECTION('ref_axis',(1.,0.,0.));
#2802=DIRECTION('center_axis',(0.,1.30295746482634E-15,1.));
#2803=DIRECTION('ref_axis',(1.,0.,0.));
#2804=DIRECTION('center_axis',(-0.707106781186548,0.707106781186548,0.));
#2805=DIRECTION('ref_axis',(0.,0.,1.));
#2806=DIRECTION('',(0.707106781186548,0.707106781186548,0.));
#2807=DIRECTION('',(0.,0.,-1.));
#2808=DIRECTION('',(-0.577350269189624,-0.577350269189624,-0.577350269189629));
#2809=DIRECTION('center_axis',(0.,0.,1.));
#2810=DIRECTION('ref_axis',(1.,0.,0.));
#2811=DIRECTION('',(1.,0.,0.));
#2812=DIRECTION('',(-0.707106781186578,0.707106781186517,0.));
#2813=DIRECTION('',(-0.996194698091746,0.0871557427476567,0.));
#2814=DIRECTION('',(0.996194698091746,0.0871557427476561,0.));
#2815=DIRECTION('',(0.707106781186549,0.707106781186546,0.));
#2816=DIRECTION('',(0.707106781186548,-0.707106781186548,0.));
#2817=DIRECTION('',(1.,0.,0.));
#2818=DIRECTION('',(0.707106781186538,0.707106781186557,0.));
#2819=DIRECTION('',(-0.996194698091746,-0.0871557427476564,0.));
#2820=DIRECTION('',(-0.996194698091746,0.0871557427476572,0.));
#2821=DIRECTION('center_axis',(0.,0.,1.));
#2822=DIRECTION('ref_axis',(1.,0.,0.));
#2823=DIRECTION('center_axis',(0.,0.,1.));
#2824=DIRECTION('ref_axis',(1.,0.,0.));
#2825=DIRECTION('center_axis',(-0.707106781186557,0.707106781186538,0.));
#2826=DIRECTION('ref_axis',(0.,0.,1.));
#2827=DIRECTION('',(0.,0.,-1.));
#2828=DIRECTION('',(-0.577350269189614,-0.577350269189629,-0.577350269189635));
#2829=DIRECTION('',(0.,0.,-1.));
#2830=DIRECTION('',(0.577350269189616,0.577350269189632,-0.57735026918963));
#2831=DIRECTION('',(0.,0.,-1.));
#2832=DIRECTION('center_axis',(0.,0.707106781186551,-0.707106781186544));
#2833=DIRECTION('ref_axis',(0.,0.707106781186544,0.707106781186551));
#2834=DIRECTION('',(1.,0.,0.));
#2835=DIRECTION('',(-0.577350269189624,0.577350269189624,0.577350269189629));
#2836=DIRECTION('',(1.,0.,0.));
#2837=DIRECTION('center_axis',(0.,1.,0.));
#2838=DIRECTION('ref_axis',(0.,0.,1.));
#2839=DIRECTION('',(0.,0.,1.));
#2840=DIRECTION('center_axis',(0.707106781186548,0.707106781186548,0.));
#2841=DIRECTION('ref_axis',(0.,0.,-1.));
#2842=DIRECTION('',(0.,0.,1.));
#2843=DIRECTION('',(0.577350269189627,-0.577350269189627,0.577350269189624));
#2844=DIRECTION('',(0.,0.,1.));
#2845=DIRECTION('center_axis',(0.,1.,0.));
#2846=DIRECTION('ref_axis',(0.,0.,1.));
#2847=DIRECTION('',(1.,0.,0.));
#2848=DIRECTION('center_axis',(0.,0.707106781186546,0.707106781186549));
#2849=DIRECTION('ref_axis',(0.,-0.707106781186549,0.707106781186546));
#2850=DIRECTION('',(1.,0.,0.));
#2851=DIRECTION('center_axis',(0.,1.,0.));
#2852=DIRECTION('ref_axis',(0.,0.,1.));
#2853=DIRECTION('center_axis',(-0.707106781186547,1.76993003667127E-16,
-0.707106781186548));
#2854=DIRECTION('ref_axis',(-0.707106781186548,0.,0.707106781186547));
#2855=DIRECTION('',(-0.598064822315336,0.533513764225303,0.598064822315335));
#2856=DIRECTION('',(-2.50305906231203E-16,-1.,0.));
#2857=DIRECTION('',(0.694746590606866,0.186156787897386,-0.694746590606865));
#2858=DIRECTION('',(-0.118530812456968,0.985850340060084,0.118530812456968));
#2859=DIRECTION('center_axis',(0.258819045102521,-0.965925826289068,0.));
#2860=DIRECTION('ref_axis',(0.965925826289068,0.258819045102521,0.));
#2861=DIRECTION('',(-0.0573336303447441,-0.0153624999500187,-0.998236869899513));
#2862=DIRECTION('',(0.,0.,1.));
#2863=DIRECTION('',(0.,0.,1.));
#2864=DIRECTION('',(-0.961351086262923,-0.257593247206932,-0.097210122592697));
#2865=DIRECTION('',(0.965925826289069,0.25881904510252,0.));
#2866=DIRECTION('center_axis',(1.,-2.50305906231203E-16,0.));
#2867=DIRECTION('ref_axis',(2.50305906231203E-16,1.,0.));
#2868=DIRECTION('',(0.,0.,-1.));
#2869=DIRECTION('center_axis',(0.707106781186547,1.76993003667127E-16,-0.707106781186548));
#2870=DIRECTION('ref_axis',(-0.707106781186548,0.,-0.707106781186547));
#2871=DIRECTION('',(0.694746590606866,-0.186156787897386,0.694746590606865));
#2872=DIRECTION('',(-2.50305906231203E-16,1.,0.));
#2873=DIRECTION('',(-0.598064822315336,-0.533513764225303,-0.598064822315335));
#2874=DIRECTION('',(-0.118530812456967,-0.985850340060084,-0.118530812456967));
#2875=DIRECTION('center_axis',(-0.665687533238708,0.746230599808507,0.));
#2876=DIRECTION('ref_axis',(-0.746230599808507,-0.665687533238708,-4.35226423335616E-46));
#2877=DIRECTION('',(0.,0.,1.));
#2878=DIRECTION('center_axis',(-1.,-2.50305906231203E-16,0.));
#2879=DIRECTION('ref_axis',(2.50305906231203E-16,-1.,0.));
#2880=DIRECTION('',(0.,0.,1.));
#2881=DIRECTION('center_axis',(0.665687533238708,0.746230599808507,0.));
#2882=DIRECTION('ref_axis',(-0.746230599808507,0.665687533238708,4.35226423335616E-46));
#2883=DIRECTION('center_axis',(0.,0.,1.));
#2884=DIRECTION('ref_axis',(1.,0.,0.));
#2885=DIRECTION('',(0.126352409449856,-0.991985417547161,0.));
#2886=DIRECTION('',(-0.857029830168045,-0.515266795167447,0.));
#2887=DIRECTION('center_axis',(0.,0.,1.));
#2888=DIRECTION('ref_axis',(1.,0.,0.));
#2889=DIRECTION('',(0.126352409449856,0.991985417547161,0.));
#2890=DIRECTION('',(-0.857029830168044,0.515266795167449,0.));
#2891=DIRECTION('',(0.965925826289069,-0.25881904510252,0.));
#2892=DIRECTION('center_axis',(0.171958245538718,-0.286013667777972,-0.942669901734132));
#2893=DIRECTION('ref_axis',(0.984807753012209,0.0733868910000359,0.157378695624257));
#2894=DIRECTION('',(8.19247357964186E-16,-0.956924013081786,0.290338480376696));
#2895=DIRECTION('',(-0.97896245624725,-0.156304060444324,-0.131154679470343));
#2896=DIRECTION('',(0.138233705503254,-0.94045004296733,0.310556209639394));
#2897=DIRECTION('center_axis',(-0.171958245538719,-0.286013667777972,-0.942669901734132));
#2898=DIRECTION('ref_axis',(0.984807753012209,-0.0733868910000356,-0.157378695624258));
#2899=DIRECTION('',(0.961351086262922,-0.257593247206933,-0.0972101225926977));
#2900=DIRECTION('',(-0.138233705503253,-0.94045004296733,0.310556209639395));
#2901=DIRECTION('',(-0.97896245624725,0.156304060444325,0.131154679470344));
#2902=DIRECTION('center_axis',(-0.99026806874157,0.126133665146145,-0.0588170940088053));
#2903=DIRECTION('ref_axis',(-2.84738024253496E-16,-0.422618261740699,-0.90630778703665));
#2904=DIRECTION('',(-0.13809307943504,-0.837974739198386,0.527947571144659));
#2905=DIRECTION('',(-0.0592906331641919,1.66240481872304E-16,0.998240762951999));
#2906=DIRECTION('',(3.7355092200961E-16,0.4226182617407,0.90630778703665));
#2907=DIRECTION('',(0.0592906331641926,0.764696789354228,0.641656793909583));
#2908=DIRECTION('',(-0.0573336303447432,0.0153624999500184,0.998236869899513));
#2909=DIRECTION('center_axis',(0.99026806874157,0.126133665146146,-0.0588170940088063));
#2910=DIRECTION('ref_axis',(3.98274427907781E-16,0.422618261740699,0.90630778703665));
#2911=DIRECTION('',(0.0592906331641923,-0.764696789354228,-0.641656793909583));
#2912=DIRECTION('',(-3.37632564124071E-16,-0.422618261740699,-0.90630778703665));
#2913=DIRECTION('',(-0.0592906331641929,-1.66240481872304E-16,-0.998240762951999));
#2914=DIRECTION('',(0.138093079435041,-0.837974739198385,0.527947571144659));
#2915=DIRECTION('center_axis',(-0.103511199448583,0.542346418809945,0.833754036627556));
#2916=DIRECTION('ref_axis',(-0.994521895368273,-0.0441756374486023,-0.094734960226448));
#2917=DIRECTION('',(-0.980374553798715,0.0857716594666726,-0.177507624332884));
#2918=DIRECTION('',(2.69588952106264E-15,-0.838256911210632,0.545275481575698));
#2919=DIRECTION('',(0.992381254955074,2.05177357719422E-17,0.12320488956934));
#2920=DIRECTION('center_axis',(0.103511199448583,0.542346418809946,0.833754036627555));
#2921=DIRECTION('ref_axis',(-0.994521895368273,0.0441756374486017,0.0947349602264486));
#2922=DIRECTION('',(-0.980374553798715,-0.0857716594666718,0.177507624332884));
#2923=DIRECTION('',(0.992381254955074,-2.05177357719422E-17,-0.12320488956934));
#2924=DIRECTION('center_axis',(-0.258819045102521,-0.965925826289068,0.));
#2925=DIRECTION('ref_axis',(0.965925826289068,-0.258819045102521,0.));
#2926=DIRECTION('center_axis',(0.,1.,-1.66533453693773E-16));
#2927=DIRECTION('ref_axis',(-1.,0.,0.));
#2928=DIRECTION('',(0.960292099389683,4.64622617076564E-17,0.278996566017856));
#2929=DIRECTION('',(0.933629043028976,-5.96591565255435E-17,-0.358241273463568));
#2930=DIRECTION('',(1.,0.,0.));
#2931=DIRECTION('',(0.933629043028976,5.96591565255435E-17,0.358241273463568));
#2932=DIRECTION('',(0.960292099389683,-4.64622617076564E-17,-0.278996566017856));
#2933=DIRECTION('center_axis',(0.121869343405147,0.89955230622579,-0.419468129304076));
#2934=DIRECTION('ref_axis',(-8.32667268468867E-17,0.422618261740699,0.90630778703665));
#2935=DIRECTION('',(-0.960292099389683,0.213723769047256,0.17933553578137));
#2936=DIRECTION('',(2.31448982464062E-13,-0.422618261740725,-0.906307787036638));
#2937=DIRECTION('center_axis',(0.,0.642787609686539,-0.766044443118978));
#2938=DIRECTION('ref_axis',(1.,0.,0.));
#2939=DIRECTION('',(-0.960292099389683,-0.213723769047256,-0.17933553578137));
#2940=DIRECTION('',(-0.933629043028942,0.2744287368327,0.230273051860765));
#2941=DIRECTION('',(-0.933629043028942,-0.2744287368327,-0.230273051860765));
#2942=DIRECTION('center_axis',(-0.121869343405148,0.89955230622579,-0.419468129304076));
#2943=DIRECTION('ref_axis',(-2.77555756156289E-16,-0.4226182617407,-0.90630778703665));
#2944=DIRECTION('',(2.31051303800034E-13,0.422618261740725,0.906307787036638));
#2945=DIRECTION('center_axis',(0.,0.,1.));
#2946=DIRECTION('ref_axis',(0.,-1.,0.));
#2947=DIRECTION('',(-0.98436709149258,-0.17612901290372,0.));
#2948=DIRECTION('',(0.518924781827117,0.854819905480493,0.));
#2949=DIRECTION('',(-0.707106781186549,-0.707106781186546,0.));
#2950=DIRECTION('',(-0.996194698091746,-0.0871557427476561,0.));
#2951=DIRECTION('',(-0.996194698091746,0.0871557427476567,0.));
#2952=DIRECTION('',(-0.707106781186578,0.707106781186517,0.));
#2953=DIRECTION('',(0.518924781827117,-0.854819905480493,0.));
#2954=DIRECTION('',(-0.98436709149258,0.17612901290372,0.));
#2955=DIRECTION('center_axis',(0.160071158553662,-0.894621381109141,0.417168801160466));
#2956=DIRECTION('ref_axis',(0.,-0.422618261740759,-0.906307787036622));
#2957=DIRECTION('',(0.,-0.422618261740759,-0.906307787036622));
#2958=DIRECTION('',(0.985047602213243,0.117496306398277,-0.125999362524987));
#2959=DIRECTION('',(0.936222667044145,0.27153143092023,0.223064564050769));
#2960=DIRECTION('',(3.86336827779486E-14,0.422618261740765,0.906307787036619));
#2961=DIRECTION('',(0.852095860885951,0.338576147821107,0.399122582658072));
#2962=DIRECTION('',(-0.6419815545411,0.226677801039546,0.732445805602619));
#2963=DIRECTION('center_axis',(-0.707106781186546,0.0159323206722093,-0.706927267233342));
#2964=DIRECTION('ref_axis',(0.,0.999746128932739,0.0225317039747156));
#2965=DIRECTION('',(0.647379104433495,0.416728877078158,-0.638151500940069));
#2966=DIRECTION('',(0.70708434016204,0.00796691880378364,-0.70708434016204));
#2967=DIRECTION('center_axis',(-0.707106781186549,0.640856382055777,-0.298836238730141));
#2968=DIRECTION('ref_axis',(0.,0.42261826174073,0.906307787036636));
#2969=DIRECTION('',(0.664023331817193,0.747073458314604,0.0308911424886076));
#2970=DIRECTION('',(0.,-0.42261826174073,-0.906307787036636));
#2971=DIRECTION('center_axis',(-0.707106781186547,0.613997371872256,0.350723861939792));
#2972=DIRECTION('ref_axis',(0.,-0.495998442203123,0.868323410563182));
#2973=DIRECTION('',(0.664023331817191,0.747073458314606,0.0308911424886016));
#2974=DIRECTION('',(0.,0.495998442203123,-0.868323410563182));
#2975=DIRECTION('center_axis',(-0.707106781186551,0.640856382055774,-0.298836238730141));
#2976=DIRECTION('ref_axis',(0.,0.422618261740732,0.906307787036635));
#2977=DIRECTION('',(0.638230619643248,0.760367156448277,0.120430326515197));
#2978=DIRECTION('',(0.,-0.422618261740732,-0.906307787036635));
#2979=DIRECTION('',(0.432537568646339,0.726341011022123,0.534172245082871));
#2980=DIRECTION('center_axis',(-0.707106781186546,0.5171451618608,0.482245665158297));
#2981=DIRECTION('ref_axis',(0.,-0.681998360062497,0.731353701619171));
#2982=DIRECTION('',(0.664143851524343,0.251622835651109,0.703987850080743));
#2983=DIRECTION('center_axis',(-0.707106781186547,-0.0942983714008106,0.700790851218219));
#2984=DIRECTION('ref_axis',(0.,-0.99106792617979,-0.133358035744721));
#2985=DIRECTION('',(0.659531239497199,-0.445339382266908,0.605550475789935));
#2986=DIRECTION('',(0.,0.99106792617979,0.133358035744721));
#2987=DIRECTION('center_axis',(-0.707106781186548,-0.640856382055775,0.298836238730147));
#2988=DIRECTION('ref_axis',(0.,-0.422618261740738,-0.906307787036632));
#2989=DIRECTION('',(0.703923086390585,-0.67802969524307,0.211584547675257));
#2990=DIRECTION('',(0.,0.422618261740738,0.906307787036632));
#2991=DIRECTION('center_axis',(-0.707106781186549,-0.697076691026114,0.118676395412404));
#2992=DIRECTION('ref_axis',(0.,-0.167833767925774,-0.985815310463292));
#2993=DIRECTION('',(0.,0.167833767925774,0.985815310463292));
#2994=DIRECTION('center_axis',(-0.707106781186548,0.,-0.707106781186548));
#2995=DIRECTION('ref_axis',(0.,1.,0.));
#2996=DIRECTION('center_axis',(1.,0.,0.));
#2997=DIRECTION('ref_axis',(0.,0.,-1.));
#2998=DIRECTION('center_axis',(-0.707106781186546,-0.0159323206722093,0.706927267233342));
#2999=DIRECTION('ref_axis',(0.,0.999746128932739,0.0225317039747156));
#3000=DIRECTION('',(-0.647379104433495,0.416728877078158,-0.638151500940069));
#3001=DIRECTION('',(-0.572964569300169,-0.572964569300175,-0.586023211701838));
#3002=DIRECTION('',(-0.70708434016204,0.00796691880378364,-0.70708434016204));
#3003=DIRECTION('center_axis',(-0.707106781186549,-0.640856382055777,0.298836238730141));
#3004=DIRECTION('ref_axis',(0.,0.42261826174073,0.906307787036636));
#3005=DIRECTION('',(-0.664023331817193,0.747073458314604,0.0308911424886076));
#3006=DIRECTION('',(0.,-0.42261826174073,-0.906307787036636));
#3007=DIRECTION('',(-0.211541378239861,-0.211541378239859,-0.954201493702856));
#3008=DIRECTION('center_axis',(-0.707106781186547,-0.613997371872256,-0.350723861939792));
#3009=DIRECTION('ref_axis',(0.,-0.495998442203123,0.868323410563182));
#3010=DIRECTION('',(-0.664023331817191,0.747073458314606,0.0308911424886016));
#3011=DIRECTION('',(0.,0.495998442203123,-0.868323410563182));
#3012=DIRECTION('center_axis',(-0.707106781186551,-0.640856382055774,0.298836238730141));
#3013=DIRECTION('ref_axis',(0.,0.422618261740732,0.906307787036635));
#3014=DIRECTION('',(-0.638230619643248,0.760367156448277,0.120430326515197));
#3015=DIRECTION('',(-0.432537568646339,0.726341011022123,0.534172245082871));
#3016=DIRECTION('',(0.,-0.422618261740732,-0.906307787036635));
#3017=DIRECTION('center_axis',(-0.707106781186546,-0.5171451618608,-0.482245665158297));
#3018=DIRECTION('ref_axis',(0.,-0.681998360062497,0.731353701619171));
#3019=DIRECTION('',(-0.664143851524343,0.251622835651109,0.703987850080743));
#3020=DIRECTION('center_axis',(-0.707106781186547,0.0942983714008106,-0.700790851218219));
#3021=DIRECTION('ref_axis',(0.,-0.99106792617979,-0.133358035744721));
#3022=DIRECTION('',(-0.659531239497199,-0.445339382266908,0.605550475789935));
#3023=DIRECTION('',(0.,0.99106792617979,0.133358035744721));
#3024=DIRECTION('center_axis',(-0.707106781186548,0.640856382055775,-0.298836238730147));
#3025=DIRECTION('ref_axis',(0.,-0.422618261740738,-0.906307787036632));
#3026=DIRECTION('',(-0.703923086390585,-0.67802969524307,0.211584547675257));
#3027=DIRECTION('',(0.,0.422618261740738,0.906307787036632));
#3028=DIRECTION('center_axis',(-0.707106781186549,0.697076691026114,-0.118676395412404));
#3029=DIRECTION('ref_axis',(0.,-0.167833767925774,-0.985815310463292));
#3030=DIRECTION('',(-0.705847436605184,-0.705847436605188,0.0596556156264898));
#3031=DIRECTION('',(0.,0.167833767925774,0.985815310463292));
#3032=DIRECTION('center_axis',(-0.707106781186549,0.707106781186546,0.));
#3033=DIRECTION('ref_axis',(0.,0.,-1.));
#3034=DIRECTION('',(-0.577350269189625,-0.577350269189628,-0.577350269189625));
#3035=DIRECTION('',(0.,0.,1.));
#3036=DIRECTION('center_axis',(-0.707106781186548,0.,0.707106781186548));
#3037=DIRECTION('ref_axis',(0.,1.,0.));
#3038=DIRECTION('center_axis',(1.,0.,0.));
#3039=DIRECTION('ref_axis',(0.,0.,-1.));
#3040=DIRECTION('center_axis',(-0.0871557427476572,-0.996194698091746,0.));
#3041=DIRECTION('ref_axis',(-0.996194698091746,0.0871557427476572,0.));
#3042=DIRECTION('',(0.,0.,-1.));
#3043=DIRECTION('center_axis',(0.0871557427476564,-0.996194698091746,0.));
#3044=DIRECTION('ref_axis',(-0.996194698091746,-0.0871557427476564,0.));
#3045=DIRECTION('center_axis',(0.,0.707106781186551,-0.707106781186544));
#3046=DIRECTION('ref_axis',(0.,0.707106781186544,0.707106781186551));
#3047=DIRECTION('',(1.,0.,0.));
#3048=DIRECTION('center_axis',(0.,1.,0.));
#3049=DIRECTION('ref_axis',(0.,0.,1.));
#3050=DIRECTION('center_axis',(-0.350800434887293,0.684876350533445,0.638657529011344));
#3051=DIRECTION('ref_axis',(0.936450241541368,0.256559196584437,0.239245321302346));
#3052=DIRECTION('',(-0.890038034364076,-0.455886276811807,5.36432945206898E-16));
#3053=DIRECTION('',(-0.699885331491081,0.261369072768855,-0.664715526043711));
#3054=DIRECTION('',(0.707106781186545,0.640856382055781,-0.298836238730141));
#3055=DIRECTION('',(2.38944510961424E-14,-0.681998360062493,0.731353701619176));
#3056=DIRECTION('center_axis',(0.350800434887292,0.684876350533445,0.638657529011345));
#3057=DIRECTION('ref_axis',(0.936450241541368,-0.256559196584436,-0.239245321302345));
#3058=DIRECTION('',(0.936222667044146,-0.271531430920229,-0.223064564050768));
#3059=DIRECTION('',(0.707106781186545,-0.640856382055781,0.298836238730142));
#3060=DIRECTION('',(-0.699885331491081,-0.261369072768856,0.664715526043711));
#3061=DIRECTION('',(-0.890038034364077,0.455886276811806,-5.36432945206897E-16));
#3062=DIRECTION('',(2.37362096981548E-14,0.681998360062493,-0.731353701619176));
#3063=DIRECTION('center_axis',(-0.160071158553662,-0.894621381109141,0.417168801160466));
#3064=DIRECTION('ref_axis',(0.,-0.422618261740759,-0.906307787036622));
#3065=DIRECTION('',(-0.6419815545411,-0.226677801039546,-0.732445805602619));
#3066=DIRECTION('',(0.852095860885951,-0.338576147821107,-0.399122582658072));
#3067=DIRECTION('',(3.86336827779486E-14,-0.422618261740765,-0.906307787036619));
#3068=DIRECTION('',(0.985047602213243,-0.117496306398277,0.125999362524987));
#3069=DIRECTION('center_axis',(0.,-0.731353701619176,-0.681998360062493));
#3070=DIRECTION('ref_axis',(0.,0.681998360062493,-0.731353701619176));
#3071=DIRECTION('',(1.,0.,0.));
#3072=DIRECTION('center_axis',(0.,-1.1766814938111E-15,-1.));
#3073=DIRECTION('ref_axis',(0.,1.,-1.1766814938111E-15));
#3074=DIRECTION('',(0.133358035744714,0.991067926179791,-1.16617128784551E-15));
#3075=DIRECTION('',(-1.,0.,0.));
#3076=DIRECTION('',(0.133358035744714,-0.991067926179791,1.16617128784551E-15));
#3077=DIRECTION('center_axis',(-0.703927566165011,0.094720447560213,-0.703927566165012));
#3078=DIRECTION('ref_axis',(-0.0669774707868517,-0.995503910998843,-0.0669774707868511));
#3079=DIRECTION('',(-0.647400737516884,0.322098414629841,0.690742279258725));
#3080=DIRECTION('center_axis',(-0.703927566165011,-0.094720447560213,0.703927566165012));
#3081=DIRECTION('ref_axis',(0.0669774707868517,-0.995503910998843,-0.0669774707868511));
#3082=DIRECTION('',(-0.647400737516884,-0.322098414629841,-0.690742279258725));
#3083=DIRECTION('center_axis',(0.,0.90630778703662,-0.422618261740763));
#3084=DIRECTION('ref_axis',(0.,0.422618261740763,0.90630778703662));
#3085=DIRECTION('',(0.389281620635073,-0.389281620635075,-0.834817129478942));
#3086=DIRECTION('',(1.,0.,0.));
#3087=DIRECTION('',(0.389281620635073,0.389281620635075,0.834817129478942));
#3088=DIRECTION('center_axis',(-0.70710678118655,-0.640856382055777,0.298836238730141));
#3089=DIRECTION('ref_axis',(-1.64035451888367E-14,0.422618261740745,0.906307787036629));
#3090=DIRECTION('',(-0.707106781186545,0.640856382055771,-0.298836238730164));
#3091=DIRECTION('center_axis',(-0.49999999999999,-0.751990132248469,-0.429547251185409));
#3092=DIRECTION('ref_axis',(-0.500000000000013,-0.154317654788164,0.852165512926138));
#3093=DIRECTION('center_axis',(-0.632280199348978,-0.3838303979554,0.672975463978157));
#3094=DIRECTION('ref_axis',(0.316578188622052,0.664813750748123,0.676609878220082));
#3095=DIRECTION('center_axis',(-0.632280199348978,0.3838303979554,-0.672975463978157));
#3096=DIRECTION('ref_axis',(-0.316578188622052,0.664813750748123,0.676609878220082));
#3097=DIRECTION('center_axis',(-0.70710678118655,0.640856382055777,-0.298836238730141));
#3098=DIRECTION('ref_axis',(1.64035451888367E-14,0.422618261740745,0.906307787036629));
#3099=DIRECTION('',(0.707106781186545,0.640856382055771,-0.298836238730164));
#3100=DIRECTION('center_axis',(-0.49999999999999,0.751990132248469,0.429547251185409));
#3101=DIRECTION('ref_axis',(0.500000000000013,-0.154317654788164,0.852165512926138));
#3102=DIRECTION('center_axis',(0.,0.,1.));
#3103=DIRECTION('ref_axis',(1.,0.,0.));
#3104=DIRECTION('',(0.,0.,1.));
#3105=DIRECTION('',(0.,0.,1.));
#3106=DIRECTION('',(0.,0.,1.));
#3107=DIRECTION('center_axis',(0.,0.,1.));
#3108=DIRECTION('ref_axis',(1.,0.,0.));
#3109=DIRECTION('',(0.,0.,1.));
#3110=DIRECTION('',(0.,0.,1.));
#3111=DIRECTION('',(0.,0.,1.));
#3112=DIRECTION('center_axis',(-0.0871557427476567,-0.996194698091746,0.));
#3113=DIRECTION('ref_axis',(0.996194698091746,-0.0871557427476567,0.));
#3114=DIRECTION('',(0.,0.,1.));
#3115=DIRECTION('',(0.,0.,1.));
#3116=DIRECTION('center_axis',(-0.707106781186517,-0.707106781186578,0.));
#3117=DIRECTION('ref_axis',(0.707106781186578,-0.707106781186517,0.));
#3118=DIRECTION('center_axis',(0.707106781186546,-0.707106781186549,0.));
#3119=DIRECTION('ref_axis',(0.707106781186549,0.707106781186546,0.));
#3120=DIRECTION('',(0.,0.,1.));
#3121=DIRECTION('center_axis',(0.0871557427476561,-0.996194698091746,0.));
#3122=DIRECTION('ref_axis',(0.996194698091746,0.0871557427476561,0.));
#3123=DIRECTION('center_axis',(0.70710678118655,-0.707106781186545,0.));
#3124=DIRECTION('ref_axis',(-0.707106781186545,-0.70710678118655,0.));
#3125=DIRECTION('',(0.707106781186545,0.70710678118655,0.));
#3126=DIRECTION('',(0.,0.,-1.));
#3127=DIRECTION('center_axis',(-0.70710678118655,-0.707106781186545,0.));
#3128=DIRECTION('ref_axis',(-0.707106781186545,0.70710678118655,0.));
#3129=DIRECTION('',(0.,0.,-1.));
#3130=DIRECTION('',(0.707106781186545,-0.70710678118655,0.));
#3131=DIRECTION('center_axis',(-1.,3.29597922457265E-15,0.));
#3132=DIRECTION('ref_axis',(3.29597922457265E-15,1.,0.));
#3133=DIRECTION('',(0.,0.,1.));
#3134=DIRECTION('',(-3.29597922457265E-15,-1.,0.));
#3135=DIRECTION('center_axis',(-0.258819045102521,-0.965925826289068,0.));
#3136=DIRECTION('ref_axis',(-0.965925826289068,0.258819045102521,0.));
#3137=DIRECTION('',(0.,0.,1.));
#3138=DIRECTION('',(0.965925826289068,-0.258819045102521,0.));
#3139=DIRECTION('center_axis',(0.258819045102521,-0.965925826289068,0.));
#3140=DIRECTION('ref_axis',(-0.965925826289068,-0.258819045102521,0.));
#3141=DIRECTION('',(0.,0.,1.));
#3142=DIRECTION('',(0.965925826289068,0.258819045102521,0.));
#3143=DIRECTION('center_axis',(1.,3.29597922457265E-15,0.));
#3144=DIRECTION('ref_axis',(3.29597922457265E-15,-1.,0.));
#3145=DIRECTION('',(-3.29597922457265E-15,1.,0.));
#3146=DIRECTION('center_axis',(0.,0.,-1.));
#3147=DIRECTION('ref_axis',(-1.,0.,0.));
#3148=CARTESIAN_POINT('',(0.,0.,0.));
#3149=CARTESIAN_POINT('Origin',(12.,-59.6568348809976,11.6500128439432));
#3150=CARTESIAN_POINT('',(12.,-60.4263802034804,9.53570444717486));
#3151=CARTESIAN_POINT('',(12.359413306334,-60.4263802034704,9.53570444717124));
#3152=CARTESIAN_POINT('',(12.,-60.4263802034804,9.53570444717487));
#3153=CARTESIAN_POINT('',(12.,-59.845643923739,13.8920768808027));
#3154=CARTESIAN_POINT('Origin',(12.,-59.6568348809976,11.6500128439432));
#3155=CARTESIAN_POINT('',(16.640586693666,-60.4263802034704,9.53570444717124));
#3156=CARTESIAN_POINT('Ctrl Pts',(16.640586693666,-60.4263802034604,9.53570444716761));
#3157=CARTESIAN_POINT('Ctrl Pts',(16.6825964420649,-60.3742911513231,9.51674558265905));
#3158=CARTESIAN_POINT('Ctrl Pts',(16.7228606901703,-60.3204753922435,9.4993384704496));
#3159=CARTESIAN_POINT('Ctrl Pts',(16.8889602105137,-60.0804816979125,9.43196017209182));
#3160=CARTESIAN_POINT('Ctrl Pts',(17.0053139709055,-59.8601787539303,9.39736872045231));
#3161=CARTESIAN_POINT('Ctrl Pts',(17.1710420719088,-59.3986752258162,9.4029908431514));
#3162=CARTESIAN_POINT('Ctrl Pts',(17.2204574709523,-59.1575013414453,9.44414625627963));
#3163=CARTESIAN_POINT('Ctrl Pts',(17.2579670430485,-58.7292349656693,9.58810328278267));
#3164=CARTESIAN_POINT('Ctrl Pts',(17.2504542162993,-58.5136506905224,9.69758755506197));
#3165=CARTESIAN_POINT('Ctrl Pts',(17.1974900387005,-58.1314298472738,9.97909277908159));
#3166=CARTESIAN_POINT('Ctrl Pts',(17.1533075240721,-57.9645988819398,10.151087045992));
#3167=CARTESIAN_POINT('Ctrl Pts',(17.0674834348238,-57.7052720546161,10.5083435026415));
#3168=CARTESIAN_POINT('Ctrl Pts',(17.0184986058142,-57.5925262999392,10.7231928626197));
#3169=CARTESIAN_POINT('Ctrl Pts',(16.9474289173225,-57.4432478574239,11.1805487582249));
#3170=CARTESIAN_POINT('Ctrl Pts',(16.9269783631082,-57.4068348809976,11.4233468115387));
#3171=CARTESIAN_POINT('Ctrl Pts',(16.9269783631082,-57.4068348809976,11.8766788763476));
#3172=CARTESIAN_POINT('Ctrl Pts',(16.9474289173225,-57.4432478574239,12.1194769296614));
#3173=CARTESIAN_POINT('Ctrl Pts',(17.0184986058142,-57.5925262999392,12.5768328252667));
#3174=CARTESIAN_POINT('Ctrl Pts',(17.0674834348238,-57.7052720546161,12.7916821852448));
#3175=CARTESIAN_POINT('Ctrl Pts',(17.1533075240721,-57.9645988819398,13.1489386418943));
#3176=CARTESIAN_POINT('Ctrl Pts',(17.1974900387005,-58.1314298472738,13.3209329088047));
#3177=CARTESIAN_POINT('Ctrl Pts',(17.2504542162993,-58.5136506905224,13.6024381328243));
#3178=CARTESIAN_POINT('Ctrl Pts',(17.2579670430485,-58.7292349656693,13.7119224051037));
#3179=CARTESIAN_POINT('Ctrl Pts',(17.2204574709523,-59.1575013414453,13.8558794316067));
#3180=CARTESIAN_POINT('Ctrl Pts',(17.1710420719088,-59.3986752258162,13.8970348447349));
#3181=CARTESIAN_POINT('Ctrl Pts',(17.0053139709055,-59.8601787539303,13.902656967434));
#3182=CARTESIAN_POINT('Ctrl Pts',(16.8889602105137,-60.0804816979125,13.8680655157945));
#3183=CARTESIAN_POINT('Ctrl Pts',(16.5047102905466,-60.6356763044266,13.7121944711463));
#3184=CARTESIAN_POINT('Ctrl Pts',(16.1647117377181,-60.9318307771826,13.5232676865559));
#3185=CARTESIAN_POINT('Ctrl Pts',(15.5861586650281,-61.2357865411076,13.2585722791109));
#3186=CARTESIAN_POINT('Ctrl Pts',(15.3819129638127,-61.3140523899674,13.1741368768729));
#3187=CARTESIAN_POINT('Ctrl Pts',(14.9546369574098,-61.4210796921842,13.0488318091893));
#3188=CARTESIAN_POINT('Ctrl Pts',(14.7313199118036,-61.45,13.0090782787156));
#3189=CARTESIAN_POINT('Ctrl Pts',(14.5,-61.45,13.0090782787156));
#3190=CARTESIAN_POINT('Ctrl Pts',(14.2686800881964,-61.45,13.0090782787156));
#3191=CARTESIAN_POINT('Ctrl Pts',(14.0453630425902,-61.4210796921842,13.0488318091893));
#3192=CARTESIAN_POINT('Ctrl Pts',(13.6180870361873,-61.3140523899674,13.1741368768729));
#3193=CARTESIAN_POINT('Ctrl Pts',(13.4138413349719,-61.2357865411076,13.2585722791109));
#3194=CARTESIAN_POINT('Ctrl Pts',(12.8352882622819,-60.9318307771826,13.5232676865559));
#3195=CARTESIAN_POINT('Ctrl Pts',(12.4952897094534,-60.6356763044266,13.7121944711463));
#3196=CARTESIAN_POINT('Ctrl Pts',(12.151635409675,-60.1391374534656,13.8515978956386));
#3197=CARTESIAN_POINT('Ctrl Pts',(12.0693066337332,-59.9968833976651,13.8793406788802));
#3198=CARTESIAN_POINT('Ctrl Pts',(12.,-59.845643923739,13.8920768808027));
#3199=CARTESIAN_POINT('',(18.5,-60.4263802034804,9.53570444717487));
#3200=CARTESIAN_POINT('',(12.,-60.4263802034804,9.53570444717487));
#3201=CARTESIAN_POINT('',(18.5,-60.95,13.4912689301505));
#3202=CARTESIAN_POINT('Origin',(18.5,-59.6568348809976,11.6500128439432));
#3203=CARTESIAN_POINT('',(18.5,-60.95,9.80875675773583));
#3204=CARTESIAN_POINT('Origin',(19.7931651190024,-59.6568348809976,11.6500128439432));
#3205=CARTESIAN_POINT('Origin',(18.5,-59.6568348809976,11.6500128439432));
#3206=CARTESIAN_POINT('Ctrl Pts',(12.359413306334,-60.4263802034604,9.53570444716761));
#3207=CARTESIAN_POINT('Ctrl Pts',(12.5981445617277,-60.7223897079912,9.64344309587353));
#3208=CARTESIAN_POINT('Ctrl Pts',(12.8930042560051,-60.9621531620958,9.80316380435145));
#3209=CARTESIAN_POINT('Ctrl Pts',(13.4138413349719,-61.2357865411076,10.0414534087754));
#3210=CARTESIAN_POINT('Ctrl Pts',(13.6180870361873,-61.3140523899674,10.1258888110135));
#3211=CARTESIAN_POINT('Ctrl Pts',(14.0453630425902,-61.4210796921842,10.251193878697));
#3212=CARTESIAN_POINT('Ctrl Pts',(14.2686800881964,-61.45,10.2909474091707));
#3213=CARTESIAN_POINT('Ctrl Pts',(14.7313199118036,-61.45,10.2909474091707));
#3214=CARTESIAN_POINT('Ctrl Pts',(14.9546369574098,-61.4210796921842,10.251193878697));
#3215=CARTESIAN_POINT('Ctrl Pts',(15.3819129638127,-61.3140523899673,10.1258888110134));
#3216=CARTESIAN_POINT('Ctrl Pts',(15.5861586650281,-61.2357865411076,10.0414534087754));
#3217=CARTESIAN_POINT('Ctrl Pts',(16.1069957439949,-60.9621531620957,9.80316380435145));
#3218=CARTESIAN_POINT('Ctrl Pts',(16.4018554382723,-60.7223897079912,9.64344309587352));
#3219=CARTESIAN_POINT('Ctrl Pts',(16.640586693666,-60.4263802034604,9.53570444716761));
#3220=CARTESIAN_POINT('Origin',(-12.,-59.6568348809976,11.6500128439432));
#3221=CARTESIAN_POINT('',(-12.,-60.4263802034804,9.53570444717486));
#3222=CARTESIAN_POINT('',(-12.359413306334,-60.4263802034704,9.53570444717124));
#3223=CARTESIAN_POINT('',(-12.,-60.4263802034804,9.53570444717487));
#3224=CARTESIAN_POINT('',(-12.,-59.8456439237389,9.40794880708358));
#3225=CARTESIAN_POINT('Origin',(-12.,-59.6568348809976,11.6500128439432));
#3226=CARTESIAN_POINT('Ctrl Pts',(-12.359413306334,-60.4263802034604,9.53570444716761));
#3227=CARTESIAN_POINT('Ctrl Pts',(-12.3174035579351,-60.3742911513231,9.51674558265905));
#3228=CARTESIAN_POINT('Ctrl Pts',(-12.2771393098297,-60.3204753922434,9.4993384704496));
#3229=CARTESIAN_POINT('Ctrl Pts',(-12.151635409675,-60.1391374534656,9.44842779224773));
#3230=CARTESIAN_POINT('Ctrl Pts',(-12.0693066337332,-59.9968833976651,9.42068500900611));
#3231=CARTESIAN_POINT('Ctrl Pts',(-12.,-59.8456439237389,9.40794880708358));
#3232=CARTESIAN_POINT('Origin',(-11.375,-59.6568348809976,11.6500128439432));
#3233=CARTESIAN_POINT('',(-12.,-57.554356076261,12.4513135837616));
#3234=CARTESIAN_POINT('',(-12.,-59.845643923739,13.8920768808027));
#3235=CARTESIAN_POINT('Ctrl Pts',(-12.,-57.554356076261,12.4513135837616));
#3236=CARTESIAN_POINT('Ctrl Pts',(-11.981822314003,-57.5940230391374,12.5043512924404));
#3237=CARTESIAN_POINT('Ctrl Pts',(-11.9635591821371,-57.636365404513,12.5565854531307));
#3238=CARTESIAN_POINT('Ctrl Pts',(-11.8472081335512,-57.9281451865593,12.8916679137854));
#3239=CARTESIAN_POINT('Ctrl Pts',(-11.7663113902069,-58.2487354690447,13.1451398518769));
#3240=CARTESIAN_POINT('Ctrl Pts',(-11.7460237938732,-58.739310227373,13.4314666628291));
#3241=CARTESIAN_POINT('Ctrl Pts',(-11.7547778496152,-58.9294367022266,13.5262755427091));
#3242=CARTESIAN_POINT('Ctrl Pts',(-11.797477809622,-59.2273035469058,13.657427550817));
#3243=CARTESIAN_POINT('Ctrl Pts',(-11.8347746671107,-59.3923006132366,13.7225626064745));
#3244=CARTESIAN_POINT('Ctrl Pts',(-11.9094123265271,-59.6287335965495,13.8116975080069));
#3245=CARTESIAN_POINT('Ctrl Pts',(-11.9514922470185,-59.7397913285817,13.8523115058717));
#3246=CARTESIAN_POINT('Ctrl Pts',(-12.,-59.8456439237389,13.8920768808028));
#3247=CARTESIAN_POINT('',(-12.,-57.5543560762611,10.8487121041247));
#3248=CARTESIAN_POINT('Origin',(-12.,-59.6568348809976,11.6500128439432));
#3249=CARTESIAN_POINT('Ctrl Pts',(-12.,-59.8456439237389,9.40794880708358));
#3250=CARTESIAN_POINT('Ctrl Pts',(-11.9514922470185,-59.7397913285817,9.44771418201463));
#3251=CARTESIAN_POINT('Ctrl Pts',(-11.9094123265271,-59.6287335965495,9.48832817987945));
#3252=CARTESIAN_POINT('Ctrl Pts',(-11.8347746671107,-59.3923006132366,9.57746308141181));
#3253=CARTESIAN_POINT('Ctrl Pts',(-11.797477809622,-59.2273035469058,9.64259813706928));
#3254=CARTESIAN_POINT('Ctrl Pts',(-11.7547778496152,-58.9294367022266,9.77375014517724));
#3255=CARTESIAN_POINT('Ctrl Pts',(-11.7460237938732,-58.739310227373,9.86855902505721));
#3256=CARTESIAN_POINT('Ctrl Pts',(-11.7663113902069,-58.2487354690447,10.1548858360095));
#3257=CARTESIAN_POINT('Ctrl Pts',(-11.8472081335512,-57.9281451865593,10.4083577741009));
#3258=CARTESIAN_POINT('Ctrl Pts',(-11.9635591821371,-57.636365404513,10.7434402347556));
#3259=CARTESIAN_POINT('Ctrl Pts',(-11.981822314003,-57.5940230391374,10.795674395446));
#3260=CARTESIAN_POINT('Ctrl Pts',(-12.,-57.554356076261,10.8487121041247));
#3261=CARTESIAN_POINT('',(-10.75,-59.9988550243233,10.7103202231573));
#3262=CARTESIAN_POINT('',(-11.375,-60.2126176139018,10.1230123351661));
#3263=CARTESIAN_POINT('Origin',(-10.75,-59.6568348809976,11.6500128439432));
#3264=CARTESIAN_POINT('Origin',(-12.,-59.6568348809976,11.6500128439432));
#3265=CARTESIAN_POINT('Origin',(-11.375,-57.6047140210436,17.2881685686586));
#3266=CARTESIAN_POINT('',(-12.,-57.5543560762611,19.5376049597124));
#3267=CARTESIAN_POINT('',(-12.,-59.8456439237389,17.4899931737141));
#3268=CARTESIAN_POINT('Ctrl Pts',(-12.,-57.5543560762611,19.5376049597124));
#3269=CARTESIAN_POINT('Ctrl Pts',(-11.9618006029779,-57.6377139945256,19.5012621183768));
#3270=CARTESIAN_POINT('Ctrl Pts',(-11.9282475468952,-57.7225116874566,19.4647468865344));
#3271=CARTESIAN_POINT('Ctrl Pts',(-11.8557002205325,-57.9322322725287,19.3726807077723));
#3272=CARTESIAN_POINT('Ctrl Pts',(-11.8146459491691,-58.0921127513226,19.2998171250188));
#3273=CARTESIAN_POINT('Ctrl Pts',(-11.7642499283969,-58.3793817870067,19.1553295542502));
#3274=CARTESIAN_POINT('Ctrl Pts',(-11.7495708649851,-58.5620103742861,19.0524063381445));
#3275=CARTESIAN_POINT('Ctrl Pts',(-11.7509016880644,-59.0028141399039,18.7623515816416));
#3276=CARTESIAN_POINT('Ctrl Pts',(-11.804323423036,-59.2877353743798,18.5162645056438));
#3277=CARTESIAN_POINT('Ctrl Pts',(-11.9016148815343,-59.6073591119068,18.0937679502573));
#3278=CARTESIAN_POINT('Ctrl Pts',(-11.9359561640504,-59.696473716466,17.9447134026847));
#3279=CARTESIAN_POINT('Ctrl Pts',(-11.9788602001479,-59.7991495036398,17.6915398871761));
#3280=CARTESIAN_POINT('Ctrl Pts',(-11.9921585903216,-59.828532564974,17.5925682970499));
#3281=CARTESIAN_POINT('Ctrl Pts',(-12.,-59.845643923739,17.4899931737141));
#3282=CARTESIAN_POINT('',(-12.,-57.5543560762611,15.0387321776048));
#3283=CARTESIAN_POINT('Origin',(-12.,-57.6047140210436,17.2881685686586));
#3284=CARTESIAN_POINT('',(-11.779420648178,-58.2988167620084,15.3811369610977));
#3285=CARTESIAN_POINT('Ctrl Pts',(-11.779420648178,-58.2988167620152,15.3811369611001));
#3286=CARTESIAN_POINT('Ctrl Pts',(-11.7831356483555,-58.2736239029476,15.3680140896699));
#3287=CARTESIAN_POINT('Ctrl Pts',(-11.7871452670934,-58.2488730331759,15.3553656569884));
#3288=CARTESIAN_POINT('Ctrl Pts',(-11.8146459491691,-58.0921127513226,15.2765200122984));
#3289=CARTESIAN_POINT('Ctrl Pts',(-11.8557002205325,-57.9322322725287,15.2036564295449));
#3290=CARTESIAN_POINT('Ctrl Pts',(-11.9282475468952,-57.7225116874565,15.1115902507829));
#3291=CARTESIAN_POINT('Ctrl Pts',(-11.9618006029779,-57.6377139945256,15.0750750189404));
#3292=CARTESIAN_POINT('Ctrl Pts',(-12.,-57.5543560762611,15.0387321776048));
#3293=CARTESIAN_POINT('',(-10.75,-57.9467341643693,16.3484759478727));
#3294=CARTESIAN_POINT('',(-11.375,-58.1604967539478,15.7611680598815));
#3295=CARTESIAN_POINT('Origin',(-10.75,-57.6047140210436,17.2881685686586));
#3296=CARTESIAN_POINT('',(-12.,-59.8456439237389,17.0863439636032));
#3297=CARTESIAN_POINT('Ctrl Pts',(-12.,-59.845643923739,17.0863439636032));
#3298=CARTESIAN_POINT('Ctrl Pts',(-11.9921585903216,-59.828532564974,16.9837688402673));
#3299=CARTESIAN_POINT('Ctrl Pts',(-11.9788602001479,-59.7991495036398,16.8847972501412));
#3300=CARTESIAN_POINT('Ctrl Pts',(-11.9359561640504,-59.696473716466,16.6316237346325));
#3301=CARTESIAN_POINT('Ctrl Pts',(-11.9016148815343,-59.6073591119068,16.4825691870599));
#3302=CARTESIAN_POINT('Ctrl Pts',(-11.804323423036,-59.2877353743798,16.0600726316734));
#3303=CARTESIAN_POINT('Ctrl Pts',(-11.7509016880644,-59.0028141399039,15.8139855556756));
#3304=CARTESIAN_POINT('Ctrl Pts',(-11.7496395971257,-58.5847762752499,15.5389110656217));
#3305=CARTESIAN_POINT('Ctrl Pts',(-11.7592633205821,-58.4355114293218,15.4523407311628));
#3306=CARTESIAN_POINT('Ctrl Pts',(-11.779420648178,-58.2988167620152,15.3811369611002));
#3307=CARTESIAN_POINT('Origin',(-12.,-57.6047140210436,17.2881685686586));
#3308=CARTESIAN_POINT('Origin',(11.375,-59.6568348809976,11.6500128439432));
#3309=CARTESIAN_POINT('',(10.75,-59.9988550243233,10.7103202231573));
#3310=CARTESIAN_POINT('Origin',(10.75,-59.6568348809976,11.6500128439432));
#3311=CARTESIAN_POINT('',(11.375,-60.2126176139018,10.1230123351661));
#3312=CARTESIAN_POINT('',(12.,-59.845643923739,9.40794880708358));
#3313=CARTESIAN_POINT('Origin',(12.,-59.6568348809976,11.6500128439432));
#3314=CARTESIAN_POINT('',(11.75,-58.7000000025704,9.89374776704163));
#3315=CARTESIAN_POINT('Ctrl Pts',(11.75,-58.7000000051407,9.89374776704163));
#3316=CARTESIAN_POINT('Ctrl Pts',(11.7500000002377,-58.8271816470781,9.82445763957148));
#3317=CARTESIAN_POINT('Ctrl Pts',(11.7602244487366,-58.9674311475198,9.75702103320601));
#3318=CARTESIAN_POINT('Ctrl Pts',(11.797477809622,-59.2273035469059,9.64259813706929));
#3319=CARTESIAN_POINT('Ctrl Pts',(11.8347746671107,-59.3923006132366,9.57746308141181));
#3320=CARTESIAN_POINT('Ctrl Pts',(11.9094123265271,-59.6287335965495,9.48832817987946));
#3321=CARTESIAN_POINT('Ctrl Pts',(11.9514922470185,-59.7397913285818,9.44771418201464));
#3322=CARTESIAN_POINT('Ctrl Pts',(12.,-59.845643923739,9.40794880708358));
#3323=CARTESIAN_POINT('',(12.,-57.554356076261,10.8487121041248));
#3324=CARTESIAN_POINT('Ctrl Pts',(12.,-57.554356076261,10.8487121041248));
#3325=CARTESIAN_POINT('Ctrl Pts',(11.981822314003,-57.5940230391374,10.795674395446));
#3326=CARTESIAN_POINT('Ctrl Pts',(11.9635591821371,-57.636365404513,10.7434402347557));
#3327=CARTESIAN_POINT('Ctrl Pts',(11.8472081335512,-57.9281451865593,10.4083577741009));
#3328=CARTESIAN_POINT('Ctrl Pts',(11.7663113902069,-58.2487354690447,10.1548858360095));
#3329=CARTESIAN_POINT('Ctrl Pts',(11.7508540395378,-58.6225099637723,9.93673017823502));
#3330=CARTESIAN_POINT('Ctrl Pts',(11.7499999999264,-58.6606495686858,9.9151863702585));
#3331=CARTESIAN_POINT('Ctrl Pts',(11.75,-58.7000000051407,9.89374776704163));
#3332=CARTESIAN_POINT('',(12.,-57.554356076261,12.4513135837615));
#3333=CARTESIAN_POINT('Origin',(12.,-59.6568348809976,11.6500128439432));
#3334=CARTESIAN_POINT('',(11.75,-58.7000000025704,13.4062779208447));
#3335=CARTESIAN_POINT('Ctrl Pts',(11.75,-58.7000000051407,13.4062779208447));
#3336=CARTESIAN_POINT('Ctrl Pts',(11.7499999999264,-58.6606495686858,13.3848393176278));
#3337=CARTESIAN_POINT('Ctrl Pts',(11.7508540395378,-58.6225099637723,13.3632955096513));
#3338=CARTESIAN_POINT('Ctrl Pts',(11.7663113902069,-58.2487354690447,13.1451398518769));
#3339=CARTESIAN_POINT('Ctrl Pts',(11.8472081335512,-57.9281451865593,12.8916679137854));
#3340=CARTESIAN_POINT('Ctrl Pts',(11.9635591821371,-57.636365404513,12.5565854531307));
#3341=CARTESIAN_POINT('Ctrl Pts',(11.981822314003,-57.5940230391374,12.5043512924403));
#3342=CARTESIAN_POINT('Ctrl Pts',(12.,-57.554356076261,12.4513135837615));
#3343=CARTESIAN_POINT('Ctrl Pts',(12.,-59.845643923739,13.8920768808027));
#3344=CARTESIAN_POINT('Ctrl Pts',(11.9514922470185,-59.7397913285818,13.8523115058717));
#3345=CARTESIAN_POINT('Ctrl Pts',(11.9094123265271,-59.6287335965495,13.8116975080069));
#3346=CARTESIAN_POINT('Ctrl Pts',(11.8347746671107,-59.3923006132366,13.7225626064745));
#3347=CARTESIAN_POINT('Ctrl Pts',(11.797477809622,-59.2273035469059,13.657427550817));
#3348=CARTESIAN_POINT('Ctrl Pts',(11.7602244487366,-58.9674311475198,13.5430046546803));
#3349=CARTESIAN_POINT('Ctrl Pts',(11.7500000002377,-58.8271816470781,13.4755680483149));
#3350=CARTESIAN_POINT('Ctrl Pts',(11.75,-58.7000000051407,13.4062779208447));
#3351=CARTESIAN_POINT('Origin',(11.375,-57.6047140210436,17.2881685686586));
#3352=CARTESIAN_POINT('',(10.75,-57.9467341643693,16.3484759478727));
#3353=CARTESIAN_POINT('Origin',(10.75,-57.6047140210436,17.2881685686586));
#3354=CARTESIAN_POINT('',(11.779420648178,-58.2988167620084,15.3811369610977));
#3355=CARTESIAN_POINT('',(11.375,-58.1604967539478,15.7611680598815));
#3356=CARTESIAN_POINT('',(12.,-57.554356076261,15.0387321776048));
#3357=CARTESIAN_POINT('Ctrl Pts',(12.,-57.554356076261,15.0387321776048));
#3358=CARTESIAN_POINT('Ctrl Pts',(11.9618006029779,-57.6377139945256,15.0750750189404));
#3359=CARTESIAN_POINT('Ctrl Pts',(11.9282475468952,-57.7225116874565,15.1115902507829));
#3360=CARTESIAN_POINT('Ctrl Pts',(11.8557002205325,-57.9322322725287,15.203656429545));
#3361=CARTESIAN_POINT('Ctrl Pts',(11.8146459491691,-58.0921127513226,15.2765200122984));
#3362=CARTESIAN_POINT('Ctrl Pts',(11.7871452670934,-58.2488730331759,15.3553656569885));
#3363=CARTESIAN_POINT('Ctrl Pts',(11.7831356483555,-58.2736239029476,15.3680140896699));
#3364=CARTESIAN_POINT('Ctrl Pts',(11.779420648178,-58.2988167620152,15.3811369611002));
#3365=CARTESIAN_POINT('',(12.,-57.554356076261,19.5376049597124));
#3366=CARTESIAN_POINT('Origin',(12.,-57.6047140210436,17.2881685686586));
#3367=CARTESIAN_POINT('',(11.75,-58.6999999999992,18.9615927899202));
#3368=CARTESIAN_POINT('Ctrl Pts',(11.75,-58.6999999999985,18.9615927899202));
#3369=CARTESIAN_POINT('Ctrl Pts',(11.75,-58.5552010405873,19.0563662896671));
#3370=CARTESIAN_POINT('Ctrl Pts',(11.7647606188359,-58.3764707327667,19.156793725822));
#3371=CARTESIAN_POINT('Ctrl Pts',(11.8146459491691,-58.0921127513226,19.2998171250188));
#3372=CARTESIAN_POINT('Ctrl Pts',(11.8557002205325,-57.9322322725287,19.3726807077723));
#3373=CARTESIAN_POINT('Ctrl Pts',(11.9282475468952,-57.7225116874565,19.4647468865344));
#3374=CARTESIAN_POINT('Ctrl Pts',(11.9618006029779,-57.6377139945256,19.5012621183768));
#3375=CARTESIAN_POINT('Ctrl Pts',(12.,-57.554356076261,19.5376049597124));
#3376=CARTESIAN_POINT('',(12.,-59.845643923739,17.4899931737138));
#3377=CARTESIAN_POINT('Ctrl Pts',(12.,-59.845643923739,17.4899931737138));
#3378=CARTESIAN_POINT('Ctrl Pts',(11.9921585903216,-59.828532564974,17.5925682970497));
#3379=CARTESIAN_POINT('Ctrl Pts',(11.9788602001479,-59.7991495036398,17.691539887176));
#3380=CARTESIAN_POINT('Ctrl Pts',(11.9359561640503,-59.6964737164659,17.9447134026847));
#3381=CARTESIAN_POINT('Ctrl Pts',(11.9016148815343,-59.6073591119068,18.0937679502573));
#3382=CARTESIAN_POINT('Ctrl Pts',(11.804323423036,-59.2877353743798,18.5162645056438));
#3383=CARTESIAN_POINT('Ctrl Pts',(11.7509016880644,-59.0028141399039,18.7623515816416));
#3384=CARTESIAN_POINT('Ctrl Pts',(11.7500042143557,-58.7055471353722,18.957957235089));
#3385=CARTESIAN_POINT('Ctrl Pts',(11.75,-58.7027795334863,18.9597735357116));
#3386=CARTESIAN_POINT('Ctrl Pts',(11.75,-58.6999999999985,18.9615927899202));
#3387=CARTESIAN_POINT('',(12.,-59.845643923739,17.0863439636034));
#3388=CARTESIAN_POINT('Origin',(12.,-57.6047140210436,17.2881685686586));
#3389=CARTESIAN_POINT('',(11.75,-58.6999999999996,15.6147443473975));
#3390=CARTESIAN_POINT('Ctrl Pts',(11.75,-58.6999999999992,15.6147443473975));
#3391=CARTESIAN_POINT('Ctrl Pts',(11.75,-58.7027795946876,15.616563641663));
#3392=CARTESIAN_POINT('Ctrl Pts',(11.7500042145421,-58.7055471971414,15.6183799428731));
#3393=CARTESIAN_POINT('Ctrl Pts',(11.7509016880644,-59.0028141399039,15.8139855556756));
#3394=CARTESIAN_POINT('Ctrl Pts',(11.804323423036,-59.2877353743798,16.0600726316734));
#3395=CARTESIAN_POINT('Ctrl Pts',(11.9016148815343,-59.6073591119068,16.4825691870599));
#3396=CARTESIAN_POINT('Ctrl Pts',(11.9359561640503,-59.6964737164659,16.6316237346325));
#3397=CARTESIAN_POINT('Ctrl Pts',(11.9788602001479,-59.7991495036398,16.8847972501413));
#3398=CARTESIAN_POINT('Ctrl Pts',(11.9921585903216,-59.828532564974,16.9837688402675));
#3399=CARTESIAN_POINT('Ctrl Pts',(12.,-59.845643923739,17.0863439636034));
#3400=CARTESIAN_POINT('Ctrl Pts',(11.779420648178,-58.2988167620152,15.3811369611002));
#3401=CARTESIAN_POINT('Ctrl Pts',(11.7597129284188,-58.4324624639585,15.450752535859));
#3402=CARTESIAN_POINT('Ctrl Pts',(11.75,-58.5781616584686,15.53499898129));
#3403=CARTESIAN_POINT('Ctrl Pts',(11.75,-58.6999999999992,15.6147443473975));
#3404=CARTESIAN_POINT('Origin',(-12.,-59.6568348809976,11.6500128439432));
#3405=CARTESIAN_POINT('',(-16.640586693666,-60.4263802034704,9.53570444717124));
#3406=CARTESIAN_POINT('Ctrl Pts',(-16.640586693666,-60.4263802034604,9.53570444716761));
#3407=CARTESIAN_POINT('Ctrl Pts',(-16.4018554382723,-60.7223897079912,9.64344309587353));
#3408=CARTESIAN_POINT('Ctrl Pts',(-16.1069957439949,-60.9621531620958,9.80316380435145));
#3409=CARTESIAN_POINT('Ctrl Pts',(-15.5861586650281,-61.2357865411076,10.0414534087754));
#3410=CARTESIAN_POINT('Ctrl Pts',(-15.3819129638127,-61.3140523899673,10.1258888110134));
#3411=CARTESIAN_POINT('Ctrl Pts',(-14.9546369574098,-61.4210796921842,10.251193878697));
#3412=CARTESIAN_POINT('Ctrl Pts',(-14.7313199118036,-61.45,10.2909474091707));
#3413=CARTESIAN_POINT('Ctrl Pts',(-14.2686800881964,-61.45,10.2909474091707));
#3414=CARTESIAN_POINT('Ctrl Pts',(-14.0453630425902,-61.4210796921842,10.251193878697));
#3415=CARTESIAN_POINT('Ctrl Pts',(-13.6180870361873,-61.3140523899673,10.1258888110134));
#3416=CARTESIAN_POINT('Ctrl Pts',(-13.4138413349718,-61.2357865411076,10.0414534087754));
#3417=CARTESIAN_POINT('Ctrl Pts',(-12.8930042560051,-60.9621531620958,9.80316380435144));
#3418=CARTESIAN_POINT('Ctrl Pts',(-12.5981445617277,-60.7223897079912,9.64344309587352));
#3419=CARTESIAN_POINT('Ctrl Pts',(-12.359413306334,-60.4263802034604,9.53570444716761));
#3420=CARTESIAN_POINT('',(-18.5,-60.4263802034804,9.53570444717487));
#3421=CARTESIAN_POINT('',(-12.,-60.4263802034804,9.53570444717487));
#3422=CARTESIAN_POINT('',(-18.5,-60.95,9.80875675773583));
#3423=CARTESIAN_POINT('Origin',(-18.5,-59.6568348809976,11.6500128439432));
#3424=CARTESIAN_POINT('',(-18.5,-60.95,13.4912689301505));
#3425=CARTESIAN_POINT('Origin',(-19.7931651190024,-59.6568348809976,11.6500128439432));
#3426=CARTESIAN_POINT('Origin',(-18.5,-59.6568348809976,11.6500128439432));
#3427=CARTESIAN_POINT('',(-17.25,-58.7000000005713,9.61360251871571));
#3428=CARTESIAN_POINT('Ctrl Pts',(-17.25,-58.7000000011427,9.61360251871571));
#3429=CARTESIAN_POINT('Ctrl Pts',(-17.2499999999669,-58.7796063715272,9.5761983910215));
#3430=CARTESIAN_POINT('Ctrl Pts',(-17.2464983471235,-58.8601790571156,9.54408786829072));
#3431=CARTESIAN_POINT('Ctrl Pts',(-17.2204574709523,-59.1575013414453,9.44414625627963));
#3432=CARTESIAN_POINT('Ctrl Pts',(-17.1710420719088,-59.3986752258162,9.4029908431514));
#3433=CARTESIAN_POINT('Ctrl Pts',(-17.0053139709055,-59.8601787539303,9.39736872045231));
#3434=CARTESIAN_POINT('Ctrl Pts',(-16.8889602105137,-60.0804816979125,9.43196017209182));
#3435=CARTESIAN_POINT('Ctrl Pts',(-16.7228606901703,-60.3204753922434,9.4993384704496));
#3436=CARTESIAN_POINT('Ctrl Pts',(-16.6825964420649,-60.3742911513231,9.51674558265905));
#3437=CARTESIAN_POINT('Ctrl Pts',(-16.640586693666,-60.4263802034604,9.53570444716761));
#3438=CARTESIAN_POINT('',(-17.25,-58.7000000005713,13.6864231691706));
#3439=CARTESIAN_POINT('Ctrl Pts',(-17.25,-58.7000000011427,13.6864231691706));
#3440=CARTESIAN_POINT('Ctrl Pts',(-17.2500000000543,-58.569308563095,13.6250160328615));
#3441=CARTESIAN_POINT('Ctrl Pts',(-17.2404296564371,-58.4413075352532,13.5491574797934));
#3442=CARTESIAN_POINT('Ctrl Pts',(-17.1974900387005,-58.1314298472738,13.3209329088047));
#3443=CARTESIAN_POINT('Ctrl Pts',(-17.1533075240721,-57.9645988819398,13.1489386418943));
#3444=CARTESIAN_POINT('Ctrl Pts',(-17.0674834348238,-57.7052720546161,12.7916821852448));
#3445=CARTESIAN_POINT('Ctrl Pts',(-17.0184986058142,-57.5925262999392,12.5768328252667));
#3446=CARTESIAN_POINT('Ctrl Pts',(-16.9474289173225,-57.4432478574239,12.1194769296614));
#3447=CARTESIAN_POINT('Ctrl Pts',(-16.9269783631082,-57.4068348809976,11.8766788763476));
#3448=CARTESIAN_POINT('Ctrl Pts',(-16.9269783631082,-57.4068348809976,11.4233468115387));
#3449=CARTESIAN_POINT('Ctrl Pts',(-16.9474289173225,-57.4432478574239,11.1805487582249));
#3450=CARTESIAN_POINT('Ctrl Pts',(-17.0184986058142,-57.5925262999392,10.7231928626197));
#3451=CARTESIAN_POINT('Ctrl Pts',(-17.0674834348238,-57.7052720546161,10.5083435026415));
#3452=CARTESIAN_POINT('Ctrl Pts',(-17.1533075240721,-57.9645988819398,10.151087045992));
#3453=CARTESIAN_POINT('Ctrl Pts',(-17.1974900387005,-58.1314298472738,9.9790927790816));
#3454=CARTESIAN_POINT('Ctrl Pts',(-17.2404296564371,-58.4413075352532,9.75086820809293));
#3455=CARTESIAN_POINT('Ctrl Pts',(-17.2500000000543,-58.569308563095,9.67500965502477));
#3456=CARTESIAN_POINT('Ctrl Pts',(-17.25,-58.7000000011427,9.61360251871571));
#3457=CARTESIAN_POINT('Ctrl Pts',(-12.,-59.8456439237389,13.8920768808027));
#3458=CARTESIAN_POINT('Ctrl Pts',(-12.0693066337391,-59.9968833976779,13.8793406788791));
#3459=CARTESIAN_POINT('Ctrl Pts',(-12.1516354096686,-60.1391374534564,13.8515978956412));
#3460=CARTESIAN_POINT('Ctrl Pts',(-12.4952897094534,-60.6356763044266,13.7121944711463));
#3461=CARTESIAN_POINT('Ctrl Pts',(-12.8352882622819,-60.9318307771826,13.5232676865559));
#3462=CARTESIAN_POINT('Ctrl Pts',(-13.4138413349719,-61.2357865411076,13.2585722791109));
#3463=CARTESIAN_POINT('Ctrl Pts',(-13.6180870361873,-61.3140523899673,13.1741368768729));
#3464=CARTESIAN_POINT('Ctrl Pts',(-14.0453630425902,-61.4210796921842,13.0488318091893));
#3465=CARTESIAN_POINT('Ctrl Pts',(-14.2686800881964,-61.45,13.0090782787156));
#3466=CARTESIAN_POINT('Ctrl Pts',(-14.5,-61.45,13.0090782787156));
#3467=CARTESIAN_POINT('Ctrl Pts',(-14.7313199118036,-61.45,13.0090782787156));
#3468=CARTESIAN_POINT('Ctrl Pts',(-14.9546369574098,-61.4210796921842,13.0488318091893));
#3469=CARTESIAN_POINT('Ctrl Pts',(-15.3819129638127,-61.3140523899673,13.1741368768729));
#3470=CARTESIAN_POINT('Ctrl Pts',(-15.5861586650281,-61.2357865411076,13.258572279111));
#3471=CARTESIAN_POINT('Ctrl Pts',(-16.1647117377181,-60.9318307771826,13.5232676865559));
#3472=CARTESIAN_POINT('Ctrl Pts',(-16.5047102905466,-60.6356763044266,13.7121944711463));
#3473=CARTESIAN_POINT('Ctrl Pts',(-16.8889602105137,-60.0804816979125,13.8680655157945));
#3474=CARTESIAN_POINT('Ctrl Pts',(-17.0053139709055,-59.8601787539303,13.902656967434));
#3475=CARTESIAN_POINT('Ctrl Pts',(-17.1710420719088,-59.3986752258162,13.8970348447349));
#3476=CARTESIAN_POINT('Ctrl Pts',(-17.2204574709523,-59.1575013414453,13.8558794316067));
#3477=CARTESIAN_POINT('Ctrl Pts',(-17.2464983471235,-58.8601790571156,13.7559378195956));
#3478=CARTESIAN_POINT('Ctrl Pts',(-17.2499999999669,-58.7796063715272,13.7238272968648));
#3479=CARTESIAN_POINT('Ctrl Pts',(-17.25,-58.7000000011427,13.6864231691706));
#3480=CARTESIAN_POINT('Origin',(-12.,-57.6047140210436,17.2881685686586));
#3481=CARTESIAN_POINT('Ctrl Pts',(-12.,-59.8456439237389,17.4899931737141));
#3482=CARTESIAN_POINT('Ctrl Pts',(-12.002816841414,-59.8517907756439,17.421742505083));
#3483=CARTESIAN_POINT('Ctrl Pts',(-12.0041763825131,-59.8547140210436,17.3541886521207));
#3484=CARTESIAN_POINT('Ctrl Pts',(-12.0041763825131,-59.8547140210436,17.2221484851966));
#3485=CARTESIAN_POINT('Ctrl Pts',(-12.002816841414,-59.8517907756439,17.1545946322342));
#3486=CARTESIAN_POINT('Ctrl Pts',(-12.,-59.8456439237389,17.0863439636032));
#3487=CARTESIAN_POINT('Origin',(12.,-59.6568348809976,11.6500128439432));
#3488=CARTESIAN_POINT('Ctrl Pts',(12.,-59.845643923739,9.40794880708358));
#3489=CARTESIAN_POINT('Ctrl Pts',(12.0693066337391,-59.996883397678,9.4206850090072));
#3490=CARTESIAN_POINT('Ctrl Pts',(12.1516354096686,-60.1391374534564,9.44842779224516));
#3491=CARTESIAN_POINT('Ctrl Pts',(12.2771393098297,-60.3204753922434,9.4993384704496));
#3492=CARTESIAN_POINT('Ctrl Pts',(12.3174035579351,-60.3742911513231,9.51674558265905));
#3493=CARTESIAN_POINT('Ctrl Pts',(12.359413306334,-60.4263802034604,9.53570444716761));
#3494=CARTESIAN_POINT('Origin',(12.,-57.6047140210436,17.2881685686586));
#3495=CARTESIAN_POINT('Ctrl Pts',(12.,-59.845643923739,17.0863439636034));
#3496=CARTESIAN_POINT('Ctrl Pts',(12.002816841414,-59.8517907756439,17.1545946322344));
#3497=CARTESIAN_POINT('Ctrl Pts',(12.0041763825131,-59.8547140210436,17.2221484851967));
#3498=CARTESIAN_POINT('Ctrl Pts',(12.0041763825131,-59.8547140210436,17.3541886521206));
#3499=CARTESIAN_POINT('Ctrl Pts',(12.002816841414,-59.8517907756439,17.4217425050828));
#3500=CARTESIAN_POINT('Ctrl Pts',(12.,-59.845643923739,17.4899931737138));
#3501=CARTESIAN_POINT('Origin',(-9.99999999999999,-59.6568348809976,11.6500128439432));
#3502=CARTESIAN_POINT('',(-9.99999999999999,-59.9988550243233,10.7103202231573));
#3503=CARTESIAN_POINT('Origin',(-9.99999999999986,-59.6568348809976,11.6500128439432));
#3504=CARTESIAN_POINT('',(-9.99999999999999,-59.9988550243233,10.7103202231573));
#3505=CARTESIAN_POINT('Origin',(-9.99999999999999,-57.6047140210436,17.2881685686586));
#3506=CARTESIAN_POINT('',(-9.99999999999999,-57.9467341643693,16.3484759478727));
#3507=CARTESIAN_POINT('Origin',(-9.99999999999986,-57.6047140210436,17.2881685686586));
#3508=CARTESIAN_POINT('',(-9.99999999999999,-57.9467341643693,16.3484759478727));
#3509=CARTESIAN_POINT('Origin',(10.,-59.6568348809976,11.6500128439432));
#3510=CARTESIAN_POINT('',(10.,-59.9988550243233,10.7103202231573));
#3511=CARTESIAN_POINT('Origin',(10.0000000000001,-59.6568348809976,11.6500128439432));
#3512=CARTESIAN_POINT('',(10.,-59.9988550243233,10.7103202231573));
#3513=CARTESIAN_POINT('Origin',(10.,-57.6047140210436,17.2881685686586));
#3514=CARTESIAN_POINT('',(10.,-57.9467341643693,16.3484759478727));
#3515=CARTESIAN_POINT('Origin',(10.0000000000001,-57.6047140210436,17.2881685686586));
#3516=CARTESIAN_POINT('',(10.,-57.9467341643693,16.3484759478727));
#3517=CARTESIAN_POINT('Origin',(-12.,-59.6568348809976,11.6500128439432));
#3518=CARTESIAN_POINT('Ctrl Pts',(-12.,-57.5543560762611,10.8487121041247));
#3519=CARTESIAN_POINT('Ctrl Pts',(-12.0059427529987,-57.5413879260453,10.8827383562052));
#3520=CARTESIAN_POINT('Ctrl Pts',(-12.0116414324274,-57.5292186077071,10.917153529623));
#3521=CARTESIAN_POINT('Ctrl Pts',(-12.0525710826775,-57.4432478574239,11.1805487582249));
#3522=CARTESIAN_POINT('Ctrl Pts',(-12.0730216368918,-57.4068348809976,11.4233468115387));
#3523=CARTESIAN_POINT('Ctrl Pts',(-12.0730216368918,-57.4068348809976,11.8766788763476));
#3524=CARTESIAN_POINT('Ctrl Pts',(-12.0525710826775,-57.4432478574239,12.1194769296614));
#3525=CARTESIAN_POINT('Ctrl Pts',(-12.0116414324274,-57.5292186077072,12.3828721582634));
#3526=CARTESIAN_POINT('Ctrl Pts',(-12.0059427529987,-57.5413879260453,12.4172873316811));
#3527=CARTESIAN_POINT('Ctrl Pts',(-12.,-57.5543560762611,12.4513135837616));
#3528=CARTESIAN_POINT('Origin',(-12.,-57.6047140210436,17.2881685686586));
#3529=CARTESIAN_POINT('',(-17.2306396731754,-58.3742593435259,15.1738601718902));
#3530=CARTESIAN_POINT('Ctrl Pts',(-12.,-57.5543560762611,15.0387321776048));
#3531=CARTESIAN_POINT('Ctrl Pts',(-12.0656811445617,-57.4110280683157,15.0419408497587));
#3532=CARTESIAN_POINT('Ctrl Pts',(-12.1432615663891,-57.2753336669029,15.0589865786546));
#3533=CARTESIAN_POINT('Ctrl Pts',(-12.4794145704972,-56.780654757398,15.1600437354147));
#3534=CARTESIAN_POINT('Ctrl Pts',(-12.8205769382795,-56.4780094276187,15.3236894110658));
#3535=CARTESIAN_POINT('Ctrl Pts',(-13.4059726602292,-56.1673324340306,15.552377807942));
#3536=CARTESIAN_POINT('Ctrl Pts',(-13.6135205343412,-56.0872744653003,15.6251465762246));
#3537=CARTESIAN_POINT('Ctrl Pts',(-14.0458576257266,-55.9786151981678,15.7312268249383));
#3538=CARTESIAN_POINT('Ctrl Pts',(-14.2708820223387,-55.95,15.7635632070775));
#3539=CARTESIAN_POINT('Ctrl Pts',(-14.5,-55.95,15.7635632070775));
#3540=CARTESIAN_POINT('Ctrl Pts',(-14.7291179776613,-55.95,15.7635632070775));
#3541=CARTESIAN_POINT('Ctrl Pts',(-14.9541423742734,-55.9786151981678,15.7312268249383));
#3542=CARTESIAN_POINT('Ctrl Pts',(-15.3864794656588,-56.0872744653003,15.6251465762246));
#3543=CARTESIAN_POINT('Ctrl Pts',(-15.5940273397708,-56.1673324340306,15.552377807942));
#3544=CARTESIAN_POINT('Ctrl Pts',(-16.1794230617205,-56.4780094276187,15.3236894110658));
#3545=CARTESIAN_POINT('Ctrl Pts',(-16.5205854295028,-56.780654757398,15.1600437354147));
#3546=CARTESIAN_POINT('Ctrl Pts',(-16.896853317814,-57.3343662708958,15.0469269031741));
#3547=CARTESIAN_POINT('Ctrl Pts',(-17.0078676340254,-57.5474865010055,15.0280046349651));
#3548=CARTESIAN_POINT('Ctrl Pts',(-17.1607424977717,-57.9721380327407,15.0590025936097));
#3549=CARTESIAN_POINT('Ctrl Pts',(-17.2077586976574,-58.1824512340105,15.1040477293358));
#3550=CARTESIAN_POINT('Ctrl Pts',(-17.2306396731754,-58.3742593435255,15.17386017189));
#3551=CARTESIAN_POINT('',(-17.25,-58.6999999987134,19.2535816626259));
#3552=CARTESIAN_POINT('Ctrl Pts',(-17.25,-58.6999999974269,19.2535816626259));
#3553=CARTESIAN_POINT('Ctrl Pts',(-17.2499999999145,-58.6086725118918,19.3044766701294));
#3554=CARTESIAN_POINT('Ctrl Pts',(-17.2453586953812,-58.515324867097,19.3480466333148));
#3555=CARTESIAN_POINT('Ctrl Pts',(-17.2153020297003,-58.218376651602,19.4639908072071));
#3556=CARTESIAN_POINT('Ctrl Pts',(-17.1670118709185,-57.98955292257,19.5160633224958));
#3557=CARTESIAN_POINT('Ctrl Pts',(-17.0078676340254,-57.5474865010055,19.5483325023521));
#3558=CARTESIAN_POINT('Ctrl Pts',(-16.896853317814,-57.3343662708958,19.5294102341431));
#3559=CARTESIAN_POINT('Ctrl Pts',(-16.5205854295028,-56.780654757398,19.4162934019025));
#3560=CARTESIAN_POINT('Ctrl Pts',(-16.1794230617205,-56.4780094276187,19.2526477262514));
#3561=CARTESIAN_POINT('Ctrl Pts',(-15.5940273397708,-56.1673324340306,19.0239593293752));
#3562=CARTESIAN_POINT('Ctrl Pts',(-15.3864794656588,-56.0872744653003,18.9511905610926));
#3563=CARTESIAN_POINT('Ctrl Pts',(-14.9541423742734,-55.9786151981678,18.8451103123789));
#3564=CARTESIAN_POINT('Ctrl Pts',(-14.7291179776613,-55.95,18.8127739302397));
#3565=CARTESIAN_POINT('Ctrl Pts',(-14.2708820223387,-55.95,18.8127739302397));
#3566=CARTESIAN_POINT('Ctrl Pts',(-14.0458576257266,-55.9786151981678,18.8451103123789));
#3567=CARTESIAN_POINT('Ctrl Pts',(-13.6135205343412,-56.0872744653003,18.9511905610926));
#3568=CARTESIAN_POINT('Ctrl Pts',(-13.4059726602292,-56.1673324340306,19.0239593293752));
#3569=CARTESIAN_POINT('Ctrl Pts',(-12.8205769382795,-56.4780094276187,19.2526477262514));
#3570=CARTESIAN_POINT('Ctrl Pts',(-12.4794145704972,-56.780654757398,19.4162934019025));
#3571=CARTESIAN_POINT('Ctrl Pts',(-12.1432615664157,-57.2753336668639,19.5173505586547));
#3572=CARTESIAN_POINT('Ctrl Pts',(-12.065681144539,-57.4110280683652,19.5343962875597));
#3573=CARTESIAN_POINT('Ctrl Pts',(-12.,-57.5543560762611,19.5376049597124));
#3574=CARTESIAN_POINT('',(-17.25,-58.6999999987134,15.3227554746913));
#3575=CARTESIAN_POINT('Ctrl Pts',(-17.25,-58.6999999974269,15.3227554746913));
#3576=CARTESIAN_POINT('Ctrl Pts',(-17.2500000000979,-58.8046746362573,15.3810885876363));
#3577=CARTESIAN_POINT('Ctrl Pts',(-17.2439067737979,-58.9066767488741,15.4490779259336));
#3578=CARTESIAN_POINT('Ctrl Pts',(-17.2135626932784,-59.1811172830669,15.666576891137));
#3579=CARTESIAN_POINT('Ctrl Pts',(-17.1781488545888,-59.3368051323484,15.8366961855725));
#3580=CARTESIAN_POINT('Ctrl Pts',(-17.1090748297092,-59.5782097288445,16.1864784627815));
#3581=CARTESIAN_POINT('Ctrl Pts',(-17.0693999913885,-59.6829978934159,16.3954725114828));
#3582=CARTESIAN_POINT('Ctrl Pts',(-17.0121301227621,-59.8212957408003,16.8376857302476));
#3583=CARTESIAN_POINT('Ctrl Pts',(-16.9958236174869,-59.8547140210436,17.0710993943117));
#3584=CARTESIAN_POINT('Ctrl Pts',(-16.9958236174869,-59.8547140210436,17.5052377430056));
#3585=CARTESIAN_POINT('Ctrl Pts',(-17.0121301227621,-59.8212957408003,17.7386514070696));
#3586=CARTESIAN_POINT('Ctrl Pts',(-17.0693999913885,-59.6829978934159,18.1808646258344));
#3587=CARTESIAN_POINT('Ctrl Pts',(-17.1090748297092,-59.5782097288445,18.3898586745358));
#3588=CARTESIAN_POINT('Ctrl Pts',(-17.1781488545888,-59.3368051323484,18.7396409517447));
#3589=CARTESIAN_POINT('Ctrl Pts',(-17.2135626932784,-59.1811172830669,18.9097602461802));
#3590=CARTESIAN_POINT('Ctrl Pts',(-17.2439067737979,-58.9066767488741,19.1272592113836));
#3591=CARTESIAN_POINT('Ctrl Pts',(-17.2500000000979,-58.8046746362573,19.1952485496809));
#3592=CARTESIAN_POINT('Ctrl Pts',(-17.25,-58.6999999974269,19.2535816626259));
#3593=CARTESIAN_POINT('Ctrl Pts',(-17.2306396731754,-58.3742593435255,15.17386017189));
#3594=CARTESIAN_POINT('Ctrl Pts',(-17.2325966172557,-58.3906641399109,15.1798310294735));
#3595=CARTESIAN_POINT('Ctrl Pts',(-17.2343878332847,-58.4069369987753,15.1859701895613));
#3596=CARTESIAN_POINT('Ctrl Pts',(-17.2453586953812,-58.5153248670969,15.2282905040025));
#3597=CARTESIAN_POINT('Ctrl Pts',(-17.2499999999145,-58.6086725118918,15.2718604671878));
#3598=CARTESIAN_POINT('Ctrl Pts',(-17.25,-58.6999999974269,15.3227554746913));
#3599=CARTESIAN_POINT('',(-18.5,-58.3742593435263,15.1738601718903));
#3600=CARTESIAN_POINT('',(-12.,-58.3742593435263,15.1738601718903));
#3601=CARTESIAN_POINT('',(-18.5,-55.45,17.9360169209126));
#3602=CARTESIAN_POINT('Origin',(-18.5,-57.6047140210436,17.2881685686586));
#3603=CARTESIAN_POINT('',(-18.5,-55.45,16.6403202164047));
#3604=CARTESIAN_POINT('Origin',(-20.6547140210436,-57.6047140210436,17.2881685686586));
#3605=CARTESIAN_POINT('Origin',(-18.5,-57.6047140210436,17.2881685686586));
#3606=CARTESIAN_POINT('Origin',(12.,-59.6568348809976,11.6500128439432));
#3607=CARTESIAN_POINT('Ctrl Pts',(12.,-57.554356076261,12.4513135837615));
#3608=CARTESIAN_POINT('Ctrl Pts',(12.0059427529987,-57.5413879260453,12.4172873316811));
#3609=CARTESIAN_POINT('Ctrl Pts',(12.0116414324274,-57.5292186077071,12.3828721582633));
#3610=CARTESIAN_POINT('Ctrl Pts',(12.0525710826775,-57.4432478574239,12.1194769296614));
#3611=CARTESIAN_POINT('Ctrl Pts',(12.0730216368918,-57.4068348809976,11.8766788763476));
#3612=CARTESIAN_POINT('Ctrl Pts',(12.0730216368918,-57.4068348809976,11.4233468115387));
#3613=CARTESIAN_POINT('Ctrl Pts',(12.0525710826775,-57.4432478574239,11.1805487582249));
#3614=CARTESIAN_POINT('Ctrl Pts',(12.0116414324274,-57.5292186077071,10.917153529623));
#3615=CARTESIAN_POINT('Ctrl Pts',(12.0059427529987,-57.5413879260453,10.8827383562053));
#3616=CARTESIAN_POINT('Ctrl Pts',(12.,-57.554356076261,10.8487121041248));
#3617=CARTESIAN_POINT('Origin',(12.,-57.6047140210436,17.2881685686586));
#3618=CARTESIAN_POINT('',(17.2306396731754,-58.3742593435259,15.1738601718902));
#3619=CARTESIAN_POINT('Ctrl Pts',(12.,-57.554356076261,19.5376049597124));
#3620=CARTESIAN_POINT('Ctrl Pts',(12.0656811445617,-57.4110280683157,19.5343962875586));
#3621=CARTESIAN_POINT('Ctrl Pts',(12.1432615663891,-57.2753336669029,19.5173505586627));
#3622=CARTESIAN_POINT('Ctrl Pts',(12.4794145704972,-56.780654757398,19.4162934019025));
#3623=CARTESIAN_POINT('Ctrl Pts',(12.8205769382795,-56.4780094276187,19.2526477262514));
#3624=CARTESIAN_POINT('Ctrl Pts',(13.4059726602292,-56.1673324340306,19.0239593293752));
#3625=CARTESIAN_POINT('Ctrl Pts',(13.6135205343412,-56.0872744653003,18.9511905610926));
#3626=CARTESIAN_POINT('Ctrl Pts',(14.0458576257267,-55.9786151981678,18.8451103123789));
#3627=CARTESIAN_POINT('Ctrl Pts',(14.2708820223387,-55.95,18.8127739302397));
#3628=CARTESIAN_POINT('Ctrl Pts',(14.7291179776613,-55.95,18.8127739302397));
#3629=CARTESIAN_POINT('Ctrl Pts',(14.9541423742733,-55.9786151981678,18.8451103123789));
#3630=CARTESIAN_POINT('Ctrl Pts',(15.3864794656588,-56.0872744653003,18.9511905610926));
#3631=CARTESIAN_POINT('Ctrl Pts',(15.5940273397708,-56.1673324340306,19.0239593293752));
#3632=CARTESIAN_POINT('Ctrl Pts',(16.1794230617205,-56.4780094276187,19.2526477262514));
#3633=CARTESIAN_POINT('Ctrl Pts',(16.5205854295028,-56.780654757398,19.4162934019025));
#3634=CARTESIAN_POINT('Ctrl Pts',(16.896853317814,-57.3343662708958,19.5294102341431));
#3635=CARTESIAN_POINT('Ctrl Pts',(17.0078676340254,-57.5474865010055,19.5483325023521));
#3636=CARTESIAN_POINT('Ctrl Pts',(17.1670118709185,-57.98955292257,19.5160633224958));
#3637=CARTESIAN_POINT('Ctrl Pts',(17.2153020297003,-58.218376651602,19.4639908072071));
#3638=CARTESIAN_POINT('Ctrl Pts',(17.2560619898348,-58.6210692707402,19.3067584662729));
#3639=CARTESIAN_POINT('Ctrl Pts',(17.2531234772946,-58.8233182490342,19.1933222931707));
#3640=CARTESIAN_POINT('Ctrl Pts',(17.2135626932784,-59.1811172830669,18.9097602461802));
#3641=CARTESIAN_POINT('Ctrl Pts',(17.1781488545888,-59.3368051323484,18.7396409517447));
#3642=CARTESIAN_POINT('Ctrl Pts',(17.1090748297092,-59.5782097288445,18.3898586745358));
#3643=CARTESIAN_POINT('Ctrl Pts',(17.0693999913886,-59.6829978934159,18.1808646258344));
#3644=CARTESIAN_POINT('Ctrl Pts',(17.0121301227621,-59.8212957408003,17.7386514070696));
#3645=CARTESIAN_POINT('Ctrl Pts',(16.9958236174869,-59.8547140210436,17.5052377430056));
#3646=CARTESIAN_POINT('Ctrl Pts',(16.9958236174869,-59.8547140210436,17.0710993943117));
#3647=CARTESIAN_POINT('Ctrl Pts',(17.0121301227621,-59.8212957408003,16.8376857302476));
#3648=CARTESIAN_POINT('Ctrl Pts',(17.0693999913886,-59.6829978934159,16.3954725114829));
#3649=CARTESIAN_POINT('Ctrl Pts',(17.1090748297092,-59.5782097288445,16.1864784627815));
#3650=CARTESIAN_POINT('Ctrl Pts',(17.1781488545888,-59.3368051323484,15.8366961855725));
#3651=CARTESIAN_POINT('Ctrl Pts',(17.2135626932784,-59.1811172830669,15.666576891137));
#3652=CARTESIAN_POINT('Ctrl Pts',(17.2531234772946,-58.8233182490342,15.3830148441465));
#3653=CARTESIAN_POINT('Ctrl Pts',(17.2560619898348,-58.6210692707402,15.2695786710443));
#3654=CARTESIAN_POINT('Ctrl Pts',(17.2343878332847,-58.4069369987753,15.1859701895613));
#3655=CARTESIAN_POINT('Ctrl Pts',(17.2325966172557,-58.3906641399109,15.1798310294735));
#3656=CARTESIAN_POINT('Ctrl Pts',(17.2306396731754,-58.3742593435255,15.17386017189));
#3657=CARTESIAN_POINT('Ctrl Pts',(17.2306396731754,-58.3742593435255,15.17386017189));
#3658=CARTESIAN_POINT('Ctrl Pts',(17.2077586976574,-58.1824512340105,15.1040477293358));
#3659=CARTESIAN_POINT('Ctrl Pts',(17.1607424977717,-57.9721380327406,15.0590025936097));
#3660=CARTESIAN_POINT('Ctrl Pts',(17.0078676340254,-57.5474865010055,15.0280046349651));
#3661=CARTESIAN_POINT('Ctrl Pts',(16.896853317814,-57.3343662708958,15.0469269031741));
#3662=CARTESIAN_POINT('Ctrl Pts',(16.5205854295028,-56.780654757398,15.1600437354147));
#3663=CARTESIAN_POINT('Ctrl Pts',(16.1794230617205,-56.4780094276187,15.3236894110658));
#3664=CARTESIAN_POINT('Ctrl Pts',(15.5940273397708,-56.1673324340306,15.552377807942));
#3665=CARTESIAN_POINT('Ctrl Pts',(15.3864794656588,-56.0872744653003,15.6251465762246));
#3666=CARTESIAN_POINT('Ctrl Pts',(14.9541423742734,-55.9786151981678,15.7312268249383));
#3667=CARTESIAN_POINT('Ctrl Pts',(14.7291179776613,-55.95,15.7635632070775));
#3668=CARTESIAN_POINT('Ctrl Pts',(14.5,-55.95,15.7635632070775));
#3669=CARTESIAN_POINT('Ctrl Pts',(14.2708820223387,-55.95,15.7635632070775));
#3670=CARTESIAN_POINT('Ctrl Pts',(14.0458576257267,-55.9786151981678,15.7312268249383));
#3671=CARTESIAN_POINT('Ctrl Pts',(13.6135205343412,-56.0872744653003,15.6251465762246));
#3672=CARTESIAN_POINT('Ctrl Pts',(13.4059726602292,-56.1673324340306,15.552377807942));
#3673=CARTESIAN_POINT('Ctrl Pts',(12.8205769382795,-56.4780094276187,15.3236894110658));
#3674=CARTESIAN_POINT('Ctrl Pts',(12.4794145704972,-56.780654757398,15.1600437354147));
#3675=CARTESIAN_POINT('Ctrl Pts',(12.1432615664157,-57.2753336668638,15.0589865786626));
#3676=CARTESIAN_POINT('Ctrl Pts',(12.065681144539,-57.4110280683652,15.0419408497576));
#3677=CARTESIAN_POINT('Ctrl Pts',(12.,-57.554356076261,15.0387321776048));
#3678=CARTESIAN_POINT('',(18.5,-58.3742593435263,15.1738601718903));
#3679=CARTESIAN_POINT('',(12.,-58.3742593435263,15.1738601718903));
#3680=CARTESIAN_POINT('',(18.5,-55.45,16.6403202164047));
#3681=CARTESIAN_POINT('Origin',(18.5,-57.6047140210436,17.2881685686586));
#3682=CARTESIAN_POINT('',(18.5,-55.45,17.9360169209126));
#3683=CARTESIAN_POINT('Origin',(20.6547140210436,-57.6047140210436,17.2881685686586));
#3684=CARTESIAN_POINT('Origin',(18.5,-57.6047140210436,17.2881685686586));
#3685=CARTESIAN_POINT('Origin',(-18.5,-60.95,6.00000000000001));
#3686=CARTESIAN_POINT('',(-18.5,-60.95,6.00000000000001));
#3687=CARTESIAN_POINT('',(-18.5,-60.95,9.87500000000001));
#3688=CARTESIAN_POINT('',(-16.,-63.45,6.2112907568009));
#3689=CARTESIAN_POINT('',(-18.4145727137281,-61.0354272862718,6.00721999838718));
#3690=CARTESIAN_POINT('',(-16.,-63.45,22.3318860134547));
#3691=CARTESIAN_POINT('',(-16.,-63.45,6.00000000000001));
#3692=CARTESIAN_POINT('',(-16.8950603749741,-62.5549396250259,26.369242458141));
#3693=CARTESIAN_POINT('',(-14.8529530535647,-64.5970469464353,17.1578915980699));
#3694=CARTESIAN_POINT('',(-18.027854362551,-61.4221456374491,27.527854362551));
#3695=CARTESIAN_POINT('',(-14.4203440460323,-65.0296559539677,23.8381239757035));
#3696=CARTESIAN_POINT('',(-18.5,-60.95,28.));
#3697=CARTESIAN_POINT('',(-14.8333333333333,-64.6166666666667,24.3333333333333));
#3698=CARTESIAN_POINT('',(-18.5,-60.95,9.87500000000001));
#3699=CARTESIAN_POINT('Origin',(-18.5,-67.8317377771457,13.75));
#3700=CARTESIAN_POINT('',(-18.5,-55.45,-6.3934223731909E-15));
#3701=CARTESIAN_POINT('',(-18.5,-55.45,19.375));
#3702=CARTESIAN_POINT('',(-18.5,-60.6396969619669,3.68532023590525E-16));
#3703=CARTESIAN_POINT('',(-18.5,-60.3568542494923,0.));
#3704=CARTESIAN_POINT('',(-18.5,-60.6396969619669,-0.606558154317351));
#3705=CARTESIAN_POINT('',(-18.5,-60.6396969619669,6.875));
#3706=CARTESIAN_POINT('',(-18.5,-61.7651504801059,-3.02010101267767));
#3707=CARTESIAN_POINT('',(-18.5,-62.6883925402678,-5.00000000000001));
#3708=CARTESIAN_POINT('',(-18.5,-72.7527388069532,-4.49859018393763));
#3709=CARTESIAN_POINT('',(-18.5,-63.7016922927272,-3.28068195314273));
#3710=CARTESIAN_POINT('',(-18.5,-75.0809769236773,-2.00186047807592));
#3711=CARTESIAN_POINT('',(-18.5,-79.2904122752751,2.51220627984935));
#3712=CARTESIAN_POINT('',(-18.5,-71.5902413437383,5.48404613077149));
#3713=CARTESIAN_POINT('',(-18.5,-72.3589596656303,3.83552436955171));
#3714=CARTESIAN_POINT('',(-18.5,-74.1675248508505,9.99598692426181));
#3715=CARTESIAN_POINT('',(-18.5,-73.3374851730233,8.54287170730201));
#3716=CARTESIAN_POINT('',(-18.5,-64.8755002232649,29.922798043661));
#3717=CARTESIAN_POINT('',(-18.5,-67.9314926052246,23.3692012315249));
#3718=CARTESIAN_POINT('',(-18.5,-60.3568542494872,32.5));
#3719=CARTESIAN_POINT('',(-18.5,-69.4708338059785,27.3018574415115));
#3720=CARTESIAN_POINT('',(-18.5,-60.3568542494872,30.));
#3721=CARTESIAN_POINT('',(-18.5,-60.3568542494872,21.875));
#3722=CARTESIAN_POINT('',(-18.5,-55.45,30.));
#3723=CARTESIAN_POINT('',(-18.5,-59.7868351313977,30.));
#3724=CARTESIAN_POINT('',(-18.5,-55.45,19.375));
#3725=CARTESIAN_POINT('',(-18.5,-61.4274654355884,28.));
#3726=CARTESIAN_POINT('',(-18.5,-64.3908688885729,28.));
#3727=CARTESIAN_POINT('',(-18.5,-63.5880664021107,27.9513056165192));
#3728=CARTESIAN_POINT('',(-18.5,-64.7884735880592,27.9242515289067));
#3729=CARTESIAN_POINT('',(-18.5,-71.9173826569903,10.0890292648188));
#3730=CARTESIAN_POINT('',(-18.5,-66.6867472141484,21.3061631706548));
#3731=CARTESIAN_POINT('',(-18.5,-69.3400991498785,5.57708847132928));
#3732=CARTESIAN_POINT('',(-18.5,-72.2031851679007,10.5893715842804));
#3733=CARTESIAN_POINT('',(-18.5,-72.6982421157694,-1.62447235908365));
#3734=CARTESIAN_POINT('',(-18.5,-67.6401944418655,9.22254588186964));
#3735=CARTESIAN_POINT('',(-18.5,-71.9950028584125,-2.37860413433422));
#3736=CARTESIAN_POINT('',(-18.5,-75.400738805928,1.27360053038769));
#3737=CARTESIAN_POINT('',(-18.5,-63.1156229235534,-1.18379534730352));
#3738=CARTESIAN_POINT('',(-18.5,-68.8845572536547,-1.96006277588241));
#3739=CARTESIAN_POINT('',(-18.5,-61.6309947711074,2.00000000000001));
#3740=CARTESIAN_POINT('',(-18.5,-60.6767988533949,4.04627974905604));
#3741=CARTESIAN_POINT('',(-18.5,-60.7462896230535,7.19654590953929));
#3742=CARTESIAN_POINT('Origin',(18.5,-67.8317377771457,13.75));
#3743=CARTESIAN_POINT('',(18.5,-55.45,30.));
#3744=CARTESIAN_POINT('',(18.5,-55.45,19.375));
#3745=CARTESIAN_POINT('',(18.5,-60.3568542494924,30.));
#3746=CARTESIAN_POINT('',(18.5,-59.7868351313977,30.));
#3747=CARTESIAN_POINT('',(18.5,-60.3568542494924,32.5));
#3748=CARTESIAN_POINT('',(18.5,-60.3568542494924,21.875));
#3749=CARTESIAN_POINT('',(18.5,-64.8755002232649,29.922798043661));
#3750=CARTESIAN_POINT('',(18.5,-69.4708338059785,27.3018574415115));
#3751=CARTESIAN_POINT('',(18.5,-74.1675248508505,9.99598692426181));
#3752=CARTESIAN_POINT('',(18.5,-67.9314926052246,23.3692012315249));
#3753=CARTESIAN_POINT('',(18.5,-71.5902413437383,5.48404613077149));
#3754=CARTESIAN_POINT('',(18.5,-73.3374851730233,8.54287170730201));
#3755=CARTESIAN_POINT('',(18.5,-75.0809769236773,-2.0018604780759));
#3756=CARTESIAN_POINT('',(18.5,-72.3589596656303,3.83552436955171));
#3757=CARTESIAN_POINT('',(18.5,-72.7527388069531,-4.49859018393763));
#3758=CARTESIAN_POINT('',(18.5,-79.2904122752751,2.51220627984937));
#3759=CARTESIAN_POINT('',(18.5,-61.7651504801059,-3.02010101267767));
#3760=CARTESIAN_POINT('',(18.5,-63.7016922927272,-3.28068195314273));
#3761=CARTESIAN_POINT('',(18.5,-60.6396969619669,-0.606558154317362));
#3762=CARTESIAN_POINT('',(18.5,-62.6883925402678,-5.00000000000001));
#3763=CARTESIAN_POINT('',(18.5,-60.6396969619669,3.68532023590526E-16));
#3764=CARTESIAN_POINT('',(18.5,-60.6396969619669,6.875));
#3765=CARTESIAN_POINT('',(18.5,-55.45,-6.3934223731909E-15));
#3766=CARTESIAN_POINT('',(18.5,-60.3568542494923,0.));
#3767=CARTESIAN_POINT('',(18.5,-55.45,19.375));
#3768=CARTESIAN_POINT('',(18.5,-60.95,6.00000000000001));
#3769=CARTESIAN_POINT('',(18.5,-60.95,9.87500000000001));
#3770=CARTESIAN_POINT('',(18.5,-61.6309947711074,2.00000000000001));
#3771=CARTESIAN_POINT('',(18.5,-60.7462896230535,7.19654590953929));
#3772=CARTESIAN_POINT('',(18.5,-63.1156229235534,-1.18379534730352));
#3773=CARTESIAN_POINT('',(18.5,-60.6767988533949,4.04627974905604));
#3774=CARTESIAN_POINT('',(18.5,-71.9950028584125,-2.37860413433422));
#3775=CARTESIAN_POINT('',(18.5,-68.8845572536547,-1.96006277588241));
#3776=CARTESIAN_POINT('',(18.5,-72.6982421157694,-1.62447235908365));
#3777=CARTESIAN_POINT('',(18.5,-75.400738805928,1.27360053038769));
#3778=CARTESIAN_POINT('',(18.5,-69.3400991498785,5.57708847132928));
#3779=CARTESIAN_POINT('',(18.5,-67.6401944418655,9.22254588186964));
#3780=CARTESIAN_POINT('',(18.5,-71.9173826569903,10.0890292648188));
#3781=CARTESIAN_POINT('',(18.5,-72.2031851679007,10.5893715842804));
#3782=CARTESIAN_POINT('',(18.5,-63.5880664021107,27.9513056165192));
#3783=CARTESIAN_POINT('',(18.5,-66.6867472141484,21.3061631706548));
#3784=CARTESIAN_POINT('',(18.5,-61.4274654355884,28.));
#3785=CARTESIAN_POINT('',(18.5,-64.7884735880592,27.9242515289067));
#3786=CARTESIAN_POINT('',(18.5,-60.95,28.));
#3787=CARTESIAN_POINT('',(18.5,-64.3908688885729,28.));
#3788=CARTESIAN_POINT('',(18.5,-60.95,9.87500000000001));
#3789=CARTESIAN_POINT('Origin',(-9.99999999999986,-61.7036305634794,30.));
#3790=CARTESIAN_POINT('',(-9.99999999999999,-60.0976802775362,25.0942867254299));
#3791=CARTESIAN_POINT('',(-9.99999999999991,-67.8072784920758,8.56100000000001));
#3792=CARTESIAN_POINT('',(-9.99999999999981,-63.4341978651305,17.9391016684289));
#3793=CARTESIAN_POINT('',(-9.99999999999982,-62.9271197418535,8.56100000000001));
#3794=CARTESIAN_POINT('',(-9.9999999999998,-63.9760499766858,8.56100000000001));
#3795=CARTESIAN_POINT('',(-9.99999999999982,-62.9271197418535,2.47155048397692E-15));
#3796=CARTESIAN_POINT('',(-9.99999999999982,-62.9271197418535,15.));
#3797=CARTESIAN_POINT('',(-10.,-55.45,-7.27081849907146E-15));
#3798=CARTESIAN_POINT('',(-9.99999999999987,-61.030242406486,0.));
#3799=CARTESIAN_POINT('',(-10.,-55.45,30.));
#3800=CARTESIAN_POINT('',(-10.,-55.45,27.5));
#3801=CARTESIAN_POINT('',(-9.99999999999986,-61.7036305634794,30.));
#3802=CARTESIAN_POINT('',(-9.99999999999999,-56.7227815245647,30.));
#3803=CARTESIAN_POINT('',(-9.99999999999986,-61.7036305634794,26.1389370036956));
#3804=CARTESIAN_POINT('',(-9.99999999999986,-61.7036305634794,30.));
#3805=CARTESIAN_POINT('',(-9.99999999999985,-61.7830645742062,26.190607819496));
#3806=CARTESIAN_POINT('Origin',(10.0000000000001,-52.95,30.));
#3807=CARTESIAN_POINT('',(10.0000000000003,-67.8072784920787,8.56100000000001));
#3808=CARTESIAN_POINT('',(10.,-60.0976802775362,25.0942867254299));
#3809=CARTESIAN_POINT('',(10.0000000000002,-58.519871689874,28.4779081609149));
#3810=CARTESIAN_POINT('',(10.0000000000003,-61.7036305634793,26.1389370036955));
#3811=CARTESIAN_POINT('',(10.0000000000002,-58.7692273223693,24.2301449388348));
#3812=CARTESIAN_POINT('',(10.0000000000003,-61.7036305634793,30.));
#3813=CARTESIAN_POINT('',(10.0000000000003,-61.7036305634793,30.));
#3814=CARTESIAN_POINT('',(10.0000000000002,-55.45,30.));
#3815=CARTESIAN_POINT('',(10.0000000000001,-52.3459662428247,30.));
#3816=CARTESIAN_POINT('',(10.0000000000003,-55.45,-6.3934223731909E-15));
#3817=CARTESIAN_POINT('',(10.0000000000002,-55.45,27.5));
#3818=CARTESIAN_POINT('',(10.0000000000003,-62.9271197418539,3.34894660985807E-15));
#3819=CARTESIAN_POINT('',(10.0000000000003,-66.3034049821804,7.7481026671245E-15));
#3820=CARTESIAN_POINT('',(10.0000000000004,-62.9271197418539,8.56100000000001));
#3821=CARTESIAN_POINT('',(10.0000000000004,-62.9271197418539,15.));
#3822=CARTESIAN_POINT('',(10.0000000000003,-59.5992346949461,8.56100000000001));
#3823=CARTESIAN_POINT('Origin',(-11.2500000000001,-54.2,27.5));
#3824=CARTESIAN_POINT('',(-11.5000000000001,-53.95,24.));
#3825=CARTESIAN_POINT('',(-12.5000000000001,-52.95,25.));
#3826=CARTESIAN_POINT('',(-10.0833333333333,-55.3666666666667,22.5833333333333));
#3827=CARTESIAN_POINT('',(-12.5000000000001,-52.95,30.));
#3828=CARTESIAN_POINT('',(-12.5000000000001,-52.95,27.5));
#3829=CARTESIAN_POINT('',(-9.05201687858757,-56.3979831214124,30.));
#3830=CARTESIAN_POINT('',(-12.5000000000001,-52.95,-9.65081603525676E-15));
#3831=CARTESIAN_POINT('',(-6.89828643762688,-58.5517135623731,-2.22044604925031E-15));
#3832=CARTESIAN_POINT('',(-12.5000000000001,-52.95,4.99999999999999));
#3833=CARTESIAN_POINT('',(-12.5000000000001,-52.95,13.75));
#3834=CARTESIAN_POINT('',(-11.5000000000001,-53.95,5.99999999999998));
#3835=CARTESIAN_POINT('',(-6.24999999999996,-59.2,11.2499999999999));
#3836=CARTESIAN_POINT('',(-11.5000000000001,-53.95,16.75));
#3837=CARTESIAN_POINT('Origin',(0.,-53.95,5.99999999999998));
#3838=CARTESIAN_POINT('',(-17.,-53.95,5.99999999999998));
#3839=CARTESIAN_POINT('',(0.,-53.95,5.99999999999998));
#3840=CARTESIAN_POINT('',(-17.,-53.95,24.));
#3841=CARTESIAN_POINT('',(-17.,-53.95,12.6875));
#3842=CARTESIAN_POINT('',(0.,-53.95,24.));
#3843=CARTESIAN_POINT('Origin',(0.,-52.95,4.99999999999999));
#3844=CARTESIAN_POINT('',(-16.,-52.95,4.99999999999999));
#3845=CARTESIAN_POINT('',(0.,-52.95,4.99999999999999));
#3846=CARTESIAN_POINT('',(-16.1458333333333,-53.0958333333333,5.14583333333331));
#3847=CARTESIAN_POINT('Origin',(0.,-52.95,-9.65081603525676E-15));
#3848=CARTESIAN_POINT('',(-16.,-52.95,-9.65081603525676E-15));
#3849=CARTESIAN_POINT('',(0.,-52.95,-9.65081603525676E-15));
#3850=CARTESIAN_POINT('',(-16.,-52.95,9.6875));
#3851=CARTESIAN_POINT('Origin',(0.,-60.3568542494923,0.));
#3852=CARTESIAN_POINT('',(-12.7,-65.3357000656915,6.48722432243607E-15));
#3853=CARTESIAN_POINT('',(-5.91161400052294,-59.2800063808926,-1.40308696887435E-15));
#3854=CARTESIAN_POINT('',(-12.7,-71.5264928953046,4.15843960767646E-15));
#3855=CARTESIAN_POINT('',(-12.7,-61.5062088191231,1.49756011623262E-15));
#3856=CARTESIAN_POINT('',(4.44089209850063E-15,-74.9294476391798,4.93583754506405E-15));
#3857=CARTESIAN_POINT('',(-6.82157417371086,-73.101612348225,1.66058777021497E-14));
#3858=CARTESIAN_POINT('',(12.7,-71.5264928953046,4.15843960767646E-15));
#3859=CARTESIAN_POINT('',(6.82157417371086,-73.101612348225,1.66058777021497E-14));
#3860=CARTESIAN_POINT('',(12.7,-65.3357000656915,6.48722432243606E-15));
#3861=CARTESIAN_POINT('',(12.7,-65.9416735723985,7.27678202648693E-15));
#3862=CARTESIAN_POINT('',(7.26161400052301,-60.4842965428116,1.66051887414924E-16));
#3863=CARTESIAN_POINT('',(12.5000000000001,-52.95,-9.65081603525676E-15));
#3864=CARTESIAN_POINT('',(6.89828643762708,-58.5517135623732,-2.22044604925031E-15));
#3865=CARTESIAN_POINT('',(16.,-52.95,-9.65081603525676E-15));
#3866=CARTESIAN_POINT('',(0.,-52.95,-9.65081603525676E-15));
#3867=CARTESIAN_POINT('',(14.4767135623731,-51.4267135623731,-1.22124532708767E-14));
#3868=CARTESIAN_POINT('',(14.6999999999999,-64.439696961967,5.31977038993071E-15));
#3869=CARTESIAN_POINT('',(14.0164213562373,-65.1232756057296,6.2104442866171E-15));
#3870=CARTESIAN_POINT('',(14.7,-73.2682021073445,1.68229370723581E-14));
#3871=CARTESIAN_POINT('',(14.6999999999999,-62.3568542494923,2.60591492965269E-15));
#3872=CARTESIAN_POINT('',(7.2280144832367E-16,-77.207055236082,2.19550951593012E-14));
#3873=CARTESIAN_POINT('',(9.38215702783395,-74.6931138372119,1.86795364475074E-14));
#3874=CARTESIAN_POINT('',(-14.7,-73.2682021073445,1.68229370723581E-14));
#3875=CARTESIAN_POINT('',(-2.13215702783396,-76.6357454823376,2.12107028509318E-14));
#3876=CARTESIAN_POINT('',(-14.6999999999999,-64.439696961967,5.31977038993071E-15));
#3877=CARTESIAN_POINT('',(-14.7,-66.7357954796205,8.31148909348401E-15));
#3878=CARTESIAN_POINT('',(-12.0164213562373,-67.1232756057297,8.81635921626982E-15));
#3879=CARTESIAN_POINT('',(-14.4767135623731,-51.4267135623731,-1.22124532708767E-14));
#3880=CARTESIAN_POINT('',(-17.25,-58.7,0.));
#3881=CARTESIAN_POINT('Origin',(-14.5,-58.7,0.));
#3882=CARTESIAN_POINT('',(11.75,-58.7,0.));
#3883=CARTESIAN_POINT('Origin',(14.5,-58.7,0.));
#3884=CARTESIAN_POINT('Origin',(-17.25,-54.2,19.375));
#3885=CARTESIAN_POINT('',(-16.,-52.95,30.));
#3886=CARTESIAN_POINT('',(-12.3229831214124,-49.2729831214124,30.));
#3887=CARTESIAN_POINT('',(-16.,-52.95,25.));
#3888=CARTESIAN_POINT('',(-16.,-52.95,19.375));
#3889=CARTESIAN_POINT('',(-15.0208333333333,-51.9708333333334,25.9791666666667));
#3890=CARTESIAN_POINT('Origin',(-2.22044604925031E-15,-51.7419324856496,
30.));
#3891=CARTESIAN_POINT('',(-1.11022302462516E-15,-52.95,30.));
#3892=CARTESIAN_POINT('',(-16.2989638415415,-62.5578904079455,30.));
#3893=CARTESIAN_POINT('',(-16.2989638415415,-62.5578904079455,30.));
#3894=CARTESIAN_POINT('',(3.33077132433952E-15,-63.9838649712993,30.));
#3895=CARTESIAN_POINT('',(3.33077132433952E-15,-63.9838649712993,30.));
#3896=CARTESIAN_POINT('',(16.2989638415474,-62.557890407945,30.));
#3897=CARTESIAN_POINT('',(3.33077132433952E-15,-63.9838649712993,30.));
#3898=CARTESIAN_POINT('',(16.2989638415474,-62.557890407945,30.));
#3899=CARTESIAN_POINT('',(16.,-52.95,30.));
#3900=CARTESIAN_POINT('',(12.3229831214124,-49.2729831214124,30.));
#3901=CARTESIAN_POINT('',(12.5000000000001,-52.95,30.));
#3902=CARTESIAN_POINT('',(-1.11022302462516E-15,-52.95,30.));
#3903=CARTESIAN_POINT('',(9.05201687858776,-56.3979831214124,30.));
#3904=CARTESIAN_POINT('',(-1.85268467234323E-13,-62.5785171987386,30.));
#3905=CARTESIAN_POINT('',(5.47043829689046,-62.0999158632426,30.));
#3906=CARTESIAN_POINT('',(-0.470438296890392,-62.5373591808723,30.));
#3907=CARTESIAN_POINT('',(-17.25,-58.7,30.));
#3908=CARTESIAN_POINT('Origin',(-14.5,-58.7,30.));
#3909=CARTESIAN_POINT('',(11.75,-58.7,30.));
#3910=CARTESIAN_POINT('Origin',(14.5,-58.7,30.));
#3911=CARTESIAN_POINT('Origin',(11.2500000000001,-54.2,27.5));
#3912=CARTESIAN_POINT('',(12.5000000000001,-52.95,25.));
#3913=CARTESIAN_POINT('',(12.5000000000001,-52.95,27.5));
#3914=CARTESIAN_POINT('',(11.5000000000001,-53.95,24.));
#3915=CARTESIAN_POINT('',(10.0833333333335,-55.3666666666666,22.5833333333333));
#3916=CARTESIAN_POINT('',(11.5000000000001,-53.95,5.99999999999998));
#3917=CARTESIAN_POINT('',(11.5000000000001,-53.95,16.75));
#3918=CARTESIAN_POINT('',(12.5000000000001,-52.95,4.99999999999999));
#3919=CARTESIAN_POINT('',(6.2500000000002,-59.2000000000001,11.25));
#3920=CARTESIAN_POINT('',(12.5000000000001,-52.95,13.75));
#3921=CARTESIAN_POINT('Origin',(0.,-53.95,24.));
#3922=CARTESIAN_POINT('',(16.,-52.95,25.));
#3923=CARTESIAN_POINT('',(0.,-52.95,25.));
#3924=CARTESIAN_POINT('',(17.,-53.95,24.));
#3925=CARTESIAN_POINT('',(15.0208333333333,-51.9708333333334,25.9791666666667));
#3926=CARTESIAN_POINT('',(0.,-53.95,24.));
#3927=CARTESIAN_POINT('Origin',(0.,-52.95,25.));
#3928=CARTESIAN_POINT('',(16.,-52.95,19.375));
#3929=CARTESIAN_POINT('Origin',(17.25,-54.2,19.375));
#3930=CARTESIAN_POINT('',(16.,-52.95,4.99999999999999));
#3931=CARTESIAN_POINT('',(16.,-52.95,9.6875));
#3932=CARTESIAN_POINT('',(17.,-53.95,5.99999999999998));
#3933=CARTESIAN_POINT('',(16.1458333333333,-53.0958333333333,5.14583333333331));
#3934=CARTESIAN_POINT('',(17.,-53.95,12.6875));
#3935=CARTESIAN_POINT('Origin',(0.,-53.95,5.99999999999998));
#3936=CARTESIAN_POINT('',(0.,-53.95,5.99999999999998));
#3937=CARTESIAN_POINT('Origin',(0.,-52.95,4.99999999999999));
#3938=CARTESIAN_POINT('',(0.,-52.95,4.99999999999999));
#3939=CARTESIAN_POINT('Origin',(0.,-52.95,-9.65081603525676E-15));
#3940=CARTESIAN_POINT('Origin',(11.35,-68.8874811425984,7.21100000000001));
#3941=CARTESIAN_POINT('',(12.7,-65.3357000656915,5.86100000000001));
#3942=CARTESIAN_POINT('',(13.4043759843204,-65.9640504865871,5.15662401567958));
#3943=CARTESIAN_POINT('',(12.7,-71.5264928953046,5.86100000000001));
#3944=CARTESIAN_POINT('',(12.7,-68.8874811425984,5.86100000000001));
#3945=CARTESIAN_POINT('',(10.51748100242,-72.1112970981717,8.04351899758));
#3946=CARTESIAN_POINT('',(10.34849090173,-72.1565778591805,8.21250909827002));
#3947=CARTESIAN_POINT('',(9.51548974183421,-63.7774857919822,9.04551025816576));
#3948=CARTESIAN_POINT('Origin',(4.44089209850063E-15,-74.9294476391798,
4.93583754506405E-15));
#3949=CARTESIAN_POINT('',(10.5472024697368,-72.1033332550063,8.56100000000001));
#3950=CARTESIAN_POINT('',(10.7611477473516,-72.046006790645,12.2860050794237));
#3951=CARTESIAN_POINT('',(12.7,-71.5264928953046,4.15843960767646E-15));
#3952=CARTESIAN_POINT('',(-6.01635700066232E-15,-74.9294476391798,7.53769663860874));
#3953=CARTESIAN_POINT('',(4.44089209850063E-15,-74.9294476391798,4.93583754506405E-15));
#3954=CARTESIAN_POINT('',(10.1198699457653,-72.217836659704,8.56100000000001));
#3955=CARTESIAN_POINT('',(10.0267256406514,-72.2427946010389,8.55158141250547));
#3956=CARTESIAN_POINT('',(9.99999999999986,-72.2499557148686,8.56100000000001));
#3957=CARTESIAN_POINT('Origin',(12.7,-71.5264928953046,4.15843960767646E-15));
#3958=CARTESIAN_POINT('',(12.7,-65.3357000656915,4.15843960767646E-15));
#3959=CARTESIAN_POINT('Origin',(-11.35,-64.452016389323,7.21100000000001));
#3960=CARTESIAN_POINT('',(-12.7,-71.5264928953046,5.86100000000001));
#3961=CARTESIAN_POINT('',(-10.51748100242,-72.1112970981717,8.04351899757999));
#3962=CARTESIAN_POINT('',(-13.22195008217,-71.3866367922978,5.33904991783001));
#3963=CARTESIAN_POINT('',(-12.7,-65.3357000656915,5.86100000000001));
#3964=CARTESIAN_POINT('',(-12.7,-64.452016389323,5.86100000000001));
#3965=CARTESIAN_POINT('',(-11.8296212874535,-64.5592641244594,6.73137871254644));
#3966=CARTESIAN_POINT('',(-9.86376158782983,-66.6741496272427,8.69723841217013));
#3967=CARTESIAN_POINT('Origin',(-8.66862493352244,-61.7394442645328,4.15843960767646E-15));
#3968=CARTESIAN_POINT('',(-12.7,-65.3357000656915,4.15843960767646E-15));
#3969=CARTESIAN_POINT('Origin',(-12.7,-62.6555633887538,4.15843960767646E-15));
#3970=CARTESIAN_POINT('',(-12.7,-71.5264928953046,4.15843960767646E-15));
#3971=CARTESIAN_POINT('Origin',(11.3686249335226,-64.1480245883708,4.15843960767646E-15));
#3972=CARTESIAN_POINT('Origin',(11.3499999999999,-66.2484693898922,8.56100000000001));
#3973=CARTESIAN_POINT('',(10.5303524556718,-71.9710447746301,8.56100000000001));
#3974=CARTESIAN_POINT('',(9.42992641159705,-63.3316639067533,8.56100000000001));
#3975=CARTESIAN_POINT('',(12.6968189272425,-70.6685134083355,8.56100000000001));
#3976=CARTESIAN_POINT('Origin',(-11.3499999999999,-66.2484693898922,8.56100000000001));
#3977=CARTESIAN_POINT('',(-10.5472024697368,-72.1033332550063,8.56100000000001));
#3978=CARTESIAN_POINT('',(-10.5303524556717,-71.97104477463,8.56100000000001));
#3979=CARTESIAN_POINT('',(-9.94790543402957,-67.3982870846224,8.56100000000001));
#3980=CARTESIAN_POINT('',(-10.1198699457652,-72.217836659704,8.56100000000001));
#3981=CARTESIAN_POINT('',(-8.85978068904545,-72.9754324050092,8.56100000000001));
#3982=CARTESIAN_POINT('',(-9.99999999999985,-72.2499557148686,8.56100000000001));
#3983=CARTESIAN_POINT('Origin',(10.,-68.3628799793038,7.36950876559561));
#3984=CARTESIAN_POINT('',(-4.3545247035138E-15,-76.8705551879524,8.12664435886018));
#3985=CARTESIAN_POINT('',(-1.11022302462516E-14,-68.9888801306212,5.73528043896147));
#3986=CARTESIAN_POINT('',(10.9925389371891,-75.1154536929866,9.59934937596471));
#3987=CARTESIAN_POINT('',(9.43588680752335,-75.3639934066532,9.39079979389415));
#3988=CARTESIAN_POINT('',(9.84321066204616,-67.2961897746342,7.01726542284829));
#3989=CARTESIAN_POINT('Origin',(-8.55942333083584E-15,-69.1080700001538,
5.77144360878823));
#3990=CARTESIAN_POINT('',(-5.23880553351744,-73.5257139271701,8.06743539423048));
#3991=CARTESIAN_POINT('',(-10.9925389371891,-75.1154536929866,9.59934937596472));
#3992=CARTESIAN_POINT('',(-9.91859333273474,-67.8090432471645,7.1866203308739));
#3993=CARTESIAN_POINT('',(1.90467237045255,-77.1746608494291,7.87146941047622));
#3994=CARTESIAN_POINT('Origin',(-10.,-68.3628799793038,7.36950876559562));
#3995=CARTESIAN_POINT('',(-10.9967766209003,-66.1463080028007,28.9050917138553));
#3996=CARTESIAN_POINT('',(-9.83209780952582,-59.078818254551,24.4523750958728));
#3997=CARTESIAN_POINT('',(-10.9023829138667,-66.1463080028007,27.3158415895386));
#3998=CARTESIAN_POINT('',(-10.1647701593829,-66.1463080028007,14.8970988724553));
#3999=CARTESIAN_POINT('',(-10.9023829138667,-73.9526726954448,10.575038482142));
#4000=CARTESIAN_POINT('',(-10.9023829138667,-73.1723359289164,12.2484760782901));
#4001=CARTESIAN_POINT('',(-10.66586654933,-70.9022194461079,13.1346726785841));
#4002=CARTESIAN_POINT('',(-10.2679064967632,-72.1781703854138,3.69817278741501));
#4003=CARTESIAN_POINT('Origin',(10.,-60.0976802775362,25.0942867254299));
#4004=CARTESIAN_POINT('',(10.9023829138667,-73.9526726954448,10.575038482142));
#4005=CARTESIAN_POINT('',(10.1647701593829,-64.4393638464988,18.5576524285681));
#4006=CARTESIAN_POINT('',(10.9023829138668,-66.1463080028007,27.3158415895387));
#4007=CARTESIAN_POINT('',(10.9023829138668,-66.9266447693291,25.6424039933905));
#4008=CARTESIAN_POINT('',(10.9967766209003,-66.1463080028007,28.9050917138553));
#4009=CARTESIAN_POINT('',(10.66586654933,-66.1463080028007,23.3337576820869));
#4010=CARTESIAN_POINT('',(9.91367493359367,-59.5738435631688,24.7642549140996));
#4011=CARTESIAN_POINT('Origin',(-9.99999999999999,-60.0976802775362,25.0942867254299));
#4012=CARTESIAN_POINT('',(8.4950934645463E-15,-62.5785171987386,27.9495472816255));
#4013=CARTESIAN_POINT('',(-4.98000399597571,-62.1428233047769,27.0478626397009));
#4014=CARTESIAN_POINT('',(1.99693440354406E-14,-66.1463080028007,30.270349917224));
#4015=CARTESIAN_POINT('',(-1.11022302462516E-15,-59.591850694601,26.0067586274912));
#4016=CARTESIAN_POINT('',(-8.98959654649111,-66.1463080028007,29.1542846507216));
#4017=CARTESIAN_POINT('Origin',(-2.58407307446544E-15,-59.6534905854405,
26.0468545941481));
#4018=CARTESIAN_POINT('',(4.95257865810041,-62.1452227109344,27.0528282995642));
#4019=CARTESIAN_POINT('',(-2.55821003504305,-66.1463080028007,30.5879536439056));
#4020=CARTESIAN_POINT('Origin',(-9.99999999999985,-72.2499557148686,4.93583754506405E-15));
#4021=CARTESIAN_POINT('Origin',(-6.66666666666667,-66.1463080028007,22.6422458113874));
#4022=CARTESIAN_POINT('',(15.0507037645421,-66.1463080028007,28.5210657841501));
#4023=CARTESIAN_POINT('',(-0.509770404986575,-66.1463080028007,24.0002341937755));
#4024=CARTESIAN_POINT('',(4.68102048292837,-66.1463080028007,32.5));
#4025=CARTESIAN_POINT('',(4.79613046279259,-66.1463080028007,32.4558313378501));
#4026=CARTESIAN_POINT('',(-4.68102048292837,-66.1463080028007,32.5));
#4027=CARTESIAN_POINT('',(-3.33333333333333,-66.1463080028007,32.5));
#4028=CARTESIAN_POINT('',(-15.0507037645421,-66.1463080028007,28.5210657841501));
#4029=CARTESIAN_POINT('',(-10.6072183960406,-66.1463080028007,30.2260682890682));
#4030=CARTESIAN_POINT('',(-4.42388728986356,-66.1463080028007,25.4336246753233));
#4031=CARTESIAN_POINT('Origin',(6.2636234099356,-67.4201950825225,23.2362691122864));
#4032=CARTESIAN_POINT('',(15.0507037645469,-74.8759279924405,9.80033530295038));
#4033=CARTESIAN_POINT('',(4.42388728986355,-72.5108108875656,11.784904193342));
#4034=CARTESIAN_POINT('',(15.0507037645434,-68.4182291636638,23.6489151318276));
#4035=CARTESIAN_POINT('Origin',(6.66666666666667,-70.3724906202077,13.5791679410209));
#4036=CARTESIAN_POINT('',(-15.0507037645469,-74.8759279924405,9.80033530295038));
#4037=CARTESIAN_POINT('',(0.509770404986562,-71.4127700743562,12.7062698347236));
#4038=CARTESIAN_POINT('',(0.,-79.2998966482868,6.08818483548996));
#4039=CARTESIAN_POINT('',(-6.28278826520899,-77.4531485631855,7.63779047257575));
#4040=CARTESIAN_POINT('',(12.0938761984566,-75.7450509701938,9.07105453286989));
#4041=CARTESIAN_POINT('Origin',(-6.26362340993561,-71.6463776999295,14.1731912419199));
#4042=CARTESIAN_POINT('',(-15.0507037645445,-70.5313204723674,19.1173761966444));
#4043=CARTESIAN_POINT('Origin',(0.,-52.95,32.5));
#4044=CARTESIAN_POINT('',(16.2411077985004,-64.0779060970795,32.5));
#4045=CARTESIAN_POINT('',(5.49809429718465,-66.00011213175,32.5));
#4046=CARTESIAN_POINT('',(16.6497190635618,-63.4048046087517,32.5));
#4047=CARTESIAN_POINT('',(16.2989638415474,-62.557890407945,32.5));
#4048=CARTESIAN_POINT('',(14.6261954831468,-64.2306587663456,32.5));
#4049=CARTESIAN_POINT('',(3.33077132433952E-15,-63.9838649712993,32.5));
#4050=CARTESIAN_POINT('',(0.479002636222265,-63.9419576708308,32.5));
#4051=CARTESIAN_POINT('',(-16.2989638415415,-62.5578904079455,32.5));
#4052=CARTESIAN_POINT('',(-8.62848455699303,-63.2289703891539,32.5));
#4053=CARTESIAN_POINT('',(-15.7267135623714,-63.1301406871156,32.5));
#4054=CARTESIAN_POINT('',(-16.2411077985004,-64.0779060970795,32.5));
#4055=CARTESIAN_POINT('',(-16.6497190635618,-63.4048046087517,32.5));
#4056=CARTESIAN_POINT('',(-5.49809429718465,-66.00011213175,32.5));
#4057=CARTESIAN_POINT('Origin',(9.25,-69.2909542857795,24.0031286241361));
#4058=CARTESIAN_POINT('',(0.,-82.7134755542914,-1.23225875214119));
#4059=CARTESIAN_POINT('',(0.,-70.6504159663345,24.6370560167472));
#4060=CARTESIAN_POINT('',(5.00000000000074,-82.1170764252833,-1.87181851677543));
#4061=CARTESIAN_POINT('',(3.69843227871791,-82.2723271963469,-1.70533244767962));
#4062=CARTESIAN_POINT('',(13.4362030508578,-79.6703355306572,0.138192586378586));
#4063=CARTESIAN_POINT('',(11.1856921830732,-80.3230482428589,-0.39801449692014));
#4064=CARTESIAN_POINT('',(13.4362030508581,-76.1795999507179,7.62409919522601));
#4065=CARTESIAN_POINT('',(13.4362030508582,-75.1150427750924,9.90704942563258));
#4066=CARTESIAN_POINT('',(16.9367756635999,-74.7886644412344,9.26377102807229));
#4067=CARTESIAN_POINT('',(18.3068897254886,-64.8073147558246,30.1431202781305));
#4068=CARTESIAN_POINT('Origin',(-18.5,-61.4274654355884,28.));
#4069=CARTESIAN_POINT('',(-18.2186132991903,-63.4069330243877,27.6739297416474));
#4070=CARTESIAN_POINT('',(-18.4986551509139,-61.4274502827942,27.9986551509139));
#4071=CARTESIAN_POINT('Origin',(-18.5,-63.5880664021107,27.9513056165192));
#4072=CARTESIAN_POINT('',(-16.,-69.1047049146656,10.205332190516));
#4073=CARTESIAN_POINT('',(-16.250821092173,-69.3868964759698,10.1936636997775));
#4074=CARTESIAN_POINT('',(-16.,-61.3222969345191,26.8947599621674));
#4075=CARTESIAN_POINT('Origin',(-18.5,-71.9173826569903,10.0890292648188));
#4076=CARTESIAN_POINT('',(-16.,-66.5274214075538,5.69339139702645));
#4077=CARTESIAN_POINT('',(-19.0929864799176,-70.007251099304,5.54950204632399));
#4078=CARTESIAN_POINT('',(-16.,-69.7465741305823,11.3290253703266));
#4079=CARTESIAN_POINT('Origin',(-18.5,-69.3400991498785,5.57708847132928));
#4080=CARTESIAN_POINT('',(-17.6344741526394,-71.6670828339444,-1.46115277334636));
#4081=CARTESIAN_POINT('',(-17.4083997258707,-71.3977451310247,-1.41849387201114));
#4082=CARTESIAN_POINT('',(-16.,-68.9223834261381,0.55737877381543));
#4083=CARTESIAN_POINT('',(-16.,-67.0743296822869,4.52054281697745));
#4084=CARTESIAN_POINT('',(-16.2982314339284,-69.4231901466179,0.189070987015869));
#4085=CARTESIAN_POINT('Origin',(-18.5,-72.6982421157694,-1.62447235908365));
#4086=CARTESIAN_POINT('',(-18.3824636230291,-71.9504720893665,-2.25401639458465));
#4087=CARTESIAN_POINT('Origin',(-18.5,-71.9950028584125,-2.37860413433422));
#4088=CARTESIAN_POINT('',(-16.,-64.8037134778629,1.11158673441403));
#4089=CARTESIAN_POINT('',(-17.4345864604709,-63.8350287365585,-0.20558288800176));
#4090=CARTESIAN_POINT('',(-16.,-72.3283979477743,0.099065681115255));
#4091=CARTESIAN_POINT('Origin',(-18.5,-63.1156229235534,-1.18379534730352));
#4092=CARTESIAN_POINT('',(-16.,-64.039033761275,2.75144767861));
#4093=CARTESIAN_POINT('',(-18.3828038188433,-61.7438799605971,2.03522671930886));
#4094=CARTESIAN_POINT('',(-16.,-65.381392391145,-0.127249692951679));
#4095=CARTESIAN_POINT('Origin',(-18.5,-61.6309947711074,2.00000000000001));
#4096=CARTESIAN_POINT('',(-16.,-63.4145382761582,6.41958441981444));
#4097=CARTESIAN_POINT('Origin',(-18.5,-60.95,28.));
#4098=CARTESIAN_POINT('Origin',(-16.,-60.95,28.));
#4099=CARTESIAN_POINT('Origin',(18.5,-61.4274654355884,28.));
#4100=CARTESIAN_POINT('',(16.8950603749741,-62.5549396250259,26.369242458141));
#4101=CARTESIAN_POINT('',(18.2186132991903,-63.4069330243877,27.6739297416474));
#4102=CARTESIAN_POINT('',(18.027854362551,-61.4221456374491,27.527854362551));
#4103=CARTESIAN_POINT('',(14.4203440460323,-65.0296559539677,23.8381239757035));
#4104=CARTESIAN_POINT('',(18.4986551509139,-61.4274502827942,27.9986551509139));
#4105=CARTESIAN_POINT('Origin',(18.5,-63.5880664021107,27.9513056165192));
#4106=CARTESIAN_POINT('',(16.,-69.1047049146656,10.205332190516));
#4107=CARTESIAN_POINT('',(16.250821092173,-69.3868964759698,10.1936636997775));
#4108=CARTESIAN_POINT('',(16.,-63.45,22.3318860134547));
#4109=CARTESIAN_POINT('',(16.,-61.3222969345191,26.8947599621674));
#4110=CARTESIAN_POINT('',(14.8529530535647,-64.5970469464353,17.1578915980699));
#4111=CARTESIAN_POINT('Origin',(18.5,-71.9173826569903,10.0890292648188));
#4112=CARTESIAN_POINT('',(16.,-66.5274214075538,5.69339139702645));
#4113=CARTESIAN_POINT('',(19.0929864799176,-70.007251099304,5.54950204632399));
#4114=CARTESIAN_POINT('',(16.,-69.7465741305823,11.3290253703266));
#4115=CARTESIAN_POINT('Origin',(18.5,-69.3400991498785,5.57708847132928));
#4116=CARTESIAN_POINT('',(17.6344741526394,-71.6670828339444,-1.46115277334636));
#4117=CARTESIAN_POINT('',(17.4083997258707,-71.3977451310247,-1.41849387201114));
#4118=CARTESIAN_POINT('',(16.,-68.9223834261381,0.55737877381543));
#4119=CARTESIAN_POINT('',(16.2982314339284,-69.4231901466179,0.189070987015869));
#4120=CARTESIAN_POINT('',(16.,-67.0743296822869,4.52054281697745));
#4121=CARTESIAN_POINT('Origin',(18.5,-72.6982421157694,-1.62447235908365));
#4122=CARTESIAN_POINT('',(18.3824636230291,-71.9504720893665,-2.25401639458465));
#4123=CARTESIAN_POINT('Origin',(18.5,-71.9950028584125,-2.37860413433422));
#4124=CARTESIAN_POINT('',(16.,-64.8037134778629,1.11158673441403));
#4125=CARTESIAN_POINT('',(17.4345864604709,-63.8350287365585,-0.20558288800176));
#4126=CARTESIAN_POINT('',(16.,-72.3283979477743,0.099065681115255));
#4127=CARTESIAN_POINT('Origin',(18.5,-63.1156229235534,-1.18379534730352));
#4128=CARTESIAN_POINT('',(16.,-64.039033761275,2.75144767861));
#4129=CARTESIAN_POINT('',(18.3828038188433,-61.7438799605971,2.03522671930886));
#4130=CARTESIAN_POINT('',(16.,-65.381392391145,-0.127249692951679));
#4131=CARTESIAN_POINT('Origin',(18.5,-61.6309947711074,2.00000000000001));
#4132=CARTESIAN_POINT('',(16.,-63.45,6.2112907568009));
#4133=CARTESIAN_POINT('',(18.4145727137281,-61.0354272862718,6.00721999838718));
#4134=CARTESIAN_POINT('',(16.,-63.4145382761582,6.41958441981444));
#4135=CARTESIAN_POINT('Origin',(18.5,-60.95,6.00000000000001));
#4136=CARTESIAN_POINT('',(14.8333333333333,-64.6166666666667,24.3333333333333));
#4137=CARTESIAN_POINT('',(16.,-63.45,6.00000000000001));
#4138=CARTESIAN_POINT('Origin',(18.5,-60.95,28.));
#4139=CARTESIAN_POINT('Origin',(16.,-60.95,28.));
#4140=CARTESIAN_POINT('Origin',(-1.84297022087776E-13,-62.5785171987386,
30.));
#4141=CARTESIAN_POINT('',(-1.85268467234323E-13,-62.5785171987386,30.));
#4142=CARTESIAN_POINT('Origin',(10.0000000000003,-61.7036305634793,30.));
#4143=CARTESIAN_POINT('Origin',(0.,-53.95,24.));
#4144=CARTESIAN_POINT('',(0.,-52.95,25.));
#4145=CARTESIAN_POINT('Origin',(0.,-52.95,25.));
#4146=CARTESIAN_POINT('Origin',(5.,-82.7134755542916,-1.23225875214138));
#4147=CARTESIAN_POINT('',(17.9720608116131,-72.5555822586754,-4.99999999999999));
#4148=CARTESIAN_POINT('',(5.,-79.2000000000003,-4.99999999999999));
#4149=CARTESIAN_POINT('',(2.30677362912541,-80.5794971623959,-4.99999999999998));
#4150=CARTESIAN_POINT('',(15.7306345012526,-71.7185315447098,-7.1287928206829));
#4151=CARTESIAN_POINT('',(12.2536796564403,-80.7420656913708,0.637948567795037));
#4152=CARTESIAN_POINT('',(5.00000000000075,-82.7134755542914,-1.23225875214123));
#4153=CARTESIAN_POINT('Origin',(-18.5,-79.0148816512253,2.21673585996474));
#4154=CARTESIAN_POINT('',(-13.4362030508578,-79.6703355306573,0.138192586378572));
#4155=CARTESIAN_POINT('',(-5.,-82.1170764252836,-1.87181851677561));
#4156=CARTESIAN_POINT('',(-17.9324118353631,-78.3663060001318,1.2094600184772));
#4157=CARTESIAN_POINT('',(-16.1022937433688,-77.2540367750886,-0.988546027733562));
#4158=CARTESIAN_POINT('',(-17.9720608116131,-72.5555822586754,-4.99999999999999));
#4159=CARTESIAN_POINT('',(-19.5010407261038,-73.1265730260933,-3.54785256606865));
#4160=CARTESIAN_POINT('',(-5.,-79.2000000000003,-4.99999999999999));
#4161=CARTESIAN_POINT('',(-8.40426918811054,-77.4562996798879,-4.99999999999999));
#4162=CARTESIAN_POINT('',(-5.00000000000078,-82.7134755542915,-1.2322587521411));
#4163=CARTESIAN_POINT('Origin',(-9.25,-69.2909542857795,24.0031286241361));
#4164=CARTESIAN_POINT('',(-18.3068897254886,-64.8073147558246,30.1431202781305));
#4165=CARTESIAN_POINT('',(-13.4362030508581,-76.1795999507179,7.62409919522601));
#4166=CARTESIAN_POINT('',(-16.9367756635999,-74.7886644412344,9.26377102807229));
#4167=CARTESIAN_POINT('',(-13.4362030508582,-75.1150427750924,9.90704942563258));
#4168=CARTESIAN_POINT('',(-3.69843227871791,-82.2723271963469,-1.70533244767962));
#4169=CARTESIAN_POINT('Origin',(0.,-82.7134755542914,-1.23225875214119));
#4170=CARTESIAN_POINT('',(0.,-79.2,-4.99999999999999));
#4171=CARTESIAN_POINT('Origin',(0.,-79.2,-4.99999999999999));
#4172=CARTESIAN_POINT('',(-16.6443324042985,-62.6883925402678,-5.00000000000001));
#4173=CARTESIAN_POINT('',(-17.5341588274634,-69.3012555967857,-5.));
#4174=CARTESIAN_POINT('',(16.6443324042985,-62.6883925402678,-5.00000000000001));
#4175=CARTESIAN_POINT('',(0.,-62.6883925402678,-5.00000000000001));
#4176=CARTESIAN_POINT('',(17.5341588274634,-69.3012555967857,-5.));
#4177=CARTESIAN_POINT('Origin',(-17.5100505063388,-61.7651504801059,-4.01005050633884));
#4178=CARTESIAN_POINT('',(-13.655311761605,-64.1755067100788,-8.18912662874697));
#4179=CARTESIAN_POINT('Origin',(17.5100505063388,-61.7651504801059,-4.01005050633884));
#4180=CARTESIAN_POINT('',(13.655311761605,-64.1755067100788,-8.18912662874697));
#4181=CARTESIAN_POINT('Origin',(0.,-62.6883925402678,-5.00000000000001));
#4182=CARTESIAN_POINT('',(-17.3839197380094,-61.7557772239576,-3.));
#4183=CARTESIAN_POINT('',(-15.7429650106258,-63.3967319513412,-6.51903876911635));
#4184=CARTESIAN_POINT('',(17.3839197380094,-61.7557772239576,-3.));
#4185=CARTESIAN_POINT('',(0.,-61.7557772239576,-3.));
#4186=CARTESIAN_POINT('',(16.3491257312829,-62.7905712306841,-5.2191229087264));
#4187=CARTESIAN_POINT('Origin',(-16.3786796564403,-78.8875831695022,-5.14568236059762));
#4188=CARTESIAN_POINT('',(-16.3786796564405,-73.5128104899055,6.3805548469619));
#4189=CARTESIAN_POINT('Origin',(-16.3786796564405,-73.5128104899055,6.3805548469619));
#4190=CARTESIAN_POINT('Origin',(-18.5,-64.8755002232648,29.922798043661));
#4191=CARTESIAN_POINT('Origin',(18.5,-64.8755002232648,29.922798043661));
#4192=CARTESIAN_POINT('Origin',(16.3786796564403,-78.8875831695022,-5.14568236059762));
#4193=CARTESIAN_POINT('',(16.3786796564405,-73.5128104899055,6.3805548469619));
#4194=CARTESIAN_POINT('Origin',(16.3786796564405,-73.5128104899055,6.3805548469619));
#4195=CARTESIAN_POINT('Origin',(-14.5,-58.7,0.));
#4196=CARTESIAN_POINT('',(-17.25,-58.7,0.));
#4197=CARTESIAN_POINT('',(-17.25,-58.7,0.));
#4198=CARTESIAN_POINT('',(-17.25,-58.7,0.));
#4199=CARTESIAN_POINT('Origin',(14.5,-58.7,0.));
#4200=CARTESIAN_POINT('',(11.75,-58.7,0.));
#4201=CARTESIAN_POINT('',(11.75,-58.7,0.));
#4202=CARTESIAN_POINT('',(11.75,-58.7,0.));
#4203=CARTESIAN_POINT('Origin',(-16.2989638415415,-62.5578904079455,30.));
#4204=CARTESIAN_POINT('',(-16.2989638415415,-62.5578904079455,30.));
#4205=CARTESIAN_POINT('',(3.33077132433952E-15,-63.9838649712993,30.));
#4206=CARTESIAN_POINT('Origin',(-18.5,-60.3568542494872,30.));
#4207=CARTESIAN_POINT('Origin',(16.2989638415474,-62.557890407945,30.));
#4208=CARTESIAN_POINT('',(16.2989638415474,-62.557890407945,30.));
#4209=CARTESIAN_POINT('Origin',(3.33077132433952E-15,-63.9838649712993,
30.));
#4210=CARTESIAN_POINT('Origin',(18.6414213562373,-60.4982756057296,0.));
#4211=CARTESIAN_POINT('',(14.6999999999999,-64.439696961967,-3.));
#4212=CARTESIAN_POINT('',(14.6592514421272,-64.4804455198397,-3.));
#4213=CARTESIAN_POINT('',(14.7,-64.439696961967,0.));
#4214=CARTESIAN_POINT('Origin',(-14.6414213562373,-64.4982756057297,0.));
#4215=CARTESIAN_POINT('',(-14.7,-64.439696961967,-3.));
#4216=CARTESIAN_POINT('',(-14.7,-64.439696961967,0.));
#4217=CARTESIAN_POINT('',(-12.6592514421272,-66.4804455198398,-3.));
#4218=CARTESIAN_POINT('Origin',(-14.7,-73.1147367097487,0.));
#4219=CARTESIAN_POINT('',(-14.7,-73.2682021073445,-3.));
#4220=CARTESIAN_POINT('',(-14.7,-73.2682021073445,0.));
#4221=CARTESIAN_POINT('',(-14.7,-65.4501353078407,-3.));
#4222=CARTESIAN_POINT('Origin',(-0.0517638090205042,-77.1931851652578,0.));
#4223=CARTESIAN_POINT('',(7.1701903673708E-16,-77.207055236082,-3.));
#4224=CARTESIAN_POINT('',(0.,-77.207055236082,0.));
#4225=CARTESIAN_POINT('',(-2.45357207077891,-76.5496225811452,-3.));
#4226=CARTESIAN_POINT('Origin',(14.5517638090205,-73.3079218750065,0.));
#4227=CARTESIAN_POINT('',(14.7,-73.2682021073445,-3.));
#4228=CARTESIAN_POINT('',(14.7,-73.2682021073445,0.));
#4229=CARTESIAN_POINT('',(9.7035720707789,-74.6069909360196,-3.));
#4230=CARTESIAN_POINT('Origin',(14.7,-64.3568542494924,0.));
#4231=CARTESIAN_POINT('',(14.6999999999999,-61.0711940777125,-3.));
#4232=CARTESIAN_POINT('Origin',(0.,-57.7855339059328,-3.));
#4233=UNCERTAINTY_MEASURE_WITH_UNIT(LENGTH_MEASURE(0.01),#4237,
'DISTANCE_ACCURACY_VALUE',
'Maximum model space distance between geometric entities at asserted c
onnectivities');
#4234=UNCERTAINTY_MEASURE_WITH_UNIT(LENGTH_MEASURE(0.01),#4237,
'DISTANCE_ACCURACY_VALUE',
'Maximum model space distance between geometric entities at asserted c
onnectivities');
#4235=(
GEOMETRIC_REPRESENTATION_CONTEXT(3)
GLOBAL_UNCERTAINTY_ASSIGNED_CONTEXT((#4233))
GLOBAL_UNIT_ASSIGNED_CONTEXT((#4237,#4239,#4240))
REPRESENTATION_CONTEXT('','3D')
);
#4236=(
GEOMETRIC_REPRESENTATION_CONTEXT(3)
GLOBAL_UNCERTAINTY_ASSIGNED_CONTEXT((#4234))
GLOBAL_UNIT_ASSIGNED_CONTEXT((#4237,#4239,#4240))
REPRESENTATION_CONTEXT('','3D')
);
#4237=(
LENGTH_UNIT()
NAMED_UNIT(*)
SI_UNIT(.MILLI.,.METRE.)
);
#4238=(
LENGTH_UNIT()
NAMED_UNIT(*)
SI_UNIT($,.METRE.)
);
#4239=(
NAMED_UNIT(*)
PLANE_ANGLE_UNIT()
SI_UNIT($,.RADIAN.)
);
#4240=(
NAMED_UNIT(*)
SI_UNIT($,.STERADIAN.)
SOLID_ANGLE_UNIT()
);
#4241=SHAPE_DEFINITION_REPRESENTATION(#4242,#4243);
#4242=PRODUCT_DEFINITION_SHAPE('',$,#4245);
#4243=SHAPE_REPRESENTATION('',(#2423),#4235);
#4244=PRODUCT_DEFINITION_CONTEXT('part definition',#4249,'design');
#4245=PRODUCT_DEFINITION('2026-09-22-20-59-28-446',
'The Shard TPU - Frontend O3',#4246,#4244);
#4246=PRODUCT_DEFINITION_FORMATION('',$,#4251);
#4247=PRODUCT_RELATED_PRODUCT_CATEGORY('The Shard TPU - Frontend O3',
'The Shard TPU - Frontend O3',(#4251));
#4248=APPLICATION_PROTOCOL_DEFINITION('international standard',
'automotive_design',2009,#4249);
#4249=APPLICATION_CONTEXT(
'Core Data for Automotive Mechanical Design Process');
#4250=PRODUCT_CONTEXT('part definition',#4249,'mechanical');
#4251=PRODUCT('2026-09-22-20-59-28-446','The Shard TPU - Frontend O3',$,
(#4250));
#4252=PRESENTATION_STYLE_ASSIGNMENT((#4253));
#4253=SURFACE_STYLE_USAGE(.BOTH.,#4254);
#4254=SURFACE_SIDE_STYLE('',(#4255));
#4255=SURFACE_STYLE_FILL_AREA(#4256);
#4256=FILL_AREA_STYLE('Steel - Satin',(#4257));
#4257=FILL_AREA_STYLE_COLOUR('Steel - Satin',#4258);
#4258=COLOUR_RGB('Steel - Satin',0.627450980392157,0.627450980392157,0.627450980392157);
ENDSEC;
END-ISO-10303-21;
